backend,benchmark,problem,circuit_type,generation,candidate_id,strategy,source,score_from_run,ppa_score,area,power,eff_clk_period,ref_area,ref_power,ref_eff_clk_period,g_A,g_P,g_T,candidate_dir,report_path
classic_revolution_8x5,RTLLM,Prob015_multi_pipe_8bit,sequential,0,9578b202-895c-4404-8e9c-eac5e9363e44,initial,generation_log,-0.854668671749,-0.854668671749,909,0.159,2.35,980,0.0898,0.82,0.0724489795918,-0.770601336303,-1.86585365854,,
classic_revolution_8x5,RTLLM,Prob015_multi_pipe_8bit,sequential,0,30385121-6f9f-4cf7-b9a4-f7c274a02fae,initial,generation_log,-0.0451593478936,-0.0451593478936,685,0.106,1.03,980,0.0898,0.82,0.301020408163,-0.180400890869,-0.256097560976,,
classic_revolution_8x5,RTLLM,Prob015_multi_pipe_8bit,sequential,1,9f07b5aa-c559-494d-8710-2abeff5ec637,M-E,generation_log,-0.0197264315037,-0.0197264315037,697,0.109,0.93,980,0.0898,0.82,0.288775510204,-0.213808463252,-0.134146341463,,
classic_revolution_8x5,RTLLM,Prob015_multi_pipe_8bit,sequential,1,7e300b92-40f5-4d95-b74c-793104eda26e,M-I,generation_log,-0.0451593478936,-0.0451593478936,685,0.106,1.03,980,0.0898,0.82,0.301020408163,-0.180400890869,-0.256097560976,,
classic_revolution_8x5,RTLLM,Prob015_multi_pipe_8bit,sequential,1,add293ac-3938-4e14-977c-5fa87e780d56,M-E,generation_log,-0.0759603683942,-0.0759603683942,708,0.11,1.05,980,0.0898,0.82,0.277551020408,-0.224944320713,-0.280487804878,,
classic_revolution_8x5,RTLLM,Prob015_multi_pipe_8bit,sequential,2,aa76343b-ccab-4e5f-a6e7-ac5ffa4fb0a4,M-R,generation_log,-0.0451593478936,-0.0451593478936,685,0.106,1.03,980,0.0898,0.82,0.301020408163,-0.180400890869,-0.256097560976,,
classic_revolution_8x5,RTLLM,Prob015_multi_pipe_8bit,sequential,2,93b92fd4-6206-41c2-b8eb-4b6ed488e40b,C-F,generation_log,-0.14176923961,-0.14176923961,850,0.141,0.81,980,0.0898,0.82,0.132653061224,-0.570155902004,0.0121951219512,,
classic_revolution_8x5,RTLLM,Prob015_multi_pipe_8bit,sequential,2,228d1ab4-a2db-4af4-94ef-0a42404663a9,M-R,generation_log,-0.0197264315037,-0.0197264315037,697,0.109,0.93,980,0.0898,0.82,0.288775510204,-0.213808463252,-0.134146341463,,
classic_revolution_8x5,RTLLM,Prob015_multi_pipe_8bit,sequential,3,cbb3601d-7cc5-4356-ac3e-5269904a3f35,M-E,generation_log,-0.309557215249,-0.309557215249,992,0.171,0.83,980,0.0898,0.82,-0.0122448979592,-0.904231625835,-0.0121951219512,,
classic_revolution_8x5,RTLLM,Prob015_multi_pipe_8bit,sequential,3,197d6cd4-22ca-458c-8a6f-a751e9b2fbd8,M-E,generation_log,-0.790055496369,-0.790055496369,1503,0.281,0.58,980,0.0898,0.82,-0.533673469388,-2.12917594655,0.292682926829,,
classic_revolution_8x5,RTLLM,Prob015_multi_pipe_8bit,sequential,3,8e49f26e-bcba-4591-bcfa-15270ce78bb6,C-F,generation_log,-0.128629814683,-0.128629814683,788,0.13,0.93,980,0.0898,0.82,0.195918367347,-0.447661469933,-0.134146341463,,
classic_revolution_8x5,RTLLM,Prob015_multi_pipe_8bit,sequential,3,d65c5618-f567-46da-a79a-ad073e17c052,M-E,generation_log,-0.0368509857091,-0.0368509857091,884,0.114,0.77,980,0.0898,0.82,0.0979591836735,-0.269487750557,0.0609756097561,,
classic_revolution_8x5,RTLLM,Prob015_multi_pipe_8bit,sequential,3,e726a782-e3ac-4c26-944d-5ee0d8d9598e,M-E,generation_log,-0.221227656688,-0.221227656688,1095,0.175,0.49,980,0.0898,0.82,-0.117346938776,-0.948775055679,0.40243902439,,
classic_revolution_8x5,RTLLM,Prob015_multi_pipe_8bit,sequential,4,deecbf24-2123-47f0-a084-6211574e07aa,M-R,generation_log,-0.0451593478936,-0.0451593478936,685,0.106,1.03,980,0.0898,0.82,0.301020408163,-0.180400890869,-0.256097560976,,
classic_revolution_8x5,RTLLM,Prob015_multi_pipe_8bit,sequential,4,0f28a9a0-2736-4141-a82f-5ff47533345e,M-E,generation_log,-0.157562368747,-0.157562368747,647,0.154,0.9,980,0.0898,0.82,0.339795918367,-0.714922048998,-0.0975609756098,,
classic_revolution_8x5,RTLLM,Prob015_multi_pipe_8bit,sequential,4,2fc4541c-4cdf-452e-86ea-461ab3d64c31,M-R,generation_log,-0.165505965546,-0.165505965546,1150,0.121,0.8,980,0.0898,0.82,-0.173469387755,-0.347438752784,0.0243902439024,,
classic_revolution_8x5,RTLLM,Prob015_multi_pipe_8bit,sequential,4,76e5890b-6bdf-4dc7-9150-0040b48062f8,C-F,generation_log,-0.0965718668368,-0.0965718668368,753,0.118,0.99,980,0.0898,0.82,0.231632653061,-0.314031180401,-0.207317073171,,
classic_revolution_8x5,RTLLM,Prob015_multi_pipe_8bit,sequential,4,af1946e5-6477-4938-8837-aa9f91b485d0,C-F,generation_log,-0.0451593478936,-0.0451593478936,685,0.106,1.03,980,0.0898,0.82,0.301020408163,-0.180400890869,-0.256097560976,,
classic_revolution_8x5,RTLLM,Prob015_multi_pipe_8bit,sequential,4,d77d0daf-9181-41cd-87ee-01a9c4439244,C-F,generation_log,-0.0965718668368,-0.0965718668368,753,0.118,0.99,980,0.0898,0.82,0.231632653061,-0.314031180401,-0.207317073171,,
classic_revolution_8x5,RTLLM,Prob015_multi_pipe_8bit,sequential,5,e8630af6-5cdc-4fb4-a294-00528c8cde7c,M-R,generation_log,-0.0197264315037,-0.0197264315037,697,0.109,0.93,980,0.0898,0.82,0.288775510204,-0.213808463252,-0.134146341463,,
classic_revolution_8x5,RTLLM,Prob015_multi_pipe_8bit,sequential,5,40bac0aa-ba6f-4c1f-b077-3132d453e369,M-I,generation_log,-0.0321467279943,-0.0321467279943,760,0.123,0.78,980,0.0898,0.82,0.224489795918,-0.369710467706,0.0487804878049,,
classic_revolution_8x5,RTLLM,Prob015_multi_pipe_8bit,sequential,5,fbc87b93-b222-434d-a4e4-2fed8d35a934,M-R,generation_log,-0.138874785071,-0.138874785071,775,0.123,1.03,980,0.0898,0.82,0.209183673469,-0.369710467706,-0.256097560976,,
classic_revolution_8x5,RTLLM,Prob015_multi_pipe_8bit,sequential,5,65a387a6-ecbe-4d74-a0d9-71e0fa2e4af1,M-I,generation_log,-0.0500763269075,-0.0500763269075,636,0.16,0.59,980,0.0898,0.82,0.351020408163,-0.781737193764,0.280487804878,,
classic_revolution_8x5,RTLLM,Prob015_multi_pipe_8bit,sequential,5,7013c4fe-1691-480f-879b-9e8df9a00fb1,C-F,generation_log,-0.0147684713518,-0.0147684713518,724,0.103,0.95,980,0.0898,0.82,0.261224489796,-0.146993318486,-0.158536585366,,
classic_revolution_8x5,RTLLM,Prob024_fsm,combinational,1,977fa12f-4bc7-4dd6-878d-eb473dc7fc75,M-S,generation_log,0.420803878636,0.236205817954,43,0.00412,0.21,46,0.00695,0,0.0652173913043,0.407194244604,-210000000000,,
classic_revolution_8x5,RTLLM,Prob024_fsm,combinational,1,c5fa9230-5ba2-4ebd-867b-05d1aa67fcdf,M-F,generation_log,0.420803878636,0.236205817954,43,0.00412,0.21,46,0.00695,0,0.0652173913043,0.407194244604,-210000000000,,
classic_revolution_8x5,RTLLM,Prob024_fsm,combinational,1,fe4bc3ce-0097-404c-b733-4d63d4698a3d,M-I,generation_log,0.265517672818,0.0282765092274,34,0.00837,0.26,46,0.00695,0,0.260869565217,-0.204316546763,-260000000000,,
classic_revolution_8x5,RTLLM,Prob024_fsm,combinational,1,70ef141f-5730-4220-afe7-ca88e5f06cef,M-I,generation_log,0.469591283495,0.329386925242,29,0.00494,0.25,46,0.00695,0,0.369565217391,0.289208633094,-250000000000,,
classic_revolution_8x5,RTLLM,Prob024_fsm,combinational,2,46b1be03-269f-420f-951c-ae169bf7196b,M-S,generation_log,0.500233552289,0.340350328433,36,0.00373,0.18,46,0.00695,0,0.217391304348,0.463309352518,-180000000000,,
classic_revolution_8x5,RTLLM,Prob024_fsm,combinational,2,2a19a8f0-6a61-44d0-aa52-6d16e1887b1b,M-F,generation_log,0.500233552289,0.340350328433,36,0.00373,0.18,46,0.00695,0,0.217391304348,0.463309352518,-180000000000,,
classic_revolution_8x5,RTLLM,Prob024_fsm,combinational,2,7e833287-fbce-453c-8ac5-03a57d5966d2,M-S,generation_log,0.420803878636,0.236205817954,43,0.00412,0.21,46,0.00695,0,0.0652173913043,0.407194244604,-210000000000,,
classic_revolution_8x5,RTLLM,Prob024_fsm,combinational,3,a071620a-ee7d-48e3-979e-b801d6370383,M-I,generation_log,0.420803878636,0.236205817954,43,0.00412,0.21,46,0.00695,0,0.0652173913043,0.407194244604,-210000000000,,
classic_revolution_8x5,RTLLM,Prob024_fsm,combinational,3,9d843184-9af2-45d8-85f5-23aff89efedd,M-R,generation_log,0.420803878636,0.236205817954,43,0.00412,0.21,46,0.00695,0,0.0652173913043,0.407194244604,-210000000000,,
classic_revolution_8x5,RTLLM,Prob024_fsm,combinational,4,e7abb82b-5bb7-4611-9815-7772f24b38a9,M-S,generation_log,0.500233552289,0.340350328433,36,0.00373,0.18,46,0.00695,0,0.217391304348,0.463309352518,-180000000000,,
classic_revolution_8x5,RTLLM,Prob041_traffic_light,combinational,0,228810c1-5c79-49cc-aa8f-53ffe894be5b,initial,generation_log,0.0868675865408,0.130301379811,164,0.0251,0,170,0.0324,0,0.0352941176471,0.225308641975,0,,
classic_revolution_8x5,RTLLM,Prob041_traffic_light,combinational,1,0486e42c-ad6d-49a1-bd3f-f2ebb4f3376a,M-I,generation_log,0.389132171387,0.583698257081,140,0.000294,0,170,0.0324,0,0.176470588235,0.990925925926,0,,
classic_revolution_8x5,RTLLM,Prob041_traffic_light,combinational,2,a767d2b8-4a02-4a5d-8333-4aeb36f1b697,M-I,generation_log,0.0488259501331,0.0732389251997,143,0.0328,0,170,0.0324,0,0.158823529412,-0.0123456790123,0,,
classic_revolution_8x5,RTLLM,Prob041_traffic_light,combinational,2,09cfa0cf-9977-4b9a-aaee-c2e4a2bf267b,M-R,generation_log,0.122355361898,0.183533042847,148,0.0247,0,170,0.0324,0,0.129411764706,0.237654320988,0,,
classic_revolution_8x5,RTLLM,Prob041_traffic_light,combinational,2,ae802e04-53ba-4a4c-9fdc-5c716dbb03de,M-I,generation_log,0.34591503268,0.51887254902,114,0.00945,0,170,0.0324,0,0.329411764706,0.708333333333,0,,
classic_revolution_8x5,RTLLM,Prob041_traffic_light,combinational,3,0dd1d0fd-f5d2-4139-819d-419588927249,M-F,generation_log,0.169644153958,0.254466230937,137,0.0222,0,170,0.0324,0,0.194117647059,0.314814814815,0,,
classic_revolution_8x5,RTLLM,Prob041_traffic_light,combinational,3,4206fe76-1007-42d8-a5c7-d421464b9493,M-S,generation_log,0.122355361898,0.183533042847,148,0.0247,0,170,0.0324,0,0.129411764706,0.237654320988,0,,
classic_revolution_8x5,RTLLM,Prob041_traffic_light,combinational,3,c6c15e4f-86f5-46d8-83d0-f78e0b0ec30c,C-F,generation_log,0.420875090777,0.631312636166,124,0.000258,0,170,0.0324,0,0.270588235294,0.992037037037,0,,
classic_revolution_8x5,RTLLM,Prob041_traffic_light,combinational,3,5719cc59-8e5c-4c2b-9600-a67f7482198f,M-S,generation_log,0.420875090777,0.631312636166,124,0.000258,0,170,0.0324,0,0.270588235294,0.992037037037,0,,
classic_revolution_8x5,RTLLM,Prob041_traffic_light,combinational,3,da17e224-18dc-46a8-a371-92dd296c970e,M-S,generation_log,0.420875090777,0.631312636166,124,0.000258,0,170,0.0324,0,0.270588235294,0.992037037037,0,,
classic_revolution_8x5,RTLLM,Prob041_traffic_light,combinational,3,0d15d2ec-26be-4495-8aab-9d47630044fe,M-S,generation_log,0.420875090777,0.631312636166,124,0.000258,0,170,0.0324,0,0.270588235294,0.992037037037,0,,
classic_revolution_8x5,RTLLM,Prob041_traffic_light,combinational,4,3a11f182-04a9-46a7-96ca-4cdbb9ae8214,C-F,generation_log,0.420875090777,0.631312636166,124,0.000258,0,170,0.0324,0,0.270588235294,0.992037037037,0,,
classic_revolution_8x5,RTLLM,Prob041_traffic_light,combinational,4,60e318ba-33d7-4719-a1c1-56dc58add15c,M-I,generation_log,0.34591503268,0.51887254902,114,0.00945,0,170,0.0324,0,0.329411764706,0.708333333333,0,,
classic_revolution_8x5,RTLLM,Prob041_traffic_light,combinational,4,890f3588-0c49-4301-bff7-27fb33232122,M-E,generation_log,0.0938392641007,0.140758896151,151,0.0269,0,170,0.0324,0,0.111764705882,0.16975308642,0,,
classic_revolution_8x5,RTLLM,Prob041_traffic_light,combinational,4,0fbbb4a1-b5e8-47e4-9d8a-ed5e47300c6f,C-F,generation_log,0.308012587751,0.462018881627,121,0.0118,0,170,0.0324,0,0.288235294118,0.635802469136,0,,
classic_revolution_8x5,RTLLM,Prob041_traffic_light,combinational,4,f2b73330-23b7-4bac-aa73-5d9e584f0400,M-S,generation_log,0.364970951344,0.547456427015,151,0.000546,0,170,0.0324,0,0.111764705882,0.983148148148,0,,
classic_revolution_8x5,RTLLM,Prob041_traffic_light,combinational,4,fa9097fd-4c46-4e96-903e-88cc546b4ea6,M-E,generation_log,0.0715323166304,0.107298474946,165,0.0264,0,170,0.0324,0,0.0294117647059,0.185185185185,0,,
classic_revolution_8x5,RTLLM,Prob041_traffic_light,combinational,5,524ff828-3e4b-440b-8d4c-c01eb5f16ef2,C-F,generation_log,0.420875090777,0.631312636166,124,0.000258,0,170,0.0324,0,0.270588235294,0.992037037037,0,,
classic_revolution_8x5,RTLLM,Prob041_traffic_light,combinational,5,ab99d4c7-2c07-446f-beda-1e9a164a6153,M-R,generation_log,0.393053740015,0.589580610022,138,0.000294,0,170,0.0324,0,0.188235294118,0.990925925926,0,,
classic_revolution_8x5,RTLLM,Prob041_traffic_light,combinational,5,5c864b6b-a94f-44b3-a3f0-06751b53b72b,C-F,generation_log,0.160058097313,0.240087145969,123,0.0258,0,170,0.0324,0,0.276470588235,0.203703703704,0,,
classic_revolution_8x5,RTLLM,Prob045_alu,combinational,0,29ccad1b-10d7-4967-b09b-c91fbab649fe,initial,generation_log,0.384404034431,0.576606051646,1864,0.00103,0,2225,0.114,0,0.162247191011,0.990964912281,0,,
classic_revolution_8x5,RTLLM,Prob045_alu,combinational,0,8635989f-2669-44ea-a1be-b0d867939fce,initial,generation_log,0.373591891714,0.560387837571,1935,0.00109,0,2225,0.114,0,0.130337078652,0.990438596491,0,,
classic_revolution_8x5,RTLLM,Prob045_alu,combinational,0,8f81afa7-37e0-48c7-838f-916e5ccecde3,initial,generation_log,0.376617386162,0.564926079243,1915,0.00108,0,2225,0.114,0,0.139325842697,0.990526315789,0,,
classic_revolution_8x5,RTLLM,Prob045_alu,combinational,1,a2b68d78-81ec-41d8-882f-215ee8fb4ec0,M-I,generation_log,0.375864708588,0.563797062882,1921,0.00103,0,2225,0.114,0,0.136629213483,0.990964912281,0,,
classic_revolution_8x5,RTLLM,Prob045_alu,combinational,1,773212b6-7f08-4781-b76d-a81182157964,M-R,generation_log,0.353732505421,0.530598758131,2066,0.00117,0,2225,0.114,0,0.0714606741573,0.989736842105,0,,
classic_revolution_8x5,RTLLM,Prob045_alu,combinational,1,4820495f-a622-431f-86c8-8cab6099e751,C-F,generation_log,0.370113345161,0.555170017741,1959,0.00105,0,2225,0.114,0,0.119550561798,0.990789473684,0,,
classic_revolution_8x5,RTLLM,Prob045_alu,combinational,1,ccb5b02e-38f1-47e2-84e4-13c3269f7709,M-R,generation_log,0.378532098035,0.567798147053,1903,0.00104,0,2225,0.114,0,0.144719101124,0.990877192982,0,,
classic_revolution_8x5,RTLLM,Prob045_alu,combinational,1,e7abbc8a-bed9-487e-9de2-9d4130092b44,M-S,generation_log,0.380538143111,0.570807214666,1890,0.00102,0,2225,0.114,0,0.150561797753,0.991052631579,0,,
classic_revolution_8x5,RTLLM,Prob045_alu,combinational,2,6fe9c9b9-978d-4f3b-ab93-59ea51464395,M-E,generation_log,0.379310401472,0.568965602208,1898,0.00103,0,2225,0.114,0,0.146966292135,0.990964912281,0,,
classic_revolution_8x5,RTLLM,Prob045_alu,combinational,2,62756fba-3a7f-4b05-8140-f1908e947002,M-I,generation_log,0.380763979236,0.571145968855,1889,0.000994,0,2225,0.114,0,0.151011235955,0.991280701754,0,,
classic_revolution_8x5,RTLLM,Prob045_alu,combinational,2,4dd0da5a-4797-4bfa-83c5-b3540d385f05,M-E,generation_log,0.384254221697,0.576381332545,1865,0.00103,0,2225,0.114,0,0.161797752809,0.990964912281,0,,
classic_revolution_8x5,RTLLM,Prob045_alu,combinational,2,8f710d76-cd52-454c-962e-793e22a2a849,M-I,generation_log,0.390125468165,0.585188202247,1827,0.000969,0,2225,0.114,0,0.178876404494,0.9915,0,,
classic_revolution_8x5,RTLLM,Prob045_alu,combinational,2,24ff008f-3493-4008-96bb-b8122e104c08,M-E,generation_log,0.415413890532,0.623120835797,1659,0.000928,0,2225,0.114,0,0.254382022472,0.991859649123,0,,
classic_revolution_8x5,RTLLM,Prob045_alu,combinational,3,e47169b1-e1d0-42c3-815c-b5d372637388,M-R,generation_log,0.384083251199,0.576124876799,1867,0.000986,0,2225,0.114,0,0.160898876404,0.991350877193,0,,
classic_revolution_8x5,RTLLM,Prob045_alu,combinational,3,52e2c15b-d20f-488a-9c49-70953c18943d,M-S,generation_log,0.371790525002,0.557685787502,1948,0.00104,0,2225,0.114,0,0.124494382022,0.990877192982,0,,
classic_revolution_8x5,RTLLM,Prob045_alu,combinational,3,b3a0c754-2fba-4b0b-8494-4087191f9737,M-S,generation_log,0.384702969972,0.577054454958,1863,0.000979,0,2225,0.114,0,0.162696629213,0.991412280702,0,,
classic_revolution_8x5,RTLLM,Prob045_alu,combinational,3,b76aca44-3b5d-4f18-8a00-5db951d4d5eb,M-R,generation_log,0.386293120442,0.579439680662,1851,0.00105,0,2225,0.114,0,0.16808988764,0.990789473684,0,,
classic_revolution_8x5,RTLLM,Prob045_alu,combinational,3,32bf53b5-0363-4c61-828e-3e3317da354c,M-R,generation_log,0.380147184441,0.570220776661,1893,0.001,0,2225,0.114,0,0.149213483146,0.991228070175,0,,
classic_revolution_8x5,RTLLM,Prob045_alu,combinational,3,ce58a920-b70b-4f51-ba90-0b2a53c6776c,M-S,generation_log,0.389608778501,0.584413167751,1830,0.000992,0,2225,0.114,0,0.177528089888,0.991298245614,0,,
classic_revolution_8x5,RTLLM,Prob045_alu,combinational,3,ff3bd414-b6a0-40ff-b2aa-ceb3d9d48491,M-S,generation_log,0.378532098035,0.567798147053,1903,0.00104,0,2225,0.114,0,0.144719101124,0.990877192982,0,,
classic_revolution_8x5,RTLLM,Prob045_alu,combinational,3,f5c8d1aa-641f-4511-be34-79bd811f67ad,M-R,generation_log,0.38251494842,0.57377242263,1877,0.00101,0,2225,0.114,0,0.156404494382,0.991140350877,0,,
classic_revolution_8x5,RTLLM,Prob045_alu,combinational,4,0e92ac5d-a4da-4a68-8733-e22403e3fb7a,C-F,generation_log,0.386920921217,0.580381381825,1848,0.000989,0,2225,0.114,0,0.169438202247,0.991324561404,0,,
classic_revolution_8x5,RTLLM,Prob045_alu,combinational,4,5d82e0b6-96d0-48cb-b790-1e9b0fe73b82,C-F,generation_log,0.413043202576,0.619564803864,1675,0.000919,0,2225,0.114,0,0.247191011236,0.991938596491,0,,
classic_revolution_8x5,RTLLM,Prob045_alu,combinational,4,02a08fa1-e790-433a-bb2b-02517c2da7fc,M-E,generation_log,0.373698009068,0.560547013601,1938,0.0009,0,2225,0.114,0,0.128988764045,0.992105263158,0,,
classic_revolution_8x5,RTLLM,Prob045_alu,combinational,4,36dea8a9-1321-445a-82c2-a55d6ab15b05,M-R,generation_log,0.379697746238,0.569546619357,1896,0.001,0,2225,0.114,0,0.147865168539,0.991228070175,0,,
classic_revolution_8x5,RTLLM,Prob045_alu,combinational,4,9ed1b9f7-8f79-4160-b0d7-28179db261c7,C-F,generation_log,0.38960224062,0.58440336093,1831,0.000943,0,2225,0.114,0,0.177078651685,0.991728070175,0,,
classic_revolution_8x5,RTLLM,Prob045_alu,combinational,4,d2903b03-33d9-4e41-b759-9e464bce50f5,M-I,generation_log,0.399727413102,0.599591119653,1764,0.000913,0,2225,0.114,0,0.207191011236,0.99199122807,0,,
classic_revolution_8x5,RTLLM,Prob045_alu,combinational,4,6c9323c1-85eb-43c7-9de0-d9edf1d0a04a,C-F,generation_log,0.391030192523,0.586545288784,1821,0.000967,0,2225,0.114,0,0.181573033708,0.99151754386,0,,
classic_revolution_8x5,RTLLM,Prob045_alu,combinational,5,fec1bff1-ed2f-43c3-b97b-b0a466119ef3,C-F,generation_log,0.38716275708,0.58074413562,1845,0.00106,0,2225,0.114,0,0.170786516854,0.990701754386,0,,
classic_revolution_8x5,RTLLM,Prob045_alu,combinational,5,8794dc24-2d10-4233-960d-18ade924be04,M-S,generation_log,0.369514094224,0.554271141336,1963,0.00105,0,2225,0.114,0,0.117752808989,0.990789473684,0,,
classic_revolution_8x5,RTLLM,Prob045_alu,combinational,5,88bf23c6-1bb5-4f8f-a288-e9837e711e9c,M-S,generation_log,0.373288652342,0.559932978514,1938,0.00104,0,2225,0.114,0,0.128988764045,0.990877192982,0,,
classic_revolution_8x5,RTLLM,Prob045_alu,combinational,5,90d082de-13da-4c91-bc4d-ea9972b923fc,M-I,generation_log,0.373288652342,0.559932978514,1938,0.00104,0,2225,0.114,0,0.128988764045,0.990877192982,0,,
classic_revolution_8x5,RTLLM,Prob045_alu,combinational,5,055db26b-1876-428b-b221-b7d9977fdd14,C-F,generation_log,0.391116367698,0.586674551547,1819,0.00104,0,2225,0.114,0,0.182471910112,0.990877192982,0,,
classic_revolution_8x5,RTLLM,Prob045_alu,combinational,5,5e06853e-f27d-4b7b-9678-f942bde783a7,C-F,generation_log,0.36825711282,0.552385669229,1971,0.00107,0,2225,0.114,0,0.114157303371,0.990614035088,0,,
classic_revolution_8x5,RTLLM,Prob045_alu,combinational,5,d2ff32c2-2e77-4800-bfab-62a65a20273a,C-F,generation_log,0.391685688941,0.587528533412,1816,0.000999,0,2225,0.114,0,0.183820224719,0.991236842105,0,,
classic_revolution_8x5,RTLLM,Prob045_alu,combinational,5,6d0551dd-bc7f-4688-8651-b6e9ac6e5601,C-F,generation_log,0.378199618897,0.567299428346,1906,0.001,0,2225,0.114,0,0.143370786517,0.991228070175,0,,
classic_revolution_8x5,RTLLM,Prob049_signal_generator,sequential,0,e0f5f45c-43d9-44a8-9c4c-af583e035bbc,initial,generation_log,0.234774694403,0.234774694403,82,0.00252,0.38,94,0.00467,0.43,0.127659574468,0.460385438972,0.116279069767,,
classic_revolution_8x5,RTLLM,Prob049_signal_generator,sequential,0,7357ba0e-a987-43db-9d39-a79e20e01e31,initial,generation_log,0.234774694403,0.234774694403,82,0.00252,0.38,94,0.00467,0.43,0.127659574468,0.460385438972,0.116279069767,,
classic_revolution_8x5,RTLLM,Prob049_signal_generator,sequential,0,48275430-431e-49d2-a494-58f97d156607,initial,generation_log,0.234774694403,0.234774694403,82,0.00252,0.38,94,0.00467,0.43,0.127659574468,0.460385438972,0.116279069767,,
classic_revolution_8x5,RTLLM,Prob049_signal_generator,sequential,0,2b07a26c-1b8b-4de8-bdba-61a269226fe9,initial,generation_log,0.234774694403,0.234774694403,82,0.00252,0.38,94,0.00467,0.43,0.127659574468,0.460385438972,0.116279069767,,
classic_revolution_8x5,RTLLM,Prob049_signal_generator,sequential,0,183ae0e8-a211-41c8-acc4-b8b742128ab1,initial,generation_log,0.234774694403,0.234774694403,82,0.00252,0.38,94,0.00467,0.43,0.127659574468,0.460385438972,0.116279069767,,
classic_revolution_8x5,RTLLM,Prob049_signal_generator,sequential,0,b59be1b6-8b6c-4a6a-86bc-54884096ff02,initial,generation_log,0.234774694403,0.234774694403,82,0.00252,0.38,94,0.00467,0.43,0.127659574468,0.460385438972,0.116279069767,,
classic_revolution_8x5,RTLLM,Prob049_signal_generator,sequential,1,f340ccdd-990b-473f-b9e6-b774e81272a8,M-E,generation_log,0.259849383048,0.259849383048,54,0.00432,0.31,94,0.00467,0.43,0.425531914894,0.0749464668094,0.279069767442,,
classic_revolution_8x5,RTLLM,Prob049_signal_generator,sequential,1,16c12de8-2d44-4247-91e8-8ce33370ecc1,C-F,generation_log,0.234774694403,0.234774694403,82,0.00252,0.38,94,0.00467,0.43,0.127659574468,0.460385438972,0.116279069767,,
classic_revolution_8x5,RTLLM,Prob049_signal_generator,sequential,2,dce11e57-3861-4f33-a0cf-f70378ea705a,C-F,generation_log,0.234774694403,0.234774694403,82,0.00252,0.38,94,0.00467,0.43,0.127659574468,0.460385438972,0.116279069767,,
classic_revolution_8x5,RTLLM,Prob049_signal_generator,sequential,2,c2c790ff-0db3-43b7-9262-56a045b2faee,M-S,generation_log,0.234774694403,0.234774694403,82,0.00252,0.38,94,0.00467,0.43,0.127659574468,0.460385438972,0.116279069767,,
classic_revolution_8x5,RTLLM,Prob049_signal_generator,sequential,3,6f121abf-b02e-4ebf-b3ad-21d5679bc399,C-F,generation_log,0.263803228132,0.263803228132,76,0.00252,0.37,94,0.00467,0.43,0.191489361702,0.460385438972,0.139534883721,,
classic_revolution_8x5,RTLLM,Prob049_signal_generator,sequential,3,d024ffd2-7c64-4db7-b106-de95f7596ff5,C-F,generation_log,0.0474607979527,0.0474607979527,73,0.0057,0.37,94,0.00467,0.43,0.223404255319,-0.220556745182,0.139534883721,,
classic_revolution_8x5,RTLLM,Prob049_signal_generator,sequential,4,9776f3af-7844-4a44-96df-3363e8ffbf69,C-F,generation_log,0.234774694403,0.234774694403,82,0.00252,0.38,94,0.00467,0.43,0.127659574468,0.460385438972,0.116279069767,,
classic_revolution_8x5,RTLLM,Prob049_signal_generator,sequential,4,c2b6cd25-4e41-4016-a936-36697d1b795e,M-E,generation_log,0.259849383048,0.259849383048,54,0.00432,0.31,94,0.00467,0.43,0.425531914894,0.0749464668094,0.279069767442,,
classic_revolution_8x5,RTLLM,Prob049_signal_generator,sequential,4,5069ed15-9c57-47f8-b519-a4f53a045971,M-E,generation_log,0.259849383048,0.259849383048,54,0.00432,0.31,94,0.00467,0.43,0.425531914894,0.0749464668094,0.279069767442,,
classic_revolution_8x5,RTLLM,Prob049_signal_generator,sequential,5,bb6d7d87-a0a5-46f6-8e8b-6fe9b157fac2,M-S,generation_log,0.207437714137,0.207437714137,77,0.00326,0.37,94,0.00467,0.43,0.18085106383,0.301927194861,0.139534883721,,
classic_revolution_8x5,VerilogEval-Spec-to-RTL,Prob116_m2014_q3,combinational,0,e581a4ab-ee8e-4582-8ec4-b8b3ea752d9b,initial,generation_log,0.396908462867,0.595362694301,4,1.79e-06,0,5,0.000193,0,0.2,0.990725388601,0,,
classic_revolution_8x5,VerilogEval-Spec-to-RTL,Prob116_m2014_q3,combinational,0,5963ae67-3eef-41ae-a81d-827a3d3adfa0,initial,generation_log,0.330535405872,0.495803108808,5,1.62e-06,0,5,0.000193,0,0,0.991606217617,0,,
classic_revolution_8x5,VerilogEval-Spec-to-RTL,Prob116_m2014_q3,combinational,0,18facc69-1e69-4b8b-b2ac-d3772e3012d1,initial,generation_log,0.397184801382,0.595777202073,4,1.63e-06,0,5,0.000193,0,0.2,0.991554404145,0,,
classic_revolution_8x5,VerilogEval-Spec-to-RTL,Prob116_m2014_q3,combinational,1,83c5fa80-5ef1-46d4-b6b2-ecb1a2351705,M-F,generation_log,0.464369602763,0.696554404145,3,1.33e-06,0,5,0.000193,0,0.4,0.99310880829,0,,
classic_revolution_8x5,VerilogEval-Spec-to-RTL,Prob116_m2014_q3,combinational,1,b13490d4-57aa-48ce-8b7d-9314ae22dee4,M-I,generation_log,0.396908462867,0.595362694301,4,1.79e-06,0,5,0.000193,0,0.2,0.990725388601,0,,
classic_revolution_8x5,VerilogEval-Spec-to-RTL,Prob116_m2014_q3,combinational,1,c6ab0872-f7b7-4026-ad07-c7f6496134e0,M-S,generation_log,0.396908462867,0.595362694301,4,1.79e-06,0,5,0.000193,0,0.2,0.990725388601,0,,
classic_revolution_8x5,VerilogEval-Spec-to-RTL,Prob116_m2014_q3,combinational,1,f9ad1d33-1b48-487b-9953-f4c459377cd6,M-R,generation_log,0.397184801382,0.595777202073,4,1.63e-06,0,5,0.000193,0,0.2,0.991554404145,0,,
classic_revolution_8x5,VerilogEval-Spec-to-RTL,Prob116_m2014_q3,combinational,2,d0c2a817-1f3f-48d0-9dcf-6e1968566b64,M-F,generation_log,0.465352331606,0.698028497409,3,7.61e-07,0,5,0.000193,0,0.4,0.996056994819,0,,
classic_revolution_8x5,VerilogEval-Spec-to-RTL,Prob116_m2014_q3,combinational,2,63c9c15e-077d-4b72-ad00-64c1360da0fc,C-F,generation_log,0.396908462867,0.595362694301,4,1.79e-06,0,5,0.000193,0,0.2,0.990725388601,0,,
classic_revolution_8x5,VerilogEval-Spec-to-RTL,Prob116_m2014_q3,combinational,2,6ac113eb-7a8c-4891-b48a-306d65f50dfe,M-E,generation_log,0.396908462867,0.595362694301,4,1.79e-06,0,5,0.000193,0,0.2,0.990725388601,0,,
classic_revolution_8x5,VerilogEval-Spec-to-RTL,Prob116_m2014_q3,combinational,2,10768610-48b2-465a-9f81-ded29318330a,C-F,generation_log,0.396908462867,0.595362694301,4,1.79e-06,0,5,0.000193,0,0.2,0.990725388601,0,,
classic_revolution_8x5,VerilogEval-Spec-to-RTL,Prob116_m2014_q3,combinational,2,7954fae9-1048-427b-a93d-cc609cc36ebb,C-F,generation_log,0.396908462867,0.595362694301,4,1.79e-06,0,5,0.000193,0,0.2,0.990725388601,0,,
classic_revolution_8x5,VerilogEval-Spec-to-RTL,Prob116_m2014_q3,combinational,2,dec61105-a70b-4b05-b9f8-d84c6d0d2dc6,C-F,generation_log,0.464369602763,0.696554404145,3,1.33e-06,0,5,0.000193,0,0.4,0.99310880829,0,,
classic_revolution_8x5,VerilogEval-Spec-to-RTL,Prob116_m2014_q3,combinational,2,47a6b5de-6499-448a-b653-749fc233c3a4,C-F,generation_log,0.396908462867,0.595362694301,4,1.79e-06,0,5,0.000193,0,0.2,0.990725388601,0,,
classic_revolution_8x5,VerilogEval-Spec-to-RTL,Prob116_m2014_q3,combinational,2,c11d6ab9-a4d1-48b2-939c-f4e933df38b7,C-F,generation_log,0.464369602763,0.696554404145,3,1.33e-06,0,5,0.000193,0,0.4,0.99310880829,0,,
classic_revolution_8x5,VerilogEval-Spec-to-RTL,Prob116_m2014_q3,combinational,3,e3026518-5869-4876-b156-f1562354f4af,M-E,generation_log,0.464404145078,0.696606217617,3,1.31e-06,0,5,0.000193,0,0.4,0.993212435233,0,,
classic_revolution_8x5,VerilogEval-Spec-to-RTL,Prob116_m2014_q3,combinational,3,edfddab7-b883-4015-8717-d1049c905104,M-S,generation_log,0.464369602763,0.696554404145,3,1.33e-06,0,5,0.000193,0,0.4,0.99310880829,0,,
classic_revolution_8x5,VerilogEval-Spec-to-RTL,Prob116_m2014_q3,combinational,3,99964e42-27bb-4fd8-9453-289af2372222,M-R,generation_log,0.464369602763,0.696554404145,3,1.33e-06,0,5,0.000193,0,0.4,0.99310880829,0,,
classic_revolution_8x5,VerilogEval-Spec-to-RTL,Prob116_m2014_q3,combinational,3,ff3d15be-fed1-420a-a3f2-a9188f794bf5,M-E,generation_log,0.396908462867,0.595362694301,4,1.79e-06,0,5,0.000193,0,0.2,0.990725388601,0,,
classic_revolution_8x5,VerilogEval-Spec-to-RTL,Prob116_m2014_q3,combinational,3,d00f46b6-4c1e-4241-af01-a86596dfccde,M-R,generation_log,0.396908462867,0.595362694301,4,1.79e-06,0,5,0.000193,0,0.2,0.990725388601,0,,
classic_revolution_8x5,VerilogEval-Spec-to-RTL,Prob116_m2014_q3,combinational,3,77dcdee5-2e5c-4f5c-91bd-97f3eb195ed0,M-R,generation_log,0.465352331606,0.698028497409,3,7.61e-07,0,5,0.000193,0,0.4,0.996056994819,0,,
classic_revolution_8x5,VerilogEval-Spec-to-RTL,Prob116_m2014_q3,combinational,4,dbc92daf-3b54-4dd7-ac8e-eb4eca44e8d3,M-I,generation_log,0.465352331606,0.698028497409,3,7.61e-07,0,5,0.000193,0,0.4,0.996056994819,0,,
classic_revolution_8x5,VerilogEval-Spec-to-RTL,Prob116_m2014_q3,combinational,4,a75a5215-7880-476e-a080-881e3495cf3b,M-R,generation_log,0.465352331606,0.698028497409,3,7.61e-07,0,5,0.000193,0,0.4,0.996056994819,0,,
classic_revolution_8x5,VerilogEval-Spec-to-RTL,Prob116_m2014_q3,combinational,4,4c5fbf43-c98a-45d0-ae01-8546ec949b2f,M-R,generation_log,0.465352331606,0.698028497409,3,7.61e-07,0,5,0.000193,0,0.4,0.996056994819,0,,
classic_revolution_8x5,VerilogEval-Spec-to-RTL,Prob116_m2014_q3,combinational,5,6651e006-4428-4af0-8a87-47124adee267,C-F,generation_log,0.465352331606,0.698028497409,3,7.61e-07,0,5,0.000193,0,0.4,0.996056994819,0,,
classic_revolution_8x5,VerilogEval-Spec-to-RTL,Prob116_m2014_q3,combinational,5,a454f604-1179-4243-ae0f-564252f71bf4,C-F,generation_log,0.465352331606,0.698028497409,3,7.61e-07,0,5,0.000193,0,0.4,0.996056994819,0,,
classic_revolution_8x5,VerilogEval-Spec-to-RTL,Prob116_m2014_q3,combinational,5,3ee9136f-dbfa-4b26-9adc-3ec02f121d6d,M-S,generation_log,0.465352331606,0.698028497409,3,7.61e-07,0,5,0.000193,0,0.4,0.996056994819,0,,
classic_revolution_8x5,VerilogEval-Spec-to-RTL,Prob116_m2014_q3,combinational,5,c33f3516-c84e-4ab2-a302-9e96994d6af5,M-R,generation_log,0.465352331606,0.698028497409,3,7.61e-07,0,5,0.000193,0,0.4,0.996056994819,0,,
classic_revolution_8x5,VerilogEval-Spec-to-RTL,Prob116_m2014_q3,combinational,5,329b51d3-4c91-4f82-823f-750e7262532a,M-S,generation_log,0.465352331606,0.698028497409,3,7.61e-07,0,5,0.000193,0,0.4,0.996056994819,0,,
classic_revolution_8x5,VerilogEval-Spec-to-RTL,Prob116_m2014_q3,combinational,5,c9f8e216-192c-498e-83cf-423912b55ee8,M-S,generation_log,0.465352331606,0.698028497409,3,7.61e-07,0,5,0.000193,0,0.4,0.996056994819,0,,
classic_revolution_8x5,VerilogEval-Spec-to-RTL,Prob116_m2014_q3,combinational,5,4164b9c4-6b82-4439-b0aa-fd163862eaa5,M-S,generation_log,0.465352331606,0.698028497409,3,7.61e-07,0,5,0.000193,0,0.4,0.996056994819,0,,
classic_revolution_8x5,VerilogEval-Spec-to-RTL,Prob135_m2014_q6b,combinational,0,f32b0f5f-797f-441d-8043-c499188e436e,initial,generation_log,0.196143497758,0.294215246637,7,2.58e-06,0,5,0.000223,0,-0.4,0.988430493274,0,,
classic_revolution_8x5,VerilogEval-Spec-to-RTL,Prob135_m2014_q6b,combinational,0,b76c7825-4891-4107-b6dd-1ea18b0c0972,initial,generation_log,0.196143497758,0.294215246637,7,2.58e-06,0,5,0.000223,0,-0.4,0.988430493274,0,,
classic_revolution_8x5,VerilogEval-Spec-to-RTL,Prob135_m2014_q6b,combinational,0,e7f9f9bd-2707-4fc3-af37-ebf132fb6682,initial,generation_log,0.196143497758,0.294215246637,7,2.58e-06,0,5,0.000223,0,-0.4,0.988430493274,0,,
classic_revolution_8x5,VerilogEval-Spec-to-RTL,Prob135_m2014_q6b,combinational,1,ddf68436-bf2d-4b92-8d27-58051ed5fffd,M-E,generation_log,0.196143497758,0.294215246637,7,2.58e-06,0,5,0.000223,0,-0.4,0.988430493274,0,,
classic_revolution_8x5,VerilogEval-Spec-to-RTL,Prob135_m2014_q6b,combinational,1,5ff4bc89-85d5-48be-9a93-ac56aa92096f,M-S,generation_log,0.196143497758,0.294215246637,7,2.58e-06,0,5,0.000223,0,-0.4,0.988430493274,0,,
classic_revolution_8x5,VerilogEval-Spec-to-RTL,Prob135_m2014_q6b,combinational,1,beff10ee-0651-4d47-9407-5371545fc070,M-F,generation_log,0.263617339312,0.395426008969,6,2.04e-06,0,5,0.000223,0,-0.2,0.990852017937,0,,
classic_revolution_8x5,VerilogEval-Spec-to-RTL,Prob135_m2014_q6b,combinational,1,e5d02fe2-4819-4d3a-becb-a3dcbf2952ef,M-R,generation_log,0.196143497758,0.294215246637,7,2.58e-06,0,5,0.000223,0,-0.4,0.988430493274,0,,
classic_revolution_8x5,VerilogEval-Spec-to-RTL,Prob135_m2014_q6b,combinational,1,9619b30d-0c9f-4e92-8e8d-72871c0eddb3,M-I,generation_log,0.196143497758,0.294215246637,7,2.58e-06,0,5,0.000223,0,-0.4,0.988430493274,0,,
classic_revolution_8x5,VerilogEval-Spec-to-RTL,Prob135_m2014_q6b,combinational,1,a11e3bf4-c92b-468b-8143-343650ff016d,M-E,generation_log,0.26312406577,0.394686098655,6,2.37e-06,0,5,0.000223,0,-0.2,0.989372197309,0,,
classic_revolution_8x5,VerilogEval-Spec-to-RTL,Prob135_m2014_q6b,combinational,1,c5945933-7443-42e4-aad8-571eee461244,M-R,generation_log,0.196143497758,0.294215246637,7,2.58e-06,0,5,0.000223,0,-0.4,0.988430493274,0,,
classic_revolution_8x5,VerilogEval-Spec-to-RTL,Prob135_m2014_q6b,combinational,2,b799b9c4-8e57-47ad-90bd-ef893c3a74ea,M-I,generation_log,0.196143497758,0.294215246637,7,2.58e-06,0,5,0.000223,0,-0.4,0.988430493274,0,,
classic_revolution_8x5,VerilogEval-Spec-to-RTL,Prob135_m2014_q6b,combinational,2,f7fcf90b-5829-498b-b642-1b0a620e2e29,C-F,generation_log,0.196143497758,0.294215246637,7,2.58e-06,0,5,0.000223,0,-0.4,0.988430493274,0,,
classic_revolution_8x5,VerilogEval-Spec-to-RTL,Prob135_m2014_q6b,combinational,2,77c0d609-2912-4b70-87f4-ea955c639bae,C-F,generation_log,0.196143497758,0.294215246637,7,2.58e-06,0,5,0.000223,0,-0.4,0.988430493274,0,,
classic_revolution_8x5,VerilogEval-Spec-to-RTL,Prob135_m2014_q6b,combinational,2,315cadb4-416b-4a36-9055-f77aea64f339,M-I,generation_log,0.263617339312,0.395426008969,6,2.04e-06,0,5,0.000223,0,-0.2,0.990852017937,0,,
classic_revolution_8x5,VerilogEval-Spec-to-RTL,Prob135_m2014_q6b,combinational,2,e756c2fc-68ae-4b37-be7d-b4c50013ff38,M-I,generation_log,0.263617339312,0.395426008969,6,2.04e-06,0,5,0.000223,0,-0.2,0.990852017937,0,,
classic_revolution_8x5,VerilogEval-Spec-to-RTL,Prob135_m2014_q6b,combinational,2,76f7605a-1184-468f-8f0b-e468c0748293,C-F,generation_log,0.331046337818,0.496569506726,5,1.53e-06,0,5,0.000223,0,0,0.993139013453,0,,
classic_revolution_8x5,VerilogEval-Spec-to-RTL,Prob135_m2014_q6b,combinational,2,6c4f6e7b-dea8-443f-a31f-fcc44ee14610,M-I,generation_log,0.196143497758,0.294215246637,7,2.58e-06,0,5,0.000223,0,-0.4,0.988430493274,0,,
classic_revolution_8x5,VerilogEval-Spec-to-RTL,Prob135_m2014_q6b,combinational,2,9650e766-19af-43d2-8a14-65bfac6646a4,C-F,generation_log,0.196143497758,0.294215246637,7,2.58e-06,0,5,0.000223,0,-0.4,0.988430493274,0,,
classic_revolution_8x5,VerilogEval-Spec-to-RTL,Prob135_m2014_q6b,combinational,3,0eadc1e3-a860-4f96-a1ae-7dbdfc473a96,M-E,generation_log,0.26312406577,0.394686098655,6,2.37e-06,0,5,0.000223,0,-0.2,0.989372197309,0,,
classic_revolution_8x5,VerilogEval-Spec-to-RTL,Prob135_m2014_q6b,combinational,3,fae2183d-a38e-4476-82a1-c76179f07347,M-I,generation_log,0.263617339312,0.395426008969,6,2.04e-06,0,5,0.000223,0,-0.2,0.990852017937,0,,
classic_revolution_8x5,VerilogEval-Spec-to-RTL,Prob135_m2014_q6b,combinational,3,27dac796-8c66-4259-b433-fc7b017cd8a5,M-E,generation_log,0.26312406577,0.394686098655,6,2.37e-06,0,5,0.000223,0,-0.2,0.989372197309,0,,
classic_revolution_8x5,VerilogEval-Spec-to-RTL,Prob135_m2014_q6b,combinational,3,01fa1980-999b-4e13-ba02-2e0cb98c45a2,M-E,generation_log,0.263617339312,0.395426008969,6,2.04e-06,0,5,0.000223,0,-0.2,0.990852017937,0,,
classic_revolution_8x5,VerilogEval-Spec-to-RTL,Prob135_m2014_q6b,combinational,3,705a4db2-927d-4176-b6e7-7b8978c103d7,M-R,generation_log,0.26312406577,0.394686098655,6,2.37e-06,0,5,0.000223,0,-0.2,0.989372197309,0,,
classic_revolution_8x5,VerilogEval-Spec-to-RTL,Prob135_m2014_q6b,combinational,3,777c17da-a3ba-44d2-ade0-71fcce828c16,M-E,generation_log,0.26312406577,0.394686098655,6,2.37e-06,0,5,0.000223,0,-0.2,0.989372197309,0,,
classic_revolution_8x5,VerilogEval-Spec-to-RTL,Prob135_m2014_q6b,combinational,3,ccbfd35e-4b61-470b-af00-ad1ae5bdeaac,M-E,generation_log,0.26312406577,0.394686098655,6,2.37e-06,0,5,0.000223,0,-0.2,0.989372197309,0,,
classic_revolution_8x5,VerilogEval-Spec-to-RTL,Prob135_m2014_q6b,combinational,3,a4d8a421-1d60-48d8-9308-895874748f1a,M-R,generation_log,0.196143497758,0.294215246637,7,2.58e-06,0,5,0.000223,0,-0.4,0.988430493274,0,,
classic_revolution_8x5,VerilogEval-Spec-to-RTL,Prob135_m2014_q6b,combinational,4,82824b3e-f56d-4874-9f7e-b96ebc02a8e6,M-S,generation_log,0.196143497758,0.294215246637,7,2.58e-06,0,5,0.000223,0,-0.4,0.988430493274,0,,
classic_revolution_8x5,VerilogEval-Spec-to-RTL,Prob135_m2014_q6b,combinational,4,b7df6828-775b-4ca6-9188-f89469734ce9,C-F,generation_log,0.263617339312,0.395426008969,6,2.04e-06,0,5,0.000223,0,-0.2,0.990852017937,0,,
classic_revolution_8x5,VerilogEval-Spec-to-RTL,Prob135_m2014_q6b,combinational,4,b7ade635-655f-4e7e-8f4e-9cc8656619c1,C-F,generation_log,0.196143497758,0.294215246637,7,2.58e-06,0,5,0.000223,0,-0.4,0.988430493274,0,,
classic_revolution_8x5,VerilogEval-Spec-to-RTL,Prob135_m2014_q6b,combinational,4,c3903172-3ada-4993-9154-7b05f54b0e2b,M-I,generation_log,0.196143497758,0.294215246637,7,2.58e-06,0,5,0.000223,0,-0.4,0.988430493274,0,,
classic_revolution_8x5,VerilogEval-Spec-to-RTL,Prob135_m2014_q6b,combinational,4,7b15b37d-9bfe-4595-bdc9-93bd726968b6,M-I,generation_log,0.263617339312,0.395426008969,6,2.04e-06,0,5,0.000223,0,-0.2,0.990852017937,0,,
classic_revolution_8x5,VerilogEval-Spec-to-RTL,Prob135_m2014_q6b,combinational,4,69b04af7-14de-4b77-8141-44eb2088d7f8,C-F,generation_log,0.196143497758,0.294215246637,7,2.58e-06,0,5,0.000223,0,-0.4,0.988430493274,0,,
classic_revolution_8x5,VerilogEval-Spec-to-RTL,Prob135_m2014_q6b,combinational,4,4035585f-c6e7-46a4-a7c4-06beb190310c,M-S,generation_log,0.196143497758,0.294215246637,7,2.58e-06,0,5,0.000223,0,-0.4,0.988430493274,0,,
classic_revolution_8x5,VerilogEval-Spec-to-RTL,Prob135_m2014_q6b,combinational,4,46ed9f6b-50af-4f95-b887-354b97e42ef1,M-R,generation_log,0.196143497758,0.294215246637,7,2.58e-06,0,5,0.000223,0,-0.4,0.988430493274,0,,
classic_revolution_8x5,VerilogEval-Spec-to-RTL,Prob135_m2014_q6b,combinational,5,064096c8-ee7e-4b66-8f2c-f5628ad6355b,M-R,generation_log,0.263617339312,0.395426008969,6,2.04e-06,0,5,0.000223,0,-0.2,0.990852017937,0,,
classic_revolution_8x5,VerilogEval-Spec-to-RTL,Prob135_m2014_q6b,combinational,5,70f507ba-9ea9-4623-8641-8e5d3d14b6d3,M-R,generation_log,0.196143497758,0.294215246637,7,2.58e-06,0,5,0.000223,0,-0.4,0.988430493274,0,,
classic_revolution_8x5,VerilogEval-Spec-to-RTL,Prob135_m2014_q6b,combinational,5,d7c12195-66bd-4607-8291-599d3ed5ad27,M-R,generation_log,0.196143497758,0.294215246637,7,2.58e-06,0,5,0.000223,0,-0.4,0.988430493274,0,,
classic_revolution_8x5,VerilogEval-Spec-to-RTL,Prob135_m2014_q6b,combinational,5,8909b564-1184-4471-b40f-68a05242b40d,M-R,generation_log,0.196143497758,0.294215246637,7,2.58e-06,0,5,0.000223,0,-0.4,0.988430493274,0,,
classic_revolution_8x5,VerilogEval-Spec-to-RTL,Prob135_m2014_q6b,combinational,5,d9cc10db-20a7-4340-b41f-88de20487943,M-S,generation_log,0.331046337818,0.496569506726,5,1.53e-06,0,5,0.000223,0,0,0.993139013453,0,,
classic_revolution_8x5,VerilogEval-Spec-to-RTL,Prob135_m2014_q6b,combinational,5,6864b9ed-7093-4a37-8743-5f026e9378a7,M-I,generation_log,0.263617339312,0.395426008969,6,2.04e-06,0,5,0.000223,0,-0.2,0.990852017937,0,,
classic_revolution_8x5,VerilogEval-Spec-to-RTL,Prob135_m2014_q6b,combinational,5,2002bfc4-46ab-488e-8a2a-6dc9193f6bee,M-S,generation_log,0.196143497758,0.294215246637,7,2.58e-06,0,5,0.000223,0,-0.4,0.988430493274,0,,
classic_revolution_8x5,VerilogEval-Spec-to-RTL,Prob153_gshare,sequential,0,8b092328-e7c4-429c-a1df-5e56c611b933,initial,generation_log,-0.0196682027262,-0.0196682027262,2935,0.435,0.82,3025,0.437,0.75,0.0297520661157,0.0045766590389,-0.0933333333333,,
classic_revolution_8x5,VerilogEval-Spec-to-RTL,Prob153_gshare,sequential,0,009b38bf-7615-4b22-8d92-fd9b644f268d,initial,generation_log,0.0336981632426,0.0336981632426,2876,0.426,0.73,3025,0.437,0.75,0.0492561983471,0.025171624714,0.0266666666667,,
classic_revolution_8x5,VerilogEval-Spec-to-RTL,Prob153_gshare,sequential,1,8984032d-438c-46ed-ba67-f3ed4a75d5c4,M-E,generation_log,0.123061696642,0.123061696642,2753,0.28,0.81,3025,0.437,0.75,0.0899173553719,0.359267734554,-0.08,,
classic_revolution_8x5,VerilogEval-Spec-to-RTL,Prob153_gshare,sequential,1,c0ef2604-e8b5-4e64-af13-576551f5d7b4,M-S,generation_log,-0.0177361717865,-0.0177361717865,3080,0.429,0.79,3025,0.437,0.75,-0.0181818181818,0.0183066361556,-0.0533333333333,,
classic_revolution_8x5,VerilogEval-Spec-to-RTL,Prob153_gshare,sequential,2,57d4fcca-2b28-4cba-8fa1-ed5b241001f1,C-F,generation_log,-0.0454299600961,-0.0454299600961,3074,0.472,0.78,3025,0.437,0.75,-0.0161983471074,-0.0800915331808,-0.04,,
classic_revolution_8x5,VerilogEval-Spec-to-RTL,Prob153_gshare,sequential,2,a41a1305-177e-4ccd-bbd7-0318776b3a34,M-R,generation_log,-0.0578227458693,-0.0578227458693,3089,0.556,0.66,3025,0.437,0.75,-0.0211570247934,-0.272311212815,0.12,,
classic_revolution_8x5,VerilogEval-Spec-to-RTL,Prob153_gshare,sequential,3,5ac6574d-9851-469b-aa9c-1118754e54c1,M-R,generation_log,0.0341914674097,0.0341914674097,3115,0.385,0.74,3025,0.437,0.75,-0.0297520661157,0.118993135011,0.0133333333333,,
classic_revolution_8x5,VerilogEval-Spec-to-RTL,Prob153_gshare,sequential,3,4d696a16-25e2-4813-a8cd-a4387803d64a,M-E,generation_log,0.0323844225488,0.0323844225488,3002,0.427,0.7,3025,0.437,0.75,0.00760330578512,0.0228832951945,0.0666666666667,,
classic_revolution_8x5,VerilogEval-Spec-to-RTL,Prob153_gshare,sequential,3,6a4fe970-772f-4778-babb-8966bba98c86,M-S,generation_log,0.11071656864,0.11071656864,2754,0.331,0.75,3025,0.437,0.75,0.0895867768595,0.242562929062,0,,
classic_revolution_8x5,VerilogEval-Spec-to-RTL,Prob153_gshare,sequential,4,0e879240-c200-4a89-9952-95a5ac3f567b,C-F,generation_log,0.135602919144,0.135602919144,2790,0.299,0.74,3025,0.437,0.75,0.0776859504132,0.315789473684,0.0133333333333,,
classic_revolution_8x5,VerilogEval-Spec-to-RTL,Prob153_gshare,sequential,4,1d1040cd-1817-4365-ae71-c7ba48600af8,C-F,generation_log,0.0341914674097,0.0341914674097,3115,0.385,0.74,3025,0.437,0.75,-0.0297520661157,0.118993135011,0.0133333333333,,
classic_revolution_8x5,VerilogEval-Spec-to-RTL,Prob153_gshare,sequential,4,8a8c25c7-07ad-4025-b026-b073097bedd2,M-E,generation_log,-0.058736228522,-0.058736228522,3199,0.518,0.7,3025,0.437,0.75,-0.057520661157,-0.185354691076,0.0666666666667,,
classic_revolution_8x5,VerilogEval-Spec-to-RTL,Prob153_gshare,sequential,5,9db69775-41c4-466e-92b8-7e37a3efad35,M-S,generation_log,-0.0177361717865,-0.0177361717865,3080,0.429,0.79,3025,0.437,0.75,-0.0181818181818,0.0183066361556,-0.0533333333333,,
smooth_qd_v2_8x5,RTLLM,Prob015_multi_pipe_8bit,sequential,0,35ae8de0-dd82-4b36-8751-021a4097ff41,initial,generation_log,-0.0759603683942,-0.0759603683942,708,0.11,1.05,980,0.0898,0.82,0.277551020408,-0.224944320713,-0.280487804878,/workspace/exp/natural_qd_push/p0_v2_anchor_20260703_041511_UTC/live/smooth_qd_v2_8x5/seed_1001/openai_gpt-oss-120b/RTLLM/Prob015_multi_pipe_8bit/Gen0/Prob015_multi_pipe_8bit_sample1_initial,
smooth_qd_v2_8x5,RTLLM,Prob015_multi_pipe_8bit,sequential,0,f3ef0687-fee9-473c-8f41-0e5d0e1ed354,initial,generation_log,-0.0866131916398,-0.0866131916398,811,0.133,0.78,980,0.0898,0.82,0.172448979592,-0.481069042316,0.0487804878049,/workspace/exp/natural_qd_push/p0_v2_anchor_20260703_041511_UTC/live/smooth_qd_v2_8x5/seed_1001/openai_gpt-oss-120b/RTLLM/Prob015_multi_pipe_8bit/Gen0/Prob015_multi_pipe_8bit_sample2_initial,
smooth_qd_v2_8x5,RTLLM,Prob015_multi_pipe_8bit,sequential,0,36e096c8-f37f-4dde-9783-f291e86da76f,initial,generation_log,0.0227359029874,0.0227359029874,623,0.0912,1.05,980,0.0898,0.82,0.364285714286,-0.0155902004454,-0.280487804878,/workspace/exp/natural_qd_push/p0_v2_anchor_20260703_041511_UTC/live/smooth_qd_v2_8x5/seed_1001/openai_gpt-oss-120b/RTLLM/Prob015_multi_pipe_8bit/Gen0/Prob015_multi_pipe_8bit_sample5_initial,
smooth_qd_v2_8x5,RTLLM,Prob015_multi_pipe_8bit,sequential,0,11113e68-8e8e-457c-8f14-bfa5c3f1e1ba,initial,generation_log,-0.0648245109332,-0.0648245109332,708,0.107,1.05,980,0.0898,0.82,0.277551020408,-0.19153674833,-0.280487804878,/workspace/exp/natural_qd_push/p0_v2_anchor_20260703_041511_UTC/live/smooth_qd_v2_8x5/seed_1001/openai_gpt-oss-120b/RTLLM/Prob015_multi_pipe_8bit/Gen0/Prob015_multi_pipe_8bit_sample7_initial,
smooth_qd_v2_8x5,RTLLM,Prob015_multi_pipe_8bit,sequential,0,07b1601a-3034-4946-ac4a-cc927e4e9147,initial,generation_log,-0.0759603683942,-0.0759603683942,708,0.11,1.05,980,0.0898,0.82,0.277551020408,-0.224944320713,-0.280487804878,/workspace/exp/natural_qd_push/p0_v2_anchor_20260703_041511_UTC/live/smooth_qd_v2_8x5/seed_1001/openai_gpt-oss-120b/RTLLM/Prob015_multi_pipe_8bit/Gen0/Prob015_multi_pipe_8bit_sample8_initial,
smooth_qd_v2_8x5,RTLLM,Prob015_multi_pipe_8bit,sequential,1,02db1843-5933-4866-9ab0-e75b73e82979,M-R,generation_log,-0.00173539783668,-0.00173539783668,716,0.0827,1.11,980,0.0898,0.82,0.269387755102,0.0790645879733,-0.353658536585,/workspace/exp/natural_qd_push/p0_v2_anchor_20260703_041511_UTC/live/smooth_qd_v2_8x5/seed_1001/openai_gpt-oss-120b/RTLLM/Prob015_multi_pipe_8bit/Gen1/Prob015_multi_pipe_8bit_sample4_M-R,
smooth_qd_v2_8x5,RTLLM,Prob015_multi_pipe_8bit,sequential,1,a338d902-3543-4ae7-97f1-4dee545b8e69,M-I,generation_log,-0.223610641497,-0.223610641497,1062,0.171,0.56,980,0.0898,0.82,-0.0836734693878,-0.904231625835,0.317073170732,/workspace/exp/natural_qd_push/p0_v2_anchor_20260703_041511_UTC/live/smooth_qd_v2_8x5/seed_1001/openai_gpt-oss-120b/RTLLM/Prob015_multi_pipe_8bit/Gen1/Prob015_multi_pipe_8bit_sample5_M-I,
smooth_qd_v2_8x5,RTLLM,Prob015_multi_pipe_8bit,sequential,1,9e16f81c-b94d-4714-8740-88f3d91f121a,M-E,generation_log,-0.575901686657,-0.575901686657,1364,0.201,0.9,980,0.0898,0.82,-0.391836734694,-1.23830734967,-0.0975609756098,/workspace/exp/natural_qd_push/p0_v2_anchor_20260703_041511_UTC/live/smooth_qd_v2_8x5/seed_1001/openai_gpt-oss-120b/RTLLM/Prob015_multi_pipe_8bit/Gen1/Prob015_multi_pipe_8bit_sample7_M-E,
smooth_qd_v2_8x5,RTLLM,Prob015_multi_pipe_8bit,sequential,2,4a59789e-8f89-4f18-baf0-1141b8a852fe,M-S,generation_log,-0.0340234904326,-0.0340234904326,685,0.103,1.03,980,0.0898,0.82,0.301020408163,-0.146993318486,-0.256097560976,/workspace/exp/natural_qd_push/p0_v2_anchor_20260703_041511_UTC/live/smooth_qd_v2_8x5/seed_1001/openai_gpt-oss-120b/RTLLM/Prob015_multi_pipe_8bit/Gen2/Prob015_multi_pipe_8bit_sample4_M-S,
smooth_qd_v2_8x5,RTLLM,Prob015_multi_pipe_8bit,sequential,2,42a28255-e02e-43e3-983d-b0d29fb16027,C-F,generation_log,0.0267395458373,0.0267395458373,800,0.0969,0.84,980,0.0898,0.82,0.183673469388,-0.0790645879733,-0.0243902439024,/workspace/exp/natural_qd_push/p0_v2_anchor_20260703_041511_UTC/live/smooth_qd_v2_8x5/seed_1001/openai_gpt-oss-120b/RTLLM/Prob015_multi_pipe_8bit/Gen2/Prob015_multi_pipe_8bit_sample5_C-F,
smooth_qd_v2_8x5,RTLLM,Prob015_multi_pipe_8bit,sequential,2,aad04a43-fa49-4869-a354-aa2369abcdf7,C-F,generation_log,-0.0218164325864,-0.0218164325864,911,0.102,0.82,980,0.0898,0.82,0.0704081632653,-0.135857461024,0,/workspace/exp/natural_qd_push/p0_v2_anchor_20260703_041511_UTC/live/smooth_qd_v2_8x5/seed_1001/openai_gpt-oss-120b/RTLLM/Prob015_multi_pipe_8bit/Gen2/Prob015_multi_pipe_8bit_sample6_C-F,
smooth_qd_v2_8x5,RTLLM,Prob015_multi_pipe_8bit,sequential,3,1b858b26-0b41-43f8-a70c-6dd8968320ac,initial,generation_log,-0.223610641497,-0.223610641497,1062,0.171,0.56,980,0.0898,0.82,-0.0836734693878,-0.904231625835,0.317073170732,/workspace/exp/natural_qd_push/p0_v2_anchor_20260703_041511_UTC/live/smooth_qd_v2_8x5/seed_1001/openai_gpt-oss-120b/RTLLM/Prob015_multi_pipe_8bit/Gen3/Prob015_multi_pipe_8bit_sample1_initial,
smooth_qd_v2_8x5,RTLLM,Prob015_multi_pipe_8bit,sequential,3,2f12c9f6-c36a-49d1-b82f-10dd06e6d369,M-R,generation_log,-0.000993007339282,-0.000993007339282,716,0.0825,1.11,980,0.0898,0.82,0.269387755102,0.0812917594655,-0.353658536585,/workspace/exp/natural_qd_push/p0_v2_anchor_20260703_041511_UTC/live/smooth_qd_v2_8x5/seed_1001/openai_gpt-oss-120b/RTLLM/Prob015_multi_pipe_8bit/Gen3/Prob015_multi_pipe_8bit_sample2_M-R,
smooth_qd_v2_8x5,RTLLM,Prob015_multi_pipe_8bit,sequential,3,a318bc95-7042-4d34-8bf3-e652fe08835d,C-F,generation_log,-0.108310875005,-0.108310875005,1079,0.134,0.6,980,0.0898,0.82,-0.101020408163,-0.492204899777,0.268292682927,/workspace/exp/natural_qd_push/p0_v2_anchor_20260703_041511_UTC/live/smooth_qd_v2_8x5/seed_1001/openai_gpt-oss-120b/RTLLM/Prob015_multi_pipe_8bit/Gen3/Prob015_multi_pipe_8bit_sample6_C-F,
smooth_qd_v2_8x5,RTLLM,Prob015_multi_pipe_8bit,sequential,4,83b7f0eb-e5a7-4c6d-addb-7c40014acc93,M-I,generation_log,-0.524512355869,-0.524512355869,1441,0.225,0.49,980,0.0898,0.82,-0.470408163265,-1.50556792873,0.40243902439,/workspace/exp/natural_qd_push/p0_v2_anchor_20260703_041511_UTC/live/smooth_qd_v2_8x5/seed_1001/openai_gpt-oss-120b/RTLLM/Prob015_multi_pipe_8bit/Gen4/Prob015_multi_pipe_8bit_sample5_M-I,
smooth_qd_v2_8x5,RTLLM,Prob015_multi_pipe_8bit,sequential,4,9d0c873e-c391-4c4f-83b3-77dff547eaaa,C-F,generation_log,-0.223610641497,-0.223610641497,1062,0.171,0.56,980,0.0898,0.82,-0.0836734693878,-0.904231625835,0.317073170732,/workspace/exp/natural_qd_push/p0_v2_anchor_20260703_041511_UTC/live/smooth_qd_v2_8x5/seed_1001/openai_gpt-oss-120b/RTLLM/Prob015_multi_pipe_8bit/Gen4/Prob015_multi_pipe_8bit_sample6_C-F,
smooth_qd_v2_8x5,RTLLM,Prob015_multi_pipe_8bit,sequential,5,6dae91c6-46e7-4ecf-9120-7da72cca3f3c,M-R,generation_log,0.0267395458373,0.0267395458373,800,0.0969,0.84,980,0.0898,0.82,0.183673469388,-0.0790645879733,-0.0243902439024,/workspace/exp/natural_qd_push/p0_v2_anchor_20260703_041511_UTC/live/smooth_qd_v2_8x5/seed_1001/openai_gpt-oss-120b/RTLLM/Prob015_multi_pipe_8bit/Gen5/Prob015_multi_pipe_8bit_sample4_M-R,
smooth_qd_v2_8x5,RTLLM,Prob015_multi_pipe_8bit,sequential,5,88a798f3-f880-49c0-a4bd-29c17fae4dd1,C-F,generation_log,-0.301539046821,-0.301539046821,1235,0.163,0.68,980,0.0898,0.82,-0.260204081633,-0.815144766147,0.170731707317,/workspace/exp/natural_qd_push/p0_v2_anchor_20260703_041511_UTC/live/smooth_qd_v2_8x5/seed_1001/openai_gpt-oss-120b/RTLLM/Prob015_multi_pipe_8bit/Gen5/Prob015_multi_pipe_8bit_sample5_C-F,
smooth_qd_v2_8x5,RTLLM,Prob015_multi_pipe_8bit,sequential,5,76017182-738e-451c-90d4-60221116c057,M-E,generation_log,-0.106610194732,-0.106610194732,1074,0.134,0.6,980,0.0898,0.82,-0.0959183673469,-0.492204899777,0.268292682927,/workspace/exp/natural_qd_push/p0_v2_anchor_20260703_041511_UTC/live/smooth_qd_v2_8x5/seed_1001/openai_gpt-oss-120b/RTLLM/Prob015_multi_pipe_8bit/Gen5/Prob015_multi_pipe_8bit_sample6_M-E,
smooth_qd_v2_8x5,RTLLM,Prob024_fsm,combinational,0,1a479bfd-04b7-47ba-892b-60e4778fb4cb,initial,generation_log,0.265517672818,0.0282765092274,34,0.00837,0.26,46,0.00695,0,0.260869565217,-0.204316546763,-260000000000,/workspace/exp/natural_qd_push/p0_v2_anchor_20260703_041511_UTC/live/smooth_qd_v2_8x5/seed_1001/openai_gpt-oss-120b/RTLLM/Prob024_fsm/Gen0/Prob024_fsm_sample5_initial,
smooth_qd_v2_8x5,RTLLM,Prob024_fsm,combinational,2,f59bb4b9-aca4-417f-9935-74e54cf07184,M-E,generation_log,0.683497028464,0.595245542696,24,0.002,0.14,46,0.00695,0,0.478260869565,0.712230215827,-140000000000,/workspace/exp/natural_qd_push/p0_v2_anchor_20260703_041511_UTC/live/smooth_qd_v2_8x5/seed_1001/openai_gpt-oss-120b/RTLLM/Prob024_fsm/Gen2/Prob024_fsm_sample2_M-E,
smooth_qd_v2_8x5,RTLLM,Prob024_fsm,combinational,2,87fe4cd1-5fa3-4a00-969b-6e75551866e8,M-S,generation_log,0.469591283495,0.329386925242,29,0.00494,0.25,46,0.00695,0,0.369565217391,0.289208633094,-250000000000,/workspace/exp/natural_qd_push/p0_v2_anchor_20260703_041511_UTC/live/smooth_qd_v2_8x5/seed_1001/openai_gpt-oss-120b/RTLLM/Prob024_fsm/Gen2/Prob024_fsm_sample3_M-S,
smooth_qd_v2_8x5,RTLLM,Prob024_fsm,combinational,2,825e2cea-eca3-4b59-abbb-69666139bd7c,M-I,generation_log,0.168958398499,-0.116562402252,37,0.00993,0.26,46,0.00695,0,0.195652173913,-0.428776978417,-260000000000,/workspace/exp/natural_qd_push/p0_v2_anchor_20260703_041511_UTC/live/smooth_qd_v2_8x5/seed_1001/openai_gpt-oss-120b/RTLLM/Prob024_fsm/Gen2/Prob024_fsm_sample4_M-I,
smooth_qd_v2_8x5,RTLLM,Prob024_fsm,combinational,4,f4af2c55-5a65-4cae-9aa1-331122b90673,M-E,generation_log,0.491672401209,0.342508601814,36,0.0037,0.21,46,0.00695,0,0.217391304348,0.467625899281,-210000000000,/workspace/exp/natural_qd_push/p0_v2_anchor_20260703_041511_UTC/live/smooth_qd_v2_8x5/seed_1001/openai_gpt-oss-120b/RTLLM/Prob024_fsm/Gen4/Prob024_fsm_sample1_M-E,
smooth_qd_v2_8x5,RTLLM,Prob024_fsm,combinational,4,23f7c5ab-570e-4762-ba24-c6262eb73841,M-F,generation_log,0.353844228965,0.150766343447,50,0.00425,0.24,46,0.00695,0,-0.0869565217391,0.388489208633,-240000000000,/workspace/exp/natural_qd_push/p0_v2_anchor_20260703_041511_UTC/live/smooth_qd_v2_8x5/seed_1001/openai_gpt-oss-120b/RTLLM/Prob024_fsm/Gen4/Prob024_fsm_sample3_M-F,
smooth_qd_v2_8x5,RTLLM,Prob024_fsm,combinational,4,387b2843-f543-444f-a548-5cd1c95bcc61,M-I,generation_log,0.491672401209,0.342508601814,36,0.0037,0.21,46,0.00695,0,0.217391304348,0.467625899281,-210000000000,/workspace/exp/natural_qd_push/p0_v2_anchor_20260703_041511_UTC/live/smooth_qd_v2_8x5/seed_1001/openai_gpt-oss-120b/RTLLM/Prob024_fsm/Gen4/Prob024_fsm_sample4_M-I,
smooth_qd_v2_8x5,RTLLM,Prob024_fsm,combinational,4,0a99d0d7-2d29-4b4b-890a-50a46cbc210f,M-E,generation_log,-0.0849921801689,-0.487488270253,70,0.0101,0.28,46,0.00695,0,-0.521739130435,-0.453237410072,-280000000000,/workspace/exp/natural_qd_push/p0_v2_anchor_20260703_041511_UTC/live/smooth_qd_v2_8x5/seed_1001/openai_gpt-oss-120b/RTLLM/Prob024_fsm/Gen4/Prob024_fsm_sample6_M-E,
smooth_qd_v2_8x5,RTLLM,Prob024_fsm,combinational,4,b26881ad-22fb-43c4-a70f-2f72029c5e30,M-I,generation_log,0.622932957981,0.509399436972,27,0.00274,0.15,46,0.00695,0,0.413043478261,0.605755395683,-150000000000,/workspace/exp/natural_qd_push/p0_v2_anchor_20260703_041511_UTC/live/smooth_qd_v2_8x5/seed_1001/openai_gpt-oss-120b/RTLLM/Prob024_fsm/Gen4/Prob024_fsm_sample8_M-I,
smooth_qd_v2_8x5,RTLLM,Prob024_fsm,combinational,5,77635272-fff1-4e97-b6ec-84561ee6ad13,C-F,generation_log,0.666126576999,0.569189865499,26,0.00206,0.14,46,0.00695,0,0.434782608696,0.703597122302,-140000000000,/workspace/exp/natural_qd_push/p0_v2_anchor_20260703_041511_UTC/live/smooth_qd_v2_8x5/seed_1001/openai_gpt-oss-120b/RTLLM/Prob024_fsm/Gen5/Prob024_fsm_sample1_C-F,
smooth_qd_v2_8x5,RTLLM,Prob024_fsm,combinational,5,9f524dd0-d941-4ec3-b246-d9ca6dfb1401,C-F,generation_log,0.666126576999,0.569189865499,26,0.00206,0.14,46,0.00695,0,0.434782608696,0.703597122302,-140000000000,/workspace/exp/natural_qd_push/p0_v2_anchor_20260703_041511_UTC/live/smooth_qd_v2_8x5/seed_1001/openai_gpt-oss-120b/RTLLM/Prob024_fsm/Gen5/Prob024_fsm_sample2_C-F,
smooth_qd_v2_8x5,RTLLM,Prob024_fsm,combinational,5,8ccb1ae5-3f06-43f5-a02e-84b41d7c7608,M-E,generation_log,0.469591283495,0.329386925242,29,0.00494,0.25,46,0.00695,0,0.369565217391,0.289208633094,-250000000000,/workspace/exp/natural_qd_push/p0_v2_anchor_20260703_041511_UTC/live/smooth_qd_v2_8x5/seed_1001/openai_gpt-oss-120b/RTLLM/Prob024_fsm/Gen5/Prob024_fsm_sample3_M-E,
smooth_qd_v2_8x5,RTLLM,Prob024_fsm,combinational,5,1bed3b32-e41a-48bb-87b2-968478a042e3,C-F,generation_log,0.622932957981,0.509399436972,27,0.00274,0.15,46,0.00695,0,0.413043478261,0.605755395683,-150000000000,/workspace/exp/natural_qd_push/p0_v2_anchor_20260703_041511_UTC/live/smooth_qd_v2_8x5/seed_1001/openai_gpt-oss-120b/RTLLM/Prob024_fsm/Gen5/Prob024_fsm_sample5_C-F,
smooth_qd_v2_8x5,RTLLM,Prob024_fsm,combinational,5,9b46708e-b741-44c7-93de-4b4c41d67ff5,C-F,generation_log,0.631618183714,0.522427275571,26,0.00271,0.15,46,0.00695,0,0.434782608696,0.610071942446,-150000000000,/workspace/exp/natural_qd_push/p0_v2_anchor_20260703_041511_UTC/live/smooth_qd_v2_8x5/seed_1001/openai_gpt-oss-120b/RTLLM/Prob024_fsm/Gen5/Prob024_fsm_sample7_C-F,
smooth_qd_v2_8x5,RTLLM,Prob041_traffic_light,combinational,0,334e83f5-8802-4743-ad53-17b2fcdaf5a2,initial,generation_log,0.0201282982329,0.0301924473493,176,0.0293,0,170,0.0324,0,-0.0352941176471,0.0956790123457,0,/workspace/exp/natural_qd_push/p0_v2_anchor_20260703_041511_UTC/live/smooth_qd_v2_8x5/seed_1001/openai_gpt-oss-120b/RTLLM/Prob041_traffic_light/Gen0/Prob041_traffic_light_sample1_initial,
smooth_qd_v2_8x5,RTLLM,Prob041_traffic_light,combinational,0,2c0f5caf-cdbf-44df-a67f-fefda430d3d8,initial,generation_log,-0.0130234809973,-0.019535221496,163,0.035,0,170,0.0324,0,0.0411764705882,-0.0802469135802,0,/workspace/exp/natural_qd_push/p0_v2_anchor_20260703_041511_UTC/live/smooth_qd_v2_8x5/seed_1001/openai_gpt-oss-120b/RTLLM/Prob041_traffic_light/Gen0/Prob041_traffic_light_sample8_initial,
smooth_qd_v2_8x5,RTLLM,Prob041_traffic_light,combinational,1,72efc077-b62d-4026-9d6b-ba7f81088e4e,M-I,generation_log,0.0316993464052,0.0475490196078,168,0.0297,0,170,0.0324,0,0.0117647058824,0.0833333333333,0,/workspace/exp/natural_qd_push/p0_v2_anchor_20260703_041511_UTC/live/smooth_qd_v2_8x5/seed_1001/openai_gpt-oss-120b/RTLLM/Prob041_traffic_light/Gen1/Prob041_traffic_light_sample3_M-I,
smooth_qd_v2_8x5,RTLLM,Prob041_traffic_light,combinational,1,2207ef73-5b6f-4137-b6ce-e9cabf148b96,M-S,generation_log,0.426757443718,0.640136165577,121,0.000258,0,170,0.0324,0,0.288235294118,0.992037037037,0,/workspace/exp/natural_qd_push/p0_v2_anchor_20260703_041511_UTC/live/smooth_qd_v2_8x5/seed_1001/openai_gpt-oss-120b/RTLLM/Prob041_traffic_light/Gen1/Prob041_traffic_light_sample5_M-S,
smooth_qd_v2_8x5,RTLLM,Prob041_traffic_light,combinational,1,ce333633-5d62-4f56-80ff-99a621bd2624,M-R,generation_log,0.154914064391,0.232371096587,123,0.0263,0,170,0.0324,0,0.276470588235,0.188271604938,0,/workspace/exp/natural_qd_push/p0_v2_anchor_20260703_041511_UTC/live/smooth_qd_v2_8x5/seed_1001/openai_gpt-oss-120b/RTLLM/Prob041_traffic_light/Gen1/Prob041_traffic_light_sample7_M-R,
smooth_qd_v2_8x5,RTLLM,Prob041_traffic_light,combinational,1,78a9a0f2-90f6-4ad4-8a85-94b054a3a998,M-I,generation_log,0.361661825224,0.542492737836,130,0.00487,0,170,0.0324,0,0.235294117647,0.849691358025,0,/workspace/exp/natural_qd_push/p0_v2_anchor_20260703_041511_UTC/live/smooth_qd_v2_8x5/seed_1001/openai_gpt-oss-120b/RTLLM/Prob041_traffic_light/Gen1/Prob041_traffic_light_sample8_M-I,
smooth_qd_v2_8x5,RTLLM,Prob041_traffic_light,combinational,2,2cfe80ff-46bd-4c7f-a0a1-0a5ef2f44d6b,M-S,generation_log,0.389132171387,0.583698257081,140,0.000294,0,170,0.0324,0,0.176470588235,0.990925925926,0,/workspace/exp/natural_qd_push/p0_v2_anchor_20260703_041511_UTC/live/smooth_qd_v2_8x5/seed_1001/openai_gpt-oss-120b/RTLLM/Prob041_traffic_light/Gen2/Prob041_traffic_light_sample1_M-S,
smooth_qd_v2_8x5,RTLLM,Prob041_traffic_light,combinational,2,4aa78443-d3ec-4ce2-a9c0-5a7ee41b2699,M-S,generation_log,0.154914064391,0.232371096587,123,0.0263,0,170,0.0324,0,0.276470588235,0.188271604938,0,/workspace/exp/natural_qd_push/p0_v2_anchor_20260703_041511_UTC/live/smooth_qd_v2_8x5/seed_1001/openai_gpt-oss-120b/RTLLM/Prob041_traffic_light/Gen2/Prob041_traffic_light_sample5_M-S,
smooth_qd_v2_8x5,RTLLM,Prob041_traffic_light,combinational,2,9cef57fc-29b8-4446-8435-cda96834d71d,M-R,generation_log,0.0153594771242,0.0230392156863,148,0.0351,0,170,0.0324,0,0.129411764706,-0.0833333333333,0,/workspace/exp/natural_qd_push/p0_v2_anchor_20260703_041511_UTC/live/smooth_qd_v2_8x5/seed_1001/openai_gpt-oss-120b/RTLLM/Prob041_traffic_light/Gen2/Prob041_traffic_light_sample8_M-R,
smooth_qd_v2_8x5,RTLLM,Prob041_traffic_light,combinational,3,e6f2e736-db96-4a57-b2db-0fb0717eb638,M-S,generation_log,0.0992737835875,0.148910675381,154,0.0258,0,170,0.0324,0,0.0941176470588,0.203703703704,0,/workspace/exp/natural_qd_push/p0_v2_anchor_20260703_041511_UTC/live/smooth_qd_v2_8x5/seed_1001/openai_gpt-oss-120b/RTLLM/Prob041_traffic_light/Gen3/Prob041_traffic_light_sample1_M-S,
smooth_qd_v2_8x5,RTLLM,Prob041_traffic_light,combinational,3,fabf9b9c-f872-4d4f-8002-c41a1cf747fc,M-F,generation_log,0.217828612927,0.32674291939,114,0.0219,0,170,0.0324,0,0.329411764706,0.324074074074,0,/workspace/exp/natural_qd_push/p0_v2_anchor_20260703_041511_UTC/live/smooth_qd_v2_8x5/seed_1001/openai_gpt-oss-120b/RTLLM/Prob041_traffic_light/Gen3/Prob041_traffic_light_sample2_M-F,
smooth_qd_v2_8x5,RTLLM,Prob041_traffic_light,combinational,3,94a90449-db2d-4e67-98cc-3e01823b3957,M-I,generation_log,0.217828612927,0.32674291939,114,0.0219,0,170,0.0324,0,0.329411764706,0.324074074074,0,/workspace/exp/natural_qd_push/p0_v2_anchor_20260703_041511_UTC/live/smooth_qd_v2_8x5/seed_1001/openai_gpt-oss-120b/RTLLM/Prob041_traffic_light/Gen3/Prob041_traffic_light_sample5_M-I,
smooth_qd_v2_8x5,RTLLM,Prob041_traffic_light,combinational,3,adf8b040-00fd-471a-baf7-5e3f1d03af5e,C-F,generation_log,0.192277898814,0.288416848221,137,0.02,0,170,0.0324,0,0.194117647059,0.382716049383,0,/workspace/exp/natural_qd_push/p0_v2_anchor_20260703_041511_UTC/live/smooth_qd_v2_8x5/seed_1001/openai_gpt-oss-120b/RTLLM/Prob041_traffic_light/Gen3/Prob041_traffic_light_sample7_C-F,
smooth_qd_v2_8x5,RTLLM,Prob041_traffic_light,combinational,4,6eab2bc6-f5ff-48c1-b9ef-e1ad294561ac,M-E,generation_log,-0.0739288307916,-0.110893246187,214,0.0312,0,170,0.0324,0,-0.258823529412,0.037037037037,0,/workspace/exp/natural_qd_push/p0_v2_anchor_20260703_041511_UTC/live/smooth_qd_v2_8x5/seed_1001/openai_gpt-oss-120b/RTLLM/Prob041_traffic_light/Gen4/Prob041_traffic_light_sample3_M-E,
smooth_qd_v2_8x5,RTLLM,Prob041_traffic_light,combinational,4,c2917616-3c5a-4ba2-b839-402d48d59ee8,C-F,generation_log,0.426757443718,0.640136165577,121,0.000258,0,170,0.0324,0,0.288235294118,0.992037037037,0,/workspace/exp/natural_qd_push/p0_v2_anchor_20260703_041511_UTC/live/smooth_qd_v2_8x5/seed_1001/openai_gpt-oss-120b/RTLLM/Prob041_traffic_light/Gen4/Prob041_traffic_light_sample4_C-F,
smooth_qd_v2_8x5,RTLLM,Prob041_traffic_light,combinational,4,27c736e7-772c-4727-8313-2cbcf20326cb,C-F,generation_log,0.226894214476,0.340341321714,112,0.0214,0,170,0.0324,0,0.341176470588,0.33950617284,0,/workspace/exp/natural_qd_push/p0_v2_anchor_20260703_041511_UTC/live/smooth_qd_v2_8x5/seed_1001/openai_gpt-oss-120b/RTLLM/Prob041_traffic_light/Gen4/Prob041_traffic_light_sample5_C-F,
smooth_qd_v2_8x5,RTLLM,Prob041_traffic_light,combinational,4,c366c562-fbe3-4a1c-9693-acff6646c5d7,M-R,generation_log,0.467748729121,0.701623093682,100,0.000276,0,170,0.0324,0,0.411764705882,0.991481481481,0,/workspace/exp/natural_qd_push/p0_v2_anchor_20260703_041511_UTC/live/smooth_qd_v2_8x5/seed_1001/openai_gpt-oss-120b/RTLLM/Prob041_traffic_light/Gen4/Prob041_traffic_light_sample6_M-R,
smooth_qd_v2_8x5,RTLLM,Prob041_traffic_light,combinational,5,512f86ae-07f6-4fb1-b338-b3623098e903,M-R,generation_log,0.119886226095,0.179829339143,165,0.0217,0,170,0.0324,0,0.0294117647059,0.33024691358,0,/workspace/exp/natural_qd_push/p0_v2_anchor_20260703_041511_UTC/live/smooth_qd_v2_8x5/seed_1001/openai_gpt-oss-120b/RTLLM/Prob041_traffic_light/Gen5/Prob041_traffic_light_sample3_M-R,
smooth_qd_v2_8x5,RTLLM,Prob041_traffic_light,combinational,5,914df9d9-7760-414e-8143-23a4f7d1c702,M-I,generation_log,0.283514887436,0.425272331155,123,0.0138,0,170,0.0324,0,0.276470588235,0.574074074074,0,/workspace/exp/natural_qd_push/p0_v2_anchor_20260703_041511_UTC/live/smooth_qd_v2_8x5/seed_1001/openai_gpt-oss-120b/RTLLM/Prob041_traffic_light/Gen5/Prob041_traffic_light_sample4_M-I,
smooth_qd_v2_8x5,RTLLM,Prob041_traffic_light,combinational,5,4d237e94-4ea5-40fa-81f8-b78a5de20d80,M-R,generation_log,0.239978213508,0.359967320261,109,0.0207,0,170,0.0324,0,0.358823529412,0.361111111111,0,/workspace/exp/natural_qd_push/p0_v2_anchor_20260703_041511_UTC/live/smooth_qd_v2_8x5/seed_1001/openai_gpt-oss-120b/RTLLM/Prob041_traffic_light/Gen5/Prob041_traffic_light_sample5_M-R,
smooth_qd_v2_8x5,RTLLM,Prob041_traffic_light,combinational,5,67d6fc51-d18b-4127-adbf-73db342f65db,C-F,generation_log,0.420875090777,0.631312636166,124,0.000258,0,170,0.0324,0,0.270588235294,0.992037037037,0,/workspace/exp/natural_qd_push/p0_v2_anchor_20260703_041511_UTC/live/smooth_qd_v2_8x5/seed_1001/openai_gpt-oss-120b/RTLLM/Prob041_traffic_light/Gen5/Prob041_traffic_light_sample6_C-F,
smooth_qd_v2_8x5,RTLLM,Prob045_alu,combinational,0,f62879ed-826a-4c5a-9a09-26ed133b977e,initial,generation_log,0.372155857809,0.558233786714,1944,0.00112,0,2225,0.114,0,0.126292134831,0.990175438596,0,/workspace/exp/natural_qd_push/p0_v2_anchor_20260703_041511_UTC/live/smooth_qd_v2_8x5/seed_1001/openai_gpt-oss-120b/RTLLM/Prob045_alu/Gen0/Prob045_alu_sample6_initial,
smooth_qd_v2_8x5,RTLLM,Prob045_alu,combinational,0,3373697e-0abb-4b78-a64e-41059e1fadca,initial,generation_log,0.372334910309,0.558502365464,1943,0.00111,0,2225,0.114,0,0.126741573034,0.990263157895,0,/workspace/exp/natural_qd_push/p0_v2_anchor_20260703_041511_UTC/live/smooth_qd_v2_8x5/seed_1001/openai_gpt-oss-120b/RTLLM/Prob045_alu/Gen0/Prob045_alu_sample7_initial,
smooth_qd_v2_8x5,RTLLM,Prob045_alu,combinational,0,587b5b5f-3d29-4680-807e-09d7dc29c151,initial,generation_log,0.380454037716,0.570681056574,1889,0.0011,0,2225,0.114,0,0.151011235955,0.990350877193,0,/workspace/exp/natural_qd_push/p0_v2_anchor_20260703_041511_UTC/live/smooth_qd_v2_8x5/seed_1001/openai_gpt-oss-120b/RTLLM/Prob045_alu/Gen0/Prob045_alu_sample8_initial,
smooth_qd_v2_8x5,RTLLM,Prob045_alu,combinational,1,bb6a0e8a-c226-4fae-81cf-810d551b8d6e,M-E,generation_log,0.373288652342,0.559932978514,1938,0.00104,0,2225,0.114,0,0.128988764045,0.990877192982,0,/workspace/exp/natural_qd_push/p0_v2_anchor_20260703_041511_UTC/live/smooth_qd_v2_8x5/seed_1001/openai_gpt-oss-120b/RTLLM/Prob045_alu/Gen1/Prob045_alu_sample4_M-E,
smooth_qd_v2_8x5,RTLLM,Prob045_alu,combinational,1,1e3b1c61-d0b6-4708-9d63-e8afa9c307d6,M-R,generation_log,0.369963532427,0.55494529864,1960,0.00105,0,2225,0.114,0,0.119101123596,0.990789473684,0,/workspace/exp/natural_qd_push/p0_v2_anchor_20260703_041511_UTC/live/smooth_qd_v2_8x5/seed_1001/openai_gpt-oss-120b/RTLLM/Prob045_alu/Gen1/Prob045_alu_sample5_M-R,
smooth_qd_v2_8x5,RTLLM,Prob045_alu,combinational,1,0f108772-b508-42f6-a9ae-086c1b04b6c8,M-E,generation_log,0.384228595834,0.576342893751,1864,0.00109,0,2225,0.114,0,0.162247191011,0.990438596491,0,/workspace/exp/natural_qd_push/p0_v2_anchor_20260703_041511_UTC/live/smooth_qd_v2_8x5/seed_1001/openai_gpt-oss-120b/RTLLM/Prob045_alu/Gen1/Prob045_alu_sample6_M-E,
smooth_qd_v2_8x5,RTLLM,Prob045_alu,combinational,1,d1e514ab-fba2-4078-bf9a-ddf7ec19f6d1,M-I,generation_log,0.385182337867,0.577773506801,1859,0.00102,0,2225,0.114,0,0.164494382022,0.991052631579,0,/workspace/exp/natural_qd_push/p0_v2_anchor_20260703_041511_UTC/live/smooth_qd_v2_8x5/seed_1001/openai_gpt-oss-120b/RTLLM/Prob045_alu/Gen1/Prob045_alu_sample7_M-I,
smooth_qd_v2_8x5,RTLLM,Prob045_alu,combinational,1,457ec3d9-b5ef-4ecf-8730-88d057a69480,M-S,generation_log,0.389152802418,0.583729203627,1834,0.000943,0,2225,0.114,0,0.175730337079,0.991728070175,0,/workspace/exp/natural_qd_push/p0_v2_anchor_20260703_041511_UTC/live/smooth_qd_v2_8x5/seed_1001/openai_gpt-oss-120b/RTLLM/Prob045_alu/Gen1/Prob045_alu_sample8_M-S,
smooth_qd_v2_8x5,RTLLM,Prob045_alu,combinational,2,485296e0-eeb5-4c26-aa71-34392991e7b1,M-R,generation_log,0.389302615152,0.583953922728,1833,0.000943,0,2225,0.114,0,0.176179775281,0.991728070175,0,/workspace/exp/natural_qd_push/p0_v2_anchor_20260703_041511_UTC/live/smooth_qd_v2_8x5/seed_1001/openai_gpt-oss-120b/RTLLM/Prob045_alu/Gen2/Prob045_alu_sample1_M-R,
smooth_qd_v2_8x5,RTLLM,Prob045_alu,combinational,2,9da451b3-2d69-4293-805f-71c6309aff73,M-I,generation_log,0.385153098101,0.577729647152,1859,0.00103,0,2225,0.114,0,0.164494382022,0.990964912281,0,/workspace/exp/natural_qd_push/p0_v2_anchor_20260703_041511_UTC/live/smooth_qd_v2_8x5/seed_1001/openai_gpt-oss-120b/RTLLM/Prob045_alu/Gen2/Prob045_alu_sample2_M-I,
smooth_qd_v2_8x5,RTLLM,Prob045_alu,combinational,2,4ae5b649-7065-4566-b7b2-5343a8b0a670,M-S,generation_log,0.382406071358,0.573609107037,1878,0.000996,0,2225,0.114,0,0.15595505618,0.991263157895,0,/workspace/exp/natural_qd_push/p0_v2_anchor_20260703_041511_UTC/live/smooth_qd_v2_8x5/seed_1001/openai_gpt-oss-120b/RTLLM/Prob045_alu/Gen2/Prob045_alu_sample3_M-S,
smooth_qd_v2_8x5,RTLLM,Prob045_alu,combinational,2,493b180a-8987-40a5-9358-245953e62e3e,M-E,generation_log,0.397695052237,0.596542578356,1777,0.000942,0,2225,0.114,0,0.201348314607,0.991736842105,0,/workspace/exp/natural_qd_push/p0_v2_anchor_20260703_041511_UTC/live/smooth_qd_v2_8x5/seed_1001/openai_gpt-oss-120b/RTLLM/Prob045_alu/Gen2/Prob045_alu_sample5_M-E,
smooth_qd_v2_8x5,RTLLM,Prob045_alu,combinational,2,9cda8e3d-c771-4c0d-8d32-79fa4c3b3b6d,C-F,generation_log,0.383413824824,0.575120737236,1871,0.00101,0,2225,0.114,0,0.159101123596,0.991140350877,0,/workspace/exp/natural_qd_push/p0_v2_anchor_20260703_041511_UTC/live/smooth_qd_v2_8x5/seed_1001/openai_gpt-oss-120b/RTLLM/Prob045_alu/Gen2/Prob045_alu_sample6_C-F,
smooth_qd_v2_8x5,RTLLM,Prob045_alu,combinational,2,280ad241-24d7-4661-b494-368c4564827b,C-F,generation_log,0.389152802418,0.583729203627,1834,0.000943,0,2225,0.114,0,0.175730337079,0.991728070175,0,/workspace/exp/natural_qd_push/p0_v2_anchor_20260703_041511_UTC/live/smooth_qd_v2_8x5/seed_1001/openai_gpt-oss-120b/RTLLM/Prob045_alu/Gen2/Prob045_alu_sample7_C-F,
smooth_qd_v2_8x5,RTLLM,Prob045_alu,combinational,2,01606f86-0390-4392-bb46-568606d5274b,C-F,generation_log,0.37631414679,0.564471220185,1918,0.00103,0,2225,0.114,0,0.13797752809,0.990964912281,0,/workspace/exp/natural_qd_push/p0_v2_anchor_20260703_041511_UTC/live/smooth_qd_v2_8x5/seed_1001/openai_gpt-oss-120b/RTLLM/Prob045_alu/Gen2/Prob045_alu_sample8_C-F,
smooth_qd_v2_8x5,RTLLM,Prob045_alu,combinational,3,1dced6fb-290d-42e8-bc53-1e72f0166e72,C-F,generation_log,0.382406071358,0.573609107037,1878,0.000996,0,2225,0.114,0,0.15595505618,0.991263157895,0,/workspace/exp/natural_qd_push/p0_v2_anchor_20260703_041511_UTC/live/smooth_qd_v2_8x5/seed_1001/openai_gpt-oss-120b/RTLLM/Prob045_alu/Gen3/Prob045_alu_sample1_C-F,
smooth_qd_v2_8x5,RTLLM,Prob045_alu,combinational,3,f209e568-cd77-4b9b-b3f7-b4d3c43fa349,C-F,generation_log,0.374395821013,0.56159373152,1931,0.00102,0,2225,0.114,0,0.132134831461,0.991052631579,0,/workspace/exp/natural_qd_push/p0_v2_anchor_20260703_041511_UTC/live/smooth_qd_v2_8x5/seed_1001/openai_gpt-oss-120b/RTLLM/Prob045_alu/Gen3/Prob045_alu_sample2_C-F,
smooth_qd_v2_8x5,RTLLM,Prob045_alu,combinational,3,02454a11-7947-4041-8018-70405a55e879,C-F,generation_log,0.408545896577,0.612818844865,1705,0.00092,0,2225,0.114,0,0.233707865169,0.991929824561,0,/workspace/exp/natural_qd_push/p0_v2_anchor_20260703_041511_UTC/live/smooth_qd_v2_8x5/seed_1001/openai_gpt-oss-120b/RTLLM/Prob045_alu/Gen3/Prob045_alu_sample3_C-F,
smooth_qd_v2_8x5,RTLLM,Prob045_alu,combinational,3,74e6d508-d4ce-4e18-a832-1afa5485b411,M-R,generation_log,0.382406071358,0.573609107037,1878,0.000996,0,2225,0.114,0,0.15595505618,0.991263157895,0,/workspace/exp/natural_qd_push/p0_v2_anchor_20260703_041511_UTC/live/smooth_qd_v2_8x5/seed_1001/openai_gpt-oss-120b/RTLLM/Prob045_alu/Gen3/Prob045_alu_sample4_M-R,
smooth_qd_v2_8x5,RTLLM,Prob045_alu,combinational,3,f7eb5134-e373-461d-bc4e-40583eddb4da,C-F,generation_log,0.396088737762,0.594133106643,1787,0.000979,0,2225,0.114,0,0.196853932584,0.991412280702,0,/workspace/exp/natural_qd_push/p0_v2_anchor_20260703_041511_UTC/live/smooth_qd_v2_8x5/seed_1001/openai_gpt-oss-120b/RTLLM/Prob045_alu/Gen3/Prob045_alu_sample5_C-F,
smooth_qd_v2_8x5,RTLLM,Prob045_alu,combinational,3,2776af5e-e614-496f-b2c0-f590a7b88c31,M-I,generation_log,0.378554799921,0.567832199882,1904,0.000981,0,2225,0.114,0,0.144269662921,0.991394736842,0,/workspace/exp/natural_qd_push/p0_v2_anchor_20260703_041511_UTC/live/smooth_qd_v2_8x5/seed_1001/openai_gpt-oss-120b/RTLLM/Prob045_alu/Gen3/Prob045_alu_sample6_M-I,
smooth_qd_v2_8x5,RTLLM,Prob045_alu,combinational,3,08f46ad0-863a-45b7-8969-c9ed1c5955fd,M-E,generation_log,0.401555095604,0.602332643406,1751,0.000954,0,2225,0.114,0,0.213033707865,0.991631578947,0,/workspace/exp/natural_qd_push/p0_v2_anchor_20260703_041511_UTC/live/smooth_qd_v2_8x5/seed_1001/openai_gpt-oss-120b/RTLLM/Prob045_alu/Gen3/Prob045_alu_sample7_M-E,
smooth_qd_v2_8x5,RTLLM,Prob045_alu,combinational,3,1730afe1-d421-4b82-8624-0e4388c51d43,M-S,generation_log,0.387550101846,0.58132515277,1843,0.00103,0,2225,0.114,0,0.171685393258,0.990964912281,0,/workspace/exp/natural_qd_push/p0_v2_anchor_20260703_041511_UTC/live/smooth_qd_v2_8x5/seed_1001/openai_gpt-oss-120b/RTLLM/Prob045_alu/Gen3/Prob045_alu_sample8_M-S,
smooth_qd_v2_8x5,RTLLM,Prob045_alu,combinational,4,8575ab6d-8176-461f-a8b0-fd54f06739f0,M-S,generation_log,0.378349431632,0.567524147447,1905,0.001,0,2225,0.114,0,0.143820224719,0.991228070175,0,/workspace/exp/natural_qd_push/p0_v2_anchor_20260703_041511_UTC/live/smooth_qd_v2_8x5/seed_1001/openai_gpt-oss-120b/RTLLM/Prob045_alu/Gen4/Prob045_alu_sample1_M-S,
smooth_qd_v2_8x5,RTLLM,Prob045_alu,combinational,4,c8814f75-dc8e-4fc7-a1de-890b5e682847,C-F,generation_log,0.383331263552,0.574996895328,1872,0.000987,0,2225,0.114,0,0.158651685393,0.991342105263,0,/workspace/exp/natural_qd_push/p0_v2_anchor_20260703_041511_UTC/live/smooth_qd_v2_8x5/seed_1001/openai_gpt-oss-120b/RTLLM/Prob045_alu/Gen4/Prob045_alu_sample3_C-F,
smooth_qd_v2_8x5,RTLLM,Prob045_alu,combinational,4,bd4049ea-3bf8-4211-a0a3-79c5efe8a312,C-F,generation_log,0.398943951639,0.598415927459,1768,0.000976,0,2225,0.114,0,0.205393258427,0.991438596491,0,/workspace/exp/natural_qd_push/p0_v2_anchor_20260703_041511_UTC/live/smooth_qd_v2_8x5/seed_1001/openai_gpt-oss-120b/RTLLM/Prob045_alu/Gen4/Prob045_alu_sample4_C-F,
smooth_qd_v2_8x5,RTLLM,Prob045_alu,combinational,4,a550a921-554f-4197-88fc-390740cc3bb3,C-F,generation_log,0.39060483606,0.58590725409,1823,0.00101,0,2225,0.114,0,0.180674157303,0.991140350877,0,/workspace/exp/natural_qd_push/p0_v2_anchor_20260703_041511_UTC/live/smooth_qd_v2_8x5/seed_1001/openai_gpt-oss-120b/RTLLM/Prob045_alu/Gen4/Prob045_alu_sample5_C-F,
smooth_qd_v2_8x5,RTLLM,Prob045_alu,combinational,4,927a7082-bdcb-44e4-b013-172b64718c0c,C-F,generation_log,0.397107497207,0.595661245811,1781,0.000938,0,2225,0.114,0,0.199550561798,0.991771929825,0,/workspace/exp/natural_qd_push/p0_v2_anchor_20260703_041511_UTC/live/smooth_qd_v2_8x5/seed_1001/openai_gpt-oss-120b/RTLLM/Prob045_alu/Gen4/Prob045_alu_sample6_C-F,
smooth_qd_v2_8x5,RTLLM,Prob045_alu,combinational,4,94b0aecb-19f1-47e3-b6d3-6d194f4cc5a6,C-F,generation_log,0.401070569683,0.601605854524,1754,0.000966,0,2225,0.114,0,0.211685393258,0.991526315789,0,/workspace/exp/natural_qd_push/p0_v2_anchor_20260703_041511_UTC/live/smooth_qd_v2_8x5/seed_1001/openai_gpt-oss-120b/RTLLM/Prob045_alu/Gen4/Prob045_alu_sample7_C-F,
smooth_qd_v2_8x5,RTLLM,Prob045_alu,combinational,5,b70895cd-98b3-471e-a07c-11d417681332,M-R,generation_log,0.395689007162,0.593533510743,1790,0.000962,0,2225,0.114,0,0.195505617978,0.991561403509,0,/workspace/exp/natural_qd_push/p0_v2_anchor_20260703_041511_UTC/live/smooth_qd_v2_8x5/seed_1001/openai_gpt-oss-120b/RTLLM/Prob045_alu/Gen5/Prob045_alu_sample1_M-R,
smooth_qd_v2_8x5,RTLLM,Prob045_alu,combinational,5,88632330-4fa9-49da-a04e-a663d9506c64,M-I,generation_log,0.408545896577,0.612818844865,1705,0.00092,0,2225,0.114,0,0.233707865169,0.991929824561,0,/workspace/exp/natural_qd_push/p0_v2_anchor_20260703_041511_UTC/live/smooth_qd_v2_8x5/seed_1001/openai_gpt-oss-120b/RTLLM/Prob045_alu/Gen5/Prob045_alu_sample2_M-I,
smooth_qd_v2_8x5,RTLLM,Prob045_alu,combinational,5,df5164d5-e42e-48ad-a396-d0e711aed46b,C-F,generation_log,0.408545896577,0.612818844865,1705,0.00092,0,2225,0.114,0,0.233707865169,0.991929824561,0,/workspace/exp/natural_qd_push/p0_v2_anchor_20260703_041511_UTC/live/smooth_qd_v2_8x5/seed_1001/openai_gpt-oss-120b/RTLLM/Prob045_alu/Gen5/Prob045_alu_sample3_C-F,
smooth_qd_v2_8x5,RTLLM,Prob045_alu,combinational,5,a28cdc84-9484-4a32-91da-bd73f2aa6853,M-S,generation_log,0.408545896577,0.612818844865,1705,0.00092,0,2225,0.114,0,0.233707865169,0.991929824561,0,/workspace/exp/natural_qd_push/p0_v2_anchor_20260703_041511_UTC/live/smooth_qd_v2_8x5/seed_1001/openai_gpt-oss-120b/RTLLM/Prob045_alu/Gen5/Prob045_alu_sample4_M-S,
smooth_qd_v2_8x5,RTLLM,Prob045_alu,combinational,5,34f9c310-8681-4e70-a8cf-db2a0e5d4b49,C-F,generation_log,0.399945857152,0.599918785728,1761,0.000992,0,2225,0.114,0,0.208539325843,0.991298245614,0,/workspace/exp/natural_qd_push/p0_v2_anchor_20260703_041511_UTC/live/smooth_qd_v2_8x5/seed_1001/openai_gpt-oss-120b/RTLLM/Prob045_alu/Gen5/Prob045_alu_sample5_C-F,
smooth_qd_v2_8x5,RTLLM,Prob045_alu,combinational,5,3cd01595-e37b-400b-a49b-6c9890a66986,C-F,generation_log,0.401484920166,0.602227380248,1751,0.000978,0,2225,0.114,0,0.213033707865,0.991421052632,0,/workspace/exp/natural_qd_push/p0_v2_anchor_20260703_041511_UTC/live/smooth_qd_v2_8x5/seed_1001/openai_gpt-oss-120b/RTLLM/Prob045_alu/Gen5/Prob045_alu_sample6_C-F,
smooth_qd_v2_8x5,RTLLM,Prob045_alu,combinational,5,88799455-7993-4d17-975a-ea0908ca862c,C-F,generation_log,0.408545896577,0.612818844865,1705,0.00092,0,2225,0.114,0,0.233707865169,0.991929824561,0,/workspace/exp/natural_qd_push/p0_v2_anchor_20260703_041511_UTC/live/smooth_qd_v2_8x5/seed_1001/openai_gpt-oss-120b/RTLLM/Prob045_alu/Gen5/Prob045_alu_sample7_C-F,
smooth_qd_v2_8x5,RTLLM,Prob049_signal_generator,sequential,0,69a59402-bf62-4b30-a867-41fd2922d91c,initial,generation_log,0.234774694403,0.234774694403,82,0.00252,0.38,94,0.00467,0.43,0.127659574468,0.460385438972,0.116279069767,/workspace/exp/natural_qd_push/p0_v2_anchor_20260703_041511_UTC/live/smooth_qd_v2_8x5/seed_1001/openai_gpt-oss-120b/RTLLM/Prob049_signal_generator/Gen0/Prob049_signal_generator_sample2_initial,
smooth_qd_v2_8x5,RTLLM,Prob049_signal_generator,sequential,0,ee5e9e7d-0581-4f82-a135-7e1179540df7,initial,generation_log,0.234774694403,0.234774694403,82,0.00252,0.38,94,0.00467,0.43,0.127659574468,0.460385438972,0.116279069767,/workspace/exp/natural_qd_push/p0_v2_anchor_20260703_041511_UTC/live/smooth_qd_v2_8x5/seed_1001/openai_gpt-oss-120b/RTLLM/Prob049_signal_generator/Gen0/Prob049_signal_generator_sample3_initial,
smooth_qd_v2_8x5,RTLLM,Prob049_signal_generator,sequential,0,88189a0b-f83a-4604-8277-11772f193506,initial,generation_log,0.234774694403,0.234774694403,82,0.00252,0.38,94,0.00467,0.43,0.127659574468,0.460385438972,0.116279069767,/workspace/exp/natural_qd_push/p0_v2_anchor_20260703_041511_UTC/live/smooth_qd_v2_8x5/seed_1001/openai_gpt-oss-120b/RTLLM/Prob049_signal_generator/Gen0/Prob049_signal_generator_sample5_initial,
smooth_qd_v2_8x5,RTLLM,Prob049_signal_generator,sequential,0,f9022dc1-1706-4ec0-9f5c-f93ab0e2d59f,initial,generation_log,0.234774694403,0.234774694403,82,0.00252,0.38,94,0.00467,0.43,0.127659574468,0.460385438972,0.116279069767,/workspace/exp/natural_qd_push/p0_v2_anchor_20260703_041511_UTC/live/smooth_qd_v2_8x5/seed_1001/openai_gpt-oss-120b/RTLLM/Prob049_signal_generator/Gen0/Prob049_signal_generator_sample6_initial,
smooth_qd_v2_8x5,RTLLM,Prob049_signal_generator,sequential,0,20ef5727-3e91-46b0-a773-073791e1d2a6,initial,generation_log,0.234774694403,0.234774694403,82,0.00252,0.38,94,0.00467,0.43,0.127659574468,0.460385438972,0.116279069767,/workspace/exp/natural_qd_push/p0_v2_anchor_20260703_041511_UTC/live/smooth_qd_v2_8x5/seed_1001/openai_gpt-oss-120b/RTLLM/Prob049_signal_generator/Gen0/Prob049_signal_generator_sample7_initial,
smooth_qd_v2_8x5,RTLLM,Prob049_signal_generator,sequential,0,ca5fd27c-6624-42b9-a2e6-c1ea48dd56e2,initial,generation_log,0.234774694403,0.234774694403,82,0.00252,0.38,94,0.00467,0.43,0.127659574468,0.460385438972,0.116279069767,/workspace/exp/natural_qd_push/p0_v2_anchor_20260703_041511_UTC/live/smooth_qd_v2_8x5/seed_1001/openai_gpt-oss-120b/RTLLM/Prob049_signal_generator/Gen0/Prob049_signal_generator_sample8_initial,
smooth_qd_v2_8x5,RTLLM,Prob049_signal_generator,sequential,1,3cff613f-ff8c-4f07-9da8-4850790f8a1e,M-R,generation_log,0.207437714137,0.207437714137,77,0.00326,0.37,94,0.00467,0.43,0.18085106383,0.301927194861,0.139534883721,/workspace/exp/natural_qd_push/p0_v2_anchor_20260703_041511_UTC/live/smooth_qd_v2_8x5/seed_1001/openai_gpt-oss-120b/RTLLM/Prob049_signal_generator/Gen1/Prob049_signal_generator_sample4_M-R,
smooth_qd_v2_8x5,RTLLM,Prob049_signal_generator,sequential,1,ca1123ee-8846-49c2-beb2-8835a31f80fb,M-I,generation_log,0.234774694403,0.234774694403,82,0.00252,0.38,94,0.00467,0.43,0.127659574468,0.460385438972,0.116279069767,/workspace/exp/natural_qd_push/p0_v2_anchor_20260703_041511_UTC/live/smooth_qd_v2_8x5/seed_1001/openai_gpt-oss-120b/RTLLM/Prob049_signal_generator/Gen1/Prob049_signal_generator_sample6_M-I,
smooth_qd_v2_8x5,RTLLM,Prob049_signal_generator,sequential,1,66bca23d-aa5d-4581-a5a1-f3cf0a3a1a9c,M-I,generation_log,0.234774694403,0.234774694403,82,0.00252,0.38,94,0.00467,0.43,0.127659574468,0.460385438972,0.116279069767,/workspace/exp/natural_qd_push/p0_v2_anchor_20260703_041511_UTC/live/smooth_qd_v2_8x5/seed_1001/openai_gpt-oss-120b/RTLLM/Prob049_signal_generator/Gen1/Prob049_signal_generator_sample7_M-I,
smooth_qd_v2_8x5,RTLLM,Prob049_signal_generator,sequential,2,1de951a0-b911-46cb-b1cc-60d433f43dbb,M-S,generation_log,0.234774694403,0.234774694403,82,0.00252,0.38,94,0.00467,0.43,0.127659574468,0.460385438972,0.116279069767,/workspace/exp/natural_qd_push/p0_v2_anchor_20260703_041511_UTC/live/smooth_qd_v2_8x5/seed_1001/openai_gpt-oss-120b/RTLLM/Prob049_signal_generator/Gen2/Prob049_signal_generator_sample4_M-S,
smooth_qd_v2_8x5,RTLLM,Prob049_signal_generator,sequential,2,bf6355ea-49c0-4fc7-8a8e-daebf6c11d43,M-R,generation_log,0.234774694403,0.234774694403,82,0.00252,0.38,94,0.00467,0.43,0.127659574468,0.460385438972,0.116279069767,/workspace/exp/natural_qd_push/p0_v2_anchor_20260703_041511_UTC/live/smooth_qd_v2_8x5/seed_1001/openai_gpt-oss-120b/RTLLM/Prob049_signal_generator/Gen2/Prob049_signal_generator_sample6_M-R,
smooth_qd_v2_8x5,RTLLM,Prob049_signal_generator,sequential,3,0d94f0e5-7d2a-4ec0-abe7-b7b81fec397f,M-R,generation_log,0.234774694403,0.234774694403,82,0.00252,0.38,94,0.00467,0.43,0.127659574468,0.460385438972,0.116279069767,/workspace/exp/natural_qd_push/p0_v2_anchor_20260703_041511_UTC/live/smooth_qd_v2_8x5/seed_1001/openai_gpt-oss-120b/RTLLM/Prob049_signal_generator/Gen3/Prob049_signal_generator_sample1_M-R,
smooth_qd_v2_8x5,RTLLM,Prob049_signal_generator,sequential,3,47c4094e-246f-4edf-8e6c-efbc6c23e667,M-R,generation_log,0.234774694403,0.234774694403,82,0.00252,0.38,94,0.00467,0.43,0.127659574468,0.460385438972,0.116279069767,/workspace/exp/natural_qd_push/p0_v2_anchor_20260703_041511_UTC/live/smooth_qd_v2_8x5/seed_1001/openai_gpt-oss-120b/RTLLM/Prob049_signal_generator/Gen3/Prob049_signal_generator_sample6_M-R,
smooth_qd_v2_8x5,RTLLM,Prob049_signal_generator,sequential,3,77c9d0e4-1d17-4fe5-8ad3-c1a13cf107bb,M-R,generation_log,0.207437714137,0.207437714137,77,0.00326,0.37,94,0.00467,0.43,0.18085106383,0.301927194861,0.139534883721,/workspace/exp/natural_qd_push/p0_v2_anchor_20260703_041511_UTC/live/smooth_qd_v2_8x5/seed_1001/openai_gpt-oss-120b/RTLLM/Prob049_signal_generator/Gen3/Prob049_signal_generator_sample8_M-R,
smooth_qd_v2_8x5,RTLLM,Prob049_signal_generator,sequential,4,1506579f-5592-401c-b96b-807f55867ba1,M-E,generation_log,0.234774694403,0.234774694403,82,0.00252,0.38,94,0.00467,0.43,0.127659574468,0.460385438972,0.116279069767,/workspace/exp/natural_qd_push/p0_v2_anchor_20260703_041511_UTC/live/smooth_qd_v2_8x5/seed_1001/openai_gpt-oss-120b/RTLLM/Prob049_signal_generator/Gen4/Prob049_signal_generator_sample3_M-E,
smooth_qd_v2_8x5,RTLLM,Prob049_signal_generator,sequential,4,8f348683-81ee-4132-aa61-bebdb3142682,M-R,generation_log,0.234774694403,0.234774694403,82,0.00252,0.38,94,0.00467,0.43,0.127659574468,0.460385438972,0.116279069767,/workspace/exp/natural_qd_push/p0_v2_anchor_20260703_041511_UTC/live/smooth_qd_v2_8x5/seed_1001/openai_gpt-oss-120b/RTLLM/Prob049_signal_generator/Gen4/Prob049_signal_generator_sample4_M-R,
smooth_qd_v2_8x5,RTLLM,Prob049_signal_generator,sequential,4,fe133b22-6d60-4564-ae1f-c6a169f547ad,M-S,generation_log,0.207437714137,0.207437714137,77,0.00326,0.37,94,0.00467,0.43,0.18085106383,0.301927194861,0.139534883721,/workspace/exp/natural_qd_push/p0_v2_anchor_20260703_041511_UTC/live/smooth_qd_v2_8x5/seed_1001/openai_gpt-oss-120b/RTLLM/Prob049_signal_generator/Gen4/Prob049_signal_generator_sample7_M-S,
smooth_qd_v2_8x5,RTLLM,Prob049_signal_generator,sequential,5,40ddbace-9a62-44e7-bad4-355fbc932abb,M-R,generation_log,0.234774694403,0.234774694403,82,0.00252,0.38,94,0.00467,0.43,0.127659574468,0.460385438972,0.116279069767,/workspace/exp/natural_qd_push/p0_v2_anchor_20260703_041511_UTC/live/smooth_qd_v2_8x5/seed_1001/openai_gpt-oss-120b/RTLLM/Prob049_signal_generator/Gen5/Prob049_signal_generator_sample4_M-R,
smooth_qd_v2_8x5,RTLLM,Prob049_signal_generator,sequential,5,294e825e-4fad-4a86-aa8d-4a1e9b0db15e,M-S,generation_log,0.234774694403,0.234774694403,82,0.00252,0.38,94,0.00467,0.43,0.127659574468,0.460385438972,0.116279069767,/workspace/exp/natural_qd_push/p0_v2_anchor_20260703_041511_UTC/live/smooth_qd_v2_8x5/seed_1001/openai_gpt-oss-120b/RTLLM/Prob049_signal_generator/Gen5/Prob049_signal_generator_sample5_M-S,
smooth_qd_v2_8x5,RTLLM,Prob049_signal_generator,sequential,5,cfb1a781-d3cb-46d5-95d1-aed94a974253,M-E,generation_log,0.234774694403,0.234774694403,82,0.00252,0.38,94,0.00467,0.43,0.127659574468,0.460385438972,0.116279069767,/workspace/exp/natural_qd_push/p0_v2_anchor_20260703_041511_UTC/live/smooth_qd_v2_8x5/seed_1001/openai_gpt-oss-120b/RTLLM/Prob049_signal_generator/Gen5/Prob049_signal_generator_sample8_M-E,
smooth_qd_v2_8x5,VerilogEval-Spec-to-RTL,Prob116_m2014_q3,combinational,0,0a16e16e-3c37-4a5c-ac6b-7ea9c88126a5,initial,generation_log,0.464369602763,0.696554404145,3,1.33e-06,0,5,0.000193,0,0.4,0.99310880829,0,/workspace/exp/natural_qd_push/p0_v2_anchor_20260703_041511_UTC/live/smooth_qd_v2_8x5/seed_1001/openai_gpt-oss-120b/VerilogEval-Spec-to-RTL/Prob116_m2014_q3/Gen0/Prob116_m2014_q3_sample1_initial,
smooth_qd_v2_8x5,VerilogEval-Spec-to-RTL,Prob116_m2014_q3,combinational,0,2583d77b-3a39-475b-a0d5-12397a759650,initial,generation_log,0.464369602763,0.696554404145,3,1.33e-06,0,5,0.000193,0,0.4,0.99310880829,0,/workspace/exp/natural_qd_push/p0_v2_anchor_20260703_041511_UTC/live/smooth_qd_v2_8x5/seed_1001/openai_gpt-oss-120b/VerilogEval-Spec-to-RTL/Prob116_m2014_q3/Gen0/Prob116_m2014_q3_sample4_initial,
smooth_qd_v2_8x5,VerilogEval-Spec-to-RTL,Prob116_m2014_q3,combinational,0,432052c2-4773-42d4-a919-645d85499616,initial,generation_log,0.330535405872,0.495803108808,5,1.62e-06,0,5,0.000193,0,0,0.991606217617,0,/workspace/exp/natural_qd_push/p0_v2_anchor_20260703_041511_UTC/live/smooth_qd_v2_8x5/seed_1001/openai_gpt-oss-120b/VerilogEval-Spec-to-RTL/Prob116_m2014_q3/Gen0/Prob116_m2014_q3_sample5_initial,
smooth_qd_v2_8x5,VerilogEval-Spec-to-RTL,Prob116_m2014_q3,combinational,0,9d8513f7-7488-4a2a-8eb2-8debce79e0d9,initial,generation_log,0.396908462867,0.595362694301,4,1.79e-06,0,5,0.000193,0,0.2,0.990725388601,0,/workspace/exp/natural_qd_push/p0_v2_anchor_20260703_041511_UTC/live/smooth_qd_v2_8x5/seed_1001/openai_gpt-oss-120b/VerilogEval-Spec-to-RTL/Prob116_m2014_q3/Gen0/Prob116_m2014_q3_sample8_initial,
smooth_qd_v2_8x5,VerilogEval-Spec-to-RTL,Prob116_m2014_q3,combinational,1,f0891a7e-05a3-4cd4-8dc4-18297f804a2a,M-E,generation_log,0.464404145078,0.696606217617,3,1.31e-06,0,5,0.000193,0,0.4,0.993212435233,0,/workspace/exp/natural_qd_push/p0_v2_anchor_20260703_041511_UTC/live/smooth_qd_v2_8x5/seed_1001/openai_gpt-oss-120b/VerilogEval-Spec-to-RTL/Prob116_m2014_q3/Gen1/Prob116_m2014_q3_sample5_M-E,
smooth_qd_v2_8x5,VerilogEval-Spec-to-RTL,Prob116_m2014_q3,combinational,1,1bf8d228-8c16-41d3-9761-d0a272f00ce6,M-R,generation_log,0.396908462867,0.595362694301,4,1.79e-06,0,5,0.000193,0,0.2,0.990725388601,0,/workspace/exp/natural_qd_push/p0_v2_anchor_20260703_041511_UTC/live/smooth_qd_v2_8x5/seed_1001/openai_gpt-oss-120b/VerilogEval-Spec-to-RTL/Prob116_m2014_q3/Gen1/Prob116_m2014_q3_sample6_M-R,
smooth_qd_v2_8x5,VerilogEval-Spec-to-RTL,Prob116_m2014_q3,combinational,1,927981b0-367c-48d2-8797-5c022fc929e7,M-I,generation_log,0.464369602763,0.696554404145,3,1.33e-06,0,5,0.000193,0,0.4,0.99310880829,0,/workspace/exp/natural_qd_push/p0_v2_anchor_20260703_041511_UTC/live/smooth_qd_v2_8x5/seed_1001/openai_gpt-oss-120b/VerilogEval-Spec-to-RTL/Prob116_m2014_q3/Gen1/Prob116_m2014_q3_sample7_M-I,
smooth_qd_v2_8x5,VerilogEval-Spec-to-RTL,Prob116_m2014_q3,combinational,1,fa34b6d6-cb34-4c8f-b17c-0478d14fadf9,M-S,generation_log,0.464369602763,0.696554404145,3,1.33e-06,0,5,0.000193,0,0.4,0.99310880829,0,/workspace/exp/natural_qd_push/p0_v2_anchor_20260703_041511_UTC/live/smooth_qd_v2_8x5/seed_1001/openai_gpt-oss-120b/VerilogEval-Spec-to-RTL/Prob116_m2014_q3/Gen1/Prob116_m2014_q3_sample8_M-S,
smooth_qd_v2_8x5,VerilogEval-Spec-to-RTL,Prob116_m2014_q3,combinational,2,5ced61de-bcdc-44d2-9f2a-ec6bfc510207,initial,generation_log,0.465352331606,0.698028497409,3,7.61e-07,0,5,0.000193,0,0.4,0.996056994819,0,/workspace/exp/natural_qd_push/p0_v2_anchor_20260703_041511_UTC/live/smooth_qd_v2_8x5/seed_1001/openai_gpt-oss-120b/VerilogEval-Spec-to-RTL/Prob116_m2014_q3/Gen2/Prob116_m2014_q3_sample1_initial,
smooth_qd_v2_8x5,VerilogEval-Spec-to-RTL,Prob116_m2014_q3,combinational,2,ac3bb02e-bca8-486e-aead-a09f474ac60c,initial,generation_log,0.330535405872,0.495803108808,5,1.62e-06,0,5,0.000193,0,0,0.991606217617,0,/workspace/exp/natural_qd_push/p0_v2_anchor_20260703_041511_UTC/live/smooth_qd_v2_8x5/seed_1001/openai_gpt-oss-120b/VerilogEval-Spec-to-RTL/Prob116_m2014_q3/Gen2/Prob116_m2014_q3_sample2_initial,
smooth_qd_v2_8x5,VerilogEval-Spec-to-RTL,Prob116_m2014_q3,combinational,2,65229e20-6ee4-4c2f-97f0-07088d656e69,M-F,generation_log,0.397858376511,0.596787564767,4,1.24e-06,0,5,0.000193,0,0.2,0.993575129534,0,/workspace/exp/natural_qd_push/p0_v2_anchor_20260703_041511_UTC/live/smooth_qd_v2_8x5/seed_1001/openai_gpt-oss-120b/VerilogEval-Spec-to-RTL/Prob116_m2014_q3/Gen2/Prob116_m2014_q3_sample2_M-F,
smooth_qd_v2_8x5,VerilogEval-Spec-to-RTL,Prob116_m2014_q3,combinational,2,d426c18b-9b6b-45b7-a066-4568da61ab14,C-F,generation_log,0.464369602763,0.696554404145,3,1.33e-06,0,5,0.000193,0,0.4,0.99310880829,0,/workspace/exp/natural_qd_push/p0_v2_anchor_20260703_041511_UTC/live/smooth_qd_v2_8x5/seed_1001/openai_gpt-oss-120b/VerilogEval-Spec-to-RTL/Prob116_m2014_q3/Gen2/Prob116_m2014_q3_sample4_C-F,
smooth_qd_v2_8x5,VerilogEval-Spec-to-RTL,Prob116_m2014_q3,combinational,2,4a523204-9a3c-43c9-9315-7a582b42ee99,M-R,generation_log,0.396908462867,0.595362694301,4,1.79e-06,0,5,0.000193,0,0.2,0.990725388601,0,/workspace/exp/natural_qd_push/p0_v2_anchor_20260703_041511_UTC/live/smooth_qd_v2_8x5/seed_1001/openai_gpt-oss-120b/VerilogEval-Spec-to-RTL/Prob116_m2014_q3/Gen2/Prob116_m2014_q3_sample6_M-R,
smooth_qd_v2_8x5,VerilogEval-Spec-to-RTL,Prob116_m2014_q3,combinational,3,ad6458c8-7828-4bd6-b9e8-14af297cb62b,M-R,generation_log,0.397858376511,0.596787564767,4,1.24e-06,0,5,0.000193,0,0.2,0.993575129534,0,/workspace/exp/natural_qd_push/p0_v2_anchor_20260703_041511_UTC/live/smooth_qd_v2_8x5/seed_1001/openai_gpt-oss-120b/VerilogEval-Spec-to-RTL/Prob116_m2014_q3/Gen3/Prob116_m2014_q3_sample2_M-R,
smooth_qd_v2_8x5,VerilogEval-Spec-to-RTL,Prob116_m2014_q3,combinational,3,96678ef8-fdc6-460c-afba-433f90dc7ef5,C-F,generation_log,0.397858376511,0.596787564767,4,1.24e-06,0,5,0.000193,0,0.2,0.993575129534,0,/workspace/exp/natural_qd_push/p0_v2_anchor_20260703_041511_UTC/live/smooth_qd_v2_8x5/seed_1001/openai_gpt-oss-120b/VerilogEval-Spec-to-RTL/Prob116_m2014_q3/Gen3/Prob116_m2014_q3_sample3_C-F,
smooth_qd_v2_8x5,VerilogEval-Spec-to-RTL,Prob116_m2014_q3,combinational,3,49a4362b-2ab1-469e-9ef9-2f97bdc9f540,C-F,generation_log,0.464369602763,0.696554404145,3,1.33e-06,0,5,0.000193,0,0.4,0.99310880829,0,/workspace/exp/natural_qd_push/p0_v2_anchor_20260703_041511_UTC/live/smooth_qd_v2_8x5/seed_1001/openai_gpt-oss-120b/VerilogEval-Spec-to-RTL/Prob116_m2014_q3/Gen3/Prob116_m2014_q3_sample4_C-F,
smooth_qd_v2_8x5,VerilogEval-Spec-to-RTL,Prob116_m2014_q3,combinational,3,c52b3db3-d134-4d08-ad64-fcb5e129de45,C-F,generation_log,0.397962003454,0.596943005181,4,1.18e-06,0,5,0.000193,0,0.2,0.993886010363,0,/workspace/exp/natural_qd_push/p0_v2_anchor_20260703_041511_UTC/live/smooth_qd_v2_8x5/seed_1001/openai_gpt-oss-120b/VerilogEval-Spec-to-RTL/Prob116_m2014_q3/Gen3/Prob116_m2014_q3_sample5_C-F,
smooth_qd_v2_8x5,VerilogEval-Spec-to-RTL,Prob116_m2014_q3,combinational,3,da1d20ef-5e35-426a-94e8-88265c932bbe,C-F,generation_log,0.464369602763,0.696554404145,3,1.33e-06,0,5,0.000193,0,0.4,0.99310880829,0,/workspace/exp/natural_qd_push/p0_v2_anchor_20260703_041511_UTC/live/smooth_qd_v2_8x5/seed_1001/openai_gpt-oss-120b/VerilogEval-Spec-to-RTL/Prob116_m2014_q3/Gen3/Prob116_m2014_q3_sample6_C-F,
smooth_qd_v2_8x5,VerilogEval-Spec-to-RTL,Prob116_m2014_q3,combinational,4,6d007af6-37e0-4c2a-b3f4-504b9f88ae49,C-F,generation_log,0.464369602763,0.696554404145,3,1.33e-06,0,5,0.000193,0,0.4,0.99310880829,0,/workspace/exp/natural_qd_push/p0_v2_anchor_20260703_041511_UTC/live/smooth_qd_v2_8x5/seed_1001/openai_gpt-oss-120b/VerilogEval-Spec-to-RTL/Prob116_m2014_q3/Gen4/Prob116_m2014_q3_sample1_C-F,
smooth_qd_v2_8x5,VerilogEval-Spec-to-RTL,Prob116_m2014_q3,combinational,4,3d13b7b1-ec28-40f8-b9e5-7dd251729ffc,C-F,generation_log,0.465352331606,0.698028497409,3,7.61e-07,0,5,0.000193,0,0.4,0.996056994819,0,/workspace/exp/natural_qd_push/p0_v2_anchor_20260703_041511_UTC/live/smooth_qd_v2_8x5/seed_1001/openai_gpt-oss-120b/VerilogEval-Spec-to-RTL/Prob116_m2014_q3/Gen4/Prob116_m2014_q3_sample2_C-F,
smooth_qd_v2_8x5,VerilogEval-Spec-to-RTL,Prob116_m2014_q3,combinational,4,80292c7d-6f90-48c2-bf32-c104b0491462,M-I,generation_log,0.397996545769,0.596994818653,4,1.16e-06,0,5,0.000193,0,0.2,0.993989637306,0,/workspace/exp/natural_qd_push/p0_v2_anchor_20260703_041511_UTC/live/smooth_qd_v2_8x5/seed_1001/openai_gpt-oss-120b/VerilogEval-Spec-to-RTL/Prob116_m2014_q3/Gen4/Prob116_m2014_q3_sample3_M-I,
smooth_qd_v2_8x5,VerilogEval-Spec-to-RTL,Prob116_m2014_q3,combinational,4,ba505c9d-a02f-4749-8397-9c36d443f5bd,C-F,generation_log,0.465352331606,0.698028497409,3,7.61e-07,0,5,0.000193,0,0.4,0.996056994819,0,/workspace/exp/natural_qd_push/p0_v2_anchor_20260703_041511_UTC/live/smooth_qd_v2_8x5/seed_1001/openai_gpt-oss-120b/VerilogEval-Spec-to-RTL/Prob116_m2014_q3/Gen4/Prob116_m2014_q3_sample4_C-F,
smooth_qd_v2_8x5,VerilogEval-Spec-to-RTL,Prob116_m2014_q3,combinational,4,ba92b505-b1ce-441e-90d9-ac91a0b269cc,C-F,generation_log,0.465352331606,0.698028497409,3,7.61e-07,0,5,0.000193,0,0.4,0.996056994819,0,/workspace/exp/natural_qd_push/p0_v2_anchor_20260703_041511_UTC/live/smooth_qd_v2_8x5/seed_1001/openai_gpt-oss-120b/VerilogEval-Spec-to-RTL/Prob116_m2014_q3/Gen4/Prob116_m2014_q3_sample7_C-F,
smooth_qd_v2_8x5,VerilogEval-Spec-to-RTL,Prob116_m2014_q3,combinational,4,cfa16582-c75c-46df-be03-ad8634b7114c,C-F,generation_log,0.465352331606,0.698028497409,3,7.61e-07,0,5,0.000193,0,0.4,0.996056994819,0,/workspace/exp/natural_qd_push/p0_v2_anchor_20260703_041511_UTC/live/smooth_qd_v2_8x5/seed_1001/openai_gpt-oss-120b/VerilogEval-Spec-to-RTL/Prob116_m2014_q3/Gen4/Prob116_m2014_q3_sample8_C-F,
smooth_qd_v2_8x5,VerilogEval-Spec-to-RTL,Prob116_m2014_q3,combinational,5,1aa8755b-8cac-44e9-a698-2c848f77520f,M-R,generation_log,0.465352331606,0.698028497409,3,7.61e-07,0,5,0.000193,0,0.4,0.996056994819,0,/workspace/exp/natural_qd_push/p0_v2_anchor_20260703_041511_UTC/live/smooth_qd_v2_8x5/seed_1001/openai_gpt-oss-120b/VerilogEval-Spec-to-RTL/Prob116_m2014_q3/Gen5/Prob116_m2014_q3_sample1_M-R,
smooth_qd_v2_8x5,VerilogEval-Spec-to-RTL,Prob116_m2014_q3,combinational,5,86b1625b-56be-44b6-aa59-7b458a59c856,M-S,generation_log,0.465352331606,0.698028497409,3,7.61e-07,0,5,0.000193,0,0.4,0.996056994819,0,/workspace/exp/natural_qd_push/p0_v2_anchor_20260703_041511_UTC/live/smooth_qd_v2_8x5/seed_1001/openai_gpt-oss-120b/VerilogEval-Spec-to-RTL/Prob116_m2014_q3/Gen5/Prob116_m2014_q3_sample3_M-S,
smooth_qd_v2_8x5,VerilogEval-Spec-to-RTL,Prob116_m2014_q3,combinational,5,245f6574-643a-4547-8d80-8d8b2b60f259,C-F,generation_log,0.397858376511,0.596787564767,4,1.24e-06,0,5,0.000193,0,0.2,0.993575129534,0,/workspace/exp/natural_qd_push/p0_v2_anchor_20260703_041511_UTC/live/smooth_qd_v2_8x5/seed_1001/openai_gpt-oss-120b/VerilogEval-Spec-to-RTL/Prob116_m2014_q3/Gen5/Prob116_m2014_q3_sample4_C-F,
smooth_qd_v2_8x5,VerilogEval-Spec-to-RTL,Prob116_m2014_q3,combinational,5,cb4b8925-56a8-4ca9-8cc8-dd83419dbd61,C-F,generation_log,0.465352331606,0.698028497409,3,7.61e-07,0,5,0.000193,0,0.4,0.996056994819,0,/workspace/exp/natural_qd_push/p0_v2_anchor_20260703_041511_UTC/live/smooth_qd_v2_8x5/seed_1001/openai_gpt-oss-120b/VerilogEval-Spec-to-RTL/Prob116_m2014_q3/Gen5/Prob116_m2014_q3_sample5_C-F,
smooth_qd_v2_8x5,VerilogEval-Spec-to-RTL,Prob116_m2014_q3,combinational,5,6337f45f-f304-4c2d-9ce8-f8cd0c8b60f0,M-I,generation_log,0.397858376511,0.596787564767,4,1.24e-06,0,5,0.000193,0,0.2,0.993575129534,0,/workspace/exp/natural_qd_push/p0_v2_anchor_20260703_041511_UTC/live/smooth_qd_v2_8x5/seed_1001/openai_gpt-oss-120b/VerilogEval-Spec-to-RTL/Prob116_m2014_q3/Gen5/Prob116_m2014_q3_sample6_M-I,
smooth_qd_v2_8x5,VerilogEval-Spec-to-RTL,Prob116_m2014_q3,combinational,5,3cd94c84-591d-4df8-a715-352575bd9363,C-F,generation_log,0.465352331606,0.698028497409,3,7.61e-07,0,5,0.000193,0,0.4,0.996056994819,0,/workspace/exp/natural_qd_push/p0_v2_anchor_20260703_041511_UTC/live/smooth_qd_v2_8x5/seed_1001/openai_gpt-oss-120b/VerilogEval-Spec-to-RTL/Prob116_m2014_q3/Gen5/Prob116_m2014_q3_sample7_C-F,
smooth_qd_v2_8x5,VerilogEval-Spec-to-RTL,Prob135_m2014_q6b,combinational,0,c05f0d24-406b-46dd-86eb-aea82803510b,initial,generation_log,0.196143497758,0.294215246637,7,2.58e-06,0,5,0.000223,0,-0.4,0.988430493274,0,/workspace/exp/natural_qd_push/p0_v2_anchor_20260703_041511_UTC/live/smooth_qd_v2_8x5/seed_1001/openai_gpt-oss-120b/VerilogEval-Spec-to-RTL/Prob135_m2014_q6b/Gen0/Prob135_m2014_q6b_sample2_initial,
smooth_qd_v2_8x5,VerilogEval-Spec-to-RTL,Prob135_m2014_q6b,combinational,0,e0001ccb-1073-495e-9738-bd338de15618,initial,generation_log,0.196143497758,0.294215246637,7,2.58e-06,0,5,0.000223,0,-0.4,0.988430493274,0,/workspace/exp/natural_qd_push/p0_v2_anchor_20260703_041511_UTC/live/smooth_qd_v2_8x5/seed_1001/openai_gpt-oss-120b/VerilogEval-Spec-to-RTL/Prob135_m2014_q6b/Gen0/Prob135_m2014_q6b_sample4_initial,
smooth_qd_v2_8x5,VerilogEval-Spec-to-RTL,Prob135_m2014_q6b,combinational,0,f5e9e410-4ccf-4feb-a4da-8b7a99ba85e7,initial,generation_log,0.263617339312,0.395426008969,6,2.04e-06,0,5,0.000223,0,-0.2,0.990852017937,0,/workspace/exp/natural_qd_push/p0_v2_anchor_20260703_041511_UTC/live/smooth_qd_v2_8x5/seed_1001/openai_gpt-oss-120b/VerilogEval-Spec-to-RTL/Prob135_m2014_q6b/Gen0/Prob135_m2014_q6b_sample6_initial,
smooth_qd_v2_8x5,VerilogEval-Spec-to-RTL,Prob135_m2014_q6b,combinational,0,52b837d7-e6e4-4912-9be1-dc0264b7feb6,initial,generation_log,0.263617339312,0.395426008969,6,2.04e-06,0,5,0.000223,0,-0.2,0.990852017937,0,/workspace/exp/natural_qd_push/p0_v2_anchor_20260703_041511_UTC/live/smooth_qd_v2_8x5/seed_1001/openai_gpt-oss-120b/VerilogEval-Spec-to-RTL/Prob135_m2014_q6b/Gen0/Prob135_m2014_q6b_sample7_initial,
smooth_qd_v2_8x5,VerilogEval-Spec-to-RTL,Prob135_m2014_q6b,combinational,0,43a0e6fc-3f8d-4f19-be05-aad03c5f6545,initial,generation_log,0.196143497758,0.294215246637,7,2.58e-06,0,5,0.000223,0,-0.4,0.988430493274,0,/workspace/exp/natural_qd_push/p0_v2_anchor_20260703_041511_UTC/live/smooth_qd_v2_8x5/seed_1001/openai_gpt-oss-120b/VerilogEval-Spec-to-RTL/Prob135_m2014_q6b/Gen0/Prob135_m2014_q6b_sample8_initial,
smooth_qd_v2_8x5,VerilogEval-Spec-to-RTL,Prob135_m2014_q6b,combinational,1,392e45e5-6887-40fc-beb3-082f6e70f708,M-S,generation_log,0.196143497758,0.294215246637,7,2.58e-06,0,5,0.000223,0,-0.4,0.988430493274,0,/workspace/exp/natural_qd_push/p0_v2_anchor_20260703_041511_UTC/live/smooth_qd_v2_8x5/seed_1001/openai_gpt-oss-120b/VerilogEval-Spec-to-RTL/Prob135_m2014_q6b/Gen1/Prob135_m2014_q6b_sample2_M-S,
smooth_qd_v2_8x5,VerilogEval-Spec-to-RTL,Prob135_m2014_q6b,combinational,1,e98931bb-8d25-4c2d-9f57-c958dab97f51,M-E,generation_log,0.26312406577,0.394686098655,6,2.37e-06,0,5,0.000223,0,-0.2,0.989372197309,0,/workspace/exp/natural_qd_push/p0_v2_anchor_20260703_041511_UTC/live/smooth_qd_v2_8x5/seed_1001/openai_gpt-oss-120b/VerilogEval-Spec-to-RTL/Prob135_m2014_q6b/Gen1/Prob135_m2014_q6b_sample4_M-E,
smooth_qd_v2_8x5,VerilogEval-Spec-to-RTL,Prob135_m2014_q6b,combinational,1,597bed15-0da1-4b48-8b19-c6bbe9b5bd39,M-S,generation_log,0.263617339312,0.395426008969,6,2.04e-06,0,5,0.000223,0,-0.2,0.990852017937,0,/workspace/exp/natural_qd_push/p0_v2_anchor_20260703_041511_UTC/live/smooth_qd_v2_8x5/seed_1001/openai_gpt-oss-120b/VerilogEval-Spec-to-RTL/Prob135_m2014_q6b/Gen1/Prob135_m2014_q6b_sample5_M-S,
smooth_qd_v2_8x5,VerilogEval-Spec-to-RTL,Prob135_m2014_q6b,combinational,1,4a0d7424-bd35-4423-bb86-112ac77e83f3,M-R,generation_log,0.196143497758,0.294215246637,7,2.58e-06,0,5,0.000223,0,-0.4,0.988430493274,0,/workspace/exp/natural_qd_push/p0_v2_anchor_20260703_041511_UTC/live/smooth_qd_v2_8x5/seed_1001/openai_gpt-oss-120b/VerilogEval-Spec-to-RTL/Prob135_m2014_q6b/Gen1/Prob135_m2014_q6b_sample6_M-R,
smooth_qd_v2_8x5,VerilogEval-Spec-to-RTL,Prob135_m2014_q6b,combinational,1,a9a7342f-9ba3-4819-bacd-e70a54bbfc43,M-I,generation_log,0.196143497758,0.294215246637,7,2.58e-06,0,5,0.000223,0,-0.4,0.988430493274,0,/workspace/exp/natural_qd_push/p0_v2_anchor_20260703_041511_UTC/live/smooth_qd_v2_8x5/seed_1001/openai_gpt-oss-120b/VerilogEval-Spec-to-RTL/Prob135_m2014_q6b/Gen1/Prob135_m2014_q6b_sample7_M-I,
smooth_qd_v2_8x5,VerilogEval-Spec-to-RTL,Prob135_m2014_q6b,combinational,1,74d06303-e484-466c-9023-2601bb4742c4,M-E,generation_log,0.26312406577,0.394686098655,6,2.37e-06,0,5,0.000223,0,-0.2,0.989372197309,0,/workspace/exp/natural_qd_push/p0_v2_anchor_20260703_041511_UTC/live/smooth_qd_v2_8x5/seed_1001/openai_gpt-oss-120b/VerilogEval-Spec-to-RTL/Prob135_m2014_q6b/Gen1/Prob135_m2014_q6b_sample8_M-E,
smooth_qd_v2_8x5,VerilogEval-Spec-to-RTL,Prob135_m2014_q6b,combinational,2,46509943-05a5-46f4-9d55-366601876d5a,M-S,generation_log,0.264140508221,0.396210762332,6,1.69e-06,0,5,0.000223,0,-0.2,0.992421524664,0,/workspace/exp/natural_qd_push/p0_v2_anchor_20260703_041511_UTC/live/smooth_qd_v2_8x5/seed_1001/openai_gpt-oss-120b/VerilogEval-Spec-to-RTL/Prob135_m2014_q6b/Gen2/Prob135_m2014_q6b_sample1_M-S,
smooth_qd_v2_8x5,VerilogEval-Spec-to-RTL,Prob135_m2014_q6b,combinational,2,1d738348-aa2d-497e-91a3-178ce9329f4e,C-F,generation_log,0.263617339312,0.395426008969,6,2.04e-06,0,5,0.000223,0,-0.2,0.990852017937,0,/workspace/exp/natural_qd_push/p0_v2_anchor_20260703_041511_UTC/live/smooth_qd_v2_8x5/seed_1001/openai_gpt-oss-120b/VerilogEval-Spec-to-RTL/Prob135_m2014_q6b/Gen2/Prob135_m2014_q6b_sample2_C-F,
smooth_qd_v2_8x5,VerilogEval-Spec-to-RTL,Prob135_m2014_q6b,combinational,2,b26f08b4-bd56-48d2-a60d-2be89a81a9e3,C-F,generation_log,0.196143497758,0.294215246637,7,2.58e-06,0,5,0.000223,0,-0.4,0.988430493274,0,/workspace/exp/natural_qd_push/p0_v2_anchor_20260703_041511_UTC/live/smooth_qd_v2_8x5/seed_1001/openai_gpt-oss-120b/VerilogEval-Spec-to-RTL/Prob135_m2014_q6b/Gen2/Prob135_m2014_q6b_sample3_C-F,
smooth_qd_v2_8x5,VerilogEval-Spec-to-RTL,Prob135_m2014_q6b,combinational,2,da313537-2f4f-4845-a481-fcba7a9e1011,C-F,generation_log,0.263617339312,0.395426008969,6,2.04e-06,0,5,0.000223,0,-0.2,0.990852017937,0,/workspace/exp/natural_qd_push/p0_v2_anchor_20260703_041511_UTC/live/smooth_qd_v2_8x5/seed_1001/openai_gpt-oss-120b/VerilogEval-Spec-to-RTL/Prob135_m2014_q6b/Gen2/Prob135_m2014_q6b_sample4_C-F,
smooth_qd_v2_8x5,VerilogEval-Spec-to-RTL,Prob135_m2014_q6b,combinational,2,3c524597-85b9-4f14-bbd6-c69993e18a99,M-I,generation_log,0.264140508221,0.396210762332,6,1.69e-06,0,5,0.000223,0,-0.2,0.992421524664,0,/workspace/exp/natural_qd_push/p0_v2_anchor_20260703_041511_UTC/live/smooth_qd_v2_8x5/seed_1001/openai_gpt-oss-120b/VerilogEval-Spec-to-RTL/Prob135_m2014_q6b/Gen2/Prob135_m2014_q6b_sample5_M-I,
smooth_qd_v2_8x5,VerilogEval-Spec-to-RTL,Prob135_m2014_q6b,combinational,2,2ab77b4e-92e1-450c-aabf-7d3471139af3,M-E,generation_log,0.26312406577,0.394686098655,6,2.37e-06,0,5,0.000223,0,-0.2,0.989372197309,0,/workspace/exp/natural_qd_push/p0_v2_anchor_20260703_041511_UTC/live/smooth_qd_v2_8x5/seed_1001/openai_gpt-oss-120b/VerilogEval-Spec-to-RTL/Prob135_m2014_q6b/Gen2/Prob135_m2014_q6b_sample6_M-E,
smooth_qd_v2_8x5,VerilogEval-Spec-to-RTL,Prob135_m2014_q6b,combinational,2,95fb8ac1-6fca-4c88-8b09-0b0d23c26824,C-F,generation_log,0.264140508221,0.396210762332,6,1.69e-06,0,5,0.000223,0,-0.2,0.992421524664,0,/workspace/exp/natural_qd_push/p0_v2_anchor_20260703_041511_UTC/live/smooth_qd_v2_8x5/seed_1001/openai_gpt-oss-120b/VerilogEval-Spec-to-RTL/Prob135_m2014_q6b/Gen2/Prob135_m2014_q6b_sample7_C-F,
smooth_qd_v2_8x5,VerilogEval-Spec-to-RTL,Prob135_m2014_q6b,combinational,2,a71c56e7-f871-4cad-bf13-d18ade25b642,C-F,generation_log,0.263617339312,0.395426008969,6,2.04e-06,0,5,0.000223,0,-0.2,0.990852017937,0,/workspace/exp/natural_qd_push/p0_v2_anchor_20260703_041511_UTC/live/smooth_qd_v2_8x5/seed_1001/openai_gpt-oss-120b/VerilogEval-Spec-to-RTL/Prob135_m2014_q6b/Gen2/Prob135_m2014_q6b_sample8_C-F,
smooth_qd_v2_8x5,VerilogEval-Spec-to-RTL,Prob135_m2014_q6b,combinational,3,e5f6fb45-ff7d-498a-844b-57e572c52c4d,M-E,generation_log,0.263617339312,0.395426008969,6,2.04e-06,0,5,0.000223,0,-0.2,0.990852017937,0,/workspace/exp/natural_qd_push/p0_v2_anchor_20260703_041511_UTC/live/smooth_qd_v2_8x5/seed_1001/openai_gpt-oss-120b/VerilogEval-Spec-to-RTL/Prob135_m2014_q6b/Gen3/Prob135_m2014_q6b_sample1_M-E,
smooth_qd_v2_8x5,VerilogEval-Spec-to-RTL,Prob135_m2014_q6b,combinational,3,6c2aa973-d263-4346-b6d8-d376742e1405,C-F,generation_log,0.196143497758,0.294215246637,7,2.58e-06,0,5,0.000223,0,-0.4,0.988430493274,0,/workspace/exp/natural_qd_push/p0_v2_anchor_20260703_041511_UTC/live/smooth_qd_v2_8x5/seed_1001/openai_gpt-oss-120b/VerilogEval-Spec-to-RTL/Prob135_m2014_q6b/Gen3/Prob135_m2014_q6b_sample2_C-F,
smooth_qd_v2_8x5,VerilogEval-Spec-to-RTL,Prob135_m2014_q6b,combinational,3,82cffff9-2ad8-4a62-9cda-731dfcaf3c03,M-I,generation_log,0.263617339312,0.395426008969,6,2.04e-06,0,5,0.000223,0,-0.2,0.990852017937,0,/workspace/exp/natural_qd_push/p0_v2_anchor_20260703_041511_UTC/live/smooth_qd_v2_8x5/seed_1001/openai_gpt-oss-120b/VerilogEval-Spec-to-RTL/Prob135_m2014_q6b/Gen3/Prob135_m2014_q6b_sample3_M-I,
smooth_qd_v2_8x5,VerilogEval-Spec-to-RTL,Prob135_m2014_q6b,combinational,3,a1567466-b56c-415d-8e5d-fc8f13424bd5,M-S,generation_log,0.196143497758,0.294215246637,7,2.58e-06,0,5,0.000223,0,-0.4,0.988430493274,0,/workspace/exp/natural_qd_push/p0_v2_anchor_20260703_041511_UTC/live/smooth_qd_v2_8x5/seed_1001/openai_gpt-oss-120b/VerilogEval-Spec-to-RTL/Prob135_m2014_q6b/Gen3/Prob135_m2014_q6b_sample4_M-S,
smooth_qd_v2_8x5,VerilogEval-Spec-to-RTL,Prob135_m2014_q6b,combinational,3,aa4e310b-5edb-4802-bd21-ee64adcb72b2,C-F,generation_log,0.196143497758,0.294215246637,7,2.58e-06,0,5,0.000223,0,-0.4,0.988430493274,0,/workspace/exp/natural_qd_push/p0_v2_anchor_20260703_041511_UTC/live/smooth_qd_v2_8x5/seed_1001/openai_gpt-oss-120b/VerilogEval-Spec-to-RTL/Prob135_m2014_q6b/Gen3/Prob135_m2014_q6b_sample5_C-F,
smooth_qd_v2_8x5,VerilogEval-Spec-to-RTL,Prob135_m2014_q6b,combinational,3,6ac0a401-99a4-42ef-9401-340942f395e6,M-R,generation_log,0.263617339312,0.395426008969,6,2.04e-06,0,5,0.000223,0,-0.2,0.990852017937,0,/workspace/exp/natural_qd_push/p0_v2_anchor_20260703_041511_UTC/live/smooth_qd_v2_8x5/seed_1001/openai_gpt-oss-120b/VerilogEval-Spec-to-RTL/Prob135_m2014_q6b/Gen3/Prob135_m2014_q6b_sample6_M-R,
smooth_qd_v2_8x5,VerilogEval-Spec-to-RTL,Prob135_m2014_q6b,combinational,3,f9583a4f-9e04-4ea9-af66-33f6b29a0a62,M-I,generation_log,0.263617339312,0.395426008969,6,2.04e-06,0,5,0.000223,0,-0.2,0.990852017937,0,/workspace/exp/natural_qd_push/p0_v2_anchor_20260703_041511_UTC/live/smooth_qd_v2_8x5/seed_1001/openai_gpt-oss-120b/VerilogEval-Spec-to-RTL/Prob135_m2014_q6b/Gen3/Prob135_m2014_q6b_sample7_M-I,
smooth_qd_v2_8x5,VerilogEval-Spec-to-RTL,Prob135_m2014_q6b,combinational,3,fc392a59-e8c1-4632-9553-18153820b82f,C-F,generation_log,0.264140508221,0.396210762332,6,1.69e-06,0,5,0.000223,0,-0.2,0.992421524664,0,/workspace/exp/natural_qd_push/p0_v2_anchor_20260703_041511_UTC/live/smooth_qd_v2_8x5/seed_1001/openai_gpt-oss-120b/VerilogEval-Spec-to-RTL/Prob135_m2014_q6b/Gen3/Prob135_m2014_q6b_sample8_C-F,
smooth_qd_v2_8x5,VerilogEval-Spec-to-RTL,Prob135_m2014_q6b,combinational,4,0adfe93f-99bd-4768-9e03-e2bbef1b1c92,M-I,generation_log,0.264140508221,0.396210762332,6,1.69e-06,0,5,0.000223,0,-0.2,0.992421524664,0,/workspace/exp/natural_qd_push/p0_v2_anchor_20260703_041511_UTC/live/smooth_qd_v2_8x5/seed_1001/openai_gpt-oss-120b/VerilogEval-Spec-to-RTL/Prob135_m2014_q6b/Gen4/Prob135_m2014_q6b_sample1_M-I,
smooth_qd_v2_8x5,VerilogEval-Spec-to-RTL,Prob135_m2014_q6b,combinational,4,06544197-4b6d-49f8-a290-9a943187ad96,M-S,generation_log,0.263617339312,0.395426008969,6,2.04e-06,0,5,0.000223,0,-0.2,0.990852017937,0,/workspace/exp/natural_qd_push/p0_v2_anchor_20260703_041511_UTC/live/smooth_qd_v2_8x5/seed_1001/openai_gpt-oss-120b/VerilogEval-Spec-to-RTL/Prob135_m2014_q6b/Gen4/Prob135_m2014_q6b_sample2_M-S,
smooth_qd_v2_8x5,VerilogEval-Spec-to-RTL,Prob135_m2014_q6b,combinational,4,49c5c4d3-f9b5-4233-9124-b3c3a056d74c,C-F,generation_log,0.196143497758,0.294215246637,7,2.58e-06,0,5,0.000223,0,-0.4,0.988430493274,0,/workspace/exp/natural_qd_push/p0_v2_anchor_20260703_041511_UTC/live/smooth_qd_v2_8x5/seed_1001/openai_gpt-oss-120b/VerilogEval-Spec-to-RTL/Prob135_m2014_q6b/Gen4/Prob135_m2014_q6b_sample3_C-F,
smooth_qd_v2_8x5,VerilogEval-Spec-to-RTL,Prob135_m2014_q6b,combinational,4,78f501e7-fa4a-4610-91c1-87ea54da7763,C-F,generation_log,0.264140508221,0.396210762332,6,1.69e-06,0,5,0.000223,0,-0.2,0.992421524664,0,/workspace/exp/natural_qd_push/p0_v2_anchor_20260703_041511_UTC/live/smooth_qd_v2_8x5/seed_1001/openai_gpt-oss-120b/VerilogEval-Spec-to-RTL/Prob135_m2014_q6b/Gen4/Prob135_m2014_q6b_sample4_C-F,
smooth_qd_v2_8x5,VerilogEval-Spec-to-RTL,Prob135_m2014_q6b,combinational,4,be41aafc-c887-4884-b652-6af026d1b498,C-F,generation_log,0.196143497758,0.294215246637,7,2.58e-06,0,5,0.000223,0,-0.4,0.988430493274,0,/workspace/exp/natural_qd_push/p0_v2_anchor_20260703_041511_UTC/live/smooth_qd_v2_8x5/seed_1001/openai_gpt-oss-120b/VerilogEval-Spec-to-RTL/Prob135_m2014_q6b/Gen4/Prob135_m2014_q6b_sample5_C-F,
smooth_qd_v2_8x5,VerilogEval-Spec-to-RTL,Prob135_m2014_q6b,combinational,4,2c0d71c1-d60b-402e-89b6-e4d16a94767f,M-E,generation_log,0.196143497758,0.294215246637,7,2.58e-06,0,5,0.000223,0,-0.4,0.988430493274,0,/workspace/exp/natural_qd_push/p0_v2_anchor_20260703_041511_UTC/live/smooth_qd_v2_8x5/seed_1001/openai_gpt-oss-120b/VerilogEval-Spec-to-RTL/Prob135_m2014_q6b/Gen4/Prob135_m2014_q6b_sample6_M-E,
smooth_qd_v2_8x5,VerilogEval-Spec-to-RTL,Prob135_m2014_q6b,combinational,4,0f36da47-6989-4e94-b546-a504c678e815,M-R,generation_log,0.264140508221,0.396210762332,6,1.69e-06,0,5,0.000223,0,-0.2,0.992421524664,0,/workspace/exp/natural_qd_push/p0_v2_anchor_20260703_041511_UTC/live/smooth_qd_v2_8x5/seed_1001/openai_gpt-oss-120b/VerilogEval-Spec-to-RTL/Prob135_m2014_q6b/Gen4/Prob135_m2014_q6b_sample7_M-R,
smooth_qd_v2_8x5,VerilogEval-Spec-to-RTL,Prob135_m2014_q6b,combinational,4,c5d01075-a1a5-474e-a8e8-824c5bcb3999,M-S,generation_log,0.263617339312,0.395426008969,6,2.04e-06,0,5,0.000223,0,-0.2,0.990852017937,0,/workspace/exp/natural_qd_push/p0_v2_anchor_20260703_041511_UTC/live/smooth_qd_v2_8x5/seed_1001/openai_gpt-oss-120b/VerilogEval-Spec-to-RTL/Prob135_m2014_q6b/Gen4/Prob135_m2014_q6b_sample8_M-S,
smooth_qd_v2_8x5,VerilogEval-Spec-to-RTL,Prob135_m2014_q6b,combinational,5,ce118308-0eca-4c92-8c4f-6d8aa0f3d00d,C-F,generation_log,0.196143497758,0.294215246637,7,2.58e-06,0,5,0.000223,0,-0.4,0.988430493274,0,/workspace/exp/natural_qd_push/p0_v2_anchor_20260703_041511_UTC/live/smooth_qd_v2_8x5/seed_1001/openai_gpt-oss-120b/VerilogEval-Spec-to-RTL/Prob135_m2014_q6b/Gen5/Prob135_m2014_q6b_sample1_C-F,
smooth_qd_v2_8x5,VerilogEval-Spec-to-RTL,Prob135_m2014_q6b,combinational,5,f8818376-28ad-4286-86c0-ab1a4383c17d,M-E,generation_log,0.26312406577,0.394686098655,6,2.37e-06,0,5,0.000223,0,-0.2,0.989372197309,0,/workspace/exp/natural_qd_push/p0_v2_anchor_20260703_041511_UTC/live/smooth_qd_v2_8x5/seed_1001/openai_gpt-oss-120b/VerilogEval-Spec-to-RTL/Prob135_m2014_q6b/Gen5/Prob135_m2014_q6b_sample2_M-E,
smooth_qd_v2_8x5,VerilogEval-Spec-to-RTL,Prob135_m2014_q6b,combinational,5,5fa15fa5-9c72-44b9-a583-4b41977c73de,C-F,generation_log,0.263617339312,0.395426008969,6,2.04e-06,0,5,0.000223,0,-0.2,0.990852017937,0,/workspace/exp/natural_qd_push/p0_v2_anchor_20260703_041511_UTC/live/smooth_qd_v2_8x5/seed_1001/openai_gpt-oss-120b/VerilogEval-Spec-to-RTL/Prob135_m2014_q6b/Gen5/Prob135_m2014_q6b_sample3_C-F,
smooth_qd_v2_8x5,VerilogEval-Spec-to-RTL,Prob135_m2014_q6b,combinational,5,2bf5dddf-dc2d-49c1-8329-dc0e654be1bb,C-F,generation_log,0.196143497758,0.294215246637,7,2.58e-06,0,5,0.000223,0,-0.4,0.988430493274,0,/workspace/exp/natural_qd_push/p0_v2_anchor_20260703_041511_UTC/live/smooth_qd_v2_8x5/seed_1001/openai_gpt-oss-120b/VerilogEval-Spec-to-RTL/Prob135_m2014_q6b/Gen5/Prob135_m2014_q6b_sample4_C-F,
smooth_qd_v2_8x5,VerilogEval-Spec-to-RTL,Prob135_m2014_q6b,combinational,5,40a2360f-6d8e-4ec9-a91c-73087987233c,M-I,generation_log,0.264140508221,0.396210762332,6,1.69e-06,0,5,0.000223,0,-0.2,0.992421524664,0,/workspace/exp/natural_qd_push/p0_v2_anchor_20260703_041511_UTC/live/smooth_qd_v2_8x5/seed_1001/openai_gpt-oss-120b/VerilogEval-Spec-to-RTL/Prob135_m2014_q6b/Gen5/Prob135_m2014_q6b_sample5_M-I,
smooth_qd_v2_8x5,VerilogEval-Spec-to-RTL,Prob135_m2014_q6b,combinational,5,8be63547-7dda-4c98-993f-4df6b84003fb,C-F,generation_log,0.264140508221,0.396210762332,6,1.69e-06,0,5,0.000223,0,-0.2,0.992421524664,0,/workspace/exp/natural_qd_push/p0_v2_anchor_20260703_041511_UTC/live/smooth_qd_v2_8x5/seed_1001/openai_gpt-oss-120b/VerilogEval-Spec-to-RTL/Prob135_m2014_q6b/Gen5/Prob135_m2014_q6b_sample6_C-F,
smooth_qd_v2_8x5,VerilogEval-Spec-to-RTL,Prob135_m2014_q6b,combinational,5,74315b26-d323-4787-ac2d-568782dc8567,M-R,generation_log,0.263617339312,0.395426008969,6,2.04e-06,0,5,0.000223,0,-0.2,0.990852017937,0,/workspace/exp/natural_qd_push/p0_v2_anchor_20260703_041511_UTC/live/smooth_qd_v2_8x5/seed_1001/openai_gpt-oss-120b/VerilogEval-Spec-to-RTL/Prob135_m2014_q6b/Gen5/Prob135_m2014_q6b_sample7_M-R,
smooth_qd_v2_8x5,VerilogEval-Spec-to-RTL,Prob135_m2014_q6b,combinational,5,58e5fa9c-4519-451f-a9d8-ca9c146ea528,M-S,generation_log,0.264140508221,0.396210762332,6,1.69e-06,0,5,0.000223,0,-0.2,0.992421524664,0,/workspace/exp/natural_qd_push/p0_v2_anchor_20260703_041511_UTC/live/smooth_qd_v2_8x5/seed_1001/openai_gpt-oss-120b/VerilogEval-Spec-to-RTL/Prob135_m2014_q6b/Gen5/Prob135_m2014_q6b_sample8_M-S,
smooth_qd_v2_8x5,VerilogEval-Spec-to-RTL,Prob153_gshare,sequential,0,fa7f31d8-979a-4f1b-b672-f07a7e6e58d3,initial,generation_log,-0.0177361717865,-0.0177361717865,3080,0.429,0.79,3025,0.437,0.75,-0.0181818181818,0.0183066361556,-0.0533333333333,/workspace/exp/natural_qd_push/p0_v2_anchor_20260703_041511_UTC/live/smooth_qd_v2_8x5/seed_1001/openai_gpt-oss-120b/VerilogEval-Spec-to-RTL/Prob153_gshare/Gen0/Prob153_gshare_sample8_initial,
smooth_qd_v2_8x5,VerilogEval-Spec-to-RTL,Prob153_gshare,sequential,1,e0ab3225-bbe9-457b-ac44-57f1e2330a8d,M-S,generation_log,0.1309222031,0.1309222031,2837,0.31,0.72,3025,0.437,0.75,0.0621487603306,0.29061784897,0.04,/workspace/exp/natural_qd_push/p0_v2_anchor_20260703_041511_UTC/live/smooth_qd_v2_8x5/seed_1001/openai_gpt-oss-120b/VerilogEval-Spec-to-RTL/Prob153_gshare/Gen1/Prob153_gshare_sample8_M-S,
smooth_qd_v2_8x5,VerilogEval-Spec-to-RTL,Prob153_gshare,sequential,2,8a69e151-5ef3-480d-b401-c96a948841e9,M-S,generation_log,-0.0177361717865,-0.0177361717865,3080,0.429,0.79,3025,0.437,0.75,-0.0181818181818,0.0183066361556,-0.0533333333333,/workspace/exp/natural_qd_push/p0_v2_anchor_20260703_041511_UTC/live/smooth_qd_v2_8x5/seed_1001/openai_gpt-oss-120b/VerilogEval-Spec-to-RTL/Prob153_gshare/Gen2/Prob153_gshare_sample5_M-S,
smooth_qd_v2_8x5,VerilogEval-Spec-to-RTL,Prob153_gshare,sequential,2,9028f431-8cf0-46d5-9493-5431e6b47423,M-I,generation_log,0.044478653815,0.044478653815,3124,0.411,0.67,3025,0.437,0.75,-0.0327272727273,0.0594965675057,0.106666666667,/workspace/exp/natural_qd_push/p0_v2_anchor_20260703_041511_UTC/live/smooth_qd_v2_8x5/seed_1001/openai_gpt-oss-120b/VerilogEval-Spec-to-RTL/Prob153_gshare/Gen2/Prob153_gshare_sample6_M-I,
smooth_qd_v2_8x5,VerilogEval-Spec-to-RTL,Prob153_gshare,sequential,4,915e6baa-ac1a-4e11-8147-058c8e588ffd,M-I,generation_log,0.0867044482688,0.0867044482688,2990,0.375,0.67,3025,0.437,0.75,0.0115702479339,0.141876430206,0.106666666667,/workspace/exp/natural_qd_push/p0_v2_anchor_20260703_041511_UTC/live/smooth_qd_v2_8x5/seed_1001/openai_gpt-oss-120b/VerilogEval-Spec-to-RTL/Prob153_gshare/Gen4/Prob153_gshare_sample2_M-I,
smooth_qd_v2_8x5,VerilogEval-Spec-to-RTL,Prob153_gshare,sequential,4,aa7e584e-3bc4-401a-a0da-67a595bc1eb0,M-S,generation_log,-0.0177361717865,-0.0177361717865,3080,0.429,0.79,3025,0.437,0.75,-0.0181818181818,0.0183066361556,-0.0533333333333,/workspace/exp/natural_qd_push/p0_v2_anchor_20260703_041511_UTC/live/smooth_qd_v2_8x5/seed_1001/openai_gpt-oss-120b/VerilogEval-Spec-to-RTL/Prob153_gshare/Gen4/Prob153_gshare_sample5_M-S,
smooth_qd_v2_8x5,VerilogEval-Spec-to-RTL,Prob153_gshare,sequential,4,74eb446c-3cad-4933-9af4-91acebb4edf7,M-I,generation_log,-0.0177361717865,-0.0177361717865,3080,0.429,0.79,3025,0.437,0.75,-0.0181818181818,0.0183066361556,-0.0533333333333,/workspace/exp/natural_qd_push/p0_v2_anchor_20260703_041511_UTC/live/smooth_qd_v2_8x5/seed_1001/openai_gpt-oss-120b/VerilogEval-Spec-to-RTL/Prob153_gshare/Gen4/Prob153_gshare_sample6_M-I,
smooth_qd_v2_8x5,VerilogEval-Spec-to-RTL,Prob153_gshare,sequential,4,7b4b2868-55b3-4893-8f93-8fdbbc2a2cd4,M-R,generation_log,0.0812021189637,0.0812021189637,3002,0.363,0.7,3025,0.437,0.75,0.00760330578512,0.169336384439,0.0666666666667,/workspace/exp/natural_qd_push/p0_v2_anchor_20260703_041511_UTC/live/smooth_qd_v2_8x5/seed_1001/openai_gpt-oss-120b/VerilogEval-Spec-to-RTL/Prob153_gshare/Gen4/Prob153_gshare_sample7_M-R,
smooth_qd_v2_8x5,VerilogEval-Spec-to-RTL,Prob153_gshare,sequential,5,592b2ff2-4f07-4483-90d2-01fef4311a51,C-F,generation_log,0.044478653815,0.044478653815,3124,0.411,0.67,3025,0.437,0.75,-0.0327272727273,0.0594965675057,0.106666666667,/workspace/exp/natural_qd_push/p0_v2_anchor_20260703_041511_UTC/live/smooth_qd_v2_8x5/seed_1001/openai_gpt-oss-120b/VerilogEval-Spec-to-RTL/Prob153_gshare/Gen5/Prob153_gshare_sample2_C-F,
smooth_qd_v2_8x5,VerilogEval-Spec-to-RTL,Prob153_gshare,sequential,5,c4209dea-4b4c-45ec-9fe3-5fb4e247dd77,C-F,generation_log,0.0812021189637,0.0812021189637,3002,0.363,0.7,3025,0.437,0.75,0.00760330578512,0.169336384439,0.0666666666667,/workspace/exp/natural_qd_push/p0_v2_anchor_20260703_041511_UTC/live/smooth_qd_v2_8x5/seed_1001/openai_gpt-oss-120b/VerilogEval-Spec-to-RTL/Prob153_gshare/Gen5/Prob153_gshare_sample3_C-F,
smooth_qd_v2_8x5,VerilogEval-Spec-to-RTL,Prob153_gshare,sequential,5,02840092-22fd-4565-87e6-c2475c513da7,C-F,generation_log,0.0812021189637,0.0812021189637,3002,0.363,0.7,3025,0.437,0.75,0.00760330578512,0.169336384439,0.0666666666667,/workspace/exp/natural_qd_push/p0_v2_anchor_20260703_041511_UTC/live/smooth_qd_v2_8x5/seed_1001/openai_gpt-oss-120b/VerilogEval-Spec-to-RTL/Prob153_gshare/Gen5/Prob153_gshare_sample5_C-F,
smooth_qd_v2_8x5,VerilogEval-Spec-to-RTL,Prob153_gshare,sequential,5,15ce213f-2c53-4c19-bf54-f9ca7d914d37,C-F,generation_log,0.044478653815,0.044478653815,3124,0.411,0.67,3025,0.437,0.75,-0.0327272727273,0.0594965675057,0.106666666667,/workspace/exp/natural_qd_push/p0_v2_anchor_20260703_041511_UTC/live/smooth_qd_v2_8x5/seed_1001/openai_gpt-oss-120b/VerilogEval-Spec-to-RTL/Prob153_gshare/Gen5/Prob153_gshare_sample7_C-F,
smooth_qd_v2_8x5,VerilogEval-Spec-to-RTL,Prob153_gshare,sequential,5,4a4d9a03-ed6d-471d-8eb8-bdd4686b1bc1,M-R,generation_log,0.128003311669,0.128003311669,2837,0.308,0.73,3025,0.437,0.75,0.0621487603306,0.295194508009,0.0266666666667,/workspace/exp/natural_qd_push/p0_v2_anchor_20260703_041511_UTC/live/smooth_qd_v2_8x5/seed_1001/openai_gpt-oss-120b/VerilogEval-Spec-to-RTL/Prob153_gshare/Gen5/Prob153_gshare_sample8_M-R,
n07a_source_aligned_rf_timing,RTLLM,Prob015_multi_pipe_8bit,sequential,1,cd3a5eba-6faf-4225-867c-ca02ac0f6d8f,M-F,generation_log,-0.016428022673,-0.016428022673,995,0.0819,0.92,980,0.0898,0.82,-0.015306122449,0.0879732739421,-0.121951219512,/workspace/exp/natural_qd_push/n07_corrected_suite_20260707_130714_UTC/live/source_aligned_rf_timing_state_3d/seed_1001/openai_gpt-oss-120b/RTLLM/Prob015_multi_pipe_8bit/Gen1/Prob015_multi_pipe_8bit_sample1_M-F,
n07a_source_aligned_rf_timing,RTLLM,Prob015_multi_pipe_8bit,sequential,1,fab33fec-0e75-4799-a840-abb2579ce658,M-E,generation_log,-0.0432463528081,-0.0432463528081,1041,0.132,0.49,980,0.0898,0.82,-0.0622448979592,-0.469933184855,0.40243902439,/workspace/exp/natural_qd_push/n07_corrected_suite_20260707_130714_UTC/live/source_aligned_rf_timing_state_3d/seed_1001/openai_gpt-oss-120b/RTLLM/Prob015_multi_pipe_8bit/Gen1/Prob015_multi_pipe_8bit_sample4_M-E,
n07a_source_aligned_rf_timing,RTLLM,Prob015_multi_pipe_8bit,sequential,2,028476e5-6396-4062-843b-12edc7a41e88,M-E,generation_log,-0.128753238489,-0.128753238489,898,0.132,0.82,980,0.0898,0.82,0.0836734693878,-0.469933184855,0,/workspace/exp/natural_qd_push/n07_corrected_suite_20260707_130714_UTC/live/source_aligned_rf_timing_state_3d/seed_1001/openai_gpt-oss-120b/RTLLM/Prob015_multi_pipe_8bit/Gen2/Prob015_multi_pipe_8bit_sample1_M-E,
n07a_source_aligned_rf_timing,RTLLM,Prob015_multi_pipe_8bit,sequential,2,08fb8c44-12ef-4a67-b060-3f4594bcab0b,M-I,generation_log,-0.295002555316,-0.295002555316,1156,0.186,0.52,980,0.0898,0.82,-0.179591836735,-1.07126948775,0.365853658537,/workspace/exp/natural_qd_push/n07_corrected_suite_20260707_130714_UTC/live/source_aligned_rf_timing_state_3d/seed_1001/openai_gpt-oss-120b/RTLLM/Prob015_multi_pipe_8bit/Gen2/Prob015_multi_pipe_8bit_sample7_M-I,
n07a_source_aligned_rf_timing,RTLLM,Prob015_multi_pipe_8bit,sequential,3,a930a3fa-2584-4129-9e64-dfc0f3511377,M-E,generation_log,-0.13281827914,-0.13281827914,898,0.132,0.83,980,0.0898,0.82,0.0836734693878,-0.469933184855,-0.0121951219512,/workspace/exp/natural_qd_push/n07_corrected_suite_20260707_130714_UTC/live/source_aligned_rf_timing_state_3d/seed_1001/openai_gpt-oss-120b/RTLLM/Prob015_multi_pipe_8bit/Gen3/Prob015_multi_pipe_8bit_sample3_M-E,
n07a_source_aligned_rf_timing,RTLLM,Prob015_multi_pipe_8bit,sequential,3,da110159-4642-42f4-90d7-04d64df153e8,M-I,generation_log,-0.169103640152,-0.169103640152,1105,0.102,1.02,980,0.0898,0.82,-0.127551020408,-0.135857461024,-0.243902439024,/workspace/exp/natural_qd_push/n07_corrected_suite_20260707_130714_UTC/live/source_aligned_rf_timing_state_3d/seed_1001/openai_gpt-oss-120b/RTLLM/Prob015_multi_pipe_8bit/Gen3/Prob015_multi_pipe_8bit_sample6_M-I,
n07a_source_aligned_rf_timing,RTLLM,Prob015_multi_pipe_8bit,sequential,4,b343ba3c-d5ee-4280-80b3-c98191ed653e,M-F,generation_log,0.0610503661511,0.0610503661511,616,0.0859,1.01,980,0.0898,0.82,0.371428571429,0.043429844098,-0.231707317073,/workspace/exp/natural_qd_push/n07_corrected_suite_20260707_130714_UTC/live/source_aligned_rf_timing_state_3d/seed_1001/openai_gpt-oss-120b/RTLLM/Prob015_multi_pipe_8bit/Gen4/Prob015_multi_pipe_8bit_sample2_M-F,
n07a_source_aligned_rf_timing,RTLLM,Prob015_multi_pipe_8bit,sequential,4,db7c4a26-3583-4aa2-a12d-1fbf4b80d859,M-R,generation_log,-0.0106380789048,-0.0106380789048,901,0.101,0.81,980,0.0898,0.82,0.080612244898,-0.124721603563,0.0121951219512,/workspace/exp/natural_qd_push/n07_corrected_suite_20260707_130714_UTC/live/source_aligned_rf_timing_state_3d/seed_1001/openai_gpt-oss-120b/RTLLM/Prob015_multi_pipe_8bit/Gen4/Prob015_multi_pipe_8bit_sample5_M-R,
n07a_source_aligned_rf_timing,RTLLM,Prob015_multi_pipe_8bit,sequential,4,7113bb0d-7e54-40ef-8a24-5332270a656d,M-I,generation_log,-0.102898242245,-0.102898242245,1074,0.133,0.6,980,0.0898,0.82,-0.0959183673469,-0.481069042316,0.268292682927,/workspace/exp/natural_qd_push/n07_corrected_suite_20260707_130714_UTC/live/source_aligned_rf_timing_state_3d/seed_1001/openai_gpt-oss-120b/RTLLM/Prob015_multi_pipe_8bit/Gen4/Prob015_multi_pipe_8bit_sample6_M-I,
n07a_source_aligned_rf_timing,RTLLM,Prob015_multi_pipe_8bit,sequential,4,bccb28a5-e7b9-4421-8a7d-c640f4172c55,M-S,generation_log,-0.13281827914,-0.13281827914,898,0.132,0.83,980,0.0898,0.82,0.0836734693878,-0.469933184855,-0.0121951219512,/workspace/exp/natural_qd_push/n07_corrected_suite_20260707_130714_UTC/live/source_aligned_rf_timing_state_3d/seed_1001/openai_gpt-oss-120b/RTLLM/Prob015_multi_pipe_8bit/Gen4/Prob015_multi_pipe_8bit_sample7_M-S,
n07a_source_aligned_rf_timing,RTLLM,Prob015_multi_pipe_8bit,sequential,5,6ffff153-ab20-4c97-8390-60abfaf2a3a3,M-F,generation_log,-0.223610641497,-0.223610641497,1062,0.171,0.56,980,0.0898,0.82,-0.0836734693878,-0.904231625835,0.317073170732,/workspace/exp/natural_qd_push/n07_corrected_suite_20260707_130714_UTC/live/source_aligned_rf_timing_state_3d/seed_1001/openai_gpt-oss-120b/RTLLM/Prob015_multi_pipe_8bit/Gen5/Prob015_multi_pipe_8bit_sample3_M-F,
n07a_source_aligned_rf_timing,RTLLM,Prob015_multi_pipe_8bit,sequential,5,d5ac8778-cfcb-431c-8477-4ae8c80dd1a6,M-F,generation_log,-0.0220223914434,-0.0220223914434,684,0.0681,1.32,980,0.0898,0.82,0.302040816327,0.241648106904,-0.609756097561,/workspace/exp/natural_qd_push/n07_corrected_suite_20260707_130714_UTC/live/source_aligned_rf_timing_state_3d/seed_1001/openai_gpt-oss-120b/RTLLM/Prob015_multi_pipe_8bit/Gen5/Prob015_multi_pipe_8bit_sample4_M-F,
n07a_source_aligned_rf_timing,RTLLM,Prob015_multi_pipe_8bit,sequential,5,0c9c8155-5310-4852-a9bf-293fad1f5db8,C-D,generation_log,-0.322433791812,-0.322433791812,1140,0.185,0.61,980,0.0898,0.82,-0.163265306122,-1.06013363029,0.256097560976,/workspace/exp/natural_qd_push/n07_corrected_suite_20260707_130714_UTC/live/source_aligned_rf_timing_state_3d/seed_1001/openai_gpt-oss-120b/RTLLM/Prob015_multi_pipe_8bit/Gen5/Prob015_multi_pipe_8bit_sample6_C-D,
n07a_source_aligned_rf_timing,RTLLM,Prob024_fsm,combinational,0,5cfbdc75-1302-4d2f-af4a-a480a0804c4f,initial,generation_log,0.470070899802,0.330106349703,29,0.00493,0.25,46,0.00695,0,0.369565217391,0.290647482014,-250000000000,/workspace/exp/natural_qd_push/n07_corrected_suite_20260707_130714_UTC/live/source_aligned_rf_timing_state_3d/seed_1001/openai_gpt-oss-120b/RTLLM/Prob024_fsm/Gen0/Prob024_fsm_sample6_initial,
n07a_source_aligned_rf_timing,RTLLM,Prob024_fsm,combinational,1,84ce85ae-d1c4-451a-bd0a-7f2c1e959bb0,M-F,generation_log,0.265517672818,0.0282765092274,34,0.00837,0.26,46,0.00695,0,0.260869565217,-0.204316546763,-260000000000,/workspace/exp/natural_qd_push/n07_corrected_suite_20260707_130714_UTC/live/source_aligned_rf_timing_state_3d/seed_1001/openai_gpt-oss-120b/RTLLM/Prob024_fsm/Gen1/Prob024_fsm_sample1_M-F,
n07a_source_aligned_rf_timing,RTLLM,Prob024_fsm,combinational,1,56406d0b-de6e-4ab0-bb74-b4b4ff2b9161,M-F,generation_log,0.500233552289,0.340350328433,36,0.00373,0.18,46,0.00695,0,0.217391304348,0.463309352518,-180000000000,/workspace/exp/natural_qd_push/n07_corrected_suite_20260707_130714_UTC/live/source_aligned_rf_timing_state_3d/seed_1001/openai_gpt-oss-120b/RTLLM/Prob024_fsm/Gen1/Prob024_fsm_sample3_M-F,
n07a_source_aligned_rf_timing,RTLLM,Prob024_fsm,combinational,2,2cdee620-c74b-49d3-98bb-51c52739d7f5,M-F,generation_log,0.500233552289,0.340350328433,36,0.00373,0.18,46,0.00695,0,0.217391304348,0.463309352518,-180000000000,/workspace/exp/natural_qd_push/n07_corrected_suite_20260707_130714_UTC/live/source_aligned_rf_timing_state_3d/seed_1001/openai_gpt-oss-120b/RTLLM/Prob024_fsm/Gen2/Prob024_fsm_sample4_M-F,
n07a_source_aligned_rf_timing,RTLLM,Prob024_fsm,combinational,3,86f6c4ac-6c35-4a6f-bbb6-3259cb98e77a,M-F,generation_log,0.168958398499,-0.116562402252,37,0.00993,0.26,46,0.00695,0,0.195652173913,-0.428776978417,-260000000000,/workspace/exp/natural_qd_push/n07_corrected_suite_20260707_130714_UTC/live/source_aligned_rf_timing_state_3d/seed_1001/openai_gpt-oss-120b/RTLLM/Prob024_fsm/Gen3/Prob024_fsm_sample1_M-F,
n07a_source_aligned_rf_timing,RTLLM,Prob024_fsm,combinational,4,d39e9e04-cfe5-4b74-90da-2c8ea054e6bd,M-E,generation_log,0.470070899802,0.330106349703,29,0.00493,0.25,46,0.00695,0,0.369565217391,0.290647482014,-250000000000,/workspace/exp/natural_qd_push/n07_corrected_suite_20260707_130714_UTC/live/source_aligned_rf_timing_state_3d/seed_1001/openai_gpt-oss-120b/RTLLM/Prob024_fsm/Gen4/Prob024_fsm_sample3_M-E,
n07a_source_aligned_rf_timing,RTLLM,Prob024_fsm,combinational,4,d7f82886-dc32-4c44-a93f-c344f07cb407,M-F,generation_log,0.168958398499,-0.116562402252,37,0.00993,0.26,46,0.00695,0,0.195652173913,-0.428776978417,-260000000000,/workspace/exp/natural_qd_push/n07_corrected_suite_20260707_130714_UTC/live/source_aligned_rf_timing_state_3d/seed_1001/openai_gpt-oss-120b/RTLLM/Prob024_fsm/Gen4/Prob024_fsm_sample4_M-F,
n07a_source_aligned_rf_timing,RTLLM,Prob041_traffic_light,combinational,0,9652f6e6-261e-49fc-bdfb-28c33eb33c6f,initial,generation_log,0.375787339627,0.563681009441,147,0.000257,0,170,0.0324,0,0.135294117647,0.992067901235,0,/workspace/exp/natural_qd_push/n07_corrected_suite_20260707_130714_UTC/live/source_aligned_rf_timing_state_3d/seed_1001/openai_gpt-oss-120b/RTLLM/Prob041_traffic_light/Gen0/Prob041_traffic_light_sample7_initial,
n07a_source_aligned_rf_timing,RTLLM,Prob041_traffic_light,combinational,0,4281d5cd-caab-4e0b-aa9e-c0d6aec1f872,initial,generation_log,0.0805979181796,0.120896877269,163,0.0259,0,170,0.0324,0,0.0411764705882,0.200617283951,0,/workspace/exp/natural_qd_push/n07_corrected_suite_20260707_130714_UTC/live/source_aligned_rf_timing_state_3d/seed_1001/openai_gpt-oss-120b/RTLLM/Prob041_traffic_light/Gen0/Prob041_traffic_light_sample8_initial,
n07a_source_aligned_rf_timing,RTLLM,Prob041_traffic_light,combinational,1,bb211e4d-3d6b-42d3-8b05-f35700191b48,M-F,generation_log,0.364970951344,0.547456427015,151,0.000546,0,170,0.0324,0,0.111764705882,0.983148148148,0,/workspace/exp/natural_qd_push/n07_corrected_suite_20260707_130714_UTC/live/source_aligned_rf_timing_state_3d/seed_1001/openai_gpt-oss-120b/RTLLM/Prob041_traffic_light/Gen1/Prob041_traffic_light_sample1_M-F,
n07a_source_aligned_rf_timing,RTLLM,Prob041_traffic_light,combinational,1,19e03018-5f61-41e7-b582-8bfcfa3c3990,M-E,generation_log,0.371439724038,0.557159586057,148,0.000489,0,170,0.0324,0,0.129411764706,0.984907407407,0,/workspace/exp/natural_qd_push/n07_corrected_suite_20260707_130714_UTC/live/source_aligned_rf_timing_state_3d/seed_1001/openai_gpt-oss-120b/RTLLM/Prob041_traffic_light/Gen1/Prob041_traffic_light_sample2_M-E,
n07a_source_aligned_rf_timing,RTLLM,Prob041_traffic_light,combinational,1,fa246bb5-043d-4138-8a63-c1c91a323cb4,M-I,generation_log,0.375787339627,0.563681009441,147,0.000257,0,170,0.0324,0,0.135294117647,0.992067901235,0,/workspace/exp/natural_qd_push/n07_corrected_suite_20260707_130714_UTC/live/source_aligned_rf_timing_state_3d/seed_1001/openai_gpt-oss-120b/RTLLM/Prob041_traffic_light/Gen1/Prob041_traffic_light_sample7_M-I,
n07a_source_aligned_rf_timing,RTLLM,Prob041_traffic_light,combinational,1,1785b0ec-64a8-4b99-a1a8-f297766bbcf0,M-S,generation_log,0.0905591866376,0.135838779956,149,0.0276,0,170,0.0324,0,0.123529411765,0.148148148148,0,/workspace/exp/natural_qd_push/n07_corrected_suite_20260707_130714_UTC/live/source_aligned_rf_timing_state_3d/seed_1001/openai_gpt-oss-120b/RTLLM/Prob041_traffic_light/Gen1/Prob041_traffic_light_sample8_M-S,
n07a_source_aligned_rf_timing,RTLLM,Prob041_traffic_light,combinational,2,5f397d5d-8e38-4a94-9dbf-423f9b28d2b1,M-E,generation_log,0.378402323893,0.567603485839,145,0.000384,0,170,0.0324,0,0.147058823529,0.988148148148,0,/workspace/exp/natural_qd_push/n07_corrected_suite_20260707_130714_UTC/live/source_aligned_rf_timing_state_3d/seed_1001/openai_gpt-oss-120b/RTLLM/Prob041_traffic_light/Gen2/Prob041_traffic_light_sample1_M-E,
n07a_source_aligned_rf_timing,RTLLM,Prob041_traffic_light,combinational,2,02ea245a-2a25-41c5-80cd-00ae34497078,M-F,generation_log,-0.0588598402324,-0.0882897603486,189,0.0345,0,170,0.0324,0,-0.111764705882,-0.0648148148148,0,/workspace/exp/natural_qd_push/n07_corrected_suite_20260707_130714_UTC/live/source_aligned_rf_timing_state_3d/seed_1001/openai_gpt-oss-120b/RTLLM/Prob041_traffic_light/Gen2/Prob041_traffic_light_sample4_M-F,
n07a_source_aligned_rf_timing,RTLLM,Prob041_traffic_light,combinational,2,e1231c75-0f2b-4b71-82df-dc018348d632,M-I,generation_log,0.375787339627,0.563681009441,147,0.000257,0,170,0.0324,0,0.135294117647,0.992067901235,0,/workspace/exp/natural_qd_push/n07_corrected_suite_20260707_130714_UTC/live/source_aligned_rf_timing_state_3d/seed_1001/openai_gpt-oss-120b/RTLLM/Prob041_traffic_light/Gen2/Prob041_traffic_light_sample5_M-I,
n07a_source_aligned_rf_timing,RTLLM,Prob041_traffic_light,combinational,2,649aa0e1-33a5-4303-969d-55471646b6cd,M-S,generation_log,0.375787339627,0.563681009441,147,0.000257,0,170,0.0324,0,0.135294117647,0.992067901235,0,/workspace/exp/natural_qd_push/n07_corrected_suite_20260707_130714_UTC/live/source_aligned_rf_timing_state_3d/seed_1001/openai_gpt-oss-120b/RTLLM/Prob041_traffic_light/Gen2/Prob041_traffic_light_sample8_M-S,
n07a_source_aligned_rf_timing,RTLLM,Prob041_traffic_light,combinational,3,3acd30bf-dc54-442f-898f-010800df34c7,C-D,generation_log,0.378402323893,0.567603485839,145,0.000384,0,170,0.0324,0,0.147058823529,0.988148148148,0,/workspace/exp/natural_qd_push/n07_corrected_suite_20260707_130714_UTC/live/source_aligned_rf_timing_state_3d/seed_1001/openai_gpt-oss-120b/RTLLM/Prob041_traffic_light/Gen3/Prob041_traffic_light_sample1_C-D,
n07a_source_aligned_rf_timing,RTLLM,Prob041_traffic_light,combinational,3,1ea4b265-91fe-42ff-8f81-0f2a6bb39edf,M-E,generation_log,0.349041999516,0.523562999274,160,0.000379,0,170,0.0324,0,0.0588235294118,0.988302469136,0,/workspace/exp/natural_qd_push/n07_corrected_suite_20260707_130714_UTC/live/source_aligned_rf_timing_state_3d/seed_1001/openai_gpt-oss-120b/RTLLM/Prob041_traffic_light/Gen3/Prob041_traffic_light_sample2_M-E,
n07a_source_aligned_rf_timing,RTLLM,Prob041_traffic_light,combinational,3,b27950d6-85ff-45b5-bee4-61c7e82d54ba,M-I,generation_log,0.36663761801,0.549956427015,151,0.000384,0,170,0.0324,0,0.111764705882,0.988148148148,0,/workspace/exp/natural_qd_push/n07_corrected_suite_20260707_130714_UTC/live/source_aligned_rf_timing_state_3d/seed_1001/openai_gpt-oss-120b/RTLLM/Prob041_traffic_light/Gen3/Prob041_traffic_light_sample3_M-I,
n07a_source_aligned_rf_timing,RTLLM,Prob041_traffic_light,combinational,3,812f1f78-0373-4c4e-8886-3d854b5f8450,M-S,generation_log,0.100072621641,0.150108932462,141,0.0282,0,170,0.0324,0,0.170588235294,0.12962962963,0,/workspace/exp/natural_qd_push/n07_corrected_suite_20260707_130714_UTC/live/source_aligned_rf_timing_state_3d/seed_1001/openai_gpt-oss-120b/RTLLM/Prob041_traffic_light/Gen3/Prob041_traffic_light_sample4_M-S,
n07a_source_aligned_rf_timing,RTLLM,Prob041_traffic_light,combinational,3,62140300-02b2-4902-967f-792aa603f689,C-F,generation_log,0.380075042363,0.570112563544,144,0.000412,0,170,0.0324,0,0.152941176471,0.987283950617,0,/workspace/exp/natural_qd_push/n07_corrected_suite_20260707_130714_UTC/live/source_aligned_rf_timing_state_3d/seed_1001/openai_gpt-oss-120b/RTLLM/Prob041_traffic_light/Gen3/Prob041_traffic_light_sample7_C-F,
n07a_source_aligned_rf_timing,RTLLM,Prob041_traffic_light,combinational,3,fe7f10d4-733c-4f48-911c-cfc70a78f9da,C-F,generation_log,0.178963931252,0.268445896877,127,0.0232,0,170,0.0324,0,0.252941176471,0.283950617284,0,/workspace/exp/natural_qd_push/n07_corrected_suite_20260707_130714_UTC/live/source_aligned_rf_timing_state_3d/seed_1001/openai_gpt-oss-120b/RTLLM/Prob041_traffic_light/Gen3/Prob041_traffic_light_sample8_C-F,
n07a_source_aligned_rf_timing,RTLLM,Prob041_traffic_light,combinational,4,72e12d5f-e667-4cb5-8ec0-b84c4d7960a1,M-E,generation_log,0.0957758412007,0.143663761801,171,0.0229,0,170,0.0324,0,-0.00588235294118,0.293209876543,0,/workspace/exp/natural_qd_push/n07_corrected_suite_20260707_130714_UTC/live/source_aligned_rf_timing_state_3d/seed_1001/openai_gpt-oss-120b/RTLLM/Prob041_traffic_light/Gen4/Prob041_traffic_light_sample1_M-E,
n07a_source_aligned_rf_timing,RTLLM,Prob041_traffic_light,combinational,4,3ffdfeab-ca29-4127-8514-a72d619841c5,M-T,generation_log,0.185814572743,0.278721859114,134,0.0212,0,170,0.0324,0,0.211764705882,0.345679012346,0,/workspace/exp/natural_qd_push/n07_corrected_suite_20260707_130714_UTC/live/source_aligned_rf_timing_state_3d/seed_1001/openai_gpt-oss-120b/RTLLM/Prob041_traffic_light/Gen4/Prob041_traffic_light_sample2_M-T,
n07a_source_aligned_rf_timing,RTLLM,Prob041_traffic_light,combinational,4,ecef6937-f0d9-4e24-9ef2-7dbf98e2e075,C-F,generation_log,0.0153594771242,0.0230392156863,148,0.0351,0,170,0.0324,0,0.129411764706,-0.0833333333333,0,/workspace/exp/natural_qd_push/n07_corrected_suite_20260707_130714_UTC/live/source_aligned_rf_timing_state_3d/seed_1001/openai_gpt-oss-120b/RTLLM/Prob041_traffic_light/Gen4/Prob041_traffic_light_sample5_C-F,
n07a_source_aligned_rf_timing,RTLLM,Prob041_traffic_light,combinational,4,2f5b7d0e-ff30-4e22-8f3c-f3bf375f5133,C-F,generation_log,0.178963931252,0.268445896877,127,0.0232,0,170,0.0324,0,0.252941176471,0.283950617284,0,/workspace/exp/natural_qd_push/n07_corrected_suite_20260707_130714_UTC/live/source_aligned_rf_timing_state_3d/seed_1001/openai_gpt-oss-120b/RTLLM/Prob041_traffic_light/Gen4/Prob041_traffic_light_sample6_C-F,
n07a_source_aligned_rf_timing,RTLLM,Prob041_traffic_light,combinational,5,9d9384bd-3a67-4345-877a-aed0baf0774b,C-D,generation_log,0.395267489712,0.592901234568,136,0.00046,0,170,0.0324,0,0.2,0.985802469136,0,/workspace/exp/natural_qd_push/n07_corrected_suite_20260707_130714_UTC/live/source_aligned_rf_timing_state_3d/seed_1001/openai_gpt-oss-120b/RTLLM/Prob041_traffic_light/Gen5/Prob041_traffic_light_sample2_C-D,
n07a_source_aligned_rf_timing,RTLLM,Prob041_traffic_light,combinational,5,a29824c9-6399-4384-9f69-30f5a57a9494,C-F,generation_log,0.426387073348,0.639580610022,121,0.000294,0,170,0.0324,0,0.288235294118,0.990925925926,0,/workspace/exp/natural_qd_push/n07_corrected_suite_20260707_130714_UTC/live/source_aligned_rf_timing_state_3d/seed_1001/openai_gpt-oss-120b/RTLLM/Prob041_traffic_light/Gen5/Prob041_traffic_light_sample3_C-F,
n07a_source_aligned_rf_timing,RTLLM,Prob041_traffic_light,combinational,5,b6b7aaf5-438e-4444-8651-220902963317,M-R,generation_log,0.395267489712,0.592901234568,136,0.00046,0,170,0.0324,0,0.2,0.985802469136,0,/workspace/exp/natural_qd_push/n07_corrected_suite_20260707_130714_UTC/live/source_aligned_rf_timing_state_3d/seed_1001/openai_gpt-oss-120b/RTLLM/Prob041_traffic_light/Gen5/Prob041_traffic_light_sample4_M-R,
n07a_source_aligned_rf_timing,RTLLM,Prob041_traffic_light,combinational,5,286ca6ed-4f31-47e6-8f5b-543f69ee4050,C-F,generation_log,0.380075042363,0.570112563544,144,0.000412,0,170,0.0324,0,0.152941176471,0.987283950617,0,/workspace/exp/natural_qd_push/n07_corrected_suite_20260707_130714_UTC/live/source_aligned_rf_timing_state_3d/seed_1001/openai_gpt-oss-120b/RTLLM/Prob041_traffic_light/Gen5/Prob041_traffic_light_sample5_C-F,
n07a_source_aligned_rf_timing,RTLLM,Prob041_traffic_light,combinational,5,ee6662b1-cae1-48ed-90ae-c3bd8abb8223,C-F,generation_log,0.0934156378601,0.14012345679,136,0.0298,0,170,0.0324,0,0.2,0.0802469135802,0,/workspace/exp/natural_qd_push/n07_corrected_suite_20260707_130714_UTC/live/source_aligned_rf_timing_state_3d/seed_1001/openai_gpt-oss-120b/RTLLM/Prob041_traffic_light/Gen5/Prob041_traffic_light_sample8_C-F,
n07a_source_aligned_rf_timing,RTLLM,Prob045_alu,combinational,0,78e5c33e-8a7d-4cec-af02-e4bf5d2d29d5,initial,generation_log,0.369367895394,0.554051843091,1963,0.0011,0,2225,0.114,0,0.117752808989,0.990350877193,0,/workspace/exp/natural_qd_push/n07_corrected_suite_20260707_130714_UTC/live/source_aligned_rf_timing_state_3d/seed_1001/openai_gpt-oss-120b/RTLLM/Prob045_alu/Gen0/Prob045_alu_sample3_initial,
n07a_source_aligned_rf_timing,RTLLM,Prob045_alu,combinational,0,48d99282-9c20-4c89-9979-224c82740308,initial,generation_log,0.388361258953,0.582541888429,1837,0.00106,0,2225,0.114,0,0.174382022472,0.990701754386,0,/workspace/exp/natural_qd_push/n07_corrected_suite_20260707_130714_UTC/live/source_aligned_rf_timing_state_3d/seed_1001/openai_gpt-oss-120b/RTLLM/Prob045_alu/Gen0/Prob045_alu_sample8_initial,
n07a_source_aligned_rf_timing,RTLLM,Prob045_alu,combinational,1,65d4e245-5b92-416d-af9c-e3b732fa17b4,M-I,generation_log,0.369126749458,0.553690124187,1965,0.00108,0,2225,0.114,0,0.116853932584,0.990526315789,0,/workspace/exp/natural_qd_push/n07_corrected_suite_20260707_130714_UTC/live/source_aligned_rf_timing_state_3d/seed_1001/openai_gpt-oss-120b/RTLLM/Prob045_alu/Gen1/Prob045_alu_sample5_M-I,
n07a_source_aligned_rf_timing,RTLLM,Prob045_alu,combinational,2,fee38628-b879-421f-84e9-71b2d35de400,M-S,generation_log,0.385302910835,0.577954366253,1858,0.00103,0,2225,0.114,0,0.164943820225,0.990964912281,0,/workspace/exp/natural_qd_push/n07_corrected_suite_20260707_130714_UTC/live/source_aligned_rf_timing_state_3d/seed_1001/openai_gpt-oss-120b/RTLLM/Prob045_alu/Gen2/Prob045_alu_sample5_M-S,
n07a_source_aligned_rf_timing,RTLLM,Prob045_alu,combinational,2,4dc28a68-b561-4972-98d5-3a4be1b3c5c4,M-R,generation_log,0.367657861883,0.551486792825,1975,0.00107,0,2225,0.114,0,0.112359550562,0.990614035088,0,/workspace/exp/natural_qd_push/n07_corrected_suite_20260707_130714_UTC/live/source_aligned_rf_timing_state_3d/seed_1001/openai_gpt-oss-120b/RTLLM/Prob045_alu/Gen2/Prob045_alu_sample6_M-R,
n07a_source_aligned_rf_timing,RTLLM,Prob045_alu,combinational,2,f26a10c2-5979-4a2f-b167-32684cfbf5a4,M-I,generation_log,0.382814573888,0.574221860832,1875,0.00101,0,2225,0.114,0,0.157303370787,0.991140350877,0,/workspace/exp/natural_qd_push/n07_corrected_suite_20260707_130714_UTC/live/source_aligned_rf_timing_state_3d/seed_1001/openai_gpt-oss-120b/RTLLM/Prob045_alu/Gen2/Prob045_alu_sample7_M-I,
n07a_source_aligned_rf_timing,RTLLM,Prob045_alu,combinational,3,56e2344c-1879-487d-962f-757d6fe62917,M-F,generation_log,0.362505749392,0.543758624088,2009,0.00109,0,2225,0.114,0,0.0970786516854,0.990438596491,0,/workspace/exp/natural_qd_push/n07_corrected_suite_20260707_130714_UTC/live/source_aligned_rf_timing_state_3d/seed_1001/openai_gpt-oss-120b/RTLLM/Prob045_alu/Gen3/Prob045_alu_sample3_M-F,
n07a_source_aligned_rf_timing,RTLLM,Prob045_alu,combinational,3,6965de07-8660-4777-8acf-6831a1669ad4,M-I,generation_log,0.367657861883,0.551486792825,1975,0.00107,0,2225,0.114,0,0.112359550562,0.990614035088,0,/workspace/exp/natural_qd_push/n07_corrected_suite_20260707_130714_UTC/live/source_aligned_rf_timing_state_3d/seed_1001/openai_gpt-oss-120b/RTLLM/Prob045_alu/Gen3/Prob045_alu_sample6_M-I,
n07a_source_aligned_rf_timing,RTLLM,Prob045_alu,combinational,4,dcb6c482-9ee1-4855-85b9-a35963fe574b,M-S,generation_log,0.372630921874,0.558946382811,1942,0.00106,0,2225,0.114,0,0.127191011236,0.990701754386,0,/workspace/exp/natural_qd_push/n07_corrected_suite_20260707_130714_UTC/live/source_aligned_rf_timing_state_3d/seed_1001/openai_gpt-oss-120b/RTLLM/Prob045_alu/Gen4/Prob045_alu_sample5_M-S,
n07a_source_aligned_rf_timing,RTLLM,Prob045_alu,combinational,4,5ea82378-a1da-4b28-845d-4d5ec743cbcd,M-I,generation_log,0.367657861883,0.551486792825,1975,0.00107,0,2225,0.114,0,0.112359550562,0.990614035088,0,/workspace/exp/natural_qd_push/n07_corrected_suite_20260707_130714_UTC/live/source_aligned_rf_timing_state_3d/seed_1001/openai_gpt-oss-120b/RTLLM/Prob045_alu/Gen4/Prob045_alu_sample6_M-I,
n07a_source_aligned_rf_timing,RTLLM,Prob045_alu,combinational,4,7e212a26-fa7c-4cba-874d-9f38da9407e8,M-R,generation_log,0.367391090085,0.551086635127,1976,0.00111,0,2225,0.114,0,0.11191011236,0.990263157895,0,/workspace/exp/natural_qd_push/n07_corrected_suite_20260707_130714_UTC/live/source_aligned_rf_timing_state_3d/seed_1001/openai_gpt-oss-120b/RTLLM/Prob045_alu/Gen4/Prob045_alu_sample7_M-R,
n07a_source_aligned_rf_timing,RTLLM,Prob045_alu,combinational,4,c4a23856-b193-48d3-99d2-c3bfb7f4f955,M-I,generation_log,0.38499382351,0.577490735265,1861,0.000982,0,2225,0.114,0,0.163595505618,0.991385964912,0,/workspace/exp/natural_qd_push/n07_corrected_suite_20260707_130714_UTC/live/source_aligned_rf_timing_state_3d/seed_1001/openai_gpt-oss-120b/RTLLM/Prob045_alu/Gen4/Prob045_alu_sample8_M-I,
n07a_source_aligned_rf_timing,RTLLM,Prob045_alu,combinational,5,dad8481a-f701-4f67-b352-d0522785f740,M-R,generation_log,0.367657861883,0.551486792825,1975,0.00107,0,2225,0.114,0,0.112359550562,0.990614035088,0,/workspace/exp/natural_qd_push/n07_corrected_suite_20260707_130714_UTC/live/source_aligned_rf_timing_state_3d/seed_1001/openai_gpt-oss-120b/RTLLM/Prob045_alu/Gen5/Prob045_alu_sample4_M-R,
n07a_source_aligned_rf_timing,RTLLM,Prob045_alu,combinational,5,19355cda-bb2e-47af-ae3b-1c8b25da7ed8,M-I,generation_log,0.382215322952,0.573322984427,1879,0.00101,0,2225,0.114,0,0.155505617978,0.991140350877,0,/workspace/exp/natural_qd_push/n07_corrected_suite_20260707_130714_UTC/live/source_aligned_rf_timing_state_3d/seed_1001/openai_gpt-oss-120b/RTLLM/Prob045_alu/Gen5/Prob045_alu_sample5_M-I,
n07a_source_aligned_rf_timing,RTLLM,Prob045_alu,combinational,5,a55db765-5ed2-462d-8461-906d0eefb2e9,M-S,generation_log,0.385302910835,0.577954366253,1858,0.00103,0,2225,0.114,0,0.164943820225,0.990964912281,0,/workspace/exp/natural_qd_push/n07_corrected_suite_20260707_130714_UTC/live/source_aligned_rf_timing_state_3d/seed_1001/openai_gpt-oss-120b/RTLLM/Prob045_alu/Gen5/Prob045_alu_sample6_M-S,
n07a_source_aligned_rf_timing,RTLLM,Prob045_alu,combinational,5,d177e0fc-6ca1-4df7-b63b-46a8d56f7675,M-I,generation_log,0.369126749458,0.553690124187,1965,0.00108,0,2225,0.114,0,0.116853932584,0.990526315789,0,/workspace/exp/natural_qd_push/n07_corrected_suite_20260707_130714_UTC/live/source_aligned_rf_timing_state_3d/seed_1001/openai_gpt-oss-120b/RTLLM/Prob045_alu/Gen5/Prob045_alu_sample7_M-I,
n07a_source_aligned_rf_timing,RTLLM,Prob045_alu,combinational,5,19096220-f7fe-4162-80d4-cae2e3e305cf,M-S,generation_log,0.369126749458,0.553690124187,1965,0.00108,0,2225,0.114,0,0.116853932584,0.990526315789,0,/workspace/exp/natural_qd_push/n07_corrected_suite_20260707_130714_UTC/live/source_aligned_rf_timing_state_3d/seed_1001/openai_gpt-oss-120b/RTLLM/Prob045_alu/Gen5/Prob045_alu_sample8_M-S,
n07a_source_aligned_rf_timing,RTLLM,Prob049_signal_generator,sequential,0,e345d380-1c9b-41c1-8e8c-ff03a288c7bd,initial,generation_log,0.234774694403,0.234774694403,82,0.00252,0.38,94,0.00467,0.43,0.127659574468,0.460385438972,0.116279069767,/workspace/exp/natural_qd_push/n07_corrected_suite_20260707_130714_UTC/live/source_aligned_rf_timing_state_3d/seed_1001/openai_gpt-oss-120b/RTLLM/Prob049_signal_generator/Gen0/Prob049_signal_generator_sample1_initial,
n07a_source_aligned_rf_timing,RTLLM,Prob049_signal_generator,sequential,0,daf857e8-f24b-4351-8729-f647199cf56f,initial,generation_log,0.234774694403,0.234774694403,82,0.00252,0.38,94,0.00467,0.43,0.127659574468,0.460385438972,0.116279069767,/workspace/exp/natural_qd_push/n07_corrected_suite_20260707_130714_UTC/live/source_aligned_rf_timing_state_3d/seed_1001/openai_gpt-oss-120b/RTLLM/Prob049_signal_generator/Gen0/Prob049_signal_generator_sample2_initial,
n07a_source_aligned_rf_timing,RTLLM,Prob049_signal_generator,sequential,0,b59a9bf1-6a2f-4775-b42a-56e6c97ab29d,initial,generation_log,0.234774694403,0.234774694403,82,0.00252,0.38,94,0.00467,0.43,0.127659574468,0.460385438972,0.116279069767,/workspace/exp/natural_qd_push/n07_corrected_suite_20260707_130714_UTC/live/source_aligned_rf_timing_state_3d/seed_1001/openai_gpt-oss-120b/RTLLM/Prob049_signal_generator/Gen0/Prob049_signal_generator_sample5_initial,
n07a_source_aligned_rf_timing,RTLLM,Prob049_signal_generator,sequential,0,2a3518b6-4194-4ff7-a66b-4bd81f1773f3,initial,generation_log,0.234774694403,0.234774694403,82,0.00252,0.38,94,0.00467,0.43,0.127659574468,0.460385438972,0.116279069767,/workspace/exp/natural_qd_push/n07_corrected_suite_20260707_130714_UTC/live/source_aligned_rf_timing_state_3d/seed_1001/openai_gpt-oss-120b/RTLLM/Prob049_signal_generator/Gen0/Prob049_signal_generator_sample7_initial,
n07a_source_aligned_rf_timing,RTLLM,Prob049_signal_generator,sequential,0,b44e7888-7333-4493-83bb-c92fcac0dd61,initial,generation_log,0.234774694403,0.234774694403,82,0.00252,0.38,94,0.00467,0.43,0.127659574468,0.460385438972,0.116279069767,/workspace/exp/natural_qd_push/n07_corrected_suite_20260707_130714_UTC/live/source_aligned_rf_timing_state_3d/seed_1001/openai_gpt-oss-120b/RTLLM/Prob049_signal_generator/Gen0/Prob049_signal_generator_sample8_initial,
n07a_source_aligned_rf_timing,RTLLM,Prob049_signal_generator,sequential,1,9e7ec51e-15d1-4112-ae88-76ed61d49f70,M-F,generation_log,0.234774694403,0.234774694403,82,0.00252,0.38,94,0.00467,0.43,0.127659574468,0.460385438972,0.116279069767,/workspace/exp/natural_qd_push/n07_corrected_suite_20260707_130714_UTC/live/source_aligned_rf_timing_state_3d/seed_1001/openai_gpt-oss-120b/RTLLM/Prob049_signal_generator/Gen1/Prob049_signal_generator_sample2_M-F,
n07a_source_aligned_rf_timing,RTLLM,Prob049_signal_generator,sequential,1,95a21c96-e59f-4f8a-9ecc-6dd076d6f630,M-E,generation_log,0.259849383048,0.259849383048,54,0.00432,0.31,94,0.00467,0.43,0.425531914894,0.0749464668094,0.279069767442,/workspace/exp/natural_qd_push/n07_corrected_suite_20260707_130714_UTC/live/source_aligned_rf_timing_state_3d/seed_1001/openai_gpt-oss-120b/RTLLM/Prob049_signal_generator/Gen1/Prob049_signal_generator_sample3_M-E,
n07a_source_aligned_rf_timing,RTLLM,Prob049_signal_generator,sequential,1,b1fa7209-92dd-4f33-ab22-2a56cce321ab,M-I,generation_log,0.234774694403,0.234774694403,82,0.00252,0.38,94,0.00467,0.43,0.127659574468,0.460385438972,0.116279069767,/workspace/exp/natural_qd_push/n07_corrected_suite_20260707_130714_UTC/live/source_aligned_rf_timing_state_3d/seed_1001/openai_gpt-oss-120b/RTLLM/Prob049_signal_generator/Gen1/Prob049_signal_generator_sample4_M-I,
n07a_source_aligned_rf_timing,RTLLM,Prob049_signal_generator,sequential,1,f47f15df-3e70-4300-9724-c07b6c4c95f3,M-S,generation_log,0.234774694403,0.234774694403,82,0.00252,0.38,94,0.00467,0.43,0.127659574468,0.460385438972,0.116279069767,/workspace/exp/natural_qd_push/n07_corrected_suite_20260707_130714_UTC/live/source_aligned_rf_timing_state_3d/seed_1001/openai_gpt-oss-120b/RTLLM/Prob049_signal_generator/Gen1/Prob049_signal_generator_sample6_M-S,
n07a_source_aligned_rf_timing,RTLLM,Prob049_signal_generator,sequential,1,ab7b4d15-a1aa-4c9f-a81e-9d5f17363fae,M-I,generation_log,0.0517434531989,0.0517434531989,73,0.00564,0.37,94,0.00467,0.43,0.223404255319,-0.207708779443,0.139534883721,/workspace/exp/natural_qd_push/n07_corrected_suite_20260707_130714_UTC/live/source_aligned_rf_timing_state_3d/seed_1001/openai_gpt-oss-120b/RTLLM/Prob049_signal_generator/Gen1/Prob049_signal_generator_sample7_M-I,
n07a_source_aligned_rf_timing,RTLLM,Prob049_signal_generator,sequential,1,2307e212-ca01-4b75-80d4-8fd3f613d497,M-I,generation_log,0.207437714137,0.207437714137,77,0.00326,0.37,94,0.00467,0.43,0.18085106383,0.301927194861,0.139534883721,/workspace/exp/natural_qd_push/n07_corrected_suite_20260707_130714_UTC/live/source_aligned_rf_timing_state_3d/seed_1001/openai_gpt-oss-120b/RTLLM/Prob049_signal_generator/Gen1/Prob049_signal_generator_sample8_M-I,
n07a_source_aligned_rf_timing,RTLLM,Prob049_signal_generator,sequential,2,5877597a-fc3c-48a2-b5e8-9c90357799a3,C-F,generation_log,0.198732191363,0.198732191363,57,0.00481,0.33,94,0.00467,0.43,0.393617021277,-0.0299785867238,0.232558139535,/workspace/exp/natural_qd_push/n07_corrected_suite_20260707_130714_UTC/live/source_aligned_rf_timing_state_3d/seed_1001/openai_gpt-oss-120b/RTLLM/Prob049_signal_generator/Gen2/Prob049_signal_generator_sample4_C-F,
n07a_source_aligned_rf_timing,RTLLM,Prob049_signal_generator,sequential,2,ae733aea-b39f-4568-9434-c3ef0af74d4d,C-F,generation_log,0.234774694403,0.234774694403,82,0.00252,0.38,94,0.00467,0.43,0.127659574468,0.460385438972,0.116279069767,/workspace/exp/natural_qd_push/n07_corrected_suite_20260707_130714_UTC/live/source_aligned_rf_timing_state_3d/seed_1001/openai_gpt-oss-120b/RTLLM/Prob049_signal_generator/Gen2/Prob049_signal_generator_sample8_C-F,
n07a_source_aligned_rf_timing,RTLLM,Prob049_signal_generator,sequential,4,8e958680-19dd-4cfe-afc5-98b58b05b4d2,C-F,generation_log,0.234774694403,0.234774694403,82,0.00252,0.38,94,0.00467,0.43,0.127659574468,0.460385438972,0.116279069767,/workspace/exp/natural_qd_push/n07_corrected_suite_20260707_130714_UTC/live/source_aligned_rf_timing_state_3d/seed_1001/openai_gpt-oss-120b/RTLLM/Prob049_signal_generator/Gen4/Prob049_signal_generator_sample3_C-F,
n07a_source_aligned_rf_timing,RTLLM,Prob049_signal_generator,sequential,4,9f57303c-4828-401e-b95c-f5c912b0d1c7,C-F,generation_log,0.0474607979527,0.0474607979527,73,0.0057,0.37,94,0.00467,0.43,0.223404255319,-0.220556745182,0.139534883721,/workspace/exp/natural_qd_push/n07_corrected_suite_20260707_130714_UTC/live/source_aligned_rf_timing_state_3d/seed_1001/openai_gpt-oss-120b/RTLLM/Prob049_signal_generator/Gen4/Prob049_signal_generator_sample4_C-F,
n07a_source_aligned_rf_timing,RTLLM,Prob049_signal_generator,sequential,4,719fd73e-e7b0-4152-a97d-525347d930c2,C-F,generation_log,0.0474607979527,0.0474607979527,73,0.0057,0.37,94,0.00467,0.43,0.223404255319,-0.220556745182,0.139534883721,/workspace/exp/natural_qd_push/n07_corrected_suite_20260707_130714_UTC/live/source_aligned_rf_timing_state_3d/seed_1001/openai_gpt-oss-120b/RTLLM/Prob049_signal_generator/Gen4/Prob049_signal_generator_sample5_C-F,
n07a_source_aligned_rf_timing,RTLLM,Prob049_signal_generator,sequential,4,f9494f3d-3533-4cd1-8d6c-204dc45c625f,M-I,generation_log,0.0517434531989,0.0517434531989,73,0.00564,0.37,94,0.00467,0.43,0.223404255319,-0.207708779443,0.139534883721,/workspace/exp/natural_qd_push/n07_corrected_suite_20260707_130714_UTC/live/source_aligned_rf_timing_state_3d/seed_1001/openai_gpt-oss-120b/RTLLM/Prob049_signal_generator/Gen4/Prob049_signal_generator_sample6_M-I,
n07a_source_aligned_rf_timing,RTLLM,Prob049_signal_generator,sequential,5,cc7d1754-40d5-447d-92bd-e3e3b8d6f98e,M-E,generation_log,0.259849383048,0.259849383048,54,0.00432,0.31,94,0.00467,0.43,0.425531914894,0.0749464668094,0.279069767442,/workspace/exp/natural_qd_push/n07_corrected_suite_20260707_130714_UTC/live/source_aligned_rf_timing_state_3d/seed_1001/openai_gpt-oss-120b/RTLLM/Prob049_signal_generator/Gen5/Prob049_signal_generator_sample1_M-E,
n07a_source_aligned_rf_timing,RTLLM,Prob049_signal_generator,sequential,5,0ea1a88a-8e9c-4904-91d8-5f34bd80df62,C-D,generation_log,0.234774694403,0.234774694403,82,0.00252,0.38,94,0.00467,0.43,0.127659574468,0.460385438972,0.116279069767,/workspace/exp/natural_qd_push/n07_corrected_suite_20260707_130714_UTC/live/source_aligned_rf_timing_state_3d/seed_1001/openai_gpt-oss-120b/RTLLM/Prob049_signal_generator/Gen5/Prob049_signal_generator_sample2_C-D,
n07a_source_aligned_rf_timing,RTLLM,Prob049_signal_generator,sequential,5,ad65a13f-14b6-4407-a046-f34643a397b6,C-F,generation_log,0.234774694403,0.234774694403,82,0.00252,0.38,94,0.00467,0.43,0.127659574468,0.460385438972,0.116279069767,/workspace/exp/natural_qd_push/n07_corrected_suite_20260707_130714_UTC/live/source_aligned_rf_timing_state_3d/seed_1001/openai_gpt-oss-120b/RTLLM/Prob049_signal_generator/Gen5/Prob049_signal_generator_sample4_C-F,
n07a_source_aligned_rf_timing,RTLLM,Prob049_signal_generator,sequential,5,c1ae0ddd-25b0-4d8f-b805-53506356b3bd,C-F,generation_log,0.000593694826732,0.000593694826732,88,0.00572,0.36,94,0.00467,0.43,0.063829787234,-0.224839400428,0.162790697674,/workspace/exp/natural_qd_push/n07_corrected_suite_20260707_130714_UTC/live/source_aligned_rf_timing_state_3d/seed_1001/openai_gpt-oss-120b/RTLLM/Prob049_signal_generator/Gen5/Prob049_signal_generator_sample5_C-F,
n07a_source_aligned_rf_timing,RTLLM,Prob049_signal_generator,sequential,5,8cd85794-d20f-44f7-a081-cad080d9a8d2,C-F,generation_log,0.0474607979527,0.0474607979527,73,0.0057,0.37,94,0.00467,0.43,0.223404255319,-0.220556745182,0.139534883721,/workspace/exp/natural_qd_push/n07_corrected_suite_20260707_130714_UTC/live/source_aligned_rf_timing_state_3d/seed_1001/openai_gpt-oss-120b/RTLLM/Prob049_signal_generator/Gen5/Prob049_signal_generator_sample7_C-F,
n07a_source_aligned_rf_timing,VerilogEval-Spec-to-RTL,Prob116_m2014_q3,combinational,0,c2292499-5471-4fbd-a7f5-48d8b64a954e,initial,generation_log,0.330535405872,0.495803108808,5,1.62e-06,0,5,0.000193,0,0,0.991606217617,0,/workspace/exp/natural_qd_push/n07_corrected_suite_20260707_130714_UTC/live/source_aligned_rf_timing_state_3d/seed_1001/openai_gpt-oss-120b/VerilogEval-Spec-to-RTL/Prob116_m2014_q3/Gen0/Prob116_m2014_q3_sample2_initial,
n07a_source_aligned_rf_timing,VerilogEval-Spec-to-RTL,Prob116_m2014_q3,combinational,0,f5a84ff8-3c76-497a-a293-51169442f0be,initial,generation_log,0.397996545769,0.596994818653,4,1.16e-06,0,5,0.000193,0,0.2,0.993989637306,0,/workspace/exp/natural_qd_push/n07_corrected_suite_20260707_130714_UTC/live/source_aligned_rf_timing_state_3d/seed_1001/openai_gpt-oss-120b/VerilogEval-Spec-to-RTL/Prob116_m2014_q3/Gen0/Prob116_m2014_q3_sample3_initial,
n07a_source_aligned_rf_timing,VerilogEval-Spec-to-RTL,Prob116_m2014_q3,combinational,0,3f82e46f-b53f-43ca-ac37-c5a53e3287d0,initial,generation_log,0.396908462867,0.595362694301,4,1.79e-06,0,5,0.000193,0,0.2,0.990725388601,0,/workspace/exp/natural_qd_push/n07_corrected_suite_20260707_130714_UTC/live/source_aligned_rf_timing_state_3d/seed_1001/openai_gpt-oss-120b/VerilogEval-Spec-to-RTL/Prob116_m2014_q3/Gen0/Prob116_m2014_q3_sample6_initial,
n07a_source_aligned_rf_timing,VerilogEval-Spec-to-RTL,Prob116_m2014_q3,combinational,0,91045625-d5ad-4d56-a00e-5389e9a2576a,initial,generation_log,0.396908462867,0.595362694301,4,1.79e-06,0,5,0.000193,0,0.2,0.990725388601,0,/workspace/exp/natural_qd_push/n07_corrected_suite_20260707_130714_UTC/live/source_aligned_rf_timing_state_3d/seed_1001/openai_gpt-oss-120b/VerilogEval-Spec-to-RTL/Prob116_m2014_q3/Gen0/Prob116_m2014_q3_sample7_initial,
n07a_source_aligned_rf_timing,VerilogEval-Spec-to-RTL,Prob116_m2014_q3,combinational,1,310d7669-059d-42a9-9e20-5d30c93c01bc,M-E,generation_log,0.397996545769,0.596994818653,4,1.16e-06,0,5,0.000193,0,0.2,0.993989637306,0,/workspace/exp/natural_qd_push/n07_corrected_suite_20260707_130714_UTC/live/source_aligned_rf_timing_state_3d/seed_1001/openai_gpt-oss-120b/VerilogEval-Spec-to-RTL/Prob116_m2014_q3/Gen1/Prob116_m2014_q3_sample3_M-E,
n07a_source_aligned_rf_timing,VerilogEval-Spec-to-RTL,Prob116_m2014_q3,combinational,1,b01a8b11-86dc-4657-86a7-62316539f17e,M-F,generation_log,0.396908462867,0.595362694301,4,1.79e-06,0,5,0.000193,0,0.2,0.990725388601,0,/workspace/exp/natural_qd_push/n07_corrected_suite_20260707_130714_UTC/live/source_aligned_rf_timing_state_3d/seed_1001/openai_gpt-oss-120b/VerilogEval-Spec-to-RTL/Prob116_m2014_q3/Gen1/Prob116_m2014_q3_sample4_M-F,
n07a_source_aligned_rf_timing,VerilogEval-Spec-to-RTL,Prob116_m2014_q3,combinational,1,f16f1519-94b2-47d1-9206-a1580f0eeb47,M-S,generation_log,0.396908462867,0.595362694301,4,1.79e-06,0,5,0.000193,0,0.2,0.990725388601,0,/workspace/exp/natural_qd_push/n07_corrected_suite_20260707_130714_UTC/live/source_aligned_rf_timing_state_3d/seed_1001/openai_gpt-oss-120b/VerilogEval-Spec-to-RTL/Prob116_m2014_q3/Gen1/Prob116_m2014_q3_sample6_M-S,
n07a_source_aligned_rf_timing,VerilogEval-Spec-to-RTL,Prob116_m2014_q3,combinational,1,a47e53bd-99d7-4e4c-b4d1-55e3789fdc89,M-R,generation_log,0.396908462867,0.595362694301,4,1.79e-06,0,5,0.000193,0,0.2,0.990725388601,0,/workspace/exp/natural_qd_push/n07_corrected_suite_20260707_130714_UTC/live/source_aligned_rf_timing_state_3d/seed_1001/openai_gpt-oss-120b/VerilogEval-Spec-to-RTL/Prob116_m2014_q3/Gen1/Prob116_m2014_q3_sample7_M-R,
n07a_source_aligned_rf_timing,VerilogEval-Spec-to-RTL,Prob116_m2014_q3,combinational,1,251d3173-ee2f-4736-840a-99e6047ec161,M-S,generation_log,0.330535405872,0.495803108808,5,1.62e-06,0,5,0.000193,0,0,0.991606217617,0,/workspace/exp/natural_qd_push/n07_corrected_suite_20260707_130714_UTC/live/source_aligned_rf_timing_state_3d/seed_1001/openai_gpt-oss-120b/VerilogEval-Spec-to-RTL/Prob116_m2014_q3/Gen1/Prob116_m2014_q3_sample8_M-S,
n07a_source_aligned_rf_timing,VerilogEval-Spec-to-RTL,Prob116_m2014_q3,combinational,2,cc9c24e5-692c-45ec-8cce-ab4814c77046,M-F,generation_log,0.397962003454,0.596943005181,4,1.18e-06,0,5,0.000193,0,0.2,0.993886010363,0,/workspace/exp/natural_qd_push/n07_corrected_suite_20260707_130714_UTC/live/source_aligned_rf_timing_state_3d/seed_1001/openai_gpt-oss-120b/VerilogEval-Spec-to-RTL/Prob116_m2014_q3/Gen2/Prob116_m2014_q3_sample3_M-F,
n07a_source_aligned_rf_timing,VerilogEval-Spec-to-RTL,Prob116_m2014_q3,combinational,2,fb2243b7-929f-4d34-ba18-53ba56eec54d,M-F,generation_log,0.330535405872,0.495803108808,5,1.62e-06,0,5,0.000193,0,0,0.991606217617,0,/workspace/exp/natural_qd_push/n07_corrected_suite_20260707_130714_UTC/live/source_aligned_rf_timing_state_3d/seed_1001/openai_gpt-oss-120b/VerilogEval-Spec-to-RTL/Prob116_m2014_q3/Gen2/Prob116_m2014_q3_sample4_M-F,
n07a_source_aligned_rf_timing,VerilogEval-Spec-to-RTL,Prob116_m2014_q3,combinational,2,2785653f-9440-40ab-9ef0-8946db6a0db0,M-S,generation_log,0.396908462867,0.595362694301,4,1.79e-06,0,5,0.000193,0,0.2,0.990725388601,0,/workspace/exp/natural_qd_push/n07_corrected_suite_20260707_130714_UTC/live/source_aligned_rf_timing_state_3d/seed_1001/openai_gpt-oss-120b/VerilogEval-Spec-to-RTL/Prob116_m2014_q3/Gen2/Prob116_m2014_q3_sample6_M-S,
n07a_source_aligned_rf_timing,VerilogEval-Spec-to-RTL,Prob116_m2014_q3,combinational,3,812801de-8a97-4b93-a6f3-55ba5c8b615d,M-S,generation_log,0.396908462867,0.595362694301,4,1.79e-06,0,5,0.000193,0,0.2,0.990725388601,0,/workspace/exp/natural_qd_push/n07_corrected_suite_20260707_130714_UTC/live/source_aligned_rf_timing_state_3d/seed_1001/openai_gpt-oss-120b/VerilogEval-Spec-to-RTL/Prob116_m2014_q3/Gen3/Prob116_m2014_q3_sample5_M-S,
n07a_source_aligned_rf_timing,VerilogEval-Spec-to-RTL,Prob116_m2014_q3,combinational,3,6638c4ad-6fe1-4c30-80e9-ac87165ed1e7,M-I,generation_log,0.465352331606,0.698028497409,3,7.61e-07,0,5,0.000193,0,0.4,0.996056994819,0,/workspace/exp/natural_qd_push/n07_corrected_suite_20260707_130714_UTC/live/source_aligned_rf_timing_state_3d/seed_1001/openai_gpt-oss-120b/VerilogEval-Spec-to-RTL/Prob116_m2014_q3/Gen3/Prob116_m2014_q3_sample6_M-I,
n07a_source_aligned_rf_timing,VerilogEval-Spec-to-RTL,Prob116_m2014_q3,combinational,4,27bc05de-79d7-4fb4-95a0-504b92839637,M-F,generation_log,0.465352331606,0.698028497409,3,7.61e-07,0,5,0.000193,0,0.4,0.996056994819,0,/workspace/exp/natural_qd_push/n07_corrected_suite_20260707_130714_UTC/live/source_aligned_rf_timing_state_3d/seed_1001/openai_gpt-oss-120b/VerilogEval-Spec-to-RTL/Prob116_m2014_q3/Gen4/Prob116_m2014_q3_sample1_M-F,
n07a_source_aligned_rf_timing,VerilogEval-Spec-to-RTL,Prob116_m2014_q3,combinational,4,eafa2ffe-7540-4a70-90d3-d0caae64096a,M-S,generation_log,0.465352331606,0.698028497409,3,7.61e-07,0,5,0.000193,0,0.4,0.996056994819,0,/workspace/exp/natural_qd_push/n07_corrected_suite_20260707_130714_UTC/live/source_aligned_rf_timing_state_3d/seed_1001/openai_gpt-oss-120b/VerilogEval-Spec-to-RTL/Prob116_m2014_q3/Gen4/Prob116_m2014_q3_sample4_M-S,
n07a_source_aligned_rf_timing,VerilogEval-Spec-to-RTL,Prob116_m2014_q3,combinational,4,bcd804fd-2398-4047-8750-a4869f7a3e94,M-I,generation_log,0.464369602763,0.696554404145,3,1.33e-06,0,5,0.000193,0,0.4,0.99310880829,0,/workspace/exp/natural_qd_push/n07_corrected_suite_20260707_130714_UTC/live/source_aligned_rf_timing_state_3d/seed_1001/openai_gpt-oss-120b/VerilogEval-Spec-to-RTL/Prob116_m2014_q3/Gen4/Prob116_m2014_q3_sample5_M-I,
n07a_source_aligned_rf_timing,VerilogEval-Spec-to-RTL,Prob116_m2014_q3,combinational,4,fea78821-3b1e-408d-9d5a-eadfe60e21e8,M-R,generation_log,0.396908462867,0.595362694301,4,1.79e-06,0,5,0.000193,0,0.2,0.990725388601,0,/workspace/exp/natural_qd_push/n07_corrected_suite_20260707_130714_UTC/live/source_aligned_rf_timing_state_3d/seed_1001/openai_gpt-oss-120b/VerilogEval-Spec-to-RTL/Prob116_m2014_q3/Gen4/Prob116_m2014_q3_sample6_M-R,
n07a_source_aligned_rf_timing,VerilogEval-Spec-to-RTL,Prob116_m2014_q3,combinational,4,55a09390-3b46-4171-8d04-e2584b36ce23,M-R,generation_log,0.465352331606,0.698028497409,3,7.61e-07,0,5,0.000193,0,0.4,0.996056994819,0,/workspace/exp/natural_qd_push/n07_corrected_suite_20260707_130714_UTC/live/source_aligned_rf_timing_state_3d/seed_1001/openai_gpt-oss-120b/VerilogEval-Spec-to-RTL/Prob116_m2014_q3/Gen4/Prob116_m2014_q3_sample7_M-R,
n07a_source_aligned_rf_timing,VerilogEval-Spec-to-RTL,Prob116_m2014_q3,combinational,4,da97fe65-af0b-421b-808d-e2e5d0ffc6d1,M-S,generation_log,0.396908462867,0.595362694301,4,1.79e-06,0,5,0.000193,0,0.2,0.990725388601,0,/workspace/exp/natural_qd_push/n07_corrected_suite_20260707_130714_UTC/live/source_aligned_rf_timing_state_3d/seed_1001/openai_gpt-oss-120b/VerilogEval-Spec-to-RTL/Prob116_m2014_q3/Gen4/Prob116_m2014_q3_sample8_M-S,
n07a_source_aligned_rf_timing,VerilogEval-Spec-to-RTL,Prob116_m2014_q3,combinational,5,a68a2534-7546-45e4-9d86-87311a93746f,M-R,generation_log,0.330535405872,0.495803108808,5,1.62e-06,0,5,0.000193,0,0,0.991606217617,0,/workspace/exp/natural_qd_push/n07_corrected_suite_20260707_130714_UTC/live/source_aligned_rf_timing_state_3d/seed_1001/openai_gpt-oss-120b/VerilogEval-Spec-to-RTL/Prob116_m2014_q3/Gen5/Prob116_m2014_q3_sample5_M-R,
n07a_source_aligned_rf_timing,VerilogEval-Spec-to-RTL,Prob135_m2014_q6b,combinational,0,3706108f-90e0-4286-91be-1b341da5c446,initial,generation_log,0.196143497758,0.294215246637,7,2.58e-06,0,5,0.000223,0,-0.4,0.988430493274,0,/workspace/exp/natural_qd_push/n07_corrected_suite_20260707_130714_UTC/live/source_aligned_rf_timing_state_3d/seed_1001/openai_gpt-oss-120b/VerilogEval-Spec-to-RTL/Prob135_m2014_q6b/Gen0/Prob135_m2014_q6b_sample1_initial,
n07a_source_aligned_rf_timing,VerilogEval-Spec-to-RTL,Prob135_m2014_q6b,combinational,0,6f94ce5d-7a58-4402-bcf5-874070575c38,initial,generation_log,0.196143497758,0.294215246637,7,2.58e-06,0,5,0.000223,0,-0.4,0.988430493274,0,/workspace/exp/natural_qd_push/n07_corrected_suite_20260707_130714_UTC/live/source_aligned_rf_timing_state_3d/seed_1001/openai_gpt-oss-120b/VerilogEval-Spec-to-RTL/Prob135_m2014_q6b/Gen0/Prob135_m2014_q6b_sample3_initial,
n07a_source_aligned_rf_timing,VerilogEval-Spec-to-RTL,Prob135_m2014_q6b,combinational,0,36af4e98-6dee-4ae9-9406-d35dc7e51dc9,initial,generation_log,0.263617339312,0.395426008969,6,2.04e-06,0,5,0.000223,0,-0.2,0.990852017937,0,/workspace/exp/natural_qd_push/n07_corrected_suite_20260707_130714_UTC/live/source_aligned_rf_timing_state_3d/seed_1001/openai_gpt-oss-120b/VerilogEval-Spec-to-RTL/Prob135_m2014_q6b/Gen0/Prob135_m2014_q6b_sample6_initial,
n07a_source_aligned_rf_timing,VerilogEval-Spec-to-RTL,Prob135_m2014_q6b,combinational,0,cb3fff83-45bf-43a1-b9bf-54f5dd473838,initial,generation_log,0.263617339312,0.395426008969,6,2.04e-06,0,5,0.000223,0,-0.2,0.990852017937,0,/workspace/exp/natural_qd_push/n07_corrected_suite_20260707_130714_UTC/live/source_aligned_rf_timing_state_3d/seed_1001/openai_gpt-oss-120b/VerilogEval-Spec-to-RTL/Prob135_m2014_q6b/Gen0/Prob135_m2014_q6b_sample7_initial,
n07a_source_aligned_rf_timing,VerilogEval-Spec-to-RTL,Prob135_m2014_q6b,combinational,1,837a46b1-d236-46a8-82b2-7d99ac5f1205,M-F,generation_log,0.196143497758,0.294215246637,7,2.58e-06,0,5,0.000223,0,-0.4,0.988430493274,0,/workspace/exp/natural_qd_push/n07_corrected_suite_20260707_130714_UTC/live/source_aligned_rf_timing_state_3d/seed_1001/openai_gpt-oss-120b/VerilogEval-Spec-to-RTL/Prob135_m2014_q6b/Gen1/Prob135_m2014_q6b_sample2_M-F,
n07a_source_aligned_rf_timing,VerilogEval-Spec-to-RTL,Prob135_m2014_q6b,combinational,1,f76e3e05-78ae-47c5-84eb-f718fd697857,M-F,generation_log,0.196143497758,0.294215246637,7,2.58e-06,0,5,0.000223,0,-0.4,0.988430493274,0,/workspace/exp/natural_qd_push/n07_corrected_suite_20260707_130714_UTC/live/source_aligned_rf_timing_state_3d/seed_1001/openai_gpt-oss-120b/VerilogEval-Spec-to-RTL/Prob135_m2014_q6b/Gen1/Prob135_m2014_q6b_sample3_M-F,
n07a_source_aligned_rf_timing,VerilogEval-Spec-to-RTL,Prob135_m2014_q6b,combinational,1,f5101960-50f9-49d4-8043-5b81199f7778,M-I,generation_log,0.196143497758,0.294215246637,7,2.58e-06,0,5,0.000223,0,-0.4,0.988430493274,0,/workspace/exp/natural_qd_push/n07_corrected_suite_20260707_130714_UTC/live/source_aligned_rf_timing_state_3d/seed_1001/openai_gpt-oss-120b/VerilogEval-Spec-to-RTL/Prob135_m2014_q6b/Gen1/Prob135_m2014_q6b_sample5_M-I,
n07a_source_aligned_rf_timing,VerilogEval-Spec-to-RTL,Prob135_m2014_q6b,combinational,1,d6c9d2f8-90ae-49f6-b415-bb56bed1f9b8,M-R,generation_log,0.196143497758,0.294215246637,7,2.58e-06,0,5,0.000223,0,-0.4,0.988430493274,0,/workspace/exp/natural_qd_push/n07_corrected_suite_20260707_130714_UTC/live/source_aligned_rf_timing_state_3d/seed_1001/openai_gpt-oss-120b/VerilogEval-Spec-to-RTL/Prob135_m2014_q6b/Gen1/Prob135_m2014_q6b_sample7_M-R,
n07a_source_aligned_rf_timing,VerilogEval-Spec-to-RTL,Prob135_m2014_q6b,combinational,1,2c4f77f1-3ebe-41df-be3f-b2d1e5de5a0e,M-I,generation_log,0.196143497758,0.294215246637,7,2.58e-06,0,5,0.000223,0,-0.4,0.988430493274,0,/workspace/exp/natural_qd_push/n07_corrected_suite_20260707_130714_UTC/live/source_aligned_rf_timing_state_3d/seed_1001/openai_gpt-oss-120b/VerilogEval-Spec-to-RTL/Prob135_m2014_q6b/Gen1/Prob135_m2014_q6b_sample8_M-I,
n07a_source_aligned_rf_timing,VerilogEval-Spec-to-RTL,Prob135_m2014_q6b,combinational,2,32dd1548-29ca-4858-b777-3b3c45863437,M-F,generation_log,0.26312406577,0.394686098655,6,2.37e-06,0,5,0.000223,0,-0.2,0.989372197309,0,/workspace/exp/natural_qd_push/n07_corrected_suite_20260707_130714_UTC/live/source_aligned_rf_timing_state_3d/seed_1001/openai_gpt-oss-120b/VerilogEval-Spec-to-RTL/Prob135_m2014_q6b/Gen2/Prob135_m2014_q6b_sample1_M-F,
n07a_source_aligned_rf_timing,VerilogEval-Spec-to-RTL,Prob135_m2014_q6b,combinational,2,20fc3bdf-fc74-4c29-8da3-a70ff5eb8eee,M-E,generation_log,0.196143497758,0.294215246637,7,2.58e-06,0,5,0.000223,0,-0.4,0.988430493274,0,/workspace/exp/natural_qd_push/n07_corrected_suite_20260707_130714_UTC/live/source_aligned_rf_timing_state_3d/seed_1001/openai_gpt-oss-120b/VerilogEval-Spec-to-RTL/Prob135_m2014_q6b/Gen2/Prob135_m2014_q6b_sample2_M-E,
n07a_source_aligned_rf_timing,VerilogEval-Spec-to-RTL,Prob135_m2014_q6b,combinational,2,4b5397c1-ca07-4f0c-a44c-0f6bc9deb969,M-R,generation_log,0.196143497758,0.294215246637,7,2.58e-06,0,5,0.000223,0,-0.4,0.988430493274,0,/workspace/exp/natural_qd_push/n07_corrected_suite_20260707_130714_UTC/live/source_aligned_rf_timing_state_3d/seed_1001/openai_gpt-oss-120b/VerilogEval-Spec-to-RTL/Prob135_m2014_q6b/Gen2/Prob135_m2014_q6b_sample5_M-R,
n07a_source_aligned_rf_timing,VerilogEval-Spec-to-RTL,Prob135_m2014_q6b,combinational,2,d0a6fc8a-f33d-4662-b594-e0ae4b8f9dad,M-S,generation_log,0.196143497758,0.294215246637,7,2.58e-06,0,5,0.000223,0,-0.4,0.988430493274,0,/workspace/exp/natural_qd_push/n07_corrected_suite_20260707_130714_UTC/live/source_aligned_rf_timing_state_3d/seed_1001/openai_gpt-oss-120b/VerilogEval-Spec-to-RTL/Prob135_m2014_q6b/Gen2/Prob135_m2014_q6b_sample8_M-S,
n07a_source_aligned_rf_timing,VerilogEval-Spec-to-RTL,Prob135_m2014_q6b,combinational,3,27807fa8-f9c2-441f-b9a5-52c2c93baf1c,M-E,generation_log,0.196143497758,0.294215246637,7,2.58e-06,0,5,0.000223,0,-0.4,0.988430493274,0,/workspace/exp/natural_qd_push/n07_corrected_suite_20260707_130714_UTC/live/source_aligned_rf_timing_state_3d/seed_1001/openai_gpt-oss-120b/VerilogEval-Spec-to-RTL/Prob135_m2014_q6b/Gen3/Prob135_m2014_q6b_sample1_M-E,
n07a_source_aligned_rf_timing,VerilogEval-Spec-to-RTL,Prob135_m2014_q6b,combinational,3,9820b512-c278-433d-a98e-ae4553342840,M-F,generation_log,0.26312406577,0.394686098655,6,2.37e-06,0,5,0.000223,0,-0.2,0.989372197309,0,/workspace/exp/natural_qd_push/n07_corrected_suite_20260707_130714_UTC/live/source_aligned_rf_timing_state_3d/seed_1001/openai_gpt-oss-120b/VerilogEval-Spec-to-RTL/Prob135_m2014_q6b/Gen3/Prob135_m2014_q6b_sample2_M-F,
n07a_source_aligned_rf_timing,VerilogEval-Spec-to-RTL,Prob135_m2014_q6b,combinational,3,301e4636-4267-4ed3-acdb-4aa17577472a,M-R,generation_log,0.196143497758,0.294215246637,7,2.58e-06,0,5,0.000223,0,-0.4,0.988430493274,0,/workspace/exp/natural_qd_push/n07_corrected_suite_20260707_130714_UTC/live/source_aligned_rf_timing_state_3d/seed_1001/openai_gpt-oss-120b/VerilogEval-Spec-to-RTL/Prob135_m2014_q6b/Gen3/Prob135_m2014_q6b_sample4_M-R,
n07a_source_aligned_rf_timing,VerilogEval-Spec-to-RTL,Prob135_m2014_q6b,combinational,3,a73d9a39-1002-434c-9125-f052b7d203d3,M-I,generation_log,0.196143497758,0.294215246637,7,2.58e-06,0,5,0.000223,0,-0.4,0.988430493274,0,/workspace/exp/natural_qd_push/n07_corrected_suite_20260707_130714_UTC/live/source_aligned_rf_timing_state_3d/seed_1001/openai_gpt-oss-120b/VerilogEval-Spec-to-RTL/Prob135_m2014_q6b/Gen3/Prob135_m2014_q6b_sample5_M-I,
n07a_source_aligned_rf_timing,VerilogEval-Spec-to-RTL,Prob135_m2014_q6b,combinational,3,febac353-d92f-4cfd-8076-c6a9c3e4e51b,M-S,generation_log,0.196143497758,0.294215246637,7,2.58e-06,0,5,0.000223,0,-0.4,0.988430493274,0,/workspace/exp/natural_qd_push/n07_corrected_suite_20260707_130714_UTC/live/source_aligned_rf_timing_state_3d/seed_1001/openai_gpt-oss-120b/VerilogEval-Spec-to-RTL/Prob135_m2014_q6b/Gen3/Prob135_m2014_q6b_sample8_M-S,
n07a_source_aligned_rf_timing,VerilogEval-Spec-to-RTL,Prob135_m2014_q6b,combinational,4,3895d1b1-32c0-467f-8f81-3df1107a1c15,M-E,generation_log,0.196143497758,0.294215246637,7,2.58e-06,0,5,0.000223,0,-0.4,0.988430493274,0,/workspace/exp/natural_qd_push/n07_corrected_suite_20260707_130714_UTC/live/source_aligned_rf_timing_state_3d/seed_1001/openai_gpt-oss-120b/VerilogEval-Spec-to-RTL/Prob135_m2014_q6b/Gen4/Prob135_m2014_q6b_sample1_M-E,
n07a_source_aligned_rf_timing,VerilogEval-Spec-to-RTL,Prob135_m2014_q6b,combinational,4,df93595e-4d96-41b1-978b-a6d1f860acd4,M-F,generation_log,0.263617339312,0.395426008969,6,2.04e-06,0,5,0.000223,0,-0.2,0.990852017937,0,/workspace/exp/natural_qd_push/n07_corrected_suite_20260707_130714_UTC/live/source_aligned_rf_timing_state_3d/seed_1001/openai_gpt-oss-120b/VerilogEval-Spec-to-RTL/Prob135_m2014_q6b/Gen4/Prob135_m2014_q6b_sample2_M-F,
n07a_source_aligned_rf_timing,VerilogEval-Spec-to-RTL,Prob135_m2014_q6b,combinational,4,ca050f0f-7fcf-4939-8651-982859d66a23,M-R,generation_log,0.196143497758,0.294215246637,7,2.58e-06,0,5,0.000223,0,-0.4,0.988430493274,0,/workspace/exp/natural_qd_push/n07_corrected_suite_20260707_130714_UTC/live/source_aligned_rf_timing_state_3d/seed_1001/openai_gpt-oss-120b/VerilogEval-Spec-to-RTL/Prob135_m2014_q6b/Gen4/Prob135_m2014_q6b_sample3_M-R,
n07a_source_aligned_rf_timing,VerilogEval-Spec-to-RTL,Prob135_m2014_q6b,combinational,4,02d830e2-5c6b-47b1-aff2-c29230609b0d,M-I,generation_log,0.196143497758,0.294215246637,7,2.58e-06,0,5,0.000223,0,-0.4,0.988430493274,0,/workspace/exp/natural_qd_push/n07_corrected_suite_20260707_130714_UTC/live/source_aligned_rf_timing_state_3d/seed_1001/openai_gpt-oss-120b/VerilogEval-Spec-to-RTL/Prob135_m2014_q6b/Gen4/Prob135_m2014_q6b_sample4_M-I,
n07a_source_aligned_rf_timing,VerilogEval-Spec-to-RTL,Prob135_m2014_q6b,combinational,4,4f57af13-df4d-4c8d-8109-91126221b595,M-S,generation_log,0.263617339312,0.395426008969,6,2.04e-06,0,5,0.000223,0,-0.2,0.990852017937,0,/workspace/exp/natural_qd_push/n07_corrected_suite_20260707_130714_UTC/live/source_aligned_rf_timing_state_3d/seed_1001/openai_gpt-oss-120b/VerilogEval-Spec-to-RTL/Prob135_m2014_q6b/Gen4/Prob135_m2014_q6b_sample5_M-S,
n07a_source_aligned_rf_timing,VerilogEval-Spec-to-RTL,Prob135_m2014_q6b,combinational,5,0ad25d4a-ada9-40c9-a0f2-17a876b5eb1b,M-E,generation_log,0.196143497758,0.294215246637,7,2.58e-06,0,5,0.000223,0,-0.4,0.988430493274,0,/workspace/exp/natural_qd_push/n07_corrected_suite_20260707_130714_UTC/live/source_aligned_rf_timing_state_3d/seed_1001/openai_gpt-oss-120b/VerilogEval-Spec-to-RTL/Prob135_m2014_q6b/Gen5/Prob135_m2014_q6b_sample1_M-E,
n07a_source_aligned_rf_timing,VerilogEval-Spec-to-RTL,Prob135_m2014_q6b,combinational,5,3349f7ee-bd28-4751-8d66-583bcfcc7c7a,M-F,generation_log,0.26312406577,0.394686098655,6,2.37e-06,0,5,0.000223,0,-0.2,0.989372197309,0,/workspace/exp/natural_qd_push/n07_corrected_suite_20260707_130714_UTC/live/source_aligned_rf_timing_state_3d/seed_1001/openai_gpt-oss-120b/VerilogEval-Spec-to-RTL/Prob135_m2014_q6b/Gen5/Prob135_m2014_q6b_sample2_M-F,
n07a_source_aligned_rf_timing,VerilogEval-Spec-to-RTL,Prob135_m2014_q6b,combinational,5,ff571e6f-afa7-4844-bab1-3cd94ba96a2e,M-S,generation_log,0.196143497758,0.294215246637,7,2.58e-06,0,5,0.000223,0,-0.4,0.988430493274,0,/workspace/exp/natural_qd_push/n07_corrected_suite_20260707_130714_UTC/live/source_aligned_rf_timing_state_3d/seed_1001/openai_gpt-oss-120b/VerilogEval-Spec-to-RTL/Prob135_m2014_q6b/Gen5/Prob135_m2014_q6b_sample3_M-S,
n07a_source_aligned_rf_timing,VerilogEval-Spec-to-RTL,Prob135_m2014_q6b,combinational,5,68e8f62f-9776-4b90-acb1-1a7a2507b561,M-R,generation_log,0.196143497758,0.294215246637,7,2.58e-06,0,5,0.000223,0,-0.4,0.988430493274,0,/workspace/exp/natural_qd_push/n07_corrected_suite_20260707_130714_UTC/live/source_aligned_rf_timing_state_3d/seed_1001/openai_gpt-oss-120b/VerilogEval-Spec-to-RTL/Prob135_m2014_q6b/Gen5/Prob135_m2014_q6b_sample6_M-R,
n07a_source_aligned_rf_timing,VerilogEval-Spec-to-RTL,Prob135_m2014_q6b,combinational,5,fadac843-00fb-4cd5-ac8f-37ff2908fd70,M-R,generation_log,0.263617339312,0.395426008969,6,2.04e-06,0,5,0.000223,0,-0.2,0.990852017937,0,/workspace/exp/natural_qd_push/n07_corrected_suite_20260707_130714_UTC/live/source_aligned_rf_timing_state_3d/seed_1001/openai_gpt-oss-120b/VerilogEval-Spec-to-RTL/Prob135_m2014_q6b/Gen5/Prob135_m2014_q6b_sample7_M-R,
n07a_source_aligned_rf_timing,VerilogEval-Spec-to-RTL,Prob153_gshare,sequential,0,0a20fa94-e211-4f6b-a83a-d248315eced4,initial,generation_log,-0.0105331240426,-0.0105331240426,3027,0.468,0.72,3025,0.437,0.75,-0.000661157024793,-0.070938215103,0.04,/workspace/exp/natural_qd_push/n07_corrected_suite_20260707_130714_UTC/live/source_aligned_rf_timing_state_3d/seed_1001/openai_gpt-oss-120b/VerilogEval-Spec-to-RTL/Prob153_gshare/Gen0/Prob153_gshare_sample5_initial,
n07a_source_aligned_rf_timing,VerilogEval-Spec-to-RTL,Prob153_gshare,sequential,0,c86a82fd-6de1-45f3-a91b-1571b9e82b47,initial,generation_log,-0.030457182602,-0.030457182602,3172,0.479,0.71,3025,0.437,0.75,-0.0485950413223,-0.0961098398169,0.0533333333333,/workspace/exp/natural_qd_push/n07_corrected_suite_20260707_130714_UTC/live/source_aligned_rf_timing_state_3d/seed_1001/openai_gpt-oss-120b/VerilogEval-Spec-to-RTL/Prob153_gshare/Gen0/Prob153_gshare_sample7_initial,
n07a_source_aligned_rf_timing,VerilogEval-Spec-to-RTL,Prob153_gshare,sequential,0,f2768d26-4ee3-4602-a9fc-9a8b15ff6b18,initial,generation_log,0.143103428712,0.143103428712,2799,0.317,0.69,3025,0.437,0.75,0.0747107438017,0.274599542334,0.08,/workspace/exp/natural_qd_push/n07_corrected_suite_20260707_130714_UTC/live/source_aligned_rf_timing_state_3d/seed_1001/openai_gpt-oss-120b/VerilogEval-Spec-to-RTL/Prob153_gshare/Gen0/Prob153_gshare_sample8_initial,
n07a_source_aligned_rf_timing,VerilogEval-Spec-to-RTL,Prob153_gshare,sequential,1,8d4cb75b-722e-465f-80da-5099040ccb82,M-F,generation_log,0.135602919144,0.135602919144,2790,0.299,0.74,3025,0.437,0.75,0.0776859504132,0.315789473684,0.0133333333333,/workspace/exp/natural_qd_push/n07_corrected_suite_20260707_130714_UTC/live/source_aligned_rf_timing_state_3d/seed_1001/openai_gpt-oss-120b/VerilogEval-Spec-to-RTL/Prob153_gshare/Gen1/Prob153_gshare_sample1_M-F,
n07a_source_aligned_rf_timing,VerilogEval-Spec-to-RTL,Prob153_gshare,sequential,1,76091562-8c72-4d14-b2b3-39e78ac68978,M-E,generation_log,0.135602919144,0.135602919144,2790,0.299,0.74,3025,0.437,0.75,0.0776859504132,0.315789473684,0.0133333333333,/workspace/exp/natural_qd_push/n07_corrected_suite_20260707_130714_UTC/live/source_aligned_rf_timing_state_3d/seed_1001/openai_gpt-oss-120b/VerilogEval-Spec-to-RTL/Prob153_gshare/Gen1/Prob153_gshare_sample4_M-E,
n07a_source_aligned_rf_timing,VerilogEval-Spec-to-RTL,Prob153_gshare,sequential,1,877c05dc-5e53-4f76-9900-ad3ee65d0966,M-I,generation_log,-0.030457182602,-0.030457182602,3172,0.479,0.71,3025,0.437,0.75,-0.0485950413223,-0.0961098398169,0.0533333333333,/workspace/exp/natural_qd_push/n07_corrected_suite_20260707_130714_UTC/live/source_aligned_rf_timing_state_3d/seed_1001/openai_gpt-oss-120b/VerilogEval-Spec-to-RTL/Prob153_gshare/Gen1/Prob153_gshare_sample6_M-I,
n07a_source_aligned_rf_timing,VerilogEval-Spec-to-RTL,Prob153_gshare,sequential,1,c5def662-2000-4c3b-8b56-a2e4dd1d03a7,M-S,generation_log,0.138658984267,0.138658984267,2799,0.317,0.7,3025,0.437,0.75,0.0747107438017,0.274599542334,0.0666666666667,/workspace/exp/natural_qd_push/n07_corrected_suite_20260707_130714_UTC/live/source_aligned_rf_timing_state_3d/seed_1001/openai_gpt-oss-120b/VerilogEval-Spec-to-RTL/Prob153_gshare/Gen1/Prob153_gshare_sample7_M-S,
n07a_source_aligned_rf_timing,VerilogEval-Spec-to-RTL,Prob153_gshare,sequential,2,76c51a37-3f2a-40a3-86e2-d364b086aebe,M-I,generation_log,0.135602919144,0.135602919144,2790,0.299,0.74,3025,0.437,0.75,0.0776859504132,0.315789473684,0.0133333333333,/workspace/exp/natural_qd_push/n07_corrected_suite_20260707_130714_UTC/live/source_aligned_rf_timing_state_3d/seed_1001/openai_gpt-oss-120b/VerilogEval-Spec-to-RTL/Prob153_gshare/Gen2/Prob153_gshare_sample7_M-I,
n07a_source_aligned_rf_timing,VerilogEval-Spec-to-RTL,Prob153_gshare,sequential,3,e04c97f7-5d02-4464-8bab-8d9fa2c9acd8,M-S,generation_log,0.135602919144,0.135602919144,2790,0.299,0.74,3025,0.437,0.75,0.0776859504132,0.315789473684,0.0133333333333,/workspace/exp/natural_qd_push/n07_corrected_suite_20260707_130714_UTC/live/source_aligned_rf_timing_state_3d/seed_1001/openai_gpt-oss-120b/VerilogEval-Spec-to-RTL/Prob153_gshare/Gen3/Prob153_gshare_sample6_M-S,
n07a_source_aligned_rf_timing,VerilogEval-Spec-to-RTL,Prob153_gshare,sequential,3,54356aa6-952e-4ece-95db-679d0b9457e0,M-R,generation_log,-0.0454299600961,-0.0454299600961,3074,0.472,0.78,3025,0.437,0.75,-0.0161983471074,-0.0800915331808,-0.04,/workspace/exp/natural_qd_push/n07_corrected_suite_20260707_130714_UTC/live/source_aligned_rf_timing_state_3d/seed_1001/openai_gpt-oss-120b/VerilogEval-Spec-to-RTL/Prob153_gshare/Gen3/Prob153_gshare_sample7_M-R,
n07a_source_aligned_rf_timing,VerilogEval-Spec-to-RTL,Prob153_gshare,sequential,3,e998cdc9-0c27-48f3-a8a1-e86acf175243,M-R,generation_log,0.138658984267,0.138658984267,2799,0.317,0.7,3025,0.437,0.75,0.0747107438017,0.274599542334,0.0666666666667,/workspace/exp/natural_qd_push/n07_corrected_suite_20260707_130714_UTC/live/source_aligned_rf_timing_state_3d/seed_1001/openai_gpt-oss-120b/VerilogEval-Spec-to-RTL/Prob153_gshare/Gen3/Prob153_gshare_sample8_M-R,
n07a_source_aligned_rf_timing,VerilogEval-Spec-to-RTL,Prob153_gshare,sequential,4,084519b1-c8b4-4cf0-8653-42279b7df0cc,M-R,generation_log,0.138658984267,0.138658984267,2799,0.317,0.7,3025,0.437,0.75,0.0747107438017,0.274599542334,0.0666666666667,/workspace/exp/natural_qd_push/n07_corrected_suite_20260707_130714_UTC/live/source_aligned_rf_timing_state_3d/seed_1001/openai_gpt-oss-120b/VerilogEval-Spec-to-RTL/Prob153_gshare/Gen4/Prob153_gshare_sample5_M-R,
n07a_source_aligned_rf_timing,VerilogEval-Spec-to-RTL,Prob153_gshare,sequential,5,77b63820-db8d-4022-b71b-3504e55043cf,M-I,generation_log,0.135602919144,0.135602919144,2790,0.299,0.74,3025,0.437,0.75,0.0776859504132,0.315789473684,0.0133333333333,/workspace/exp/natural_qd_push/n07_corrected_suite_20260707_130714_UTC/live/source_aligned_rf_timing_state_3d/seed_1001/openai_gpt-oss-120b/VerilogEval-Spec-to-RTL/Prob153_gshare/Gen5/Prob153_gshare_sample4_M-I,
