backend,benchmark,problem,circuit_type,generation,candidate_id,strategy,source,score_from_run,ppa_score,area,power,eff_clk_period,ref_area,ref_power,ref_eff_clk_period,g_A,g_P,g_T,candidate_dir,report_path
classic_revolution_8x5,RTLLM,Prob001_accu,sequential,0,3b1573ab-6deb-47c3-bf94-f09b0a319a74,initial,generation_log,-0.115166272415,-0.115166272415,245,0.057,0.49,191,0.0468,0.58,-0.282722513089,-0.217948717949,0.155172413793,,
classic_revolution_8x5,RTLLM,Prob001_accu,sequential,0,d19ee7e3-6115-4558-a2a9-1aeed40fddb0,initial,generation_log,-0.115166272415,-0.115166272415,245,0.057,0.49,191,0.0468,0.58,-0.282722513089,-0.217948717949,0.155172413793,,
classic_revolution_8x5,RTLLM,Prob001_accu,sequential,0,9e5b843b-bc88-4fd9-86a8-ca6a21cb650b,initial,generation_log,-0.115166272415,-0.115166272415,245,0.057,0.49,191,0.0468,0.58,-0.282722513089,-0.217948717949,0.155172413793,,
classic_revolution_8x5,RTLLM,Prob001_accu,sequential,0,8d6f0b38-dafc-405a-a9d3-7974a9119bb7,initial,generation_log,-0.115166272415,-0.115166272415,245,0.057,0.49,191,0.0468,0.58,-0.282722513089,-0.217948717949,0.155172413793,,
classic_revolution_8x5,RTLLM,Prob001_accu,sequential,0,6ba045d9-c172-4149-9d97-ac075d7950e6,initial,generation_log,-0.109218419608,-0.109218419608,242,0.0569,0.49,191,0.0468,0.58,-0.267015706806,-0.215811965812,0.155172413793,,
classic_revolution_8x5,RTLLM,Prob001_accu,sequential,0,d67967d4-8d7c-434e-99b9-c5b71677bb56,initial,generation_log,0.00417487703099,0.00417487703099,226,0.0449,0.49,191,0.0468,0.58,-0.183246073298,0.0405982905983,0.155172413793,,
classic_revolution_8x5,RTLLM,Prob001_accu,sequential,0,194baf93-197b-44af-9a66-260fa5905e45,initial,generation_log,-0.115166272415,-0.115166272415,245,0.057,0.49,191,0.0468,0.58,-0.282722513089,-0.217948717949,0.155172413793,,
classic_revolution_8x5,RTLLM,Prob001_accu,sequential,0,8b3af2f3-8f6d-4eca-97d4-1322e34c3dad,initial,generation_log,-0.115166272415,-0.115166272415,245,0.057,0.49,191,0.0468,0.58,-0.282722513089,-0.217948717949,0.155172413793,,
classic_revolution_8x5,RTLLM,Prob001_accu,sequential,1,55a8ca2c-b5c8-490b-9f60-174ac1ba7722,M-S,generation_log,-0.115166272415,-0.115166272415,245,0.057,0.49,191,0.0468,0.58,-0.282722513089,-0.217948717949,0.155172413793,,
classic_revolution_8x5,RTLLM,Prob001_accu,sequential,1,667dbeea-c792-4bf7-af09-c9e9ae65848f,M-R,generation_log,-0.115166272415,-0.115166272415,245,0.057,0.49,191,0.0468,0.58,-0.282722513089,-0.217948717949,0.155172413793,,
classic_revolution_8x5,RTLLM,Prob001_accu,sequential,1,14d91132-81f0-4b41-929c-e5c1e7af8203,C-F,generation_log,-0.115166272415,-0.115166272415,245,0.057,0.49,191,0.0468,0.58,-0.282722513089,-0.217948717949,0.155172413793,,
classic_revolution_8x5,RTLLM,Prob001_accu,sequential,1,fb3cd6b3-4710-418b-8238-65c7ebec67dd,M-I,generation_log,0.075831233486,0.075831233486,251,0.0271,0.51,191,0.0468,0.58,-0.314136125654,0.42094017094,0.120689655172,,
classic_revolution_8x5,RTLLM,Prob001_accu,sequential,1,6bfd68da-24ef-4e97-841a-8ede9cbf0e05,M-I,generation_log,-0.120913398852,-0.120913398852,245,0.057,0.5,191,0.0468,0.58,-0.282722513089,-0.217948717949,0.137931034483,,
classic_revolution_8x5,RTLLM,Prob001_accu,sequential,1,e78ebc33-2c7b-46ff-8b66-b224816a8a81,M-E,generation_log,-0.88657918546,-0.88657918546,416,0.0992,0.79,191,0.0468,0.58,-1.1780104712,-1.11965811966,-0.362068965517,,
classic_revolution_8x5,RTLLM,Prob001_accu,sequential,1,294f3d23-30b2-46f8-a524-9d0959982ca9,M-S,generation_log,-0.109218419608,-0.109218419608,242,0.0569,0.49,191,0.0468,0.58,-0.267015706806,-0.215811965812,0.155172413793,,
classic_revolution_8x5,RTLLM,Prob001_accu,sequential,2,453f4536-c365-41d7-91c7-23efd34eeef4,M-R,generation_log,0.075831233486,0.075831233486,251,0.0271,0.51,191,0.0468,0.58,-0.314136125654,0.42094017094,0.120689655172,,
classic_revolution_8x5,RTLLM,Prob001_accu,sequential,2,65a8695d-7399-43fc-b027-b8cc07e5a59c,M-I,generation_log,-0.120913398852,-0.120913398852,245,0.057,0.5,191,0.0468,0.58,-0.282722513089,-0.217948717949,0.137931034483,,
classic_revolution_8x5,RTLLM,Prob001_accu,sequential,2,c4a154a6-1a6d-40e7-a40c-92f0834e207a,M-S,generation_log,0.00417487703099,0.00417487703099,226,0.0449,0.49,191,0.0468,0.58,-0.183246073298,0.0405982905983,0.155172413793,,
classic_revolution_8x5,RTLLM,Prob001_accu,sequential,2,555062cc-e1c1-4416-a28b-41a0ef48f0c1,M-R,generation_log,-0.115166272415,-0.115166272415,245,0.057,0.49,191,0.0468,0.58,-0.282722513089,-0.217948717949,0.155172413793,,
classic_revolution_8x5,RTLLM,Prob001_accu,sequential,2,9ec52070-0be4-46ea-b837-420a6faf1256,M-S,generation_log,0.075831233486,0.075831233486,251,0.0271,0.51,191,0.0468,0.58,-0.314136125654,0.42094017094,0.120689655172,,
classic_revolution_8x5,RTLLM,Prob001_accu,sequential,2,065fe642-61fb-47e6-85ce-6107a48698d1,M-R,generation_log,0.075831233486,0.075831233486,251,0.0271,0.51,191,0.0468,0.58,-0.314136125654,0.42094017094,0.120689655172,,
classic_revolution_8x5,RTLLM,Prob001_accu,sequential,2,72c20a27-b01d-49b2-9b4f-9a62fa41533d,M-R,generation_log,0.075831233486,0.075831233486,251,0.0271,0.51,191,0.0468,0.58,-0.314136125654,0.42094017094,0.120689655172,,
classic_revolution_8x5,RTLLM,Prob001_accu,sequential,2,5587309c-2bcf-4e28-bfb7-167f51e17f6a,C-F,generation_log,0.075831233486,0.075831233486,251,0.0271,0.51,191,0.0468,0.58,-0.314136125654,0.42094017094,0.120689655172,,
classic_revolution_8x5,RTLLM,Prob001_accu,sequential,3,94f38bfe-2268-42b2-a0c6-caca8f30adb9,M-R,generation_log,-0.115166272415,-0.115166272415,245,0.057,0.49,191,0.0468,0.58,-0.282722513089,-0.217948717949,0.155172413793,,
classic_revolution_8x5,RTLLM,Prob001_accu,sequential,3,6ed36d11-5280-4a29-9d06-4e116851b9a4,M-I,generation_log,-0.96270732938,-0.96270732938,427,0.108,0.78,191,0.0468,0.58,-1.23560209424,-1.30769230769,-0.344827586207,,
classic_revolution_8x5,RTLLM,Prob001_accu,sequential,3,ad625f7e-9f70-4ac9-b20a-25df3bf8a3bd,C-F,generation_log,-0.120913398852,-0.120913398852,245,0.057,0.5,191,0.0468,0.58,-0.282722513089,-0.217948717949,0.137931034483,,
classic_revolution_8x5,RTLLM,Prob001_accu,sequential,3,16de5fea-c7a1-49be-9e05-a2ba7da0d0a5,M-R,generation_log,-0.115166272415,-0.115166272415,245,0.057,0.49,191,0.0468,0.58,-0.282722513089,-0.217948717949,0.155172413793,,
classic_revolution_8x5,RTLLM,Prob001_accu,sequential,3,a7d260bf-3a74-4ad3-a52d-b6a6b7e3e93d,M-R,generation_log,0.075831233486,0.075831233486,251,0.0271,0.51,191,0.0468,0.58,-0.314136125654,0.42094017094,0.120689655172,,
classic_revolution_8x5,RTLLM,Prob001_accu,sequential,4,4738f083-f3b7-4a60-a03c-c13f4688195e,M-I,generation_log,-0.985820051446,-0.985820051446,428,0.111,0.78,191,0.0468,0.58,-1.24083769634,-1.37179487179,-0.344827586207,,
classic_revolution_8x5,RTLLM,Prob001_accu,sequential,4,814d4807-539d-4c6b-aca2-5f84e47827bf,C-F,generation_log,0.075831233486,0.075831233486,251,0.0271,0.51,191,0.0468,0.58,-0.314136125654,0.42094017094,0.120689655172,,
classic_revolution_8x5,RTLLM,Prob001_accu,sequential,4,06b0bf7e-f992-4df2-bf91-21b2d4f0be1b,M-I,generation_log,0.075831233486,0.075831233486,251,0.0271,0.51,191,0.0468,0.58,-0.314136125654,0.42094017094,0.120689655172,,
classic_revolution_8x5,RTLLM,Prob001_accu,sequential,4,989cb2f7-e008-4bc0-aac3-b438f04b7dda,C-F,generation_log,0.075831233486,0.075831233486,251,0.0271,0.51,191,0.0468,0.58,-0.314136125654,0.42094017094,0.120689655172,,
classic_revolution_8x5,RTLLM,Prob001_accu,sequential,4,aac4e92a-eeae-4cc3-bfb5-11871a0c60ac,C-F,generation_log,0.144145836644,0.144145836644,225,0.0263,0.48,191,0.0468,0.58,-0.178010471204,0.438034188034,0.172413793103,,
classic_revolution_8x5,RTLLM,Prob001_accu,sequential,4,1b839741-4b99-4b9b-a5ed-ff42abf8380d,M-E,generation_log,-0.985820051446,-0.985820051446,428,0.111,0.78,191,0.0468,0.58,-1.24083769634,-1.37179487179,-0.344827586207,,
classic_revolution_8x5,RTLLM,Prob001_accu,sequential,5,f3c5c05f-d7e7-47b2-9c63-a44b085752c9,M-S,generation_log,-0.115166272415,-0.115166272415,245,0.057,0.49,191,0.0468,0.58,-0.282722513089,-0.217948717949,0.155172413793,,
classic_revolution_8x5,RTLLM,Prob001_accu,sequential,5,21806e64-e1fe-47db-b5e8-df3c82e13d39,M-E,generation_log,-0.821292965859,-0.821292965859,430,0.0979,0.65,191,0.0468,0.58,-1.25130890052,-1.09188034188,-0.120689655172,,
classic_revolution_8x5,RTLLM,Prob001_accu,sequential,5,65d0d818-5ca8-4fd3-9dec-0230208f350c,M-E,generation_log,-0.89700126891,-0.89700126891,422,0.1,0.78,191,0.0468,0.58,-1.20942408377,-1.13675213675,-0.344827586207,,
classic_revolution_8x5,RTLLM,Prob001_accu,sequential,5,cfa17c99-0d58-49c3-8e8e-8470bb3ee76f,M-S,generation_log,0.075831233486,0.075831233486,251,0.0271,0.51,191,0.0468,0.58,-0.314136125654,0.42094017094,0.120689655172,,
classic_revolution_8x5,RTLLM,Prob001_accu,sequential,5,4a65c3ea-14fb-46d0-9882-62bbe30b4102,M-E,generation_log,-0.96270732938,-0.96270732938,427,0.108,0.78,191,0.0468,0.58,-1.23560209424,-1.30769230769,-0.344827586207,,
classic_revolution_8x5,RTLLM,Prob001_accu,sequential,5,faf30348-bc3a-4297-8bf4-133ef73d29fc,C-F,generation_log,0.0708846979383,0.0708846979383,258,0.0285,0.48,191,0.0468,0.58,-0.350785340314,0.391025641026,0.172413793103,,
classic_revolution_8x5,RTLLM,Prob002_adder_16bit,combinational,0,6af514e1-1623-40e4-b8d2-79349e87a511,initial,generation_log,0.2313777347,0.347066602049,119,7.78e-05,0,92,0.00628,0,-0.29347826087,0.987611464968,0,,
classic_revolution_8x5,RTLLM,Prob002_adder_16bit,combinational,0,510c2aeb-3f87-43ec-801a-4baeadce6c55,initial,generation_log,0.351887750392,0.527831625588,86,6e-05,0,92,0.00628,0,0.0652173913043,0.990445859873,0,,
classic_revolution_8x5,RTLLM,Prob002_adder_16bit,combinational,0,78d48fde-c21a-4021-afa1-f69b55b47ed3,initial,generation_log,0.351887750392,0.527831625588,86,6e-05,0,92,0.00628,0,0.0652173913043,0.990445859873,0,,
classic_revolution_8x5,RTLLM,Prob002_adder_16bit,combinational,0,c05e45d2-2441-4b13-8724-f6ca62761f3e,initial,generation_log,0.2313777347,0.347066602049,119,7.78e-05,0,92,0.00628,0,-0.29347826087,0.987611464968,0,,
classic_revolution_8x5,RTLLM,Prob002_adder_16bit,combinational,0,29a448dc-ef84-48fb-a165-4fbb2fa12d2e,initial,generation_log,0.2313777347,0.347066602049,119,7.78e-05,0,92,0.00628,0,-0.29347826087,0.987611464968,0,,
classic_revolution_8x5,RTLLM,Prob002_adder_16bit,combinational,0,0085a68d-9308-4f7a-89a1-4ec06123635a,initial,generation_log,0.2313777347,0.347066602049,119,7.78e-05,0,92,0.00628,0,-0.29347826087,0.987611464968,0,,
classic_revolution_8x5,RTLLM,Prob002_adder_16bit,combinational,0,e443838b-9093-411a-b94d-e66a26d46d49,initial,generation_log,0.2313777347,0.347066602049,119,7.78e-05,0,92,0.00628,0,-0.29347826087,0.987611464968,0,,
classic_revolution_8x5,RTLLM,Prob002_adder_16bit,combinational,0,0b099928-c14b-412c-8e52-a011f2c85760,initial,generation_log,0.351887750392,0.527831625588,86,6e-05,0,92,0.00628,0,0.0652173913043,0.990445859873,0,,
classic_revolution_8x5,RTLLM,Prob002_adder_16bit,combinational,1,593eec4e-d569-41d0-8b9d-4afddbf9b911,M-E,generation_log,0.0551186190344,0.0826779285516,167,0.000122,0,92,0.00628,0,-0.815217391304,0.980573248408,0,,
classic_revolution_8x5,RTLLM,Prob002_adder_16bit,combinational,1,6d4814f1-739f-4d62-9f79-8127f6d4989b,M-S,generation_log,0.161629511677,0.242444267516,138,9.49e-05,0,92,0.00628,0,-0.5,0.984888535032,0,,
classic_revolution_8x5,RTLLM,Prob002_adder_16bit,combinational,1,817556a2-6e53-49a2-8629-9551bb0a78e3,M-I,generation_log,0.2313777347,0.347066602049,119,7.78e-05,0,92,0.00628,0,-0.29347826087,0.987611464968,0,,
classic_revolution_8x5,RTLLM,Prob002_adder_16bit,combinational,1,ad8144ff-23ff-47d6-94f9-b296eaae80b2,C-F,generation_log,0.351887750392,0.527831625588,86,6e-05,0,92,0.00628,0,0.0652173913043,0.990445859873,0,,
classic_revolution_8x5,RTLLM,Prob002_adder_16bit,combinational,1,22355df6-076f-4702-997d-b74ae8c50a5f,M-R,generation_log,0.2313777347,0.347066602049,119,7.78e-05,0,92,0.00628,0,-0.29347826087,0.987611464968,0,,
classic_revolution_8x5,RTLLM,Prob002_adder_16bit,combinational,1,1eadbe79-f42d-49e7-be1a-de6c031a12f1,C-F,generation_log,0.351887750392,0.527831625588,86,6e-05,0,92,0.00628,0,0.0652173913043,0.990445859873,0,,
classic_revolution_8x5,RTLLM,Prob002_adder_16bit,combinational,1,70b140a3-726d-4231-9be9-9b909a1c1e34,C-F,generation_log,0.351887750392,0.527831625588,86,6e-05,0,92,0.00628,0,0.0652173913043,0.990445859873,0,,
classic_revolution_8x5,RTLLM,Prob002_adder_16bit,combinational,1,9ba77aae-0229-432d-9fb4-1578904a1069,M-I,generation_log,0.161629511677,0.242444267516,138,9.49e-05,0,92,0.00628,0,-0.5,0.984888535032,0,,
classic_revolution_8x5,RTLLM,Prob002_adder_16bit,combinational,2,e853a506-562b-4733-9861-d9a74f37c615,M-E,generation_log,0.194121434506,0.291182151759,129,9.71e-05,0,92,0.00628,0,-0.402173913043,0.984538216561,0,,
classic_revolution_8x5,RTLLM,Prob002_adder_16bit,combinational,2,c7668964-e162-4436-b3ad-5331424a97b5,M-E,generation_log,0.036312655774,0.054468983661,172,0.000135,0,92,0.00628,0,-0.869565217391,0.978503184713,0,,
classic_revolution_8x5,RTLLM,Prob002_adder_16bit,combinational,2,4f1561e7-1614-45ba-94e1-815f06564962,M-E,generation_log,0.014732761008,0.022099141512,178,0.000132,0,92,0.00628,0,-0.934782608696,0.97898089172,0,,
classic_revolution_8x5,RTLLM,Prob002_adder_16bit,combinational,2,9104a712-2906-4d29-bae4-1a654d5386f5,M-R,generation_log,0.351887750392,0.527831625588,86,6e-05,0,92,0.00628,0,0.0652173913043,0.990445859873,0,,
classic_revolution_8x5,RTLLM,Prob002_adder_16bit,combinational,2,ec61fd92-99d1-4f31-ae6c-53228c7fab6c,M-S,generation_log,0.161629511677,0.242444267516,138,9.49e-05,0,92,0.00628,0,-0.5,0.984888535032,0,,
classic_revolution_8x5,RTLLM,Prob002_adder_16bit,combinational,2,a502c6e9-ab46-4343-960a-78f58b6b292b,M-E,generation_log,-0.0910297239915,-0.136544585987,207,0.000145,0,92,0.00628,0,-1.25,0.976910828025,0,,
classic_revolution_8x5,RTLLM,Prob002_adder_16bit,combinational,2,b5a6b72e-5900-4f77-a4fa-0bc025694f16,M-R,generation_log,0.351887750392,0.527831625588,86,6e-05,0,92,0.00628,0,0.0652173913043,0.990445859873,0,,
classic_revolution_8x5,RTLLM,Prob002_adder_16bit,combinational,2,73d8ad1d-bd49-4c6f-86d2-dc0d8b15f3e0,M-R,generation_log,0.351887750392,0.527831625588,86,6e-05,0,92,0.00628,0,0.0652173913043,0.990445859873,0,,
classic_revolution_8x5,RTLLM,Prob002_adder_16bit,combinational,3,3ccd223f-2ad2-4536-be09-10e13517e1b9,M-E,generation_log,0.070301393889,0.105452090834,163,0.000109,0,92,0.00628,0,-0.771739130435,0.982643312102,0,,
classic_revolution_8x5,RTLLM,Prob002_adder_16bit,combinational,3,c90a4e56-2761-4a2e-8daf-dcd66696d7c8,M-I,generation_log,0.2313777347,0.347066602049,119,7.78e-05,0,92,0.00628,0,-0.29347826087,0.987611464968,0,,
classic_revolution_8x5,RTLLM,Prob002_adder_16bit,combinational,3,14762753-5e53-46f5-b91d-8ab8449627e9,M-I,generation_log,0.2313777347,0.347066602049,119,7.78e-05,0,92,0.00628,0,-0.29347826087,0.987611464968,0,,
classic_revolution_8x5,RTLLM,Prob002_adder_16bit,combinational,3,327b7da3-a3e3-4986-becb-e353e24f0982,M-S,generation_log,0.2313777347,0.347066602049,119,7.78e-05,0,92,0.00628,0,-0.29347826087,0.987611464968,0,,
classic_revolution_8x5,RTLLM,Prob002_adder_16bit,combinational,3,8fc6b96b-3d88-431c-bbb7-0f272dbf0e00,M-S,generation_log,0.2313777347,0.347066602049,119,7.78e-05,0,92,0.00628,0,-0.29347826087,0.987611464968,0,,
classic_revolution_8x5,RTLLM,Prob002_adder_16bit,combinational,3,f2659b22-a806-417d-b4c1-b87c39e7f895,M-I,generation_log,0.161629511677,0.242444267516,138,9.49e-05,0,92,0.00628,0,-0.5,0.984888535032,0,,
classic_revolution_8x5,RTLLM,Prob002_adder_16bit,combinational,3,7730e2b8-c3d1-409e-baaf-5e2716d89f6e,M-S,generation_log,0.2313777347,0.347066602049,119,7.78e-05,0,92,0.00628,0,-0.29347826087,0.987611464968,0,,
classic_revolution_8x5,RTLLM,Prob002_adder_16bit,combinational,3,eb97e347-18a8-4d78-92da-bbd53c2d6f09,M-R,generation_log,0.351887750392,0.527831625588,86,6e-05,0,92,0.00628,0,0.0652173913043,0.990445859873,0,,
classic_revolution_8x5,RTLLM,Prob002_adder_16bit,combinational,4,e9f72155-d62e-40ba-958e-5eaa2a927bdd,M-R,generation_log,0.351887750392,0.527831625588,86,6e-05,0,92,0.00628,0,0.0652173913043,0.990445859873,0,,
classic_revolution_8x5,RTLLM,Prob002_adder_16bit,combinational,4,3b04a8b2-23a3-45cf-a550-6536dc758e8d,M-S,generation_log,0.351887750392,0.527831625588,86,6e-05,0,92,0.00628,0,0.0652173913043,0.990445859873,0,,
classic_revolution_8x5,RTLLM,Prob002_adder_16bit,combinational,4,5182637d-d03b-4602-950c-e5ee64c88acd,M-R,generation_log,0.351887750392,0.527831625588,86,6e-05,0,92,0.00628,0,0.0652173913043,0.990445859873,0,,
classic_revolution_8x5,RTLLM,Prob002_adder_16bit,combinational,4,bde08a7d-0f51-4989-865f-8cdd1017ab5c,C-F,generation_log,0.351887750392,0.527831625588,86,6e-05,0,92,0.00628,0,0.0652173913043,0.990445859873,0,,
classic_revolution_8x5,RTLLM,Prob002_adder_16bit,combinational,4,018cc05e-5175-4cfd-973a-e6cfcc55418a,M-E,generation_log,0.0438775039232,0.0658162558848,170,0.000129,0,92,0.00628,0,-0.847826086957,0.979458598726,0,,
classic_revolution_8x5,RTLLM,Prob002_adder_16bit,combinational,4,2ce314a7-5a70-4605-bcce-4936303ce0d8,M-R,generation_log,0.351887750392,0.527831625588,86,6e-05,0,92,0.00628,0,0.0652173913043,0.990445859873,0,,
classic_revolution_8x5,RTLLM,Prob002_adder_16bit,combinational,4,30e45aa8-5e86-4903-9783-4f30ba5a8ac4,C-F,generation_log,0.0146266038955,0.0219399058433,178,0.000134,0,92,0.00628,0,-0.934782608696,0.978662420382,0,,
classic_revolution_8x5,RTLLM,Prob002_adder_16bit,combinational,4,581941cb-ea0d-44d5-b86f-59397d0a9e08,M-I,generation_log,0.161629511677,0.242444267516,138,9.49e-05,0,92,0.00628,0,-0.5,0.984888535032,0,,
classic_revolution_8x5,RTLLM,Prob002_adder_16bit,combinational,5,00cf159c-bcd7-48a2-bd3b-f564053126c5,C-F,generation_log,0.351887750392,0.527831625588,86,6e-05,0,92,0.00628,0,0.0652173913043,0.990445859873,0,,
classic_revolution_8x5,RTLLM,Prob002_adder_16bit,combinational,5,0ca83119-65f7-4027-933b-cba6334fa83b,M-I,generation_log,0.2313777347,0.347066602049,119,7.78e-05,0,92,0.00628,0,-0.29347826087,0.987611464968,0,,
classic_revolution_8x5,RTLLM,Prob002_adder_16bit,combinational,5,f6a84254-891a-40b4-940d-402347843b46,M-E,generation_log,0.176408889504,0.264613334256,134,8.95e-05,0,92,0.00628,0,-0.45652173913,0.985748407643,0,,
classic_revolution_8x5,RTLLM,Prob002_adder_16bit,combinational,5,4edc6ce8-7844-48bd-8ff3-cb8b9b6b3b35,M-E,generation_log,0.267832548694,0.401748823041,109,7.36e-05,0,92,0.00628,0,-0.184782608696,0.988280254777,0,,
classic_revolution_8x5,RTLLM,Prob002_adder_16bit,combinational,5,805c2d12-7ca3-49a6-acf4-29ff5842796a,M-I,generation_log,0.2313777347,0.347066602049,119,7.78e-05,0,92,0.00628,0,-0.29347826087,0.987611464968,0,,
classic_revolution_8x5,RTLLM,Prob002_adder_16bit,combinational,5,9f041a69-3ed7-4494-978b-77f9f74c667d,M-R,generation_log,0.351887750392,0.527831625588,86,6e-05,0,92,0.00628,0,0.0652173913043,0.990445859873,0,,
classic_revolution_8x5,RTLLM,Prob002_adder_16bit,combinational,5,7e7d8e48-6d87-4844-bf90-1d9ee3810b91,M-I,generation_log,0.231319348288,0.346979022431,119,7.89e-05,0,92,0.00628,0,-0.29347826087,0.987436305732,0,,
classic_revolution_8x5,RTLLM,Prob002_adder_16bit,combinational,5,fa1f5bab-40c9-404c-afff-a4df3391c4d3,C-F,generation_log,0.351887750392,0.527831625588,86,6e-05,0,92,0.00628,0,0.0652173913043,0.990445859873,0,,
classic_revolution_8x5,RTLLM,Prob003_adder_32bit,combinational,0,9d899e4e-7118-470a-86ca-16c62db65609,initial,generation_log,0.557887684966,0.836831527449,137,7.97e-05,0,423,0.0324,0,0.676122931442,0.997540123457,0,,
classic_revolution_8x5,RTLLM,Prob003_adder_32bit,combinational,0,a1a3d99f-0d07-45ca-be7b-c59825cde095,initial,generation_log,0.557887684966,0.836831527449,137,7.97e-05,0,423,0.0324,0,0.676122931442,0.997540123457,0,,
classic_revolution_8x5,RTLLM,Prob003_adder_32bit,combinational,0,375f278a-3501-4cff-95be-77a13e14d0dc,initial,generation_log,0.557887684966,0.836831527449,137,7.97e-05,0,423,0.0324,0,0.676122931442,0.997540123457,0,,
classic_revolution_8x5,RTLLM,Prob003_adder_32bit,combinational,0,1354c77f-9766-4fcb-82fb-ad6f50b49b01,initial,generation_log,0.557887684966,0.836831527449,137,7.97e-05,0,423,0.0324,0,0.676122931442,0.997540123457,0,,
classic_revolution_8x5,RTLLM,Prob003_adder_32bit,combinational,0,0efd3053-e92e-4e84-842d-c8f47645e45b,initial,generation_log,0.557887684966,0.836831527449,137,7.97e-05,0,423,0.0324,0,0.676122931442,0.997540123457,0,,
classic_revolution_8x5,RTLLM,Prob003_adder_32bit,combinational,0,8ef6cded-03f8-4d52-83b7-62da87cf318d,initial,generation_log,0.557887684966,0.836831527449,137,7.97e-05,0,423,0.0324,0,0.676122931442,0.997540123457,0,,
classic_revolution_8x5,RTLLM,Prob003_adder_32bit,combinational,0,477df08d-8886-4da5-9479-e27af132daa7,initial,generation_log,0.557887684966,0.836831527449,137,7.97e-05,0,423,0.0324,0,0.676122931442,0.997540123457,0,,
classic_revolution_8x5,RTLLM,Prob003_adder_32bit,combinational,1,b454e7fa-62dc-4d61-98fe-c68492d343bd,M-S,generation_log,0.557887684966,0.836831527449,137,7.97e-05,0,423,0.0324,0,0.676122931442,0.997540123457,0,,
classic_revolution_8x5,RTLLM,Prob003_adder_32bit,combinational,1,4ad174cb-cfaf-4659-ae83-c8a115f06df4,C-F,generation_log,0.445857849575,0.668786774363,278,0.000169,0,423,0.0324,0,0.342789598109,0.994783950617,0,,
classic_revolution_8x5,RTLLM,Prob003_adder_32bit,combinational,1,ab2803d1-fe8f-44ef-a5f0-284a21a1bd2c,M-E,generation_log,0.47213006742,0.708195101129,245,0.000143,0,423,0.0324,0,0.420803782506,0.995586419753,0,,
classic_revolution_8x5,RTLLM,Prob003_adder_32bit,combinational,1,c835acf9-24c1-4cdb-bfd2-9b2344598cc5,M-S,generation_log,0.557887684966,0.836831527449,137,7.97e-05,0,423,0.0324,0,0.676122931442,0.997540123457,0,,
classic_revolution_8x5,RTLLM,Prob003_adder_32bit,combinational,1,ae49b2a7-e6b6-4cb4-86fb-8719a91fd1c4,M-R,generation_log,0.557887684966,0.836831527449,137,7.97e-05,0,423,0.0324,0,0.676122931442,0.997540123457,0,,
classic_revolution_8x5,RTLLM,Prob003_adder_32bit,combinational,1,5578069b-3719-4016-821b-96e5970a151e,C-F,generation_log,0.557887684966,0.836831527449,137,7.97e-05,0,423,0.0324,0,0.676122931442,0.997540123457,0,,
classic_revolution_8x5,RTLLM,Prob003_adder_32bit,combinational,1,faf1df7e-afa5-4ea0-af32-be0e095ea845,C-F,generation_log,0.406504027668,0.609756041502,327,0.000241,0,423,0.0324,0,0.22695035461,0.992561728395,0,,
classic_revolution_8x5,RTLLM,Prob003_adder_32bit,combinational,2,0b9e396a-4db7-4cc7-8225-5867adf2b17b,M-S,generation_log,0.557887684966,0.836831527449,137,7.97e-05,0,423,0.0324,0,0.676122931442,0.997540123457,0,,
classic_revolution_8x5,RTLLM,Prob003_adder_32bit,combinational,2,21a0ccce-624a-4b99-8ca7-66869edc2d3d,M-E,generation_log,0.43920387882,0.65880581823,286,0.000203,0,423,0.0324,0,0.323877068558,0.993734567901,0,,
classic_revolution_8x5,RTLLM,Prob003_adder_32bit,combinational,2,bc73c6d0-c976-4ea4-bc10-d3c1ab570633,M-S,generation_log,0.557887684966,0.836831527449,137,7.97e-05,0,423,0.0324,0,0.676122931442,0.997540123457,0,,
classic_revolution_8x5,RTLLM,Prob003_adder_32bit,combinational,2,839a8c6e-7317-4363-bd26-71c0b2b3e345,M-E,generation_log,0.322702040102,0.484053060152,432,0.000344,0,423,0.0324,0,-0.0212765957447,0.989382716049,0,,
classic_revolution_8x5,RTLLM,Prob003_adder_32bit,combinational,2,602948b1-a171-461b-b2a2-2429937127e4,M-I,generation_log,0.439471368532,0.659207052797,286,0.000177,0,423,0.0324,0,0.323877068558,0.994537037037,0,,
classic_revolution_8x5,RTLLM,Prob003_adder_32bit,combinational,2,4d0a3b8c-1c08-4dec-9388-2d1b5dff7645,M-E,generation_log,0.445857849575,0.668786774363,278,0.000169,0,423,0.0324,0,0.342789598109,0.994783950617,0,,
classic_revolution_8x5,RTLLM,Prob003_adder_32bit,combinational,3,52ba27cd-f2d1-4c58-9228-20d41d99fd97,M-S,generation_log,0.557887684966,0.836831527449,137,7.97e-05,0,423,0.0324,0,0.676122931442,0.997540123457,0,,
classic_revolution_8x5,RTLLM,Prob003_adder_32bit,combinational,3,74039818-cf24-4f4b-834d-29102b49d6e2,M-S,generation_log,0.45121968304,0.67682952456,271,0.000184,0,423,0.0324,0,0.359338061466,0.994320987654,0,,
classic_revolution_8x5,RTLLM,Prob003_adder_32bit,combinational,3,6fb31f01-48f3-4db7-b69a-524a4debf7d8,M-S,generation_log,0.557887684966,0.836831527449,137,7.97e-05,0,423,0.0324,0,0.676122931442,0.997540123457,0,,
classic_revolution_8x5,RTLLM,Prob003_adder_32bit,combinational,3,a997051e-3264-4a59-a9cb-a697cacbaa31,M-R,generation_log,0.557887684966,0.836831527449,137,7.97e-05,0,423,0.0324,0,0.676122931442,0.997540123457,0,,
classic_revolution_8x5,RTLLM,Prob003_adder_32bit,combinational,3,d1416e3a-0fa8-49ed-bce3-a54f653e1b08,M-I,generation_log,0.428305314771,0.642457972157,300,0.00019,0,423,0.0324,0,0.290780141844,0.994135802469,0,,
classic_revolution_8x5,RTLLM,Prob003_adder_32bit,combinational,3,3abd9287-d842-41a7-8758-9769d1dfd0fa,M-I,generation_log,0.445857849575,0.668786774363,278,0.000169,0,423,0.0324,0,0.342789598109,0.994783950617,0,,
classic_revolution_8x5,RTLLM,Prob003_adder_32bit,combinational,4,125bf4a4-3121-4134-8d9a-c091b3a2771a,M-R,generation_log,0.445857849575,0.668786774363,278,0.000169,0,423,0.0324,0,0.342789598109,0.994783950617,0,,
classic_revolution_8x5,RTLLM,Prob003_adder_32bit,combinational,4,f416171b-3b58-4356-98e0-6298198c2352,M-R,generation_log,0.557887684966,0.836831527449,137,7.97e-05,0,423,0.0324,0,0.676122931442,0.997540123457,0,,
classic_revolution_8x5,RTLLM,Prob003_adder_32bit,combinational,4,c280c2fd-9da8-48a2-aa58-49af6796b529,M-S,generation_log,0.557887684966,0.836831527449,137,7.97e-05,0,423,0.0324,0,0.676122931442,0.997540123457,0,,
classic_revolution_8x5,RTLLM,Prob003_adder_32bit,combinational,4,f30162fc-780e-4044-8624-8d3e9364cb11,C-F,generation_log,0.445857849575,0.668786774363,278,0.000169,0,423,0.0324,0,0.342789598109,0.994783950617,0,,
classic_revolution_8x5,RTLLM,Prob003_adder_32bit,combinational,4,6f92710d-f78e-4022-af87-ba4756b81a8d,M-R,generation_log,0.557887684966,0.836831527449,137,7.97e-05,0,423,0.0324,0,0.676122931442,0.997540123457,0,,
classic_revolution_8x5,RTLLM,Prob003_adder_32bit,combinational,4,e9b58db1-db28-494e-b550-b433af4e2529,M-R,generation_log,0.557887684966,0.836831527449,137,7.97e-05,0,423,0.0324,0,0.676122931442,0.997540123457,0,,
classic_revolution_8x5,RTLLM,Prob003_adder_32bit,combinational,4,9ec2d779-d43a-4281-8564-4e72d12ce071,M-R,generation_log,0.557887684966,0.836831527449,137,7.97e-05,0,423,0.0324,0,0.676122931442,0.997540123457,0,,
classic_revolution_8x5,RTLLM,Prob003_adder_32bit,combinational,5,839e418a-ab89-4d9b-a5b4-8d988a4bb94b,M-E,generation_log,0.359393441905,0.539090162858,386,0.000301,0,423,0.0324,0,0.0874704491726,0.990709876543,0,,
classic_revolution_8x5,RTLLM,Prob003_adder_32bit,combinational,5,16387a58-489c-435b-800c-4f0fca7df03f,C-F,generation_log,0.445069827511,0.667604741266,279,0.000169,0,423,0.0324,0,0.340425531915,0.994783950617,0,,
classic_revolution_8x5,RTLLM,Prob003_adder_32bit,combinational,5,0ae03d12-2bce-44f4-8ca8-c2db8f26cc0a,M-R,generation_log,0.440269678662,0.660404517993,285,0.000176,0,423,0.0324,0,0.326241134752,0.994567901235,0,,
classic_revolution_8x5,RTLLM,Prob003_adder_32bit,combinational,5,a0824bbd-af4c-4cea-afb9-250655e8833f,M-S,generation_log,0.557887684966,0.836831527449,137,7.97e-05,0,423,0.0324,0,0.676122931442,0.997540123457,0,,
classic_revolution_8x5,RTLLM,Prob003_adder_32bit,combinational,5,ed3453fa-0507-498a-9838-7737e3784ad8,M-S,generation_log,0.45121968304,0.67682952456,271,0.000184,0,423,0.0324,0,0.359338061466,0.994320987654,0,,
classic_revolution_8x5,RTLLM,Prob003_adder_32bit,combinational,5,99d7e985-f202-4aff-96fd-1327c705a519,M-E,generation_log,0.557887684966,0.836831527449,137,7.97e-05,0,423,0.0324,0,0.676122931442,0.997540123457,0,,
classic_revolution_8x5,RTLLM,Prob004_adder_8bit,combinational,1,607d6f9f-5986-42f1-84f8-256c5736e267,M-F,generation_log,0.329900332226,0.494850498339,46,3.1e-05,0,46,0.00301,0,0,0.989700996678,0,,
classic_revolution_8x5,RTLLM,Prob004_adder_8bit,combinational,1,fa4c5087-5f20-4ef0-843b-d30df0e9b321,M-S,generation_log,0.329900332226,0.494850498339,46,3.1e-05,0,46,0.00301,0,0,0.989700996678,0,,
classic_revolution_8x5,RTLLM,Prob004_adder_8bit,combinational,1,baccad26-4eda-4639-b686-2b5b4f1f075b,M-I,generation_log,0.329900332226,0.494850498339,46,3.1e-05,0,46,0.00301,0,0,0.989700996678,0,,
classic_revolution_8x5,RTLLM,Prob004_adder_8bit,combinational,1,818df4bd-5deb-41a5-a3bb-28c24397ff4b,M-E,generation_log,0.381544128268,0.572316192402,39,2.27e-05,0,46,0.00301,0,0.152173913043,0.992458471761,0,,
classic_revolution_8x5,RTLLM,Prob004_adder_8bit,combinational,1,040c685b-5a85-453f-b9ad-187db585f201,M-I,generation_log,0.381544128268,0.572316192402,39,2.27e-05,0,46,0.00301,0,0.152173913043,0.992458471761,0,,
classic_revolution_8x5,RTLLM,Prob004_adder_8bit,combinational,1,aa9dbc11-1527-45f3-b5ed-62161b3dca80,M-R,generation_log,0.329900332226,0.494850498339,46,3.1e-05,0,46,0.00301,0,0,0.989700996678,0,,
classic_revolution_8x5,RTLLM,Prob004_adder_8bit,combinational,1,a8a5c6ec-920d-49a9-8fcd-f523f3128a0b,M-E,generation_log,0.139822331359,0.209733497039,72,4.61e-05,0,46,0.00301,0,-0.565217391304,0.984684385382,0,,
classic_revolution_8x5,RTLLM,Prob004_adder_8bit,combinational,2,1df691a4-9e25-4abf-8ce0-ca714937b172,M-I,generation_log,0.381544128268,0.572316192402,39,2.27e-05,0,46,0.00301,0,0.152173913043,0.992458471761,0,,
classic_revolution_8x5,RTLLM,Prob004_adder_8bit,combinational,2,c2cd5850-0381-47f7-b3a7-a141b686fe81,M-I,generation_log,0.205670951899,0.308506427849,63,4.04e-05,0,46,0.00301,0,-0.369565217391,0.98657807309,0,,
classic_revolution_8x5,RTLLM,Prob004_adder_8bit,combinational,2,49372a82-1c93-4f2b-a6d6-9af4a3b63e77,M-S,generation_log,0.205670951899,0.308506427849,63,4.04e-05,0,46,0.00301,0,-0.369565217391,0.98657807309,0,,
classic_revolution_8x5,RTLLM,Prob004_adder_8bit,combinational,2,50c7eab3-ea6b-48f3-9775-7beeefa27efc,C-F,generation_log,0.205670951899,0.308506427849,63,4.04e-05,0,46,0.00301,0,-0.369565217391,0.98657807309,0,,
classic_revolution_8x5,RTLLM,Prob004_adder_8bit,combinational,2,a6aea095-2735-4eb6-ac64-7057e1f918f1,C-F,generation_log,0.205670951899,0.308506427849,63,4.04e-05,0,46,0.00301,0,-0.369565217391,0.98657807309,0,,
classic_revolution_8x5,RTLLM,Prob004_adder_8bit,combinational,3,73e3fbc1-e764-4489-b1a4-ca1c21e52416,M-S,generation_log,0.329900332226,0.494850498339,46,3.1e-05,0,46,0.00301,0,0,0.989700996678,0,,
classic_revolution_8x5,RTLLM,Prob004_adder_8bit,combinational,3,bc408782-8bcf-49d1-9550-411335f4b814,M-E,generation_log,0.2271553758,0.340733063701,60,4.27e-05,0,46,0.00301,0,-0.304347826087,0.985813953488,0,,
classic_revolution_8x5,RTLLM,Prob004_adder_8bit,combinational,3,cea521b6-56d9-47a7-b2da-5aedc1c763a8,M-I,generation_log,0.205670951899,0.308506427849,63,4.04e-05,0,46,0.00301,0,-0.369565217391,0.98657807309,0,,
classic_revolution_8x5,RTLLM,Prob004_adder_8bit,combinational,3,6226af7d-6db0-4675-b237-db20b6178a3b,M-I,generation_log,0.205670951899,0.308506427849,63,4.04e-05,0,46,0.00301,0,-0.369565217391,0.98657807309,0,,
classic_revolution_8x5,RTLLM,Prob004_adder_8bit,combinational,3,64b29d2c-ddb3-4f7b-aa00-68d225fb1afa,M-S,generation_log,0.205670951899,0.308506427849,63,4.04e-05,0,46,0.00301,0,-0.369565217391,0.98657807309,0,,
classic_revolution_8x5,RTLLM,Prob004_adder_8bit,combinational,3,a15ac5ad-092f-4d7f-a5cd-6ddf01587631,M-E,generation_log,0.190469449661,0.285704174491,65,4.68e-05,0,46,0.00301,0,-0.413043478261,0.984451827243,0,,
classic_revolution_8x5,RTLLM,Prob004_adder_8bit,combinational,3,45e7de4d-57a4-4fcc-99f5-f4451a145f09,M-S,generation_log,0.205670951899,0.308506427849,63,4.04e-05,0,46,0.00301,0,-0.369565217391,0.98657807309,0,,
classic_revolution_8x5,RTLLM,Prob004_adder_8bit,combinational,3,599d9eb2-ea36-453c-b64c-13ea7998570e,C-F,generation_log,0.381544128268,0.572316192402,39,2.27e-05,0,46,0.00301,0,0.152173913043,0.992458471761,0,,
classic_revolution_8x5,RTLLM,Prob004_adder_8bit,combinational,4,daa7faf5-1e0e-433e-bf20-a11a57ab03e4,M-R,generation_log,0.205670951899,0.308506427849,63,4.04e-05,0,46,0.00301,0,-0.369565217391,0.98657807309,0,,
classic_revolution_8x5,RTLLM,Prob004_adder_8bit,combinational,4,8abf4de8-6d07-4ce1-b2e6-8ddc2b50c3d1,C-F,generation_log,0.329900332226,0.494850498339,46,3.1e-05,0,46,0.00301,0,0,0.989700996678,0,,
classic_revolution_8x5,RTLLM,Prob004_adder_8bit,combinational,4,71da0477-6002-4743-a55b-5aff6cd8b748,M-I,generation_log,0.190469449661,0.285704174491,65,4.68e-05,0,46,0.00301,0,-0.413043478261,0.984451827243,0,,
classic_revolution_8x5,RTLLM,Prob004_adder_8bit,combinational,4,b57ca999-df90-4395-a287-9940b3382f64,M-S,generation_log,0.205670951899,0.308506427849,63,4.04e-05,0,46,0.00301,0,-0.369565217391,0.98657807309,0,,
classic_revolution_8x5,RTLLM,Prob004_adder_8bit,combinational,4,a3aec2e9-b4ca-4a39-89fd-b9aafa142d58,M-I,generation_log,0.205670951899,0.308506427849,63,4.04e-05,0,46,0.00301,0,-0.369565217391,0.98657807309,0,,
classic_revolution_8x5,RTLLM,Prob004_adder_8bit,combinational,4,209cdee2-d0b7-4b77-a553-4f20703c2311,M-E,generation_log,0.131701092975,0.197551639463,73,5.4e-05,0,46,0.00301,0,-0.586956521739,0.982059800664,0,,
classic_revolution_8x5,RTLLM,Prob004_adder_8bit,combinational,5,e5626a67-2455-4ea8-91ec-08b9329d127d,M-S,generation_log,0.205670951899,0.308506427849,63,4.04e-05,0,46,0.00301,0,-0.369565217391,0.98657807309,0,,
classic_revolution_8x5,RTLLM,Prob004_adder_8bit,combinational,5,79ab5146-7a6b-46a2-a941-7071cf02410d,C-F,generation_log,0.329900332226,0.494850498339,46,3.1e-05,0,46,0.00301,0,0,0.989700996678,0,,
classic_revolution_8x5,RTLLM,Prob004_adder_8bit,combinational,5,1cfdd9a3-0aa8-46bd-bd48-2f72c64eb4f1,M-I,generation_log,0.190469449661,0.285704174491,65,4.68e-05,0,46,0.00301,0,-0.413043478261,0.984451827243,0,,
classic_revolution_8x5,RTLLM,Prob004_adder_8bit,combinational,5,d06219b7-32f5-472b-b428-befcbccc4662,M-I,generation_log,0.205670951899,0.308506427849,63,4.04e-05,0,46,0.00301,0,-0.369565217391,0.98657807309,0,,
classic_revolution_8x5,RTLLM,Prob004_adder_8bit,combinational,5,ab2064b4-ffeb-4a48-9d85-a2aaa8b98a4f,M-E,generation_log,0.101873946748,0.152810920121,77,6.16e-05,0,46,0.00301,0,-0.673913043478,0.979534883721,0,,
classic_revolution_8x5,RTLLM,Prob004_adder_8bit,combinational,5,3f1d1d27-fcfb-4a32-a24c-0389e69a4a8c,C-F,generation_log,0.329900332226,0.494850498339,46,3.1e-05,0,46,0.00301,0,0,0.989700996678,0,,
classic_revolution_8x5,RTLLM,Prob005_adder_bcd,combinational,0,75490f65-31e1-4227-a633-f5e34cbca322,initial,generation_log,0.366853078244,0.550279617366,40,4.78e-05,0,45,0.00453,0,0.111111111111,0.98944812362,0,,
classic_revolution_8x5,RTLLM,Prob005_adder_bcd,combinational,0,f77c6209-d727-4698-a795-09d5dfe4937e,initial,generation_log,0.366853078244,0.550279617366,40,4.78e-05,0,45,0.00453,0,0.111111111111,0.98944812362,0,,
classic_revolution_8x5,RTLLM,Prob005_adder_bcd,combinational,0,0ce8fced-5ad6-49fd-9ac3-713c0fee70b4,initial,generation_log,0.366853078244,0.550279617366,40,4.78e-05,0,45,0.00453,0,0.111111111111,0.98944812362,0,,
classic_revolution_8x5,RTLLM,Prob005_adder_bcd,combinational,0,3fafb20e-9c91-4419-937f-0dbcfe5ecf8f,initial,generation_log,0.314581800343,0.471872700515,47,5.35e-05,0,45,0.00453,0,-0.0444444444444,0.988189845475,0,,
classic_revolution_8x5,RTLLM,Prob005_adder_bcd,combinational,0,bf39277b-4cfb-4f7d-9c9e-ee9678a51765,initial,generation_log,0.366853078244,0.550279617366,40,4.78e-05,0,45,0.00453,0,0.111111111111,0.98944812362,0,,
classic_revolution_8x5,RTLLM,Prob005_adder_bcd,combinational,0,d773f0b4-2d85-48fc-bda6-16447567c6fc,initial,generation_log,0.396983075791,0.595474613687,36,4.1e-05,0,45,0.00453,0,0.2,0.990949227373,0,,
classic_revolution_8x5,RTLLM,Prob005_adder_bcd,combinational,0,3e425ede-0bc9-4f4a-a698-d2bc16e48268,initial,generation_log,0.359453029188,0.539179543782,41,4.77e-05,0,45,0.00453,0,0.0888888888889,0.989470198675,0,,
classic_revolution_8x5,RTLLM,Prob005_adder_bcd,combinational,0,ba2c820b-8f46-48ad-b42b-bd22ba0a4011,initial,generation_log,0.366853078244,0.550279617366,40,4.78e-05,0,45,0.00453,0,0.111111111111,0.98944812362,0,,
classic_revolution_8x5,RTLLM,Prob005_adder_bcd,combinational,1,c227de01-28dd-456e-84c1-9837c9a8c17a,M-R,generation_log,0.291756193279,0.437634289919,50,6.17e-05,0,45,0.00453,0,-0.111111111111,0.986379690949,0,,
classic_revolution_8x5,RTLLM,Prob005_adder_bcd,combinational,1,3c53246e-0d4f-4e70-a063-7b9fdb8254b1,C-F,generation_log,0.352082413539,0.528123620309,42,4.72e-05,0,45,0.00453,0,0.0666666666667,0.989580573951,0,,
classic_revolution_8x5,RTLLM,Prob005_adder_bcd,combinational,1,80fca17a-0650-4cb7-83a1-a53aa8fd0080,M-S,generation_log,0.359688496443,0.539532744665,41,4.45e-05,0,45,0.00453,0,0.0888888888889,0.990176600442,0,,
classic_revolution_8x5,RTLLM,Prob005_adder_bcd,combinational,1,adfaca1c-5e46-4766-957f-5acf6c3eaf2b,M-I,generation_log,0.291366200638,0.437049300957,50,6.7e-05,0,45,0.00453,0,-0.111111111111,0.985209713024,0,,
classic_revolution_8x5,RTLLM,Prob005_adder_bcd,combinational,1,112d92c5-d60f-45e2-b5e3-b299cc304a33,C-F,generation_log,0.359688496443,0.539532744665,41,4.45e-05,0,45,0.00453,0,0.0888888888889,0.990176600442,0,,
classic_revolution_8x5,RTLLM,Prob005_adder_bcd,combinational,1,35f715ad-7970-4577-ae0e-9ae27e79ad55,M-I,generation_log,0.359688496443,0.539532744665,41,4.45e-05,0,45,0.00453,0,0.0888888888889,0.990176600442,0,,
classic_revolution_8x5,RTLLM,Prob005_adder_bcd,combinational,1,74c2d3f8-e728-4b41-99d8-394d126a047c,M-I,generation_log,0.314316899681,0.471475349522,47,5.71e-05,0,45,0.00453,0,-0.0444444444444,0.987395143488,0,,
classic_revolution_8x5,RTLLM,Prob005_adder_bcd,combinational,2,8713de7c-b7ed-4c15-9aa9-76234d9140ad,M-R,generation_log,0.359688496443,0.539532744665,41,4.45e-05,0,45,0.00453,0,0.0888888888889,0.990176600442,0,,
classic_revolution_8x5,RTLLM,Prob005_adder_bcd,combinational,2,b798e108-3c1e-4afc-bcad-f29aa9268a60,M-S,generation_log,0.352082413539,0.528123620309,42,4.72e-05,0,45,0.00453,0,0.0666666666667,0.989580573951,0,,
classic_revolution_8x5,RTLLM,Prob005_adder_bcd,combinational,2,8fe8d555-ba26-4894-80fc-977009d0316a,M-E,generation_log,0.291756193279,0.437634289919,50,6.17e-05,0,45,0.00453,0,-0.111111111111,0.986379690949,0,,
classic_revolution_8x5,RTLLM,Prob005_adder_bcd,combinational,2,673b241f-fe2c-43c0-98f2-55e670940328,M-S,generation_log,0.366853078244,0.550279617366,40,4.78e-05,0,45,0.00453,0,0.111111111111,0.98944812362,0,,
classic_revolution_8x5,RTLLM,Prob005_adder_bcd,combinational,2,5424dcd3-8ff4-45d0-9e82-cbdc5c12a544,C-F,generation_log,0.359688496443,0.539532744665,41,4.45e-05,0,45,0.00453,0,0.0888888888889,0.990176600442,0,,
classic_revolution_8x5,RTLLM,Prob005_adder_bcd,combinational,2,a2cd8190-4bd6-4867-864f-f77645d4ef53,M-S,generation_log,0.359688496443,0.539532744665,41,4.45e-05,0,45,0.00453,0,0.0888888888889,0.990176600442,0,,
classic_revolution_8x5,RTLLM,Prob005_adder_bcd,combinational,2,50bbccd5-98fd-4b21-bff5-98d4047fe5b5,M-E,generation_log,0.344579347559,0.516869021339,43,4.85e-05,0,45,0.00453,0,0.0444444444444,0.989293598234,0,,
classic_revolution_8x5,RTLLM,Prob005_adder_bcd,combinational,3,29a61f15-435a-4216-8ce5-395b17eb8113,M-E,generation_log,0.359688496443,0.539532744665,41,4.45e-05,0,45,0.00453,0,0.0888888888889,0.990176600442,0,,
classic_revolution_8x5,RTLLM,Prob005_adder_bcd,combinational,3,4e66c681-c53a-4ca5-a624-df856cd1eeaa,M-I,generation_log,0.359688496443,0.539532744665,41,4.45e-05,0,45,0.00453,0,0.0888888888889,0.990176600442,0,,
classic_revolution_8x5,RTLLM,Prob005_adder_bcd,combinational,3,1dda3024-ca8a-4bbf-a053-ea04c06f12c0,M-E,generation_log,0.352082413539,0.528123620309,42,4.72e-05,0,45,0.00453,0,0.0666666666667,0.989580573951,0,,
classic_revolution_8x5,RTLLM,Prob005_adder_bcd,combinational,3,0a61970e-0a3f-4dfe-9b89-90da34b243ea,M-E,generation_log,0.314324258033,0.471486387049,47,5.7e-05,0,45,0.00453,0,-0.0444444444444,0.987417218543,0,,
classic_revolution_8x5,RTLLM,Prob005_adder_bcd,combinational,3,4d719d11-6a31-4a6a-b666-0b047077fe6f,M-I,generation_log,0.359688496443,0.539532744665,41,4.45e-05,0,45,0.00453,0,0.0888888888889,0.990176600442,0,,
classic_revolution_8x5,RTLLM,Prob005_adder_bcd,combinational,3,6aa0f203-0344-468d-aee9-2124c06c32d2,M-R,generation_log,0.359688496443,0.539532744665,41,4.45e-05,0,45,0.00453,0,0.0888888888889,0.990176600442,0,,
classic_revolution_8x5,RTLLM,Prob005_adder_bcd,combinational,3,50f7237d-af42-4a85-a518-d5431e02ca98,C-F,generation_log,0.359688496443,0.539532744665,41,4.45e-05,0,45,0.00453,0,0.0888888888889,0.990176600442,0,,
classic_revolution_8x5,RTLLM,Prob005_adder_bcd,combinational,3,fc02172b-6f9a-4c78-a90c-505e13dd3e3d,M-E,generation_log,0.314110865833,0.471166298749,47,5.99e-05,0,45,0.00453,0,-0.0444444444444,0.986777041943,0,,
classic_revolution_8x5,RTLLM,Prob005_adder_bcd,combinational,4,f8d60146-c810-44bf-9956-45c438bf7da0,C-F,generation_log,0.352082413539,0.528123620309,42,4.72e-05,0,45,0.00453,0,0.0666666666667,0.989580573951,0,,
classic_revolution_8x5,RTLLM,Prob005_adder_bcd,combinational,4,59138712-fc81-46c7-8d8e-04782b7b1143,M-I,generation_log,0.329499632082,0.494249448124,45,5.21e-05,0,45,0.00453,0,0,0.988498896247,0,,
classic_revolution_8x5,RTLLM,Prob005_adder_bcd,combinational,4,123b6f45-b127-45f3-a912-b6d7a8b72271,M-S,generation_log,0.359688496443,0.539532744665,41,4.45e-05,0,45,0.00453,0,0.0888888888889,0.990176600442,0,,
classic_revolution_8x5,RTLLM,Prob005_adder_bcd,combinational,4,7371482c-906b-47fe-8127-6451516a9312,C-F,generation_log,0.352082413539,0.528123620309,42,4.72e-05,0,45,0.00453,0,0.0666666666667,0.989580573951,0,,
classic_revolution_8x5,RTLLM,Prob005_adder_bcd,combinational,4,3f2ca900-124b-45a6-ab9d-e17a5f24d140,M-S,generation_log,0.359688496443,0.539532744665,41,4.45e-05,0,45,0.00453,0,0.0888888888889,0.990176600442,0,,
classic_revolution_8x5,RTLLM,Prob005_adder_bcd,combinational,5,b3b7c850-1fe2-4c2a-b632-77798d78649d,M-R,generation_log,0.352082413539,0.528123620309,42,4.72e-05,0,45,0.00453,0,0.0666666666667,0.989580573951,0,,
classic_revolution_8x5,RTLLM,Prob005_adder_bcd,combinational,5,38e41b9a-2e35-4f63-80e4-421b6eb7083d,M-R,generation_log,0.359688496443,0.539532744665,41,4.45e-05,0,45,0.00453,0,0.0888888888889,0.990176600442,0,,
classic_revolution_8x5,RTLLM,Prob005_adder_bcd,combinational,5,8f50e9d3-def1-47b3-a314-a2cbb635eaf3,M-R,generation_log,0.359688496443,0.539532744665,41,4.45e-05,0,45,0.00453,0,0.0888888888889,0.990176600442,0,,
classic_revolution_8x5,RTLLM,Prob005_adder_bcd,combinational,5,0a92a2fb-56a6-4ab4-81ae-2ed9dd846a02,M-R,generation_log,0.366853078244,0.550279617366,40,4.78e-05,0,45,0.00453,0,0.111111111111,0.98944812362,0,,
classic_revolution_8x5,RTLLM,Prob005_adder_bcd,combinational,5,5f029a37-de9e-4d57-8b64-fe9318edfb72,M-S,generation_log,0.359688496443,0.539532744665,41,4.45e-05,0,45,0.00453,0,0.0888888888889,0.990176600442,0,,
classic_revolution_8x5,RTLLM,Prob005_adder_bcd,combinational,5,f7012c85-b194-472d-a39b-3b64afa6965b,M-R,generation_log,0.359688496443,0.539532744665,41,4.45e-05,0,45,0.00453,0,0.0888888888889,0.990176600442,0,,
classic_revolution_8x5,RTLLM,Prob005_adder_bcd,combinational,5,ae734450-b835-4eff-b27e-2374bdeddf9d,M-R,generation_log,0.359688496443,0.539532744665,41,4.45e-05,0,45,0.00453,0,0.0888888888889,0.990176600442,0,,
classic_revolution_8x5,RTLLM,Prob005_adder_bcd,combinational,5,59b9b124-3f7d-4d5b-ac5f-09d41bdab665,M-S,generation_log,0.359688496443,0.539532744665,41,4.45e-05,0,45,0.00453,0,0.0888888888889,0.990176600442,0,,
classic_revolution_8x5,RTLLM,Prob007_comparator_3bit,combinational,0,3bb78feb-fbd9-4cde-85e0-d706874782ed,initial,generation_log,0.329833503228,0.494750254842,17,1.03e-05,0,17,0.000981,0,0,0.989500509684,0,,
classic_revolution_8x5,RTLLM,Prob007_comparator_3bit,combinational,0,3fed168c-d3c7-4f83-bb90-202484508eb4,initial,generation_log,0.329833503228,0.494750254842,17,1.03e-05,0,17,0.000981,0,0,0.989500509684,0,,
classic_revolution_8x5,RTLLM,Prob007_comparator_3bit,combinational,0,0f067730-a7f2-424b-852c-c3c1e1d4690e,initial,generation_log,0.329833503228,0.494750254842,17,1.03e-05,0,17,0.000981,0,0,0.989500509684,0,,
classic_revolution_8x5,RTLLM,Prob007_comparator_3bit,combinational,0,7a975dc9-072e-4435-bafe-c847c17dd446,initial,generation_log,0.329833503228,0.494750254842,17,1.03e-05,0,17,0.000981,0,0,0.989500509684,0,,
classic_revolution_8x5,RTLLM,Prob007_comparator_3bit,combinational,0,0a734396-9158-41b7-94c6-6c13c4fb5c08,initial,generation_log,0.329833503228,0.494750254842,17,1.03e-05,0,17,0.000981,0,0,0.989500509684,0,,
classic_revolution_8x5,RTLLM,Prob007_comparator_3bit,combinational,0,072c1f5a-1494-406d-95aa-43c8f7bc0075,initial,generation_log,0.329833503228,0.494750254842,17,1.03e-05,0,17,0.000981,0,0,0.989500509684,0,,
classic_revolution_8x5,RTLLM,Prob007_comparator_3bit,combinational,0,e92160d6-4183-4d8f-a16d-12dc6bc7b428,initial,generation_log,0.329833503228,0.494750254842,17,1.03e-05,0,17,0.000981,0,0,0.989500509684,0,,
classic_revolution_8x5,RTLLM,Prob007_comparator_3bit,combinational,0,a0ef630c-c572-4204-8628-4e4bf9da5745,initial,generation_log,0.329833503228,0.494750254842,17,1.03e-05,0,17,0.000981,0,0,0.989500509684,0,,
classic_revolution_8x5,RTLLM,Prob007_comparator_3bit,combinational,1,f5decb4c-ab98-4b3a-8956-8d2e82edc718,M-R,generation_log,0.210419539885,0.315629309828,23,1.55e-05,0,17,0.000981,0,-0.352941176471,0.984199796126,0,,
classic_revolution_8x5,RTLLM,Prob007_comparator_3bit,combinational,1,6d0d90b1-e650-4fd4-82b5-9a6e43bd4250,M-E,generation_log,0.251130299214,0.376695448822,21,1.11e-05,0,17,0.000981,0,-0.235294117647,0.988685015291,0,,
classic_revolution_8x5,RTLLM,Prob007_comparator_3bit,combinational,1,bac5b1d7-d2ca-49c5-823b-43d2b984a0f5,M-S,generation_log,0.152071715536,0.228107573305,26,1.41e-05,0,17,0.000981,0,-0.529411764706,0.985626911315,0,,
classic_revolution_8x5,RTLLM,Prob007_comparator_3bit,combinational,1,1e0afcd8-3c7c-4142-905f-55eded73260d,C-F,generation_log,0.210079750555,0.315119625832,23,1.65e-05,0,17,0.000981,0,-0.352941176471,0.983180428135,0,,
classic_revolution_8x5,RTLLM,Prob007_comparator_3bit,combinational,1,07c98312-03a9-42e3-9919-74ad521cab1d,C-F,generation_log,0.270432331954,0.405648497931,20,1.2e-05,0,17,0.000981,0,-0.176470588235,0.987767584098,0,,
classic_revolution_8x5,RTLLM,Prob007_comparator_3bit,combinational,1,7934031e-1667-416a-a100-f50f756fe659,M-S,generation_log,0.270432331954,0.405648497931,20,1.2e-05,0,17,0.000981,0,-0.176470588235,0.987767584098,0,,
classic_revolution_8x5,RTLLM,Prob007_comparator_3bit,combinational,1,3db470ee-7f70-4e3a-815d-c89a549a004a,M-R,generation_log,0.210045771622,0.315068657432,23,1.66e-05,0,17,0.000981,0,-0.352941176471,0.983078491335,0,,
classic_revolution_8x5,RTLLM,Prob007_comparator_3bit,combinational,2,35e2f8b9-f522-40dc-8f25-0b64edd16b1c,M-I,generation_log,0.0727908696608,0.109186304491,30,1.66e-05,0,17,0.000981,0,-0.764705882353,0.983078491335,0,,
classic_revolution_8x5,RTLLM,Prob007_comparator_3bit,combinational,2,f5aa5512-fc5b-4e3b-a88d-faddc1718b93,M-S,generation_log,0.210079750555,0.315119625832,23,1.65e-05,0,17,0.000981,0,-0.352941176471,0.983180428135,0,,
classic_revolution_8x5,RTLLM,Prob007_comparator_3bit,combinational,2,484ec11f-69a3-4fb2-92c9-5f776797f82c,M-E,generation_log,-0.00601427115189,-0.00902140672783,34,1.77e-05,0,17,0.000981,0,-1,0.981957186544,0,,
classic_revolution_8x5,RTLLM,Prob007_comparator_3bit,combinational,2,3871d953-7d74-48f6-8ea2-5e9cf2ef692c,M-R,generation_log,0.210045771622,0.315068657432,23,1.66e-05,0,17,0.000981,0,-0.352941176471,0.983078491335,0,,
classic_revolution_8x5,RTLLM,Prob007_comparator_3bit,combinational,2,74ecd712-8992-4618-b357-34bd7f6ef2d9,M-S,generation_log,0.210045771622,0.315068657432,23,1.66e-05,0,17,0.000981,0,-0.352941176471,0.983078491335,0,,
classic_revolution_8x5,RTLLM,Prob007_comparator_3bit,combinational,2,8387c9ab-a61c-4bca-8068-cc6d12e3cac3,M-S,generation_log,0.210045771622,0.315068657432,23,1.66e-05,0,17,0.000981,0,-0.352941176471,0.983078491335,0,,
classic_revolution_8x5,RTLLM,Prob007_comparator_3bit,combinational,2,ae9ac38e-531a-4203-8737-83dd7d8b5026,M-I,generation_log,0.270432331954,0.405648497931,20,1.2e-05,0,17,0.000981,0,-0.176470588235,0.987767584098,0,,
classic_revolution_8x5,RTLLM,Prob007_comparator_3bit,combinational,2,8ae1e891-e18c-4bfb-9dc6-1a6dd29bf73f,M-S,generation_log,0.210419539885,0.315629309828,23,1.55e-05,0,17,0.000981,0,-0.352941176471,0.984199796126,0,,
classic_revolution_8x5,RTLLM,Prob007_comparator_3bit,combinational,3,6d8a432c-89ea-4581-ac22-5b40076ed63a,M-I,generation_log,0.350069956627,0.52510493494,16,8.45e-06,0,17,0.000981,0,0.0588235294118,0.991386340469,0,,
classic_revolution_8x5,RTLLM,Prob007_comparator_3bit,combinational,3,febbdf60-fea0-4cc2-9a73-91e02baee2c0,C-F,generation_log,0.270432331954,0.405648497931,20,1.2e-05,0,17,0.000981,0,-0.176470588235,0.987767584098,0,,
classic_revolution_8x5,RTLLM,Prob007_comparator_3bit,combinational,3,c8e5920e-da07-4362-a484-bb2ba7a3c9f7,C-F,generation_log,0.210419539885,0.315629309828,23,1.55e-05,0,17,0.000981,0,-0.352941176471,0.984199796126,0,,
classic_revolution_8x5,RTLLM,Prob007_comparator_3bit,combinational,3,afa57d8e-f006-48de-8054-5837b581a1cd,C-F,generation_log,0.270432331954,0.405648497931,20,1.2e-05,0,17,0.000981,0,-0.176470588235,0.987767584098,0,,
classic_revolution_8x5,RTLLM,Prob007_comparator_3bit,combinational,3,a6b5d2b5-481e-4ffc-8ed9-4f7294e2328b,M-R,generation_log,0.270432331954,0.405648497931,20,1.2e-05,0,17,0.000981,0,-0.176470588235,0.987767584098,0,,
classic_revolution_8x5,RTLLM,Prob007_comparator_3bit,combinational,3,91da3a6f-9ee8-4267-889d-09255027abfb,M-E,generation_log,0.309715976095,0.464573964142,18,1.18e-05,0,17,0.000981,0,-0.0588235294118,0.987971457696,0,,
classic_revolution_8x5,RTLLM,Prob007_comparator_3bit,combinational,3,1d62bada-6480-4a2c-b8b7-b97748057980,M-E,generation_log,-0.0864843796846,-0.129726569527,38,2.37e-05,0,17,0.000981,0,-1.23529411765,0.975840978593,0,,
classic_revolution_8x5,RTLLM,Prob007_comparator_3bit,combinational,3,d9aabb89-51ce-46ff-a4a1-6ce2aeb737ba,C-F,generation_log,0.270432331954,0.405648497931,20,1.2e-05,0,17,0.000981,0,-0.176470588235,0.987767584098,0,,
classic_revolution_8x5,RTLLM,Prob007_comparator_3bit,combinational,4,07ef86c8-e2de-4870-8aa5-ffe91cf41398,M-E,generation_log,0.309715976095,0.464573964142,18,1.18e-05,0,17,0.000981,0,-0.0588235294118,0.987971457696,0,,
classic_revolution_8x5,RTLLM,Prob007_comparator_3bit,combinational,4,b18c5dc8-dfcb-49c6-82f4-4a75c86bafcc,C-F,generation_log,0.329955827387,0.494933741081,17,9.94e-06,0,17,0.000981,0,0,0.989867482161,0,,
classic_revolution_8x5,RTLLM,Prob007_comparator_3bit,combinational,4,aac212eb-4afc-40d3-9cbf-3dec3d893f1d,C-F,generation_log,0.152071715536,0.228107573305,26,1.41e-05,0,17,0.000981,0,-0.529411764706,0.985626911315,0,,
classic_revolution_8x5,RTLLM,Prob007_comparator_3bit,combinational,4,7383146f-7067-4226-9844-dc59113fa32d,M-I,generation_log,0.231488477144,0.347232715716,22,1.12e-05,0,17,0.000981,0,-0.294117647059,0.988583078491,0,,
classic_revolution_8x5,RTLLM,Prob007_comparator_3bit,combinational,4,d27533d0-b8c3-45c7-98be-57ea871dbe58,M-S,generation_log,0.210045771622,0.315068657432,23,1.66e-05,0,17,0.000981,0,-0.352941176471,0.983078491335,0,,
classic_revolution_8x5,RTLLM,Prob007_comparator_3bit,combinational,4,666d15f9-3b86-4d70-a31d-af4f015a993b,C-F,generation_log,0.210419539885,0.315629309828,23,1.55e-05,0,17,0.000981,0,-0.352941176471,0.984199796126,0,,
classic_revolution_8x5,RTLLM,Prob007_comparator_3bit,combinational,4,f2445e4d-cc9c-4366-91b7-715c5923e730,M-I,generation_log,0.329833503228,0.494750254842,17,1.03e-05,0,17,0.000981,0,0,0.989500509684,0,,
classic_revolution_8x5,RTLLM,Prob007_comparator_3bit,combinational,4,78f8f183-abac-43b6-acfd-f7ccbc0cfd39,C-F,generation_log,0.309715976095,0.464573964142,18,1.18e-05,0,17,0.000981,0,-0.0588235294118,0.987971457696,0,,
classic_revolution_8x5,RTLLM,Prob007_comparator_3bit,combinational,5,bc4aade2-6328-4865-ac92-2d88c72b310a,M-R,generation_log,0.210079750555,0.315119625832,23,1.65e-05,0,17,0.000981,0,-0.352941176471,0.983180428135,0,,
classic_revolution_8x5,RTLLM,Prob007_comparator_3bit,combinational,5,4e34488a-6901-4a0e-98a5-a952e72c93b6,M-S,generation_log,0.210079750555,0.315119625832,23,1.65e-05,0,17,0.000981,0,-0.352941176471,0.983180428135,0,,
classic_revolution_8x5,RTLLM,Prob007_comparator_3bit,combinational,5,7281471a-e668-4b9a-880b-9056ccd38b37,M-S,generation_log,0.270432331954,0.405648497931,20,1.2e-05,0,17,0.000981,0,-0.176470588235,0.987767584098,0,,
classic_revolution_8x5,RTLLM,Prob007_comparator_3bit,combinational,5,51c55346-e796-4df7-a07b-419cb38d3e7b,M-R,generation_log,0.210045771622,0.315068657432,23,1.66e-05,0,17,0.000981,0,-0.352941176471,0.983078491335,0,,
classic_revolution_8x5,RTLLM,Prob007_comparator_3bit,combinational,5,a1c99e9f-6ad4-406d-9bb6-86c6ab61a175,M-R,generation_log,0.270432331954,0.405648497931,20,1.2e-05,0,17,0.000981,0,-0.176470588235,0.987767584098,0,,
classic_revolution_8x5,RTLLM,Prob007_comparator_3bit,combinational,5,a70e2177-f056-4865-9f41-0603a1f96db2,M-E,generation_log,0.210045771622,0.315068657432,23,1.66e-05,0,17,0.000981,0,-0.352941176471,0.983078491335,0,,
classic_revolution_8x5,RTLLM,Prob007_comparator_3bit,combinational,5,c8eb1985-a300-4766-96af-836c7f1cb47e,C-F,generation_log,0.210045771622,0.315068657432,23,1.66e-05,0,17,0.000981,0,-0.352941176471,0.983078491335,0,,
classic_revolution_8x5,RTLLM,Prob007_comparator_3bit,combinational,5,5e893575-d469-4772-b292-8febf6a7937b,M-R,generation_log,0.210079750555,0.315119625832,23,1.65e-05,0,17,0.000981,0,-0.352941176471,0.983180428135,0,,
classic_revolution_8x5,RTLLM,Prob008_comparator_4bit,combinational,0,2e0b9408-09c4-4ebf-99ad-cdae02b40bd7,initial,generation_log,0.380938383838,0.571407575758,28,1.74e-05,0,33,0.002,0,0.151515151515,0.9913,0,,
classic_revolution_8x5,RTLLM,Prob008_comparator_4bit,combinational,0,acde3eec-6c52-4dd5-ab44-4924e0a3609e,initial,generation_log,0.320465656566,0.480698484848,34,1.66e-05,0,33,0.002,0,-0.030303030303,0.9917,0,,
classic_revolution_8x5,RTLLM,Prob008_comparator_4bit,combinational,0,4b972b8a-8e3c-4a07-979c-e46c258e85ef,initial,generation_log,0.279594949495,0.419392424242,38,1.94e-05,0,33,0.002,0,-0.151515151515,0.9903,0,,
classic_revolution_8x5,RTLLM,Prob008_comparator_4bit,combinational,0,4881c7c5-f236-41c7-9770-1e2cc090505e,initial,generation_log,0.421442424242,0.632163636364,24,1.68e-05,0,33,0.002,0,0.272727272727,0.9916,0,,
classic_revolution_8x5,RTLLM,Prob008_comparator_4bit,combinational,0,be422d31-fa84-453c-ae33-2eaa51a86329,initial,generation_log,0.432043434343,0.648065151515,23,1.38e-05,0,33,0.002,0,0.30303030303,0.9931,0,,
classic_revolution_8x5,RTLLM,Prob008_comparator_4bit,combinational,0,507d4759-d000-4ba6-ad53-4e566380b133,initial,generation_log,0.380938383838,0.571407575758,28,1.74e-05,0,33,0.002,0,0.151515151515,0.9913,0,,
classic_revolution_8x5,RTLLM,Prob008_comparator_4bit,combinational,0,c0e445b3-e87e-4a27-b932-5917e44478c9,initial,generation_log,0.421492424242,0.632238636364,24,1.65e-05,0,33,0.002,0,0.272727272727,0.99175,0,,
classic_revolution_8x5,RTLLM,Prob008_comparator_4bit,combinational,1,e458a907-faf0-4b45-b45d-0f456fe214e4,M-F,generation_log,0.32925,0.493875,33,2.45e-05,0,33,0.002,0,0,0.98775,0,,
classic_revolution_8x5,RTLLM,Prob008_comparator_4bit,combinational,1,2304aa0f-8a63-4e85-b242-a45239f09b29,C-F,generation_log,0.43186010101,0.647790151515,23,1.49e-05,0,33,0.002,0,0.30303030303,0.99255,0,,
classic_revolution_8x5,RTLLM,Prob008_comparator_4bit,combinational,1,3fa9e53e-f448-4024-b1ea-7e45badb992c,M-I,generation_log,0.442361111111,0.663541666667,22,1.25e-05,0,33,0.002,0,0.333333333333,0.99375,0,,
classic_revolution_8x5,RTLLM,Prob008_comparator_4bit,combinational,1,bac638b9-f0ce-4621-ab59-b0b3cfc70499,M-R,generation_log,0.339434343434,0.509151515152,32,2.4e-05,0,33,0.002,0,0.030303030303,0.988,0,,
classic_revolution_8x5,RTLLM,Prob008_comparator_4bit,combinational,1,e6e4f1e1-cd18-4f1c-b905-e71e63a1b8c7,M-E,generation_log,0.289612626263,0.434418939394,37,1.99e-05,0,33,0.002,0,-0.121212121212,0.99005,0,,
classic_revolution_8x5,RTLLM,Prob008_comparator_4bit,combinational,1,fb53bff9-ad25-4046-9829-37d31f4a3ee7,M-S,generation_log,0.43186010101,0.647790151515,23,1.49e-05,0,33,0.002,0,0.30303030303,0.99255,0,,
classic_revolution_8x5,RTLLM,Prob008_comparator_4bit,combinational,1,7e83923e-3aae-4232-8984-74711f245cda,M-E,generation_log,0.320465656566,0.480698484848,34,1.66e-05,0,33,0.002,0,-0.030303030303,0.9917,0,,
classic_revolution_8x5,RTLLM,Prob008_comparator_4bit,combinational,1,56227264-6cde-4711-9d8b-8889c7abfe57,M-S,generation_log,0.43186010101,0.647790151515,23,1.49e-05,0,33,0.002,0,0.30303030303,0.99255,0,,
classic_revolution_8x5,RTLLM,Prob008_comparator_4bit,combinational,2,8cd4f803-f4c2-428a-b247-f5b6c589b03f,M-I,generation_log,0.43186010101,0.647790151515,23,1.49e-05,0,33,0.002,0,0.30303030303,0.99255,0,,
classic_revolution_8x5,RTLLM,Prob008_comparator_4bit,combinational,2,3bd0106d-4918-4066-b135-86535ef65576,M-I,generation_log,0.43186010101,0.647790151515,23,1.49e-05,0,33,0.002,0,0.30303030303,0.99255,0,,
classic_revolution_8x5,RTLLM,Prob008_comparator_4bit,combinational,2,5e497c56-2c7a-443e-9e42-35da327d6337,M-S,generation_log,0.43186010101,0.647790151515,23,1.49e-05,0,33,0.002,0,0.30303030303,0.99255,0,,
classic_revolution_8x5,RTLLM,Prob008_comparator_4bit,combinational,2,e8a570fa-8f35-470c-a0ab-91831b4757d5,M-I,generation_log,0.442361111111,0.663541666667,22,1.25e-05,0,33,0.002,0,0.333333333333,0.99375,0,,
classic_revolution_8x5,RTLLM,Prob008_comparator_4bit,combinational,2,ca2d159f-764e-477f-8b6d-9bdc78beeffc,M-S,generation_log,0.43186010101,0.647790151515,23,1.49e-05,0,33,0.002,0,0.30303030303,0.99255,0,,
classic_revolution_8x5,RTLLM,Prob008_comparator_4bit,combinational,2,2056e74b-c0f4-4d59-a63c-4ae581010e61,M-S,generation_log,0.380938383838,0.571407575758,28,1.74e-05,0,33,0.002,0,0.151515151515,0.9913,0,,
classic_revolution_8x5,RTLLM,Prob008_comparator_4bit,combinational,2,dc49ec1f-8e83-4e4f-a6d2-8d37c7cbb0e5,M-R,generation_log,0.43186010101,0.647790151515,23,1.49e-05,0,33,0.002,0,0.30303030303,0.99255,0,,
classic_revolution_8x5,RTLLM,Prob008_comparator_4bit,combinational,2,be8d3c62-268d-4a58-812d-1e779c1167e8,M-R,generation_log,0.339701010101,0.509551515152,32,2.24e-05,0,33,0.002,0,0.030303030303,0.9888,0,,
classic_revolution_8x5,RTLLM,Prob008_comparator_4bit,combinational,3,9821390f-d022-49ac-b8b3-87652f5d04fa,M-R,generation_log,0.43186010101,0.647790151515,23,1.49e-05,0,33,0.002,0,0.30303030303,0.99255,0,,
classic_revolution_8x5,RTLLM,Prob008_comparator_4bit,combinational,3,bbefdf65-1764-439b-bb15-54de369b38bb,C-F,generation_log,0.380938383838,0.571407575758,28,1.74e-05,0,33,0.002,0,0.151515151515,0.9913,0,,
classic_revolution_8x5,RTLLM,Prob008_comparator_4bit,combinational,3,9a6be41c-e19b-484e-8a8a-bd4c1e9d603f,M-R,generation_log,0.320465656566,0.480698484848,34,1.66e-05,0,33,0.002,0,-0.030303030303,0.9917,0,,
classic_revolution_8x5,RTLLM,Prob008_comparator_4bit,combinational,3,49beb00b-d864-4678-993c-d0bfb9566027,C-F,generation_log,0.32925,0.493875,33,2.45e-05,0,33,0.002,0,0,0.98775,0,,
classic_revolution_8x5,RTLLM,Prob008_comparator_4bit,combinational,3,ec5298b2-6bcf-483e-9d33-5ddbffd03db7,C-F,generation_log,0.32925,0.493875,33,2.45e-05,0,33,0.002,0,0,0.98775,0,,
classic_revolution_8x5,RTLLM,Prob008_comparator_4bit,combinational,3,8497b694-e4cf-46cc-b994-43c6f2ca6d72,C-F,generation_log,0.380938383838,0.571407575758,28,1.74e-05,0,33,0.002,0,0.151515151515,0.9913,0,,
classic_revolution_8x5,RTLLM,Prob008_comparator_4bit,combinational,3,53b5d7ca-8b6b-4e76-b1e2-90f30789eef7,C-F,generation_log,0.380938383838,0.571407575758,28,1.74e-05,0,33,0.002,0,0.151515151515,0.9913,0,,
classic_revolution_8x5,RTLLM,Prob008_comparator_4bit,combinational,4,d338d461-83f5-4a3e-844d-7d5d1de51352,M-R,generation_log,0.32925,0.493875,33,2.45e-05,0,33,0.002,0,0,0.98775,0,,
classic_revolution_8x5,RTLLM,Prob008_comparator_4bit,combinational,4,7f5e45e3-272c-4271-ba2b-a27bdbd64fc0,M-S,generation_log,0.43186010101,0.647790151515,23,1.49e-05,0,33,0.002,0,0.30303030303,0.99255,0,,
classic_revolution_8x5,RTLLM,Prob008_comparator_4bit,combinational,4,a4590e82-416d-4fe8-95c4-0742eda6b566,M-I,generation_log,0.380938383838,0.571407575758,28,1.74e-05,0,33,0.002,0,0.151515151515,0.9913,0,,
classic_revolution_8x5,RTLLM,Prob008_comparator_4bit,combinational,4,4dc2a075-5118-4573-9f2d-9bc98fc323be,M-E,generation_log,0.350752020202,0.526128030303,31,1.67e-05,0,33,0.002,0,0.0606060606061,0.99165,0,,
classic_revolution_8x5,RTLLM,Prob008_comparator_4bit,combinational,4,fba36df8-5f3f-47d2-88cf-5e60b6dac9a1,M-I,generation_log,0.43186010101,0.647790151515,23,1.49e-05,0,33,0.002,0,0.30303030303,0.99255,0,,
classic_revolution_8x5,RTLLM,Prob008_comparator_4bit,combinational,4,f7229d4f-771b-401f-b5ad-50f1d7497ae7,C-F,generation_log,0.380938383838,0.571407575758,28,1.74e-05,0,33,0.002,0,0.151515151515,0.9913,0,,
classic_revolution_8x5,RTLLM,Prob008_comparator_4bit,combinational,4,71ebeb2c-24a0-427d-98a9-4f5d44441177,M-I,generation_log,0.380938383838,0.571407575758,28,1.74e-05,0,33,0.002,0,0.151515151515,0.9913,0,,
classic_revolution_8x5,RTLLM,Prob008_comparator_4bit,combinational,4,6080523b-c352-4acf-81b2-71b9f5850be0,M-E,generation_log,0.351268686869,0.526903030303,31,1.36e-05,0,33,0.002,0,0.0606060606061,0.9932,0,,
classic_revolution_8x5,RTLLM,Prob008_comparator_4bit,combinational,5,86c1606a-2ac3-4dcb-912b-3996cb2c8144,M-R,generation_log,0.32925,0.493875,33,2.45e-05,0,33,0.002,0,0,0.98775,0,,
classic_revolution_8x5,RTLLM,Prob008_comparator_4bit,combinational,5,e3de64c6-e118-4eed-ab22-8deca24f87a0,M-R,generation_log,0.277911616162,0.416867424242,38,2.95e-05,0,33,0.002,0,-0.151515151515,0.98525,0,,
classic_revolution_8x5,RTLLM,Prob008_comparator_4bit,combinational,5,3fcd37a2-1783-4987-a5dc-270187712496,M-R,generation_log,0.442361111111,0.663541666667,22,1.25e-05,0,33,0.002,0,0.333333333333,0.99375,0,,
classic_revolution_8x5,RTLLM,Prob008_comparator_4bit,combinational,5,8edd19e1-73ba-479a-bd6e-300cffe2f09d,M-I,generation_log,0.277911616162,0.416867424242,38,2.95e-05,0,33,0.002,0,-0.151515151515,0.98525,0,,
classic_revolution_8x5,RTLLM,Prob008_comparator_4bit,combinational,5,bb8c2fd4-8e8d-4b05-b582-39b835d75803,M-E,generation_log,0.289612626263,0.434418939394,37,1.99e-05,0,33,0.002,0,-0.121212121212,0.99005,0,,
classic_revolution_8x5,RTLLM,Prob008_comparator_4bit,combinational,5,eb979aa6-a8de-4caa-b08b-9c0abc710846,M-E,generation_log,0.268960606061,0.403440909091,39,2.26e-05,0,33,0.002,0,-0.181818181818,0.9887,0,,
classic_revolution_8x5,RTLLM,Prob008_comparator_4bit,combinational,5,793c5ff8-cefb-4140-b66e-00086a11cce0,M-S,generation_log,0.380938383838,0.571407575758,28,1.74e-05,0,33,0.002,0,0.151515151515,0.9913,0,,
classic_revolution_8x5,RTLLM,Prob008_comparator_4bit,combinational,5,1cd05ba9-193a-4fa8-8868-57ed9fb93c12,M-S,generation_log,0.43186010101,0.647790151515,23,1.49e-05,0,33,0.002,0,0.30303030303,0.99255,0,,
classic_revolution_8x5,RTLLM,Prob009_div_16bit,combinational,0,a1554ccb-8faa-43ba-9394-0378151f153c,initial,generation_log,0.515727997615,0.773591996423,2333,0.0921,0,6390,1.05,0,0.63489827856,0.912285714286,0,,
classic_revolution_8x5,RTLLM,Prob009_div_16bit,combinational,0,37664976-5ffb-424b-a559-4418af227a83,initial,generation_log,0.524142186452,0.786213279678,2193,0.0886,0,6390,1.05,0,0.656807511737,0.915619047619,0,,
classic_revolution_8x5,RTLLM,Prob009_div_16bit,combinational,0,9f063e59-ea77-4f94-8dde-16212429a1c8,initial,generation_log,0.510352932409,0.765529398614,2419,0.0949,0,6390,1.05,0,0.621439749609,0.909619047619,0,,
classic_revolution_8x5,RTLLM,Prob009_div_16bit,combinational,0,a393b85c-bcd2-49b5-858c-9a5ce7b3e686,initial,generation_log,0.524142186452,0.786213279678,2193,0.0886,0,6390,1.05,0,0.656807511737,0.915619047619,0,,
classic_revolution_8x5,RTLLM,Prob009_div_16bit,combinational,1,8d06c4ef-f2d8-4ede-90e1-23697fed8ab0,M-I,generation_log,0.517565243312,0.776347864968,2285,0.0942,0,6390,1.05,0,0.642410015649,0.910285714286,0,,
classic_revolution_8x5,RTLLM,Prob009_div_16bit,combinational,1,ce88db6d-4f3c-4bf7-9943-66b2e9ff48c8,M-F,generation_log,0.549486548923,0.824229823385,1583,0.109,0,6390,1.05,0,0.752269170579,0.89619047619,0,,
classic_revolution_8x5,RTLLM,Prob009_div_16bit,combinational,1,bcd879f3-9199-4e52-b1fe-6fea2d536dd1,M-I,generation_log,0.552825396825,0.829238095238,1704,0.0786,0,6390,1.05,0,0.733333333333,0.925142857143,0,,
classic_revolution_8x5,RTLLM,Prob009_div_16bit,combinational,1,b009b669-0221-40fc-8776-f5f27b29ef5b,C-F,generation_log,0.552881734854,0.82932260228,1524,0.108,0,6390,1.05,0,0.761502347418,0.897142857143,0,,
classic_revolution_8x5,RTLLM,Prob009_div_16bit,combinational,1,463a6c17-ae96-45f5-b26a-3e993a2b34cd,M-R,generation_log,0.515846039198,0.773769058797,2321,0.0937,0,6390,1.05,0,0.636776212833,0.910761904762,0,,
classic_revolution_8x5,RTLLM,Prob009_div_16bit,combinational,2,0ec19c55-b30d-4314-b5e4-9affd7da6b69,M-S,generation_log,0.547420821224,0.821131231835,1580,0.116,0,6390,1.05,0,0.752738654147,0.889523809524,0,,
classic_revolution_8x5,RTLLM,Prob009_div_16bit,combinational,2,956a5275-a1f9-4378-a899-6f82417d82e3,M-S,generation_log,0.552913033758,0.829369550637,1566,0.101,0,6390,1.05,0,0.754929577465,0.90380952381,0,,
classic_revolution_8x5,RTLLM,Prob009_div_16bit,combinational,2,dc056847-6d7e-439c-928e-af0b9d8db623,M-S,generation_log,0.542177509501,0.813266264252,1644,0.122,0,6390,1.05,0,0.742723004695,0.88380952381,0,,
classic_revolution_8x5,RTLLM,Prob009_div_16bit,combinational,2,7541f5fa-c5c1-4218-8ac9-965b4c6b4fd6,M-S,generation_log,0.552881138684,0.829321708026,1580,0.0988,0,6390,1.05,0,0.752738654147,0.905904761905,0,,
classic_revolution_8x5,RTLLM,Prob009_div_16bit,combinational,2,cacddd86-a970-4cd2-b991-cd4ce35c1124,M-S,generation_log,0.550625232879,0.825937849318,1549,0.111,0,6390,1.05,0,0.757589984351,0.894285714286,0,,
classic_revolution_8x5,RTLLM,Prob009_div_16bit,combinational,2,b0f49244-70a6-4495-b340-b58b2c1c4901,M-S,generation_log,0.552881138684,0.829321708026,1580,0.0988,0,6390,1.05,0,0.752738654147,0.905904761905,0,,
classic_revolution_8x5,RTLLM,Prob009_div_16bit,combinational,2,034845bc-e384-4ed5-866c-db1399fe69e8,M-S,generation_log,0.552825396825,0.829238095238,1704,0.0786,0,6390,1.05,0,0.733333333333,0.925142857143,0,,
classic_revolution_8x5,RTLLM,Prob009_div_16bit,combinational,2,75865eb0-068b-4689-a7c0-f4699f55adbc,M-S,generation_log,0.547420821224,0.821131231835,1580,0.116,0,6390,1.05,0,0.752738654147,0.889523809524,0,,
classic_revolution_8x5,RTLLM,Prob009_div_16bit,combinational,3,61fc8468-e7ad-41b8-b2ca-6763802d8815,M-E,generation_log,0.554160518668,0.831240778001,1536,0.102,0,6390,1.05,0,0.759624413146,0.902857142857,0,,
classic_revolution_8x5,RTLLM,Prob009_div_16bit,combinational,3,a84c37f6-3f28-4bb5-b1d2-567d1ef221e9,M-R,generation_log,0.552881138684,0.829321708026,1580,0.0988,0,6390,1.05,0,0.752738654147,0.905904761905,0,,
classic_revolution_8x5,RTLLM,Prob009_div_16bit,combinational,3,3f410393-5fdb-49b0-8fd0-6a2c7c735601,C-F,generation_log,0.558002384678,0.837003577018,1480,0.0991,0,6390,1.05,0,0.768388106416,0.905619047619,0,,
classic_revolution_8x5,RTLLM,Prob009_div_16bit,combinational,3,e080fdb5-6e76-4559-a3f9-f1b6d25b7705,C-F,generation_log,0.552881734854,0.82932260228,1524,0.108,0,6390,1.05,0,0.761502347418,0.897142857143,0,,
classic_revolution_8x5,RTLLM,Prob009_div_16bit,combinational,3,090ef074-084f-4925-a4a7-0d0412993df2,M-R,generation_log,0.552913033758,0.829369550637,1566,0.101,0,6390,1.05,0,0.754929577465,0.90380952381,0,,
classic_revolution_8x5,RTLLM,Prob009_div_16bit,combinational,3,339a4bf0-79ff-4022-94e0-69f53a244d6a,C-F,generation_log,0.539261047768,0.808891571652,1891,0.0906,0,6390,1.05,0,0.70406885759,0.913714285714,0,,
classic_revolution_8x5,RTLLM,Prob009_div_16bit,combinational,3,213a6874-24d4-47a2-b4ab-00610fbfcc9d,M-R,generation_log,0.552913033758,0.829369550637,1566,0.101,0,6390,1.05,0,0.754929577465,0.90380952381,0,,
classic_revolution_8x5,RTLLM,Prob009_div_16bit,combinational,3,d3dc24fc-364a-440f-99ef-71a0ba8f7e88,C-F,generation_log,0.553051643192,0.829577464789,1539,0.105,0,6390,1.05,0,0.759154929577,0.9,0,,
classic_revolution_8x5,RTLLM,Prob009_div_16bit,combinational,4,642182b2-f01f-4e13-8800-56a763ff7aa8,M-I,generation_log,0.553051643192,0.829577464789,1539,0.105,0,6390,1.05,0,0.759154929577,0.9,0,,
classic_revolution_8x5,RTLLM,Prob009_div_16bit,combinational,4,e6527918-c454-4dfb-83aa-449af5daa7cf,M-I,generation_log,0.55334615098,0.83001922647,1565,0.0998,0,6390,1.05,0,0.755086071987,0.904952380952,0,,
classic_revolution_8x5,RTLLM,Prob009_div_16bit,combinational,4,e9a1e33d-46ae-4749-a930-bc8ec53b8519,M-I,generation_log,0.542231909978,0.813347864968,1859,0.0865,0,6390,1.05,0,0.709076682316,0.917619047619,0,,
classic_revolution_8x5,RTLLM,Prob009_div_16bit,combinational,4,34d9960a-b711-4409-a10c-801ff453700e,M-R,generation_log,0.554160518668,0.831240778001,1536,0.102,0,6390,1.05,0,0.759624413146,0.902857142857,0,,
classic_revolution_8x5,RTLLM,Prob009_div_16bit,combinational,4,962bc17f-44f2-42b4-9fb3-74b7b7269d5a,M-I,generation_log,0.55803413071,0.837051196065,1480,0.099,0,6390,1.05,0,0.768388106416,0.905714285714,0,,
classic_revolution_8x5,RTLLM,Prob009_div_16bit,combinational,4,3e1c1b36-e034-4535-9c11-cd8ea55e14c9,M-R,generation_log,0.544315969893,0.81647395484,1844,0.0824,0,6390,1.05,0,0.711424100156,0.921523809524,0,,
classic_revolution_8x5,RTLLM,Prob009_div_16bit,combinational,5,94715130-de02-4f8b-bff5-45b8c67011b5,C-F,generation_log,0.554160518668,0.831240778001,1536,0.102,0,6390,1.05,0,0.759624413146,0.902857142857,0,,
classic_revolution_8x5,RTLLM,Prob009_div_16bit,combinational,5,755bcb10-0c33-4e6b-84fe-3cae1f9135c4,M-E,generation_log,0.519563007676,0.779344511514,2282,0.0884,0,6390,1.05,0,0.642879499218,0.91580952381,0,,
classic_revolution_8x5,RTLLM,Prob009_div_16bit,combinational,5,d65a5903-5bc1-4ed9-9951-3f96441bcda6,C-F,generation_log,0.554160518668,0.831240778001,1536,0.102,0,6390,1.05,0,0.759624413146,0.902857142857,0,,
classic_revolution_8x5,RTLLM,Prob009_div_16bit,combinational,5,641b73b8-bb8d-4267-8473-312cb62c69cb,M-I,generation_log,0.553103808033,0.82965571205,1538,0.105,0,6390,1.05,0,0.7593114241,0.9,0,,
classic_revolution_8x5,RTLLM,Prob009_div_16bit,combinational,5,533b71c6-ae2e-4de6-8a8d-f2e68696e887,M-E,generation_log,0.512908264401,0.769362396602,2440,0.0834,0,6390,1.05,0,0.618153364632,0.920571428571,0,,
classic_revolution_8x5,RTLLM,Prob009_div_16bit,combinational,5,8b2737ad-1a97-401e-9d14-70a4fcf49b73,M-E,generation_log,0.548720470974,0.823080706461,1549,0.117,0,6390,1.05,0,0.757589984351,0.888571428571,0,,
classic_revolution_8x5,RTLLM,Prob011_multi_16bit,sequential,0,6742d2e1-bb67-499d-9ac5-1a830cfe1bf3,initial,generation_log,0.0394996110967,0.0394996110967,1070,0.153,1.19,1064,0.18,1.16,-0.00563909774436,0.15,-0.0258620689655,,
classic_revolution_8x5,RTLLM,Prob011_multi_16bit,sequential,0,c8ea927a-58df-4b99-921e-0da1d1ef9d2c,initial,generation_log,-0.0764360614179,-0.0764360614179,1245,0.186,1.19,1064,0.18,1.16,-0.170112781955,-0.0333333333333,-0.0258620689655,,
classic_revolution_8x5,RTLLM,Prob011_multi_16bit,sequential,0,ebe6be4c-502b-46ce-bd81-08083b22d180,initial,generation_log,-0.00280754568413,-0.00280754568413,1341,0.13,1.19,1064,0.18,1.16,-0.260338345865,0.277777777778,-0.0258620689655,,
classic_revolution_8x5,RTLLM,Prob011_multi_16bit,sequential,0,8b91f27f-0361-48e6-9e2b-12d670e6e042,initial,generation_log,0.0423731743151,0.0423731743151,1070,0.153,1.18,1064,0.18,1.16,-0.00563909774436,0.15,-0.0172413793103,,
classic_revolution_8x5,RTLLM,Prob011_multi_16bit,sequential,0,5549023f-79f3-4afb-8fd1-4339ee671873,initial,generation_log,-0.0592827855078,-0.0592827855078,1358,0.184,1.02,1064,0.18,1.16,-0.276315789474,-0.0222222222222,0.120689655172,,
classic_revolution_8x5,RTLLM,Prob011_multi_16bit,sequential,0,e40b114f-1a9e-44ca-99ed-1c1f58d63e84,initial,generation_log,0.0528406744831,0.0528406744831,1133,0.146,1.12,1064,0.18,1.16,-0.0648496240602,0.188888888889,0.0344827586207,,
classic_revolution_8x5,RTLLM,Prob011_multi_16bit,sequential,0,95cf5deb-ea7f-4c56-bc37-64b1a872699d,initial,generation_log,0.0423731743151,0.0423731743151,1070,0.153,1.18,1064,0.18,1.16,-0.00563909774436,0.15,-0.0172413793103,,
classic_revolution_8x5,RTLLM,Prob011_multi_16bit,sequential,2,81ebf901-bf16-4581-881b-1a4c900bf36e,M-E,generation_log,0.313905405276,0.313905405276,1021,0.0938,0.67,1064,0.18,1.16,0.0404135338346,0.478888888889,0.422413793103,,
classic_revolution_8x5,RTLLM,Prob011_multi_16bit,sequential,2,eda1fa66-0e63-4940-a1d6-3e32d5967ed9,M-I,generation_log,0.11305274681,0.11305274681,930,0.213,0.7,1064,0.18,1.16,0.125939849624,-0.183333333333,0.396551724138,,
classic_revolution_8x5,RTLLM,Prob011_multi_16bit,sequential,2,e99bd714-51b2-4e24-bcdb-f8fec966a39e,C-F,generation_log,0.189213695157,0.189213695157,1033,0.156,0.69,1064,0.18,1.16,0.0291353383459,0.133333333333,0.405172413793,,
classic_revolution_8x5,RTLLM,Prob011_multi_16bit,sequential,3,d790ef7c-b90a-4273-8b5d-bebca9acf0a5,C-F,generation_log,0.101787034636,0.101787034636,1000,0.215,0.65,1064,0.18,1.16,0.0601503759398,-0.194444444444,0.439655172414,,
classic_revolution_8x5,RTLLM,Prob011_multi_16bit,sequential,3,6bb2ad8e-a811-4135-b5a1-5f69d59a076c,C-F,generation_log,0.315457897618,0.315457897618,1019,0.0933,0.67,1064,0.18,1.16,0.0422932330827,0.481666666667,0.422413793103,,
classic_revolution_8x5,RTLLM,Prob011_multi_16bit,sequential,3,ee39ce8e-5ce1-43f9-917f-837db5bbe829,M-R,generation_log,0.0975916803503,0.0975916803503,1216,0.114,1.08,1064,0.18,1.16,-0.142857142857,0.366666666667,0.0689655172414,,
classic_revolution_8x5,RTLLM,Prob011_multi_16bit,sequential,4,058a798f-0f5b-4124-a6bb-6d428d8278b7,M-S,generation_log,0.101529446221,0.101529446221,989,0.217,0.65,1064,0.18,1.16,0.0704887218045,-0.205555555556,0.439655172414,,
classic_revolution_8x5,RTLLM,Prob011_multi_16bit,sequential,4,33bedebd-de50-4fca-a23c-d8fbac9d8d56,C-F,generation_log,0.0893949432969,0.0893949432969,1010,0.22,0.65,1064,0.18,1.16,0.0507518796992,-0.222222222222,0.439655172414,,
classic_revolution_8x5,RTLLM,Prob011_multi_16bit,sequential,5,502770dd-f616-4428-acc0-65016f239ba8,M-S,generation_log,0.315457897618,0.315457897618,1019,0.0933,0.67,1064,0.18,1.16,0.0422932330827,0.481666666667,0.422413793103,,
classic_revolution_8x5,RTLLM,Prob011_multi_16bit,sequential,5,abf66884-73fb-42fd-84d5-4ba8be48229b,M-S,generation_log,0.101529446221,0.101529446221,989,0.217,0.65,1064,0.18,1.16,0.0704887218045,-0.205555555556,0.439655172414,,
classic_revolution_8x5,RTLLM,Prob011_multi_16bit,sequential,5,1e740eb9-4043-42b2-8134-b1c2bccb13fb,M-I,generation_log,0.0247205657823,0.0247205657823,1459,0.165,0.74,1064,0.18,1.16,-0.371240601504,0.0833333333333,0.362068965517,,
classic_revolution_8x5,RTLLM,Prob012_multi_8bit,combinational,0,a5da856e-48a9-4dfc-b8a1-16bed71ae878,initial,generation_log,0.308002181587,0.46200327238,631,0.00153,0,596,0.0886,0,-0.0587248322148,0.982731376975,0,,
classic_revolution_8x5,RTLLM,Prob012_multi_8bit,combinational,0,0d9d4327-6c13-41bd-90b2-09d75f53d06d,initial,generation_log,0.308002181587,0.46200327238,631,0.00153,0,596,0.0886,0,-0.0587248322148,0.982731376975,0,,
classic_revolution_8x5,RTLLM,Prob012_multi_8bit,combinational,0,e446b92c-e114-43de-916a-3b8ba27bdff8,initial,generation_log,0.308002181587,0.46200327238,631,0.00153,0,596,0.0886,0,-0.0587248322148,0.982731376975,0,,
classic_revolution_8x5,RTLLM,Prob012_multi_8bit,combinational,0,ac2765e7-cf20-4b34-8d41-d2253c9cc57b,initial,generation_log,0.308002181587,0.46200327238,631,0.00153,0,596,0.0886,0,-0.0587248322148,0.982731376975,0,,
classic_revolution_8x5,RTLLM,Prob012_multi_8bit,combinational,0,2ec00390-6c40-41bf-9341-4e383a3224ab,initial,generation_log,0.308002181587,0.46200327238,631,0.00153,0,596,0.0886,0,-0.0587248322148,0.982731376975,0,,
classic_revolution_8x5,RTLLM,Prob012_multi_8bit,combinational,0,f52b993f-1fa0-42e5-9a23-30daa191b35a,initial,generation_log,0.308002181587,0.46200327238,631,0.00153,0,596,0.0886,0,-0.0587248322148,0.982731376975,0,,
classic_revolution_8x5,RTLLM,Prob012_multi_8bit,combinational,0,ef6ab11e-5b30-4561-b2ee-fb61769d51cf,initial,generation_log,0.308002181587,0.46200327238,631,0.00153,0,596,0.0886,0,-0.0587248322148,0.982731376975,0,,
classic_revolution_8x5,RTLLM,Prob012_multi_8bit,combinational,0,0e70ff6a-a5bc-47ad-80e9-3faadd1806ab,initial,generation_log,0.308002181587,0.46200327238,631,0.00153,0,596,0.0886,0,-0.0587248322148,0.982731376975,0,,
classic_revolution_8x5,RTLLM,Prob012_multi_8bit,combinational,1,62fca375-db61-437d-b828-b20cde2d5e8c,C-F,generation_log,0.449418496018,0.674127744027,384,0.00066,0,596,0.0886,0,0.355704697987,0.992550790068,0,,
classic_revolution_8x5,RTLLM,Prob012_multi_8bit,combinational,1,c074535e-7e25-4a55-9a12-5456824f2bff,M-R,generation_log,0.327727614748,0.491591422122,596,0.00149,0,596,0.0886,0,0,0.983182844244,0,,
classic_revolution_8x5,RTLLM,Prob012_multi_8bit,combinational,1,990b3652-8469-449a-a563-82efffcc1a3a,M-E,generation_log,0.449418496018,0.674127744027,384,0.00066,0,596,0.0886,0,0.355704697987,0.992550790068,0,,
classic_revolution_8x5,RTLLM,Prob012_multi_8bit,combinational,1,a16bb3e5-0bb0-45b7-a78b-c65cc1c55ef9,M-S,generation_log,0.460781003025,0.691171504537,364,0.000613,0,596,0.0886,0,0.389261744966,0.993081264108,0,,
classic_revolution_8x5,RTLLM,Prob012_multi_8bit,combinational,1,f9432cdc-a7fe-4c91-b4a7-76dbcb02f4cc,M-S,generation_log,0.460781003025,0.691171504537,364,0.000613,0,596,0.0886,0,0.389261744966,0.993081264108,0,,
classic_revolution_8x5,RTLLM,Prob012_multi_8bit,combinational,1,8d90bd08-7c94-41ec-bedc-60a6600b2ca0,M-R,generation_log,0.449418496018,0.674127744027,384,0.00066,0,596,0.0886,0,0.355704697987,0.992550790068,0,,
classic_revolution_8x5,RTLLM,Prob012_multi_8bit,combinational,1,2c356187-5f15-42b0-9f97-a1cec5dee4f6,M-E,generation_log,0.449418496018,0.674127744027,384,0.00066,0,596,0.0886,0,0.355704697987,0.992550790068,0,,
classic_revolution_8x5,RTLLM,Prob012_multi_8bit,combinational,2,f474925d-e2d7-40bd-b2bc-2ec166d2b8f1,M-R,generation_log,0.308002181587,0.46200327238,631,0.00153,0,596,0.0886,0,-0.0587248322148,0.982731376975,0,,
classic_revolution_8x5,RTLLM,Prob012_multi_8bit,combinational,2,05bd9109-1814-4ae2-8471-a45a921e308b,M-S,generation_log,0.460781003025,0.691171504537,364,0.000613,0,596,0.0886,0,0.389261744966,0.993081264108,0,,
classic_revolution_8x5,RTLLM,Prob012_multi_8bit,combinational,2,2e9a2931-11c1-41b3-bf70-52c3637ad504,M-R,generation_log,0.308002181587,0.46200327238,631,0.00153,0,596,0.0886,0,-0.0587248322148,0.982731376975,0,,
classic_revolution_8x5,RTLLM,Prob012_multi_8bit,combinational,2,63e35293-0e75-4600-abc5-7ee5e4442935,C-F,generation_log,0.449418496018,0.674127744027,384,0.00066,0,596,0.0886,0,0.355704697987,0.992550790068,0,,
classic_revolution_8x5,RTLLM,Prob012_multi_8bit,combinational,2,1d8b305b-2990-4978-8cb2-432d26dcd835,C-F,generation_log,0.449418496018,0.674127744027,384,0.00066,0,596,0.0886,0,0.355704697987,0.992550790068,0,,
classic_revolution_8x5,RTLLM,Prob012_multi_8bit,combinational,3,fa84357d-d613-4f6c-a25f-cbd7ffbc6d1a,M-R,generation_log,0.308002181587,0.46200327238,631,0.00153,0,596,0.0886,0,-0.0587248322148,0.982731376975,0,,
classic_revolution_8x5,RTLLM,Prob012_multi_8bit,combinational,3,036e03e0-9c8b-496e-b865-848b47518161,M-I,generation_log,0.308002181587,0.46200327238,631,0.00153,0,596,0.0886,0,-0.0587248322148,0.982731376975,0,,
classic_revolution_8x5,RTLLM,Prob012_multi_8bit,combinational,3,2c41624a-a9c2-47a0-b7af-7952fd354a8b,M-E,generation_log,0.308002181587,0.46200327238,631,0.00153,0,596,0.0886,0,-0.0587248322148,0.982731376975,0,,
classic_revolution_8x5,RTLLM,Prob012_multi_8bit,combinational,3,8798ef69-4986-4b56-a1b8-ea183310db41,M-E,generation_log,0.308002181587,0.46200327238,631,0.00153,0,596,0.0886,0,-0.0587248322148,0.982731376975,0,,
classic_revolution_8x5,RTLLM,Prob012_multi_8bit,combinational,3,9a28ae07-d29e-4b96-9541-2eed19f04876,C-F,generation_log,0.449418496018,0.674127744027,384,0.00066,0,596,0.0886,0,0.355704697987,0.992550790068,0,,
classic_revolution_8x5,RTLLM,Prob012_multi_8bit,combinational,3,a7ff1342-ad28-4644-b867-e0b1800bd581,M-R,generation_log,0.308002181587,0.46200327238,631,0.00153,0,596,0.0886,0,-0.0587248322148,0.982731376975,0,,
classic_revolution_8x5,RTLLM,Prob012_multi_8bit,combinational,4,245ad430-55ca-4f24-836c-6fcec1b7f358,M-S,generation_log,0.460781003025,0.691171504537,364,0.000613,0,596,0.0886,0,0.389261744966,0.993081264108,0,,
classic_revolution_8x5,RTLLM,Prob012_multi_8bit,combinational,4,09feed94-f948-4715-a0d2-c3c89b67d99a,M-S,generation_log,0.308002181587,0.46200327238,631,0.00153,0,596,0.0886,0,-0.0587248322148,0.982731376975,0,,
classic_revolution_8x5,RTLLM,Prob012_multi_8bit,combinational,4,1d54c9ee-bbe8-424c-a092-533f886e5559,M-R,generation_log,0.449418496018,0.674127744027,384,0.00066,0,596,0.0886,0,0.355704697987,0.992550790068,0,,
classic_revolution_8x5,RTLLM,Prob012_multi_8bit,combinational,4,e99d51b4-f802-4f8d-a84c-ce6ccbc899d9,M-S,generation_log,0.308002181587,0.46200327238,631,0.00153,0,596,0.0886,0,-0.0587248322148,0.982731376975,0,,
classic_revolution_8x5,RTLLM,Prob012_multi_8bit,combinational,4,21ffbd00-663e-43f8-b37d-e1750bdb30e9,M-R,generation_log,0.308002181587,0.46200327238,631,0.00153,0,596,0.0886,0,-0.0587248322148,0.982731376975,0,,
classic_revolution_8x5,RTLLM,Prob012_multi_8bit,combinational,4,333f1538-33bf-4210-bd12-aa8ae0ccbdad,M-S,generation_log,0.308002181587,0.46200327238,631,0.00153,0,596,0.0886,0,-0.0587248322148,0.982731376975,0,,
classic_revolution_8x5,RTLLM,Prob012_multi_8bit,combinational,5,a4086ea3-ebd0-4788-8b74-af5b146682ba,M-I,generation_log,0.449418496018,0.674127744027,384,0.00066,0,596,0.0886,0,0.355704697987,0.992550790068,0,,
classic_revolution_8x5,RTLLM,Prob012_multi_8bit,combinational,5,db3728b8-65de-4a92-89cb-1ed6d92e9040,M-S,generation_log,0.308002181587,0.46200327238,631,0.00153,0,596,0.0886,0,-0.0587248322148,0.982731376975,0,,
classic_revolution_8x5,RTLLM,Prob012_multi_8bit,combinational,5,6021d513-9686-4048-8f8c-43573578b637,M-I,generation_log,0.460781003025,0.691171504537,364,0.000613,0,596,0.0886,0,0.389261744966,0.993081264108,0,,
classic_revolution_8x5,RTLLM,Prob012_multi_8bit,combinational,5,edbcbc85-8c07-40c5-8e9b-63e103afea0a,M-S,generation_log,0.308002181587,0.46200327238,631,0.00153,0,596,0.0886,0,-0.0587248322148,0.982731376975,0,,
classic_revolution_8x5,RTLLM,Prob012_multi_8bit,combinational,5,311e63a3-e072-452e-bb1b-b3f150106282,M-E,generation_log,0.308002181587,0.46200327238,631,0.00153,0,596,0.0886,0,-0.0587248322148,0.982731376975,0,,
classic_revolution_8x5,RTLLM,Prob012_multi_8bit,combinational,5,102b9f40-f8eb-477b-8766-ee6cbc26d15e,M-R,generation_log,0.308002181587,0.46200327238,631,0.00153,0,596,0.0886,0,-0.0587248322148,0.982731376975,0,,
classic_revolution_8x5,RTLLM,Prob015_multi_pipe_8bit,sequential,0,48c9f142-091f-4859-a556-c0ebf3fc395e,initial,generation_log,0.0227359029874,0.0227359029874,623,0.0912,1.05,980,0.0898,0.82,0.364285714286,-0.0155902004454,-0.280487804878,,
classic_revolution_8x5,RTLLM,Prob015_multi_pipe_8bit,sequential,0,78af2f68-514d-4540-89ca-d29e28ce4a30,initial,generation_log,-0.0451593478936,-0.0451593478936,685,0.106,1.03,980,0.0898,0.82,0.301020408163,-0.180400890869,-0.256097560976,,
classic_revolution_8x5,RTLLM,Prob015_multi_pipe_8bit,sequential,0,af798b60-7da4-48b7-862f-ba07d7512db0,initial,generation_log,0.0527945329906,0.0527945329906,600,0.0874,1.03,980,0.0898,0.82,0.387755102041,0.0267260579065,-0.256097560976,,
classic_revolution_8x5,RTLLM,Prob015_multi_pipe_8bit,sequential,0,3416309c-92d9-4508-a938-d3de2a541655,initial,generation_log,0.0231070982361,0.0231070982361,623,0.0911,1.05,980,0.0898,0.82,0.364285714286,-0.0144766146993,-0.280487804878,,
classic_revolution_8x5,RTLLM,Prob015_multi_pipe_8bit,sequential,1,68b6c913-4506-4800-95bc-da974ec66b9c,M-I,generation_log,-0.0884660822882,-0.0884660822882,698,0.111,1.08,980,0.0898,0.82,0.287755102041,-0.236080178174,-0.317073170732,,
classic_revolution_8x5,RTLLM,Prob015_multi_pipe_8bit,sequential,1,eee3c237-b861-4fdd-ba8e-774dd4aaf01e,M-E,generation_log,-0.368960557225,-0.368960557225,1177,0.204,0.52,980,0.0898,0.82,-0.201020408163,-1.27171492205,0.365853658537,,
classic_revolution_8x5,RTLLM,Prob015_multi_pipe_8bit,sequential,1,3151ca6d-f264-43a0-b636-84ee9ee57c48,C-F,generation_log,-0.0160507116639,-0.0160507116639,906,0.102,0.81,980,0.0898,0.82,0.0755102040816,-0.135857461024,0.0121951219512,,
classic_revolution_8x5,RTLLM,Prob015_multi_pipe_8bit,sequential,2,8e5f5970-93f4-4474-ac7d-85aa7e1f1c19,M-I,generation_log,-0.0759603683942,-0.0759603683942,708,0.11,1.05,980,0.0898,0.82,0.277551020408,-0.224944320713,-0.280487804878,,
classic_revolution_8x5,RTLLM,Prob015_multi_pipe_8bit,sequential,2,81021e20-e6b6-43fd-98b7-5b425017923f,M-I,generation_log,-0.107290466841,-0.107290466841,1076,0.134,0.6,980,0.0898,0.82,-0.0979591836735,-0.492204899777,0.268292682927,,
classic_revolution_8x5,RTLLM,Prob015_multi_pipe_8bit,sequential,2,619cc56c-8d2d-4f7a-8f0a-f78e3cf4c086,M-I,generation_log,-0.16932838973,-0.16932838973,771,0.125,1.09,980,0.0898,0.82,0.213265306122,-0.391982182628,-0.329268292683,,
classic_revolution_8x5,RTLLM,Prob015_multi_pipe_8bit,sequential,2,8cd9cac9-52cd-4545-8741-4628e6cab58d,M-I,generation_log,-0.0905364427264,-0.0905364427264,715,0.11,1.08,980,0.0898,0.82,0.270408163265,-0.224944320713,-0.317073170732,,
classic_revolution_8x5,RTLLM,Prob015_multi_pipe_8bit,sequential,3,2a1fd45a-6154-49d8-be03-a26a226d64b6,M-E,generation_log,-0.13281827914,-0.13281827914,898,0.132,0.83,980,0.0898,0.82,0.0836734693878,-0.469933184855,-0.0121951219512,,
classic_revolution_8x5,RTLLM,Prob015_multi_pipe_8bit,sequential,3,4f6c8925-2326-4346-a02c-6c65bfb20d5e,C-F,generation_log,-0.106610194732,-0.106610194732,1074,0.134,0.6,980,0.0898,0.82,-0.0959183673469,-0.492204899777,0.268292682927,,
classic_revolution_8x5,RTLLM,Prob015_multi_pipe_8bit,sequential,3,4e30b753-ef33-45dc-ab1f-894b35eb77a9,C-F,generation_log,-0.106950330787,-0.106950330787,1075,0.134,0.6,980,0.0898,0.82,-0.0969387755102,-0.492204899777,0.268292682927,,
classic_revolution_8x5,RTLLM,Prob015_multi_pipe_8bit,sequential,3,e5ad01e9-ea79-4b25-bcf1-6c1413f2ca00,C-F,generation_log,-0.29915809444,-0.29915809444,1228,0.163,0.68,980,0.0898,0.82,-0.25306122449,-0.815144766147,0.170731707317,,
classic_revolution_8x5,RTLLM,Prob015_multi_pipe_8bit,sequential,4,01d6416d-a6e5-40c8-95eb-542b976495b0,C-F,generation_log,-0.00115329199744,-0.00115329199744,791,0.114,0.76,980,0.0898,0.82,0.192857142857,-0.269487750557,0.0731707317073,,
classic_revolution_8x5,RTLLM,Prob015_multi_pipe_8bit,sequential,4,49cbd301-66ba-4a93-8df6-5d780b2c596a,C-F,generation_log,-0.108991147113,-0.108991147113,1081,0.134,0.6,980,0.0898,0.82,-0.10306122449,-0.492204899777,0.268292682927,,
classic_revolution_8x5,RTLLM,Prob015_multi_pipe_8bit,sequential,5,4d966392-6cf8-4924-b928-7041646694a2,M-E,generation_log,-0.317830952252,-0.317830952252,1127,0.174,0.71,980,0.0898,0.82,-0.15,-0.937639198218,0.134146341463,,
classic_revolution_8x5,RTLLM,Prob015_multi_pipe_8bit,sequential,5,d4142c51-3004-4bb6-b0f0-6b8d1383c0ea,M-I,generation_log,-0.223610641497,-0.223610641497,1062,0.171,0.56,980,0.0898,0.82,-0.0836734693878,-0.904231625835,0.317073170732,,
classic_revolution_8x5,RTLLM,Prob015_multi_pipe_8bit,sequential,5,b25c882a-1396-42c5-969d-bcea29074050,M-R,generation_log,-0.00860674108309,-0.00860674108309,802,0.115,0.76,980,0.0898,0.82,0.181632653061,-0.280623608018,0.0731707317073,,
classic_revolution_8x5,RTLLM,Prob019_sub_64bit,combinational,0,b1bdc474-7f17-4a6f-a5d7-2c1760e8f1d0,initial,generation_log,0.318477049232,0.477715573847,642,0.000443,0,621,0.0412,0,-0.0338164251208,0.989247572816,0,,
classic_revolution_8x5,RTLLM,Prob019_sub_64bit,combinational,0,8f99ce17-aab5-4bcd-8d26-994b4c12cc4f,initial,generation_log,0.318477049232,0.477715573847,642,0.000443,0,621,0.0412,0,-0.0338164251208,0.989247572816,0,,
classic_revolution_8x5,RTLLM,Prob019_sub_64bit,combinational,0,2554f358-5143-4213-af85-a8cf088ddead,initial,generation_log,0.318477049232,0.477715573847,642,0.000443,0,621,0.0412,0,-0.0338164251208,0.989247572816,0,,
classic_revolution_8x5,RTLLM,Prob019_sub_64bit,combinational,0,fb0e9c95-cd13-4abe-9c9f-8f5d51ee9869,initial,generation_log,0.318477049232,0.477715573847,642,0.000443,0,621,0.0412,0,-0.0338164251208,0.989247572816,0,,
classic_revolution_8x5,RTLLM,Prob019_sub_64bit,combinational,0,e1c24873-119c-4f36-8c0c-a0ab26392606,initial,generation_log,0.318477049232,0.477715573847,642,0.000443,0,621,0.0412,0,-0.0338164251208,0.989247572816,0,,
classic_revolution_8x5,RTLLM,Prob019_sub_64bit,combinational,0,d3dd3d08-d716-4ff3-bda1-255a6316ec29,initial,generation_log,0.318477049232,0.477715573847,642,0.000443,0,621,0.0412,0,-0.0338164251208,0.989247572816,0,,
classic_revolution_8x5,RTLLM,Prob019_sub_64bit,combinational,0,d4ad65d4-911b-4e64-9cd8-c67c4f002fb1,initial,generation_log,0.318477049232,0.477715573847,642,0.000443,0,621,0.0412,0,-0.0338164251208,0.989247572816,0,,
classic_revolution_8x5,RTLLM,Prob019_sub_64bit,combinational,0,6339f3e8-b680-4919-b701-62127c56d2ed,initial,generation_log,0.318477049232,0.477715573847,642,0.000443,0,621,0.0412,0,-0.0338164251208,0.989247572816,0,,
classic_revolution_8x5,RTLLM,Prob019_sub_64bit,combinational,1,51f48449-377a-483c-a761-80a3e0640d8c,M-S,generation_log,0.318477049232,0.477715573847,642,0.000443,0,621,0.0412,0,-0.0338164251208,0.989247572816,0,,
classic_revolution_8x5,RTLLM,Prob019_sub_64bit,combinational,1,13f843a6-39e4-4c24-bc29-fc66aa44355d,M-R,generation_log,0.318477049232,0.477715573847,642,0.000443,0,621,0.0412,0,-0.0338164251208,0.989247572816,0,,
classic_revolution_8x5,RTLLM,Prob019_sub_64bit,combinational,1,80fd75b3-4193-4fcd-a160-be609ea95acf,C-F,generation_log,0.318477049232,0.477715573847,642,0.000443,0,621,0.0412,0,-0.0338164251208,0.989247572816,0,,
classic_revolution_8x5,RTLLM,Prob019_sub_64bit,combinational,1,164c91ee-dfaa-4eb0-a463-2ed66bb2df79,M-I,generation_log,0.321697661148,0.482546491722,636,0.000443,0,621,0.0412,0,-0.024154589372,0.989247572816,0,,
classic_revolution_8x5,RTLLM,Prob019_sub_64bit,combinational,1,d2b3d835-58e1-45fe-a365-16c13a22c8f9,M-E,generation_log,0.482296392706,0.723444589059,340,0.000231,0,621,0.0412,0,0.452495974235,0.994393203883,0,,
classic_revolution_8x5,RTLLM,Prob019_sub_64bit,combinational,1,31b38aa4-c39b-4a02-b815-c9f858a4838b,M-R,generation_log,0.318477049232,0.477715573847,642,0.000443,0,621,0.0412,0,-0.0338164251208,0.989247572816,0,,
classic_revolution_8x5,RTLLM,Prob019_sub_64bit,combinational,1,e8f8905e-c0c0-4b8c-9145-86261517cb87,M-S,generation_log,0.318477049232,0.477715573847,642,0.000443,0,621,0.0412,0,-0.0338164251208,0.989247572816,0,,
classic_revolution_8x5,RTLLM,Prob019_sub_64bit,combinational,1,1a1892a1-b8bc-4ffa-a1d6-030ad06fe831,C-F,generation_log,0.318477049232,0.477715573847,642,0.000443,0,621,0.0412,0,-0.0338164251208,0.989247572816,0,,
classic_revolution_8x5,RTLLM,Prob019_sub_64bit,combinational,2,3a91cbf7-ca65-4038-9534-2bd10850184d,M-I,generation_log,0.321697661148,0.482546491722,636,0.000443,0,621,0.0412,0,-0.024154589372,0.989247572816,0,,
classic_revolution_8x5,RTLLM,Prob019_sub_64bit,combinational,2,a93c07b7-d7e6-4653-a06f-6d4aa8e40d74,M-I,generation_log,0.318477049232,0.477715573847,642,0.000443,0,621,0.0412,0,-0.0338164251208,0.989247572816,0,,
classic_revolution_8x5,RTLLM,Prob019_sub_64bit,combinational,2,849cec90-bb5d-4fba-9a0f-99dfdd81c818,M-I,generation_log,0.318477049232,0.477715573847,642,0.000443,0,621,0.0412,0,-0.0338164251208,0.989247572816,0,,
classic_revolution_8x5,RTLLM,Prob019_sub_64bit,combinational,2,e499237e-d6e0-40b3-bb72-782327ed8661,M-S,generation_log,0.318477049232,0.477715573847,642,0.000443,0,621,0.0412,0,-0.0338164251208,0.989247572816,0,,
classic_revolution_8x5,RTLLM,Prob019_sub_64bit,combinational,2,0e0ad699-433d-4ee9-b80c-5970b7efffb5,M-I,generation_log,0.480653724289,0.720980586433,343,0.000235,0,621,0.0412,0,0.447665056361,0.994296116505,0,,
classic_revolution_8x5,RTLLM,Prob019_sub_64bit,combinational,3,afc4d184-0f2c-42d9-b7e1-aafeab63a779,M-R,generation_log,0.318477049232,0.477715573847,642,0.000443,0,621,0.0412,0,-0.0338164251208,0.989247572816,0,,
classic_revolution_8x5,RTLLM,Prob019_sub_64bit,combinational,3,7dc15215-5b1a-4a3a-9686-ddf1cfa9ecd3,M-R,generation_log,0.318477049232,0.477715573847,642,0.000443,0,621,0.0412,0,-0.0338164251208,0.989247572816,0,,
classic_revolution_8x5,RTLLM,Prob019_sub_64bit,combinational,3,a823974f-f824-44df-9c1b-b4a7b1c1dbb2,M-S,generation_log,0.318477049232,0.477715573847,642,0.000443,0,621,0.0412,0,-0.0338164251208,0.989247572816,0,,
classic_revolution_8x5,RTLLM,Prob019_sub_64bit,combinational,3,5ca81661-26c8-48a5-805b-c65607cf7b06,M-R,generation_log,0.320119717649,0.480179576474,639,0.000439,0,621,0.0412,0,-0.0289855072464,0.989344660194,0,,
classic_revolution_8x5,RTLLM,Prob019_sub_64bit,combinational,3,9c7167c8-ba06-412f-973c-6218a4f96647,M-I,generation_log,0.318477049232,0.477715573847,642,0.000443,0,621,0.0412,0,-0.0338164251208,0.989247572816,0,,
classic_revolution_8x5,RTLLM,Prob019_sub_64bit,combinational,3,7d099495-f83e-4086-9fd4-51576f784baa,C-F,generation_log,0.318477049232,0.477715573847,642,0.000443,0,621,0.0412,0,-0.0338164251208,0.989247572816,0,,
classic_revolution_8x5,RTLLM,Prob019_sub_64bit,combinational,3,78bfe827-3e10-46cf-a60f-cbdb12e6229d,M-I,generation_log,0.318477049232,0.477715573847,642,0.000443,0,621,0.0412,0,-0.0338164251208,0.989247572816,0,,
classic_revolution_8x5,RTLLM,Prob019_sub_64bit,combinational,4,ccecfa5b-976f-469b-b207-b93ded01e255,M-R,generation_log,0.318477049232,0.477715573847,642,0.000443,0,621,0.0412,0,-0.0338164251208,0.989247572816,0,,
classic_revolution_8x5,RTLLM,Prob019_sub_64bit,combinational,4,47e871ed-9331-446f-bc20-5366d14f76c1,M-R,generation_log,0.318477049232,0.477715573847,642,0.000443,0,621,0.0412,0,-0.0338164251208,0.989247572816,0,,
classic_revolution_8x5,RTLLM,Prob019_sub_64bit,combinational,4,2959b582-f002-4ee9-a8ac-d127d7decccc,C-F,generation_log,0.318477049232,0.477715573847,642,0.000443,0,621,0.0412,0,-0.0338164251208,0.989247572816,0,,
classic_revolution_8x5,RTLLM,Prob019_sub_64bit,combinational,4,38a67912-6603-4f2e-8839-b639edeea0b4,M-I,generation_log,0.318477049232,0.477715573847,642,0.000443,0,621,0.0412,0,-0.0338164251208,0.989247572816,0,,
classic_revolution_8x5,RTLLM,Prob019_sub_64bit,combinational,4,0c2d538f-4261-415c-9325-a5d962b71a4a,M-S,generation_log,0.318477049232,0.477715573847,642,0.000443,0,621,0.0412,0,-0.0338164251208,0.989247572816,0,,
classic_revolution_8x5,RTLLM,Prob019_sub_64bit,combinational,4,781a2cac-7f58-4990-b925-e2a4074dfd4b,M-S,generation_log,0.318477049232,0.477715573847,642,0.000443,0,621,0.0412,0,-0.0338164251208,0.989247572816,0,,
classic_revolution_8x5,RTLLM,Prob019_sub_64bit,combinational,5,0d332d48-5d88-4630-ab3c-93d31189bffe,M-E,generation_log,0.329886731392,0.494830097087,621,0.000426,0,621,0.0412,0,0,0.989660194175,0,,
classic_revolution_8x5,RTLLM,Prob019_sub_64bit,combinational,5,30eebbc4-a18c-4e45-a31a-7c1de2a68938,M-S,generation_log,0.318477049232,0.477715573847,642,0.000443,0,621,0.0412,0,-0.0338164251208,0.989247572816,0,,
classic_revolution_8x5,RTLLM,Prob019_sub_64bit,combinational,5,da0dd16a-c652-4835-b9db-a28b892fe6e8,M-E,generation_log,0.338051529791,0.507077294686,606,0.000412,0,621,0.0412,0,0.024154589372,0.99,0,,
classic_revolution_8x5,RTLLM,Prob019_sub_64bit,combinational,5,0bc4e2aa-a981-4710-9640-a9d9762afa2c,M-E,generation_log,0.482280211476,0.723420317215,340,0.000233,0,621,0.0412,0,0.452495974235,0.994344660194,0,,
classic_revolution_8x5,RTLLM,Prob019_sub_64bit,combinational,5,213694b2-f5cb-418e-b92b-c9679c81d12a,M-I,generation_log,0.310223254069,0.465334881103,657,0.000468,0,621,0.0412,0,-0.0579710144928,0.988640776699,0,,
classic_revolution_8x5,RTLLM,Prob019_sub_64bit,combinational,5,302b28f0-8764-43f1-ad45-e84fad6a25f3,M-S,generation_log,0.318477049232,0.477715573847,642,0.000443,0,621,0.0412,0,-0.0338164251208,0.989247572816,0,,
classic_revolution_8x5,RTLLM,Prob019_sub_64bit,combinational,5,78c8e4af-e773-43c1-b4ad-e39206cca8f3,C-F,generation_log,0.310223254069,0.465334881103,657,0.000468,0,621,0.0412,0,-0.0579710144928,0.988640776699,0,,
classic_revolution_8x5,RTLLM,Prob020_JC_counter,sequential,0,40818d73-d592-483e-98da-9ef207c8d647,initial,generation_log,-0,0,340,0.0351,0.13,340,0.0351,0.13,0,0,0,,
classic_revolution_8x5,RTLLM,Prob020_JC_counter,sequential,0,14834e64-1e76-44b3-bdd0-794f68bda04d,initial,generation_log,-0,0,340,0.0351,0.13,340,0.0351,0.13,0,0,0,,
classic_revolution_8x5,RTLLM,Prob020_JC_counter,sequential,0,1671970b-444a-4ceb-8600-9fd8015d6a18,initial,generation_log,-0,0,340,0.0351,0.13,340,0.0351,0.13,0,0,0,,
classic_revolution_8x5,RTLLM,Prob020_JC_counter,sequential,0,092ba7cd-3ec5-414b-9432-bbb2ea72bde9,initial,generation_log,-0,0,340,0.0351,0.13,340,0.0351,0.13,0,0,0,,
classic_revolution_8x5,RTLLM,Prob020_JC_counter,sequential,0,dca35639-4295-4366-98b6-4254af9bae48,initial,generation_log,-0,0,340,0.0351,0.13,340,0.0351,0.13,0,0,0,,
classic_revolution_8x5,RTLLM,Prob020_JC_counter,sequential,0,81f5e777-18e2-4e5b-84e3-16e131b9032a,initial,generation_log,-0,0,340,0.0351,0.13,340,0.0351,0.13,0,0,0,,
classic_revolution_8x5,RTLLM,Prob020_JC_counter,sequential,0,686cedac-8094-49aa-8cb0-833c30945e81,initial,generation_log,-0,0,340,0.0351,0.13,340,0.0351,0.13,0,0,0,,
classic_revolution_8x5,RTLLM,Prob020_JC_counter,sequential,0,d6ae26ac-8c7e-420b-b6d7-82694d827df6,initial,generation_log,-0,0,340,0.0351,0.13,340,0.0351,0.13,0,0,0,,
classic_revolution_8x5,RTLLM,Prob020_JC_counter,sequential,1,1e19d4cd-94c3-4048-8327-0bc3675d4537,M-I,generation_log,-0.284850008379,-0.284850008379,462,0.0471,0.15,340,0.0351,0.13,-0.358823529412,-0.34188034188,-0.153846153846,,
classic_revolution_8x5,RTLLM,Prob020_JC_counter,sequential,1,251fd0d1-58a7-4f81-926a-0a4a5dba2f2a,M-E,generation_log,-0.284850008379,-0.284850008379,462,0.0471,0.15,340,0.0351,0.13,-0.358823529412,-0.34188034188,-0.153846153846,,
classic_revolution_8x5,RTLLM,Prob020_JC_counter,sequential,1,fca55f72-d5d7-4e57-a94c-b15cd540e7ff,M-R,generation_log,-0.284850008379,-0.284850008379,462,0.0471,0.15,340,0.0351,0.13,-0.358823529412,-0.34188034188,-0.153846153846,,
classic_revolution_8x5,RTLLM,Prob020_JC_counter,sequential,1,2bfda050-bc0b-4f9b-9c27-beb59dabff76,M-S,generation_log,-0,0,340,0.0351,0.13,340,0.0351,0.13,0,0,0,,
classic_revolution_8x5,RTLLM,Prob020_JC_counter,sequential,1,9accaae3-ae7a-4489-af98-efdc3b608213,C-F,generation_log,-0,0,340,0.0351,0.13,340,0.0351,0.13,0,0,0,,
classic_revolution_8x5,RTLLM,Prob020_JC_counter,sequential,1,691f2537-2406-43a9-9336-9e7fff33899a,C-F,generation_log,-0,0,340,0.0351,0.13,340,0.0351,0.13,0,0,0,,
classic_revolution_8x5,RTLLM,Prob020_JC_counter,sequential,1,0278ef63-9fd1-482c-a6e3-ba925d5b7367,C-F,generation_log,-0,0,340,0.0351,0.13,340,0.0351,0.13,0,0,0,,
classic_revolution_8x5,RTLLM,Prob020_JC_counter,sequential,1,df2b7bb6-cf79-4b39-9e15-c91830313f77,M-R,generation_log,-0.284850008379,-0.284850008379,462,0.0471,0.15,340,0.0351,0.13,-0.358823529412,-0.34188034188,-0.153846153846,,
classic_revolution_8x5,RTLLM,Prob020_JC_counter,sequential,2,b4262271-f4ca-4d83-a9e9-e923b3101cb2,M-S,generation_log,-0.284850008379,-0.284850008379,462,0.0471,0.15,340,0.0351,0.13,-0.358823529412,-0.34188034188,-0.153846153846,,
classic_revolution_8x5,RTLLM,Prob020_JC_counter,sequential,2,d1bec4cc-f598-467c-a650-ab0dd3627446,M-E,generation_log,-0.284850008379,-0.284850008379,462,0.0471,0.15,340,0.0351,0.13,-0.358823529412,-0.34188034188,-0.153846153846,,
classic_revolution_8x5,RTLLM,Prob020_JC_counter,sequential,2,8eb02c33-9a85-46f8-970a-fa542e60edaf,M-I,generation_log,-0.284850008379,-0.284850008379,462,0.0471,0.15,340,0.0351,0.13,-0.358823529412,-0.34188034188,-0.153846153846,,
classic_revolution_8x5,RTLLM,Prob020_JC_counter,sequential,2,a4065fa8-5b6c-468f-9787-bae524e31dc5,M-I,generation_log,-0,0,340,0.0351,0.13,340,0.0351,0.13,0,0,0,,
classic_revolution_8x5,RTLLM,Prob020_JC_counter,sequential,2,4270f5cb-2574-47ff-98c6-e66eed34ffde,M-S,generation_log,-0,0,340,0.0351,0.13,340,0.0351,0.13,0,0,0,,
classic_revolution_8x5,RTLLM,Prob020_JC_counter,sequential,2,609ee8f7-3153-4ca6-8eee-edb3afa36645,M-S,generation_log,-0,0,340,0.0351,0.13,340,0.0351,0.13,0,0,0,,
classic_revolution_8x5,RTLLM,Prob020_JC_counter,sequential,3,54ee2da9-2217-4766-b965-ea4d94afd01c,C-F,generation_log,-0,0,340,0.0351,0.13,340,0.0351,0.13,0,0,0,,
classic_revolution_8x5,RTLLM,Prob020_JC_counter,sequential,3,3b8bb4c1-43f9-40fd-b318-d1d602c03058,M-R,generation_log,-0.05,-0.05,391,0.0351,0.13,340,0.0351,0.13,-0.15,0,0,,
classic_revolution_8x5,RTLLM,Prob020_JC_counter,sequential,3,ea6f1e50-f7e4-460d-b51a-d78bc7dac8e6,M-I,generation_log,-0,0,340,0.0351,0.13,340,0.0351,0.13,0,0,0,,
classic_revolution_8x5,RTLLM,Prob020_JC_counter,sequential,3,91490b5b-96ae-4623-852d-630aecd2e7da,M-I,generation_log,-0.284850008379,-0.284850008379,462,0.0471,0.15,340,0.0351,0.13,-0.358823529412,-0.34188034188,-0.153846153846,,
classic_revolution_8x5,RTLLM,Prob020_JC_counter,sequential,3,225ecc25-589c-4df4-9d0a-233a18b0f487,C-F,generation_log,-0,0,340,0.0351,0.13,340,0.0351,0.13,0,0,0,,
classic_revolution_8x5,RTLLM,Prob020_JC_counter,sequential,3,13908b0e-cbb9-4e82-acec-fdc9956ed594,M-R,generation_log,-0.284850008379,-0.284850008379,462,0.0471,0.15,340,0.0351,0.13,-0.358823529412,-0.34188034188,-0.153846153846,,
classic_revolution_8x5,RTLLM,Prob020_JC_counter,sequential,3,64593129-1a53-4f73-bb69-f7d242a7ba6e,M-R,generation_log,-0.284850008379,-0.284850008379,462,0.0471,0.15,340,0.0351,0.13,-0.358823529412,-0.34188034188,-0.153846153846,,
classic_revolution_8x5,RTLLM,Prob020_JC_counter,sequential,3,a6bf552d-9cc5-454a-936c-e778a531fb0c,M-R,generation_log,-0,0,340,0.0351,0.13,340,0.0351,0.13,0,0,0,,
classic_revolution_8x5,RTLLM,Prob020_JC_counter,sequential,4,1f7b989c-971f-4842-b218-0e638b3d27c1,M-I,generation_log,-0,0,340,0.0351,0.13,340,0.0351,0.13,0,0,0,,
classic_revolution_8x5,RTLLM,Prob020_JC_counter,sequential,4,66f97ea9-72a1-4ec3-9699-8188e6798be9,M-R,generation_log,-0,0,340,0.0351,0.13,340,0.0351,0.13,0,0,0,,
classic_revolution_8x5,RTLLM,Prob020_JC_counter,sequential,4,468b36b3-02de-496b-abb0-cd652b375dab,M-I,generation_log,-0.284850008379,-0.284850008379,462,0.0471,0.15,340,0.0351,0.13,-0.358823529412,-0.34188034188,-0.153846153846,,
classic_revolution_8x5,RTLLM,Prob020_JC_counter,sequential,4,fc7e4559-9918-49ed-8a6d-e0049e1bc93a,M-R,generation_log,-0,0,340,0.0351,0.13,340,0.0351,0.13,0,0,0,,
classic_revolution_8x5,RTLLM,Prob020_JC_counter,sequential,4,cccf1c65-0a0d-4085-99d2-5e36387ef0b2,M-S,generation_log,-0,0,340,0.0351,0.13,340,0.0351,0.13,0,0,0,,
classic_revolution_8x5,RTLLM,Prob020_JC_counter,sequential,4,6b64e05f-9c63-40e3-b9f1-c938311c7512,M-R,generation_log,-0.284850008379,-0.284850008379,462,0.0471,0.15,340,0.0351,0.13,-0.358823529412,-0.34188034188,-0.153846153846,,
classic_revolution_8x5,RTLLM,Prob020_JC_counter,sequential,4,3c76393e-e7bf-4591-8fc5-dd43e0f766fe,M-R,generation_log,-0.05,-0.05,391,0.0351,0.13,340,0.0351,0.13,-0.15,0,0,,
classic_revolution_8x5,RTLLM,Prob020_JC_counter,sequential,4,ee8f2b82-c5fd-4185-8158-e04abb531107,M-S,generation_log,-0,0,340,0.0351,0.13,340,0.0351,0.13,0,0,0,,
classic_revolution_8x5,RTLLM,Prob020_JC_counter,sequential,5,16b54879-a51d-44a2-acda-d0dfff269294,M-R,generation_log,-0.284850008379,-0.284850008379,462,0.0471,0.15,340,0.0351,0.13,-0.358823529412,-0.34188034188,-0.153846153846,,
classic_revolution_8x5,RTLLM,Prob020_JC_counter,sequential,5,234ecc69-7e24-4fac-abc3-b18514e92706,M-S,generation_log,-0,0,340,0.0351,0.13,340,0.0351,0.13,0,0,0,,
classic_revolution_8x5,RTLLM,Prob020_JC_counter,sequential,5,48608666-bb79-49b3-a3f4-29dbd5d05ba5,M-S,generation_log,-0,0,340,0.0351,0.13,340,0.0351,0.13,0,0,0,,
classic_revolution_8x5,RTLLM,Prob020_JC_counter,sequential,5,51ed4fd1-49d1-4136-bef7-8e13520d8323,M-I,generation_log,-0,0,340,0.0351,0.13,340,0.0351,0.13,0,0,0,,
classic_revolution_8x5,RTLLM,Prob020_JC_counter,sequential,5,d1fd77c7-205a-4775-b296-96b70c62b370,M-R,generation_log,-0.284850008379,-0.284850008379,462,0.0471,0.15,340,0.0351,0.13,-0.358823529412,-0.34188034188,-0.153846153846,,
classic_revolution_8x5,RTLLM,Prob020_JC_counter,sequential,5,e729f523-ecfd-4397-a2d6-684eac0b4457,M-S,generation_log,-0,0,340,0.0351,0.13,340,0.0351,0.13,0,0,0,,
classic_revolution_8x5,RTLLM,Prob021_counter_12,sequential,0,a5b30ba2-5fd4-4e1b-a1af-cb2dd5b42822,initial,generation_log,-0,0,44,0.00963,0.28,44,0.00963,0.28,0,0,0,,
classic_revolution_8x5,RTLLM,Prob021_counter_12,sequential,0,79c5401e-93e4-4737-abf7-664fa2fe4657,initial,generation_log,-0,0,44,0.00963,0.28,44,0.00963,0.28,0,0,0,,
classic_revolution_8x5,RTLLM,Prob021_counter_12,sequential,0,b3111462-9fe1-4d71-9c2f-eea82567bff0,initial,generation_log,-0,0,44,0.00963,0.28,44,0.00963,0.28,0,0,0,,
classic_revolution_8x5,RTLLM,Prob021_counter_12,sequential,0,2dd8ea21-c7b3-4519-92e0-101b65f98b72,initial,generation_log,-0,0,44,0.00963,0.28,44,0.00963,0.28,0,0,0,,
classic_revolution_8x5,RTLLM,Prob021_counter_12,sequential,0,8f639ddc-df7d-4d6a-bfd5-d617938f2b46,initial,generation_log,-0,0,44,0.00963,0.28,44,0.00963,0.28,0,0,0,,
classic_revolution_8x5,RTLLM,Prob021_counter_12,sequential,0,f709c8a6-55ea-454c-b053-8542f76799a2,initial,generation_log,-0,0,44,0.00963,0.28,44,0.00963,0.28,0,0,0,,
classic_revolution_8x5,RTLLM,Prob021_counter_12,sequential,0,e98cb75f-b170-420c-bde6-f91bb7c76e10,initial,generation_log,-0,0,44,0.00963,0.28,44,0.00963,0.28,0,0,0,,
classic_revolution_8x5,RTLLM,Prob021_counter_12,sequential,0,e840aca4-2573-43c2-ae2d-4284ee45b598,initial,generation_log,-0,0,44,0.00963,0.28,44,0.00963,0.28,0,0,0,,
classic_revolution_8x5,RTLLM,Prob021_counter_12,sequential,1,67f43e97-a5c8-48c1-b474-4a4b3ba5a0e4,M-S,generation_log,0.148993270489,0.148993270489,46,0.0042,0.3,44,0.00963,0.28,-0.0454545454545,0.563862928349,-0.0714285714286,,
classic_revolution_8x5,RTLLM,Prob021_counter_12,sequential,1,3efc4b90-5470-44bd-a208-fc74d42f5c39,M-I,generation_log,-0,0,44,0.00963,0.28,44,0.00963,0.28,0,0,0,,
classic_revolution_8x5,RTLLM,Prob021_counter_12,sequential,1,d47ee661-53d7-4d77-b416-16206fb61435,C-F,generation_log,0.148993270489,0.148993270489,46,0.0042,0.3,44,0.00963,0.28,-0.0454545454545,0.563862928349,-0.0714285714286,,
classic_revolution_8x5,RTLLM,Prob021_counter_12,sequential,1,c5dae552-efe5-417f-b99b-6523c343851c,M-E,generation_log,0.164793237223,0.164793237223,52,0.00415,0.25,44,0.00963,0.28,-0.181818181818,0.569055036345,0.107142857143,,
classic_revolution_8x5,RTLLM,Prob021_counter_12,sequential,1,f599a4aa-cea4-46b3-8899-d10ae868ef69,M-R,generation_log,0.148993270489,0.148993270489,46,0.0042,0.3,44,0.00963,0.28,-0.0454545454545,0.563862928349,-0.0714285714286,,
classic_revolution_8x5,RTLLM,Prob021_counter_12,sequential,1,f7717659-e9df-4fbd-a712-2f31be26bc09,M-I,generation_log,0.148993270489,0.148993270489,46,0.0042,0.3,44,0.00963,0.28,-0.0454545454545,0.563862928349,-0.0714285714286,,
classic_revolution_8x5,RTLLM,Prob021_counter_12,sequential,1,03fc5864-760f-4e2b-9b81-561dfbaa2803,M-R,generation_log,0.148993270489,0.148993270489,46,0.0042,0.3,44,0.00963,0.28,-0.0454545454545,0.563862928349,-0.0714285714286,,
classic_revolution_8x5,RTLLM,Prob021_counter_12,sequential,1,bb77e9f7-ab5d-43a3-b442-8dbbc430c61e,C-F,generation_log,0.148993270489,0.148993270489,46,0.0042,0.3,44,0.00963,0.28,-0.0454545454545,0.563862928349,-0.0714285714286,,
classic_revolution_8x5,RTLLM,Prob021_counter_12,sequential,2,a331ba31-d9b5-41e4-9f21-15908e06e098,M-E,generation_log,-0.769778335199,-0.769778335199,149,0.00992,0.25,44,0.00963,0.28,-2.38636363636,-0.0301142263759,0.107142857143,,
classic_revolution_8x5,RTLLM,Prob021_counter_12,sequential,2,0d58a6e6-8668-4597-9df8-7a27104b9a67,M-R,generation_log,0.148993270489,0.148993270489,46,0.0042,0.3,44,0.00963,0.28,-0.0454545454545,0.563862928349,-0.0714285714286,,
classic_revolution_8x5,RTLLM,Prob021_counter_12,sequential,2,2de3f1cd-5f1b-4325-9907-390548baf9e0,C-F,generation_log,0.148993270489,0.148993270489,46,0.0042,0.3,44,0.00963,0.28,-0.0454545454545,0.563862928349,-0.0714285714286,,
classic_revolution_8x5,RTLLM,Prob021_counter_12,sequential,2,dd30e769-2345-4a33-bb8f-a555d637f276,M-R,generation_log,0.148993270489,0.148993270489,46,0.0042,0.3,44,0.00963,0.28,-0.0454545454545,0.563862928349,-0.0714285714286,,
classic_revolution_8x5,RTLLM,Prob021_counter_12,sequential,2,7052a6c3-6180-46b0-a18b-dd08199337c6,M-S,generation_log,0.148993270489,0.148993270489,46,0.0042,0.3,44,0.00963,0.28,-0.0454545454545,0.563862928349,-0.0714285714286,,
classic_revolution_8x5,RTLLM,Prob021_counter_12,sequential,2,af3b701c-2f31-41b0-a72c-935000f22251,M-S,generation_log,0.148993270489,0.148993270489,46,0.0042,0.3,44,0.00963,0.28,-0.0454545454545,0.563862928349,-0.0714285714286,,
classic_revolution_8x5,RTLLM,Prob021_counter_12,sequential,2,6a0dc118-5eb3-4328-9858-f7f546332f03,M-S,generation_log,0.148993270489,0.148993270489,46,0.0042,0.3,44,0.00963,0.28,-0.0454545454545,0.563862928349,-0.0714285714286,,
classic_revolution_8x5,RTLLM,Prob021_counter_12,sequential,2,bc0f4ec7-4560-4cb8-b627-cf69f690280a,M-S,generation_log,0.148993270489,0.148993270489,46,0.0042,0.3,44,0.00963,0.28,-0.0454545454545,0.563862928349,-0.0714285714286,,
classic_revolution_8x5,RTLLM,Prob021_counter_12,sequential,3,4a6d2d24-90d4-41b9-9643-54e3a88f6b09,M-I,generation_log,0.148993270489,0.148993270489,46,0.0042,0.3,44,0.00963,0.28,-0.0454545454545,0.563862928349,-0.0714285714286,,
classic_revolution_8x5,RTLLM,Prob021_counter_12,sequential,3,ece644aa-3814-44e1-90e2-65a15ea4dc84,M-E,generation_log,-0,0,44,0.00963,0.28,44,0.00963,0.28,0,0,0,,
classic_revolution_8x5,RTLLM,Prob021_counter_12,sequential,3,645240ce-c96b-4206-869f-9ba3a95828f3,M-E,generation_log,-0.643571900581,-0.643571900581,144,0.0084,0.22,44,0.00963,0.28,-2.27272727273,0.127725856698,0.214285714286,,
classic_revolution_8x5,RTLLM,Prob021_counter_12,sequential,3,c64e3a9a-5407-4d07-9cd3-3e1971f376f3,C-F,generation_log,0.148993270489,0.148993270489,46,0.0042,0.3,44,0.00963,0.28,-0.0454545454545,0.563862928349,-0.0714285714286,,
classic_revolution_8x5,RTLLM,Prob021_counter_12,sequential,3,6511de0a-5da1-42eb-827a-f33e95b368da,M-S,generation_log,0.148993270489,0.148993270489,46,0.0042,0.3,44,0.00963,0.28,-0.0454545454545,0.563862928349,-0.0714285714286,,
classic_revolution_8x5,RTLLM,Prob021_counter_12,sequential,3,06452138-3a57-41ea-b4c4-bdc3e6aff676,C-F,generation_log,0.148993270489,0.148993270489,46,0.0042,0.3,44,0.00963,0.28,-0.0454545454545,0.563862928349,-0.0714285714286,,
classic_revolution_8x5,RTLLM,Prob021_counter_12,sequential,3,dac76fe4-c6a3-42d3-b07a-db9b97461dc8,M-E,generation_log,0.148993270489,0.148993270489,46,0.0042,0.3,44,0.00963,0.28,-0.0454545454545,0.563862928349,-0.0714285714286,,
classic_revolution_8x5,RTLLM,Prob021_counter_12,sequential,3,9bafc18a-0e94-4b44-acc3-b9d7155f826e,C-F,generation_log,0.184391759158,0.184391759158,43,0.00349,0.31,44,0.00963,0.28,0.0227272727273,0.63759086189,-0.107142857143,,
classic_revolution_8x5,RTLLM,Prob021_counter_12,sequential,4,a90c4fd8-4334-4f76-9b63-e9025f852d88,M-I,generation_log,0.148993270489,0.148993270489,46,0.0042,0.3,44,0.00963,0.28,-0.0454545454545,0.563862928349,-0.0714285714286,,
classic_revolution_8x5,RTLLM,Prob021_counter_12,sequential,4,e94318c9-6087-4ef1-bc53-a7ebd7badf46,M-E,generation_log,-0.769778335199,-0.769778335199,149,0.00992,0.25,44,0.00963,0.28,-2.38636363636,-0.0301142263759,0.107142857143,,
classic_revolution_8x5,RTLLM,Prob021_counter_12,sequential,4,6251e9e2-482a-4b8c-be5d-0efb45bd86bb,M-I,generation_log,-0,0,44,0.00963,0.28,44,0.00963,0.28,0,0,0,,
classic_revolution_8x5,RTLLM,Prob021_counter_12,sequential,4,8ac12f71-9688-48fe-98a6-224fec57e57f,M-I,generation_log,0.148993270489,0.148993270489,46,0.0042,0.3,44,0.00963,0.28,-0.0454545454545,0.563862928349,-0.0714285714286,,
classic_revolution_8x5,RTLLM,Prob021_counter_12,sequential,4,0a49452a-0a9e-4be7-a558-1dbc24734a3e,M-R,generation_log,0.148993270489,0.148993270489,46,0.0042,0.3,44,0.00963,0.28,-0.0454545454545,0.563862928349,-0.0714285714286,,
classic_revolution_8x5,RTLLM,Prob021_counter_12,sequential,4,5bbd8951-ef05-4ea1-9e58-02823ad77d7b,M-I,generation_log,0.148993270489,0.148993270489,46,0.0042,0.3,44,0.00963,0.28,-0.0454545454545,0.563862928349,-0.0714285714286,,
classic_revolution_8x5,RTLLM,Prob021_counter_12,sequential,4,23fb6fe7-62bb-4af9-bd68-02220e315f5d,M-I,generation_log,-0,0,44,0.00963,0.28,44,0.00963,0.28,0,0,0,,
classic_revolution_8x5,RTLLM,Prob021_counter_12,sequential,4,ac0bf95c-4285-445b-91b5-4ee594a55dcd,M-S,generation_log,0.148993270489,0.148993270489,46,0.0042,0.3,44,0.00963,0.28,-0.0454545454545,0.563862928349,-0.0714285714286,,
classic_revolution_8x5,RTLLM,Prob021_counter_12,sequential,5,99affc38-c7dd-4efe-9457-7993cd90246d,M-R,generation_log,0.148993270489,0.148993270489,46,0.0042,0.3,44,0.00963,0.28,-0.0454545454545,0.563862928349,-0.0714285714286,,
classic_revolution_8x5,RTLLM,Prob021_counter_12,sequential,5,66004d7e-ae38-4689-87fd-ff06a95d5924,M-S,generation_log,0.148993270489,0.148993270489,46,0.0042,0.3,44,0.00963,0.28,-0.0454545454545,0.563862928349,-0.0714285714286,,
classic_revolution_8x5,RTLLM,Prob021_counter_12,sequential,5,aee0cb9d-f0ef-4a7f-a0b5-d4b4126cd0d4,C-F,generation_log,0.148993270489,0.148993270489,46,0.0042,0.3,44,0.00963,0.28,-0.0454545454545,0.563862928349,-0.0714285714286,,
classic_revolution_8x5,RTLLM,Prob021_counter_12,sequential,5,4a8e63ae-7fe8-4c48-a93c-7a9a5285c80f,M-S,generation_log,-0,0,44,0.00963,0.28,44,0.00963,0.28,0,0,0,,
classic_revolution_8x5,RTLLM,Prob021_counter_12,sequential,5,7273efb8-52da-4170-9bf9-664258d392b5,C-F,generation_log,0.148993270489,0.148993270489,46,0.0042,0.3,44,0.00963,0.28,-0.0454545454545,0.563862928349,-0.0714285714286,,
classic_revolution_8x5,RTLLM,Prob021_counter_12,sequential,5,c53498ab-4ed8-443f-bb9c-d07bfd03cade,C-F,generation_log,0.148993270489,0.148993270489,46,0.0042,0.3,44,0.00963,0.28,-0.0454545454545,0.563862928349,-0.0714285714286,,
classic_revolution_8x5,RTLLM,Prob021_counter_12,sequential,5,e6cc7f23-75f4-412d-ae03-bea427e9114b,M-I,generation_log,-0,0,44,0.00963,0.28,44,0.00963,0.28,0,0,0,,
classic_revolution_8x5,RTLLM,Prob021_counter_12,sequential,5,08f51bb1-a846-4761-a44f-a9670cd752ec,M-R,generation_log,-0,0,44,0.00963,0.28,44,0.00963,0.28,0,0,0,,
classic_revolution_8x5,RTLLM,Prob023_up_down_counter,sequential,0,efa9df3d-a2df-49df-a111-a91eff86179a,initial,generation_log,-0.048317271781,-0.048317271781,225,0.0437,0.57,259,0.0358,0.54,0.131274131274,-0.220670391061,-0.0555555555556,,
classic_revolution_8x5,RTLLM,Prob023_up_down_counter,sequential,0,6e2c4c18-039a-4210-b208-4dd3402cc4e8,initial,generation_log,-0.048317271781,-0.048317271781,225,0.0437,0.57,259,0.0358,0.54,0.131274131274,-0.220670391061,-0.0555555555556,,
classic_revolution_8x5,RTLLM,Prob023_up_down_counter,sequential,0,e9fdf00a-8090-43d0-82db-b7027dcab1d4,initial,generation_log,-0.048317271781,-0.048317271781,225,0.0437,0.57,259,0.0358,0.54,0.131274131274,-0.220670391061,-0.0555555555556,,
classic_revolution_8x5,RTLLM,Prob023_up_down_counter,sequential,0,efcdefb4-9228-4ac8-b4ba-1260d6bcd7a9,initial,generation_log,-0.048317271781,-0.048317271781,225,0.0437,0.57,259,0.0358,0.54,0.131274131274,-0.220670391061,-0.0555555555556,,
classic_revolution_8x5,RTLLM,Prob023_up_down_counter,sequential,0,54ff2139-88c3-411f-a626-7223790fec0c,initial,generation_log,-0.048317271781,-0.048317271781,225,0.0437,0.57,259,0.0358,0.54,0.131274131274,-0.220670391061,-0.0555555555556,,
classic_revolution_8x5,RTLLM,Prob023_up_down_counter,sequential,0,ed5f2d06-ab9f-40e1-be62-24a41c50c3f1,initial,generation_log,-0.048317271781,-0.048317271781,225,0.0437,0.57,259,0.0358,0.54,0.131274131274,-0.220670391061,-0.0555555555556,,
classic_revolution_8x5,RTLLM,Prob023_up_down_counter,sequential,0,95819e14-c86e-4fd9-8141-cb4241cf70de,initial,generation_log,-0.048317271781,-0.048317271781,225,0.0437,0.57,259,0.0358,0.54,0.131274131274,-0.220670391061,-0.0555555555556,,
classic_revolution_8x5,RTLLM,Prob023_up_down_counter,sequential,0,0f4e064c-2151-4300-9319-263eb491a9aa,initial,generation_log,-0.048317271781,-0.048317271781,225,0.0437,0.57,259,0.0358,0.54,0.131274131274,-0.220670391061,-0.0555555555556,,
classic_revolution_8x5,RTLLM,Prob023_up_down_counter,sequential,1,f5aabe1b-bb44-4efa-8da4-0d4f3d6d9f2e,M-E,generation_log,0.215781357308,0.215781357308,199,0.0302,0.4,259,0.0358,0.54,0.23166023166,0.156424581006,0.259259259259,,
classic_revolution_8x5,RTLLM,Prob023_up_down_counter,sequential,1,bf690bdb-331b-42a6-853d-5044ad84cd9f,M-S,generation_log,-0.048317271781,-0.048317271781,225,0.0437,0.57,259,0.0358,0.54,0.131274131274,-0.220670391061,-0.0555555555556,,
classic_revolution_8x5,RTLLM,Prob023_up_down_counter,sequential,1,6e2d9f72-fc2a-4df7-bffa-f4365200db99,M-R,generation_log,-0.048317271781,-0.048317271781,225,0.0437,0.57,259,0.0358,0.54,0.131274131274,-0.220670391061,-0.0555555555556,,
classic_revolution_8x5,RTLLM,Prob023_up_down_counter,sequential,1,0a4a58d0-8fdf-457f-9c60-e9335d345147,C-F,generation_log,-0.048317271781,-0.048317271781,225,0.0437,0.57,259,0.0358,0.54,0.131274131274,-0.220670391061,-0.0555555555556,,
classic_revolution_8x5,RTLLM,Prob023_up_down_counter,sequential,1,4c3f2936-ea38-41de-ac79-189fc28c9d2f,C-F,generation_log,-0.048317271781,-0.048317271781,225,0.0437,0.57,259,0.0358,0.54,0.131274131274,-0.220670391061,-0.0555555555556,,
classic_revolution_8x5,RTLLM,Prob023_up_down_counter,sequential,2,3c8b9589-dbde-44f7-aca4-f1b317babecf,M-R,generation_log,-0.048317271781,-0.048317271781,225,0.0437,0.57,259,0.0358,0.54,0.131274131274,-0.220670391061,-0.0555555555556,,
classic_revolution_8x5,RTLLM,Prob023_up_down_counter,sequential,2,21a88aff-b395-4ea0-81f8-8ab349bad87e,M-E,generation_log,0.187330719919,0.187330719919,224,0.0298,0.4,259,0.0358,0.54,0.135135135135,0.167597765363,0.259259259259,,
classic_revolution_8x5,RTLLM,Prob023_up_down_counter,sequential,2,4c986dea-c7b4-4fdd-a808-86f08475e4d9,M-R,generation_log,-0.048317271781,-0.048317271781,225,0.0437,0.57,259,0.0358,0.54,0.131274131274,-0.220670391061,-0.0555555555556,,
classic_revolution_8x5,RTLLM,Prob023_up_down_counter,sequential,2,7f52ca27-8ed4-4c85-bd23-49c4e8b52b94,M-S,generation_log,-0.048317271781,-0.048317271781,225,0.0437,0.57,259,0.0358,0.54,0.131274131274,-0.220670391061,-0.0555555555556,,
classic_revolution_8x5,RTLLM,Prob023_up_down_counter,sequential,2,25554387-fb39-46c5-b6e5-7c315019fc33,M-R,generation_log,-0.048317271781,-0.048317271781,225,0.0437,0.57,259,0.0358,0.54,0.131274131274,-0.220670391061,-0.0555555555556,,
classic_revolution_8x5,RTLLM,Prob023_up_down_counter,sequential,3,11618c44-f9f6-496c-87b3-aba3398d30ed,M-E,generation_log,-0.048317271781,-0.048317271781,225,0.0437,0.57,259,0.0358,0.54,0.131274131274,-0.220670391061,-0.0555555555556,,
classic_revolution_8x5,RTLLM,Prob023_up_down_counter,sequential,3,b187e0d4-b1e2-4371-87ca-8c8a1228af07,C-F,generation_log,-0.048317271781,-0.048317271781,225,0.0437,0.57,259,0.0358,0.54,0.131274131274,-0.220670391061,-0.0555555555556,,
classic_revolution_8x5,RTLLM,Prob023_up_down_counter,sequential,3,e0919563-a05f-4af7-89e1-186032afa7d1,M-S,generation_log,-0.048317271781,-0.048317271781,225,0.0437,0.57,259,0.0358,0.54,0.131274131274,-0.220670391061,-0.0555555555556,,
classic_revolution_8x5,RTLLM,Prob023_up_down_counter,sequential,3,3793be4b-d517-41cb-9d6e-346019c5b95f,M-R,generation_log,-0.048317271781,-0.048317271781,225,0.0437,0.57,259,0.0358,0.54,0.131274131274,-0.220670391061,-0.0555555555556,,
classic_revolution_8x5,RTLLM,Prob023_up_down_counter,sequential,3,2078caa0-c5ea-4a22-b099-b997b1720cb0,M-S,generation_log,-0.048317271781,-0.048317271781,225,0.0437,0.57,259,0.0358,0.54,0.131274131274,-0.220670391061,-0.0555555555556,,
classic_revolution_8x5,RTLLM,Prob023_up_down_counter,sequential,3,d9bd8ec0-3d1d-4020-9086-e22a3aaa1cd0,M-R,generation_log,-0.048317271781,-0.048317271781,225,0.0437,0.57,259,0.0358,0.54,0.131274131274,-0.220670391061,-0.0555555555556,,
classic_revolution_8x5,RTLLM,Prob023_up_down_counter,sequential,3,f2a2f77f-84d9-45e5-91c4-5826247b7392,M-S,generation_log,-0.048317271781,-0.048317271781,225,0.0437,0.57,259,0.0358,0.54,0.131274131274,-0.220670391061,-0.0555555555556,,
classic_revolution_8x5,RTLLM,Prob023_up_down_counter,sequential,4,c9a8daff-a6e5-4069-a302-2b4819c3ad24,M-I,generation_log,-0.048317271781,-0.048317271781,225,0.0437,0.57,259,0.0358,0.54,0.131274131274,-0.220670391061,-0.0555555555556,,
classic_revolution_8x5,RTLLM,Prob023_up_down_counter,sequential,4,9548df04-bdb3-44a9-8229-c319f6dd187f,M-R,generation_log,-0.048317271781,-0.048317271781,225,0.0437,0.57,259,0.0358,0.54,0.131274131274,-0.220670391061,-0.0555555555556,,
classic_revolution_8x5,RTLLM,Prob023_up_down_counter,sequential,4,78832995-ff43-4790-b129-d944b66e9a6b,M-I,generation_log,-0.048317271781,-0.048317271781,225,0.0437,0.57,259,0.0358,0.54,0.131274131274,-0.220670391061,-0.0555555555556,,
classic_revolution_8x5,RTLLM,Prob023_up_down_counter,sequential,4,864c6c2f-25dd-4d9b-8061-3b21a91d042d,M-I,generation_log,-0.048317271781,-0.048317271781,225,0.0437,0.57,259,0.0358,0.54,0.131274131274,-0.220670391061,-0.0555555555556,,
classic_revolution_8x5,RTLLM,Prob023_up_down_counter,sequential,4,9fe1cd1b-57af-46ea-820a-03ace0d87a07,M-I,generation_log,-0.048317271781,-0.048317271781,225,0.0437,0.57,259,0.0358,0.54,0.131274131274,-0.220670391061,-0.0555555555556,,
classic_revolution_8x5,RTLLM,Prob023_up_down_counter,sequential,5,d126ef2a-e69c-4d66-a1e1-e78692364831,M-S,generation_log,-0.048317271781,-0.048317271781,225,0.0437,0.57,259,0.0358,0.54,0.131274131274,-0.220670391061,-0.0555555555556,,
classic_revolution_8x5,RTLLM,Prob023_up_down_counter,sequential,5,26c6f4c7-a645-48e3-8276-e5988e3b6d25,M-I,generation_log,-0.048317271781,-0.048317271781,225,0.0437,0.57,259,0.0358,0.54,0.131274131274,-0.220670391061,-0.0555555555556,,
classic_revolution_8x5,RTLLM,Prob023_up_down_counter,sequential,5,0ad257a4-7662-4e08-bd4f-1b91014418a5,M-R,generation_log,-0.048317271781,-0.048317271781,225,0.0437,0.57,259,0.0358,0.54,0.131274131274,-0.220670391061,-0.0555555555556,,
classic_revolution_8x5,RTLLM,Prob023_up_down_counter,sequential,5,2b99b072-e541-4ae0-a0df-0203e480280c,M-R,generation_log,-0.048317271781,-0.048317271781,225,0.0437,0.57,259,0.0358,0.54,0.131274131274,-0.220670391061,-0.0555555555556,,
classic_revolution_8x5,RTLLM,Prob023_up_down_counter,sequential,5,2f30466d-56e8-420e-ab5e-4c15e413b2d9,M-R,generation_log,-0.048317271781,-0.048317271781,225,0.0437,0.57,259,0.0358,0.54,0.131274131274,-0.220670391061,-0.0555555555556,,
classic_revolution_8x5,RTLLM,Prob024_fsm,combinational,2,27ec8515-2a9b-4192-9632-dfc9f5434a86,M-F,generation_log,0.500233552289,0.340350328433,36,0.00373,0.18,46,0.00695,0,0.217391304348,0.463309352518,-180000000000,,
classic_revolution_8x5,RTLLM,Prob024_fsm,combinational,2,029a90c2-e759-4995-8f54-9dee94f068b0,M-R,generation_log,0.491192784903,0.341789177354,36,0.00371,0.21,46,0.00695,0,0.217391304348,0.46618705036,-210000000000,,
classic_revolution_8x5,RTLLM,Prob024_fsm,combinational,2,eed15e0e-efd5-4ea4-9673-6040efa720df,M-F,generation_log,0.469591283495,0.329386925242,29,0.00494,0.25,46,0.00695,0,0.369565217391,0.289208633094,-250000000000,,
classic_revolution_8x5,RTLLM,Prob024_fsm,combinational,3,88d54ded-ca80-4f44-bd66-43f3374d49d5,M-I,generation_log,0.683497028464,0.595245542696,24,0.002,0.14,46,0.00695,0,0.478260869565,0.712230215827,-140000000000,,
classic_revolution_8x5,RTLLM,Prob024_fsm,combinational,3,4d21fd39-8a59-4502-ad2d-257879178b19,M-S,generation_log,0.683497028464,0.595245542696,24,0.002,0.14,46,0.00695,0,0.478260869565,0.712230215827,-140000000000,,
classic_revolution_8x5,RTLLM,Prob024_fsm,combinational,4,cf4f748a-52d3-443c-8247-8c4949dd5c46,M-E,generation_log,-0.243786883537,-0.725680325305,80,0.0119,0.28,46,0.00695,0,-0.739130434783,-0.712230215827,-280000000000,,
classic_revolution_8x5,RTLLM,Prob024_fsm,combinational,5,c85cfe0a-42b5-4b22-97ef-8f0cee769b09,M-F,generation_log,0.491192784903,0.341789177354,36,0.00371,0.21,46,0.00695,0,0.217391304348,0.46618705036,-210000000000,,
classic_revolution_8x5,RTLLM,Prob024_fsm,combinational,5,bcf6fa03-d340-45ce-a60c-76f5694fe22b,M-E,generation_log,0.683497028464,0.595245542696,24,0.002,0.14,46,0.00695,0,0.478260869565,0.712230215827,-140000000000,,
classic_revolution_8x5,RTLLM,Prob024_fsm,combinational,5,d8f92624-5b4c-4a4b-ab9c-432b0a95096d,M-S,generation_log,0.491672401209,0.342508601814,36,0.0037,0.21,46,0.00695,0,0.217391304348,0.467625899281,-210000000000,,
classic_revolution_8x5,RTLLM,Prob024_fsm,combinational,5,5453174b-836a-4732-9a9f-63919bc3ba7a,C-F,generation_log,0.265859660098,0.00878949014701,44,0.00713,0.22,46,0.00695,0,0.0434782608696,-0.0258992805755,-220000000000,,
classic_revolution_8x5,RTLLM,Prob025_sequence_detector,sequential,1,03aa06d8-95d5-4c4e-943e-d73def800968,M-R,generation_log,-0.0537619822753,-0.0537619822753,28,0.00471,0.23,38,0.00388,0.19,0.263157894737,-0.213917525773,-0.210526315789,,
classic_revolution_8x5,RTLLM,Prob025_sequence_detector,sequential,1,e7333965-273f-4884-b064-81045d2dcbe8,M-I,generation_log,-0.293000542594,-0.293000542594,31,0.00678,0.25,38,0.00388,0.19,0.184210526316,-0.747422680412,-0.315789473684,,
classic_revolution_8x5,RTLLM,Prob025_sequence_detector,sequential,4,5f3fbd63-2bb6-4009-bacf-7bb867fe4d53,M-F,generation_log,0.362407306927,0.362407306927,25,0.00201,0.14,38,0.00388,0.19,0.342105263158,0.481958762887,0.263157894737,,
classic_revolution_8x5,RTLLM,Prob025_sequence_detector,sequential,4,961e4f00-4da6-47b3-9ada-6dc05678e987,M-S,generation_log,0.198905769579,0.198905769579,26,0.00279,0.19,38,0.00388,0.19,0.315789473684,0.280927835052,0,,
classic_revolution_8x5,RTLLM,Prob025_sequence_detector,sequential,4,5f8530cb-bae4-4dca-a30a-c1030c3f4d70,M-R,generation_log,0.218122626153,0.218122626153,25,0.00226,0.21,38,0.00388,0.19,0.342105263158,0.417525773196,-0.105263157895,,
classic_revolution_8x5,RTLLM,Prob027_LIFObuffer,sequential,0,9463e7b2-4016-4ddb-90cf-a8efb2322b5c,initial,generation_log,0.0621784450777,0.0621784450777,265,0.0367,0.41,299,0.0419,0.39,0.113712374582,0.124105011933,-0.0512820512821,,
classic_revolution_8x5,RTLLM,Prob027_LIFObuffer,sequential,0,ca879f31-cbce-4335-9122-b7bf87cd331e,initial,generation_log,0.104886880958,0.104886880958,244,0.0332,0.42,299,0.0419,0.39,0.183946488294,0.207637231504,-0.0769230769231,,
classic_revolution_8x5,RTLLM,Prob027_LIFObuffer,sequential,0,7d6d0e96-2558-4af2-b0f7-4da2d06fd670,initial,generation_log,-0.0529148252506,-0.0529148252506,296,0.0436,0.44,299,0.0419,0.39,0.0100334448161,-0.0405727923628,-0.128205128205,,
classic_revolution_8x5,RTLLM,Prob027_LIFObuffer,sequential,0,e242a4c3-4779-4389-8302-2fc4fe184ae1,initial,generation_log,0.0621784450777,0.0621784450777,265,0.0367,0.41,299,0.0419,0.39,0.113712374582,0.124105011933,-0.0512820512821,,
classic_revolution_8x5,RTLLM,Prob027_LIFObuffer,sequential,0,a3d45c19-de95-411d-92e1-4434c10c0f23,initial,generation_log,0.0621784450777,0.0621784450777,265,0.0367,0.41,299,0.0419,0.39,0.113712374582,0.124105011933,-0.0512820512821,,
classic_revolution_8x5,RTLLM,Prob027_LIFObuffer,sequential,0,0cf471f4-cb33-40bd-9939-4425df3c8ab4,initial,generation_log,0.023343080311,0.023343080311,277,0.0399,0.41,299,0.0419,0.39,0.0735785953177,0.0477326968974,-0.0512820512821,,
classic_revolution_8x5,RTLLM,Prob027_LIFObuffer,sequential,0,776513ca-0f9a-4ea3-b7c7-3561afabcee9,initial,generation_log,0.0795917444252,0.0795917444252,264,0.0368,0.39,299,0.0419,0.39,0.117056856187,0.121718377088,0,,
classic_revolution_8x5,RTLLM,Prob027_LIFObuffer,sequential,1,7e1d33d3-c01f-4920-9827-d3330734e802,M-S,generation_log,-0.0471925777519,-0.0471925777519,240,0.0561,0.39,299,0.0419,0.39,0.197324414716,-0.338902147971,0,,
classic_revolution_8x5,RTLLM,Prob027_LIFObuffer,sequential,1,47cb8e5b-403c-4a09-af7f-e41cc18f29f8,M-I,generation_log,-0.0838772217832,-0.0838772217832,259,0.0559,0.41,299,0.0419,0.39,0.133779264214,-0.334128878282,-0.0512820512821,,
classic_revolution_8x5,RTLLM,Prob027_LIFObuffer,sequential,1,acfd51c1-3c50-45b5-917d-0c532fa09ada,C-F,generation_log,0.251153628865,0.251153628865,228,0.0278,0.32,299,0.0419,0.39,0.23745819398,0.336515513126,0.179487179487,,
classic_revolution_8x5,RTLLM,Prob027_LIFObuffer,sequential,1,285acb20-ac42-4e89-a68c-39caacb69a7c,M-E,generation_log,0.194475707498,0.194475707498,238,0.0303,0.35,299,0.0419,0.39,0.204013377926,0.276849642005,0.102564102564,,
classic_revolution_8x5,RTLLM,Prob027_LIFObuffer,sequential,1,8b077b88-8115-46db-a955-817a8daff1d7,M-S,generation_log,0.013620048797,0.013620048797,232,0.0528,0.36,299,0.0419,0.39,0.224080267559,-0.260143198091,0.0769230769231,,
classic_revolution_8x5,RTLLM,Prob027_LIFObuffer,sequential,1,065d9274-862e-4ca2-b1f0-259f2d0faa9a,M-R,generation_log,0.0294945850617,0.0294945850617,224,0.053,0.35,299,0.0419,0.39,0.250836120401,-0.26491646778,0.102564102564,,
classic_revolution_8x5,RTLLM,Prob027_LIFObuffer,sequential,1,741b61fa-0278-40eb-b5c8-119222e0fb5c,C-F,generation_log,0.11594114209,0.11594114209,261,0.0348,0.37,299,0.0419,0.39,0.127090301003,0.169451073986,0.0512820512821,,
classic_revolution_8x5,RTLLM,Prob027_LIFObuffer,sequential,1,c64809e1-b342-48fd-8721-431120d0e45b,M-R,generation_log,0.235676421626,0.235676421626,246,0.024,0.35,299,0.0419,0.39,0.177257525084,0.427207637232,0.102564102564,,
classic_revolution_8x5,RTLLM,Prob027_LIFObuffer,sequential,2,01ea8584-1a83-4307-a0f2-eaccf97ee764,M-I,generation_log,0.106394602711,0.106394602711,261,0.036,0.37,299,0.0419,0.39,0.127090301003,0.140811455847,0.0512820512821,,
classic_revolution_8x5,RTLLM,Prob027_LIFObuffer,sequential,2,e6d6a26b-3125-413a-876a-f8b00601e1db,M-I,generation_log,0.0294945850617,0.0294945850617,224,0.053,0.35,299,0.0419,0.39,0.250836120401,-0.26491646778,0.102564102564,,
classic_revolution_8x5,RTLLM,Prob027_LIFObuffer,sequential,2,bfc70c74-a013-49dc-8f3e-41b42823e359,M-S,generation_log,0.190780015414,0.190780015414,249,0.026,0.38,299,0.0419,0.39,0.167224080268,0.379474940334,0.025641025641,,
classic_revolution_8x5,RTLLM,Prob027_LIFObuffer,sequential,2,899b5c61-196d-4355-878c-6de80829e726,M-S,generation_log,0.168337133679,0.168337133679,257,0.0277,0.38,299,0.0419,0.39,0.140468227425,0.338902147971,0.025641025641,,
classic_revolution_8x5,RTLLM,Prob027_LIFObuffer,sequential,2,5b3c31ad-75f5-4b01-93ba-82b3ad5f5a31,M-R,generation_log,0.09800368771,0.09800368771,283,0.0286,0.42,299,0.0419,0.39,0.0535117056856,0.317422434368,-0.0769230769231,,
classic_revolution_8x5,RTLLM,Prob027_LIFObuffer,sequential,2,539814be-2a14-4764-99ec-261cc4a9fde7,M-S,generation_log,0.174644731976,0.174644731976,249,0.0334,0.33,299,0.0419,0.39,0.167224080268,0.202863961814,0.153846153846,,
classic_revolution_8x5,RTLLM,Prob027_LIFObuffer,sequential,3,3b301675-7a8f-4cee-b614-cb47a6db6bb9,M-R,generation_log,0.0586556975475,0.0586556975475,286,0.0342,0.41,299,0.0419,0.39,0.0434782608696,0.183770883055,-0.0512820512821,,
classic_revolution_8x5,RTLLM,Prob027_LIFObuffer,sequential,3,9befe3e3-017a-4f3d-bb6c-42e6eb851f97,M-S,generation_log,0.0710757772084,0.0710757772084,277,0.0339,0.41,299,0.0419,0.39,0.0735785953177,0.190930787589,-0.0512820512821,,
classic_revolution_8x5,RTLLM,Prob027_LIFObuffer,sequential,3,2b4f11f2-7e46-41a2-b9fa-e1e2bedbdcba,M-I,generation_log,0.0471269475109,0.0471269475109,228,0.047,0.38,299,0.0419,0.39,0.23745819398,-0.121718377088,0.025641025641,,
classic_revolution_8x5,RTLLM,Prob027_LIFObuffer,sequential,3,c5ba28a5-6b6f-40b8-8bca-e5a3174756e2,M-R,generation_log,0.121070056735,0.121070056735,245,0.0321,0.41,299,0.0419,0.39,0.180602006689,0.233890214797,-0.0512820512821,,
classic_revolution_8x5,RTLLM,Prob027_LIFObuffer,sequential,3,3cb7575d-0ec2-43f7-8363-61236abe0f7e,M-S,generation_log,0.0710757772084,0.0710757772084,277,0.0339,0.41,299,0.0419,0.39,0.0735785953177,0.190930787589,-0.0512820512821,,
classic_revolution_8x5,RTLLM,Prob027_LIFObuffer,sequential,3,034d2c3f-d655-4422-a536-e7ae643ebdb6,C-F,generation_log,0.0294945850617,0.0294945850617,224,0.053,0.35,299,0.0419,0.39,0.250836120401,-0.26491646778,0.102564102564,,
classic_revolution_8x5,RTLLM,Prob027_LIFObuffer,sequential,3,6614c940-24ca-4ce8-a362-27c42e879063,C-F,generation_log,0.0294945850617,0.0294945850617,224,0.053,0.35,299,0.0419,0.39,0.250836120401,-0.26491646778,0.102564102564,,
classic_revolution_8x5,RTLLM,Prob027_LIFObuffer,sequential,4,bda848e4-1818-4a41-9e16-9aeb84887071,M-S,generation_log,0.0667486157784,0.0667486157784,222,0.0443,0.39,299,0.0419,0.39,0.257525083612,-0.0572792362768,0,,
classic_revolution_8x5,RTLLM,Prob027_LIFObuffer,sequential,4,a57f4cd1-d84d-4ec8-b47e-c66679d6e89a,C-F,generation_log,0.139272692764,0.139272692764,246,0.0243,0.46,299,0.0419,0.39,0.177257525084,0.420047732697,-0.179487179487,,
classic_revolution_8x5,RTLLM,Prob027_LIFObuffer,sequential,4,0fb947b4-1061-4750-bd1c-59e16c0ead8d,M-I,generation_log,0.0667486157784,0.0667486157784,222,0.0443,0.39,299,0.0419,0.39,0.257525083612,-0.0572792362768,0,,
classic_revolution_8x5,RTLLM,Prob027_LIFObuffer,sequential,4,51eaf065-6d1d-427a-bf4f-aadc72f1e600,M-S,generation_log,0.09800368771,0.09800368771,283,0.0286,0.42,299,0.0419,0.39,0.0535117056856,0.317422434368,-0.0769230769231,,
classic_revolution_8x5,RTLLM,Prob027_LIFObuffer,sequential,4,7f3edf12-b42a-408d-aecc-8c48bc56334b,M-E,generation_log,0.229469042481,0.229469042481,248,0.0245,0.35,299,0.0419,0.39,0.170568561873,0.415274463007,0.102564102564,,
classic_revolution_8x5,RTLLM,Prob027_LIFObuffer,sequential,4,d7be6637-bb84-4bdc-a21d-8aa4378899ee,C-F,generation_log,0.118411145079,0.118411145079,244,0.0315,0.42,299,0.0419,0.39,0.183946488294,0.248210023866,-0.0769230769231,,
classic_revolution_8x5,RTLLM,Prob027_LIFObuffer,sequential,4,59ee4e32-bdac-44ce-9f1d-352fd2624530,M-E,generation_log,0.128402905823,0.128402905823,255,0.033,0.38,299,0.0419,0.39,0.147157190635,0.212410501193,0.025641025641,,
classic_revolution_8x5,RTLLM,Prob027_LIFObuffer,sequential,5,7c9c0373-ad2a-4c0c-b46f-8dba20eb1fb1,C-F,generation_log,0.172037260239,0.172037260239,238,0.0256,0.42,299,0.0419,0.39,0.204013377926,0.389021479714,-0.0769230769231,,
classic_revolution_8x5,RTLLM,Prob027_LIFObuffer,sequential,5,9ef88cc2-ab4a-431a-9503-ba53a49fb1e6,M-E,generation_log,0.18260550283,0.18260550283,244,0.0331,0.33,299,0.0419,0.39,0.183946488294,0.210023866348,0.153846153846,,
classic_revolution_8x5,RTLLM,Prob027_LIFObuffer,sequential,5,9c819a70-b9ef-4091-8295-02ccfc6255af,M-S,generation_log,0.168337133679,0.168337133679,257,0.0277,0.38,299,0.0419,0.39,0.140468227425,0.338902147971,0.025641025641,,
classic_revolution_8x5,RTLLM,Prob027_LIFObuffer,sequential,5,c7e9a715-71d0-4d6b-b419-d261eece2a33,M-I,generation_log,0.125122280669,0.125122280669,221,0.0414,0.35,299,0.0419,0.39,0.260869565217,0.0119331742243,0.102564102564,,
classic_revolution_8x5,RTLLM,Prob027_LIFObuffer,sequential,5,43e1f870-9109-4ef7-b920-e8e826d0adc0,C-F,generation_log,0.129407758027,0.129407758027,250,0.0325,0.39,299,0.0419,0.39,0.163879598662,0.224343675418,0,,
classic_revolution_8x5,RTLLM,Prob027_LIFObuffer,sequential,5,5331f1d0-9769-4f15-8990-1845622b265d,M-S,generation_log,0.129407758027,0.129407758027,250,0.0325,0.39,299,0.0419,0.39,0.163879598662,0.224343675418,0,,
classic_revolution_8x5,RTLLM,Prob030_right_shifter,sequential,0,eb89cb38-1e7c-4781-b2ec-a12bed09212a,initial,generation_log,-0,0,36,0.00369,0.12,36,0.00369,0.12,0,0,0,,
classic_revolution_8x5,RTLLM,Prob030_right_shifter,sequential,0,d38b2454-2541-4c38-b19a-4a615c677389,initial,generation_log,-0,0,36,0.00369,0.12,36,0.00369,0.12,0,0,0,,
classic_revolution_8x5,RTLLM,Prob030_right_shifter,sequential,0,b5c86cd9-e92b-48a2-b95b-47abce5932cf,initial,generation_log,-0,0,36,0.00369,0.12,36,0.00369,0.12,0,0,0,,
classic_revolution_8x5,RTLLM,Prob030_right_shifter,sequential,0,fcf63634-fedb-4b53-bb2d-83a88c39f82c,initial,generation_log,-0,0,36,0.00369,0.12,36,0.00369,0.12,0,0,0,,
classic_revolution_8x5,RTLLM,Prob030_right_shifter,sequential,0,57658759-0e3b-40d3-9e71-acc755cca68b,initial,generation_log,-0,0,36,0.00369,0.12,36,0.00369,0.12,0,0,0,,
classic_revolution_8x5,RTLLM,Prob030_right_shifter,sequential,0,17cb9aea-39ad-4b1b-993d-6d9948acf1d2,initial,generation_log,-0,0,36,0.00369,0.12,36,0.00369,0.12,0,0,0,,
classic_revolution_8x5,RTLLM,Prob030_right_shifter,sequential,0,9c61cd99-484d-49fc-80b1-d3193be36c30,initial,generation_log,-0,0,36,0.00369,0.12,36,0.00369,0.12,0,0,0,,
classic_revolution_8x5,RTLLM,Prob030_right_shifter,sequential,0,7cbc573f-65f5-4206-81e8-6474b8ca49b0,initial,generation_log,-0,0,36,0.00369,0.12,36,0.00369,0.12,0,0,0,,
classic_revolution_8x5,RTLLM,Prob030_right_shifter,sequential,1,88f06070-3744-4113-ad80-48a409d4f942,M-S,generation_log,-0,0,36,0.00369,0.12,36,0.00369,0.12,0,0,0,,
classic_revolution_8x5,RTLLM,Prob030_right_shifter,sequential,1,b0c563e4-f29a-4092-8163-9478149f1b0c,M-R,generation_log,-0,0,36,0.00369,0.12,36,0.00369,0.12,0,0,0,,
classic_revolution_8x5,RTLLM,Prob030_right_shifter,sequential,1,73073a3f-e77d-44fe-a5dd-ae0df0a68453,M-I,generation_log,-0,0,36,0.00369,0.12,36,0.00369,0.12,0,0,0,,
classic_revolution_8x5,RTLLM,Prob030_right_shifter,sequential,1,6c7ed9d7-6dad-4ac7-9ef9-16729e1e6df1,M-S,generation_log,-0,0,36,0.00369,0.12,36,0.00369,0.12,0,0,0,,
classic_revolution_8x5,RTLLM,Prob030_right_shifter,sequential,2,f8d8067e-1b49-43ea-a58d-f9c8110525fe,M-R,generation_log,-0,0,36,0.00369,0.12,36,0.00369,0.12,0,0,0,,
classic_revolution_8x5,RTLLM,Prob030_right_shifter,sequential,2,79725889-921f-43c9-ab59-1a2e154e935e,C-F,generation_log,-0,0,36,0.00369,0.12,36,0.00369,0.12,0,0,0,,
classic_revolution_8x5,RTLLM,Prob030_right_shifter,sequential,3,c3e32a12-0ef3-49e2-85bc-6939350d4ac3,M-I,generation_log,-0,0,36,0.00369,0.12,36,0.00369,0.12,0,0,0,,
classic_revolution_8x5,RTLLM,Prob030_right_shifter,sequential,3,9f729ff4-af65-4eb2-a69c-eeafb82378e4,M-S,generation_log,-0,0,36,0.00369,0.12,36,0.00369,0.12,0,0,0,,
classic_revolution_8x5,RTLLM,Prob030_right_shifter,sequential,3,46dc5230-4348-462c-9af0-ba5716676881,M-I,generation_log,-0,0,36,0.00369,0.12,36,0.00369,0.12,0,0,0,,
classic_revolution_8x5,RTLLM,Prob030_right_shifter,sequential,3,f001604a-5f42-4488-8d48-ac8393a8d6ba,M-S,generation_log,-0,0,36,0.00369,0.12,36,0.00369,0.12,0,0,0,,
classic_revolution_8x5,RTLLM,Prob030_right_shifter,sequential,3,d568c5b3-0a7b-4ba9-9c55-cfc924cb1e27,C-F,generation_log,-0,0,36,0.00369,0.12,36,0.00369,0.12,0,0,0,,
classic_revolution_8x5,RTLLM,Prob030_right_shifter,sequential,3,31710289-dfb1-4eb0-b4eb-b183fa2f157b,M-S,generation_log,-0,0,36,0.00369,0.12,36,0.00369,0.12,0,0,0,,
classic_revolution_8x5,RTLLM,Prob030_right_shifter,sequential,4,08e09a5e-f3fd-4e4b-847a-52e91d4f344e,M-I,generation_log,-0,0,36,0.00369,0.12,36,0.00369,0.12,0,0,0,,
classic_revolution_8x5,RTLLM,Prob030_right_shifter,sequential,4,e299763a-e990-48bd-a477-6cadb5907ccd,M-I,generation_log,-0,0,36,0.00369,0.12,36,0.00369,0.12,0,0,0,,
classic_revolution_8x5,RTLLM,Prob030_right_shifter,sequential,4,d6c7ee33-e2ad-478f-87fe-7edcfdccec75,M-R,generation_log,-0.0962059620596,-0.0962059620596,43,0.00373,0.13,36,0.00369,0.12,-0.194444444444,-0.0108401084011,-0.0833333333333,,
classic_revolution_8x5,RTLLM,Prob030_right_shifter,sequential,4,12e3acc1-3c89-45c4-afe1-94c6d57d69fd,M-R,generation_log,-0,0,36,0.00369,0.12,36,0.00369,0.12,0,0,0,,
classic_revolution_8x5,RTLLM,Prob030_right_shifter,sequential,4,c9b06681-ea37-4011-9ba5-7040d92fe678,M-S,generation_log,-0,0,36,0.00369,0.12,36,0.00369,0.12,0,0,0,,
classic_revolution_8x5,RTLLM,Prob030_right_shifter,sequential,4,4ce766c2-1141-48d8-b648-a47e07ba708b,M-R,generation_log,-0,0,36,0.00369,0.12,36,0.00369,0.12,0,0,0,,
classic_revolution_8x5,RTLLM,Prob030_right_shifter,sequential,4,87cb43d6-5ccd-48a1-aedc-c12a628577e7,M-I,generation_log,-0.0962059620596,-0.0962059620596,43,0.00373,0.13,36,0.00369,0.12,-0.194444444444,-0.0108401084011,-0.0833333333333,,
classic_revolution_8x5,RTLLM,Prob030_right_shifter,sequential,5,e48030b8-440f-4abf-ac9c-c3433e09c6a4,C-F,generation_log,-0,0,36,0.00369,0.12,36,0.00369,0.12,0,0,0,,
classic_revolution_8x5,RTLLM,Prob030_right_shifter,sequential,5,1852de05-3ce7-4dc3-afcd-9a6d790884f7,M-S,generation_log,-0,0,36,0.00369,0.12,36,0.00369,0.12,0,0,0,,
classic_revolution_8x5,RTLLM,Prob030_right_shifter,sequential,5,eff8e7b1-488f-4162-87d3-1cdb8c755905,M-S,generation_log,-0,0,36,0.00369,0.12,36,0.00369,0.12,0,0,0,,
classic_revolution_8x5,RTLLM,Prob030_right_shifter,sequential,5,f7852198-24b7-4595-830c-83288516727c,M-S,generation_log,-0,0,36,0.00369,0.12,36,0.00369,0.12,0,0,0,,
classic_revolution_8x5,RTLLM,Prob030_right_shifter,sequential,5,fb7f68cb-becb-44e1-9163-155a5e1f1084,C-F,generation_log,-0,0,36,0.00369,0.12,36,0.00369,0.12,0,0,0,,
classic_revolution_8x5,RTLLM,Prob030_right_shifter,sequential,5,4593163e-8cd5-4ae3-a922-5cd5dc2f319c,M-R,generation_log,-0,0,36,0.00369,0.12,36,0.00369,0.12,0,0,0,,
classic_revolution_8x5,RTLLM,Prob030_right_shifter,sequential,5,5118b2f6-9130-49f0-a9cf-cae6c63b8d8b,M-S,generation_log,-0,0,36,0.00369,0.12,36,0.00369,0.12,0,0,0,,
classic_revolution_8x5,RTLLM,Prob031_freq_div,combinational,0,dffb97f7-977c-4ad1-8934-e829a653fcbb,initial,generation_log,0.0893631395926,0.134044709389,109,0.000577,0,125,0.000671,0,0.128,0.140089418778,0,,
classic_revolution_8x5,RTLLM,Prob031_freq_div,combinational,0,0eaa4fe7-090d-4af6-a728-ae3f571fdf65,initial,generation_log,0.0893631395926,0.134044709389,109,0.000577,0,125,0.000671,0,0.128,0.140089418778,0,,
classic_revolution_8x5,RTLLM,Prob031_freq_div,combinational,0,a6ad7e3e-3a6d-48f1-8bff-f0a639714d57,initial,generation_log,0.0893631395926,0.134044709389,109,0.000577,0,125,0.000671,0,0.128,0.140089418778,0,,
classic_revolution_8x5,RTLLM,Prob031_freq_div,combinational,0,bdcbc9bb-b08a-4a0a-abeb-75565f88ee63,initial,generation_log,0.0893631395926,0.134044709389,109,0.000577,0,125,0.000671,0,0.128,0.140089418778,0,,
classic_revolution_8x5,RTLLM,Prob031_freq_div,combinational,0,4064ebc2-a71c-4d02-9371-85891c5a4a5b,initial,generation_log,0.0893631395926,0.134044709389,109,0.000577,0,125,0.000671,0,0.128,0.140089418778,0,,
classic_revolution_8x5,RTLLM,Prob031_freq_div,combinational,0,c6b644eb-a5e1-4fe1-9cc0-57ce06ed527e,initial,generation_log,0.0446815697963,0.0670223546945,117,0.000624,0,125,0.000671,0,0.064,0.070044709389,0,,
classic_revolution_8x5,RTLLM,Prob031_freq_div,combinational,0,83e76810-2304-4db8-9407-e121f994185a,initial,generation_log,0.0893631395926,0.134044709389,109,0.000577,0,125,0.000671,0,0.128,0.140089418778,0,,
classic_revolution_8x5,RTLLM,Prob031_freq_div,combinational,0,85270a70-89c1-4464-878c-a4830f16261e,initial,generation_log,0.0893631395926,0.134044709389,109,0.000577,0,125,0.000671,0,0.128,0.140089418778,0,,
classic_revolution_8x5,RTLLM,Prob031_freq_div,combinational,1,611a4f0c-6ceb-45c0-9d09-f5e2a5023916,M-I,generation_log,0.0953522106309,0.143028315946,117,0.000522,0,125,0.000671,0,0.064,0.222056631893,0,,
classic_revolution_8x5,RTLLM,Prob031_freq_div,combinational,1,1fa287b1-e669-4a86-849c-bd2fb6d0124f,C-F,generation_log,0.0953522106309,0.143028315946,117,0.000522,0,125,0.000671,0,0.064,0.222056631893,0,,
classic_revolution_8x5,RTLLM,Prob031_freq_div,combinational,1,cedeef01-5deb-4ed9-bc26-c522745c3849,M-R,generation_log,0.0893631395926,0.134044709389,109,0.000577,0,125,0.000671,0,0.128,0.140089418778,0,,
classic_revolution_8x5,RTLLM,Prob031_freq_div,combinational,1,7b588f27-56f1-4c24-86dd-921419d398c6,C-F,generation_log,0.165734724292,0.248602086438,107,0.000434,0,125,0.000671,0,0.144,0.353204172876,0,,
classic_revolution_8x5,RTLLM,Prob031_freq_div,combinational,2,57fecd3e-4ef1-4fff-a140-7201f223b5ee,M-I,generation_log,0.0953522106309,0.143028315946,117,0.000522,0,125,0.000671,0,0.064,0.222056631893,0,,
classic_revolution_8x5,RTLLM,Prob031_freq_div,combinational,2,fd16ecb7-db5a-426a-b6f7-24d971793d13,M-R,generation_log,0.209057128664,0.313585692996,101,0.000379,0,125,0.000671,0,0.192,0.435171385991,0,,
classic_revolution_8x5,RTLLM,Prob031_freq_div,combinational,2,4f017f0d-1f55-4afd-85ee-ae5e7c069c31,M-I,generation_log,0.0953522106309,0.143028315946,117,0.000522,0,125,0.000671,0,0.064,0.222056631893,0,,
classic_revolution_8x5,RTLLM,Prob031_freq_div,combinational,3,37b60275-4129-4bed-bae3-0c86048fc6a8,M-S,generation_log,0.0893631395926,0.134044709389,109,0.000577,0,125,0.000671,0,0.128,0.140089418778,0,,
classic_revolution_8x5,RTLLM,Prob031_freq_div,combinational,3,b1f69e30-a99c-458b-8f15-5400a800a8e4,C-F,generation_log,0.209057128664,0.313585692996,101,0.000379,0,125,0.000671,0,0.192,0.435171385991,0,,
classic_revolution_8x5,RTLLM,Prob031_freq_div,combinational,3,6d4b1e3c-9e78-4ac6-9e1a-f8bdc9364a49,M-R,generation_log,0.0446815697963,0.0670223546945,117,0.000624,0,125,0.000671,0,0.064,0.070044709389,0,,
classic_revolution_8x5,RTLLM,Prob031_freq_div,combinational,4,468f8152-1807-4300-949d-aa055f3ad591,M-S,generation_log,0.209057128664,0.313585692996,101,0.000379,0,125,0.000671,0,0.192,0.435171385991,0,,
classic_revolution_8x5,RTLLM,Prob031_freq_div,combinational,4,5b3e57d4-c5b8-4269-bb58-ce6e9521e3d3,M-S,generation_log,0.0446815697963,0.0670223546945,117,0.000624,0,125,0.000671,0,0.064,0.070044709389,0,,
classic_revolution_8x5,RTLLM,Prob031_freq_div,combinational,5,e425d430-9254-4487-b4b2-4126f39ed6f0,M-E,generation_log,0.0446815697963,0.0670223546945,117,0.000624,0,125,0.000671,0,0.064,0.070044709389,0,,
classic_revolution_8x5,RTLLM,Prob031_freq_div,combinational,5,177345bd-7a5b-4d6d-b9ba-1cf06548e210,M-I,generation_log,0.0893631395926,0.134044709389,109,0.000577,0,125,0.000671,0,0.128,0.140089418778,0,,
classic_revolution_8x5,RTLLM,Prob031_freq_div,combinational,5,9f0fb74b-9534-4254-8dee-97eef55b7efc,M-I,generation_log,0.0446815697963,0.0670223546945,117,0.000624,0,125,0.000671,0,0.064,0.070044709389,0,,
classic_revolution_8x5,RTLLM,Prob035_calendar,sequential,0,71f5190a-bf9d-4c4c-8bc5-b06c28b6137b,initial,generation_log,-0,0,196,0.0124,0.38,196,0.0124,0.38,0,0,0,,
classic_revolution_8x5,RTLLM,Prob035_calendar,sequential,0,6598769c-7d0b-45b7-a4e1-3dc77ae4e3f9,initial,generation_log,-0.0418904403867,-0.0418904403867,200,0.0124,0.42,196,0.0124,0.38,-0.0204081632653,0,-0.105263157895,,
classic_revolution_8x5,RTLLM,Prob035_calendar,sequential,0,7a054218-b4e1-4889-a24e-6b906ea576f2,initial,generation_log,-0,0,196,0.0124,0.38,196,0.0124,0.38,0,0,0,,
classic_revolution_8x5,RTLLM,Prob035_calendar,sequential,0,4d020864-3052-4ab4-8acb-fba2da2bf54d,initial,generation_log,-0,0,196,0.0124,0.38,196,0.0124,0.38,0,0,0,,
classic_revolution_8x5,RTLLM,Prob035_calendar,sequential,0,2a80a3e4-464e-44d1-8d76-fd5f3c07d77e,initial,generation_log,-0,0,196,0.0124,0.38,196,0.0124,0.38,0,0,0,,
classic_revolution_8x5,RTLLM,Prob035_calendar,sequential,0,cac741bc-d615-42db-a7f9-cd2e3bf5f17d,initial,generation_log,-0,0,196,0.0124,0.38,196,0.0124,0.38,0,0,0,,
classic_revolution_8x5,RTLLM,Prob035_calendar,sequential,0,b7893318-455c-4355-acc2-6d006d362d92,initial,generation_log,-0,0,196,0.0124,0.38,196,0.0124,0.38,0,0,0,,
classic_revolution_8x5,RTLLM,Prob035_calendar,sequential,0,813452af-0042-4877-b883-08567c7a9cb1,initial,generation_log,-0,0,196,0.0124,0.38,196,0.0124,0.38,0,0,0,,
classic_revolution_8x5,RTLLM,Prob035_calendar,sequential,1,d9fbf8a1-7750-4575-b4e0-d8afed7a95be,M-E,generation_log,0.0151473152928,0.0151473152928,193,0.0117,0.39,196,0.0124,0.38,0.015306122449,0.0564516129032,-0.0263157894737,,
classic_revolution_8x5,RTLLM,Prob035_calendar,sequential,1,3a239570-9a9d-445c-b2eb-77d614d57a5b,M-I,generation_log,0.0199808276451,0.0199808276451,185,0.0117,0.4,196,0.0124,0.38,0.0561224489796,0.0564516129032,-0.0526315789474,,
classic_revolution_8x5,RTLLM,Prob035_calendar,sequential,1,bce49304-c444-4bfa-a543-29a4f4180861,M-I,generation_log,-0.49102883938,-0.49102883938,176,0.0117,1,196,0.0124,0.38,0.102040816327,0.0564516129032,-1.63157894737,,
classic_revolution_8x5,RTLLM,Prob035_calendar,sequential,2,4d5d4a7b-868e-46f0-8595-af13762e4b0a,M-E,generation_log,0.0233821881894,0.0233821881894,183,0.0117,0.4,196,0.0124,0.38,0.0663265306122,0.0564516129032,-0.0526315789474,,
classic_revolution_8x5,RTLLM,Prob035_calendar,sequential,2,82ac5ae9-5dcc-4b94-ade0-362e044ebcd8,M-S,generation_log,0.0233821881894,0.0233821881894,183,0.0117,0.4,196,0.0124,0.38,0.0663265306122,0.0564516129032,-0.0526315789474,,
classic_revolution_8x5,RTLLM,Prob035_calendar,sequential,2,a2abd0e1-a7f5-456c-864f-2707a2521456,C-F,generation_log,0.00413764826814,0.00413764826814,184,0.0117,0.42,196,0.0124,0.38,0.0612244897959,0.0564516129032,-0.105263157895,,
classic_revolution_8x5,RTLLM,Prob035_calendar,sequential,2,d5191ef6-1997-4972-85a2-c6d417dc2f19,C-F,generation_log,0.00637538546828,0.00637538546828,193,0.0117,0.4,196,0.0124,0.38,0.015306122449,0.0564516129032,-0.0526315789474,,
classic_revolution_8x5,RTLLM,Prob035_calendar,sequential,3,ff36fb99-184e-4f5d-b4fc-228264920699,M-I,generation_log,0.0462966171188,0.0462966171188,185,0.0117,0.37,196,0.0124,0.38,0.0561224489796,0.0564516129032,0.0263157894737,,
classic_revolution_8x5,RTLLM,Prob035_calendar,sequential,3,c786d766-3114-4171-92cf-f7f932bee25e,M-S,generation_log,0.00510204081633,0.00510204081633,193,0.0124,0.38,196,0.0124,0.38,0.015306122449,0,0,,
classic_revolution_8x5,RTLLM,Prob035_calendar,sequential,4,a7f1ae76-8435-4624-a705-4d79cbb28900,M-E,generation_log,0.00510204081633,0.00510204081633,193,0.0124,0.38,196,0.0124,0.38,0.015306122449,0,0,,
classic_revolution_8x5,RTLLM,Prob035_calendar,sequential,5,87ffff28-61c3-4726-b240-1feab90a45ed,M-S,generation_log,0.0199808276451,0.0199808276451,185,0.0117,0.4,196,0.0124,0.38,0.0561224489796,0.0564516129032,-0.0526315789474,,
classic_revolution_8x5,RTLLM,Prob035_calendar,sequential,5,739b7e4f-de3f-493a-bc7c-07bde7e5341d,M-I,generation_log,0.00510204081633,0.00510204081633,193,0.0124,0.38,196,0.0124,0.38,0.015306122449,0,0,,
classic_revolution_8x5,RTLLM,Prob035_calendar,sequential,5,b7465036-1a7a-4e01-b9cd-03defdc6ef3e,M-S,generation_log,0.00510204081633,0.00510204081633,193,0.0124,0.38,196,0.0124,0.38,0.015306122449,0,0,,
classic_revolution_8x5,RTLLM,Prob035_calendar,sequential,5,43989f04-e8f1-48e4-9e55-6cf0974e6aa9,M-I,generation_log,0.00510204081633,0.00510204081633,193,0.0124,0.38,196,0.0124,0.38,0.015306122449,0,0,,
classic_revolution_8x5,RTLLM,Prob036_edge_detect,sequential,0,223d5b1d-4de4-4624-9013-3ef6107ccdae,initial,generation_log,-0,0,19,0.00189,0.17,19,0.00189,0.17,0,0,0,,
classic_revolution_8x5,RTLLM,Prob036_edge_detect,sequential,0,ebaef2f0-f826-41e5-a7e8-015fb44c6fba,initial,generation_log,-0,0,19,0.00189,0.17,19,0.00189,0.17,0,0,0,,
classic_revolution_8x5,RTLLM,Prob036_edge_detect,sequential,0,374ed8f7-1539-4525-b1ae-4117ba24047c,initial,generation_log,-0,0,19,0.00189,0.17,19,0.00189,0.17,0,0,0,,
classic_revolution_8x5,RTLLM,Prob036_edge_detect,sequential,0,737fa45e-ad9d-46ea-8adb-a5b8f8edfbf4,initial,generation_log,-0,0,19,0.00189,0.17,19,0.00189,0.17,0,0,0,,
classic_revolution_8x5,RTLLM,Prob036_edge_detect,sequential,0,822bdd17-9e68-4d2d-a8f9-f6bb42da2e18,initial,generation_log,-0,0,19,0.00189,0.17,19,0.00189,0.17,0,0,0,,
classic_revolution_8x5,RTLLM,Prob036_edge_detect,sequential,0,cb67ded5-fa6d-453b-bd90-b57c91cf8958,initial,generation_log,-0,0,19,0.00189,0.17,19,0.00189,0.17,0,0,0,,
classic_revolution_8x5,RTLLM,Prob036_edge_detect,sequential,0,432c5693-f5be-4555-b595-2d94e59b1baf,initial,generation_log,-0,0,19,0.00189,0.17,19,0.00189,0.17,0,0,0,,
classic_revolution_8x5,RTLLM,Prob036_edge_detect,sequential,0,e1d46533-fc20-4541-a527-87ae57ea4e94,initial,generation_log,-0,0,19,0.00189,0.17,19,0.00189,0.17,0,0,0,,
classic_revolution_8x5,RTLLM,Prob036_edge_detect,sequential,1,91bda1cb-8759-4815-aedf-e026943bee8b,M-S,generation_log,-0.0774157616263,-0.0774157616263,21,0.00213,0.17,19,0.00189,0.17,-0.105263157895,-0.126984126984,0,,
classic_revolution_8x5,RTLLM,Prob036_edge_detect,sequential,1,9d47e470-c38e-48e8-b3ed-e79884d9726d,M-R,generation_log,-0.0774157616263,-0.0774157616263,21,0.00213,0.17,19,0.00189,0.17,-0.105263157895,-0.126984126984,0,,
classic_revolution_8x5,RTLLM,Prob036_edge_detect,sequential,1,a92d2159-efb5-4a94-9d77-230f2e9e304f,M-I,generation_log,-0.0774157616263,-0.0774157616263,21,0.00213,0.17,19,0.00189,0.17,-0.105263157895,-0.126984126984,0,,
classic_revolution_8x5,RTLLM,Prob036_edge_detect,sequential,1,790c167f-9141-405b-a742-ef4523b93001,M-R,generation_log,0.00176366843034,0.00176366843034,19,0.00188,0.17,19,0.00189,0.17,0,0.00529100529101,0,,
classic_revolution_8x5,RTLLM,Prob036_edge_detect,sequential,2,1e8412a8-a245-4405-8793-62aaf7af57fa,M-S,generation_log,-1.2266155585,0.734168755221,9,0.000612,0,19,0.00189,0.17,0.526315789474,0.67619047619,1,,
classic_revolution_8x5,RTLLM,Prob036_edge_detect,sequential,2,2b532e92-526e-4105-9c0e-dad62a1a0120,M-I,generation_log,0.00176366843034,0.00176366843034,19,0.00188,0.17,19,0.00189,0.17,0,0.00529100529101,0,,
classic_revolution_8x5,RTLLM,Prob036_edge_detect,sequential,2,199e7b76-7be1-431f-b779-7a1a3995b581,M-R,generation_log,-0,0,19,0.00189,0.17,19,0.00189,0.17,0,0,0,,
classic_revolution_8x5,RTLLM,Prob036_edge_detect,sequential,2,c907d823-e936-4da8-883e-7b3fd36e09a8,M-I,generation_log,-0.0774157616263,-0.0774157616263,21,0.00213,0.17,19,0.00189,0.17,-0.105263157895,-0.126984126984,0,,
classic_revolution_8x5,RTLLM,Prob036_edge_detect,sequential,3,c6d2d529-5bfa-4737-8599-889165d0ff19,M-S,generation_log,-0.0774157616263,-0.0774157616263,21,0.00213,0.17,19,0.00189,0.17,-0.105263157895,-0.126984126984,0,,
classic_revolution_8x5,RTLLM,Prob036_edge_detect,sequential,3,6fdc1e17-d74f-4ffb-8344-007e4c83e63d,M-I,generation_log,-1.2266155585,0.734168755221,9,0.000612,0,19,0.00189,0.17,0.526315789474,0.67619047619,1,,
classic_revolution_8x5,RTLLM,Prob036_edge_detect,sequential,3,a2dd0cdf-d48c-4fa7-9009-4900195516fa,M-S,generation_log,-0,0,19,0.00189,0.17,19,0.00189,0.17,0,0,0,,
classic_revolution_8x5,RTLLM,Prob036_edge_detect,sequential,3,cdd03cbe-d288-45f4-acbe-b4ff8d2cd05a,M-S,generation_log,-0.0774157616263,-0.0774157616263,21,0.00213,0.17,19,0.00189,0.17,-0.105263157895,-0.126984126984,0,,
classic_revolution_8x5,RTLLM,Prob036_edge_detect,sequential,4,9b8121f1-6657-4f0b-bce8-c3b72b0d555e,C-F,generation_log,-0,0,19,0.00189,0.17,19,0.00189,0.17,0,0,0,,
classic_revolution_8x5,RTLLM,Prob036_edge_detect,sequential,4,a22c0d1a-d5c0-42cf-87ff-18335170d958,M-E,generation_log,-0.413501072944,-0.413501072944,26,0.00276,0.24,19,0.00189,0.17,-0.368421052632,-0.460317460317,-0.411764705882,,
classic_revolution_8x5,RTLLM,Prob036_edge_detect,sequential,4,fb4554f2-8b0b-4dd1-9bf4-949842b90fc9,M-E,generation_log,-0.995880357539,0.964903956187,2,4.72e-08,0,19,0.00189,0.17,0.894736842105,0.999975026455,1,,
classic_revolution_8x5,RTLLM,Prob036_edge_detect,sequential,4,354b94cc-dbdd-423e-ae67-79dae4ac40ca,M-R,generation_log,-0.0774157616263,-0.0774157616263,21,0.00213,0.17,19,0.00189,0.17,-0.105263157895,-0.126984126984,0,,
classic_revolution_8x5,RTLLM,Prob036_edge_detect,sequential,5,95627e17-0178-4c60-b331-331b5559d721,M-E,generation_log,-0.057807918489,-0.057807918489,21,0.00213,0.16,19,0.00189,0.17,-0.105263157895,-0.126984126984,0.0588235294118,,
classic_revolution_8x5,RTLLM,Prob036_edge_detect,sequential,5,074968a7-ff4a-4f5a-9d8d-79a601517b58,M-R,generation_log,-0.0774157616263,-0.0774157616263,21,0.00213,0.17,19,0.00189,0.17,-0.105263157895,-0.126984126984,0,,
classic_revolution_8x5,RTLLM,Prob036_edge_detect,sequential,5,19fa022c-e3fe-4ba0-9f28-36fc005e159d,C-F,generation_log,-0.0774157616263,-0.0774157616263,21,0.00213,0.17,19,0.00189,0.17,-0.105263157895,-0.126984126984,0,,
classic_revolution_8x5,RTLLM,Prob036_edge_detect,sequential,5,55ab002e-e979-4bc0-9eca-b632658550ed,M-S,generation_log,-1.24548681071,0.715297503017,9,0.000719,0,19,0.00189,0.17,0.526315789474,0.619576719577,1,,
classic_revolution_8x5,RTLLM,Prob036_edge_detect,sequential,5,8d97fff4-9193-4eb4-9cfd-19bdb91fda14,M-I,generation_log,-0.0774157616263,-0.0774157616263,21,0.00213,0.17,19,0.00189,0.17,-0.105263157895,-0.126984126984,0,,
classic_revolution_8x5,RTLLM,Prob037_parallel2serial,sequential,0,4d5a0d83-318d-4544-9f48-476396d80b29,initial,generation_log,-0,0,50,0.00453,0.27,50,0.00453,0.27,0,0,0,,
classic_revolution_8x5,RTLLM,Prob037_parallel2serial,sequential,0,63a4f962-0f08-420d-a8bb-f0359009344d,initial,generation_log,-0,0,50,0.00453,0.27,50,0.00453,0.27,0,0,0,,
classic_revolution_8x5,RTLLM,Prob037_parallel2serial,sequential,0,ef4e5438-c036-4720-8a6f-d6621af14825,initial,generation_log,-0,0,50,0.00453,0.27,50,0.00453,0.27,0,0,0,,
classic_revolution_8x5,RTLLM,Prob037_parallel2serial,sequential,0,731d5297-f39a-470b-aeeb-68a7aa9adfcd,initial,generation_log,-0,0,50,0.00453,0.27,50,0.00453,0.27,0,0,0,,
classic_revolution_8x5,RTLLM,Prob037_parallel2serial,sequential,0,08e17803-9939-44de-9bd1-937c2796b95e,initial,generation_log,-0,0,50,0.00453,0.27,50,0.00453,0.27,0,0,0,,
classic_revolution_8x5,RTLLM,Prob037_parallel2serial,sequential,3,f4c6452c-8e86-4655-ab8d-877ebd256589,C-F,generation_log,0.063250756275,0.063250756275,47,0.00411,0.26,50,0.00453,0.27,0.06,0.0927152317881,0.037037037037,,
classic_revolution_8x5,RTLLM,Prob037_parallel2serial,sequential,3,f30eb481-626b-4f28-bbd0-ef5d552ca917,M-R,generation_log,-0.164267844003,-0.164267844003,54,0.0064,0.27,50,0.00453,0.27,-0.08,-0.412803532009,0,,
classic_revolution_8x5,RTLLM,Prob037_parallel2serial,sequential,4,dbfa94c5-3092-40eb-8c42-76f6a38b4400,M-R,generation_log,-0,0,50,0.00453,0.27,50,0.00453,0.27,0,0,0,,
classic_revolution_8x5,RTLLM,Prob037_parallel2serial,sequential,4,6f7c44b7-6e95-46c4-93ad-e8a1cad77c49,C-F,generation_log,0.0543765840896,0.0543765840896,48,0.00414,0.26,50,0.00453,0.27,0.04,0.0860927152318,0.037037037037,,
classic_revolution_8x5,RTLLM,Prob037_parallel2serial,sequential,5,972c1f5f-c62b-4b05-953f-2d318957bc9c,C-F,generation_log,0.0543765840896,0.0543765840896,48,0.00414,0.26,50,0.00453,0.27,0.04,0.0860927152318,0.037037037037,,
classic_revolution_8x5,RTLLM,Prob037_parallel2serial,sequential,5,955e14ac-1211-48f7-9eed-4169c2f685ef,C-F,generation_log,0.063250756275,0.063250756275,47,0.00411,0.26,50,0.00453,0.27,0.06,0.0927152317881,0.037037037037,,
classic_revolution_8x5,RTLLM,Prob038_pulse_detect,sequential,1,9be1d7b4-dcfb-41fd-b76a-2cba6b13808b,M-R,generation_log,0.278914464336,0.278914464336,13,0.00101,0.14,17,0.00138,0.21,0.235294117647,0.268115942029,0.333333333333,,
classic_revolution_8x5,RTLLM,Prob039_serial2parallel,sequential,0,8344a439-00da-4260-ae58-8780f0214724,initial,generation_log,-0.595961718021,-0.595961718021,207,0.0521,0.41,168,0.0238,0.3,-0.232142857143,-1.18907563025,-0.366666666667,,
classic_revolution_8x5,RTLLM,Prob041_traffic_light,combinational,0,e6a9eb2d-19dc-4f35-a17b-65dde79629c5,initial,generation_log,0.36429617526,0.54644426289,152,0.000421,0,170,0.0324,0,0.105882352941,0.98700617284,0,,
classic_revolution_8x5,RTLLM,Prob041_traffic_light,combinational,2,f0a8a59c-b69a-41af-9348-214778ef854d,M-S,generation_log,0.407742072137,0.611613108206,130,0.000391,0,170,0.0324,0,0.235294117647,0.987932098765,0,,
classic_revolution_8x5,RTLLM,Prob041_traffic_light,combinational,2,fc4f3281-2ef4-4b77-926d-6189665649c5,M-S,generation_log,0.0508956669087,0.0763435003631,175,0.0265,0,170,0.0324,0,-0.0294117647059,0.182098765432,0,,
classic_revolution_8x5,RTLLM,Prob041_traffic_light,combinational,3,499f8dc0-e654-46fa-81e6-102494ee9757,M-R,generation_log,0.355438755749,0.533158133624,157,0.000329,0,170,0.0324,0,0.0764705882353,0.989845679012,0,,
classic_revolution_8x5,RTLLM,Prob041_traffic_light,combinational,3,cd62ffae-abf7-432c-b9de-309201534ea2,C-F,generation_log,0.153534253207,0.230301379811,130,0.0251,0,170,0.0324,0,0.235294117647,0.225308641975,0,,
classic_revolution_8x5,RTLLM,Prob041_traffic_light,combinational,4,cf32f429-163e-49ed-970f-c3802c880e99,M-F,generation_log,0.226349552167,0.33952432825,117,0.0205,0,170,0.0324,0,0.311764705882,0.367283950617,0,,
classic_revolution_8x5,RTLLM,Prob041_traffic_light,combinational,4,3e5e4c38-01bf-41cb-91f5-e1d8b807efb7,M-S,generation_log,0.193754538853,0.290631808279,131,0.021,0,170,0.0324,0,0.229411764706,0.351851851852,0,,
classic_revolution_8x5,RTLLM,Prob041_traffic_light,combinational,4,4fdf5cd7-4352-493b-8a7b-483353a6360e,M-R,generation_log,0.230718954248,0.346078431373,109,0.0216,0,170,0.0324,0,0.358823529412,0.333333333333,0,,
classic_revolution_8x5,RTLLM,Prob041_traffic_light,combinational,4,012d1c6f-2656-46f4-a947-a449f6809ad4,M-E,generation_log,0.394829339143,0.592244008715,137,0.000312,0,170,0.0324,0,0.194117647059,0.99037037037,0,,
classic_revolution_8x5,RTLLM,Prob041_traffic_light,combinational,4,6ecd0f13-30dd-426d-9395-db98061fcab4,M-S,generation_log,0.153534253207,0.230301379811,130,0.0251,0,170,0.0324,0,0.235294117647,0.225308641975,0,,
classic_revolution_8x5,RTLLM,Prob041_traffic_light,combinational,4,aabc0f40-fe0d-4c96-9926-21b05b1fc9c1,M-S,generation_log,0.153534253207,0.230301379811,130,0.0251,0,170,0.0324,0,0.235294117647,0.225308641975,0,,
classic_revolution_8x5,RTLLM,Prob041_traffic_light,combinational,4,038befab-89cc-43ec-88dd-290ff99c38bb,C-F,generation_log,0.223021060276,0.334531590414,157,0.0132,0,170,0.0324,0,0.0764705882353,0.592592592593,0,,
classic_revolution_8x5,RTLLM,Prob041_traffic_light,combinational,5,f973d07f-6408-4885-8d8e-2a6e22edc1ff,M-R,generation_log,0.392868554829,0.589302832244,138,0.000312,0,170,0.0324,0,0.188235294118,0.99037037037,0,,
classic_revolution_8x5,RTLLM,Prob041_traffic_light,combinational,5,40480a50-dd28-43d9-a897-bcbab74aeb37,M-R,generation_log,0.153534253207,0.230301379811,130,0.0251,0,170,0.0324,0,0.235294117647,0.225308641975,0,,
classic_revolution_8x5,RTLLM,Prob041_traffic_light,combinational,5,1d5ee751-73c8-4780-9988-20540d10730e,M-R,generation_log,0.153534253207,0.230301379811,130,0.0251,0,170,0.0324,0,0.235294117647,0.225308641975,0,,
classic_revolution_8x5,RTLLM,Prob041_traffic_light,combinational,5,f65d5c66-bcb2-4814-9d76-0d686767962b,M-S,generation_log,0.407742072137,0.611613108206,130,0.000391,0,170,0.0324,0,0.235294117647,0.987932098765,0,,
classic_revolution_8x5,RTLLM,Prob041_traffic_light,combinational,5,99841476-acb6-493d-8233-6062534ea6a2,M-I,generation_log,0.37014040184,0.55521060276,106,0.00862,0,170,0.0324,0,0.376470588235,0.733950617284,0,,
classic_revolution_8x5,RTLLM,Prob041_traffic_light,combinational,5,10375d3a-54e3-4153-83c8-728ede5c1557,M-R,generation_log,0.407742072137,0.611613108206,130,0.000391,0,170,0.0324,0,0.235294117647,0.987932098765,0,,
classic_revolution_8x5,RTLLM,Prob043_RAM,sequential,0,d7a17e5f-4036-4f5a-b163-dcda3e1dfe50,initial,generation_log,0.236619081526,0.236619081526,506,0.069,0.3,734,0.109,0.31,0.310626702997,0.366972477064,0.0322580645161,,
classic_revolution_8x5,RTLLM,Prob043_RAM,sequential,0,132fb18f-fcff-4d50-a303-f800df8a76ac,initial,generation_log,0.236619081526,0.236619081526,506,0.069,0.3,734,0.109,0.31,0.310626702997,0.366972477064,0.0322580645161,,
classic_revolution_8x5,RTLLM,Prob043_RAM,sequential,0,db297c9f-8cbc-4a12-b74e-af738c5958e9,initial,generation_log,0.236619081526,0.236619081526,506,0.069,0.3,734,0.109,0.31,0.310626702997,0.366972477064,0.0322580645161,,
classic_revolution_8x5,RTLLM,Prob043_RAM,sequential,0,58fd6979-9c0b-4a5f-87bd-160b302f1b43,initial,generation_log,0.236619081526,0.236619081526,506,0.069,0.3,734,0.109,0.31,0.310626702997,0.366972477064,0.0322580645161,,
classic_revolution_8x5,RTLLM,Prob043_RAM,sequential,0,30ba5d70-6900-45de-a65c-08ddc0865fdc,initial,generation_log,0.236619081526,0.236619081526,506,0.069,0.3,734,0.109,0.31,0.310626702997,0.366972477064,0.0322580645161,,
classic_revolution_8x5,RTLLM,Prob043_RAM,sequential,0,15a1e1db-afd3-4dd1-8ebe-6833a506e440,initial,generation_log,0.236619081526,0.236619081526,506,0.069,0.3,734,0.109,0.31,0.310626702997,0.366972477064,0.0322580645161,,
classic_revolution_8x5,RTLLM,Prob043_RAM,sequential,0,425f7b3b-12cc-48a2-84a0-01c1430dc90b,initial,generation_log,0.236619081526,0.236619081526,506,0.069,0.3,734,0.109,0.31,0.310626702997,0.366972477064,0.0322580645161,,
classic_revolution_8x5,RTLLM,Prob043_RAM,sequential,0,04507406-3235-483b-88f2-1e3eb7a58d23,initial,generation_log,0.236619081526,0.236619081526,506,0.069,0.3,734,0.109,0.31,0.310626702997,0.366972477064,0.0322580645161,,
classic_revolution_8x5,RTLLM,Prob043_RAM,sequential,1,9a58e6f2-f9e2-4519-b21c-9cb789fea208,M-S,generation_log,0.390495148348,0.390495148348,466,0.0633,0.19,734,0.109,0.31,0.365122615804,0.419266055046,0.387096774194,,
classic_revolution_8x5,RTLLM,Prob043_RAM,sequential,1,17e012be-2ba8-4bce-ba0c-0b09aed2e04b,M-E,generation_log,0.444490104102,0.444490104102,481,0.0399,0.2,734,0.109,0.31,0.344686648501,0.633944954128,0.354838709677,,
classic_revolution_8x5,RTLLM,Prob043_RAM,sequential,1,2fbf36b2-4324-46fb-a6e2-3be48c32de4d,M-R,generation_log,0.268635336221,0.268635336221,464,0.0718,0.28,734,0.109,0.31,0.367847411444,0.34128440367,0.0967741935484,,
classic_revolution_8x5,RTLLM,Prob043_RAM,sequential,1,24a40e3b-26a5-440e-bf36-56e4f66187de,C-F,generation_log,0.444490104102,0.444490104102,481,0.0399,0.2,734,0.109,0.31,0.344686648501,0.633944954128,0.354838709677,,
classic_revolution_8x5,RTLLM,Prob043_RAM,sequential,1,7425ac68-45be-4b66-a3ea-2de00c7f605b,M-I,generation_log,0.287589909251,0.287589909251,452,0.0709,0.27,734,0.109,0.31,0.384196185286,0.349541284404,0.129032258065,,
classic_revolution_8x5,RTLLM,Prob043_RAM,sequential,1,42c203b7-12cb-499c-9a39-cb11aea6eba2,M-I,generation_log,0.287589909251,0.287589909251,452,0.0709,0.27,734,0.109,0.31,0.384196185286,0.349541284404,0.129032258065,,
classic_revolution_8x5,RTLLM,Prob043_RAM,sequential,2,4b580579-6ea9-450d-85d8-3d3373c60dfc,M-R,generation_log,0.444490104102,0.444490104102,481,0.0399,0.2,734,0.109,0.31,0.344686648501,0.633944954128,0.354838709677,,
classic_revolution_8x5,RTLLM,Prob043_RAM,sequential,2,a22382f6-9723-40ac-a859-28fe315b018c,M-E,generation_log,0.384677412635,0.384677412635,487,0.0656,0.18,734,0.109,0.31,0.33651226158,0.398165137615,0.41935483871,,
classic_revolution_8x5,RTLLM,Prob043_RAM,sequential,2,ad219e92-8662-4397-928f-900fe27aa5c2,M-E,generation_log,0.236619081526,0.236619081526,506,0.069,0.3,734,0.109,0.31,0.310626702997,0.366972477064,0.0322580645161,,
classic_revolution_8x5,RTLLM,Prob043_RAM,sequential,2,76f9ead0-8631-41aa-befa-900df7d75245,M-R,generation_log,0.390495148348,0.390495148348,466,0.0633,0.19,734,0.109,0.31,0.365122615804,0.419266055046,0.387096774194,,
classic_revolution_8x5,RTLLM,Prob043_RAM,sequential,2,6d4ec57b-f61e-430e-882b-735064fcc353,C-F,generation_log,0.304517295611,0.304517295611,454,0.0721,0.25,734,0.109,0.31,0.381471389646,0.338532110092,0.193548387097,,
classic_revolution_8x5,RTLLM,Prob043_RAM,sequential,2,ae843ee9-9725-4658-a6bb-95d5b72e5b1f,M-E,generation_log,0.268635336221,0.268635336221,464,0.0718,0.28,734,0.109,0.31,0.367847411444,0.34128440367,0.0967741935484,,
classic_revolution_8x5,RTLLM,Prob043_RAM,sequential,2,a9ec655d-a026-49a0-82f1-d410a1040ef4,M-E,generation_log,0.17625780217,0.17625780217,501,0.0719,0.35,734,0.109,0.31,0.317438692098,0.340366972477,-0.129032258065,,
classic_revolution_8x5,RTLLM,Prob043_RAM,sequential,3,78a6c2a6-201b-489e-8efe-d20a7625a0fa,M-S,generation_log,0.321642677874,0.321642677874,454,0.0665,0.25,734,0.109,0.31,0.381471389646,0.389908256881,0.193548387097,,
classic_revolution_8x5,RTLLM,Prob043_RAM,sequential,3,5c3d3d56-d4ae-4ff6-b8fc-fcc12a8e3905,M-S,generation_log,0.390495148348,0.390495148348,466,0.0633,0.19,734,0.109,0.31,0.365122615804,0.419266055046,0.387096774194,,
classic_revolution_8x5,RTLLM,Prob043_RAM,sequential,3,9d07d9ff-3cc8-4d45-99b6-d5db85f0a104,C-F,generation_log,0.236619081526,0.236619081526,506,0.069,0.3,734,0.109,0.31,0.310626702997,0.366972477064,0.0322580645161,,
classic_revolution_8x5,RTLLM,Prob043_RAM,sequential,3,8e3092a7-d05e-456e-9443-7021410c487e,M-S,generation_log,0.223580892723,0.223580892723,497,0.0746,0.3,734,0.109,0.31,0.322888283379,0.315596330275,0.0322580645161,,
classic_revolution_8x5,RTLLM,Prob043_RAM,sequential,3,8a14c09c-719b-48ea-8e47-76ea90dc08e9,M-S,generation_log,0.390495148348,0.390495148348,466,0.0633,0.19,734,0.109,0.31,0.365122615804,0.419266055046,0.387096774194,,
classic_revolution_8x5,RTLLM,Prob043_RAM,sequential,3,4950fb50-6b2f-43d3-bdba-b73cb6fdf60c,M-I,generation_log,0.268635336221,0.268635336221,464,0.0718,0.28,734,0.109,0.31,0.367847411444,0.34128440367,0.0967741935484,,
classic_revolution_8x5,RTLLM,Prob043_RAM,sequential,3,1eccb851-90dd-488a-ac17-bb3ed708fa05,M-S,generation_log,0.390495148348,0.390495148348,466,0.0633,0.19,734,0.109,0.31,0.365122615804,0.419266055046,0.387096774194,,
classic_revolution_8x5,RTLLM,Prob043_RAM,sequential,3,0ef31a2f-b413-480b-927c-7b0cc4e0045e,M-S,generation_log,0.268635336221,0.268635336221,464,0.0718,0.28,734,0.109,0.31,0.367847411444,0.34128440367,0.0967741935484,,
classic_revolution_8x5,RTLLM,Prob043_RAM,sequential,4,5aa09630-164c-4bd0-abc0-6c12ee95b369,M-R,generation_log,0.236619081526,0.236619081526,506,0.069,0.3,734,0.109,0.31,0.310626702997,0.366972477064,0.0322580645161,,
classic_revolution_8x5,RTLLM,Prob043_RAM,sequential,4,5965847a-b2d2-43c3-96e2-9bfa5306e72d,M-E,generation_log,0.236619081526,0.236619081526,506,0.069,0.3,734,0.109,0.31,0.310626702997,0.366972477064,0.0322580645161,,
classic_revolution_8x5,RTLLM,Prob043_RAM,sequential,4,344bddd3-7b85-488c-a852-0b4efcf1b9e6,M-I,generation_log,0.220520960928,0.220520960928,474,0.0755,0.31,734,0.109,0.31,0.354223433243,0.307339449541,0,,
classic_revolution_8x5,RTLLM,Prob043_RAM,sequential,4,68bd6bf4-5171-4094-8191-23c3446a1f5e,M-S,generation_log,0.236619081526,0.236619081526,506,0.069,0.3,734,0.109,0.31,0.310626702997,0.366972477064,0.0322580645161,,
classic_revolution_8x5,RTLLM,Prob043_RAM,sequential,4,a007e867-edd9-4a47-89c6-8d455c0d97ee,M-R,generation_log,0.236619081526,0.236619081526,506,0.069,0.3,734,0.109,0.31,0.310626702997,0.366972477064,0.0322580645161,,
classic_revolution_8x5,RTLLM,Prob043_RAM,sequential,4,30c337ef-4b93-4a3c-8036-5b0aa0fd392a,M-E,generation_log,0.220520960928,0.220520960928,474,0.0755,0.31,734,0.109,0.31,0.354223433243,0.307339449541,0,,
classic_revolution_8x5,RTLLM,Prob043_RAM,sequential,4,247b0ace-7b8e-4f40-9b9b-23132bc729ac,C-F,generation_log,0.377893620344,0.377893620344,506,0.0439,0.24,734,0.109,0.31,0.310626702997,0.597247706422,0.225806451613,,
classic_revolution_8x5,RTLLM,Prob043_RAM,sequential,5,af3883ed-505f-41bf-b9da-5b547add8daf,M-R,generation_log,0.236619081526,0.236619081526,506,0.069,0.3,734,0.109,0.31,0.310626702997,0.366972477064,0.0322580645161,,
classic_revolution_8x5,RTLLM,Prob043_RAM,sequential,5,79d0a566-f255-4cf3-a480-8416b9add924,M-R,generation_log,0.236619081526,0.236619081526,506,0.069,0.3,734,0.109,0.31,0.310626702997,0.366972477064,0.0322580645161,,
classic_revolution_8x5,RTLLM,Prob043_RAM,sequential,5,8d0cbc06-af4a-4342-ab4f-1695aeb5f49f,M-E,generation_log,0.236619081526,0.236619081526,506,0.069,0.3,734,0.109,0.31,0.310626702997,0.366972477064,0.0322580645161,,
classic_revolution_8x5,RTLLM,Prob043_RAM,sequential,5,460a0f8b-7929-4af4-a319-d1889dcb3ceb,M-S,generation_log,0.236619081526,0.236619081526,506,0.069,0.3,734,0.109,0.31,0.310626702997,0.366972477064,0.0322580645161,,
classic_revolution_8x5,RTLLM,Prob043_RAM,sequential,5,61d9215c-da06-480a-a83e-9f6f12e0f038,C-F,generation_log,0.220520960928,0.220520960928,474,0.0755,0.31,734,0.109,0.31,0.354223433243,0.307339449541,0,,
classic_revolution_8x5,RTLLM,Prob043_RAM,sequential,5,3053e0d8-7ce5-42b4-9716-0d044ceee276,C-F,generation_log,0.377893620344,0.377893620344,506,0.0439,0.24,734,0.109,0.31,0.310626702997,0.597247706422,0.225806451613,,
classic_revolution_8x5,RTLLM,Prob044_ROM,combinational,0,13ca9a63-8db3-4df0-bd93-1a824d2ea8ce,initial,generation_log,0.329430894309,0.494146341463,14,2.4e-06,0,14,0.000205,0,0,0.988292682927,0,,
classic_revolution_8x5,RTLLM,Prob044_ROM,combinational,0,f28fc1d8-0074-4880-a7a5-526e902dfa64,initial,generation_log,0.329430894309,0.494146341463,14,2.4e-06,0,14,0.000205,0,0,0.988292682927,0,,
classic_revolution_8x5,RTLLM,Prob044_ROM,combinational,0,06484007-bad3-4821-83bf-7109c5f5cf69,initial,generation_log,0.329430894309,0.494146341463,14,2.4e-06,0,14,0.000205,0,0,0.988292682927,0,,
classic_revolution_8x5,RTLLM,Prob044_ROM,combinational,0,5dafee56-6237-42b7-8d03-eccebbae90f3,initial,generation_log,0.329430894309,0.494146341463,14,2.4e-06,0,14,0.000205,0,0,0.988292682927,0,,
classic_revolution_8x5,RTLLM,Prob044_ROM,combinational,0,5dbfbe1f-f346-4a75-81e8-7b0acd70b587,initial,generation_log,0.329430894309,0.494146341463,14,2.4e-06,0,14,0.000205,0,0,0.988292682927,0,,
classic_revolution_8x5,RTLLM,Prob044_ROM,combinational,0,610e0331-b689-44da-aeeb-228a6e5fa44b,initial,generation_log,0.329430894309,0.494146341463,14,2.4e-06,0,14,0.000205,0,0,0.988292682927,0,,
classic_revolution_8x5,RTLLM,Prob044_ROM,combinational,0,55887ef9-6db4-4ae0-a1bc-831b35f7cb57,initial,generation_log,0.329430894309,0.494146341463,14,2.4e-06,0,14,0.000205,0,0,0.988292682927,0,,
classic_revolution_8x5,RTLLM,Prob044_ROM,combinational,0,db204dcc-7e3b-4347-aec4-339fc5a8605a,initial,generation_log,0.329430894309,0.494146341463,14,2.4e-06,0,14,0.000205,0,0,0.988292682927,0,,
classic_revolution_8x5,RTLLM,Prob044_ROM,combinational,1,855d7f7c-773c-4fc2-bdc8-d6389250e236,M-R,generation_log,0.329430894309,0.494146341463,14,2.4e-06,0,14,0.000205,0,0,0.988292682927,0,,
classic_revolution_8x5,RTLLM,Prob044_ROM,combinational,1,862f9773-0ad5-459d-bff9-b14d4a26f665,M-S,generation_log,0.329430894309,0.494146341463,14,2.4e-06,0,14,0.000205,0,0,0.988292682927,0,,
classic_revolution_8x5,RTLLM,Prob044_ROM,combinational,1,3d2919ff-6b8d-4c4f-8929-d7c6b752800a,M-I,generation_log,0.329430894309,0.494146341463,14,2.4e-06,0,14,0.000205,0,0,0.988292682927,0,,
classic_revolution_8x5,RTLLM,Prob044_ROM,combinational,1,cd055a28-285f-456e-8dbf-c2c361292cc0,M-S,generation_log,0.187012775842,0.280519163763,20,2.13e-06,0,14,0.000205,0,-0.428571428571,0.989609756098,0,,
classic_revolution_8x5,RTLLM,Prob044_ROM,combinational,2,ae94d4d7-6a65-460f-92ce-77a9c1b9d860,M-S,generation_log,0.329430894309,0.494146341463,14,2.4e-06,0,14,0.000205,0,0,0.988292682927,0,,
classic_revolution_8x5,RTLLM,Prob044_ROM,combinational,2,8ed3349a-8087-4714-a28c-b0fad6711b4e,M-S,generation_log,0.187029036005,0.280543554007,20,2.12e-06,0,14,0.000205,0,-0.428571428571,0.989658536585,0,,
classic_revolution_8x5,RTLLM,Prob044_ROM,combinational,2,4ee081ab-6d56-4ec6-ae23-bfff3cad7416,M-S,generation_log,0.187012775842,0.280519163763,20,2.13e-06,0,14,0.000205,0,-0.428571428571,0.989609756098,0,,
classic_revolution_8x5,RTLLM,Prob044_ROM,combinational,2,4f437b49-f5da-4757-a50e-5528643f91ad,M-I,generation_log,0.329430894309,0.494146341463,14,2.4e-06,0,14,0.000205,0,0,0.988292682927,0,,
classic_revolution_8x5,RTLLM,Prob044_ROM,combinational,3,f8aac501-fbc9-4fc9-9249-67a85690d78e,M-S,generation_log,0.187012775842,0.280519163763,20,2.13e-06,0,14,0.000205,0,-0.428571428571,0.989609756098,0,,
classic_revolution_8x5,RTLLM,Prob044_ROM,combinational,3,aed7f5d5-cc72-4dfe-a7c5-a1e8bd956530,M-S,generation_log,0.187012775842,0.280519163763,20,2.13e-06,0,14,0.000205,0,-0.428571428571,0.989609756098,0,,
classic_revolution_8x5,RTLLM,Prob044_ROM,combinational,4,dd2e3adf-ebb4-4743-a6a8-4d08732d4217,C-F,generation_log,0.329430894309,0.494146341463,14,2.4e-06,0,14,0.000205,0,0,0.988292682927,0,,
classic_revolution_8x5,RTLLM,Prob044_ROM,combinational,4,94b8d34c-1f07-4a45-a5ad-ef61791fe0cb,C-F,generation_log,0.329430894309,0.494146341463,14,2.4e-06,0,14,0.000205,0,0,0.988292682927,0,,
classic_revolution_8x5,RTLLM,Prob044_ROM,combinational,4,780a10b6-baf8-4cdb-b2d1-b747d4384069,M-S,generation_log,0.329430894309,0.494146341463,14,2.4e-06,0,14,0.000205,0,0,0.988292682927,0,,
classic_revolution_8x5,RTLLM,Prob044_ROM,combinational,4,9f35345f-583b-4cf6-b043-9d632a0d677a,M-I,generation_log,0.329430894309,0.494146341463,14,2.4e-06,0,14,0.000205,0,0,0.988292682927,0,,
classic_revolution_8x5,RTLLM,Prob044_ROM,combinational,5,d21be857-7f6e-4217-bae7-9a331b6c50e8,M-S,generation_log,0.329430894309,0.494146341463,14,2.4e-06,0,14,0.000205,0,0,0.988292682927,0,,
classic_revolution_8x5,RTLLM,Prob044_ROM,combinational,5,3fd1d6cd-976d-4e69-8d9c-ae3f33cb7459,C-F,generation_log,0.329430894309,0.494146341463,14,2.4e-06,0,14,0.000205,0,0,0.988292682927,0,,
classic_revolution_8x5,RTLLM,Prob044_ROM,combinational,5,9f2d2eef-0758-4864-925d-a4694260c052,M-I,generation_log,0.329430894309,0.494146341463,14,2.4e-06,0,14,0.000205,0,0,0.988292682927,0,,
classic_revolution_8x5,RTLLM,Prob045_alu,combinational,0,8465c5db-0cc4-4071-92ea-ab80806546c7,initial,generation_log,0.374910966555,0.562366449832,1926,0.0011,0,2225,0.114,0,0.134382022472,0.990350877193,0,,
classic_revolution_8x5,RTLLM,Prob045_alu,combinational,0,e1317a19-096f-4cde-aae0-782f87e26654,initial,generation_log,0.380454037716,0.570681056574,1889,0.0011,0,2225,0.114,0,0.151011235955,0.990350877193,0,,
classic_revolution_8x5,RTLLM,Prob045_alu,combinational,0,53260aa3-d13f-453d-ae1b-224519cbfce2,initial,generation_log,0.377395689599,0.566093534398,1910,0.00107,0,2225,0.114,0,0.141573033708,0.990614035088,0,,
classic_revolution_8x5,RTLLM,Prob045_alu,combinational,0,7a4e862d-268d-466b-af81-1d6014e6916d,initial,generation_log,0.359812734082,0.539719101124,2026,0.00114,0,2225,0.114,0,0.0894382022472,0.99,0,,
classic_revolution_8x5,RTLLM,Prob045_alu,combinational,0,c5427ea3-a34a-42ff-bae6-5266d4d916f6,initial,generation_log,0.408732176884,0.613098265326,1702,0.00101,0,2225,0.114,0,0.235056179775,0.991140350877,0,,
classic_revolution_8x5,RTLLM,Prob045_alu,combinational,1,2118d04d-5272-4333-96da-cf00724f7940,M-E,generation_log,0.364727314541,0.547090971812,1993,0.00115,0,2225,0.114,0,0.104269662921,0.989912280702,0,,
classic_revolution_8x5,RTLLM,Prob045_alu,combinational,1,671d3410-f2a7-4ff1-a128-4c37fc47c110,M-R,generation_log,0.378711150536,0.568066725803,1902,0.00103,0,2225,0.114,0,0.145168539326,0.990964912281,0,,
classic_revolution_8x5,RTLLM,Prob045_alu,combinational,1,5697dce9-422c-4483-8fec-fbc8ba6f183f,M-S,generation_log,0.372989026874,0.559483540311,1940,0.00104,0,2225,0.114,0,0.12808988764,0.990877192982,0,,
classic_revolution_8x5,RTLLM,Prob045_alu,combinational,1,fae94938-5f0d-4b32-9f32-6fa14f6a741f,M-I,generation_log,0.380473125698,0.570709688547,1891,0.000991,0,2225,0.114,0,0.150112359551,0.991307017544,0,,
classic_revolution_8x5,RTLLM,Prob045_alu,combinational,1,c300b1c5-7949-46a8-ba87-a0b6699360ed,C-F,generation_log,0.400323740062,0.600485610093,1760,0.000914,0,2225,0.114,0,0.208988764045,0.99198245614,0,,
classic_revolution_8x5,RTLLM,Prob045_alu,combinational,2,fa6fbc03-1f16-4ca9-9a94-879e21537a86,C-F,generation_log,0.370862408831,0.556293613247,1954,0.00105,0,2225,0.114,0,0.121797752809,0.990789473684,0,,
classic_revolution_8x5,RTLLM,Prob045_alu,combinational,2,ba1a1f88-4169-400c-8320-a4cca957ff7a,M-I,generation_log,0.393524377423,0.590286566134,1804,0.000985,0,2225,0.114,0,0.189213483146,0.991359649123,0,,
classic_revolution_8x5,RTLLM,Prob045_alu,combinational,2,f9b49831-de1d-4a05-904b-d95d426574e6,M-S,generation_log,0.391359057757,0.587038586635,1819,0.000957,0,2225,0.114,0,0.182471910112,0.991605263158,0,,
classic_revolution_8x5,RTLLM,Prob045_alu,combinational,2,f19237c0-1691-42fd-81da-f16b5c5a6c44,M-S,generation_log,0.37631414679,0.564471220185,1918,0.00103,0,2225,0.114,0,0.13797752809,0.990964912281,0,,
classic_revolution_8x5,RTLLM,Prob045_alu,combinational,2,25b07152-ca2f-4047-acd2-44e27843d2de,M-R,generation_log,0.380473125698,0.570709688547,1891,0.000991,0,2225,0.114,0,0.150112359551,0.991307017544,0,,
classic_revolution_8x5,RTLLM,Prob045_alu,combinational,2,c298a916-fb36-4168-b0d2-5dc334a5eede,C-F,generation_log,0.401173598791,0.601760398186,1753,0.000982,0,2225,0.114,0,0.212134831461,0.991385964912,0,,
classic_revolution_8x5,RTLLM,Prob045_alu,combinational,3,19951685-8f0a-4754-86d2-f6ef60c0b28c,M-E,generation_log,0.388160358762,0.582240538143,1840,0.000975,0,2225,0.114,0,0.173033707865,0.991447368421,0,,
classic_revolution_8x5,RTLLM,Prob045_alu,combinational,3,c20d0e79-3296-441f-87e3-875702e55b66,M-I,generation_log,0.390413397727,0.58562009659,1825,0.000973,0,2225,0.114,0,0.179775280899,0.991464912281,0,,
classic_revolution_8x5,RTLLM,Prob045_alu,combinational,3,6154fbbe-f435-4a38-9a0a-ca65ed39171d,M-S,generation_log,0.37943097444,0.56914646166,1897,0.00104,0,2225,0.114,0,0.147415730337,0.990877192982,0,,
classic_revolution_8x5,RTLLM,Prob045_alu,combinational,3,372b0bef-e500-46d7-9cdd-54c778e37089,M-E,generation_log,0.401352651291,0.602028976937,1752,0.000972,0,2225,0.114,0,0.212584269663,0.991473684211,0,,
classic_revolution_8x5,RTLLM,Prob045_alu,combinational,3,d2df5fa2-c4f0-4771-adf9-9f6bbf22f56c,M-S,generation_log,0.380473125698,0.570709688547,1891,0.000991,0,2225,0.114,0,0.150112359551,0.991307017544,0,,
classic_revolution_8x5,RTLLM,Prob045_alu,combinational,3,8eb1a95d-6b37-4695-89e4-04b6b14b0321,M-I,generation_log,0.389391024377,0.584086536566,1832,0.000964,0,2225,0.114,0,0.176629213483,0.991543859649,0,,
classic_revolution_8x5,RTLLM,Prob045_alu,combinational,3,0f81ee86-9e1f-4edf-9abd-d09d41cacf57,M-R,generation_log,0.394949405349,0.592424108023,1794,0.00101,0,2225,0.114,0,0.193707865169,0.991140350877,0,,
classic_revolution_8x5,RTLLM,Prob045_alu,combinational,3,37e8d947-69b8-42d8-a655-3f671c6f6927,C-F,generation_log,0.400326664038,0.600489996058,1760,0.000913,0,2225,0.114,0,0.208988764045,0.99199122807,0,,
classic_revolution_8x5,RTLLM,Prob045_alu,combinational,4,053c0e68-1430-4584-a3dc-a2a7cc80c1e3,M-S,generation_log,0.387475622577,0.581213433866,1845,0.000953,0,2225,0.114,0,0.170786516854,0.991640350877,0,,
classic_revolution_8x5,RTLLM,Prob045_alu,combinational,4,70499e18-b24a-4071-bcf1-afbd5d9b7629,M-S,generation_log,0.400326664038,0.600489996058,1760,0.000913,0,2225,0.114,0,0.208988764045,0.99199122807,0,,
classic_revolution_8x5,RTLLM,Prob045_alu,combinational,4,15dc1c07-a087-42ea-8dee-a847ffbde49a,M-R,generation_log,0.372152243906,0.558228365858,1945,0.00107,0,2225,0.114,0,0.125842696629,0.990614035088,0,,
classic_revolution_8x5,RTLLM,Prob045_alu,combinational,4,52e4d61c-3b08-4cfb-b90d-54ccc20e3b24,M-E,generation_log,0.395938925028,0.593908387542,1788,0.000979,0,2225,0.114,0,0.196404494382,0.991412280702,0,,
classic_revolution_8x5,RTLLM,Prob045_alu,combinational,4,dcc43dc7-db3a-4a32-9fc1-a78213a48dde,C-F,generation_log,0.37301826664,0.559527399961,1940,0.00103,0,2225,0.114,0,0.12808988764,0.990964912281,0,,
classic_revolution_8x5,RTLLM,Prob045_alu,combinational,4,10dcacc4-725f-41eb-ba99-98e79c1c6331,M-R,generation_log,0.384547309284,0.576820963927,1864,0.000981,0,2225,0.114,0,0.162247191011,0.991394736842,0,,
classic_revolution_8x5,RTLLM,Prob045_alu,combinational,4,b8dff6a2-221b-43fa-bc16-77cec7c82f10,M-S,generation_log,0.402541691307,0.60381253696,1745,0.000924,0,2225,0.114,0,0.215730337079,0.991894736842,0,,
classic_revolution_8x5,RTLLM,Prob045_alu,combinational,4,a155f46f-6543-47bd-b88a-b8f9d74993f4,M-R,generation_log,0.38499382351,0.577490735265,1861,0.000982,0,2225,0.114,0,0.163595505618,0.991385964912,0,,
classic_revolution_8x5,RTLLM,Prob045_alu,combinational,5,06977545-109d-44b3-b949-72914374e660,M-S,generation_log,0.379368881004,0.569053321506,1898,0.00101,0,2225,0.114,0,0.146966292135,0.991140350877,0,,
classic_revolution_8x5,RTLLM,Prob045_alu,combinational,5,6c748bee-78fd-4649-aa7d-6aa60a4ada86,M-I,generation_log,0.389773211118,0.584659816677,1829,0.000987,0,2225,0.114,0,0.17797752809,0.991342105263,0,,
classic_revolution_8x5,RTLLM,Prob045_alu,combinational,5,d3d47a66-a65b-46e6-b3e1-bfc55eb3d6e3,C-F,generation_log,0.370862408831,0.556293613247,1954,0.00105,0,2225,0.114,0,0.121797752809,0.990789473684,0,,
classic_revolution_8x5,RTLLM,Prob045_alu,combinational,5,0a82546b-18aa-4bde-8654-9f7714c44644,M-I,generation_log,0.367537288915,0.551305933373,1976,0.00106,0,2225,0.114,0,0.11191011236,0.990701754386,0,,
classic_revolution_8x5,RTLLM,Prob045_alu,combinational,5,3ae7c9dc-0bee-4b32-afac-cd7dcb9211f3,C-F,generation_log,0.400323740062,0.600485610093,1760,0.000914,0,2225,0.114,0,0.208988764045,0.99198245614,0,,
classic_revolution_8x5,RTLLM,Prob045_alu,combinational,5,2b0ff0a4-9f4f-45f0-a08a-5eb543490b58,M-S,generation_log,0.397915730337,0.596873595506,1775,0.000969,0,2225,0.114,0,0.202247191011,0.9915,0,,
classic_revolution_8x5,RTLLM,Prob045_alu,combinational,5,13057437-05fd-4333-96b9-bb7ad61fec4b,M-I,generation_log,0.382215322952,0.573322984427,1879,0.00101,0,2225,0.114,0,0.155505617978,0.991140350877,0,,
classic_revolution_8x5,RTLLM,Prob045_alu,combinational,5,b2b6788f-4797-4628-b921-45e69ed35091,M-E,generation_log,0.401716604245,0.602574906367,1750,0.00095,0,2225,0.114,0,0.213483146067,0.991666666667,0,,
classic_revolution_8x5,RTLLM,Prob047_instr_reg,sequential,0,9097b430-166c-4608-a706-489dde4d5d40,initial,generation_log,-0.256349568251,-0.256349568251,177,0.0151,0.2,119,0.0129,0.18,-0.487394957983,-0.170542635659,-0.111111111111,,
classic_revolution_8x5,RTLLM,Prob047_instr_reg,sequential,0,9360720e-4773-411a-930f-83496fefb1a2,initial,generation_log,-0.016372440449,-0.016372440449,123,0.0131,0.18,119,0.0129,0.18,-0.0336134453782,-0.015503875969,0,,
classic_revolution_8x5,RTLLM,Prob047_instr_reg,sequential,0,0f8173a0-1c24-4252-bd66-414fda19840d,initial,generation_log,-0.256349568251,-0.256349568251,177,0.0151,0.2,119,0.0129,0.18,-0.487394957983,-0.170542635659,-0.111111111111,,
classic_revolution_8x5,RTLLM,Prob047_instr_reg,sequential,0,7a035e35-e1ed-4163-b0a2-b2631828247a,initial,generation_log,-0.256349568251,-0.256349568251,177,0.0151,0.2,119,0.0129,0.18,-0.487394957983,-0.170542635659,-0.111111111111,,
classic_revolution_8x5,RTLLM,Prob047_instr_reg,sequential,0,b9c09b19-c20f-42e7-990f-87a14e6b0a21,initial,generation_log,-0.256349568251,-0.256349568251,177,0.0151,0.2,119,0.0129,0.18,-0.487394957983,-0.170542635659,-0.111111111111,,
classic_revolution_8x5,RTLLM,Prob047_instr_reg,sequential,0,cfaae09a-3bb6-4bef-ac1a-afadf4c98949,initial,generation_log,-0.256349568251,-0.256349568251,177,0.0151,0.2,119,0.0129,0.18,-0.487394957983,-0.170542635659,-0.111111111111,,
classic_revolution_8x5,RTLLM,Prob047_instr_reg,sequential,0,9189328b-ba7f-4338-bead-82c78f763055,initial,generation_log,-0.256349568251,-0.256349568251,177,0.0151,0.2,119,0.0129,0.18,-0.487394957983,-0.170542635659,-0.111111111111,,
classic_revolution_8x5,RTLLM,Prob047_instr_reg,sequential,0,9101292f-b103-4cf2-a7ba-dc8111db9621,initial,generation_log,-0.016372440449,-0.016372440449,123,0.0131,0.18,119,0.0129,0.18,-0.0336134453782,-0.015503875969,0,,
classic_revolution_8x5,RTLLM,Prob047_instr_reg,sequential,1,ab21e00f-0b54-4bf2-8c2c-6ff05a3c647b,M-R,generation_log,-0.256349568251,-0.256349568251,177,0.0151,0.2,119,0.0129,0.18,-0.487394957983,-0.170542635659,-0.111111111111,,
classic_revolution_8x5,RTLLM,Prob047_instr_reg,sequential,1,6c5792f4-6537-4a45-91f1-6a1e324e4af9,C-F,generation_log,-0.177726387713,-0.177726387713,162,0.0144,0.19,119,0.0129,0.18,-0.361344537815,-0.116279069767,-0.0555555555556,,
classic_revolution_8x5,RTLLM,Prob047_instr_reg,sequential,1,08208af0-07f0-4ac6-bba5-e2ff495f1f5e,M-I,generation_log,-0.016372440449,-0.016372440449,123,0.0131,0.18,119,0.0129,0.18,-0.0336134453782,-0.015503875969,0,,
classic_revolution_8x5,RTLLM,Prob047_instr_reg,sequential,1,e510ed94-fd66-4795-aaf6-90e1567f17e2,M-S,generation_log,-0.177726387713,-0.177726387713,162,0.0144,0.19,119,0.0129,0.18,-0.361344537815,-0.116279069767,-0.0555555555556,,
classic_revolution_8x5,RTLLM,Prob047_instr_reg,sequential,1,8845415b-cf64-4618-a2dd-b830bc8820b7,M-R,generation_log,-0.016372440449,-0.016372440449,123,0.0131,0.18,119,0.0129,0.18,-0.0336134453782,-0.015503875969,0,,
classic_revolution_8x5,RTLLM,Prob047_instr_reg,sequential,2,c96a96fb-bf89-4f0e-830a-71a4a5537519,M-S,generation_log,-0.256349568251,-0.256349568251,177,0.0151,0.2,119,0.0129,0.18,-0.487394957983,-0.170542635659,-0.111111111111,,
classic_revolution_8x5,RTLLM,Prob047_instr_reg,sequential,2,e99b2742-3c41-428d-b28f-3ea824033a67,M-E,generation_log,-0.256349568251,-0.256349568251,177,0.0151,0.2,119,0.0129,0.18,-0.487394957983,-0.170542635659,-0.111111111111,,
classic_revolution_8x5,RTLLM,Prob047_instr_reg,sequential,2,785c80e3-586d-4096-b9e6-67a9dc610731,M-S,generation_log,-0.0572963035343,-0.0572963035343,129,0.0126,0.2,119,0.0129,0.18,-0.0840336134454,0.0232558139535,-0.111111111111,,
classic_revolution_8x5,RTLLM,Prob047_instr_reg,sequential,2,489bff9e-8f9b-4690-b604-ef34249d37f5,M-S,generation_log,-0.256349568251,-0.256349568251,177,0.0151,0.2,119,0.0129,0.18,-0.487394957983,-0.170542635659,-0.111111111111,,
classic_revolution_8x5,RTLLM,Prob047_instr_reg,sequential,2,f70402fb-88c1-4a1b-a2b9-8b2ab7a07f26,M-S,generation_log,-0.256349568251,-0.256349568251,177,0.0151,0.2,119,0.0129,0.18,-0.487394957983,-0.170542635659,-0.111111111111,,
classic_revolution_8x5,RTLLM,Prob047_instr_reg,sequential,2,d1596399-4c54-459e-b9ee-65c46ebeb6c3,M-S,generation_log,-0.256349568251,-0.256349568251,177,0.0151,0.2,119,0.0129,0.18,-0.487394957983,-0.170542635659,-0.111111111111,,
classic_revolution_8x5,RTLLM,Prob047_instr_reg,sequential,2,92b6ca62-b747-4ef4-ac47-8e2cfd64340b,M-E,generation_log,-0.161773753429,-0.161773753429,152,0.0163,0.17,119,0.0129,0.18,-0.27731092437,-0.263565891473,0.0555555555556,,
classic_revolution_8x5,RTLLM,Prob047_instr_reg,sequential,3,07701bdc-ca4a-491f-a872-9387a8a47324,C-F,generation_log,-0.0572963035343,-0.0572963035343,129,0.0126,0.2,119,0.0129,0.18,-0.0840336134454,0.0232558139535,-0.111111111111,,
classic_revolution_8x5,RTLLM,Prob047_instr_reg,sequential,3,6a5227f9-bdf6-471d-983a-5ca284b33638,M-I,generation_log,-0.256349568251,-0.256349568251,177,0.0151,0.2,119,0.0129,0.18,-0.487394957983,-0.170542635659,-0.111111111111,,
classic_revolution_8x5,RTLLM,Prob047_instr_reg,sequential,3,0156be79-81f3-4f86-8772-7847f0176915,M-S,generation_log,-0.256349568251,-0.256349568251,177,0.0151,0.2,119,0.0129,0.18,-0.487394957983,-0.170542635659,-0.111111111111,,
classic_revolution_8x5,RTLLM,Prob047_instr_reg,sequential,3,865aba40-b16b-4a17-8428-1af9c05f1b02,C-F,generation_log,-0.177726387713,-0.177726387713,162,0.0144,0.19,119,0.0129,0.18,-0.361344537815,-0.116279069767,-0.0555555555556,,
classic_revolution_8x5,RTLLM,Prob047_instr_reg,sequential,3,d080691f-e148-4afd-af32-16f91cba3157,C-F,generation_log,-0.256349568251,-0.256349568251,177,0.0151,0.2,119,0.0129,0.18,-0.487394957983,-0.170542635659,-0.111111111111,,
classic_revolution_8x5,RTLLM,Prob047_instr_reg,sequential,4,4797220d-989a-4981-83af-52a029ee3e45,C-F,generation_log,-0.256349568251,-0.256349568251,177,0.0151,0.2,119,0.0129,0.18,-0.487394957983,-0.170542635659,-0.111111111111,,
classic_revolution_8x5,RTLLM,Prob047_instr_reg,sequential,4,fcaffe1c-f6c1-4517-9ce8-5ef62ec983d0,M-S,generation_log,-0.256349568251,-0.256349568251,177,0.0151,0.2,119,0.0129,0.18,-0.487394957983,-0.170542635659,-0.111111111111,,
classic_revolution_8x5,RTLLM,Prob047_instr_reg,sequential,4,56e0c89e-48f1-41a9-b0e2-e7f6f2528c8e,M-I,generation_log,-0.256349568251,-0.256349568251,177,0.0151,0.2,119,0.0129,0.18,-0.487394957983,-0.170542635659,-0.111111111111,,
classic_revolution_8x5,RTLLM,Prob047_instr_reg,sequential,4,9840174e-da2d-42ec-ba99-d12cd25010d6,M-E,generation_log,-0.256349568251,-0.256349568251,177,0.0151,0.2,119,0.0129,0.18,-0.487394957983,-0.170542635659,-0.111111111111,,
classic_revolution_8x5,RTLLM,Prob047_instr_reg,sequential,4,d2d48491-6f9f-4a56-ba53-e878ff753d59,M-S,generation_log,-0.256349568251,-0.256349568251,177,0.0151,0.2,119,0.0129,0.18,-0.487394957983,-0.170542635659,-0.111111111111,,
classic_revolution_8x5,RTLLM,Prob047_instr_reg,sequential,4,ec0684a2-5107-47d9-8af2-47bf7078a81b,M-R,generation_log,-0.016372440449,-0.016372440449,123,0.0131,0.18,119,0.0129,0.18,-0.0336134453782,-0.015503875969,0,,
classic_revolution_8x5,RTLLM,Prob047_instr_reg,sequential,5,d996ba28-2194-4108-a712-5b16ef893eed,C-F,generation_log,-0.256349568251,-0.256349568251,177,0.0151,0.2,119,0.0129,0.18,-0.487394957983,-0.170542635659,-0.111111111111,,
classic_revolution_8x5,RTLLM,Prob047_instr_reg,sequential,5,e7aaba08-852b-4a35-874c-62981f38686b,M-I,generation_log,-0.256349568251,-0.256349568251,177,0.0151,0.2,119,0.0129,0.18,-0.487394957983,-0.170542635659,-0.111111111111,,
classic_revolution_8x5,RTLLM,Prob047_instr_reg,sequential,5,5886c0ae-c8a7-436b-a31e-d39de96ffd58,M-I,generation_log,-0.256349568251,-0.256349568251,177,0.0151,0.2,119,0.0129,0.18,-0.487394957983,-0.170542635659,-0.111111111111,,
classic_revolution_8x5,RTLLM,Prob047_instr_reg,sequential,5,0ff885d2-db53-44c4-aa7a-5df7f729bdd3,M-R,generation_log,-0.256349568251,-0.256349568251,177,0.0151,0.2,119,0.0129,0.18,-0.487394957983,-0.170542635659,-0.111111111111,,
classic_revolution_8x5,RTLLM,Prob047_instr_reg,sequential,5,882e974d-dd65-4ee9-810b-525d222f7651,M-I,generation_log,-0.256349568251,-0.256349568251,177,0.0151,0.2,119,0.0129,0.18,-0.487394957983,-0.170542635659,-0.111111111111,,
classic_revolution_8x5,RTLLM,Prob047_instr_reg,sequential,5,9642e5df-f315-4660-b43f-98c1e62575ba,M-I,generation_log,-0.177726387713,-0.177726387713,162,0.0144,0.19,119,0.0129,0.18,-0.361344537815,-0.116279069767,-0.0555555555556,,
classic_revolution_8x5,RTLLM,Prob048_pe,sequential,0,9630fbd1-acc4-403c-9009-a943dfaeba13,initial,generation_log,-0,0,3451,0.451,1.57,3451,0.451,1.57,0,0,0,,
classic_revolution_8x5,RTLLM,Prob048_pe,sequential,0,353af664-9572-4471-a476-d6d7695b43a4,initial,generation_log,-0,0,3451,0.451,1.57,3451,0.451,1.57,0,0,0,,
classic_revolution_8x5,RTLLM,Prob048_pe,sequential,0,13dbfab4-072f-4dbb-8d99-3f8770facf86,initial,generation_log,0.000835688660356,0.000835688660356,3450,0.45,1.57,3451,0.451,1.57,0.000289771080846,0.00221729490022,0,,
classic_revolution_8x5,RTLLM,Prob048_pe,sequential,0,bba1b24f-5605-440c-949c-ae4c5373a445,initial,generation_log,0.000835688660356,0.000835688660356,3450,0.45,1.57,3451,0.451,1.57,0.000289771080846,0.00221729490022,0,,
classic_revolution_8x5,RTLLM,Prob048_pe,sequential,0,93fe1014-ec71-4b42-8629-5a240104cb15,initial,generation_log,0.000835688660356,0.000835688660356,3450,0.45,1.57,3451,0.451,1.57,0.000289771080846,0.00221729490022,0,,
classic_revolution_8x5,RTLLM,Prob048_pe,sequential,0,5ecbe3b6-bce5-4b78-bb22-90302eb3ac21,initial,generation_log,-0,0,3451,0.451,1.57,3451,0.451,1.57,0,0,0,,
classic_revolution_8x5,RTLLM,Prob048_pe,sequential,0,497a3f2e-c66b-4995-8576-e33407fd2284,initial,generation_log,-0,0,3451,0.451,1.57,3451,0.451,1.57,0,0,0,,
classic_revolution_8x5,RTLLM,Prob048_pe,sequential,0,0c5c3719-21f4-49a1-aee9-efe8e428cbda,initial,generation_log,0.000835688660356,0.000835688660356,3450,0.45,1.57,3451,0.451,1.57,0.000289771080846,0.00221729490022,0,,
classic_revolution_8x5,RTLLM,Prob048_pe,sequential,1,449df8ba-5fa8-4999-bfeb-bc63b72a522e,M-S,generation_log,0.00555029869928,0.00555029869928,3451,0.432,1.61,3451,0.451,1.57,0,0.0421286031042,-0.0254777070064,,
classic_revolution_8x5,RTLLM,Prob048_pe,sequential,1,8112c027-12c1-455c-9643-1af0579a92e1,M-R,generation_log,0.00651435662643,0.00651435662643,3463,0.432,1.6,3451,0.451,1.57,-0.00347725297015,0.0421286031042,-0.0191082802548,,
classic_revolution_8x5,RTLLM,Prob048_pe,sequential,1,747e15eb-4995-4247-8754-85ab2c7b77bc,M-R,generation_log,0.00555029869928,0.00555029869928,3451,0.432,1.61,3451,0.451,1.57,0,0.0421286031042,-0.0254777070064,,
classic_revolution_8x5,RTLLM,Prob048_pe,sequential,2,317cf3ee-06af-4c56-993e-8dd0ecfa4813,M-S,generation_log,0.000835688660356,0.000835688660356,3450,0.45,1.57,3451,0.451,1.57,0.000289771080846,0.00221729490022,0,,
classic_revolution_8x5,RTLLM,Prob048_pe,sequential,2,bf836ae0-a607-4808-8f67-dcdacf04ddf9,M-S,generation_log,0.000835688660356,0.000835688660356,3450,0.45,1.57,3451,0.451,1.57,0.000289771080846,0.00221729490022,0,,
classic_revolution_8x5,RTLLM,Prob048_pe,sequential,4,349797a2-33a4-4d95-906b-c746ff265aea,M-S,generation_log,0.000835688660356,0.000835688660356,3450,0.45,1.57,3451,0.451,1.57,0.000289771080846,0.00221729490022,0,,
classic_revolution_8x5,RTLLM,Prob048_pe,sequential,4,765a850c-9a1a-416f-bb4f-959561e064d9,M-S,generation_log,0.00555029869928,0.00555029869928,3451,0.432,1.61,3451,0.451,1.57,0,0.0421286031042,-0.0254777070064,,
classic_revolution_8x5,RTLLM,Prob048_pe,sequential,4,1ecc8650-1f24-4e10-94a9-1601e85af2ac,M-S,generation_log,0.00555029869928,0.00555029869928,3451,0.432,1.61,3451,0.451,1.57,0,0.0421286031042,-0.0254777070064,,
classic_revolution_8x5,RTLLM,Prob048_pe,sequential,4,77615cad-228e-46c2-b1cf-aa049f8e1c07,M-S,generation_log,0.000835688660356,0.000835688660356,3450,0.45,1.57,3451,0.451,1.57,0.000289771080846,0.00221729490022,0,,
classic_revolution_8x5,RTLLM,Prob048_pe,sequential,5,c817a357-5240-40dd-846b-4281f4325ab9,M-S,generation_log,0.00555029869928,0.00555029869928,3451,0.432,1.61,3451,0.451,1.57,0,0.0421286031042,-0.0254777070064,,
classic_revolution_8x5,RTLLM,Prob048_pe,sequential,5,2969e707-808b-4900-bd81-89b8b34f0f34,C-F,generation_log,0.00651435662643,0.00651435662643,3463,0.432,1.6,3451,0.451,1.57,-0.00347725297015,0.0421286031042,-0.0191082802548,,
classic_revolution_8x5,RTLLM,Prob049_signal_generator,sequential,0,271dc26b-cbf7-43ac-a42a-eb374b48ee8b,initial,generation_log,0.234774694403,0.234774694403,82,0.00252,0.38,94,0.00467,0.43,0.127659574468,0.460385438972,0.116279069767,,
classic_revolution_8x5,RTLLM,Prob049_signal_generator,sequential,0,ae578640-e777-4b29-9368-b8c603e8ab81,initial,generation_log,0.234774694403,0.234774694403,82,0.00252,0.38,94,0.00467,0.43,0.127659574468,0.460385438972,0.116279069767,,
classic_revolution_8x5,RTLLM,Prob049_signal_generator,sequential,0,c98482ed-5ad4-40f8-ba7d-6e8d98bc739f,initial,generation_log,0.234774694403,0.234774694403,82,0.00252,0.38,94,0.00467,0.43,0.127659574468,0.460385438972,0.116279069767,,
classic_revolution_8x5,RTLLM,Prob049_signal_generator,sequential,0,a683a0c8-937e-4616-ab89-dc395edc4221,initial,generation_log,0.234774694403,0.234774694403,82,0.00252,0.38,94,0.00467,0.43,0.127659574468,0.460385438972,0.116279069767,,
classic_revolution_8x5,RTLLM,Prob049_signal_generator,sequential,0,339efa21-8c64-4561-9496-6ca174c19bf7,initial,generation_log,0.234774694403,0.234774694403,82,0.00252,0.38,94,0.00467,0.43,0.127659574468,0.460385438972,0.116279069767,,
classic_revolution_8x5,RTLLM,Prob049_signal_generator,sequential,0,214e9781-fa3b-455a-b545-b253095914da,initial,generation_log,0.234774694403,0.234774694403,82,0.00252,0.38,94,0.00467,0.43,0.127659574468,0.460385438972,0.116279069767,,
classic_revolution_8x5,RTLLM,Prob049_signal_generator,sequential,1,405a7c1e-731c-4bfe-9c9a-77a6b2d61252,M-S,generation_log,0.234774694403,0.234774694403,82,0.00252,0.38,94,0.00467,0.43,0.127659574468,0.460385438972,0.116279069767,,
classic_revolution_8x5,RTLLM,Prob049_signal_generator,sequential,1,3e60e284-54cd-4370-a8ce-fb377fdcbc9d,M-I,generation_log,0.000593694826732,0.000593694826732,88,0.00572,0.36,94,0.00467,0.43,0.063829787234,-0.224839400428,0.162790697674,,
classic_revolution_8x5,RTLLM,Prob049_signal_generator,sequential,2,f26ecc2d-6757-46d1-a6e0-7a48a8bf2b4b,M-E,generation_log,0.259849383048,0.259849383048,54,0.00432,0.31,94,0.00467,0.43,0.425531914894,0.0749464668094,0.279069767442,,
classic_revolution_8x5,RTLLM,Prob049_signal_generator,sequential,2,0db32043-d49f-425c-8ca0-060a039fd8e8,M-R,generation_log,0.234774694403,0.234774694403,82,0.00252,0.38,94,0.00467,0.43,0.127659574468,0.460385438972,0.116279069767,,
classic_revolution_8x5,RTLLM,Prob049_signal_generator,sequential,2,f69e454d-cb3e-4027-9f27-305ea20e56af,M-S,generation_log,0.234774694403,0.234774694403,82,0.00252,0.38,94,0.00467,0.43,0.127659574468,0.460385438972,0.116279069767,,
classic_revolution_8x5,RTLLM,Prob049_signal_generator,sequential,2,9b282984-0b69-48d3-9686-c1f3a9fa8c4b,M-S,generation_log,0.0474607979527,0.0474607979527,73,0.0057,0.37,94,0.00467,0.43,0.223404255319,-0.220556745182,0.139534883721,,
classic_revolution_8x5,RTLLM,Prob049_signal_generator,sequential,2,a3ced7ef-c25f-4dc6-ab3a-8e69c765c527,C-F,generation_log,0.0474607979527,0.0474607979527,73,0.0057,0.37,94,0.00467,0.43,0.223404255319,-0.220556745182,0.139534883721,,
classic_revolution_8x5,RTLLM,Prob049_signal_generator,sequential,2,93939730-9ef3-4544-95b0-8226f48da050,C-F,generation_log,0.0213329278832,0.0213329278832,81,0.00556,0.38,94,0.00467,0.43,0.13829787234,-0.190578158458,0.116279069767,,
classic_revolution_8x5,RTLLM,Prob049_signal_generator,sequential,2,76877bc9-de54-4cab-8e08-2562301cf551,M-R,generation_log,0.0517434531989,0.0517434531989,73,0.00564,0.37,94,0.00467,0.43,0.223404255319,-0.207708779443,0.139534883721,,
classic_revolution_8x5,RTLLM,Prob049_signal_generator,sequential,3,9a20e63c-5fe6-4c19-bdad-d724aa436f69,C-F,generation_log,0.0474607979527,0.0474607979527,73,0.0057,0.37,94,0.00467,0.43,0.223404255319,-0.220556745182,0.139534883721,,
classic_revolution_8x5,RTLLM,Prob049_signal_generator,sequential,4,7330e343-6d23-466a-be07-85325e7e075f,C-F,generation_log,0.0517434531989,0.0517434531989,73,0.00564,0.37,94,0.00467,0.43,0.223404255319,-0.207708779443,0.139534883721,,
classic_revolution_8x5,RTLLM,Prob049_signal_generator,sequential,4,5ed7c0e3-886d-4b9f-8b30-71bada50aa25,M-S,generation_log,0.207437714137,0.207437714137,77,0.00326,0.37,94,0.00467,0.43,0.18085106383,0.301927194861,0.139534883721,,
classic_revolution_8x5,RTLLM,Prob049_signal_generator,sequential,5,c5c50002-3d67-4907-8374-d44aaaf3e11f,C-F,generation_log,0.207437714137,0.207437714137,77,0.00326,0.37,94,0.00467,0.43,0.18085106383,0.301927194861,0.139534883721,,
classic_revolution_8x5,RTLLM,Prob049_signal_generator,sequential,5,b6da848d-1ae5-454e-93ae-27ee85e44afb,M-I,generation_log,0.234774694403,0.234774694403,82,0.00252,0.38,94,0.00467,0.43,0.127659574468,0.460385438972,0.116279069767,,
classic_revolution_8x5,RTLLM,Prob049_signal_generator,sequential,5,760bc3ae-b087-41dc-9cc1-022cb7da685a,C-F,generation_log,0.0474607979527,0.0474607979527,73,0.0057,0.37,94,0.00467,0.43,0.223404255319,-0.220556745182,0.139534883721,,
classic_revolution_8x5,RTLLM,Prob049_signal_generator,sequential,5,516eb2fd-3c3a-449a-af0b-c08f80906e3b,C-F,generation_log,0.234774694403,0.234774694403,82,0.00252,0.38,94,0.00467,0.43,0.127659574468,0.460385438972,0.116279069767,,
classic_revolution_8x5,RTLLM,Prob049_signal_generator,sequential,5,af8ddc8e-2863-4bdf-bf61-370b28baae94,M-I,generation_log,0.207437714137,0.207437714137,77,0.00326,0.37,94,0.00467,0.43,0.18085106383,0.301927194861,0.139534883721,,
classic_revolution_8x5,RTLLM,Prob050_square_wave,sequential,0,60c83482-422f-41ea-a241-e3d35132117b,initial,generation_log,-0.159505097586,-0.159505097586,148,0.0292,0.4,119,0.0247,0.38,-0.243697478992,-0.182186234818,-0.0526315789474,,
classic_revolution_8x5,RTLLM,Prob050_square_wave,sequential,0,9bec87ea-37a8-4fb8-bfd0-829fbfe82e44,initial,generation_log,-0.016602592454,-0.016602592454,123,0.0251,0.38,119,0.0247,0.38,-0.0336134453782,-0.0161943319838,0,,
classic_revolution_8x5,RTLLM,Prob050_square_wave,sequential,0,b73f24ca-bbac-4e47-9cb8-affac4151a36,initial,generation_log,-0,0,119,0.0247,0.38,119,0.0247,0.38,0,0,0,,
classic_revolution_8x5,RTLLM,Prob050_square_wave,sequential,0,47755763-b57e-44d3-b257-659fa9b19d31,initial,generation_log,0.00684970344413,0.00684970344413,118,0.0244,0.38,119,0.0247,0.38,0.00840336134454,0.0121457489879,0,,
classic_revolution_8x5,RTLLM,Prob050_square_wave,sequential,0,e8ad2e0c-3f68-45e7-acbe-fd89912d3422,initial,generation_log,0.00684970344413,0.00684970344413,118,0.0244,0.38,119,0.0247,0.38,0.00840336134454,0.0121457489879,0,,
classic_revolution_8x5,RTLLM,Prob050_square_wave,sequential,0,97bf3fa6-784e-407e-9e87-22b3c3d34f04,initial,generation_log,-0.016602592454,-0.016602592454,123,0.0251,0.38,119,0.0247,0.38,-0.0336134453782,-0.0161943319838,0,,
classic_revolution_8x5,RTLLM,Prob050_square_wave,sequential,0,d4f2be8a-2ccb-4848-8408-25d3c77afa7a,initial,generation_log,-0.03081232493,-0.03081232493,130,0.0234,0.4,119,0.0247,0.38,-0.0924369747899,0.0526315789474,-0.0526315789474,,
classic_revolution_8x5,RTLLM,Prob050_square_wave,sequential,0,b5d4a90d-07a9-4be0-a772-d83a458b49e1,initial,generation_log,0.00684970344413,0.00684970344413,118,0.0244,0.38,119,0.0247,0.38,0.00840336134454,0.0121457489879,0,,
classic_revolution_8x5,RTLLM,Prob050_square_wave,sequential,1,f467a971-412d-4e29-81c0-5d99384e0265,C-F,generation_log,0.00455890858368,0.00455890858368,114,0.0254,0.38,119,0.0247,0.38,0.0420168067227,-0.0283400809717,0,,
classic_revolution_8x5,RTLLM,Prob050_square_wave,sequential,1,d7dcc644-d125-45bb-aed3-1a54a8380da9,M-R,generation_log,0.135667222355,0.135667222355,112,0.0174,0.36,119,0.0247,0.38,0.0588235294118,0.295546558704,0.0526315789474,,
classic_revolution_8x5,RTLLM,Prob050_square_wave,sequential,1,306cdb4d-d65e-40e4-a621-acac04cf9cb8,M-S,generation_log,0.135667222355,0.135667222355,112,0.0174,0.36,119,0.0247,0.38,0.0588235294118,0.295546558704,0.0526315789474,,
classic_revolution_8x5,RTLLM,Prob050_square_wave,sequential,1,1b3d36f8-6895-4b8d-8076-359e260746a1,M-I,generation_log,0.135667222355,0.135667222355,112,0.0174,0.36,119,0.0247,0.38,0.0588235294118,0.295546558704,0.0526315789474,,
classic_revolution_8x5,RTLLM,Prob050_square_wave,sequential,1,fba856bb-f7f9-4278-ba07-f390560d78fa,M-R,generation_log,-0.0493825060389,-0.0493825060389,107,0.0237,0.49,119,0.0247,0.38,0.100840336134,0.0404858299595,-0.289473684211,,
classic_revolution_8x5,RTLLM,Prob050_square_wave,sequential,1,963fcc5d-7b23-49f8-879b-1cc1a0df986e,M-I,generation_log,-0.143083954229,-0.143083954229,159,0.027,0.38,119,0.0247,0.38,-0.336134453782,-0.0931174089069,0,,
classic_revolution_8x5,RTLLM,Prob050_square_wave,sequential,1,8862c9df-0936-4b27-a2a2-1d2c7ddae21e,M-R,generation_log,0.00684970344413,0.00684970344413,118,0.0244,0.38,119,0.0247,0.38,0.00840336134454,0.0121457489879,0,,
classic_revolution_8x5,RTLLM,Prob050_square_wave,sequential,2,ba2bd2e3-b52f-488f-b4c3-6fc04d1c6e1a,M-E,generation_log,-0.03081232493,-0.03081232493,130,0.0234,0.4,119,0.0247,0.38,-0.0924369747899,0.0526315789474,-0.0526315789474,,
classic_revolution_8x5,RTLLM,Prob050_square_wave,sequential,2,f401442a-9e2f-44e4-955f-32bb8c23d27c,M-S,generation_log,0.135667222355,0.135667222355,112,0.0174,0.36,119,0.0247,0.38,0.0588235294118,0.295546558704,0.0526315789474,,
classic_revolution_8x5,RTLLM,Prob050_square_wave,sequential,2,0c7b005f-c45f-49c4-ba32-55b162c48279,M-S,generation_log,0.0847934315427,0.0847934315427,108,0.0207,0.38,119,0.0247,0.38,0.0924369747899,0.161943319838,0,,
classic_revolution_8x5,RTLLM,Prob050_square_wave,sequential,2,939ac342-62cb-42f8-bd12-cd52e558c45f,M-S,generation_log,-0.031713900135,-0.031713900135,119,0.0199,0.49,119,0.0247,0.38,0,0.194331983806,-0.289473684211,,
classic_revolution_8x5,RTLLM,Prob050_square_wave,sequential,2,3535d14a-445a-476a-befb-18423e753f0a,M-S,generation_log,0.135667222355,0.135667222355,112,0.0174,0.36,119,0.0247,0.38,0.0588235294118,0.295546558704,0.0526315789474,,
classic_revolution_8x5,RTLLM,Prob050_square_wave,sequential,2,5275a28c-ab08-469e-8d2a-b848e9864475,M-S,generation_log,0.0847934315427,0.0847934315427,108,0.0207,0.38,119,0.0247,0.38,0.0924369747899,0.161943319838,0,,
classic_revolution_8x5,RTLLM,Prob050_square_wave,sequential,2,4f394b94-9cad-40cd-a2ac-4e2b24bd79ae,M-R,generation_log,0.141473593486,0.141473593486,108,0.0178,0.36,119,0.0247,0.38,0.0924369747899,0.279352226721,0.0526315789474,,
classic_revolution_8x5,RTLLM,Prob050_square_wave,sequential,3,099de39f-e325-40b8-a0c7-a37d05277696,M-I,generation_log,0.192693271641,0.192693271641,102,0.0159,0.35,119,0.0247,0.38,0.142857142857,0.356275303644,0.0789473684211,,
classic_revolution_8x5,RTLLM,Prob050_square_wave,sequential,3,82533c4f-8a17-45fa-b275-efb5e9204821,M-R,generation_log,0.00713321765953,0.00713321765953,102,0.0212,0.48,119,0.0247,0.38,0.142857142857,0.141700404858,-0.263157894737,,
classic_revolution_8x5,RTLLM,Prob050_square_wave,sequential,3,dda64f51-84a2-4486-a43b-0ecdeec231ec,M-I,generation_log,0.107123011148,0.107123011148,114,0.0191,0.36,119,0.0247,0.38,0.0420168067227,0.226720647773,0.0526315789474,,
classic_revolution_8x5,RTLLM,Prob050_square_wave,sequential,3,a8514fda-f6b4-4d78-9af1-08607688fbf8,M-S,generation_log,-0.0277050091292,-0.0277050091292,126,0.0253,0.38,119,0.0247,0.38,-0.0588235294118,-0.0242914979757,0,,
classic_revolution_8x5,RTLLM,Prob050_square_wave,sequential,3,fa50e92a-ba6b-4d34-b924-3f623167f829,M-I,generation_log,-0.0277050091292,-0.0277050091292,126,0.0253,0.38,119,0.0247,0.38,-0.0588235294118,-0.0242914979757,0,,
classic_revolution_8x5,RTLLM,Prob050_square_wave,sequential,3,590f0be9-7ee1-47ab-a821-a58fbaf57cc5,C-F,generation_log,0.109924131596,0.109924131596,113,0.0191,0.36,119,0.0247,0.38,0.0504201680672,0.226720647773,0.0526315789474,,
classic_revolution_8x5,RTLLM,Prob050_square_wave,sequential,3,529252a5-a06e-4e2f-8eeb-da1111c1fabd,M-I,generation_log,0.135667222355,0.135667222355,112,0.0174,0.36,119,0.0247,0.38,0.0588235294118,0.295546558704,0.0526315789474,,
classic_revolution_8x5,RTLLM,Prob050_square_wave,sequential,4,935d28e7-0396-4d01-abf7-771daf398dd0,M-R,generation_log,0.0847934315427,0.0847934315427,108,0.0207,0.38,119,0.0247,0.38,0.0924369747899,0.161943319838,0,,
classic_revolution_8x5,RTLLM,Prob050_square_wave,sequential,4,c06dfb4e-0e4e-4405-8d56-a2305fa38b58,M-R,generation_log,0.0485886662357,0.0485886662357,152,0.0149,0.37,119,0.0247,0.38,-0.27731092437,0.396761133603,0.0263157894737,,
classic_revolution_8x5,RTLLM,Prob050_square_wave,sequential,4,79a261e3-b914-4797-ac77-b6a375007442,M-R,generation_log,-0.0277050091292,-0.0277050091292,126,0.0253,0.38,119,0.0247,0.38,-0.0588235294118,-0.0242914979757,0,,
classic_revolution_8x5,RTLLM,Prob050_square_wave,sequential,4,32253118-2b7d-48fc-9574-a8a4b46b29c6,M-S,generation_log,-0.0248018235634,-0.0248018235634,124,0.0255,0.38,119,0.0247,0.38,-0.0420168067227,-0.0323886639676,0,,
classic_revolution_8x5,RTLLM,Prob050_square_wave,sequential,4,f0a5da27-9054-48e6-a4e5-87642ce440d5,M-S,generation_log,0.00684970344413,0.00684970344413,118,0.0244,0.38,119,0.0247,0.38,0.00840336134454,0.0121457489879,0,,
classic_revolution_8x5,RTLLM,Prob050_square_wave,sequential,4,9e8651fb-61e0-42c4-bc8b-124fd93823d5,C-F,generation_log,-0.0673289558738,-0.0673289558738,144,0.0245,0.38,119,0.0247,0.38,-0.210084033613,0.0080971659919,0,,
classic_revolution_8x5,RTLLM,Prob050_square_wave,sequential,4,bb86f66e-9284-4bd9-9dd1-12ced73a7422,M-I,generation_log,-0.159913358056,-0.159913358056,152,0.0232,0.48,119,0.0247,0.38,-0.27731092437,0.0607287449393,-0.263157894737,,
classic_revolution_8x5,RTLLM,Prob050_square_wave,sequential,4,a505b96c-48e9-4b6e-a253-53085cf557da,M-R,generation_log,0.00684970344413,0.00684970344413,118,0.0244,0.38,119,0.0247,0.38,0.00840336134454,0.0121457489879,0,,
classic_revolution_8x5,RTLLM,Prob050_square_wave,sequential,5,8ec496a6-95f0-4327-ba66-f840c5c2fc57,C-F,generation_log,0.0663706778258,0.0663706778258,110,0.021,0.39,119,0.0247,0.38,0.0756302521008,0.14979757085,-0.0263157894737,,
classic_revolution_8x5,RTLLM,Prob050_square_wave,sequential,5,8d33e017-6294-4f52-8d06-9abe767508bc,M-S,generation_log,0.00684970344413,0.00684970344413,118,0.0244,0.38,119,0.0247,0.38,0.00840336134454,0.0121457489879,0,,
classic_revolution_8x5,RTLLM,Prob050_square_wave,sequential,5,e2bad906-595c-41c7-b47e-3e7cc684f811,M-E,generation_log,-0.0364769389537,-0.0364769389537,126,0.0253,0.39,119,0.0247,0.38,-0.0588235294118,-0.0242914979757,-0.0263157894737,,
classic_revolution_8x5,RTLLM,Prob050_square_wave,sequential,5,4d3b849b-f854-430e-a532-4f8b5e1ae589,C-F,generation_log,-0.033205184908,-0.033205184908,127,0.0255,0.38,119,0.0247,0.38,-0.0672268907563,-0.0323886639676,0,,
classic_revolution_8x5,RTLLM,Prob050_square_wave,sequential,5,6837f8e7-282c-4f80-8fbb-e260f133f7d2,M-R,generation_log,0.0161149480035,0.0161149480035,133,0.0219,0.36,119,0.0247,0.38,-0.117647058824,0.113360323887,0.0526315789474,,
classic_revolution_8x5,RTLLM,Prob050_square_wave,sequential,5,bec35079-fb3e-494e-a8a4-6e0713c7bb6d,M-E,generation_log,0.176610077229,0.176610077229,130,0.00933,0.38,119,0.0247,0.38,-0.0924369747899,0.622267206478,0,,
classic_revolution_8x5,RTLLM,Prob050_square_wave,sequential,5,dd46ceb3-7e0a-4a63-a14d-745dfcd9d960,C-F,generation_log,-0.105501309836,-0.105501309836,161,0.0251,0.36,119,0.0247,0.38,-0.352941176471,-0.0161943319838,0.0526315789474,,
classic_revolution_8x5,RTLLM,Prob050_square_wave,sequential,5,ed052b27-3226-432d-a4ad-89a891d59ce8,M-I,generation_log,-0.0249662618084,-0.0249662618084,119,0.0233,0.43,119,0.0247,0.38,0,0.0566801619433,-0.131578947368,,
size_control_3d,RTLLM,Prob001_accu,sequential,0,8d2ae4a9-b268-467e-8018-feeeafa522e7,initial,generation_log,-0.115166272415,-0.115166272415,245,0.057,0.49,191,0.0468,0.58,-0.282722513089,-0.217948717949,0.155172413793,/workspace/exp/natural_qd_push/p3c_bd_sweep_20260704_093150_UTC/live/size_control_3d/seed_1001/openai_gpt-oss-120b/RTLLM/Prob001_accu/Gen0/Prob001_accu_sample1_initial,
size_control_3d,RTLLM,Prob001_accu,sequential,0,c4404a25-9b2a-4e91-8aad-e399c032050b,initial,generation_log,-0.115166272415,-0.115166272415,245,0.057,0.49,191,0.0468,0.58,-0.282722513089,-0.217948717949,0.155172413793,/workspace/exp/natural_qd_push/p3c_bd_sweep_20260704_093150_UTC/live/size_control_3d/seed_1001/openai_gpt-oss-120b/RTLLM/Prob001_accu/Gen0/Prob001_accu_sample2_initial,
size_control_3d,RTLLM,Prob001_accu,sequential,0,a9b8e51d-9c78-401d-a993-98dce00d18ab,initial,generation_log,-0.115166272415,-0.115166272415,245,0.057,0.49,191,0.0468,0.58,-0.282722513089,-0.217948717949,0.155172413793,/workspace/exp/natural_qd_push/p3c_bd_sweep_20260704_093150_UTC/live/size_control_3d/seed_1001/openai_gpt-oss-120b/RTLLM/Prob001_accu/Gen0/Prob001_accu_sample3_initial,
size_control_3d,RTLLM,Prob001_accu,sequential,0,975f3cf6-345b-4803-b9ef-5673c7d9a5a7,initial,generation_log,-0.115166272415,-0.115166272415,245,0.057,0.49,191,0.0468,0.58,-0.282722513089,-0.217948717949,0.155172413793,/workspace/exp/natural_qd_push/p3c_bd_sweep_20260704_093150_UTC/live/size_control_3d/seed_1001/openai_gpt-oss-120b/RTLLM/Prob001_accu/Gen0/Prob001_accu_sample4_initial,
size_control_3d,RTLLM,Prob001_accu,sequential,0,b5521a98-e9f2-420a-baf8-8bd6e7b35f85,initial,generation_log,-0.115166272415,-0.115166272415,245,0.057,0.49,191,0.0468,0.58,-0.282722513089,-0.217948717949,0.155172413793,/workspace/exp/natural_qd_push/p3c_bd_sweep_20260704_093150_UTC/live/size_control_3d/seed_1001/openai_gpt-oss-120b/RTLLM/Prob001_accu/Gen0/Prob001_accu_sample5_initial,
size_control_3d,RTLLM,Prob001_accu,sequential,0,cb64bf5b-de9e-4a81-a970-fcdd125ef9b7,initial,generation_log,-0.115166272415,-0.115166272415,245,0.057,0.49,191,0.0468,0.58,-0.282722513089,-0.217948717949,0.155172413793,/workspace/exp/natural_qd_push/p3c_bd_sweep_20260704_093150_UTC/live/size_control_3d/seed_1001/openai_gpt-oss-120b/RTLLM/Prob001_accu/Gen0/Prob001_accu_sample6_initial,
size_control_3d,RTLLM,Prob001_accu,sequential,0,521cd230-bf4d-4d26-8e9e-e11974eafd27,initial,generation_log,-0.115166272415,-0.115166272415,245,0.057,0.49,191,0.0468,0.58,-0.282722513089,-0.217948717949,0.155172413793,/workspace/exp/natural_qd_push/p3c_bd_sweep_20260704_093150_UTC/live/size_control_3d/seed_1001/openai_gpt-oss-120b/RTLLM/Prob001_accu/Gen0/Prob001_accu_sample7_initial,
size_control_3d,RTLLM,Prob001_accu,sequential,0,4b8d5039-6f14-40e3-8504-61230d96936e,initial,generation_log,-0.109218419608,-0.109218419608,242,0.0569,0.49,191,0.0468,0.58,-0.267015706806,-0.215811965812,0.155172413793,/workspace/exp/natural_qd_push/p3c_bd_sweep_20260704_093150_UTC/live/size_control_3d/seed_1001/openai_gpt-oss-120b/RTLLM/Prob001_accu/Gen0/Prob001_accu_sample8_initial,
size_control_3d,RTLLM,Prob001_accu,sequential,1,2a19b12b-57c8-41d2-9854-f8a3e4034699,M-I,generation_log,0.0733737820757,0.0733737820757,252,0.0272,0.51,191,0.0468,0.58,-0.319371727749,0.418803418803,0.120689655172,/workspace/exp/natural_qd_push/p3c_bd_sweep_20260704_093150_UTC/live/size_control_3d/seed_1001/openai_gpt-oss-120b/RTLLM/Prob001_accu/Gen1/Prob001_accu_sample2_M-I,
size_control_3d,RTLLM,Prob001_accu,sequential,1,2519caa5-f6d3-4958-8b89-acceb11d89ef,M-I,generation_log,-0.115166272415,-0.115166272415,245,0.057,0.49,191,0.0468,0.58,-0.282722513089,-0.217948717949,0.155172413793,/workspace/exp/natural_qd_push/p3c_bd_sweep_20260704_093150_UTC/live/size_control_3d/seed_1001/openai_gpt-oss-120b/RTLLM/Prob001_accu/Gen1/Prob001_accu_sample4_M-I,
size_control_3d,RTLLM,Prob001_accu,sequential,2,9c83abf9-d614-44e7-ab9c-099f54a597d8,M-F,generation_log,0.0733737820757,0.0733737820757,252,0.0272,0.51,191,0.0468,0.58,-0.319371727749,0.418803418803,0.120689655172,/workspace/exp/natural_qd_push/p3c_bd_sweep_20260704_093150_UTC/live/size_control_3d/seed_1001/openai_gpt-oss-120b/RTLLM/Prob001_accu/Gen2/Prob001_accu_sample1_M-F,
size_control_3d,RTLLM,Prob001_accu,sequential,2,1456fcda-6701-4191-9fa8-b90c5778cfbb,M-E,generation_log,-0.115166272415,-0.115166272415,245,0.057,0.49,191,0.0468,0.58,-0.282722513089,-0.217948717949,0.155172413793,/workspace/exp/natural_qd_push/p3c_bd_sweep_20260704_093150_UTC/live/size_control_3d/seed_1001/openai_gpt-oss-120b/RTLLM/Prob001_accu/Gen2/Prob001_accu_sample2_M-E,
size_control_3d,RTLLM,Prob001_accu,sequential,2,12288ab4-cf25-41bd-9956-3c51edecbd56,M-E,generation_log,-0.834252354066,-0.834252354066,424,0.0907,0.78,191,0.0468,0.58,-1.21989528796,-0.938034188034,-0.344827586207,/workspace/exp/natural_qd_push/p3c_bd_sweep_20260704_093150_UTC/live/size_control_3d/seed_1001/openai_gpt-oss-120b/RTLLM/Prob001_accu/Gen2/Prob001_accu_sample3_M-E,
size_control_3d,RTLLM,Prob001_accu,sequential,2,f598a515-06db-46d8-8b8a-c867940f2289,M-R,generation_log,0.0733737820757,0.0733737820757,252,0.0272,0.51,191,0.0468,0.58,-0.319371727749,0.418803418803,0.120689655172,/workspace/exp/natural_qd_push/p3c_bd_sweep_20260704_093150_UTC/live/size_control_3d/seed_1001/openai_gpt-oss-120b/RTLLM/Prob001_accu/Gen2/Prob001_accu_sample4_M-R,
size_control_3d,RTLLM,Prob001_accu,sequential,2,77b95ea1-fa69-4488-a877-7de4fc976614,M-I,generation_log,0.0733737820757,0.0733737820757,252,0.0272,0.51,191,0.0468,0.58,-0.319371727749,0.418803418803,0.120689655172,/workspace/exp/natural_qd_push/p3c_bd_sweep_20260704_093150_UTC/live/size_control_3d/seed_1001/openai_gpt-oss-120b/RTLLM/Prob001_accu/Gen2/Prob001_accu_sample7_M-I,
size_control_3d,RTLLM,Prob001_accu,sequential,3,f4c94273-74e7-4276-9d44-ff2e212e0c08,M-F,generation_log,-0.115166272415,-0.115166272415,245,0.057,0.49,191,0.0468,0.58,-0.282722513089,-0.217948717949,0.155172413793,/workspace/exp/natural_qd_push/p3c_bd_sweep_20260704_093150_UTC/live/size_control_3d/seed_1001/openai_gpt-oss-120b/RTLLM/Prob001_accu/Gen3/Prob001_accu_sample1_M-F,
size_control_3d,RTLLM,Prob001_accu,sequential,3,bbd26a58-fe02-4cd5-ace3-d5e46973b1cf,M-F,generation_log,-0.115166272415,-0.115166272415,245,0.057,0.49,191,0.0468,0.58,-0.282722513089,-0.217948717949,0.155172413793,/workspace/exp/natural_qd_push/p3c_bd_sweep_20260704_093150_UTC/live/size_control_3d/seed_1001/openai_gpt-oss-120b/RTLLM/Prob001_accu/Gen3/Prob001_accu_sample3_M-F,
size_control_3d,RTLLM,Prob001_accu,sequential,3,cba65052-ab92-4cb1-9068-37e1b5512b57,M-R,generation_log,0.075831233486,0.075831233486,251,0.0271,0.51,191,0.0468,0.58,-0.314136125654,0.42094017094,0.120689655172,/workspace/exp/natural_qd_push/p3c_bd_sweep_20260704_093150_UTC/live/size_control_3d/seed_1001/openai_gpt-oss-120b/RTLLM/Prob001_accu/Gen3/Prob001_accu_sample5_M-R,
size_control_3d,RTLLM,Prob001_accu,sequential,3,dbfd7760-a765-4b9b-b6ea-99a0e654408d,M-I,generation_log,-0.115166272415,-0.115166272415,245,0.057,0.49,191,0.0468,0.58,-0.282722513089,-0.217948717949,0.155172413793,/workspace/exp/natural_qd_push/p3c_bd_sweep_20260704_093150_UTC/live/size_control_3d/seed_1001/openai_gpt-oss-120b/RTLLM/Prob001_accu/Gen3/Prob001_accu_sample6_M-I,
size_control_3d,RTLLM,Prob001_accu,sequential,3,6311a175-cd78-460d-99da-d799e3c72949,M-S,generation_log,-0.115166272415,-0.115166272415,245,0.057,0.49,191,0.0468,0.58,-0.282722513089,-0.217948717949,0.155172413793,/workspace/exp/natural_qd_push/p3c_bd_sweep_20260704_093150_UTC/live/size_control_3d/seed_1001/openai_gpt-oss-120b/RTLLM/Prob001_accu/Gen3/Prob001_accu_sample8_M-S,
size_control_3d,RTLLM,Prob001_accu,sequential,4,73d37f1d-44dc-4987-94cf-16c9013686a3,M-E,generation_log,-0.739309552724,-0.739309552724,412,0.0908,0.65,191,0.0468,0.58,-1.15706806283,-0.940170940171,-0.120689655172,/workspace/exp/natural_qd_push/p3c_bd_sweep_20260704_093150_UTC/live/size_control_3d/seed_1001/openai_gpt-oss-120b/RTLLM/Prob001_accu/Gen4/Prob001_accu_sample1_M-E,
size_control_3d,RTLLM,Prob001_accu,sequential,4,38cda031-4378-4683-9132-e4bb5194827c,C-F,generation_log,0.075831233486,0.075831233486,251,0.0271,0.51,191,0.0468,0.58,-0.314136125654,0.42094017094,0.120689655172,/workspace/exp/natural_qd_push/p3c_bd_sweep_20260704_093150_UTC/live/size_control_3d/seed_1001/openai_gpt-oss-120b/RTLLM/Prob001_accu/Gen4/Prob001_accu_sample3_C-F,
size_control_3d,RTLLM,Prob001_accu,sequential,4,143c7977-317b-4c9f-8d52-5a4595dd7073,C-F,generation_log,-0.115166272415,-0.115166272415,245,0.057,0.49,191,0.0468,0.58,-0.282722513089,-0.217948717949,0.155172413793,/workspace/exp/natural_qd_push/p3c_bd_sweep_20260704_093150_UTC/live/size_control_3d/seed_1001/openai_gpt-oss-120b/RTLLM/Prob001_accu/Gen4/Prob001_accu_sample4_C-F,
size_control_3d,RTLLM,Prob001_accu,sequential,4,0cc27107-c13c-43be-82b5-0357f2968048,C-F,generation_log,-0.120913398852,-0.120913398852,245,0.057,0.5,191,0.0468,0.58,-0.282722513089,-0.217948717949,0.137931034483,/workspace/exp/natural_qd_push/p3c_bd_sweep_20260704_093150_UTC/live/size_control_3d/seed_1001/openai_gpt-oss-120b/RTLLM/Prob001_accu/Gen4/Prob001_accu_sample5_C-F,
size_control_3d,RTLLM,Prob001_accu,sequential,4,bc858692-4ec9-4965-8e13-2cb66fb70429,M-R,generation_log,-0.115166272415,-0.115166272415,245,0.057,0.49,191,0.0468,0.58,-0.282722513089,-0.217948717949,0.155172413793,/workspace/exp/natural_qd_push/p3c_bd_sweep_20260704_093150_UTC/live/size_control_3d/seed_1001/openai_gpt-oss-120b/RTLLM/Prob001_accu/Gen4/Prob001_accu_sample7_M-R,
size_control_3d,RTLLM,Prob001_accu,sequential,4,cff6c847-bf63-4363-9ab2-2dec8ab30224,C-F,generation_log,-0.115166272415,-0.115166272415,245,0.057,0.49,191,0.0468,0.58,-0.282722513089,-0.217948717949,0.155172413793,/workspace/exp/natural_qd_push/p3c_bd_sweep_20260704_093150_UTC/live/size_control_3d/seed_1001/openai_gpt-oss-120b/RTLLM/Prob001_accu/Gen4/Prob001_accu_sample8_C-F,
size_control_3d,RTLLM,Prob001_accu,sequential,5,b28e53f4-2acb-4178-bac4-ca400d6cbd75,C-D,generation_log,-0.115166272415,-0.115166272415,245,0.057,0.49,191,0.0468,0.58,-0.282722513089,-0.217948717949,0.155172413793,/workspace/exp/natural_qd_push/p3c_bd_sweep_20260704_093150_UTC/live/size_control_3d/seed_1001/openai_gpt-oss-120b/RTLLM/Prob001_accu/Gen5/Prob001_accu_sample1_C-D,
size_control_3d,RTLLM,Prob001_accu,sequential,5,c42781b8-904d-43d1-86a9-8178e6d8ae34,C-F,generation_log,0.0733737820757,0.0733737820757,252,0.0272,0.51,191,0.0468,0.58,-0.319371727749,0.418803418803,0.120689655172,/workspace/exp/natural_qd_push/p3c_bd_sweep_20260704_093150_UTC/live/size_control_3d/seed_1001/openai_gpt-oss-120b/RTLLM/Prob001_accu/Gen5/Prob001_accu_sample4_C-F,
size_control_3d,RTLLM,Prob001_accu,sequential,5,0142286a-91e7-4c2e-a76c-db590a4e7019,C-F,generation_log,-0.115166272415,-0.115166272415,245,0.057,0.49,191,0.0468,0.58,-0.282722513089,-0.217948717949,0.155172413793,/workspace/exp/natural_qd_push/p3c_bd_sweep_20260704_093150_UTC/live/size_control_3d/seed_1001/openai_gpt-oss-120b/RTLLM/Prob001_accu/Gen5/Prob001_accu_sample5_C-F,
size_control_3d,RTLLM,Prob001_accu,sequential,5,76bac544-420e-4efe-b7c7-d12dd64b362b,C-F,generation_log,-0.115166272415,-0.115166272415,245,0.057,0.49,191,0.0468,0.58,-0.282722513089,-0.217948717949,0.155172413793,/workspace/exp/natural_qd_push/p3c_bd_sweep_20260704_093150_UTC/live/size_control_3d/seed_1001/openai_gpt-oss-120b/RTLLM/Prob001_accu/Gen5/Prob001_accu_sample6_C-F,
size_control_3d,RTLLM,Prob001_accu,sequential,5,aea4ff40-acac-4fd1-86db-9693776c320e,C-F,generation_log,-0.115166272415,-0.115166272415,245,0.057,0.49,191,0.0468,0.58,-0.282722513089,-0.217948717949,0.155172413793,/workspace/exp/natural_qd_push/p3c_bd_sweep_20260704_093150_UTC/live/size_control_3d/seed_1001/openai_gpt-oss-120b/RTLLM/Prob001_accu/Gen5/Prob001_accu_sample7_C-F,
size_control_3d,RTLLM,Prob001_accu,sequential,5,675c22a8-7d7b-4b29-a85e-1838052e96eb,C-F,generation_log,0.0733737820757,0.0733737820757,252,0.0272,0.51,191,0.0468,0.58,-0.319371727749,0.418803418803,0.120689655172,/workspace/exp/natural_qd_push/p3c_bd_sweep_20260704_093150_UTC/live/size_control_3d/seed_1001/openai_gpt-oss-120b/RTLLM/Prob001_accu/Gen5/Prob001_accu_sample8_C-F,
size_control_3d,RTLLM,Prob002_adder_16bit,combinational,0,6c1a9447-c8cc-4341-9fc3-7e5c475e5e1a,initial,generation_log,0.2313777347,0.347066602049,119,7.78e-05,0,92,0.00628,0,-0.29347826087,0.987611464968,0,/workspace/exp/natural_qd_push/p3c_bd_sweep_20260704_093150_UTC/live/size_control_3d/seed_1001/openai_gpt-oss-120b/RTLLM/Prob002_adder_16bit/Gen0/Prob002_adder_16bit_sample1_initial,
size_control_3d,RTLLM,Prob002_adder_16bit,combinational,0,0bf611b8-7e47-4d54-b7ca-8746b683efdf,initial,generation_log,0.2313777347,0.347066602049,119,7.78e-05,0,92,0.00628,0,-0.29347826087,0.987611464968,0,/workspace/exp/natural_qd_push/p3c_bd_sweep_20260704_093150_UTC/live/size_control_3d/seed_1001/openai_gpt-oss-120b/RTLLM/Prob002_adder_16bit/Gen0/Prob002_adder_16bit_sample2_initial,
size_control_3d,RTLLM,Prob002_adder_16bit,combinational,0,444e2588-9eea-4a47-8cf7-2212e7db725a,initial,generation_log,0.399902150835,0.599853226253,73,4.28e-05,0,92,0.00628,0,0.20652173913,0.993184713376,0,/workspace/exp/natural_qd_push/p3c_bd_sweep_20260704_093150_UTC/live/size_control_3d/seed_1001/openai_gpt-oss-120b/RTLLM/Prob002_adder_16bit/Gen0/Prob002_adder_16bit_sample3_initial,
size_control_3d,RTLLM,Prob002_adder_16bit,combinational,0,4cb85438-c053-4c9d-b0ac-65c89efb1f11,initial,generation_log,0.399902150835,0.599853226253,73,4.28e-05,0,92,0.00628,0,0.20652173913,0.993184713376,0,/workspace/exp/natural_qd_push/p3c_bd_sweep_20260704_093150_UTC/live/size_control_3d/seed_1001/openai_gpt-oss-120b/RTLLM/Prob002_adder_16bit/Gen0/Prob002_adder_16bit_sample4_initial,
size_control_3d,RTLLM,Prob002_adder_16bit,combinational,0,63f37b73-27c0-46d8-9cb7-df3e1409378a,initial,generation_log,0.399902150835,0.599853226253,73,4.28e-05,0,92,0.00628,0,0.20652173913,0.993184713376,0,/workspace/exp/natural_qd_push/p3c_bd_sweep_20260704_093150_UTC/live/size_control_3d/seed_1001/openai_gpt-oss-120b/RTLLM/Prob002_adder_16bit/Gen0/Prob002_adder_16bit_sample5_initial,
size_control_3d,RTLLM,Prob002_adder_16bit,combinational,0,6fa4ccba-62ff-4039-81ab-908e6838a38e,initial,generation_log,0.2313777347,0.347066602049,119,7.78e-05,0,92,0.00628,0,-0.29347826087,0.987611464968,0,/workspace/exp/natural_qd_push/p3c_bd_sweep_20260704_093150_UTC/live/size_control_3d/seed_1001/openai_gpt-oss-120b/RTLLM/Prob002_adder_16bit/Gen0/Prob002_adder_16bit_sample7_initial,
size_control_3d,RTLLM,Prob002_adder_16bit,combinational,0,6ceef5c2-ec66-4ba1-8113-b06270f73041,initial,generation_log,0.2313777347,0.347066602049,119,7.78e-05,0,92,0.00628,0,-0.29347826087,0.987611464968,0,/workspace/exp/natural_qd_push/p3c_bd_sweep_20260704_093150_UTC/live/size_control_3d/seed_1001/openai_gpt-oss-120b/RTLLM/Prob002_adder_16bit/Gen0/Prob002_adder_16bit_sample8_initial,
size_control_3d,RTLLM,Prob002_adder_16bit,combinational,1,0c2f9ccb-bb78-450a-ada6-cc6c2180cacc,M-F,generation_log,0.2313777347,0.347066602049,119,7.78e-05,0,92,0.00628,0,-0.29347826087,0.987611464968,0,/workspace/exp/natural_qd_push/p3c_bd_sweep_20260704_093150_UTC/live/size_control_3d/seed_1001/openai_gpt-oss-120b/RTLLM/Prob002_adder_16bit/Gen1/Prob002_adder_16bit_sample1_M-F,
size_control_3d,RTLLM,Prob002_adder_16bit,combinational,1,c15c1c76-dd55-470b-80aa-99791bd6395d,M-R,generation_log,0.161629511677,0.242444267516,138,9.49e-05,0,92,0.00628,0,-0.5,0.984888535032,0,/workspace/exp/natural_qd_push/p3c_bd_sweep_20260704_093150_UTC/live/size_control_3d/seed_1001/openai_gpt-oss-120b/RTLLM/Prob002_adder_16bit/Gen1/Prob002_adder_16bit_sample4_M-R,
size_control_3d,RTLLM,Prob002_adder_16bit,combinational,1,f2c490df-3b99-4a12-9623-a13a5023cd6d,M-S,generation_log,0.2313777347,0.347066602049,119,7.78e-05,0,92,0.00628,0,-0.29347826087,0.987611464968,0,/workspace/exp/natural_qd_push/p3c_bd_sweep_20260704_093150_UTC/live/size_control_3d/seed_1001/openai_gpt-oss-120b/RTLLM/Prob002_adder_16bit/Gen1/Prob002_adder_16bit_sample8_M-S,
size_control_3d,RTLLM,Prob002_adder_16bit,combinational,2,cc6c7ba0-aec9-42ef-aae2-50c616896d53,initial,generation_log,0.2313777347,0.347066602049,119,7.78e-05,0,92,0.00628,0,-0.29347826087,0.987611464968,0,/workspace/exp/natural_qd_push/p3c_bd_sweep_20260704_093150_UTC/live/size_control_3d/seed_1001/openai_gpt-oss-120b/RTLLM/Prob002_adder_16bit/Gen2/Prob002_adder_16bit_sample1_initial,
size_control_3d,RTLLM,Prob002_adder_16bit,combinational,2,744b2932-2aa5-45c5-b47d-2bfc4c5a71a3,M-E,generation_log,0.194121434506,0.291182151759,129,9.71e-05,0,92,0.00628,0,-0.402173913043,0.984538216561,0,/workspace/exp/natural_qd_push/p3c_bd_sweep_20260704_093150_UTC/live/size_control_3d/seed_1001/openai_gpt-oss-120b/RTLLM/Prob002_adder_16bit/Gen2/Prob002_adder_16bit_sample1_M-E,
size_control_3d,RTLLM,Prob002_adder_16bit,combinational,2,ca069e15-f5fc-41c5-a590-fc760f869e27,M-F,generation_log,0.2313777347,0.347066602049,119,7.78e-05,0,92,0.00628,0,-0.29347826087,0.987611464968,0,/workspace/exp/natural_qd_push/p3c_bd_sweep_20260704_093150_UTC/live/size_control_3d/seed_1001/openai_gpt-oss-120b/RTLLM/Prob002_adder_16bit/Gen2/Prob002_adder_16bit_sample2_M-F,
size_control_3d,RTLLM,Prob002_adder_16bit,combinational,2,dcdd9184-3d5e-4f41-8c59-348a5f2388a5,M-F,generation_log,0.399902150835,0.599853226253,73,4.28e-05,0,92,0.00628,0,0.20652173913,0.993184713376,0,/workspace/exp/natural_qd_push/p3c_bd_sweep_20260704_093150_UTC/live/size_control_3d/seed_1001/openai_gpt-oss-120b/RTLLM/Prob002_adder_16bit/Gen2/Prob002_adder_16bit_sample4_M-F,
size_control_3d,RTLLM,Prob002_adder_16bit,combinational,2,39138bd9-b6d6-4217-80dc-855b3bc20f25,M-E,generation_log,0.0220852949322,0.0331279423982,176,0.00013,0,92,0.00628,0,-0.913043478261,0.979299363057,0,/workspace/exp/natural_qd_push/p3c_bd_sweep_20260704_093150_UTC/live/size_control_3d/seed_1001/openai_gpt-oss-120b/RTLLM/Prob002_adder_16bit/Gen2/Prob002_adder_16bit_sample5_M-E,
size_control_3d,RTLLM,Prob002_adder_16bit,combinational,2,052a25ab-5a95-45b2-9b56-092e4c72b0aa,C-D,generation_log,0.399902150835,0.599853226253,73,4.28e-05,0,92,0.00628,0,0.20652173913,0.993184713376,0,/workspace/exp/natural_qd_push/p3c_bd_sweep_20260704_093150_UTC/live/size_control_3d/seed_1001/openai_gpt-oss-120b/RTLLM/Prob002_adder_16bit/Gen2/Prob002_adder_16bit_sample6_C-D,
size_control_3d,RTLLM,Prob002_adder_16bit,combinational,2,daea3eee-ab0d-4dc3-a3a6-31d9d8fe6964,M-T,generation_log,0.2313777347,0.347066602049,119,7.78e-05,0,92,0.00628,0,-0.29347826087,0.987611464968,0,/workspace/exp/natural_qd_push/p3c_bd_sweep_20260704_093150_UTC/live/size_control_3d/seed_1001/openai_gpt-oss-120b/RTLLM/Prob002_adder_16bit/Gen2/Prob002_adder_16bit_sample7_M-T,
size_control_3d,RTLLM,Prob002_adder_16bit,combinational,3,31e13de5-0dd5-4677-bd33-dd90e2602a11,initial,generation_log,0.351887750392,0.527831625588,86,6e-05,0,92,0.00628,0,0.0652173913043,0.990445859873,0,/workspace/exp/natural_qd_push/p3c_bd_sweep_20260704_093150_UTC/live/size_control_3d/seed_1001/openai_gpt-oss-120b/RTLLM/Prob002_adder_16bit/Gen3/Prob002_adder_16bit_sample1_initial,
size_control_3d,RTLLM,Prob002_adder_16bit,combinational,3,644ec3bf-3891-40f3-a866-d4dbf2ec48e4,initial,generation_log,0.399902150835,0.599853226253,73,4.28e-05,0,92,0.00628,0,0.20652173913,0.993184713376,0,/workspace/exp/natural_qd_push/p3c_bd_sweep_20260704_093150_UTC/live/size_control_3d/seed_1001/openai_gpt-oss-120b/RTLLM/Prob002_adder_16bit/Gen3/Prob002_adder_16bit_sample2_initial,
size_control_3d,RTLLM,Prob002_adder_16bit,combinational,3,ec0b6239-a007-4a73-9b40-fc5693c32e34,M-F,generation_log,0.399902150835,0.599853226253,73,4.28e-05,0,92,0.00628,0,0.20652173913,0.993184713376,0,/workspace/exp/natural_qd_push/p3c_bd_sweep_20260704_093150_UTC/live/size_control_3d/seed_1001/openai_gpt-oss-120b/RTLLM/Prob002_adder_16bit/Gen3/Prob002_adder_16bit_sample2_M-F,
size_control_3d,RTLLM,Prob002_adder_16bit,combinational,3,4c8500e9-8236-4b48-bdaa-01613e383e58,M-E,generation_log,0.0843695190621,0.126554278593,159,0.000117,0,92,0.00628,0,-0.728260869565,0.981369426752,0,/workspace/exp/natural_qd_push/p3c_bd_sweep_20260704_093150_UTC/live/size_control_3d/seed_1001/openai_gpt-oss-120b/RTLLM/Prob002_adder_16bit/Gen3/Prob002_adder_16bit_sample3_M-E,
size_control_3d,RTLLM,Prob002_adder_16bit,combinational,3,224b23ca-43ec-443a-8f5b-af1c9de84b67,M-T,generation_log,0.161629511677,0.242444267516,138,9.49e-05,0,92,0.00628,0,-0.5,0.984888535032,0,/workspace/exp/natural_qd_push/p3c_bd_sweep_20260704_093150_UTC/live/size_control_3d/seed_1001/openai_gpt-oss-120b/RTLLM/Prob002_adder_16bit/Gen3/Prob002_adder_16bit_sample4_M-T,
size_control_3d,RTLLM,Prob002_adder_16bit,combinational,3,2ae6f15d-36b1-4185-9fde-0522fdf6e19a,C-D,generation_log,0.399902150835,0.599853226253,73,4.28e-05,0,92,0.00628,0,0.20652173913,0.993184713376,0,/workspace/exp/natural_qd_push/p3c_bd_sweep_20260704_093150_UTC/live/size_control_3d/seed_1001/openai_gpt-oss-120b/RTLLM/Prob002_adder_16bit/Gen3/Prob002_adder_16bit_sample5_C-D,
size_control_3d,RTLLM,Prob002_adder_16bit,combinational,3,191376c2-af91-464f-92c0-102e832db011,C-D,generation_log,0.2313777347,0.347066602049,119,7.78e-05,0,92,0.00628,0,-0.29347826087,0.987611464968,0,/workspace/exp/natural_qd_push/p3c_bd_sweep_20260704_093150_UTC/live/size_control_3d/seed_1001/openai_gpt-oss-120b/RTLLM/Prob002_adder_16bit/Gen3/Prob002_adder_16bit_sample6_C-D,
size_control_3d,RTLLM,Prob002_adder_16bit,combinational,4,4bcb94b0-0519-4d38-9e05-b40fed4d68b5,initial,generation_log,0.399902150835,0.599853226253,73,4.28e-05,0,92,0.00628,0,0.20652173913,0.993184713376,0,/workspace/exp/natural_qd_push/p3c_bd_sweep_20260704_093150_UTC/live/size_control_3d/seed_1001/openai_gpt-oss-120b/RTLLM/Prob002_adder_16bit/Gen4/Prob002_adder_16bit_sample1_initial,
size_control_3d,RTLLM,Prob002_adder_16bit,combinational,4,bbbb5c3b-2a3f-4ccc-9d93-45512f23cf89,initial,generation_log,0.399902150835,0.599853226253,73,4.28e-05,0,92,0.00628,0,0.20652173913,0.993184713376,0,/workspace/exp/natural_qd_push/p3c_bd_sweep_20260704_093150_UTC/live/size_control_3d/seed_1001/openai_gpt-oss-120b/RTLLM/Prob002_adder_16bit/Gen4/Prob002_adder_16bit_sample2_initial,
size_control_3d,RTLLM,Prob002_adder_16bit,combinational,4,107e0a20-377c-4e71-b6c3-a8839eece19d,M-E,generation_log,0.0622057601772,0.0933086402659,165,0.000125,0,92,0.00628,0,-0.79347826087,0.980095541401,0,/workspace/exp/natural_qd_push/p3c_bd_sweep_20260704_093150_UTC/live/size_control_3d/seed_1001/openai_gpt-oss-120b/RTLLM/Prob002_adder_16bit/Gen4/Prob002_adder_16bit_sample1_M-E,
size_control_3d,RTLLM,Prob002_adder_16bit,combinational,4,18a5735d-244d-46cc-9496-2e28772d71e4,M-F,generation_log,0.399902150835,0.599853226253,73,4.28e-05,0,92,0.00628,0,0.20652173913,0.993184713376,0,/workspace/exp/natural_qd_push/p3c_bd_sweep_20260704_093150_UTC/live/size_control_3d/seed_1001/openai_gpt-oss-120b/RTLLM/Prob002_adder_16bit/Gen4/Prob002_adder_16bit_sample2_M-F,
size_control_3d,RTLLM,Prob002_adder_16bit,combinational,4,60a39e4c-5f6a-4ce9-bb0c-72ea0a27f377,M-E,generation_log,-0.0740815102003,-0.1111222653,202,0.000167,0,92,0.00628,0,-1.19565217391,0.973407643312,0,/workspace/exp/natural_qd_push/p3c_bd_sweep_20260704_093150_UTC/live/size_control_3d/seed_1001/openai_gpt-oss-120b/RTLLM/Prob002_adder_16bit/Gen4/Prob002_adder_16bit_sample3_M-E,
size_control_3d,RTLLM,Prob002_adder_16bit,combinational,4,02b8d7d3-6907-4ff8-a229-a4e3e25e5dd2,M-E,generation_log,0.036312655774,0.054468983661,172,0.000135,0,92,0.00628,0,-0.869565217391,0.978503184713,0,/workspace/exp/natural_qd_push/p3c_bd_sweep_20260704_093150_UTC/live/size_control_3d/seed_1001/openai_gpt-oss-120b/RTLLM/Prob002_adder_16bit/Gen4/Prob002_adder_16bit_sample5_M-E,
size_control_3d,RTLLM,Prob002_adder_16bit,combinational,4,fe3bcce3-2a5a-4f72-9ffe-82572aa1ef6d,C-D,generation_log,0.2313777347,0.347066602049,119,7.78e-05,0,92,0.00628,0,-0.29347826087,0.987611464968,0,/workspace/exp/natural_qd_push/p3c_bd_sweep_20260704_093150_UTC/live/size_control_3d/seed_1001/openai_gpt-oss-120b/RTLLM/Prob002_adder_16bit/Gen4/Prob002_adder_16bit_sample6_C-D,
size_control_3d,RTLLM,Prob002_adder_16bit,combinational,5,3845d455-8aee-4e48-b288-2f9129571b40,initial,generation_log,0.2313777347,0.347066602049,119,7.78e-05,0,92,0.00628,0,-0.29347826087,0.987611464968,0,/workspace/exp/natural_qd_push/p3c_bd_sweep_20260704_093150_UTC/live/size_control_3d/seed_1001/openai_gpt-oss-120b/RTLLM/Prob002_adder_16bit/Gen5/Prob002_adder_16bit_sample1_initial,
size_control_3d,RTLLM,Prob002_adder_16bit,combinational,5,8266721b-e847-4eeb-bf2a-1606d7798a97,initial,generation_log,0.2313777347,0.347066602049,119,7.78e-05,0,92,0.00628,0,-0.29347826087,0.987611464968,0,/workspace/exp/natural_qd_push/p3c_bd_sweep_20260704_093150_UTC/live/size_control_3d/seed_1001/openai_gpt-oss-120b/RTLLM/Prob002_adder_16bit/Gen5/Prob002_adder_16bit_sample2_initial,
size_control_3d,RTLLM,Prob002_adder_16bit,combinational,5,70aa9999-e941-484f-adce-e6740e3f3ecf,M-F,generation_log,0.399902150835,0.599853226253,73,4.28e-05,0,92,0.00628,0,0.20652173913,0.993184713376,0,/workspace/exp/natural_qd_push/p3c_bd_sweep_20260704_093150_UTC/live/size_control_3d/seed_1001/openai_gpt-oss-120b/RTLLM/Prob002_adder_16bit/Gen5/Prob002_adder_16bit_sample1_M-F,
size_control_3d,RTLLM,Prob002_adder_16bit,combinational,5,90035921-6fe2-4761-8dce-12af7d5e7c57,M-E,generation_log,0.363420797563,0.545131196345,83,4.75e-05,0,92,0.00628,0,0.0978260869565,0.992436305732,0,/workspace/exp/natural_qd_push/p3c_bd_sweep_20260704_093150_UTC/live/size_control_3d/seed_1001/openai_gpt-oss-120b/RTLLM/Prob002_adder_16bit/Gen5/Prob002_adder_16bit_sample2_M-E,
size_control_3d,RTLLM,Prob002_adder_16bit,combinational,5,282093e6-4285-4fe0-9930-d8fd57eb4545,C-D,generation_log,0.399902150835,0.599853226253,73,4.28e-05,0,92,0.00628,0,0.20652173913,0.993184713376,0,/workspace/exp/natural_qd_push/p3c_bd_sweep_20260704_093150_UTC/live/size_control_3d/seed_1001/openai_gpt-oss-120b/RTLLM/Prob002_adder_16bit/Gen5/Prob002_adder_16bit_sample3_C-D,
size_control_3d,RTLLM,Prob002_adder_16bit,combinational,5,79945ad8-afb4-421d-a5fb-c298a7d14750,C-D,generation_log,0.351887750392,0.527831625588,86,6e-05,0,92,0.00628,0,0.0652173913043,0.990445859873,0,/workspace/exp/natural_qd_push/p3c_bd_sweep_20260704_093150_UTC/live/size_control_3d/seed_1001/openai_gpt-oss-120b/RTLLM/Prob002_adder_16bit/Gen5/Prob002_adder_16bit_sample4_C-D,
size_control_3d,RTLLM,Prob002_adder_16bit,combinational,5,403eb0d1-9611-4442-8658-d28816788753,M-T,generation_log,0.161629511677,0.242444267516,138,9.49e-05,0,92,0.00628,0,-0.5,0.984888535032,0,/workspace/exp/natural_qd_push/p3c_bd_sweep_20260704_093150_UTC/live/size_control_3d/seed_1001/openai_gpt-oss-120b/RTLLM/Prob002_adder_16bit/Gen5/Prob002_adder_16bit_sample6_M-T,
size_control_3d,RTLLM,Prob003_adder_32bit,combinational,0,c0b61a24-a68a-46fd-8ff4-427cac2d31c1,initial,generation_log,0.557887684966,0.836831527449,137,7.97e-05,0,423,0.0324,0,0.676122931442,0.997540123457,0,/workspace/exp/natural_qd_push/p3c_bd_sweep_20260704_093150_UTC/live/size_control_3d/seed_1001/openai_gpt-oss-120b/RTLLM/Prob003_adder_32bit/Gen0/Prob003_adder_32bit_sample1_initial,
size_control_3d,RTLLM,Prob003_adder_32bit,combinational,0,e193fe55-123a-45cc-84c9-0da4ceb2bc64,initial,generation_log,0.557887684966,0.836831527449,137,7.97e-05,0,423,0.0324,0,0.676122931442,0.997540123457,0,/workspace/exp/natural_qd_push/p3c_bd_sweep_20260704_093150_UTC/live/size_control_3d/seed_1001/openai_gpt-oss-120b/RTLLM/Prob003_adder_32bit/Gen0/Prob003_adder_32bit_sample2_initial,
size_control_3d,RTLLM,Prob003_adder_32bit,combinational,0,998aa450-8e71-4c93-b4bb-e428609e2bfb,initial,generation_log,0.557887684966,0.836831527449,137,7.97e-05,0,423,0.0324,0,0.676122931442,0.997540123457,0,/workspace/exp/natural_qd_push/p3c_bd_sweep_20260704_093150_UTC/live/size_control_3d/seed_1001/openai_gpt-oss-120b/RTLLM/Prob003_adder_32bit/Gen0/Prob003_adder_32bit_sample3_initial,
size_control_3d,RTLLM,Prob003_adder_32bit,combinational,0,602b270f-5f5f-48ed-af64-626cb809961f,initial,generation_log,0.51670168987,0.775052534804,189,0.0001,0,423,0.0324,0,0.553191489362,0.996913580247,0,/workspace/exp/natural_qd_push/p3c_bd_sweep_20260704_093150_UTC/live/size_control_3d/seed_1001/openai_gpt-oss-120b/RTLLM/Prob003_adder_32bit/Gen0/Prob003_adder_32bit_sample4_initial,
size_control_3d,RTLLM,Prob003_adder_32bit,combinational,0,c686746b-db8d-49a6-8d59-3206c8ecd74b,initial,generation_log,0.557887684966,0.836831527449,137,7.97e-05,0,423,0.0324,0,0.676122931442,0.997540123457,0,/workspace/exp/natural_qd_push/p3c_bd_sweep_20260704_093150_UTC/live/size_control_3d/seed_1001/openai_gpt-oss-120b/RTLLM/Prob003_adder_32bit/Gen0/Prob003_adder_32bit_sample5_initial,
size_control_3d,RTLLM,Prob003_adder_32bit,combinational,0,8834d7e5-dc53-4e6d-94ad-d7a6d04fd372,initial,generation_log,0.506303082042,0.759454623063,202,0.000115,0,423,0.0324,0,0.522458628842,0.996450617284,0,/workspace/exp/natural_qd_push/p3c_bd_sweep_20260704_093150_UTC/live/size_control_3d/seed_1001/openai_gpt-oss-120b/RTLLM/Prob003_adder_32bit/Gen0/Prob003_adder_32bit_sample6_initial,
size_control_3d,RTLLM,Prob003_adder_32bit,combinational,0,68ae749f-0c32-4b23-9fe5-950c8461c1f9,initial,generation_log,0.557887684966,0.836831527449,137,7.97e-05,0,423,0.0324,0,0.676122931442,0.997540123457,0,/workspace/exp/natural_qd_push/p3c_bd_sweep_20260704_093150_UTC/live/size_control_3d/seed_1001/openai_gpt-oss-120b/RTLLM/Prob003_adder_32bit/Gen0/Prob003_adder_32bit_sample7_initial,
size_control_3d,RTLLM,Prob003_adder_32bit,combinational,1,8103a301-e23a-4fbe-a5ef-8012dd1b736f,M-F,generation_log,0.557887684966,0.836831527449,137,7.97e-05,0,423,0.0324,0,0.676122931442,0.997540123457,0,/workspace/exp/natural_qd_push/p3c_bd_sweep_20260704_093150_UTC/live/size_control_3d/seed_1001/openai_gpt-oss-120b/RTLLM/Prob003_adder_32bit/Gen1/Prob003_adder_32bit_sample1_M-F,
size_control_3d,RTLLM,Prob003_adder_32bit,combinational,1,9e45dd99-10cd-45f2-82a7-e65a847238b7,M-S,generation_log,0.557887684966,0.836831527449,137,7.97e-05,0,423,0.0324,0,0.676122931442,0.997540123457,0,/workspace/exp/natural_qd_push/p3c_bd_sweep_20260704_093150_UTC/live/size_control_3d/seed_1001/openai_gpt-oss-120b/RTLLM/Prob003_adder_32bit/Gen1/Prob003_adder_32bit_sample3_M-S,
size_control_3d,RTLLM,Prob003_adder_32bit,combinational,1,b9104603-ea7f-449b-b0f9-5cb5a950cb34,M-R,generation_log,0.51670168987,0.775052534804,189,0.0001,0,423,0.0324,0,0.553191489362,0.996913580247,0,/workspace/exp/natural_qd_push/p3c_bd_sweep_20260704_093150_UTC/live/size_control_3d/seed_1001/openai_gpt-oss-120b/RTLLM/Prob003_adder_32bit/Gen1/Prob003_adder_32bit_sample4_M-R,
size_control_3d,RTLLM,Prob003_adder_32bit,combinational,2,bf5fe125-6461-4710-a2ee-ed88b4b9a5fb,C-D,generation_log,0.441140005253,0.66171000788,284,0.000168,0,423,0.0324,0,0.328605200946,0.994814814815,0,/workspace/exp/natural_qd_push/p3c_bd_sweep_20260704_093150_UTC/live/size_control_3d/seed_1001/openai_gpt-oss-120b/RTLLM/Prob003_adder_32bit/Gen2/Prob003_adder_32bit_sample1_C-D,
size_control_3d,RTLLM,Prob003_adder_32bit,combinational,2,f32e14d8-69d7-4bea-97bd-0101b148b3ae,C-D,generation_log,0.557887684966,0.836831527449,137,7.97e-05,0,423,0.0324,0,0.676122931442,0.997540123457,0,/workspace/exp/natural_qd_push/p3c_bd_sweep_20260704_093150_UTC/live/size_control_3d/seed_1001/openai_gpt-oss-120b/RTLLM/Prob003_adder_32bit/Gen2/Prob003_adder_32bit_sample2_C-D,
size_control_3d,RTLLM,Prob003_adder_32bit,combinational,2,c604c333-e790-49cd-b1e4-6b0afab13a30,C-F,generation_log,0.448263068033,0.672394602049,275,0.000165,0,423,0.0324,0,0.34988179669,0.994907407407,0,/workspace/exp/natural_qd_push/p3c_bd_sweep_20260704_093150_UTC/live/size_control_3d/seed_1001/openai_gpt-oss-120b/RTLLM/Prob003_adder_32bit/Gen2/Prob003_adder_32bit_sample3_C-F,
size_control_3d,RTLLM,Prob003_adder_32bit,combinational,2,ecd31641-12e8-48bd-ae11-01edb527bdb6,C-F,generation_log,0.404119385343,0.606179078014,330,0.000243,0,423,0.0324,0,0.219858156028,0.9925,0,/workspace/exp/natural_qd_push/p3c_bd_sweep_20260704_093150_UTC/live/size_control_3d/seed_1001/openai_gpt-oss-120b/RTLLM/Prob003_adder_32bit/Gen2/Prob003_adder_32bit_sample4_C-F,
size_control_3d,RTLLM,Prob003_adder_32bit,combinational,2,452eeb55-a672-4536-aaa7-5d3234a8cc08,M-I,generation_log,0.471996322564,0.707994483846,245,0.000156,0,423,0.0324,0,0.420803782506,0.995185185185,0,/workspace/exp/natural_qd_push/p3c_bd_sweep_20260704_093150_UTC/live/size_control_3d/seed_1001/openai_gpt-oss-120b/RTLLM/Prob003_adder_32bit/Gen2/Prob003_adder_32bit_sample5_M-I,
size_control_3d,RTLLM,Prob003_adder_32bit,combinational,2,2332f6fb-a0a7-43fe-9a67-5d5f7e0151c4,C-F,generation_log,0.448263068033,0.672394602049,275,0.000165,0,423,0.0324,0,0.34988179669,0.994907407407,0,/workspace/exp/natural_qd_push/p3c_bd_sweep_20260704_093150_UTC/live/size_control_3d/seed_1001/openai_gpt-oss-120b/RTLLM/Prob003_adder_32bit/Gen2/Prob003_adder_32bit_sample6_C-F,
size_control_3d,RTLLM,Prob003_adder_32bit,combinational,2,7d639cf1-0ee6-4b05-b731-da7f44a55f70,M-R,generation_log,0.557887684966,0.836831527449,137,7.97e-05,0,423,0.0324,0,0.676122931442,0.997540123457,0,/workspace/exp/natural_qd_push/p3c_bd_sweep_20260704_093150_UTC/live/size_control_3d/seed_1001/openai_gpt-oss-120b/RTLLM/Prob003_adder_32bit/Gen2/Prob003_adder_32bit_sample7_M-R,
size_control_3d,RTLLM,Prob003_adder_32bit,combinational,3,d3c585ea-23e5-4794-866a-e8e9aca070ac,C-D,generation_log,0.447475045968,0.671212568952,276,0.000165,0,423,0.0324,0,0.347517730496,0.994907407407,0,/workspace/exp/natural_qd_push/p3c_bd_sweep_20260704_093150_UTC/live/size_control_3d/seed_1001/openai_gpt-oss-120b/RTLLM/Prob003_adder_32bit/Gen3/Prob003_adder_32bit_sample2_C-D,
size_control_3d,RTLLM,Prob003_adder_32bit,combinational,3,ad48899e-956c-473a-a040-e6b80e497759,C-F,generation_log,0.448263068033,0.672394602049,275,0.000165,0,423,0.0324,0,0.34988179669,0.994907407407,0,/workspace/exp/natural_qd_push/p3c_bd_sweep_20260704_093150_UTC/live/size_control_3d/seed_1001/openai_gpt-oss-120b/RTLLM/Prob003_adder_32bit/Gen3/Prob003_adder_32bit_sample3_C-F,
size_control_3d,RTLLM,Prob003_adder_32bit,combinational,3,7aa7e88a-a50d-4648-ac3e-cc730a7e8728,C-F,generation_log,0.445857849575,0.668786774363,278,0.000169,0,423,0.0324,0,0.342789598109,0.994783950617,0,/workspace/exp/natural_qd_push/p3c_bd_sweep_20260704_093150_UTC/live/size_control_3d/seed_1001/openai_gpt-oss-120b/RTLLM/Prob003_adder_32bit/Gen3/Prob003_adder_32bit_sample4_C-F,
size_control_3d,RTLLM,Prob003_adder_32bit,combinational,3,e3f36cca-13ef-4b9b-af33-1e45c9d7bfad,M-R,generation_log,0.557887684966,0.836831527449,137,7.97e-05,0,423,0.0324,0,0.676122931442,0.997540123457,0,/workspace/exp/natural_qd_push/p3c_bd_sweep_20260704_093150_UTC/live/size_control_3d/seed_1001/openai_gpt-oss-120b/RTLLM/Prob003_adder_32bit/Gen3/Prob003_adder_32bit_sample5_M-R,
size_control_3d,RTLLM,Prob003_adder_32bit,combinational,3,76305ec2-9286-4324-b69c-5ff062e61c64,C-F,generation_log,0.410598458979,0.615897688469,322,0.000226,0,423,0.0324,0,0.238770685579,0.993024691358,0,/workspace/exp/natural_qd_push/p3c_bd_sweep_20260704_093150_UTC/live/size_control_3d/seed_1001/openai_gpt-oss-120b/RTLLM/Prob003_adder_32bit/Gen3/Prob003_adder_32bit_sample7_C-F,
size_control_3d,RTLLM,Prob003_adder_32bit,combinational,3,95c82b5f-bc5d-47d7-ae83-ca13ef327c47,C-F,generation_log,0.448263068033,0.672394602049,275,0.000165,0,423,0.0324,0,0.34988179669,0.994907407407,0,/workspace/exp/natural_qd_push/p3c_bd_sweep_20260704_093150_UTC/live/size_control_3d/seed_1001/openai_gpt-oss-120b/RTLLM/Prob003_adder_32bit/Gen3/Prob003_adder_32bit_sample8_C-F,
size_control_3d,RTLLM,Prob003_adder_32bit,combinational,4,28d22ba6-d901-43f2-8510-f9771e0a375f,C-D,generation_log,0.448263068033,0.672394602049,275,0.000165,0,423,0.0324,0,0.34988179669,0.994907407407,0,/workspace/exp/natural_qd_push/p3c_bd_sweep_20260704_093150_UTC/live/size_control_3d/seed_1001/openai_gpt-oss-120b/RTLLM/Prob003_adder_32bit/Gen4/Prob003_adder_32bit_sample1_C-D,
size_control_3d,RTLLM,Prob003_adder_32bit,combinational,4,ca8ec1d2-cb04-4313-ac5d-472704682bfc,C-D,generation_log,0.438693634533,0.658040451799,287,0.000176,0,423,0.0324,0,0.321513002364,0.994567901235,0,/workspace/exp/natural_qd_push/p3c_bd_sweep_20260704_093150_UTC/live/size_control_3d/seed_1001/openai_gpt-oss-120b/RTLLM/Prob003_adder_32bit/Gen4/Prob003_adder_32bit_sample2_C-D,
size_control_3d,RTLLM,Prob003_adder_32bit,combinational,4,4bb64c58-735f-4ef9-93dd-1ae89fc17154,C-F,generation_log,0.444189212854,0.66628381928,280,0.000178,0,423,0.0324,0,0.338061465721,0.99450617284,0,/workspace/exp/natural_qd_push/p3c_bd_sweep_20260704_093150_UTC/live/size_control_3d/seed_1001/openai_gpt-oss-120b/RTLLM/Prob003_adder_32bit/Gen4/Prob003_adder_32bit_sample4_C-F,
size_control_3d,RTLLM,Prob003_adder_32bit,combinational,4,3a288ef7-333c-4df6-8739-851ee3faf238,M-I,generation_log,0.557887684966,0.836831527449,137,7.97e-05,0,423,0.0324,0,0.676122931442,0.997540123457,0,/workspace/exp/natural_qd_push/p3c_bd_sweep_20260704_093150_UTC/live/size_control_3d/seed_1001/openai_gpt-oss-120b/RTLLM/Prob003_adder_32bit/Gen4/Prob003_adder_32bit_sample5_M-I,
size_control_3d,RTLLM,Prob003_adder_32bit,combinational,4,d3e85eee-06a3-4c11-a67b-e80442a95fe0,M-I,generation_log,0.462426889064,0.693640333596,257,0.000167,0,423,0.0324,0,0.39243498818,0.994845679012,0,/workspace/exp/natural_qd_push/p3c_bd_sweep_20260704_093150_UTC/live/size_control_3d/seed_1001/openai_gpt-oss-120b/RTLLM/Prob003_adder_32bit/Gen4/Prob003_adder_32bit_sample7_M-I,
size_control_3d,RTLLM,Prob003_adder_32bit,combinational,5,f3ea1318-4477-4de8-b352-9727599d67bd,M-E,generation_log,0.445857849575,0.668786774363,278,0.000169,0,423,0.0324,0,0.342789598109,0.994783950617,0,/workspace/exp/natural_qd_push/p3c_bd_sweep_20260704_093150_UTC/live/size_control_3d/seed_1001/openai_gpt-oss-120b/RTLLM/Prob003_adder_32bit/Gen5/Prob003_adder_32bit_sample1_M-E,
size_control_3d,RTLLM,Prob003_adder_32bit,combinational,5,428b1522-7a4f-4239-812f-80626eca264c,M-T,generation_log,0.557887684966,0.836831527449,137,7.97e-05,0,423,0.0324,0,0.676122931442,0.997540123457,0,/workspace/exp/natural_qd_push/p3c_bd_sweep_20260704_093150_UTC/live/size_control_3d/seed_1001/openai_gpt-oss-120b/RTLLM/Prob003_adder_32bit/Gen5/Prob003_adder_32bit_sample2_M-T,
size_control_3d,RTLLM,Prob003_adder_32bit,combinational,5,3a1813c5-7787-4255-b524-e3fd0f34b1f0,C-F,generation_log,0.445857849575,0.668786774363,278,0.000169,0,423,0.0324,0,0.342789598109,0.994783950617,0,/workspace/exp/natural_qd_push/p3c_bd_sweep_20260704_093150_UTC/live/size_control_3d/seed_1001/openai_gpt-oss-120b/RTLLM/Prob003_adder_32bit/Gen5/Prob003_adder_32bit_sample3_C-F,
size_control_3d,RTLLM,Prob003_adder_32bit,combinational,5,2dbc9d88-d542-4be2-826b-a1074325cb6e,C-F,generation_log,0.401765607215,0.602648410822,333,0.000242,0,423,0.0324,0,0.212765957447,0.992530864198,0,/workspace/exp/natural_qd_push/p3c_bd_sweep_20260704_093150_UTC/live/size_control_3d/seed_1001/openai_gpt-oss-120b/RTLLM/Prob003_adder_32bit/Gen5/Prob003_adder_32bit_sample5_C-F,
size_control_3d,RTLLM,Prob003_adder_32bit,combinational,5,aa2979b3-0100-41ba-ad9e-9e975b0b8f7c,M-S,generation_log,0.460768540408,0.691152810612,259,0.000175,0,423,0.0324,0,0.387706855792,0.994598765432,0,/workspace/exp/natural_qd_push/p3c_bd_sweep_20260704_093150_UTC/live/size_control_3d/seed_1001/openai_gpt-oss-120b/RTLLM/Prob003_adder_32bit/Gen5/Prob003_adder_32bit_sample6_M-S,
size_control_3d,RTLLM,Prob004_adder_8bit,combinational,1,593f7258-21de-41f0-8b2d-883cf301f61f,M-F,generation_log,0.329900332226,0.494850498339,46,3.1e-05,0,46,0.00301,0,0,0.989700996678,0,/workspace/exp/natural_qd_push/p3c_bd_sweep_20260704_093150_UTC/live/size_control_3d/seed_1001/openai_gpt-oss-120b/RTLLM/Prob004_adder_8bit/Gen1/Prob004_adder_8bit_sample1_M-F,
size_control_3d,RTLLM,Prob004_adder_8bit,combinational,1,71e43fe0-278a-424e-aa44-709c467db35c,M-E,generation_log,0.381544128268,0.572316192402,39,2.27e-05,0,46,0.00301,0,0.152173913043,0.992458471761,0,/workspace/exp/natural_qd_push/p3c_bd_sweep_20260704_093150_UTC/live/size_control_3d/seed_1001/openai_gpt-oss-120b/RTLLM/Prob004_adder_8bit/Gen1/Prob004_adder_8bit_sample2_M-E,
size_control_3d,RTLLM,Prob004_adder_8bit,combinational,1,77ad8b74-002c-4ac0-ad06-507f7a531d3e,M-E,generation_log,0.264638644133,0.3969579662,55,3.14e-05,0,46,0.00301,0,-0.195652173913,0.989568106312,0,/workspace/exp/natural_qd_push/p3c_bd_sweep_20260704_093150_UTC/live/size_control_3d/seed_1001/openai_gpt-oss-120b/RTLLM/Prob004_adder_8bit/Gen1/Prob004_adder_8bit_sample3_M-E,
size_control_3d,RTLLM,Prob004_adder_8bit,combinational,1,f9989c3d-7bc7-4d37-a518-17158c8dd4ca,M-F,generation_log,0.381544128268,0.572316192402,39,2.27e-05,0,46,0.00301,0,0.152173913043,0.992458471761,0,/workspace/exp/natural_qd_push/p3c_bd_sweep_20260704_093150_UTC/live/size_control_3d/seed_1001/openai_gpt-oss-120b/RTLLM/Prob004_adder_8bit/Gen1/Prob004_adder_8bit_sample4_M-F,
size_control_3d,RTLLM,Prob004_adder_8bit,combinational,1,0c2a67aa-d4f1-4ecd-934f-9a7b12c36094,M-E,generation_log,0.227509750108,0.341264625163,60,3.95e-05,0,46,0.00301,0,-0.304347826087,0.986877076412,0,/workspace/exp/natural_qd_push/p3c_bd_sweep_20260704_093150_UTC/live/size_control_3d/seed_1001/openai_gpt-oss-120b/RTLLM/Prob004_adder_8bit/Gen1/Prob004_adder_8bit_sample5_M-E,
size_control_3d,RTLLM,Prob004_adder_8bit,combinational,1,d77d333f-97ba-4937-8ff2-fb1e3a068ca2,M-E,generation_log,0.381544128268,0.572316192402,39,2.27e-05,0,46,0.00301,0,0.152173913043,0.992458471761,0,/workspace/exp/natural_qd_push/p3c_bd_sweep_20260704_093150_UTC/live/size_control_3d/seed_1001/openai_gpt-oss-120b/RTLLM/Prob004_adder_8bit/Gen1/Prob004_adder_8bit_sample7_M-E,
size_control_3d,RTLLM,Prob004_adder_8bit,combinational,1,04b7a97a-1b4f-4018-b0bb-481de6c1e862,M-E,generation_log,0.381544128268,0.572316192402,39,2.27e-05,0,46,0.00301,0,0.152173913043,0.992458471761,0,/workspace/exp/natural_qd_push/p3c_bd_sweep_20260704_093150_UTC/live/size_control_3d/seed_1001/openai_gpt-oss-120b/RTLLM/Prob004_adder_8bit/Gen1/Prob004_adder_8bit_sample8_M-E,
size_control_3d,RTLLM,Prob004_adder_8bit,combinational,2,d04cb588-3996-46c7-96c6-e594fb057ed5,M-F,generation_log,0.329900332226,0.494850498339,46,3.1e-05,0,46,0.00301,0,0,0.989700996678,0,/workspace/exp/natural_qd_push/p3c_bd_sweep_20260704_093150_UTC/live/size_control_3d/seed_1001/openai_gpt-oss-120b/RTLLM/Prob004_adder_8bit/Gen2/Prob004_adder_8bit_sample1_M-F,
size_control_3d,RTLLM,Prob004_adder_8bit,combinational,2,e6be776d-20a7-4b56-a466-d762f0fee2c0,M-E,generation_log,0.381544128268,0.572316192402,39,2.27e-05,0,46,0.00301,0,0.152173913043,0.992458471761,0,/workspace/exp/natural_qd_push/p3c_bd_sweep_20260704_093150_UTC/live/size_control_3d/seed_1001/openai_gpt-oss-120b/RTLLM/Prob004_adder_8bit/Gen2/Prob004_adder_8bit_sample2_M-E,
size_control_3d,RTLLM,Prob004_adder_8bit,combinational,2,e534c7cd-a596-4f99-b4fe-9c982f79a12e,M-E,generation_log,0.242467620011,0.363701430016,58,3.53e-05,0,46,0.00301,0,-0.260869565217,0.988272425249,0,/workspace/exp/natural_qd_push/p3c_bd_sweep_20260704_093150_UTC/live/size_control_3d/seed_1001/openai_gpt-oss-120b/RTLLM/Prob004_adder_8bit/Gen2/Prob004_adder_8bit_sample3_M-E,
size_control_3d,RTLLM,Prob004_adder_8bit,combinational,2,ec26b86e-9151-4f4f-bb56-4bfb55d7d1c9,M-E,generation_log,0.27938610429,0.419079156435,53,2.91e-05,0,46,0.00301,0,-0.152173913043,0.990332225914,0,/workspace/exp/natural_qd_push/p3c_bd_sweep_20260704_093150_UTC/live/size_control_3d/seed_1001/openai_gpt-oss-120b/RTLLM/Prob004_adder_8bit/Gen2/Prob004_adder_8bit_sample4_M-E,
size_control_3d,RTLLM,Prob004_adder_8bit,combinational,2,a6e5d8dc-134f-4b97-ba29-b987480200be,M-S,generation_log,0.205670951899,0.308506427849,63,4.04e-05,0,46,0.00301,0,-0.369565217391,0.98657807309,0,/workspace/exp/natural_qd_push/p3c_bd_sweep_20260704_093150_UTC/live/size_control_3d/seed_1001/openai_gpt-oss-120b/RTLLM/Prob004_adder_8bit/Gen2/Prob004_adder_8bit_sample6_M-S,
size_control_3d,RTLLM,Prob004_adder_8bit,combinational,2,94770dec-5ed2-4c8b-876d-ee949445e3c2,M-I,generation_log,0.205670951899,0.308506427849,63,4.04e-05,0,46,0.00301,0,-0.369565217391,0.98657807309,0,/workspace/exp/natural_qd_push/p3c_bd_sweep_20260704_093150_UTC/live/size_control_3d/seed_1001/openai_gpt-oss-120b/RTLLM/Prob004_adder_8bit/Gen2/Prob004_adder_8bit_sample8_M-I,
size_control_3d,RTLLM,Prob004_adder_8bit,combinational,3,b689dd2f-e100-46a8-adb0-7b70c5a0a5c9,M-T,generation_log,0.205670951899,0.308506427849,63,4.04e-05,0,46,0.00301,0,-0.369565217391,0.98657807309,0,/workspace/exp/natural_qd_push/p3c_bd_sweep_20260704_093150_UTC/live/size_control_3d/seed_1001/openai_gpt-oss-120b/RTLLM/Prob004_adder_8bit/Gen3/Prob004_adder_8bit_sample1_M-T,
size_control_3d,RTLLM,Prob004_adder_8bit,combinational,3,13015507-dca9-4445-8a58-87fe39b306e9,C-D,generation_log,0.24933747412,0.37400621118,57,3.87e-05,0,46,0.00301,0,-0.239130434783,0.987142857143,0,/workspace/exp/natural_qd_push/p3c_bd_sweep_20260704_093150_UTC/live/size_control_3d/seed_1001/openai_gpt-oss-120b/RTLLM/Prob004_adder_8bit/Gen3/Prob004_adder_8bit_sample2_C-D,
size_control_3d,RTLLM,Prob004_adder_8bit,combinational,3,0bce1490-ec6f-49ad-a865-043610967623,C-F,generation_log,0.329900332226,0.494850498339,46,3.1e-05,0,46,0.00301,0,0,0.989700996678,0,/workspace/exp/natural_qd_push/p3c_bd_sweep_20260704_093150_UTC/live/size_control_3d/seed_1001/openai_gpt-oss-120b/RTLLM/Prob004_adder_8bit/Gen3/Prob004_adder_8bit_sample4_C-F,
size_control_3d,RTLLM,Prob004_adder_8bit,combinational,3,628eb5ae-a5c4-4a68-b1b1-6cc57ad2341f,C-F,generation_log,0.329900332226,0.494850498339,46,3.1e-05,0,46,0.00301,0,0,0.989700996678,0,/workspace/exp/natural_qd_push/p3c_bd_sweep_20260704_093150_UTC/live/size_control_3d/seed_1001/openai_gpt-oss-120b/RTLLM/Prob004_adder_8bit/Gen3/Prob004_adder_8bit_sample5_C-F,
size_control_3d,RTLLM,Prob004_adder_8bit,combinational,3,9b6ea89c-d828-4dac-9082-8c4dba4727e0,C-F,generation_log,0.381544128268,0.572316192402,39,2.27e-05,0,46,0.00301,0,0.152173913043,0.992458471761,0,/workspace/exp/natural_qd_push/p3c_bd_sweep_20260704_093150_UTC/live/size_control_3d/seed_1001/openai_gpt-oss-120b/RTLLM/Prob004_adder_8bit/Gen3/Prob004_adder_8bit_sample6_C-F,
size_control_3d,RTLLM,Prob004_adder_8bit,combinational,4,5d39906f-f9da-4d5f-8dfb-4d83da78c8c2,M-E,generation_log,0.381544128268,0.572316192402,39,2.27e-05,0,46,0.00301,0,0.152173913043,0.992458471761,0,/workspace/exp/natural_qd_push/p3c_bd_sweep_20260704_093150_UTC/live/size_control_3d/seed_1001/openai_gpt-oss-120b/RTLLM/Prob004_adder_8bit/Gen4/Prob004_adder_8bit_sample1_M-E,
size_control_3d,RTLLM,Prob004_adder_8bit,combinational,4,ede29fd2-a6ce-46b0-9b11-735479232891,C-D,generation_log,0.329900332226,0.494850498339,46,3.1e-05,0,46,0.00301,0,0,0.989700996678,0,/workspace/exp/natural_qd_push/p3c_bd_sweep_20260704_093150_UTC/live/size_control_3d/seed_1001/openai_gpt-oss-120b/RTLLM/Prob004_adder_8bit/Gen4/Prob004_adder_8bit_sample2_C-D,
size_control_3d,RTLLM,Prob004_adder_8bit,combinational,4,fa4d41c6-a5d9-425a-b6db-e530b2dd217f,M-R,generation_log,0.205670951899,0.308506427849,63,4.04e-05,0,46,0.00301,0,-0.369565217391,0.98657807309,0,/workspace/exp/natural_qd_push/p3c_bd_sweep_20260704_093150_UTC/live/size_control_3d/seed_1001/openai_gpt-oss-120b/RTLLM/Prob004_adder_8bit/Gen4/Prob004_adder_8bit_sample3_M-R,
size_control_3d,RTLLM,Prob004_adder_8bit,combinational,4,282ce180-90bb-4916-9173-be8086421ad7,M-I,generation_log,0.205670951899,0.308506427849,63,4.04e-05,0,46,0.00301,0,-0.369565217391,0.98657807309,0,/workspace/exp/natural_qd_push/p3c_bd_sweep_20260704_093150_UTC/live/size_control_3d/seed_1001/openai_gpt-oss-120b/RTLLM/Prob004_adder_8bit/Gen4/Prob004_adder_8bit_sample5_M-I,
size_control_3d,RTLLM,Prob004_adder_8bit,combinational,4,d7307885-a12d-495c-b6f8-60d82e7045bf,C-F,generation_log,0.205670951899,0.308506427849,63,4.04e-05,0,46,0.00301,0,-0.369565217391,0.98657807309,0,/workspace/exp/natural_qd_push/p3c_bd_sweep_20260704_093150_UTC/live/size_control_3d/seed_1001/openai_gpt-oss-120b/RTLLM/Prob004_adder_8bit/Gen4/Prob004_adder_8bit_sample6_C-F,
size_control_3d,RTLLM,Prob004_adder_8bit,combinational,4,afceeefc-dcee-414a-b9df-aa9ea6e15a2d,C-F,generation_log,0.329900332226,0.494850498339,46,3.1e-05,0,46,0.00301,0,0,0.989700996678,0,/workspace/exp/natural_qd_push/p3c_bd_sweep_20260704_093150_UTC/live/size_control_3d/seed_1001/openai_gpt-oss-120b/RTLLM/Prob004_adder_8bit/Gen4/Prob004_adder_8bit_sample8_C-F,
size_control_3d,RTLLM,Prob004_adder_8bit,combinational,5,221c847a-50a5-4b85-94d0-31ec31474bb3,M-E,generation_log,0.154780201261,0.232170301892,70,4.19e-05,0,46,0.00301,0,-0.521739130435,0.986079734219,0,/workspace/exp/natural_qd_push/p3c_bd_sweep_20260704_093150_UTC/live/size_control_3d/seed_1001/openai_gpt-oss-120b/RTLLM/Prob004_adder_8bit/Gen5/Prob004_adder_8bit_sample1_M-E,
size_control_3d,RTLLM,Prob004_adder_8bit,combinational,5,ced24a12-6268-474c-9337-863ebee3caad,C-D,generation_log,0.256838557465,0.385257836198,56,3.64e-05,0,46,0.00301,0,-0.217391304348,0.987906976744,0,/workspace/exp/natural_qd_push/p3c_bd_sweep_20260704_093150_UTC/live/size_control_3d/seed_1001/openai_gpt-oss-120b/RTLLM/Prob004_adder_8bit/Gen5/Prob004_adder_8bit_sample2_C-D,
size_control_3d,RTLLM,Prob004_adder_8bit,combinational,5,69dd4803-18ed-498e-978d-6f002a5edf0d,M-S,generation_log,0.329900332226,0.494850498339,46,3.1e-05,0,46,0.00301,0,0,0.989700996678,0,/workspace/exp/natural_qd_push/p3c_bd_sweep_20260704_093150_UTC/live/size_control_3d/seed_1001/openai_gpt-oss-120b/RTLLM/Prob004_adder_8bit/Gen5/Prob004_adder_8bit_sample4_M-S,
size_control_3d,RTLLM,Prob004_adder_8bit,combinational,5,2995c04d-9ffc-47aa-9052-a26436dcdb5f,M-R,generation_log,0.381544128268,0.572316192402,39,2.27e-05,0,46,0.00301,0,0.152173913043,0.992458471761,0,/workspace/exp/natural_qd_push/p3c_bd_sweep_20260704_093150_UTC/live/size_control_3d/seed_1001/openai_gpt-oss-120b/RTLLM/Prob004_adder_8bit/Gen5/Prob004_adder_8bit_sample5_M-R,
size_control_3d,RTLLM,Prob004_adder_8bit,combinational,5,0068cf7c-dfa3-4ba4-b737-8db76ff45188,C-F,generation_log,0.329900332226,0.494850498339,46,3.1e-05,0,46,0.00301,0,0,0.989700996678,0,/workspace/exp/natural_qd_push/p3c_bd_sweep_20260704_093150_UTC/live/size_control_3d/seed_1001/openai_gpt-oss-120b/RTLLM/Prob004_adder_8bit/Gen5/Prob004_adder_8bit_sample6_C-F,
size_control_3d,RTLLM,Prob004_adder_8bit,combinational,5,60e46461-1036-4def-ab7c-a4c605ad19e2,C-F,generation_log,0.381544128268,0.572316192402,39,2.27e-05,0,46,0.00301,0,0.152173913043,0.992458471761,0,/workspace/exp/natural_qd_push/p3c_bd_sweep_20260704_093150_UTC/live/size_control_3d/seed_1001/openai_gpt-oss-120b/RTLLM/Prob004_adder_8bit/Gen5/Prob004_adder_8bit_sample7_C-F,
size_control_3d,RTLLM,Prob005_adder_bcd,combinational,0,2d55be5b-5f27-4a8d-86e4-eb346bb88cad,initial,generation_log,0.366853078244,0.550279617366,40,4.78e-05,0,45,0.00453,0,0.111111111111,0.98944812362,0,/workspace/exp/natural_qd_push/p3c_bd_sweep_20260704_093150_UTC/live/size_control_3d/seed_1001/openai_gpt-oss-120b/RTLLM/Prob005_adder_bcd/Gen0/Prob005_adder_bcd_sample1_initial,
size_control_3d,RTLLM,Prob005_adder_bcd,combinational,0,2e20ad4f-1b8f-4fb1-9505-517224dc9068,initial,generation_log,0.307137601177,0.460706401766,48,5.4e-05,0,45,0.00453,0,-0.0666666666667,0.988079470199,0,/workspace/exp/natural_qd_push/p3c_bd_sweep_20260704_093150_UTC/live/size_control_3d/seed_1001/openai_gpt-oss-120b/RTLLM/Prob005_adder_bcd/Gen0/Prob005_adder_bcd_sample2_initial,
size_control_3d,RTLLM,Prob005_adder_bcd,combinational,0,76b4e290-c098-4757-a5a7-0ad8e4698f34,initial,generation_log,0.307137601177,0.460706401766,48,5.4e-05,0,45,0.00453,0,-0.0666666666667,0.988079470199,0,/workspace/exp/natural_qd_push/p3c_bd_sweep_20260704_093150_UTC/live/size_control_3d/seed_1001/openai_gpt-oss-120b/RTLLM/Prob005_adder_bcd/Gen0/Prob005_adder_bcd_sample3_initial,
size_control_3d,RTLLM,Prob005_adder_bcd,combinational,0,56b12996-123c-4d6c-acae-325d392361eb,initial,generation_log,0.374635761589,0.561953642384,39,4.27e-05,0,45,0.00453,0,0.133333333333,0.990573951435,0,/workspace/exp/natural_qd_push/p3c_bd_sweep_20260704_093150_UTC/live/size_control_3d/seed_1001/openai_gpt-oss-120b/RTLLM/Prob005_adder_bcd/Gen0/Prob005_adder_bcd_sample4_initial,
size_control_3d,RTLLM,Prob005_adder_bcd,combinational,0,f18fa886-02fd-42d3-b7d0-eea5e4f9bb3c,initial,generation_log,0.366853078244,0.550279617366,40,4.78e-05,0,45,0.00453,0,0.111111111111,0.98944812362,0,/workspace/exp/natural_qd_push/p3c_bd_sweep_20260704_093150_UTC/live/size_control_3d/seed_1001/openai_gpt-oss-120b/RTLLM/Prob005_adder_bcd/Gen0/Prob005_adder_bcd_sample5_initial,
size_control_3d,RTLLM,Prob005_adder_bcd,combinational,0,0bd48436-0cae-493f-90eb-60bf3356a3b3,initial,generation_log,0.366853078244,0.550279617366,40,4.78e-05,0,45,0.00453,0,0.111111111111,0.98944812362,0,/workspace/exp/natural_qd_push/p3c_bd_sweep_20260704_093150_UTC/live/size_control_3d/seed_1001/openai_gpt-oss-120b/RTLLM/Prob005_adder_bcd/Gen0/Prob005_adder_bcd_sample6_initial,
size_control_3d,RTLLM,Prob005_adder_bcd,combinational,0,4515b0a6-63d9-4707-bd46-87bce7951b11,initial,generation_log,0.366853078244,0.550279617366,40,4.78e-05,0,45,0.00453,0,0.111111111111,0.98944812362,0,/workspace/exp/natural_qd_push/p3c_bd_sweep_20260704_093150_UTC/live/size_control_3d/seed_1001/openai_gpt-oss-120b/RTLLM/Prob005_adder_bcd/Gen0/Prob005_adder_bcd_sample7_initial,
size_control_3d,RTLLM,Prob005_adder_bcd,combinational,0,1b2528ae-e344-4835-9a50-35938c2abbfd,initial,generation_log,0.366853078244,0.550279617366,40,4.78e-05,0,45,0.00453,0,0.111111111111,0.98944812362,0,/workspace/exp/natural_qd_push/p3c_bd_sweep_20260704_093150_UTC/live/size_control_3d/seed_1001/openai_gpt-oss-120b/RTLLM/Prob005_adder_bcd/Gen0/Prob005_adder_bcd_sample8_initial,
size_control_3d,RTLLM,Prob005_adder_bcd,combinational,1,d6c72cbf-b19d-49ae-adb8-46980c9c0062,initial,generation_log,0.396983075791,0.595474613687,36,4.1e-05,0,45,0.00453,0,0.2,0.990949227373,0,/workspace/exp/natural_qd_push/p3c_bd_sweep_20260704_093150_UTC/live/size_control_3d/seed_1001/openai_gpt-oss-120b/RTLLM/Prob005_adder_bcd/Gen1/Prob005_adder_bcd_sample1_initial,
size_control_3d,RTLLM,Prob005_adder_bcd,combinational,1,35ef962c-bb59-406a-be78-ccea8aaadfe0,initial,generation_log,0.366853078244,0.550279617366,40,4.78e-05,0,45,0.00453,0,0.111111111111,0.98944812362,0,/workspace/exp/natural_qd_push/p3c_bd_sweep_20260704_093150_UTC/live/size_control_3d/seed_1001/openai_gpt-oss-120b/RTLLM/Prob005_adder_bcd/Gen1/Prob005_adder_bcd_sample2_initial,
size_control_3d,RTLLM,Prob005_adder_bcd,combinational,1,c9876d12-b02f-42f4-9bd9-22ad4efaa54e,M-E,generation_log,0.337260240373,0.505890360559,44,4.73e-05,0,45,0.00453,0,0.0222222222222,0.989558498896,0,/workspace/exp/natural_qd_push/p3c_bd_sweep_20260704_093150_UTC/live/size_control_3d/seed_1001/openai_gpt-oss-120b/RTLLM/Prob005_adder_bcd/Gen1/Prob005_adder_bcd_sample5_M-E,
size_control_3d,RTLLM,Prob005_adder_bcd,combinational,2,26aaf416-7992-42aa-aa30-980c30446301,initial,generation_log,0.396983075791,0.595474613687,36,4.1e-05,0,45,0.00453,0,0.2,0.990949227373,0,/workspace/exp/natural_qd_push/p3c_bd_sweep_20260704_093150_UTC/live/size_control_3d/seed_1001/openai_gpt-oss-120b/RTLLM/Prob005_adder_bcd/Gen2/Prob005_adder_bcd_sample1_initial,
size_control_3d,RTLLM,Prob005_adder_bcd,combinational,2,5582d900-031b-439e-a321-1bb05e49b4fc,M-F,generation_log,0.396983075791,0.595474613687,36,4.1e-05,0,45,0.00453,0,0.2,0.990949227373,0,/workspace/exp/natural_qd_push/p3c_bd_sweep_20260704_093150_UTC/live/size_control_3d/seed_1001/openai_gpt-oss-120b/RTLLM/Prob005_adder_bcd/Gen2/Prob005_adder_bcd_sample1_M-F,
size_control_3d,RTLLM,Prob005_adder_bcd,combinational,2,176a6cad-99b8-462d-9d26-dc5907400413,M-E,generation_log,0.366853078244,0.550279617366,40,4.78e-05,0,45,0.00453,0,0.111111111111,0.98944812362,0,/workspace/exp/natural_qd_push/p3c_bd_sweep_20260704_093150_UTC/live/size_control_3d/seed_1001/openai_gpt-oss-120b/RTLLM/Prob005_adder_bcd/Gen2/Prob005_adder_bcd_sample2_M-E,
size_control_3d,RTLLM,Prob005_adder_bcd,combinational,2,e61ed7d6-1b34-4ced-adea-46849214f8c9,M-E,generation_log,0.314302182978,0.471453274467,47,5.73e-05,0,45,0.00453,0,-0.0444444444444,0.987350993377,0,/workspace/exp/natural_qd_push/p3c_bd_sweep_20260704_093150_UTC/live/size_control_3d/seed_1001/openai_gpt-oss-120b/RTLLM/Prob005_adder_bcd/Gen2/Prob005_adder_bcd_sample3_M-E,
size_control_3d,RTLLM,Prob005_adder_bcd,combinational,2,56edbfeb-f30c-4703-a7cf-47dcaadd542d,M-F,generation_log,0.359688496443,0.539532744665,41,4.45e-05,0,45,0.00453,0,0.0888888888889,0.990176600442,0,/workspace/exp/natural_qd_push/p3c_bd_sweep_20260704_093150_UTC/live/size_control_3d/seed_1001/openai_gpt-oss-120b/RTLLM/Prob005_adder_bcd/Gen2/Prob005_adder_bcd_sample4_M-F,
size_control_3d,RTLLM,Prob005_adder_bcd,combinational,2,75af7305-5e21-44b5-b278-378eeff6e3a3,M-T,generation_log,0.322048074565,0.483072111847,46,5.27e-05,0,45,0.00453,0,-0.0222222222222,0.988366445916,0,/workspace/exp/natural_qd_push/p3c_bd_sweep_20260704_093150_UTC/live/size_control_3d/seed_1001/openai_gpt-oss-120b/RTLLM/Prob005_adder_bcd/Gen2/Prob005_adder_bcd_sample5_M-T,
size_control_3d,RTLLM,Prob005_adder_bcd,combinational,2,7cdffa37-a34f-4474-95c2-b3c5ae0a5f03,C-D,generation_log,0.352082413539,0.528123620309,42,4.72e-05,0,45,0.00453,0,0.0666666666667,0.989580573951,0,/workspace/exp/natural_qd_push/p3c_bd_sweep_20260704_093150_UTC/live/size_control_3d/seed_1001/openai_gpt-oss-120b/RTLLM/Prob005_adder_bcd/Gen2/Prob005_adder_bcd_sample7_C-D,
size_control_3d,RTLLM,Prob005_adder_bcd,combinational,3,6d475fa2-29fb-4897-b6a7-5aebca2e995a,initial,generation_log,0.314110865833,0.471166298749,47,5.99e-05,0,45,0.00453,0,-0.0444444444444,0.986777041943,0,/workspace/exp/natural_qd_push/p3c_bd_sweep_20260704_093150_UTC/live/size_control_3d/seed_1001/openai_gpt-oss-120b/RTLLM/Prob005_adder_bcd/Gen3/Prob005_adder_bcd_sample1_initial,
size_control_3d,RTLLM,Prob005_adder_bcd,combinational,3,6b4f1e22-2790-4296-ba08-cd45f98cf33d,initial,generation_log,0.366853078244,0.550279617366,40,4.78e-05,0,45,0.00453,0,0.111111111111,0.98944812362,0,/workspace/exp/natural_qd_push/p3c_bd_sweep_20260704_093150_UTC/live/size_control_3d/seed_1001/openai_gpt-oss-120b/RTLLM/Prob005_adder_bcd/Gen3/Prob005_adder_bcd_sample2_initial,
size_control_3d,RTLLM,Prob005_adder_bcd,combinational,3,dab964e6-ac48-4961-9b22-92ed149726b4,M-E,generation_log,0.366853078244,0.550279617366,40,4.78e-05,0,45,0.00453,0,0.111111111111,0.98944812362,0,/workspace/exp/natural_qd_push/p3c_bd_sweep_20260704_093150_UTC/live/size_control_3d/seed_1001/openai_gpt-oss-120b/RTLLM/Prob005_adder_bcd/Gen3/Prob005_adder_bcd_sample1_M-E,
size_control_3d,RTLLM,Prob005_adder_bcd,combinational,3,bcb6144b-486b-4e74-bdff-eb560a5d6861,M-F,generation_log,0.359688496443,0.539532744665,41,4.45e-05,0,45,0.00453,0,0.0888888888889,0.990176600442,0,/workspace/exp/natural_qd_push/p3c_bd_sweep_20260704_093150_UTC/live/size_control_3d/seed_1001/openai_gpt-oss-120b/RTLLM/Prob005_adder_bcd/Gen3/Prob005_adder_bcd_sample2_M-F,
size_control_3d,RTLLM,Prob005_adder_bcd,combinational,3,76fe2fa2-2c2b-47e9-a1b4-385cf7d7aad5,C-D,generation_log,0.359688496443,0.539532744665,41,4.45e-05,0,45,0.00453,0,0.0888888888889,0.990176600442,0,/workspace/exp/natural_qd_push/p3c_bd_sweep_20260704_093150_UTC/live/size_control_3d/seed_1001/openai_gpt-oss-120b/RTLLM/Prob005_adder_bcd/Gen3/Prob005_adder_bcd_sample3_C-D,
size_control_3d,RTLLM,Prob005_adder_bcd,combinational,3,30485da8-9308-4fb7-ac17-45fb6cbfb2e1,M-T,generation_log,0.366853078244,0.550279617366,40,4.78e-05,0,45,0.00453,0,0.111111111111,0.98944812362,0,/workspace/exp/natural_qd_push/p3c_bd_sweep_20260704_093150_UTC/live/size_control_3d/seed_1001/openai_gpt-oss-120b/RTLLM/Prob005_adder_bcd/Gen3/Prob005_adder_bcd_sample4_M-T,
size_control_3d,RTLLM,Prob005_adder_bcd,combinational,3,73cf62fd-c5cb-418b-832a-2fd968528eef,C-D,generation_log,0.359688496443,0.539532744665,41,4.45e-05,0,45,0.00453,0,0.0888888888889,0.990176600442,0,/workspace/exp/natural_qd_push/p3c_bd_sweep_20260704_093150_UTC/live/size_control_3d/seed_1001/openai_gpt-oss-120b/RTLLM/Prob005_adder_bcd/Gen3/Prob005_adder_bcd_sample5_C-D,
size_control_3d,RTLLM,Prob005_adder_bcd,combinational,3,517c1b05-4c0e-443b-8a94-973c54ea5c82,M-E,generation_log,0.314302182978,0.471453274467,47,5.73e-05,0,45,0.00453,0,-0.0444444444444,0.987350993377,0,/workspace/exp/natural_qd_push/p3c_bd_sweep_20260704_093150_UTC/live/size_control_3d/seed_1001/openai_gpt-oss-120b/RTLLM/Prob005_adder_bcd/Gen3/Prob005_adder_bcd_sample6_M-E,
size_control_3d,RTLLM,Prob005_adder_bcd,combinational,4,39ba78c3-7dc1-4110-90a0-eec503a9dd7e,initial,generation_log,0.396983075791,0.595474613687,36,4.1e-05,0,45,0.00453,0,0.2,0.990949227373,0,/workspace/exp/natural_qd_push/p3c_bd_sweep_20260704_093150_UTC/live/size_control_3d/seed_1001/openai_gpt-oss-120b/RTLLM/Prob005_adder_bcd/Gen4/Prob005_adder_bcd_sample1_initial,
size_control_3d,RTLLM,Prob005_adder_bcd,combinational,4,145407c0-88b8-4986-a726-ad62d1f1bd50,initial,generation_log,0.396983075791,0.595474613687,36,4.1e-05,0,45,0.00453,0,0.2,0.990949227373,0,/workspace/exp/natural_qd_push/p3c_bd_sweep_20260704_093150_UTC/live/size_control_3d/seed_1001/openai_gpt-oss-120b/RTLLM/Prob005_adder_bcd/Gen4/Prob005_adder_bcd_sample2_initial,
size_control_3d,RTLLM,Prob005_adder_bcd,combinational,4,74ed9242-8c53-48ec-a341-69789aef53b1,M-E,generation_log,0.359688496443,0.539532744665,41,4.45e-05,0,45,0.00453,0,0.0888888888889,0.990176600442,0,/workspace/exp/natural_qd_push/p3c_bd_sweep_20260704_093150_UTC/live/size_control_3d/seed_1001/openai_gpt-oss-120b/RTLLM/Prob005_adder_bcd/Gen4/Prob005_adder_bcd_sample1_M-E,
size_control_3d,RTLLM,Prob005_adder_bcd,combinational,4,6184abb6-bf36-4b6c-b015-31a77db63211,M-E,generation_log,0.359688496443,0.539532744665,41,4.45e-05,0,45,0.00453,0,0.0888888888889,0.990176600442,0,/workspace/exp/natural_qd_push/p3c_bd_sweep_20260704_093150_UTC/live/size_control_3d/seed_1001/openai_gpt-oss-120b/RTLLM/Prob005_adder_bcd/Gen4/Prob005_adder_bcd_sample2_M-E,
size_control_3d,RTLLM,Prob005_adder_bcd,combinational,4,3b780d75-c450-4ba6-9edb-bfe0fbaf89a4,C-D,generation_log,0.359688496443,0.539532744665,41,4.45e-05,0,45,0.00453,0,0.0888888888889,0.990176600442,0,/workspace/exp/natural_qd_push/p3c_bd_sweep_20260704_093150_UTC/live/size_control_3d/seed_1001/openai_gpt-oss-120b/RTLLM/Prob005_adder_bcd/Gen4/Prob005_adder_bcd_sample3_C-D,
size_control_3d,RTLLM,Prob005_adder_bcd,combinational,4,6479ec5a-99b5-4c79-9f62-566d4d8d9f6c,C-D,generation_log,0.352082413539,0.528123620309,42,4.72e-05,0,45,0.00453,0,0.0666666666667,0.989580573951,0,/workspace/exp/natural_qd_push/p3c_bd_sweep_20260704_093150_UTC/live/size_control_3d/seed_1001/openai_gpt-oss-120b/RTLLM/Prob005_adder_bcd/Gen4/Prob005_adder_bcd_sample4_C-D,
size_control_3d,RTLLM,Prob005_adder_bcd,combinational,4,79db75ae-7bf5-424d-97c3-67b3fca7477f,C-D,generation_log,0.322048074565,0.483072111847,46,5.27e-05,0,45,0.00453,0,-0.0222222222222,0.988366445916,0,/workspace/exp/natural_qd_push/p3c_bd_sweep_20260704_093150_UTC/live/size_control_3d/seed_1001/openai_gpt-oss-120b/RTLLM/Prob005_adder_bcd/Gen4/Prob005_adder_bcd_sample5_C-D,
size_control_3d,RTLLM,Prob005_adder_bcd,combinational,5,08e3e21f-c6e8-42b4-b7bc-4b076f60d247,C-D,generation_log,0.352082413539,0.528123620309,42,4.72e-05,0,45,0.00453,0,0.0666666666667,0.989580573951,0,/workspace/exp/natural_qd_push/p3c_bd_sweep_20260704_093150_UTC/live/size_control_3d/seed_1001/openai_gpt-oss-120b/RTLLM/Prob005_adder_bcd/Gen5/Prob005_adder_bcd_sample1_C-D,
size_control_3d,RTLLM,Prob005_adder_bcd,combinational,5,06d0e4b0-aab0-47db-8b29-4861a39e00f7,C-F,generation_log,0.352082413539,0.528123620309,42,4.72e-05,0,45,0.00453,0,0.0666666666667,0.989580573951,0,/workspace/exp/natural_qd_push/p3c_bd_sweep_20260704_093150_UTC/live/size_control_3d/seed_1001/openai_gpt-oss-120b/RTLLM/Prob005_adder_bcd/Gen5/Prob005_adder_bcd_sample5_C-F,
size_control_3d,RTLLM,Prob005_adder_bcd,combinational,5,4dc6602c-b8c6-457c-a307-cb6d7b44cd74,M-I,generation_log,0.352082413539,0.528123620309,42,4.72e-05,0,45,0.00453,0,0.0666666666667,0.989580573951,0,/workspace/exp/natural_qd_push/p3c_bd_sweep_20260704_093150_UTC/live/size_control_3d/seed_1001/openai_gpt-oss-120b/RTLLM/Prob005_adder_bcd/Gen5/Prob005_adder_bcd_sample7_M-I,
size_control_3d,RTLLM,Prob005_adder_bcd,combinational,5,ecc8d6f7-6fea-471a-a0eb-6936d4cc9d81,C-F,generation_log,0.352082413539,0.528123620309,42,4.72e-05,0,45,0.00453,0,0.0666666666667,0.989580573951,0,/workspace/exp/natural_qd_push/p3c_bd_sweep_20260704_093150_UTC/live/size_control_3d/seed_1001/openai_gpt-oss-120b/RTLLM/Prob005_adder_bcd/Gen5/Prob005_adder_bcd_sample8_C-F,
size_control_3d,RTLLM,Prob007_comparator_3bit,combinational,0,531dc360-30bb-4309-8ca0-568924c62ac5,initial,generation_log,0.329833503228,0.494750254842,17,1.03e-05,0,17,0.000981,0,0,0.989500509684,0,/workspace/exp/natural_qd_push/p3c_bd_sweep_20260704_093150_UTC/live/size_control_3d/seed_1001/openai_gpt-oss-120b/RTLLM/Prob007_comparator_3bit/Gen0/Prob007_comparator_3bit_sample1_initial,
size_control_3d,RTLLM,Prob007_comparator_3bit,combinational,0,2025e36d-ba5e-4dfc-b51e-c068ebaf717c,initial,generation_log,0.329833503228,0.494750254842,17,1.03e-05,0,17,0.000981,0,0,0.989500509684,0,/workspace/exp/natural_qd_push/p3c_bd_sweep_20260704_093150_UTC/live/size_control_3d/seed_1001/openai_gpt-oss-120b/RTLLM/Prob007_comparator_3bit/Gen0/Prob007_comparator_3bit_sample2_initial,
size_control_3d,RTLLM,Prob007_comparator_3bit,combinational,0,df7c35ff-bc4b-4738-8e47-ffa1a271aa09,initial,generation_log,0.329833503228,0.494750254842,17,1.03e-05,0,17,0.000981,0,0,0.989500509684,0,/workspace/exp/natural_qd_push/p3c_bd_sweep_20260704_093150_UTC/live/size_control_3d/seed_1001/openai_gpt-oss-120b/RTLLM/Prob007_comparator_3bit/Gen0/Prob007_comparator_3bit_sample3_initial,
size_control_3d,RTLLM,Prob007_comparator_3bit,combinational,0,7c2e7a47-9797-42b0-980d-49db32627e19,initial,generation_log,0.329833503228,0.494750254842,17,1.03e-05,0,17,0.000981,0,0,0.989500509684,0,/workspace/exp/natural_qd_push/p3c_bd_sweep_20260704_093150_UTC/live/size_control_3d/seed_1001/openai_gpt-oss-120b/RTLLM/Prob007_comparator_3bit/Gen0/Prob007_comparator_3bit_sample4_initial,
size_control_3d,RTLLM,Prob007_comparator_3bit,combinational,0,5ad0ee33-f336-4607-af66-159dfb7bdeea,initial,generation_log,0.329833503228,0.494750254842,17,1.03e-05,0,17,0.000981,0,0,0.989500509684,0,/workspace/exp/natural_qd_push/p3c_bd_sweep_20260704_093150_UTC/live/size_control_3d/seed_1001/openai_gpt-oss-120b/RTLLM/Prob007_comparator_3bit/Gen0/Prob007_comparator_3bit_sample5_initial,
size_control_3d,RTLLM,Prob007_comparator_3bit,combinational,0,bad78956-f179-4ae4-ab87-2619689c9658,initial,generation_log,0.329833503228,0.494750254842,17,1.03e-05,0,17,0.000981,0,0,0.989500509684,0,/workspace/exp/natural_qd_push/p3c_bd_sweep_20260704_093150_UTC/live/size_control_3d/seed_1001/openai_gpt-oss-120b/RTLLM/Prob007_comparator_3bit/Gen0/Prob007_comparator_3bit_sample6_initial,
size_control_3d,RTLLM,Prob007_comparator_3bit,combinational,0,dcdde198-bce8-433d-be64-f0df69f83cc5,initial,generation_log,0.329833503228,0.494750254842,17,1.03e-05,0,17,0.000981,0,0,0.989500509684,0,/workspace/exp/natural_qd_push/p3c_bd_sweep_20260704_093150_UTC/live/size_control_3d/seed_1001/openai_gpt-oss-120b/RTLLM/Prob007_comparator_3bit/Gen0/Prob007_comparator_3bit_sample7_initial,
size_control_3d,RTLLM,Prob007_comparator_3bit,combinational,0,28bcb35e-0f1d-4d1a-90ab-d0c209cb79e5,initial,generation_log,0.329833503228,0.494750254842,17,1.03e-05,0,17,0.000981,0,0,0.989500509684,0,/workspace/exp/natural_qd_push/p3c_bd_sweep_20260704_093150_UTC/live/size_control_3d/seed_1001/openai_gpt-oss-120b/RTLLM/Prob007_comparator_3bit/Gen0/Prob007_comparator_3bit_sample8_initial,
size_control_3d,RTLLM,Prob007_comparator_3bit,combinational,1,aa843f55-39b4-42f3-9d87-c181af205ba6,M-S,generation_log,0.210045771622,0.315068657432,23,1.66e-05,0,17,0.000981,0,-0.352941176471,0.983078491335,0,/workspace/exp/natural_qd_push/p3c_bd_sweep_20260704_093150_UTC/live/size_control_3d/seed_1001/openai_gpt-oss-120b/RTLLM/Prob007_comparator_3bit/Gen1/Prob007_comparator_3bit_sample2_M-S,
size_control_3d,RTLLM,Prob007_comparator_3bit,combinational,1,1e17f5ea-6326-4ad2-bb49-72e847e9df07,M-R,generation_log,0.210079750555,0.315119625832,23,1.65e-05,0,17,0.000981,0,-0.352941176471,0.983180428135,0,/workspace/exp/natural_qd_push/p3c_bd_sweep_20260704_093150_UTC/live/size_control_3d/seed_1001/openai_gpt-oss-120b/RTLLM/Prob007_comparator_3bit/Gen1/Prob007_comparator_3bit_sample3_M-R,
size_control_3d,RTLLM,Prob007_comparator_3bit,combinational,1,230cc177-e095-464b-a400-848cde2ef6a7,M-I,generation_log,0.309715976095,0.464573964142,18,1.18e-05,0,17,0.000981,0,-0.0588235294118,0.987971457696,0,/workspace/exp/natural_qd_push/p3c_bd_sweep_20260704_093150_UTC/live/size_control_3d/seed_1001/openai_gpt-oss-120b/RTLLM/Prob007_comparator_3bit/Gen1/Prob007_comparator_3bit_sample4_M-I,
size_control_3d,RTLLM,Prob007_comparator_3bit,combinational,1,34ca785e-48a5-4573-b1d6-91cfbf59a17c,M-S,generation_log,0.210045771622,0.315068657432,23,1.66e-05,0,17,0.000981,0,-0.352941176471,0.983078491335,0,/workspace/exp/natural_qd_push/p3c_bd_sweep_20260704_093150_UTC/live/size_control_3d/seed_1001/openai_gpt-oss-120b/RTLLM/Prob007_comparator_3bit/Gen1/Prob007_comparator_3bit_sample5_M-S,
size_control_3d,RTLLM,Prob007_comparator_3bit,combinational,1,611c7b09-601c-4f8b-b373-9dc8c831bee9,M-I,generation_log,0.132463872399,0.198695808599,27,1.41e-05,0,17,0.000981,0,-0.588235294118,0.985626911315,0,/workspace/exp/natural_qd_push/p3c_bd_sweep_20260704_093150_UTC/live/size_control_3d/seed_1001/openai_gpt-oss-120b/RTLLM/Prob007_comparator_3bit/Gen1/Prob007_comparator_3bit_sample7_M-I,
size_control_3d,RTLLM,Prob007_comparator_3bit,combinational,2,98e3248e-01f2-493e-9365-6566df75822d,C-D,generation_log,0.0932142071915,0.139821310787,29,1.42e-05,0,17,0.000981,0,-0.705882352941,0.985524974516,0,/workspace/exp/natural_qd_push/p3c_bd_sweep_20260704_093150_UTC/live/size_control_3d/seed_1001/openai_gpt-oss-120b/RTLLM/Prob007_comparator_3bit/Gen2/Prob007_comparator_3bit_sample1_C-D,
size_control_3d,RTLLM,Prob007_comparator_3bit,combinational,2,84c5ad79-c27f-4b58-9333-a5fb773f85bc,C-D,generation_log,0.350069956627,0.52510493494,16,8.45e-06,0,17,0.000981,0,0.0588235294118,0.991386340469,0,/workspace/exp/natural_qd_push/p3c_bd_sweep_20260704_093150_UTC/live/size_control_3d/seed_1001/openai_gpt-oss-120b/RTLLM/Prob007_comparator_3bit/Gen2/Prob007_comparator_3bit_sample2_C-D,
size_control_3d,RTLLM,Prob007_comparator_3bit,combinational,2,64c37cc3-5b76-40b2-b3b2-daac5c8ef379,M-S,generation_log,0.210045771622,0.315068657432,23,1.66e-05,0,17,0.000981,0,-0.352941176471,0.983078491335,0,/workspace/exp/natural_qd_push/p3c_bd_sweep_20260704_093150_UTC/live/size_control_3d/seed_1001/openai_gpt-oss-120b/RTLLM/Prob007_comparator_3bit/Gen2/Prob007_comparator_3bit_sample3_M-S,
size_control_3d,RTLLM,Prob007_comparator_3bit,combinational,2,04292be9-d57d-428b-a813-5e33d2566787,C-F,generation_log,0.210419539885,0.315629309828,23,1.55e-05,0,17,0.000981,0,-0.352941176471,0.984199796126,0,/workspace/exp/natural_qd_push/p3c_bd_sweep_20260704_093150_UTC/live/size_control_3d/seed_1001/openai_gpt-oss-120b/RTLLM/Prob007_comparator_3bit/Gen2/Prob007_comparator_3bit_sample4_C-F,
size_control_3d,RTLLM,Prob007_comparator_3bit,combinational,2,c6a3a53e-31cb-4915-8576-fdcd745c36c8,C-F,generation_log,0.211201055346,0.316801583019,23,1.32e-05,0,17,0.000981,0,-0.352941176471,0.986544342508,0,/workspace/exp/natural_qd_push/p3c_bd_sweep_20260704_093150_UTC/live/size_control_3d/seed_1001/openai_gpt-oss-120b/RTLLM/Prob007_comparator_3bit/Gen2/Prob007_comparator_3bit_sample5_C-F,
size_control_3d,RTLLM,Prob007_comparator_3bit,combinational,2,99218072-dd9a-4fc6-9af1-2090452c9d97,C-F,generation_log,0.350069956627,0.52510493494,16,8.45e-06,0,17,0.000981,0,0.0588235294118,0.991386340469,0,/workspace/exp/natural_qd_push/p3c_bd_sweep_20260704_093150_UTC/live/size_control_3d/seed_1001/openai_gpt-oss-120b/RTLLM/Prob007_comparator_3bit/Gen2/Prob007_comparator_3bit_sample6_C-F,
size_control_3d,RTLLM,Prob007_comparator_3bit,combinational,2,645aac7d-b266-4763-b424-daf94776061a,C-F,generation_log,0.350069956627,0.52510493494,16,8.45e-06,0,17,0.000981,0,0.0588235294118,0.991386340469,0,/workspace/exp/natural_qd_push/p3c_bd_sweep_20260704_093150_UTC/live/size_control_3d/seed_1001/openai_gpt-oss-120b/RTLLM/Prob007_comparator_3bit/Gen2/Prob007_comparator_3bit_sample8_C-F,
size_control_3d,RTLLM,Prob007_comparator_3bit,combinational,3,d08a5460-c407-493c-8d38-a8b189154f69,M-E,generation_log,0.309274249965,0.463911374948,18,1.31e-05,0,17,0.000981,0,-0.0588235294118,0.986646279307,0,/workspace/exp/natural_qd_push/p3c_bd_sweep_20260704_093150_UTC/live/size_control_3d/seed_1001/openai_gpt-oss-120b/RTLLM/Prob007_comparator_3bit/Gen3/Prob007_comparator_3bit_sample1_M-E,
size_control_3d,RTLLM,Prob007_comparator_3bit,combinational,3,0bc568c7-8588-4648-bae7-0cac31ab3ad7,C-D,generation_log,0.210419539885,0.315629309828,23,1.55e-05,0,17,0.000981,0,-0.352941176471,0.984199796126,0,/workspace/exp/natural_qd_push/p3c_bd_sweep_20260704_093150_UTC/live/size_control_3d/seed_1001/openai_gpt-oss-120b/RTLLM/Prob007_comparator_3bit/Gen3/Prob007_comparator_3bit_sample2_C-D,
size_control_3d,RTLLM,Prob007_comparator_3bit,combinational,3,907fd443-578d-40de-a382-86fd8d6b1cc8,C-F,generation_log,0.350069956627,0.52510493494,16,8.45e-06,0,17,0.000981,0,0.0588235294118,0.991386340469,0,/workspace/exp/natural_qd_push/p3c_bd_sweep_20260704_093150_UTC/live/size_control_3d/seed_1001/openai_gpt-oss-120b/RTLLM/Prob007_comparator_3bit/Gen3/Prob007_comparator_3bit_sample3_C-F,
size_control_3d,RTLLM,Prob007_comparator_3bit,combinational,3,bfc6b076-33e5-4488-9311-ace507f5cbf6,M-R,generation_log,0.350069956627,0.52510493494,16,8.45e-06,0,17,0.000981,0,0.0588235294118,0.991386340469,0,/workspace/exp/natural_qd_push/p3c_bd_sweep_20260704_093150_UTC/live/size_control_3d/seed_1001/openai_gpt-oss-120b/RTLLM/Prob007_comparator_3bit/Gen3/Prob007_comparator_3bit_sample4_M-R,
size_control_3d,RTLLM,Prob007_comparator_3bit,combinational,3,c6e200eb-5a91-423a-96f8-e956462dd656,C-F,generation_log,0.211201055346,0.316801583019,23,1.32e-05,0,17,0.000981,0,-0.352941176471,0.986544342508,0,/workspace/exp/natural_qd_push/p3c_bd_sweep_20260704_093150_UTC/live/size_control_3d/seed_1001/openai_gpt-oss-120b/RTLLM/Prob007_comparator_3bit/Gen3/Prob007_comparator_3bit_sample5_C-F,
size_control_3d,RTLLM,Prob007_comparator_3bit,combinational,3,20cc764e-3b99-4e00-a20a-05ba8e6e706b,C-F,generation_log,0.350069956627,0.52510493494,16,8.45e-06,0,17,0.000981,0,0.0588235294118,0.991386340469,0,/workspace/exp/natural_qd_push/p3c_bd_sweep_20260704_093150_UTC/live/size_control_3d/seed_1001/openai_gpt-oss-120b/RTLLM/Prob007_comparator_3bit/Gen3/Prob007_comparator_3bit_sample7_C-F,
size_control_3d,RTLLM,Prob007_comparator_3bit,combinational,3,e160ac03-ca71-41aa-b8ed-cb8b6f361130,C-F,generation_log,0.350069956627,0.52510493494,16,8.45e-06,0,17,0.000981,0,0.0588235294118,0.991386340469,0,/workspace/exp/natural_qd_push/p3c_bd_sweep_20260704_093150_UTC/live/size_control_3d/seed_1001/openai_gpt-oss-120b/RTLLM/Prob007_comparator_3bit/Gen3/Prob007_comparator_3bit_sample8_C-F,
size_control_3d,RTLLM,Prob007_comparator_3bit,combinational,4,a6c8012a-f12f-41a2-9785-55a6fc9726ec,C-D,generation_log,0.210045771622,0.315068657432,23,1.66e-05,0,17,0.000981,0,-0.352941176471,0.983078491335,0,/workspace/exp/natural_qd_push/p3c_bd_sweep_20260704_093150_UTC/live/size_control_3d/seed_1001/openai_gpt-oss-120b/RTLLM/Prob007_comparator_3bit/Gen4/Prob007_comparator_3bit_sample1_C-D,
size_control_3d,RTLLM,Prob007_comparator_3bit,combinational,4,a4448782-fddb-4895-807f-c8bdbe217de0,C-D,generation_log,0.350069956627,0.52510493494,16,8.45e-06,0,17,0.000981,0,0.0588235294118,0.991386340469,0,/workspace/exp/natural_qd_push/p3c_bd_sweep_20260704_093150_UTC/live/size_control_3d/seed_1001/openai_gpt-oss-120b/RTLLM/Prob007_comparator_3bit/Gen4/Prob007_comparator_3bit_sample2_C-D,
size_control_3d,RTLLM,Prob007_comparator_3bit,combinational,4,95daa5dc-0252-4bc7-877b-5db3b0cd4178,C-F,generation_log,0.350069956627,0.52510493494,16,8.45e-06,0,17,0.000981,0,0.0588235294118,0.991386340469,0,/workspace/exp/natural_qd_push/p3c_bd_sweep_20260704_093150_UTC/live/size_control_3d/seed_1001/openai_gpt-oss-120b/RTLLM/Prob007_comparator_3bit/Gen4/Prob007_comparator_3bit_sample6_C-F,
size_control_3d,RTLLM,Prob007_comparator_3bit,combinational,4,1e229de3-17a2-4bcf-92f4-ba2f06455af3,C-F,generation_log,0.211201055346,0.316801583019,23,1.32e-05,0,17,0.000981,0,-0.352941176471,0.986544342508,0,/workspace/exp/natural_qd_push/p3c_bd_sweep_20260704_093150_UTC/live/size_control_3d/seed_1001/openai_gpt-oss-120b/RTLLM/Prob007_comparator_3bit/Gen4/Prob007_comparator_3bit_sample7_C-F,
size_control_3d,RTLLM,Prob007_comparator_3bit,combinational,4,df478fa5-ce84-4292-be7f-41adcb4ae74d,C-F,generation_log,0.211201055346,0.316801583019,23,1.32e-05,0,17,0.000981,0,-0.352941176471,0.986544342508,0,/workspace/exp/natural_qd_push/p3c_bd_sweep_20260704_093150_UTC/live/size_control_3d/seed_1001/openai_gpt-oss-120b/RTLLM/Prob007_comparator_3bit/Gen4/Prob007_comparator_3bit_sample8_C-F,
size_control_3d,RTLLM,Prob007_comparator_3bit,combinational,5,534435db-04c6-42f3-bca6-903ca875be68,C-D,generation_log,0.350069956627,0.52510493494,16,8.45e-06,0,17,0.000981,0,0.0588235294118,0.991386340469,0,/workspace/exp/natural_qd_push/p3c_bd_sweep_20260704_093150_UTC/live/size_control_3d/seed_1001/openai_gpt-oss-120b/RTLLM/Prob007_comparator_3bit/Gen5/Prob007_comparator_3bit_sample1_C-D,
size_control_3d,RTLLM,Prob007_comparator_3bit,combinational,5,054f7a67-70da-4f40-a287-6faedf4019b5,C-D,generation_log,0.270432331954,0.405648497931,20,1.2e-05,0,17,0.000981,0,-0.176470588235,0.987767584098,0,/workspace/exp/natural_qd_push/p3c_bd_sweep_20260704_093150_UTC/live/size_control_3d/seed_1001/openai_gpt-oss-120b/RTLLM/Prob007_comparator_3bit/Gen5/Prob007_comparator_3bit_sample2_C-D,
size_control_3d,RTLLM,Prob007_comparator_3bit,combinational,5,04023652-c04e-4917-951d-3f63fcb774b9,M-S,generation_log,0.329833503228,0.494750254842,17,1.03e-05,0,17,0.000981,0,0,0.989500509684,0,/workspace/exp/natural_qd_push/p3c_bd_sweep_20260704_093150_UTC/live/size_control_3d/seed_1001/openai_gpt-oss-120b/RTLLM/Prob007_comparator_3bit/Gen5/Prob007_comparator_3bit_sample3_M-S,
size_control_3d,RTLLM,Prob007_comparator_3bit,combinational,5,ff32ad75-7ddf-477f-b47e-9b4b886f721a,M-R,generation_log,0.350069956627,0.52510493494,16,8.45e-06,0,17,0.000981,0,0.0588235294118,0.991386340469,0,/workspace/exp/natural_qd_push/p3c_bd_sweep_20260704_093150_UTC/live/size_control_3d/seed_1001/openai_gpt-oss-120b/RTLLM/Prob007_comparator_3bit/Gen5/Prob007_comparator_3bit_sample5_M-R,
size_control_3d,RTLLM,Prob007_comparator_3bit,combinational,5,01550a06-353b-4702-a2de-1b5d0a5ea939,M-I,generation_log,0.210079750555,0.315119625832,23,1.65e-05,0,17,0.000981,0,-0.352941176471,0.983180428135,0,/workspace/exp/natural_qd_push/p3c_bd_sweep_20260704_093150_UTC/live/size_control_3d/seed_1001/openai_gpt-oss-120b/RTLLM/Prob007_comparator_3bit/Gen5/Prob007_comparator_3bit_sample6_M-I,
size_control_3d,RTLLM,Prob008_comparator_4bit,combinational,0,91288f42-8dbf-45b6-a017-b405296d2db4,initial,generation_log,0.421442424242,0.632163636364,24,1.68e-05,0,33,0.002,0,0.272727272727,0.9916,0,/workspace/exp/natural_qd_push/p3c_bd_sweep_20260704_093150_UTC/live/size_control_3d/seed_1001/openai_gpt-oss-120b/RTLLM/Prob008_comparator_4bit/Gen0/Prob008_comparator_4bit_sample1_initial,
size_control_3d,RTLLM,Prob008_comparator_4bit,combinational,0,ad30f849-fe21-42a5-8f13-e31fb26b387a,initial,generation_log,0.390839393939,0.586259090909,27,1.86e-05,0,33,0.002,0,0.181818181818,0.9907,0,/workspace/exp/natural_qd_push/p3c_bd_sweep_20260704_093150_UTC/live/size_control_3d/seed_1001/openai_gpt-oss-120b/RTLLM/Prob008_comparator_4bit/Gen0/Prob008_comparator_4bit_sample2_initial,
size_control_3d,RTLLM,Prob008_comparator_4bit,combinational,0,99b3be9b-90c6-4481-be44-c5933e0c28d5,initial,generation_log,0.380938383838,0.571407575758,28,1.74e-05,0,33,0.002,0,0.151515151515,0.9913,0,/workspace/exp/natural_qd_push/p3c_bd_sweep_20260704_093150_UTC/live/size_control_3d/seed_1001/openai_gpt-oss-120b/RTLLM/Prob008_comparator_4bit/Gen0/Prob008_comparator_4bit_sample3_initial,
size_control_3d,RTLLM,Prob008_comparator_4bit,combinational,0,02a7b8fd-98d1-434f-b8eb-7c689f979cb6,initial,generation_log,0.421492424242,0.632238636364,24,1.65e-05,0,33,0.002,0,0.272727272727,0.99175,0,/workspace/exp/natural_qd_push/p3c_bd_sweep_20260704_093150_UTC/live/size_control_3d/seed_1001/openai_gpt-oss-120b/RTLLM/Prob008_comparator_4bit/Gen0/Prob008_comparator_4bit_sample5_initial,
size_control_3d,RTLLM,Prob008_comparator_4bit,combinational,0,fd2777d8-c505-4aca-9b96-57af654e4135,initial,generation_log,0.442044444444,0.663066666667,22,1.44e-05,0,33,0.002,0,0.333333333333,0.9928,0,/workspace/exp/natural_qd_push/p3c_bd_sweep_20260704_093150_UTC/live/size_control_3d/seed_1001/openai_gpt-oss-120b/RTLLM/Prob008_comparator_4bit/Gen0/Prob008_comparator_4bit_sample6_initial,
size_control_3d,RTLLM,Prob008_comparator_4bit,combinational,0,6d998e43-06ea-4595-b83a-d4e8594eb793,initial,generation_log,0.421442424242,0.632163636364,24,1.68e-05,0,33,0.002,0,0.272727272727,0.9916,0,/workspace/exp/natural_qd_push/p3c_bd_sweep_20260704_093150_UTC/live/size_control_3d/seed_1001/openai_gpt-oss-120b/RTLLM/Prob008_comparator_4bit/Gen0/Prob008_comparator_4bit_sample7_initial,
size_control_3d,RTLLM,Prob008_comparator_4bit,combinational,0,5d7c2c54-3b22-4805-9fe7-f9384102546c,initial,generation_log,0.390839393939,0.586259090909,27,1.86e-05,0,33,0.002,0,0.181818181818,0.9907,0,/workspace/exp/natural_qd_push/p3c_bd_sweep_20260704_093150_UTC/live/size_control_3d/seed_1001/openai_gpt-oss-120b/RTLLM/Prob008_comparator_4bit/Gen0/Prob008_comparator_4bit_sample8_initial,
size_control_3d,RTLLM,Prob008_comparator_4bit,combinational,1,61dbb050-00f2-48ae-b00c-c056844dd976,M-F,generation_log,0.32925,0.493875,33,2.45e-05,0,33,0.002,0,0,0.98775,0,/workspace/exp/natural_qd_push/p3c_bd_sweep_20260704_093150_UTC/live/size_control_3d/seed_1001/openai_gpt-oss-120b/RTLLM/Prob008_comparator_4bit/Gen1/Prob008_comparator_4bit_sample1_M-F,
size_control_3d,RTLLM,Prob008_comparator_4bit,combinational,1,b82f2d34-5f96-4b93-9461-444108856358,M-I,generation_log,0.380938383838,0.571407575758,28,1.74e-05,0,33,0.002,0,0.151515151515,0.9913,0,/workspace/exp/natural_qd_push/p3c_bd_sweep_20260704_093150_UTC/live/size_control_3d/seed_1001/openai_gpt-oss-120b/RTLLM/Prob008_comparator_4bit/Gen1/Prob008_comparator_4bit_sample2_M-I,
size_control_3d,RTLLM,Prob008_comparator_4bit,combinational,1,95c2b618-5e54-4abf-89f0-91c4fc813132,M-S,generation_log,0.43186010101,0.647790151515,23,1.49e-05,0,33,0.002,0,0.30303030303,0.99255,0,/workspace/exp/natural_qd_push/p3c_bd_sweep_20260704_093150_UTC/live/size_control_3d/seed_1001/openai_gpt-oss-120b/RTLLM/Prob008_comparator_4bit/Gen1/Prob008_comparator_4bit_sample4_M-S,
size_control_3d,RTLLM,Prob008_comparator_4bit,combinational,1,a2cf5d05-2005-410b-985c-d99fd6e42de0,M-I,generation_log,0.43186010101,0.647790151515,23,1.49e-05,0,33,0.002,0,0.30303030303,0.99255,0,/workspace/exp/natural_qd_push/p3c_bd_sweep_20260704_093150_UTC/live/size_control_3d/seed_1001/openai_gpt-oss-120b/RTLLM/Prob008_comparator_4bit/Gen1/Prob008_comparator_4bit_sample8_M-I,
size_control_3d,RTLLM,Prob008_comparator_4bit,combinational,2,f9b20c3f-4386-4a13-a012-507f2d27abbf,initial,generation_log,0.380938383838,0.571407575758,28,1.74e-05,0,33,0.002,0,0.151515151515,0.9913,0,/workspace/exp/natural_qd_push/p3c_bd_sweep_20260704_093150_UTC/live/size_control_3d/seed_1001/openai_gpt-oss-120b/RTLLM/Prob008_comparator_4bit/Gen2/Prob008_comparator_4bit_sample1_initial,
size_control_3d,RTLLM,Prob008_comparator_4bit,combinational,2,58b59294-d5a1-4c34-9167-2d1f06863fcd,initial,generation_log,0.339434343434,0.509151515152,32,2.4e-05,0,33,0.002,0,0.030303030303,0.988,0,/workspace/exp/natural_qd_push/p3c_bd_sweep_20260704_093150_UTC/live/size_control_3d/seed_1001/openai_gpt-oss-120b/RTLLM/Prob008_comparator_4bit/Gen2/Prob008_comparator_4bit_sample2_initial,
size_control_3d,RTLLM,Prob008_comparator_4bit,combinational,2,939d5cdd-3e71-4421-9c36-ff08d16caaab,M-T,generation_log,0.43186010101,0.647790151515,23,1.49e-05,0,33,0.002,0,0.30303030303,0.99255,0,/workspace/exp/natural_qd_push/p3c_bd_sweep_20260704_093150_UTC/live/size_control_3d/seed_1001/openai_gpt-oss-120b/RTLLM/Prob008_comparator_4bit/Gen2/Prob008_comparator_4bit_sample3_M-T,
size_control_3d,RTLLM,Prob008_comparator_4bit,combinational,2,03507df7-2431-46aa-8a43-6bd89f9ba18f,M-E,generation_log,0.320465656566,0.480698484848,34,1.66e-05,0,33,0.002,0,-0.030303030303,0.9917,0,/workspace/exp/natural_qd_push/p3c_bd_sweep_20260704_093150_UTC/live/size_control_3d/seed_1001/openai_gpt-oss-120b/RTLLM/Prob008_comparator_4bit/Gen2/Prob008_comparator_4bit_sample4_M-E,
size_control_3d,RTLLM,Prob008_comparator_4bit,combinational,2,64d70e0b-4154-4e3a-800b-59b65e19872f,M-E,generation_log,0.289612626263,0.434418939394,37,1.99e-05,0,33,0.002,0,-0.121212121212,0.99005,0,/workspace/exp/natural_qd_push/p3c_bd_sweep_20260704_093150_UTC/live/size_control_3d/seed_1001/openai_gpt-oss-120b/RTLLM/Prob008_comparator_4bit/Gen2/Prob008_comparator_4bit_sample5_M-E,
size_control_3d,RTLLM,Prob008_comparator_4bit,combinational,2,22dd646c-a5a9-4904-ad55-c5e6284a7965,C-D,generation_log,0.380938383838,0.571407575758,28,1.74e-05,0,33,0.002,0,0.151515151515,0.9913,0,/workspace/exp/natural_qd_push/p3c_bd_sweep_20260704_093150_UTC/live/size_control_3d/seed_1001/openai_gpt-oss-120b/RTLLM/Prob008_comparator_4bit/Gen2/Prob008_comparator_4bit_sample6_C-D,
size_control_3d,RTLLM,Prob008_comparator_4bit,combinational,3,6497af09-9936-4022-a121-4d3b2a6d7fb4,C-D,generation_log,0.339434343434,0.509151515152,32,2.4e-05,0,33,0.002,0,0.030303030303,0.988,0,/workspace/exp/natural_qd_push/p3c_bd_sweep_20260704_093150_UTC/live/size_control_3d/seed_1001/openai_gpt-oss-120b/RTLLM/Prob008_comparator_4bit/Gen3/Prob008_comparator_4bit_sample1_C-D,
size_control_3d,RTLLM,Prob008_comparator_4bit,combinational,3,40c6ef0b-0fa6-45ca-a128-1bd35698296a,C-D,generation_log,0.43186010101,0.647790151515,23,1.49e-05,0,33,0.002,0,0.30303030303,0.99255,0,/workspace/exp/natural_qd_push/p3c_bd_sweep_20260704_093150_UTC/live/size_control_3d/seed_1001/openai_gpt-oss-120b/RTLLM/Prob008_comparator_4bit/Gen3/Prob008_comparator_4bit_sample2_C-D,
size_control_3d,RTLLM,Prob008_comparator_4bit,combinational,3,8e382aeb-d678-4066-b1d6-db749b28073f,C-F,generation_log,0.452695454545,0.679043181818,21,1.11e-05,0,33,0.002,0,0.363636363636,0.99445,0,/workspace/exp/natural_qd_push/p3c_bd_sweep_20260704_093150_UTC/live/size_control_3d/seed_1001/openai_gpt-oss-120b/RTLLM/Prob008_comparator_4bit/Gen3/Prob008_comparator_4bit_sample3_C-F,
size_control_3d,RTLLM,Prob008_comparator_4bit,combinational,3,df641378-0432-4f02-86f1-bdcd4c612a5d,C-F,generation_log,0.339434343434,0.509151515152,32,2.4e-05,0,33,0.002,0,0.030303030303,0.988,0,/workspace/exp/natural_qd_push/p3c_bd_sweep_20260704_093150_UTC/live/size_control_3d/seed_1001/openai_gpt-oss-120b/RTLLM/Prob008_comparator_4bit/Gen3/Prob008_comparator_4bit_sample4_C-F,
size_control_3d,RTLLM,Prob008_comparator_4bit,combinational,3,62fde6eb-0664-4216-bb12-b209b8abad63,M-S,generation_log,0.380938383838,0.571407575758,28,1.74e-05,0,33,0.002,0,0.151515151515,0.9913,0,/workspace/exp/natural_qd_push/p3c_bd_sweep_20260704_093150_UTC/live/size_control_3d/seed_1001/openai_gpt-oss-120b/RTLLM/Prob008_comparator_4bit/Gen3/Prob008_comparator_4bit_sample5_M-S,
size_control_3d,RTLLM,Prob008_comparator_4bit,combinational,3,972f0535-9022-449b-b4a8-7bb11c30c48a,M-I,generation_log,0.43186010101,0.647790151515,23,1.49e-05,0,33,0.002,0,0.30303030303,0.99255,0,/workspace/exp/natural_qd_push/p3c_bd_sweep_20260704_093150_UTC/live/size_control_3d/seed_1001/openai_gpt-oss-120b/RTLLM/Prob008_comparator_4bit/Gen3/Prob008_comparator_4bit_sample6_M-I,
size_control_3d,RTLLM,Prob008_comparator_4bit,combinational,3,7a71173d-182b-4330-acac-a78d25bbea36,M-R,generation_log,0.380938383838,0.571407575758,28,1.74e-05,0,33,0.002,0,0.151515151515,0.9913,0,/workspace/exp/natural_qd_push/p3c_bd_sweep_20260704_093150_UTC/live/size_control_3d/seed_1001/openai_gpt-oss-120b/RTLLM/Prob008_comparator_4bit/Gen3/Prob008_comparator_4bit_sample7_M-R,
size_control_3d,RTLLM,Prob008_comparator_4bit,combinational,4,f74bdd43-2fcd-44d1-aea4-5e4d70b445df,M-R,generation_log,0.380938383838,0.571407575758,28,1.74e-05,0,33,0.002,0,0.151515151515,0.9913,0,/workspace/exp/natural_qd_push/p3c_bd_sweep_20260704_093150_UTC/live/size_control_3d/seed_1001/openai_gpt-oss-120b/RTLLM/Prob008_comparator_4bit/Gen4/Prob008_comparator_4bit_sample4_M-R,
size_control_3d,RTLLM,Prob008_comparator_4bit,combinational,4,028048a4-3527-4b56-a324-edc4b4266112,C-F,generation_log,0.421442424242,0.632163636364,24,1.68e-05,0,33,0.002,0,0.272727272727,0.9916,0,/workspace/exp/natural_qd_push/p3c_bd_sweep_20260704_093150_UTC/live/size_control_3d/seed_1001/openai_gpt-oss-120b/RTLLM/Prob008_comparator_4bit/Gen4/Prob008_comparator_4bit_sample5_C-F,
size_control_3d,RTLLM,Prob008_comparator_4bit,combinational,4,369cedbd-b0bc-4d0c-bbe7-f7f15122f878,M-I,generation_log,0.421592424242,0.632388636364,24,1.59e-05,0,33,0.002,0,0.272727272727,0.99205,0,/workspace/exp/natural_qd_push/p3c_bd_sweep_20260704_093150_UTC/live/size_control_3d/seed_1001/openai_gpt-oss-120b/RTLLM/Prob008_comparator_4bit/Gen4/Prob008_comparator_4bit_sample6_M-I,
size_control_3d,RTLLM,Prob008_comparator_4bit,combinational,4,b053b1d6-e691-418e-bd74-8612d8ff48c8,M-R,generation_log,0.43186010101,0.647790151515,23,1.49e-05,0,33,0.002,0,0.30303030303,0.99255,0,/workspace/exp/natural_qd_push/p3c_bd_sweep_20260704_093150_UTC/live/size_control_3d/seed_1001/openai_gpt-oss-120b/RTLLM/Prob008_comparator_4bit/Gen4/Prob008_comparator_4bit_sample7_M-R,
size_control_3d,RTLLM,Prob008_comparator_4bit,combinational,4,1359089f-4bad-4ce4-bc85-24abee03a529,C-F,generation_log,0.380938383838,0.571407575758,28,1.74e-05,0,33,0.002,0,0.151515151515,0.9913,0,/workspace/exp/natural_qd_push/p3c_bd_sweep_20260704_093150_UTC/live/size_control_3d/seed_1001/openai_gpt-oss-120b/RTLLM/Prob008_comparator_4bit/Gen4/Prob008_comparator_4bit_sample8_C-F,
size_control_3d,RTLLM,Prob008_comparator_4bit,combinational,5,8f614f4d-3d72-4232-866a-118070ade401,M-T,generation_log,0.421592424242,0.632388636364,24,1.59e-05,0,33,0.002,0,0.272727272727,0.99205,0,/workspace/exp/natural_qd_push/p3c_bd_sweep_20260704_093150_UTC/live/size_control_3d/seed_1001/openai_gpt-oss-120b/RTLLM/Prob008_comparator_4bit/Gen5/Prob008_comparator_4bit_sample1_M-T,
size_control_3d,RTLLM,Prob008_comparator_4bit,combinational,5,8fd5fbc9-fcec-4ac9-b07a-ae4d5f83e1e9,M-E,generation_log,0.320465656566,0.480698484848,34,1.66e-05,0,33,0.002,0,-0.030303030303,0.9917,0,/workspace/exp/natural_qd_push/p3c_bd_sweep_20260704_093150_UTC/live/size_control_3d/seed_1001/openai_gpt-oss-120b/RTLLM/Prob008_comparator_4bit/Gen5/Prob008_comparator_4bit_sample2_M-E,
size_control_3d,RTLLM,Prob008_comparator_4bit,combinational,5,db5ae2f0-4b36-4657-9834-44b06236f8f2,M-S,generation_log,0.421592424242,0.632388636364,24,1.59e-05,0,33,0.002,0,0.272727272727,0.99205,0,/workspace/exp/natural_qd_push/p3c_bd_sweep_20260704_093150_UTC/live/size_control_3d/seed_1001/openai_gpt-oss-120b/RTLLM/Prob008_comparator_4bit/Gen5/Prob008_comparator_4bit_sample4_M-S,
size_control_3d,RTLLM,Prob008_comparator_4bit,combinational,5,4159e444-61e3-423d-84b3-fd6ce882ec86,C-F,generation_log,0.421592424242,0.632388636364,24,1.59e-05,0,33,0.002,0,0.272727272727,0.99205,0,/workspace/exp/natural_qd_push/p3c_bd_sweep_20260704_093150_UTC/live/size_control_3d/seed_1001/openai_gpt-oss-120b/RTLLM/Prob008_comparator_4bit/Gen5/Prob008_comparator_4bit_sample5_C-F,
size_control_3d,RTLLM,Prob008_comparator_4bit,combinational,5,2bb1b5d7-a9cf-45e0-a032-65b59f08e95f,C-F,generation_log,0.421592424242,0.632388636364,24,1.59e-05,0,33,0.002,0,0.272727272727,0.99205,0,/workspace/exp/natural_qd_push/p3c_bd_sweep_20260704_093150_UTC/live/size_control_3d/seed_1001/openai_gpt-oss-120b/RTLLM/Prob008_comparator_4bit/Gen5/Prob008_comparator_4bit_sample7_C-F,
size_control_3d,RTLLM,Prob009_div_16bit,combinational,0,5f565c92-0b3a-449d-9819-c7cb02c1e0d2,initial,generation_log,0.524142186452,0.786213279678,2193,0.0886,0,6390,1.05,0,0.656807511737,0.915619047619,0,/workspace/exp/natural_qd_push/p3c_bd_sweep_20260704_093150_UTC/live/size_control_3d/seed_1001/openai_gpt-oss-120b/RTLLM/Prob009_div_16bit/Gen0/Prob009_div_16bit_sample1_initial,
size_control_3d,RTLLM,Prob009_div_16bit,combinational,0,c568f283-9e34-4b75-978d-498ffe06c154,initial,generation_log,0.510384678441,0.765577017662,2419,0.0948,0,6390,1.05,0,0.621439749609,0.909714285714,0,/workspace/exp/natural_qd_push/p3c_bd_sweep_20260704_093150_UTC/live/size_control_3d/seed_1001/openai_gpt-oss-120b/RTLLM/Prob009_div_16bit/Gen0/Prob009_div_16bit_sample2_initial,
size_control_3d,RTLLM,Prob009_div_16bit,combinational,0,553f13c3-7a5c-4e9b-9ed4-074297de9baa,initial,generation_log,0.522964453387,0.78444668008,2274,0.079,0,6390,1.05,0,0.644131455399,0.924761904762,0,/workspace/exp/natural_qd_push/p3c_bd_sweep_20260704_093150_UTC/live/size_control_3d/seed_1001/openai_gpt-oss-120b/RTLLM/Prob009_div_16bit/Gen0/Prob009_div_16bit_sample3_initial,
size_control_3d,RTLLM,Prob009_div_16bit,combinational,0,f9562a20-8b0a-4306-a233-df1146b2cca1,initial,generation_log,0.507337357478,0.761006036217,2391,0.109,0,6390,1.05,0,0.625821596244,0.89619047619,0,/workspace/exp/natural_qd_push/p3c_bd_sweep_20260704_093150_UTC/live/size_control_3d/seed_1001/openai_gpt-oss-120b/RTLLM/Prob009_div_16bit/Gen0/Prob009_div_16bit_sample4_initial,
size_control_3d,RTLLM,Prob009_div_16bit,combinational,0,a2619d31-9425-4936-808c-895a132a6e18,initial,generation_log,0.552881734854,0.82932260228,1524,0.108,0,6390,1.05,0,0.761502347418,0.897142857143,0,/workspace/exp/natural_qd_push/p3c_bd_sweep_20260704_093150_UTC/live/size_control_3d/seed_1001/openai_gpt-oss-120b/RTLLM/Prob009_div_16bit/Gen0/Prob009_div_16bit_sample5_initial,
size_control_3d,RTLLM,Prob009_div_16bit,combinational,0,ef9612da-628d-421a-a0bb-329092bc59de,initial,generation_log,0.554664281988,0.831996422982,1502,0.106,0,6390,1.05,0,0.764945226917,0.899047619048,0,/workspace/exp/natural_qd_push/p3c_bd_sweep_20260704_093150_UTC/live/size_control_3d/seed_1001/openai_gpt-oss-120b/RTLLM/Prob009_div_16bit/Gen0/Prob009_div_16bit_sample8_initial,
size_control_3d,RTLLM,Prob009_div_16bit,combinational,1,6db80d14-8059-4f49-89f5-3b5eb196e62d,M-I,generation_log,0.52334615098,0.78501922647,2204,0.0893,0,6390,1.05,0,0.655086071987,0.914952380952,0,/workspace/exp/natural_qd_push/p3c_bd_sweep_20260704_093150_UTC/live/size_control_3d/seed_1001/openai_gpt-oss-120b/RTLLM/Prob009_div_16bit/Gen1/Prob009_div_16bit_sample7_M-I,
size_control_3d,RTLLM,Prob009_div_16bit,combinational,1,07c41189-b7ab-4710-b805-84ec2ad716a0,M-S,generation_log,0.548443252105,0.822664878158,1603,0.109,0,6390,1.05,0,0.749139280125,0.89619047619,0,/workspace/exp/natural_qd_push/p3c_bd_sweep_20260704_093150_UTC/live/size_control_3d/seed_1001/openai_gpt-oss-120b/RTLLM/Prob009_div_16bit/Gen1/Prob009_div_16bit_sample8_M-S,
size_control_3d,RTLLM,Prob009_div_16bit,combinational,2,f2e149b7-55e2-4b1c-b185-48eb34a9d30e,C-D,generation_log,0.557165362546,0.835748043818,1507,0.0973,0,6390,1.05,0,0.764162754304,0.907333333333,0,/workspace/exp/natural_qd_push/p3c_bd_sweep_20260704_093150_UTC/live/size_control_3d/seed_1001/openai_gpt-oss-120b/RTLLM/Prob009_div_16bit/Gen2/Prob009_div_16bit_sample1_C-D,
size_control_3d,RTLLM,Prob009_div_16bit,combinational,2,547c68f4-6a26-4654-859d-bd78f2aeab66,C-D,generation_log,0.552881734854,0.82932260228,1524,0.108,0,6390,1.05,0,0.761502347418,0.897142857143,0,/workspace/exp/natural_qd_push/p3c_bd_sweep_20260704_093150_UTC/live/size_control_3d/seed_1001/openai_gpt-oss-120b/RTLLM/Prob009_div_16bit/Gen2/Prob009_div_16bit_sample2_C-D,
size_control_3d,RTLLM,Prob009_div_16bit,combinational,2,ae11870c-f38b-41fe-adac-d9d869814920,C-F,generation_log,0.548443252105,0.822664878158,1603,0.109,0,6390,1.05,0,0.749139280125,0.89619047619,0,/workspace/exp/natural_qd_push/p3c_bd_sweep_20260704_093150_UTC/live/size_control_3d/seed_1001/openai_gpt-oss-120b/RTLLM/Prob009_div_16bit/Gen2/Prob009_div_16bit_sample3_C-F,
size_control_3d,RTLLM,Prob009_div_16bit,combinational,2,d4f7217e-5afe-4937-bad0-56369a3f8823,M-I,generation_log,0.550625232879,0.825937849318,1549,0.111,0,6390,1.05,0,0.757589984351,0.894285714286,0,/workspace/exp/natural_qd_push/p3c_bd_sweep_20260704_093150_UTC/live/size_control_3d/seed_1001/openai_gpt-oss-120b/RTLLM/Prob009_div_16bit/Gen2/Prob009_div_16bit_sample7_M-I,
size_control_3d,RTLLM,Prob009_div_16bit,combinational,2,9a999821-0c2b-4733-914d-1c1a098bc1e0,C-F,generation_log,0.553051643192,0.829577464789,1539,0.105,0,6390,1.05,0,0.759154929577,0.9,0,/workspace/exp/natural_qd_push/p3c_bd_sweep_20260704_093150_UTC/live/size_control_3d/seed_1001/openai_gpt-oss-120b/RTLLM/Prob009_div_16bit/Gen2/Prob009_div_16bit_sample8_C-F,
size_control_3d,RTLLM,Prob009_div_16bit,combinational,3,9432ffb3-03b5-4600-b016-4f76129765ae,M-T,generation_log,0.555768686191,0.833653029287,1493,0.104,0,6390,1.05,0,0.766353677621,0.900952380952,0,/workspace/exp/natural_qd_push/p3c_bd_sweep_20260704_093150_UTC/live/size_control_3d/seed_1001/openai_gpt-oss-120b/RTLLM/Prob009_div_16bit/Gen3/Prob009_div_16bit_sample1_M-T,
size_control_3d,RTLLM,Prob009_div_16bit,combinational,3,27320ceb-15ed-4263-9a36-8ad8e94f9df6,C-D,generation_log,0.555224681422,0.832837022133,1473,0.109,0,6390,1.05,0,0.769483568075,0.89619047619,0,/workspace/exp/natural_qd_push/p3c_bd_sweep_20260704_093150_UTC/live/size_control_3d/seed_1001/openai_gpt-oss-120b/RTLLM/Prob009_div_16bit/Gen3/Prob009_div_16bit_sample2_C-D,
size_control_3d,RTLLM,Prob009_div_16bit,combinational,3,8a369d7f-99b6-4b66-982b-fb676455df1d,C-F,generation_log,0.548051270586,0.82207690588,1574,0.115,0,6390,1.05,0,0.753677621283,0.890476190476,0,/workspace/exp/natural_qd_push/p3c_bd_sweep_20260704_093150_UTC/live/size_control_3d/seed_1001/openai_gpt-oss-120b/RTLLM/Prob009_div_16bit/Gen3/Prob009_div_16bit_sample5_C-F,
size_control_3d,RTLLM,Prob009_div_16bit,combinational,3,050af600-03bc-40b4-ade7-d2f1a91142f1,C-F,generation_log,0.558097473731,0.837146210597,1494,0.0965,0,6390,1.05,0,0.766197183099,0.908095238095,0,/workspace/exp/natural_qd_push/p3c_bd_sweep_20260704_093150_UTC/live/size_control_3d/seed_1001/openai_gpt-oss-120b/RTLLM/Prob009_div_16bit/Gen3/Prob009_div_16bit_sample6_C-F,
size_control_3d,RTLLM,Prob009_div_16bit,combinational,4,08464989-c93e-416e-ae72-bb783e85cbc1,M-T,generation_log,0.515800432223,0.773700648334,2345,0.0899,0,6390,1.05,0,0.633020344288,0.914380952381,0,/workspace/exp/natural_qd_push/p3c_bd_sweep_20260704_093150_UTC/live/size_control_3d/seed_1001/openai_gpt-oss-120b/RTLLM/Prob009_div_16bit/Gen4/Prob009_div_16bit_sample1_M-T,
size_control_3d,RTLLM,Prob009_div_16bit,combinational,4,bd6e454e-7749-47a8-a356-e4775e9d687e,C-D,generation_log,0.555224681422,0.832837022133,1473,0.109,0,6390,1.05,0,0.769483568075,0.89619047619,0,/workspace/exp/natural_qd_push/p3c_bd_sweep_20260704_093150_UTC/live/size_control_3d/seed_1001/openai_gpt-oss-120b/RTLLM/Prob009_div_16bit/Gen4/Prob009_div_16bit_sample2_C-D,
size_control_3d,RTLLM,Prob009_div_16bit,combinational,4,d3f2d256-0099-45b7-a897-524c9206ed4f,C-F,generation_log,0.550915865564,0.826373798346,1513,0.116,0,6390,1.05,0,0.763223787167,0.889523809524,0,/workspace/exp/natural_qd_push/p3c_bd_sweep_20260704_093150_UTC/live/size_control_3d/seed_1001/openai_gpt-oss-120b/RTLLM/Prob009_div_16bit/Gen4/Prob009_div_16bit_sample3_C-F,
size_control_3d,RTLLM,Prob009_div_16bit,combinational,4,dc269c36-b1b4-4c38-acd1-72d4abfa3d84,C-F,generation_log,0.545869289813,0.818803934719,1628,0.113,0,6390,1.05,0,0.745226917058,0.892380952381,0,/workspace/exp/natural_qd_push/p3c_bd_sweep_20260704_093150_UTC/live/size_control_3d/seed_1001/openai_gpt-oss-120b/RTLLM/Prob009_div_16bit/Gen4/Prob009_div_16bit_sample4_C-F,
size_control_3d,RTLLM,Prob009_div_16bit,combinational,4,c127dd3b-181b-4cd2-bd5a-7d18f7bccb65,C-F,generation_log,0.542129815933,0.813194723899,1651,0.121,0,6390,1.05,0,0.741627543036,0.884761904762,0,/workspace/exp/natural_qd_push/p3c_bd_sweep_20260704_093150_UTC/live/size_control_3d/seed_1001/openai_gpt-oss-120b/RTLLM/Prob009_div_16bit/Gen4/Prob009_div_16bit_sample5_C-F,
size_control_3d,RTLLM,Prob009_div_16bit,combinational,4,3f6e1e0a-7850-4786-a281-7d53ff55075f,C-F,generation_log,0.548051270586,0.82207690588,1574,0.115,0,6390,1.05,0,0.753677621283,0.890476190476,0,/workspace/exp/natural_qd_push/p3c_bd_sweep_20260704_093150_UTC/live/size_control_3d/seed_1001/openai_gpt-oss-120b/RTLLM/Prob009_div_16bit/Gen4/Prob009_div_16bit_sample7_C-F,
size_control_3d,RTLLM,Prob009_div_16bit,combinational,4,0a88507b-6fae-4248-829f-b279b2d8830b,C-F,generation_log,0.555224681422,0.832837022133,1473,0.109,0,6390,1.05,0,0.769483568075,0.89619047619,0,/workspace/exp/natural_qd_push/p3c_bd_sweep_20260704_093150_UTC/live/size_control_3d/seed_1001/openai_gpt-oss-120b/RTLLM/Prob009_div_16bit/Gen4/Prob009_div_16bit_sample8_C-F,
size_control_3d,RTLLM,Prob009_div_16bit,combinational,5,fd1a7e69-5f6f-4453-8e0f-d9721afb57d5,C-D,generation_log,0.557165362546,0.835748043818,1507,0.0973,0,6390,1.05,0,0.764162754304,0.907333333333,0,/workspace/exp/natural_qd_push/p3c_bd_sweep_20260704_093150_UTC/live/size_control_3d/seed_1001/openai_gpt-oss-120b/RTLLM/Prob009_div_16bit/Gen5/Prob009_div_16bit_sample1_C-D,
size_control_3d,RTLLM,Prob009_div_16bit,combinational,5,f27f4099-7704-40cb-9136-afe7ad6a184f,C-D,generation_log,0.552881734854,0.82932260228,1524,0.108,0,6390,1.05,0,0.761502347418,0.897142857143,0,/workspace/exp/natural_qd_push/p3c_bd_sweep_20260704_093150_UTC/live/size_control_3d/seed_1001/openai_gpt-oss-120b/RTLLM/Prob009_div_16bit/Gen5/Prob009_div_16bit_sample2_C-D,
size_control_3d,RTLLM,Prob009_div_16bit,combinational,5,a150d42d-42e3-437a-b99b-5bf557f9e413,C-F,generation_log,0.548972352634,0.823458528951,1532,0.119,0,6390,1.05,0,0.760250391236,0.886666666667,0,/workspace/exp/natural_qd_push/p3c_bd_sweep_20260704_093150_UTC/live/size_control_3d/seed_1001/openai_gpt-oss-120b/RTLLM/Prob009_div_16bit/Gen5/Prob009_div_16bit_sample4_C-F,
size_control_3d,RTLLM,Prob009_div_16bit,combinational,5,c9dfad7d-553e-4a63-8bbf-5586253b7c7f,C-F,generation_log,0.542129815933,0.813194723899,1651,0.121,0,6390,1.05,0,0.741627543036,0.884761904762,0,/workspace/exp/natural_qd_push/p3c_bd_sweep_20260704_093150_UTC/live/size_control_3d/seed_1001/openai_gpt-oss-120b/RTLLM/Prob009_div_16bit/Gen5/Prob009_div_16bit_sample5_C-F,
size_control_3d,RTLLM,Prob009_div_16bit,combinational,5,50e5bdcd-675a-4e34-b07b-a85a5f058e80,M-S,generation_log,0.558097473731,0.837146210597,1494,0.0965,0,6390,1.05,0,0.766197183099,0.908095238095,0,/workspace/exp/natural_qd_push/p3c_bd_sweep_20260704_093150_UTC/live/size_control_3d/seed_1001/openai_gpt-oss-120b/RTLLM/Prob009_div_16bit/Gen5/Prob009_div_16bit_sample6_M-S,
size_control_3d,RTLLM,Prob009_div_16bit,combinational,5,23d04024-86b4-4292-ae69-cd4fcaf68c8f,C-F,generation_log,0.542129815933,0.813194723899,1651,0.121,0,6390,1.05,0,0.741627543036,0.884761904762,0,/workspace/exp/natural_qd_push/p3c_bd_sweep_20260704_093150_UTC/live/size_control_3d/seed_1001/openai_gpt-oss-120b/RTLLM/Prob009_div_16bit/Gen5/Prob009_div_16bit_sample7_C-F,
size_control_3d,RTLLM,Prob009_div_16bit,combinational,5,f2c4625e-c767-4af6-9110-a8d74f34d21d,C-F,generation_log,0.554664281988,0.831996422982,1502,0.106,0,6390,1.05,0,0.764945226917,0.899047619048,0,/workspace/exp/natural_qd_push/p3c_bd_sweep_20260704_093150_UTC/live/size_control_3d/seed_1001/openai_gpt-oss-120b/RTLLM/Prob009_div_16bit/Gen5/Prob009_div_16bit_sample8_C-F,
size_control_3d,RTLLM,Prob011_multi_16bit,sequential,0,80f02246-b921-4b5b-bb4e-02277ecb1e23,initial,generation_log,0.0423731743151,0.0423731743151,1070,0.153,1.18,1064,0.18,1.16,-0.00563909774436,0.15,-0.0172413793103,/workspace/exp/natural_qd_push/p3c_bd_sweep_20260704_093150_UTC/live/size_control_3d/seed_1001/openai_gpt-oss-120b/RTLLM/Prob011_multi_16bit/Gen0/Prob011_multi_16bit_sample1_initial,
size_control_3d,RTLLM,Prob011_multi_16bit,sequential,0,4b127e53-d656-4f15-8584-b9c6fe9bea66,initial,generation_log,0.0423731743151,0.0423731743151,1070,0.153,1.18,1064,0.18,1.16,-0.00563909774436,0.15,-0.0172413793103,/workspace/exp/natural_qd_push/p3c_bd_sweep_20260704_093150_UTC/live/size_control_3d/seed_1001/openai_gpt-oss-120b/RTLLM/Prob011_multi_16bit/Gen0/Prob011_multi_16bit_sample3_initial,
size_control_3d,RTLLM,Prob011_multi_16bit,sequential,0,87f6dba5-1da1-4d86-8a7d-6cd4b5b2e9aa,initial,generation_log,0.0451341476296,0.0451341476296,1147,0.154,1.08,1064,0.18,1.16,-0.078007518797,0.144444444444,0.0689655172414,/workspace/exp/natural_qd_push/p3c_bd_sweep_20260704_093150_UTC/live/size_control_3d/seed_1001/openai_gpt-oss-120b/RTLLM/Prob011_multi_16bit/Gen0/Prob011_multi_16bit_sample4_initial,
size_control_3d,RTLLM,Prob011_multi_16bit,sequential,0,8877f02d-cac9-4b3a-acbf-22e9d3498509,initial,generation_log,0.0423731743151,0.0423731743151,1070,0.153,1.18,1064,0.18,1.16,-0.00563909774436,0.15,-0.0172413793103,/workspace/exp/natural_qd_push/p3c_bd_sweep_20260704_093150_UTC/live/size_control_3d/seed_1001/openai_gpt-oss-120b/RTLLM/Prob011_multi_16bit/Gen0/Prob011_multi_16bit_sample6_initial,
size_control_3d,RTLLM,Prob011_multi_16bit,sequential,0,c39fbe13-baaa-49e1-b587-872efc55d00e,initial,generation_log,-0.138965229165,-0.138965229165,1296,0.222,1.12,1064,0.18,1.16,-0.218045112782,-0.233333333333,0.0344827586207,/workspace/exp/natural_qd_push/p3c_bd_sweep_20260704_093150_UTC/live/size_control_3d/seed_1001/openai_gpt-oss-120b/RTLLM/Prob011_multi_16bit/Gen0/Prob011_multi_16bit_sample7_initial,
size_control_3d,RTLLM,Prob011_multi_16bit,sequential,0,97a28922-515c-4971-a93b-fd3577e45de0,initial,generation_log,0.0423731743151,0.0423731743151,1070,0.153,1.18,1064,0.18,1.16,-0.00563909774436,0.15,-0.0172413793103,/workspace/exp/natural_qd_push/p3c_bd_sweep_20260704_093150_UTC/live/size_control_3d/seed_1001/openai_gpt-oss-120b/RTLLM/Prob011_multi_16bit/Gen0/Prob011_multi_16bit_sample8_initial,
size_control_3d,RTLLM,Prob011_multi_16bit,sequential,3,cd70b866-2331-4319-b71b-eb2eb887beb0,M-F,generation_log,0.112354161265,0.112354161265,1186,0.108,1.1,1064,0.18,1.16,-0.114661654135,0.4,0.051724137931,/workspace/exp/natural_qd_push/p3c_bd_sweep_20260704_093150_UTC/live/size_control_3d/seed_1001/openai_gpt-oss-120b/RTLLM/Prob011_multi_16bit/Gen3/Prob011_multi_16bit_sample1_M-F,
size_control_3d,RTLLM,Prob011_multi_16bit,sequential,4,ffdcda7b-596b-4990-8f78-b5789e2f05a4,M-E,generation_log,-0.153090100731,-0.153090100731,1262,0.209,1.29,1064,0.18,1.16,-0.186090225564,-0.161111111111,-0.112068965517,/workspace/exp/natural_qd_push/p3c_bd_sweep_20260704_093150_UTC/live/size_control_3d/seed_1001/openai_gpt-oss-120b/RTLLM/Prob011_multi_16bit/Gen4/Prob011_multi_16bit_sample1_M-E,
size_control_3d,RTLLM,Prob011_multi_16bit,sequential,4,ee392468-b1a1-4398-bcb7-484fa21b0f6a,M-F,generation_log,-0.241148849134,-0.241148849134,1262,0.3,1.01,1064,0.18,1.16,-0.186090225564,-0.666666666667,0.129310344828,/workspace/exp/natural_qd_push/p3c_bd_sweep_20260704_093150_UTC/live/size_control_3d/seed_1001/openai_gpt-oss-120b/RTLLM/Prob011_multi_16bit/Gen4/Prob011_multi_16bit_sample2_M-F,
size_control_3d,RTLLM,Prob011_multi_16bit,sequential,4,7d5e4d6f-9cbe-4053-80b7-8aadb99187fc,M-E,generation_log,0.0983522023449,0.0983522023449,1098,0.132,1.09,1064,0.18,1.16,-0.031954887218,0.266666666667,0.0603448275862,/workspace/exp/natural_qd_push/p3c_bd_sweep_20260704_093150_UTC/live/size_control_3d/seed_1001/openai_gpt-oss-120b/RTLLM/Prob011_multi_16bit/Gen4/Prob011_multi_16bit_sample4_M-E,
size_control_3d,RTLLM,Prob011_multi_16bit,sequential,5,54127aca-fa62-4fa8-9422-81388e4b931e,initial,generation_log,0.0423731743151,0.0423731743151,1070,0.153,1.18,1064,0.18,1.16,-0.00563909774436,0.15,-0.0172413793103,/workspace/exp/natural_qd_push/p3c_bd_sweep_20260704_093150_UTC/live/size_control_3d/seed_1001/openai_gpt-oss-120b/RTLLM/Prob011_multi_16bit/Gen5/Prob011_multi_16bit_sample1_initial,
size_control_3d,RTLLM,Prob011_multi_16bit,sequential,5,298861a2-ca3f-42dc-a95f-986fcf065b97,initial,generation_log,0.0423731743151,0.0423731743151,1070,0.153,1.18,1064,0.18,1.16,-0.00563909774436,0.15,-0.0172413793103,/workspace/exp/natural_qd_push/p3c_bd_sweep_20260704_093150_UTC/live/size_control_3d/seed_1001/openai_gpt-oss-120b/RTLLM/Prob011_multi_16bit/Gen5/Prob011_multi_16bit_sample2_initial,
size_control_3d,RTLLM,Prob011_multi_16bit,sequential,5,fff51608-1a8e-4aaf-a5fe-eaaf4080925c,M-E,generation_log,0.0718642871547,0.0718642871547,1281,0.12,1.06,1064,0.18,1.16,-0.203947368421,0.333333333333,0.0862068965517,/workspace/exp/natural_qd_push/p3c_bd_sweep_20260704_093150_UTC/live/size_control_3d/seed_1001/openai_gpt-oss-120b/RTLLM/Prob011_multi_16bit/Gen5/Prob011_multi_16bit_sample1_M-E,
size_control_3d,RTLLM,Prob012_multi_8bit,combinational,0,cb4d005f-1002-4877-bcee-c3414ee3b8fa,initial,generation_log,0.308002181587,0.46200327238,631,0.00153,0,596,0.0886,0,-0.0587248322148,0.982731376975,0,/workspace/exp/natural_qd_push/p3c_bd_sweep_20260704_093150_UTC/live/size_control_3d/seed_1001/openai_gpt-oss-120b/RTLLM/Prob012_multi_8bit/Gen0/Prob012_multi_8bit_sample1_initial,
size_control_3d,RTLLM,Prob012_multi_8bit,combinational,0,e83f57e2-121d-4d8c-838a-d685385177f5,initial,generation_log,0.308002181587,0.46200327238,631,0.00153,0,596,0.0886,0,-0.0587248322148,0.982731376975,0,/workspace/exp/natural_qd_push/p3c_bd_sweep_20260704_093150_UTC/live/size_control_3d/seed_1001/openai_gpt-oss-120b/RTLLM/Prob012_multi_8bit/Gen0/Prob012_multi_8bit_sample2_initial,
size_control_3d,RTLLM,Prob012_multi_8bit,combinational,0,77db7c19-fc43-40d5-9d25-b00eacb0fe11,initial,generation_log,0.308002181587,0.46200327238,631,0.00153,0,596,0.0886,0,-0.0587248322148,0.982731376975,0,/workspace/exp/natural_qd_push/p3c_bd_sweep_20260704_093150_UTC/live/size_control_3d/seed_1001/openai_gpt-oss-120b/RTLLM/Prob012_multi_8bit/Gen0/Prob012_multi_8bit_sample3_initial,
size_control_3d,RTLLM,Prob012_multi_8bit,combinational,0,2438de0d-2b98-4221-9b45-04291de873ec,initial,generation_log,0.308002181587,0.46200327238,631,0.00153,0,596,0.0886,0,-0.0587248322148,0.982731376975,0,/workspace/exp/natural_qd_push/p3c_bd_sweep_20260704_093150_UTC/live/size_control_3d/seed_1001/openai_gpt-oss-120b/RTLLM/Prob012_multi_8bit/Gen0/Prob012_multi_8bit_sample4_initial,
size_control_3d,RTLLM,Prob012_multi_8bit,combinational,0,20b4d330-328b-4635-9578-8c7281c2976f,initial,generation_log,0.308002181587,0.46200327238,631,0.00153,0,596,0.0886,0,-0.0587248322148,0.982731376975,0,/workspace/exp/natural_qd_push/p3c_bd_sweep_20260704_093150_UTC/live/size_control_3d/seed_1001/openai_gpt-oss-120b/RTLLM/Prob012_multi_8bit/Gen0/Prob012_multi_8bit_sample5_initial,
size_control_3d,RTLLM,Prob012_multi_8bit,combinational,0,23c5a27f-d7bb-4c31-b2e9-eb78a5ea9d7e,initial,generation_log,0.308002181587,0.46200327238,631,0.00153,0,596,0.0886,0,-0.0587248322148,0.982731376975,0,/workspace/exp/natural_qd_push/p3c_bd_sweep_20260704_093150_UTC/live/size_control_3d/seed_1001/openai_gpt-oss-120b/RTLLM/Prob012_multi_8bit/Gen0/Prob012_multi_8bit_sample6_initial,
size_control_3d,RTLLM,Prob012_multi_8bit,combinational,0,c2afacbd-75d0-4e70-a38d-73ffcc70fd49,initial,generation_log,0.308002181587,0.46200327238,631,0.00153,0,596,0.0886,0,-0.0587248322148,0.982731376975,0,/workspace/exp/natural_qd_push/p3c_bd_sweep_20260704_093150_UTC/live/size_control_3d/seed_1001/openai_gpt-oss-120b/RTLLM/Prob012_multi_8bit/Gen0/Prob012_multi_8bit_sample7_initial,
size_control_3d,RTLLM,Prob012_multi_8bit,combinational,0,528376fa-6808-4ffd-8bc7-c86730bcf8c5,initial,generation_log,0.308002181587,0.46200327238,631,0.00153,0,596,0.0886,0,-0.0587248322148,0.982731376975,0,/workspace/exp/natural_qd_push/p3c_bd_sweep_20260704_093150_UTC/live/size_control_3d/seed_1001/openai_gpt-oss-120b/RTLLM/Prob012_multi_8bit/Gen0/Prob012_multi_8bit_sample8_initial,
size_control_3d,RTLLM,Prob012_multi_8bit,combinational,1,03f0a91e-263c-42e8-acb5-2f90ca08cebd,M-S,generation_log,0.460781003025,0.691171504537,364,0.000613,0,596,0.0886,0,0.389261744966,0.993081264108,0,/workspace/exp/natural_qd_push/p3c_bd_sweep_20260704_093150_UTC/live/size_control_3d/seed_1001/openai_gpt-oss-120b/RTLLM/Prob012_multi_8bit/Gen1/Prob012_multi_8bit_sample2_M-S,
size_control_3d,RTLLM,Prob012_multi_8bit,combinational,1,3d21de1e-cd39-4c92-86fc-e89b22eef048,M-S,generation_log,0.460781003025,0.691171504537,364,0.000613,0,596,0.0886,0,0.389261744966,0.993081264108,0,/workspace/exp/natural_qd_push/p3c_bd_sweep_20260704_093150_UTC/live/size_control_3d/seed_1001/openai_gpt-oss-120b/RTLLM/Prob012_multi_8bit/Gen1/Prob012_multi_8bit_sample4_M-S,
size_control_3d,RTLLM,Prob012_multi_8bit,combinational,1,b118f34c-e259-4f98-93a1-ffb1d79b5e8e,M-I,generation_log,0.460781003025,0.691171504537,364,0.000613,0,596,0.0886,0,0.389261744966,0.993081264108,0,/workspace/exp/natural_qd_push/p3c_bd_sweep_20260704_093150_UTC/live/size_control_3d/seed_1001/openai_gpt-oss-120b/RTLLM/Prob012_multi_8bit/Gen1/Prob012_multi_8bit_sample7_M-I,
size_control_3d,RTLLM,Prob012_multi_8bit,combinational,1,65dcb06d-e9e0-48f7-b64e-0851e0084160,M-I,generation_log,0.308002181587,0.46200327238,631,0.00153,0,596,0.0886,0,-0.0587248322148,0.982731376975,0,/workspace/exp/natural_qd_push/p3c_bd_sweep_20260704_093150_UTC/live/size_control_3d/seed_1001/openai_gpt-oss-120b/RTLLM/Prob012_multi_8bit/Gen1/Prob012_multi_8bit_sample8_M-I,
size_control_3d,RTLLM,Prob012_multi_8bit,combinational,2,3c9bcb53-3d03-4636-8b65-55ff7dbd6132,C-D,generation_log,0.449418496018,0.674127744027,384,0.00066,0,596,0.0886,0,0.355704697987,0.992550790068,0,/workspace/exp/natural_qd_push/p3c_bd_sweep_20260704_093150_UTC/live/size_control_3d/seed_1001/openai_gpt-oss-120b/RTLLM/Prob012_multi_8bit/Gen2/Prob012_multi_8bit_sample1_C-D,
size_control_3d,RTLLM,Prob012_multi_8bit,combinational,2,9b08a32c-2ce5-4ea4-8593-91b472fb9cdc,M-T,generation_log,0.308002181587,0.46200327238,631,0.00153,0,596,0.0886,0,-0.0587248322148,0.982731376975,0,/workspace/exp/natural_qd_push/p3c_bd_sweep_20260704_093150_UTC/live/size_control_3d/seed_1001/openai_gpt-oss-120b/RTLLM/Prob012_multi_8bit/Gen2/Prob012_multi_8bit_sample2_M-T,
size_control_3d,RTLLM,Prob012_multi_8bit,combinational,2,72719861-446f-4615-8fdb-21a13905edad,M-S,generation_log,0.460781003025,0.691171504537,364,0.000613,0,596,0.0886,0,0.389261744966,0.993081264108,0,/workspace/exp/natural_qd_push/p3c_bd_sweep_20260704_093150_UTC/live/size_control_3d/seed_1001/openai_gpt-oss-120b/RTLLM/Prob012_multi_8bit/Gen2/Prob012_multi_8bit_sample3_M-S,
size_control_3d,RTLLM,Prob012_multi_8bit,combinational,2,221db6be-3bf9-44e7-a144-3eb56bd4ffbf,M-I,generation_log,0.316133137395,0.474199706092,617,0.00145,0,596,0.0886,0,-0.0352348993289,0.983634311512,0,/workspace/exp/natural_qd_push/p3c_bd_sweep_20260704_093150_UTC/live/size_control_3d/seed_1001/openai_gpt-oss-120b/RTLLM/Prob012_multi_8bit/Gen2/Prob012_multi_8bit_sample4_M-I,
size_control_3d,RTLLM,Prob012_multi_8bit,combinational,2,17977cee-5b70-4eae-b6ea-8645900e5c34,C-F,generation_log,0.327727614748,0.491591422122,596,0.00149,0,596,0.0886,0,0,0.983182844244,0,/workspace/exp/natural_qd_push/p3c_bd_sweep_20260704_093150_UTC/live/size_control_3d/seed_1001/openai_gpt-oss-120b/RTLLM/Prob012_multi_8bit/Gen2/Prob012_multi_8bit_sample5_C-F,
size_control_3d,RTLLM,Prob012_multi_8bit,combinational,2,07a5fa5e-6efc-4ca1-9a9e-fe8758caf3a1,C-F,generation_log,0.449418496018,0.674127744027,384,0.00066,0,596,0.0886,0,0.355704697987,0.992550790068,0,/workspace/exp/natural_qd_push/p3c_bd_sweep_20260704_093150_UTC/live/size_control_3d/seed_1001/openai_gpt-oss-120b/RTLLM/Prob012_multi_8bit/Gen2/Prob012_multi_8bit_sample6_C-F,
size_control_3d,RTLLM,Prob012_multi_8bit,combinational,2,a43ec3f8-a130-4793-aeb7-7618941523d4,C-F,generation_log,0.449418496018,0.674127744027,384,0.00066,0,596,0.0886,0,0.355704697987,0.992550790068,0,/workspace/exp/natural_qd_push/p3c_bd_sweep_20260704_093150_UTC/live/size_control_3d/seed_1001/openai_gpt-oss-120b/RTLLM/Prob012_multi_8bit/Gen2/Prob012_multi_8bit_sample7_C-F,
size_control_3d,RTLLM,Prob012_multi_8bit,combinational,2,efcf2cfe-baf4-4a5f-8262-368c01548cf8,C-F,generation_log,0.449418496018,0.674127744027,384,0.00066,0,596,0.0886,0,0.355704697987,0.992550790068,0,/workspace/exp/natural_qd_push/p3c_bd_sweep_20260704_093150_UTC/live/size_control_3d/seed_1001/openai_gpt-oss-120b/RTLLM/Prob012_multi_8bit/Gen2/Prob012_multi_8bit_sample8_C-F,
size_control_3d,RTLLM,Prob012_multi_8bit,combinational,3,f639f56a-3e09-488b-9985-379c601c1b44,C-D,generation_log,0.449418496018,0.674127744027,384,0.00066,0,596,0.0886,0,0.355704697987,0.992550790068,0,/workspace/exp/natural_qd_push/p3c_bd_sweep_20260704_093150_UTC/live/size_control_3d/seed_1001/openai_gpt-oss-120b/RTLLM/Prob012_multi_8bit/Gen3/Prob012_multi_8bit_sample1_C-D,
size_control_3d,RTLLM,Prob012_multi_8bit,combinational,3,413124d1-fe19-45c7-a7b1-31137b5bce87,M-T,generation_log,0.308002181587,0.46200327238,631,0.00153,0,596,0.0886,0,-0.0587248322148,0.982731376975,0,/workspace/exp/natural_qd_push/p3c_bd_sweep_20260704_093150_UTC/live/size_control_3d/seed_1001/openai_gpt-oss-120b/RTLLM/Prob012_multi_8bit/Gen3/Prob012_multi_8bit_sample2_M-T,
size_control_3d,RTLLM,Prob012_multi_8bit,combinational,3,77540a45-0d63-4cad-bdef-7e8476c33d18,C-F,generation_log,0.449418496018,0.674127744027,384,0.00066,0,596,0.0886,0,0.355704697987,0.992550790068,0,/workspace/exp/natural_qd_push/p3c_bd_sweep_20260704_093150_UTC/live/size_control_3d/seed_1001/openai_gpt-oss-120b/RTLLM/Prob012_multi_8bit/Gen3/Prob012_multi_8bit_sample3_C-F,
size_control_3d,RTLLM,Prob012_multi_8bit,combinational,3,6b60414a-86a9-4095-a182-79c3f7f0c556,M-R,generation_log,0.316133137395,0.474199706092,617,0.00145,0,596,0.0886,0,-0.0352348993289,0.983634311512,0,/workspace/exp/natural_qd_push/p3c_bd_sweep_20260704_093150_UTC/live/size_control_3d/seed_1001/openai_gpt-oss-120b/RTLLM/Prob012_multi_8bit/Gen3/Prob012_multi_8bit_sample4_M-R,
size_control_3d,RTLLM,Prob012_multi_8bit,combinational,3,c02cfb35-c8f2-4c8d-a426-94367df2b23c,M-S,generation_log,0.460781003025,0.691171504537,364,0.000613,0,596,0.0886,0,0.389261744966,0.993081264108,0,/workspace/exp/natural_qd_push/p3c_bd_sweep_20260704_093150_UTC/live/size_control_3d/seed_1001/openai_gpt-oss-120b/RTLLM/Prob012_multi_8bit/Gen3/Prob012_multi_8bit_sample7_M-S,
size_control_3d,RTLLM,Prob012_multi_8bit,combinational,3,72da3494-840e-4017-a361-a49db46d514b,M-S,generation_log,0.460781003025,0.691171504537,364,0.000613,0,596,0.0886,0,0.389261744966,0.993081264108,0,/workspace/exp/natural_qd_push/p3c_bd_sweep_20260704_093150_UTC/live/size_control_3d/seed_1001/openai_gpt-oss-120b/RTLLM/Prob012_multi_8bit/Gen3/Prob012_multi_8bit_sample8_M-S,
size_control_3d,RTLLM,Prob012_multi_8bit,combinational,4,7634d340-8450-4806-9668-799aa0d4ff69,C-D,generation_log,0.308002181587,0.46200327238,631,0.00153,0,596,0.0886,0,-0.0587248322148,0.982731376975,0,/workspace/exp/natural_qd_push/p3c_bd_sweep_20260704_093150_UTC/live/size_control_3d/seed_1001/openai_gpt-oss-120b/RTLLM/Prob012_multi_8bit/Gen4/Prob012_multi_8bit_sample2_C-D,
size_control_3d,RTLLM,Prob012_multi_8bit,combinational,4,00dd64aa-6588-45d5-a82d-a376b7550595,M-I,generation_log,0.308002181587,0.46200327238,631,0.00153,0,596,0.0886,0,-0.0587248322148,0.982731376975,0,/workspace/exp/natural_qd_push/p3c_bd_sweep_20260704_093150_UTC/live/size_control_3d/seed_1001/openai_gpt-oss-120b/RTLLM/Prob012_multi_8bit/Gen4/Prob012_multi_8bit_sample3_M-I,
size_control_3d,RTLLM,Prob012_multi_8bit,combinational,4,8086f8dc-0c43-4899-b639-50e403a0557d,C-F,generation_log,0.449418496018,0.674127744027,384,0.00066,0,596,0.0886,0,0.355704697987,0.992550790068,0,/workspace/exp/natural_qd_push/p3c_bd_sweep_20260704_093150_UTC/live/size_control_3d/seed_1001/openai_gpt-oss-120b/RTLLM/Prob012_multi_8bit/Gen4/Prob012_multi_8bit_sample4_C-F,
size_control_3d,RTLLM,Prob012_multi_8bit,combinational,4,8343aa7e-b7ac-420a-bc10-518b60d824e9,M-R,generation_log,0.449418496018,0.674127744027,384,0.00066,0,596,0.0886,0,0.355704697987,0.992550790068,0,/workspace/exp/natural_qd_push/p3c_bd_sweep_20260704_093150_UTC/live/size_control_3d/seed_1001/openai_gpt-oss-120b/RTLLM/Prob012_multi_8bit/Gen4/Prob012_multi_8bit_sample5_M-R,
size_control_3d,RTLLM,Prob012_multi_8bit,combinational,4,82a66dca-81e9-43cf-8914-1471c4843849,C-F,generation_log,0.460781003025,0.691171504537,364,0.000613,0,596,0.0886,0,0.389261744966,0.993081264108,0,/workspace/exp/natural_qd_push/p3c_bd_sweep_20260704_093150_UTC/live/size_control_3d/seed_1001/openai_gpt-oss-120b/RTLLM/Prob012_multi_8bit/Gen4/Prob012_multi_8bit_sample6_C-F,
size_control_3d,RTLLM,Prob012_multi_8bit,combinational,4,1599bf55-9bdd-4904-99e0-772899c03b0b,C-F,generation_log,0.449418496018,0.674127744027,384,0.00066,0,596,0.0886,0,0.355704697987,0.992550790068,0,/workspace/exp/natural_qd_push/p3c_bd_sweep_20260704_093150_UTC/live/size_control_3d/seed_1001/openai_gpt-oss-120b/RTLLM/Prob012_multi_8bit/Gen4/Prob012_multi_8bit_sample7_C-F,
size_control_3d,RTLLM,Prob012_multi_8bit,combinational,4,565a2021-05de-42ed-86a7-fa9332ba120a,C-F,generation_log,0.449418496018,0.674127744027,384,0.00066,0,596,0.0886,0,0.355704697987,0.992550790068,0,/workspace/exp/natural_qd_push/p3c_bd_sweep_20260704_093150_UTC/live/size_control_3d/seed_1001/openai_gpt-oss-120b/RTLLM/Prob012_multi_8bit/Gen4/Prob012_multi_8bit_sample8_C-F,
size_control_3d,RTLLM,Prob012_multi_8bit,combinational,5,bc520585-9530-4046-b4cd-15e12f92064b,C-D,generation_log,0.449418496018,0.674127744027,384,0.00066,0,596,0.0886,0,0.355704697987,0.992550790068,0,/workspace/exp/natural_qd_push/p3c_bd_sweep_20260704_093150_UTC/live/size_control_3d/seed_1001/openai_gpt-oss-120b/RTLLM/Prob012_multi_8bit/Gen5/Prob012_multi_8bit_sample1_C-D,
size_control_3d,RTLLM,Prob012_multi_8bit,combinational,5,ff4dc096-528a-4eb0-b52a-15f85e0006e6,M-T,generation_log,0.308002181587,0.46200327238,631,0.00153,0,596,0.0886,0,-0.0587248322148,0.982731376975,0,/workspace/exp/natural_qd_push/p3c_bd_sweep_20260704_093150_UTC/live/size_control_3d/seed_1001/openai_gpt-oss-120b/RTLLM/Prob012_multi_8bit/Gen5/Prob012_multi_8bit_sample2_M-T,
size_control_3d,RTLLM,Prob012_multi_8bit,combinational,5,84751435-3ef8-44f3-b993-0a588aae0a46,M-R,generation_log,0.449418496018,0.674127744027,384,0.00066,0,596,0.0886,0,0.355704697987,0.992550790068,0,/workspace/exp/natural_qd_push/p3c_bd_sweep_20260704_093150_UTC/live/size_control_3d/seed_1001/openai_gpt-oss-120b/RTLLM/Prob012_multi_8bit/Gen5/Prob012_multi_8bit_sample4_M-R,
size_control_3d,RTLLM,Prob012_multi_8bit,combinational,5,78907636-2eef-4bfa-abd7-9621f2460368,M-S,generation_log,0.460781003025,0.691171504537,364,0.000613,0,596,0.0886,0,0.389261744966,0.993081264108,0,/workspace/exp/natural_qd_push/p3c_bd_sweep_20260704_093150_UTC/live/size_control_3d/seed_1001/openai_gpt-oss-120b/RTLLM/Prob012_multi_8bit/Gen5/Prob012_multi_8bit_sample7_M-S,
size_control_3d,RTLLM,Prob015_multi_pipe_8bit,sequential,0,5d851066-6433-4187-a35f-5ad903e7f28f,initial,generation_log,0.0334751783271,0.0334751783271,649,0.0914,1,980,0.0898,0.82,0.337755102041,-0.0178173719376,-0.219512195122,/workspace/exp/natural_qd_push/p3c_bd_sweep_20260704_093150_UTC/live/size_control_3d/seed_1001/openai_gpt-oss-120b/RTLLM/Prob015_multi_pipe_8bit/Gen0/Prob015_multi_pipe_8bit_sample6_initial,
size_control_3d,RTLLM,Prob015_multi_pipe_8bit,sequential,0,e6d8f067-f965-46f2-9655-603610e19fa7,initial,generation_log,-0.244233576966,-0.244233576966,1118,0.132,0.92,980,0.0898,0.82,-0.140816326531,-0.469933184855,-0.121951219512,/workspace/exp/natural_qd_push/p3c_bd_sweep_20260704_093150_UTC/live/size_control_3d/seed_1001/openai_gpt-oss-120b/RTLLM/Prob015_multi_pipe_8bit/Gen0/Prob015_multi_pipe_8bit_sample7_initial,
size_control_3d,RTLLM,Prob015_multi_pipe_8bit,sequential,1,161ab29a-9ea8-4a1d-bea5-00eb0e521315,M-E,generation_log,-0.249339848928,-0.249339848928,974,0.14,0.98,980,0.0898,0.82,0.00612244897959,-0.559020044543,-0.19512195122,/workspace/exp/natural_qd_push/p3c_bd_sweep_20260704_093150_UTC/live/size_control_3d/seed_1001/openai_gpt-oss-120b/RTLLM/Prob015_multi_pipe_8bit/Gen1/Prob015_multi_pipe_8bit_sample2_M-E,
size_control_3d,RTLLM,Prob015_multi_pipe_8bit,sequential,2,3c269dfd-1044-47a6-ab38-35eeb73b071f,M-E,generation_log,-0.00932662706019,-0.00932662706019,550,0.135,0.79,980,0.0898,0.82,0.438775510204,-0.503340757238,0.0365853658537,/workspace/exp/natural_qd_push/p3c_bd_sweep_20260704_093150_UTC/live/size_control_3d/seed_1001/openai_gpt-oss-120b/RTLLM/Prob015_multi_pipe_8bit/Gen2/Prob015_multi_pipe_8bit_sample4_M-E,
size_control_3d,RTLLM,Prob015_multi_pipe_8bit,sequential,3,4abe0052-b625-4d8c-8cee-54b63f3b3253,M-E,generation_log,-0.815239957681,-0.815239957681,1708,0.269,0.58,980,0.0898,0.82,-0.742857142857,-1.99554565702,0.292682926829,/workspace/exp/natural_qd_push/p3c_bd_sweep_20260704_093150_UTC/live/size_control_3d/seed_1001/openai_gpt-oss-120b/RTLLM/Prob015_multi_pipe_8bit/Gen3/Prob015_multi_pipe_8bit_sample4_M-E,
size_control_3d,RTLLM,Prob015_multi_pipe_8bit,sequential,3,c24f67f3-ddd0-4e54-9155-1a8815a527e5,M-S,generation_log,-0.0303742660626,-0.0303742660626,720,0.101,1.01,980,0.0898,0.82,0.265306122449,-0.124721603563,-0.231707317073,/workspace/exp/natural_qd_push/p3c_bd_sweep_20260704_093150_UTC/live/size_control_3d/seed_1001/openai_gpt-oss-120b/RTLLM/Prob015_multi_pipe_8bit/Gen3/Prob015_multi_pipe_8bit_sample7_M-S,
size_control_3d,RTLLM,Prob015_multi_pipe_8bit,sequential,4,a55ad48c-b653-4983-864c-b68da5ef6da5,M-F,generation_log,-0.259048369198,-0.259048369198,1015,0.152,0.86,980,0.0898,0.82,-0.0357142857143,-0.692650334076,-0.0487804878049,/workspace/exp/natural_qd_push/p3c_bd_sweep_20260704_093150_UTC/live/size_control_3d/seed_1001/openai_gpt-oss-120b/RTLLM/Prob015_multi_pipe_8bit/Gen4/Prob015_multi_pipe_8bit_sample2_M-F,
size_control_3d,RTLLM,Prob015_multi_pipe_8bit,sequential,4,4ac86205-dc8a-445b-be4c-ebec209bb40b,M-I,generation_log,-0.142592409879,-0.142592409879,748,0.121,1.08,980,0.0898,0.82,0.236734693878,-0.347438752784,-0.317073170732,/workspace/exp/natural_qd_push/p3c_bd_sweep_20260704_093150_UTC/live/size_control_3d/seed_1001/openai_gpt-oss-120b/RTLLM/Prob015_multi_pipe_8bit/Gen4/Prob015_multi_pipe_8bit_sample8_M-I,
size_control_3d,RTLLM,Prob015_multi_pipe_8bit,sequential,5,1e52f1ca-430a-4f4c-a97c-e0811cc3a69d,initial,generation_log,0.0610503661511,0.0610503661511,616,0.0859,1.01,980,0.0898,0.82,0.371428571429,0.043429844098,-0.231707317073,/workspace/exp/natural_qd_push/p3c_bd_sweep_20260704_093150_UTC/live/size_control_3d/seed_1001/openai_gpt-oss-120b/RTLLM/Prob015_multi_pipe_8bit/Gen5/Prob015_multi_pipe_8bit_sample1_initial,
size_control_3d,RTLLM,Prob015_multi_pipe_8bit,sequential,5,3c4715db-e34a-4a36-b84f-d7fca3e5d71b,initial,generation_log,-0.0759603683942,-0.0759603683942,708,0.11,1.05,980,0.0898,0.82,0.277551020408,-0.224944320713,-0.280487804878,/workspace/exp/natural_qd_push/p3c_bd_sweep_20260704_093150_UTC/live/size_control_3d/seed_1001/openai_gpt-oss-120b/RTLLM/Prob015_multi_pipe_8bit/Gen5/Prob015_multi_pipe_8bit_sample2_initial,
size_control_3d,RTLLM,Prob019_sub_64bit,combinational,0,e2f1ffdb-2c94-493e-91ec-271d2985c030,initial,generation_log,0.329886731392,0.494830097087,621,0.000426,0,621,0.0412,0,0,0.989660194175,0,/workspace/exp/natural_qd_push/p3c_bd_sweep_20260704_093150_UTC/live/size_control_3d/seed_1001/openai_gpt-oss-120b/RTLLM/Prob019_sub_64bit/Gen0/Prob019_sub_64bit_sample1_initial,
size_control_3d,RTLLM,Prob019_sub_64bit,combinational,0,a900779c-366a-4a15-a71d-c130fe5fe381,initial,generation_log,0.318477049232,0.477715573847,642,0.000443,0,621,0.0412,0,-0.0338164251208,0.989247572816,0,/workspace/exp/natural_qd_push/p3c_bd_sweep_20260704_093150_UTC/live/size_control_3d/seed_1001/openai_gpt-oss-120b/RTLLM/Prob019_sub_64bit/Gen0/Prob019_sub_64bit_sample2_initial,
size_control_3d,RTLLM,Prob019_sub_64bit,combinational,0,bbdb24bb-d480-4e4b-a00e-7ee0dde21995,initial,generation_log,0.318477049232,0.477715573847,642,0.000443,0,621,0.0412,0,-0.0338164251208,0.989247572816,0,/workspace/exp/natural_qd_push/p3c_bd_sweep_20260704_093150_UTC/live/size_control_3d/seed_1001/openai_gpt-oss-120b/RTLLM/Prob019_sub_64bit/Gen0/Prob019_sub_64bit_sample3_initial,
size_control_3d,RTLLM,Prob019_sub_64bit,combinational,0,6e353561-d45f-4810-87a3-b2119edc2308,initial,generation_log,0.318477049232,0.477715573847,642,0.000443,0,621,0.0412,0,-0.0338164251208,0.989247572816,0,/workspace/exp/natural_qd_push/p3c_bd_sweep_20260704_093150_UTC/live/size_control_3d/seed_1001/openai_gpt-oss-120b/RTLLM/Prob019_sub_64bit/Gen0/Prob019_sub_64bit_sample4_initial,
size_control_3d,RTLLM,Prob019_sub_64bit,combinational,0,974b11ab-a83a-4956-8862-aad3fb7f9300,initial,generation_log,0.318477049232,0.477715573847,642,0.000443,0,621,0.0412,0,-0.0338164251208,0.989247572816,0,/workspace/exp/natural_qd_push/p3c_bd_sweep_20260704_093150_UTC/live/size_control_3d/seed_1001/openai_gpt-oss-120b/RTLLM/Prob019_sub_64bit/Gen0/Prob019_sub_64bit_sample5_initial,
size_control_3d,RTLLM,Prob019_sub_64bit,combinational,0,1d968060-42f2-4dc4-b00e-d3cad342804f,initial,generation_log,0.318477049232,0.477715573847,642,0.000443,0,621,0.0412,0,-0.0338164251208,0.989247572816,0,/workspace/exp/natural_qd_push/p3c_bd_sweep_20260704_093150_UTC/live/size_control_3d/seed_1001/openai_gpt-oss-120b/RTLLM/Prob019_sub_64bit/Gen0/Prob019_sub_64bit_sample6_initial,
size_control_3d,RTLLM,Prob019_sub_64bit,combinational,0,5ce7a8e8-f54d-474d-95e6-3834cb235e53,initial,generation_log,0.318477049232,0.477715573847,642,0.000443,0,621,0.0412,0,-0.0338164251208,0.989247572816,0,/workspace/exp/natural_qd_push/p3c_bd_sweep_20260704_093150_UTC/live/size_control_3d/seed_1001/openai_gpt-oss-120b/RTLLM/Prob019_sub_64bit/Gen0/Prob019_sub_64bit_sample7_initial,
size_control_3d,RTLLM,Prob019_sub_64bit,combinational,0,43fc7f67-cc16-4bdc-9363-2bae797d111a,initial,generation_log,0.318477049232,0.477715573847,642,0.000443,0,621,0.0412,0,-0.0338164251208,0.989247572816,0,/workspace/exp/natural_qd_push/p3c_bd_sweep_20260704_093150_UTC/live/size_control_3d/seed_1001/openai_gpt-oss-120b/RTLLM/Prob019_sub_64bit/Gen0/Prob019_sub_64bit_sample8_initial,
size_control_3d,RTLLM,Prob019_sub_64bit,combinational,1,cc6a3a57-a1c1-42db-9ffd-a01982c3d1d3,M-R,generation_log,0.318477049232,0.477715573847,642,0.000443,0,621,0.0412,0,-0.0338164251208,0.989247572816,0,/workspace/exp/natural_qd_push/p3c_bd_sweep_20260704_093150_UTC/live/size_control_3d/seed_1001/openai_gpt-oss-120b/RTLLM/Prob019_sub_64bit/Gen1/Prob019_sub_64bit_sample2_M-R,
size_control_3d,RTLLM,Prob019_sub_64bit,combinational,1,b02dd0f2-af42-46ad-abb1-d95e9a81803e,M-R,generation_log,0.318477049232,0.477715573847,642,0.000443,0,621,0.0412,0,-0.0338164251208,0.989247572816,0,/workspace/exp/natural_qd_push/p3c_bd_sweep_20260704_093150_UTC/live/size_control_3d/seed_1001/openai_gpt-oss-120b/RTLLM/Prob019_sub_64bit/Gen1/Prob019_sub_64bit_sample4_M-R,
size_control_3d,RTLLM,Prob019_sub_64bit,combinational,1,aeccc3b0-dcd0-4482-8605-c19c8fb868bd,M-S,generation_log,0.318477049232,0.477715573847,642,0.000443,0,621,0.0412,0,-0.0338164251208,0.989247572816,0,/workspace/exp/natural_qd_push/p3c_bd_sweep_20260704_093150_UTC/live/size_control_3d/seed_1001/openai_gpt-oss-120b/RTLLM/Prob019_sub_64bit/Gen1/Prob019_sub_64bit_sample7_M-S,
size_control_3d,RTLLM,Prob019_sub_64bit,combinational,1,35e3fada-38ac-4c2f-aa38-5a42ca171398,M-S,generation_log,0.318477049232,0.477715573847,642,0.000443,0,621,0.0412,0,-0.0338164251208,0.989247572816,0,/workspace/exp/natural_qd_push/p3c_bd_sweep_20260704_093150_UTC/live/size_control_3d/seed_1001/openai_gpt-oss-120b/RTLLM/Prob019_sub_64bit/Gen1/Prob019_sub_64bit_sample8_M-S,
size_control_3d,RTLLM,Prob019_sub_64bit,combinational,2,f2ac520b-7cf1-49e5-b4bc-81f6590e7409,C-D,generation_log,0.318477049232,0.477715573847,642,0.000443,0,621,0.0412,0,-0.0338164251208,0.989247572816,0,/workspace/exp/natural_qd_push/p3c_bd_sweep_20260704_093150_UTC/live/size_control_3d/seed_1001/openai_gpt-oss-120b/RTLLM/Prob019_sub_64bit/Gen2/Prob019_sub_64bit_sample1_C-D,
size_control_3d,RTLLM,Prob019_sub_64bit,combinational,2,875f7eef-8a4c-4e8f-a5fa-e07e036a20fd,M-T,generation_log,0.318477049232,0.477715573847,642,0.000443,0,621,0.0412,0,-0.0338164251208,0.989247572816,0,/workspace/exp/natural_qd_push/p3c_bd_sweep_20260704_093150_UTC/live/size_control_3d/seed_1001/openai_gpt-oss-120b/RTLLM/Prob019_sub_64bit/Gen2/Prob019_sub_64bit_sample2_M-T,
size_control_3d,RTLLM,Prob019_sub_64bit,combinational,2,2432836c-d6d6-4168-86ff-b397c14f1718,C-F,generation_log,0.318477049232,0.477715573847,642,0.000443,0,621,0.0412,0,-0.0338164251208,0.989247572816,0,/workspace/exp/natural_qd_push/p3c_bd_sweep_20260704_093150_UTC/live/size_control_3d/seed_1001/openai_gpt-oss-120b/RTLLM/Prob019_sub_64bit/Gen2/Prob019_sub_64bit_sample5_C-F,
size_control_3d,RTLLM,Prob019_sub_64bit,combinational,2,0a984686-47eb-48e7-b4cf-1e45e1fa9f33,M-R,generation_log,0.314654943744,0.471982415615,649,0.000451,0,621,0.0412,0,-0.0450885668277,0.989053398058,0,/workspace/exp/natural_qd_push/p3c_bd_sweep_20260704_093150_UTC/live/size_control_3d/seed_1001/openai_gpt-oss-120b/RTLLM/Prob019_sub_64bit/Gen2/Prob019_sub_64bit_sample6_M-R,
size_control_3d,RTLLM,Prob019_sub_64bit,combinational,2,7c2182c0-1dd2-4c08-87d7-1470e8236adf,C-F,generation_log,0.318477049232,0.477715573847,642,0.000443,0,621,0.0412,0,-0.0338164251208,0.989247572816,0,/workspace/exp/natural_qd_push/p3c_bd_sweep_20260704_093150_UTC/live/size_control_3d/seed_1001/openai_gpt-oss-120b/RTLLM/Prob019_sub_64bit/Gen2/Prob019_sub_64bit_sample7_C-F,
size_control_3d,RTLLM,Prob019_sub_64bit,combinational,3,fcfa8dc9-6ee8-47f4-8b99-6697450fe399,C-D,generation_log,0.321697661148,0.482546491722,636,0.000443,0,621,0.0412,0,-0.024154589372,0.989247572816,0,/workspace/exp/natural_qd_push/p3c_bd_sweep_20260704_093150_UTC/live/size_control_3d/seed_1001/openai_gpt-oss-120b/RTLLM/Prob019_sub_64bit/Gen3/Prob019_sub_64bit_sample1_C-D,
size_control_3d,RTLLM,Prob019_sub_64bit,combinational,3,6c4de2f0-9b14-46af-8058-da63fb4dcc95,M-T,generation_log,0.318477049232,0.477715573847,642,0.000443,0,621,0.0412,0,-0.0338164251208,0.989247572816,0,/workspace/exp/natural_qd_push/p3c_bd_sweep_20260704_093150_UTC/live/size_control_3d/seed_1001/openai_gpt-oss-120b/RTLLM/Prob019_sub_64bit/Gen3/Prob019_sub_64bit_sample2_M-T,
size_control_3d,RTLLM,Prob019_sub_64bit,combinational,3,f30260d1-accb-4076-b0bb-5e037e36e3e1,C-F,generation_log,0.318477049232,0.477715573847,642,0.000443,0,621,0.0412,0,-0.0338164251208,0.989247572816,0,/workspace/exp/natural_qd_push/p3c_bd_sweep_20260704_093150_UTC/live/size_control_3d/seed_1001/openai_gpt-oss-120b/RTLLM/Prob019_sub_64bit/Gen3/Prob019_sub_64bit_sample3_C-F,
size_control_3d,RTLLM,Prob019_sub_64bit,combinational,3,b40526f5-276e-4eda-bd13-27c63950d34a,M-I,generation_log,0.314654943744,0.471982415615,649,0.000451,0,621,0.0412,0,-0.0450885668277,0.989053398058,0,/workspace/exp/natural_qd_push/p3c_bd_sweep_20260704_093150_UTC/live/size_control_3d/seed_1001/openai_gpt-oss-120b/RTLLM/Prob019_sub_64bit/Gen3/Prob019_sub_64bit_sample4_M-I,
size_control_3d,RTLLM,Prob019_sub_64bit,combinational,3,e1ca01fd-53d2-4083-bf4e-916aa221a012,C-F,generation_log,0.318477049232,0.477715573847,642,0.000443,0,621,0.0412,0,-0.0338164251208,0.989247572816,0,/workspace/exp/natural_qd_push/p3c_bd_sweep_20260704_093150_UTC/live/size_control_3d/seed_1001/openai_gpt-oss-120b/RTLLM/Prob019_sub_64bit/Gen3/Prob019_sub_64bit_sample5_C-F,
size_control_3d,RTLLM,Prob019_sub_64bit,combinational,3,0168c8aa-d8da-442a-9b7f-fce6d515665e,M-R,generation_log,0.318477049232,0.477715573847,642,0.000443,0,621,0.0412,0,-0.0338164251208,0.989247572816,0,/workspace/exp/natural_qd_push/p3c_bd_sweep_20260704_093150_UTC/live/size_control_3d/seed_1001/openai_gpt-oss-120b/RTLLM/Prob019_sub_64bit/Gen3/Prob019_sub_64bit_sample6_M-R,
size_control_3d,RTLLM,Prob019_sub_64bit,combinational,3,b6480c5a-4019-43c5-962e-49df61dfb279,M-S,generation_log,0.318477049232,0.477715573847,642,0.000443,0,621,0.0412,0,-0.0338164251208,0.989247572816,0,/workspace/exp/natural_qd_push/p3c_bd_sweep_20260704_093150_UTC/live/size_control_3d/seed_1001/openai_gpt-oss-120b/RTLLM/Prob019_sub_64bit/Gen3/Prob019_sub_64bit_sample7_M-S,
size_control_3d,RTLLM,Prob019_sub_64bit,combinational,3,c16eedac-6975-4ea9-ba33-c32951c99108,M-R,generation_log,0.318477049232,0.477715573847,642,0.000443,0,621,0.0412,0,-0.0338164251208,0.989247572816,0,/workspace/exp/natural_qd_push/p3c_bd_sweep_20260704_093150_UTC/live/size_control_3d/seed_1001/openai_gpt-oss-120b/RTLLM/Prob019_sub_64bit/Gen3/Prob019_sub_64bit_sample8_M-R,
size_control_3d,RTLLM,Prob019_sub_64bit,combinational,4,ff884662-8f3b-4220-a9e0-4de12bdee31c,C-D,generation_log,0.318477049232,0.477715573847,642,0.000443,0,621,0.0412,0,-0.0338164251208,0.989247572816,0,/workspace/exp/natural_qd_push/p3c_bd_sweep_20260704_093150_UTC/live/size_control_3d/seed_1001/openai_gpt-oss-120b/RTLLM/Prob019_sub_64bit/Gen4/Prob019_sub_64bit_sample1_C-D,
size_control_3d,RTLLM,Prob019_sub_64bit,combinational,4,40688db6-a73b-444b-98a1-92edb64fe800,M-E,generation_log,0.453809989108,0.680714983662,392,0.000302,0,621,0.0412,0,0.368760064412,0.992669902913,0,/workspace/exp/natural_qd_push/p3c_bd_sweep_20260704_093150_UTC/live/size_control_3d/seed_1001/openai_gpt-oss-120b/RTLLM/Prob019_sub_64bit/Gen4/Prob019_sub_64bit_sample2_M-E,
size_control_3d,RTLLM,Prob019_sub_64bit,combinational,4,4da573e8-e958-4b89-bb99-58bb6ba76fdc,C-F,generation_log,0.318477049232,0.477715573847,642,0.000443,0,621,0.0412,0,-0.0338164251208,0.989247572816,0,/workspace/exp/natural_qd_push/p3c_bd_sweep_20260704_093150_UTC/live/size_control_3d/seed_1001/openai_gpt-oss-120b/RTLLM/Prob019_sub_64bit/Gen4/Prob019_sub_64bit_sample6_C-F,
size_control_3d,RTLLM,Prob019_sub_64bit,combinational,4,f6d53fc6-be7a-4b0d-b311-d0b9771df4d5,C-F,generation_log,0.318477049232,0.477715573847,642,0.000443,0,621,0.0412,0,-0.0338164251208,0.989247572816,0,/workspace/exp/natural_qd_push/p3c_bd_sweep_20260704_093150_UTC/live/size_control_3d/seed_1001/openai_gpt-oss-120b/RTLLM/Prob019_sub_64bit/Gen4/Prob019_sub_64bit_sample8_C-F,
size_control_3d,RTLLM,Prob019_sub_64bit,combinational,5,8d1359a8-ef75-4e34-89e8-8336f49c49c5,M-T,generation_log,0.318477049232,0.477715573847,642,0.000443,0,621,0.0412,0,-0.0338164251208,0.989247572816,0,/workspace/exp/natural_qd_push/p3c_bd_sweep_20260704_093150_UTC/live/size_control_3d/seed_1001/openai_gpt-oss-120b/RTLLM/Prob019_sub_64bit/Gen5/Prob019_sub_64bit_sample1_M-T,
size_control_3d,RTLLM,Prob019_sub_64bit,combinational,5,e73b15c2-ed84-4afb-895d-4cdee916c144,C-D,generation_log,0.318477049232,0.477715573847,642,0.000443,0,621,0.0412,0,-0.0338164251208,0.989247572816,0,/workspace/exp/natural_qd_push/p3c_bd_sweep_20260704_093150_UTC/live/size_control_3d/seed_1001/openai_gpt-oss-120b/RTLLM/Prob019_sub_64bit/Gen5/Prob019_sub_64bit_sample2_C-D,
size_control_3d,RTLLM,Prob019_sub_64bit,combinational,5,685de343-f225-4c62-8420-5d8178931b27,C-F,generation_log,0.318477049232,0.477715573847,642,0.000443,0,621,0.0412,0,-0.0338164251208,0.989247572816,0,/workspace/exp/natural_qd_push/p3c_bd_sweep_20260704_093150_UTC/live/size_control_3d/seed_1001/openai_gpt-oss-120b/RTLLM/Prob019_sub_64bit/Gen5/Prob019_sub_64bit_sample3_C-F,
size_control_3d,RTLLM,Prob019_sub_64bit,combinational,5,5aabb8ce-f986-4821-8bd4-805024377268,C-F,generation_log,0.318477049232,0.477715573847,642,0.000443,0,621,0.0412,0,-0.0338164251208,0.989247572816,0,/workspace/exp/natural_qd_push/p3c_bd_sweep_20260704_093150_UTC/live/size_control_3d/seed_1001/openai_gpt-oss-120b/RTLLM/Prob019_sub_64bit/Gen5/Prob019_sub_64bit_sample4_C-F,
size_control_3d,RTLLM,Prob019_sub_64bit,combinational,5,58930bf7-d69a-48d0-a91c-81b82432f858,C-F,generation_log,0.318477049232,0.477715573847,642,0.000443,0,621,0.0412,0,-0.0338164251208,0.989247572816,0,/workspace/exp/natural_qd_push/p3c_bd_sweep_20260704_093150_UTC/live/size_control_3d/seed_1001/openai_gpt-oss-120b/RTLLM/Prob019_sub_64bit/Gen5/Prob019_sub_64bit_sample6_C-F,
size_control_3d,RTLLM,Prob019_sub_64bit,combinational,5,9305cbc9-3f5b-44bc-8679-648c043fb9d3,M-S,generation_log,0.318477049232,0.477715573847,642,0.000443,0,621,0.0412,0,-0.0338164251208,0.989247572816,0,/workspace/exp/natural_qd_push/p3c_bd_sweep_20260704_093150_UTC/live/size_control_3d/seed_1001/openai_gpt-oss-120b/RTLLM/Prob019_sub_64bit/Gen5/Prob019_sub_64bit_sample7_M-S,
size_control_3d,RTLLM,Prob019_sub_64bit,combinational,5,53d014f6-705a-418c-a36b-1eb6717e087a,C-F,generation_log,0.318477049232,0.477715573847,642,0.000443,0,621,0.0412,0,-0.0338164251208,0.989247572816,0,/workspace/exp/natural_qd_push/p3c_bd_sweep_20260704_093150_UTC/live/size_control_3d/seed_1001/openai_gpt-oss-120b/RTLLM/Prob019_sub_64bit/Gen5/Prob019_sub_64bit_sample8_C-F,
size_control_3d,RTLLM,Prob020_JC_counter,sequential,0,6e8515ec-3197-4743-afbc-70ac429c85fe,initial,generation_log,-0,0,340,0.0351,0.13,340,0.0351,0.13,0,0,0,/workspace/exp/natural_qd_push/p3c_bd_sweep_20260704_093150_UTC/live/size_control_3d/seed_1001/openai_gpt-oss-120b/RTLLM/Prob020_JC_counter/Gen0/Prob020_JC_counter_sample1_initial,
size_control_3d,RTLLM,Prob020_JC_counter,sequential,0,c4dfe553-8e2e-4cd6-96ff-20b05268609a,initial,generation_log,-0,0,340,0.0351,0.13,340,0.0351,0.13,0,0,0,/workspace/exp/natural_qd_push/p3c_bd_sweep_20260704_093150_UTC/live/size_control_3d/seed_1001/openai_gpt-oss-120b/RTLLM/Prob020_JC_counter/Gen0/Prob020_JC_counter_sample2_initial,
size_control_3d,RTLLM,Prob020_JC_counter,sequential,0,d155affb-d877-4efc-ad61-c0d5bab4440e,initial,generation_log,-0,0,340,0.0351,0.13,340,0.0351,0.13,0,0,0,/workspace/exp/natural_qd_push/p3c_bd_sweep_20260704_093150_UTC/live/size_control_3d/seed_1001/openai_gpt-oss-120b/RTLLM/Prob020_JC_counter/Gen0/Prob020_JC_counter_sample3_initial,
size_control_3d,RTLLM,Prob020_JC_counter,sequential,0,a4a99235-4aea-4484-8e96-c152e03d370e,initial,generation_log,-0,0,340,0.0351,0.13,340,0.0351,0.13,0,0,0,/workspace/exp/natural_qd_push/p3c_bd_sweep_20260704_093150_UTC/live/size_control_3d/seed_1001/openai_gpt-oss-120b/RTLLM/Prob020_JC_counter/Gen0/Prob020_JC_counter_sample4_initial,
size_control_3d,RTLLM,Prob020_JC_counter,sequential,0,450d9a13-6eb0-4a7a-ae02-513cdbeb1fa8,initial,generation_log,-0,0,340,0.0351,0.13,340,0.0351,0.13,0,0,0,/workspace/exp/natural_qd_push/p3c_bd_sweep_20260704_093150_UTC/live/size_control_3d/seed_1001/openai_gpt-oss-120b/RTLLM/Prob020_JC_counter/Gen0/Prob020_JC_counter_sample5_initial,
size_control_3d,RTLLM,Prob020_JC_counter,sequential,0,fb35eafa-2c65-4dbd-adbf-57251f86e2e1,initial,generation_log,-0,0,340,0.0351,0.13,340,0.0351,0.13,0,0,0,/workspace/exp/natural_qd_push/p3c_bd_sweep_20260704_093150_UTC/live/size_control_3d/seed_1001/openai_gpt-oss-120b/RTLLM/Prob020_JC_counter/Gen0/Prob020_JC_counter_sample6_initial,
size_control_3d,RTLLM,Prob020_JC_counter,sequential,0,ae0b694f-cfd9-4211-b737-b314c3610865,initial,generation_log,-0,0,340,0.0351,0.13,340,0.0351,0.13,0,0,0,/workspace/exp/natural_qd_push/p3c_bd_sweep_20260704_093150_UTC/live/size_control_3d/seed_1001/openai_gpt-oss-120b/RTLLM/Prob020_JC_counter/Gen0/Prob020_JC_counter_sample7_initial,
size_control_3d,RTLLM,Prob020_JC_counter,sequential,0,8ce2e3e3-c2f2-4779-9166-5838cdc191b2,initial,generation_log,-0,0,340,0.0351,0.13,340,0.0351,0.13,0,0,0,/workspace/exp/natural_qd_push/p3c_bd_sweep_20260704_093150_UTC/live/size_control_3d/seed_1001/openai_gpt-oss-120b/RTLLM/Prob020_JC_counter/Gen0/Prob020_JC_counter_sample8_initial,
size_control_3d,RTLLM,Prob020_JC_counter,sequential,1,507e9461-4109-4f25-b15f-9f4051451e69,M-I,generation_log,-0,0,340,0.0351,0.13,340,0.0351,0.13,0,0,0,/workspace/exp/natural_qd_push/p3c_bd_sweep_20260704_093150_UTC/live/size_control_3d/seed_1001/openai_gpt-oss-120b/RTLLM/Prob020_JC_counter/Gen1/Prob020_JC_counter_sample5_M-I,
size_control_3d,RTLLM,Prob020_JC_counter,sequential,1,8d71e051-6a18-452d-96a7-0263cca124fa,M-S,generation_log,-0.284850008379,-0.284850008379,462,0.0471,0.15,340,0.0351,0.13,-0.358823529412,-0.34188034188,-0.153846153846,/workspace/exp/natural_qd_push/p3c_bd_sweep_20260704_093150_UTC/live/size_control_3d/seed_1001/openai_gpt-oss-120b/RTLLM/Prob020_JC_counter/Gen1/Prob020_JC_counter_sample7_M-S,
size_control_3d,RTLLM,Prob020_JC_counter,sequential,2,ef415cfc-66fd-4e59-9b8b-26e29705deba,C-D,generation_log,-0,0,340,0.0351,0.13,340,0.0351,0.13,0,0,0,/workspace/exp/natural_qd_push/p3c_bd_sweep_20260704_093150_UTC/live/size_control_3d/seed_1001/openai_gpt-oss-120b/RTLLM/Prob020_JC_counter/Gen2/Prob020_JC_counter_sample1_C-D,
size_control_3d,RTLLM,Prob020_JC_counter,sequential,2,9a8e3cbc-8dfb-42d9-895e-a9ecbe4cf753,M-T,generation_log,-0.05,-0.05,391,0.0351,0.13,340,0.0351,0.13,-0.15,0,0,/workspace/exp/natural_qd_push/p3c_bd_sweep_20260704_093150_UTC/live/size_control_3d/seed_1001/openai_gpt-oss-120b/RTLLM/Prob020_JC_counter/Gen2/Prob020_JC_counter_sample2_M-T,
size_control_3d,RTLLM,Prob020_JC_counter,sequential,2,e3076d56-1c8a-43ab-9560-ce23c249a710,C-F,generation_log,-0,0,340,0.0351,0.13,340,0.0351,0.13,0,0,0,/workspace/exp/natural_qd_push/p3c_bd_sweep_20260704_093150_UTC/live/size_control_3d/seed_1001/openai_gpt-oss-120b/RTLLM/Prob020_JC_counter/Gen2/Prob020_JC_counter_sample3_C-F,
size_control_3d,RTLLM,Prob020_JC_counter,sequential,2,db221edc-6353-43d8-9214-1f556d5c8d41,C-F,generation_log,-0.05,-0.05,391,0.0351,0.13,340,0.0351,0.13,-0.15,0,0,/workspace/exp/natural_qd_push/p3c_bd_sweep_20260704_093150_UTC/live/size_control_3d/seed_1001/openai_gpt-oss-120b/RTLLM/Prob020_JC_counter/Gen2/Prob020_JC_counter_sample4_C-F,
size_control_3d,RTLLM,Prob020_JC_counter,sequential,2,0b81fcb9-8517-4b6a-ad60-570d469fca7a,C-F,generation_log,-0,0,340,0.0351,0.13,340,0.0351,0.13,0,0,0,/workspace/exp/natural_qd_push/p3c_bd_sweep_20260704_093150_UTC/live/size_control_3d/seed_1001/openai_gpt-oss-120b/RTLLM/Prob020_JC_counter/Gen2/Prob020_JC_counter_sample7_C-F,
size_control_3d,RTLLM,Prob020_JC_counter,sequential,2,2115a0eb-d5a3-40a7-946c-334bdd7dd2ab,C-F,generation_log,-0,0,340,0.0351,0.13,340,0.0351,0.13,0,0,0,/workspace/exp/natural_qd_push/p3c_bd_sweep_20260704_093150_UTC/live/size_control_3d/seed_1001/openai_gpt-oss-120b/RTLLM/Prob020_JC_counter/Gen2/Prob020_JC_counter_sample8_C-F,
size_control_3d,RTLLM,Prob020_JC_counter,sequential,3,4148eda1-1f1d-4f53-9dca-e73bbd30883f,C-D,generation_log,-0,0,340,0.0351,0.13,340,0.0351,0.13,0,0,0,/workspace/exp/natural_qd_push/p3c_bd_sweep_20260704_093150_UTC/live/size_control_3d/seed_1001/openai_gpt-oss-120b/RTLLM/Prob020_JC_counter/Gen3/Prob020_JC_counter_sample1_C-D,
size_control_3d,RTLLM,Prob020_JC_counter,sequential,3,76a88400-25dc-47c1-abc6-d99a4f34c3ea,M-E,generation_log,-0.0509803921569,-0.0509803921569,392,0.0351,0.13,340,0.0351,0.13,-0.152941176471,0,0,/workspace/exp/natural_qd_push/p3c_bd_sweep_20260704_093150_UTC/live/size_control_3d/seed_1001/openai_gpt-oss-120b/RTLLM/Prob020_JC_counter/Gen3/Prob020_JC_counter_sample2_M-E,
size_control_3d,RTLLM,Prob020_JC_counter,sequential,3,30f46a2c-34d4-4782-a161-842c76cca472,C-F,generation_log,-0,0,340,0.0351,0.13,340,0.0351,0.13,0,0,0,/workspace/exp/natural_qd_push/p3c_bd_sweep_20260704_093150_UTC/live/size_control_3d/seed_1001/openai_gpt-oss-120b/RTLLM/Prob020_JC_counter/Gen3/Prob020_JC_counter_sample5_C-F,
size_control_3d,RTLLM,Prob020_JC_counter,sequential,3,aa9e30d1-d758-4e68-b575-a4f616b35c27,C-F,generation_log,-0,0,340,0.0351,0.13,340,0.0351,0.13,0,0,0,/workspace/exp/natural_qd_push/p3c_bd_sweep_20260704_093150_UTC/live/size_control_3d/seed_1001/openai_gpt-oss-120b/RTLLM/Prob020_JC_counter/Gen3/Prob020_JC_counter_sample6_C-F,
size_control_3d,RTLLM,Prob020_JC_counter,sequential,3,2f01dcfe-f631-4b23-a999-924a631d54cf,C-F,generation_log,-0,0,340,0.0351,0.13,340,0.0351,0.13,0,0,0,/workspace/exp/natural_qd_push/p3c_bd_sweep_20260704_093150_UTC/live/size_control_3d/seed_1001/openai_gpt-oss-120b/RTLLM/Prob020_JC_counter/Gen3/Prob020_JC_counter_sample7_C-F,
size_control_3d,RTLLM,Prob020_JC_counter,sequential,4,842fe449-64cb-46fc-ad18-b4ef3ed5de84,M-T,generation_log,-0,0,340,0.0351,0.13,340,0.0351,0.13,0,0,0,/workspace/exp/natural_qd_push/p3c_bd_sweep_20260704_093150_UTC/live/size_control_3d/seed_1001/openai_gpt-oss-120b/RTLLM/Prob020_JC_counter/Gen4/Prob020_JC_counter_sample1_M-T,
size_control_3d,RTLLM,Prob020_JC_counter,sequential,4,283c570f-9dee-43be-9c01-39fd19f8f927,M-E,generation_log,-0.0509803921569,-0.0509803921569,392,0.0351,0.13,340,0.0351,0.13,-0.152941176471,0,0,/workspace/exp/natural_qd_push/p3c_bd_sweep_20260704_093150_UTC/live/size_control_3d/seed_1001/openai_gpt-oss-120b/RTLLM/Prob020_JC_counter/Gen4/Prob020_JC_counter_sample2_M-E,
size_control_3d,RTLLM,Prob020_JC_counter,sequential,4,499f857c-19c8-4b7c-b042-77aac0d66e40,C-F,generation_log,-0,0,340,0.0351,0.13,340,0.0351,0.13,0,0,0,/workspace/exp/natural_qd_push/p3c_bd_sweep_20260704_093150_UTC/live/size_control_3d/seed_1001/openai_gpt-oss-120b/RTLLM/Prob020_JC_counter/Gen4/Prob020_JC_counter_sample5_C-F,
size_control_3d,RTLLM,Prob020_JC_counter,sequential,4,f7fdc30a-003d-489f-8168-d766558a3805,C-F,generation_log,-0,0,340,0.0351,0.13,340,0.0351,0.13,0,0,0,/workspace/exp/natural_qd_push/p3c_bd_sweep_20260704_093150_UTC/live/size_control_3d/seed_1001/openai_gpt-oss-120b/RTLLM/Prob020_JC_counter/Gen4/Prob020_JC_counter_sample6_C-F,
size_control_3d,RTLLM,Prob020_JC_counter,sequential,4,5345ae78-1c71-4367-8964-21d1196e47b5,C-F,generation_log,-0,0,340,0.0351,0.13,340,0.0351,0.13,0,0,0,/workspace/exp/natural_qd_push/p3c_bd_sweep_20260704_093150_UTC/live/size_control_3d/seed_1001/openai_gpt-oss-120b/RTLLM/Prob020_JC_counter/Gen4/Prob020_JC_counter_sample8_C-F,
size_control_3d,RTLLM,Prob020_JC_counter,sequential,5,4b0194ae-e985-4704-87ea-ec57d0e0e844,C-D,generation_log,-0.05,-0.05,391,0.0351,0.13,340,0.0351,0.13,-0.15,0,0,/workspace/exp/natural_qd_push/p3c_bd_sweep_20260704_093150_UTC/live/size_control_3d/seed_1001/openai_gpt-oss-120b/RTLLM/Prob020_JC_counter/Gen5/Prob020_JC_counter_sample1_C-D,
size_control_3d,RTLLM,Prob020_JC_counter,sequential,5,17c0bd55-e52a-47de-af47-4ece180fea6f,C-D,generation_log,-0,0,340,0.0351,0.13,340,0.0351,0.13,0,0,0,/workspace/exp/natural_qd_push/p3c_bd_sweep_20260704_093150_UTC/live/size_control_3d/seed_1001/openai_gpt-oss-120b/RTLLM/Prob020_JC_counter/Gen5/Prob020_JC_counter_sample2_C-D,
size_control_3d,RTLLM,Prob020_JC_counter,sequential,5,626fb5db-3456-4443-bd72-2bc42e032522,C-F,generation_log,-0,0,340,0.0351,0.13,340,0.0351,0.13,0,0,0,/workspace/exp/natural_qd_push/p3c_bd_sweep_20260704_093150_UTC/live/size_control_3d/seed_1001/openai_gpt-oss-120b/RTLLM/Prob020_JC_counter/Gen5/Prob020_JC_counter_sample3_C-F,
size_control_3d,RTLLM,Prob020_JC_counter,sequential,5,847eeee6-122d-4110-abdb-a67e2805c8bd,C-F,generation_log,-0,0,340,0.0351,0.13,340,0.0351,0.13,0,0,0,/workspace/exp/natural_qd_push/p3c_bd_sweep_20260704_093150_UTC/live/size_control_3d/seed_1001/openai_gpt-oss-120b/RTLLM/Prob020_JC_counter/Gen5/Prob020_JC_counter_sample4_C-F,
size_control_3d,RTLLM,Prob020_JC_counter,sequential,5,a8d630ee-8370-4c3c-af91-316d8d8c08ac,M-R,generation_log,-0.05,-0.05,391,0.0351,0.13,340,0.0351,0.13,-0.15,0,0,/workspace/exp/natural_qd_push/p3c_bd_sweep_20260704_093150_UTC/live/size_control_3d/seed_1001/openai_gpt-oss-120b/RTLLM/Prob020_JC_counter/Gen5/Prob020_JC_counter_sample6_M-R,
size_control_3d,RTLLM,Prob020_JC_counter,sequential,5,ddac201e-5943-4b68-9b74-bfcaab5f809c,C-F,generation_log,-0,0,340,0.0351,0.13,340,0.0351,0.13,0,0,0,/workspace/exp/natural_qd_push/p3c_bd_sweep_20260704_093150_UTC/live/size_control_3d/seed_1001/openai_gpt-oss-120b/RTLLM/Prob020_JC_counter/Gen5/Prob020_JC_counter_sample7_C-F,
size_control_3d,RTLLM,Prob020_JC_counter,sequential,5,d8111a9f-0071-4526-97fc-bae82d8100b9,C-F,generation_log,-0,0,340,0.0351,0.13,340,0.0351,0.13,0,0,0,/workspace/exp/natural_qd_push/p3c_bd_sweep_20260704_093150_UTC/live/size_control_3d/seed_1001/openai_gpt-oss-120b/RTLLM/Prob020_JC_counter/Gen5/Prob020_JC_counter_sample8_C-F,
size_control_3d,RTLLM,Prob021_counter_12,sequential,0,2949b2c6-9866-46bc-8d7b-799b7d400c4d,initial,generation_log,-0,0,44,0.00963,0.28,44,0.00963,0.28,0,0,0,/workspace/exp/natural_qd_push/p3c_bd_sweep_20260704_093150_UTC/live/size_control_3d/seed_1001/openai_gpt-oss-120b/RTLLM/Prob021_counter_12/Gen0/Prob021_counter_12_sample1_initial,
size_control_3d,RTLLM,Prob021_counter_12,sequential,0,7702a268-2f56-4ba2-bb92-2480c348d87e,initial,generation_log,-0,0,44,0.00963,0.28,44,0.00963,0.28,0,0,0,/workspace/exp/natural_qd_push/p3c_bd_sweep_20260704_093150_UTC/live/size_control_3d/seed_1001/openai_gpt-oss-120b/RTLLM/Prob021_counter_12/Gen0/Prob021_counter_12_sample2_initial,
size_control_3d,RTLLM,Prob021_counter_12,sequential,0,fb65c139-90ba-46d1-8875-85cc52d51c66,initial,generation_log,-0,0,44,0.00963,0.28,44,0.00963,0.28,0,0,0,/workspace/exp/natural_qd_push/p3c_bd_sweep_20260704_093150_UTC/live/size_control_3d/seed_1001/openai_gpt-oss-120b/RTLLM/Prob021_counter_12/Gen0/Prob021_counter_12_sample3_initial,
size_control_3d,RTLLM,Prob021_counter_12,sequential,0,2e7c1be3-3c55-456b-90cc-476e2575f286,initial,generation_log,-0,0,44,0.00963,0.28,44,0.00963,0.28,0,0,0,/workspace/exp/natural_qd_push/p3c_bd_sweep_20260704_093150_UTC/live/size_control_3d/seed_1001/openai_gpt-oss-120b/RTLLM/Prob021_counter_12/Gen0/Prob021_counter_12_sample4_initial,
size_control_3d,RTLLM,Prob021_counter_12,sequential,0,43c60bee-9c28-472c-b86c-bab9412a3c0f,initial,generation_log,-0,0,44,0.00963,0.28,44,0.00963,0.28,0,0,0,/workspace/exp/natural_qd_push/p3c_bd_sweep_20260704_093150_UTC/live/size_control_3d/seed_1001/openai_gpt-oss-120b/RTLLM/Prob021_counter_12/Gen0/Prob021_counter_12_sample5_initial,
size_control_3d,RTLLM,Prob021_counter_12,sequential,0,1cb527f8-e400-41a5-ab53-da76a48afa6a,initial,generation_log,-0,0,44,0.00963,0.28,44,0.00963,0.28,0,0,0,/workspace/exp/natural_qd_push/p3c_bd_sweep_20260704_093150_UTC/live/size_control_3d/seed_1001/openai_gpt-oss-120b/RTLLM/Prob021_counter_12/Gen0/Prob021_counter_12_sample6_initial,
size_control_3d,RTLLM,Prob021_counter_12,sequential,0,1a0a2589-dfb1-4943-a762-ea14927537c5,initial,generation_log,-0,0,44,0.00963,0.28,44,0.00963,0.28,0,0,0,/workspace/exp/natural_qd_push/p3c_bd_sweep_20260704_093150_UTC/live/size_control_3d/seed_1001/openai_gpt-oss-120b/RTLLM/Prob021_counter_12/Gen0/Prob021_counter_12_sample7_initial,
size_control_3d,RTLLM,Prob021_counter_12,sequential,0,bf26e579-4c3c-4e3e-8d69-b22a9fe49ba8,initial,generation_log,-0,0,44,0.00963,0.28,44,0.00963,0.28,0,0,0,/workspace/exp/natural_qd_push/p3c_bd_sweep_20260704_093150_UTC/live/size_control_3d/seed_1001/openai_gpt-oss-120b/RTLLM/Prob021_counter_12/Gen0/Prob021_counter_12_sample8_initial,
size_control_3d,RTLLM,Prob021_counter_12,sequential,1,c69c48ba-340f-4624-bafb-edd9156afee5,M-R,generation_log,0.148993270489,0.148993270489,46,0.0042,0.3,44,0.00963,0.28,-0.0454545454545,0.563862928349,-0.0714285714286,/workspace/exp/natural_qd_push/p3c_bd_sweep_20260704_093150_UTC/live/size_control_3d/seed_1001/openai_gpt-oss-120b/RTLLM/Prob021_counter_12/Gen1/Prob021_counter_12_sample1_M-R,
size_control_3d,RTLLM,Prob021_counter_12,sequential,1,0251c4d8-4186-48cb-b722-f5e01f0e6a6b,M-S,generation_log,-0,0,44,0.00963,0.28,44,0.00963,0.28,0,0,0,/workspace/exp/natural_qd_push/p3c_bd_sweep_20260704_093150_UTC/live/size_control_3d/seed_1001/openai_gpt-oss-120b/RTLLM/Prob021_counter_12/Gen1/Prob021_counter_12_sample2_M-S,
size_control_3d,RTLLM,Prob021_counter_12,sequential,1,89a052e1-bc50-41aa-86c6-7663238574cc,M-I,generation_log,-0,0,44,0.00963,0.28,44,0.00963,0.28,0,0,0,/workspace/exp/natural_qd_push/p3c_bd_sweep_20260704_093150_UTC/live/size_control_3d/seed_1001/openai_gpt-oss-120b/RTLLM/Prob021_counter_12/Gen1/Prob021_counter_12_sample3_M-I,
size_control_3d,RTLLM,Prob021_counter_12,sequential,1,30c82f04-cf2a-421f-9670-ef7cfa563039,M-R,generation_log,0.148993270489,0.148993270489,46,0.0042,0.3,44,0.00963,0.28,-0.0454545454545,0.563862928349,-0.0714285714286,/workspace/exp/natural_qd_push/p3c_bd_sweep_20260704_093150_UTC/live/size_control_3d/seed_1001/openai_gpt-oss-120b/RTLLM/Prob021_counter_12/Gen1/Prob021_counter_12_sample5_M-R,
size_control_3d,RTLLM,Prob021_counter_12,sequential,2,21bebf17-4274-4350-b630-669aedc6910e,C-D,generation_log,0.148993270489,0.148993270489,46,0.0042,0.3,44,0.00963,0.28,-0.0454545454545,0.563862928349,-0.0714285714286,/workspace/exp/natural_qd_push/p3c_bd_sweep_20260704_093150_UTC/live/size_control_3d/seed_1001/openai_gpt-oss-120b/RTLLM/Prob021_counter_12/Gen2/Prob021_counter_12_sample1_C-D,
size_control_3d,RTLLM,Prob021_counter_12,sequential,2,e420275a-6051-4b2d-94d8-31f8cf14823a,M-T,generation_log,0.148993270489,0.148993270489,46,0.0042,0.3,44,0.00963,0.28,-0.0454545454545,0.563862928349,-0.0714285714286,/workspace/exp/natural_qd_push/p3c_bd_sweep_20260704_093150_UTC/live/size_control_3d/seed_1001/openai_gpt-oss-120b/RTLLM/Prob021_counter_12/Gen2/Prob021_counter_12_sample2_M-T,
size_control_3d,RTLLM,Prob021_counter_12,sequential,2,5f735dba-9e36-45d9-94eb-03378a874f6e,M-S,generation_log,0.148993270489,0.148993270489,46,0.0042,0.3,44,0.00963,0.28,-0.0454545454545,0.563862928349,-0.0714285714286,/workspace/exp/natural_qd_push/p3c_bd_sweep_20260704_093150_UTC/live/size_control_3d/seed_1001/openai_gpt-oss-120b/RTLLM/Prob021_counter_12/Gen2/Prob021_counter_12_sample4_M-S,
size_control_3d,RTLLM,Prob021_counter_12,sequential,2,4efb3c4a-a3cc-402c-a87c-9a3d17bc2ba8,M-I,generation_log,0.148993270489,0.148993270489,46,0.0042,0.3,44,0.00963,0.28,-0.0454545454545,0.563862928349,-0.0714285714286,/workspace/exp/natural_qd_push/p3c_bd_sweep_20260704_093150_UTC/live/size_control_3d/seed_1001/openai_gpt-oss-120b/RTLLM/Prob021_counter_12/Gen2/Prob021_counter_12_sample6_M-I,
size_control_3d,RTLLM,Prob021_counter_12,sequential,2,48de2b6d-b9dc-481d-baaa-208ba4df6754,M-I,generation_log,-0,0,44,0.00963,0.28,44,0.00963,0.28,0,0,0,/workspace/exp/natural_qd_push/p3c_bd_sweep_20260704_093150_UTC/live/size_control_3d/seed_1001/openai_gpt-oss-120b/RTLLM/Prob021_counter_12/Gen2/Prob021_counter_12_sample7_M-I,
size_control_3d,RTLLM,Prob021_counter_12,sequential,3,6ee54eae-517b-4fe5-b143-185475694198,M-E,generation_log,-0.643571900581,-0.643571900581,144,0.0084,0.22,44,0.00963,0.28,-2.27272727273,0.127725856698,0.214285714286,/workspace/exp/natural_qd_push/p3c_bd_sweep_20260704_093150_UTC/live/size_control_3d/seed_1001/openai_gpt-oss-120b/RTLLM/Prob021_counter_12/Gen3/Prob021_counter_12_sample1_M-E,
size_control_3d,RTLLM,Prob021_counter_12,sequential,3,7d83d1b8-dfac-424c-b92f-c95dadc6b9d2,C-D,generation_log,-0,0,44,0.00963,0.28,44,0.00963,0.28,0,0,0,/workspace/exp/natural_qd_push/p3c_bd_sweep_20260704_093150_UTC/live/size_control_3d/seed_1001/openai_gpt-oss-120b/RTLLM/Prob021_counter_12/Gen3/Prob021_counter_12_sample2_C-D,
size_control_3d,RTLLM,Prob021_counter_12,sequential,3,5750be4f-b3ac-4300-aa3b-415dd3c8f695,M-R,generation_log,0.148993270489,0.148993270489,46,0.0042,0.3,44,0.00963,0.28,-0.0454545454545,0.563862928349,-0.0714285714286,/workspace/exp/natural_qd_push/p3c_bd_sweep_20260704_093150_UTC/live/size_control_3d/seed_1001/openai_gpt-oss-120b/RTLLM/Prob021_counter_12/Gen3/Prob021_counter_12_sample4_M-R,
size_control_3d,RTLLM,Prob021_counter_12,sequential,3,519d91b5-76a1-4f3b-8aac-9bdc1b039dde,C-F,generation_log,0.148993270489,0.148993270489,46,0.0042,0.3,44,0.00963,0.28,-0.0454545454545,0.563862928349,-0.0714285714286,/workspace/exp/natural_qd_push/p3c_bd_sweep_20260704_093150_UTC/live/size_control_3d/seed_1001/openai_gpt-oss-120b/RTLLM/Prob021_counter_12/Gen3/Prob021_counter_12_sample5_C-F,
size_control_3d,RTLLM,Prob021_counter_12,sequential,3,f6cb3511-0e6b-4814-ba6d-af89efcac6c2,M-I,generation_log,0.148993270489,0.148993270489,46,0.0042,0.3,44,0.00963,0.28,-0.0454545454545,0.563862928349,-0.0714285714286,/workspace/exp/natural_qd_push/p3c_bd_sweep_20260704_093150_UTC/live/size_control_3d/seed_1001/openai_gpt-oss-120b/RTLLM/Prob021_counter_12/Gen3/Prob021_counter_12_sample6_M-I,
size_control_3d,RTLLM,Prob021_counter_12,sequential,3,18a73d4f-d5e0-45af-9c42-1c38a0fbca9b,C-F,generation_log,-0,0,44,0.00963,0.28,44,0.00963,0.28,0,0,0,/workspace/exp/natural_qd_push/p3c_bd_sweep_20260704_093150_UTC/live/size_control_3d/seed_1001/openai_gpt-oss-120b/RTLLM/Prob021_counter_12/Gen3/Prob021_counter_12_sample7_C-F,
size_control_3d,RTLLM,Prob021_counter_12,sequential,3,2cac1884-9e3b-495a-8926-10713572cbf4,C-F,generation_log,0.148993270489,0.148993270489,46,0.0042,0.3,44,0.00963,0.28,-0.0454545454545,0.563862928349,-0.0714285714286,/workspace/exp/natural_qd_push/p3c_bd_sweep_20260704_093150_UTC/live/size_control_3d/seed_1001/openai_gpt-oss-120b/RTLLM/Prob021_counter_12/Gen3/Prob021_counter_12_sample8_C-F,
size_control_3d,RTLLM,Prob021_counter_12,sequential,4,4348afc9-9a7d-43e2-a12e-9e5eaf6bbdcf,M-E,generation_log,-0.0233970771354,-0.0233970771354,46,0.0109,0.25,44,0.00963,0.28,-0.0454545454545,-0.131879543094,0.107142857143,/workspace/exp/natural_qd_push/p3c_bd_sweep_20260704_093150_UTC/live/size_control_3d/seed_1001/openai_gpt-oss-120b/RTLLM/Prob021_counter_12/Gen4/Prob021_counter_12_sample1_M-E,
size_control_3d,RTLLM,Prob021_counter_12,sequential,4,e663faae-c9f3-4706-b595-f921a6f7c732,C-D,generation_log,0.148993270489,0.148993270489,46,0.0042,0.3,44,0.00963,0.28,-0.0454545454545,0.563862928349,-0.0714285714286,/workspace/exp/natural_qd_push/p3c_bd_sweep_20260704_093150_UTC/live/size_control_3d/seed_1001/openai_gpt-oss-120b/RTLLM/Prob021_counter_12/Gen4/Prob021_counter_12_sample2_C-D,
size_control_3d,RTLLM,Prob021_counter_12,sequential,4,4ec59088-d526-43d8-b131-76061645067e,M-I,generation_log,0.148993270489,0.148993270489,46,0.0042,0.3,44,0.00963,0.28,-0.0454545454545,0.563862928349,-0.0714285714286,/workspace/exp/natural_qd_push/p3c_bd_sweep_20260704_093150_UTC/live/size_control_3d/seed_1001/openai_gpt-oss-120b/RTLLM/Prob021_counter_12/Gen4/Prob021_counter_12_sample3_M-I,
size_control_3d,RTLLM,Prob021_counter_12,sequential,4,f9329e1b-6602-4ce4-bb62-d427db0c468a,C-F,generation_log,0.148993270489,0.148993270489,46,0.0042,0.3,44,0.00963,0.28,-0.0454545454545,0.563862928349,-0.0714285714286,/workspace/exp/natural_qd_push/p3c_bd_sweep_20260704_093150_UTC/live/size_control_3d/seed_1001/openai_gpt-oss-120b/RTLLM/Prob021_counter_12/Gen4/Prob021_counter_12_sample4_C-F,
size_control_3d,RTLLM,Prob021_counter_12,sequential,4,b13eceec-e678-43da-96cf-dcbe236f575c,M-S,generation_log,0.148993270489,0.148993270489,46,0.0042,0.3,44,0.00963,0.28,-0.0454545454545,0.563862928349,-0.0714285714286,/workspace/exp/natural_qd_push/p3c_bd_sweep_20260704_093150_UTC/live/size_control_3d/seed_1001/openai_gpt-oss-120b/RTLLM/Prob021_counter_12/Gen4/Prob021_counter_12_sample5_M-S,
size_control_3d,RTLLM,Prob021_counter_12,sequential,4,664762f9-fdbf-4756-b559-cd0b86d405fd,C-F,generation_log,0.197212444876,0.197212444876,49,0.00387,0.25,44,0.00963,0.28,-0.113636363636,0.598130841121,0.107142857143,/workspace/exp/natural_qd_push/p3c_bd_sweep_20260704_093150_UTC/live/size_control_3d/seed_1001/openai_gpt-oss-120b/RTLLM/Prob021_counter_12/Gen4/Prob021_counter_12_sample6_C-F,
size_control_3d,RTLLM,Prob021_counter_12,sequential,4,a51df69b-fab2-4306-888f-eb5bc39ddc06,C-F,generation_log,0.044398142529,0.044398142529,41,0.00866,0.29,44,0.00963,0.28,0.0681818181818,0.100726895119,-0.0357142857143,/workspace/exp/natural_qd_push/p3c_bd_sweep_20260704_093150_UTC/live/size_control_3d/seed_1001/openai_gpt-oss-120b/RTLLM/Prob021_counter_12/Gen4/Prob021_counter_12_sample7_C-F,
size_control_3d,RTLLM,Prob021_counter_12,sequential,4,76ed2793-1125-44de-8d41-79632365cb52,C-F,generation_log,-0,0,44,0.00963,0.28,44,0.00963,0.28,0,0,0,/workspace/exp/natural_qd_push/p3c_bd_sweep_20260704_093150_UTC/live/size_control_3d/seed_1001/openai_gpt-oss-120b/RTLLM/Prob021_counter_12/Gen4/Prob021_counter_12_sample8_C-F,
size_control_3d,RTLLM,Prob021_counter_12,sequential,5,60ca60f1-37bb-4c25-b5b7-07eb4f81b9b3,C-D,generation_log,0.148993270489,0.148993270489,46,0.0042,0.3,44,0.00963,0.28,-0.0454545454545,0.563862928349,-0.0714285714286,/workspace/exp/natural_qd_push/p3c_bd_sweep_20260704_093150_UTC/live/size_control_3d/seed_1001/openai_gpt-oss-120b/RTLLM/Prob021_counter_12/Gen5/Prob021_counter_12_sample1_C-D,
size_control_3d,RTLLM,Prob021_counter_12,sequential,5,64527a40-660a-421d-835b-31cb7221877e,C-D,generation_log,0.148993270489,0.148993270489,46,0.0042,0.3,44,0.00963,0.28,-0.0454545454545,0.563862928349,-0.0714285714286,/workspace/exp/natural_qd_push/p3c_bd_sweep_20260704_093150_UTC/live/size_control_3d/seed_1001/openai_gpt-oss-120b/RTLLM/Prob021_counter_12/Gen5/Prob021_counter_12_sample2_C-D,
size_control_3d,RTLLM,Prob021_counter_12,sequential,5,42a0aa55-2f20-4b4a-b7ed-0535aff71dd9,C-F,generation_log,0.148993270489,0.148993270489,46,0.0042,0.3,44,0.00963,0.28,-0.0454545454545,0.563862928349,-0.0714285714286,/workspace/exp/natural_qd_push/p3c_bd_sweep_20260704_093150_UTC/live/size_control_3d/seed_1001/openai_gpt-oss-120b/RTLLM/Prob021_counter_12/Gen5/Prob021_counter_12_sample3_C-F,
size_control_3d,RTLLM,Prob021_counter_12,sequential,5,17db2c70-853f-4d7f-876a-3c7e4e69fa06,C-F,generation_log,0.148993270489,0.148993270489,46,0.0042,0.3,44,0.00963,0.28,-0.0454545454545,0.563862928349,-0.0714285714286,/workspace/exp/natural_qd_push/p3c_bd_sweep_20260704_093150_UTC/live/size_control_3d/seed_1001/openai_gpt-oss-120b/RTLLM/Prob021_counter_12/Gen5/Prob021_counter_12_sample5_C-F,
size_control_3d,RTLLM,Prob021_counter_12,sequential,5,b36390f9-9a57-4dca-931e-0343d62f7b22,C-F,generation_log,0.148993270489,0.148993270489,46,0.0042,0.3,44,0.00963,0.28,-0.0454545454545,0.563862928349,-0.0714285714286,/workspace/exp/natural_qd_push/p3c_bd_sweep_20260704_093150_UTC/live/size_control_3d/seed_1001/openai_gpt-oss-120b/RTLLM/Prob021_counter_12/Gen5/Prob021_counter_12_sample6_C-F,
size_control_3d,RTLLM,Prob021_counter_12,sequential,5,b5e7faff-1b62-4c72-803b-865c7b7b8c4a,C-F,generation_log,0.148993270489,0.148993270489,46,0.0042,0.3,44,0.00963,0.28,-0.0454545454545,0.563862928349,-0.0714285714286,/workspace/exp/natural_qd_push/p3c_bd_sweep_20260704_093150_UTC/live/size_control_3d/seed_1001/openai_gpt-oss-120b/RTLLM/Prob021_counter_12/Gen5/Prob021_counter_12_sample7_C-F,
size_control_3d,RTLLM,Prob023_up_down_counter,sequential,0,bdafb2d7-fa04-493d-a474-9bbbf1ebcb63,initial,generation_log,-0.048317271781,-0.048317271781,225,0.0437,0.57,259,0.0358,0.54,0.131274131274,-0.220670391061,-0.0555555555556,/workspace/exp/natural_qd_push/p3c_bd_sweep_20260704_093150_UTC/live/size_control_3d/seed_1001/openai_gpt-oss-120b/RTLLM/Prob023_up_down_counter/Gen0/Prob023_up_down_counter_sample1_initial,
size_control_3d,RTLLM,Prob023_up_down_counter,sequential,0,b3bd6f67-cc5a-4ac4-93b6-41a198b0cf71,initial,generation_log,-0.048317271781,-0.048317271781,225,0.0437,0.57,259,0.0358,0.54,0.131274131274,-0.220670391061,-0.0555555555556,/workspace/exp/natural_qd_push/p3c_bd_sweep_20260704_093150_UTC/live/size_control_3d/seed_1001/openai_gpt-oss-120b/RTLLM/Prob023_up_down_counter/Gen0/Prob023_up_down_counter_sample2_initial,
size_control_3d,RTLLM,Prob023_up_down_counter,sequential,0,8d30440d-e741-40da-8fef-50be445f8fd7,initial,generation_log,-0.048317271781,-0.048317271781,225,0.0437,0.57,259,0.0358,0.54,0.131274131274,-0.220670391061,-0.0555555555556,/workspace/exp/natural_qd_push/p3c_bd_sweep_20260704_093150_UTC/live/size_control_3d/seed_1001/openai_gpt-oss-120b/RTLLM/Prob023_up_down_counter/Gen0/Prob023_up_down_counter_sample3_initial,
size_control_3d,RTLLM,Prob023_up_down_counter,sequential,0,d28caea3-d0e9-4f26-9123-0015bf90a8c3,initial,generation_log,-0.048317271781,-0.048317271781,225,0.0437,0.57,259,0.0358,0.54,0.131274131274,-0.220670391061,-0.0555555555556,/workspace/exp/natural_qd_push/p3c_bd_sweep_20260704_093150_UTC/live/size_control_3d/seed_1001/openai_gpt-oss-120b/RTLLM/Prob023_up_down_counter/Gen0/Prob023_up_down_counter_sample4_initial,
size_control_3d,RTLLM,Prob023_up_down_counter,sequential,0,cffd4a5a-2386-4415-9206-7600f6d2b997,initial,generation_log,-0.048317271781,-0.048317271781,225,0.0437,0.57,259,0.0358,0.54,0.131274131274,-0.220670391061,-0.0555555555556,/workspace/exp/natural_qd_push/p3c_bd_sweep_20260704_093150_UTC/live/size_control_3d/seed_1001/openai_gpt-oss-120b/RTLLM/Prob023_up_down_counter/Gen0/Prob023_up_down_counter_sample5_initial,
size_control_3d,RTLLM,Prob023_up_down_counter,sequential,0,07e2caad-8bff-4d21-8865-36fa9359c666,initial,generation_log,-0.048317271781,-0.048317271781,225,0.0437,0.57,259,0.0358,0.54,0.131274131274,-0.220670391061,-0.0555555555556,/workspace/exp/natural_qd_push/p3c_bd_sweep_20260704_093150_UTC/live/size_control_3d/seed_1001/openai_gpt-oss-120b/RTLLM/Prob023_up_down_counter/Gen0/Prob023_up_down_counter_sample6_initial,
size_control_3d,RTLLM,Prob023_up_down_counter,sequential,0,575c249a-d4a1-4005-b0d7-5063d4edd88a,initial,generation_log,-0.048317271781,-0.048317271781,225,0.0437,0.57,259,0.0358,0.54,0.131274131274,-0.220670391061,-0.0555555555556,/workspace/exp/natural_qd_push/p3c_bd_sweep_20260704_093150_UTC/live/size_control_3d/seed_1001/openai_gpt-oss-120b/RTLLM/Prob023_up_down_counter/Gen0/Prob023_up_down_counter_sample7_initial,
size_control_3d,RTLLM,Prob023_up_down_counter,sequential,0,955c13ba-d064-4cc3-b944-5597d7276604,initial,generation_log,-0.048317271781,-0.048317271781,225,0.0437,0.57,259,0.0358,0.54,0.131274131274,-0.220670391061,-0.0555555555556,/workspace/exp/natural_qd_push/p3c_bd_sweep_20260704_093150_UTC/live/size_control_3d/seed_1001/openai_gpt-oss-120b/RTLLM/Prob023_up_down_counter/Gen0/Prob023_up_down_counter_sample8_initial,
size_control_3d,RTLLM,Prob023_up_down_counter,sequential,1,5fe6374d-8ba6-4dcf-bb9c-d38fbde1949b,M-I,generation_log,-0.048317271781,-0.048317271781,225,0.0437,0.57,259,0.0358,0.54,0.131274131274,-0.220670391061,-0.0555555555556,/workspace/exp/natural_qd_push/p3c_bd_sweep_20260704_093150_UTC/live/size_control_3d/seed_1001/openai_gpt-oss-120b/RTLLM/Prob023_up_down_counter/Gen1/Prob023_up_down_counter_sample1_M-I,
size_control_3d,RTLLM,Prob023_up_down_counter,sequential,1,e30aceb1-7d8c-4414-8614-cd5369a79b6a,M-R,generation_log,-0.048317271781,-0.048317271781,225,0.0437,0.57,259,0.0358,0.54,0.131274131274,-0.220670391061,-0.0555555555556,/workspace/exp/natural_qd_push/p3c_bd_sweep_20260704_093150_UTC/live/size_control_3d/seed_1001/openai_gpt-oss-120b/RTLLM/Prob023_up_down_counter/Gen1/Prob023_up_down_counter_sample2_M-R,
size_control_3d,RTLLM,Prob023_up_down_counter,sequential,1,f68f03d8-f069-489c-9e0f-64ffaf814154,M-S,generation_log,-0.048317271781,-0.048317271781,225,0.0437,0.57,259,0.0358,0.54,0.131274131274,-0.220670391061,-0.0555555555556,/workspace/exp/natural_qd_push/p3c_bd_sweep_20260704_093150_UTC/live/size_control_3d/seed_1001/openai_gpt-oss-120b/RTLLM/Prob023_up_down_counter/Gen1/Prob023_up_down_counter_sample3_M-S,
size_control_3d,RTLLM,Prob023_up_down_counter,sequential,1,bebeeaee-828d-49a8-ac95-ae5e57579c3f,M-R,generation_log,-0.048317271781,-0.048317271781,225,0.0437,0.57,259,0.0358,0.54,0.131274131274,-0.220670391061,-0.0555555555556,/workspace/exp/natural_qd_push/p3c_bd_sweep_20260704_093150_UTC/live/size_control_3d/seed_1001/openai_gpt-oss-120b/RTLLM/Prob023_up_down_counter/Gen1/Prob023_up_down_counter_sample5_M-R,
size_control_3d,RTLLM,Prob023_up_down_counter,sequential,1,eac1ccc5-f451-4ee2-8169-86ca16d4551f,M-S,generation_log,-0.048317271781,-0.048317271781,225,0.0437,0.57,259,0.0358,0.54,0.131274131274,-0.220670391061,-0.0555555555556,/workspace/exp/natural_qd_push/p3c_bd_sweep_20260704_093150_UTC/live/size_control_3d/seed_1001/openai_gpt-oss-120b/RTLLM/Prob023_up_down_counter/Gen1/Prob023_up_down_counter_sample6_M-S,
size_control_3d,RTLLM,Prob023_up_down_counter,sequential,1,100b5862-5fee-4514-bc95-c8e847391000,M-S,generation_log,-0.048317271781,-0.048317271781,225,0.0437,0.57,259,0.0358,0.54,0.131274131274,-0.220670391061,-0.0555555555556,/workspace/exp/natural_qd_push/p3c_bd_sweep_20260704_093150_UTC/live/size_control_3d/seed_1001/openai_gpt-oss-120b/RTLLM/Prob023_up_down_counter/Gen1/Prob023_up_down_counter_sample7_M-S,
size_control_3d,RTLLM,Prob023_up_down_counter,sequential,1,56b32a3c-ff71-4408-9883-eb9672af5e6d,M-I,generation_log,-0.048317271781,-0.048317271781,225,0.0437,0.57,259,0.0358,0.54,0.131274131274,-0.220670391061,-0.0555555555556,/workspace/exp/natural_qd_push/p3c_bd_sweep_20260704_093150_UTC/live/size_control_3d/seed_1001/openai_gpt-oss-120b/RTLLM/Prob023_up_down_counter/Gen1/Prob023_up_down_counter_sample8_M-I,
size_control_3d,RTLLM,Prob023_up_down_counter,sequential,2,82cd0d83-d63a-41d1-a798-6d6bbf59e8d0,M-S,generation_log,-0.048317271781,-0.048317271781,225,0.0437,0.57,259,0.0358,0.54,0.131274131274,-0.220670391061,-0.0555555555556,/workspace/exp/natural_qd_push/p3c_bd_sweep_20260704_093150_UTC/live/size_control_3d/seed_1001/openai_gpt-oss-120b/RTLLM/Prob023_up_down_counter/Gen2/Prob023_up_down_counter_sample1_M-S,
size_control_3d,RTLLM,Prob023_up_down_counter,sequential,2,edf17b3c-2444-46ec-a20a-dedbfb5fdf37,M-R,generation_log,-0.048317271781,-0.048317271781,225,0.0437,0.57,259,0.0358,0.54,0.131274131274,-0.220670391061,-0.0555555555556,/workspace/exp/natural_qd_push/p3c_bd_sweep_20260704_093150_UTC/live/size_control_3d/seed_1001/openai_gpt-oss-120b/RTLLM/Prob023_up_down_counter/Gen2/Prob023_up_down_counter_sample2_M-R,
size_control_3d,RTLLM,Prob023_up_down_counter,sequential,2,cb1f3f28-8ad3-4e2e-a698-865702b24821,M-I,generation_log,-0.048317271781,-0.048317271781,225,0.0437,0.57,259,0.0358,0.54,0.131274131274,-0.220670391061,-0.0555555555556,/workspace/exp/natural_qd_push/p3c_bd_sweep_20260704_093150_UTC/live/size_control_3d/seed_1001/openai_gpt-oss-120b/RTLLM/Prob023_up_down_counter/Gen2/Prob023_up_down_counter_sample3_M-I,
size_control_3d,RTLLM,Prob023_up_down_counter,sequential,2,8b9b9807-cfda-4c66-98a4-e03e9a49171e,M-R,generation_log,-0.048317271781,-0.048317271781,225,0.0437,0.57,259,0.0358,0.54,0.131274131274,-0.220670391061,-0.0555555555556,/workspace/exp/natural_qd_push/p3c_bd_sweep_20260704_093150_UTC/live/size_control_3d/seed_1001/openai_gpt-oss-120b/RTLLM/Prob023_up_down_counter/Gen2/Prob023_up_down_counter_sample4_M-R,
size_control_3d,RTLLM,Prob023_up_down_counter,sequential,2,3538d4e0-162f-4731-991b-c77dbfd16602,M-S,generation_log,-0.048317271781,-0.048317271781,225,0.0437,0.57,259,0.0358,0.54,0.131274131274,-0.220670391061,-0.0555555555556,/workspace/exp/natural_qd_push/p3c_bd_sweep_20260704_093150_UTC/live/size_control_3d/seed_1001/openai_gpt-oss-120b/RTLLM/Prob023_up_down_counter/Gen2/Prob023_up_down_counter_sample6_M-S,
size_control_3d,RTLLM,Prob023_up_down_counter,sequential,2,50fbc937-51b0-4a4b-8cd8-22b7c7e740c8,M-S,generation_log,-0.048317271781,-0.048317271781,225,0.0437,0.57,259,0.0358,0.54,0.131274131274,-0.220670391061,-0.0555555555556,/workspace/exp/natural_qd_push/p3c_bd_sweep_20260704_093150_UTC/live/size_control_3d/seed_1001/openai_gpt-oss-120b/RTLLM/Prob023_up_down_counter/Gen2/Prob023_up_down_counter_sample7_M-S,
size_control_3d,RTLLM,Prob023_up_down_counter,sequential,3,5f0f8db0-7bf4-4970-816b-9ec77863e5cc,M-F,generation_log,-0.149921536327,-0.149921536327,226,0.0558,0.55,259,0.0358,0.54,0.127413127413,-0.558659217877,-0.0185185185185,/workspace/exp/natural_qd_push/p3c_bd_sweep_20260704_093150_UTC/live/size_control_3d/seed_1001/openai_gpt-oss-120b/RTLLM/Prob023_up_down_counter/Gen3/Prob023_up_down_counter_sample1_M-F,
size_control_3d,RTLLM,Prob023_up_down_counter,sequential,3,85371217-09a6-44f9-87d6-afc5b7626099,M-I,generation_log,-0.048317271781,-0.048317271781,225,0.0437,0.57,259,0.0358,0.54,0.131274131274,-0.220670391061,-0.0555555555556,/workspace/exp/natural_qd_push/p3c_bd_sweep_20260704_093150_UTC/live/size_control_3d/seed_1001/openai_gpt-oss-120b/RTLLM/Prob023_up_down_counter/Gen3/Prob023_up_down_counter_sample2_M-I,
size_control_3d,RTLLM,Prob023_up_down_counter,sequential,3,ce13a33a-3781-445b-b6b3-e987a6f61db4,M-R,generation_log,-0.048317271781,-0.048317271781,225,0.0437,0.57,259,0.0358,0.54,0.131274131274,-0.220670391061,-0.0555555555556,/workspace/exp/natural_qd_push/p3c_bd_sweep_20260704_093150_UTC/live/size_control_3d/seed_1001/openai_gpt-oss-120b/RTLLM/Prob023_up_down_counter/Gen3/Prob023_up_down_counter_sample3_M-R,
size_control_3d,RTLLM,Prob023_up_down_counter,sequential,3,b898275a-9660-43d0-9cbb-8e0a9aacf803,M-S,generation_log,-0.048317271781,-0.048317271781,225,0.0437,0.57,259,0.0358,0.54,0.131274131274,-0.220670391061,-0.0555555555556,/workspace/exp/natural_qd_push/p3c_bd_sweep_20260704_093150_UTC/live/size_control_3d/seed_1001/openai_gpt-oss-120b/RTLLM/Prob023_up_down_counter/Gen3/Prob023_up_down_counter_sample4_M-S,
size_control_3d,RTLLM,Prob023_up_down_counter,sequential,3,fcb70fc0-cb95-473a-94e5-3b74d63eedfc,M-S,generation_log,-0.048317271781,-0.048317271781,225,0.0437,0.57,259,0.0358,0.54,0.131274131274,-0.220670391061,-0.0555555555556,/workspace/exp/natural_qd_push/p3c_bd_sweep_20260704_093150_UTC/live/size_control_3d/seed_1001/openai_gpt-oss-120b/RTLLM/Prob023_up_down_counter/Gen3/Prob023_up_down_counter_sample6_M-S,
size_control_3d,RTLLM,Prob023_up_down_counter,sequential,3,48ace026-f9f4-4ca5-8d5c-9d183a9e31c3,M-R,generation_log,-0.048317271781,-0.048317271781,225,0.0437,0.57,259,0.0358,0.54,0.131274131274,-0.220670391061,-0.0555555555556,/workspace/exp/natural_qd_push/p3c_bd_sweep_20260704_093150_UTC/live/size_control_3d/seed_1001/openai_gpt-oss-120b/RTLLM/Prob023_up_down_counter/Gen3/Prob023_up_down_counter_sample8_M-R,
size_control_3d,RTLLM,Prob023_up_down_counter,sequential,4,7101c827-d6a1-44c9-b8d0-5708b01909ed,M-T,generation_log,-0.048317271781,-0.048317271781,225,0.0437,0.57,259,0.0358,0.54,0.131274131274,-0.220670391061,-0.0555555555556,/workspace/exp/natural_qd_push/p3c_bd_sweep_20260704_093150_UTC/live/size_control_3d/seed_1001/openai_gpt-oss-120b/RTLLM/Prob023_up_down_counter/Gen4/Prob023_up_down_counter_sample1_M-T,
size_control_3d,RTLLM,Prob023_up_down_counter,sequential,4,0514fa4e-a497-4b35-9ca3-dfa5e300055d,M-E,generation_log,-0.590668881172,-0.590668881172,294,0.0586,1.08,259,0.0358,0.54,-0.135135135135,-0.63687150838,-1,/workspace/exp/natural_qd_push/p3c_bd_sweep_20260704_093150_UTC/live/size_control_3d/seed_1001/openai_gpt-oss-120b/RTLLM/Prob023_up_down_counter/Gen4/Prob023_up_down_counter_sample2_M-E,
size_control_3d,RTLLM,Prob023_up_down_counter,sequential,4,f3db2e6c-cd58-4c04-88d1-5353382ba1f2,C-F,generation_log,-0.048317271781,-0.048317271781,225,0.0437,0.57,259,0.0358,0.54,0.131274131274,-0.220670391061,-0.0555555555556,/workspace/exp/natural_qd_push/p3c_bd_sweep_20260704_093150_UTC/live/size_control_3d/seed_1001/openai_gpt-oss-120b/RTLLM/Prob023_up_down_counter/Gen4/Prob023_up_down_counter_sample3_C-F,
size_control_3d,RTLLM,Prob023_up_down_counter,sequential,4,7cb471c7-d3cb-463b-aa94-b077b1ab0d12,M-S,generation_log,-0.048317271781,-0.048317271781,225,0.0437,0.57,259,0.0358,0.54,0.131274131274,-0.220670391061,-0.0555555555556,/workspace/exp/natural_qd_push/p3c_bd_sweep_20260704_093150_UTC/live/size_control_3d/seed_1001/openai_gpt-oss-120b/RTLLM/Prob023_up_down_counter/Gen4/Prob023_up_down_counter_sample4_M-S,
size_control_3d,RTLLM,Prob023_up_down_counter,sequential,4,9bcc3883-3415-4044-893f-1e10731af65a,C-F,generation_log,-0.048317271781,-0.048317271781,225,0.0437,0.57,259,0.0358,0.54,0.131274131274,-0.220670391061,-0.0555555555556,/workspace/exp/natural_qd_push/p3c_bd_sweep_20260704_093150_UTC/live/size_control_3d/seed_1001/openai_gpt-oss-120b/RTLLM/Prob023_up_down_counter/Gen4/Prob023_up_down_counter_sample5_C-F,
size_control_3d,RTLLM,Prob023_up_down_counter,sequential,4,edd91d44-0686-421c-82f8-dd8c2104a5dd,C-F,generation_log,-0.048317271781,-0.048317271781,225,0.0437,0.57,259,0.0358,0.54,0.131274131274,-0.220670391061,-0.0555555555556,/workspace/exp/natural_qd_push/p3c_bd_sweep_20260704_093150_UTC/live/size_control_3d/seed_1001/openai_gpt-oss-120b/RTLLM/Prob023_up_down_counter/Gen4/Prob023_up_down_counter_sample7_C-F,
size_control_3d,RTLLM,Prob023_up_down_counter,sequential,4,014ca92e-3684-4d7c-9613-05371a8771fd,M-I,generation_log,-0.048317271781,-0.048317271781,225,0.0437,0.57,259,0.0358,0.54,0.131274131274,-0.220670391061,-0.0555555555556,/workspace/exp/natural_qd_push/p3c_bd_sweep_20260704_093150_UTC/live/size_control_3d/seed_1001/openai_gpt-oss-120b/RTLLM/Prob023_up_down_counter/Gen4/Prob023_up_down_counter_sample8_M-I,
size_control_3d,RTLLM,Prob023_up_down_counter,sequential,5,9ddb490c-66cb-4d8c-af0c-1232a6a31827,M-T,generation_log,-0.149921536327,-0.149921536327,226,0.0558,0.55,259,0.0358,0.54,0.127413127413,-0.558659217877,-0.0185185185185,/workspace/exp/natural_qd_push/p3c_bd_sweep_20260704_093150_UTC/live/size_control_3d/seed_1001/openai_gpt-oss-120b/RTLLM/Prob023_up_down_counter/Gen5/Prob023_up_down_counter_sample1_M-T,
size_control_3d,RTLLM,Prob023_up_down_counter,sequential,5,b7794f18-7721-4b7d-9725-cf9bd87f5f83,C-F,generation_log,-0.048317271781,-0.048317271781,225,0.0437,0.57,259,0.0358,0.54,0.131274131274,-0.220670391061,-0.0555555555556,/workspace/exp/natural_qd_push/p3c_bd_sweep_20260704_093150_UTC/live/size_control_3d/seed_1001/openai_gpt-oss-120b/RTLLM/Prob023_up_down_counter/Gen5/Prob023_up_down_counter_sample3_C-F,
size_control_3d,RTLLM,Prob023_up_down_counter,sequential,5,5c020969-614b-405d-9793-907a33aee23f,M-S,generation_log,-0.048317271781,-0.048317271781,225,0.0437,0.57,259,0.0358,0.54,0.131274131274,-0.220670391061,-0.0555555555556,/workspace/exp/natural_qd_push/p3c_bd_sweep_20260704_093150_UTC/live/size_control_3d/seed_1001/openai_gpt-oss-120b/RTLLM/Prob023_up_down_counter/Gen5/Prob023_up_down_counter_sample4_M-S,
size_control_3d,RTLLM,Prob023_up_down_counter,sequential,5,84912849-5198-49cb-8228-1ab95a1df4a2,M-I,generation_log,-0.048317271781,-0.048317271781,225,0.0437,0.57,259,0.0358,0.54,0.131274131274,-0.220670391061,-0.0555555555556,/workspace/exp/natural_qd_push/p3c_bd_sweep_20260704_093150_UTC/live/size_control_3d/seed_1001/openai_gpt-oss-120b/RTLLM/Prob023_up_down_counter/Gen5/Prob023_up_down_counter_sample5_M-I,
size_control_3d,RTLLM,Prob023_up_down_counter,sequential,5,f7f7e55b-5868-4033-8787-1709df1905ae,M-R,generation_log,-0.048317271781,-0.048317271781,225,0.0437,0.57,259,0.0358,0.54,0.131274131274,-0.220670391061,-0.0555555555556,/workspace/exp/natural_qd_push/p3c_bd_sweep_20260704_093150_UTC/live/size_control_3d/seed_1001/openai_gpt-oss-120b/RTLLM/Prob023_up_down_counter/Gen5/Prob023_up_down_counter_sample7_M-R,
size_control_3d,RTLLM,Prob023_up_down_counter,sequential,5,4642c334-78c1-4aa2-a59c-6050aae8a2ed,M-I,generation_log,-0.048317271781,-0.048317271781,225,0.0437,0.57,259,0.0358,0.54,0.131274131274,-0.220670391061,-0.0555555555556,/workspace/exp/natural_qd_push/p3c_bd_sweep_20260704_093150_UTC/live/size_control_3d/seed_1001/openai_gpt-oss-120b/RTLLM/Prob023_up_down_counter/Gen5/Prob023_up_down_counter_sample8_M-I,
size_control_3d,RTLLM,Prob024_fsm,combinational,0,20f2bdab-4152-4015-a7bf-5c6d0d5227d7,initial,generation_log,0.469591283495,0.329386925242,29,0.00494,0.25,46,0.00695,0,0.369565217391,0.289208633094,-250000000000,/workspace/exp/natural_qd_push/p3c_bd_sweep_20260704_093150_UTC/live/size_control_3d/seed_1001/openai_gpt-oss-120b/RTLLM/Prob024_fsm/Gen0/Prob024_fsm_sample7_initial,
size_control_3d,RTLLM,Prob024_fsm,combinational,1,a1da959b-e381-4f5f-bcad-f8c6bb7e9af4,M-I,generation_log,0.470070899802,0.330106349703,29,0.00493,0.25,46,0.00695,0,0.369565217391,0.290647482014,-250000000000,/workspace/exp/natural_qd_push/p3c_bd_sweep_20260704_093150_UTC/live/size_control_3d/seed_1001/openai_gpt-oss-120b/RTLLM/Prob024_fsm/Gen1/Prob024_fsm_sample5_M-I,
size_control_3d,RTLLM,Prob024_fsm,combinational,1,f12a64de-1fd2-45f6-9670-b828533650ad,M-I,generation_log,0.469591283495,0.329386925242,29,0.00494,0.25,46,0.00695,0,0.369565217391,0.289208633094,-250000000000,/workspace/exp/natural_qd_push/p3c_bd_sweep_20260704_093150_UTC/live/size_control_3d/seed_1001/openai_gpt-oss-120b/RTLLM/Prob024_fsm/Gen1/Prob024_fsm_sample8_M-I,
size_control_3d,RTLLM,Prob024_fsm,combinational,2,1ee6b3ab-1e88-4f48-9c80-faf7ddc2434e,M-F,generation_log,0.148762381399,-0.146856427901,38,0.0102,0.26,46,0.00695,0,0.173913043478,-0.467625899281,-260000000000,/workspace/exp/natural_qd_push/p3c_bd_sweep_20260704_093150_UTC/live/size_control_3d/seed_1001/openai_gpt-oss-120b/RTLLM/Prob024_fsm/Gen2/Prob024_fsm_sample1_M-F,
size_control_3d,RTLLM,Prob024_fsm,combinational,3,da6dcb77-7003-47ce-ad25-f3bb5dc546fe,M-F,generation_log,0.265517672818,0.0282765092274,34,0.00837,0.26,46,0.00695,0,0.260869565217,-0.204316546763,-260000000000,/workspace/exp/natural_qd_push/p3c_bd_sweep_20260704_093150_UTC/live/size_control_3d/seed_1001/openai_gpt-oss-120b/RTLLM/Prob024_fsm/Gen3/Prob024_fsm_sample1_M-F,
size_control_3d,RTLLM,Prob024_fsm,combinational,3,abf82f30-6acb-474a-b3e8-d2753526d64b,M-E,generation_log,0.500233552289,0.340350328433,36,0.00373,0.18,46,0.00695,0,0.217391304348,0.463309352518,-180000000000,/workspace/exp/natural_qd_push/p3c_bd_sweep_20260704_093150_UTC/live/size_control_3d/seed_1001/openai_gpt-oss-120b/RTLLM/Prob024_fsm/Gen3/Prob024_fsm_sample3_M-E,
size_control_3d,RTLLM,Prob024_fsm,combinational,3,9a546bc3-157d-4320-83fb-59097c6d9e0f,M-F,generation_log,0.469591283495,0.329386925242,29,0.00494,0.25,46,0.00695,0,0.369565217391,0.289208633094,-250000000000,/workspace/exp/natural_qd_push/p3c_bd_sweep_20260704_093150_UTC/live/size_control_3d/seed_1001/openai_gpt-oss-120b/RTLLM/Prob024_fsm/Gen3/Prob024_fsm_sample4_M-F,
size_control_3d,RTLLM,Prob024_fsm,combinational,4,d260148f-0695-472d-988a-36cf22e94c21,M-E,generation_log,0.500233552289,0.340350328433,36,0.00373,0.18,46,0.00695,0,0.217391304348,0.463309352518,-180000000000,/workspace/exp/natural_qd_push/p3c_bd_sweep_20260704_093150_UTC/live/size_control_3d/seed_1001/openai_gpt-oss-120b/RTLLM/Prob024_fsm/Gen4/Prob024_fsm_sample1_M-E,
size_control_3d,RTLLM,Prob024_fsm,combinational,4,55dfbd25-d0ee-48c1-b508-e308c88042c0,M-F,generation_log,0.265517672818,0.0282765092274,34,0.00837,0.26,46,0.00695,0,0.260869565217,-0.204316546763,-260000000000,/workspace/exp/natural_qd_push/p3c_bd_sweep_20260704_093150_UTC/live/size_control_3d/seed_1001/openai_gpt-oss-120b/RTLLM/Prob024_fsm/Gen4/Prob024_fsm_sample2_M-F,
size_control_3d,RTLLM,Prob024_fsm,combinational,5,704d8936-0f3c-4053-92b1-15301c9a77c7,M-E,generation_log,0.265517672818,0.0282765092274,34,0.00837,0.26,46,0.00695,0,0.260869565217,-0.204316546763,-260000000000,/workspace/exp/natural_qd_push/p3c_bd_sweep_20260704_093150_UTC/live/size_control_3d/seed_1001/openai_gpt-oss-120b/RTLLM/Prob024_fsm/Gen5/Prob024_fsm_sample2_M-E,
size_control_3d,RTLLM,Prob024_fsm,combinational,5,a2133f77-a8d2-40ad-94ba-04051decfb66,C-D,generation_log,0.387847982484,0.206771973725,33,0.00604,0.25,46,0.00695,0,0.282608695652,0.130935251799,-250000000000,/workspace/exp/natural_qd_push/p3c_bd_sweep_20260704_093150_UTC/live/size_control_3d/seed_1001/openai_gpt-oss-120b/RTLLM/Prob024_fsm/Gen5/Prob024_fsm_sample4_C-D,
size_control_3d,RTLLM,Prob024_fsm,combinational,5,a85b6881-b2fc-40f3-9629-286461216279,M-T,generation_log,0.265517672818,0.0282765092274,34,0.00837,0.26,46,0.00695,0,0.260869565217,-0.204316546763,-260000000000,/workspace/exp/natural_qd_push/p3c_bd_sweep_20260704_093150_UTC/live/size_control_3d/seed_1001/openai_gpt-oss-120b/RTLLM/Prob024_fsm/Gen5/Prob024_fsm_sample6_M-T,
size_control_3d,RTLLM,Prob025_sequence_detector,sequential,1,f2a7c065-096e-4ce1-ac4f-a68b15345d99,M-F,generation_log,-0.184074877916,-0.184074877916,32,0.00541,0.25,38,0.00388,0.19,0.157894736842,-0.394329896907,-0.315789473684,/workspace/exp/natural_qd_push/p3c_bd_sweep_20260704_093150_UTC/live/size_control_3d/seed_1001/openai_gpt-oss-120b/RTLLM/Prob025_sequence_detector/Gen1/Prob025_sequence_detector_sample2_M-F,
size_control_3d,RTLLM,Prob025_sequence_detector,sequential,1,8200645d-bf94-4168-b9bb-920ba9ce925d,M-F,generation_log,0.0362633387593,0.0362633387593,33,0.00356,0.21,38,0.00388,0.19,0.131578947368,0.0824742268041,-0.105263157895,/workspace/exp/natural_qd_push/p3c_bd_sweep_20260704_093150_UTC/live/size_control_3d/seed_1001/openai_gpt-oss-120b/RTLLM/Prob025_sequence_detector/Gen1/Prob025_sequence_detector_sample3_M-F,
size_control_3d,RTLLM,Prob025_sequence_detector,sequential,1,80414d5d-253f-4296-bcad-1dd3858ba9aa,M-F,generation_log,-0.0537619822753,-0.0537619822753,28,0.00471,0.23,38,0.00388,0.19,0.263157894737,-0.213917525773,-0.210526315789,/workspace/exp/natural_qd_push/p3c_bd_sweep_20260704_093150_UTC/live/size_control_3d/seed_1001/openai_gpt-oss-120b/RTLLM/Prob025_sequence_detector/Gen1/Prob025_sequence_detector_sample7_M-F,
size_control_3d,RTLLM,Prob025_sequence_detector,sequential,2,2103055c-1146-4be7-98c6-9be3993c86a6,M-F,generation_log,-0.0537619822753,-0.0537619822753,28,0.00471,0.23,38,0.00388,0.19,0.263157894737,-0.213917525773,-0.210526315789,/workspace/exp/natural_qd_push/p3c_bd_sweep_20260704_093150_UTC/live/size_control_3d/seed_1001/openai_gpt-oss-120b/RTLLM/Prob025_sequence_detector/Gen2/Prob025_sequence_detector_sample2_M-F,
size_control_3d,RTLLM,Prob025_sequence_detector,sequential,2,6d34932c-7c60-4a3f-9f8b-f80c2cc1e657,M-S,generation_log,0.218122626153,0.218122626153,25,0.00226,0.21,38,0.00388,0.19,0.342105263158,0.417525773196,-0.105263157895,/workspace/exp/natural_qd_push/p3c_bd_sweep_20260704_093150_UTC/live/size_control_3d/seed_1001/openai_gpt-oss-120b/RTLLM/Prob025_sequence_detector/Gen2/Prob025_sequence_detector_sample7_M-S,
size_control_3d,RTLLM,Prob025_sequence_detector,sequential,3,c0570146-2584-43c7-a499-0ee86b1b1fb6,M-F,generation_log,0.218122626153,0.218122626153,25,0.00226,0.21,38,0.00388,0.19,0.342105263158,0.417525773196,-0.105263157895,/workspace/exp/natural_qd_push/p3c_bd_sweep_20260704_093150_UTC/live/size_control_3d/seed_1001/openai_gpt-oss-120b/RTLLM/Prob025_sequence_detector/Gen3/Prob025_sequence_detector_sample3_M-F,
size_control_3d,RTLLM,Prob025_sequence_detector,sequential,4,86ce6ad9-2351-4cba-8a9a-2c6dc3ef362f,M-S,generation_log,0.276813166938,0.276813166938,26,0.0027,0.15,38,0.00388,0.19,0.315789473684,0.30412371134,0.210526315789,/workspace/exp/natural_qd_push/p3c_bd_sweep_20260704_093150_UTC/live/size_control_3d/seed_1001/openai_gpt-oss-120b/RTLLM/Prob025_sequence_detector/Gen4/Prob025_sequence_detector_sample5_M-S,
size_control_3d,RTLLM,Prob025_sequence_detector,sequential,4,32ba8ed1-713d-47a6-b86d-17732d28ea64,M-R,generation_log,-0.677066377283,-0.677066377283,68,0.00686,0.28,38,0.00388,0.19,-0.789473684211,-0.768041237113,-0.473684210526,/workspace/exp/natural_qd_push/p3c_bd_sweep_20260704_093150_UTC/live/size_control_3d/seed_1001/openai_gpt-oss-120b/RTLLM/Prob025_sequence_detector/Gen4/Prob025_sequence_detector_sample6_M-R,
size_control_3d,RTLLM,Prob025_sequence_detector,sequential,4,363ffc89-fa40-4bdc-9da0-093d52d50a30,M-I,generation_log,-0.337719298246,-0.337719298246,55,0.00485,0.25,38,0.00388,0.19,-0.447368421053,-0.25,-0.315789473684,/workspace/exp/natural_qd_push/p3c_bd_sweep_20260704_093150_UTC/live/size_control_3d/seed_1001/openai_gpt-oss-120b/RTLLM/Prob025_sequence_detector/Gen4/Prob025_sequence_detector_sample8_M-I,
size_control_3d,RTLLM,Prob025_sequence_detector,sequential,5,9988dba8-adf9-4410-8b24-f1d54d7442cd,M-F,generation_log,0.252396455055,0.252396455055,26,0.00278,0.16,38,0.00388,0.19,0.315789473684,0.283505154639,0.157894736842,/workspace/exp/natural_qd_push/p3c_bd_sweep_20260704_093150_UTC/live/size_control_3d/seed_1001/openai_gpt-oss-120b/RTLLM/Prob025_sequence_detector/Gen5/Prob025_sequence_detector_sample2_M-F,
size_control_3d,RTLLM,Prob027_LIFObuffer,sequential,0,edece007-6bb0-4e5e-b527-bcf906e9d33f,initial,generation_log,0.0848563540273,0.0848563540273,247,0.031,0.46,299,0.0419,0.39,0.173913043478,0.260143198091,-0.179487179487,/workspace/exp/natural_qd_push/p3c_bd_sweep_20260704_093150_UTC/live/size_control_3d/seed_1001/openai_gpt-oss-120b/RTLLM/Prob027_LIFObuffer/Gen0/Prob027_LIFObuffer_sample2_initial,
size_control_3d,RTLLM,Prob027_LIFObuffer,sequential,0,b0102d49-1ba4-4d52-a3f6-722f919747cf,initial,generation_log,0.121865601683,0.121865601683,245,0.032,0.41,299,0.0419,0.39,0.180602006689,0.236276849642,-0.0512820512821,/workspace/exp/natural_qd_push/p3c_bd_sweep_20260704_093150_UTC/live/size_control_3d/seed_1001/openai_gpt-oss-120b/RTLLM/Prob027_LIFObuffer/Gen0/Prob027_LIFObuffer_sample5_initial,
size_control_3d,RTLLM,Prob027_LIFObuffer,sequential,0,379681e0-0313-4938-bb8e-8be6f7f806a6,initial,generation_log,0.121865601683,0.121865601683,245,0.032,0.41,299,0.0419,0.39,0.180602006689,0.236276849642,-0.0512820512821,/workspace/exp/natural_qd_push/p3c_bd_sweep_20260704_093150_UTC/live/size_control_3d/seed_1001/openai_gpt-oss-120b/RTLLM/Prob027_LIFObuffer/Gen0/Prob027_LIFObuffer_sample6_initial,
size_control_3d,RTLLM,Prob027_LIFObuffer,sequential,0,06398da0-90c2-4e45-a68b-e81efd7d5ed3,initial,generation_log,0.121865601683,0.121865601683,245,0.032,0.41,299,0.0419,0.39,0.180602006689,0.236276849642,-0.0512820512821,/workspace/exp/natural_qd_push/p3c_bd_sweep_20260704_093150_UTC/live/size_control_3d/seed_1001/openai_gpt-oss-120b/RTLLM/Prob027_LIFObuffer/Gen0/Prob027_LIFObuffer_sample7_initial,
size_control_3d,RTLLM,Prob027_LIFObuffer,sequential,1,a7b31dcb-850d-49b8-b94e-203f74b44845,M-F,generation_log,0.0437070798179,0.0437070798179,298,0.0301,0.45,299,0.0419,0.39,0.00334448160535,0.281622911695,-0.153846153846,/workspace/exp/natural_qd_push/p3c_bd_sweep_20260704_093150_UTC/live/size_control_3d/seed_1001/openai_gpt-oss-120b/RTLLM/Prob027_LIFObuffer/Gen1/Prob027_LIFObuffer_sample1_M-F,
size_control_3d,RTLLM,Prob027_LIFObuffer,sequential,1,5641c1de-5307-46c9-b72c-6550aa9b40f2,M-E,generation_log,0.0677064625389,0.0677064625389,219,0.0446,0.39,299,0.0419,0.39,0.267558528428,-0.0644391408115,0,/workspace/exp/natural_qd_push/p3c_bd_sweep_20260704_093150_UTC/live/size_control_3d/seed_1001/openai_gpt-oss-120b/RTLLM/Prob027_LIFObuffer/Gen1/Prob027_LIFObuffer_sample2_M-E,
size_control_3d,RTLLM,Prob027_LIFObuffer,sequential,1,364a37b8-6bd7-45e9-935e-b916453e2b99,M-E,generation_log,0.0416042514206,0.0416042514206,269,0.0398,0.4,299,0.0419,0.39,0.100334448161,0.0501193317422,-0.025641025641,/workspace/exp/natural_qd_push/p3c_bd_sweep_20260704_093150_UTC/live/size_control_3d/seed_1001/openai_gpt-oss-120b/RTLLM/Prob027_LIFObuffer/Gen1/Prob027_LIFObuffer_sample3_M-E,
size_control_3d,RTLLM,Prob027_LIFObuffer,sequential,1,86fdfacd-1077-4d19-97c8-9ac8db44d66c,M-E,generation_log,0.129658749354,0.129658749354,248,0.0306,0.41,299,0.0419,0.39,0.170568561873,0.26968973747,-0.0512820512821,/workspace/exp/natural_qd_push/p3c_bd_sweep_20260704_093150_UTC/live/size_control_3d/seed_1001/openai_gpt-oss-120b/RTLLM/Prob027_LIFObuffer/Gen1/Prob027_LIFObuffer_sample4_M-E,
size_control_3d,RTLLM,Prob027_LIFObuffer,sequential,1,548b470c-f35d-4c4b-a161-f5a1c583bbe0,M-R,generation_log,0.0890229874354,0.0890229874354,242,0.0344,0.43,299,0.0419,0.39,0.190635451505,0.178997613365,-0.102564102564,/workspace/exp/natural_qd_push/p3c_bd_sweep_20260704_093150_UTC/live/size_control_3d/seed_1001/openai_gpt-oss-120b/RTLLM/Prob027_LIFObuffer/Gen1/Prob027_LIFObuffer_sample8_M-R,
size_control_3d,RTLLM,Prob027_LIFObuffer,sequential,2,4d520c98-6043-4beb-a5f4-15f07242ee19,C-D,generation_log,0.159602103361,0.159602103361,242,0.0309,0.38,299,0.0419,0.39,0.190635451505,0.262529832936,0.025641025641,/workspace/exp/natural_qd_push/p3c_bd_sweep_20260704_093150_UTC/live/size_control_3d/seed_1001/openai_gpt-oss-120b/RTLLM/Prob027_LIFObuffer/Gen2/Prob027_LIFObuffer_sample1_C-D,
size_control_3d,RTLLM,Prob027_LIFObuffer,sequential,2,38e884cd-cee1-4b71-9bad-c2c35a38a256,C-D,generation_log,0.0890442729189,0.0890442729189,245,0.0372,0.4,299,0.0419,0.39,0.180602006689,0.112171837709,-0.025641025641,/workspace/exp/natural_qd_push/p3c_bd_sweep_20260704_093150_UTC/live/size_control_3d/seed_1001/openai_gpt-oss-120b/RTLLM/Prob027_LIFObuffer/Gen2/Prob027_LIFObuffer_sample2_C-D,
size_control_3d,RTLLM,Prob027_LIFObuffer,sequential,2,e01ace5b-acd3-4c29-aa13-4ee8ccae7a9d,C-F,generation_log,0.194475707498,0.194475707498,238,0.0303,0.35,299,0.0419,0.39,0.204013377926,0.276849642005,0.102564102564,/workspace/exp/natural_qd_push/p3c_bd_sweep_20260704_093150_UTC/live/size_control_3d/seed_1001/openai_gpt-oss-120b/RTLLM/Prob027_LIFObuffer/Gen2/Prob027_LIFObuffer_sample3_C-F,
size_control_3d,RTLLM,Prob027_LIFObuffer,sequential,2,aba73ecf-7029-47c4-a96a-f1dacce82d9c,C-F,generation_log,0.137269196624,0.137269196624,254,0.0331,0.37,299,0.0419,0.39,0.150501672241,0.210023866348,0.0512820512821,/workspace/exp/natural_qd_push/p3c_bd_sweep_20260704_093150_UTC/live/size_control_3d/seed_1001/openai_gpt-oss-120b/RTLLM/Prob027_LIFObuffer/Gen2/Prob027_LIFObuffer_sample4_C-F,
size_control_3d,RTLLM,Prob027_LIFObuffer,sequential,2,099a8392-24a0-435c-b16e-513a4cf81f68,C-F,generation_log,-0.0604099761514,-0.0604099761514,243,0.0423,0.53,299,0.0419,0.39,0.1872909699,-0.00954653937947,-0.358974358974,/workspace/exp/natural_qd_push/p3c_bd_sweep_20260704_093150_UTC/live/size_control_3d/seed_1001/openai_gpt-oss-120b/RTLLM/Prob027_LIFObuffer/Gen2/Prob027_LIFObuffer_sample5_C-F,
size_control_3d,RTLLM,Prob027_LIFObuffer,sequential,2,68ba4088-a6a6-4a13-b7e5-07acfc1e811f,C-F,generation_log,0.018508614856,0.018508614856,231,0.0534,0.35,299,0.0419,0.39,0.227424749164,-0.27446300716,0.102564102564,/workspace/exp/natural_qd_push/p3c_bd_sweep_20260704_093150_UTC/live/size_control_3d/seed_1001/openai_gpt-oss-120b/RTLLM/Prob027_LIFObuffer/Gen2/Prob027_LIFObuffer_sample6_C-F,
size_control_3d,RTLLM,Prob027_LIFObuffer,sequential,2,88fbc6c9-4124-4440-b5b1-772a325f7bf9,C-F,generation_log,0.182479563719,0.182479563719,232,0.0305,0.37,299,0.0419,0.39,0.224080267559,0.272076372315,0.0512820512821,/workspace/exp/natural_qd_push/p3c_bd_sweep_20260704_093150_UTC/live/size_control_3d/seed_1001/openai_gpt-oss-120b/RTLLM/Prob027_LIFObuffer/Gen2/Prob027_LIFObuffer_sample7_C-F,
size_control_3d,RTLLM,Prob027_LIFObuffer,sequential,2,ce28035d-4b03-4cc6-9091-a90f0ea0b999,C-F,generation_log,-0.0604099761514,-0.0604099761514,243,0.0423,0.53,299,0.0419,0.39,0.1872909699,-0.00954653937947,-0.358974358974,/workspace/exp/natural_qd_push/p3c_bd_sweep_20260704_093150_UTC/live/size_control_3d/seed_1001/openai_gpt-oss-120b/RTLLM/Prob027_LIFObuffer/Gen2/Prob027_LIFObuffer_sample8_C-F,
size_control_3d,RTLLM,Prob027_LIFObuffer,sequential,3,9514a2a8-242e-4942-b009-4112361fc053,M-T,generation_log,0.0928064821393,0.0928064821393,275,0.0293,0.43,299,0.0419,0.39,0.0802675585284,0.300715990453,-0.102564102564,/workspace/exp/natural_qd_push/p3c_bd_sweep_20260704_093150_UTC/live/size_control_3d/seed_1001/openai_gpt-oss-120b/RTLLM/Prob027_LIFObuffer/Gen3/Prob027_LIFObuffer_sample1_M-T,
size_control_3d,RTLLM,Prob027_LIFObuffer,sequential,3,77b3f538-6eab-4500-ba12-b0ad5f5432f3,C-D,generation_log,0.018508614856,0.018508614856,231,0.0534,0.35,299,0.0419,0.39,0.227424749164,-0.27446300716,0.102564102564,/workspace/exp/natural_qd_push/p3c_bd_sweep_20260704_093150_UTC/live/size_control_3d/seed_1001/openai_gpt-oss-120b/RTLLM/Prob027_LIFObuffer/Gen3/Prob027_LIFObuffer_sample2_C-D,
size_control_3d,RTLLM,Prob027_LIFObuffer,sequential,3,8a94530e-ddac-478b-87cd-d0e83ffa0633,C-F,generation_log,0.145836603759,0.145836603759,277,0.0288,0.37,299,0.0419,0.39,0.0735785953177,0.312649164678,0.0512820512821,/workspace/exp/natural_qd_push/p3c_bd_sweep_20260704_093150_UTC/live/size_control_3d/seed_1001/openai_gpt-oss-120b/RTLLM/Prob027_LIFObuffer/Gen3/Prob027_LIFObuffer_sample3_C-F,
size_control_3d,RTLLM,Prob027_LIFObuffer,sequential,3,34c36f1e-fa5b-40c8-aa10-ec9e6bb21c0b,C-F,generation_log,0.150756211148,0.150756211148,266,0.0265,0.4,299,0.0419,0.39,0.110367892977,0.36754176611,-0.025641025641,/workspace/exp/natural_qd_push/p3c_bd_sweep_20260704_093150_UTC/live/size_control_3d/seed_1001/openai_gpt-oss-120b/RTLLM/Prob027_LIFObuffer/Gen3/Prob027_LIFObuffer_sample5_C-F,
size_control_3d,RTLLM,Prob027_LIFObuffer,sequential,3,36384390-3cb4-4be7-b881-24f283ed8af9,C-F,generation_log,0.0999876721574,0.0999876721574,255,0.0312,0.43,299,0.0419,0.39,0.147157190635,0.255369928401,-0.102564102564,/workspace/exp/natural_qd_push/p3c_bd_sweep_20260704_093150_UTC/live/size_control_3d/seed_1001/openai_gpt-oss-120b/RTLLM/Prob027_LIFObuffer/Gen3/Prob027_LIFObuffer_sample7_C-F,
size_control_3d,RTLLM,Prob027_LIFObuffer,sequential,3,df5d894d-2965-4817-8aa3-345288279dfe,M-S,generation_log,0.018508614856,0.018508614856,231,0.0534,0.35,299,0.0419,0.39,0.227424749164,-0.27446300716,0.102564102564,/workspace/exp/natural_qd_push/p3c_bd_sweep_20260704_093150_UTC/live/size_control_3d/seed_1001/openai_gpt-oss-120b/RTLLM/Prob027_LIFObuffer/Gen3/Prob027_LIFObuffer_sample8_M-S,
size_control_3d,RTLLM,Prob027_LIFObuffer,sequential,4,71c70b1b-2a77-4b1f-b2ea-7169a34308e9,C-D,generation_log,-0.0604099761514,-0.0604099761514,243,0.0423,0.53,299,0.0419,0.39,0.1872909699,-0.00954653937947,-0.358974358974,/workspace/exp/natural_qd_push/p3c_bd_sweep_20260704_093150_UTC/live/size_control_3d/seed_1001/openai_gpt-oss-120b/RTLLM/Prob027_LIFObuffer/Gen4/Prob027_LIFObuffer_sample1_C-D,
size_control_3d,RTLLM,Prob027_LIFObuffer,sequential,4,50e6483b-07cf-4112-a6b8-f92252e683a8,C-D,generation_log,0.110743049624,0.110743049624,250,0.0284,0.45,299,0.0419,0.39,0.163879598662,0.322195704057,-0.153846153846,/workspace/exp/natural_qd_push/p3c_bd_sweep_20260704_093150_UTC/live/size_control_3d/seed_1001/openai_gpt-oss-120b/RTLLM/Prob027_LIFObuffer/Gen4/Prob027_LIFObuffer_sample2_C-D,
size_control_3d,RTLLM,Prob027_LIFObuffer,sequential,4,233445b4-d77c-44f9-b7d4-ce8e2b6c0ec9,C-F,generation_log,0.0660266831274,0.0660266831274,218,0.0471,0.37,299,0.0419,0.39,0.270903010033,-0.124105011933,0.0512820512821,/workspace/exp/natural_qd_push/p3c_bd_sweep_20260704_093150_UTC/live/size_control_3d/seed_1001/openai_gpt-oss-120b/RTLLM/Prob027_LIFObuffer/Gen4/Prob027_LIFObuffer_sample4_C-F,
size_control_3d,RTLLM,Prob027_LIFObuffer,sequential,4,64064e18-049c-4636-8ee9-eda0f303c55c,C-F,generation_log,0.139613260502,0.139613260502,248,0.0272,0.43,299,0.0419,0.39,0.170568561873,0.350835322196,-0.102564102564,/workspace/exp/natural_qd_push/p3c_bd_sweep_20260704_093150_UTC/live/size_control_3d/seed_1001/openai_gpt-oss-120b/RTLLM/Prob027_LIFObuffer/Gen4/Prob027_LIFObuffer_sample5_C-F,
size_control_3d,RTLLM,Prob027_LIFObuffer,sequential,5,242c070c-2043-403f-85a1-9f2bee7b247f,M-E,generation_log,0.172037260239,0.172037260239,238,0.0256,0.42,299,0.0419,0.39,0.204013377926,0.389021479714,-0.0769230769231,/workspace/exp/natural_qd_push/p3c_bd_sweep_20260704_093150_UTC/live/size_control_3d/seed_1001/openai_gpt-oss-120b/RTLLM/Prob027_LIFObuffer/Gen5/Prob027_LIFObuffer_sample1_M-E,
size_control_3d,RTLLM,Prob027_LIFObuffer,sequential,5,d442d169-4b9c-492c-aee7-07c6d2eba340,C-D,generation_log,0.137269196624,0.137269196624,254,0.0331,0.37,299,0.0419,0.39,0.150501672241,0.210023866348,0.0512820512821,/workspace/exp/natural_qd_push/p3c_bd_sweep_20260704_093150_UTC/live/size_control_3d/seed_1001/openai_gpt-oss-120b/RTLLM/Prob027_LIFObuffer/Gen5/Prob027_LIFObuffer_sample2_C-D,
size_control_3d,RTLLM,Prob027_LIFObuffer,sequential,5,682c1702-35d4-4919-8dbc-10b7cdd3355e,M-I,generation_log,0.158011013464,0.158011013464,242,0.0311,0.38,299,0.0419,0.39,0.190635451505,0.257756563246,0.025641025641,/workspace/exp/natural_qd_push/p3c_bd_sweep_20260704_093150_UTC/live/size_control_3d/seed_1001/openai_gpt-oss-120b/RTLLM/Prob027_LIFObuffer/Gen5/Prob027_LIFObuffer_sample3_M-I,
size_control_3d,RTLLM,Prob027_LIFObuffer,sequential,5,8314c46f-41f0-4d19-a7c3-26c6e7cc7cd7,C-F,generation_log,0.018508614856,0.018508614856,231,0.0534,0.35,299,0.0419,0.39,0.227424749164,-0.27446300716,0.102564102564,/workspace/exp/natural_qd_push/p3c_bd_sweep_20260704_093150_UTC/live/size_control_3d/seed_1001/openai_gpt-oss-120b/RTLLM/Prob027_LIFObuffer/Gen5/Prob027_LIFObuffer_sample4_C-F,
size_control_3d,RTLLM,Prob027_LIFObuffer,sequential,5,4f6ed1f5-3ed3-410a-ac31-05c02264adfa,C-F,generation_log,0.208617250643,0.208617250643,233,0.026,0.38,299,0.0419,0.39,0.220735785953,0.379474940334,0.025641025641,/workspace/exp/natural_qd_push/p3c_bd_sweep_20260704_093150_UTC/live/size_control_3d/seed_1001/openai_gpt-oss-120b/RTLLM/Prob027_LIFObuffer/Gen5/Prob027_LIFObuffer_sample5_C-F,
size_control_3d,RTLLM,Prob027_LIFObuffer,sequential,5,5ea9115b-0837-44c7-8d0a-9eee4a9dac0a,C-F,generation_log,-0.0838772217832,-0.0838772217832,259,0.0559,0.41,299,0.0419,0.39,0.133779264214,-0.334128878282,-0.0512820512821,/workspace/exp/natural_qd_push/p3c_bd_sweep_20260704_093150_UTC/live/size_control_3d/seed_1001/openai_gpt-oss-120b/RTLLM/Prob027_LIFObuffer/Gen5/Prob027_LIFObuffer_sample6_C-F,
size_control_3d,RTLLM,Prob027_LIFObuffer,sequential,5,b8c9ebc5-4108-4e18-9104-5fcdeaff810b,C-F,generation_log,0.0660266831274,0.0660266831274,218,0.0471,0.37,299,0.0419,0.39,0.270903010033,-0.124105011933,0.0512820512821,/workspace/exp/natural_qd_push/p3c_bd_sweep_20260704_093150_UTC/live/size_control_3d/seed_1001/openai_gpt-oss-120b/RTLLM/Prob027_LIFObuffer/Gen5/Prob027_LIFObuffer_sample7_C-F,
size_control_3d,RTLLM,Prob027_LIFObuffer,sequential,5,e15f9b50-e97b-48db-ae0e-daa6ef445380,C-F,generation_log,-0.0838772217832,-0.0838772217832,259,0.0559,0.41,299,0.0419,0.39,0.133779264214,-0.334128878282,-0.0512820512821,/workspace/exp/natural_qd_push/p3c_bd_sweep_20260704_093150_UTC/live/size_control_3d/seed_1001/openai_gpt-oss-120b/RTLLM/Prob027_LIFObuffer/Gen5/Prob027_LIFObuffer_sample8_C-F,
size_control_3d,RTLLM,Prob029_barrel_shifter,combinational,2,33a3bbbb-e89a-4115-9b1e-50d6016ad076,M-F,generation_log,0.370464452959,0.555696679438,51,2.51e-05,0,58,0.0027,0,0.120689655172,0.990703703704,0,/workspace/exp/natural_qd_push/p3c_bd_sweep_20260704_093150_UTC/live/size_control_3d/seed_1001/openai_gpt-oss-120b/RTLLM/Prob029_barrel_shifter/Gen2/Prob029_barrel_shifter_sample1_M-F,
size_control_3d,RTLLM,Prob029_barrel_shifter,combinational,2,4590c922-810b-46b8-92d6-7b492a846223,M-E,generation_log,0.358859088974,0.538288633461,53,2.6e-05,0,58,0.0027,0,0.0862068965517,0.99037037037,0,/workspace/exp/natural_qd_push/p3c_bd_sweep_20260704_093150_UTC/live/size_control_3d/seed_1001/openai_gpt-oss-120b/RTLLM/Prob029_barrel_shifter/Gen2/Prob029_barrel_shifter_sample2_M-E,
size_control_3d,RTLLM,Prob029_barrel_shifter,combinational,2,3f02d8ac-11dc-4bc8-a2d9-ab05aea5d806,M-E,generation_log,0.416922945934,0.625384418902,43,2.12e-05,0,58,0.0027,0,0.258620689655,0.992148148148,0,/workspace/exp/natural_qd_push/p3c_bd_sweep_20260704_093150_UTC/live/size_control_3d/seed_1001/openai_gpt-oss-120b/RTLLM/Prob029_barrel_shifter/Gen2/Prob029_barrel_shifter_sample4_M-E,
size_control_3d,RTLLM,Prob029_barrel_shifter,combinational,2,670234cd-ef74-404d-a573-2525b2eab555,M-E,generation_log,0.370464452959,0.555696679438,51,2.51e-05,0,58,0.0027,0,0.120689655172,0.990703703704,0,/workspace/exp/natural_qd_push/p3c_bd_sweep_20260704_093150_UTC/live/size_control_3d/seed_1001/openai_gpt-oss-120b/RTLLM/Prob029_barrel_shifter/Gen2/Prob029_barrel_shifter_sample8_M-E,
size_control_3d,RTLLM,Prob029_barrel_shifter,combinational,3,ff671ae2-1660-4ad7-8faa-9fb9d0eecc52,M-R,generation_log,0.341185610898,0.511778416347,56,2.95e-05,0,58,0.0027,0,0.0344827586207,0.989074074074,0,/workspace/exp/natural_qd_push/p3c_bd_sweep_20260704_093150_UTC/live/size_control_3d/seed_1001/openai_gpt-oss-120b/RTLLM/Prob029_barrel_shifter/Gen3/Prob029_barrel_shifter_sample5_M-R,
size_control_3d,RTLLM,Prob029_barrel_shifter,combinational,4,193f822f-a434-4d64-88da-b919fbf1c3b9,M-I,generation_log,0.393699872286,0.590549808429,47,2.31e-05,0,58,0.0027,0,0.189655172414,0.991444444444,0,/workspace/exp/natural_qd_push/p3c_bd_sweep_20260704_093150_UTC/live/size_control_3d/seed_1001/openai_gpt-oss-120b/RTLLM/Prob029_barrel_shifter/Gen4/Prob029_barrel_shifter_sample5_M-I,
size_control_3d,RTLLM,Prob029_barrel_shifter,combinational,4,1f098261-30f3-41a6-a54d-61e730b596c6,M-S,generation_log,0.341185610898,0.511778416347,56,2.95e-05,0,58,0.0027,0,0.0344827586207,0.989074074074,0,/workspace/exp/natural_qd_push/p3c_bd_sweep_20260704_093150_UTC/live/size_control_3d/seed_1001/openai_gpt-oss-120b/RTLLM/Prob029_barrel_shifter/Gen4/Prob029_barrel_shifter_sample8_M-S,
size_control_3d,RTLLM,Prob029_barrel_shifter,combinational,5,fc56e56b-22fd-40e4-90bf-44d95962e859,M-I,generation_log,0.370464452959,0.555696679438,51,2.51e-05,0,58,0.0027,0,0.120689655172,0.990703703704,0,/workspace/exp/natural_qd_push/p3c_bd_sweep_20260704_093150_UTC/live/size_control_3d/seed_1001/openai_gpt-oss-120b/RTLLM/Prob029_barrel_shifter/Gen5/Prob029_barrel_shifter_sample5_M-I,
size_control_3d,RTLLM,Prob030_right_shifter,sequential,0,2e3839af-697e-4ba8-b970-f75a97d771c5,initial,generation_log,-0,0,36,0.00369,0.12,36,0.00369,0.12,0,0,0,/workspace/exp/natural_qd_push/p3c_bd_sweep_20260704_093150_UTC/live/size_control_3d/seed_1001/openai_gpt-oss-120b/RTLLM/Prob030_right_shifter/Gen0/Prob030_right_shifter_sample1_initial,
size_control_3d,RTLLM,Prob030_right_shifter,sequential,0,a5f88aed-c37d-4c6d-82d5-e736e594f3a0,initial,generation_log,-0,0,36,0.00369,0.12,36,0.00369,0.12,0,0,0,/workspace/exp/natural_qd_push/p3c_bd_sweep_20260704_093150_UTC/live/size_control_3d/seed_1001/openai_gpt-oss-120b/RTLLM/Prob030_right_shifter/Gen0/Prob030_right_shifter_sample2_initial,
size_control_3d,RTLLM,Prob030_right_shifter,sequential,0,67d8ac3d-06c3-4ce2-b4f5-eab53753cd1f,initial,generation_log,-0,0,36,0.00369,0.12,36,0.00369,0.12,0,0,0,/workspace/exp/natural_qd_push/p3c_bd_sweep_20260704_093150_UTC/live/size_control_3d/seed_1001/openai_gpt-oss-120b/RTLLM/Prob030_right_shifter/Gen0/Prob030_right_shifter_sample3_initial,
size_control_3d,RTLLM,Prob030_right_shifter,sequential,0,048285c0-74b2-4824-87c0-503ce5378124,initial,generation_log,-0,0,36,0.00369,0.12,36,0.00369,0.12,0,0,0,/workspace/exp/natural_qd_push/p3c_bd_sweep_20260704_093150_UTC/live/size_control_3d/seed_1001/openai_gpt-oss-120b/RTLLM/Prob030_right_shifter/Gen0/Prob030_right_shifter_sample4_initial,
size_control_3d,RTLLM,Prob030_right_shifter,sequential,0,055f42c0-aee3-45e0-8c9a-9916854eaaf5,initial,generation_log,-0,0,36,0.00369,0.12,36,0.00369,0.12,0,0,0,/workspace/exp/natural_qd_push/p3c_bd_sweep_20260704_093150_UTC/live/size_control_3d/seed_1001/openai_gpt-oss-120b/RTLLM/Prob030_right_shifter/Gen0/Prob030_right_shifter_sample5_initial,
size_control_3d,RTLLM,Prob030_right_shifter,sequential,0,1f47c8e1-a615-4509-a2c2-0359c3bc9156,initial,generation_log,-0,0,36,0.00369,0.12,36,0.00369,0.12,0,0,0,/workspace/exp/natural_qd_push/p3c_bd_sweep_20260704_093150_UTC/live/size_control_3d/seed_1001/openai_gpt-oss-120b/RTLLM/Prob030_right_shifter/Gen0/Prob030_right_shifter_sample6_initial,
size_control_3d,RTLLM,Prob030_right_shifter,sequential,0,69894575-937d-42e9-bd39-4831b763de0d,initial,generation_log,-0,0,36,0.00369,0.12,36,0.00369,0.12,0,0,0,/workspace/exp/natural_qd_push/p3c_bd_sweep_20260704_093150_UTC/live/size_control_3d/seed_1001/openai_gpt-oss-120b/RTLLM/Prob030_right_shifter/Gen0/Prob030_right_shifter_sample7_initial,
size_control_3d,RTLLM,Prob030_right_shifter,sequential,0,4ff21eea-0cea-47d5-a137-5be218045e5f,initial,generation_log,-0,0,36,0.00369,0.12,36,0.00369,0.12,0,0,0,/workspace/exp/natural_qd_push/p3c_bd_sweep_20260704_093150_UTC/live/size_control_3d/seed_1001/openai_gpt-oss-120b/RTLLM/Prob030_right_shifter/Gen0/Prob030_right_shifter_sample8_initial,
size_control_3d,RTLLM,Prob030_right_shifter,sequential,1,64899ee5-efde-4f33-bfbe-a376c07c99a2,M-R,generation_log,-0,0,36,0.00369,0.12,36,0.00369,0.12,0,0,0,/workspace/exp/natural_qd_push/p3c_bd_sweep_20260704_093150_UTC/live/size_control_3d/seed_1001/openai_gpt-oss-120b/RTLLM/Prob030_right_shifter/Gen1/Prob030_right_shifter_sample1_M-R,
size_control_3d,RTLLM,Prob030_right_shifter,sequential,1,39024124-f763-4cc9-b474-cc0c4d586638,M-S,generation_log,-0,0,36,0.00369,0.12,36,0.00369,0.12,0,0,0,/workspace/exp/natural_qd_push/p3c_bd_sweep_20260704_093150_UTC/live/size_control_3d/seed_1001/openai_gpt-oss-120b/RTLLM/Prob030_right_shifter/Gen1/Prob030_right_shifter_sample4_M-S,
size_control_3d,RTLLM,Prob030_right_shifter,sequential,1,ca9c4e8f-5c98-4207-a28c-d741d0b0c6c8,M-S,generation_log,-0,0,36,0.00369,0.12,36,0.00369,0.12,0,0,0,/workspace/exp/natural_qd_push/p3c_bd_sweep_20260704_093150_UTC/live/size_control_3d/seed_1001/openai_gpt-oss-120b/RTLLM/Prob030_right_shifter/Gen1/Prob030_right_shifter_sample5_M-S,
size_control_3d,RTLLM,Prob030_right_shifter,sequential,1,a4f6b3f1-88dd-48a5-8bb9-d49845617c28,M-R,generation_log,-0,0,36,0.00369,0.12,36,0.00369,0.12,0,0,0,/workspace/exp/natural_qd_push/p3c_bd_sweep_20260704_093150_UTC/live/size_control_3d/seed_1001/openai_gpt-oss-120b/RTLLM/Prob030_right_shifter/Gen1/Prob030_right_shifter_sample6_M-R,
size_control_3d,RTLLM,Prob030_right_shifter,sequential,1,51b0d66d-221a-4a2f-8e9f-458cf9a33da1,M-I,generation_log,-0,0,36,0.00369,0.12,36,0.00369,0.12,0,0,0,/workspace/exp/natural_qd_push/p3c_bd_sweep_20260704_093150_UTC/live/size_control_3d/seed_1001/openai_gpt-oss-120b/RTLLM/Prob030_right_shifter/Gen1/Prob030_right_shifter_sample8_M-I,
size_control_3d,RTLLM,Prob030_right_shifter,sequential,2,5b786694-3106-4f76-990d-ea0ad4c4159d,M-E,generation_log,-0,0,36,0.00369,0.12,36,0.00369,0.12,0,0,0,/workspace/exp/natural_qd_push/p3c_bd_sweep_20260704_093150_UTC/live/size_control_3d/seed_1001/openai_gpt-oss-120b/RTLLM/Prob030_right_shifter/Gen2/Prob030_right_shifter_sample1_M-E,
size_control_3d,RTLLM,Prob030_right_shifter,sequential,2,22c13846-e270-4851-a829-bb258d196a03,M-F,generation_log,-0,0,36,0.00369,0.12,36,0.00369,0.12,0,0,0,/workspace/exp/natural_qd_push/p3c_bd_sweep_20260704_093150_UTC/live/size_control_3d/seed_1001/openai_gpt-oss-120b/RTLLM/Prob030_right_shifter/Gen2/Prob030_right_shifter_sample2_M-F,
size_control_3d,RTLLM,Prob030_right_shifter,sequential,2,cecff95d-cb7c-4e86-a557-0a9fb0b80b51,M-R,generation_log,-0,0,36,0.00369,0.12,36,0.00369,0.12,0,0,0,/workspace/exp/natural_qd_push/p3c_bd_sweep_20260704_093150_UTC/live/size_control_3d/seed_1001/openai_gpt-oss-120b/RTLLM/Prob030_right_shifter/Gen2/Prob030_right_shifter_sample7_M-R,
size_control_3d,RTLLM,Prob030_right_shifter,sequential,2,58a1e151-f472-4b76-84e0-247832151d9a,M-S,generation_log,-0,0,36,0.00369,0.12,36,0.00369,0.12,0,0,0,/workspace/exp/natural_qd_push/p3c_bd_sweep_20260704_093150_UTC/live/size_control_3d/seed_1001/openai_gpt-oss-120b/RTLLM/Prob030_right_shifter/Gen2/Prob030_right_shifter_sample8_M-S,
size_control_3d,RTLLM,Prob030_right_shifter,sequential,3,11dd538c-27a2-4250-99c5-49ac11d0c3a3,M-F,generation_log,-0,0,36,0.00369,0.12,36,0.00369,0.12,0,0,0,/workspace/exp/natural_qd_push/p3c_bd_sweep_20260704_093150_UTC/live/size_control_3d/seed_1001/openai_gpt-oss-120b/RTLLM/Prob030_right_shifter/Gen3/Prob030_right_shifter_sample2_M-F,
size_control_3d,RTLLM,Prob030_right_shifter,sequential,3,d6cb0ebe-ea53-4819-8432-426cdca3eb5e,M-I,generation_log,-0,0,36,0.00369,0.12,36,0.00369,0.12,0,0,0,/workspace/exp/natural_qd_push/p3c_bd_sweep_20260704_093150_UTC/live/size_control_3d/seed_1001/openai_gpt-oss-120b/RTLLM/Prob030_right_shifter/Gen3/Prob030_right_shifter_sample3_M-I,
size_control_3d,RTLLM,Prob030_right_shifter,sequential,3,e45a92c5-08df-4ee4-9daa-df2894ee2d7b,M-S,generation_log,-0,0,36,0.00369,0.12,36,0.00369,0.12,0,0,0,/workspace/exp/natural_qd_push/p3c_bd_sweep_20260704_093150_UTC/live/size_control_3d/seed_1001/openai_gpt-oss-120b/RTLLM/Prob030_right_shifter/Gen3/Prob030_right_shifter_sample5_M-S,
size_control_3d,RTLLM,Prob030_right_shifter,sequential,3,b86c6ab9-6104-4d58-af37-1bf1bc8788ff,M-S,generation_log,-0,0,36,0.00369,0.12,36,0.00369,0.12,0,0,0,/workspace/exp/natural_qd_push/p3c_bd_sweep_20260704_093150_UTC/live/size_control_3d/seed_1001/openai_gpt-oss-120b/RTLLM/Prob030_right_shifter/Gen3/Prob030_right_shifter_sample8_M-S,
size_control_3d,RTLLM,Prob030_right_shifter,sequential,4,989e82cb-4c87-4c89-972d-eaaedf43d121,M-E,generation_log,-0,0,36,0.00369,0.12,36,0.00369,0.12,0,0,0,/workspace/exp/natural_qd_push/p3c_bd_sweep_20260704_093150_UTC/live/size_control_3d/seed_1001/openai_gpt-oss-120b/RTLLM/Prob030_right_shifter/Gen4/Prob030_right_shifter_sample1_M-E,
size_control_3d,RTLLM,Prob030_right_shifter,sequential,4,22761b03-e874-4dac-9bbf-37f51d753d7b,M-F,generation_log,-0,0,36,0.00369,0.12,36,0.00369,0.12,0,0,0,/workspace/exp/natural_qd_push/p3c_bd_sweep_20260704_093150_UTC/live/size_control_3d/seed_1001/openai_gpt-oss-120b/RTLLM/Prob030_right_shifter/Gen4/Prob030_right_shifter_sample2_M-F,
size_control_3d,RTLLM,Prob030_right_shifter,sequential,4,38ef8b52-c36b-4c07-9738-5f2980e28f24,M-I,generation_log,-0.0962059620596,-0.0962059620596,43,0.00373,0.13,36,0.00369,0.12,-0.194444444444,-0.0108401084011,-0.0833333333333,/workspace/exp/natural_qd_push/p3c_bd_sweep_20260704_093150_UTC/live/size_control_3d/seed_1001/openai_gpt-oss-120b/RTLLM/Prob030_right_shifter/Gen4/Prob030_right_shifter_sample4_M-I,
size_control_3d,RTLLM,Prob030_right_shifter,sequential,4,4d107d4c-0c75-4caf-820b-f1357d100000,M-S,generation_log,-0,0,36,0.00369,0.12,36,0.00369,0.12,0,0,0,/workspace/exp/natural_qd_push/p3c_bd_sweep_20260704_093150_UTC/live/size_control_3d/seed_1001/openai_gpt-oss-120b/RTLLM/Prob030_right_shifter/Gen4/Prob030_right_shifter_sample5_M-S,
size_control_3d,RTLLM,Prob030_right_shifter,sequential,4,8d4203da-f2a0-4124-ba6d-c57872e2607e,M-S,generation_log,-0,0,36,0.00369,0.12,36,0.00369,0.12,0,0,0,/workspace/exp/natural_qd_push/p3c_bd_sweep_20260704_093150_UTC/live/size_control_3d/seed_1001/openai_gpt-oss-120b/RTLLM/Prob030_right_shifter/Gen4/Prob030_right_shifter_sample6_M-S,
size_control_3d,RTLLM,Prob030_right_shifter,sequential,5,d3566a36-1974-4586-abae-7eef0919cc2f,M-T,generation_log,-0,0,36,0.00369,0.12,36,0.00369,0.12,0,0,0,/workspace/exp/natural_qd_push/p3c_bd_sweep_20260704_093150_UTC/live/size_control_3d/seed_1001/openai_gpt-oss-120b/RTLLM/Prob030_right_shifter/Gen5/Prob030_right_shifter_sample1_M-T,
size_control_3d,RTLLM,Prob031_freq_div,combinational,0,9786d0df-ccfe-469c-a7d1-a922e7f14f48,initial,generation_log,0.0893631395926,0.134044709389,109,0.000577,0,125,0.000671,0,0.128,0.140089418778,0,/workspace/exp/natural_qd_push/p3c_bd_sweep_20260704_093150_UTC/live/size_control_3d/seed_1001/openai_gpt-oss-120b/RTLLM/Prob031_freq_div/Gen0/Prob031_freq_div_sample2_initial,
size_control_3d,RTLLM,Prob031_freq_div,combinational,0,f1c9afb3-f4ef-47c6-a3ed-80308d19d649,initial,generation_log,0.0893631395926,0.134044709389,109,0.000577,0,125,0.000671,0,0.128,0.140089418778,0,/workspace/exp/natural_qd_push/p3c_bd_sweep_20260704_093150_UTC/live/size_control_3d/seed_1001/openai_gpt-oss-120b/RTLLM/Prob031_freq_div/Gen0/Prob031_freq_div_sample3_initial,
size_control_3d,RTLLM,Prob031_freq_div,combinational,0,7cf91608-b1e3-4bca-a0a3-44f6ec5ce1e3,initial,generation_log,0.0893631395926,0.134044709389,109,0.000577,0,125,0.000671,0,0.128,0.140089418778,0,/workspace/exp/natural_qd_push/p3c_bd_sweep_20260704_093150_UTC/live/size_control_3d/seed_1001/openai_gpt-oss-120b/RTLLM/Prob031_freq_div/Gen0/Prob031_freq_div_sample4_initial,
size_control_3d,RTLLM,Prob031_freq_div,combinational,0,6d8abeae-f75d-48c8-88c7-291f84632b5a,initial,generation_log,0.0893631395926,0.134044709389,109,0.000577,0,125,0.000671,0,0.128,0.140089418778,0,/workspace/exp/natural_qd_push/p3c_bd_sweep_20260704_093150_UTC/live/size_control_3d/seed_1001/openai_gpt-oss-120b/RTLLM/Prob031_freq_div/Gen0/Prob031_freq_div_sample5_initial,
size_control_3d,RTLLM,Prob031_freq_div,combinational,0,58433cf7-84e9-4c6c-986a-0abafc9d858f,initial,generation_log,0.0893631395926,0.134044709389,109,0.000577,0,125,0.000671,0,0.128,0.140089418778,0,/workspace/exp/natural_qd_push/p3c_bd_sweep_20260704_093150_UTC/live/size_control_3d/seed_1001/openai_gpt-oss-120b/RTLLM/Prob031_freq_div/Gen0/Prob031_freq_div_sample6_initial,
size_control_3d,RTLLM,Prob031_freq_div,combinational,0,37c35c9a-57ee-43ec-9cf4-1a6e98094ab9,initial,generation_log,0.0893631395926,0.134044709389,109,0.000577,0,125,0.000671,0,0.128,0.140089418778,0,/workspace/exp/natural_qd_push/p3c_bd_sweep_20260704_093150_UTC/live/size_control_3d/seed_1001/openai_gpt-oss-120b/RTLLM/Prob031_freq_div/Gen0/Prob031_freq_div_sample7_initial,
size_control_3d,RTLLM,Prob031_freq_div,combinational,0,a6ce3564-676d-406a-bc7b-75710140340d,initial,generation_log,0.0893631395926,0.134044709389,109,0.000577,0,125,0.000671,0,0.128,0.140089418778,0,/workspace/exp/natural_qd_push/p3c_bd_sweep_20260704_093150_UTC/live/size_control_3d/seed_1001/openai_gpt-oss-120b/RTLLM/Prob031_freq_div/Gen0/Prob031_freq_div_sample8_initial,
size_control_3d,RTLLM,Prob031_freq_div,combinational,1,80d51561-0bfc-4d2e-9b02-6ea18b5c0d43,M-E,generation_log,0.0893631395926,0.134044709389,109,0.000577,0,125,0.000671,0,0.128,0.140089418778,0,/workspace/exp/natural_qd_push/p3c_bd_sweep_20260704_093150_UTC/live/size_control_3d/seed_1001/openai_gpt-oss-120b/RTLLM/Prob031_freq_div/Gen1/Prob031_freq_div_sample1_M-E,
size_control_3d,RTLLM,Prob031_freq_div,combinational,1,31e32b5e-fae9-4425-9f59-2e1510ebe9ef,M-S,generation_log,0.0893631395926,0.134044709389,109,0.000577,0,125,0.000671,0,0.128,0.140089418778,0,/workspace/exp/natural_qd_push/p3c_bd_sweep_20260704_093150_UTC/live/size_control_3d/seed_1001/openai_gpt-oss-120b/RTLLM/Prob031_freq_div/Gen1/Prob031_freq_div_sample4_M-S,
size_control_3d,RTLLM,Prob031_freq_div,combinational,1,ac99d908-3aea-4d0e-82e1-5e1d4e98351b,M-S,generation_log,0.209057128664,0.313585692996,101,0.000379,0,125,0.000671,0,0.192,0.435171385991,0,/workspace/exp/natural_qd_push/p3c_bd_sweep_20260704_093150_UTC/live/size_control_3d/seed_1001/openai_gpt-oss-120b/RTLLM/Prob031_freq_div/Gen1/Prob031_freq_div_sample7_M-S,
size_control_3d,RTLLM,Prob031_freq_div,combinational,2,93683d2b-601e-48c7-bfc2-ff1c0d2eb1df,C-D,generation_log,0.209057128664,0.313585692996,101,0.000379,0,125,0.000671,0,0.192,0.435171385991,0,/workspace/exp/natural_qd_push/p3c_bd_sweep_20260704_093150_UTC/live/size_control_3d/seed_1001/openai_gpt-oss-120b/RTLLM/Prob031_freq_div/Gen2/Prob031_freq_div_sample1_C-D,
size_control_3d,RTLLM,Prob031_freq_div,combinational,2,12c0059e-4847-4da9-8572-1caf050357ed,C-D,generation_log,0.209057128664,0.313585692996,101,0.000379,0,125,0.000671,0,0.192,0.435171385991,0,/workspace/exp/natural_qd_push/p3c_bd_sweep_20260704_093150_UTC/live/size_control_3d/seed_1001/openai_gpt-oss-120b/RTLLM/Prob031_freq_div/Gen2/Prob031_freq_div_sample2_C-D,
size_control_3d,RTLLM,Prob031_freq_div,combinational,2,53133bf6-d731-4315-8a0f-4aee5c70b06b,C-F,generation_log,0.209057128664,0.313585692996,101,0.000379,0,125,0.000671,0,0.192,0.435171385991,0,/workspace/exp/natural_qd_push/p3c_bd_sweep_20260704_093150_UTC/live/size_control_3d/seed_1001/openai_gpt-oss-120b/RTLLM/Prob031_freq_div/Gen2/Prob031_freq_div_sample4_C-F,
size_control_3d,RTLLM,Prob031_freq_div,combinational,2,f8cea5d2-a68b-4941-ab82-b797228d90b7,M-I,generation_log,0.15399503229,0.230992548435,106,0.000463,0,125,0.000671,0,0.152,0.30998509687,0,/workspace/exp/natural_qd_push/p3c_bd_sweep_20260704_093150_UTC/live/size_control_3d/seed_1001/openai_gpt-oss-120b/RTLLM/Prob031_freq_div/Gen2/Prob031_freq_div_sample5_M-I,
size_control_3d,RTLLM,Prob031_freq_div,combinational,2,aab967d7-9f53-467e-883c-725617578f7a,M-R,generation_log,0.0893631395926,0.134044709389,109,0.000577,0,125,0.000671,0,0.128,0.140089418778,0,/workspace/exp/natural_qd_push/p3c_bd_sweep_20260704_093150_UTC/live/size_control_3d/seed_1001/openai_gpt-oss-120b/RTLLM/Prob031_freq_div/Gen2/Prob031_freq_div_sample6_M-R,
size_control_3d,RTLLM,Prob031_freq_div,combinational,2,75a2402f-0081-4c4a-9ba7-dff2d7e7014f,M-S,generation_log,0.209057128664,0.313585692996,101,0.000379,0,125,0.000671,0,0.192,0.435171385991,0,/workspace/exp/natural_qd_push/p3c_bd_sweep_20260704_093150_UTC/live/size_control_3d/seed_1001/openai_gpt-oss-120b/RTLLM/Prob031_freq_div/Gen2/Prob031_freq_div_sample7_M-S,
size_control_3d,RTLLM,Prob031_freq_div,combinational,2,25f7993d-8863-4ca1-b707-75615162e798,C-F,generation_log,0.209057128664,0.313585692996,101,0.000379,0,125,0.000671,0,0.192,0.435171385991,0,/workspace/exp/natural_qd_push/p3c_bd_sweep_20260704_093150_UTC/live/size_control_3d/seed_1001/openai_gpt-oss-120b/RTLLM/Prob031_freq_div/Gen2/Prob031_freq_div_sample8_C-F,
size_control_3d,RTLLM,Prob031_freq_div,combinational,3,96048335-5e1e-4190-8af2-88af7dad3788,M-T,generation_log,0.15399503229,0.230992548435,106,0.000463,0,125,0.000671,0,0.152,0.30998509687,0,/workspace/exp/natural_qd_push/p3c_bd_sweep_20260704_093150_UTC/live/size_control_3d/seed_1001/openai_gpt-oss-120b/RTLLM/Prob031_freq_div/Gen3/Prob031_freq_div_sample2_M-T,
size_control_3d,RTLLM,Prob031_freq_div,combinational,3,5350daa1-3f7f-41b7-a3c8-3378464f8921,M-S,generation_log,0.0893631395926,0.134044709389,109,0.000577,0,125,0.000671,0,0.128,0.140089418778,0,/workspace/exp/natural_qd_push/p3c_bd_sweep_20260704_093150_UTC/live/size_control_3d/seed_1001/openai_gpt-oss-120b/RTLLM/Prob031_freq_div/Gen3/Prob031_freq_div_sample3_M-S,
size_control_3d,RTLLM,Prob031_freq_div,combinational,3,058eeacd-0e14-4638-a757-c9075fc43f6f,C-F,generation_log,0.209057128664,0.313585692996,101,0.000379,0,125,0.000671,0,0.192,0.435171385991,0,/workspace/exp/natural_qd_push/p3c_bd_sweep_20260704_093150_UTC/live/size_control_3d/seed_1001/openai_gpt-oss-120b/RTLLM/Prob031_freq_div/Gen3/Prob031_freq_div_sample4_C-F,
size_control_3d,RTLLM,Prob031_freq_div,combinational,3,59611605-a89e-40f2-85d7-8f624ab3070b,M-I,generation_log,0.0893631395926,0.134044709389,109,0.000577,0,125,0.000671,0,0.128,0.140089418778,0,/workspace/exp/natural_qd_push/p3c_bd_sweep_20260704_093150_UTC/live/size_control_3d/seed_1001/openai_gpt-oss-120b/RTLLM/Prob031_freq_div/Gen3/Prob031_freq_div_sample5_M-I,
size_control_3d,RTLLM,Prob031_freq_div,combinational,3,83f40858-3326-44e7-9ebe-c7921a3f4a4a,C-F,generation_log,0.209057128664,0.313585692996,101,0.000379,0,125,0.000671,0,0.192,0.435171385991,0,/workspace/exp/natural_qd_push/p3c_bd_sweep_20260704_093150_UTC/live/size_control_3d/seed_1001/openai_gpt-oss-120b/RTLLM/Prob031_freq_div/Gen3/Prob031_freq_div_sample6_C-F,
size_control_3d,RTLLM,Prob031_freq_div,combinational,3,073f1996-e312-475c-a7e6-244dd14426a8,C-F,generation_log,0.209057128664,0.313585692996,101,0.000379,0,125,0.000671,0,0.192,0.435171385991,0,/workspace/exp/natural_qd_push/p3c_bd_sweep_20260704_093150_UTC/live/size_control_3d/seed_1001/openai_gpt-oss-120b/RTLLM/Prob031_freq_div/Gen3/Prob031_freq_div_sample8_C-F,
size_control_3d,RTLLM,Prob031_freq_div,combinational,4,77dd97a3-6afa-4003-bbac-15e61666857e,C-D,generation_log,0.214390461997,0.321585692996,99,0.000379,0,125,0.000671,0,0.208,0.435171385991,0,/workspace/exp/natural_qd_push/p3c_bd_sweep_20260704_093150_UTC/live/size_control_3d/seed_1001/openai_gpt-oss-120b/RTLLM/Prob031_freq_div/Gen4/Prob031_freq_div_sample1_C-D,
size_control_3d,RTLLM,Prob031_freq_div,combinational,4,99a8649d-2f4d-46f5-b52d-cc390049ed49,M-T,generation_log,0.15399503229,0.230992548435,106,0.000463,0,125,0.000671,0,0.152,0.30998509687,0,/workspace/exp/natural_qd_push/p3c_bd_sweep_20260704_093150_UTC/live/size_control_3d/seed_1001/openai_gpt-oss-120b/RTLLM/Prob031_freq_div/Gen4/Prob031_freq_div_sample2_M-T,
size_control_3d,RTLLM,Prob031_freq_div,combinational,4,225e0abd-d813-4c91-9c1e-c9c63b753f61,C-F,generation_log,0.209057128664,0.313585692996,101,0.000379,0,125,0.000671,0,0.192,0.435171385991,0,/workspace/exp/natural_qd_push/p3c_bd_sweep_20260704_093150_UTC/live/size_control_3d/seed_1001/openai_gpt-oss-120b/RTLLM/Prob031_freq_div/Gen4/Prob031_freq_div_sample3_C-F,
size_control_3d,RTLLM,Prob031_freq_div,combinational,4,04d788f6-25a2-4172-be1e-6ea0b4bb4d59,C-F,generation_log,0.209057128664,0.313585692996,101,0.000379,0,125,0.000671,0,0.192,0.435171385991,0,/workspace/exp/natural_qd_push/p3c_bd_sweep_20260704_093150_UTC/live/size_control_3d/seed_1001/openai_gpt-oss-120b/RTLLM/Prob031_freq_div/Gen4/Prob031_freq_div_sample5_C-F,
size_control_3d,RTLLM,Prob031_freq_div,combinational,4,20977b7c-0eb8-42ea-a1c2-77c9ea71e34a,M-S,generation_log,0.209057128664,0.313585692996,101,0.000379,0,125,0.000671,0,0.192,0.435171385991,0,/workspace/exp/natural_qd_push/p3c_bd_sweep_20260704_093150_UTC/live/size_control_3d/seed_1001/openai_gpt-oss-120b/RTLLM/Prob031_freq_div/Gen4/Prob031_freq_div_sample7_M-S,
size_control_3d,RTLLM,Prob031_freq_div,combinational,5,9132adb2-627d-4f7c-b76a-06e8b2cc52db,M-T,generation_log,0.15399503229,0.230992548435,106,0.000463,0,125,0.000671,0,0.152,0.30998509687,0,/workspace/exp/natural_qd_push/p3c_bd_sweep_20260704_093150_UTC/live/size_control_3d/seed_1001/openai_gpt-oss-120b/RTLLM/Prob031_freq_div/Gen5/Prob031_freq_div_sample2_M-T,
size_control_3d,RTLLM,Prob031_freq_div,combinational,5,d33e5e03-1bca-46f2-b699-a7f68173d3ac,M-I,generation_log,0.15399503229,0.230992548435,106,0.000463,0,125,0.000671,0,0.152,0.30998509687,0,/workspace/exp/natural_qd_push/p3c_bd_sweep_20260704_093150_UTC/live/size_control_3d/seed_1001/openai_gpt-oss-120b/RTLLM/Prob031_freq_div/Gen5/Prob031_freq_div_sample5_M-I,
size_control_3d,RTLLM,Prob031_freq_div,combinational,5,524a77e3-39cc-46a4-bbcc-901ecc7bf65e,C-F,generation_log,0.214390461997,0.321585692996,99,0.000379,0,125,0.000671,0,0.208,0.435171385991,0,/workspace/exp/natural_qd_push/p3c_bd_sweep_20260704_093150_UTC/live/size_control_3d/seed_1001/openai_gpt-oss-120b/RTLLM/Prob031_freq_div/Gen5/Prob031_freq_div_sample6_C-F,
size_control_3d,RTLLM,Prob031_freq_div,combinational,5,f8870c63-3a73-4691-a222-b596b73ceb90,C-F,generation_log,0.214390461997,0.321585692996,99,0.000379,0,125,0.000671,0,0.208,0.435171385991,0,/workspace/exp/natural_qd_push/p3c_bd_sweep_20260704_093150_UTC/live/size_control_3d/seed_1001/openai_gpt-oss-120b/RTLLM/Prob031_freq_div/Gen5/Prob031_freq_div_sample7_C-F,
size_control_3d,RTLLM,Prob031_freq_div,combinational,5,f0db62e7-335b-4b02-be8a-bcfda6b8d28a,M-S,generation_log,0.0893631395926,0.134044709389,109,0.000577,0,125,0.000671,0,0.128,0.140089418778,0,/workspace/exp/natural_qd_push/p3c_bd_sweep_20260704_093150_UTC/live/size_control_3d/seed_1001/openai_gpt-oss-120b/RTLLM/Prob031_freq_div/Gen5/Prob031_freq_div_sample8_M-S,
size_control_3d,RTLLM,Prob035_calendar,sequential,0,43e5fcb5-04db-4ffc-a425-2e6a72680ab1,initial,generation_log,-0,0,196,0.0124,0.38,196,0.0124,0.38,0,0,0,/workspace/exp/natural_qd_push/p3c_bd_sweep_20260704_093150_UTC/live/size_control_3d/seed_1001/openai_gpt-oss-120b/RTLLM/Prob035_calendar/Gen0/Prob035_calendar_sample1_initial,
size_control_3d,RTLLM,Prob035_calendar,sequential,0,f3899faf-0b37-4682-a3c9-56374f927c22,initial,generation_log,-0,0,196,0.0124,0.38,196,0.0124,0.38,0,0,0,/workspace/exp/natural_qd_push/p3c_bd_sweep_20260704_093150_UTC/live/size_control_3d/seed_1001/openai_gpt-oss-120b/RTLLM/Prob035_calendar/Gen0/Prob035_calendar_sample2_initial,
size_control_3d,RTLLM,Prob035_calendar,sequential,0,0d9b41ee-61f8-4fc5-8af1-bf7dc3d67e48,initial,generation_log,-0,0,196,0.0124,0.38,196,0.0124,0.38,0,0,0,/workspace/exp/natural_qd_push/p3c_bd_sweep_20260704_093150_UTC/live/size_control_3d/seed_1001/openai_gpt-oss-120b/RTLLM/Prob035_calendar/Gen0/Prob035_calendar_sample3_initial,
size_control_3d,RTLLM,Prob035_calendar,sequential,0,37ffdd51-90db-4a14-bdb8-4d525bd59f20,initial,generation_log,-0,0,196,0.0124,0.38,196,0.0124,0.38,0,0,0,/workspace/exp/natural_qd_push/p3c_bd_sweep_20260704_093150_UTC/live/size_control_3d/seed_1001/openai_gpt-oss-120b/RTLLM/Prob035_calendar/Gen0/Prob035_calendar_sample4_initial,
size_control_3d,RTLLM,Prob035_calendar,sequential,0,b4c710fa-f789-4c96-a90b-57b9b5910a9f,initial,generation_log,-0,0,196,0.0124,0.38,196,0.0124,0.38,0,0,0,/workspace/exp/natural_qd_push/p3c_bd_sweep_20260704_093150_UTC/live/size_control_3d/seed_1001/openai_gpt-oss-120b/RTLLM/Prob035_calendar/Gen0/Prob035_calendar_sample5_initial,
size_control_3d,RTLLM,Prob035_calendar,sequential,0,40980d6d-aca0-4ee1-b637-918329831d4a,initial,generation_log,-0,0,196,0.0124,0.38,196,0.0124,0.38,0,0,0,/workspace/exp/natural_qd_push/p3c_bd_sweep_20260704_093150_UTC/live/size_control_3d/seed_1001/openai_gpt-oss-120b/RTLLM/Prob035_calendar/Gen0/Prob035_calendar_sample6_initial,
size_control_3d,RTLLM,Prob035_calendar,sequential,0,937d81db-43ce-41a0-8c34-66ea979b3080,initial,generation_log,-0,0,196,0.0124,0.38,196,0.0124,0.38,0,0,0,/workspace/exp/natural_qd_push/p3c_bd_sweep_20260704_093150_UTC/live/size_control_3d/seed_1001/openai_gpt-oss-120b/RTLLM/Prob035_calendar/Gen0/Prob035_calendar_sample7_initial,
size_control_3d,RTLLM,Prob035_calendar,sequential,0,9b59648e-d969-49ad-b03d-cd46c5149e40,initial,generation_log,-0,0,196,0.0124,0.38,196,0.0124,0.38,0,0,0,/workspace/exp/natural_qd_push/p3c_bd_sweep_20260704_093150_UTC/live/size_control_3d/seed_1001/openai_gpt-oss-120b/RTLLM/Prob035_calendar/Gen0/Prob035_calendar_sample8_initial,
size_control_3d,RTLLM,Prob035_calendar,sequential,1,aa90915a-a331-4896-a11f-b635d60902a0,M-S,generation_log,0.00510204081633,0.00510204081633,193,0.0124,0.38,196,0.0124,0.38,0.015306122449,0,0,/workspace/exp/natural_qd_push/p3c_bd_sweep_20260704_093150_UTC/live/size_control_3d/seed_1001/openai_gpt-oss-120b/RTLLM/Prob035_calendar/Gen1/Prob035_calendar_sample1_M-S,
size_control_3d,RTLLM,Prob035_calendar,sequential,2,dffa091e-ead8-4921-a018-4c718da1d563,M-T,generation_log,-4.7775602601,-4.7775602601,2881,0.0121,0.63,196,0.0124,0.38,-13.6989795918,0.0241935483871,-0.657894736842,/workspace/exp/natural_qd_push/p3c_bd_sweep_20260704_093150_UTC/live/size_control_3d/seed_1001/openai_gpt-oss-120b/RTLLM/Prob035_calendar/Gen2/Prob035_calendar_sample1_M-T,
size_control_3d,RTLLM,Prob035_calendar,sequential,3,70c5ff59-c1e5-425f-b276-027f685b003c,M-S,generation_log,0.0233821881894,0.0233821881894,183,0.0117,0.4,196,0.0124,0.38,0.0663265306122,0.0564516129032,-0.0526315789474,/workspace/exp/natural_qd_push/p3c_bd_sweep_20260704_093150_UTC/live/size_control_3d/seed_1001/openai_gpt-oss-120b/RTLLM/Prob035_calendar/Gen3/Prob035_calendar_sample5_M-S,
size_control_3d,RTLLM,Prob035_calendar,sequential,3,d29b97ce-da5b-45a7-8958-ba1ab7311b99,C-F,generation_log,0.00510204081633,0.00510204081633,193,0.0124,0.38,196,0.0124,0.38,0.015306122449,0,0,/workspace/exp/natural_qd_push/p3c_bd_sweep_20260704_093150_UTC/live/size_control_3d/seed_1001/openai_gpt-oss-120b/RTLLM/Prob035_calendar/Gen3/Prob035_calendar_sample6_C-F,
size_control_3d,RTLLM,Prob035_calendar,sequential,3,4e3c4f9c-7c67-4661-8390-e258c31387a6,C-F,generation_log,0.00510204081633,0.00510204081633,193,0.0124,0.38,196,0.0124,0.38,0.015306122449,0,0,/workspace/exp/natural_qd_push/p3c_bd_sweep_20260704_093150_UTC/live/size_control_3d/seed_1001/openai_gpt-oss-120b/RTLLM/Prob035_calendar/Gen3/Prob035_calendar_sample8_C-F,
size_control_3d,RTLLM,Prob035_calendar,sequential,4,7baae19d-1513-4a68-8094-751a8321c96b,M-T,generation_log,0.0233821881894,0.0233821881894,183,0.0117,0.4,196,0.0124,0.38,0.0663265306122,0.0564516129032,-0.0526315789474,/workspace/exp/natural_qd_push/p3c_bd_sweep_20260704_093150_UTC/live/size_control_3d/seed_1001/openai_gpt-oss-120b/RTLLM/Prob035_calendar/Gen4/Prob035_calendar_sample1_M-T,
size_control_3d,RTLLM,Prob035_calendar,sequential,4,42528604-7159-4339-a1ee-50513fa5674b,M-E,generation_log,0.0199808276451,0.0199808276451,185,0.0117,0.4,196,0.0124,0.38,0.0561224489796,0.0564516129032,-0.0526315789474,/workspace/exp/natural_qd_push/p3c_bd_sweep_20260704_093150_UTC/live/size_control_3d/seed_1001/openai_gpt-oss-120b/RTLLM/Prob035_calendar/Gen4/Prob035_calendar_sample2_M-E,
size_control_3d,RTLLM,Prob035_calendar,sequential,4,fc4286b9-ec5b-4072-a5ec-1e1a0784820b,C-F,generation_log,0.0233821881894,0.0233821881894,183,0.0117,0.4,196,0.0124,0.38,0.0663265306122,0.0564516129032,-0.0526315789474,/workspace/exp/natural_qd_push/p3c_bd_sweep_20260704_093150_UTC/live/size_control_3d/seed_1001/openai_gpt-oss-120b/RTLLM/Prob035_calendar/Gen4/Prob035_calendar_sample3_C-F,
size_control_3d,RTLLM,Prob035_calendar,sequential,4,d0154c68-e9d6-40cf-8594-90f2f5f5ae50,M-I,generation_log,0.0233821881894,0.0233821881894,183,0.0117,0.4,196,0.0124,0.38,0.0663265306122,0.0564516129032,-0.0526315789474,/workspace/exp/natural_qd_push/p3c_bd_sweep_20260704_093150_UTC/live/size_control_3d/seed_1001/openai_gpt-oss-120b/RTLLM/Prob035_calendar/Gen4/Prob035_calendar_sample4_M-I,
size_control_3d,RTLLM,Prob035_calendar,sequential,4,9b437d88-6c33-4118-8f97-8c2f9973bdc7,M-S,generation_log,0.0233821881894,0.0233821881894,183,0.0117,0.4,196,0.0124,0.38,0.0663265306122,0.0564516129032,-0.0526315789474,/workspace/exp/natural_qd_push/p3c_bd_sweep_20260704_093150_UTC/live/size_control_3d/seed_1001/openai_gpt-oss-120b/RTLLM/Prob035_calendar/Gen4/Prob035_calendar_sample5_M-S,
size_control_3d,RTLLM,Prob035_calendar,sequential,4,86a54273-914b-4959-9f42-acc65462f158,C-F,generation_log,0.0233821881894,0.0233821881894,183,0.0117,0.4,196,0.0124,0.38,0.0663265306122,0.0564516129032,-0.0526315789474,/workspace/exp/natural_qd_push/p3c_bd_sweep_20260704_093150_UTC/live/size_control_3d/seed_1001/openai_gpt-oss-120b/RTLLM/Prob035_calendar/Gen4/Prob035_calendar_sample7_C-F,
size_control_3d,RTLLM,Prob035_calendar,sequential,4,16133b68-6e90-470c-b3a5-7dd6a5b7edca,M-R,generation_log,0.0233821881894,0.0233821881894,183,0.0117,0.4,196,0.0124,0.38,0.0663265306122,0.0564516129032,-0.0526315789474,/workspace/exp/natural_qd_push/p3c_bd_sweep_20260704_093150_UTC/live/size_control_3d/seed_1001/openai_gpt-oss-120b/RTLLM/Prob035_calendar/Gen4/Prob035_calendar_sample8_M-R,
size_control_3d,RTLLM,Prob035_calendar,sequential,5,dc4e871a-038e-45f8-bc41-dc603cea1867,M-T,generation_log,0.0233821881894,0.0233821881894,183,0.0117,0.4,196,0.0124,0.38,0.0663265306122,0.0564516129032,-0.0526315789474,/workspace/exp/natural_qd_push/p3c_bd_sweep_20260704_093150_UTC/live/size_control_3d/seed_1001/openai_gpt-oss-120b/RTLLM/Prob035_calendar/Gen5/Prob035_calendar_sample1_M-T,
size_control_3d,RTLLM,Prob035_calendar,sequential,5,4f4aeed7-5fdb-4bf9-b458-a7000eeb823b,C-D,generation_log,0.00510204081633,0.00510204081633,193,0.0124,0.38,196,0.0124,0.38,0.015306122449,0,0,/workspace/exp/natural_qd_push/p3c_bd_sweep_20260704_093150_UTC/live/size_control_3d/seed_1001/openai_gpt-oss-120b/RTLLM/Prob035_calendar/Gen5/Prob035_calendar_sample2_C-D,
size_control_3d,RTLLM,Prob035_calendar,sequential,5,66b514f8-26b9-4743-be1b-da85e6f846ec,C-F,generation_log,0.0199808276451,0.0199808276451,185,0.0117,0.4,196,0.0124,0.38,0.0561224489796,0.0564516129032,-0.0526315789474,/workspace/exp/natural_qd_push/p3c_bd_sweep_20260704_093150_UTC/live/size_control_3d/seed_1001/openai_gpt-oss-120b/RTLLM/Prob035_calendar/Gen5/Prob035_calendar_sample7_C-F,
size_control_3d,RTLLM,Prob035_calendar,sequential,5,27283345-b278-4ad0-9dff-79244492606c,M-I,generation_log,0.0233821881894,0.0233821881894,183,0.0117,0.4,196,0.0124,0.38,0.0663265306122,0.0564516129032,-0.0526315789474,/workspace/exp/natural_qd_push/p3c_bd_sweep_20260704_093150_UTC/live/size_control_3d/seed_1001/openai_gpt-oss-120b/RTLLM/Prob035_calendar/Gen5/Prob035_calendar_sample8_M-I,
size_control_3d,RTLLM,Prob036_edge_detect,sequential,0,5e030383-8753-4564-adab-ce1869818546,initial,generation_log,-0,0,19,0.00189,0.17,19,0.00189,0.17,0,0,0,/workspace/exp/natural_qd_push/p3c_bd_sweep_20260704_093150_UTC/live/size_control_3d/seed_1001/openai_gpt-oss-120b/RTLLM/Prob036_edge_detect/Gen0/Prob036_edge_detect_sample1_initial,
size_control_3d,RTLLM,Prob036_edge_detect,sequential,0,0b2734ff-2281-4f56-bb7f-f250df92aefc,initial,generation_log,-0,0,19,0.00189,0.17,19,0.00189,0.17,0,0,0,/workspace/exp/natural_qd_push/p3c_bd_sweep_20260704_093150_UTC/live/size_control_3d/seed_1001/openai_gpt-oss-120b/RTLLM/Prob036_edge_detect/Gen0/Prob036_edge_detect_sample2_initial,
size_control_3d,RTLLM,Prob036_edge_detect,sequential,0,9a26473c-2177-4312-85bb-4edece7e49b6,initial,generation_log,-0,0,19,0.00189,0.17,19,0.00189,0.17,0,0,0,/workspace/exp/natural_qd_push/p3c_bd_sweep_20260704_093150_UTC/live/size_control_3d/seed_1001/openai_gpt-oss-120b/RTLLM/Prob036_edge_detect/Gen0/Prob036_edge_detect_sample3_initial,
size_control_3d,RTLLM,Prob036_edge_detect,sequential,0,130f2364-66cc-448f-a40d-e7dfb39e33c7,initial,generation_log,-0,0,19,0.00189,0.17,19,0.00189,0.17,0,0,0,/workspace/exp/natural_qd_push/p3c_bd_sweep_20260704_093150_UTC/live/size_control_3d/seed_1001/openai_gpt-oss-120b/RTLLM/Prob036_edge_detect/Gen0/Prob036_edge_detect_sample4_initial,
size_control_3d,RTLLM,Prob036_edge_detect,sequential,0,8f1fa2f0-5d33-4554-935c-0c68405aa73d,initial,generation_log,-0,0,19,0.00189,0.17,19,0.00189,0.17,0,0,0,/workspace/exp/natural_qd_push/p3c_bd_sweep_20260704_093150_UTC/live/size_control_3d/seed_1001/openai_gpt-oss-120b/RTLLM/Prob036_edge_detect/Gen0/Prob036_edge_detect_sample5_initial,
size_control_3d,RTLLM,Prob036_edge_detect,sequential,0,7e946357-e88a-48f0-9be0-d0cbc814bfe2,initial,generation_log,-0,0,19,0.00189,0.17,19,0.00189,0.17,0,0,0,/workspace/exp/natural_qd_push/p3c_bd_sweep_20260704_093150_UTC/live/size_control_3d/seed_1001/openai_gpt-oss-120b/RTLLM/Prob036_edge_detect/Gen0/Prob036_edge_detect_sample6_initial,
size_control_3d,RTLLM,Prob036_edge_detect,sequential,0,4992bee2-6991-4a11-9c60-ec1f7cfd310c,initial,generation_log,-0,0,19,0.00189,0.17,19,0.00189,0.17,0,0,0,/workspace/exp/natural_qd_push/p3c_bd_sweep_20260704_093150_UTC/live/size_control_3d/seed_1001/openai_gpt-oss-120b/RTLLM/Prob036_edge_detect/Gen0/Prob036_edge_detect_sample7_initial,
size_control_3d,RTLLM,Prob036_edge_detect,sequential,0,3c05862b-3306-4edd-9b82-6b2e0ea100d1,initial,generation_log,-0,0,19,0.00189,0.17,19,0.00189,0.17,0,0,0,/workspace/exp/natural_qd_push/p3c_bd_sweep_20260704_093150_UTC/live/size_control_3d/seed_1001/openai_gpt-oss-120b/RTLLM/Prob036_edge_detect/Gen0/Prob036_edge_detect_sample8_initial,
size_control_3d,RTLLM,Prob036_edge_detect,sequential,1,e3504ff8-d1d1-4779-a1bf-d059e7429280,M-R,generation_log,-0.0774157616263,-0.0774157616263,21,0.00213,0.17,19,0.00189,0.17,-0.105263157895,-0.126984126984,0,/workspace/exp/natural_qd_push/p3c_bd_sweep_20260704_093150_UTC/live/size_control_3d/seed_1001/openai_gpt-oss-120b/RTLLM/Prob036_edge_detect/Gen1/Prob036_edge_detect_sample5_M-R,
size_control_3d,RTLLM,Prob036_edge_detect,sequential,2,9436780c-7c67-47d1-91b3-9dccf12a6626,M-E,generation_log,-0.154624032849,-0.154624032849,23,0.00248,0.16,19,0.00189,0.17,-0.210526315789,-0.312169312169,0.0588235294118,/workspace/exp/natural_qd_push/p3c_bd_sweep_20260704_093150_UTC/live/size_control_3d/seed_1001/openai_gpt-oss-120b/RTLLM/Prob036_edge_detect/Gen2/Prob036_edge_detect_sample1_M-E,
size_control_3d,RTLLM,Prob036_edge_detect,sequential,2,c771c583-81d6-44e2-a0c3-1f778c601d03,M-F,generation_log,-0,0,19,0.00189,0.17,19,0.00189,0.17,0,0,0,/workspace/exp/natural_qd_push/p3c_bd_sweep_20260704_093150_UTC/live/size_control_3d/seed_1001/openai_gpt-oss-120b/RTLLM/Prob036_edge_detect/Gen2/Prob036_edge_detect_sample2_M-F,
size_control_3d,RTLLM,Prob036_edge_detect,sequential,2,950f8eb1-7612-4132-a4ca-f7012c579b08,M-F,generation_log,-0.0774157616263,-0.0774157616263,21,0.00213,0.17,19,0.00189,0.17,-0.105263157895,-0.126984126984,0,/workspace/exp/natural_qd_push/p3c_bd_sweep_20260704_093150_UTC/live/size_control_3d/seed_1001/openai_gpt-oss-120b/RTLLM/Prob036_edge_detect/Gen2/Prob036_edge_detect_sample3_M-F,
size_control_3d,RTLLM,Prob036_edge_detect,sequential,2,4636fdce-9cc1-4d62-a9fa-3b4ab3b542da,M-E,generation_log,0.0389153712167,0.0389153712167,18,0.00188,0.16,19,0.00189,0.17,0.0526315789474,0.00529100529101,0.0588235294118,/workspace/exp/natural_qd_push/p3c_bd_sweep_20260704_093150_UTC/live/size_control_3d/seed_1001/openai_gpt-oss-120b/RTLLM/Prob036_edge_detect/Gen2/Prob036_edge_detect_sample4_M-E,
size_control_3d,RTLLM,Prob036_edge_detect,sequential,2,cccc9aa2-cb2f-42c6-a86d-f8c32fc5b300,M-R,generation_log,-0.0774157616263,-0.0774157616263,21,0.00213,0.17,19,0.00189,0.17,-0.105263157895,-0.126984126984,0,/workspace/exp/natural_qd_push/p3c_bd_sweep_20260704_093150_UTC/live/size_control_3d/seed_1001/openai_gpt-oss-120b/RTLLM/Prob036_edge_detect/Gen2/Prob036_edge_detect_sample6_M-R,
size_control_3d,RTLLM,Prob036_edge_detect,sequential,2,af5e8b6e-0be0-42c2-b076-63dd90222cc8,M-S,generation_log,-0.0774157616263,-0.0774157616263,21,0.00213,0.17,19,0.00189,0.17,-0.105263157895,-0.126984126984,0,/workspace/exp/natural_qd_push/p3c_bd_sweep_20260704_093150_UTC/live/size_control_3d/seed_1001/openai_gpt-oss-120b/RTLLM/Prob036_edge_detect/Gen2/Prob036_edge_detect_sample7_M-S,
size_control_3d,RTLLM,Prob036_edge_detect,sequential,2,c972daef-ae92-469a-8bc2-2c3be3294694,M-S,generation_log,-0,0,19,0.00189,0.17,19,0.00189,0.17,0,0,0,/workspace/exp/natural_qd_push/p3c_bd_sweep_20260704_093150_UTC/live/size_control_3d/seed_1001/openai_gpt-oss-120b/RTLLM/Prob036_edge_detect/Gen2/Prob036_edge_detect_sample8_M-S,
size_control_3d,RTLLM,Prob036_edge_detect,sequential,3,ced5ad7e-3538-461b-9542-f2f5b02f7ea1,M-T,generation_log,-1.20818986464,0.752594449086,8,0.000607,0,19,0.00189,0.17,0.578947368421,0.678835978836,1,/workspace/exp/natural_qd_push/p3c_bd_sweep_20260704_093150_UTC/live/size_control_3d/seed_1001/openai_gpt-oss-120b/RTLLM/Prob036_edge_detect/Gen3/Prob036_edge_detect_sample1_M-T,
size_control_3d,RTLLM,Prob036_edge_detect,sequential,3,47108b17-6629-4c5e-8230-34f9ff6686e5,M-E,generation_log,0.285872633654,0.285872633654,14,0.0011,0.14,19,0.00189,0.17,0.263157894737,0.417989417989,0.176470588235,/workspace/exp/natural_qd_push/p3c_bd_sweep_20260704_093150_UTC/live/size_control_3d/seed_1001/openai_gpt-oss-120b/RTLLM/Prob036_edge_detect/Gen3/Prob036_edge_detect_sample2_M-E,
size_control_3d,RTLLM,Prob036_edge_detect,sequential,3,3c178ae9-a636-4aac-ac74-a4d5d98d7fc7,M-I,generation_log,0.0389153712167,0.0389153712167,18,0.00188,0.16,19,0.00189,0.17,0.0526315789474,0.00529100529101,0.0588235294118,/workspace/exp/natural_qd_push/p3c_bd_sweep_20260704_093150_UTC/live/size_control_3d/seed_1001/openai_gpt-oss-120b/RTLLM/Prob036_edge_detect/Gen3/Prob036_edge_detect_sample3_M-I,
size_control_3d,RTLLM,Prob036_edge_detect,sequential,3,03e796e8-681c-4d0b-b285-233bfd5d758e,M-I,generation_log,0.0630388607685,0.0630388607685,13,0.00124,0.25,19,0.00189,0.17,0.315789473684,0.343915343915,-0.470588235294,/workspace/exp/natural_qd_push/p3c_bd_sweep_20260704_093150_UTC/live/size_control_3d/seed_1001/openai_gpt-oss-120b/RTLLM/Prob036_edge_detect/Gen3/Prob036_edge_detect_sample7_M-I,
size_control_3d,RTLLM,Prob036_edge_detect,sequential,3,498ade0f-8e8c-41f7-b4a5-54febb295c9c,M-S,generation_log,0.0389153712167,0.0389153712167,18,0.00188,0.16,19,0.00189,0.17,0.0526315789474,0.00529100529101,0.0588235294118,/workspace/exp/natural_qd_push/p3c_bd_sweep_20260704_093150_UTC/live/size_control_3d/seed_1001/openai_gpt-oss-120b/RTLLM/Prob036_edge_detect/Gen3/Prob036_edge_detect_sample8_M-S,
size_control_3d,RTLLM,Prob036_edge_detect,sequential,4,765d4bdf-dbfd-4e27-8bc2-e71aa9e5d202,C-F,generation_log,0.0389153712167,0.0389153712167,18,0.00188,0.16,19,0.00189,0.17,0.0526315789474,0.00529100529101,0.0588235294118,/workspace/exp/natural_qd_push/p3c_bd_sweep_20260704_093150_UTC/live/size_control_3d/seed_1001/openai_gpt-oss-120b/RTLLM/Prob036_edge_detect/Gen4/Prob036_edge_detect_sample4_C-F,
size_control_3d,RTLLM,Prob036_edge_detect,sequential,4,08b9bd06-3a55-4ede-b121-42d59f8ff886,M-S,generation_log,-1.24548681071,0.715297503017,9,0.000719,0,19,0.00189,0.17,0.526315789474,0.619576719577,1,/workspace/exp/natural_qd_push/p3c_bd_sweep_20260704_093150_UTC/live/size_control_3d/seed_1001/openai_gpt-oss-120b/RTLLM/Prob036_edge_detect/Gen4/Prob036_edge_detect_sample5_M-S,
size_control_3d,RTLLM,Prob036_edge_detect,sequential,4,082a364e-997a-4704-a7f0-d0871e31f899,M-I,generation_log,0.0389153712167,0.0389153712167,18,0.00188,0.16,19,0.00189,0.17,0.0526315789474,0.00529100529101,0.0588235294118,/workspace/exp/natural_qd_push/p3c_bd_sweep_20260704_093150_UTC/live/size_control_3d/seed_1001/openai_gpt-oss-120b/RTLLM/Prob036_edge_detect/Gen4/Prob036_edge_detect_sample6_M-I,
size_control_3d,RTLLM,Prob036_edge_detect,sequential,4,bcb39755-c806-43e7-a1b5-9d8de100c2a7,M-R,generation_log,0.285872633654,0.285872633654,14,0.0011,0.14,19,0.00189,0.17,0.263157894737,0.417989417989,0.176470588235,/workspace/exp/natural_qd_push/p3c_bd_sweep_20260704_093150_UTC/live/size_control_3d/seed_1001/openai_gpt-oss-120b/RTLLM/Prob036_edge_detect/Gen4/Prob036_edge_detect_sample7_M-R,
size_control_3d,RTLLM,Prob036_edge_detect,sequential,5,fcfb2b3a-e069-4c07-ae44-8ef343ddfb13,M-E,generation_log,-0,0,19,0.00189,0.17,19,0.00189,0.17,0,0,0,/workspace/exp/natural_qd_push/p3c_bd_sweep_20260704_093150_UTC/live/size_control_3d/seed_1001/openai_gpt-oss-120b/RTLLM/Prob036_edge_detect/Gen5/Prob036_edge_detect_sample1_M-E,
size_control_3d,RTLLM,Prob036_edge_detect,sequential,5,b5d583c8-537d-416c-b078-a1147d9b7b18,M-S,generation_log,0.0389153712167,0.0389153712167,18,0.00188,0.16,19,0.00189,0.17,0.0526315789474,0.00529100529101,0.0588235294118,/workspace/exp/natural_qd_push/p3c_bd_sweep_20260704_093150_UTC/live/size_control_3d/seed_1001/openai_gpt-oss-120b/RTLLM/Prob036_edge_detect/Gen5/Prob036_edge_detect_sample4_M-S,
size_control_3d,RTLLM,Prob036_edge_detect,sequential,5,c6200d25-1189-4d0e-a191-d0503a397a73,M-S,generation_log,-1.2266155585,0.734168755221,9,0.000612,0,19,0.00189,0.17,0.526315789474,0.67619047619,1,/workspace/exp/natural_qd_push/p3c_bd_sweep_20260704_093150_UTC/live/size_control_3d/seed_1001/openai_gpt-oss-120b/RTLLM/Prob036_edge_detect/Gen5/Prob036_edge_detect_sample8_M-S,
size_control_3d,RTLLM,Prob037_parallel2serial,sequential,0,8cecf6aa-4746-438b-843d-c54ee30606fc,initial,generation_log,-0,0,50,0.00453,0.27,50,0.00453,0.27,0,0,0,/workspace/exp/natural_qd_push/p3c_bd_sweep_20260704_093150_UTC/live/size_control_3d/seed_1001/openai_gpt-oss-120b/RTLLM/Prob037_parallel2serial/Gen0/Prob037_parallel2serial_sample2_initial,
size_control_3d,RTLLM,Prob037_parallel2serial,sequential,0,a2ef4055-41d1-496e-8768-3d01d93a0ba8,initial,generation_log,-0,0,50,0.00453,0.27,50,0.00453,0.27,0,0,0,/workspace/exp/natural_qd_push/p3c_bd_sweep_20260704_093150_UTC/live/size_control_3d/seed_1001/openai_gpt-oss-120b/RTLLM/Prob037_parallel2serial/Gen0/Prob037_parallel2serial_sample5_initial,
size_control_3d,RTLLM,Prob037_parallel2serial,sequential,0,bceddab5-1789-477d-ad6e-5f75341bc442,initial,generation_log,-0,0,50,0.00453,0.27,50,0.00453,0.27,0,0,0,/workspace/exp/natural_qd_push/p3c_bd_sweep_20260704_093150_UTC/live/size_control_3d/seed_1001/openai_gpt-oss-120b/RTLLM/Prob037_parallel2serial/Gen0/Prob037_parallel2serial_sample7_initial,
size_control_3d,RTLLM,Prob037_parallel2serial,sequential,0,4b849995-d9d7-4a08-b823-7438e3f29272,initial,generation_log,-0,0,50,0.00453,0.27,50,0.00453,0.27,0,0,0,/workspace/exp/natural_qd_push/p3c_bd_sweep_20260704_093150_UTC/live/size_control_3d/seed_1001/openai_gpt-oss-120b/RTLLM/Prob037_parallel2serial/Gen0/Prob037_parallel2serial_sample8_initial,
size_control_3d,RTLLM,Prob037_parallel2serial,sequential,1,5d844bcc-5be8-4566-9846-d682bd443e31,M-R,generation_log,-0.164267844003,-0.164267844003,54,0.0064,0.27,50,0.00453,0.27,-0.08,-0.412803532009,0,/workspace/exp/natural_qd_push/p3c_bd_sweep_20260704_093150_UTC/live/size_control_3d/seed_1001/openai_gpt-oss-120b/RTLLM/Prob037_parallel2serial/Gen1/Prob037_parallel2serial_sample5_M-R,
size_control_3d,RTLLM,Prob037_parallel2serial,sequential,1,888c7da7-41bc-4b7b-b3f2-8e7cf9e59895,M-S,generation_log,-0,0,50,0.00453,0.27,50,0.00453,0.27,0,0,0,/workspace/exp/natural_qd_push/p3c_bd_sweep_20260704_093150_UTC/live/size_control_3d/seed_1001/openai_gpt-oss-120b/RTLLM/Prob037_parallel2serial/Gen1/Prob037_parallel2serial_sample8_M-S,
size_control_3d,RTLLM,Prob037_parallel2serial,sequential,2,87559b5c-94a0-41fc-9bd7-b7b1c2865e9d,M-E,generation_log,0.0572561523996,0.0572561523996,55,0.00397,0.23,50,0.00453,0.27,-0.1,0.123620309051,0.148148148148,/workspace/exp/natural_qd_push/p3c_bd_sweep_20260704_093150_UTC/live/size_control_3d/seed_1001/openai_gpt-oss-120b/RTLLM/Prob037_parallel2serial/Gen2/Prob037_parallel2serial_sample1_M-E,
size_control_3d,RTLLM,Prob037_parallel2serial,sequential,3,c11c6744-4002-4de6-875e-875ec3b1a84a,M-S,generation_log,-0.164267844003,-0.164267844003,54,0.0064,0.27,50,0.00453,0.27,-0.08,-0.412803532009,0,/workspace/exp/natural_qd_push/p3c_bd_sweep_20260704_093150_UTC/live/size_control_3d/seed_1001/openai_gpt-oss-120b/RTLLM/Prob037_parallel2serial/Gen3/Prob037_parallel2serial_sample7_M-S,
size_control_3d,RTLLM,Prob037_parallel2serial,sequential,4,5e622e4a-ce1d-491c-bf14-3e4debddc786,initial,generation_log,-0,0,50,0.00453,0.27,50,0.00453,0.27,0,0,0,/workspace/exp/natural_qd_push/p3c_bd_sweep_20260704_093150_UTC/live/size_control_3d/seed_1001/openai_gpt-oss-120b/RTLLM/Prob037_parallel2serial/Gen4/Prob037_parallel2serial_sample2_initial,
size_control_3d,RTLLM,Prob037_parallel2serial,sequential,4,262e2034-6992-4c91-b5cd-5f5aed3b9ddd,M-T,generation_log,-0,0,50,0.00453,0.27,50,0.00453,0.27,0,0,0,/workspace/exp/natural_qd_push/p3c_bd_sweep_20260704_093150_UTC/live/size_control_3d/seed_1001/openai_gpt-oss-120b/RTLLM/Prob037_parallel2serial/Gen4/Prob037_parallel2serial_sample2_M-T,
size_control_3d,RTLLM,Prob037_parallel2serial,sequential,4,deae3c4c-ee14-44f2-8a0c-ad6a02c764c1,C-D,generation_log,0.0572561523996,0.0572561523996,55,0.00397,0.23,50,0.00453,0.27,-0.1,0.123620309051,0.148148148148,/workspace/exp/natural_qd_push/p3c_bd_sweep_20260704_093150_UTC/live/size_control_3d/seed_1001/openai_gpt-oss-120b/RTLLM/Prob037_parallel2serial/Gen4/Prob037_parallel2serial_sample5_C-D,
size_control_3d,RTLLM,Prob037_parallel2serial,sequential,5,92f34885-4523-428c-b885-f1f1d60a1ef9,M-T,generation_log,-0,0,50,0.00453,0.27,50,0.00453,0.27,0,0,0,/workspace/exp/natural_qd_push/p3c_bd_sweep_20260704_093150_UTC/live/size_control_3d/seed_1001/openai_gpt-oss-120b/RTLLM/Prob037_parallel2serial/Gen5/Prob037_parallel2serial_sample3_M-T,
size_control_3d,RTLLM,Prob041_traffic_light,combinational,0,b040d409-6a4a-40b6-918d-65b6490d4f69,initial,generation_log,0.306394335512,0.459591503268,181,0.000522,0,170,0.0324,0,-0.0647058823529,0.983888888889,0,/workspace/exp/natural_qd_push/p3c_bd_sweep_20260704_093150_UTC/live/size_control_3d/seed_1001/openai_gpt-oss-120b/RTLLM/Prob041_traffic_light/Gen0/Prob041_traffic_light_sample3_initial,
size_control_3d,RTLLM,Prob041_traffic_light,combinational,1,ff03a9bb-6858-494c-b46c-b0fe4ce4868d,M-E,generation_log,0.0619462599855,0.0929193899782,151,0.03,0,170,0.0324,0,0.111764705882,0.0740740740741,0,/workspace/exp/natural_qd_push/p3c_bd_sweep_20260704_093150_UTC/live/size_control_3d/seed_1001/openai_gpt-oss-120b/RTLLM/Prob041_traffic_light/Gen1/Prob041_traffic_light_sample3_M-E,
size_control_3d,RTLLM,Prob041_traffic_light,combinational,1,72bf74b6-8206-443a-a994-3ea460df38ca,M-F,generation_log,0.310408496732,0.465612745098,179,0.000513,0,170,0.0324,0,-0.0529411764706,0.984166666667,0,/workspace/exp/natural_qd_push/p3c_bd_sweep_20260704_093150_UTC/live/size_control_3d/seed_1001/openai_gpt-oss-120b/RTLLM/Prob041_traffic_light/Gen1/Prob041_traffic_light_sample4_M-F,
size_control_3d,RTLLM,Prob041_traffic_light,combinational,1,fc0f98e2-5020-4602-b87b-89ec512ad1bb,M-R,generation_log,0.244650205761,0.366975308642,136,0.0151,0,170,0.0324,0,0.2,0.533950617284,0,/workspace/exp/natural_qd_push/p3c_bd_sweep_20260704_093150_UTC/live/size_control_3d/seed_1001/openai_gpt-oss-120b/RTLLM/Prob041_traffic_light/Gen1/Prob041_traffic_light_sample5_M-R,
size_control_3d,RTLLM,Prob041_traffic_light,combinational,1,00ba46da-510d-4bbc-a157-04f26945a8c4,M-S,generation_log,0.0803800532559,0.120570079884,182,0.0223,0,170,0.0324,0,-0.0705882352941,0.311728395062,0,/workspace/exp/natural_qd_push/p3c_bd_sweep_20260704_093150_UTC/live/size_control_3d/seed_1001/openai_gpt-oss-120b/RTLLM/Prob041_traffic_light/Gen1/Prob041_traffic_light_sample6_M-S,
size_control_3d,RTLLM,Prob041_traffic_light,combinational,1,bd67bd39-c7ca-4460-82f8-3a5ed7f2b21e,M-I,generation_log,0.195763737594,0.293645606391,173,0.0128,0,170,0.0324,0,-0.0176470588235,0.604938271605,0,/workspace/exp/natural_qd_push/p3c_bd_sweep_20260704_093150_UTC/live/size_control_3d/seed_1001/openai_gpt-oss-120b/RTLLM/Prob041_traffic_light/Gen1/Prob041_traffic_light_sample7_M-I,
size_control_3d,RTLLM,Prob041_traffic_light,combinational,1,ac5e6721-e9c4-4bcf-b584-f7bf7b77166e,M-S,generation_log,0.194855967078,0.292283950617,153,0.0167,0,170,0.0324,0,0.1,0.484567901235,0,/workspace/exp/natural_qd_push/p3c_bd_sweep_20260704_093150_UTC/live/size_control_3d/seed_1001/openai_gpt-oss-120b/RTLLM/Prob041_traffic_light/Gen1/Prob041_traffic_light_sample8_M-S,
size_control_3d,RTLLM,Prob041_traffic_light,combinational,2,b779b3a7-52e5-4909-a947-22f3830a4d1a,M-S,generation_log,0.285378842895,0.428068264343,121,0.014,0,170,0.0324,0,0.288235294118,0.567901234568,0,/workspace/exp/natural_qd_push/p3c_bd_sweep_20260704_093150_UTC/live/size_control_3d/seed_1001/openai_gpt-oss-120b/RTLLM/Prob041_traffic_light/Gen2/Prob041_traffic_light_sample6_M-S,
size_control_3d,RTLLM,Prob041_traffic_light,combinational,2,1fa7a32e-1051-4a5e-a48f-c5d84d38d606,M-R,generation_log,0.236226095376,0.354339143065,134,0.0163,0,170,0.0324,0,0.211764705882,0.496913580247,0,/workspace/exp/natural_qd_push/p3c_bd_sweep_20260704_093150_UTC/live/size_control_3d/seed_1001/openai_gpt-oss-120b/RTLLM/Prob041_traffic_light/Gen2/Prob041_traffic_light_sample8_M-R,
size_control_3d,RTLLM,Prob041_traffic_light,combinational,3,3735b9d3-376f-4b9b-8527-1dca022b2ab4,C-D,generation_log,0.306394335512,0.459591503268,181,0.000522,0,170,0.0324,0,-0.0647058823529,0.983888888889,0,/workspace/exp/natural_qd_push/p3c_bd_sweep_20260704_093150_UTC/live/size_control_3d/seed_1001/openai_gpt-oss-120b/RTLLM/Prob041_traffic_light/Gen3/Prob041_traffic_light_sample3_C-D,
size_control_3d,RTLLM,Prob041_traffic_light,combinational,3,35958f1f-d3e8-44b8-9484-ce563fc16db2,C-D,generation_log,-0.102674897119,-0.154012345679,204,0.0359,0,170,0.0324,0,-0.2,-0.108024691358,0,/workspace/exp/natural_qd_push/p3c_bd_sweep_20260704_093150_UTC/live/size_control_3d/seed_1001/openai_gpt-oss-120b/RTLLM/Prob041_traffic_light/Gen3/Prob041_traffic_light_sample4_C-D,
size_control_3d,RTLLM,Prob041_traffic_light,combinational,3,37b89176-e5df-4924-b2eb-b3c629a98c5f,C-D,generation_log,-0.0335027838296,-0.0502541757444,164,0.0368,0,170,0.0324,0,0.0352941176471,-0.135802469136,0,/workspace/exp/natural_qd_push/p3c_bd_sweep_20260704_093150_UTC/live/size_control_3d/seed_1001/openai_gpt-oss-120b/RTLLM/Prob041_traffic_light/Gen3/Prob041_traffic_light_sample5_C-D,
size_control_3d,RTLLM,Prob041_traffic_light,combinational,3,19b1eb86-37ee-4077-8870-dc2e7b2e2a1f,C-D,generation_log,0.38503570564,0.57755355846,142,0.000311,0,170,0.0324,0,0.164705882353,0.990401234568,0,/workspace/exp/natural_qd_push/p3c_bd_sweep_20260704_093150_UTC/live/size_control_3d/seed_1001/openai_gpt-oss-120b/RTLLM/Prob041_traffic_light/Gen3/Prob041_traffic_light_sample6_C-D,
size_control_3d,RTLLM,Prob041_traffic_light,combinational,4,ce634a1e-436a-4a9f-b4a9-b2a0087f6a39,M-T,generation_log,0.336845194868,0.505267792302,166,0.000421,0,170,0.0324,0,0.0235294117647,0.98700617284,0,/workspace/exp/natural_qd_push/p3c_bd_sweep_20260704_093150_UTC/live/size_control_3d/seed_1001/openai_gpt-oss-120b/RTLLM/Prob041_traffic_light/Gen4/Prob041_traffic_light_sample3_M-T,
size_control_3d,RTLLM,Prob041_traffic_light,combinational,4,b2aac133-d833-4d74-aa42-7dae877a016f,C-D,generation_log,0.38503570564,0.57755355846,142,0.000311,0,170,0.0324,0,0.164705882353,0.990401234568,0,/workspace/exp/natural_qd_push/p3c_bd_sweep_20260704_093150_UTC/live/size_control_3d/seed_1001/openai_gpt-oss-120b/RTLLM/Prob041_traffic_light/Gen4/Prob041_traffic_light_sample5_C-D,
size_control_3d,RTLLM,Prob041_traffic_light,combinational,4,29453b4b-bfd0-4c87-a6ff-660e864a36b2,C-D,generation_log,0.369478939724,0.554218409586,149,0.000489,0,170,0.0324,0,0.123529411765,0.984907407407,0,/workspace/exp/natural_qd_push/p3c_bd_sweep_20260704_093150_UTC/live/size_control_3d/seed_1001/openai_gpt-oss-120b/RTLLM/Prob041_traffic_light/Gen4/Prob041_traffic_light_sample6_C-D,
size_control_3d,RTLLM,Prob041_traffic_light,combinational,5,639cbcf0-9c7e-4e39-80d6-44897a3782a1,M-F,generation_log,-0.0869886226095,-0.130482933914,196,0.0359,0,170,0.0324,0,-0.152941176471,-0.108024691358,0,/workspace/exp/natural_qd_push/p3c_bd_sweep_20260704_093150_UTC/live/size_control_3d/seed_1001/openai_gpt-oss-120b/RTLLM/Prob041_traffic_light/Gen5/Prob041_traffic_light_sample1_M-F,
size_control_3d,RTLLM,Prob041_traffic_light,combinational,5,9857f7ac-6324-480d-9d68-aa887577d204,M-T,generation_log,0.234676833696,0.352015250545,118,0.0195,0,170,0.0324,0,0.305882352941,0.398148148148,0,/workspace/exp/natural_qd_push/p3c_bd_sweep_20260704_093150_UTC/live/size_control_3d/seed_1001/openai_gpt-oss-120b/RTLLM/Prob041_traffic_light/Gen5/Prob041_traffic_light_sample4_M-T,
size_control_3d,RTLLM,Prob041_traffic_light,combinational,5,dce9f6c8-3a76-4f7d-93a7-2ce364a107ac,C-D,generation_log,0.0272573226822,0.0408859840232,154,0.0328,0,170,0.0324,0,0.0941176470588,-0.0123456790123,0,/workspace/exp/natural_qd_push/p3c_bd_sweep_20260704_093150_UTC/live/size_control_3d/seed_1001/openai_gpt-oss-120b/RTLLM/Prob041_traffic_light/Gen5/Prob041_traffic_light_sample5_C-D,
size_control_3d,RTLLM,Prob041_traffic_light,combinational,5,8d026919-5e54-4db0-bc43-b105aab1eae0,M-E,generation_log,0.274800290487,0.41220043573,118,0.0156,0,170,0.0324,0,0.305882352941,0.518518518519,0,/workspace/exp/natural_qd_push/p3c_bd_sweep_20260704_093150_UTC/live/size_control_3d/seed_1001/openai_gpt-oss-120b/RTLLM/Prob041_traffic_light/Gen5/Prob041_traffic_light_sample6_M-E,
size_control_3d,RTLLM,Prob043_RAM,sequential,0,c69c6d4d-189c-4b26-aad6-02d50060dc3b,initial,generation_log,0.236619081526,0.236619081526,506,0.069,0.3,734,0.109,0.31,0.310626702997,0.366972477064,0.0322580645161,/workspace/exp/natural_qd_push/p3c_bd_sweep_20260704_093150_UTC/live/size_control_3d/seed_1001/openai_gpt-oss-120b/RTLLM/Prob043_RAM/Gen0/Prob043_RAM_sample1_initial,
size_control_3d,RTLLM,Prob043_RAM,sequential,0,88c08618-ee27-4e9c-a5e7-94d153eecaff,initial,generation_log,0.236619081526,0.236619081526,506,0.069,0.3,734,0.109,0.31,0.310626702997,0.366972477064,0.0322580645161,/workspace/exp/natural_qd_push/p3c_bd_sweep_20260704_093150_UTC/live/size_control_3d/seed_1001/openai_gpt-oss-120b/RTLLM/Prob043_RAM/Gen0/Prob043_RAM_sample2_initial,
size_control_3d,RTLLM,Prob043_RAM,sequential,0,1cab493f-ea2a-46e9-ad52-d8138a832314,initial,generation_log,0.236619081526,0.236619081526,506,0.069,0.3,734,0.109,0.31,0.310626702997,0.366972477064,0.0322580645161,/workspace/exp/natural_qd_push/p3c_bd_sweep_20260704_093150_UTC/live/size_control_3d/seed_1001/openai_gpt-oss-120b/RTLLM/Prob043_RAM/Gen0/Prob043_RAM_sample3_initial,
size_control_3d,RTLLM,Prob043_RAM,sequential,0,3a22e2ac-504b-4ebd-a786-36f42feb813e,initial,generation_log,0.236619081526,0.236619081526,506,0.069,0.3,734,0.109,0.31,0.310626702997,0.366972477064,0.0322580645161,/workspace/exp/natural_qd_push/p3c_bd_sweep_20260704_093150_UTC/live/size_control_3d/seed_1001/openai_gpt-oss-120b/RTLLM/Prob043_RAM/Gen0/Prob043_RAM_sample4_initial,
size_control_3d,RTLLM,Prob043_RAM,sequential,0,232f0cb6-9727-488b-8c9f-f17aea27fb79,initial,generation_log,0.236619081526,0.236619081526,506,0.069,0.3,734,0.109,0.31,0.310626702997,0.366972477064,0.0322580645161,/workspace/exp/natural_qd_push/p3c_bd_sweep_20260704_093150_UTC/live/size_control_3d/seed_1001/openai_gpt-oss-120b/RTLLM/Prob043_RAM/Gen0/Prob043_RAM_sample5_initial,
size_control_3d,RTLLM,Prob043_RAM,sequential,0,fe702a58-3d58-4871-b67b-0b5d67c400ea,initial,generation_log,0.236619081526,0.236619081526,506,0.069,0.3,734,0.109,0.31,0.310626702997,0.366972477064,0.0322580645161,/workspace/exp/natural_qd_push/p3c_bd_sweep_20260704_093150_UTC/live/size_control_3d/seed_1001/openai_gpt-oss-120b/RTLLM/Prob043_RAM/Gen0/Prob043_RAM_sample6_initial,
size_control_3d,RTLLM,Prob043_RAM,sequential,0,9b8955fe-a9c2-4668-9058-9c544bb5a7e2,initial,generation_log,0.236619081526,0.236619081526,506,0.069,0.3,734,0.109,0.31,0.310626702997,0.366972477064,0.0322580645161,/workspace/exp/natural_qd_push/p3c_bd_sweep_20260704_093150_UTC/live/size_control_3d/seed_1001/openai_gpt-oss-120b/RTLLM/Prob043_RAM/Gen0/Prob043_RAM_sample7_initial,
size_control_3d,RTLLM,Prob043_RAM,sequential,0,eedd403b-075e-40ab-a61f-1fa9c52cbbc5,initial,generation_log,0.236619081526,0.236619081526,506,0.069,0.3,734,0.109,0.31,0.310626702997,0.366972477064,0.0322580645161,/workspace/exp/natural_qd_push/p3c_bd_sweep_20260704_093150_UTC/live/size_control_3d/seed_1001/openai_gpt-oss-120b/RTLLM/Prob043_RAM/Gen0/Prob043_RAM_sample8_initial,
size_control_3d,RTLLM,Prob043_RAM,sequential,1,e945ab81-4d7b-4aeb-96fb-0f185f74838c,M-I,generation_log,0.426122637576,0.426122637576,422,0.0617,0.18,734,0.109,0.31,0.425068119891,0.433944954128,0.41935483871,/workspace/exp/natural_qd_push/p3c_bd_sweep_20260704_093150_UTC/live/size_control_3d/seed_1001/openai_gpt-oss-120b/RTLLM/Prob043_RAM/Gen1/Prob043_RAM_sample7_M-I,
size_control_3d,RTLLM,Prob043_RAM,sequential,1,c5672004-1bec-433e-be21-13c48a7ddfa8,M-R,generation_log,0.426122637576,0.426122637576,422,0.0617,0.18,734,0.109,0.31,0.425068119891,0.433944954128,0.41935483871,/workspace/exp/natural_qd_push/p3c_bd_sweep_20260704_093150_UTC/live/size_control_3d/seed_1001/openai_gpt-oss-120b/RTLLM/Prob043_RAM/Gen1/Prob043_RAM_sample8_M-R,
size_control_3d,RTLLM,Prob043_RAM,sequential,2,1364802f-73d0-403f-b003-8d9422ed7a84,M-E,generation_log,0.236619081526,0.236619081526,506,0.069,0.3,734,0.109,0.31,0.310626702997,0.366972477064,0.0322580645161,/workspace/exp/natural_qd_push/p3c_bd_sweep_20260704_093150_UTC/live/size_control_3d/seed_1001/openai_gpt-oss-120b/RTLLM/Prob043_RAM/Gen2/Prob043_RAM_sample1_M-E,
size_control_3d,RTLLM,Prob043_RAM,sequential,2,a00faa31-c74b-4d03-b5d6-ffc8b3d26175,M-T,generation_log,0.426122637576,0.426122637576,422,0.0617,0.18,734,0.109,0.31,0.425068119891,0.433944954128,0.41935483871,/workspace/exp/natural_qd_push/p3c_bd_sweep_20260704_093150_UTC/live/size_control_3d/seed_1001/openai_gpt-oss-120b/RTLLM/Prob043_RAM/Gen2/Prob043_RAM_sample2_M-T,
size_control_3d,RTLLM,Prob043_RAM,sequential,2,079071bc-d6c5-4688-812f-80df4ad0084e,C-F,generation_log,0.426122637576,0.426122637576,422,0.0617,0.18,734,0.109,0.31,0.425068119891,0.433944954128,0.41935483871,/workspace/exp/natural_qd_push/p3c_bd_sweep_20260704_093150_UTC/live/size_control_3d/seed_1001/openai_gpt-oss-120b/RTLLM/Prob043_RAM/Gen2/Prob043_RAM_sample3_C-F,
size_control_3d,RTLLM,Prob043_RAM,sequential,2,9f9a96d5-53b7-4d80-8f7b-cbce78be0f4f,M-I,generation_log,0.319214526652,0.319214526652,458,0.0667,0.25,734,0.109,0.31,0.376021798365,0.388073394495,0.193548387097,/workspace/exp/natural_qd_push/p3c_bd_sweep_20260704_093150_UTC/live/size_control_3d/seed_1001/openai_gpt-oss-120b/RTLLM/Prob043_RAM/Gen2/Prob043_RAM_sample4_M-I,
size_control_3d,RTLLM,Prob043_RAM,sequential,2,3f2f1754-f5ea-4117-b64c-77c6da4cbe17,C-F,generation_log,0.236619081526,0.236619081526,506,0.069,0.3,734,0.109,0.31,0.310626702997,0.366972477064,0.0322580645161,/workspace/exp/natural_qd_push/p3c_bd_sweep_20260704_093150_UTC/live/size_control_3d/seed_1001/openai_gpt-oss-120b/RTLLM/Prob043_RAM/Gen2/Prob043_RAM_sample5_C-F,
size_control_3d,RTLLM,Prob043_RAM,sequential,2,1237205d-3ad4-4de0-8389-93027ec2d2c4,M-S,generation_log,0.426122637576,0.426122637576,422,0.0617,0.18,734,0.109,0.31,0.425068119891,0.433944954128,0.41935483871,/workspace/exp/natural_qd_push/p3c_bd_sweep_20260704_093150_UTC/live/size_control_3d/seed_1001/openai_gpt-oss-120b/RTLLM/Prob043_RAM/Gen2/Prob043_RAM_sample6_M-S,
size_control_3d,RTLLM,Prob043_RAM,sequential,2,f37fc4a9-e9e7-4d79-92eb-e0fab6e4d037,M-R,generation_log,0.236619081526,0.236619081526,506,0.069,0.3,734,0.109,0.31,0.310626702997,0.366972477064,0.0322580645161,/workspace/exp/natural_qd_push/p3c_bd_sweep_20260704_093150_UTC/live/size_control_3d/seed_1001/openai_gpt-oss-120b/RTLLM/Prob043_RAM/Gen2/Prob043_RAM_sample7_M-R,
size_control_3d,RTLLM,Prob043_RAM,sequential,3,a5a1d86d-dc3e-4137-ba3e-cdeb3be98dbd,M-T,generation_log,0.236619081526,0.236619081526,506,0.069,0.3,734,0.109,0.31,0.310626702997,0.366972477064,0.0322580645161,/workspace/exp/natural_qd_push/p3c_bd_sweep_20260704_093150_UTC/live/size_control_3d/seed_1001/openai_gpt-oss-120b/RTLLM/Prob043_RAM/Gen3/Prob043_RAM_sample1_M-T,
size_control_3d,RTLLM,Prob043_RAM,sequential,3,35201eea-405b-4626-a999-c05b1a604e96,C-D,generation_log,0.236619081526,0.236619081526,506,0.069,0.3,734,0.109,0.31,0.310626702997,0.366972477064,0.0322580645161,/workspace/exp/natural_qd_push/p3c_bd_sweep_20260704_093150_UTC/live/size_control_3d/seed_1001/openai_gpt-oss-120b/RTLLM/Prob043_RAM/Gen3/Prob043_RAM_sample2_C-D,
size_control_3d,RTLLM,Prob043_RAM,sequential,3,5cc51cb7-d05c-4fa6-8745-3bd217668c89,M-R,generation_log,0.319214526652,0.319214526652,458,0.0667,0.25,734,0.109,0.31,0.376021798365,0.388073394495,0.193548387097,/workspace/exp/natural_qd_push/p3c_bd_sweep_20260704_093150_UTC/live/size_control_3d/seed_1001/openai_gpt-oss-120b/RTLLM/Prob043_RAM/Gen3/Prob043_RAM_sample3_M-R,
size_control_3d,RTLLM,Prob043_RAM,sequential,3,d335e905-9107-4f09-b779-9635439c43a7,C-F,generation_log,0.321642677874,0.321642677874,454,0.0665,0.25,734,0.109,0.31,0.381471389646,0.389908256881,0.193548387097,/workspace/exp/natural_qd_push/p3c_bd_sweep_20260704_093150_UTC/live/size_control_3d/seed_1001/openai_gpt-oss-120b/RTLLM/Prob043_RAM/Gen3/Prob043_RAM_sample4_C-F,
size_control_3d,RTLLM,Prob043_RAM,sequential,3,10dd2a69-77fe-48fe-bd88-805732d92375,C-F,generation_log,0.236619081526,0.236619081526,506,0.069,0.3,734,0.109,0.31,0.310626702997,0.366972477064,0.0322580645161,/workspace/exp/natural_qd_push/p3c_bd_sweep_20260704_093150_UTC/live/size_control_3d/seed_1001/openai_gpt-oss-120b/RTLLM/Prob043_RAM/Gen3/Prob043_RAM_sample5_C-F,
size_control_3d,RTLLM,Prob043_RAM,sequential,3,32bb0030-a014-45e5-9137-06230b55b08c,M-I,generation_log,0.426122637576,0.426122637576,422,0.0617,0.18,734,0.109,0.31,0.425068119891,0.433944954128,0.41935483871,/workspace/exp/natural_qd_push/p3c_bd_sweep_20260704_093150_UTC/live/size_control_3d/seed_1001/openai_gpt-oss-120b/RTLLM/Prob043_RAM/Gen3/Prob043_RAM_sample7_M-I,
size_control_3d,RTLLM,Prob043_RAM,sequential,4,c5ea7677-e01b-41cc-9529-1d0ee31adc84,C-D,generation_log,0.321642677874,0.321642677874,454,0.0665,0.25,734,0.109,0.31,0.381471389646,0.389908256881,0.193548387097,/workspace/exp/natural_qd_push/p3c_bd_sweep_20260704_093150_UTC/live/size_control_3d/seed_1001/openai_gpt-oss-120b/RTLLM/Prob043_RAM/Gen4/Prob043_RAM_sample2_C-D,
size_control_3d,RTLLM,Prob043_RAM,sequential,4,c989b2b3-49a5-484e-bfcf-7978361df5d4,M-R,generation_log,0.236619081526,0.236619081526,506,0.069,0.3,734,0.109,0.31,0.310626702997,0.366972477064,0.0322580645161,/workspace/exp/natural_qd_push/p3c_bd_sweep_20260704_093150_UTC/live/size_control_3d/seed_1001/openai_gpt-oss-120b/RTLLM/Prob043_RAM/Gen4/Prob043_RAM_sample3_M-R,
size_control_3d,RTLLM,Prob043_RAM,sequential,4,c54e5769-5cfd-4bff-a3b4-f74c8e21f4ab,M-I,generation_log,0.319214526652,0.319214526652,458,0.0667,0.25,734,0.109,0.31,0.376021798365,0.388073394495,0.193548387097,/workspace/exp/natural_qd_push/p3c_bd_sweep_20260704_093150_UTC/live/size_control_3d/seed_1001/openai_gpt-oss-120b/RTLLM/Prob043_RAM/Gen4/Prob043_RAM_sample4_M-I,
size_control_3d,RTLLM,Prob043_RAM,sequential,4,2bd1b46b-18e9-42ff-9a8f-59f9d29f5fb0,C-F,generation_log,0.236619081526,0.236619081526,506,0.069,0.3,734,0.109,0.31,0.310626702997,0.366972477064,0.0322580645161,/workspace/exp/natural_qd_push/p3c_bd_sweep_20260704_093150_UTC/live/size_control_3d/seed_1001/openai_gpt-oss-120b/RTLLM/Prob043_RAM/Gen4/Prob043_RAM_sample6_C-F,
size_control_3d,RTLLM,Prob043_RAM,sequential,5,546f0f73-64cd-4936-b58b-a73900160a07,C-D,generation_log,0.236619081526,0.236619081526,506,0.069,0.3,734,0.109,0.31,0.310626702997,0.366972477064,0.0322580645161,/workspace/exp/natural_qd_push/p3c_bd_sweep_20260704_093150_UTC/live/size_control_3d/seed_1001/openai_gpt-oss-120b/RTLLM/Prob043_RAM/Gen5/Prob043_RAM_sample1_C-D,
size_control_3d,RTLLM,Prob043_RAM,sequential,5,54e10047-ae9b-40cb-80ef-1a47a48e50d3,M-I,generation_log,0.321642677874,0.321642677874,454,0.0665,0.25,734,0.109,0.31,0.381471389646,0.389908256881,0.193548387097,/workspace/exp/natural_qd_push/p3c_bd_sweep_20260704_093150_UTC/live/size_control_3d/seed_1001/openai_gpt-oss-120b/RTLLM/Prob043_RAM/Gen5/Prob043_RAM_sample3_M-I,
size_control_3d,RTLLM,Prob043_RAM,sequential,5,74315770-c902-4ff5-ba44-646a4aa7d056,C-F,generation_log,0.426122637576,0.426122637576,422,0.0617,0.18,734,0.109,0.31,0.425068119891,0.433944954128,0.41935483871,/workspace/exp/natural_qd_push/p3c_bd_sweep_20260704_093150_UTC/live/size_control_3d/seed_1001/openai_gpt-oss-120b/RTLLM/Prob043_RAM/Gen5/Prob043_RAM_sample4_C-F,
size_control_3d,RTLLM,Prob043_RAM,sequential,5,ad0a8933-a9bb-403e-8c84-ca07b05f2f06,C-F,generation_log,0.390495148348,0.390495148348,466,0.0633,0.19,734,0.109,0.31,0.365122615804,0.419266055046,0.387096774194,/workspace/exp/natural_qd_push/p3c_bd_sweep_20260704_093150_UTC/live/size_control_3d/seed_1001/openai_gpt-oss-120b/RTLLM/Prob043_RAM/Gen5/Prob043_RAM_sample5_C-F,
size_control_3d,RTLLM,Prob043_RAM,sequential,5,2ebb480a-92bd-4b97-ba36-68913f998036,M-R,generation_log,0.236619081526,0.236619081526,506,0.069,0.3,734,0.109,0.31,0.310626702997,0.366972477064,0.0322580645161,/workspace/exp/natural_qd_push/p3c_bd_sweep_20260704_093150_UTC/live/size_control_3d/seed_1001/openai_gpt-oss-120b/RTLLM/Prob043_RAM/Gen5/Prob043_RAM_sample7_M-R,
size_control_3d,RTLLM,Prob043_RAM,sequential,5,3d8d3c7c-e967-4a14-9b55-e2c7b38502fd,M-R,generation_log,0.390495148348,0.390495148348,466,0.0633,0.19,734,0.109,0.31,0.365122615804,0.419266055046,0.387096774194,/workspace/exp/natural_qd_push/p3c_bd_sweep_20260704_093150_UTC/live/size_control_3d/seed_1001/openai_gpt-oss-120b/RTLLM/Prob043_RAM/Gen5/Prob043_RAM_sample8_M-R,
size_control_3d,RTLLM,Prob044_ROM,combinational,0,827554d7-d9e9-4639-8429-799812cb46f5,initial,generation_log,0.329430894309,0.494146341463,14,2.4e-06,0,14,0.000205,0,0,0.988292682927,0,/workspace/exp/natural_qd_push/p3c_bd_sweep_20260704_093150_UTC/live/size_control_3d/seed_1001/openai_gpt-oss-120b/RTLLM/Prob044_ROM/Gen0/Prob044_ROM_sample1_initial,
size_control_3d,RTLLM,Prob044_ROM,combinational,0,ec1151b5-60fd-4adc-9235-c9ac45e8d056,initial,generation_log,0.329430894309,0.494146341463,14,2.4e-06,0,14,0.000205,0,0,0.988292682927,0,/workspace/exp/natural_qd_push/p3c_bd_sweep_20260704_093150_UTC/live/size_control_3d/seed_1001/openai_gpt-oss-120b/RTLLM/Prob044_ROM/Gen0/Prob044_ROM_sample2_initial,
size_control_3d,RTLLM,Prob044_ROM,combinational,0,e1f22e6f-18cd-4ca8-bce3-a820089ab96d,initial,generation_log,0.329430894309,0.494146341463,14,2.4e-06,0,14,0.000205,0,0,0.988292682927,0,/workspace/exp/natural_qd_push/p3c_bd_sweep_20260704_093150_UTC/live/size_control_3d/seed_1001/openai_gpt-oss-120b/RTLLM/Prob044_ROM/Gen0/Prob044_ROM_sample3_initial,
size_control_3d,RTLLM,Prob044_ROM,combinational,0,4085b9e0-9adf-43a0-8ff7-f3e8a4a5c702,initial,generation_log,0.329430894309,0.494146341463,14,2.4e-06,0,14,0.000205,0,0,0.988292682927,0,/workspace/exp/natural_qd_push/p3c_bd_sweep_20260704_093150_UTC/live/size_control_3d/seed_1001/openai_gpt-oss-120b/RTLLM/Prob044_ROM/Gen0/Prob044_ROM_sample4_initial,
size_control_3d,RTLLM,Prob044_ROM,combinational,0,f477f3b9-1f44-4bee-8516-c7078735df0b,initial,generation_log,0.187029036005,0.280543554007,20,2.12e-06,0,14,0.000205,0,-0.428571428571,0.989658536585,0,/workspace/exp/natural_qd_push/p3c_bd_sweep_20260704_093150_UTC/live/size_control_3d/seed_1001/openai_gpt-oss-120b/RTLLM/Prob044_ROM/Gen0/Prob044_ROM_sample5_initial,
size_control_3d,RTLLM,Prob044_ROM,combinational,0,66044725-0b30-461d-8b21-52909a556e46,initial,generation_log,0.329430894309,0.494146341463,14,2.4e-06,0,14,0.000205,0,0,0.988292682927,0,/workspace/exp/natural_qd_push/p3c_bd_sweep_20260704_093150_UTC/live/size_control_3d/seed_1001/openai_gpt-oss-120b/RTLLM/Prob044_ROM/Gen0/Prob044_ROM_sample6_initial,
size_control_3d,RTLLM,Prob044_ROM,combinational,0,829f1b33-09ca-49c3-9bde-441de253fe96,initial,generation_log,0.329430894309,0.494146341463,14,2.4e-06,0,14,0.000205,0,0,0.988292682927,0,/workspace/exp/natural_qd_push/p3c_bd_sweep_20260704_093150_UTC/live/size_control_3d/seed_1001/openai_gpt-oss-120b/RTLLM/Prob044_ROM/Gen0/Prob044_ROM_sample7_initial,
size_control_3d,RTLLM,Prob044_ROM,combinational,0,d4ca07c5-6249-4376-9686-054ad00880cc,initial,generation_log,0.329430894309,0.494146341463,14,2.4e-06,0,14,0.000205,0,0,0.988292682927,0,/workspace/exp/natural_qd_push/p3c_bd_sweep_20260704_093150_UTC/live/size_control_3d/seed_1001/openai_gpt-oss-120b/RTLLM/Prob044_ROM/Gen0/Prob044_ROM_sample8_initial,
size_control_3d,RTLLM,Prob044_ROM,combinational,1,98adee99-134e-425d-8213-62ef2f40eacf,initial,generation_log,0.329430894309,0.494146341463,14,2.4e-06,0,14,0.000205,0,0,0.988292682927,0,/workspace/exp/natural_qd_push/p3c_bd_sweep_20260704_093150_UTC/live/size_control_3d/seed_1001/openai_gpt-oss-120b/RTLLM/Prob044_ROM/Gen1/Prob044_ROM_sample1_initial,
size_control_3d,RTLLM,Prob044_ROM,combinational,1,80a7a196-182e-40e7-a9fc-9d66245c375c,initial,generation_log,0.187029036005,0.280543554007,20,2.12e-06,0,14,0.000205,0,-0.428571428571,0.989658536585,0,/workspace/exp/natural_qd_push/p3c_bd_sweep_20260704_093150_UTC/live/size_control_3d/seed_1001/openai_gpt-oss-120b/RTLLM/Prob044_ROM/Gen1/Prob044_ROM_sample2_initial,
size_control_3d,RTLLM,Prob044_ROM,combinational,1,54fff6ed-5dcd-4203-b163-06d57502f044,M-T,generation_log,0.329430894309,0.494146341463,14,2.4e-06,0,14,0.000205,0,0,0.988292682927,0,/workspace/exp/natural_qd_push/p3c_bd_sweep_20260704_093150_UTC/live/size_control_3d/seed_1001/openai_gpt-oss-120b/RTLLM/Prob044_ROM/Gen1/Prob044_ROM_sample1_M-T,
size_control_3d,RTLLM,Prob044_ROM,combinational,1,0881e8b8-08ef-4743-b900-efa4212dee8b,M-T,generation_log,0.329430894309,0.494146341463,14,2.4e-06,0,14,0.000205,0,0,0.988292682927,0,/workspace/exp/natural_qd_push/p3c_bd_sweep_20260704_093150_UTC/live/size_control_3d/seed_1001/openai_gpt-oss-120b/RTLLM/Prob044_ROM/Gen1/Prob044_ROM_sample5_M-T,
size_control_3d,RTLLM,Prob044_ROM,combinational,2,7a5fcc39-cb41-4c95-8dcb-96fb00591fec,initial,generation_log,0.329430894309,0.494146341463,14,2.4e-06,0,14,0.000205,0,0,0.988292682927,0,/workspace/exp/natural_qd_push/p3c_bd_sweep_20260704_093150_UTC/live/size_control_3d/seed_1001/openai_gpt-oss-120b/RTLLM/Prob044_ROM/Gen2/Prob044_ROM_sample1_initial,
size_control_3d,RTLLM,Prob044_ROM,combinational,2,08bf3f7a-d2d7-49c9-83f7-2e9ca12e963c,initial,generation_log,0.329430894309,0.494146341463,14,2.4e-06,0,14,0.000205,0,0,0.988292682927,0,/workspace/exp/natural_qd_push/p3c_bd_sweep_20260704_093150_UTC/live/size_control_3d/seed_1001/openai_gpt-oss-120b/RTLLM/Prob044_ROM/Gen2/Prob044_ROM_sample2_initial,
size_control_3d,RTLLM,Prob044_ROM,combinational,2,111c5c39-b320-42ef-905d-c96d400a61cc,M-F,generation_log,0.329430894309,0.494146341463,14,2.4e-06,0,14,0.000205,0,0,0.988292682927,0,/workspace/exp/natural_qd_push/p3c_bd_sweep_20260704_093150_UTC/live/size_control_3d/seed_1001/openai_gpt-oss-120b/RTLLM/Prob044_ROM/Gen2/Prob044_ROM_sample1_M-F,
size_control_3d,RTLLM,Prob044_ROM,combinational,2,246319c8-0715-4789-a47c-2c9803b16ec0,M-E,generation_log,0.187029036005,0.280543554007,20,2.12e-06,0,14,0.000205,0,-0.428571428571,0.989658536585,0,/workspace/exp/natural_qd_push/p3c_bd_sweep_20260704_093150_UTC/live/size_control_3d/seed_1001/openai_gpt-oss-120b/RTLLM/Prob044_ROM/Gen2/Prob044_ROM_sample2_M-E,
size_control_3d,RTLLM,Prob044_ROM,combinational,2,9ff10abb-e9e8-4241-a4c7-92dcdf8f64e5,M-E,generation_log,0.187012775842,0.280519163763,20,2.13e-06,0,14,0.000205,0,-0.428571428571,0.989609756098,0,/workspace/exp/natural_qd_push/p3c_bd_sweep_20260704_093150_UTC/live/size_control_3d/seed_1001/openai_gpt-oss-120b/RTLLM/Prob044_ROM/Gen2/Prob044_ROM_sample3_M-E,
size_control_3d,RTLLM,Prob044_ROM,combinational,3,6976fc37-65da-47ca-a568-55b696daf5b1,initial,generation_log,0.187029036005,0.280543554007,20,2.12e-06,0,14,0.000205,0,-0.428571428571,0.989658536585,0,/workspace/exp/natural_qd_push/p3c_bd_sweep_20260704_093150_UTC/live/size_control_3d/seed_1001/openai_gpt-oss-120b/RTLLM/Prob044_ROM/Gen3/Prob044_ROM_sample1_initial,
size_control_3d,RTLLM,Prob044_ROM,combinational,3,a729fa2c-f0e9-4a64-b5be-c1802d2537f2,initial,generation_log,0.329430894309,0.494146341463,14,2.4e-06,0,14,0.000205,0,0,0.988292682927,0,/workspace/exp/natural_qd_push/p3c_bd_sweep_20260704_093150_UTC/live/size_control_3d/seed_1001/openai_gpt-oss-120b/RTLLM/Prob044_ROM/Gen3/Prob044_ROM_sample2_initial,
size_control_3d,RTLLM,Prob044_ROM,combinational,3,d6ce67a5-6f88-42c2-bd91-95f75e2718db,M-E,generation_log,0.187012775842,0.280519163763,20,2.13e-06,0,14,0.000205,0,-0.428571428571,0.989609756098,0,/workspace/exp/natural_qd_push/p3c_bd_sweep_20260704_093150_UTC/live/size_control_3d/seed_1001/openai_gpt-oss-120b/RTLLM/Prob044_ROM/Gen3/Prob044_ROM_sample1_M-E,
size_control_3d,RTLLM,Prob044_ROM,combinational,3,9bb727bf-6528-4d4a-a173-79e58ea3c742,M-F,generation_log,0.329430894309,0.494146341463,14,2.4e-06,0,14,0.000205,0,0,0.988292682927,0,/workspace/exp/natural_qd_push/p3c_bd_sweep_20260704_093150_UTC/live/size_control_3d/seed_1001/openai_gpt-oss-120b/RTLLM/Prob044_ROM/Gen3/Prob044_ROM_sample2_M-F,
size_control_3d,RTLLM,Prob044_ROM,combinational,3,e679982f-8bdf-4f27-b4c6-359b6f06e4ca,M-E,generation_log,0.329430894309,0.494146341463,14,2.4e-06,0,14,0.000205,0,0,0.988292682927,0,/workspace/exp/natural_qd_push/p3c_bd_sweep_20260704_093150_UTC/live/size_control_3d/seed_1001/openai_gpt-oss-120b/RTLLM/Prob044_ROM/Gen3/Prob044_ROM_sample3_M-E,
size_control_3d,RTLLM,Prob044_ROM,combinational,3,dae68c5e-fc5b-4357-bf11-224a31567e4f,C-D,generation_log,0.329430894309,0.494146341463,14,2.4e-06,0,14,0.000205,0,0,0.988292682927,0,/workspace/exp/natural_qd_push/p3c_bd_sweep_20260704_093150_UTC/live/size_control_3d/seed_1001/openai_gpt-oss-120b/RTLLM/Prob044_ROM/Gen3/Prob044_ROM_sample6_C-D,
size_control_3d,RTLLM,Prob044_ROM,combinational,4,e8a285e2-fbf2-4fc8-8c58-7aa91a9b103f,initial,generation_log,0.329430894309,0.494146341463,14,2.4e-06,0,14,0.000205,0,0,0.988292682927,0,/workspace/exp/natural_qd_push/p3c_bd_sweep_20260704_093150_UTC/live/size_control_3d/seed_1001/openai_gpt-oss-120b/RTLLM/Prob044_ROM/Gen4/Prob044_ROM_sample1_initial,
size_control_3d,RTLLM,Prob044_ROM,combinational,4,9b6afb5a-4d80-40e4-a6bc-61664e674314,initial,generation_log,0.329430894309,0.494146341463,14,2.4e-06,0,14,0.000205,0,0,0.988292682927,0,/workspace/exp/natural_qd_push/p3c_bd_sweep_20260704_093150_UTC/live/size_control_3d/seed_1001/openai_gpt-oss-120b/RTLLM/Prob044_ROM/Gen4/Prob044_ROM_sample2_initial,
size_control_3d,RTLLM,Prob044_ROM,combinational,4,2799b500-ae5d-462d-94c1-38a4db0523f5,M-F,generation_log,0.329430894309,0.494146341463,14,2.4e-06,0,14,0.000205,0,0,0.988292682927,0,/workspace/exp/natural_qd_push/p3c_bd_sweep_20260704_093150_UTC/live/size_control_3d/seed_1001/openai_gpt-oss-120b/RTLLM/Prob044_ROM/Gen4/Prob044_ROM_sample2_M-F,
size_control_3d,RTLLM,Prob044_ROM,combinational,4,c714140e-d01c-4ad0-a159-6cd2ed9612bc,M-F,generation_log,0.329430894309,0.494146341463,14,2.4e-06,0,14,0.000205,0,0,0.988292682927,0,/workspace/exp/natural_qd_push/p3c_bd_sweep_20260704_093150_UTC/live/size_control_3d/seed_1001/openai_gpt-oss-120b/RTLLM/Prob044_ROM/Gen4/Prob044_ROM_sample3_M-F,
size_control_3d,RTLLM,Prob044_ROM,combinational,4,f729dcb1-4da3-489d-9312-5936295fdc5b,M-T,generation_log,0.187029036005,0.280543554007,20,2.12e-06,0,14,0.000205,0,-0.428571428571,0.989658536585,0,/workspace/exp/natural_qd_push/p3c_bd_sweep_20260704_093150_UTC/live/size_control_3d/seed_1001/openai_gpt-oss-120b/RTLLM/Prob044_ROM/Gen4/Prob044_ROM_sample5_M-T,
size_control_3d,RTLLM,Prob044_ROM,combinational,4,f350ea8a-c122-4082-9c9e-e8f5cf572477,C-D,generation_log,0.187029036005,0.280543554007,20,2.12e-06,0,14,0.000205,0,-0.428571428571,0.989658536585,0,/workspace/exp/natural_qd_push/p3c_bd_sweep_20260704_093150_UTC/live/size_control_3d/seed_1001/openai_gpt-oss-120b/RTLLM/Prob044_ROM/Gen4/Prob044_ROM_sample6_C-D,
size_control_3d,RTLLM,Prob044_ROM,combinational,5,02892b98-a2c5-41f2-b1b3-48bc452389bb,initial,generation_log,0.329430894309,0.494146341463,14,2.4e-06,0,14,0.000205,0,0,0.988292682927,0,/workspace/exp/natural_qd_push/p3c_bd_sweep_20260704_093150_UTC/live/size_control_3d/seed_1001/openai_gpt-oss-120b/RTLLM/Prob044_ROM/Gen5/Prob044_ROM_sample1_initial,
size_control_3d,RTLLM,Prob044_ROM,combinational,5,f97d5975-8350-41a8-a140-a52d7b182a18,M-E,generation_log,0.187029036005,0.280543554007,20,2.12e-06,0,14,0.000205,0,-0.428571428571,0.989658536585,0,/workspace/exp/natural_qd_push/p3c_bd_sweep_20260704_093150_UTC/live/size_control_3d/seed_1001/openai_gpt-oss-120b/RTLLM/Prob044_ROM/Gen5/Prob044_ROM_sample1_M-E,
size_control_3d,RTLLM,Prob044_ROM,combinational,5,2725b291-d3e1-4671-ab39-d9278d7d33fa,M-F,generation_log,0.329430894309,0.494146341463,14,2.4e-06,0,14,0.000205,0,0,0.988292682927,0,/workspace/exp/natural_qd_push/p3c_bd_sweep_20260704_093150_UTC/live/size_control_3d/seed_1001/openai_gpt-oss-120b/RTLLM/Prob044_ROM/Gen5/Prob044_ROM_sample2_M-F,
size_control_3d,RTLLM,Prob044_ROM,combinational,5,1714a10c-4184-48b7-bccc-8164b2eb4494,M-E,generation_log,0.329430894309,0.494146341463,14,2.4e-06,0,14,0.000205,0,0,0.988292682927,0,/workspace/exp/natural_qd_push/p3c_bd_sweep_20260704_093150_UTC/live/size_control_3d/seed_1001/openai_gpt-oss-120b/RTLLM/Prob044_ROM/Gen5/Prob044_ROM_sample3_M-E,
size_control_3d,RTLLM,Prob044_ROM,combinational,5,2074c03c-ca68-49b4-8dd8-532fdb9461c9,M-T,generation_log,0.187012775842,0.280519163763,20,2.13e-06,0,14,0.000205,0,-0.428571428571,0.989609756098,0,/workspace/exp/natural_qd_push/p3c_bd_sweep_20260704_093150_UTC/live/size_control_3d/seed_1001/openai_gpt-oss-120b/RTLLM/Prob044_ROM/Gen5/Prob044_ROM_sample6_M-T,
size_control_3d,RTLLM,Prob045_alu,combinational,0,2616e75f-9f0d-48aa-8532-b4b153ecaf07,initial,generation_log,0.381020434983,0.571530652474,1886,0.00106,0,2225,0.114,0,0.152359550562,0.990701754386,0,/workspace/exp/natural_qd_push/p3c_bd_sweep_20260704_093150_UTC/live/size_control_3d/seed_1001/openai_gpt-oss-120b/RTLLM/Prob045_alu/Gen0/Prob045_alu_sample1_initial,
size_control_3d,RTLLM,Prob045_alu,combinational,0,a3da44ff-5baa-4f10-9588-528a523db682,initial,generation_log,0.378148367173,0.567222550759,1904,0.00112,0,2225,0.114,0,0.144269662921,0.990175438596,0,/workspace/exp/natural_qd_push/p3c_bd_sweep_20260704_093150_UTC/live/size_control_3d/seed_1001/openai_gpt-oss-120b/RTLLM/Prob045_alu/Gen0/Prob045_alu_sample5_initial,
size_control_3d,RTLLM,Prob045_alu,combinational,0,1fed7157-34c5-4f6b-b769-386b5b4dda54,initial,generation_log,0.376796438662,0.565194657993,1914,0.00107,0,2225,0.114,0,0.139775280899,0.990614035088,0,/workspace/exp/natural_qd_push/p3c_bd_sweep_20260704_093150_UTC/live/size_control_3d/seed_1001/openai_gpt-oss-120b/RTLLM/Prob045_alu/Gen0/Prob045_alu_sample6_initial,
size_control_3d,RTLLM,Prob045_alu,combinational,0,8fe3e081-3552-4e53-9c89-f31160b8e449,initial,generation_log,0.381561206387,0.57234180958,1882,0.00108,0,2225,0.114,0,0.154157303371,0.990526315789,0,/workspace/exp/natural_qd_push/p3c_bd_sweep_20260704_093150_UTC/live/size_control_3d/seed_1001/openai_gpt-oss-120b/RTLLM/Prob045_alu/Gen0/Prob045_alu_sample8_initial,
size_control_3d,RTLLM,Prob045_alu,combinational,1,f698392d-70ae-409c-8649-ff4909af2773,M-R,generation_log,0.369514094224,0.554271141336,1963,0.00105,0,2225,0.114,0,0.117752808989,0.990789473684,0,/workspace/exp/natural_qd_push/p3c_bd_sweep_20260704_093150_UTC/live/size_control_3d/seed_1001/openai_gpt-oss-120b/RTLLM/Prob045_alu/Gen1/Prob045_alu_sample7_M-R,
size_control_3d,RTLLM,Prob045_alu,combinational,2,187249ac-0826-4e39-870f-4a44ee8d4640,M-R,generation_log,0.370054865628,0.555082298443,1959,0.00107,0,2225,0.114,0,0.119550561798,0.990614035088,0,/workspace/exp/natural_qd_push/p3c_bd_sweep_20260704_093150_UTC/live/size_control_3d/seed_1001/openai_gpt-oss-120b/RTLLM/Prob045_alu/Gen2/Prob045_alu_sample5_M-R,
size_control_3d,RTLLM,Prob045_alu,combinational,2,1b0fc8c5-3ac9-400d-b079-0d49b93633a0,M-I,generation_log,0.386227413102,0.579341119653,1853,0.00097,0,2225,0.114,0,0.167191011236,0.99149122807,0,/workspace/exp/natural_qd_push/p3c_bd_sweep_20260704_093150_UTC/live/size_control_3d/seed_1001/openai_gpt-oss-120b/RTLLM/Prob045_alu/Gen2/Prob045_alu_sample7_M-I,
size_control_3d,RTLLM,Prob045_alu,combinational,2,cf736276-cf79-4ce6-b36c-d91f4ecfc663,M-I,generation_log,0.380388330377,0.570582495565,1891,0.00102,0,2225,0.114,0,0.150112359551,0.991052631579,0,/workspace/exp/natural_qd_push/p3c_bd_sweep_20260704_093150_UTC/live/size_control_3d/seed_1001/openai_gpt-oss-120b/RTLLM/Prob045_alu/Gen2/Prob045_alu_sample8_M-I,
size_control_3d,RTLLM,Prob045_alu,combinational,3,d1165d4c-088b-47c6-b4a4-4cfe73c4300b,C-D,generation_log,0.388163282739,0.582244924108,1840,0.000974,0,2225,0.114,0,0.173033707865,0.991456140351,0,/workspace/exp/natural_qd_push/p3c_bd_sweep_20260704_093150_UTC/live/size_control_3d/seed_1001/openai_gpt-oss-120b/RTLLM/Prob045_alu/Gen3/Prob045_alu_sample1_C-D,
size_control_3d,RTLLM,Prob045_alu,combinational,3,06b66f5e-afd7-4795-9100-8938dea0e19d,M-E,generation_log,0.381345686313,0.57201852947,1885,0.001,0,2225,0.114,0,0.152808988764,0.991228070175,0,/workspace/exp/natural_qd_push/p3c_bd_sweep_20260704_093150_UTC/live/size_control_3d/seed_1001/openai_gpt-oss-120b/RTLLM/Prob045_alu/Gen3/Prob045_alu_sample2_M-E,
size_control_3d,RTLLM,Prob045_alu,combinational,3,8c5cbeae-e55b-4ab0-b433-5cf3d552e413,C-F,generation_log,0.389302615152,0.583953922728,1833,0.000943,0,2225,0.114,0,0.176179775281,0.991728070175,0,/workspace/exp/natural_qd_push/p3c_bd_sweep_20260704_093150_UTC/live/size_control_3d/seed_1001/openai_gpt-oss-120b/RTLLM/Prob045_alu/Gen3/Prob045_alu_sample3_C-F,
size_control_3d,RTLLM,Prob045_alu,combinational,3,0ba16b35-1d7f-4d15-809a-da88aba1dd14,M-R,generation_log,0.381016821079,0.571525231618,1887,0.00101,0,2225,0.114,0,0.15191011236,0.991140350877,0,/workspace/exp/natural_qd_push/p3c_bd_sweep_20260704_093150_UTC/live/size_control_3d/seed_1001/openai_gpt-oss-120b/RTLLM/Prob045_alu/Gen3/Prob045_alu_sample4_M-R,
size_control_3d,RTLLM,Prob045_alu,combinational,3,fe0b793c-a01f-4906-83dd-e5421f033756,M-I,generation_log,0.369963532427,0.55494529864,1960,0.00105,0,2225,0.114,0,0.119101123596,0.990789473684,0,/workspace/exp/natural_qd_push/p3c_bd_sweep_20260704_093150_UTC/live/size_control_3d/seed_1001/openai_gpt-oss-120b/RTLLM/Prob045_alu/Gen3/Prob045_alu_sample5_M-I,
size_control_3d,RTLLM,Prob045_alu,combinational,3,d4ba36e2-a8bd-44f5-aa27-82e98e250465,C-F,generation_log,0.38000098561,0.570001478415,1893,0.00105,0,2225,0.114,0,0.149213483146,0.990789473684,0,/workspace/exp/natural_qd_push/p3c_bd_sweep_20260704_093150_UTC/live/size_control_3d/seed_1001/openai_gpt-oss-120b/RTLLM/Prob045_alu/Gen3/Prob045_alu_sample7_C-F,
size_control_3d,RTLLM,Prob045_alu,combinational,3,f411e3fb-e59b-4431-bcf2-812002e514d8,M-S,generation_log,0.385182337867,0.577773506801,1859,0.00102,0,2225,0.114,0,0.164494382022,0.991052631579,0,/workspace/exp/natural_qd_push/p3c_bd_sweep_20260704_093150_UTC/live/size_control_3d/seed_1001/openai_gpt-oss-120b/RTLLM/Prob045_alu/Gen3/Prob045_alu_sample8_M-S,
size_control_3d,RTLLM,Prob045_alu,combinational,4,99d2af86-75c9-47c5-a594-139d49947176,C-D,generation_log,0.389302615152,0.583953922728,1833,0.000943,0,2225,0.114,0,0.176179775281,0.991728070175,0,/workspace/exp/natural_qd_push/p3c_bd_sweep_20260704_093150_UTC/live/size_control_3d/seed_1001/openai_gpt-oss-120b/RTLLM/Prob045_alu/Gen4/Prob045_alu_sample1_C-D,
size_control_3d,RTLLM,Prob045_alu,combinational,4,58a1d1b7-dcb7-4bdd-8f63-5465241b8057,M-E,generation_log,0.3931275708,0.589691356199,1807,0.000967,0,2225,0.114,0,0.187865168539,0.99151754386,0,/workspace/exp/natural_qd_push/p3c_bd_sweep_20260704_093150_UTC/live/size_control_3d/seed_1001/openai_gpt-oss-120b/RTLLM/Prob045_alu/Gen4/Prob045_alu_sample2_M-E,
size_control_3d,RTLLM,Prob045_alu,combinational,4,3263d344-c968-4923-9738-242cbc58db3a,M-R,generation_log,0.389302615152,0.583953922728,1833,0.000943,0,2225,0.114,0,0.176179775281,0.991728070175,0,/workspace/exp/natural_qd_push/p3c_bd_sweep_20260704_093150_UTC/live/size_control_3d/seed_1001/openai_gpt-oss-120b/RTLLM/Prob045_alu/Gen4/Prob045_alu_sample4_M-R,
size_control_3d,RTLLM,Prob045_alu,combinational,4,afef5286-0068-4d80-89a7-e9c602daaa95,C-F,generation_log,0.389302615152,0.583953922728,1833,0.000943,0,2225,0.114,0,0.176179775281,0.991728070175,0,/workspace/exp/natural_qd_push/p3c_bd_sweep_20260704_093150_UTC/live/size_control_3d/seed_1001/openai_gpt-oss-120b/RTLLM/Prob045_alu/Gen4/Prob045_alu_sample5_C-F,
size_control_3d,RTLLM,Prob045_alu,combinational,4,0999d1e1-065b-4280-ab04-57dc02114492,C-F,generation_log,0.389302615152,0.583953922728,1833,0.000943,0,2225,0.114,0,0.176179775281,0.991728070175,0,/workspace/exp/natural_qd_push/p3c_bd_sweep_20260704_093150_UTC/live/size_control_3d/seed_1001/openai_gpt-oss-120b/RTLLM/Prob045_alu/Gen4/Prob045_alu_sample8_C-F,
size_control_3d,RTLLM,Prob045_alu,combinational,5,1f7ccd6d-a15e-49d9-a9e4-0c28052c733f,C-D,generation_log,0.389302615152,0.583953922728,1833,0.000943,0,2225,0.114,0,0.176179775281,0.991728070175,0,/workspace/exp/natural_qd_push/p3c_bd_sweep_20260704_093150_UTC/live/size_control_3d/seed_1001/openai_gpt-oss-120b/RTLLM/Prob045_alu/Gen5/Prob045_alu_sample1_C-D,
size_control_3d,RTLLM,Prob045_alu,combinational,5,742b6c95-d044-4ae3-8531-981bb9e4813b,C-D,generation_log,0.385707799461,0.578561699192,1856,0.000994,0,2225,0.114,0,0.165842696629,0.991280701754,0,/workspace/exp/natural_qd_push/p3c_bd_sweep_20260704_093150_UTC/live/size_control_3d/seed_1001/openai_gpt-oss-120b/RTLLM/Prob045_alu/Gen5/Prob045_alu_sample2_C-D,
size_control_3d,RTLLM,Prob045_alu,combinational,5,c69661c7-83ce-46e0-ab4f-3842e231c588,C-F,generation_log,0.388028089888,0.582042134831,1841,0.000969,0,2225,0.114,0,0.172584269663,0.9915,0,/workspace/exp/natural_qd_push/p3c_bd_sweep_20260704_093150_UTC/live/size_control_3d/seed_1001/openai_gpt-oss-120b/RTLLM/Prob045_alu/Gen5/Prob045_alu_sample5_C-F,
size_control_3d,RTLLM,Prob045_alu,combinational,5,eb231d9d-7d90-4c7b-b2b7-f19f6e091a13,M-S,generation_log,0.3931275708,0.589691356199,1807,0.000967,0,2225,0.114,0,0.187865168539,0.99151754386,0,/workspace/exp/natural_qd_push/p3c_bd_sweep_20260704_093150_UTC/live/size_control_3d/seed_1001/openai_gpt-oss-120b/RTLLM/Prob045_alu/Gen5/Prob045_alu_sample7_M-S,
size_control_3d,RTLLM,Prob047_instr_reg,sequential,0,8514fe35-0503-49f4-8aad-3f81a16a67c0,initial,generation_log,-0.256349568251,-0.256349568251,177,0.0151,0.2,119,0.0129,0.18,-0.487394957983,-0.170542635659,-0.111111111111,/workspace/exp/natural_qd_push/p3c_bd_sweep_20260704_093150_UTC/live/size_control_3d/seed_1001/openai_gpt-oss-120b/RTLLM/Prob047_instr_reg/Gen0/Prob047_instr_reg_sample1_initial,
size_control_3d,RTLLM,Prob047_instr_reg,sequential,0,94da8b57-1048-4fdf-acc4-6c9ca6d46adc,initial,generation_log,-0.256349568251,-0.256349568251,177,0.0151,0.2,119,0.0129,0.18,-0.487394957983,-0.170542635659,-0.111111111111,/workspace/exp/natural_qd_push/p3c_bd_sweep_20260704_093150_UTC/live/size_control_3d/seed_1001/openai_gpt-oss-120b/RTLLM/Prob047_instr_reg/Gen0/Prob047_instr_reg_sample2_initial,
size_control_3d,RTLLM,Prob047_instr_reg,sequential,0,8c764313-d2d7-4dd9-ab16-754376d31eb7,initial,generation_log,-0.256349568251,-0.256349568251,177,0.0151,0.2,119,0.0129,0.18,-0.487394957983,-0.170542635659,-0.111111111111,/workspace/exp/natural_qd_push/p3c_bd_sweep_20260704_093150_UTC/live/size_control_3d/seed_1001/openai_gpt-oss-120b/RTLLM/Prob047_instr_reg/Gen0/Prob047_instr_reg_sample3_initial,
size_control_3d,RTLLM,Prob047_instr_reg,sequential,0,8ce3398b-4f04-46b8-b0a0-7f965d6c2fd1,initial,generation_log,-0.016372440449,-0.016372440449,123,0.0131,0.18,119,0.0129,0.18,-0.0336134453782,-0.015503875969,0,/workspace/exp/natural_qd_push/p3c_bd_sweep_20260704_093150_UTC/live/size_control_3d/seed_1001/openai_gpt-oss-120b/RTLLM/Prob047_instr_reg/Gen0/Prob047_instr_reg_sample4_initial,
size_control_3d,RTLLM,Prob047_instr_reg,sequential,0,6129bd44-ffe0-46d3-ba2a-131e6a43c691,initial,generation_log,-0.256349568251,-0.256349568251,177,0.0151,0.2,119,0.0129,0.18,-0.487394957983,-0.170542635659,-0.111111111111,/workspace/exp/natural_qd_push/p3c_bd_sweep_20260704_093150_UTC/live/size_control_3d/seed_1001/openai_gpt-oss-120b/RTLLM/Prob047_instr_reg/Gen0/Prob047_instr_reg_sample5_initial,
size_control_3d,RTLLM,Prob047_instr_reg,sequential,0,0ab37652-4dd8-4327-ba66-bbb06bfc1588,initial,generation_log,-0.256349568251,-0.256349568251,177,0.0151,0.2,119,0.0129,0.18,-0.487394957983,-0.170542635659,-0.111111111111,/workspace/exp/natural_qd_push/p3c_bd_sweep_20260704_093150_UTC/live/size_control_3d/seed_1001/openai_gpt-oss-120b/RTLLM/Prob047_instr_reg/Gen0/Prob047_instr_reg_sample6_initial,
size_control_3d,RTLLM,Prob047_instr_reg,sequential,0,5821790c-17a2-4944-8828-ac1ea5baa27e,initial,generation_log,-0.256349568251,-0.256349568251,177,0.0151,0.2,119,0.0129,0.18,-0.487394957983,-0.170542635659,-0.111111111111,/workspace/exp/natural_qd_push/p3c_bd_sweep_20260704_093150_UTC/live/size_control_3d/seed_1001/openai_gpt-oss-120b/RTLLM/Prob047_instr_reg/Gen0/Prob047_instr_reg_sample7_initial,
size_control_3d,RTLLM,Prob047_instr_reg,sequential,0,6569a138-29d7-4d7a-a91f-74e67572d4a7,initial,generation_log,-0.177726387713,-0.177726387713,162,0.0144,0.19,119,0.0129,0.18,-0.361344537815,-0.116279069767,-0.0555555555556,/workspace/exp/natural_qd_push/p3c_bd_sweep_20260704_093150_UTC/live/size_control_3d/seed_1001/openai_gpt-oss-120b/RTLLM/Prob047_instr_reg/Gen0/Prob047_instr_reg_sample8_initial,
size_control_3d,RTLLM,Prob047_instr_reg,sequential,1,1ef9c898-9b70-411b-a98b-0768fd4a69c1,C-D,generation_log,-0.177726387713,-0.177726387713,162,0.0144,0.19,119,0.0129,0.18,-0.361344537815,-0.116279069767,-0.0555555555556,/workspace/exp/natural_qd_push/p3c_bd_sweep_20260704_093150_UTC/live/size_control_3d/seed_1001/openai_gpt-oss-120b/RTLLM/Prob047_instr_reg/Gen1/Prob047_instr_reg_sample2_C-D,
size_control_3d,RTLLM,Prob047_instr_reg,sequential,1,38087569-2df5-4052-ab3f-b3bda41b9d13,M-I,generation_log,-0.256349568251,-0.256349568251,177,0.0151,0.2,119,0.0129,0.18,-0.487394957983,-0.170542635659,-0.111111111111,/workspace/exp/natural_qd_push/p3c_bd_sweep_20260704_093150_UTC/live/size_control_3d/seed_1001/openai_gpt-oss-120b/RTLLM/Prob047_instr_reg/Gen1/Prob047_instr_reg_sample3_M-I,
size_control_3d,RTLLM,Prob047_instr_reg,sequential,1,79a1b41c-c577-41ac-b26c-0887fcf204ba,M-R,generation_log,-0.256349568251,-0.256349568251,177,0.0151,0.2,119,0.0129,0.18,-0.487394957983,-0.170542635659,-0.111111111111,/workspace/exp/natural_qd_push/p3c_bd_sweep_20260704_093150_UTC/live/size_control_3d/seed_1001/openai_gpt-oss-120b/RTLLM/Prob047_instr_reg/Gen1/Prob047_instr_reg_sample4_M-R,
size_control_3d,RTLLM,Prob047_instr_reg,sequential,1,5e876813-373b-43cf-88de-563f68b8ef3b,C-F,generation_log,-0.256349568251,-0.256349568251,177,0.0151,0.2,119,0.0129,0.18,-0.487394957983,-0.170542635659,-0.111111111111,/workspace/exp/natural_qd_push/p3c_bd_sweep_20260704_093150_UTC/live/size_control_3d/seed_1001/openai_gpt-oss-120b/RTLLM/Prob047_instr_reg/Gen1/Prob047_instr_reg_sample5_C-F,
size_control_3d,RTLLM,Prob047_instr_reg,sequential,1,8f57f0d9-10c8-46d2-9b3f-0fd3fb27a6d8,C-F,generation_log,-0.256349568251,-0.256349568251,177,0.0151,0.2,119,0.0129,0.18,-0.487394957983,-0.170542635659,-0.111111111111,/workspace/exp/natural_qd_push/p3c_bd_sweep_20260704_093150_UTC/live/size_control_3d/seed_1001/openai_gpt-oss-120b/RTLLM/Prob047_instr_reg/Gen1/Prob047_instr_reg_sample7_C-F,
size_control_3d,RTLLM,Prob047_instr_reg,sequential,1,19729c64-207a-4c19-9894-7e9d1a40bfce,M-S,generation_log,-0.177726387713,-0.177726387713,162,0.0144,0.19,119,0.0129,0.18,-0.361344537815,-0.116279069767,-0.0555555555556,/workspace/exp/natural_qd_push/p3c_bd_sweep_20260704_093150_UTC/live/size_control_3d/seed_1001/openai_gpt-oss-120b/RTLLM/Prob047_instr_reg/Gen1/Prob047_instr_reg_sample8_M-S,
size_control_3d,RTLLM,Prob047_instr_reg,sequential,2,59e3549f-03cb-486f-ae9a-eaf5910a6b48,M-S,generation_log,-0,0,119,0.0129,0.18,119,0.0129,0.18,0,0,0,/workspace/exp/natural_qd_push/p3c_bd_sweep_20260704_093150_UTC/live/size_control_3d/seed_1001/openai_gpt-oss-120b/RTLLM/Prob047_instr_reg/Gen2/Prob047_instr_reg_sample3_M-S,
size_control_3d,RTLLM,Prob047_instr_reg,sequential,2,0803c482-fdf0-4632-a126-8999536643df,M-R,generation_log,-0.256349568251,-0.256349568251,177,0.0151,0.2,119,0.0129,0.18,-0.487394957983,-0.170542635659,-0.111111111111,/workspace/exp/natural_qd_push/p3c_bd_sweep_20260704_093150_UTC/live/size_control_3d/seed_1001/openai_gpt-oss-120b/RTLLM/Prob047_instr_reg/Gen2/Prob047_instr_reg_sample4_M-R,
size_control_3d,RTLLM,Prob047_instr_reg,sequential,2,227c6b2c-b5ba-4f8e-9f82-8b9d1020b240,C-F,generation_log,-0.177726387713,-0.177726387713,162,0.0144,0.19,119,0.0129,0.18,-0.361344537815,-0.116279069767,-0.0555555555556,/workspace/exp/natural_qd_push/p3c_bd_sweep_20260704_093150_UTC/live/size_control_3d/seed_1001/openai_gpt-oss-120b/RTLLM/Prob047_instr_reg/Gen2/Prob047_instr_reg_sample5_C-F,
size_control_3d,RTLLM,Prob047_instr_reg,sequential,2,006b53ae-f740-4742-935d-6b1ccd92b54e,M-I,generation_log,-0.256349568251,-0.256349568251,177,0.0151,0.2,119,0.0129,0.18,-0.487394957983,-0.170542635659,-0.111111111111,/workspace/exp/natural_qd_push/p3c_bd_sweep_20260704_093150_UTC/live/size_control_3d/seed_1001/openai_gpt-oss-120b/RTLLM/Prob047_instr_reg/Gen2/Prob047_instr_reg_sample6_M-I,
size_control_3d,RTLLM,Prob047_instr_reg,sequential,2,c0337c97-bf43-4bd7-96dd-38f664334af0,M-S,generation_log,-0.177726387713,-0.177726387713,162,0.0144,0.19,119,0.0129,0.18,-0.361344537815,-0.116279069767,-0.0555555555556,/workspace/exp/natural_qd_push/p3c_bd_sweep_20260704_093150_UTC/live/size_control_3d/seed_1001/openai_gpt-oss-120b/RTLLM/Prob047_instr_reg/Gen2/Prob047_instr_reg_sample7_M-S,
size_control_3d,RTLLM,Prob047_instr_reg,sequential,3,cb575a2b-eb3c-4ee0-ba8d-856295da3c5a,C-F,generation_log,-0.256349568251,-0.256349568251,177,0.0151,0.2,119,0.0129,0.18,-0.487394957983,-0.170542635659,-0.111111111111,/workspace/exp/natural_qd_push/p3c_bd_sweep_20260704_093150_UTC/live/size_control_3d/seed_1001/openai_gpt-oss-120b/RTLLM/Prob047_instr_reg/Gen3/Prob047_instr_reg_sample6_C-F,
size_control_3d,RTLLM,Prob047_instr_reg,sequential,4,b56728df-6d3b-4f19-b85b-26beb8c8dbc8,C-D,generation_log,-0.177726387713,-0.177726387713,162,0.0144,0.19,119,0.0129,0.18,-0.361344537815,-0.116279069767,-0.0555555555556,/workspace/exp/natural_qd_push/p3c_bd_sweep_20260704_093150_UTC/live/size_control_3d/seed_1001/openai_gpt-oss-120b/RTLLM/Prob047_instr_reg/Gen4/Prob047_instr_reg_sample1_C-D,
size_control_3d,RTLLM,Prob047_instr_reg,sequential,4,a0594234-2fb2-494a-bc91-b5c6bb3b3f54,M-R,generation_log,-0.256349568251,-0.256349568251,177,0.0151,0.2,119,0.0129,0.18,-0.487394957983,-0.170542635659,-0.111111111111,/workspace/exp/natural_qd_push/p3c_bd_sweep_20260704_093150_UTC/live/size_control_3d/seed_1001/openai_gpt-oss-120b/RTLLM/Prob047_instr_reg/Gen4/Prob047_instr_reg_sample3_M-R,
size_control_3d,RTLLM,Prob047_instr_reg,sequential,4,fc9b30e1-8031-47a6-9a25-b63c76c49587,M-S,generation_log,-0.256349568251,-0.256349568251,177,0.0151,0.2,119,0.0129,0.18,-0.487394957983,-0.170542635659,-0.111111111111,/workspace/exp/natural_qd_push/p3c_bd_sweep_20260704_093150_UTC/live/size_control_3d/seed_1001/openai_gpt-oss-120b/RTLLM/Prob047_instr_reg/Gen4/Prob047_instr_reg_sample4_M-S,
size_control_3d,RTLLM,Prob047_instr_reg,sequential,4,f73a8478-a92a-4dbf-8f21-f0b509d08a1c,M-R,generation_log,-0.256349568251,-0.256349568251,177,0.0151,0.2,119,0.0129,0.18,-0.487394957983,-0.170542635659,-0.111111111111,/workspace/exp/natural_qd_push/p3c_bd_sweep_20260704_093150_UTC/live/size_control_3d/seed_1001/openai_gpt-oss-120b/RTLLM/Prob047_instr_reg/Gen4/Prob047_instr_reg_sample7_M-R,
size_control_3d,RTLLM,Prob047_instr_reg,sequential,5,0cd6518b-90b1-414d-bda6-275b915c2482,C-F,generation_log,-0.00280112044818,-0.00280112044818,120,0.0129,0.18,119,0.0129,0.18,-0.00840336134454,0,0,/workspace/exp/natural_qd_push/p3c_bd_sweep_20260704_093150_UTC/live/size_control_3d/seed_1001/openai_gpt-oss-120b/RTLLM/Prob047_instr_reg/Gen5/Prob047_instr_reg_sample3_C-F,
size_control_3d,RTLLM,Prob047_instr_reg,sequential,5,546d6817-33f1-44f8-ac16-cea9eae54f0a,M-R,generation_log,-0.256349568251,-0.256349568251,177,0.0151,0.2,119,0.0129,0.18,-0.487394957983,-0.170542635659,-0.111111111111,/workspace/exp/natural_qd_push/p3c_bd_sweep_20260704_093150_UTC/live/size_control_3d/seed_1001/openai_gpt-oss-120b/RTLLM/Prob047_instr_reg/Gen5/Prob047_instr_reg_sample4_M-R,
size_control_3d,RTLLM,Prob047_instr_reg,sequential,5,f2e888a9-5723-4938-b1d6-bd9290ac8165,C-F,generation_log,-0.016372440449,-0.016372440449,123,0.0131,0.18,119,0.0129,0.18,-0.0336134453782,-0.015503875969,0,/workspace/exp/natural_qd_push/p3c_bd_sweep_20260704_093150_UTC/live/size_control_3d/seed_1001/openai_gpt-oss-120b/RTLLM/Prob047_instr_reg/Gen5/Prob047_instr_reg_sample6_C-F,
size_control_3d,RTLLM,Prob047_instr_reg,sequential,5,10eda9b3-2455-4f91-89f7-3470635a652d,C-F,generation_log,-0.256349568251,-0.256349568251,177,0.0151,0.2,119,0.0129,0.18,-0.487394957983,-0.170542635659,-0.111111111111,/workspace/exp/natural_qd_push/p3c_bd_sweep_20260704_093150_UTC/live/size_control_3d/seed_1001/openai_gpt-oss-120b/RTLLM/Prob047_instr_reg/Gen5/Prob047_instr_reg_sample7_C-F,
size_control_3d,RTLLM,Prob047_instr_reg,sequential,5,d4e41fd2-bfa0-46e2-937d-ea475f1a1713,M-I,generation_log,-0.256349568251,-0.256349568251,177,0.0151,0.2,119,0.0129,0.18,-0.487394957983,-0.170542635659,-0.111111111111,/workspace/exp/natural_qd_push/p3c_bd_sweep_20260704_093150_UTC/live/size_control_3d/seed_1001/openai_gpt-oss-120b/RTLLM/Prob047_instr_reg/Gen5/Prob047_instr_reg_sample8_M-I,
size_control_3d,RTLLM,Prob048_pe,sequential,0,8c95b83b-2ed0-47cb-81e8-36949c6df275,initial,generation_log,0.000835688660356,0.000835688660356,3450,0.45,1.57,3451,0.451,1.57,0.000289771080846,0.00221729490022,0,/workspace/exp/natural_qd_push/p3c_bd_sweep_20260704_093150_UTC/live/size_control_3d/seed_1001/openai_gpt-oss-120b/RTLLM/Prob048_pe/Gen0/Prob048_pe_sample1_initial,
size_control_3d,RTLLM,Prob048_pe,sequential,0,725165ae-4a0a-4525-9289-6cca415b4eae,initial,generation_log,0.000835688660356,0.000835688660356,3450,0.45,1.57,3451,0.451,1.57,0.000289771080846,0.00221729490022,0,/workspace/exp/natural_qd_push/p3c_bd_sweep_20260704_093150_UTC/live/size_control_3d/seed_1001/openai_gpt-oss-120b/RTLLM/Prob048_pe/Gen0/Prob048_pe_sample2_initial,
size_control_3d,RTLLM,Prob048_pe,sequential,0,74144f64-4507-47d9-b8b6-d710a7aa123d,initial,generation_log,-0,0,3451,0.451,1.57,3451,0.451,1.57,0,0,0,/workspace/exp/natural_qd_push/p3c_bd_sweep_20260704_093150_UTC/live/size_control_3d/seed_1001/openai_gpt-oss-120b/RTLLM/Prob048_pe/Gen0/Prob048_pe_sample3_initial,
size_control_3d,RTLLM,Prob048_pe,sequential,0,aa957c9a-3262-48a9-bd68-8faa87f0bc57,initial,generation_log,-0,0,3451,0.451,1.57,3451,0.451,1.57,0,0,0,/workspace/exp/natural_qd_push/p3c_bd_sweep_20260704_093150_UTC/live/size_control_3d/seed_1001/openai_gpt-oss-120b/RTLLM/Prob048_pe/Gen0/Prob048_pe_sample4_initial,
size_control_3d,RTLLM,Prob048_pe,sequential,0,121d31a1-1722-47b9-ae54-4dea5e2a51f6,initial,generation_log,0.00263728092353,0.00263728092353,3439,0.449,1.57,3451,0.451,1.57,0.00347725297015,0.00443458980044,0,/workspace/exp/natural_qd_push/p3c_bd_sweep_20260704_093150_UTC/live/size_control_3d/seed_1001/openai_gpt-oss-120b/RTLLM/Prob048_pe/Gen0/Prob048_pe_sample5_initial,
size_control_3d,RTLLM,Prob048_pe,sequential,0,26e175bd-edc2-4fe7-9ff3-2e90672a02ba,initial,generation_log,0.000835688660356,0.000835688660356,3450,0.45,1.57,3451,0.451,1.57,0.000289771080846,0.00221729490022,0,/workspace/exp/natural_qd_push/p3c_bd_sweep_20260704_093150_UTC/live/size_control_3d/seed_1001/openai_gpt-oss-120b/RTLLM/Prob048_pe/Gen0/Prob048_pe_sample6_initial,
size_control_3d,RTLLM,Prob048_pe,sequential,0,acd35dfc-fd94-4b2b-a10e-cb3fd7a1e35e,initial,generation_log,-0,0,3451,0.451,1.57,3451,0.451,1.57,0,0,0,/workspace/exp/natural_qd_push/p3c_bd_sweep_20260704_093150_UTC/live/size_control_3d/seed_1001/openai_gpt-oss-120b/RTLLM/Prob048_pe/Gen0/Prob048_pe_sample7_initial,
size_control_3d,RTLLM,Prob048_pe,sequential,0,4318afeb-730b-4232-bcf9-682d066fd786,initial,generation_log,-0,0,3451,0.451,1.57,3451,0.451,1.57,0,0,0,/workspace/exp/natural_qd_push/p3c_bd_sweep_20260704_093150_UTC/live/size_control_3d/seed_1001/openai_gpt-oss-120b/RTLLM/Prob048_pe/Gen0/Prob048_pe_sample8_initial,
size_control_3d,RTLLM,Prob048_pe,sequential,1,3b5c3691-eaa6-436a-9209-20fedda73384,C-D,generation_log,0.00263728092353,0.00263728092353,3439,0.449,1.57,3451,0.451,1.57,0.00347725297015,0.00443458980044,0,/workspace/exp/natural_qd_push/p3c_bd_sweep_20260704_093150_UTC/live/size_control_3d/seed_1001/openai_gpt-oss-120b/RTLLM/Prob048_pe/Gen1/Prob048_pe_sample2_C-D,
size_control_3d,RTLLM,Prob048_pe,sequential,2,6c9e9744-a561-4ca8-b465-817367362aa0,M-T,generation_log,-0.00135344911378,-0.00135344911378,3423,0.445,1.61,3451,0.451,1.57,0.00811359026369,0.0133037694013,-0.0254777070064,/workspace/exp/natural_qd_push/p3c_bd_sweep_20260704_093150_UTC/live/size_control_3d/seed_1001/openai_gpt-oss-120b/RTLLM/Prob048_pe/Gen2/Prob048_pe_sample1_M-T,
size_control_3d,RTLLM,Prob048_pe,sequential,2,4ea588ec-520b-46eb-9222-9001c406a4df,M-R,generation_log,0.00263728092353,0.00263728092353,3439,0.449,1.57,3451,0.451,1.57,0.00347725297015,0.00443458980044,0,/workspace/exp/natural_qd_push/p3c_bd_sweep_20260704_093150_UTC/live/size_control_3d/seed_1001/openai_gpt-oss-120b/RTLLM/Prob048_pe/Gen2/Prob048_pe_sample4_M-R,
size_control_3d,RTLLM,Prob048_pe,sequential,3,3388e8ef-94d4-457d-a5c4-433904707236,M-T,generation_log,-0,0,3451,0.451,1.57,3451,0.451,1.57,0,0,0,/workspace/exp/natural_qd_push/p3c_bd_sweep_20260704_093150_UTC/live/size_control_3d/seed_1001/openai_gpt-oss-120b/RTLLM/Prob048_pe/Gen3/Prob048_pe_sample2_M-T,
size_control_3d,RTLLM,Prob048_pe,sequential,3,f439bc40-075a-4c82-a342-5bba7b240735,M-S,generation_log,-0,0,3451,0.451,1.57,3451,0.451,1.57,0,0,0,/workspace/exp/natural_qd_push/p3c_bd_sweep_20260704_093150_UTC/live/size_control_3d/seed_1001/openai_gpt-oss-120b/RTLLM/Prob048_pe/Gen3/Prob048_pe_sample4_M-S,
size_control_3d,RTLLM,Prob048_pe,sequential,3,999312df-1578-45cc-8b30-95896c1946b8,M-R,generation_log,0.00263728092353,0.00263728092353,3439,0.449,1.57,3451,0.451,1.57,0.00347725297015,0.00443458980044,0,/workspace/exp/natural_qd_push/p3c_bd_sweep_20260704_093150_UTC/live/size_control_3d/seed_1001/openai_gpt-oss-120b/RTLLM/Prob048_pe/Gen3/Prob048_pe_sample5_M-R,
size_control_3d,RTLLM,Prob048_pe,sequential,4,b9603316-d469-438e-9029-a15215c9a6fd,M-R,generation_log,0.00263728092353,0.00263728092353,3439,0.449,1.57,3451,0.451,1.57,0.00347725297015,0.00443458980044,0,/workspace/exp/natural_qd_push/p3c_bd_sweep_20260704_093150_UTC/live/size_control_3d/seed_1001/openai_gpt-oss-120b/RTLLM/Prob048_pe/Gen4/Prob048_pe_sample3_M-R,
size_control_3d,RTLLM,Prob048_pe,sequential,5,0d7d46fa-c5c0-4ab9-9425-fa1183cf283a,M-R,generation_log,0.00263728092353,0.00263728092353,3439,0.449,1.57,3451,0.451,1.57,0.00347725297015,0.00443458980044,0,/workspace/exp/natural_qd_push/p3c_bd_sweep_20260704_093150_UTC/live/size_control_3d/seed_1001/openai_gpt-oss-120b/RTLLM/Prob048_pe/Gen5/Prob048_pe_sample4_M-R,
size_control_3d,RTLLM,Prob049_signal_generator,sequential,0,8f0ca84a-10e7-4513-9cd9-728386770321,initial,generation_log,0.234774694403,0.234774694403,82,0.00252,0.38,94,0.00467,0.43,0.127659574468,0.460385438972,0.116279069767,/workspace/exp/natural_qd_push/p3c_bd_sweep_20260704_093150_UTC/live/size_control_3d/seed_1001/openai_gpt-oss-120b/RTLLM/Prob049_signal_generator/Gen0/Prob049_signal_generator_sample1_initial,
size_control_3d,RTLLM,Prob049_signal_generator,sequential,0,dabd530f-77da-48ea-9b75-6c0daad1b710,initial,generation_log,0.234774694403,0.234774694403,82,0.00252,0.38,94,0.00467,0.43,0.127659574468,0.460385438972,0.116279069767,/workspace/exp/natural_qd_push/p3c_bd_sweep_20260704_093150_UTC/live/size_control_3d/seed_1001/openai_gpt-oss-120b/RTLLM/Prob049_signal_generator/Gen0/Prob049_signal_generator_sample2_initial,
size_control_3d,RTLLM,Prob049_signal_generator,sequential,0,08bb0603-0312-4640-b6e8-f1019fdcc269,initial,generation_log,0.234774694403,0.234774694403,82,0.00252,0.38,94,0.00467,0.43,0.127659574468,0.460385438972,0.116279069767,/workspace/exp/natural_qd_push/p3c_bd_sweep_20260704_093150_UTC/live/size_control_3d/seed_1001/openai_gpt-oss-120b/RTLLM/Prob049_signal_generator/Gen0/Prob049_signal_generator_sample3_initial,
size_control_3d,RTLLM,Prob049_signal_generator,sequential,0,08ea6ce9-7144-424f-98df-e227218aa408,initial,generation_log,0.234774694403,0.234774694403,82,0.00252,0.38,94,0.00467,0.43,0.127659574468,0.460385438972,0.116279069767,/workspace/exp/natural_qd_push/p3c_bd_sweep_20260704_093150_UTC/live/size_control_3d/seed_1001/openai_gpt-oss-120b/RTLLM/Prob049_signal_generator/Gen0/Prob049_signal_generator_sample4_initial,
size_control_3d,RTLLM,Prob049_signal_generator,sequential,0,551a1362-0aad-40b6-abbe-ba57c61f295f,initial,generation_log,0.234774694403,0.234774694403,82,0.00252,0.38,94,0.00467,0.43,0.127659574468,0.460385438972,0.116279069767,/workspace/exp/natural_qd_push/p3c_bd_sweep_20260704_093150_UTC/live/size_control_3d/seed_1001/openai_gpt-oss-120b/RTLLM/Prob049_signal_generator/Gen0/Prob049_signal_generator_sample5_initial,
size_control_3d,RTLLM,Prob049_signal_generator,sequential,0,2afe178c-933c-4cea-9075-9704edf25a3c,initial,generation_log,0.234774694403,0.234774694403,82,0.00252,0.38,94,0.00467,0.43,0.127659574468,0.460385438972,0.116279069767,/workspace/exp/natural_qd_push/p3c_bd_sweep_20260704_093150_UTC/live/size_control_3d/seed_1001/openai_gpt-oss-120b/RTLLM/Prob049_signal_generator/Gen0/Prob049_signal_generator_sample6_initial,
size_control_3d,RTLLM,Prob049_signal_generator,sequential,0,583cd092-70d9-4bbb-bcb9-888427b634d1,initial,generation_log,0.234774694403,0.234774694403,82,0.00252,0.38,94,0.00467,0.43,0.127659574468,0.460385438972,0.116279069767,/workspace/exp/natural_qd_push/p3c_bd_sweep_20260704_093150_UTC/live/size_control_3d/seed_1001/openai_gpt-oss-120b/RTLLM/Prob049_signal_generator/Gen0/Prob049_signal_generator_sample8_initial,
size_control_3d,RTLLM,Prob049_signal_generator,sequential,1,8d728afe-d13c-44a3-9601-58a0108e01a9,M-R,generation_log,0.0474607979527,0.0474607979527,73,0.0057,0.37,94,0.00467,0.43,0.223404255319,-0.220556745182,0.139534883721,/workspace/exp/natural_qd_push/p3c_bd_sweep_20260704_093150_UTC/live/size_control_3d/seed_1001/openai_gpt-oss-120b/RTLLM/Prob049_signal_generator/Gen1/Prob049_signal_generator_sample2_M-R,
size_control_3d,RTLLM,Prob049_signal_generator,sequential,1,4b205629-3e6e-4bf7-949a-b6a942650369,M-I,generation_log,0.0517434531989,0.0517434531989,73,0.00564,0.37,94,0.00467,0.43,0.223404255319,-0.207708779443,0.139534883721,/workspace/exp/natural_qd_push/p3c_bd_sweep_20260704_093150_UTC/live/size_control_3d/seed_1001/openai_gpt-oss-120b/RTLLM/Prob049_signal_generator/Gen1/Prob049_signal_generator_sample3_M-I,
size_control_3d,RTLLM,Prob049_signal_generator,sequential,1,0b8eae4a-b8e6-4f5b-8b2b-1e33bb91d8c8,M-S,generation_log,0.234774694403,0.234774694403,82,0.00252,0.38,94,0.00467,0.43,0.127659574468,0.460385438972,0.116279069767,/workspace/exp/natural_qd_push/p3c_bd_sweep_20260704_093150_UTC/live/size_control_3d/seed_1001/openai_gpt-oss-120b/RTLLM/Prob049_signal_generator/Gen1/Prob049_signal_generator_sample4_M-S,
size_control_3d,RTLLM,Prob049_signal_generator,sequential,2,43f2a580-a7d9-47bd-842b-b2e80d24276e,M-R,generation_log,0.234774694403,0.234774694403,82,0.00252,0.38,94,0.00467,0.43,0.127659574468,0.460385438972,0.116279069767,/workspace/exp/natural_qd_push/p3c_bd_sweep_20260704_093150_UTC/live/size_control_3d/seed_1001/openai_gpt-oss-120b/RTLLM/Prob049_signal_generator/Gen2/Prob049_signal_generator_sample4_M-R,
size_control_3d,RTLLM,Prob049_signal_generator,sequential,3,160965d5-7bc3-4637-8efc-c8ba843a29bd,M-R,generation_log,0.234774694403,0.234774694403,82,0.00252,0.38,94,0.00467,0.43,0.127659574468,0.460385438972,0.116279069767,/workspace/exp/natural_qd_push/p3c_bd_sweep_20260704_093150_UTC/live/size_control_3d/seed_1001/openai_gpt-oss-120b/RTLLM/Prob049_signal_generator/Gen3/Prob049_signal_generator_sample4_M-R,
size_control_3d,RTLLM,Prob049_signal_generator,sequential,4,944a110c-036f-4f38-be2c-a32bf772f903,M-R,generation_log,0.234774694403,0.234774694403,82,0.00252,0.38,94,0.00467,0.43,0.127659574468,0.460385438972,0.116279069767,/workspace/exp/natural_qd_push/p3c_bd_sweep_20260704_093150_UTC/live/size_control_3d/seed_1001/openai_gpt-oss-120b/RTLLM/Prob049_signal_generator/Gen4/Prob049_signal_generator_sample4_M-R,
size_control_3d,RTLLM,Prob049_signal_generator,sequential,4,0e271524-2738-4a64-8d09-750e0f9c5a21,M-I,generation_log,0.0474607979527,0.0474607979527,73,0.0057,0.37,94,0.00467,0.43,0.223404255319,-0.220556745182,0.139534883721,/workspace/exp/natural_qd_push/p3c_bd_sweep_20260704_093150_UTC/live/size_control_3d/seed_1001/openai_gpt-oss-120b/RTLLM/Prob049_signal_generator/Gen4/Prob049_signal_generator_sample6_M-I,
size_control_3d,RTLLM,Prob049_signal_generator,sequential,4,2f87eb28-314d-4480-9bf6-4554dee52060,M-I,generation_log,0.234774694403,0.234774694403,82,0.00252,0.38,94,0.00467,0.43,0.127659574468,0.460385438972,0.116279069767,/workspace/exp/natural_qd_push/p3c_bd_sweep_20260704_093150_UTC/live/size_control_3d/seed_1001/openai_gpt-oss-120b/RTLLM/Prob049_signal_generator/Gen4/Prob049_signal_generator_sample8_M-I,
size_control_3d,RTLLM,Prob049_signal_generator,sequential,5,8b41a787-1cdf-42ed-886a-7a12d96b5dac,M-F,generation_log,0.234774694403,0.234774694403,82,0.00252,0.38,94,0.00467,0.43,0.127659574468,0.460385438972,0.116279069767,/workspace/exp/natural_qd_push/p3c_bd_sweep_20260704_093150_UTC/live/size_control_3d/seed_1001/openai_gpt-oss-120b/RTLLM/Prob049_signal_generator/Gen5/Prob049_signal_generator_sample1_M-F,
size_control_3d,RTLLM,Prob049_signal_generator,sequential,5,e2de5138-94ac-4ef2-9726-9c0f6744d392,M-E,generation_log,-0.0493319432186,-0.0493319432186,105,0.00362,0.54,94,0.00467,0.43,-0.117021276596,0.224839400428,-0.255813953488,/workspace/exp/natural_qd_push/p3c_bd_sweep_20260704_093150_UTC/live/size_control_3d/seed_1001/openai_gpt-oss-120b/RTLLM/Prob049_signal_generator/Gen5/Prob049_signal_generator_sample3_M-E,
size_control_3d,RTLLM,Prob049_signal_generator,sequential,5,abcda4dd-d9a5-4a3b-adbf-9ab53cc41374,M-I,generation_log,0.234774694403,0.234774694403,82,0.00252,0.38,94,0.00467,0.43,0.127659574468,0.460385438972,0.116279069767,/workspace/exp/natural_qd_push/p3c_bd_sweep_20260704_093150_UTC/live/size_control_3d/seed_1001/openai_gpt-oss-120b/RTLLM/Prob049_signal_generator/Gen5/Prob049_signal_generator_sample5_M-I,
size_control_3d,RTLLM,Prob049_signal_generator,sequential,5,d01dc029-d744-498e-bf23-4fe1369936f8,M-S,generation_log,0.234774694403,0.234774694403,82,0.00252,0.38,94,0.00467,0.43,0.127659574468,0.460385438972,0.116279069767,/workspace/exp/natural_qd_push/p3c_bd_sweep_20260704_093150_UTC/live/size_control_3d/seed_1001/openai_gpt-oss-120b/RTLLM/Prob049_signal_generator/Gen5/Prob049_signal_generator_sample6_M-S,
size_control_3d,RTLLM,Prob049_signal_generator,sequential,5,e70bf6bb-3a8c-4c78-93c8-2df6643b8707,M-S,generation_log,0.234774694403,0.234774694403,82,0.00252,0.38,94,0.00467,0.43,0.127659574468,0.460385438972,0.116279069767,/workspace/exp/natural_qd_push/p3c_bd_sweep_20260704_093150_UTC/live/size_control_3d/seed_1001/openai_gpt-oss-120b/RTLLM/Prob049_signal_generator/Gen5/Prob049_signal_generator_sample7_M-S,
size_control_3d,RTLLM,Prob049_signal_generator,sequential,5,d45b32f7-7fbf-4fe3-b945-e05c8205a4c9,M-S,generation_log,0.234774694403,0.234774694403,82,0.00252,0.38,94,0.00467,0.43,0.127659574468,0.460385438972,0.116279069767,/workspace/exp/natural_qd_push/p3c_bd_sweep_20260704_093150_UTC/live/size_control_3d/seed_1001/openai_gpt-oss-120b/RTLLM/Prob049_signal_generator/Gen5/Prob049_signal_generator_sample8_M-S,
size_control_3d,RTLLM,Prob050_square_wave,sequential,0,09c6f679-fe35-4c4b-a210-3ae0e1bdae7c,initial,generation_log,-0.0248018235634,-0.0248018235634,124,0.0255,0.38,119,0.0247,0.38,-0.0420168067227,-0.0323886639676,0,/workspace/exp/natural_qd_push/p3c_bd_sweep_20260704_093150_UTC/live/size_control_3d/seed_1001/openai_gpt-oss-120b/RTLLM/Prob050_square_wave/Gen0/Prob050_square_wave_sample1_initial,
size_control_3d,RTLLM,Prob050_square_wave,sequential,0,7eb36d54-ee84-40d3-99e6-6e0ca2b4c54e,initial,generation_log,0.00684970344413,0.00684970344413,118,0.0244,0.38,119,0.0247,0.38,0.00840336134454,0.0121457489879,0,/workspace/exp/natural_qd_push/p3c_bd_sweep_20260704_093150_UTC/live/size_control_3d/seed_1001/openai_gpt-oss-120b/RTLLM/Prob050_square_wave/Gen0/Prob050_square_wave_sample2_initial,
size_control_3d,RTLLM,Prob050_square_wave,sequential,0,bddf1d06-fe02-4bd2-a182-48a5ff434950,initial,generation_log,0.00684970344413,0.00684970344413,118,0.0244,0.38,119,0.0247,0.38,0.00840336134454,0.0121457489879,0,/workspace/exp/natural_qd_push/p3c_bd_sweep_20260704_093150_UTC/live/size_control_3d/seed_1001/openai_gpt-oss-120b/RTLLM/Prob050_square_wave/Gen0/Prob050_square_wave_sample3_initial,
size_control_3d,RTLLM,Prob050_square_wave,sequential,0,ca1ac331-6896-4f57-a0a7-64dc2037d22e,initial,generation_log,0.00684970344413,0.00684970344413,118,0.0244,0.38,119,0.0247,0.38,0.00840336134454,0.0121457489879,0,/workspace/exp/natural_qd_push/p3c_bd_sweep_20260704_093150_UTC/live/size_control_3d/seed_1001/openai_gpt-oss-120b/RTLLM/Prob050_square_wave/Gen0/Prob050_square_wave_sample4_initial,
size_control_3d,RTLLM,Prob050_square_wave,sequential,0,f8e310c6-cb7f-46bc-8c06-99267f2ca501,initial,generation_log,0.00684970344413,0.00684970344413,118,0.0244,0.38,119,0.0247,0.38,0.00840336134454,0.0121457489879,0,/workspace/exp/natural_qd_push/p3c_bd_sweep_20260704_093150_UTC/live/size_control_3d/seed_1001/openai_gpt-oss-120b/RTLLM/Prob050_square_wave/Gen0/Prob050_square_wave_sample5_initial,
size_control_3d,RTLLM,Prob050_square_wave,sequential,0,072d424b-bfbe-46ed-8484-ff6a22b2a972,initial,generation_log,0.00684970344413,0.00684970344413,118,0.0244,0.38,119,0.0247,0.38,0.00840336134454,0.0121457489879,0,/workspace/exp/natural_qd_push/p3c_bd_sweep_20260704_093150_UTC/live/size_control_3d/seed_1001/openai_gpt-oss-120b/RTLLM/Prob050_square_wave/Gen0/Prob050_square_wave_sample6_initial,
size_control_3d,RTLLM,Prob050_square_wave,sequential,0,2b71fe37-b7a4-4c56-8676-0386d286202b,initial,generation_log,0.00684970344413,0.00684970344413,118,0.0244,0.38,119,0.0247,0.38,0.00840336134454,0.0121457489879,0,/workspace/exp/natural_qd_push/p3c_bd_sweep_20260704_093150_UTC/live/size_control_3d/seed_1001/openai_gpt-oss-120b/RTLLM/Prob050_square_wave/Gen0/Prob050_square_wave_sample7_initial,
size_control_3d,RTLLM,Prob050_square_wave,sequential,0,830b0c4c-f11c-40ff-96bb-63657a5ed589,initial,generation_log,-0.016602592454,-0.016602592454,123,0.0251,0.38,119,0.0247,0.38,-0.0336134453782,-0.0161943319838,0,/workspace/exp/natural_qd_push/p3c_bd_sweep_20260704_093150_UTC/live/size_control_3d/seed_1001/openai_gpt-oss-120b/RTLLM/Prob050_square_wave/Gen0/Prob050_square_wave_sample8_initial,
size_control_3d,RTLLM,Prob050_square_wave,sequential,1,db1fed1a-a15c-4913-b678-f12d320fbfcb,M-S,generation_log,0.124666870797,0.124666870797,114,0.0191,0.34,119,0.0247,0.38,0.0420168067227,0.226720647773,0.105263157895,/workspace/exp/natural_qd_push/p3c_bd_sweep_20260704_093150_UTC/live/size_control_3d/seed_1001/openai_gpt-oss-120b/RTLLM/Prob050_square_wave/Gen1/Prob050_square_wave_sample1_M-S,
size_control_3d,RTLLM,Prob050_square_wave,sequential,1,8081748f-dba2-4d35-88c1-7c08dd6c0bab,M-R,generation_log,0.0938091835925,0.0938091835925,99,0.0219,0.38,119,0.0247,0.38,0.168067226891,0.113360323887,0,/workspace/exp/natural_qd_push/p3c_bd_sweep_20260704_093150_UTC/live/size_control_3d/seed_1001/openai_gpt-oss-120b/RTLLM/Prob050_square_wave/Gen1/Prob050_square_wave_sample2_M-R,
size_control_3d,RTLLM,Prob050_square_wave,sequential,1,f9759100-7636-4664-9179-9ab99bb47bc9,M-I,generation_log,0.00713321765953,0.00713321765953,102,0.0212,0.48,119,0.0247,0.38,0.142857142857,0.141700404858,-0.263157894737,/workspace/exp/natural_qd_push/p3c_bd_sweep_20260704_093150_UTC/live/size_control_3d/seed_1001/openai_gpt-oss-120b/RTLLM/Prob050_square_wave/Gen1/Prob050_square_wave_sample3_M-I,
size_control_3d,RTLLM,Prob050_square_wave,sequential,1,42b5b999-095d-4c23-8e7d-0ac74be2baef,M-R,generation_log,-0.470452148471,-0.470452148471,246,0.0332,0.38,119,0.0247,0.38,-1.06722689076,-0.344129554656,0,/workspace/exp/natural_qd_push/p3c_bd_sweep_20260704_093150_UTC/live/size_control_3d/seed_1001/openai_gpt-oss-120b/RTLLM/Prob050_square_wave/Gen1/Prob050_square_wave_sample4_M-R,
size_control_3d,RTLLM,Prob050_square_wave,sequential,1,2d09f16d-0307-4d99-96f7-390ac3945ea9,M-R,generation_log,-0.0303643724696,-0.0303643724696,119,0.0198,0.49,119,0.0247,0.38,0,0.198380566802,-0.289473684211,/workspace/exp/natural_qd_push/p3c_bd_sweep_20260704_093150_UTC/live/size_control_3d/seed_1001/openai_gpt-oss-120b/RTLLM/Prob050_square_wave/Gen1/Prob050_square_wave_sample5_M-R,
size_control_3d,RTLLM,Prob050_square_wave,sequential,1,9807a137-0510-4096-85aa-d0af07122825,M-S,generation_log,0.00713321765953,0.00713321765953,102,0.0212,0.48,119,0.0247,0.38,0.142857142857,0.141700404858,-0.263157894737,/workspace/exp/natural_qd_push/p3c_bd_sweep_20260704_093150_UTC/live/size_control_3d/seed_1001/openai_gpt-oss-120b/RTLLM/Prob050_square_wave/Gen1/Prob050_square_wave_sample6_M-S,
size_control_3d,RTLLM,Prob050_square_wave,sequential,1,7c46ff32-84bf-4502-b650-6120192ce626,M-R,generation_log,-0.031713900135,-0.031713900135,119,0.0199,0.49,119,0.0247,0.38,0,0.194331983806,-0.289473684211,/workspace/exp/natural_qd_push/p3c_bd_sweep_20260704_093150_UTC/live/size_control_3d/seed_1001/openai_gpt-oss-120b/RTLLM/Prob050_square_wave/Gen1/Prob050_square_wave_sample7_M-R,
size_control_3d,RTLLM,Prob050_square_wave,sequential,1,1a53a64d-edfa-4e67-a494-1b376dcdf568,M-S,generation_log,-0.0249662618084,-0.0249662618084,119,0.0233,0.43,119,0.0247,0.38,0,0.0566801619433,-0.131578947368,/workspace/exp/natural_qd_push/p3c_bd_sweep_20260704_093150_UTC/live/size_control_3d/seed_1001/openai_gpt-oss-120b/RTLLM/Prob050_square_wave/Gen1/Prob050_square_wave_sample8_M-S,
size_control_3d,RTLLM,Prob050_square_wave,sequential,2,35c2ecbf-7699-41f0-a922-42106e32cb02,M-I,generation_log,-0.031713900135,-0.031713900135,119,0.0199,0.49,119,0.0247,0.38,0,0.194331983806,-0.289473684211,/workspace/exp/natural_qd_push/p3c_bd_sweep_20260704_093150_UTC/live/size_control_3d/seed_1001/openai_gpt-oss-120b/RTLLM/Prob050_square_wave/Gen2/Prob050_square_wave_sample2_M-I,
size_control_3d,RTLLM,Prob050_square_wave,sequential,2,7bb2a1dc-8c5f-4c43-b976-1cd4622a012f,M-S,generation_log,0.00684970344413,0.00684970344413,118,0.0244,0.38,119,0.0247,0.38,0.00840336134454,0.0121457489879,0,/workspace/exp/natural_qd_push/p3c_bd_sweep_20260704_093150_UTC/live/size_control_3d/seed_1001/openai_gpt-oss-120b/RTLLM/Prob050_square_wave/Gen2/Prob050_square_wave_sample4_M-S,
size_control_3d,RTLLM,Prob050_square_wave,sequential,2,6629521e-5550-495d-bc64-d1db73d499fe,M-I,generation_log,0.22608217376,0.22608217376,116,0.00857,0.38,119,0.0247,0.38,0.0252100840336,0.653036437247,0,/workspace/exp/natural_qd_push/p3c_bd_sweep_20260704_093150_UTC/live/size_control_3d/seed_1001/openai_gpt-oss-120b/RTLLM/Prob050_square_wave/Gen2/Prob050_square_wave_sample6_M-I,
size_control_3d,RTLLM,Prob050_square_wave,sequential,2,1ae64b84-16de-44a5-b0c6-d5211a60fb07,M-S,generation_log,0.00684970344413,0.00684970344413,118,0.0244,0.38,119,0.0247,0.38,0.00840336134454,0.0121457489879,0,/workspace/exp/natural_qd_push/p3c_bd_sweep_20260704_093150_UTC/live/size_control_3d/seed_1001/openai_gpt-oss-120b/RTLLM/Prob050_square_wave/Gen2/Prob050_square_wave_sample7_M-S,
size_control_3d,RTLLM,Prob050_square_wave,sequential,3,7ef910e9-5881-4e22-b9b1-a3ac6c0bf8a9,C-D,generation_log,-0.0304777781558,-0.0304777781558,173,0.0164,0.37,119,0.0247,0.38,-0.453781512605,0.336032388664,0.0263157894737,/workspace/exp/natural_qd_push/p3c_bd_sweep_20260704_093150_UTC/live/size_control_3d/seed_1001/openai_gpt-oss-120b/RTLLM/Prob050_square_wave/Gen3/Prob050_square_wave_sample1_C-D,
size_control_3d,RTLLM,Prob050_square_wave,sequential,3,ea508e62-ce85-4a66-9d50-4ebb1b81738a,M-E,generation_log,-0.296005851733,-0.296005851733,183,0.0262,0.49,119,0.0247,0.38,-0.53781512605,-0.0607287449393,-0.289473684211,/workspace/exp/natural_qd_push/p3c_bd_sweep_20260704_093150_UTC/live/size_control_3d/seed_1001/openai_gpt-oss-120b/RTLLM/Prob050_square_wave/Gen3/Prob050_square_wave_sample2_M-E,
size_control_3d,RTLLM,Prob050_square_wave,sequential,3,3bc1b244-5d8e-4e06-974e-630d2ce27b23,C-F,generation_log,-0.0368284965808,-0.0368284965808,103,0.021,0.53,119,0.0247,0.38,0.134453781513,0.14979757085,-0.394736842105,/workspace/exp/natural_qd_push/p3c_bd_sweep_20260704_093150_UTC/live/size_control_3d/seed_1001/openai_gpt-oss-120b/RTLLM/Prob050_square_wave/Gen3/Prob050_square_wave_sample3_C-F,
size_control_3d,RTLLM,Prob050_square_wave,sequential,3,c1ebacdf-3708-4a17-b4fa-0cfbcbc9819c,C-F,generation_log,0.125687521972,0.125687521972,104,0.0211,0.34,119,0.0247,0.38,0.126050420168,0.145748987854,0.105263157895,/workspace/exp/natural_qd_push/p3c_bd_sweep_20260704_093150_UTC/live/size_control_3d/seed_1001/openai_gpt-oss-120b/RTLLM/Prob050_square_wave/Gen3/Prob050_square_wave_sample5_C-F,
size_control_3d,RTLLM,Prob050_square_wave,sequential,3,4dd43431-4875-4fd7-9cb4-792e7a965dd4,M-S,generation_log,-0.031713900135,-0.031713900135,119,0.0199,0.49,119,0.0247,0.38,0,0.194331983806,-0.289473684211,/workspace/exp/natural_qd_push/p3c_bd_sweep_20260704_093150_UTC/live/size_control_3d/seed_1001/openai_gpt-oss-120b/RTLLM/Prob050_square_wave/Gen3/Prob050_square_wave_sample7_M-S,
size_control_3d,RTLLM,Prob050_square_wave,sequential,4,3788e04a-3a04-4bfa-b717-8907efa45301,C-D,generation_log,0.0392156862745,0.0392156862745,105,0.0182,0.48,119,0.0247,0.38,0.117647058824,0.263157894737,-0.263157894737,/workspace/exp/natural_qd_push/p3c_bd_sweep_20260704_093150_UTC/live/size_control_3d/seed_1001/openai_gpt-oss-120b/RTLLM/Prob050_square_wave/Gen4/Prob050_square_wave_sample1_C-D,
size_control_3d,RTLLM,Prob050_square_wave,sequential,4,f881223a-7c17-47c8-b888-a6b0764ff70b,M-E,generation_log,-0.3901495821,-0.3901495821,160,0.0386,0.48,119,0.0247,0.38,-0.344537815126,-0.562753036437,-0.263157894737,/workspace/exp/natural_qd_push/p3c_bd_sweep_20260704_093150_UTC/live/size_control_3d/seed_1001/openai_gpt-oss-120b/RTLLM/Prob050_square_wave/Gen4/Prob050_square_wave_sample2_M-E,
size_control_3d,RTLLM,Prob050_square_wave,sequential,4,08a61d69-9197-4413-85ca-3c593e4de596,C-F,generation_log,0.07004048583,0.07004048583,119,0.00846,0.55,119,0.0247,0.38,0,0.657489878543,-0.447368421053,/workspace/exp/natural_qd_push/p3c_bd_sweep_20260704_093150_UTC/live/size_control_3d/seed_1001/openai_gpt-oss-120b/RTLLM/Prob050_square_wave/Gen4/Prob050_square_wave_sample3_C-F,
size_control_3d,RTLLM,Prob050_square_wave,sequential,4,a548373d-6d5e-41e6-8254-68ebf47cf253,C-F,generation_log,-0.00338515973191,-0.00338515973191,172,0.0107,0.43,119,0.0247,0.38,-0.445378151261,0.566801619433,-0.131578947368,/workspace/exp/natural_qd_push/p3c_bd_sweep_20260704_093150_UTC/live/size_control_3d/seed_1001/openai_gpt-oss-120b/RTLLM/Prob050_square_wave/Gen4/Prob050_square_wave_sample4_C-F,
size_control_3d,RTLLM,Prob050_square_wave,sequential,4,03fc661c-5eb3-4baa-93a6-6468e77eb4a5,C-F,generation_log,0.117493961147,0.117493961147,138,0.00945,0.42,119,0.0247,0.38,-0.159663865546,0.617408906883,-0.105263157895,/workspace/exp/natural_qd_push/p3c_bd_sweep_20260704_093150_UTC/live/size_control_3d/seed_1001/openai_gpt-oss-120b/RTLLM/Prob050_square_wave/Gen4/Prob050_square_wave_sample5_C-F,
size_control_3d,RTLLM,Prob050_square_wave,sequential,4,39d57f35-38bb-49b7-9aff-0bd1db98301e,C-F,generation_log,0.22608217376,0.22608217376,116,0.00857,0.38,119,0.0247,0.38,0.0252100840336,0.653036437247,0,/workspace/exp/natural_qd_push/p3c_bd_sweep_20260704_093150_UTC/live/size_control_3d/seed_1001/openai_gpt-oss-120b/RTLLM/Prob050_square_wave/Gen4/Prob050_square_wave_sample6_C-F,
size_control_3d,RTLLM,Prob050_square_wave,sequential,4,fbf38b9d-ff10-4e03-9b2d-395988353248,M-I,generation_log,-0.0303643724696,-0.0303643724696,119,0.0198,0.49,119,0.0247,0.38,0,0.198380566802,-0.289473684211,/workspace/exp/natural_qd_push/p3c_bd_sweep_20260704_093150_UTC/live/size_control_3d/seed_1001/openai_gpt-oss-120b/RTLLM/Prob050_square_wave/Gen4/Prob050_square_wave_sample8_M-I,
size_control_3d,RTLLM,Prob050_square_wave,sequential,5,8aa995a2-fc2e-45c6-b14e-30e92d34a4be,C-D,generation_log,0.0820932421552,0.0820932421552,149,0.00979,0.42,119,0.0247,0.38,-0.252100840336,0.603643724696,-0.105263157895,/workspace/exp/natural_qd_push/p3c_bd_sweep_20260704_093150_UTC/live/size_control_3d/seed_1001/openai_gpt-oss-120b/RTLLM/Prob050_square_wave/Gen5/Prob050_square_wave_sample1_C-D,
size_control_3d,RTLLM,Prob050_square_wave,sequential,5,5a65ce3f-82b1-41ec-bbf3-9a301bd296ad,C-D,generation_log,0.180547522653,0.180547522653,102,0.0168,0.35,119,0.0247,0.38,0.142857142857,0.31983805668,0.0789473684211,/workspace/exp/natural_qd_push/p3c_bd_sweep_20260704_093150_UTC/live/size_control_3d/seed_1001/openai_gpt-oss-120b/RTLLM/Prob050_square_wave/Gen5/Prob050_square_wave_sample2_C-D,
size_control_3d,RTLLM,Prob050_square_wave,sequential,5,bfb9b041-e9dc-4e5e-afc5-e0b159fe9852,M-I,generation_log,-0.0304777781558,-0.0304777781558,173,0.0164,0.37,119,0.0247,0.38,-0.453781512605,0.336032388664,0.0263157894737,/workspace/exp/natural_qd_push/p3c_bd_sweep_20260704_093150_UTC/live/size_control_3d/seed_1001/openai_gpt-oss-120b/RTLLM/Prob050_square_wave/Gen5/Prob050_square_wave_sample3_M-I,
size_control_3d,RTLLM,Prob050_square_wave,sequential,5,4946a528-6a9f-4058-9426-66a292e6be30,M-R,generation_log,0.111988115084,0.111988115084,106,0.0217,0.34,119,0.0247,0.38,0.109243697479,0.121457489879,0.105263157895,/workspace/exp/natural_qd_push/p3c_bd_sweep_20260704_093150_UTC/live/size_control_3d/seed_1001/openai_gpt-oss-120b/RTLLM/Prob050_square_wave/Gen5/Prob050_square_wave_sample4_M-R,
size_control_3d,RTLLM,Prob050_square_wave,sequential,5,694a92ef-6f65-4535-b58f-bc3917e1e0b8,C-F,generation_log,-0.00058403928373,-0.00058403928373,171,0.0107,0.43,119,0.0247,0.38,-0.436974789916,0.566801619433,-0.131578947368,/workspace/exp/natural_qd_push/p3c_bd_sweep_20260704_093150_UTC/live/size_control_3d/seed_1001/openai_gpt-oss-120b/RTLLM/Prob050_square_wave/Gen5/Prob050_square_wave_sample5_C-F,
size_control_3d,RTLLM,Prob050_square_wave,sequential,5,5692110a-b605-400c-a4c1-8fc58590e6c2,C-F,generation_log,0.22608217376,0.22608217376,116,0.00857,0.38,119,0.0247,0.38,0.0252100840336,0.653036437247,0,/workspace/exp/natural_qd_push/p3c_bd_sweep_20260704_093150_UTC/live/size_control_3d/seed_1001/openai_gpt-oss-120b/RTLLM/Prob050_square_wave/Gen5/Prob050_square_wave_sample6_C-F,
size_control_3d,RTLLM,Prob050_square_wave,sequential,5,6de2d985-3a83-4de9-b71e-0f8a80426c5d,C-F,generation_log,0.116846414679,0.116846414679,106,0.00834,0.54,119,0.0247,0.38,0.109243697479,0.662348178138,-0.421052631579,/workspace/exp/natural_qd_push/p3c_bd_sweep_20260704_093150_UTC/live/size_control_3d/seed_1001/openai_gpt-oss-120b/RTLLM/Prob050_square_wave/Gen5/Prob050_square_wave_sample7_C-F,
size_control_3d,RTLLM,Prob050_square_wave,sequential,5,a60a2cc8-ffdd-4338-aacc-2697954fca5a,C-F,generation_log,0.22608217376,0.22608217376,116,0.00857,0.38,119,0.0247,0.38,0.0252100840336,0.653036437247,0,/workspace/exp/natural_qd_push/p3c_bd_sweep_20260704_093150_UTC/live/size_control_3d/seed_1001/openai_gpt-oss-120b/RTLLM/Prob050_square_wave/Gen5/Prob050_square_wave_sample8_C-F,
