backend,benchmark,problem,circuit_type,generation,candidate_id,strategy,source,score_from_run,ppa_score,area,power,eff_clk_period,ref_area,ref_power,ref_eff_clk_period,g_A,g_P,g_T,candidate_dir,report_path
classic_revolution_8x5,RTLLM,Prob001_accu,sequential,0,6e89ac55-fbe5-424c-8efc-9851f4e490ac,initial,generation_log,0.00417487703099,0.00417487703099,226,0.0449,0.49,191,0.0468,0.58,-0.183246073298,0.0405982905983,0.155172413793,,
classic_revolution_8x5,RTLLM,Prob001_accu,sequential,0,2528f397-b3dd-4c48-a43b-ee614eab26c4,initial,generation_log,-0.109218419608,-0.109218419608,242,0.0569,0.49,191,0.0468,0.58,-0.267015706806,-0.215811965812,0.155172413793,,
classic_revolution_8x5,RTLLM,Prob001_accu,sequential,0,cd89e843-87a9-4c00-9c70-65bc585fa4e2,initial,generation_log,-0.115166272415,-0.115166272415,245,0.057,0.49,191,0.0468,0.58,-0.282722513089,-0.217948717949,0.155172413793,,
classic_revolution_8x5,RTLLM,Prob001_accu,sequential,0,45c5f1c1-b248-46cd-9af6-0a667cf9aaa5,initial,generation_log,-0.120913398852,-0.120913398852,245,0.057,0.5,191,0.0468,0.58,-0.282722513089,-0.217948717949,0.137931034483,,
classic_revolution_8x5,RTLLM,Prob001_accu,sequential,0,423b712e-1221-474e-bd38-66186af6b963,initial,generation_log,-0.115166272415,-0.115166272415,245,0.057,0.49,191,0.0468,0.58,-0.282722513089,-0.217948717949,0.155172413793,,
classic_revolution_8x5,RTLLM,Prob001_accu,sequential,0,0b4c153e-85c8-43c1-a286-44e9a57569a5,initial,generation_log,-0.115166272415,-0.115166272415,245,0.057,0.49,191,0.0468,0.58,-0.282722513089,-0.217948717949,0.155172413793,,
classic_revolution_8x5,RTLLM,Prob001_accu,sequential,0,e34cd6ec-3cda-49ab-a39c-a58c991b0dae,initial,generation_log,-0.115166272415,-0.115166272415,245,0.057,0.49,191,0.0468,0.58,-0.282722513089,-0.217948717949,0.155172413793,,
classic_revolution_8x5,RTLLM,Prob001_accu,sequential,0,1c36c6cf-4295-42c3-8ccc-844c374c0482,initial,generation_log,-0.115166272415,-0.115166272415,245,0.057,0.49,191,0.0468,0.58,-0.282722513089,-0.217948717949,0.155172413793,,
classic_revolution_8x5,RTLLM,Prob001_accu,sequential,1,9899733e-3467-4156-bf3b-9ef6c2062240,C-F,generation_log,-0.109218419608,-0.109218419608,242,0.0569,0.49,191,0.0468,0.58,-0.267015706806,-0.215811965812,0.155172413793,,
classic_revolution_8x5,RTLLM,Prob001_accu,sequential,1,616e8983-9504-4100-8bcb-951f5b4d7b60,M-S,generation_log,-0.115166272415,-0.115166272415,245,0.057,0.49,191,0.0468,0.58,-0.282722513089,-0.217948717949,0.155172413793,,
classic_revolution_8x5,RTLLM,Prob001_accu,sequential,1,fb028dfc-8854-48cc-8728-172ccbcc4d5c,M-I,generation_log,0.053143624411,0.053143624411,264,0.0271,0.51,191,0.0468,0.58,-0.38219895288,0.42094017094,0.120689655172,,
classic_revolution_8x5,RTLLM,Prob001_accu,sequential,1,650da0a8-fa2b-45d1-b6b6-d9735cde0e89,M-S,generation_log,-0.120913398852,-0.120913398852,245,0.057,0.5,191,0.0468,0.58,-0.282722513089,-0.217948717949,0.137931034483,,
classic_revolution_8x5,RTLLM,Prob001_accu,sequential,2,5f21ba47-b77c-42d3-86e5-dc4746ebe2e9,C-F,generation_log,0.053143624411,0.053143624411,264,0.0271,0.51,191,0.0468,0.58,-0.38219895288,0.42094017094,0.120689655172,,
classic_revolution_8x5,RTLLM,Prob001_accu,sequential,2,eaf8f942-4d1d-48d6-aaf0-2d3151960d3f,M-I,generation_log,-0.115166272415,-0.115166272415,245,0.057,0.49,191,0.0468,0.58,-0.282722513089,-0.217948717949,0.155172413793,,
classic_revolution_8x5,RTLLM,Prob001_accu,sequential,2,38820b2a-742e-4346-a957-2909f2dd9550,M-I,generation_log,-0.109218419608,-0.109218419608,242,0.0569,0.49,191,0.0468,0.58,-0.267015706806,-0.215811965812,0.155172413793,,
classic_revolution_8x5,RTLLM,Prob001_accu,sequential,3,13d71595-7826-4bc9-8ec6-34e22b0b11a6,M-R,generation_log,0.053143624411,0.053143624411,264,0.0271,0.51,191,0.0468,0.58,-0.38219895288,0.42094017094,0.120689655172,,
classic_revolution_8x5,RTLLM,Prob001_accu,sequential,3,f85901c3-6d7e-47a8-b7e2-4c7278f4d305,C-F,generation_log,0.053143624411,0.053143624411,264,0.0271,0.51,191,0.0468,0.58,-0.38219895288,0.42094017094,0.120689655172,,
classic_revolution_8x5,RTLLM,Prob001_accu,sequential,3,9e6127ff-d160-4048-9a8f-a94bd5c86b2e,M-S,generation_log,-0.115166272415,-0.115166272415,245,0.057,0.49,191,0.0468,0.58,-0.282722513089,-0.217948717949,0.155172413793,,
classic_revolution_8x5,RTLLM,Prob001_accu,sequential,3,8452f9cf-9f9a-4bd6-ad51-0d345ce62c95,M-R,generation_log,-0.115166272415,-0.115166272415,245,0.057,0.49,191,0.0468,0.58,-0.282722513089,-0.217948717949,0.155172413793,,
classic_revolution_8x5,RTLLM,Prob001_accu,sequential,3,8f42aa29-dd35-4156-8381-5df5c6449d25,M-R,generation_log,0.053143624411,0.053143624411,264,0.0271,0.51,191,0.0468,0.58,-0.38219895288,0.42094017094,0.120689655172,,
classic_revolution_8x5,RTLLM,Prob001_accu,sequential,3,379f730b-75ab-45a3-8a8b-252fd51ad743,M-S,generation_log,0.053143624411,0.053143624411,264,0.0271,0.51,191,0.0468,0.58,-0.38219895288,0.42094017094,0.120689655172,,
classic_revolution_8x5,RTLLM,Prob001_accu,sequential,4,3630ffb7-42e8-4fc4-bc6a-0f6a88fdba69,M-E,generation_log,-0.881891369615,-0.881891369615,453,0.104,0.61,191,0.0468,0.58,-1.37172774869,-1.22222222222,-0.051724137931,,
classic_revolution_8x5,RTLLM,Prob001_accu,sequential,4,de0385a1-87c9-45b2-9872-b056c4c51ca1,M-I,generation_log,-0.109218419608,-0.109218419608,242,0.0569,0.49,191,0.0468,0.58,-0.267015706806,-0.215811965812,0.155172413793,,
classic_revolution_8x5,RTLLM,Prob001_accu,sequential,4,924c89d2-29ca-4113-b92e-ba805646196a,C-F,generation_log,0.053143624411,0.053143624411,264,0.0271,0.51,191,0.0468,0.58,-0.38219895288,0.42094017094,0.120689655172,,
classic_revolution_8x5,RTLLM,Prob001_accu,sequential,4,747725dc-9179-403a-9d49-8b52671a3f40,M-R,generation_log,-0.115166272415,-0.115166272415,245,0.057,0.49,191,0.0468,0.58,-0.282722513089,-0.217948717949,0.155172413793,,
classic_revolution_8x5,RTLLM,Prob001_accu,sequential,4,35cce59b-2016-4dec-9565-54ad62cbd62c,M-R,generation_log,-0.115166272415,-0.115166272415,245,0.057,0.49,191,0.0468,0.58,-0.282722513089,-0.217948717949,0.155172413793,,
classic_revolution_8x5,RTLLM,Prob001_accu,sequential,5,31dbff16-c449-4623-86fc-0a04f8292ea7,M-S,generation_log,-0.109218419608,-0.109218419608,242,0.0569,0.49,191,0.0468,0.58,-0.267015706806,-0.215811965812,0.155172413793,,
classic_revolution_8x5,RTLLM,Prob001_accu,sequential,5,e8653c17-7df1-49cf-8c65-2a73fca62e8f,M-E,generation_log,-0.824401202764,-0.824401202764,457,0.0893,0.68,191,0.0468,0.58,-1.39267015707,-0.90811965812,-0.172413793103,,
classic_revolution_8x5,RTLLM,Prob001_accu,sequential,5,bb308276-e4d4-49a2-8ff8-eab73299d8cf,M-R,generation_log,-0.115166272415,-0.115166272415,245,0.057,0.49,191,0.0468,0.58,-0.282722513089,-0.217948717949,0.155172413793,,
classic_revolution_8x5,RTLLM,Prob001_accu,sequential,5,a553b993-b6b0-4958-9d1e-d4f44caff98d,C-F,generation_log,-0.120913398852,-0.120913398852,245,0.057,0.5,191,0.0468,0.58,-0.282722513089,-0.217948717949,0.137931034483,,
classic_revolution_8x5,RTLLM,Prob002_adder_16bit,combinational,0,a1ec868e-5a65-4ef3-ad2d-1bba3e8ea3b1,initial,generation_log,0.399902150835,0.599853226253,73,4.28e-05,0,92,0.00628,0,0.20652173913,0.993184713376,0,,
classic_revolution_8x5,RTLLM,Prob002_adder_16bit,combinational,0,50a35b3d-32d1-4223-a63d-8273d523c453,initial,generation_log,0.399902150835,0.599853226253,73,4.28e-05,0,92,0.00628,0,0.20652173913,0.993184713376,0,,
classic_revolution_8x5,RTLLM,Prob002_adder_16bit,combinational,0,fff26cba-d7be-4d47-8468-a72aa0156bd6,initial,generation_log,0.2313777347,0.347066602049,119,7.78e-05,0,92,0.00628,0,-0.29347826087,0.987611464968,0,,
classic_revolution_8x5,RTLLM,Prob002_adder_16bit,combinational,0,738ece4d-bcb2-4f51-8b2d-1f78b7c2fc49,initial,generation_log,0.2313777347,0.347066602049,119,7.78e-05,0,92,0.00628,0,-0.29347826087,0.987611464968,0,,
classic_revolution_8x5,RTLLM,Prob002_adder_16bit,combinational,0,1cc4415d-d9f6-4233-946d-60caa9de846a,initial,generation_log,0.2313777347,0.347066602049,119,7.78e-05,0,92,0.00628,0,-0.29347826087,0.987611464968,0,,
classic_revolution_8x5,RTLLM,Prob002_adder_16bit,combinational,0,f757d3c1-cac4-4db6-b6cb-1634eca5b643,initial,generation_log,0.2313777347,0.347066602049,119,7.78e-05,0,92,0.00628,0,-0.29347826087,0.987611464968,0,,
classic_revolution_8x5,RTLLM,Prob002_adder_16bit,combinational,0,e26fee38-0955-4aa9-b8fe-2ce0f3f356be,initial,generation_log,0.399902150835,0.599853226253,73,4.28e-05,0,92,0.00628,0,0.20652173913,0.993184713376,0,,
classic_revolution_8x5,RTLLM,Prob002_adder_16bit,combinational,0,6b43032b-5d6e-4223-86fa-4aee4e07dda6,initial,generation_log,0.399902150835,0.599853226253,73,4.28e-05,0,92,0.00628,0,0.20652173913,0.993184713376,0,,
classic_revolution_8x5,RTLLM,Prob002_adder_16bit,combinational,1,574ba44f-d30e-49e8-8444-ce0d50171449,C-F,generation_log,0.2313777347,0.347066602049,119,7.78e-05,0,92,0.00628,0,-0.29347826087,0.987611464968,0,,
classic_revolution_8x5,RTLLM,Prob002_adder_16bit,combinational,1,c6d27f79-13ed-42b6-810f-0e33a7fe4458,M-R,generation_log,0.2313777347,0.347066602049,119,7.78e-05,0,92,0.00628,0,-0.29347826087,0.987611464968,0,,
classic_revolution_8x5,RTLLM,Prob002_adder_16bit,combinational,1,a1d7072a-e9df-425b-96fe-b2428dbf0312,M-E,generation_log,0.0551186190344,0.0826779285516,167,0.000122,0,92,0.00628,0,-0.815217391304,0.980573248408,0,,
classic_revolution_8x5,RTLLM,Prob002_adder_16bit,combinational,1,517ca408-4585-4cd5-a90f-9ed6f981b096,M-S,generation_log,0.161629511677,0.242444267516,138,9.49e-05,0,92,0.00628,0,-0.5,0.984888535032,0,,
classic_revolution_8x5,RTLLM,Prob002_adder_16bit,combinational,1,d3d966de-f99c-42b6-90e7-73a22e127c54,M-R,generation_log,0.2313777347,0.347066602049,119,7.78e-05,0,92,0.00628,0,-0.29347826087,0.987611464968,0,,
classic_revolution_8x5,RTLLM,Prob002_adder_16bit,combinational,1,3fe133ca-d1f0-40f5-9fcb-ae332a5fb5f6,M-E,generation_log,0.1625,0.24375,138,7.85e-05,0,92,0.00628,0,-0.5,0.9875,0,,
classic_revolution_8x5,RTLLM,Prob002_adder_16bit,combinational,1,def1d18a-772f-42aa-af01-53f448a4884a,M-S,generation_log,0.2313777347,0.347066602049,119,7.78e-05,0,92,0.00628,0,-0.29347826087,0.987611464968,0,,
classic_revolution_8x5,RTLLM,Prob002_adder_16bit,combinational,2,2602c3dc-2580-437f-b038-22fe32453ec7,M-I,generation_log,0.161629511677,0.242444267516,138,9.49e-05,0,92,0.00628,0,-0.5,0.984888535032,0,,
classic_revolution_8x5,RTLLM,Prob002_adder_16bit,combinational,2,bae9de8f-38ab-4d28-a41a-fbee2d3d4300,M-E,generation_log,-0.0368411335733,-0.05526170036,192,0.000148,0,92,0.00628,0,-1.08695652174,0.976433121019,0,,
classic_revolution_8x5,RTLLM,Prob002_adder_16bit,combinational,2,fbdc1f00-1ffc-4f82-bc96-516dd4d51d79,M-R,generation_log,0.2313777347,0.347066602049,119,7.78e-05,0,92,0.00628,0,-0.29347826087,0.987611464968,0,,
classic_revolution_8x5,RTLLM,Prob002_adder_16bit,combinational,2,8ce3fc58-b7d4-4d81-bfae-e77b73cdf3dc,C-F,generation_log,0.399902150835,0.599853226253,73,4.28e-05,0,92,0.00628,0,0.20652173913,0.993184713376,0,,
classic_revolution_8x5,RTLLM,Prob002_adder_16bit,combinational,2,a896a796-5649-4c32-a2b8-a3f87a1f6fb2,M-S,generation_log,0.161629511677,0.242444267516,138,9.49e-05,0,92,0.00628,0,-0.5,0.984888535032,0,,
classic_revolution_8x5,RTLLM,Prob002_adder_16bit,combinational,2,07c876ed-1d76-4e8b-b68d-177578534b62,M-I,generation_log,0.2313777347,0.347066602049,119,7.78e-05,0,92,0.00628,0,-0.29347826087,0.987611464968,0,,
classic_revolution_8x5,RTLLM,Prob002_adder_16bit,combinational,2,45045bde-f0f2-4fdf-8b0b-00049a713d82,M-E,generation_log,0.0622057601772,0.0933086402659,165,0.000125,0,92,0.00628,0,-0.79347826087,0.980095541401,0,,
classic_revolution_8x5,RTLLM,Prob002_adder_16bit,combinational,2,4542b259-0625-4d7f-9b80-898de8c89b1a,M-I,generation_log,0.161629511677,0.242444267516,138,9.49e-05,0,92,0.00628,0,-0.5,0.984888535032,0,,
classic_revolution_8x5,RTLLM,Prob002_adder_16bit,combinational,3,56ef801c-4d75-4c2e-8560-9dfb9b7177d8,M-R,generation_log,0.2313777347,0.347066602049,119,7.78e-05,0,92,0.00628,0,-0.29347826087,0.987611464968,0,,
classic_revolution_8x5,RTLLM,Prob002_adder_16bit,combinational,3,7b04f7f7-5cd6-447d-ae5f-90aef2c4a836,M-S,generation_log,0.2313777347,0.347066602049,119,7.78e-05,0,92,0.00628,0,-0.29347826087,0.987611464968,0,,
classic_revolution_8x5,RTLLM,Prob002_adder_16bit,combinational,3,191919f6-16b7-4fae-9053-5844d2d2ef87,M-I,generation_log,0.2313777347,0.347066602049,119,7.78e-05,0,92,0.00628,0,-0.29347826087,0.987611464968,0,,
classic_revolution_8x5,RTLLM,Prob002_adder_16bit,combinational,3,f8d6f041-70d4-484d-898e-4d139419f430,C-F,generation_log,0.2313777347,0.347066602049,119,7.78e-05,0,92,0.00628,0,-0.29347826087,0.987611464968,0,,
classic_revolution_8x5,RTLLM,Prob002_adder_16bit,combinational,3,7377ed59-fd3a-4986-9e6c-408266dfe51a,C-F,generation_log,0.2313777347,0.347066602049,119,7.78e-05,0,92,0.00628,0,-0.29347826087,0.987611464968,0,,
classic_revolution_8x5,RTLLM,Prob002_adder_16bit,combinational,3,4cda22d1-163f-4cab-840b-586f14a14367,M-R,generation_log,0.399902150835,0.599853226253,73,4.28e-05,0,92,0.00628,0,0.20652173913,0.993184713376,0,,
classic_revolution_8x5,RTLLM,Prob002_adder_16bit,combinational,3,9f78bc39-d37e-4cdb-9ef7-8c5ff51333ff,M-S,generation_log,0.161629511677,0.242444267516,138,9.49e-05,0,92,0.00628,0,-0.5,0.984888535032,0,,
classic_revolution_8x5,RTLLM,Prob002_adder_16bit,combinational,4,94e1a5c6-6c39-4f4a-b393-d05e0c4a8c0e,M-I,generation_log,0.2313777347,0.347066602049,119,7.78e-05,0,92,0.00628,0,-0.29347826087,0.987611464968,0,,
classic_revolution_8x5,RTLLM,Prob002_adder_16bit,combinational,4,cf0a57d3-4c5e-4835-96c7-f1856badb760,C-F,generation_log,0.2313777347,0.347066602049,119,7.78e-05,0,92,0.00628,0,-0.29347826087,0.987611464968,0,,
classic_revolution_8x5,RTLLM,Prob002_adder_16bit,combinational,4,8f106e9e-033c-4003-9053-939221a5c54a,M-E,generation_log,0.0622057601772,0.0933086402659,165,0.000125,0,92,0.00628,0,-0.79347826087,0.980095541401,0,,
classic_revolution_8x5,RTLLM,Prob002_adder_16bit,combinational,4,fca90ac8-daf1-421e-98f0-ebb225a4d3d0,M-E,generation_log,0.0841572048371,0.126235807256,159,0.000121,0,92,0.00628,0,-0.728260869565,0.980732484076,0,,
classic_revolution_8x5,RTLLM,Prob002_adder_16bit,combinational,4,fe7e190e-5f88-4c46-8ca0-8f65657cc0c8,C-F,generation_log,0.399902150835,0.599853226253,73,4.28e-05,0,92,0.00628,0,0.20652173913,0.993184713376,0,,
classic_revolution_8x5,RTLLM,Prob002_adder_16bit,combinational,4,5f762370-d7a3-4448-b5dd-291e66b89224,M-R,generation_log,0.399902150835,0.599853226253,73,4.28e-05,0,92,0.00628,0,0.20652173913,0.993184713376,0,,
classic_revolution_8x5,RTLLM,Prob002_adder_16bit,combinational,4,b9610613-a2ee-4732-9b1e-cd448ddecfa7,M-S,generation_log,0.161629511677,0.242444267516,138,9.49e-05,0,92,0.00628,0,-0.5,0.984888535032,0,,
classic_revolution_8x5,RTLLM,Prob002_adder_16bit,combinational,4,24963583-d236-4144-a8e6-3c4176776afa,M-I,generation_log,0.2313777347,0.347066602049,119,7.78e-05,0,92,0.00628,0,-0.29347826087,0.987611464968,0,,
classic_revolution_8x5,RTLLM,Prob002_adder_16bit,combinational,5,fb0154d4-2e77-4947-b9a4-9fc8c5485ade,M-R,generation_log,0.2313777347,0.347066602049,119,7.78e-05,0,92,0.00628,0,-0.29347826087,0.987611464968,0,,
classic_revolution_8x5,RTLLM,Prob002_adder_16bit,combinational,5,3fb0c2fe-ccbd-470f-abf4-3bfc74fd2f05,M-E,generation_log,0.260320779101,0.390481168651,111,7.86e-05,0,92,0.00628,0,-0.20652173913,0.987484076433,0,,
classic_revolution_8x5,RTLLM,Prob002_adder_16bit,combinational,5,88219111-2e80-4b50-bb5f-f8510db05442,M-R,generation_log,0.351887750392,0.527831625588,86,6e-05,0,92,0.00628,0,0.0652173913043,0.990445859873,0,,
classic_revolution_8x5,RTLLM,Prob002_adder_16bit,combinational,5,c17483c1-5cad-4944-b913-089d3716d467,M-I,generation_log,0.2313777347,0.347066602049,119,7.78e-05,0,92,0.00628,0,-0.29347826087,0.987611464968,0,,
classic_revolution_8x5,RTLLM,Prob002_adder_16bit,combinational,5,b1f2e8f8-fd27-4de3-b33a-d1bdd186929e,M-S,generation_log,0.161629511677,0.242444267516,138,9.49e-05,0,92,0.00628,0,-0.5,0.984888535032,0,,
classic_revolution_8x5,RTLLM,Prob002_adder_16bit,combinational,5,80f8f022-b4d1-49f4-8ebd-48eae355edac,C-F,generation_log,0.2313777347,0.347066602049,119,7.78e-05,0,92,0.00628,0,-0.29347826087,0.987611464968,0,,
classic_revolution_8x5,RTLLM,Prob002_adder_16bit,combinational,5,c13098b6-7c66-49c9-86fc-4724c5dde360,M-I,generation_log,0.2313777347,0.347066602049,119,7.78e-05,0,92,0.00628,0,-0.29347826087,0.987611464968,0,,
classic_revolution_8x5,RTLLM,Prob002_adder_16bit,combinational,5,ef92e153-e86a-4f20-b208-4f9f479a313b,C-F,generation_log,0.2313777347,0.347066602049,119,7.78e-05,0,92,0.00628,0,-0.29347826087,0.987611464968,0,,
classic_revolution_8x5,RTLLM,Prob003_adder_32bit,combinational,0,68530992-1c30-4060-9af7-f6580b9df5dc,initial,generation_log,0.557887684966,0.836831527449,137,7.97e-05,0,423,0.0324,0,0.676122931442,0.997540123457,0,,
classic_revolution_8x5,RTLLM,Prob003_adder_32bit,combinational,0,be59a845-925d-4549-9bb0-47546efbe4c1,initial,generation_log,0.557887684966,0.836831527449,137,7.97e-05,0,423,0.0324,0,0.676122931442,0.997540123457,0,,
classic_revolution_8x5,RTLLM,Prob003_adder_32bit,combinational,0,b5b1d809-6ad6-40c1-8a84-bff9bdc88d42,initial,generation_log,0.557887684966,0.836831527449,137,7.97e-05,0,423,0.0324,0,0.676122931442,0.997540123457,0,,
classic_revolution_8x5,RTLLM,Prob003_adder_32bit,combinational,0,b8521e80-f607-4e7d-9b5d-029081516965,initial,generation_log,0.557887684966,0.836831527449,137,7.97e-05,0,423,0.0324,0,0.676122931442,0.997540123457,0,,
classic_revolution_8x5,RTLLM,Prob003_adder_32bit,combinational,0,818a4af6-0139-402d-836c-50426aacb3d5,initial,generation_log,0.557887684966,0.836831527449,137,7.97e-05,0,423,0.0324,0,0.676122931442,0.997540123457,0,,
classic_revolution_8x5,RTLLM,Prob003_adder_32bit,combinational,0,1aa746ad-ab58-4720-a124-af7c397d3aa7,initial,generation_log,0.418468391559,0.627702587339,312,0.000227,0,423,0.0324,0,0.262411347518,0.99299382716,0,,
classic_revolution_8x5,RTLLM,Prob003_adder_32bit,combinational,0,d7fe60af-d89e-4b31-b209-04918fbfa104,initial,generation_log,0.557887684966,0.836831527449,137,7.97e-05,0,423,0.0324,0,0.676122931442,0.997540123457,0,,
classic_revolution_8x5,RTLLM,Prob003_adder_32bit,combinational,1,0043cfc6-94eb-41b7-afb5-a1cb7bf0db3e,M-S,generation_log,0.557887684966,0.836831527449,137,7.97e-05,0,423,0.0324,0,0.676122931442,0.997540123457,0,,
classic_revolution_8x5,RTLLM,Prob003_adder_32bit,combinational,1,4d653360-9ae3-4377-bd97-a6c3d67eaa05,M-S,generation_log,0.557887684966,0.836831527449,137,7.97e-05,0,423,0.0324,0,0.676122931442,0.997540123457,0,,
classic_revolution_8x5,RTLLM,Prob003_adder_32bit,combinational,1,e0003f8b-7c25-4e03-b110-89713b25b427,M-E,generation_log,0.402522765082,0.603784147623,332,0.000245,0,423,0.0324,0,0.215130023641,0.992438271605,0,,
classic_revolution_8x5,RTLLM,Prob003_adder_32bit,combinational,1,a3a8569c-6710-46f8-a421-dbb4c1ef7013,M-R,generation_log,0.557887684966,0.836831527449,137,7.97e-05,0,423,0.0324,0,0.676122931442,0.997540123457,0,,
classic_revolution_8x5,RTLLM,Prob003_adder_32bit,combinational,1,67e608a6-1d1e-4d20-83dc-1dfba5411eb6,C-F,generation_log,0.427198362665,0.640797543998,301,0.000221,0,423,0.0324,0,0.28841607565,0.993179012346,0,,
classic_revolution_8x5,RTLLM,Prob003_adder_32bit,combinational,1,26ef625e-4d74-494c-851a-e8d96ce2777e,M-I,generation_log,0.416954075825,0.625431113738,314,0.000221,0,423,0.0324,0,0.25768321513,0.993179012346,0,,
classic_revolution_8x5,RTLLM,Prob003_adder_32bit,combinational,1,58a37c74-9911-40a9-afdd-39de7e6da195,M-E,generation_log,0.445857849575,0.668786774363,278,0.000169,0,423,0.0324,0,0.342789598109,0.994783950617,0,,
classic_revolution_8x5,RTLLM,Prob003_adder_32bit,combinational,1,3c32405f-826e-4c62-ae16-bdf2a35728ff,M-S,generation_log,0.557887684966,0.836831527449,137,7.97e-05,0,423,0.0324,0,0.676122931442,0.997540123457,0,,
classic_revolution_8x5,RTLLM,Prob003_adder_32bit,combinational,2,dbe657f7-e274-4488-a437-f034fea48db1,M-R,generation_log,0.557887684966,0.836831527449,137,7.97e-05,0,423,0.0324,0,0.676122931442,0.997540123457,0,,
classic_revolution_8x5,RTLLM,Prob003_adder_32bit,combinational,2,a6a797e6-8dd7-47ca-857d-020fb110a06d,M-S,generation_log,0.557887684966,0.836831527449,137,7.97e-05,0,423,0.0324,0,0.676122931442,0.997540123457,0,,
classic_revolution_8x5,RTLLM,Prob003_adder_32bit,combinational,2,5cbd43f4-f2d4-4461-9403-cca6dcdfa8fc,M-I,generation_log,0.410598458979,0.615897688469,322,0.000226,0,423,0.0324,0,0.238770685579,0.993024691358,0,,
classic_revolution_8x5,RTLLM,Prob003_adder_32bit,combinational,2,be2428ac-da26-41d4-b5b8-8387c0088684,M-S,generation_log,0.557887684966,0.836831527449,137,7.97e-05,0,423,0.0324,0,0.676122931442,0.997540123457,0,,
classic_revolution_8x5,RTLLM,Prob003_adder_32bit,combinational,2,8611807e-85e7-4160-9e36-f775e41ae82b,M-I,generation_log,0.432276289292,0.648414433937,295,0.000187,0,423,0.0324,0,0.302600472813,0.994228395062,0,,
classic_revolution_8x5,RTLLM,Prob003_adder_32bit,combinational,2,5bb1975f-ced1-4636-ba62-c882735c57e7,M-R,generation_log,0.557887684966,0.836831527449,137,7.97e-05,0,423,0.0324,0,0.676122931442,0.997540123457,0,,
classic_revolution_8x5,RTLLM,Prob003_adder_32bit,combinational,3,70ebba56-ddab-4cd7-bcc0-2109b6bc2681,M-E,generation_log,0.557887684966,0.836831527449,137,7.97e-05,0,423,0.0324,0,0.676122931442,0.997540123457,0,,
classic_revolution_8x5,RTLLM,Prob003_adder_32bit,combinational,3,d994106e-c0b9-424b-9b21-95cb2639a961,M-E,generation_log,0.439471368532,0.659207052797,286,0.000177,0,423,0.0324,0,0.323877068558,0.994537037037,0,,
classic_revolution_8x5,RTLLM,Prob003_adder_32bit,combinational,3,c3cfdf0d-c2e3-441f-9bd0-445fcf8697d7,M-S,generation_log,0.45121968304,0.67682952456,271,0.000184,0,423,0.0324,0,0.359338061466,0.994320987654,0,,
classic_revolution_8x5,RTLLM,Prob003_adder_32bit,combinational,3,407991a1-a4f0-4b8c-9f04-57adb638cbec,M-I,generation_log,0.557887684966,0.836831527449,137,7.97e-05,0,423,0.0324,0,0.676122931442,0.997540123457,0,,
classic_revolution_8x5,RTLLM,Prob003_adder_32bit,combinational,3,bf4817b9-9576-47f5-83a5-ccd221022ed9,M-R,generation_log,0.557887684966,0.836831527449,137,7.97e-05,0,423,0.0324,0,0.676122931442,0.997540123457,0,,
classic_revolution_8x5,RTLLM,Prob003_adder_32bit,combinational,3,3ad29b84-c0fe-4188-8ce0-fd4e65551814,M-I,generation_log,0.468200245162,0.702300367744,250,0.000142,0,423,0.0324,0,0.408983451537,0.995617283951,0,,
classic_revolution_8x5,RTLLM,Prob003_adder_32bit,combinational,3,59dfc268-92ff-4344-b7ec-18b876d904a4,M-E,generation_log,0.448263068033,0.672394602049,275,0.000165,0,423,0.0324,0,0.34988179669,0.994907407407,0,,
classic_revolution_8x5,RTLLM,Prob003_adder_32bit,combinational,3,61b6efcc-2d10-4a33-935c-606678eac308,M-S,generation_log,0.45121968304,0.67682952456,271,0.000184,0,423,0.0324,0,0.359338061466,0.994320987654,0,,
classic_revolution_8x5,RTLLM,Prob003_adder_32bit,combinational,4,9f871bfd-76d2-4053-ab11-4e991b36e10b,M-I,generation_log,0.387334296471,0.581001444707,351,0.000266,0,423,0.0324,0,0.170212765957,0.991790123457,0,,
classic_revolution_8x5,RTLLM,Prob003_adder_32bit,combinational,4,83369c29-ef62-4b86-9923-f3f6bc1ec29a,C-F,generation_log,0.392994483846,0.589491725768,344,0.000252,0,423,0.0324,0,0.186761229314,0.992222222222,0,,
classic_revolution_8x5,RTLLM,Prob003_adder_32bit,combinational,4,178bf42d-d638-49a9-993a-8ad93c70170e,C-F,generation_log,0.390506960862,0.585760441292,347,0.000264,0,423,0.0324,0,0.179669030733,0.991851851852,0,,
classic_revolution_8x5,RTLLM,Prob003_adder_32bit,combinational,4,0db6c91a-0a99-4928-9388-ab9a7eacee59,C-F,generation_log,0.412030470186,0.61804570528,320,0.00024,0,423,0.0324,0,0.243498817967,0.992592592593,0,,
classic_revolution_8x5,RTLLM,Prob003_adder_32bit,combinational,4,41326060-e8b4-4608-9ecc-25da7d99cfe3,M-I,generation_log,0.416124901497,0.624187352246,315,0.000225,0,423,0.0324,0,0.255319148936,0.993055555556,0,,
classic_revolution_8x5,RTLLM,Prob003_adder_32bit,combinational,4,0cee4bd4-5d4a-441f-888b-896be02fd31e,M-S,generation_log,0.557887684966,0.836831527449,137,7.97e-05,0,423,0.0324,0,0.676122931442,0.997540123457,0,,
classic_revolution_8x5,RTLLM,Prob003_adder_32bit,combinational,4,56088bc9-b947-447b-a13e-751222235737,M-R,generation_log,0.557887684966,0.836831527449,137,7.97e-05,0,423,0.0324,0,0.676122931442,0.997540123457,0,,
classic_revolution_8x5,RTLLM,Prob003_adder_32bit,combinational,4,30cf929c-df4d-4ec3-9e98-80059825a611,C-F,generation_log,0.557887684966,0.836831527449,137,7.97e-05,0,423,0.0324,0,0.676122931442,0.997540123457,0,,
classic_revolution_8x5,RTLLM,Prob003_adder_32bit,combinational,5,0e00035c-22c9-4762-843e-211b2f40e06d,M-S,generation_log,0.557887684966,0.836831527449,137,7.97e-05,0,423,0.0324,0,0.676122931442,0.997540123457,0,,
classic_revolution_8x5,RTLLM,Prob003_adder_32bit,combinational,5,9be72ab3-41ab-4683-88cc-ddf792b3ee8b,C-F,generation_log,0.418468391559,0.627702587339,312,0.000227,0,423,0.0324,0,0.262411347518,0.99299382716,0,,
classic_revolution_8x5,RTLLM,Prob003_adder_32bit,combinational,5,803e9bf2-33b9-4ee1-92eb-b0d030d9fcd4,M-I,generation_log,0.447454469836,0.671181704754,276,0.000167,0,423,0.0324,0,0.347517730496,0.994845679012,0,,
classic_revolution_8x5,RTLLM,Prob003_adder_32bit,combinational,5,9dde367a-e161-4aac-9e50-a69e6ac4e7e3,C-F,generation_log,0.447464757902,0.671197136853,276,0.000166,0,423,0.0324,0,0.347517730496,0.99487654321,0,,
classic_revolution_8x5,RTLLM,Prob003_adder_32bit,combinational,5,31e07b3b-334b-44d1-87b9-1a513f31c257,M-S,generation_log,0.557887684966,0.836831527449,137,7.97e-05,0,423,0.0324,0,0.676122931442,0.997540123457,0,,
classic_revolution_8x5,RTLLM,Prob003_adder_32bit,combinational,5,c19cbb03-2863-4371-b7e6-92c04433a58e,M-S,generation_log,0.557887684966,0.836831527449,137,7.97e-05,0,423,0.0324,0,0.676122931442,0.997540123457,0,,
classic_revolution_8x5,RTLLM,Prob003_adder_32bit,combinational,5,32d2d215-8e3b-46a1-95ec-fa7ec6cbcf62,M-R,generation_log,0.557887684966,0.836831527449,137,7.97e-05,0,423,0.0324,0,0.676122931442,0.997540123457,0,,
classic_revolution_8x5,RTLLM,Prob003_adder_32bit,combinational,5,904cbfa9-e3b0-4b05-8ac7-df3b86cdd933,C-F,generation_log,0.377816303301,0.566724454951,363,0.000272,0,423,0.0324,0,0.141843971631,0.991604938272,0,,
classic_revolution_8x5,RTLLM,Prob004_adder_8bit,combinational,1,bc16371f-3525-4bff-9181-0452c89e6e64,M-E,generation_log,0.381544128268,0.572316192402,39,2.27e-05,0,46,0.00301,0,0.152173913043,0.992458471761,0,,
classic_revolution_8x5,RTLLM,Prob004_adder_8bit,combinational,1,14b67e8a-364e-4ca4-83cd-ae351de2de4c,M-I,generation_log,0.329900332226,0.494850498339,46,3.1e-05,0,46,0.00301,0,0,0.989700996678,0,,
classic_revolution_8x5,RTLLM,Prob004_adder_8bit,combinational,1,607362f7-6d5c-4b3b-8833-df5b0fa575ff,M-R,generation_log,0.329900332226,0.494850498339,46,3.1e-05,0,46,0.00301,0,0,0.989700996678,0,,
classic_revolution_8x5,RTLLM,Prob004_adder_8bit,combinational,1,da6549a3-d421-4fb9-acfb-e2cc727f82ea,M-S,generation_log,0.205670951899,0.308506427849,63,4.04e-05,0,46,0.00301,0,-0.369565217391,0.98657807309,0,,
classic_revolution_8x5,RTLLM,Prob004_adder_8bit,combinational,1,bec15d6d-d969-4075-9a1e-eec7061c7714,M-F,generation_log,0.329900332226,0.494850498339,46,3.1e-05,0,46,0.00301,0,0,0.989700996678,0,,
classic_revolution_8x5,RTLLM,Prob004_adder_8bit,combinational,1,2a933982-b765-466b-a9f7-f47dfe85c1d7,M-I,generation_log,0.329900332226,0.494850498339,46,3.1e-05,0,46,0.00301,0,0,0.989700996678,0,,
classic_revolution_8x5,RTLLM,Prob004_adder_8bit,combinational,1,1164e187-b5ed-47d8-ba23-f73f10f1451b,M-F,generation_log,0.329900332226,0.494850498339,46,3.1e-05,0,46,0.00301,0,0,0.989700996678,0,,
classic_revolution_8x5,RTLLM,Prob004_adder_8bit,combinational,1,525b4da9-bc45-472e-b570-db5827c76e71,M-R,generation_log,0.329900332226,0.494850498339,46,3.1e-05,0,46,0.00301,0,0,0.989700996678,0,,
classic_revolution_8x5,RTLLM,Prob004_adder_8bit,combinational,2,7600e24d-605e-466e-8856-e4db4a70fcd6,C-F,generation_log,0.329900332226,0.494850498339,46,3.1e-05,0,46,0.00301,0,0,0.989700996678,0,,
classic_revolution_8x5,RTLLM,Prob004_adder_8bit,combinational,2,0399e1a6-25cb-473f-b36e-33c9ca38ae11,M-S,generation_log,0.205670951899,0.308506427849,63,4.04e-05,0,46,0.00301,0,-0.369565217391,0.98657807309,0,,
classic_revolution_8x5,RTLLM,Prob004_adder_8bit,combinational,2,45c021b8-fd00-4683-a395-5d784d1f21a1,M-I,generation_log,0.205670951899,0.308506427849,63,4.04e-05,0,46,0.00301,0,-0.369565217391,0.98657807309,0,,
classic_revolution_8x5,RTLLM,Prob004_adder_8bit,combinational,2,a73d1ffb-1d1a-48a6-8c45-ee38f423c106,C-F,generation_log,0.329900332226,0.494850498339,46,3.1e-05,0,46,0.00301,0,0,0.989700996678,0,,
classic_revolution_8x5,RTLLM,Prob004_adder_8bit,combinational,2,57f74013-165a-4fe5-96ad-5948688f942d,M-I,generation_log,0.205670951899,0.308506427849,63,4.04e-05,0,46,0.00301,0,-0.369565217391,0.98657807309,0,,
classic_revolution_8x5,RTLLM,Prob004_adder_8bit,combinational,2,a6705104-c052-4e57-aa19-fc56af3d78c9,M-I,generation_log,0.205670951899,0.308506427849,63,4.04e-05,0,46,0.00301,0,-0.369565217391,0.98657807309,0,,
classic_revolution_8x5,RTLLM,Prob004_adder_8bit,combinational,3,f0810f0e-61ac-45ab-927b-05cbfa8e8d0f,M-S,generation_log,0.205670951899,0.308506427849,63,4.04e-05,0,46,0.00301,0,-0.369565217391,0.98657807309,0,,
classic_revolution_8x5,RTLLM,Prob004_adder_8bit,combinational,3,7c27856d-0b13-473a-b4a2-a3e38531a156,M-R,generation_log,0.381544128268,0.572316192402,39,2.27e-05,0,46,0.00301,0,0.152173913043,0.992458471761,0,,
classic_revolution_8x5,RTLLM,Prob004_adder_8bit,combinational,3,93429c50-e023-46bd-b404-e8ab82c88b60,M-S,generation_log,0.205670951899,0.308506427849,63,4.04e-05,0,46,0.00301,0,-0.369565217391,0.98657807309,0,,
classic_revolution_8x5,RTLLM,Prob004_adder_8bit,combinational,3,b577e570-6e86-43c0-8b76-7ac7b77621ce,M-E,generation_log,0.139467957051,0.209201935577,72,4.93e-05,0,46,0.00301,0,-0.565217391304,0.983621262458,0,,
classic_revolution_8x5,RTLLM,Prob004_adder_8bit,combinational,3,6ea318cc-af9b-41de-bc05-d6de22937c05,M-R,generation_log,0.329900332226,0.494850498339,46,3.1e-05,0,46,0.00301,0,0,0.989700996678,0,,
classic_revolution_8x5,RTLLM,Prob004_adder_8bit,combinational,4,589c89ad-6223-4e23-ba30-aa9926410c3a,C-F,generation_log,0.329900332226,0.494850498339,46,3.1e-05,0,46,0.00301,0,0,0.989700996678,0,,
classic_revolution_8x5,RTLLM,Prob004_adder_8bit,combinational,4,e2e8db45-ffdc-4b4a-a589-c23fd18bd5b5,C-F,generation_log,0.329900332226,0.494850498339,46,3.1e-05,0,46,0.00301,0,0,0.989700996678,0,,
classic_revolution_8x5,RTLLM,Prob004_adder_8bit,combinational,4,905dac35-3eaf-46ec-b114-2653cfdbeeab,M-I,generation_log,0.205670951899,0.308506427849,63,4.04e-05,0,46,0.00301,0,-0.369565217391,0.98657807309,0,,
classic_revolution_8x5,RTLLM,Prob004_adder_8bit,combinational,4,8402e551-a89e-43c3-8b9a-3896f768ac9c,M-S,generation_log,0.205670951899,0.308506427849,63,4.04e-05,0,46,0.00301,0,-0.369565217391,0.98657807309,0,,
classic_revolution_8x5,RTLLM,Prob004_adder_8bit,combinational,4,eb974c62-3c0e-42c9-a0c5-3ad44e67ed36,C-F,generation_log,0.329900332226,0.494850498339,46,3.1e-05,0,46,0.00301,0,0,0.989700996678,0,,
classic_revolution_8x5,RTLLM,Prob004_adder_8bit,combinational,4,632d789d-9e0b-4e7e-8cec-5d2334ee7578,M-E,generation_log,0.14599451105,0.218991766575,71,5.58e-05,0,46,0.00301,0,-0.54347826087,0.98146179402,0,,
classic_revolution_8x5,RTLLM,Prob004_adder_8bit,combinational,4,1b2c7c84-4833-40c2-9029-6e8e2f001a6d,M-E,generation_log,0.190469449661,0.285704174491,65,4.68e-05,0,46,0.00301,0,-0.413043478261,0.984451827243,0,,
classic_revolution_8x5,RTLLM,Prob004_adder_8bit,combinational,5,b967fbd4-15da-47a7-82b8-de69a01a8bbc,M-I,generation_log,0.101873946748,0.152810920121,77,6.16e-05,0,46,0.00301,0,-0.673913043478,0.979534883721,0,,
classic_revolution_8x5,RTLLM,Prob004_adder_8bit,combinational,5,0a5f6ead-c369-4bd9-837d-b33ba6f31fa6,M-E,generation_log,0.249691848428,0.374537772642,57,3.55e-05,0,46,0.00301,0,-0.239130434783,0.988205980066,0,,
classic_revolution_8x5,RTLLM,Prob004_adder_8bit,combinational,5,9629e4ba-0177-49a4-8033-981b6ff94838,M-I,generation_log,0.205670951899,0.308506427849,63,4.04e-05,0,46,0.00301,0,-0.369565217391,0.98657807309,0,,
classic_revolution_8x5,RTLLM,Prob004_adder_8bit,combinational,5,b65ba9b8-17ab-4a1e-ae37-a772713103ce,C-F,generation_log,0.329900332226,0.494850498339,46,3.1e-05,0,46,0.00301,0,0,0.989700996678,0,,
classic_revolution_8x5,RTLLM,Prob004_adder_8bit,combinational,5,6a2f409d-c716-40fe-bf26-d6941e089f5c,M-R,generation_log,0.329900332226,0.494850498339,46,3.1e-05,0,46,0.00301,0,0,0.989700996678,0,,
classic_revolution_8x5,RTLLM,Prob004_adder_8bit,combinational,5,bf38874a-2d31-43da-86f2-e089b3f77a60,M-S,generation_log,0.205670951899,0.308506427849,63,4.04e-05,0,46,0.00301,0,-0.369565217391,0.98657807309,0,,
classic_revolution_8x5,RTLLM,Prob005_adder_bcd,combinational,0,33df80ac-df45-49ef-905b-ab66a831c0d6,initial,generation_log,0.396983075791,0.595474613687,36,4.1e-05,0,45,0.00453,0,0.2,0.990949227373,0,,
classic_revolution_8x5,RTLLM,Prob005_adder_bcd,combinational,0,fe139fad-79fe-479e-a30b-a86483d3f74b,initial,generation_log,0.396983075791,0.595474613687,36,4.1e-05,0,45,0.00453,0,0.2,0.990949227373,0,,
classic_revolution_8x5,RTLLM,Prob005_adder_bcd,combinational,0,bab75424-2f43-4e53-a20c-29110e5ef273,initial,generation_log,0.374635761589,0.561953642384,39,4.27e-05,0,45,0.00453,0,0.133333333333,0.990573951435,0,,
classic_revolution_8x5,RTLLM,Prob005_adder_bcd,combinational,0,8ad96b24-4f71-49db-b11b-0be008fe4542,initial,generation_log,0.366853078244,0.550279617366,40,4.78e-05,0,45,0.00453,0,0.111111111111,0.98944812362,0,,
classic_revolution_8x5,RTLLM,Prob005_adder_bcd,combinational,0,98c2a4f5-ac98-4798-a1e6-6700268d4aac,initial,generation_log,0.366853078244,0.550279617366,40,4.78e-05,0,45,0.00453,0,0.111111111111,0.98944812362,0,,
classic_revolution_8x5,RTLLM,Prob005_adder_bcd,combinational,0,96d218aa-9822-4013-bd36-02f9979641f9,initial,generation_log,0.366853078244,0.550279617366,40,4.78e-05,0,45,0.00453,0,0.111111111111,0.98944812362,0,,
classic_revolution_8x5,RTLLM,Prob005_adder_bcd,combinational,0,d6b2cd6b-7f09-49c5-bc1b-6394e5c5e723,initial,generation_log,0.396983075791,0.595474613687,36,4.1e-05,0,45,0.00453,0,0.2,0.990949227373,0,,
classic_revolution_8x5,RTLLM,Prob005_adder_bcd,combinational,0,709fec6b-8378-4861-9717-d2dd6f7b7e2b,initial,generation_log,0.366853078244,0.550279617366,40,4.78e-05,0,45,0.00453,0,0.111111111111,0.98944812362,0,,
classic_revolution_8x5,RTLLM,Prob005_adder_bcd,combinational,1,d8861359-ec4d-4887-97aa-3c8c85041ab8,M-R,generation_log,0.359688496443,0.539532744665,41,4.45e-05,0,45,0.00453,0,0.0888888888889,0.990176600442,0,,
classic_revolution_8x5,RTLLM,Prob005_adder_bcd,combinational,1,e0cc4e6f-48e6-49ce-8d96-a4cf82e0fb1e,M-S,generation_log,0.359688496443,0.539532744665,41,4.45e-05,0,45,0.00453,0,0.0888888888889,0.990176600442,0,,
classic_revolution_8x5,RTLLM,Prob005_adder_bcd,combinational,1,fe1c7463-a43d-476e-b69d-514d07ca7ea0,M-E,generation_log,0.359607554574,0.539411331862,41,4.56e-05,0,45,0.00453,0,0.0888888888889,0.989933774834,0,,
classic_revolution_8x5,RTLLM,Prob005_adder_bcd,combinational,1,72f9bcfd-674d-493f-87be-baee12076143,C-F,generation_log,0.359688496443,0.539532744665,41,4.45e-05,0,45,0.00453,0,0.0888888888889,0.990176600442,0,,
classic_revolution_8x5,RTLLM,Prob005_adder_bcd,combinational,1,a7f44521-4390-42cf-bdc6-9f6b772ba39c,M-I,generation_log,0.359688496443,0.539532744665,41,4.45e-05,0,45,0.00453,0,0.0888888888889,0.990176600442,0,,
classic_revolution_8x5,RTLLM,Prob005_adder_bcd,combinational,1,f77bbd0d-fb46-4a51-b9db-9573600f3e51,C-F,generation_log,0.359688496443,0.539532744665,41,4.45e-05,0,45,0.00453,0,0.0888888888889,0.990176600442,0,,
classic_revolution_8x5,RTLLM,Prob005_adder_bcd,combinational,1,8013e1a9-b43a-49de-a889-aac8dfc7591f,M-R,generation_log,0.359688496443,0.539532744665,41,4.45e-05,0,45,0.00453,0,0.0888888888889,0.990176600442,0,,
classic_revolution_8x5,RTLLM,Prob005_adder_bcd,combinational,2,ffa9a114-195b-4878-9ddb-4172cd0cda71,M-S,generation_log,0.366853078244,0.550279617366,40,4.78e-05,0,45,0.00453,0,0.111111111111,0.98944812362,0,,
classic_revolution_8x5,RTLLM,Prob005_adder_bcd,combinational,2,30d2a9cc-6f32-437e-9b0d-dd9d6295469e,M-E,generation_log,0.344579347559,0.516869021339,43,4.85e-05,0,45,0.00453,0,0.0444444444444,0.989293598234,0,,
classic_revolution_8x5,RTLLM,Prob005_adder_bcd,combinational,2,9afb751e-a8bf-45b1-b7a3-c688febe5e46,C-F,generation_log,0.359688496443,0.539532744665,41,4.45e-05,0,45,0.00453,0,0.0888888888889,0.990176600442,0,,
classic_revolution_8x5,RTLLM,Prob005_adder_bcd,combinational,2,8e3e1bbd-e741-4bfc-9435-d225e18f26c5,C-F,generation_log,0.359688496443,0.539532744665,41,4.45e-05,0,45,0.00453,0,0.0888888888889,0.990176600442,0,,
classic_revolution_8x5,RTLLM,Prob005_adder_bcd,combinational,2,a82f3634-f024-4a69-9c67-c3dcdd006ccf,M-S,generation_log,0.352082413539,0.528123620309,42,4.72e-05,0,45,0.00453,0,0.0666666666667,0.989580573951,0,,
classic_revolution_8x5,RTLLM,Prob005_adder_bcd,combinational,2,545b3858-e5fe-4070-bd5b-a756c92f0001,M-E,generation_log,0.352082413539,0.528123620309,42,4.72e-05,0,45,0.00453,0,0.0666666666667,0.989580573951,0,,
classic_revolution_8x5,RTLLM,Prob005_adder_bcd,combinational,2,8b7b21a9-fc5b-4ac6-ba4c-8ac4c620fe50,M-E,generation_log,0.314110865833,0.471166298749,47,5.99e-05,0,45,0.00453,0,-0.0444444444444,0.986777041943,0,,
classic_revolution_8x5,RTLLM,Prob005_adder_bcd,combinational,3,96ebd770-fcd0-4a02-ac0f-e47b71a0f75b,C-F,generation_log,0.359688496443,0.539532744665,41,4.45e-05,0,45,0.00453,0,0.0888888888889,0.990176600442,0,,
classic_revolution_8x5,RTLLM,Prob005_adder_bcd,combinational,3,718b71a1-14fc-44a0-806c-dbb211f01901,M-R,generation_log,0.359688496443,0.539532744665,41,4.45e-05,0,45,0.00453,0,0.0888888888889,0.990176600442,0,,
classic_revolution_8x5,RTLLM,Prob005_adder_bcd,combinational,3,78e3b894-a6ed-40cb-88e4-a811a2a7901a,M-R,generation_log,0.352082413539,0.528123620309,42,4.72e-05,0,45,0.00453,0,0.0666666666667,0.989580573951,0,,
classic_revolution_8x5,RTLLM,Prob005_adder_bcd,combinational,3,3499cf0a-8e48-4b86-9e5b-d9a46f12c39c,M-I,generation_log,0.329499632082,0.494249448124,45,5.21e-05,0,45,0.00453,0,0,0.988498896247,0,,
classic_revolution_8x5,RTLLM,Prob005_adder_bcd,combinational,3,5abc29f8-c8bd-4a1b-8242-27d4495a5f87,M-R,generation_log,0.352082413539,0.528123620309,42,4.72e-05,0,45,0.00453,0,0.0666666666667,0.989580573951,0,,
classic_revolution_8x5,RTLLM,Prob005_adder_bcd,combinational,3,43fa9238-e85d-43c3-8902-0bb66f7d6cfa,M-S,generation_log,0.352082413539,0.528123620309,42,4.72e-05,0,45,0.00453,0,0.0666666666667,0.989580573951,0,,
classic_revolution_8x5,RTLLM,Prob005_adder_bcd,combinational,3,58f79f3f-55e3-40e4-a1d3-ba89569a155b,M-E,generation_log,0.329499632082,0.494249448124,45,5.21e-05,0,45,0.00453,0,0,0.988498896247,0,,
classic_revolution_8x5,RTLLM,Prob005_adder_bcd,combinational,3,b65e6dea-3b22-468e-98bc-74093c94f039,M-R,generation_log,0.359688496443,0.539532744665,41,4.45e-05,0,45,0.00453,0,0.0888888888889,0.990176600442,0,,
classic_revolution_8x5,RTLLM,Prob005_adder_bcd,combinational,4,6d660c86-98d9-4029-b413-1f423ae6c115,M-S,generation_log,0.352082413539,0.528123620309,42,4.72e-05,0,45,0.00453,0,0.0666666666667,0.989580573951,0,,
classic_revolution_8x5,RTLLM,Prob005_adder_bcd,combinational,4,6f96989c-f38a-441d-8933-c8b5f9201919,M-S,generation_log,0.359688496443,0.539532744665,41,4.45e-05,0,45,0.00453,0,0.0888888888889,0.990176600442,0,,
classic_revolution_8x5,RTLLM,Prob005_adder_bcd,combinational,4,2c01a738-3d41-4661-9e99-6348f363cf73,M-E,generation_log,0.352082413539,0.528123620309,42,4.72e-05,0,45,0.00453,0,0.0666666666667,0.989580573951,0,,
classic_revolution_8x5,RTLLM,Prob005_adder_bcd,combinational,4,bc53251e-50c7-4bbf-8057-de03cc8c982f,M-S,generation_log,0.359688496443,0.539532744665,41,4.45e-05,0,45,0.00453,0,0.0888888888889,0.990176600442,0,,
classic_revolution_8x5,RTLLM,Prob005_adder_bcd,combinational,4,2824aa8c-1c27-4218-9212-32429f78e5f0,M-I,generation_log,0.359688496443,0.539532744665,41,4.45e-05,0,45,0.00453,0,0.0888888888889,0.990176600442,0,,
classic_revolution_8x5,RTLLM,Prob005_adder_bcd,combinational,4,731e4225-f132-41a0-a5c8-f36ab79e1fab,M-S,generation_log,0.3369511896,0.5054267844,44,5.15e-05,0,45,0.00453,0,0.0222222222222,0.988631346578,0,,
classic_revolution_8x5,RTLLM,Prob005_adder_bcd,combinational,4,7ac34816-c2b4-44fa-9e13-4efa54ea1fe1,M-S,generation_log,0.352082413539,0.528123620309,42,4.72e-05,0,45,0.00453,0,0.0666666666667,0.989580573951,0,,
classic_revolution_8x5,RTLLM,Prob005_adder_bcd,combinational,4,858e2484-34b5-41c2-8459-979c5a1a374b,M-R,generation_log,0.366853078244,0.550279617366,40,4.78e-05,0,45,0.00453,0,0.111111111111,0.98944812362,0,,
classic_revolution_8x5,RTLLM,Prob005_adder_bcd,combinational,5,da4af2de-e414-4814-9774-c0105861bd4d,M-I,generation_log,0.359688496443,0.539532744665,41,4.45e-05,0,45,0.00453,0,0.0888888888889,0.990176600442,0,,
classic_revolution_8x5,RTLLM,Prob005_adder_bcd,combinational,5,e4aa29a2-032c-43c5-8a0b-7ca57e067753,C-F,generation_log,0.359688496443,0.539532744665,41,4.45e-05,0,45,0.00453,0,0.0888888888889,0.990176600442,0,,
classic_revolution_8x5,RTLLM,Prob005_adder_bcd,combinational,5,4f8a186e-56ec-42cc-bb04-a7795e4dbaf8,C-F,generation_log,0.359688496443,0.539532744665,41,4.45e-05,0,45,0.00453,0,0.0888888888889,0.990176600442,0,,
classic_revolution_8x5,RTLLM,Prob005_adder_bcd,combinational,5,ca4a6760-7c9e-49e9-9389-60fba30fb3c7,M-S,generation_log,0.366853078244,0.550279617366,40,4.78e-05,0,45,0.00453,0,0.111111111111,0.98944812362,0,,
classic_revolution_8x5,RTLLM,Prob005_adder_bcd,combinational,5,23a4cb59-c7f4-470e-9f83-48c9eb989b82,M-I,generation_log,0.352082413539,0.528123620309,42,4.72e-05,0,45,0.00453,0,0.0666666666667,0.989580573951,0,,
classic_revolution_8x5,RTLLM,Prob005_adder_bcd,combinational,5,836e2f21-a9fd-45cc-9f3c-d0ec7b3562fd,C-F,generation_log,0.359688496443,0.539532744665,41,4.45e-05,0,45,0.00453,0,0.0888888888889,0.990176600442,0,,
classic_revolution_8x5,RTLLM,Prob005_adder_bcd,combinational,5,a29985e2-ef7e-4113-8b01-c56bd8488d00,M-I,generation_log,0.359688496443,0.539532744665,41,4.45e-05,0,45,0.00453,0,0.0888888888889,0.990176600442,0,,
classic_revolution_8x5,RTLLM,Prob005_adder_bcd,combinational,5,fffc5219-0418-451c-ae13-8f51a81c6124,M-R,generation_log,0.352082413539,0.528123620309,42,4.72e-05,0,45,0.00453,0,0.0666666666667,0.989580573951,0,,
classic_revolution_8x5,RTLLM,Prob007_comparator_3bit,combinational,0,7522fc92-9ef3-4ca4-93ce-b62d939fb1c6,initial,generation_log,0.329833503228,0.494750254842,17,1.03e-05,0,17,0.000981,0,0,0.989500509684,0,,
classic_revolution_8x5,RTLLM,Prob007_comparator_3bit,combinational,0,1ba0e5a4-8e28-4b16-b6fe-041f68f00cb7,initial,generation_log,0.329833503228,0.494750254842,17,1.03e-05,0,17,0.000981,0,0,0.989500509684,0,,
classic_revolution_8x5,RTLLM,Prob007_comparator_3bit,combinational,0,5ebd546d-5012-4e32-b724-1f23e0320919,initial,generation_log,0.329833503228,0.494750254842,17,1.03e-05,0,17,0.000981,0,0,0.989500509684,0,,
classic_revolution_8x5,RTLLM,Prob007_comparator_3bit,combinational,0,6703b3f7-7ad3-4f1c-af79-b74d5ad8953f,initial,generation_log,0.329833503228,0.494750254842,17,1.03e-05,0,17,0.000981,0,0,0.989500509684,0,,
classic_revolution_8x5,RTLLM,Prob007_comparator_3bit,combinational,0,d64cd8a4-6a9f-4521-bf55-d142f8bf3c6d,initial,generation_log,0.329833503228,0.494750254842,17,1.03e-05,0,17,0.000981,0,0,0.989500509684,0,,
classic_revolution_8x5,RTLLM,Prob007_comparator_3bit,combinational,0,b556b241-6a87-4b5e-a1d0-6bd7c4aa4b57,initial,generation_log,0.329833503228,0.494750254842,17,1.03e-05,0,17,0.000981,0,0,0.989500509684,0,,
classic_revolution_8x5,RTLLM,Prob007_comparator_3bit,combinational,0,d39afacc-85e0-4840-9732-c7399e84b1b8,initial,generation_log,0.329833503228,0.494750254842,17,1.03e-05,0,17,0.000981,0,0,0.989500509684,0,,
classic_revolution_8x5,RTLLM,Prob007_comparator_3bit,combinational,0,93019746-438d-4872-a867-ce22b7ae6885,initial,generation_log,0.329833503228,0.494750254842,17,1.03e-05,0,17,0.000981,0,0,0.989500509684,0,,
classic_revolution_8x5,RTLLM,Prob007_comparator_3bit,combinational,1,1a248133-3c46-402e-ab1b-f0ccfb32ffd4,M-E,generation_log,0.309715976095,0.464573964142,18,1.18e-05,0,17,0.000981,0,-0.0588235294118,0.987971457696,0,,
classic_revolution_8x5,RTLLM,Prob007_comparator_3bit,combinational,1,2eb3c617-ecf0-4fc8-967c-fd5dad79443d,C-F,generation_log,0.329833503228,0.494750254842,17,1.03e-05,0,17,0.000981,0,0,0.989500509684,0,,
classic_revolution_8x5,RTLLM,Prob007_comparator_3bit,combinational,1,da8d4556-3b58-4e88-bac7-b419b7fe5b91,M-S,generation_log,0.210045771622,0.315068657432,23,1.66e-05,0,17,0.000981,0,-0.352941176471,0.983078491335,0,,
classic_revolution_8x5,RTLLM,Prob007_comparator_3bit,combinational,1,970bd13b-d69d-46bd-b1eb-6c1666376b6a,M-I,generation_log,0.309715976095,0.464573964142,18,1.18e-05,0,17,0.000981,0,-0.0588235294118,0.987971457696,0,,
classic_revolution_8x5,RTLLM,Prob007_comparator_3bit,combinational,1,4b94701e-0181-4c43-be7a-5bc5eff3e4f2,M-I,generation_log,0.309715976095,0.464573964142,18,1.18e-05,0,17,0.000981,0,-0.0588235294118,0.987971457696,0,,
classic_revolution_8x5,RTLLM,Prob007_comparator_3bit,combinational,1,ac5bba4e-4024-40dc-b5c0-fa22ba621d10,M-I,generation_log,0.329955827387,0.494933741081,17,9.94e-06,0,17,0.000981,0,0,0.989867482161,0,,
classic_revolution_8x5,RTLLM,Prob007_comparator_3bit,combinational,1,a154d811-94b6-4af4-8fbd-58ec3c2ad1ea,M-E,generation_log,0.251130299214,0.376695448822,21,1.11e-05,0,17,0.000981,0,-0.235294117647,0.988685015291,0,,
classic_revolution_8x5,RTLLM,Prob007_comparator_3bit,combinational,2,fe88ec2c-7578-4b9b-bffd-6217511fd87b,C-F,generation_log,0.309715976095,0.464573964142,18,1.18e-05,0,17,0.000981,0,-0.0588235294118,0.987971457696,0,,
classic_revolution_8x5,RTLLM,Prob007_comparator_3bit,combinational,2,d8e5febe-7a00-4add-bb39-5b6d4d18d5db,M-S,generation_log,0.210045771622,0.315068657432,23,1.66e-05,0,17,0.000981,0,-0.352941176471,0.983078491335,0,,
classic_revolution_8x5,RTLLM,Prob007_comparator_3bit,combinational,2,e0d1d979-3d30-4262-9fc2-7e660bcae1dd,C-F,generation_log,0.309715976095,0.464573964142,18,1.18e-05,0,17,0.000981,0,-0.0588235294118,0.987971457696,0,,
classic_revolution_8x5,RTLLM,Prob007_comparator_3bit,combinational,2,e2d6a36c-aece-4ec5-9025-427d849a6415,M-R,generation_log,0.210045771622,0.315068657432,23,1.66e-05,0,17,0.000981,0,-0.352941176471,0.983078491335,0,,
classic_revolution_8x5,RTLLM,Prob007_comparator_3bit,combinational,2,041c71c1-e0c4-4cfb-b195-3387e37274f2,C-F,generation_log,0.329955827387,0.494933741081,17,9.94e-06,0,17,0.000981,0,0,0.989867482161,0,,
classic_revolution_8x5,RTLLM,Prob007_comparator_3bit,combinational,2,922f569a-69f3-46bf-bc42-fb3b44e95bc7,C-F,generation_log,0.329955827387,0.494933741081,17,9.94e-06,0,17,0.000981,0,0,0.989867482161,0,,
classic_revolution_8x5,RTLLM,Prob007_comparator_3bit,combinational,2,dee6c2a8-c883-40f4-a7a1-2acfc8c1a671,M-I,generation_log,0.30988587076,0.46482880614,18,1.13e-05,0,17,0.000981,0,-0.0588235294118,0.988481141692,0,,
classic_revolution_8x5,RTLLM,Prob007_comparator_3bit,combinational,2,b070606c-8ebb-4aa1-9cd7-07110eabeb7a,M-S,generation_log,0.329833503228,0.494750254842,17,1.03e-05,0,17,0.000981,0,0,0.989500509684,0,,
classic_revolution_8x5,RTLLM,Prob007_comparator_3bit,combinational,3,46e691e6-cdbe-495e-99ba-a865a41b3929,M-S,generation_log,0.210045771622,0.315068657432,23,1.66e-05,0,17,0.000981,0,-0.352941176471,0.983078491335,0,,
classic_revolution_8x5,RTLLM,Prob007_comparator_3bit,combinational,3,8703fc03-ad8b-4720-a92e-7df3fb39950e,M-E,generation_log,0.309715976095,0.464573964142,18,1.18e-05,0,17,0.000981,0,-0.0588235294118,0.987971457696,0,,
classic_revolution_8x5,RTLLM,Prob007_comparator_3bit,combinational,3,829a4c89-be69-4794-b9f1-4b3b240a4334,M-R,generation_log,0.309274249965,0.463911374948,18,1.31e-05,0,17,0.000981,0,-0.0588235294118,0.986646279307,0,,
classic_revolution_8x5,RTLLM,Prob007_comparator_3bit,combinational,3,2597e528-ba49-4adb-b135-b6e888a61740,M-S,generation_log,0.210045771622,0.315068657432,23,1.66e-05,0,17,0.000981,0,-0.352941176471,0.983078491335,0,,
classic_revolution_8x5,RTLLM,Prob007_comparator_3bit,combinational,3,05d77bb3-43d7-4958-a3c0-f0f5516e834d,M-E,generation_log,0.290142111891,0.435213167836,19,1.17e-05,0,17,0.000981,0,-0.117647058824,0.988073394495,0,,
classic_revolution_8x5,RTLLM,Prob007_comparator_3bit,combinational,3,769c6100-99f5-41dc-8021-a30c8816d6b4,M-R,generation_log,0.210045771622,0.315068657432,23,1.66e-05,0,17,0.000981,0,-0.352941176471,0.983078491335,0,,
classic_revolution_8x5,RTLLM,Prob007_comparator_3bit,combinational,3,3f4b0300-0c41-410e-bb3e-1784b124023e,M-S,generation_log,0.329833503228,0.494750254842,17,1.03e-05,0,17,0.000981,0,0,0.989500509684,0,,
classic_revolution_8x5,RTLLM,Prob007_comparator_3bit,combinational,3,d3fd4828-723b-4afc-b68a-307da89f106e,C-F,generation_log,0.329955827387,0.494933741081,17,9.94e-06,0,17,0.000981,0,0,0.989867482161,0,,
classic_revolution_8x5,RTLLM,Prob007_comparator_3bit,combinational,4,83b27e3f-e955-45e6-b7da-8983aa34f04c,M-R,generation_log,0.210419539885,0.315629309828,23,1.55e-05,0,17,0.000981,0,-0.352941176471,0.984199796126,0,,
classic_revolution_8x5,RTLLM,Prob007_comparator_3bit,combinational,4,07586c38-c77a-4477-aa37-f58cd256e99b,M-E,generation_log,0.309715976095,0.464573964142,18,1.18e-05,0,17,0.000981,0,-0.0588235294118,0.987971457696,0,,
classic_revolution_8x5,RTLLM,Prob007_comparator_3bit,combinational,4,b03171f6-3793-498d-b77f-349dc15b7f56,M-S,generation_log,0.329833503228,0.494750254842,17,1.03e-05,0,17,0.000981,0,0,0.989500509684,0,,
classic_revolution_8x5,RTLLM,Prob007_comparator_3bit,combinational,4,e44984fa-d147-468e-b3c5-dae8763b8f12,M-E,generation_log,0.329952429494,0.494928644241,17,9.95e-06,0,17,0.000981,0,0,0.989857288481,0,,
classic_revolution_8x5,RTLLM,Prob007_comparator_3bit,combinational,4,8689c975-d552-430f-b5b9-22078742d227,M-R,generation_log,0.329833503228,0.494750254842,17,1.03e-05,0,17,0.000981,0,0,0.989500509684,0,,
classic_revolution_8x5,RTLLM,Prob007_comparator_3bit,combinational,4,6fe4fb83-5aa3-464e-95f7-0cc77ad31df7,M-S,generation_log,0.210045771622,0.315068657432,23,1.66e-05,0,17,0.000981,0,-0.352941176471,0.983078491335,0,,
classic_revolution_8x5,RTLLM,Prob007_comparator_3bit,combinational,4,d588f576-b3b1-4e4f-8d94-7872e265ec5d,M-R,generation_log,0.309715976095,0.464573964142,18,1.18e-05,0,17,0.000981,0,-0.0588235294118,0.987971457696,0,,
classic_revolution_8x5,RTLLM,Prob007_comparator_3bit,combinational,4,8345ebc7-0e19-479d-8869-db7fbccca910,M-R,generation_log,0.309715976095,0.464573964142,18,1.18e-05,0,17,0.000981,0,-0.0588235294118,0.987971457696,0,,
classic_revolution_8x5,RTLLM,Prob007_comparator_3bit,combinational,5,b7c361ae-10ba-42b9-9658-e2a57b51b06a,C-F,generation_log,0.309715976095,0.464573964142,18,1.18e-05,0,17,0.000981,0,-0.0588235294118,0.987971457696,0,,
classic_revolution_8x5,RTLLM,Prob007_comparator_3bit,combinational,5,e61e693c-9fb6-475f-8e15-87f638b87a9b,M-I,generation_log,0.309715976095,0.464573964142,18,1.18e-05,0,17,0.000981,0,-0.0588235294118,0.987971457696,0,,
classic_revolution_8x5,RTLLM,Prob007_comparator_3bit,combinational,5,6ad76aab-4d1c-4e70-b328-2e5094b68a99,M-E,generation_log,0.309715976095,0.464573964142,18,1.18e-05,0,17,0.000981,0,-0.0588235294118,0.987971457696,0,,
classic_revolution_8x5,RTLLM,Prob007_comparator_3bit,combinational,5,8c816811-7548-4702-8631-02276abd5e6c,M-I,generation_log,0.309715976095,0.464573964142,18,1.18e-05,0,17,0.000981,0,-0.0588235294118,0.987971457696,0,,
classic_revolution_8x5,RTLLM,Prob007_comparator_3bit,combinational,5,972152da-fd38-4771-a04e-e40826946da9,M-I,generation_log,0.210045771622,0.315068657432,23,1.66e-05,0,17,0.000981,0,-0.352941176471,0.983078491335,0,,
classic_revolution_8x5,RTLLM,Prob007_comparator_3bit,combinational,5,e6bd69fd-1d03-4fa5-941d-d1cf9eace3e6,M-I,generation_log,0.210045771622,0.315068657432,23,1.66e-05,0,17,0.000981,0,-0.352941176471,0.983078491335,0,,
classic_revolution_8x5,RTLLM,Prob007_comparator_3bit,combinational,5,2ab8e09d-9db8-4be2-b5ba-a78f1b2a4efc,M-S,generation_log,0.210045771622,0.315068657432,23,1.66e-05,0,17,0.000981,0,-0.352941176471,0.983078491335,0,,
classic_revolution_8x5,RTLLM,Prob008_comparator_4bit,combinational,0,9b977a03-c7ab-40b2-8e31-4961d358a678,initial,generation_log,0.390839393939,0.586259090909,27,1.86e-05,0,33,0.002,0,0.181818181818,0.9907,0,,
classic_revolution_8x5,RTLLM,Prob008_comparator_4bit,combinational,0,13eb6cbb-7d78-4a16-89db-7ea012c841d2,initial,generation_log,0.421442424242,0.632163636364,24,1.68e-05,0,33,0.002,0,0.272727272727,0.9916,0,,
classic_revolution_8x5,RTLLM,Prob008_comparator_4bit,combinational,0,f01f9f93-75bf-4b59-8147-7bd359d8e597,initial,generation_log,0.380938383838,0.571407575758,28,1.74e-05,0,33,0.002,0,0.151515151515,0.9913,0,,
classic_revolution_8x5,RTLLM,Prob008_comparator_4bit,combinational,0,d8763f4c-6216-4cad-8d39-ed337aab5d90,initial,generation_log,0.330083333333,0.495125,33,1.95e-05,0,33,0.002,0,0,0.99025,0,,
classic_revolution_8x5,RTLLM,Prob008_comparator_4bit,combinational,0,606eb582-3f83-4caf-a0b0-1cb609a6a2cd,initial,generation_log,0.339701010101,0.509551515152,32,2.24e-05,0,33,0.002,0,0.030303030303,0.9888,0,,
classic_revolution_8x5,RTLLM,Prob008_comparator_4bit,combinational,0,e2efa8f4-95c9-4e61-8a07-2bf24675b1dc,initial,generation_log,0.390839393939,0.586259090909,27,1.86e-05,0,33,0.002,0,0.181818181818,0.9907,0,,
classic_revolution_8x5,RTLLM,Prob008_comparator_4bit,combinational,0,36ae1975-a9e5-4cff-af67-c650d40801de,initial,generation_log,0.329866666667,0.4948,33,2.08e-05,0,33,0.002,0,0,0.9896,0,,
classic_revolution_8x5,RTLLM,Prob008_comparator_4bit,combinational,0,4fc62338-637a-499e-9a46-ed4db0c9b425,initial,generation_log,0.339434343434,0.509151515152,32,2.4e-05,0,33,0.002,0,0.030303030303,0.988,0,,
classic_revolution_8x5,RTLLM,Prob008_comparator_4bit,combinational,1,af67f044-b2c4-4f0b-b7bb-81dd3e7dbe6f,M-I,generation_log,0.43186010101,0.647790151515,23,1.49e-05,0,33,0.002,0,0.30303030303,0.99255,0,,
classic_revolution_8x5,RTLLM,Prob008_comparator_4bit,combinational,1,0208e21e-6612-45f7-bebc-2a0e729bccf1,C-F,generation_log,0.320465656566,0.480698484848,34,1.66e-05,0,33,0.002,0,-0.030303030303,0.9917,0,,
classic_revolution_8x5,RTLLM,Prob008_comparator_4bit,combinational,1,657ef288-4a02-482b-93e7-1c122e67b53b,M-E,generation_log,0.289612626263,0.434418939394,37,1.99e-05,0,33,0.002,0,-0.121212121212,0.99005,0,,
classic_revolution_8x5,RTLLM,Prob008_comparator_4bit,combinational,1,814f27e8-e7e4-4a79-8512-0354632fab76,M-S,generation_log,0.43186010101,0.647790151515,23,1.49e-05,0,33,0.002,0,0.30303030303,0.99255,0,,
classic_revolution_8x5,RTLLM,Prob008_comparator_4bit,combinational,1,5de18746-1aff-48d3-a2b4-07be768d1f76,M-R,generation_log,0.43186010101,0.647790151515,23,1.49e-05,0,33,0.002,0,0.30303030303,0.99255,0,,
classic_revolution_8x5,RTLLM,Prob008_comparator_4bit,combinational,1,4859e42e-bc24-4d20-b65d-ef839b83a393,M-I,generation_log,0.43186010101,0.647790151515,23,1.49e-05,0,33,0.002,0,0.30303030303,0.99255,0,,
classic_revolution_8x5,RTLLM,Prob008_comparator_4bit,combinational,1,b7d81eab-a1c2-4e1e-a6f7-efaee259f6e0,M-R,generation_log,0.43186010101,0.647790151515,23,1.49e-05,0,33,0.002,0,0.30303030303,0.99255,0,,
classic_revolution_8x5,RTLLM,Prob008_comparator_4bit,combinational,1,0c8eb465-5c05-43f7-ac9c-16aa61011ef2,C-F,generation_log,0.452695454545,0.679043181818,21,1.11e-05,0,33,0.002,0,0.363636363636,0.99445,0,,
classic_revolution_8x5,RTLLM,Prob008_comparator_4bit,combinational,2,a63c4c56-4f09-4310-a148-681c232944c3,M-S,generation_log,0.43186010101,0.647790151515,23,1.49e-05,0,33,0.002,0,0.30303030303,0.99255,0,,
classic_revolution_8x5,RTLLM,Prob008_comparator_4bit,combinational,2,88019ed2-7a74-4a9e-8afa-5b3c516c7b8a,M-I,generation_log,0.390839393939,0.586259090909,27,1.86e-05,0,33,0.002,0,0.181818181818,0.9907,0,,
classic_revolution_8x5,RTLLM,Prob008_comparator_4bit,combinational,2,c7a5dce4-cea2-4806-8ef3-75dcf2847813,M-E,generation_log,0.289612626263,0.434418939394,37,1.99e-05,0,33,0.002,0,-0.121212121212,0.99005,0,,
classic_revolution_8x5,RTLLM,Prob008_comparator_4bit,combinational,2,7866f130-9590-4673-9fa4-6d2854b12ad5,M-R,generation_log,0.339434343434,0.509151515152,32,2.4e-05,0,33,0.002,0,0.030303030303,0.988,0,,
classic_revolution_8x5,RTLLM,Prob008_comparator_4bit,combinational,2,d4025522-53ff-47fb-a191-5b3f5bb8f86b,M-S,generation_log,0.421592424242,0.632388636364,24,1.59e-05,0,33,0.002,0,0.272727272727,0.99205,0,,
classic_revolution_8x5,RTLLM,Prob008_comparator_4bit,combinational,2,26a07fbf-2b2f-45a4-b680-2cd82200affa,M-I,generation_log,0.442361111111,0.663541666667,22,1.25e-05,0,33,0.002,0,0.333333333333,0.99375,0,,
classic_revolution_8x5,RTLLM,Prob008_comparator_4bit,combinational,2,2e3a4849-f8dd-4943-973b-a6ca0065e925,M-S,generation_log,0.32925,0.493875,33,2.45e-05,0,33,0.002,0,0,0.98775,0,,
classic_revolution_8x5,RTLLM,Prob008_comparator_4bit,combinational,3,d0d261a8-a467-4128-a878-6e5324462458,C-F,generation_log,0.380938383838,0.571407575758,28,1.74e-05,0,33,0.002,0,0.151515151515,0.9913,0,,
classic_revolution_8x5,RTLLM,Prob008_comparator_4bit,combinational,3,4350845b-062e-4edf-be32-f4be97dd2481,C-F,generation_log,0.339434343434,0.509151515152,32,2.4e-05,0,33,0.002,0,0.030303030303,0.988,0,,
classic_revolution_8x5,RTLLM,Prob008_comparator_4bit,combinational,3,a0c4ddd7-eb90-48d1-b651-3311daef2a13,M-I,generation_log,0.339434343434,0.509151515152,32,2.4e-05,0,33,0.002,0,0.030303030303,0.988,0,,
classic_revolution_8x5,RTLLM,Prob008_comparator_4bit,combinational,3,43c1a61d-6242-4584-8152-a333bf2fe9a9,M-S,generation_log,0.339434343434,0.509151515152,32,2.4e-05,0,33,0.002,0,0.030303030303,0.988,0,,
classic_revolution_8x5,RTLLM,Prob008_comparator_4bit,combinational,3,07e80707-adcd-4127-b078-e0e91d2347e3,M-E,generation_log,0.320465656566,0.480698484848,34,1.66e-05,0,33,0.002,0,-0.030303030303,0.9917,0,,
classic_revolution_8x5,RTLLM,Prob008_comparator_4bit,combinational,3,a2b07c9a-1d5a-466a-91c0-7350496e6576,M-E,generation_log,0.320465656566,0.480698484848,34,1.66e-05,0,33,0.002,0,-0.030303030303,0.9917,0,,
classic_revolution_8x5,RTLLM,Prob008_comparator_4bit,combinational,3,47f3433e-6202-4436-a10c-61d1367df9dc,M-I,generation_log,0.339434343434,0.509151515152,32,2.4e-05,0,33,0.002,0,0.030303030303,0.988,0,,
classic_revolution_8x5,RTLLM,Prob008_comparator_4bit,combinational,4,43c5321e-9a34-40b8-963a-455f3616f2e6,M-R,generation_log,0.339434343434,0.509151515152,32,2.4e-05,0,33,0.002,0,0.030303030303,0.988,0,,
classic_revolution_8x5,RTLLM,Prob008_comparator_4bit,combinational,4,5929dfb4-819e-4b80-85ec-c797bd9acc39,M-I,generation_log,0.339434343434,0.509151515152,32,2.4e-05,0,33,0.002,0,0.030303030303,0.988,0,,
classic_revolution_8x5,RTLLM,Prob008_comparator_4bit,combinational,4,252ab9b5-b59f-4c88-846b-76433e10a13b,M-S,generation_log,0.43186010101,0.647790151515,23,1.49e-05,0,33,0.002,0,0.30303030303,0.99255,0,,
classic_revolution_8x5,RTLLM,Prob008_comparator_4bit,combinational,4,73c84401-2d2f-41f7-93d0-f0736f38a2c9,M-E,generation_log,0.289612626263,0.434418939394,37,1.99e-05,0,33,0.002,0,-0.121212121212,0.99005,0,,
classic_revolution_8x5,RTLLM,Prob008_comparator_4bit,combinational,4,4576bf7a-3ef5-4c93-bbf3-fdfeeaa0dfdb,M-R,generation_log,0.32925,0.493875,33,2.45e-05,0,33,0.002,0,0,0.98775,0,,
classic_revolution_8x5,RTLLM,Prob008_comparator_4bit,combinational,4,6c1bde34-141c-43e0-b0ea-f3cf76565dbf,M-R,generation_log,0.43196010101,0.647940151515,23,1.43e-05,0,33,0.002,0,0.30303030303,0.99285,0,,
classic_revolution_8x5,RTLLM,Prob008_comparator_4bit,combinational,4,5d3fc9cd-c6eb-42a7-b210-5a54cddb0f3c,M-I,generation_log,0.380938383838,0.571407575758,28,1.74e-05,0,33,0.002,0,0.151515151515,0.9913,0,,
classic_revolution_8x5,RTLLM,Prob008_comparator_4bit,combinational,4,2641644a-f6e5-4048-9709-2021c6f9bebe,M-I,generation_log,0.43196010101,0.647940151515,23,1.43e-05,0,33,0.002,0,0.30303030303,0.99285,0,,
classic_revolution_8x5,RTLLM,Prob008_comparator_4bit,combinational,5,a86a1070-cfbf-4145-bdfd-cf1b18e4e84b,C-F,generation_log,0.339434343434,0.509151515152,32,2.4e-05,0,33,0.002,0,0.030303030303,0.988,0,,
classic_revolution_8x5,RTLLM,Prob008_comparator_4bit,combinational,5,4e526921-bcd9-465e-970d-2d462d9c59a7,M-E,generation_log,0.289612626263,0.434418939394,37,1.99e-05,0,33,0.002,0,-0.121212121212,0.99005,0,,
classic_revolution_8x5,RTLLM,Prob008_comparator_4bit,combinational,5,988e4033-889c-419a-b007-fb13e234b40f,M-S,generation_log,0.43186010101,0.647790151515,23,1.49e-05,0,33,0.002,0,0.30303030303,0.99255,0,,
classic_revolution_8x5,RTLLM,Prob008_comparator_4bit,combinational,5,44bbac27-c794-46c6-a54b-2a5dcd3d84db,M-S,generation_log,0.421592424242,0.632388636364,24,1.59e-05,0,33,0.002,0,0.272727272727,0.99205,0,,
classic_revolution_8x5,RTLLM,Prob008_comparator_4bit,combinational,5,c93a2cb2-7159-45e6-8434-24e8d48d90da,C-F,generation_log,0.339434343434,0.509151515152,32,2.4e-05,0,33,0.002,0,0.030303030303,0.988,0,,
classic_revolution_8x5,RTLLM,Prob008_comparator_4bit,combinational,5,6a53c5a8-79de-45b2-a234-1c23b3c9218a,M-S,generation_log,0.43186010101,0.647790151515,23,1.49e-05,0,33,0.002,0,0.30303030303,0.99255,0,,
classic_revolution_8x5,RTLLM,Prob008_comparator_4bit,combinational,5,9bd01a9d-3c89-4420-8879-e0e6647afe65,M-S,generation_log,0.380938383838,0.571407575758,28,1.74e-05,0,33,0.002,0,0.151515151515,0.9913,0,,
classic_revolution_8x5,RTLLM,Prob009_div_16bit,combinational,0,670e5cc2-6322-49ca-87bd-85b4347cb48e,initial,generation_log,0.524142186452,0.786213279678,2193,0.0886,0,6390,1.05,0,0.656807511737,0.915619047619,0,,
classic_revolution_8x5,RTLLM,Prob009_div_16bit,combinational,0,a2eb9fa4-ba32-4bea-9dfe-530a4b33cdc0,initial,generation_log,0.524142186452,0.786213279678,2193,0.0886,0,6390,1.05,0,0.656807511737,0.915619047619,0,,
classic_revolution_8x5,RTLLM,Prob009_div_16bit,combinational,0,3107ba26-8148-43d1-bc56-efab6e2b34bb,initial,generation_log,0.508607198748,0.762910798122,2391,0.105,0,6390,1.05,0,0.625821596244,0.9,0,,
classic_revolution_8x5,RTLLM,Prob009_div_16bit,combinational,0,96298c5f-985c-4587-902b-259663d3e6e2,initial,generation_log,0.524142186452,0.786213279678,2193,0.0886,0,6390,1.05,0,0.656807511737,0.915619047619,0,,
classic_revolution_8x5,RTLLM,Prob009_div_16bit,combinational,0,24082aa2-1d41-4f90-8e72-8ab0a5b49b55,initial,generation_log,0.516505849914,0.774758774871,2326,0.0908,0,6390,1.05,0,0.635993740219,0.913523809524,0,,
classic_revolution_8x5,RTLLM,Prob009_div_16bit,combinational,1,f7ce5527-d3de-480f-a1e3-5128f39b3e45,M-R,generation_log,0.516886355168,0.775329532752,2368,0.0827,0,6390,1.05,0,0.629420970266,0.921238095238,0,,
classic_revolution_8x5,RTLLM,Prob009_div_16bit,combinational,1,c486cc9f-afbe-4f4b-83a3-a42ec88ca29d,M-S,generation_log,0.54940755645,0.824111334675,1548,0.115,0,6390,1.05,0,0.757746478873,0.890476190476,0,,
classic_revolution_8x5,RTLLM,Prob009_div_16bit,combinational,1,10f347cc-c04b-4241-ad99-4bf0627c2253,M-E,generation_log,0.538378716745,0.807568075117,1914,0.0896,0,6390,1.05,0,0.700469483568,0.914666666667,0,,
classic_revolution_8x5,RTLLM,Prob009_div_16bit,combinational,1,84832024-06e7-4aa5-a618-dab6c6561bb4,M-R,generation_log,0.521590878605,0.782386317907,2220,0.0922,0,6390,1.05,0,0.652582159624,0.91219047619,0,,
classic_revolution_8x5,RTLLM,Prob009_div_16bit,combinational,1,fe0eabca-7f7e-4d84-9bae-f8e49d7a5084,M-I,generation_log,0.552881138684,0.829321708026,1580,0.0988,0,6390,1.05,0,0.752738654147,0.905904761905,0,,
classic_revolution_8x5,RTLLM,Prob009_div_16bit,combinational,1,bb867d9c-7b81-4fb9-9f89-7e1f5b30843b,C-F,generation_log,0.555224681422,0.832837022133,1473,0.109,0,6390,1.05,0,0.769483568075,0.89619047619,0,,
classic_revolution_8x5,RTLLM,Prob009_div_16bit,combinational,2,ff65874e-922a-4108-a3f6-65af1ecc240b,M-I,generation_log,0.54940755645,0.824111334675,1548,0.115,0,6390,1.05,0,0.757746478873,0.890476190476,0,,
classic_revolution_8x5,RTLLM,Prob009_div_16bit,combinational,2,ae0776f0-4fa0-475b-89ce-27100150419c,M-S,generation_log,0.54940755645,0.824111334675,1548,0.115,0,6390,1.05,0,0.757746478873,0.890476190476,0,,
classic_revolution_8x5,RTLLM,Prob009_div_16bit,combinational,2,5dab9002-20e5-4a50-a7aa-82bfba94e70d,M-I,generation_log,0.552881734854,0.82932260228,1524,0.108,0,6390,1.05,0,0.761502347418,0.897142857143,0,,
classic_revolution_8x5,RTLLM,Prob009_div_16bit,combinational,2,b3a30369-a049-4e4e-9d65-9f941228280b,M-E,generation_log,0.478433564349,0.717650346524,2087,0.25,0,6390,1.05,0,0.673395931142,0.761904761905,0,,
classic_revolution_8x5,RTLLM,Prob009_div_16bit,combinational,2,7b7691c6-5ba3-4e36-a89f-f2ee147c5b66,C-F,generation_log,0.553385498174,0.830078247261,1490,0.112,0,6390,1.05,0,0.766823161189,0.893333333333,0,,
classic_revolution_8x5,RTLLM,Prob009_div_16bit,combinational,2,c5527818-e8db-4dbe-a662-98c49fda491d,M-E,generation_log,0.557664207467,0.836496311201,1509,0.0954,0,6390,1.05,0,0.763849765258,0.909142857143,0,,
classic_revolution_8x5,RTLLM,Prob009_div_16bit,combinational,2,e5133650-f109-4f21-9e5c-64a844bb52d8,C-F,generation_log,0.555224681422,0.832837022133,1473,0.109,0,6390,1.05,0,0.769483568075,0.89619047619,0,,
classic_revolution_8x5,RTLLM,Prob009_div_16bit,combinational,2,68eae808-9967-41b9-8a33-6500eabc8411,M-S,generation_log,0.54940755645,0.824111334675,1548,0.115,0,6390,1.05,0,0.757746478873,0.890476190476,0,,
classic_revolution_8x5,RTLLM,Prob009_div_16bit,combinational,3,194f217b-ed9d-4ff9-bd65-b6d7f6df1c9b,M-E,generation_log,0.551146881288,0.826720321932,1539,0.111,0,6390,1.05,0,0.759154929577,0.894285714286,0,,
classic_revolution_8x5,RTLLM,Prob009_div_16bit,combinational,3,6fec5b88-5726-4a8e-9f31-6196239b1d95,M-I,generation_log,0.55334615098,0.83001922647,1565,0.0998,0,6390,1.05,0,0.755086071987,0.904952380952,0,,
classic_revolution_8x5,RTLLM,Prob009_div_16bit,combinational,3,532a0144-e4bc-4ca9-af64-952560276a59,M-R,generation_log,0.552881138684,0.829321708026,1580,0.0988,0,6390,1.05,0,0.752738654147,0.905904761905,0,,
classic_revolution_8x5,RTLLM,Prob009_div_16bit,combinational,3,5209d816-2bf5-4aaf-937c-7aecabb9c421,M-R,generation_log,0.554312541918,0.831468812877,1527,0.103,0,6390,1.05,0,0.76103286385,0.901904761905,0,,
classic_revolution_8x5,RTLLM,Prob009_div_16bit,combinational,3,7433714d-1810-4735-86f1-cc10f4d8a7a8,M-R,generation_log,0.559147775542,0.838721663313,1455,0.0996,0,6390,1.05,0,0.772300469484,0.905142857143,0,,
classic_revolution_8x5,RTLLM,Prob009_div_16bit,combinational,3,742d0ccd-229f-42b9-a504-6975cc437d00,M-I,generation_log,0.548976823906,0.82346523586,1538,0.118,0,6390,1.05,0,0.7593114241,0.887619047619,0,,
classic_revolution_8x5,RTLLM,Prob009_div_16bit,combinational,3,5128438d-c332-4acc-89c7-2fa89385fe61,M-I,generation_log,0.555224681422,0.832837022133,1473,0.109,0,6390,1.05,0,0.769483568075,0.89619047619,0,,
classic_revolution_8x5,RTLLM,Prob009_div_16bit,combinational,4,b0895264-87af-4788-b2a4-00e329a688c0,M-S,generation_log,0.555224681422,0.832837022133,1473,0.109,0,6390,1.05,0,0.769483568075,0.89619047619,0,,
classic_revolution_8x5,RTLLM,Prob009_div_16bit,combinational,4,8e039147-c3f4-45aa-85e0-7d392830bce3,M-I,generation_log,0.553838288993,0.83075743349,1558,0.0994,0,6390,1.05,0,0.756181533646,0.905333333333,0,,
classic_revolution_8x5,RTLLM,Prob009_div_16bit,combinational,4,419af178-b733-44a0-aa0e-66916de98523,C-F,generation_log,0.555224681422,0.832837022133,1473,0.109,0,6390,1.05,0,0.769483568075,0.89619047619,0,,
classic_revolution_8x5,RTLLM,Prob009_div_16bit,combinational,4,1a961496-103c-4550-81ad-738f5bfe81b3,C-F,generation_log,0.553634398987,0.83045159848,1540,0.103,0,6390,1.05,0,0.758998435055,0.901904761905,0,,
classic_revolution_8x5,RTLLM,Prob009_div_16bit,combinational,4,6c7ad49f-900c-4df5-9df4-809af2d38af5,M-S,generation_log,0.555224681422,0.832837022133,1473,0.109,0,6390,1.05,0,0.769483568075,0.89619047619,0,,
classic_revolution_8x5,RTLLM,Prob009_div_16bit,combinational,4,16089c0a-8828-401a-bef1-39b8936e605f,C-F,generation_log,0.515846039198,0.773769058797,2321,0.0937,0,6390,1.05,0,0.636776212833,0.910761904762,0,,
classic_revolution_8x5,RTLLM,Prob009_div_16bit,combinational,4,9fb99cac-c7a5-4322-94c7-d695e3773d78,C-F,generation_log,0.555224681422,0.832837022133,1473,0.109,0,6390,1.05,0,0.769483568075,0.89619047619,0,,
classic_revolution_8x5,RTLLM,Prob009_div_16bit,combinational,5,fdf677c4-9a7a-4d0e-919a-e3331a271f8b,M-E,generation_log,0.54239078918,0.813586183769,1845,0.0883,0,6390,1.05,0,0.711267605634,0.915904761905,0,,
classic_revolution_8x5,RTLLM,Prob009_div_16bit,combinational,5,6c748318-17eb-4a47-adc8-aae2e3c74162,M-I,generation_log,0.555224681422,0.832837022133,1473,0.109,0,6390,1.05,0,0.769483568075,0.89619047619,0,,
classic_revolution_8x5,RTLLM,Prob009_div_16bit,combinational,5,1b040bb9-4dc7-4c1b-aa48-c8af227ef420,M-I,generation_log,0.555224681422,0.832837022133,1473,0.109,0,6390,1.05,0,0.769483568075,0.89619047619,0,,
classic_revolution_8x5,RTLLM,Prob009_div_16bit,combinational,5,67d1182d-4477-4e7b-81de-f9d825e726bf,C-F,generation_log,0.555224681422,0.832837022133,1473,0.109,0,6390,1.05,0,0.769483568075,0.89619047619,0,,
classic_revolution_8x5,RTLLM,Prob009_div_16bit,combinational,5,d0cb4b31-21c8-45c3-84b7-82f48b0c611f,M-S,generation_log,0.54940755645,0.824111334675,1548,0.115,0,6390,1.05,0,0.757746478873,0.890476190476,0,,
classic_revolution_8x5,RTLLM,Prob009_div_16bit,combinational,5,c1f44f2d-e9d6-4d30-8e7b-4e0a7e08b539,M-S,generation_log,0.54940755645,0.824111334675,1548,0.115,0,6390,1.05,0,0.757746478873,0.890476190476,0,,
classic_revolution_8x5,RTLLM,Prob009_div_16bit,combinational,5,3559c7b7-43c7-421d-a267-a7c3b694ab54,M-I,generation_log,0.538378716745,0.807568075117,1914,0.0896,0,6390,1.05,0,0.700469483568,0.914666666667,0,,
classic_revolution_8x5,RTLLM,Prob011_multi_16bit,sequential,0,a5cd0e30-2164-4cc7-a5af-1f087f1bf807,initial,generation_log,0.111645733107,0.111645733107,1185,0.107,1.11,1064,0.18,1.16,-0.113721804511,0.405555555556,0.0431034482759,,
classic_revolution_8x5,RTLLM,Prob011_multi_16bit,sequential,0,b109ce97-c56a-478b-bbf8-485ca898e061,initial,generation_log,0.0423731743151,0.0423731743151,1070,0.153,1.18,1064,0.18,1.16,-0.00563909774436,0.15,-0.0172413793103,,
classic_revolution_8x5,RTLLM,Prob011_multi_16bit,sequential,0,1f1e905b-a65a-4555-8af9-6156f2ddde5b,initial,generation_log,0.0423731743151,0.0423731743151,1070,0.153,1.18,1064,0.18,1.16,-0.00563909774436,0.15,-0.0172413793103,,
classic_revolution_8x5,RTLLM,Prob011_multi_16bit,sequential,0,bd676e91-9bda-424e-be7d-556c102f7514,initial,generation_log,0.0423731743151,0.0423731743151,1070,0.153,1.18,1064,0.18,1.16,-0.00563909774436,0.15,-0.0172413793103,,
classic_revolution_8x5,RTLLM,Prob011_multi_16bit,sequential,0,11178047-d9f6-40fb-acb9-78e755b15a2d,initial,generation_log,-0.0764360614179,-0.0764360614179,1245,0.186,1.19,1064,0.18,1.16,-0.170112781955,-0.0333333333333,-0.0258620689655,,
classic_revolution_8x5,RTLLM,Prob011_multi_16bit,sequential,0,e0b6336b-8da3-4e73-a9ad-59eb626bd05c,initial,generation_log,0.0423731743151,0.0423731743151,1070,0.153,1.18,1064,0.18,1.16,-0.00563909774436,0.15,-0.0172413793103,,
classic_revolution_8x5,RTLLM,Prob011_multi_16bit,sequential,0,de151ede-dcb2-4050-9770-4a6b20e06ddb,initial,generation_log,-0.0570225851986,-0.0570225851986,1309,0.174,1.13,1064,0.18,1.16,-0.230263157895,0.0333333333333,0.0258620689655,,
classic_revolution_8x5,RTLLM,Prob011_multi_16bit,sequential,3,bed5f799-1fb5-4223-a7ed-c2e9f05b8184,M-S,generation_log,-0.116554076763,-0.116554076763,1253,0.287,0.67,1064,0.18,1.16,-0.177631578947,-0.594444444444,0.422413793103,,
classic_revolution_8x5,RTLLM,Prob011_multi_16bit,sequential,3,46a5999c-ad2b-4932-ac56-5cdedb91e718,M-I,generation_log,0.312920711741,0.312920711741,1041,0.0925,0.66,1064,0.18,1.16,0.0216165413534,0.486111111111,0.431034482759,,
classic_revolution_8x5,RTLLM,Prob011_multi_16bit,sequential,4,1ade983c-d61e-4aa1-b384-28a57d26c577,M-E,generation_log,-2.94541166134,-2.94541166134,3233,0.651,6.01,1064,0.18,1.16,-2.03853383459,-2.61666666667,-4.18103448276,,
classic_revolution_8x5,RTLLM,Prob011_multi_16bit,sequential,4,49cda880-a872-4463-a4dd-3b4aba3a87a4,M-E,generation_log,-2.92744264877,-2.92744264877,3184,0.662,5.93,1064,0.18,1.16,-1.99248120301,-2.67777777778,-4.11206896552,,
classic_revolution_8x5,RTLLM,Prob011_multi_16bit,sequential,5,c7270344-d28d-4a9f-a974-2d59a8132187,C-F,generation_log,0.207401645877,0.207401645877,1212,0.119,0.67,1064,0.18,1.16,-0.139097744361,0.338888888889,0.422413793103,,
classic_revolution_8x5,RTLLM,Prob012_multi_8bit,combinational,0,ac823da0-495f-4fb8-a9dc-9fc685d7e031,initial,generation_log,0.308002181587,0.46200327238,631,0.00153,0,596,0.0886,0,-0.0587248322148,0.982731376975,0,,
classic_revolution_8x5,RTLLM,Prob012_multi_8bit,combinational,0,58e7c290-07cf-45e6-a7f6-b93774939d92,initial,generation_log,0.308002181587,0.46200327238,631,0.00153,0,596,0.0886,0,-0.0587248322148,0.982731376975,0,,
classic_revolution_8x5,RTLLM,Prob012_multi_8bit,combinational,0,70a9fb3d-53ce-4b33-8fff-a3aecf685b7e,initial,generation_log,0.308002181587,0.46200327238,631,0.00153,0,596,0.0886,0,-0.0587248322148,0.982731376975,0,,
classic_revolution_8x5,RTLLM,Prob012_multi_8bit,combinational,0,50e20b1c-0895-440b-bfec-6ceadc7fa0e4,initial,generation_log,0.308002181587,0.46200327238,631,0.00153,0,596,0.0886,0,-0.0587248322148,0.982731376975,0,,
classic_revolution_8x5,RTLLM,Prob012_multi_8bit,combinational,0,b7e9be45-00ad-4f0c-871f-a84c4a602df0,initial,generation_log,0.308002181587,0.46200327238,631,0.00153,0,596,0.0886,0,-0.0587248322148,0.982731376975,0,,
classic_revolution_8x5,RTLLM,Prob012_multi_8bit,combinational,0,763f6208-2977-42b2-bd23-e3aec287c7b8,initial,generation_log,0.308002181587,0.46200327238,631,0.00153,0,596,0.0886,0,-0.0587248322148,0.982731376975,0,,
classic_revolution_8x5,RTLLM,Prob012_multi_8bit,combinational,0,9a2efca8-0cda-436f-b215-a2501ce26284,initial,generation_log,0.308002181587,0.46200327238,631,0.00153,0,596,0.0886,0,-0.0587248322148,0.982731376975,0,,
classic_revolution_8x5,RTLLM,Prob012_multi_8bit,combinational,0,fd36b8da-1538-4f19-9ead-ea6f6e326df5,initial,generation_log,0.308002181587,0.46200327238,631,0.00153,0,596,0.0886,0,-0.0587248322148,0.982731376975,0,,
classic_revolution_8x5,RTLLM,Prob012_multi_8bit,combinational,1,6a5c8097-0f14-4405-a775-47127975c741,M-I,generation_log,0.449418496018,0.674127744027,384,0.00066,0,596,0.0886,0,0.355704697987,0.992550790068,0,,
classic_revolution_8x5,RTLLM,Prob012_multi_8bit,combinational,1,70e7fbe3-7471-4508-889e-da5a8aaaa2cb,C-F,generation_log,0.449418496018,0.674127744027,384,0.00066,0,596,0.0886,0,0.355704697987,0.992550790068,0,,
classic_revolution_8x5,RTLLM,Prob012_multi_8bit,combinational,1,3fcdccd9-cd6f-4cc3-8648-920a2f283c11,M-S,generation_log,0.308002181587,0.46200327238,631,0.00153,0,596,0.0886,0,-0.0587248322148,0.982731376975,0,,
classic_revolution_8x5,RTLLM,Prob012_multi_8bit,combinational,1,a9eefb1b-e785-42bf-933d-809779547200,M-R,generation_log,0.449418496018,0.674127744027,384,0.00066,0,596,0.0886,0,0.355704697987,0.992550790068,0,,
classic_revolution_8x5,RTLLM,Prob012_multi_8bit,combinational,1,82590013-dccb-4282-bed0-e9fe926ff73b,M-R,generation_log,0.449418496018,0.674127744027,384,0.00066,0,596,0.0886,0,0.355704697987,0.992550790068,0,,
classic_revolution_8x5,RTLLM,Prob012_multi_8bit,combinational,1,188f1c8e-eea5-4682-aa64-6eeea7cf8577,M-R,generation_log,0.448296165558,0.672444248337,386,0.000661,0,596,0.0886,0,0.352348993289,0.992539503386,0,,
classic_revolution_8x5,RTLLM,Prob012_multi_8bit,combinational,2,2eadc1b0-ffcd-49fb-a173-f7b21adce570,M-S,generation_log,0.308002181587,0.46200327238,631,0.00153,0,596,0.0886,0,-0.0587248322148,0.982731376975,0,,
classic_revolution_8x5,RTLLM,Prob012_multi_8bit,combinational,2,fe247b12-75c2-452a-9042-5343b7d09902,M-R,generation_log,0.449418496018,0.674127744027,384,0.00066,0,596,0.0886,0,0.355704697987,0.992550790068,0,,
classic_revolution_8x5,RTLLM,Prob012_multi_8bit,combinational,2,85480bdd-1337-45d5-af48-7ece7fccf076,M-I,generation_log,0.308002181587,0.46200327238,631,0.00153,0,596,0.0886,0,-0.0587248322148,0.982731376975,0,,
classic_revolution_8x5,RTLLM,Prob012_multi_8bit,combinational,2,de068daf-8ff7-4204-a40d-d0a8249c4dcb,M-I,generation_log,0.460781003025,0.691171504537,364,0.000613,0,596,0.0886,0,0.389261744966,0.993081264108,0,,
classic_revolution_8x5,RTLLM,Prob012_multi_8bit,combinational,2,bdbd1a1c-4500-4fde-9954-822b40a5d3ca,M-E,generation_log,0.43601825059,0.654027375884,408,0.000654,0,596,0.0886,0,0.315436241611,0.992618510158,0,,
classic_revolution_8x5,RTLLM,Prob012_multi_8bit,combinational,3,47fa7970-b2f9-42d9-adf7-fafbe49b3fc9,C-F,generation_log,0.449418496018,0.674127744027,384,0.00066,0,596,0.0886,0,0.355704697987,0.992550790068,0,,
classic_revolution_8x5,RTLLM,Prob012_multi_8bit,combinational,3,100d03c7-f9b3-4365-b81b-4180b497560f,C-F,generation_log,0.308002181587,0.46200327238,631,0.00153,0,596,0.0886,0,-0.0587248322148,0.982731376975,0,,
classic_revolution_8x5,RTLLM,Prob012_multi_8bit,combinational,3,af2214ba-cb77-4184-9f5c-0cb0f412ce54,C-F,generation_log,0.43601825059,0.654027375884,408,0.000654,0,596,0.0886,0,0.315436241611,0.992618510158,0,,
classic_revolution_8x5,RTLLM,Prob012_multi_8bit,combinational,4,5ce33b31-2c1b-4b9e-9629-f433f6ae2333,M-R,generation_log,0.308002181587,0.46200327238,631,0.00153,0,596,0.0886,0,-0.0587248322148,0.982731376975,0,,
classic_revolution_8x5,RTLLM,Prob012_multi_8bit,combinational,4,ab0a5dfd-0013-4bf9-b240-6bb1f2afdd7a,M-E,generation_log,0.308002181587,0.46200327238,631,0.00153,0,596,0.0886,0,-0.0587248322148,0.982731376975,0,,
classic_revolution_8x5,RTLLM,Prob012_multi_8bit,combinational,4,097b8e67-e1e6-45d0-8c35-1aa9d584017d,M-R,generation_log,0.308002181587,0.46200327238,631,0.00153,0,596,0.0886,0,-0.0587248322148,0.982731376975,0,,
classic_revolution_8x5,RTLLM,Prob012_multi_8bit,combinational,4,5aa5ab61-c3f6-4270-85ee-363a2c1ef2f4,M-R,generation_log,0.308002181587,0.46200327238,631,0.00153,0,596,0.0886,0,-0.0587248322148,0.982731376975,0,,
classic_revolution_8x5,RTLLM,Prob012_multi_8bit,combinational,4,c0ae0518-3191-46af-827e-5bbe3327bf8a,M-S,generation_log,0.308002181587,0.46200327238,631,0.00153,0,596,0.0886,0,-0.0587248322148,0.982731376975,0,,
classic_revolution_8x5,RTLLM,Prob012_multi_8bit,combinational,4,33a1b9a7-f284-4c8d-9754-803e57bb5076,M-R,generation_log,0.308002181587,0.46200327238,631,0.00153,0,596,0.0886,0,-0.0587248322148,0.982731376975,0,,
classic_revolution_8x5,RTLLM,Prob012_multi_8bit,combinational,4,cc27760f-9ab3-4af0-bec3-2d34b59812b4,M-I,generation_log,0.449418496018,0.674127744027,384,0.00066,0,596,0.0886,0,0.355704697987,0.992550790068,0,,
classic_revolution_8x5,RTLLM,Prob012_multi_8bit,combinational,5,e17397e9-76c3-4443-ba03-9cd60b2cb7da,M-S,generation_log,0.308002181587,0.46200327238,631,0.00153,0,596,0.0886,0,-0.0587248322148,0.982731376975,0,,
classic_revolution_8x5,RTLLM,Prob012_multi_8bit,combinational,5,8bf1fbe0-f1d9-42fa-adfc-00c3c06a89a4,M-S,generation_log,0.308002181587,0.46200327238,631,0.00153,0,596,0.0886,0,-0.0587248322148,0.982731376975,0,,
classic_revolution_8x5,RTLLM,Prob012_multi_8bit,combinational,5,730cb6d8-a144-463f-8bfc-55af0afa927d,C-F,generation_log,0.449418496018,0.674127744027,384,0.00066,0,596,0.0886,0,0.355704697987,0.992550790068,0,,
classic_revolution_8x5,RTLLM,Prob012_multi_8bit,combinational,5,5e67f6b3-6c6f-4b72-aed4-69ab86c33b8c,M-S,generation_log,0.308002181587,0.46200327238,631,0.00153,0,596,0.0886,0,-0.0587248322148,0.982731376975,0,,
classic_revolution_8x5,RTLLM,Prob012_multi_8bit,combinational,5,cb9ef2cd-82a4-47bd-bd1c-c76e8faabc26,M-S,generation_log,0.308002181587,0.46200327238,631,0.00153,0,596,0.0886,0,-0.0587248322148,0.982731376975,0,,
classic_revolution_8x5,RTLLM,Prob012_multi_8bit,combinational,5,9085209d-6a24-44bd-ac2e-6979d6e31d2b,M-S,generation_log,0.308002181587,0.46200327238,631,0.00153,0,596,0.0886,0,-0.0587248322148,0.982731376975,0,,
classic_revolution_8x5,RTLLM,Prob012_multi_8bit,combinational,5,57b2d179-e610-443c-9b16-9c0a50ac143f,M-S,generation_log,0.308002181587,0.46200327238,631,0.00153,0,596,0.0886,0,-0.0587248322148,0.982731376975,0,,
classic_revolution_8x5,RTLLM,Prob015_multi_pipe_8bit,sequential,0,c3e91559-78f6-4f03-9fa9-7a83a2e65a4b,initial,generation_log,-0.0451593478936,-0.0451593478936,685,0.106,1.03,980,0.0898,0.82,0.301020408163,-0.180400890869,-0.256097560976,,
classic_revolution_8x5,RTLLM,Prob015_multi_pipe_8bit,sequential,0,c5646e3f-4988-4780-be95-7b6195d728da,initial,generation_log,0.0231070982361,0.0231070982361,623,0.0911,1.05,980,0.0898,0.82,0.364285714286,-0.0144766146993,-0.280487804878,,
classic_revolution_8x5,RTLLM,Prob015_multi_pipe_8bit,sequential,1,7965f344-f105-439b-8cb4-80403229e8b4,M-E,generation_log,-0.249146417218,-0.249146417218,1293,0.137,0.74,980,0.0898,0.82,-0.319387755102,-0.52561247216,0.0975609756098,,
classic_revolution_8x5,RTLLM,Prob015_multi_pipe_8bit,sequential,1,9a2b6825-4ca8-4d5e-b9f5-5d3ca7107193,M-S,generation_log,0.141258693711,0.141258693711,568,0.0665,1.03,980,0.0898,0.82,0.420408163265,0.259465478842,-0.256097560976,,
classic_revolution_8x5,RTLLM,Prob015_multi_pipe_8bit,sequential,1,7145ee1f-7d25-4308-a060-76d3509b016b,M-R,generation_log,0.0492378764749,0.0492378764749,605,0.0879,1.03,980,0.0898,0.82,0.382653061224,0.0211581291759,-0.256097560976,,
classic_revolution_8x5,RTLLM,Prob015_multi_pipe_8bit,sequential,2,6831e12e-6b50-4724-9a8c-ff5920ab9a20,C-F,generation_log,-0.106950330787,-0.106950330787,1075,0.134,0.6,980,0.0898,0.82,-0.0969387755102,-0.492204899777,0.268292682927,,
classic_revolution_8x5,RTLLM,Prob015_multi_pipe_8bit,sequential,2,46c65251-5844-473c-9f34-942e7ecdaf88,M-I,generation_log,0.0303236216536,0.0303236216536,809,0.0973,0.82,980,0.0898,0.82,0.174489795918,-0.0835189309577,0,,
classic_revolution_8x5,RTLLM,Prob015_multi_pipe_8bit,sequential,3,0f0e94bb-4d5f-40bb-b088-f0f08ff6283e,M-E,generation_log,-0.0923789125624,-0.0923789125624,816,0.133,0.79,980,0.0898,0.82,0.167346938776,-0.481069042316,0.0365853658537,,
classic_revolution_8x5,RTLLM,Prob015_multi_pipe_8bit,sequential,3,4f15217f-5ca6-4a3b-b5a0-7a958e1a1547,M-E,generation_log,-0.368960557225,-0.368960557225,1177,0.204,0.52,980,0.0898,0.82,-0.201020408163,-1.27171492205,0.365853658537,,
classic_revolution_8x5,RTLLM,Prob015_multi_pipe_8bit,sequential,3,279d7622-e8d7-4e6c-ac77-67e141b49908,M-R,generation_log,0.0492378764749,0.0492378764749,605,0.0879,1.03,980,0.0898,0.82,0.382653061224,0.0211581291759,-0.256097560976,,
classic_revolution_8x5,RTLLM,Prob015_multi_pipe_8bit,sequential,3,343836c2-c420-4403-acdd-6baea45d908a,M-R,generation_log,0.0226745051869,0.0226745051869,800,0.0969,0.85,980,0.0898,0.82,0.183673469388,-0.0790645879733,-0.0365853658537,,
classic_revolution_8x5,RTLLM,Prob015_multi_pipe_8bit,sequential,4,f581ba78-bc72-4306-accf-5198f30803ec,M-R,generation_log,0.0527945329906,0.0527945329906,600,0.0874,1.03,980,0.0898,0.82,0.387755102041,0.0267260579065,-0.256097560976,,
classic_revolution_8x5,RTLLM,Prob015_multi_pipe_8bit,sequential,5,a7e09c7a-e9d3-49b5-a7f0-0dad36c3d7bb,M-R,generation_log,-0.386912087884,-0.386912087884,1196,0.206,0.53,980,0.0898,0.82,-0.220408163265,-1.29398663697,0.353658536585,,
classic_revolution_8x5,RTLLM,Prob015_multi_pipe_8bit,sequential,5,5b9509ea-dd8d-4e47-9661-97454af06d38,M-S,generation_log,0.0527945329906,0.0527945329906,600,0.0874,1.03,980,0.0898,0.82,0.387755102041,0.0267260579065,-0.256097560976,,
classic_revolution_8x5,RTLLM,Prob019_sub_64bit,combinational,0,705ef811-aeff-45b4-a2bb-01fab5335afe,initial,generation_log,0.318477049232,0.477715573847,642,0.000443,0,621,0.0412,0,-0.0338164251208,0.989247572816,0,,
classic_revolution_8x5,RTLLM,Prob019_sub_64bit,combinational,0,db60e964-018f-4bc8-949a-3c44f65f6b63,initial,generation_log,0.318477049232,0.477715573847,642,0.000443,0,621,0.0412,0,-0.0338164251208,0.989247572816,0,,
classic_revolution_8x5,RTLLM,Prob019_sub_64bit,combinational,0,539151ad-c853-46b2-ab57-b2d7a1395c50,initial,generation_log,0.318477049232,0.477715573847,642,0.000443,0,621,0.0412,0,-0.0338164251208,0.989247572816,0,,
classic_revolution_8x5,RTLLM,Prob019_sub_64bit,combinational,0,2f7d27d6-9436-4b46-a42c-d2e6c9969524,initial,generation_log,0.318477049232,0.477715573847,642,0.000443,0,621,0.0412,0,-0.0338164251208,0.989247572816,0,,
classic_revolution_8x5,RTLLM,Prob019_sub_64bit,combinational,0,fe9f24f3-d133-4ce4-81c5-15032d13537f,initial,generation_log,0.319574858382,0.479362287573,640,0.00044,0,621,0.0412,0,-0.0305958132045,0.98932038835,0,,
classic_revolution_8x5,RTLLM,Prob019_sub_64bit,combinational,0,27d3f321-492e-479e-b418-1012b2852c34,initial,generation_log,0.318477049232,0.477715573847,642,0.000443,0,621,0.0412,0,-0.0338164251208,0.989247572816,0,,
classic_revolution_8x5,RTLLM,Prob019_sub_64bit,combinational,0,bf25a27c-c31f-412c-a0e3-e5b4b21f9477,initial,generation_log,0.329886731392,0.494830097087,621,0.000426,0,621,0.0412,0,0,0.989660194175,0,,
classic_revolution_8x5,RTLLM,Prob019_sub_64bit,combinational,0,967d3a3c-1438-4725-bea2-2a4ecabccc17,initial,generation_log,0.318477049232,0.477715573847,642,0.000443,0,621,0.0412,0,-0.0338164251208,0.989247572816,0,,
classic_revolution_8x5,RTLLM,Prob019_sub_64bit,combinational,1,2a9e333a-1d67-41a3-a41e-7121970c2673,M-I,generation_log,0.318477049232,0.477715573847,642,0.000443,0,621,0.0412,0,-0.0338164251208,0.989247572816,0,,
classic_revolution_8x5,RTLLM,Prob019_sub_64bit,combinational,1,b4e524ea-12ea-4563-928c-f9812475d980,M-R,generation_log,0.318477049232,0.477715573847,642,0.000443,0,621,0.0412,0,-0.0338164251208,0.989247572816,0,,
classic_revolution_8x5,RTLLM,Prob019_sub_64bit,combinational,1,ee544ead-49ae-480f-9cf7-8bed3fd628b9,M-S,generation_log,0.318477049232,0.477715573847,642,0.000443,0,621,0.0412,0,-0.0338164251208,0.989247572816,0,,
classic_revolution_8x5,RTLLM,Prob019_sub_64bit,combinational,1,b55743e3-75eb-4ee4-aa09-91d4a3f16b28,C-F,generation_log,0.318477049232,0.477715573847,642,0.000443,0,621,0.0412,0,-0.0338164251208,0.989247572816,0,,
classic_revolution_8x5,RTLLM,Prob019_sub_64bit,combinational,1,e801f536-f2e8-4a61-b4e0-ba8f59527a4f,C-F,generation_log,0.318477049232,0.477715573847,642,0.000443,0,621,0.0412,0,-0.0338164251208,0.989247572816,0,,
classic_revolution_8x5,RTLLM,Prob019_sub_64bit,combinational,1,ec99b5af-ab1a-4007-903a-a37528d9cc2c,M-R,generation_log,0.329886731392,0.494830097087,621,0.000426,0,621,0.0412,0,0,0.989660194175,0,,
classic_revolution_8x5,RTLLM,Prob019_sub_64bit,combinational,1,7cd9616e-fbbb-4b8c-8c46-2b79f081976e,M-I,generation_log,0.321697661148,0.482546491722,636,0.000443,0,621,0.0412,0,-0.024154589372,0.989247572816,0,,
classic_revolution_8x5,RTLLM,Prob019_sub_64bit,combinational,2,ce99487f-7c51-4c7e-9b77-c09581c04fbd,M-S,generation_log,0.318477049232,0.477715573847,642,0.000443,0,621,0.0412,0,-0.0338164251208,0.989247572816,0,,
classic_revolution_8x5,RTLLM,Prob019_sub_64bit,combinational,2,351cae73-8375-49f7-9c68-36632c266d5d,M-S,generation_log,0.318477049232,0.477715573847,642,0.000443,0,621,0.0412,0,-0.0338164251208,0.989247572816,0,,
classic_revolution_8x5,RTLLM,Prob019_sub_64bit,combinational,2,17de5311-e80e-47b5-9f94-7872ac08b409,M-E,generation_log,0.453809989108,0.680714983662,392,0.000302,0,621,0.0412,0,0.368760064412,0.992669902913,0,,
classic_revolution_8x5,RTLLM,Prob019_sub_64bit,combinational,2,6251897b-75b0-4162-bd5c-a6c6fb6be170,M-E,generation_log,0.297710460214,0.446565690321,679,0.000555,0,621,0.0412,0,-0.0933977455717,0.986529126214,0,,
classic_revolution_8x5,RTLLM,Prob019_sub_64bit,combinational,2,d460616e-9812-499a-9ca6-c5573d55897d,M-R,generation_log,0.318477049232,0.477715573847,642,0.000443,0,621,0.0412,0,-0.0338164251208,0.989247572816,0,,
classic_revolution_8x5,RTLLM,Prob019_sub_64bit,combinational,2,f6380adc-4212-409f-bb33-d42a247b22e6,C-F,generation_log,0.318477049232,0.477715573847,642,0.000443,0,621,0.0412,0,-0.0338164251208,0.989247572816,0,,
classic_revolution_8x5,RTLLM,Prob019_sub_64bit,combinational,2,fddc8429-aaff-45d6-bd44-de12e601c8a5,M-S,generation_log,0.320119717649,0.480179576474,639,0.000439,0,621,0.0412,0,-0.0289855072464,0.989344660194,0,,
classic_revolution_8x5,RTLLM,Prob019_sub_64bit,combinational,2,e6bf0ba8-3203-4f7a-93f9-86bdf9714e45,M-R,generation_log,0.318477049232,0.477715573847,642,0.000443,0,621,0.0412,0,-0.0338164251208,0.989247572816,0,,
classic_revolution_8x5,RTLLM,Prob019_sub_64bit,combinational,3,ea3dcbbe-938f-46c1-b0ac-c397b9fb1862,M-I,generation_log,0.320119717649,0.480179576474,639,0.000439,0,621,0.0412,0,-0.0289855072464,0.989344660194,0,,
classic_revolution_8x5,RTLLM,Prob019_sub_64bit,combinational,3,b88f87df-c80e-4d18-9140-b28b8d00add1,M-E,generation_log,0.318477049232,0.477715573847,642,0.000443,0,621,0.0412,0,-0.0338164251208,0.989247572816,0,,
classic_revolution_8x5,RTLLM,Prob019_sub_64bit,combinational,3,2563311d-5ac2-48a9-a304-9b924b552c87,M-I,generation_log,0.318477049232,0.477715573847,642,0.000443,0,621,0.0412,0,-0.0338164251208,0.989247572816,0,,
classic_revolution_8x5,RTLLM,Prob019_sub_64bit,combinational,3,b282b50c-1eef-4603-8b99-06d1eaed8dd9,C-F,generation_log,0.318477049232,0.477715573847,642,0.000443,0,621,0.0412,0,-0.0338164251208,0.989247572816,0,,
classic_revolution_8x5,RTLLM,Prob019_sub_64bit,combinational,3,36f2fb73-3cc8-4c85-bf63-cad5d6436171,M-I,generation_log,0.318477049232,0.477715573847,642,0.000443,0,621,0.0412,0,-0.0338164251208,0.989247572816,0,,
classic_revolution_8x5,RTLLM,Prob019_sub_64bit,combinational,3,c0ce0dff-d200-4916-818a-c9755e8f721a,C-F,generation_log,0.318477049232,0.477715573847,642,0.000443,0,621,0.0412,0,-0.0338164251208,0.989247572816,0,,
classic_revolution_8x5,RTLLM,Prob019_sub_64bit,combinational,3,d9d0270c-686e-4a59-b1cd-565fc82da35e,C-F,generation_log,0.318477049232,0.477715573847,642,0.000443,0,621,0.0412,0,-0.0338164251208,0.989247572816,0,,
classic_revolution_8x5,RTLLM,Prob019_sub_64bit,combinational,4,14f81b5d-8605-4d8b-8163-5e0d8abf4eb0,C-F,generation_log,0.318477049232,0.477715573847,642,0.000443,0,621,0.0412,0,-0.0338164251208,0.989247572816,0,,
classic_revolution_8x5,RTLLM,Prob019_sub_64bit,combinational,4,b247a206-554b-4643-b276-96535fe1efbf,M-S,generation_log,0.318477049232,0.477715573847,642,0.000443,0,621,0.0412,0,-0.0338164251208,0.989247572816,0,,
classic_revolution_8x5,RTLLM,Prob019_sub_64bit,combinational,4,b24a3782-3337-41f6-bb14-eb04eb113478,M-S,generation_log,0.318477049232,0.477715573847,642,0.000443,0,621,0.0412,0,-0.0338164251208,0.989247572816,0,,
classic_revolution_8x5,RTLLM,Prob019_sub_64bit,combinational,4,c2758775-23da-4730-9281-52616decfc75,C-F,generation_log,0.318477049232,0.477715573847,642,0.000443,0,621,0.0412,0,-0.0338164251208,0.989247572816,0,,
classic_revolution_8x5,RTLLM,Prob019_sub_64bit,combinational,4,31c09063-8caa-4d94-82c4-f21edfbff65b,M-R,generation_log,0.318477049232,0.477715573847,642,0.000443,0,621,0.0412,0,-0.0338164251208,0.989247572816,0,,
classic_revolution_8x5,RTLLM,Prob019_sub_64bit,combinational,4,ccc9acd3-26de-4e3d-b850-19a4f116fd95,M-E,generation_log,0.314021087712,0.471031631568,650,0.000463,0,621,0.0412,0,-0.0466988727858,0.988762135922,0,,
classic_revolution_8x5,RTLLM,Prob019_sub_64bit,combinational,4,63459c21-107b-48c4-b5c5-ebc9d3f211ff,M-I,generation_log,0.320119717649,0.480179576474,639,0.000439,0,621,0.0412,0,-0.0289855072464,0.989344660194,0,,
classic_revolution_8x5,RTLLM,Prob019_sub_64bit,combinational,4,99daf7ed-d65f-4275-ac8e-6dcda67f0bf6,M-I,generation_log,0.318477049232,0.477715573847,642,0.000443,0,621,0.0412,0,-0.0338164251208,0.989247572816,0,,
classic_revolution_8x5,RTLLM,Prob019_sub_64bit,combinational,5,d39700fd-bb49-4be3-b707-870a6fd89f60,M-S,generation_log,0.318477049232,0.477715573847,642,0.000443,0,621,0.0412,0,-0.0338164251208,0.989247572816,0,,
classic_revolution_8x5,RTLLM,Prob019_sub_64bit,combinational,5,84ddc316-8449-47f7-9bca-28540e08ad3b,M-I,generation_log,0.318477049232,0.477715573847,642,0.000443,0,621,0.0412,0,-0.0338164251208,0.989247572816,0,,
classic_revolution_8x5,RTLLM,Prob019_sub_64bit,combinational,5,9157bd49-b567-4554-bade-364242bfee9e,M-R,generation_log,0.318477049232,0.477715573847,642,0.000443,0,621,0.0412,0,-0.0338164251208,0.989247572816,0,,
classic_revolution_8x5,RTLLM,Prob019_sub_64bit,combinational,5,a49cc5f9-643e-4e60-a89a-fa7c0ef369fa,M-S,generation_log,0.318477049232,0.477715573847,642,0.000443,0,621,0.0412,0,-0.0338164251208,0.989247572816,0,,
classic_revolution_8x5,RTLLM,Prob019_sub_64bit,combinational,5,fa4f9882-5b1f-43d3-a375-9c8519854891,M-R,generation_log,0.318477049232,0.477715573847,642,0.000443,0,621,0.0412,0,-0.0338164251208,0.989247572816,0,,
classic_revolution_8x5,RTLLM,Prob019_sub_64bit,combinational,5,c9fde954-b5ae-406c-acd0-e58376d1686d,M-S,generation_log,0.318477049232,0.477715573847,642,0.000443,0,621,0.0412,0,-0.0338164251208,0.989247572816,0,,
classic_revolution_8x5,RTLLM,Prob019_sub_64bit,combinational,5,90964824-d8f5-4567-b228-c4146d90c6ea,M-R,generation_log,0.318477049232,0.477715573847,642,0.000443,0,621,0.0412,0,-0.0338164251208,0.989247572816,0,,
classic_revolution_8x5,RTLLM,Prob020_JC_counter,sequential,0,465fee53-e186-4012-93a4-e1d80e0db81d,initial,generation_log,-0,0,340,0.0351,0.13,340,0.0351,0.13,0,0,0,,
classic_revolution_8x5,RTLLM,Prob020_JC_counter,sequential,0,28140f15-993c-40e0-9998-25e796a0d6fd,initial,generation_log,-0,0,340,0.0351,0.13,340,0.0351,0.13,0,0,0,,
classic_revolution_8x5,RTLLM,Prob020_JC_counter,sequential,0,d2524304-c414-4ffd-840f-3b49238d2fde,initial,generation_log,-0,0,340,0.0351,0.13,340,0.0351,0.13,0,0,0,,
classic_revolution_8x5,RTLLM,Prob020_JC_counter,sequential,0,b2d117e8-0d7a-4847-85e3-899586107e4f,initial,generation_log,-0,0,340,0.0351,0.13,340,0.0351,0.13,0,0,0,,
classic_revolution_8x5,RTLLM,Prob020_JC_counter,sequential,0,95caaedc-8130-48e6-8975-8526cde3775d,initial,generation_log,-0,0,340,0.0351,0.13,340,0.0351,0.13,0,0,0,,
classic_revolution_8x5,RTLLM,Prob020_JC_counter,sequential,0,2e96afdd-a8dd-48f5-a564-8a8c1e237218,initial,generation_log,-0,0,340,0.0351,0.13,340,0.0351,0.13,0,0,0,,
classic_revolution_8x5,RTLLM,Prob020_JC_counter,sequential,0,b62b47cd-6570-4a63-87b4-01e32428e098,initial,generation_log,-0,0,340,0.0351,0.13,340,0.0351,0.13,0,0,0,,
classic_revolution_8x5,RTLLM,Prob020_JC_counter,sequential,0,33fa0694-ee6c-4c29-9063-81f4633dd1c5,initial,generation_log,-0,0,340,0.0351,0.13,340,0.0351,0.13,0,0,0,,
classic_revolution_8x5,RTLLM,Prob020_JC_counter,sequential,1,dde2437c-55a8-4043-a401-804970cd0972,M-R,generation_log,-0.284850008379,-0.284850008379,462,0.0471,0.15,340,0.0351,0.13,-0.358823529412,-0.34188034188,-0.153846153846,,
classic_revolution_8x5,RTLLM,Prob020_JC_counter,sequential,1,a8e5bd64-8f14-4ada-89ed-d20df6ce00bb,M-S,generation_log,-0,0,340,0.0351,0.13,340,0.0351,0.13,0,0,0,,
classic_revolution_8x5,RTLLM,Prob020_JC_counter,sequential,1,0a1432f1-5f44-474c-9b08-8c75fab34f8d,M-E,generation_log,-0.335768951455,-0.335768951455,512,0.0473,0.15,340,0.0351,0.13,-0.505882352941,-0.347578347578,-0.153846153846,,
classic_revolution_8x5,RTLLM,Prob020_JC_counter,sequential,1,4c753981-edac-4539-acf8-8f7d28e4d131,C-F,generation_log,-0.335768951455,-0.335768951455,512,0.0473,0.15,340,0.0351,0.13,-0.505882352941,-0.347578347578,-0.153846153846,,
classic_revolution_8x5,RTLLM,Prob020_JC_counter,sequential,1,492be737-d82f-4f0e-90d2-8920d7d34225,C-F,generation_log,-0.284850008379,-0.284850008379,462,0.0471,0.15,340,0.0351,0.13,-0.358823529412,-0.34188034188,-0.153846153846,,
classic_revolution_8x5,RTLLM,Prob020_JC_counter,sequential,1,d20884b4-4ede-4598-8a11-0646b32c0b53,M-I,generation_log,-0,0,340,0.0351,0.13,340,0.0351,0.13,0,0,0,,
classic_revolution_8x5,RTLLM,Prob020_JC_counter,sequential,1,c2495297-adef-4bc9-9604-b6a88ede42a9,M-R,generation_log,-0,0,340,0.0351,0.13,340,0.0351,0.13,0,0,0,,
classic_revolution_8x5,RTLLM,Prob020_JC_counter,sequential,2,bb6f5f99-6e58-4384-ab99-b840438a3592,M-S,generation_log,-0,0,340,0.0351,0.13,340,0.0351,0.13,0,0,0,,
classic_revolution_8x5,RTLLM,Prob020_JC_counter,sequential,2,36e7dd4b-2210-4d74-a06f-aedc518b7ca6,C-F,generation_log,-0,0,340,0.0351,0.13,340,0.0351,0.13,0,0,0,,
classic_revolution_8x5,RTLLM,Prob020_JC_counter,sequential,2,fc2cb418-1053-425f-b5f0-49feceb6e173,M-R,generation_log,-0.05,-0.05,391,0.0351,0.13,340,0.0351,0.13,-0.15,0,0,,
classic_revolution_8x5,RTLLM,Prob020_JC_counter,sequential,2,28d42bf1-9a18-41dc-87e1-af8e3f565572,M-R,generation_log,-0.284850008379,-0.284850008379,462,0.0471,0.15,340,0.0351,0.13,-0.358823529412,-0.34188034188,-0.153846153846,,
classic_revolution_8x5,RTLLM,Prob020_JC_counter,sequential,2,755450c2-f6c8-447f-bf67-26f7d42cd099,M-S,generation_log,-0.284850008379,-0.284850008379,462,0.0471,0.15,340,0.0351,0.13,-0.358823529412,-0.34188034188,-0.153846153846,,
classic_revolution_8x5,RTLLM,Prob020_JC_counter,sequential,2,95392af8-de2f-46a2-8e6d-e6e2004c1f56,M-E,generation_log,-0.284850008379,-0.284850008379,462,0.0471,0.15,340,0.0351,0.13,-0.358823529412,-0.34188034188,-0.153846153846,,
classic_revolution_8x5,RTLLM,Prob020_JC_counter,sequential,2,1739876a-d612-4567-9dc6-5de58d8c867f,M-E,generation_log,-0.661312217195,-0.661312217195,413,0.0351,0.36,340,0.0351,0.13,-0.214705882353,0,-1.76923076923,,
classic_revolution_8x5,RTLLM,Prob020_JC_counter,sequential,3,8b3a6619-a35e-4fa6-945b-bd5369283b88,M-R,generation_log,-0.284850008379,-0.284850008379,462,0.0471,0.15,340,0.0351,0.13,-0.358823529412,-0.34188034188,-0.153846153846,,
classic_revolution_8x5,RTLLM,Prob020_JC_counter,sequential,3,c9ec9f93-645b-4399-82b8-e8b9d3b68b12,M-I,generation_log,-0.0509803921569,-0.0509803921569,392,0.0351,0.13,340,0.0351,0.13,-0.152941176471,0,0,,
classic_revolution_8x5,RTLLM,Prob020_JC_counter,sequential,3,53a08160-9b07-4756-909b-b339b6a5c5ed,M-S,generation_log,-0,0,340,0.0351,0.13,340,0.0351,0.13,0,0,0,,
classic_revolution_8x5,RTLLM,Prob020_JC_counter,sequential,3,9eb9074d-bf8d-43b8-9c73-08bc1c1c1d79,M-R,generation_log,-0,0,340,0.0351,0.13,340,0.0351,0.13,0,0,0,,
classic_revolution_8x5,RTLLM,Prob020_JC_counter,sequential,3,a7c1aaac-39c9-4011-b097-0d8ffd968a28,M-I,generation_log,-0,0,340,0.0351,0.13,340,0.0351,0.13,0,0,0,,
classic_revolution_8x5,RTLLM,Prob020_JC_counter,sequential,3,05eac82b-3f38-4e93-a0e2-d4c389010b93,M-I,generation_log,-0.284850008379,-0.284850008379,462,0.0471,0.15,340,0.0351,0.13,-0.358823529412,-0.34188034188,-0.153846153846,,
classic_revolution_8x5,RTLLM,Prob020_JC_counter,sequential,3,b6314e79-59d0-45ca-9ab6-4abbe6704c9e,M-I,generation_log,-0,0,340,0.0351,0.13,340,0.0351,0.13,0,0,0,,
classic_revolution_8x5,RTLLM,Prob020_JC_counter,sequential,4,62c92700-73df-49fa-86e6-345486ea6034,M-S,generation_log,-0.284850008379,-0.284850008379,462,0.0471,0.15,340,0.0351,0.13,-0.358823529412,-0.34188034188,-0.153846153846,,
classic_revolution_8x5,RTLLM,Prob020_JC_counter,sequential,4,05d39569-f7b5-401e-9253-24edbbbb7546,M-I,generation_log,-0,0,340,0.0351,0.13,340,0.0351,0.13,0,0,0,,
classic_revolution_8x5,RTLLM,Prob020_JC_counter,sequential,4,2ad3c3dc-d705-43ba-b234-506dec23602a,C-F,generation_log,-0,0,340,0.0351,0.13,340,0.0351,0.13,0,0,0,,
classic_revolution_8x5,RTLLM,Prob020_JC_counter,sequential,4,4b9d81af-18a5-499a-b98b-410316e00798,M-I,generation_log,-0.284850008379,-0.284850008379,462,0.0471,0.15,340,0.0351,0.13,-0.358823529412,-0.34188034188,-0.153846153846,,
classic_revolution_8x5,RTLLM,Prob020_JC_counter,sequential,4,578fa86b-042d-46ab-a108-0d243be8b3ba,C-F,generation_log,-0,0,340,0.0351,0.13,340,0.0351,0.13,0,0,0,,
classic_revolution_8x5,RTLLM,Prob020_JC_counter,sequential,4,3334a9d8-f2f8-4bdd-8035-cc900bfde47d,M-I,generation_log,-0,0,340,0.0351,0.13,340,0.0351,0.13,0,0,0,,
classic_revolution_8x5,RTLLM,Prob020_JC_counter,sequential,4,4155f11c-770e-4e24-b3e2-7d5aac114927,M-E,generation_log,-0.05,-0.05,391,0.0351,0.13,340,0.0351,0.13,-0.15,0,0,,
classic_revolution_8x5,RTLLM,Prob020_JC_counter,sequential,5,91b7724d-00c9-475c-aec1-03c6ff21a7bf,C-F,generation_log,-0,0,340,0.0351,0.13,340,0.0351,0.13,0,0,0,,
classic_revolution_8x5,RTLLM,Prob020_JC_counter,sequential,5,cefd2030-2a7d-41da-8b35-788169ba1d61,M-R,generation_log,-0,0,340,0.0351,0.13,340,0.0351,0.13,0,0,0,,
classic_revolution_8x5,RTLLM,Prob020_JC_counter,sequential,5,33705881-0e08-41ee-a955-d4cedd79da12,C-F,generation_log,-0,0,340,0.0351,0.13,340,0.0351,0.13,0,0,0,,
classic_revolution_8x5,RTLLM,Prob020_JC_counter,sequential,5,239dc58a-c96a-44da-bdd1-e1d02fe97ec8,C-F,generation_log,-0,0,340,0.0351,0.13,340,0.0351,0.13,0,0,0,,
classic_revolution_8x5,RTLLM,Prob020_JC_counter,sequential,5,14707841-9f3f-440f-bbf0-4a526bd9381a,M-R,generation_log,-0,0,340,0.0351,0.13,340,0.0351,0.13,0,0,0,,
classic_revolution_8x5,RTLLM,Prob020_JC_counter,sequential,5,fc6b07e8-ade0-41a7-b503-0f04be815982,M-I,generation_log,-0,0,340,0.0351,0.13,340,0.0351,0.13,0,0,0,,
classic_revolution_8x5,RTLLM,Prob020_JC_counter,sequential,5,3b5ae149-f092-4472-931c-7564ccab3670,C-F,generation_log,-0,0,340,0.0351,0.13,340,0.0351,0.13,0,0,0,,
classic_revolution_8x5,RTLLM,Prob021_counter_12,sequential,0,0e65dfb9-41ed-4405-a33b-5cf6b9e084f4,initial,generation_log,-0,0,44,0.00963,0.28,44,0.00963,0.28,0,0,0,,
classic_revolution_8x5,RTLLM,Prob021_counter_12,sequential,0,2df27d75-bc7c-41b4-b81b-0d43714a8749,initial,generation_log,-0,0,44,0.00963,0.28,44,0.00963,0.28,0,0,0,,
classic_revolution_8x5,RTLLM,Prob021_counter_12,sequential,0,9d799690-0e6f-4196-8e3b-aad416f5e42c,initial,generation_log,-0,0,44,0.00963,0.28,44,0.00963,0.28,0,0,0,,
classic_revolution_8x5,RTLLM,Prob021_counter_12,sequential,0,3f0e2325-3224-439b-915f-0a8640f5b1dc,initial,generation_log,-0,0,44,0.00963,0.28,44,0.00963,0.28,0,0,0,,
classic_revolution_8x5,RTLLM,Prob021_counter_12,sequential,0,45f1a13b-4851-4e7e-9774-bbbe5d710b8f,initial,generation_log,-0,0,44,0.00963,0.28,44,0.00963,0.28,0,0,0,,
classic_revolution_8x5,RTLLM,Prob021_counter_12,sequential,0,491ec1b7-336b-4bc7-afae-ae927dfd7010,initial,generation_log,-0,0,44,0.00963,0.28,44,0.00963,0.28,0,0,0,,
classic_revolution_8x5,RTLLM,Prob021_counter_12,sequential,0,07ef7244-3639-4916-ae71-a5a00e0468cd,initial,generation_log,-0,0,44,0.00963,0.28,44,0.00963,0.28,0,0,0,,
classic_revolution_8x5,RTLLM,Prob021_counter_12,sequential,0,ac574045-6176-4aa3-834b-4a2e6e32a90c,initial,generation_log,-0,0,44,0.00963,0.28,44,0.00963,0.28,0,0,0,,
classic_revolution_8x5,RTLLM,Prob021_counter_12,sequential,1,2c6b163a-2a8d-4e45-850f-f75d722e77b9,C-F,generation_log,0.148993270489,0.148993270489,46,0.0042,0.3,44,0.00963,0.28,-0.0454545454545,0.563862928349,-0.0714285714286,,
classic_revolution_8x5,RTLLM,Prob021_counter_12,sequential,1,1f26f77c-235e-48be-9a07-3c191d9eabae,M-S,generation_log,0.148993270489,0.148993270489,46,0.0042,0.3,44,0.00963,0.28,-0.0454545454545,0.563862928349,-0.0714285714286,,
classic_revolution_8x5,RTLLM,Prob021_counter_12,sequential,1,42691d14-61ed-47be-b53a-0769e6daf998,M-R,generation_log,0.148993270489,0.148993270489,46,0.0042,0.3,44,0.00963,0.28,-0.0454545454545,0.563862928349,-0.0714285714286,,
classic_revolution_8x5,RTLLM,Prob021_counter_12,sequential,1,46976702-a910-45a0-a93d-8352bb678c54,M-I,generation_log,0.148993270489,0.148993270489,46,0.0042,0.3,44,0.00963,0.28,-0.0454545454545,0.563862928349,-0.0714285714286,,
classic_revolution_8x5,RTLLM,Prob021_counter_12,sequential,1,93fc6386-1e02-4dd9-aff6-c199c53beeba,M-E,generation_log,0.148993270489,0.148993270489,46,0.0042,0.3,44,0.00963,0.28,-0.0454545454545,0.563862928349,-0.0714285714286,,
classic_revolution_8x5,RTLLM,Prob021_counter_12,sequential,1,c7e4a42c-d254-47b1-92f9-8ec93a1f8078,M-R,generation_log,0.148993270489,0.148993270489,46,0.0042,0.3,44,0.00963,0.28,-0.0454545454545,0.563862928349,-0.0714285714286,,
classic_revolution_8x5,RTLLM,Prob021_counter_12,sequential,1,3203cac7-100c-436c-85e8-60afb4c1d5c1,C-F,generation_log,0.148993270489,0.148993270489,46,0.0042,0.3,44,0.00963,0.28,-0.0454545454545,0.563862928349,-0.0714285714286,,
classic_revolution_8x5,RTLLM,Prob021_counter_12,sequential,2,6254627d-4633-41b1-9631-7f6ba6c864d5,M-I,generation_log,0.148993270489,0.148993270489,46,0.0042,0.3,44,0.00963,0.28,-0.0454545454545,0.563862928349,-0.0714285714286,,
classic_revolution_8x5,RTLLM,Prob021_counter_12,sequential,2,74c8aeff-a140-4570-8a7a-ced6b9f2c354,C-F,generation_log,0.148993270489,0.148993270489,46,0.0042,0.3,44,0.00963,0.28,-0.0454545454545,0.563862928349,-0.0714285714286,,
classic_revolution_8x5,RTLLM,Prob021_counter_12,sequential,2,575050f5-11d4-480e-b233-c4e3f16681ef,M-S,generation_log,0.148993270489,0.148993270489,46,0.0042,0.3,44,0.00963,0.28,-0.0454545454545,0.563862928349,-0.0714285714286,,
classic_revolution_8x5,RTLLM,Prob021_counter_12,sequential,2,d0c28482-6392-4112-a6fd-cc70515907b6,M-I,generation_log,0.330556342239,0.330556342239,35,0.00205,0.28,44,0.00963,0.28,0.204545454545,0.78712357217,0,,
classic_revolution_8x5,RTLLM,Prob021_counter_12,sequential,2,6e2d565c-8a15-4abf-a97e-adac137dbd51,M-I,generation_log,0.148993270489,0.148993270489,46,0.0042,0.3,44,0.00963,0.28,-0.0454545454545,0.563862928349,-0.0714285714286,,
classic_revolution_8x5,RTLLM,Prob021_counter_12,sequential,2,f84ec759-db0b-4991-acc3-8686a6d89899,M-R,generation_log,0.148993270489,0.148993270489,46,0.0042,0.3,44,0.00963,0.28,-0.0454545454545,0.563862928349,-0.0714285714286,,
classic_revolution_8x5,RTLLM,Prob021_counter_12,sequential,2,813d0106-7404-4976-8110-701d85b14f7c,M-E,generation_log,-0.769778335199,-0.769778335199,149,0.00992,0.25,44,0.00963,0.28,-2.38636363636,-0.0301142263759,0.107142857143,,
classic_revolution_8x5,RTLLM,Prob021_counter_12,sequential,2,e6cbddd1-1f89-48d2-93bb-d4d109c93514,M-I,generation_log,0.148993270489,0.148993270489,46,0.0042,0.3,44,0.00963,0.28,-0.0454545454545,0.563862928349,-0.0714285714286,,
classic_revolution_8x5,RTLLM,Prob021_counter_12,sequential,3,b91307b1-034d-4037-82a9-9ed5a495c499,M-S,generation_log,0.148993270489,0.148993270489,46,0.0042,0.3,44,0.00963,0.28,-0.0454545454545,0.563862928349,-0.0714285714286,,
classic_revolution_8x5,RTLLM,Prob021_counter_12,sequential,3,47c4b5ac-0e00-4e08-b646-f8b6a054bcbf,M-S,generation_log,-0,0,44,0.00963,0.28,44,0.00963,0.28,0,0,0,,
classic_revolution_8x5,RTLLM,Prob021_counter_12,sequential,3,9f4564dd-03b8-43bf-bd50-b970ba663800,M-S,generation_log,0.148993270489,0.148993270489,46,0.0042,0.3,44,0.00963,0.28,-0.0454545454545,0.563862928349,-0.0714285714286,,
classic_revolution_8x5,RTLLM,Prob021_counter_12,sequential,3,7a1a2c6b-01e6-4666-8033-4fbf76d042e9,M-I,generation_log,0.184391759158,0.184391759158,43,0.00349,0.31,44,0.00963,0.28,0.0227272727273,0.63759086189,-0.107142857143,,
classic_revolution_8x5,RTLLM,Prob021_counter_12,sequential,3,e71bbe6a-048f-429c-bc4c-e70d225e760e,M-I,generation_log,0.148993270489,0.148993270489,46,0.0042,0.3,44,0.00963,0.28,-0.0454545454545,0.563862928349,-0.0714285714286,,
classic_revolution_8x5,RTLLM,Prob021_counter_12,sequential,3,20881895-7797-4997-bada-d442c1a8ae26,C-F,generation_log,-0,0,44,0.00963,0.28,44,0.00963,0.28,0,0,0,,
classic_revolution_8x5,RTLLM,Prob021_counter_12,sequential,3,f11f8071-bdce-46a2-a779-07bf211abfc8,M-R,generation_log,0.148993270489,0.148993270489,46,0.0042,0.3,44,0.00963,0.28,-0.0454545454545,0.563862928349,-0.0714285714286,,
classic_revolution_8x5,RTLLM,Prob021_counter_12,sequential,3,aa83de3d-19da-4e7a-868f-60d972a07288,M-R,generation_log,0.148993270489,0.148993270489,46,0.0042,0.3,44,0.00963,0.28,-0.0454545454545,0.563862928349,-0.0714285714286,,
classic_revolution_8x5,RTLLM,Prob021_counter_12,sequential,4,c3cbc660-9150-45c4-985d-e4c5623c9986,M-R,generation_log,-0,0,44,0.00963,0.28,44,0.00963,0.28,0,0,0,,
classic_revolution_8x5,RTLLM,Prob021_counter_12,sequential,4,16fd6763-5261-49b0-87cb-fc522b27b5a2,M-E,generation_log,0.197212444876,0.197212444876,49,0.00387,0.25,44,0.00963,0.28,-0.113636363636,0.598130841121,0.107142857143,,
classic_revolution_8x5,RTLLM,Prob021_counter_12,sequential,4,adf993e7-bc7b-4efa-b61d-6da14a71e0b9,M-R,generation_log,-0,0,44,0.00963,0.28,44,0.00963,0.28,0,0,0,,
classic_revolution_8x5,RTLLM,Prob021_counter_12,sequential,4,4e19be11-cb30-416e-823c-811a33212ee4,C-F,generation_log,-0,0,44,0.00963,0.28,44,0.00963,0.28,0,0,0,,
classic_revolution_8x5,RTLLM,Prob021_counter_12,sequential,4,e1726dcb-2338-4c79-b5d8-c2a3817eddba,M-I,generation_log,-0,0,44,0.00963,0.28,44,0.00963,0.28,0,0,0,,
classic_revolution_8x5,RTLLM,Prob021_counter_12,sequential,4,3e234cdc-2966-472f-8173-e639db68ec3c,M-E,generation_log,-0.643571900581,-0.643571900581,144,0.0084,0.22,44,0.00963,0.28,-2.27272727273,0.127725856698,0.214285714286,,
classic_revolution_8x5,RTLLM,Prob021_counter_12,sequential,4,718b591e-026a-4fb6-a5a9-7648640fdb8d,M-I,generation_log,-0,0,44,0.00963,0.28,44,0.00963,0.28,0,0,0,,
classic_revolution_8x5,RTLLM,Prob021_counter_12,sequential,4,6d97a0a6-5c4c-4b3a-95cf-50efcebb072d,M-E,generation_log,-0.643571900581,-0.643571900581,144,0.0084,0.22,44,0.00963,0.28,-2.27272727273,0.127725856698,0.214285714286,,
classic_revolution_8x5,RTLLM,Prob021_counter_12,sequential,5,0070645c-0d90-4d31-a4ea-3c631d978ce5,M-R,generation_log,0.148993270489,0.148993270489,46,0.0042,0.3,44,0.00963,0.28,-0.0454545454545,0.563862928349,-0.0714285714286,,
classic_revolution_8x5,RTLLM,Prob021_counter_12,sequential,5,2cb2cec0-d2ff-4e57-b196-15e8fe7fd594,M-E,generation_log,-0.906308298832,-0.906308298832,159,0.0103,0.29,44,0.00963,0.28,-2.61363636364,-0.0695742471443,-0.0357142857143,,
classic_revolution_8x5,RTLLM,Prob021_counter_12,sequential,5,fc0fb6e9-759c-43c2-a483-cc188feefe78,M-S,generation_log,-0,0,44,0.00963,0.28,44,0.00963,0.28,0,0,0,,
classic_revolution_8x5,RTLLM,Prob021_counter_12,sequential,5,c17b156b-0f50-435a-8887-83c036ca58fe,M-S,generation_log,0.148993270489,0.148993270489,46,0.0042,0.3,44,0.00963,0.28,-0.0454545454545,0.563862928349,-0.0714285714286,,
classic_revolution_8x5,RTLLM,Prob021_counter_12,sequential,5,e33057ac-a6c7-4481-a2f4-9d13db6c071c,M-I,generation_log,0.0796853717414,0.0796853717414,49,0.00417,0.34,44,0.00963,0.28,-0.113636363636,0.566978193146,-0.214285714286,,
classic_revolution_8x5,RTLLM,Prob021_counter_12,sequential,5,68be8fa9-00b1-471e-b8a1-35df826a0c91,C-F,generation_log,0.148993270489,0.148993270489,46,0.0042,0.3,44,0.00963,0.28,-0.0454545454545,0.563862928349,-0.0714285714286,,
classic_revolution_8x5,RTLLM,Prob021_counter_12,sequential,5,a04d1b30-f01d-4548-ae68-7f7275a0ba33,M-S,generation_log,0.148993270489,0.148993270489,46,0.0042,0.3,44,0.00963,0.28,-0.0454545454545,0.563862928349,-0.0714285714286,,
classic_revolution_8x5,RTLLM,Prob021_counter_12,sequential,5,2037c62d-de81-4ee6-be3a-9a815b2239cb,M-R,generation_log,0.148993270489,0.148993270489,46,0.0042,0.3,44,0.00963,0.28,-0.0454545454545,0.563862928349,-0.0714285714286,,
classic_revolution_8x5,RTLLM,Prob023_up_down_counter,sequential,0,33bf5b5a-aec5-4451-9d75-768f61d1cb99,initial,generation_log,-0.048317271781,-0.048317271781,225,0.0437,0.57,259,0.0358,0.54,0.131274131274,-0.220670391061,-0.0555555555556,,
classic_revolution_8x5,RTLLM,Prob023_up_down_counter,sequential,0,56c2ad44-a69c-4a5b-8591-bd4fdbf8b505,initial,generation_log,-0.048317271781,-0.048317271781,225,0.0437,0.57,259,0.0358,0.54,0.131274131274,-0.220670391061,-0.0555555555556,,
classic_revolution_8x5,RTLLM,Prob023_up_down_counter,sequential,0,1384a5e5-d3a5-4b21-9f97-11ae64ced97d,initial,generation_log,-0.048317271781,-0.048317271781,225,0.0437,0.57,259,0.0358,0.54,0.131274131274,-0.220670391061,-0.0555555555556,,
classic_revolution_8x5,RTLLM,Prob023_up_down_counter,sequential,0,7e11ab63-cd99-4a44-8a66-12d77ebe011e,initial,generation_log,-0.048317271781,-0.048317271781,225,0.0437,0.57,259,0.0358,0.54,0.131274131274,-0.220670391061,-0.0555555555556,,
classic_revolution_8x5,RTLLM,Prob023_up_down_counter,sequential,0,2950e9b9-de7d-4933-b951-b038a155e9ad,initial,generation_log,-0.048317271781,-0.048317271781,225,0.0437,0.57,259,0.0358,0.54,0.131274131274,-0.220670391061,-0.0555555555556,,
classic_revolution_8x5,RTLLM,Prob023_up_down_counter,sequential,0,f9d384a6-ef8c-47c3-a8c4-31ba27a21ffb,initial,generation_log,-0.048317271781,-0.048317271781,225,0.0437,0.57,259,0.0358,0.54,0.131274131274,-0.220670391061,-0.0555555555556,,
classic_revolution_8x5,RTLLM,Prob023_up_down_counter,sequential,0,e55a0362-460d-4228-9213-f69415f9e53c,initial,generation_log,-0.048317271781,-0.048317271781,225,0.0437,0.57,259,0.0358,0.54,0.131274131274,-0.220670391061,-0.0555555555556,,
classic_revolution_8x5,RTLLM,Prob023_up_down_counter,sequential,0,e9573b02-ed4c-4078-9af5-7419f53a6e05,initial,generation_log,-0.048317271781,-0.048317271781,225,0.0437,0.57,259,0.0358,0.54,0.131274131274,-0.220670391061,-0.0555555555556,,
classic_revolution_8x5,RTLLM,Prob023_up_down_counter,sequential,1,7892df45-62ec-4ec2-9b5c-78865eba2f0c,M-S,generation_log,-0.048317271781,-0.048317271781,225,0.0437,0.57,259,0.0358,0.54,0.131274131274,-0.220670391061,-0.0555555555556,,
classic_revolution_8x5,RTLLM,Prob023_up_down_counter,sequential,1,f7886c2d-1c8e-44bd-a481-010fb0c49caa,M-I,generation_log,-0.048317271781,-0.048317271781,225,0.0437,0.57,259,0.0358,0.54,0.131274131274,-0.220670391061,-0.0555555555556,,
classic_revolution_8x5,RTLLM,Prob023_up_down_counter,sequential,1,f6642685-4d71-4b8a-90c0-265fcad50f81,C-F,generation_log,-0.048317271781,-0.048317271781,225,0.0437,0.57,259,0.0358,0.54,0.131274131274,-0.220670391061,-0.0555555555556,,
classic_revolution_8x5,RTLLM,Prob023_up_down_counter,sequential,1,695be7bb-f634-47b7-ba84-672b5c3a2aaf,M-S,generation_log,-0.048317271781,-0.048317271781,225,0.0437,0.57,259,0.0358,0.54,0.131274131274,-0.220670391061,-0.0555555555556,,
classic_revolution_8x5,RTLLM,Prob023_up_down_counter,sequential,2,7a49ae63-1fbe-4765-b52b-c9a143b7333a,M-S,generation_log,-0.048317271781,-0.048317271781,225,0.0437,0.57,259,0.0358,0.54,0.131274131274,-0.220670391061,-0.0555555555556,,
classic_revolution_8x5,RTLLM,Prob023_up_down_counter,sequential,2,1d2ec9c6-6fe2-4aa9-9534-c867c5f478e0,M-E,generation_log,-0.0706251609417,-0.0706251609417,234,0.0422,0.61,259,0.0358,0.54,0.0965250965251,-0.178770949721,-0.12962962963,,
classic_revolution_8x5,RTLLM,Prob023_up_down_counter,sequential,2,4b99651f-95b3-4d97-98d9-d5d0ba2eed6d,M-I,generation_log,0.0336459098098,0.0336459098098,207,0.0407,0.52,259,0.0358,0.54,0.200772200772,-0.13687150838,0.037037037037,,
classic_revolution_8x5,RTLLM,Prob023_up_down_counter,sequential,2,93e09932-069f-4440-af87-3cfd311b3f69,M-I,generation_log,-0.048317271781,-0.048317271781,225,0.0437,0.57,259,0.0358,0.54,0.131274131274,-0.220670391061,-0.0555555555556,,
classic_revolution_8x5,RTLLM,Prob023_up_down_counter,sequential,2,b5880ba5-f8aa-42e9-a95b-cf028a22725a,M-I,generation_log,-0.048317271781,-0.048317271781,225,0.0437,0.57,259,0.0358,0.54,0.131274131274,-0.220670391061,-0.0555555555556,,
classic_revolution_8x5,RTLLM,Prob023_up_down_counter,sequential,2,13263d24-45e5-4a1e-b34b-50408ead68d7,M-R,generation_log,-0.048317271781,-0.048317271781,225,0.0437,0.57,259,0.0358,0.54,0.131274131274,-0.220670391061,-0.0555555555556,,
classic_revolution_8x5,RTLLM,Prob023_up_down_counter,sequential,3,f1e1279b-49e9-422f-a481-eae47b5fa480,C-F,generation_log,-0.048317271781,-0.048317271781,225,0.0437,0.57,259,0.0358,0.54,0.131274131274,-0.220670391061,-0.0555555555556,,
classic_revolution_8x5,RTLLM,Prob023_up_down_counter,sequential,3,4060ff35-3af4-4303-8139-203b8a225333,C-F,generation_log,-0.048317271781,-0.048317271781,225,0.0437,0.57,259,0.0358,0.54,0.131274131274,-0.220670391061,-0.0555555555556,,
classic_revolution_8x5,RTLLM,Prob023_up_down_counter,sequential,3,7347cf73-1622-4caf-9ef7-aa7de2402bb9,M-S,generation_log,-0.048317271781,-0.048317271781,225,0.0437,0.57,259,0.0358,0.54,0.131274131274,-0.220670391061,-0.0555555555556,,
classic_revolution_8x5,RTLLM,Prob023_up_down_counter,sequential,3,d7557da0-e186-47db-8ebf-bb688883af13,M-S,generation_log,-0.048317271781,-0.048317271781,225,0.0437,0.57,259,0.0358,0.54,0.131274131274,-0.220670391061,-0.0555555555556,,
classic_revolution_8x5,RTLLM,Prob023_up_down_counter,sequential,3,ad93c067-410a-4f70-91c4-573bd330cc9a,M-R,generation_log,-0.048317271781,-0.048317271781,225,0.0437,0.57,259,0.0358,0.54,0.131274131274,-0.220670391061,-0.0555555555556,,
classic_revolution_8x5,RTLLM,Prob023_up_down_counter,sequential,3,ddd7d068-ff7b-41f1-a82f-6cd0f3343d13,M-S,generation_log,-0.048317271781,-0.048317271781,225,0.0437,0.57,259,0.0358,0.54,0.131274131274,-0.220670391061,-0.0555555555556,,
classic_revolution_8x5,RTLLM,Prob023_up_down_counter,sequential,3,b2a9e879-7a73-4f5e-b225-49f9aab8748d,M-S,generation_log,-0.048317271781,-0.048317271781,225,0.0437,0.57,259,0.0358,0.54,0.131274131274,-0.220670391061,-0.0555555555556,,
classic_revolution_8x5,RTLLM,Prob023_up_down_counter,sequential,4,a16896e5-8c3a-4bd1-a9d9-5897651aaf70,M-R,generation_log,-0.048317271781,-0.048317271781,225,0.0437,0.57,259,0.0358,0.54,0.131274131274,-0.220670391061,-0.0555555555556,,
classic_revolution_8x5,RTLLM,Prob023_up_down_counter,sequential,4,8d4d4e8d-9c34-4087-a771-fc60febaa86c,M-R,generation_log,-0.048317271781,-0.048317271781,225,0.0437,0.57,259,0.0358,0.54,0.131274131274,-0.220670391061,-0.0555555555556,,
classic_revolution_8x5,RTLLM,Prob023_up_down_counter,sequential,4,82ab470b-005e-42fe-a895-2c7b5bc5534e,M-R,generation_log,-0.048317271781,-0.048317271781,225,0.0437,0.57,259,0.0358,0.54,0.131274131274,-0.220670391061,-0.0555555555556,,
classic_revolution_8x5,RTLLM,Prob023_up_down_counter,sequential,4,0de2864e-3dce-43c6-ad19-220e11fc8fa4,M-S,generation_log,-0.048317271781,-0.048317271781,225,0.0437,0.57,259,0.0358,0.54,0.131274131274,-0.220670391061,-0.0555555555556,,
classic_revolution_8x5,RTLLM,Prob023_up_down_counter,sequential,4,fb0fe25b-5f8e-4db2-8934-5577f3cab91e,M-S,generation_log,-0.048317271781,-0.048317271781,225,0.0437,0.57,259,0.0358,0.54,0.131274131274,-0.220670391061,-0.0555555555556,,
classic_revolution_8x5,RTLLM,Prob023_up_down_counter,sequential,4,f8217d54-d70a-41fc-bab5-5bd5c9c5c66c,M-R,generation_log,-0.048317271781,-0.048317271781,225,0.0437,0.57,259,0.0358,0.54,0.131274131274,-0.220670391061,-0.0555555555556,,
classic_revolution_8x5,RTLLM,Prob023_up_down_counter,sequential,5,c5b7ac93-9727-4c03-a70e-8723296224ce,C-F,generation_log,-0.048317271781,-0.048317271781,225,0.0437,0.57,259,0.0358,0.54,0.131274131274,-0.220670391061,-0.0555555555556,,
classic_revolution_8x5,RTLLM,Prob023_up_down_counter,sequential,5,537796f1-1820-4b88-8cdf-84c98567b451,M-I,generation_log,-0.048317271781,-0.048317271781,225,0.0437,0.57,259,0.0358,0.54,0.131274131274,-0.220670391061,-0.0555555555556,,
classic_revolution_8x5,RTLLM,Prob023_up_down_counter,sequential,5,87518e2d-bec4-4576-b652-e34e387f3806,C-F,generation_log,-0.048317271781,-0.048317271781,225,0.0437,0.57,259,0.0358,0.54,0.131274131274,-0.220670391061,-0.0555555555556,,
classic_revolution_8x5,RTLLM,Prob023_up_down_counter,sequential,5,8b711789-6717-42d8-8cef-fe2200cbe720,C-F,generation_log,-0.048317271781,-0.048317271781,225,0.0437,0.57,259,0.0358,0.54,0.131274131274,-0.220670391061,-0.0555555555556,,
classic_revolution_8x5,RTLLM,Prob023_up_down_counter,sequential,5,9c2295dc-f856-473b-8847-1e31f780ca47,C-F,generation_log,-0.048317271781,-0.048317271781,225,0.0437,0.57,259,0.0358,0.54,0.131274131274,-0.220670391061,-0.0555555555556,,
classic_revolution_8x5,RTLLM,Prob023_up_down_counter,sequential,5,a32bebdd-dfe2-47d0-a81c-c0e0422bf2cb,M-I,generation_log,-0.048317271781,-0.048317271781,225,0.0437,0.57,259,0.0358,0.54,0.131274131274,-0.220670391061,-0.0555555555556,,
classic_revolution_8x5,RTLLM,Prob024_fsm,combinational,0,86cbea11-b787-4820-82ed-33da135f235c,initial,generation_log,0.168958398499,-0.116562402252,37,0.00993,0.26,46,0.00695,0,0.195652173913,-0.428776978417,-260000000000,,
classic_revolution_8x5,RTLLM,Prob024_fsm,combinational,0,7f9c5fa0-0c33-4fde-a1d7-78e8ecd257a3,initial,generation_log,0.148762381399,-0.146856427901,38,0.0102,0.26,46,0.00695,0,0.173913043478,-0.467625899281,-260000000000,,
classic_revolution_8x5,RTLLM,Prob024_fsm,combinational,1,6428cf40-d395-4ee2-9c4e-29e56204adc5,M-I,generation_log,0.148762381399,-0.146856427901,38,0.0102,0.26,46,0.00695,0,0.173913043478,-0.467625899281,-260000000000,,
classic_revolution_8x5,RTLLM,Prob024_fsm,combinational,2,63e4fa4c-6558-4992-affb-e418ed721f24,M-I,generation_log,0.500233552289,0.340350328433,36,0.00373,0.18,46,0.00695,0,0.217391304348,0.463309352518,-180000000000,,
classic_revolution_8x5,RTLLM,Prob024_fsm,combinational,2,790f9f26-dae5-4e79-9c72-d7407ea2fc74,M-F,generation_log,0.500233552289,0.340350328433,36,0.00373,0.18,46,0.00695,0,0.217391304348,0.463309352518,-180000000000,,
classic_revolution_8x5,RTLLM,Prob024_fsm,combinational,2,f4496135-0741-4fd9-96f2-5b2d0d629617,M-I,generation_log,0.168958398499,-0.116562402252,37,0.00993,0.26,46,0.00695,0,0.195652173913,-0.428776978417,-260000000000,,
classic_revolution_8x5,RTLLM,Prob024_fsm,combinational,3,8218297b-2316-4010-8fce-50483a0d169c,M-I,generation_log,0.500233552289,0.340350328433,36,0.00373,0.18,46,0.00695,0,0.217391304348,0.463309352518,-180000000000,,
classic_revolution_8x5,RTLLM,Prob024_fsm,combinational,4,30fb1363-78cd-4c42-a130-2cdbe20a2dc2,M-S,generation_log,0.631618183714,0.522427275571,26,0.00271,0.15,46,0.00695,0,0.434782608696,0.610071942446,-150000000000,,
classic_revolution_8x5,RTLLM,Prob024_fsm,combinational,5,cd2a257e-1ff6-4b46-986d-e87535384c4a,M-S,generation_log,0.631618183714,0.522427275571,26,0.00271,0.15,46,0.00695,0,0.434782608696,0.610071942446,-150000000000,,
classic_revolution_8x5,RTLLM,Prob024_fsm,combinational,5,c64b7b9d-de02-407f-a663-8e93ff5e6b71,M-S,generation_log,0.265517672818,0.0282765092274,34,0.00837,0.26,46,0.00695,0,0.260869565217,-0.204316546763,-260000000000,,
classic_revolution_8x5,RTLLM,Prob024_fsm,combinational,5,3030556c-6e7e-438d-8c26-67552feeb21b,M-S,generation_log,0.631618183714,0.522427275571,26,0.00271,0.15,46,0.00695,0,0.434782608696,0.610071942446,-150000000000,,
classic_revolution_8x5,RTLLM,Prob025_sequence_detector,sequential,1,57194859-418b-42e9-b38b-d4216a22ab22,M-F,generation_log,-0.300913365889,-0.300913365889,38,0.00677,0.22,38,0.00388,0.19,0,-0.744845360825,-0.157894736842,,
classic_revolution_8x5,RTLLM,Prob025_sequence_detector,sequential,1,f731f9f5-72aa-4b87-9ca4-ddd6598726bc,M-I,generation_log,-0.300913365889,-0.300913365889,38,0.00677,0.22,38,0.00388,0.19,0,-0.744845360825,-0.157894736842,,
classic_revolution_8x5,RTLLM,Prob025_sequence_detector,sequential,2,5d9678b4-5566-4bf1-b9de-f1d1efca9edd,M-F,generation_log,0.0362633387593,0.0362633387593,33,0.00356,0.21,38,0.00388,0.19,0.131578947368,0.0824742268041,-0.105263157895,,
classic_revolution_8x5,RTLLM,Prob025_sequence_detector,sequential,2,31b88e77-e155-46b8-812e-e5a2fb5b2018,M-F,generation_log,0.218122626153,0.218122626153,25,0.00226,0.21,38,0.00388,0.19,0.342105263158,0.417525773196,-0.105263157895,,
classic_revolution_8x5,RTLLM,Prob025_sequence_detector,sequential,2,98b8fea7-309f-4314-ad57-8b9a88cc4a75,M-R,generation_log,-0.300913365889,-0.300913365889,38,0.00677,0.22,38,0.00388,0.19,0,-0.744845360825,-0.157894736842,,
classic_revolution_8x5,RTLLM,Prob025_sequence_detector,sequential,4,568bb558-97ee-47b5-b4a5-bce2daf829fd,M-F,generation_log,-0.300913365889,-0.300913365889,38,0.00677,0.22,38,0.00388,0.19,0,-0.744845360825,-0.157894736842,,
classic_revolution_8x5,RTLLM,Prob025_sequence_detector,sequential,4,52cae716-d29a-4109-81e8-8a018309cbdd,M-F,generation_log,-0.300913365889,-0.300913365889,38,0.00677,0.22,38,0.00388,0.19,0,-0.744845360825,-0.157894736842,,
classic_revolution_8x5,RTLLM,Prob025_sequence_detector,sequential,4,ceb4b903-6890-4cd4-a343-d684555dd823,M-R,generation_log,0.252396455055,0.252396455055,26,0.00278,0.16,38,0.00388,0.19,0.315789473684,0.283505154639,0.157894736842,,
classic_revolution_8x5,RTLLM,Prob027_LIFObuffer,sequential,0,fff42e8c-e384-4ac6-bfb9-890db16094a4,initial,generation_log,0.104886880958,0.104886880958,244,0.0332,0.42,299,0.0419,0.39,0.183946488294,0.207637231504,-0.0769230769231,,
classic_revolution_8x5,RTLLM,Prob027_LIFObuffer,sequential,0,73dcfd5c-fe01-4d46-b070-7387db0e400f,initial,generation_log,-0.0391395698026,-0.0391395698026,294,0.04,0.46,299,0.0419,0.39,0.0167224080268,0.0453460620525,-0.179487179487,,
classic_revolution_8x5,RTLLM,Prob027_LIFObuffer,sequential,0,e7ea9771-b550-4600-bb9c-44258d1ffe40,initial,generation_log,0.121865601683,0.121865601683,245,0.032,0.41,299,0.0419,0.39,0.180602006689,0.236276849642,-0.0512820512821,,
classic_revolution_8x5,RTLLM,Prob027_LIFObuffer,sequential,0,a3980b17-8e1d-45d6-a085-4d56431b58cc,initial,generation_log,-0.0529148252506,-0.0529148252506,296,0.0436,0.44,299,0.0419,0.39,0.0100334448161,-0.0405727923628,-0.128205128205,,
classic_revolution_8x5,RTLLM,Prob027_LIFObuffer,sequential,0,a387979a-ed51-48b1-9dea-d55b7801bfb1,initial,generation_log,-0.0529148252506,-0.0529148252506,296,0.0436,0.44,299,0.0419,0.39,0.0100334448161,-0.0405727923628,-0.128205128205,,
classic_revolution_8x5,RTLLM,Prob027_LIFObuffer,sequential,0,b187b290-558e-463f-bd26-3867f049095e,initial,generation_log,0.104886880958,0.104886880958,244,0.0332,0.42,299,0.0419,0.39,0.183946488294,0.207637231504,-0.0769230769231,,
classic_revolution_8x5,RTLLM,Prob027_LIFObuffer,sequential,1,0f94f401-8493-4a8e-84f8-e76661d35a13,M-I,generation_log,0.104886880958,0.104886880958,244,0.0332,0.42,299,0.0419,0.39,0.183946488294,0.207637231504,-0.0769230769231,,
classic_revolution_8x5,RTLLM,Prob027_LIFObuffer,sequential,1,fa5e995f-0403-486a-9059-09a2ba40b4b7,M-E,generation_log,-0.0604099761514,-0.0604099761514,243,0.0423,0.53,299,0.0419,0.39,0.1872909699,-0.00954653937947,-0.358974358974,,
classic_revolution_8x5,RTLLM,Prob027_LIFObuffer,sequential,1,983d2733-c2d0-4e57-b15d-9ae55518da44,M-R,generation_log,0.0999876721574,0.0999876721574,255,0.0312,0.43,299,0.0419,0.39,0.147157190635,0.255369928401,-0.102564102564,,
classic_revolution_8x5,RTLLM,Prob027_LIFObuffer,sequential,1,04be3312-ad0e-4922-a177-50b55a7e1767,C-F,generation_log,0.118411145079,0.118411145079,244,0.0315,0.42,299,0.0419,0.39,0.183946488294,0.248210023866,-0.0769230769231,,
classic_revolution_8x5,RTLLM,Prob027_LIFObuffer,sequential,1,705454c8-abe4-464c-98de-924060188f51,M-S,generation_log,0.09800368771,0.09800368771,283,0.0286,0.42,299,0.0419,0.39,0.0535117056856,0.317422434368,-0.0769230769231,,
classic_revolution_8x5,RTLLM,Prob027_LIFObuffer,sequential,2,be9b9e96-8d8b-4d3a-ac55-c386d6fa451f,M-S,generation_log,0.0138178264151,0.0138178264151,234,0.0439,0.44,299,0.0419,0.39,0.217391304348,-0.0477326968974,-0.128205128205,,
classic_revolution_8x5,RTLLM,Prob027_LIFObuffer,sequential,2,297c9f77-d56b-4ac6-b344-d6f062fe6f3d,M-R,generation_log,0.144815787443,0.144815787443,251,0.0272,0.42,299,0.0419,0.39,0.160535117057,0.350835322196,-0.0769230769231,,
classic_revolution_8x5,RTLLM,Prob027_LIFObuffer,sequential,2,aa046d99-2389-4762-a389-9f75e799ddb2,M-E,generation_log,0.137269196624,0.137269196624,254,0.0331,0.37,299,0.0419,0.39,0.150501672241,0.210023866348,0.0512820512821,,
classic_revolution_8x5,RTLLM,Prob027_LIFObuffer,sequential,2,38e80cf6-5c24-4e6d-9757-01dad784d928,C-F,generation_log,0.0644808248834,0.0644808248834,233,0.0323,0.49,299,0.0419,0.39,0.220735785953,0.229116945107,-0.25641025641,,
classic_revolution_8x5,RTLLM,Prob027_LIFObuffer,sequential,3,5e414080-02bc-4176-a899-f84f530e0538,M-S,generation_log,0.0677064625389,0.0677064625389,219,0.0446,0.39,299,0.0419,0.39,0.267558528428,-0.0644391408115,0,,
classic_revolution_8x5,RTLLM,Prob027_LIFObuffer,sequential,3,dd36ffcb-d471-426c-bcd5-ca8ea92997db,M-S,generation_log,0.0113327462087,0.0113327462087,223,0.0522,0.38,299,0.0419,0.39,0.254180602007,-0.245823389021,0.025641025641,,
classic_revolution_8x5,RTLLM,Prob027_LIFObuffer,sequential,3,96addb51-c667-496c-be39-9067c0a20df2,C-F,generation_log,-0.134781455732,-0.134781455732,272,0.0637,0.38,299,0.0419,0.39,0.0903010033445,-0.520286396181,0.025641025641,,
classic_revolution_8x5,RTLLM,Prob027_LIFObuffer,sequential,3,57590d9a-8c8f-4be3-9cc3-6cfbc4677cde,M-I,generation_log,0.13127555921,0.13127555921,243,0.0268,0.45,299,0.0419,0.39,0.1872909699,0.360381861575,-0.153846153846,,
classic_revolution_8x5,RTLLM,Prob027_LIFObuffer,sequential,3,defe284d-94fe-403d-ae76-2a889bff75c2,M-I,generation_log,0.0833025137269,0.0833025137269,258,0.0361,0.4,299,0.0419,0.39,0.137123745819,0.138424821002,-0.025641025641,,
classic_revolution_8x5,RTLLM,Prob027_LIFObuffer,sequential,3,46392c74-8712-4259-87f2-30d251f4fd49,M-E,generation_log,-0.0604099761514,-0.0604099761514,243,0.0423,0.53,299,0.0419,0.39,0.1872909699,-0.00954653937947,-0.358974358974,,
classic_revolution_8x5,RTLLM,Prob027_LIFObuffer,sequential,3,9d4f4bb8-1c85-42fc-bc80-0e96a50b99f6,M-R,generation_log,0.13127555921,0.13127555921,243,0.0268,0.45,299,0.0419,0.39,0.1872909699,0.360381861575,-0.153846153846,,
classic_revolution_8x5,RTLLM,Prob027_LIFObuffer,sequential,3,8e03a5c3-8da7-4a19-8b3c-6e24e3a301a2,C-F,generation_log,-0.0604099761514,-0.0604099761514,243,0.0423,0.53,299,0.0419,0.39,0.1872909699,-0.00954653937947,-0.358974358974,,
classic_revolution_8x5,RTLLM,Prob027_LIFObuffer,sequential,4,d95fc03b-778e-49f8-90f8-8c8700fc8c01,M-R,generation_log,0.118411145079,0.118411145079,244,0.0315,0.42,299,0.0419,0.39,0.183946488294,0.248210023866,-0.0769230769231,,
classic_revolution_8x5,RTLLM,Prob027_LIFObuffer,sequential,4,bed4f228-cf67-4d6f-b79c-05cd36e03e36,M-I,generation_log,-0.0146071630974,-0.0146071630974,224,0.0478,0.45,299,0.0419,0.39,0.250836120401,-0.140811455847,-0.153846153846,,
classic_revolution_8x5,RTLLM,Prob027_LIFObuffer,sequential,4,961801fa-898c-4492-940f-42c2753c2c1d,M-R,generation_log,-0.101671886045,-0.101671886045,258,0.0615,0.38,299,0.0419,0.39,0.137123745819,-0.467780429594,0.025641025641,,
classic_revolution_8x5,RTLLM,Prob027_LIFObuffer,sequential,4,de7cb67c-77f1-4c7e-8c90-44bc44c4ae19,C-F,generation_log,0.0677064625389,0.0677064625389,219,0.0446,0.39,299,0.0419,0.39,0.267558528428,-0.0644391408115,0,,
classic_revolution_8x5,RTLLM,Prob027_LIFObuffer,sequential,4,2cdb2ef6-67fd-47a1-a9b4-0088f07ea651,M-E,generation_log,0.0677064625389,0.0677064625389,219,0.0446,0.39,299,0.0419,0.39,0.267558528428,-0.0644391408115,0,,
classic_revolution_8x5,RTLLM,Prob027_LIFObuffer,sequential,4,4697723c-aad8-4f7a-9958-4d148b2737ad,M-R,generation_log,0.210569306865,0.210569306865,235,0.0244,0.39,299,0.0419,0.39,0.214046822742,0.417661097852,0,,
classic_revolution_8x5,RTLLM,Prob027_LIFObuffer,sequential,4,8e62d914-d2be-47fd-9131-3e4e126899fa,C-F,generation_log,0.0317029539817,0.0317029539817,219,0.0502,0.38,299,0.0419,0.39,0.267558528428,-0.198090692124,0.025641025641,,
classic_revolution_8x5,RTLLM,Prob027_LIFObuffer,sequential,4,c0d9b8f5-8b0a-408d-8515-18bca13fac6e,M-S,generation_log,0.0677064625389,0.0677064625389,219,0.0446,0.39,299,0.0419,0.39,0.267558528428,-0.0644391408115,0,,
classic_revolution_8x5,RTLLM,Prob027_LIFObuffer,sequential,5,6f0fcc68-8262-4510-9942-27eb4fd3ab53,C-F,generation_log,0.0677064625389,0.0677064625389,219,0.0446,0.39,299,0.0419,0.39,0.267558528428,-0.0644391408115,0,,
classic_revolution_8x5,RTLLM,Prob027_LIFObuffer,sequential,5,e6bb643f-bde4-4c87-b600-2e4b8200c18e,M-I,generation_log,0.0677064625389,0.0677064625389,219,0.0446,0.39,299,0.0419,0.39,0.267558528428,-0.0644391408115,0,,
classic_revolution_8x5,RTLLM,Prob027_LIFObuffer,sequential,5,b6e61cd1-6ade-4353-acd5-1bc41df795cc,M-R,generation_log,0.0677064625389,0.0677064625389,219,0.0446,0.39,299,0.0419,0.39,0.267558528428,-0.0644391408115,0,,
classic_revolution_8x5,RTLLM,Prob027_LIFObuffer,sequential,5,265953f8-feda-4394-b7ed-41568da598e2,M-S,generation_log,0.0677064625389,0.0677064625389,219,0.0446,0.39,299,0.0419,0.39,0.267558528428,-0.0644391408115,0,,
classic_revolution_8x5,RTLLM,Prob027_LIFObuffer,sequential,5,46a7f410-8720-40a7-a2c8-1e7b9f713a35,M-R,generation_log,0.0677064625389,0.0677064625389,219,0.0446,0.39,299,0.0419,0.39,0.267558528428,-0.0644391408115,0,,
classic_revolution_8x5,RTLLM,Prob030_right_shifter,sequential,0,68702633-591c-4008-836d-d333f45f6cbd,initial,generation_log,-0,0,36,0.00369,0.12,36,0.00369,0.12,0,0,0,,
classic_revolution_8x5,RTLLM,Prob030_right_shifter,sequential,0,a49d1f1f-ffa1-4ba3-91b1-82b12a19166a,initial,generation_log,-0,0,36,0.00369,0.12,36,0.00369,0.12,0,0,0,,
classic_revolution_8x5,RTLLM,Prob030_right_shifter,sequential,0,6bb3f188-b805-42fd-b127-5c4e9e95f53e,initial,generation_log,-0,0,36,0.00369,0.12,36,0.00369,0.12,0,0,0,,
classic_revolution_8x5,RTLLM,Prob030_right_shifter,sequential,0,5fb2a43f-089a-49dd-b1fd-a72c6513a002,initial,generation_log,-0,0,36,0.00369,0.12,36,0.00369,0.12,0,0,0,,
classic_revolution_8x5,RTLLM,Prob030_right_shifter,sequential,0,51b47d9e-537e-4da8-9fb7-9c545cfd0a33,initial,generation_log,-0,0,36,0.00369,0.12,36,0.00369,0.12,0,0,0,,
classic_revolution_8x5,RTLLM,Prob030_right_shifter,sequential,0,1dc8ff81-e978-462f-88f0-f956b8dd2a61,initial,generation_log,-0,0,36,0.00369,0.12,36,0.00369,0.12,0,0,0,,
classic_revolution_8x5,RTLLM,Prob030_right_shifter,sequential,0,1a3f7ff9-680f-4350-b32e-8bd27568f756,initial,generation_log,-0,0,36,0.00369,0.12,36,0.00369,0.12,0,0,0,,
classic_revolution_8x5,RTLLM,Prob030_right_shifter,sequential,0,f90c1003-f731-403c-a958-2d257c696862,initial,generation_log,-0,0,36,0.00369,0.12,36,0.00369,0.12,0,0,0,,
classic_revolution_8x5,RTLLM,Prob030_right_shifter,sequential,1,b2d5d49a-f71f-417d-9b7d-3b102f574dcc,M-I,generation_log,-0,0,36,0.00369,0.12,36,0.00369,0.12,0,0,0,,
classic_revolution_8x5,RTLLM,Prob030_right_shifter,sequential,1,f94a7c96-8c3c-4863-9ab7-2bba79e5ef20,M-S,generation_log,-0,0,36,0.00369,0.12,36,0.00369,0.12,0,0,0,,
classic_revolution_8x5,RTLLM,Prob030_right_shifter,sequential,1,25ffea70-9116-4aee-81b4-814b5bc06a17,M-R,generation_log,-0,0,36,0.00369,0.12,36,0.00369,0.12,0,0,0,,
classic_revolution_8x5,RTLLM,Prob030_right_shifter,sequential,1,f5a54fe0-4efc-4f36-a8cc-a20580ec4210,C-F,generation_log,-0,0,36,0.00369,0.12,36,0.00369,0.12,0,0,0,,
classic_revolution_8x5,RTLLM,Prob030_right_shifter,sequential,1,22e258af-fd9c-4243-a326-cd83591dd901,M-R,generation_log,-0,0,36,0.00369,0.12,36,0.00369,0.12,0,0,0,,
classic_revolution_8x5,RTLLM,Prob030_right_shifter,sequential,1,92d7ee1d-d309-4d52-a67a-31c416960177,M-S,generation_log,-0,0,36,0.00369,0.12,36,0.00369,0.12,0,0,0,,
classic_revolution_8x5,RTLLM,Prob030_right_shifter,sequential,2,2b27bc7e-1ef3-41ba-9e63-17c4b71beda3,M-I,generation_log,-0.0962059620596,-0.0962059620596,43,0.00373,0.13,36,0.00369,0.12,-0.194444444444,-0.0108401084011,-0.0833333333333,,
classic_revolution_8x5,RTLLM,Prob030_right_shifter,sequential,2,9d0c049e-3816-4b9c-ac0d-5b363a2062b0,M-I,generation_log,-0,0,36,0.00369,0.12,36,0.00369,0.12,0,0,0,,
classic_revolution_8x5,RTLLM,Prob030_right_shifter,sequential,2,3fce9192-3d73-4123-b42a-019bf254f77b,M-I,generation_log,-0,0,36,0.00369,0.12,36,0.00369,0.12,0,0,0,,
classic_revolution_8x5,RTLLM,Prob030_right_shifter,sequential,2,a674d34f-6bf5-4048-895c-a6df7a3bf1fd,M-I,generation_log,-0,0,36,0.00369,0.12,36,0.00369,0.12,0,0,0,,
classic_revolution_8x5,RTLLM,Prob030_right_shifter,sequential,3,c1b282e3-569f-4684-9bd1-8cb31f73c31d,C-F,generation_log,-0,0,36,0.00369,0.12,36,0.00369,0.12,0,0,0,,
classic_revolution_8x5,RTLLM,Prob030_right_shifter,sequential,3,e565dcf9-7572-44ac-a830-a0057cefb31a,M-S,generation_log,-0,0,36,0.00369,0.12,36,0.00369,0.12,0,0,0,,
classic_revolution_8x5,RTLLM,Prob030_right_shifter,sequential,3,fd4749eb-5e0d-48a5-9b7b-5911b41a1ed5,M-R,generation_log,-0.0962059620596,-0.0962059620596,43,0.00373,0.13,36,0.00369,0.12,-0.194444444444,-0.0108401084011,-0.0833333333333,,
classic_revolution_8x5,RTLLM,Prob030_right_shifter,sequential,4,075b4c55-de69-42f0-97c9-d7a5b109dc51,M-I,generation_log,-0,0,36,0.00369,0.12,36,0.00369,0.12,0,0,0,,
classic_revolution_8x5,RTLLM,Prob030_right_shifter,sequential,4,ba53f568-39cc-4470-ad24-759559811d35,M-I,generation_log,-0,0,36,0.00369,0.12,36,0.00369,0.12,0,0,0,,
classic_revolution_8x5,RTLLM,Prob030_right_shifter,sequential,4,b477dbeb-32a5-4227-9ef0-94236b61aebb,M-R,generation_log,-0.0962059620596,-0.0962059620596,43,0.00373,0.13,36,0.00369,0.12,-0.194444444444,-0.0108401084011,-0.0833333333333,,
classic_revolution_8x5,RTLLM,Prob030_right_shifter,sequential,4,4d06dee7-1c5d-47d3-96ef-abd86b84a680,M-S,generation_log,-0,0,36,0.00369,0.12,36,0.00369,0.12,0,0,0,,
classic_revolution_8x5,RTLLM,Prob030_right_shifter,sequential,5,c57157e6-d2d5-4cf0-aea0-235ae1ebba6c,M-S,generation_log,-0,0,36,0.00369,0.12,36,0.00369,0.12,0,0,0,,
classic_revolution_8x5,RTLLM,Prob030_right_shifter,sequential,5,01cb6078-bfef-404c-8f82-40fa6a36c1c0,M-R,generation_log,-0.0962059620596,-0.0962059620596,43,0.00373,0.13,36,0.00369,0.12,-0.194444444444,-0.0108401084011,-0.0833333333333,,
classic_revolution_8x5,RTLLM,Prob030_right_shifter,sequential,5,08984140-2bdb-4340-9352-6bfaefc97e24,M-S,generation_log,-0,0,36,0.00369,0.12,36,0.00369,0.12,0,0,0,,
classic_revolution_8x5,RTLLM,Prob030_right_shifter,sequential,5,11a0ba43-3500-470f-85a0-a51a84aa97a8,M-S,generation_log,-0,0,36,0.00369,0.12,36,0.00369,0.12,0,0,0,,
classic_revolution_8x5,RTLLM,Prob030_right_shifter,sequential,5,60e0b82d-481b-4ace-9477-33e3b74b20c6,M-S,generation_log,-0,0,36,0.00369,0.12,36,0.00369,0.12,0,0,0,,
classic_revolution_8x5,RTLLM,Prob031_freq_div,combinational,0,34451460-439d-4718-8e18-bb9f31626059,initial,generation_log,0.0893631395926,0.134044709389,109,0.000577,0,125,0.000671,0,0.128,0.140089418778,0,,
classic_revolution_8x5,RTLLM,Prob031_freq_div,combinational,0,e32c6826-ff24-49fc-85f3-4441ec49b710,initial,generation_log,0.0446815697963,0.0670223546945,117,0.000624,0,125,0.000671,0,0.064,0.070044709389,0,,
classic_revolution_8x5,RTLLM,Prob031_freq_div,combinational,0,30a10105-3e35-4a29-8607-26b66393f8b2,initial,generation_log,0.0893631395926,0.134044709389,109,0.000577,0,125,0.000671,0,0.128,0.140089418778,0,,
classic_revolution_8x5,RTLLM,Prob031_freq_div,combinational,0,c6ff5542-faf5-4371-b5fa-8b2fe501141e,initial,generation_log,0.0893631395926,0.134044709389,109,0.000577,0,125,0.000671,0,0.128,0.140089418778,0,,
classic_revolution_8x5,RTLLM,Prob031_freq_div,combinational,0,0931a3b6-224a-4b90-8e02-3da8e811becb,initial,generation_log,0.0893631395926,0.134044709389,109,0.000577,0,125,0.000671,0,0.128,0.140089418778,0,,
classic_revolution_8x5,RTLLM,Prob031_freq_div,combinational,0,067127d7-df80-469e-a950-8b81464808d4,initial,generation_log,0.0893631395926,0.134044709389,109,0.000577,0,125,0.000671,0,0.128,0.140089418778,0,,
classic_revolution_8x5,RTLLM,Prob031_freq_div,combinational,0,de86a6a1-f036-4789-9a7a-d3693ba285c4,initial,generation_log,0.0893631395926,0.134044709389,109,0.000577,0,125,0.000671,0,0.128,0.140089418778,0,,
classic_revolution_8x5,RTLLM,Prob031_freq_div,combinational,0,d164970a-ec8e-48c0-8fdd-45bc83984e3b,initial,generation_log,0.0893631395926,0.134044709389,109,0.000577,0,125,0.000671,0,0.128,0.140089418778,0,,
classic_revolution_8x5,RTLLM,Prob031_freq_div,combinational,2,df6f1b73-a78a-4fb2-8bd1-cf3b73437154,C-F,generation_log,0.209057128664,0.313585692996,101,0.000379,0,125,0.000671,0,0.192,0.435171385991,0,,
classic_revolution_8x5,RTLLM,Prob031_freq_div,combinational,3,56e3d11e-f327-49d2-a32c-5de31621c633,M-E,generation_log,0.0893631395926,0.134044709389,109,0.000577,0,125,0.000671,0,0.128,0.140089418778,0,,
classic_revolution_8x5,RTLLM,Prob031_freq_div,combinational,3,9ef4c94d-4497-46ee-8b5d-3ee1fff541c6,M-R,generation_log,-0,0,125,0.000671,0,125,0.000671,0,0,0,0,,
classic_revolution_8x5,RTLLM,Prob031_freq_div,combinational,4,cca8f0b3-6902-4b36-9018-52b7d874081e,M-E,generation_log,-4.03461102832,-6.05191654247,1029,0.00394,0,125,0.000671,0,-7.232,-4.87183308495,0,,
classic_revolution_8x5,RTLLM,Prob031_freq_div,combinational,4,088fb25d-adf5-4bbc-849e-b51dae2227e6,M-S,generation_log,0.0893631395926,0.134044709389,109,0.000577,0,125,0.000671,0,0.128,0.140089418778,0,,
classic_revolution_8x5,RTLLM,Prob031_freq_div,combinational,4,185f85a8-72b5-431c-87a3-8c04bda7e38f,C-F,generation_log,0.209057128664,0.313585692996,101,0.000379,0,125,0.000671,0,0.192,0.435171385991,0,,
classic_revolution_8x5,RTLLM,Prob031_freq_div,combinational,5,60651494-3454-4739-bbef-d966118803b1,M-R,generation_log,0.0446815697963,0.0670223546945,117,0.000624,0,125,0.000671,0,0.064,0.070044709389,0,,
classic_revolution_8x5,RTLLM,Prob031_freq_div,combinational,5,2e9525a4-a7dd-4ba2-9511-6a53610dffd6,M-R,generation_log,0.0893631395926,0.134044709389,109,0.000577,0,125,0.000671,0,0.128,0.140089418778,0,,
classic_revolution_8x5,RTLLM,Prob031_freq_div,combinational,5,437cb417-949f-4b2d-83e2-d05abaa5051a,M-E,generation_log,0.0893631395926,0.134044709389,109,0.000577,0,125,0.000671,0,0.128,0.140089418778,0,,
classic_revolution_8x5,RTLLM,Prob035_calendar,sequential,0,4f5e5b31-b42d-4a4c-997d-77f1ae2fd85d,initial,generation_log,-0,0,196,0.0124,0.38,196,0.0124,0.38,0,0,0,,
classic_revolution_8x5,RTLLM,Prob035_calendar,sequential,0,6f560e8b-81f7-4d7c-b83f-3a9d98ae80ca,initial,generation_log,-0,0,196,0.0124,0.38,196,0.0124,0.38,0,0,0,,
classic_revolution_8x5,RTLLM,Prob035_calendar,sequential,0,8ef9e1e6-2ebe-4c52-868d-62e9fde9f8f4,initial,generation_log,-0,0,196,0.0124,0.38,196,0.0124,0.38,0,0,0,,
classic_revolution_8x5,RTLLM,Prob035_calendar,sequential,0,fd7a3060-c4d0-440d-a9d4-61ea3c93cff2,initial,generation_log,-0,0,196,0.0124,0.38,196,0.0124,0.38,0,0,0,,
classic_revolution_8x5,RTLLM,Prob035_calendar,sequential,0,553df698-9b68-4675-8291-15453d9d1eab,initial,generation_log,-0,0,196,0.0124,0.38,196,0.0124,0.38,0,0,0,,
classic_revolution_8x5,RTLLM,Prob035_calendar,sequential,0,c6fb0933-f461-4540-9239-ab9d7807f29d,initial,generation_log,-0,0,196,0.0124,0.38,196,0.0124,0.38,0,0,0,,
classic_revolution_8x5,RTLLM,Prob035_calendar,sequential,0,a76e7e15-464e-4b9b-9fc7-526ae895f9d0,initial,generation_log,0.00510204081633,0.00510204081633,193,0.0124,0.38,196,0.0124,0.38,0.015306122449,0,0,,
classic_revolution_8x5,RTLLM,Prob035_calendar,sequential,0,689e1e15-e05f-42b2-80f6-c5541abcc2a2,initial,generation_log,-0.0418904403867,-0.0418904403867,200,0.0124,0.42,196,0.0124,0.38,-0.0204081632653,0,-0.105263157895,,
classic_revolution_8x5,RTLLM,Prob035_calendar,sequential,1,da93729e-9692-4661-a07f-0bf6a2f5b24a,M-I,generation_log,0.0138739706409,0.0138739706409,193,0.0124,0.37,196,0.0124,0.38,0.015306122449,0,0.0263157894737,,
classic_revolution_8x5,RTLLM,Prob035_calendar,sequential,1,024dd8b8-9b3e-486c-bef7-3a99d46d41da,M-R,generation_log,0.0138739706409,0.0138739706409,193,0.0124,0.37,196,0.0124,0.38,0.015306122449,0,0.0263157894737,,
classic_revolution_8x5,RTLLM,Prob035_calendar,sequential,2,415c124a-14d1-4f88-9cb9-c8a2c4548675,M-S,generation_log,0.00510204081633,0.00510204081633,193,0.0124,0.38,196,0.0124,0.38,0.015306122449,0,0,,
classic_revolution_8x5,RTLLM,Prob035_calendar,sequential,3,e84706a1-52a1-4b58-9204-f89307382e1b,C-F,generation_log,0.00510204081633,0.00510204081633,193,0.0124,0.38,196,0.0124,0.38,0.015306122449,0,0,,
classic_revolution_8x5,RTLLM,Prob035_calendar,sequential,4,7fbdf2f6-cf0c-4d34-9f6f-cf877e5db5b2,C-F,generation_log,0.00510204081633,0.00510204081633,193,0.0124,0.38,196,0.0124,0.38,0.015306122449,0,0,,
classic_revolution_8x5,RTLLM,Prob035_calendar,sequential,5,ecd00450-89c6-49f1-ae7b-1297d979e36f,C-F,generation_log,0.0199808276451,0.0199808276451,185,0.0117,0.4,196,0.0124,0.38,0.0561224489796,0.0564516129032,-0.0526315789474,,
classic_revolution_8x5,RTLLM,Prob036_edge_detect,sequential,0,585ff2da-fb4e-44d7-ab6f-651224c0b9fe,initial,generation_log,-0,0,19,0.00189,0.17,19,0.00189,0.17,0,0,0,,
classic_revolution_8x5,RTLLM,Prob036_edge_detect,sequential,0,53f70bd9-89e1-4a60-bb3f-2f4adb26a36d,initial,generation_log,-0,0,19,0.00189,0.17,19,0.00189,0.17,0,0,0,,
classic_revolution_8x5,RTLLM,Prob036_edge_detect,sequential,0,066fc2f1-dcab-44d9-bf6f-14bc10546f6a,initial,generation_log,-0,0,19,0.00189,0.17,19,0.00189,0.17,0,0,0,,
classic_revolution_8x5,RTLLM,Prob036_edge_detect,sequential,0,cb7d9768-f2ce-4969-993c-1e0c6b41ec98,initial,generation_log,-0,0,19,0.00189,0.17,19,0.00189,0.17,0,0,0,,
classic_revolution_8x5,RTLLM,Prob036_edge_detect,sequential,0,d209231e-d703-4f26-a5ab-23ec1e035055,initial,generation_log,-0,0,19,0.00189,0.17,19,0.00189,0.17,0,0,0,,
classic_revolution_8x5,RTLLM,Prob036_edge_detect,sequential,0,28841a0c-e63b-45a6-8110-937910bf20d9,initial,generation_log,-0,0,19,0.00189,0.17,19,0.00189,0.17,0,0,0,,
classic_revolution_8x5,RTLLM,Prob036_edge_detect,sequential,0,623048a0-4a0d-428d-9e9d-4ad2d4df55bf,initial,generation_log,-0,0,19,0.00189,0.17,19,0.00189,0.17,0,0,0,,
classic_revolution_8x5,RTLLM,Prob036_edge_detect,sequential,0,5f36a05b-8794-4265-b924-0e50e4eb65e8,initial,generation_log,-0,0,19,0.00189,0.17,19,0.00189,0.17,0,0,0,,
classic_revolution_8x5,RTLLM,Prob036_edge_detect,sequential,1,5ba1c145-986c-4b4c-98b0-b0afd773251d,M-S,generation_log,0.00176366843034,0.00176366843034,19,0.00188,0.17,19,0.00189,0.17,0,0.00529100529101,0,,
classic_revolution_8x5,RTLLM,Prob036_edge_detect,sequential,1,d3d5d925-708a-4c5a-b344-79f13e5942de,M-R,generation_log,-0.0774157616263,-0.0774157616263,21,0.00213,0.17,19,0.00189,0.17,-0.105263157895,-0.126984126984,0,,
classic_revolution_8x5,RTLLM,Prob036_edge_detect,sequential,1,df7560b0-0b02-4a98-9e3d-60bc256a86c9,M-I,generation_log,-0.057807918489,-0.057807918489,21,0.00213,0.16,19,0.00189,0.17,-0.105263157895,-0.126984126984,0.0588235294118,,
classic_revolution_8x5,RTLLM,Prob036_edge_detect,sequential,1,3a43b25b-79a6-47c5-8690-c02087fff534,M-S,generation_log,-0.0774157616263,-0.0774157616263,21,0.00213,0.17,19,0.00189,0.17,-0.105263157895,-0.126984126984,0,,
classic_revolution_8x5,RTLLM,Prob036_edge_detect,sequential,2,7f251215-bb87-4e6c-9597-82700b504375,M-R,generation_log,-0.0774157616263,-0.0774157616263,21,0.00213,0.17,19,0.00189,0.17,-0.105263157895,-0.126984126984,0,,
classic_revolution_8x5,RTLLM,Prob036_edge_detect,sequential,2,c06af247-ea35-47e2-9b21-e56652c04174,M-R,generation_log,-0.0774157616263,-0.0774157616263,21,0.00213,0.17,19,0.00189,0.17,-0.105263157895,-0.126984126984,0,,
classic_revolution_8x5,RTLLM,Prob036_edge_detect,sequential,3,325b9b2c-8ee0-4e55-af72-caf7cb1908e1,M-R,generation_log,-0.0774157616263,-0.0774157616263,21,0.00213,0.17,19,0.00189,0.17,-0.105263157895,-0.126984126984,0,,
classic_revolution_8x5,RTLLM,Prob036_edge_detect,sequential,3,886773e0-e1af-4237-8bf8-d254f8ffa2e2,M-R,generation_log,-0.0774157616263,-0.0774157616263,21,0.00213,0.17,19,0.00189,0.17,-0.105263157895,-0.126984126984,0,,
classic_revolution_8x5,RTLLM,Prob036_edge_detect,sequential,3,5e3791a7-9ed3-4132-aa90-ed6426a6015c,M-I,generation_log,-0.0774157616263,-0.0774157616263,21,0.00213,0.17,19,0.00189,0.17,-0.105263157895,-0.126984126984,0,,
classic_revolution_8x5,RTLLM,Prob036_edge_detect,sequential,3,09c89cfb-9502-4c2f-b434-10e165a8af12,M-S,generation_log,-0.0774157616263,-0.0774157616263,21,0.00213,0.17,19,0.00189,0.17,-0.105263157895,-0.126984126984,0,,
classic_revolution_8x5,RTLLM,Prob036_edge_detect,sequential,3,13e2033c-895e-43dc-ba11-3dbc745ea7bc,M-I,generation_log,-0,0,19,0.00189,0.17,19,0.00189,0.17,0,0,0,,
classic_revolution_8x5,RTLLM,Prob036_edge_detect,sequential,3,95f9d182-ccdd-40a1-a825-facffc81f43e,M-S,generation_log,-0.057807918489,-0.057807918489,21,0.00213,0.16,19,0.00189,0.17,-0.105263157895,-0.126984126984,0.0588235294118,,
classic_revolution_8x5,RTLLM,Prob036_edge_detect,sequential,4,929be056-f5e2-4fae-af73-ada1cbe45b60,M-R,generation_log,-0.0774157616263,-0.0774157616263,21,0.00213,0.17,19,0.00189,0.17,-0.105263157895,-0.126984126984,0,,
classic_revolution_8x5,RTLLM,Prob036_edge_detect,sequential,4,4376c01b-9814-4603-b7e3-d6d6f6d2bb7a,M-S,generation_log,-1.24548681071,0.715297503017,9,0.000719,0,19,0.00189,0.17,0.526315789474,0.619576719577,1,,
classic_revolution_8x5,RTLLM,Prob036_edge_detect,sequential,4,665da036-5ffe-4a3e-9a8e-980497468825,C-F,generation_log,-0,0,19,0.00189,0.17,19,0.00189,0.17,0,0,0,,
classic_revolution_8x5,RTLLM,Prob036_edge_detect,sequential,4,c9f70ed4-1092-464c-9497-9893199c2253,M-R,generation_log,-1.2266155585,0.734168755221,9,0.000612,0,19,0.00189,0.17,0.526315789474,0.67619047619,1,,
classic_revolution_8x5,RTLLM,Prob036_edge_detect,sequential,4,8338c12f-7d05-4190-8d89-1cab09930f4b,M-E,generation_log,0.266264790517,0.266264790517,14,0.0011,0.15,19,0.00189,0.17,0.263157894737,0.417989417989,0.117647058824,,
classic_revolution_8x5,RTLLM,Prob036_edge_detect,sequential,4,ceff54fe-1967-49f6-b905-7437cd2037bc,M-S,generation_log,-0,0,19,0.00189,0.17,19,0.00189,0.17,0,0,0,,
classic_revolution_8x5,RTLLM,Prob036_edge_detect,sequential,4,a24c5ca0-a96d-4d28-820c-da38bb99ae8b,M-S,generation_log,-0.0774157616263,-0.0774157616263,21,0.00213,0.17,19,0.00189,0.17,-0.105263157895,-0.126984126984,0,,
classic_revolution_8x5,RTLLM,Prob036_edge_detect,sequential,5,bf42e9c9-9b45-4ae9-8d44-a33f0adf8228,M-I,generation_log,0.0241234895518,0.0241234895518,14,0.00125,0.26,19,0.00189,0.17,0.263157894737,0.338624338624,-0.529411764706,,
classic_revolution_8x5,RTLLM,Prob036_edge_detect,sequential,5,a4669552-49f1-47c2-b707-da5be0412a1e,M-R,generation_log,-1.2266155585,0.734168755221,9,0.000612,0,19,0.00189,0.17,0.526315789474,0.67619047619,1,,
classic_revolution_8x5,RTLLM,Prob036_edge_detect,sequential,5,a20a8cd8-0854-4a4d-aa9c-69bfe38e8696,M-E,generation_log,-0.27125548075,-0.27125548075,25,0.00272,0.18,19,0.00189,0.17,-0.315789473684,-0.439153439153,-0.0588235294118,,
classic_revolution_8x5,RTLLM,Prob036_edge_detect,sequential,5,f8a1249f-99b1-4ed5-b8da-16c494a07c3e,M-S,generation_log,-1.2266155585,0.734168755221,9,0.000612,0,19,0.00189,0.17,0.526315789474,0.67619047619,1,,
classic_revolution_8x5,RTLLM,Prob036_edge_detect,sequential,5,43ef32a6-411a-4299-b587-8c376c9bd2dd,M-S,generation_log,-0,0,19,0.00189,0.17,19,0.00189,0.17,0,0,0,,
classic_revolution_8x5,RTLLM,Prob037_parallel2serial,sequential,0,7100219e-b896-4a17-be8c-ebcd5134b16e,initial,generation_log,-0,0,50,0.00453,0.27,50,0.00453,0.27,0,0,0,,
classic_revolution_8x5,RTLLM,Prob037_parallel2serial,sequential,0,dd6e515b-6f7c-4fa9-8d1a-32b39b8e035a,initial,generation_log,-0,0,50,0.00453,0.27,50,0.00453,0.27,0,0,0,,
classic_revolution_8x5,RTLLM,Prob037_parallel2serial,sequential,0,f4f90426-feb6-45c2-b4cd-e1fc3af510a7,initial,generation_log,-0.0105976616793,-0.0105976616793,53,0.00457,0.26,50,0.00453,0.27,-0.06,-0.00883002207506,0.037037037037,,
classic_revolution_8x5,RTLLM,Prob037_parallel2serial,sequential,0,b74bf561-d5fd-413e-b1e2-344cc8075d58,initial,generation_log,-0,0,50,0.00453,0.27,50,0.00453,0.27,0,0,0,,
classic_revolution_8x5,RTLLM,Prob037_parallel2serial,sequential,0,c15fe7f1-569f-4030-b62c-56a9df5e5794,initial,generation_log,-0,0,50,0.00453,0.27,50,0.00453,0.27,0,0,0,,
classic_revolution_8x5,RTLLM,Prob037_parallel2serial,sequential,0,36132bf4-9eaf-4d4f-9738-c7cbf8e0a3ca,initial,generation_log,-0,0,50,0.00453,0.27,50,0.00453,0.27,0,0,0,,
classic_revolution_8x5,RTLLM,Prob037_parallel2serial,sequential,3,b33654d2-4f11-424f-8cee-ab09a9afadf0,M-R,generation_log,-0.164267844003,-0.164267844003,54,0.0064,0.27,50,0.00453,0.27,-0.08,-0.412803532009,0,,
classic_revolution_8x5,RTLLM,Prob037_parallel2serial,sequential,3,93bf2307-5600-4980-bb34-c307c7cc55a8,M-E,generation_log,-0.0574523751124,-0.0574523751124,55,0.00469,0.28,50,0.00453,0.27,-0.1,-0.0353200883002,-0.037037037037,,
classic_revolution_8x5,RTLLM,Prob037_parallel2serial,sequential,5,613b908f-9505-4c00-97bd-ff823f28ac38,M-S,generation_log,-0.0397612623661,-0.0397612623661,58,0.00401,0.29,50,0.00453,0.27,-0.16,0.114790286976,-0.0740740740741,,
classic_revolution_8x5,RTLLM,Prob037_parallel2serial,sequential,5,3a959281-6ee5-475d-9059-5dd41985d198,M-E,generation_log,0.00886109067125,0.00886109067125,53,0.00397,0.28,50,0.00453,0.27,-0.06,0.123620309051,-0.037037037037,,
classic_revolution_8x5,RTLLM,Prob038_pulse_detect,sequential,4,bd0be5b4-74db-4cf2-ba6b-807de6ea60d5,M-S,generation_log,0.278914464336,0.278914464336,13,0.00101,0.14,17,0.00138,0.21,0.235294117647,0.268115942029,0.333333333333,,
classic_revolution_8x5,RTLLM,Prob038_pulse_detect,sequential,5,50afc37f-55d9-415d-828c-9bf4b1529f41,M-I,generation_log,0.0537693338205,0.0537693338205,16,0.00137,0.19,17,0.00138,0.21,0.0588235294118,0.00724637681159,0.0952380952381,,
classic_revolution_8x5,RTLLM,Prob039_serial2parallel,sequential,0,fdce0b69-d93b-433c-8661-230cce8e88c2,initial,generation_log,-0.189915966387,-0.189915966387,172,0.036,0.31,168,0.0238,0.3,-0.0238095238095,-0.512605042017,-0.0333333333333,,
classic_revolution_8x5,RTLLM,Prob041_traffic_light,combinational,0,7b828993-4a3e-4ddd-b7d3-ca624d02df0f,initial,generation_log,0.105579762769,0.158369644154,166,0.0229,0,170,0.0324,0,0.0235294117647,0.293209876543,0,,
classic_revolution_8x5,RTLLM,Prob041_traffic_light,combinational,1,f170d598-2662-476c-94c3-571144f07bde,M-S,generation_log,0.38521060276,0.577815904139,142,0.000294,0,170,0.0324,0,0.164705882353,0.990925925926,0,,
classic_revolution_8x5,RTLLM,Prob041_traffic_light,combinational,1,8fc68d2c-fecf-4ca9-aceb-d5fb547a586a,M-F,generation_log,0.389132171387,0.583698257081,140,0.000294,0,170,0.0324,0,0.176470588235,0.990925925926,0,,
classic_revolution_8x5,RTLLM,Prob041_traffic_light,combinational,1,f6fc9255-4db9-4bc3-a0b8-f58cb242673a,M-R,generation_log,0.40382050351,0.605730755265,132,0.000391,0,170,0.0324,0,0.223529411765,0.987932098765,0,,
classic_revolution_8x5,RTLLM,Prob041_traffic_light,combinational,1,671dae14-baa1-48fd-a2e0-e67765e2dc37,M-S,generation_log,0.191055434519,0.286583151779,135,0.0205,0,170,0.0324,0,0.205882352941,0.367283950617,0,,
classic_revolution_8x5,RTLLM,Prob041_traffic_light,combinational,2,8004a1b0-d841-44c1-acff-bffafe0322c9,M-I,generation_log,0.380908375696,0.571362563544,144,0.000331,0,170,0.0324,0,0.152941176471,0.989783950617,0,,
classic_revolution_8x5,RTLLM,Prob041_traffic_light,combinational,2,cd9b1653-9c3d-4201-820a-8c0ac05a57b8,C-F,generation_log,0.230658436214,0.345987654321,119,0.0197,0,170,0.0324,0,0.3,0.391975308642,0,,
classic_revolution_8x5,RTLLM,Prob041_traffic_light,combinational,2,11d174c9-031d-4bb2-b1b7-9f4550af0abb,M-E,generation_log,0.0416969256839,0.0625453885258,165,0.0293,0,170,0.0324,0,0.0294117647059,0.0956790123457,0,,
classic_revolution_8x5,RTLLM,Prob041_traffic_light,combinational,2,3984853f-f876-4316-9c72-b39f5c6662b8,M-R,generation_log,0.432454611474,0.648681917211,118,0.000276,0,170,0.0324,0,0.305882352941,0.991481481481,0,,
classic_revolution_8x5,RTLLM,Prob041_traffic_light,combinational,2,7c5689d0-ce4f-4417-87a5-c64dc2407cad,M-R,generation_log,0.370548898572,0.555823347858,149,0.000385,0,170,0.0324,0,0.123529411765,0.988117283951,0,,
classic_revolution_8x5,RTLLM,Prob041_traffic_light,combinational,3,31d9956d-6486-476f-b130-311c6c7d168e,M-R,generation_log,0.38838114258,0.582571713871,140,0.000367,0,170,0.0324,0,0.176470588235,0.988672839506,0,,
classic_revolution_8x5,RTLLM,Prob041_traffic_light,combinational,3,ad618bc6-3eee-4ee9-bb50-134e5f97d766,M-S,generation_log,0.389132171387,0.583698257081,140,0.000294,0,170,0.0324,0,0.176470588235,0.990925925926,0,,
classic_revolution_8x5,RTLLM,Prob041_traffic_light,combinational,3,ccbb6d88-6fcc-413a-ab70-356ea1c9da4f,M-R,generation_log,0.432650084725,0.648975127088,118,0.000257,0,170,0.0324,0,0.305882352941,0.992067901235,0,,
classic_revolution_8x5,RTLLM,Prob041_traffic_light,combinational,3,0b5d7245-2fd7-41d2-a447-f4e3c1fb66d3,M-S,generation_log,0.407742072137,0.611613108206,130,0.000391,0,170,0.0324,0,0.235294117647,0.987932098765,0,,
classic_revolution_8x5,RTLLM,Prob041_traffic_light,combinational,3,dcca38ef-4885-4f07-bb94-d7a5dc9975c5,M-S,generation_log,0.37484083757,0.562261256354,147,0.000349,0,170,0.0324,0,0.135294117647,0.989228395062,0,,
classic_revolution_8x5,RTLLM,Prob041_traffic_light,combinational,3,cc92fcd5-3825-4002-8f5a-c54f2d0c303e,M-E,generation_log,0.404633260712,0.606949891068,132,0.000312,0,170,0.0324,0,0.223529411765,0.99037037037,0,,
classic_revolution_8x5,RTLLM,Prob041_traffic_light,combinational,4,c6d89eb5-4c71-4a32-8d86-3efae3f01d12,M-E,generation_log,0.389132171387,0.583698257081,140,0.000294,0,170,0.0324,0,0.176470588235,0.990925925926,0,,
classic_revolution_8x5,RTLLM,Prob041_traffic_light,combinational,4,b5492719-9c71-4cf0-9dab-1d32ed9de7f7,M-I,generation_log,0.352075768579,0.528113652869,116,0.00847,0,170,0.0324,0,0.317647058824,0.738580246914,0,,
classic_revolution_8x5,RTLLM,Prob041_traffic_light,combinational,4,f9f6e278-50cf-48bd-8e0e-2ff41308caab,M-I,generation_log,0.352063664972,0.528095497458,118,0.00809,0,170,0.0324,0,0.305882352941,0.750308641975,0,,
classic_revolution_8x5,RTLLM,Prob041_traffic_light,combinational,4,d68029be-13ba-4914-a633-0891779c5881,M-E,generation_log,0.238477366255,0.357716049383,136,0.0157,0,170,0.0324,0,0.2,0.515432098765,0,,
classic_revolution_8x5,RTLLM,Prob041_traffic_light,combinational,4,24601958-f3a3-4423-89c7-df07e7640b46,M-S,generation_log,0.420875090777,0.631312636166,124,0.000258,0,170,0.0324,0,0.270588235294,0.992037037037,0,,
classic_revolution_8x5,RTLLM,Prob041_traffic_light,combinational,4,6422845c-9e89-46f8-a572-40a69ce5e965,M-I,generation_log,0.153885257807,0.23082788671,123,0.0264,0,170,0.0324,0,0.276470588235,0.185185185185,0,,
classic_revolution_8x5,RTLLM,Prob041_traffic_light,combinational,4,835e4b87-e0f2-4eec-ba60-5e14104883c1,C-F,generation_log,0.390146453643,0.585219680465,139,0.000386,0,170,0.0324,0,0.182352941176,0.988086419753,0,,
classic_revolution_8x5,RTLLM,Prob041_traffic_light,combinational,5,f0ce8162-b2d7-479b-9c85-7f83b2821753,M-S,generation_log,0.442258533043,0.663387799564,113,0.000276,0,170,0.0324,0,0.335294117647,0.991481481481,0,,
classic_revolution_8x5,RTLLM,Prob041_traffic_light,combinational,5,0eb6e6f6-5233-487a-8a37-2ac07cfb485b,M-I,generation_log,0.153885257807,0.23082788671,123,0.0264,0,170,0.0324,0,0.276470588235,0.185185185185,0,,
classic_revolution_8x5,RTLLM,Prob041_traffic_light,combinational,5,fe8b5b45-66af-41b1-b740-3b6d72b17638,C-F,generation_log,0.150895666909,0.226343500363,124,0.0265,0,170,0.0324,0,0.270588235294,0.182098765432,0,,
classic_revolution_8x5,RTLLM,Prob041_traffic_light,combinational,5,f561c8aa-d14d-47f2-9aa6-6427bcf16de2,M-R,generation_log,0.40382050351,0.605730755265,132,0.000391,0,170,0.0324,0,0.223529411765,0.987932098765,0,,
classic_revolution_8x5,RTLLM,Prob043_RAM,sequential,0,a77f184c-631a-4534-aef6-745eb65c3025,initial,generation_log,0.236619081526,0.236619081526,506,0.069,0.3,734,0.109,0.31,0.310626702997,0.366972477064,0.0322580645161,,
classic_revolution_8x5,RTLLM,Prob043_RAM,sequential,0,5e7e1562-8795-474a-9e1a-adad9c83e000,initial,generation_log,0.236619081526,0.236619081526,506,0.069,0.3,734,0.109,0.31,0.310626702997,0.366972477064,0.0322580645161,,
classic_revolution_8x5,RTLLM,Prob043_RAM,sequential,0,2d4ff0c4-2c5a-4878-9f61-223d5d1be2d0,initial,generation_log,0.236619081526,0.236619081526,506,0.069,0.3,734,0.109,0.31,0.310626702997,0.366972477064,0.0322580645161,,
classic_revolution_8x5,RTLLM,Prob043_RAM,sequential,0,67abebd1-f11d-49c7-86b0-1e31605ca4e1,initial,generation_log,0.236619081526,0.236619081526,506,0.069,0.3,734,0.109,0.31,0.310626702997,0.366972477064,0.0322580645161,,
classic_revolution_8x5,RTLLM,Prob043_RAM,sequential,0,86b50156-3e02-4112-86b7-447051f0e936,initial,generation_log,0.236619081526,0.236619081526,506,0.069,0.3,734,0.109,0.31,0.310626702997,0.366972477064,0.0322580645161,,
classic_revolution_8x5,RTLLM,Prob043_RAM,sequential,0,df26111b-9546-4585-a8b7-9aa01b200799,initial,generation_log,0.236619081526,0.236619081526,506,0.069,0.3,734,0.109,0.31,0.310626702997,0.366972477064,0.0322580645161,,
classic_revolution_8x5,RTLLM,Prob043_RAM,sequential,0,c787c5da-05c6-4664-984f-c8136b5b5060,initial,generation_log,0.236619081526,0.236619081526,506,0.069,0.3,734,0.109,0.31,0.310626702997,0.366972477064,0.0322580645161,,
classic_revolution_8x5,RTLLM,Prob043_RAM,sequential,0,b9dd3890-b8ee-4cc0-8d9f-6a61012b0106,initial,generation_log,0.236619081526,0.236619081526,506,0.069,0.3,734,0.109,0.31,0.310626702997,0.366972477064,0.0322580645161,,
classic_revolution_8x5,RTLLM,Prob043_RAM,sequential,1,89e6aa38-beb7-462e-8a76-ea8f9aeea835,M-S,generation_log,0.236619081526,0.236619081526,506,0.069,0.3,734,0.109,0.31,0.310626702997,0.366972477064,0.0322580645161,,
classic_revolution_8x5,RTLLM,Prob043_RAM,sequential,1,6c94e53b-811d-40ff-b0ad-8e85bf45184b,M-E,generation_log,0.38882694013,0.38882694013,469,0.0634,0.19,734,0.109,0.31,0.361035422343,0.418348623853,0.387096774194,,
classic_revolution_8x5,RTLLM,Prob043_RAM,sequential,1,ac934e9a-947e-426b-9216-315f0e83cb82,M-R,generation_log,0.236619081526,0.236619081526,506,0.069,0.3,734,0.109,0.31,0.310626702997,0.366972477064,0.0322580645161,,
classic_revolution_8x5,RTLLM,Prob043_RAM,sequential,1,ff193af0-e35a-4336-8086-475e5a8e17aa,M-S,generation_log,0.268635336221,0.268635336221,464,0.0718,0.28,734,0.109,0.31,0.367847411444,0.34128440367,0.0967741935484,,
classic_revolution_8x5,RTLLM,Prob043_RAM,sequential,1,d10be050-b643-4d54-97ad-ba0f06310666,M-E,generation_log,0.406596602029,0.406596602029,432,0.0666,0.18,734,0.109,0.31,0.411444141689,0.388990825688,0.41935483871,,
classic_revolution_8x5,RTLLM,Prob043_RAM,sequential,2,68cdcb65-0887-4f1a-b899-7600b431e3f3,M-E,generation_log,0.236619081526,0.236619081526,506,0.069,0.3,734,0.109,0.31,0.310626702997,0.366972477064,0.0322580645161,,
classic_revolution_8x5,RTLLM,Prob043_RAM,sequential,2,e69f564c-cd3f-4165-a112-07f0bc0c44b5,M-E,generation_log,0.395180952826,0.395180952826,466,0.0688,0.17,734,0.109,0.31,0.365122615804,0.36880733945,0.451612903226,,
classic_revolution_8x5,RTLLM,Prob043_RAM,sequential,2,46393bf5-6485-47a1-856f-05845e643406,M-E,generation_log,0.236619081526,0.236619081526,506,0.069,0.3,734,0.109,0.31,0.310626702997,0.366972477064,0.0322580645161,,
classic_revolution_8x5,RTLLM,Prob043_RAM,sequential,2,b7aec649-b426-458e-af40-a4da66a9b065,M-R,generation_log,0.236619081526,0.236619081526,506,0.069,0.3,734,0.109,0.31,0.310626702997,0.366972477064,0.0322580645161,,
classic_revolution_8x5,RTLLM,Prob043_RAM,sequential,2,d78428b5-eb09-4bab-9ac0-42b55b75fb59,M-I,generation_log,0.426122637576,0.426122637576,422,0.0617,0.18,734,0.109,0.31,0.425068119891,0.433944954128,0.41935483871,,
classic_revolution_8x5,RTLLM,Prob043_RAM,sequential,2,4187f1b6-f76d-4974-be27-de9460a62a8b,C-F,generation_log,0.268635336221,0.268635336221,464,0.0718,0.28,734,0.109,0.31,0.367847411444,0.34128440367,0.0967741935484,,
classic_revolution_8x5,RTLLM,Prob043_RAM,sequential,3,b578233c-a668-46ce-8f05-5830dc90dce3,C-F,generation_log,0.236619081526,0.236619081526,506,0.069,0.3,734,0.109,0.31,0.310626702997,0.366972477064,0.0322580645161,,
classic_revolution_8x5,RTLLM,Prob043_RAM,sequential,3,4db0f2b9-faed-4efb-82dd-f9b69d92f8a6,M-I,generation_log,0.321642677874,0.321642677874,454,0.0665,0.25,734,0.109,0.31,0.381471389646,0.389908256881,0.193548387097,,
classic_revolution_8x5,RTLLM,Prob043_RAM,sequential,3,80813631-6f86-4d3d-a651-24a8ae9e0906,M-R,generation_log,0.321642677874,0.321642677874,454,0.0665,0.25,734,0.109,0.31,0.381471389646,0.389908256881,0.193548387097,,
classic_revolution_8x5,RTLLM,Prob043_RAM,sequential,3,a34a2222-5e60-4e97-bbe2-c4aabed3c993,M-S,generation_log,0.426122637576,0.426122637576,422,0.0617,0.18,734,0.109,0.31,0.425068119891,0.433944954128,0.41935483871,,
classic_revolution_8x5,RTLLM,Prob043_RAM,sequential,3,e592b6bc-f0fe-463e-a2da-c9e75e024c4b,M-R,generation_log,0.321642677874,0.321642677874,454,0.0665,0.25,734,0.109,0.31,0.381471389646,0.389908256881,0.193548387097,,
classic_revolution_8x5,RTLLM,Prob043_RAM,sequential,3,a8e8665c-14c7-44c6-aabf-eb86e21eb8ba,M-I,generation_log,0.236619081526,0.236619081526,506,0.069,0.3,734,0.109,0.31,0.310626702997,0.366972477064,0.0322580645161,,
classic_revolution_8x5,RTLLM,Prob043_RAM,sequential,3,c0a67276-c8f2-4289-a8d8-512b8f28f898,M-R,generation_log,0.236619081526,0.236619081526,506,0.069,0.3,734,0.109,0.31,0.310626702997,0.366972477064,0.0322580645161,,
classic_revolution_8x5,RTLLM,Prob043_RAM,sequential,3,85e4f6c2-7ef7-4b81-872e-8395e92a5c89,C-F,generation_log,0.268635336221,0.268635336221,464,0.0718,0.28,734,0.109,0.31,0.367847411444,0.34128440367,0.0967741935484,,
classic_revolution_8x5,RTLLM,Prob043_RAM,sequential,4,4616950c-235d-404a-95e0-cec2231947f1,M-S,generation_log,0.236619081526,0.236619081526,506,0.069,0.3,734,0.109,0.31,0.310626702997,0.366972477064,0.0322580645161,,
classic_revolution_8x5,RTLLM,Prob043_RAM,sequential,4,3ed2d548-77d9-4998-893a-a96f42a74946,C-F,generation_log,0.287589909251,0.287589909251,452,0.0709,0.27,734,0.109,0.31,0.384196185286,0.349541284404,0.129032258065,,
classic_revolution_8x5,RTLLM,Prob043_RAM,sequential,4,21590e18-58a2-4115-a15d-acd490c4748b,M-R,generation_log,0.321642677874,0.321642677874,454,0.0665,0.25,734,0.109,0.31,0.381471389646,0.389908256881,0.193548387097,,
classic_revolution_8x5,RTLLM,Prob043_RAM,sequential,4,14dddf4b-e100-419b-8b3b-2988c238d008,M-E,generation_log,0.377893620344,0.377893620344,506,0.0439,0.24,734,0.109,0.31,0.310626702997,0.597247706422,0.225806451613,,
classic_revolution_8x5,RTLLM,Prob043_RAM,sequential,4,c19a34a4-0667-4110-a987-ac8fff211256,M-R,generation_log,0.236619081526,0.236619081526,506,0.069,0.3,734,0.109,0.31,0.310626702997,0.366972477064,0.0322580645161,,
classic_revolution_8x5,RTLLM,Prob043_RAM,sequential,4,051aa35b-174b-4d39-a8d1-fb5f82e8edbb,M-E,generation_log,0.223580892723,0.223580892723,497,0.0746,0.3,734,0.109,0.31,0.322888283379,0.315596330275,0.0322580645161,,
classic_revolution_8x5,RTLLM,Prob043_RAM,sequential,4,f7c5dfd4-bab5-49e9-acdc-e51344a904ce,C-F,generation_log,0.321642677874,0.321642677874,454,0.0665,0.25,734,0.109,0.31,0.381471389646,0.389908256881,0.193548387097,,
classic_revolution_8x5,RTLLM,Prob043_RAM,sequential,5,e89c64bd-38d2-477c-a1f1-b75a73a7af9a,M-R,generation_log,0.321642677874,0.321642677874,454,0.0665,0.25,734,0.109,0.31,0.381471389646,0.389908256881,0.193548387097,,
classic_revolution_8x5,RTLLM,Prob043_RAM,sequential,5,0ddaaa54-a7b3-4ecc-af3d-219ca2244679,M-S,generation_log,0.390495148348,0.390495148348,466,0.0633,0.19,734,0.109,0.31,0.365122615804,0.419266055046,0.387096774194,,
classic_revolution_8x5,RTLLM,Prob043_RAM,sequential,5,d0b9749a-fd0d-4fee-b755-c7966f5d1615,M-S,generation_log,0.390495148348,0.390495148348,466,0.0633,0.19,734,0.109,0.31,0.365122615804,0.419266055046,0.387096774194,,
classic_revolution_8x5,RTLLM,Prob043_RAM,sequential,5,91212a9b-d3d9-48d2-af6a-e0816dd6896f,M-I,generation_log,0.236619081526,0.236619081526,506,0.069,0.3,734,0.109,0.31,0.310626702997,0.366972477064,0.0322580645161,,
classic_revolution_8x5,RTLLM,Prob043_RAM,sequential,5,a55ea58c-a2cc-4fda-84d3-4950932b047f,M-E,generation_log,0.377893620344,0.377893620344,506,0.0439,0.24,734,0.109,0.31,0.310626702997,0.597247706422,0.225806451613,,
classic_revolution_8x5,RTLLM,Prob043_RAM,sequential,5,5fbf4130-2f29-4739-817e-c2ba45549b13,M-E,generation_log,0.22674898845,0.22674898845,521,0.07,0.3,734,0.109,0.31,0.290190735695,0.357798165138,0.0322580645161,,
classic_revolution_8x5,RTLLM,Prob043_RAM,sequential,5,ff0be688-a8df-463f-b365-a3b5f87fe8d5,M-S,generation_log,0.268635336221,0.268635336221,464,0.0718,0.28,734,0.109,0.31,0.367847411444,0.34128440367,0.0967741935484,,
classic_revolution_8x5,RTLLM,Prob043_RAM,sequential,5,627aa76d-2049-4aca-9a9a-c251e56009cc,M-S,generation_log,0.236619081526,0.236619081526,506,0.069,0.3,734,0.109,0.31,0.310626702997,0.366972477064,0.0322580645161,,
classic_revolution_8x5,RTLLM,Prob044_ROM,combinational,0,fbccbae3-79d8-4267-b16c-97d391eccab6,initial,generation_log,0.329430894309,0.494146341463,14,2.4e-06,0,14,0.000205,0,0,0.988292682927,0,,
classic_revolution_8x5,RTLLM,Prob044_ROM,combinational,0,bdc87f56-f831-42cf-802b-4a218767f99d,initial,generation_log,0.329430894309,0.494146341463,14,2.4e-06,0,14,0.000205,0,0,0.988292682927,0,,
classic_revolution_8x5,RTLLM,Prob044_ROM,combinational,0,8cb0120f-8c71-4169-9f42-e555bfc7cde7,initial,generation_log,0.329430894309,0.494146341463,14,2.4e-06,0,14,0.000205,0,0,0.988292682927,0,,
classic_revolution_8x5,RTLLM,Prob044_ROM,combinational,0,3e1156c5-089b-4b4e-b8f2-4ff75931126e,initial,generation_log,0.329430894309,0.494146341463,14,2.4e-06,0,14,0.000205,0,0,0.988292682927,0,,
classic_revolution_8x5,RTLLM,Prob044_ROM,combinational,0,2fe8b6a7-d5d4-4549-b2f7-76df4deba2ce,initial,generation_log,0.329430894309,0.494146341463,14,2.4e-06,0,14,0.000205,0,0,0.988292682927,0,,
classic_revolution_8x5,RTLLM,Prob044_ROM,combinational,0,0675b2d6-c447-4f21-851e-b7d86dfba44d,initial,generation_log,0.329430894309,0.494146341463,14,2.4e-06,0,14,0.000205,0,0,0.988292682927,0,,
classic_revolution_8x5,RTLLM,Prob044_ROM,combinational,0,1329ab08-24e7-4172-ba2f-827cb6a73195,initial,generation_log,0.329430894309,0.494146341463,14,2.4e-06,0,14,0.000205,0,0,0.988292682927,0,,
classic_revolution_8x5,RTLLM,Prob044_ROM,combinational,0,30946905-fb92-4070-8fba-a6f0e7496d87,initial,generation_log,0.329430894309,0.494146341463,14,2.4e-06,0,14,0.000205,0,0,0.988292682927,0,,
classic_revolution_8x5,RTLLM,Prob044_ROM,combinational,1,cc9ecf51-504d-44a6-9cbc-e62c847b9934,M-I,generation_log,0.329430894309,0.494146341463,14,2.4e-06,0,14,0.000205,0,0,0.988292682927,0,,
classic_revolution_8x5,RTLLM,Prob044_ROM,combinational,1,20193b21-b227-4c87-b4c6-6ab52196f92c,C-F,generation_log,-0,0,14,0.000205,0,14,0.000205,0,0,0,0,,
classic_revolution_8x5,RTLLM,Prob044_ROM,combinational,1,3b395bd9-1305-4aa3-afa1-e4422440f3e5,M-S,generation_log,0.187029036005,0.280543554007,20,2.12e-06,0,14,0.000205,0,-0.428571428571,0.989658536585,0,,
classic_revolution_8x5,RTLLM,Prob044_ROM,combinational,1,3b8fe687-c9c3-42a5-87f3-19d19743f79d,M-R,generation_log,0.329430894309,0.494146341463,14,2.4e-06,0,14,0.000205,0,0,0.988292682927,0,,
classic_revolution_8x5,RTLLM,Prob044_ROM,combinational,1,0fadf814-bcd1-44e4-8edf-2a4f3623daac,C-F,generation_log,0.329430894309,0.494146341463,14,2.4e-06,0,14,0.000205,0,0,0.988292682927,0,,
classic_revolution_8x5,RTLLM,Prob044_ROM,combinational,2,54cf638b-9adc-48a5-95e9-bb7e518cda03,M-R,generation_log,0.329430894309,0.494146341463,14,2.4e-06,0,14,0.000205,0,0,0.988292682927,0,,
classic_revolution_8x5,RTLLM,Prob044_ROM,combinational,2,f5134480-549b-4cd3-8b46-420c860c61a3,M-R,generation_log,0.187029036005,0.280543554007,20,2.12e-06,0,14,0.000205,0,-0.428571428571,0.989658536585,0,,
classic_revolution_8x5,RTLLM,Prob044_ROM,combinational,2,fa790400-7abb-406b-a894-68061737795d,M-S,generation_log,0.187012775842,0.280519163763,20,2.13e-06,0,14,0.000205,0,-0.428571428571,0.989609756098,0,,
classic_revolution_8x5,RTLLM,Prob044_ROM,combinational,3,60eb898d-9312-4d82-be74-948c50020e93,C-F,generation_log,0.329430894309,0.494146341463,14,2.4e-06,0,14,0.000205,0,0,0.988292682927,0,,
classic_revolution_8x5,RTLLM,Prob044_ROM,combinational,3,17b59c4c-aec8-4825-8ff3-78309b610c16,M-I,generation_log,0.187012775842,0.280519163763,20,2.13e-06,0,14,0.000205,0,-0.428571428571,0.989609756098,0,,
classic_revolution_8x5,RTLLM,Prob044_ROM,combinational,3,e5bd4f49-595e-4591-9279-03d2797751fd,M-S,generation_log,0.328048780488,0.492073170732,14,3.25e-06,0,14,0.000205,0,0,0.984146341463,0,,
classic_revolution_8x5,RTLLM,Prob044_ROM,combinational,4,5dd75f16-af02-464d-8826-c0fa1d2f2a59,M-R,generation_log,0.329430894309,0.494146341463,14,2.4e-06,0,14,0.000205,0,0,0.988292682927,0,,
classic_revolution_8x5,RTLLM,Prob044_ROM,combinational,4,473a7541-f97f-4aef-98b3-7ce43a4549d2,M-S,generation_log,0.187012775842,0.280519163763,20,2.13e-06,0,14,0.000205,0,-0.428571428571,0.989609756098,0,,
classic_revolution_8x5,RTLLM,Prob044_ROM,combinational,4,244a37b3-cf2b-47ed-a5a4-ab4331e3a4e4,M-R,generation_log,0.328048780488,0.492073170732,14,3.25e-06,0,14,0.000205,0,0,0.984146341463,0,,
classic_revolution_8x5,RTLLM,Prob044_ROM,combinational,4,08d0a9a0-ae7f-4ae7-8ede-47a58b5e6a39,C-F,generation_log,0.329430894309,0.494146341463,14,2.4e-06,0,14,0.000205,0,0,0.988292682927,0,,
classic_revolution_8x5,RTLLM,Prob044_ROM,combinational,4,19ded51a-b2d1-4044-9e6b-cd234b9b1225,M-R,generation_log,0.187029036005,0.280543554007,20,2.12e-06,0,14,0.000205,0,-0.428571428571,0.989658536585,0,,
classic_revolution_8x5,RTLLM,Prob044_ROM,combinational,5,7798669e-08ca-49dc-94fa-067ac12eedd9,M-S,generation_log,0.187012775842,0.280519163763,20,2.13e-06,0,14,0.000205,0,-0.428571428571,0.989609756098,0,,
classic_revolution_8x5,RTLLM,Prob044_ROM,combinational,5,a9e4772f-042e-4d83-b761-a99d908f1576,M-S,generation_log,0.187029036005,0.280543554007,20,2.12e-06,0,14,0.000205,0,-0.428571428571,0.989658536585,0,,
classic_revolution_8x5,RTLLM,Prob044_ROM,combinational,5,eb8453a2-f2c5-44e6-9d9b-03f89132dd61,M-S,generation_log,0.187012775842,0.280519163763,20,2.13e-06,0,14,0.000205,0,-0.428571428571,0.989609756098,0,,
classic_revolution_8x5,RTLLM,Prob044_ROM,combinational,5,34eff135-15b7-4313-8317-f5a282cb4480,M-S,generation_log,0.187012775842,0.280519163763,20,2.13e-06,0,14,0.000205,0,-0.428571428571,0.989609756098,0,,
classic_revolution_8x5,RTLLM,Prob045_alu,combinational,0,9255c54a-a21d-461d-bf23-95c870b5580f,initial,generation_log,0.362779748998,0.544169623497,2006,0.00115,0,2225,0.114,0,0.0984269662921,0.989912280702,0,,
classic_revolution_8x5,RTLLM,Prob045_alu,combinational,0,9104b290-4fb5-493a-ac8f-50b82c64d5ba,initial,generation_log,0.386713318878,0.580069978317,1848,0.00106,0,2225,0.114,0,0.169438202247,0.990701754386,0,,
classic_revolution_8x5,RTLLM,Prob045_alu,combinational,0,259bd750-ac14-48a0-8990-3f14ea1fdb82,initial,generation_log,0.369700374532,0.554550561798,1960,0.00114,0,2225,0.114,0,0.119101123596,0.99,0,,
classic_revolution_8x5,RTLLM,Prob045_alu,combinational,1,fc21291b-cd98-42e2-8268-c9913fccb8d8,M-F,generation_log,0.383563637558,0.575345456337,1870,0.00101,0,2225,0.114,0,0.159550561798,0.991140350877,0,,
classic_revolution_8x5,RTLLM,Prob045_alu,combinational,1,72f1d0d4-722a-4bee-b1c8-81b8015de15e,M-I,generation_log,0.373288652342,0.559932978514,1938,0.00104,0,2225,0.114,0,0.128988764045,0.990877192982,0,,
classic_revolution_8x5,RTLLM,Prob045_alu,combinational,1,0ca7bd70-a621-409c-bc15-7978887e04d7,C-F,generation_log,0.382814573888,0.574221860832,1875,0.00101,0,2225,0.114,0,0.157303370787,0.991140350877,0,,
classic_revolution_8x5,RTLLM,Prob045_alu,combinational,1,687f13ee-325a-4e03-85e7-b4f8f135bb70,M-S,generation_log,0.373288652342,0.559932978514,1938,0.00104,0,2225,0.114,0,0.128988764045,0.990877192982,0,,
classic_revolution_8x5,RTLLM,Prob045_alu,combinational,2,226c9302-f46e-40cd-918e-8b30eddf8f35,M-R,generation_log,0.385872922005,0.578809383008,1854,0.00104,0,2225,0.114,0,0.166741573034,0.990877192982,0,,
classic_revolution_8x5,RTLLM,Prob045_alu,combinational,2,8b9c6bb1-2815-4cba-96ca-cbd61141a73b,M-E,generation_log,0.364095209935,0.546142814902,1998,0.00111,0,2225,0.114,0,0.10202247191,0.990263157895,0,,
classic_revolution_8x5,RTLLM,Prob045_alu,combinational,2,67e97e5c-4dd0-4f59-927a-7ecbf60183e4,M-R,generation_log,0.383983835994,0.575975753992,1867,0.00102,0,2225,0.114,0,0.160898876404,0.991052631579,0,,
classic_revolution_8x5,RTLLM,Prob045_alu,combinational,2,50df17f3-07d2-4820-99a1-02ec4734e442,M-R,generation_log,0.373288652342,0.559932978514,1938,0.00104,0,2225,0.114,0,0.128988764045,0.990877192982,0,,
classic_revolution_8x5,RTLLM,Prob045_alu,combinational,2,1008e70e-5ee1-472b-af77-07b5ac04c434,M-E,generation_log,0.404674157303,0.607011235955,1731,0.000912,0,2225,0.114,0,0.22202247191,0.992,0,,
classic_revolution_8x5,RTLLM,Prob045_alu,combinational,3,a4e9fa3d-46cf-413b-8505-c43cb895b823,C-F,generation_log,0.375864708588,0.563797062882,1921,0.00103,0,2225,0.114,0,0.136629213483,0.990964912281,0,,
classic_revolution_8x5,RTLLM,Prob045_alu,combinational,3,819d608a-1d35-4db1-9524-c12dcbc739d6,M-S,generation_log,0.373288652342,0.559932978514,1938,0.00104,0,2225,0.114,0,0.128988764045,0.990877192982,0,,
classic_revolution_8x5,RTLLM,Prob045_alu,combinational,3,a2f05aa7-bd57-4047-9d62-f3b2bda6dbb2,M-S,generation_log,0.385196267823,0.577794401735,1860,0.000964,0,2225,0.114,0,0.16404494382,0.991543859649,0,,
classic_revolution_8x5,RTLLM,Prob045_alu,combinational,3,4830f445-9eb1-43cb-b2fe-b5b9f94b6f63,C-F,generation_log,0.381016821079,0.571525231618,1887,0.00101,0,2225,0.114,0,0.15191011236,0.991140350877,0,,
classic_revolution_8x5,RTLLM,Prob045_alu,combinational,3,7ec1ff3d-1e26-48b0-b843-80fc4be8d254,M-R,generation_log,0.371790525002,0.557685787502,1948,0.00104,0,2225,0.114,0,0.124494382022,0.990877192982,0,,
classic_revolution_8x5,RTLLM,Prob045_alu,combinational,3,81ed62ca-ed71-4102-adf1-5cd0559c7830,C-F,generation_log,0.388413200605,0.582619800907,1838,0.000991,0,2225,0.114,0,0.17393258427,0.991307017544,0,,
classic_revolution_8x5,RTLLM,Prob045_alu,combinational,3,02d51b30-2051-4ac5-ab7d-2da0f6ed4c18,M-I,generation_log,0.373288652342,0.559932978514,1938,0.00104,0,2225,0.114,0,0.128988764045,0.990877192982,0,,
classic_revolution_8x5,RTLLM,Prob045_alu,combinational,4,98cda60f-35b6-4874-9a13-df754017e50a,M-S,generation_log,0.388413200605,0.582619800907,1838,0.000991,0,2225,0.114,0,0.17393258427,0.991307017544,0,,
classic_revolution_8x5,RTLLM,Prob045_alu,combinational,4,f754c485-2583-43af-bb1a-27c966f20f36,C-F,generation_log,0.373288652342,0.559932978514,1938,0.00104,0,2225,0.114,0,0.128988764045,0.990877192982,0,,
classic_revolution_8x5,RTLLM,Prob045_alu,combinational,4,2d13f966-dcf3-4a69-acee-82c279c04b44,M-E,generation_log,0.41105470136,0.61658205204,1688,0.000933,0,2225,0.114,0,0.241348314607,0.991815789474,0,,
classic_revolution_8x5,RTLLM,Prob045_alu,combinational,4,eff261e3-504c-4f30-b93b-b8102fce2568,M-R,generation_log,0.385196267823,0.577794401735,1860,0.000964,0,2225,0.114,0,0.16404494382,0.991543859649,0,,
classic_revolution_8x5,RTLLM,Prob045_alu,combinational,4,4b57d6d7-862d-4f84-82df-500a90b3f673,M-S,generation_log,0.373288652342,0.559932978514,1938,0.00104,0,2225,0.114,0,0.128988764045,0.990877192982,0,,
classic_revolution_8x5,RTLLM,Prob045_alu,combinational,4,4890f194-52b4-4da7-bb49-b996bb0a9188,M-S,generation_log,0.388563013339,0.582844520008,1837,0.000991,0,2225,0.114,0,0.174382022472,0.991307017544,0,,
classic_revolution_8x5,RTLLM,Prob045_alu,combinational,4,30633417-356b-4cd6-8265-00f55a24774f,M-E,generation_log,0.395956468888,0.593934703331,1788,0.000973,0,2225,0.114,0,0.196404494382,0.991464912281,0,,
classic_revolution_8x5,RTLLM,Prob045_alu,combinational,5,0bc24a6e-d3ba-45d1-9385-073e1b45a84d,M-I,generation_log,0.369963532427,0.55494529864,1960,0.00105,0,2225,0.114,0,0.119101123596,0.990789473684,0,,
classic_revolution_8x5,RTLLM,Prob045_alu,combinational,5,36fc3488-85a2-4454-8556-1207534f3899,C-F,generation_log,0.40043330705,0.600649960576,1758,0.000979,0,2225,0.114,0,0.209887640449,0.991412280702,0,,
classic_revolution_8x5,RTLLM,Prob045_alu,combinational,5,b1332175-2d4d-4824-a2ab-e7cb86a49563,M-I,generation_log,0.389302615152,0.583953922728,1833,0.000943,0,2225,0.114,0,0.176179775281,0.991728070175,0,,
classic_revolution_8x5,RTLLM,Prob045_alu,combinational,5,cdcbe00a-393e-4f36-9edb-db865e9bb51a,M-I,generation_log,0.397040245745,0.595560368618,1781,0.000961,0,2225,0.114,0,0.199550561798,0.991570175439,0,,
classic_revolution_8x5,RTLLM,Prob045_alu,combinational,5,2de0cdf1-4d01-4678-9cdb-13688e34f05a,C-F,generation_log,0.396632433143,0.594948649714,1783,0.000998,0,2225,0.114,0,0.198651685393,0.991245614035,0,,
classic_revolution_8x5,RTLLM,Prob045_alu,combinational,5,7785fe0c-9262-4b2a-87ab-08fcfb1de165,C-F,generation_log,0.388413200605,0.582619800907,1838,0.000991,0,2225,0.114,0,0.17393258427,0.991307017544,0,,
classic_revolution_8x5,RTLLM,Prob047_instr_reg,sequential,0,ecfd7d2d-1876-47fe-82ca-0b498182c28c,initial,generation_log,-0.016372440449,-0.016372440449,123,0.0131,0.18,119,0.0129,0.18,-0.0336134453782,-0.015503875969,0,,
classic_revolution_8x5,RTLLM,Prob047_instr_reg,sequential,0,5c4864ed-ec50-4e59-859b-2379366c6742,initial,generation_log,-0.016372440449,-0.016372440449,123,0.0131,0.18,119,0.0129,0.18,-0.0336134453782,-0.015503875969,0,,
classic_revolution_8x5,RTLLM,Prob047_instr_reg,sequential,0,6f14d4d9-3a9d-4953-bb75-439419ff88bc,initial,generation_log,-0.256349568251,-0.256349568251,177,0.0151,0.2,119,0.0129,0.18,-0.487394957983,-0.170542635659,-0.111111111111,,
classic_revolution_8x5,RTLLM,Prob047_instr_reg,sequential,0,a40460a7-cd9d-4ea1-bee2-b61b0148f9b4,initial,generation_log,-0.256349568251,-0.256349568251,177,0.0151,0.2,119,0.0129,0.18,-0.487394957983,-0.170542635659,-0.111111111111,,
classic_revolution_8x5,RTLLM,Prob047_instr_reg,sequential,0,e57aed67-08f4-44a4-84d2-f65d9ef84668,initial,generation_log,-0.256349568251,-0.256349568251,177,0.0151,0.2,119,0.0129,0.18,-0.487394957983,-0.170542635659,-0.111111111111,,
classic_revolution_8x5,RTLLM,Prob047_instr_reg,sequential,0,c59b6cd6-51e0-4461-8bb4-70717711ea69,initial,generation_log,-0.256349568251,-0.256349568251,177,0.0151,0.2,119,0.0129,0.18,-0.487394957983,-0.170542635659,-0.111111111111,,
classic_revolution_8x5,RTLLM,Prob047_instr_reg,sequential,0,a9b3a602-d051-43aa-b4f4-3e50c7c69dcc,initial,generation_log,-0.256349568251,-0.256349568251,177,0.0151,0.2,119,0.0129,0.18,-0.487394957983,-0.170542635659,-0.111111111111,,
classic_revolution_8x5,RTLLM,Prob047_instr_reg,sequential,0,8cf497cb-1ec6-4724-bc6d-451ce5fbeaed,initial,generation_log,-0.256349568251,-0.256349568251,177,0.0151,0.2,119,0.0129,0.18,-0.487394957983,-0.170542635659,-0.111111111111,,
classic_revolution_8x5,RTLLM,Prob047_instr_reg,sequential,1,6a36c14d-e39a-4f96-8795-8695570b7dc0,M-S,generation_log,-0.177726387713,-0.177726387713,162,0.0144,0.19,119,0.0129,0.18,-0.361344537815,-0.116279069767,-0.0555555555556,,
classic_revolution_8x5,RTLLM,Prob047_instr_reg,sequential,1,c0232907-8f7c-461e-b3f2-778a6e84959e,C-F,generation_log,-0.256349568251,-0.256349568251,177,0.0151,0.2,119,0.0129,0.18,-0.487394957983,-0.170542635659,-0.111111111111,,
classic_revolution_8x5,RTLLM,Prob047_instr_reg,sequential,1,7d7993be-c3b4-4ff2-bfad-94b2f36cd2f5,M-I,generation_log,-0.256349568251,-0.256349568251,177,0.0151,0.2,119,0.0129,0.18,-0.487394957983,-0.170542635659,-0.111111111111,,
classic_revolution_8x5,RTLLM,Prob047_instr_reg,sequential,1,d38b27de-4e01-4502-b41d-c285eb977cb6,M-R,generation_log,-0.0572963035343,-0.0572963035343,129,0.0126,0.2,119,0.0129,0.18,-0.0840336134454,0.0232558139535,-0.111111111111,,
classic_revolution_8x5,RTLLM,Prob047_instr_reg,sequential,1,cb2638f9-668e-4544-9bed-a02f61b6317a,C-F,generation_log,-0.256349568251,-0.256349568251,177,0.0151,0.2,119,0.0129,0.18,-0.487394957983,-0.170542635659,-0.111111111111,,
classic_revolution_8x5,RTLLM,Prob047_instr_reg,sequential,1,d4cdfa1e-495e-4428-9bb5-1c7b549382e1,M-R,generation_log,-0.256349568251,-0.256349568251,177,0.0151,0.2,119,0.0129,0.18,-0.487394957983,-0.170542635659,-0.111111111111,,
classic_revolution_8x5,RTLLM,Prob047_instr_reg,sequential,2,992f44f9-08c9-4643-b986-8306e39e01ec,M-S,generation_log,-0.256349568251,-0.256349568251,177,0.0151,0.2,119,0.0129,0.18,-0.487394957983,-0.170542635659,-0.111111111111,,
classic_revolution_8x5,RTLLM,Prob047_instr_reg,sequential,2,ca49c22b-96c5-4348-8c92-4cf789cc6b75,M-I,generation_log,-0.177726387713,-0.177726387713,162,0.0144,0.19,119,0.0129,0.18,-0.361344537815,-0.116279069767,-0.0555555555556,,
classic_revolution_8x5,RTLLM,Prob047_instr_reg,sequential,2,608289ef-8c81-4cf5-b2e2-dadf8df730bb,M-E,generation_log,-0.256349568251,-0.256349568251,177,0.0151,0.2,119,0.0129,0.18,-0.487394957983,-0.170542635659,-0.111111111111,,
classic_revolution_8x5,RTLLM,Prob047_instr_reg,sequential,2,8230b45b-8ca2-4608-a605-3e89c06ecfcc,M-S,generation_log,-0.177726387713,-0.177726387713,162,0.0144,0.19,119,0.0129,0.18,-0.361344537815,-0.116279069767,-0.0555555555556,,
classic_revolution_8x5,RTLLM,Prob047_instr_reg,sequential,2,a76b0c62-8653-447f-86b8-ec2d80ee3674,M-I,generation_log,-0.0572963035343,-0.0572963035343,129,0.0126,0.2,119,0.0129,0.18,-0.0840336134454,0.0232558139535,-0.111111111111,,
classic_revolution_8x5,RTLLM,Prob047_instr_reg,sequential,3,a0c95600-d3d6-448d-9fc0-cf94c12e4160,C-F,generation_log,-0.256349568251,-0.256349568251,177,0.0151,0.2,119,0.0129,0.18,-0.487394957983,-0.170542635659,-0.111111111111,,
classic_revolution_8x5,RTLLM,Prob047_instr_reg,sequential,3,ef6a38b4-af53-421a-91dd-f705efcbf456,C-F,generation_log,-0.177726387713,-0.177726387713,162,0.0144,0.19,119,0.0129,0.18,-0.361344537815,-0.116279069767,-0.0555555555556,,
classic_revolution_8x5,RTLLM,Prob047_instr_reg,sequential,3,68f42d56-1cf3-40b1-bbf0-d5ea6472dd0b,M-I,generation_log,-0.269920888252,-0.269920888252,180,0.0153,0.2,119,0.0129,0.18,-0.512605042017,-0.186046511628,-0.111111111111,,
classic_revolution_8x5,RTLLM,Prob047_instr_reg,sequential,3,51ca36a0-3ca0-4561-b2d9-9a6ed284e82c,C-F,generation_log,-0.256349568251,-0.256349568251,177,0.0151,0.2,119,0.0129,0.18,-0.487394957983,-0.170542635659,-0.111111111111,,
classic_revolution_8x5,RTLLM,Prob047_instr_reg,sequential,3,dd7c7579-ce01-4fa1-a90f-de6cfdf7df10,M-S,generation_log,-0.256349568251,-0.256349568251,177,0.0151,0.2,119,0.0129,0.18,-0.487394957983,-0.170542635659,-0.111111111111,,
classic_revolution_8x5,RTLLM,Prob047_instr_reg,sequential,3,6dd79a47-ad8b-4ded-ae92-b9ef4d6e03c2,M-S,generation_log,-0.256349568251,-0.256349568251,177,0.0151,0.2,119,0.0129,0.18,-0.487394957983,-0.170542635659,-0.111111111111,,
classic_revolution_8x5,RTLLM,Prob047_instr_reg,sequential,4,b1ab07e3-c64e-4fe9-8e8a-8244cb0988ae,M-S,generation_log,-0.256349568251,-0.256349568251,177,0.0151,0.2,119,0.0129,0.18,-0.487394957983,-0.170542635659,-0.111111111111,,
classic_revolution_8x5,RTLLM,Prob047_instr_reg,sequential,4,63b6e043-d77c-4fa6-82ce-4a8ee9804a86,C-F,generation_log,-0.0572963035343,-0.0572963035343,129,0.0126,0.2,119,0.0129,0.18,-0.0840336134454,0.0232558139535,-0.111111111111,,
classic_revolution_8x5,RTLLM,Prob047_instr_reg,sequential,4,aa4092b2-2f96-43c4-a681-47c9e92749cc,M-S,generation_log,-0.256349568251,-0.256349568251,177,0.0151,0.2,119,0.0129,0.18,-0.487394957983,-0.170542635659,-0.111111111111,,
classic_revolution_8x5,RTLLM,Prob047_instr_reg,sequential,4,b2b2e3b5-9ae7-4965-9669-4f19b3e17e39,M-S,generation_log,-0.256349568251,-0.256349568251,177,0.0151,0.2,119,0.0129,0.18,-0.487394957983,-0.170542635659,-0.111111111111,,
classic_revolution_8x5,RTLLM,Prob047_instr_reg,sequential,5,b36a521b-653d-495e-bf0b-886aae543984,M-S,generation_log,-0.256349568251,-0.256349568251,177,0.0151,0.2,119,0.0129,0.18,-0.487394957983,-0.170542635659,-0.111111111111,,
classic_revolution_8x5,RTLLM,Prob047_instr_reg,sequential,5,6dbc0737-758c-49c4-8132-50a9772de9f0,M-E,generation_log,-0.256349568251,-0.256349568251,177,0.0151,0.2,119,0.0129,0.18,-0.487394957983,-0.170542635659,-0.111111111111,,
classic_revolution_8x5,RTLLM,Prob048_pe,sequential,0,60a5726e-2c60-406b-b682-de8b18080021,initial,generation_log,0.000835688660356,0.000835688660356,3450,0.45,1.57,3451,0.451,1.57,0.000289771080846,0.00221729490022,0,,
classic_revolution_8x5,RTLLM,Prob048_pe,sequential,0,bbfd6eb8-44de-471f-aa3f-e9c4e332b6e6,initial,generation_log,-0,0,3451,0.451,1.57,3451,0.451,1.57,0,0,0,,
classic_revolution_8x5,RTLLM,Prob048_pe,sequential,0,42c4b5c8-c6f3-462d-9e5f-2d3e0b8b8445,initial,generation_log,0.000835688660356,0.000835688660356,3450,0.45,1.57,3451,0.451,1.57,0.000289771080846,0.00221729490022,0,,
classic_revolution_8x5,RTLLM,Prob048_pe,sequential,0,16d1d200-029f-411e-9281-cc3969d80208,initial,generation_log,-0,0,3451,0.451,1.57,3451,0.451,1.57,0,0,0,,
classic_revolution_8x5,RTLLM,Prob048_pe,sequential,0,ef23bbca-3605-4e92-ba43-470182290f52,initial,generation_log,0.000835688660356,0.000835688660356,3450,0.45,1.57,3451,0.451,1.57,0.000289771080846,0.00221729490022,0,,
classic_revolution_8x5,RTLLM,Prob048_pe,sequential,0,8ab9bc8a-b9ff-4efd-8f62-6f8fb1115e1a,initial,generation_log,0.00263728092353,0.00263728092353,3439,0.449,1.57,3451,0.451,1.57,0.00347725297015,0.00443458980044,0,,
classic_revolution_8x5,RTLLM,Prob048_pe,sequential,0,235e2177-eab2-49cc-a5c9-4766bec3cba0,initial,generation_log,0.000835688660356,0.000835688660356,3450,0.45,1.57,3451,0.451,1.57,0.000289771080846,0.00221729490022,0,,
classic_revolution_8x5,RTLLM,Prob048_pe,sequential,1,1782aa61-9fdf-4b89-9c9c-4186da800f90,M-S,generation_log,0.000835688660356,0.000835688660356,3450,0.45,1.57,3451,0.451,1.57,0.000289771080846,0.00221729490022,0,,
classic_revolution_8x5,RTLLM,Prob048_pe,sequential,1,d02e1fba-ab35-4deb-9fb4-8ddf64aa7a60,M-S,generation_log,0.000835688660356,0.000835688660356,3450,0.45,1.57,3451,0.451,1.57,0.000289771080846,0.00221729490022,0,,
classic_revolution_8x5,RTLLM,Prob048_pe,sequential,2,482cb64c-4e52-406d-a14c-1754f0c208f9,M-S,generation_log,0.0150051495238,0.0150051495238,3400,0.423,1.62,3451,0.451,1.57,0.0147783251232,0.0620842572062,-0.031847133758,,
classic_revolution_8x5,RTLLM,Prob048_pe,sequential,2,8a48a5a4-009a-486a-83f0-01b2e2961ebe,M-S,generation_log,0.00555029869928,0.00555029869928,3451,0.432,1.61,3451,0.451,1.57,0,0.0421286031042,-0.0254777070064,,
classic_revolution_8x5,RTLLM,Prob048_pe,sequential,2,754a71e2-af33-44df-bd24-70c1fd3d0e0e,M-S,generation_log,0.00555029869928,0.00555029869928,3451,0.432,1.61,3451,0.451,1.57,0,0.0421286031042,-0.0254777070064,,
classic_revolution_8x5,RTLLM,Prob048_pe,sequential,3,72b712c5-abae-4e5e-a799-45d1ce7bd2c8,M-S,generation_log,0.0150051495238,0.0150051495238,3400,0.423,1.62,3451,0.451,1.57,0.0147783251232,0.0620842572062,-0.031847133758,,
classic_revolution_8x5,RTLLM,Prob048_pe,sequential,3,9d8c28c8-5b4a-4457-84f0-4daee22d1050,M-R,generation_log,0.0150051495238,0.0150051495238,3400,0.423,1.62,3451,0.451,1.57,0.0147783251232,0.0620842572062,-0.031847133758,,
classic_revolution_8x5,RTLLM,Prob048_pe,sequential,4,6f56dfd6-0404-43b0-a017-b4838acf8340,M-S,generation_log,0.00263728092353,0.00263728092353,3439,0.449,1.57,3451,0.451,1.57,0.00347725297015,0.00443458980044,0,,
classic_revolution_8x5,RTLLM,Prob048_pe,sequential,4,e0834b51-034c-44e6-96d1-40fdad82eda6,M-S,generation_log,0.00555029869928,0.00555029869928,3451,0.432,1.61,3451,0.451,1.57,0,0.0421286031042,-0.0254777070064,,
classic_revolution_8x5,RTLLM,Prob048_pe,sequential,4,145a0b64-541f-405e-9d5a-a542327735da,M-S,generation_log,0.0150051495238,0.0150051495238,3400,0.423,1.62,3451,0.451,1.57,0.0147783251232,0.0620842572062,-0.031847133758,,
classic_revolution_8x5,RTLLM,Prob048_pe,sequential,5,9444cf02-ec35-4660-9550-c9b91b81d179,M-S,generation_log,0.0120780975194,0.0120780975194,3415,0.425,1.62,3451,0.451,1.57,0.0104317589105,0.0576496674058,-0.031847133758,,
classic_revolution_8x5,RTLLM,Prob048_pe,sequential,5,27fcf2d5-74a1-4385-86c1-1f600768ee59,M-S,generation_log,0.00555029869928,0.00555029869928,3451,0.432,1.61,3451,0.451,1.57,0,0.0421286031042,-0.0254777070064,,
classic_revolution_8x5,RTLLM,Prob048_pe,sequential,5,452a88ca-08be-4b13-bece-c48462b4bb53,M-S,generation_log,0.0118849167989,0.0118849167989,3417,0.425,1.62,3451,0.451,1.57,0.00985221674877,0.0576496674058,-0.031847133758,,
classic_revolution_8x5,RTLLM,Prob049_signal_generator,sequential,0,d1e91360-bfd5-4def-96e3-53f17af91b91,initial,generation_log,0.234774694403,0.234774694403,82,0.00252,0.38,94,0.00467,0.43,0.127659574468,0.460385438972,0.116279069767,,
classic_revolution_8x5,RTLLM,Prob049_signal_generator,sequential,0,d9b7739d-df01-40a4-a74c-53d0441549c2,initial,generation_log,0.234774694403,0.234774694403,82,0.00252,0.38,94,0.00467,0.43,0.127659574468,0.460385438972,0.116279069767,,
classic_revolution_8x5,RTLLM,Prob049_signal_generator,sequential,0,ef741e44-e975-45be-a4fa-d7dcb9332554,initial,generation_log,0.234774694403,0.234774694403,82,0.00252,0.38,94,0.00467,0.43,0.127659574468,0.460385438972,0.116279069767,,
classic_revolution_8x5,RTLLM,Prob049_signal_generator,sequential,0,dbd84cf5-489c-4f1f-8c21-8b4630865f4a,initial,generation_log,0.234774694403,0.234774694403,82,0.00252,0.38,94,0.00467,0.43,0.127659574468,0.460385438972,0.116279069767,,
classic_revolution_8x5,RTLLM,Prob049_signal_generator,sequential,0,18c3e102-b66f-4a6e-ae99-0579a0d86b31,initial,generation_log,0.234774694403,0.234774694403,82,0.00252,0.38,94,0.00467,0.43,0.127659574468,0.460385438972,0.116279069767,,
classic_revolution_8x5,RTLLM,Prob049_signal_generator,sequential,0,a5859b75-7a30-49b1-9b7e-56430c07f300,initial,generation_log,0.234774694403,0.234774694403,82,0.00252,0.38,94,0.00467,0.43,0.127659574468,0.460385438972,0.116279069767,,
classic_revolution_8x5,RTLLM,Prob049_signal_generator,sequential,0,ff739d7d-06a8-406c-bb82-4de33f5b1f81,initial,generation_log,0.234774694403,0.234774694403,82,0.00252,0.38,94,0.00467,0.43,0.127659574468,0.460385438972,0.116279069767,,
classic_revolution_8x5,RTLLM,Prob049_signal_generator,sequential,0,9fabd148-5fbe-4275-ac34-bc5f16a2614e,initial,generation_log,0.234774694403,0.234774694403,82,0.00252,0.38,94,0.00467,0.43,0.127659574468,0.460385438972,0.116279069767,,
classic_revolution_8x5,RTLLM,Prob049_signal_generator,sequential,1,7f023b94-f190-478f-94b2-9bd754747f37,M-S,generation_log,0.258937650035,0.258937650035,73,0.00252,0.39,94,0.00467,0.43,0.223404255319,0.460385438972,0.093023255814,,
classic_revolution_8x5,RTLLM,Prob049_signal_generator,sequential,1,4055b9b5-8860-4aa4-81f6-8b7eb20e36f6,M-E,generation_log,0.259849383048,0.259849383048,54,0.00432,0.31,94,0.00467,0.43,0.425531914894,0.0749464668094,0.279069767442,,
classic_revolution_8x5,RTLLM,Prob049_signal_generator,sequential,1,8448a21f-9f42-48f9-a118-5d3e8c9df7b5,M-S,generation_log,0.207437714137,0.207437714137,77,0.00326,0.37,94,0.00467,0.43,0.18085106383,0.301927194861,0.139534883721,,
classic_revolution_8x5,RTLLM,Prob049_signal_generator,sequential,2,030dcff4-6d69-4814-9672-dee4a6ddc0f9,C-F,generation_log,0.234774694403,0.234774694403,82,0.00252,0.38,94,0.00467,0.43,0.127659574468,0.460385438972,0.116279069767,,
classic_revolution_8x5,RTLLM,Prob049_signal_generator,sequential,3,f8f9f128-9901-45d2-b7fb-a9e708537ae9,M-I,generation_log,0.0474607979527,0.0474607979527,73,0.0057,0.37,94,0.00467,0.43,0.223404255319,-0.220556745182,0.139534883721,,
classic_revolution_8x5,RTLLM,Prob049_signal_generator,sequential,3,0cd3780c-f726-4079-8a50-aee338512a72,M-I,generation_log,0.000593694826732,0.000593694826732,88,0.00572,0.36,94,0.00467,0.43,0.063829787234,-0.224839400428,0.162790697674,,
classic_revolution_8x5,RTLLM,Prob049_signal_generator,sequential,3,1180707f-562f-421a-8b36-ae783f0ab211,C-F,generation_log,0.263803228132,0.263803228132,76,0.00252,0.37,94,0.00467,0.43,0.191489361702,0.460385438972,0.139534883721,,
classic_revolution_8x5,RTLLM,Prob049_signal_generator,sequential,4,a7ce3f86-c757-4603-9192-0ce503675bf7,C-F,generation_log,0.258937650035,0.258937650035,73,0.00252,0.39,94,0.00467,0.43,0.223404255319,0.460385438972,0.093023255814,,
classic_revolution_8x5,RTLLM,Prob049_signal_generator,sequential,4,89714267-8f99-486c-b559-8b9a7dddc0e9,M-I,generation_log,0.131296440904,0.131296440904,69,0.00505,0.34,94,0.00467,0.43,0.265957446809,-0.0813704496788,0.209302325581,,
classic_revolution_8x5,RTLLM,Prob049_signal_generator,sequential,4,04c41362-ff45-4c91-ab8e-f88ed0074a53,C-F,generation_log,0.234774694403,0.234774694403,82,0.00252,0.38,94,0.00467,0.43,0.127659574468,0.460385438972,0.116279069767,,
classic_revolution_8x5,RTLLM,Prob049_signal_generator,sequential,4,e200915e-6df0-43a9-a720-57fea165a37f,M-E,generation_log,0.211111134656,0.211111134656,59,0.00432,0.35,94,0.00467,0.43,0.372340425532,0.0749464668094,0.186046511628,,
classic_revolution_8x5,RTLLM,Prob049_signal_generator,sequential,4,6c820c28-9570-4aa4-b1e8-96e1cdab00c4,C-F,generation_log,0.234774694403,0.234774694403,82,0.00252,0.38,94,0.00467,0.43,0.127659574468,0.460385438972,0.116279069767,,
classic_revolution_8x5,RTLLM,Prob049_signal_generator,sequential,5,60ebc83a-bf68-4df1-a60e-714fd40b11c8,M-S,generation_log,0.234774694403,0.234774694403,82,0.00252,0.38,94,0.00467,0.43,0.127659574468,0.460385438972,0.116279069767,,
classic_revolution_8x5,RTLLM,Prob049_signal_generator,sequential,5,a71070df-5aea-4400-a357-05d5b33822c9,M-S,generation_log,0.234774694403,0.234774694403,82,0.00252,0.38,94,0.00467,0.43,0.127659574468,0.460385438972,0.116279069767,,
classic_revolution_8x5,RTLLM,Prob049_signal_generator,sequential,5,7bbebaa6-a32f-41fd-9e80-57ff04aa9609,C-F,generation_log,0.263803228132,0.263803228132,76,0.00252,0.37,94,0.00467,0.43,0.191489361702,0.460385438972,0.139534883721,,
classic_revolution_8x5,RTLLM,Prob049_signal_generator,sequential,5,7e62d1d7-703e-44b3-aa68-e27d9f92a181,M-R,generation_log,0.234774694403,0.234774694403,82,0.00252,0.38,94,0.00467,0.43,0.127659574468,0.460385438972,0.116279069767,,
classic_revolution_8x5,RTLLM,Prob049_signal_generator,sequential,5,0720f57d-df02-4a6e-9b59-834e8f34a382,C-F,generation_log,0.263803228132,0.263803228132,76,0.00252,0.37,94,0.00467,0.43,0.191489361702,0.460385438972,0.139534883721,,
classic_revolution_8x5,RTLLM,Prob050_square_wave,sequential,0,58195d5f-0c3e-40ed-8ad2-d8c0d0ca08ab,initial,generation_log,0.00684970344413,0.00684970344413,118,0.0244,0.38,119,0.0247,0.38,0.00840336134454,0.0121457489879,0,,
classic_revolution_8x5,RTLLM,Prob050_square_wave,sequential,0,7faa9257-8eac-41f0-ab4f-c253c3cb44fd,initial,generation_log,-0.016602592454,-0.016602592454,123,0.0251,0.38,119,0.0247,0.38,-0.0336134453782,-0.0161943319838,0,,
classic_revolution_8x5,RTLLM,Prob050_square_wave,sequential,0,f1dfee74-ac0d-46bb-974a-7e2123fe92d3,initial,generation_log,0.00684970344413,0.00684970344413,118,0.0244,0.38,119,0.0247,0.38,0.00840336134454,0.0121457489879,0,,
classic_revolution_8x5,RTLLM,Prob050_square_wave,sequential,0,6d696912-070a-4034-b3dc-45797a7344c1,initial,generation_log,-0.0248018235634,-0.0248018235634,124,0.0255,0.38,119,0.0247,0.38,-0.0420168067227,-0.0323886639676,0,,
classic_revolution_8x5,RTLLM,Prob050_square_wave,sequential,0,b48a39a1-ba88-475c-8a31-a1437ecfadb7,initial,generation_log,-0.0122478141054,-0.0122478141054,120,0.0254,0.38,119,0.0247,0.38,-0.00840336134454,-0.0283400809717,0,,
classic_revolution_8x5,RTLLM,Prob050_square_wave,sequential,0,2a54b5a5-65a1-461b-94d7-be27c962ac58,initial,generation_log,0.00684970344413,0.00684970344413,118,0.0244,0.38,119,0.0247,0.38,0.00840336134454,0.0121457489879,0,,
classic_revolution_8x5,RTLLM,Prob050_square_wave,sequential,0,e0effce1-db0a-40fa-93a1-043246ef916c,initial,generation_log,-0.03081232493,-0.03081232493,130,0.0234,0.4,119,0.0247,0.38,-0.0924369747899,0.0526315789474,-0.0526315789474,,
classic_revolution_8x5,RTLLM,Prob050_square_wave,sequential,0,667970a5-e27b-4454-bf2b-56c557298424,initial,generation_log,0.00550017577881,0.00550017577881,118,0.0245,0.38,119,0.0247,0.38,0.00840336134454,0.0080971659919,0,,
classic_revolution_8x5,RTLLM,Prob050_square_wave,sequential,1,8640813d-2877-45e7-8d3c-bd4a0d641e21,M-S,generation_log,-0.0302623073521,-0.0302623073521,118,0.02,0.49,119,0.0247,0.38,0.00840336134454,0.19028340081,-0.289473684211,,
classic_revolution_8x5,RTLLM,Prob050_square_wave,sequential,1,5ad435c3-e756-4233-a1eb-1ef7591c01d2,M-R,generation_log,-0.0302623073521,-0.0302623073521,118,0.02,0.49,119,0.0247,0.38,0.00840336134454,0.19028340081,-0.289473684211,,
classic_revolution_8x5,RTLLM,Prob050_square_wave,sequential,1,8d07a368-9590-465a-8329-035c1f3e628e,M-I,generation_log,-0.160264915683,-0.160264915683,129,0.0215,0.58,119,0.0247,0.38,-0.0840336134454,0.12955465587,-0.526315789474,,
classic_revolution_8x5,RTLLM,Prob050_square_wave,sequential,1,50f347eb-1f8d-4d1a-a853-4cafb0b8bedf,M-E,generation_log,-0.638842581567,-0.638842581567,210,0.0447,0.51,119,0.0247,0.38,-0.764705882353,-0.80971659919,-0.342105263158,,
classic_revolution_8x5,RTLLM,Prob050_square_wave,sequential,1,eb7b058b-5bde-47f4-b35a-7605444072c6,M-S,generation_log,0.00684970344413,0.00684970344413,118,0.0244,0.38,119,0.0247,0.38,0.00840336134454,0.0121457489879,0,,
classic_revolution_8x5,RTLLM,Prob050_square_wave,sequential,1,76b6a34d-0a1e-4182-907a-3bee98bb7639,M-I,generation_log,-0.0303643724696,-0.0303643724696,119,0.0198,0.49,119,0.0247,0.38,0,0.198380566802,-0.289473684211,,
classic_revolution_8x5,RTLLM,Prob050_square_wave,sequential,1,2ff6fdeb-c7d5-438f-a0b5-42819864a8cf,M-E,generation_log,0.124666870797,0.124666870797,114,0.0191,0.34,119,0.0247,0.38,0.0420168067227,0.226720647773,0.105263157895,,
classic_revolution_8x5,RTLLM,Prob050_square_wave,sequential,2,34730ff0-c8e4-4793-bd1c-159c9658abfd,M-S,generation_log,0.0938091835925,0.0938091835925,99,0.0219,0.38,119,0.0247,0.38,0.168067226891,0.113360323887,0,,
classic_revolution_8x5,RTLLM,Prob050_square_wave,sequential,2,c59fc1a7-1f1d-4997-b4bf-953b73254f55,C-F,generation_log,0.145726306717,0.145726306717,106,0.0192,0.34,119,0.0247,0.38,0.109243697479,0.222672064777,0.105263157895,,
classic_revolution_8x5,RTLLM,Prob050_square_wave,sequential,2,5c00c172-bc40-40ad-a082-3ff323c7a0e9,C-F,generation_log,0.124666870797,0.124666870797,114,0.0191,0.34,119,0.0247,0.38,0.0420168067227,0.226720647773,0.105263157895,,
classic_revolution_8x5,RTLLM,Prob050_square_wave,sequential,2,3fe18a08-ac6c-4b9c-99b5-e7fc541f7b68,M-R,generation_log,0.00455890858368,0.00455890858368,114,0.0254,0.38,119,0.0247,0.38,0.0420168067227,-0.0283400809717,0,,
classic_revolution_8x5,RTLLM,Prob050_square_wave,sequential,2,db3d5946-a473-4a7c-be76-53a218897784,M-E,generation_log,-0.511459644587,-0.511459644587,185,0.0411,0.5,119,0.0247,0.38,-0.554621848739,-0.663967611336,-0.315789473684,,
classic_revolution_8x5,RTLLM,Prob050_square_wave,sequential,2,2874cb23-a6a6-40c7-9df9-06b10cd4276c,M-E,generation_log,0.012406582066,0.012406582066,90,0.0233,0.48,119,0.0247,0.38,0.243697478992,0.0566801619433,-0.263157894737,,
classic_revolution_8x5,RTLLM,Prob050_square_wave,sequential,2,e3099626-4e66-4895-9b3c-b3218624c7fd,M-S,generation_log,-0.0249662618084,-0.0249662618084,119,0.0233,0.43,119,0.0247,0.38,0,0.0566801619433,-0.131578947368,,
classic_revolution_8x5,RTLLM,Prob050_square_wave,sequential,3,cc305dc7-b4c1-4882-bdac-73f422de5cae,M-E,generation_log,0.0356547477291,0.0356547477291,87,0.0222,0.48,119,0.0247,0.38,0.268907563025,0.101214574899,-0.263157894737,,
classic_revolution_8x5,RTLLM,Prob050_square_wave,sequential,3,d6360ea3-5587-4cdd-b20a-3a737b3002bb,M-I,generation_log,-0.033205184908,-0.033205184908,127,0.0255,0.38,119,0.0247,0.38,-0.0672268907563,-0.0323886639676,0,,
classic_revolution_8x5,RTLLM,Prob050_square_wave,sequential,3,91cd71a4-d386-4db5-8f09-9304af3ac00a,M-E,generation_log,-0.349438074825,-0.349438074825,331,0.00139,0.46,119,0.0247,0.38,-1.78151260504,0.943724696356,-0.210526315789,,
classic_revolution_8x5,RTLLM,Prob050_square_wave,sequential,3,3a4acd4c-0829-4b7e-818b-7f3336688059,M-I,generation_log,0.0951587112578,0.0951587112578,99,0.0218,0.38,119,0.0247,0.38,0.168067226891,0.117408906883,0,,
classic_revolution_8x5,RTLLM,Prob050_square_wave,sequential,3,932d6854-fa5f-4651-b43f-41610400d9ac,M-I,generation_log,-0.0123498792229,-0.0123498792229,121,0.0252,0.38,119,0.0247,0.38,-0.0168067226891,-0.0202429149798,0,,
classic_revolution_8x5,RTLLM,Prob050_square_wave,sequential,3,27d3afc4-6ffd-431d-8714-a12a5c2e64da,M-S,generation_log,-0.0248018235634,-0.0248018235634,124,0.0255,0.38,119,0.0247,0.38,-0.0420168067227,-0.0323886639676,0,,
classic_revolution_8x5,RTLLM,Prob050_square_wave,sequential,3,14a92ad7-6ad2-4194-8a9d-1cf67366f9af,C-F,generation_log,-0.0123498792229,-0.0123498792229,121,0.0252,0.38,119,0.0247,0.38,-0.0168067226891,-0.0202429149798,0,,
classic_revolution_8x5,RTLLM,Prob050_square_wave,sequential,4,0a4882b2-8365-43e3-a53c-cc09c37e2348,M-R,generation_log,0.135667222355,0.135667222355,112,0.0174,0.36,119,0.0247,0.38,0.0588235294118,0.295546558704,0.0526315789474,,
classic_revolution_8x5,RTLLM,Prob050_square_wave,sequential,4,c514f301-6809-4b46-9fbe-176d647a3231,M-R,generation_log,-0.0249662618084,-0.0249662618084,119,0.0233,0.43,119,0.0247,0.38,0,0.0566801619433,-0.131578947368,,
classic_revolution_8x5,RTLLM,Prob050_square_wave,sequential,4,49cb0eca-34d1-4e06-a67a-963a43f99e03,C-F,generation_log,-0.0123498792229,-0.0123498792229,121,0.0252,0.38,119,0.0247,0.38,-0.0168067226891,-0.0202429149798,0,,
classic_revolution_8x5,RTLLM,Prob050_square_wave,sequential,4,a274f761-b6fb-4bc4-ad09-dadd841940d5,C-F,generation_log,0.112152553329,0.112152553329,111,0.02,0.35,119,0.0247,0.38,0.0672268907563,0.19028340081,0.0789473684211,,
classic_revolution_8x5,RTLLM,Prob050_square_wave,sequential,4,0fa67630-aec0-409c-8b43-60197f9a21d6,M-I,generation_log,-0.016602592454,-0.016602592454,123,0.0251,0.38,119,0.0247,0.38,-0.0336134453782,-0.0161943319838,0,,
classic_revolution_8x5,RTLLM,Prob050_square_wave,sequential,4,d231527b-b3c1-433b-bf5e-55c8b3f77c9d,M-S,generation_log,0.00684970344413,0.00684970344413,118,0.0244,0.38,119,0.0247,0.38,0.00840336134454,0.0121457489879,0,,
classic_revolution_8x5,RTLLM,Prob050_square_wave,sequential,4,175fbb2c-16d4-4f5b-96f9-164783f0eb91,M-R,generation_log,-0.016602592454,-0.016602592454,123,0.0251,0.38,119,0.0247,0.38,-0.0336134453782,-0.0161943319838,0,,
classic_revolution_8x5,RTLLM,Prob050_square_wave,sequential,4,02eed818-ea14-4ab8-aae4-bb13f53933b9,M-I,generation_log,-0.0302623073521,-0.0302623073521,118,0.02,0.49,119,0.0247,0.38,0.00840336134454,0.19028340081,-0.289473684211,,
classic_revolution_8x5,RTLLM,Prob050_square_wave,sequential,5,7fc4f39f-28bb-42f6-8e05-374ae9963088,M-I,generation_log,-0.033205184908,-0.033205184908,127,0.0255,0.38,119,0.0247,0.38,-0.0672268907563,-0.0323886639676,0,,
classic_revolution_8x5,RTLLM,Prob050_square_wave,sequential,5,1821408f-489d-4138-8496-02476d417153,M-I,generation_log,0.135667222355,0.135667222355,112,0.0174,0.36,119,0.0247,0.38,0.0588235294118,0.295546558704,0.0526315789474,,
classic_revolution_8x5,RTLLM,Prob050_square_wave,sequential,5,0e0bc3db-39b3-4554-bc8d-86714f246e4e,M-R,generation_log,0.00684970344413,0.00684970344413,118,0.0244,0.38,119,0.0247,0.38,0.00840336134454,0.0121457489879,0,,
classic_revolution_8x5,RTLLM,Prob050_square_wave,sequential,5,1a1967fd-99eb-48ea-b7e9-6641617f3c03,M-S,generation_log,-0.016602592454,-0.016602592454,123,0.0251,0.38,119,0.0247,0.38,-0.0336134453782,-0.0161943319838,0,,
classic_revolution_8x5,RTLLM,Prob050_square_wave,sequential,5,6f980705-9a1a-47e2-964b-0544342877b7,M-E,generation_log,-0.3901495821,-0.3901495821,160,0.0386,0.48,119,0.0247,0.38,-0.344537815126,-0.562753036437,-0.263157894737,,
classic_revolution_8x5,RTLLM,Prob050_square_wave,sequential,5,a5c65051-548c-44e6-bcb1-e2f5388a395e,M-E,generation_log,-0.0302623073521,-0.0302623073521,118,0.02,0.49,119,0.0247,0.38,0.00840336134454,0.19028340081,-0.289473684211,,
classic_revolution_8x5,RTLLM,Prob050_square_wave,sequential,5,cfbfeba4-e1b6-43dd-ad1d-bc3e2bc6e93c,M-I,generation_log,-0.033205184908,-0.033205184908,127,0.0255,0.38,119,0.0247,0.38,-0.0672268907563,-0.0323886639676,0,,
shape_density_3d,RTLLM,Prob001_accu,sequential,0,5f4d53a1-781e-4e39-9b53-598fbd86fdd2,initial,generation_log,-0.115166272415,-0.115166272415,245,0.057,0.49,191,0.0468,0.58,-0.282722513089,-0.217948717949,0.155172413793,/workspace/exp/natural_qd_push/p3c_bd_sweep_20260704_093150_UTC/live/shape_density_3d/seed_1002/openai_gpt-oss-120b/RTLLM/Prob001_accu/Gen0/Prob001_accu_sample1_initial,
shape_density_3d,RTLLM,Prob001_accu,sequential,0,430155d3-652a-4cb5-8e2b-368c0d9b7762,initial,generation_log,-0.115166272415,-0.115166272415,245,0.057,0.49,191,0.0468,0.58,-0.282722513089,-0.217948717949,0.155172413793,/workspace/exp/natural_qd_push/p3c_bd_sweep_20260704_093150_UTC/live/shape_density_3d/seed_1002/openai_gpt-oss-120b/RTLLM/Prob001_accu/Gen0/Prob001_accu_sample2_initial,
shape_density_3d,RTLLM,Prob001_accu,sequential,0,d1a15c43-e9d3-4b85-a5bb-7a7de57b84b7,initial,generation_log,-0.115166272415,-0.115166272415,245,0.057,0.49,191,0.0468,0.58,-0.282722513089,-0.217948717949,0.155172413793,/workspace/exp/natural_qd_push/p3c_bd_sweep_20260704_093150_UTC/live/shape_density_3d/seed_1002/openai_gpt-oss-120b/RTLLM/Prob001_accu/Gen0/Prob001_accu_sample3_initial,
shape_density_3d,RTLLM,Prob001_accu,sequential,0,8de205f1-c87a-48dc-93dd-492b7111777c,initial,generation_log,-0.109218419608,-0.109218419608,242,0.0569,0.49,191,0.0468,0.58,-0.267015706806,-0.215811965812,0.155172413793,/workspace/exp/natural_qd_push/p3c_bd_sweep_20260704_093150_UTC/live/shape_density_3d/seed_1002/openai_gpt-oss-120b/RTLLM/Prob001_accu/Gen0/Prob001_accu_sample4_initial,
shape_density_3d,RTLLM,Prob001_accu,sequential,0,7f7c60b0-a51c-492e-b48a-da0e4a92cf8d,initial,generation_log,-0.109218419608,-0.109218419608,242,0.0569,0.49,191,0.0468,0.58,-0.267015706806,-0.215811965812,0.155172413793,/workspace/exp/natural_qd_push/p3c_bd_sweep_20260704_093150_UTC/live/shape_density_3d/seed_1002/openai_gpt-oss-120b/RTLLM/Prob001_accu/Gen0/Prob001_accu_sample5_initial,
shape_density_3d,RTLLM,Prob001_accu,sequential,0,5198815a-bedc-43a6-bddd-7ee5f0e457c4,initial,generation_log,-0.115166272415,-0.115166272415,245,0.057,0.49,191,0.0468,0.58,-0.282722513089,-0.217948717949,0.155172413793,/workspace/exp/natural_qd_push/p3c_bd_sweep_20260704_093150_UTC/live/shape_density_3d/seed_1002/openai_gpt-oss-120b/RTLLM/Prob001_accu/Gen0/Prob001_accu_sample6_initial,
shape_density_3d,RTLLM,Prob001_accu,sequential,0,dd1f3f05-dc12-4529-8cfd-834f3118f3d3,initial,generation_log,-0.115166272415,-0.115166272415,245,0.057,0.49,191,0.0468,0.58,-0.282722513089,-0.217948717949,0.155172413793,/workspace/exp/natural_qd_push/p3c_bd_sweep_20260704_093150_UTC/live/shape_density_3d/seed_1002/openai_gpt-oss-120b/RTLLM/Prob001_accu/Gen0/Prob001_accu_sample7_initial,
shape_density_3d,RTLLM,Prob001_accu,sequential,0,ed6d70c7-8853-4706-897a-869e55185196,initial,generation_log,-0.14458432282,-0.14458432282,276,0.0495,0.54,191,0.0468,0.58,-0.44502617801,-0.0576923076923,0.0689655172414,/workspace/exp/natural_qd_push/p3c_bd_sweep_20260704_093150_UTC/live/shape_density_3d/seed_1002/openai_gpt-oss-120b/RTLLM/Prob001_accu/Gen0/Prob001_accu_sample8_initial,
shape_density_3d,RTLLM,Prob001_accu,sequential,1,71a052b0-e578-489c-84ba-468b91022432,initial,generation_log,-0.115166272415,-0.115166272415,245,0.057,0.49,191,0.0468,0.58,-0.282722513089,-0.217948717949,0.155172413793,/workspace/exp/natural_qd_push/p3c_bd_sweep_20260704_093150_UTC/live/shape_density_3d/seed_1002/openai_gpt-oss-120b/RTLLM/Prob001_accu/Gen1/Prob001_accu_sample2_initial,
shape_density_3d,RTLLM,Prob001_accu,sequential,1,3f6f1cec-4b4f-4220-8105-efa337396d8e,C-D,generation_log,-0.109218419608,-0.109218419608,242,0.0569,0.49,191,0.0468,0.58,-0.267015706806,-0.215811965812,0.155172413793,/workspace/exp/natural_qd_push/p3c_bd_sweep_20260704_093150_UTC/live/shape_density_3d/seed_1002/openai_gpt-oss-120b/RTLLM/Prob001_accu/Gen1/Prob001_accu_sample2_C-D,
shape_density_3d,RTLLM,Prob001_accu,sequential,1,0d21c580-fed7-4acb-9d05-9f6a88fc4d58,M-T,generation_log,0.0733737820757,0.0733737820757,252,0.0272,0.51,191,0.0468,0.58,-0.319371727749,0.418803418803,0.120689655172,/workspace/exp/natural_qd_push/p3c_bd_sweep_20260704_093150_UTC/live/shape_density_3d/seed_1002/openai_gpt-oss-120b/RTLLM/Prob001_accu/Gen1/Prob001_accu_sample3_M-T,
shape_density_3d,RTLLM,Prob001_accu,sequential,1,fd7245b7-a4bf-497b-a36e-2405213c75ce,M-E,generation_log,-0.903377963768,-0.903377963768,433,0.0982,0.78,191,0.0468,0.58,-1.26701570681,-1.09829059829,-0.344827586207,/workspace/exp/natural_qd_push/p3c_bd_sweep_20260704_093150_UTC/live/shape_density_3d/seed_1002/openai_gpt-oss-120b/RTLLM/Prob001_accu/Gen1/Prob001_accu_sample4_M-E,
shape_density_3d,RTLLM,Prob001_accu,sequential,1,59f5b0a5-254f-40f5-af81-d34989998d23,M-T,generation_log,0.0733737820757,0.0733737820757,252,0.0272,0.51,191,0.0468,0.58,-0.319371727749,0.418803418803,0.120689655172,/workspace/exp/natural_qd_push/p3c_bd_sweep_20260704_093150_UTC/live/shape_density_3d/seed_1002/openai_gpt-oss-120b/RTLLM/Prob001_accu/Gen1/Prob001_accu_sample5_M-T,
shape_density_3d,RTLLM,Prob001_accu,sequential,1,29e46281-b7b3-4b74-b78e-ced5f8b95b46,C-D,generation_log,-0.115166272415,-0.115166272415,245,0.057,0.49,191,0.0468,0.58,-0.282722513089,-0.217948717949,0.155172413793,/workspace/exp/natural_qd_push/p3c_bd_sweep_20260704_093150_UTC/live/shape_density_3d/seed_1002/openai_gpt-oss-120b/RTLLM/Prob001_accu/Gen1/Prob001_accu_sample6_C-D,
shape_density_3d,RTLLM,Prob001_accu,sequential,2,ac92d467-01a1-4a44-8c25-4bb308d717bc,M-E,generation_log,-0.115166272415,-0.115166272415,245,0.057,0.49,191,0.0468,0.58,-0.282722513089,-0.217948717949,0.155172413793,/workspace/exp/natural_qd_push/p3c_bd_sweep_20260704_093150_UTC/live/shape_density_3d/seed_1002/openai_gpt-oss-120b/RTLLM/Prob001_accu/Gen2/Prob001_accu_sample1_M-E,
shape_density_3d,RTLLM,Prob001_accu,sequential,2,cdb06447-0d2e-4c63-b5f1-146229c4753e,C-F,generation_log,-0.115166272415,-0.115166272415,245,0.057,0.49,191,0.0468,0.58,-0.282722513089,-0.217948717949,0.155172413793,/workspace/exp/natural_qd_push/p3c_bd_sweep_20260704_093150_UTC/live/shape_density_3d/seed_1002/openai_gpt-oss-120b/RTLLM/Prob001_accu/Gen2/Prob001_accu_sample3_C-F,
shape_density_3d,RTLLM,Prob001_accu,sequential,2,0c8adf89-0eac-4634-88a2-9c4a981aad33,C-F,generation_log,0.0733737820757,0.0733737820757,252,0.0272,0.51,191,0.0468,0.58,-0.319371727749,0.418803418803,0.120689655172,/workspace/exp/natural_qd_push/p3c_bd_sweep_20260704_093150_UTC/live/shape_density_3d/seed_1002/openai_gpt-oss-120b/RTLLM/Prob001_accu/Gen2/Prob001_accu_sample4_C-F,
shape_density_3d,RTLLM,Prob001_accu,sequential,2,d9c2eb9a-9705-46d6-af7e-8d90b7253675,M-R,generation_log,0.0733737820757,0.0733737820757,252,0.0272,0.51,191,0.0468,0.58,-0.319371727749,0.418803418803,0.120689655172,/workspace/exp/natural_qd_push/p3c_bd_sweep_20260704_093150_UTC/live/shape_density_3d/seed_1002/openai_gpt-oss-120b/RTLLM/Prob001_accu/Gen2/Prob001_accu_sample5_M-R,
shape_density_3d,RTLLM,Prob001_accu,sequential,2,a4d9c5f3-5816-43db-af21-afe20df8b786,C-F,generation_log,-0.109218419608,-0.109218419608,242,0.0569,0.49,191,0.0468,0.58,-0.267015706806,-0.215811965812,0.155172413793,/workspace/exp/natural_qd_push/p3c_bd_sweep_20260704_093150_UTC/live/shape_density_3d/seed_1002/openai_gpt-oss-120b/RTLLM/Prob001_accu/Gen2/Prob001_accu_sample6_C-F,
shape_density_3d,RTLLM,Prob001_accu,sequential,2,5d35bdcd-a848-4a55-9dca-201146438f81,C-F,generation_log,0.0733737820757,0.0733737820757,252,0.0272,0.51,191,0.0468,0.58,-0.319371727749,0.418803418803,0.120689655172,/workspace/exp/natural_qd_push/p3c_bd_sweep_20260704_093150_UTC/live/shape_density_3d/seed_1002/openai_gpt-oss-120b/RTLLM/Prob001_accu/Gen2/Prob001_accu_sample7_C-F,
shape_density_3d,RTLLM,Prob001_accu,sequential,2,7fea38eb-b39c-4615-ad3b-9c3ff03801a5,C-F,generation_log,-0.109218419608,-0.109218419608,242,0.0569,0.49,191,0.0468,0.58,-0.267015706806,-0.215811965812,0.155172413793,/workspace/exp/natural_qd_push/p3c_bd_sweep_20260704_093150_UTC/live/shape_density_3d/seed_1002/openai_gpt-oss-120b/RTLLM/Prob001_accu/Gen2/Prob001_accu_sample8_C-F,
shape_density_3d,RTLLM,Prob001_accu,sequential,3,753786b1-8cd2-4c76-bc72-97320f45a7bb,C-D,generation_log,0.053143624411,0.053143624411,264,0.0271,0.51,191,0.0468,0.58,-0.38219895288,0.42094017094,0.120689655172,/workspace/exp/natural_qd_push/p3c_bd_sweep_20260704_093150_UTC/live/shape_density_3d/seed_1002/openai_gpt-oss-120b/RTLLM/Prob001_accu/Gen3/Prob001_accu_sample1_C-D,
shape_density_3d,RTLLM,Prob001_accu,sequential,3,a4d2c49b-829e-4cb7-a55f-ee66aa2195e9,M-T,generation_log,-0.0775705191213,-0.0775705191213,232,0.0541,0.5,191,0.0468,0.58,-0.214659685864,-0.155982905983,0.137931034483,/workspace/exp/natural_qd_push/p3c_bd_sweep_20260704_093150_UTC/live/shape_density_3d/seed_1002/openai_gpt-oss-120b/RTLLM/Prob001_accu/Gen3/Prob001_accu_sample2_M-T,
shape_density_3d,RTLLM,Prob001_accu,sequential,3,d4e56516-8bd7-4935-840b-036c91d1d7d9,C-F,generation_log,-0.115166272415,-0.115166272415,245,0.057,0.49,191,0.0468,0.58,-0.282722513089,-0.217948717949,0.155172413793,/workspace/exp/natural_qd_push/p3c_bd_sweep_20260704_093150_UTC/live/shape_density_3d/seed_1002/openai_gpt-oss-120b/RTLLM/Prob001_accu/Gen3/Prob001_accu_sample3_C-F,
shape_density_3d,RTLLM,Prob001_accu,sequential,3,887dce3e-5303-4b91-b3af-66e220ad0998,C-F,generation_log,0.0733737820757,0.0733737820757,252,0.0272,0.51,191,0.0468,0.58,-0.319371727749,0.418803418803,0.120689655172,/workspace/exp/natural_qd_push/p3c_bd_sweep_20260704_093150_UTC/live/shape_density_3d/seed_1002/openai_gpt-oss-120b/RTLLM/Prob001_accu/Gen3/Prob001_accu_sample4_C-F,
shape_density_3d,RTLLM,Prob001_accu,sequential,3,ede81834-7873-4d18-8108-85e51dd98ebe,C-F,generation_log,0.0733737820757,0.0733737820757,252,0.0272,0.51,191,0.0468,0.58,-0.319371727749,0.418803418803,0.120689655172,/workspace/exp/natural_qd_push/p3c_bd_sweep_20260704_093150_UTC/live/shape_density_3d/seed_1002/openai_gpt-oss-120b/RTLLM/Prob001_accu/Gen3/Prob001_accu_sample5_C-F,
shape_density_3d,RTLLM,Prob001_accu,sequential,3,1d5a1a99-3659-4d7f-af1d-66bea4a2e9a4,C-F,generation_log,0.0733737820757,0.0733737820757,252,0.0272,0.51,191,0.0468,0.58,-0.319371727749,0.418803418803,0.120689655172,/workspace/exp/natural_qd_push/p3c_bd_sweep_20260704_093150_UTC/live/shape_density_3d/seed_1002/openai_gpt-oss-120b/RTLLM/Prob001_accu/Gen3/Prob001_accu_sample8_C-F,
shape_density_3d,RTLLM,Prob001_accu,sequential,4,6fe20a49-62e5-41aa-8bd9-ff68a5baf57b,M-E,generation_log,-0.115166272415,-0.115166272415,245,0.057,0.49,191,0.0468,0.58,-0.282722513089,-0.217948717949,0.155172413793,/workspace/exp/natural_qd_push/p3c_bd_sweep_20260704_093150_UTC/live/shape_density_3d/seed_1002/openai_gpt-oss-120b/RTLLM/Prob001_accu/Gen4/Prob001_accu_sample1_M-E,
shape_density_3d,RTLLM,Prob001_accu,sequential,4,ac2395b2-4a51-4042-9629-2412cb066291,M-T,generation_log,0.0733737820757,0.0733737820757,252,0.0272,0.51,191,0.0468,0.58,-0.319371727749,0.418803418803,0.120689655172,/workspace/exp/natural_qd_push/p3c_bd_sweep_20260704_093150_UTC/live/shape_density_3d/seed_1002/openai_gpt-oss-120b/RTLLM/Prob001_accu/Gen4/Prob001_accu_sample2_M-T,
shape_density_3d,RTLLM,Prob001_accu,sequential,4,b8311a98-8bc3-4fca-bb41-c000d6fbeb22,C-F,generation_log,-0.120913398852,-0.120913398852,245,0.057,0.5,191,0.0468,0.58,-0.282722513089,-0.217948717949,0.137931034483,/workspace/exp/natural_qd_push/p3c_bd_sweep_20260704_093150_UTC/live/shape_density_3d/seed_1002/openai_gpt-oss-120b/RTLLM/Prob001_accu/Gen4/Prob001_accu_sample4_C-F,
shape_density_3d,RTLLM,Prob001_accu,sequential,4,0b0768c1-4bd2-4799-a941-d54376c57692,M-S,generation_log,0.0733737820757,0.0733737820757,252,0.0272,0.51,191,0.0468,0.58,-0.319371727749,0.418803418803,0.120689655172,/workspace/exp/natural_qd_push/p3c_bd_sweep_20260704_093150_UTC/live/shape_density_3d/seed_1002/openai_gpt-oss-120b/RTLLM/Prob001_accu/Gen4/Prob001_accu_sample5_M-S,
shape_density_3d,RTLLM,Prob001_accu,sequential,4,7aeb7934-5363-4f57-9a06-ac7906f6b7c9,M-I,generation_log,-0.109218419608,-0.109218419608,242,0.0569,0.49,191,0.0468,0.58,-0.267015706806,-0.215811965812,0.155172413793,/workspace/exp/natural_qd_push/p3c_bd_sweep_20260704_093150_UTC/live/shape_density_3d/seed_1002/openai_gpt-oss-120b/RTLLM/Prob001_accu/Gen4/Prob001_accu_sample6_M-I,
shape_density_3d,RTLLM,Prob001_accu,sequential,4,1ec07ded-e963-4285-97b7-c89a0201fb66,C-F,generation_log,-0.115166272415,-0.115166272415,245,0.057,0.49,191,0.0468,0.58,-0.282722513089,-0.217948717949,0.155172413793,/workspace/exp/natural_qd_push/p3c_bd_sweep_20260704_093150_UTC/live/shape_density_3d/seed_1002/openai_gpt-oss-120b/RTLLM/Prob001_accu/Gen4/Prob001_accu_sample7_C-F,
shape_density_3d,RTLLM,Prob001_accu,sequential,4,d44fcb4c-ec8c-4738-b578-17a6878e9ecf,M-R,generation_log,0.0733737820757,0.0733737820757,252,0.0272,0.51,191,0.0468,0.58,-0.319371727749,0.418803418803,0.120689655172,/workspace/exp/natural_qd_push/p3c_bd_sweep_20260704_093150_UTC/live/shape_density_3d/seed_1002/openai_gpt-oss-120b/RTLLM/Prob001_accu/Gen4/Prob001_accu_sample8_M-R,
shape_density_3d,RTLLM,Prob001_accu,sequential,5,046353db-f62a-4326-98a6-3b7f51d37ee1,C-D,generation_log,0.075831233486,0.075831233486,251,0.0271,0.51,191,0.0468,0.58,-0.314136125654,0.42094017094,0.120689655172,/workspace/exp/natural_qd_push/p3c_bd_sweep_20260704_093150_UTC/live/shape_density_3d/seed_1002/openai_gpt-oss-120b/RTLLM/Prob001_accu/Gen5/Prob001_accu_sample1_C-D,
shape_density_3d,RTLLM,Prob001_accu,sequential,5,d860f964-e8ca-4c8b-a50b-730ee5110806,C-D,generation_log,0.0733737820757,0.0733737820757,252,0.0272,0.51,191,0.0468,0.58,-0.319371727749,0.418803418803,0.120689655172,/workspace/exp/natural_qd_push/p3c_bd_sweep_20260704_093150_UTC/live/shape_density_3d/seed_1002/openai_gpt-oss-120b/RTLLM/Prob001_accu/Gen5/Prob001_accu_sample2_C-D,
shape_density_3d,RTLLM,Prob001_accu,sequential,5,96f3f71f-0626-4fe9-a80b-bf8a182b5248,M-S,generation_log,0.075831233486,0.075831233486,251,0.0271,0.51,191,0.0468,0.58,-0.314136125654,0.42094017094,0.120689655172,/workspace/exp/natural_qd_push/p3c_bd_sweep_20260704_093150_UTC/live/shape_density_3d/seed_1002/openai_gpt-oss-120b/RTLLM/Prob001_accu/Gen5/Prob001_accu_sample4_M-S,
shape_density_3d,RTLLM,Prob001_accu,sequential,5,aafdbf7b-c676-492c-8c67-228fe2e5c6b7,M-I,generation_log,-0.109218419608,-0.109218419608,242,0.0569,0.49,191,0.0468,0.58,-0.267015706806,-0.215811965812,0.155172413793,/workspace/exp/natural_qd_push/p3c_bd_sweep_20260704_093150_UTC/live/shape_density_3d/seed_1002/openai_gpt-oss-120b/RTLLM/Prob001_accu/Gen5/Prob001_accu_sample5_M-I,
shape_density_3d,RTLLM,Prob001_accu,sequential,5,26e35fb7-805f-4d0b-80b6-8c9fd8a2874e,M-I,generation_log,0.0733737820757,0.0733737820757,252,0.0272,0.51,191,0.0468,0.58,-0.319371727749,0.418803418803,0.120689655172,/workspace/exp/natural_qd_push/p3c_bd_sweep_20260704_093150_UTC/live/shape_density_3d/seed_1002/openai_gpt-oss-120b/RTLLM/Prob001_accu/Gen5/Prob001_accu_sample6_M-I,
shape_density_3d,RTLLM,Prob001_accu,sequential,5,c8603231-ca84-49ea-80b3-79351df07a73,M-R,generation_log,-0.109218419608,-0.109218419608,242,0.0569,0.49,191,0.0468,0.58,-0.267015706806,-0.215811965812,0.155172413793,/workspace/exp/natural_qd_push/p3c_bd_sweep_20260704_093150_UTC/live/shape_density_3d/seed_1002/openai_gpt-oss-120b/RTLLM/Prob001_accu/Gen5/Prob001_accu_sample8_M-R,
shape_density_3d,RTLLM,Prob002_adder_16bit,combinational,0,0e9b0315-90cc-4020-9fe8-bccff2a86b8f,initial,generation_log,0.2313777347,0.347066602049,119,7.78e-05,0,92,0.00628,0,-0.29347826087,0.987611464968,0,/workspace/exp/natural_qd_push/p3c_bd_sweep_20260704_093150_UTC/live/shape_density_3d/seed_1002/openai_gpt-oss-120b/RTLLM/Prob002_adder_16bit/Gen0/Prob002_adder_16bit_sample1_initial,
shape_density_3d,RTLLM,Prob002_adder_16bit,combinational,0,8b64c8cc-c635-42e5-9d5c-619fd9b521b5,initial,generation_log,0.399902150835,0.599853226253,73,4.28e-05,0,92,0.00628,0,0.20652173913,0.993184713376,0,/workspace/exp/natural_qd_push/p3c_bd_sweep_20260704_093150_UTC/live/shape_density_3d/seed_1002/openai_gpt-oss-120b/RTLLM/Prob002_adder_16bit/Gen0/Prob002_adder_16bit_sample2_initial,
shape_density_3d,RTLLM,Prob002_adder_16bit,combinational,0,9b3821e7-3f26-44f6-861f-0990b7e96bdd,initial,generation_log,0.2313777347,0.347066602049,119,7.78e-05,0,92,0.00628,0,-0.29347826087,0.987611464968,0,/workspace/exp/natural_qd_push/p3c_bd_sweep_20260704_093150_UTC/live/shape_density_3d/seed_1002/openai_gpt-oss-120b/RTLLM/Prob002_adder_16bit/Gen0/Prob002_adder_16bit_sample3_initial,
shape_density_3d,RTLLM,Prob002_adder_16bit,combinational,0,56066fcc-e1bd-47d0-b679-79f235dd0116,initial,generation_log,0.2313777347,0.347066602049,119,7.78e-05,0,92,0.00628,0,-0.29347826087,0.987611464968,0,/workspace/exp/natural_qd_push/p3c_bd_sweep_20260704_093150_UTC/live/shape_density_3d/seed_1002/openai_gpt-oss-120b/RTLLM/Prob002_adder_16bit/Gen0/Prob002_adder_16bit_sample4_initial,
shape_density_3d,RTLLM,Prob002_adder_16bit,combinational,0,97a3cfc6-8426-48a3-9977-813455269afa,initial,generation_log,0.2313777347,0.347066602049,119,7.78e-05,0,92,0.00628,0,-0.29347826087,0.987611464968,0,/workspace/exp/natural_qd_push/p3c_bd_sweep_20260704_093150_UTC/live/shape_density_3d/seed_1002/openai_gpt-oss-120b/RTLLM/Prob002_adder_16bit/Gen0/Prob002_adder_16bit_sample5_initial,
shape_density_3d,RTLLM,Prob002_adder_16bit,combinational,0,b23cf53c-6a8d-4787-a1bf-7e79954d7f40,initial,generation_log,0.2313777347,0.347066602049,119,7.78e-05,0,92,0.00628,0,-0.29347826087,0.987611464968,0,/workspace/exp/natural_qd_push/p3c_bd_sweep_20260704_093150_UTC/live/shape_density_3d/seed_1002/openai_gpt-oss-120b/RTLLM/Prob002_adder_16bit/Gen0/Prob002_adder_16bit_sample6_initial,
shape_density_3d,RTLLM,Prob002_adder_16bit,combinational,0,c079f438-b256-47f8-9862-a92cce5156b7,initial,generation_log,0.399902150835,0.599853226253,73,4.28e-05,0,92,0.00628,0,0.20652173913,0.993184713376,0,/workspace/exp/natural_qd_push/p3c_bd_sweep_20260704_093150_UTC/live/shape_density_3d/seed_1002/openai_gpt-oss-120b/RTLLM/Prob002_adder_16bit/Gen0/Prob002_adder_16bit_sample7_initial,
shape_density_3d,RTLLM,Prob002_adder_16bit,combinational,0,f5704e96-0155-401f-9df4-cc13ed973c42,initial,generation_log,0.2313777347,0.347066602049,119,7.78e-05,0,92,0.00628,0,-0.29347826087,0.987611464968,0,/workspace/exp/natural_qd_push/p3c_bd_sweep_20260704_093150_UTC/live/shape_density_3d/seed_1002/openai_gpt-oss-120b/RTLLM/Prob002_adder_16bit/Gen0/Prob002_adder_16bit_sample8_initial,
shape_density_3d,RTLLM,Prob002_adder_16bit,combinational,1,2c96eb81-99ec-4d8c-b9d8-6c1369fb7767,M-S,generation_log,0.161629511677,0.242444267516,138,9.49e-05,0,92,0.00628,0,-0.5,0.984888535032,0,/workspace/exp/natural_qd_push/p3c_bd_sweep_20260704_093150_UTC/live/shape_density_3d/seed_1002/openai_gpt-oss-120b/RTLLM/Prob002_adder_16bit/Gen1/Prob002_adder_16bit_sample1_M-S,
shape_density_3d,RTLLM,Prob002_adder_16bit,combinational,1,7882e022-f17c-44e6-907b-5387cf8ef88e,M-I,generation_log,0.161629511677,0.242444267516,138,9.49e-05,0,92,0.00628,0,-0.5,0.984888535032,0,/workspace/exp/natural_qd_push/p3c_bd_sweep_20260704_093150_UTC/live/shape_density_3d/seed_1002/openai_gpt-oss-120b/RTLLM/Prob002_adder_16bit/Gen1/Prob002_adder_16bit_sample2_M-I,
shape_density_3d,RTLLM,Prob002_adder_16bit,combinational,2,f645b979-303e-499d-99b7-efdb59d6eed8,M-E,generation_log,0.070301393889,0.105452090834,163,0.000109,0,92,0.00628,0,-0.771739130435,0.982643312102,0,/workspace/exp/natural_qd_push/p3c_bd_sweep_20260704_093150_UTC/live/shape_density_3d/seed_1002/openai_gpt-oss-120b/RTLLM/Prob002_adder_16bit/Gen2/Prob002_adder_16bit_sample1_M-E,
shape_density_3d,RTLLM,Prob002_adder_16bit,combinational,2,5723abc7-aa36-4125-b6d6-2f900c46ab38,M-F,generation_log,0.2313777347,0.347066602049,119,7.78e-05,0,92,0.00628,0,-0.29347826087,0.987611464968,0,/workspace/exp/natural_qd_push/p3c_bd_sweep_20260704_093150_UTC/live/shape_density_3d/seed_1002/openai_gpt-oss-120b/RTLLM/Prob002_adder_16bit/Gen2/Prob002_adder_16bit_sample2_M-F,
shape_density_3d,RTLLM,Prob002_adder_16bit,combinational,2,4b7da015-31d5-4892-847f-426be3bca1ed,M-F,generation_log,0.399902150835,0.599853226253,73,4.28e-05,0,92,0.00628,0,0.20652173913,0.993184713376,0,/workspace/exp/natural_qd_push/p3c_bd_sweep_20260704_093150_UTC/live/shape_density_3d/seed_1002/openai_gpt-oss-120b/RTLLM/Prob002_adder_16bit/Gen2/Prob002_adder_16bit_sample3_M-F,
shape_density_3d,RTLLM,Prob002_adder_16bit,combinational,2,f45c3962-a831-409f-9569-cd4683c33224,M-I,generation_log,0.161629511677,0.242444267516,138,9.49e-05,0,92,0.00628,0,-0.5,0.984888535032,0,/workspace/exp/natural_qd_push/p3c_bd_sweep_20260704_093150_UTC/live/shape_density_3d/seed_1002/openai_gpt-oss-120b/RTLLM/Prob002_adder_16bit/Gen2/Prob002_adder_16bit_sample5_M-I,
shape_density_3d,RTLLM,Prob002_adder_16bit,combinational,2,67eaedfa-ea37-4403-a9f5-7cf2bd7e4c3e,M-R,generation_log,0.161629511677,0.242444267516,138,9.49e-05,0,92,0.00628,0,-0.5,0.984888535032,0,/workspace/exp/natural_qd_push/p3c_bd_sweep_20260704_093150_UTC/live/shape_density_3d/seed_1002/openai_gpt-oss-120b/RTLLM/Prob002_adder_16bit/Gen2/Prob002_adder_16bit_sample6_M-R,
shape_density_3d,RTLLM,Prob002_adder_16bit,combinational,3,8a90588b-446d-4e52-88c6-6c99fee496c1,M-T,generation_log,0.2313777347,0.347066602049,119,7.78e-05,0,92,0.00628,0,-0.29347826087,0.987611464968,0,/workspace/exp/natural_qd_push/p3c_bd_sweep_20260704_093150_UTC/live/shape_density_3d/seed_1002/openai_gpt-oss-120b/RTLLM/Prob002_adder_16bit/Gen3/Prob002_adder_16bit_sample1_M-T,
shape_density_3d,RTLLM,Prob002_adder_16bit,combinational,3,9aa55326-022c-436f-a93c-2321db4a94d8,C-D,generation_log,0.238608187944,0.357912281916,117,7.81e-05,0,92,0.00628,0,-0.271739130435,0.987563694268,0,/workspace/exp/natural_qd_push/p3c_bd_sweep_20260704_093150_UTC/live/shape_density_3d/seed_1002/openai_gpt-oss-120b/RTLLM/Prob002_adder_16bit/Gen3/Prob002_adder_16bit_sample2_C-D,
shape_density_3d,RTLLM,Prob002_adder_16bit,combinational,3,f5e0565d-b2f5-4a17-aab2-1d1da231733b,C-F,generation_log,0.0850595402935,0.12758931044,159,0.000104,0,92,0.00628,0,-0.728260869565,0.983439490446,0,/workspace/exp/natural_qd_push/p3c_bd_sweep_20260704_093150_UTC/live/shape_density_3d/seed_1002/openai_gpt-oss-120b/RTLLM/Prob002_adder_16bit/Gen3/Prob002_adder_16bit_sample7_C-F,
shape_density_3d,RTLLM,Prob002_adder_16bit,combinational,4,6769b611-7f6d-40ac-99c1-8aadec5b6e76,M-T,generation_log,0.161629511677,0.242444267516,138,9.49e-05,0,92,0.00628,0,-0.5,0.984888535032,0,/workspace/exp/natural_qd_push/p3c_bd_sweep_20260704_093150_UTC/live/shape_density_3d/seed_1002/openai_gpt-oss-120b/RTLLM/Prob002_adder_16bit/Gen4/Prob002_adder_16bit_sample1_M-T,
shape_density_3d,RTLLM,Prob002_adder_16bit,combinational,4,761e413e-1934-46a7-9376-f8f738c5e7d4,C-D,generation_log,0.0404666297425,0.0606999446137,171,0.000125,0,92,0.00628,0,-0.858695652174,0.980095541401,0,/workspace/exp/natural_qd_push/p3c_bd_sweep_20260704_093150_UTC/live/shape_density_3d/seed_1002/openai_gpt-oss-120b/RTLLM/Prob002_adder_16bit/Gen4/Prob002_adder_16bit_sample2_C-D,
shape_density_3d,RTLLM,Prob002_adder_16bit,combinational,4,f68cd1d7-0deb-421d-afda-430d5bb80d93,C-F,generation_log,0.351887750392,0.527831625588,86,6e-05,0,92,0.00628,0,0.0652173913043,0.990445859873,0,/workspace/exp/natural_qd_push/p3c_bd_sweep_20260704_093150_UTC/live/shape_density_3d/seed_1002/openai_gpt-oss-120b/RTLLM/Prob002_adder_16bit/Gen4/Prob002_adder_16bit_sample3_C-F,
shape_density_3d,RTLLM,Prob002_adder_16bit,combinational,4,d8bd7365-c3f2-40ee-add3-a348c594ec4a,M-I,generation_log,0.161629511677,0.242444267516,138,9.49e-05,0,92,0.00628,0,-0.5,0.984888535032,0,/workspace/exp/natural_qd_push/p3c_bd_sweep_20260704_093150_UTC/live/shape_density_3d/seed_1002/openai_gpt-oss-120b/RTLLM/Prob002_adder_16bit/Gen4/Prob002_adder_16bit_sample4_M-I,
shape_density_3d,RTLLM,Prob002_adder_16bit,combinational,4,f7a4509f-ea01-4cae-b21d-444a92601093,C-F,generation_log,0.399902150835,0.599853226253,73,4.28e-05,0,92,0.00628,0,0.20652173913,0.993184713376,0,/workspace/exp/natural_qd_push/p3c_bd_sweep_20260704_093150_UTC/live/shape_density_3d/seed_1002/openai_gpt-oss-120b/RTLLM/Prob002_adder_16bit/Gen4/Prob002_adder_16bit_sample5_C-F,
shape_density_3d,RTLLM,Prob002_adder_16bit,combinational,4,d3305ecc-2288-4dbc-bfdc-76daa78b2b61,C-F,generation_log,0.2313777347,0.347066602049,119,7.78e-05,0,92,0.00628,0,-0.29347826087,0.987611464968,0,/workspace/exp/natural_qd_push/p3c_bd_sweep_20260704_093150_UTC/live/shape_density_3d/seed_1002/openai_gpt-oss-120b/RTLLM/Prob002_adder_16bit/Gen4/Prob002_adder_16bit_sample7_C-F,
shape_density_3d,RTLLM,Prob002_adder_16bit,combinational,4,d650999f-b22c-4645-ab32-24df8c49016c,C-F,generation_log,0.2313777347,0.347066602049,119,7.78e-05,0,92,0.00628,0,-0.29347826087,0.987611464968,0,/workspace/exp/natural_qd_push/p3c_bd_sweep_20260704_093150_UTC/live/shape_density_3d/seed_1002/openai_gpt-oss-120b/RTLLM/Prob002_adder_16bit/Gen4/Prob002_adder_16bit_sample8_C-F,
shape_density_3d,RTLLM,Prob002_adder_16bit,combinational,5,3db24768-3027-43c5-8d14-2ac06217cff2,M-E,generation_log,0.169029816302,0.253544724453,136,9.2e-05,0,92,0.00628,0,-0.478260869565,0.985350318471,0,/workspace/exp/natural_qd_push/p3c_bd_sweep_20260704_093150_UTC/live/shape_density_3d/seed_1002/openai_gpt-oss-120b/RTLLM/Prob002_adder_16bit/Gen5/Prob002_adder_16bit_sample1_M-E,
shape_density_3d,RTLLM,Prob002_adder_16bit,combinational,5,0ccd8b7f-504e-47a2-aefb-faf639d32b30,M-T,generation_log,0.399902150835,0.599853226253,73,4.28e-05,0,92,0.00628,0,0.20652173913,0.993184713376,0,/workspace/exp/natural_qd_push/p3c_bd_sweep_20260704_093150_UTC/live/shape_density_3d/seed_1002/openai_gpt-oss-120b/RTLLM/Prob002_adder_16bit/Gen5/Prob002_adder_16bit_sample2_M-T,
shape_density_3d,RTLLM,Prob002_adder_16bit,combinational,5,3c5b6a2f-391c-42e8-bd33-6a03ad44c49d,C-F,generation_log,0.351887750392,0.527831625588,86,6e-05,0,92,0.00628,0,0.0652173913043,0.990445859873,0,/workspace/exp/natural_qd_push/p3c_bd_sweep_20260704_093150_UTC/live/shape_density_3d/seed_1002/openai_gpt-oss-120b/RTLLM/Prob002_adder_16bit/Gen5/Prob002_adder_16bit_sample5_C-F,
shape_density_3d,RTLLM,Prob002_adder_16bit,combinational,5,887f5175-12ac-4382-ac99-a50d144aabe3,C-F,generation_log,0.2313777347,0.347066602049,119,7.78e-05,0,92,0.00628,0,-0.29347826087,0.987611464968,0,/workspace/exp/natural_qd_push/p3c_bd_sweep_20260704_093150_UTC/live/shape_density_3d/seed_1002/openai_gpt-oss-120b/RTLLM/Prob002_adder_16bit/Gen5/Prob002_adder_16bit_sample6_C-F,
shape_density_3d,RTLLM,Prob002_adder_16bit,combinational,5,bce457b7-90be-4934-9adc-03d9fd5c1712,C-F,generation_log,0.399902150835,0.599853226253,73,4.28e-05,0,92,0.00628,0,0.20652173913,0.993184713376,0,/workspace/exp/natural_qd_push/p3c_bd_sweep_20260704_093150_UTC/live/shape_density_3d/seed_1002/openai_gpt-oss-120b/RTLLM/Prob002_adder_16bit/Gen5/Prob002_adder_16bit_sample7_C-F,
shape_density_3d,RTLLM,Prob002_adder_16bit,combinational,5,04a003d9-c87c-4bc2-86fb-40e1e864ba9b,C-F,generation_log,0.2313777347,0.347066602049,119,7.78e-05,0,92,0.00628,0,-0.29347826087,0.987611464968,0,/workspace/exp/natural_qd_push/p3c_bd_sweep_20260704_093150_UTC/live/shape_density_3d/seed_1002/openai_gpt-oss-120b/RTLLM/Prob002_adder_16bit/Gen5/Prob002_adder_16bit_sample8_C-F,
shape_density_3d,RTLLM,Prob003_adder_32bit,combinational,0,175775c8-7cef-42b5-86cf-f36a1f60561b,initial,generation_log,0.390558401191,0.585837601786,347,0.000259,0,423,0.0324,0,0.179669030733,0.99200617284,0,/workspace/exp/natural_qd_push/p3c_bd_sweep_20260704_093150_UTC/live/shape_density_3d/seed_1002/openai_gpt-oss-120b/RTLLM/Prob003_adder_32bit/Gen0/Prob003_adder_32bit_sample1_initial,
shape_density_3d,RTLLM,Prob003_adder_32bit,combinational,0,799fb315-26a8-4eed-8196-59acdd573903,initial,generation_log,0.557887684966,0.836831527449,137,7.97e-05,0,423,0.0324,0,0.676122931442,0.997540123457,0,/workspace/exp/natural_qd_push/p3c_bd_sweep_20260704_093150_UTC/live/shape_density_3d/seed_1002/openai_gpt-oss-120b/RTLLM/Prob003_adder_32bit/Gen0/Prob003_adder_32bit_sample2_initial,
shape_density_3d,RTLLM,Prob003_adder_32bit,combinational,0,44b9a7fc-d284-4d6f-bbd6-e9f0662c4c6c,initial,generation_log,0.557887684966,0.836831527449,137,7.97e-05,0,423,0.0324,0,0.676122931442,0.997540123457,0,/workspace/exp/natural_qd_push/p3c_bd_sweep_20260704_093150_UTC/live/shape_density_3d/seed_1002/openai_gpt-oss-120b/RTLLM/Prob003_adder_32bit/Gen0/Prob003_adder_32bit_sample3_initial,
shape_density_3d,RTLLM,Prob003_adder_32bit,combinational,0,9d3806c0-4f6a-4694-a304-e8576df49dff,initial,generation_log,0.536391953419,0.804587930129,164,0.000101,0,423,0.0324,0,0.612293144208,0.996882716049,0,/workspace/exp/natural_qd_push/p3c_bd_sweep_20260704_093150_UTC/live/shape_density_3d/seed_1002/openai_gpt-oss-120b/RTLLM/Prob003_adder_32bit/Gen0/Prob003_adder_32bit_sample4_initial,
shape_density_3d,RTLLM,Prob003_adder_32bit,combinational,0,53bb5d9c-6e5f-4c9c-878b-2cd73da46b10,initial,generation_log,0.449174546887,0.673761820331,274,0.000153,0,423,0.0324,0,0.352245862884,0.995277777778,0,/workspace/exp/natural_qd_push/p3c_bd_sweep_20260704_093150_UTC/live/shape_density_3d/seed_1002/openai_gpt-oss-120b/RTLLM/Prob003_adder_32bit/Gen0/Prob003_adder_32bit_sample5_initial,
shape_density_3d,RTLLM,Prob003_adder_32bit,combinational,0,56d1b8df-f04b-4704-802f-52f74420c1c6,initial,generation_log,0.557887684966,0.836831527449,137,7.97e-05,0,423,0.0324,0,0.676122931442,0.997540123457,0,/workspace/exp/natural_qd_push/p3c_bd_sweep_20260704_093150_UTC/live/shape_density_3d/seed_1002/openai_gpt-oss-120b/RTLLM/Prob003_adder_32bit/Gen0/Prob003_adder_32bit_sample6_initial,
shape_density_3d,RTLLM,Prob003_adder_32bit,combinational,0,b7cdf7d2-44c6-4017-9278-ab3a8cafe48e,initial,generation_log,0.557887684966,0.836831527449,137,7.97e-05,0,423,0.0324,0,0.676122931442,0.997540123457,0,/workspace/exp/natural_qd_push/p3c_bd_sweep_20260704_093150_UTC/live/shape_density_3d/seed_1002/openai_gpt-oss-120b/RTLLM/Prob003_adder_32bit/Gen0/Prob003_adder_32bit_sample7_initial,
shape_density_3d,RTLLM,Prob003_adder_32bit,combinational,0,da0b190c-f7df-4efb-904a-6614cd70643f,initial,generation_log,0.557887684966,0.836831527449,137,7.97e-05,0,423,0.0324,0,0.676122931442,0.997540123457,0,/workspace/exp/natural_qd_push/p3c_bd_sweep_20260704_093150_UTC/live/shape_density_3d/seed_1002/openai_gpt-oss-120b/RTLLM/Prob003_adder_32bit/Gen0/Prob003_adder_32bit_sample8_initial,
shape_density_3d,RTLLM,Prob003_adder_32bit,combinational,1,045e18e1-aedc-4e46-baab-77158ed97896,M-T,generation_log,0.4359797741,0.653969661151,290,0.00021,0,423,0.0324,0,0.314420803783,0.993518518519,0,/workspace/exp/natural_qd_push/p3c_bd_sweep_20260704_093150_UTC/live/shape_density_3d/seed_1002/openai_gpt-oss-120b/RTLLM/Prob003_adder_32bit/Gen1/Prob003_adder_32bit_sample1_M-T,
shape_density_3d,RTLLM,Prob003_adder_32bit,combinational,1,16d7c150-ef77-4cf3-9cea-934a94c5f1f5,C-D,generation_log,0.418468391559,0.627702587339,312,0.000227,0,423,0.0324,0,0.262411347518,0.99299382716,0,/workspace/exp/natural_qd_push/p3c_bd_sweep_20260704_093150_UTC/live/shape_density_3d/seed_1002/openai_gpt-oss-120b/RTLLM/Prob003_adder_32bit/Gen1/Prob003_adder_32bit_sample2_C-D,
shape_density_3d,RTLLM,Prob003_adder_32bit,combinational,1,2462abf1-9567-4257-bcdf-8537c4ff7db6,C-F,generation_log,0.411355616846,0.617033425269,321,0.000229,0,423,0.0324,0,0.241134751773,0.992932098765,0,/workspace/exp/natural_qd_push/p3c_bd_sweep_20260704_093150_UTC/live/shape_density_3d/seed_1002/openai_gpt-oss-120b/RTLLM/Prob003_adder_32bit/Gen1/Prob003_adder_32bit_sample4_C-F,
shape_density_3d,RTLLM,Prob003_adder_32bit,combinational,1,e9468e9a-f4d7-4a0e-a57d-fd9ec498c287,C-F,generation_log,0.435469529814,0.65320429472,291,0.000183,0,423,0.0324,0,0.312056737589,0.994351851852,0,/workspace/exp/natural_qd_push/p3c_bd_sweep_20260704_093150_UTC/live/shape_density_3d/seed_1002/openai_gpt-oss-120b/RTLLM/Prob003_adder_32bit/Gen1/Prob003_adder_32bit_sample5_C-F,
shape_density_3d,RTLLM,Prob003_adder_32bit,combinational,1,500920de-f82e-4ef7-b87f-cd2b4cea8e58,C-F,generation_log,0.448263068033,0.672394602049,275,0.000165,0,423,0.0324,0,0.34988179669,0.994907407407,0,/workspace/exp/natural_qd_push/p3c_bd_sweep_20260704_093150_UTC/live/shape_density_3d/seed_1002/openai_gpt-oss-120b/RTLLM/Prob003_adder_32bit/Gen1/Prob003_adder_32bit_sample7_C-F,
shape_density_3d,RTLLM,Prob003_adder_32bit,combinational,1,4d9423f0-ccba-4011-a501-2805c78f7c9b,C-F,generation_log,0.447454469836,0.671181704754,276,0.000167,0,423,0.0324,0,0.347517730496,0.994845679012,0,/workspace/exp/natural_qd_push/p3c_bd_sweep_20260704_093150_UTC/live/shape_density_3d/seed_1002/openai_gpt-oss-120b/RTLLM/Prob003_adder_32bit/Gen1/Prob003_adder_32bit_sample8_C-F,
shape_density_3d,RTLLM,Prob003_adder_32bit,combinational,2,074c5c84-c48b-4cea-8261-5a30a34e759b,M-T,generation_log,0.384970230278,0.577455345416,354,0.000266,0,423,0.0324,0,0.163120567376,0.991790123457,0,/workspace/exp/natural_qd_push/p3c_bd_sweep_20260704_093150_UTC/live/shape_density_3d/seed_1002/openai_gpt-oss-120b/RTLLM/Prob003_adder_32bit/Gen2/Prob003_adder_32bit_sample1_M-T,
shape_density_3d,RTLLM,Prob003_adder_32bit,combinational,2,d0eab1e7-8b01-4f0e-a5de-74058cca4adf,C-F,generation_log,0.448263068033,0.672394602049,275,0.000165,0,423,0.0324,0,0.34988179669,0.994907407407,0,/workspace/exp/natural_qd_push/p3c_bd_sweep_20260704_093150_UTC/live/shape_density_3d/seed_1002/openai_gpt-oss-120b/RTLLM/Prob003_adder_32bit/Gen2/Prob003_adder_32bit_sample3_C-F,
shape_density_3d,RTLLM,Prob003_adder_32bit,combinational,2,7bb54611-8c6e-415c-9614-10d75af10ced,M-R,generation_log,0.557887684966,0.836831527449,137,7.97e-05,0,423,0.0324,0,0.676122931442,0.997540123457,0,/workspace/exp/natural_qd_push/p3c_bd_sweep_20260704_093150_UTC/live/shape_density_3d/seed_1002/openai_gpt-oss-120b/RTLLM/Prob003_adder_32bit/Gen2/Prob003_adder_32bit_sample4_M-R,
shape_density_3d,RTLLM,Prob003_adder_32bit,combinational,2,10bf77c0-08b1-47c9-a850-17c1f39c4fcf,C-F,generation_log,0.411355616846,0.617033425269,321,0.000229,0,423,0.0324,0,0.241134751773,0.992932098765,0,/workspace/exp/natural_qd_push/p3c_bd_sweep_20260704_093150_UTC/live/shape_density_3d/seed_1002/openai_gpt-oss-120b/RTLLM/Prob003_adder_32bit/Gen2/Prob003_adder_32bit_sample5_C-F,
shape_density_3d,RTLLM,Prob003_adder_32bit,combinational,2,79d19f57-95b3-4564-ba12-b92f3b968b3a,C-F,generation_log,0.456174152876,0.684261229314,265,0.000162,0,423,0.0324,0,0.373522458629,0.995,0,/workspace/exp/natural_qd_push/p3c_bd_sweep_20260704_093150_UTC/live/shape_density_3d/seed_1002/openai_gpt-oss-120b/RTLLM/Prob003_adder_32bit/Gen2/Prob003_adder_32bit_sample6_C-F,
shape_density_3d,RTLLM,Prob003_adder_32bit,combinational,2,d70b6cc0-0c63-4d30-a21f-87255fd25a93,C-F,generation_log,0.439471368532,0.659207052797,286,0.000177,0,423,0.0324,0,0.323877068558,0.994537037037,0,/workspace/exp/natural_qd_push/p3c_bd_sweep_20260704_093150_UTC/live/shape_density_3d/seed_1002/openai_gpt-oss-120b/RTLLM/Prob003_adder_32bit/Gen2/Prob003_adder_32bit_sample7_C-F,
shape_density_3d,RTLLM,Prob003_adder_32bit,combinational,2,afc6a1d0-2dc9-4f52-a57d-f70fffff7c2c,C-F,generation_log,0.418468391559,0.627702587339,312,0.000227,0,423,0.0324,0,0.262411347518,0.99299382716,0,/workspace/exp/natural_qd_push/p3c_bd_sweep_20260704_093150_UTC/live/shape_density_3d/seed_1002/openai_gpt-oss-120b/RTLLM/Prob003_adder_32bit/Gen2/Prob003_adder_32bit_sample8_C-F,
shape_density_3d,RTLLM,Prob003_adder_32bit,combinational,3,c75c514d-b353-4bf0-92c6-5a9dac2b42f5,C-D,generation_log,0.46328692759,0.694930391384,256,0.00016,0,423,0.0324,0,0.394799054374,0.995061728395,0,/workspace/exp/natural_qd_push/p3c_bd_sweep_20260704_093150_UTC/live/shape_density_3d/seed_1002/openai_gpt-oss-120b/RTLLM/Prob003_adder_32bit/Gen3/Prob003_adder_32bit_sample1_C-D,
shape_density_3d,RTLLM,Prob003_adder_32bit,combinational,3,93915198-d705-48a4-9ec5-4fc8539a8e32,C-D,generation_log,0.387334296471,0.581001444707,351,0.000266,0,423,0.0324,0,0.170212765957,0.991790123457,0,/workspace/exp/natural_qd_push/p3c_bd_sweep_20260704_093150_UTC/live/shape_density_3d/seed_1002/openai_gpt-oss-120b/RTLLM/Prob003_adder_32bit/Gen3/Prob003_adder_32bit_sample2_C-D,
shape_density_3d,RTLLM,Prob003_adder_32bit,combinational,3,d8fc1f9b-ea8a-4103-b36e-89b57935d46d,M-R,generation_log,0.557887684966,0.836831527449,137,7.97e-05,0,423,0.0324,0,0.676122931442,0.997540123457,0,/workspace/exp/natural_qd_push/p3c_bd_sweep_20260704_093150_UTC/live/shape_density_3d/seed_1002/openai_gpt-oss-120b/RTLLM/Prob003_adder_32bit/Gen3/Prob003_adder_32bit_sample3_M-R,
shape_density_3d,RTLLM,Prob003_adder_32bit,combinational,3,79fba689-b436-4f93-a3d8-cea788af098a,C-F,generation_log,0.365105069609,0.547657604413,379,0.000282,0,423,0.0324,0,0.10401891253,0.991296296296,0,/workspace/exp/natural_qd_push/p3c_bd_sweep_20260704_093150_UTC/live/shape_density_3d/seed_1002/openai_gpt-oss-120b/RTLLM/Prob003_adder_32bit/Gen3/Prob003_adder_32bit_sample4_C-F,
shape_density_3d,RTLLM,Prob003_adder_32bit,combinational,3,2d34a2bf-5d77-4c08-a4a0-925dcd3bd163,C-F,generation_log,0.439481656597,0.659222484896,286,0.000176,0,423,0.0324,0,0.323877068558,0.994567901235,0,/workspace/exp/natural_qd_push/p3c_bd_sweep_20260704_093150_UTC/live/shape_density_3d/seed_1002/openai_gpt-oss-120b/RTLLM/Prob003_adder_32bit/Gen3/Prob003_adder_32bit_sample5_C-F,
shape_density_3d,RTLLM,Prob003_adder_32bit,combinational,3,f50d3573-3760-4418-a0ad-2683f8b350c2,C-F,generation_log,0.427270379126,0.640905568689,301,0.000214,0,423,0.0324,0,0.28841607565,0.993395061728,0,/workspace/exp/natural_qd_push/p3c_bd_sweep_20260704_093150_UTC/live/shape_density_3d/seed_1002/openai_gpt-oss-120b/RTLLM/Prob003_adder_32bit/Gen3/Prob003_adder_32bit_sample6_C-F,
shape_density_3d,RTLLM,Prob003_adder_32bit,combinational,3,51143ead-c562-4594-a72a-1a8b6b21883e,C-F,generation_log,0.402574205411,0.603861308117,332,0.00024,0,423,0.0324,0,0.215130023641,0.992592592593,0,/workspace/exp/natural_qd_push/p3c_bd_sweep_20260704_093150_UTC/live/shape_density_3d/seed_1002/openai_gpt-oss-120b/RTLLM/Prob003_adder_32bit/Gen3/Prob003_adder_32bit_sample7_C-F,
shape_density_3d,RTLLM,Prob003_adder_32bit,combinational,3,b3a1bc97-bcbf-4e17-a15d-fa36ee4cd447,C-F,generation_log,0.471996322564,0.707994483846,245,0.000156,0,423,0.0324,0,0.420803782506,0.995185185185,0,/workspace/exp/natural_qd_push/p3c_bd_sweep_20260704_093150_UTC/live/shape_density_3d/seed_1002/openai_gpt-oss-120b/RTLLM/Prob003_adder_32bit/Gen3/Prob003_adder_32bit_sample8_C-F,
shape_density_3d,RTLLM,Prob003_adder_32bit,combinational,4,d700a74f-f9f4-438e-84d3-25b7873948e8,C-F,generation_log,0.427198362665,0.640797543998,301,0.000221,0,423,0.0324,0,0.28841607565,0.993179012346,0,/workspace/exp/natural_qd_push/p3c_bd_sweep_20260704_093150_UTC/live/shape_density_3d/seed_1002/openai_gpt-oss-120b/RTLLM/Prob003_adder_32bit/Gen4/Prob003_adder_32bit_sample3_C-F,
shape_density_3d,RTLLM,Prob003_adder_32bit,combinational,4,fdf2e386-282b-44ed-baa4-62b3b8bb0110,M-S,generation_log,0.557887684966,0.836831527449,137,7.97e-05,0,423,0.0324,0,0.676122931442,0.997540123457,0,/workspace/exp/natural_qd_push/p3c_bd_sweep_20260704_093150_UTC/live/shape_density_3d/seed_1002/openai_gpt-oss-120b/RTLLM/Prob003_adder_32bit/Gen4/Prob003_adder_32bit_sample5_M-S,
shape_density_3d,RTLLM,Prob003_adder_32bit,combinational,4,3ea393e3-2c90-482b-b5b2-9ce45e41826f,M-I,generation_log,0.46328692759,0.694930391384,256,0.00016,0,423,0.0324,0,0.394799054374,0.995061728395,0,/workspace/exp/natural_qd_push/p3c_bd_sweep_20260704_093150_UTC/live/shape_density_3d/seed_1002/openai_gpt-oss-120b/RTLLM/Prob003_adder_32bit/Gen4/Prob003_adder_32bit_sample6_M-I,
shape_density_3d,RTLLM,Prob003_adder_32bit,combinational,4,a48d7888-1114-4262-b735-3462a4f93b85,M-R,generation_log,0.557887684966,0.836831527449,137,7.97e-05,0,423,0.0324,0,0.676122931442,0.997540123457,0,/workspace/exp/natural_qd_push/p3c_bd_sweep_20260704_093150_UTC/live/shape_density_3d/seed_1002/openai_gpt-oss-120b/RTLLM/Prob003_adder_32bit/Gen4/Prob003_adder_32bit_sample7_M-R,
shape_density_3d,RTLLM,Prob003_adder_32bit,combinational,4,c878e255-ee04-4077-9b91-fd55bf9c055c,M-R,generation_log,0.387324008406,0.580986012608,351,0.000267,0,423,0.0324,0,0.170212765957,0.991759259259,0,/workspace/exp/natural_qd_push/p3c_bd_sweep_20260704_093150_UTC/live/shape_density_3d/seed_1002/openai_gpt-oss-120b/RTLLM/Prob003_adder_32bit/Gen4/Prob003_adder_32bit_sample8_M-R,
shape_density_3d,RTLLM,Prob003_adder_32bit,combinational,5,a68c2470-4ae5-41c6-9ea7-6b0b775db2ae,C-D,generation_log,0.474401541021,0.711602311531,242,0.000152,0,423,0.0324,0,0.427895981087,0.995308641975,0,/workspace/exp/natural_qd_push/p3c_bd_sweep_20260704_093150_UTC/live/shape_density_3d/seed_1002/openai_gpt-oss-120b/RTLLM/Prob003_adder_32bit/Gen5/Prob003_adder_32bit_sample1_C-D,
shape_density_3d,RTLLM,Prob003_adder_32bit,combinational,5,7db88a3d-9fc4-4a73-9f4e-5949c3ab1f0a,C-D,generation_log,0.448263068033,0.672394602049,275,0.000165,0,423,0.0324,0,0.34988179669,0.994907407407,0,/workspace/exp/natural_qd_push/p3c_bd_sweep_20260704_093150_UTC/live/shape_density_3d/seed_1002/openai_gpt-oss-120b/RTLLM/Prob003_adder_32bit/Gen5/Prob003_adder_32bit_sample2_C-D,
shape_density_3d,RTLLM,Prob003_adder_32bit,combinational,5,549bd775-6b27-47f1-a2f8-db25e80683c6,C-F,generation_log,0.448263068033,0.672394602049,275,0.000165,0,423,0.0324,0,0.34988179669,0.994907407407,0,/workspace/exp/natural_qd_push/p3c_bd_sweep_20260704_093150_UTC/live/shape_density_3d/seed_1002/openai_gpt-oss-120b/RTLLM/Prob003_adder_32bit/Gen5/Prob003_adder_32bit_sample5_C-F,
shape_density_3d,RTLLM,Prob003_adder_32bit,combinational,5,1f7ba882-a99c-4acd-8224-1885f0cd7d58,C-F,generation_log,0.447475045968,0.671212568952,276,0.000165,0,423,0.0324,0,0.347517730496,0.994907407407,0,/workspace/exp/natural_qd_push/p3c_bd_sweep_20260704_093150_UTC/live/shape_density_3d/seed_1002/openai_gpt-oss-120b/RTLLM/Prob003_adder_32bit/Gen5/Prob003_adder_32bit_sample6_C-F,
shape_density_3d,RTLLM,Prob003_adder_32bit,combinational,5,b38d23a0-4317-4490-8fce-acc82a4ea508,M-S,generation_log,0.460768540408,0.691152810612,259,0.000175,0,423,0.0324,0,0.387706855792,0.994598765432,0,/workspace/exp/natural_qd_push/p3c_bd_sweep_20260704_093150_UTC/live/shape_density_3d/seed_1002/openai_gpt-oss-120b/RTLLM/Prob003_adder_32bit/Gen5/Prob003_adder_32bit_sample7_M-S,
shape_density_3d,RTLLM,Prob004_adder_8bit,combinational,1,7d7df132-ec61-4148-a96c-2625856b9f57,M-E,generation_log,0.381544128268,0.572316192402,39,2.27e-05,0,46,0.00301,0,0.152173913043,0.992458471761,0,/workspace/exp/natural_qd_push/p3c_bd_sweep_20260704_093150_UTC/live/shape_density_3d/seed_1002/openai_gpt-oss-120b/RTLLM/Prob004_adder_8bit/Gen1/Prob004_adder_8bit_sample1_M-E,
shape_density_3d,RTLLM,Prob004_adder_8bit,combinational,1,890f1fbd-c30a-41a2-8e85-eb22d371a7c0,M-F,generation_log,0.329900332226,0.494850498339,46,3.1e-05,0,46,0.00301,0,0,0.989700996678,0,/workspace/exp/natural_qd_push/p3c_bd_sweep_20260704_093150_UTC/live/shape_density_3d/seed_1002/openai_gpt-oss-120b/RTLLM/Prob004_adder_8bit/Gen1/Prob004_adder_8bit_sample2_M-F,
shape_density_3d,RTLLM,Prob004_adder_8bit,combinational,1,071c769a-d7c0-47d6-ba39-566907ad1696,M-E,generation_log,0.381544128268,0.572316192402,39,2.27e-05,0,46,0.00301,0,0.152173913043,0.992458471761,0,/workspace/exp/natural_qd_push/p3c_bd_sweep_20260704_093150_UTC/live/shape_density_3d/seed_1002/openai_gpt-oss-120b/RTLLM/Prob004_adder_8bit/Gen1/Prob004_adder_8bit_sample3_M-E,
shape_density_3d,RTLLM,Prob004_adder_8bit,combinational,1,dfdc2ef6-4618-44e0-b61e-3f694f4ff99d,M-F,generation_log,0.329900332226,0.494850498339,46,3.1e-05,0,46,0.00301,0,0,0.989700996678,0,/workspace/exp/natural_qd_push/p3c_bd_sweep_20260704_093150_UTC/live/shape_density_3d/seed_1002/openai_gpt-oss-120b/RTLLM/Prob004_adder_8bit/Gen1/Prob004_adder_8bit_sample4_M-F,
shape_density_3d,RTLLM,Prob004_adder_8bit,combinational,1,190670ad-1d98-46e4-9770-2543b6d8ef56,M-F,generation_log,0.329900332226,0.494850498339,46,3.1e-05,0,46,0.00301,0,0,0.989700996678,0,/workspace/exp/natural_qd_push/p3c_bd_sweep_20260704_093150_UTC/live/shape_density_3d/seed_1002/openai_gpt-oss-120b/RTLLM/Prob004_adder_8bit/Gen1/Prob004_adder_8bit_sample5_M-F,
shape_density_3d,RTLLM,Prob004_adder_8bit,combinational,1,d923db0e-a18d-4e59-90bb-4fbf2713c5cd,M-F,generation_log,0.329900332226,0.494850498339,46,3.1e-05,0,46,0.00301,0,0,0.989700996678,0,/workspace/exp/natural_qd_push/p3c_bd_sweep_20260704_093150_UTC/live/shape_density_3d/seed_1002/openai_gpt-oss-120b/RTLLM/Prob004_adder_8bit/Gen1/Prob004_adder_8bit_sample6_M-F,
shape_density_3d,RTLLM,Prob004_adder_8bit,combinational,1,c7c598a0-8d9c-4cae-a9a7-13978c1ef734,M-F,generation_log,0.329900332226,0.494850498339,46,3.1e-05,0,46,0.00301,0,0,0.989700996678,0,/workspace/exp/natural_qd_push/p3c_bd_sweep_20260704_093150_UTC/live/shape_density_3d/seed_1002/openai_gpt-oss-120b/RTLLM/Prob004_adder_8bit/Gen1/Prob004_adder_8bit_sample7_M-F,
shape_density_3d,RTLLM,Prob004_adder_8bit,combinational,1,474b03fd-f1db-49eb-b6d3-11d72af9d81f,M-F,generation_log,0.381544128268,0.572316192402,39,2.27e-05,0,46,0.00301,0,0.152173913043,0.992458471761,0,/workspace/exp/natural_qd_push/p3c_bd_sweep_20260704_093150_UTC/live/shape_density_3d/seed_1002/openai_gpt-oss-120b/RTLLM/Prob004_adder_8bit/Gen1/Prob004_adder_8bit_sample8_M-F,
shape_density_3d,RTLLM,Prob004_adder_8bit,combinational,2,0e115fc1-f130-4797-bb6f-8234f15bc1f0,C-D,generation_log,0.329900332226,0.494850498339,46,3.1e-05,0,46,0.00301,0,0,0.989700996678,0,/workspace/exp/natural_qd_push/p3c_bd_sweep_20260704_093150_UTC/live/shape_density_3d/seed_1002/openai_gpt-oss-120b/RTLLM/Prob004_adder_8bit/Gen2/Prob004_adder_8bit_sample1_C-D,
shape_density_3d,RTLLM,Prob004_adder_8bit,combinational,2,4319e475-78f0-4632-86f0-22a5c1502374,C-F,generation_log,0.381544128268,0.572316192402,39,2.27e-05,0,46,0.00301,0,0.152173913043,0.992458471761,0,/workspace/exp/natural_qd_push/p3c_bd_sweep_20260704_093150_UTC/live/shape_density_3d/seed_1002/openai_gpt-oss-120b/RTLLM/Prob004_adder_8bit/Gen2/Prob004_adder_8bit_sample6_C-F,
shape_density_3d,RTLLM,Prob004_adder_8bit,combinational,2,e2ca2da0-97d6-4cc1-b2ee-aa5830087383,M-R,generation_log,0.205670951899,0.308506427849,63,4.04e-05,0,46,0.00301,0,-0.369565217391,0.98657807309,0,/workspace/exp/natural_qd_push/p3c_bd_sweep_20260704_093150_UTC/live/shape_density_3d/seed_1002/openai_gpt-oss-120b/RTLLM/Prob004_adder_8bit/Gen2/Prob004_adder_8bit_sample7_M-R,
shape_density_3d,RTLLM,Prob004_adder_8bit,combinational,2,d50f5fff-26de-4530-a2cc-52696cba7aba,M-I,generation_log,0.205670951899,0.308506427849,63,4.04e-05,0,46,0.00301,0,-0.369565217391,0.98657807309,0,/workspace/exp/natural_qd_push/p3c_bd_sweep_20260704_093150_UTC/live/shape_density_3d/seed_1002/openai_gpt-oss-120b/RTLLM/Prob004_adder_8bit/Gen2/Prob004_adder_8bit_sample8_M-I,
shape_density_3d,RTLLM,Prob004_adder_8bit,combinational,3,2a12883e-f422-4d37-af93-0fc5243bbc67,C-D,generation_log,0.329900332226,0.494850498339,46,3.1e-05,0,46,0.00301,0,0,0.989700996678,0,/workspace/exp/natural_qd_push/p3c_bd_sweep_20260704_093150_UTC/live/shape_density_3d/seed_1002/openai_gpt-oss-120b/RTLLM/Prob004_adder_8bit/Gen3/Prob004_adder_8bit_sample1_C-D,
shape_density_3d,RTLLM,Prob004_adder_8bit,combinational,3,8ea53c83-fc0b-45fc-b001-4c681ea71e0a,C-D,generation_log,0.381544128268,0.572316192402,39,2.27e-05,0,46,0.00301,0,0.152173913043,0.992458471761,0,/workspace/exp/natural_qd_push/p3c_bd_sweep_20260704_093150_UTC/live/shape_density_3d/seed_1002/openai_gpt-oss-120b/RTLLM/Prob004_adder_8bit/Gen3/Prob004_adder_8bit_sample2_C-D,
shape_density_3d,RTLLM,Prob004_adder_8bit,combinational,3,51d9e3dd-f236-4052-b62d-cd5bc24b0b9a,C-F,generation_log,0.381544128268,0.572316192402,39,2.27e-05,0,46,0.00301,0,0.152173913043,0.992458471761,0,/workspace/exp/natural_qd_push/p3c_bd_sweep_20260704_093150_UTC/live/shape_density_3d/seed_1002/openai_gpt-oss-120b/RTLLM/Prob004_adder_8bit/Gen3/Prob004_adder_8bit_sample3_C-F,
shape_density_3d,RTLLM,Prob004_adder_8bit,combinational,3,de0f2348-87f1-4d8f-b100-968a6b2c0893,C-F,generation_log,0.329900332226,0.494850498339,46,3.1e-05,0,46,0.00301,0,0,0.989700996678,0,/workspace/exp/natural_qd_push/p3c_bd_sweep_20260704_093150_UTC/live/shape_density_3d/seed_1002/openai_gpt-oss-120b/RTLLM/Prob004_adder_8bit/Gen3/Prob004_adder_8bit_sample4_C-F,
shape_density_3d,RTLLM,Prob004_adder_8bit,combinational,3,bd7b0bb6-980a-4c0b-880f-229e229cb334,C-F,generation_log,0.154780201261,0.232170301892,70,4.19e-05,0,46,0.00301,0,-0.521739130435,0.986079734219,0,/workspace/exp/natural_qd_push/p3c_bd_sweep_20260704_093150_UTC/live/shape_density_3d/seed_1002/openai_gpt-oss-120b/RTLLM/Prob004_adder_8bit/Gen3/Prob004_adder_8bit_sample7_C-F,
shape_density_3d,RTLLM,Prob004_adder_8bit,combinational,3,d8c1ee14-370d-44b0-9eda-96d4ed4e327a,M-I,generation_log,0.205670951899,0.308506427849,63,4.04e-05,0,46,0.00301,0,-0.369565217391,0.98657807309,0,/workspace/exp/natural_qd_push/p3c_bd_sweep_20260704_093150_UTC/live/shape_density_3d/seed_1002/openai_gpt-oss-120b/RTLLM/Prob004_adder_8bit/Gen3/Prob004_adder_8bit_sample8_M-I,
shape_density_3d,RTLLM,Prob004_adder_8bit,combinational,4,fb475667-7605-45a3-b538-55371fc0f316,C-D,generation_log,0.329900332226,0.494850498339,46,3.1e-05,0,46,0.00301,0,0,0.989700996678,0,/workspace/exp/natural_qd_push/p3c_bd_sweep_20260704_093150_UTC/live/shape_density_3d/seed_1002/openai_gpt-oss-120b/RTLLM/Prob004_adder_8bit/Gen4/Prob004_adder_8bit_sample1_C-D,
shape_density_3d,RTLLM,Prob004_adder_8bit,combinational,4,dc2f0110-3a17-4612-ab20-b3ac798f1cf1,C-D,generation_log,0.118116423516,0.177174635274,75,4.58e-05,0,46,0.00301,0,-0.630434782609,0.984784053156,0,/workspace/exp/natural_qd_push/p3c_bd_sweep_20260704_093150_UTC/live/shape_density_3d/seed_1002/openai_gpt-oss-120b/RTLLM/Prob004_adder_8bit/Gen4/Prob004_adder_8bit_sample2_C-D,
shape_density_3d,RTLLM,Prob004_adder_8bit,combinational,4,a2cd64b8-de2a-4801-8584-7350b019aea9,M-S,generation_log,0.205670951899,0.308506427849,63,4.04e-05,0,46,0.00301,0,-0.369565217391,0.98657807309,0,/workspace/exp/natural_qd_push/p3c_bd_sweep_20260704_093150_UTC/live/shape_density_3d/seed_1002/openai_gpt-oss-120b/RTLLM/Prob004_adder_8bit/Gen4/Prob004_adder_8bit_sample3_M-S,
shape_density_3d,RTLLM,Prob004_adder_8bit,combinational,4,ac00a233-d305-4ce2-9a6b-3e94cdff07e9,C-F,generation_log,0.329900332226,0.494850498339,46,3.1e-05,0,46,0.00301,0,0,0.989700996678,0,/workspace/exp/natural_qd_push/p3c_bd_sweep_20260704_093150_UTC/live/shape_density_3d/seed_1002/openai_gpt-oss-120b/RTLLM/Prob004_adder_8bit/Gen4/Prob004_adder_8bit_sample4_C-F,
shape_density_3d,RTLLM,Prob004_adder_8bit,combinational,4,4b3b2190-41cd-485d-a9f0-6f7854f9f299,C-F,generation_log,0.329900332226,0.494850498339,46,3.1e-05,0,46,0.00301,0,0,0.989700996678,0,/workspace/exp/natural_qd_push/p3c_bd_sweep_20260704_093150_UTC/live/shape_density_3d/seed_1002/openai_gpt-oss-120b/RTLLM/Prob004_adder_8bit/Gen4/Prob004_adder_8bit_sample5_C-F,
shape_density_3d,RTLLM,Prob004_adder_8bit,combinational,5,f918b7cc-b0cf-4573-85b1-4764c6685e36,C-F,generation_log,0.329900332226,0.494850498339,46,3.1e-05,0,46,0.00301,0,0,0.989700996678,0,/workspace/exp/natural_qd_push/p3c_bd_sweep_20260704_093150_UTC/live/shape_density_3d/seed_1002/openai_gpt-oss-120b/RTLLM/Prob004_adder_8bit/Gen5/Prob004_adder_8bit_sample4_C-F,
shape_density_3d,RTLLM,Prob004_adder_8bit,combinational,5,2451c9fc-7fb1-499f-9bf0-4cdb0a23853b,M-S,generation_log,0.205670951899,0.308506427849,63,4.04e-05,0,46,0.00301,0,-0.369565217391,0.98657807309,0,/workspace/exp/natural_qd_push/p3c_bd_sweep_20260704_093150_UTC/live/shape_density_3d/seed_1002/openai_gpt-oss-120b/RTLLM/Prob004_adder_8bit/Gen5/Prob004_adder_8bit_sample6_M-S,
shape_density_3d,RTLLM,Prob004_adder_8bit,combinational,5,98530c2a-de7f-4f9e-bafe-7d3a352c7612,C-F,generation_log,0.205670951899,0.308506427849,63,4.04e-05,0,46,0.00301,0,-0.369565217391,0.98657807309,0,/workspace/exp/natural_qd_push/p3c_bd_sweep_20260704_093150_UTC/live/shape_density_3d/seed_1002/openai_gpt-oss-120b/RTLLM/Prob004_adder_8bit/Gen5/Prob004_adder_8bit_sample7_C-F,
shape_density_3d,RTLLM,Prob004_adder_8bit,combinational,5,3ca19cda-72ef-4c42-8583-0107cd420af8,M-R,generation_log,0.205670951899,0.308506427849,63,4.04e-05,0,46,0.00301,0,-0.369565217391,0.98657807309,0,/workspace/exp/natural_qd_push/p3c_bd_sweep_20260704_093150_UTC/live/shape_density_3d/seed_1002/openai_gpt-oss-120b/RTLLM/Prob004_adder_8bit/Gen5/Prob004_adder_8bit_sample8_M-R,
shape_density_3d,RTLLM,Prob005_adder_bcd,combinational,0,def7a8e5-66f9-4ba6-a05f-88021f609523,initial,generation_log,0.366853078244,0.550279617366,40,4.78e-05,0,45,0.00453,0,0.111111111111,0.98944812362,0,/workspace/exp/natural_qd_push/p3c_bd_sweep_20260704_093150_UTC/live/shape_density_3d/seed_1002/openai_gpt-oss-120b/RTLLM/Prob005_adder_bcd/Gen0/Prob005_adder_bcd_sample1_initial,
shape_density_3d,RTLLM,Prob005_adder_bcd,combinational,0,17fc31e5-199e-4a92-b079-4cd42783fd79,initial,generation_log,0.366853078244,0.550279617366,40,4.78e-05,0,45,0.00453,0,0.111111111111,0.98944812362,0,/workspace/exp/natural_qd_push/p3c_bd_sweep_20260704_093150_UTC/live/shape_density_3d/seed_1002/openai_gpt-oss-120b/RTLLM/Prob005_adder_bcd/Gen0/Prob005_adder_bcd_sample2_initial,
shape_density_3d,RTLLM,Prob005_adder_bcd,combinational,0,0b15ee75-69a5-4700-b796-1dcf180b9b98,initial,generation_log,0.374635761589,0.561953642384,39,4.27e-05,0,45,0.00453,0,0.133333333333,0.990573951435,0,/workspace/exp/natural_qd_push/p3c_bd_sweep_20260704_093150_UTC/live/shape_density_3d/seed_1002/openai_gpt-oss-120b/RTLLM/Prob005_adder_bcd/Gen0/Prob005_adder_bcd_sample3_initial,
shape_density_3d,RTLLM,Prob005_adder_bcd,combinational,0,8ef40eb3-2c78-436e-b277-a45d2425122d,initial,generation_log,0.366853078244,0.550279617366,40,4.78e-05,0,45,0.00453,0,0.111111111111,0.98944812362,0,/workspace/exp/natural_qd_push/p3c_bd_sweep_20260704_093150_UTC/live/shape_density_3d/seed_1002/openai_gpt-oss-120b/RTLLM/Prob005_adder_bcd/Gen0/Prob005_adder_bcd_sample4_initial,
shape_density_3d,RTLLM,Prob005_adder_bcd,combinational,0,6749dcda-90a7-4b7a-8d49-10a7596727a4,initial,generation_log,0.366853078244,0.550279617366,40,4.78e-05,0,45,0.00453,0,0.111111111111,0.98944812362,0,/workspace/exp/natural_qd_push/p3c_bd_sweep_20260704_093150_UTC/live/shape_density_3d/seed_1002/openai_gpt-oss-120b/RTLLM/Prob005_adder_bcd/Gen0/Prob005_adder_bcd_sample5_initial,
shape_density_3d,RTLLM,Prob005_adder_bcd,combinational,0,9f121461-4b61-4271-8b0b-af63d398466d,initial,generation_log,0.366853078244,0.550279617366,40,4.78e-05,0,45,0.00453,0,0.111111111111,0.98944812362,0,/workspace/exp/natural_qd_push/p3c_bd_sweep_20260704_093150_UTC/live/shape_density_3d/seed_1002/openai_gpt-oss-120b/RTLLM/Prob005_adder_bcd/Gen0/Prob005_adder_bcd_sample6_initial,
shape_density_3d,RTLLM,Prob005_adder_bcd,combinational,0,f50558e3-e180-41b9-856c-1e496f5bb90f,initial,generation_log,0.366853078244,0.550279617366,40,4.78e-05,0,45,0.00453,0,0.111111111111,0.98944812362,0,/workspace/exp/natural_qd_push/p3c_bd_sweep_20260704_093150_UTC/live/shape_density_3d/seed_1002/openai_gpt-oss-120b/RTLLM/Prob005_adder_bcd/Gen0/Prob005_adder_bcd_sample7_initial,
shape_density_3d,RTLLM,Prob005_adder_bcd,combinational,0,9157af65-91ee-4baf-b18e-97da77f52fab,initial,generation_log,0.307137601177,0.460706401766,48,5.4e-05,0,45,0.00453,0,-0.0666666666667,0.988079470199,0,/workspace/exp/natural_qd_push/p3c_bd_sweep_20260704_093150_UTC/live/shape_density_3d/seed_1002/openai_gpt-oss-120b/RTLLM/Prob005_adder_bcd/Gen0/Prob005_adder_bcd_sample8_initial,
shape_density_3d,RTLLM,Prob005_adder_bcd,combinational,1,e52cbb90-eab1-4829-85ec-e3500f07e2dd,initial,generation_log,0.366853078244,0.550279617366,40,4.78e-05,0,45,0.00453,0,0.111111111111,0.98944812362,0,/workspace/exp/natural_qd_push/p3c_bd_sweep_20260704_093150_UTC/live/shape_density_3d/seed_1002/openai_gpt-oss-120b/RTLLM/Prob005_adder_bcd/Gen1/Prob005_adder_bcd_sample1_initial,
shape_density_3d,RTLLM,Prob005_adder_bcd,combinational,1,8eca68ba-eaee-4e5f-8b3a-3992ca4f69c7,initial,generation_log,0.366853078244,0.550279617366,40,4.78e-05,0,45,0.00453,0,0.111111111111,0.98944812362,0,/workspace/exp/natural_qd_push/p3c_bd_sweep_20260704_093150_UTC/live/shape_density_3d/seed_1002/openai_gpt-oss-120b/RTLLM/Prob005_adder_bcd/Gen1/Prob005_adder_bcd_sample2_initial,
shape_density_3d,RTLLM,Prob005_adder_bcd,combinational,1,a1eb6c70-81d1-4aa9-916b-c5048c8c6556,C-D,generation_log,0.359688496443,0.539532744665,41,4.45e-05,0,45,0.00453,0,0.0888888888889,0.990176600442,0,/workspace/exp/natural_qd_push/p3c_bd_sweep_20260704_093150_UTC/live/shape_density_3d/seed_1002/openai_gpt-oss-120b/RTLLM/Prob005_adder_bcd/Gen1/Prob005_adder_bcd_sample1_C-D,
shape_density_3d,RTLLM,Prob005_adder_bcd,combinational,1,58fce77e-cbc9-411f-b247-1f60ff4a0d23,C-D,generation_log,0.359688496443,0.539532744665,41,4.45e-05,0,45,0.00453,0,0.0888888888889,0.990176600442,0,/workspace/exp/natural_qd_push/p3c_bd_sweep_20260704_093150_UTC/live/shape_density_3d/seed_1002/openai_gpt-oss-120b/RTLLM/Prob005_adder_bcd/Gen1/Prob005_adder_bcd_sample2_C-D,
shape_density_3d,RTLLM,Prob005_adder_bcd,combinational,1,a36ec8e2-59a3-4f45-b428-60d3f404d175,M-E,generation_log,0.299538876625,0.449308314937,49,5.66e-05,0,45,0.00453,0,-0.0888888888889,0.987505518764,0,/workspace/exp/natural_qd_push/p3c_bd_sweep_20260704_093150_UTC/live/shape_density_3d/seed_1002/openai_gpt-oss-120b/RTLLM/Prob005_adder_bcd/Gen1/Prob005_adder_bcd_sample3_M-E,
shape_density_3d,RTLLM,Prob005_adder_bcd,combinational,1,00ea7dba-123e-4f4b-8ba5-c697f6ccdd5e,C-D,generation_log,0.322048074565,0.483072111847,46,5.27e-05,0,45,0.00453,0,-0.0222222222222,0.988366445916,0,/workspace/exp/natural_qd_push/p3c_bd_sweep_20260704_093150_UTC/live/shape_density_3d/seed_1002/openai_gpt-oss-120b/RTLLM/Prob005_adder_bcd/Gen1/Prob005_adder_bcd_sample4_C-D,
shape_density_3d,RTLLM,Prob005_adder_bcd,combinational,1,7b2e72ed-f5a2-4782-ae3d-1bd62f2b450e,M-T,generation_log,0.322048074565,0.483072111847,46,5.27e-05,0,45,0.00453,0,-0.0222222222222,0.988366445916,0,/workspace/exp/natural_qd_push/p3c_bd_sweep_20260704_093150_UTC/live/shape_density_3d/seed_1002/openai_gpt-oss-120b/RTLLM/Prob005_adder_bcd/Gen1/Prob005_adder_bcd_sample5_M-T,
shape_density_3d,RTLLM,Prob005_adder_bcd,combinational,1,7ff3b03e-a818-43c7-ae42-48b953b3f1f4,C-D,generation_log,0.359688496443,0.539532744665,41,4.45e-05,0,45,0.00453,0,0.0888888888889,0.990176600442,0,/workspace/exp/natural_qd_push/p3c_bd_sweep_20260704_093150_UTC/live/shape_density_3d/seed_1002/openai_gpt-oss-120b/RTLLM/Prob005_adder_bcd/Gen1/Prob005_adder_bcd_sample6_C-D,
shape_density_3d,RTLLM,Prob005_adder_bcd,combinational,2,23550ffc-8144-4498-a487-51be4eb0f717,C-D,generation_log,0.359688496443,0.539532744665,41,4.45e-05,0,45,0.00453,0,0.0888888888889,0.990176600442,0,/workspace/exp/natural_qd_push/p3c_bd_sweep_20260704_093150_UTC/live/shape_density_3d/seed_1002/openai_gpt-oss-120b/RTLLM/Prob005_adder_bcd/Gen2/Prob005_adder_bcd_sample1_C-D,
shape_density_3d,RTLLM,Prob005_adder_bcd,combinational,2,64e33f22-700c-4fab-9bed-4e2988ba11ad,C-D,generation_log,0.359688496443,0.539532744665,41,4.45e-05,0,45,0.00453,0,0.0888888888889,0.990176600442,0,/workspace/exp/natural_qd_push/p3c_bd_sweep_20260704_093150_UTC/live/shape_density_3d/seed_1002/openai_gpt-oss-120b/RTLLM/Prob005_adder_bcd/Gen2/Prob005_adder_bcd_sample2_C-D,
shape_density_3d,RTLLM,Prob005_adder_bcd,combinational,2,d09926bc-216e-4659-b794-1b261d86e9af,C-F,generation_log,0.359688496443,0.539532744665,41,4.45e-05,0,45,0.00453,0,0.0888888888889,0.990176600442,0,/workspace/exp/natural_qd_push/p3c_bd_sweep_20260704_093150_UTC/live/shape_density_3d/seed_1002/openai_gpt-oss-120b/RTLLM/Prob005_adder_bcd/Gen2/Prob005_adder_bcd_sample3_C-F,
shape_density_3d,RTLLM,Prob005_adder_bcd,combinational,2,f0e0ffef-c501-4870-9023-9a4f5a78ecf8,C-F,generation_log,0.359688496443,0.539532744665,41,4.45e-05,0,45,0.00453,0,0.0888888888889,0.990176600442,0,/workspace/exp/natural_qd_push/p3c_bd_sweep_20260704_093150_UTC/live/shape_density_3d/seed_1002/openai_gpt-oss-120b/RTLLM/Prob005_adder_bcd/Gen2/Prob005_adder_bcd_sample4_C-F,
shape_density_3d,RTLLM,Prob005_adder_bcd,combinational,2,c5a22266-c0bb-4e72-b73f-50cd338fa4ec,C-F,generation_log,0.322048074565,0.483072111847,46,5.27e-05,0,45,0.00453,0,-0.0222222222222,0.988366445916,0,/workspace/exp/natural_qd_push/p3c_bd_sweep_20260704_093150_UTC/live/shape_density_3d/seed_1002/openai_gpt-oss-120b/RTLLM/Prob005_adder_bcd/Gen2/Prob005_adder_bcd_sample6_C-F,
shape_density_3d,RTLLM,Prob005_adder_bcd,combinational,3,fa1a5e9d-b723-4567-bdb6-4e6980b09a18,M-T,generation_log,0.314589158695,0.471883738043,47,5.34e-05,0,45,0.00453,0,-0.0444444444444,0.98821192053,0,/workspace/exp/natural_qd_push/p3c_bd_sweep_20260704_093150_UTC/live/shape_density_3d/seed_1002/openai_gpt-oss-120b/RTLLM/Prob005_adder_bcd/Gen3/Prob005_adder_bcd_sample1_M-T,
shape_density_3d,RTLLM,Prob005_adder_bcd,combinational,3,516e1a8e-baa7-4a6e-8705-6c1623574eca,C-D,generation_log,0.359688496443,0.539532744665,41,4.45e-05,0,45,0.00453,0,0.0888888888889,0.990176600442,0,/workspace/exp/natural_qd_push/p3c_bd_sweep_20260704_093150_UTC/live/shape_density_3d/seed_1002/openai_gpt-oss-120b/RTLLM/Prob005_adder_bcd/Gen3/Prob005_adder_bcd_sample2_C-D,
shape_density_3d,RTLLM,Prob005_adder_bcd,combinational,3,94efc778-8561-44d8-b2ac-c102dab70d35,C-F,generation_log,0.374635761589,0.561953642384,39,4.27e-05,0,45,0.00453,0,0.133333333333,0.990573951435,0,/workspace/exp/natural_qd_push/p3c_bd_sweep_20260704_093150_UTC/live/shape_density_3d/seed_1002/openai_gpt-oss-120b/RTLLM/Prob005_adder_bcd/Gen3/Prob005_adder_bcd_sample3_C-F,
shape_density_3d,RTLLM,Prob005_adder_bcd,combinational,3,dac7b7a2-88af-41c0-b814-094e3a06f7bb,C-F,generation_log,0.359688496443,0.539532744665,41,4.45e-05,0,45,0.00453,0,0.0888888888889,0.990176600442,0,/workspace/exp/natural_qd_push/p3c_bd_sweep_20260704_093150_UTC/live/shape_density_3d/seed_1002/openai_gpt-oss-120b/RTLLM/Prob005_adder_bcd/Gen3/Prob005_adder_bcd_sample4_C-F,
shape_density_3d,RTLLM,Prob005_adder_bcd,combinational,3,24107880-07b3-47bf-b608-40da24e3e956,M-R,generation_log,0.374635761589,0.561953642384,39,4.27e-05,0,45,0.00453,0,0.133333333333,0.990573951435,0,/workspace/exp/natural_qd_push/p3c_bd_sweep_20260704_093150_UTC/live/shape_density_3d/seed_1002/openai_gpt-oss-120b/RTLLM/Prob005_adder_bcd/Gen3/Prob005_adder_bcd_sample6_M-R,
shape_density_3d,RTLLM,Prob005_adder_bcd,combinational,4,d92596ed-d315-4ca3-bc2a-79560b363b17,C-D,generation_log,0.359688496443,0.539532744665,41,4.45e-05,0,45,0.00453,0,0.0888888888889,0.990176600442,0,/workspace/exp/natural_qd_push/p3c_bd_sweep_20260704_093150_UTC/live/shape_density_3d/seed_1002/openai_gpt-oss-120b/RTLLM/Prob005_adder_bcd/Gen4/Prob005_adder_bcd_sample1_C-D,
shape_density_3d,RTLLM,Prob005_adder_bcd,combinational,4,1482cfa0-7784-46b0-90d8-0fa675954374,M-S,generation_log,0.322048074565,0.483072111847,46,5.27e-05,0,45,0.00453,0,-0.0222222222222,0.988366445916,0,/workspace/exp/natural_qd_push/p3c_bd_sweep_20260704_093150_UTC/live/shape_density_3d/seed_1002/openai_gpt-oss-120b/RTLLM/Prob005_adder_bcd/Gen4/Prob005_adder_bcd_sample3_M-S,
shape_density_3d,RTLLM,Prob005_adder_bcd,combinational,4,aea354e5-b8d6-45d2-8c0b-480d60d44018,C-F,generation_log,0.359688496443,0.539532744665,41,4.45e-05,0,45,0.00453,0,0.0888888888889,0.990176600442,0,/workspace/exp/natural_qd_push/p3c_bd_sweep_20260704_093150_UTC/live/shape_density_3d/seed_1002/openai_gpt-oss-120b/RTLLM/Prob005_adder_bcd/Gen4/Prob005_adder_bcd_sample4_C-F,
shape_density_3d,RTLLM,Prob005_adder_bcd,combinational,4,e02b07c2-3d4f-4a24-bf32-749e9392c45a,M-R,generation_log,0.374635761589,0.561953642384,39,4.27e-05,0,45,0.00453,0,0.133333333333,0.990573951435,0,/workspace/exp/natural_qd_push/p3c_bd_sweep_20260704_093150_UTC/live/shape_density_3d/seed_1002/openai_gpt-oss-120b/RTLLM/Prob005_adder_bcd/Gen4/Prob005_adder_bcd_sample5_M-R,
shape_density_3d,RTLLM,Prob005_adder_bcd,combinational,4,ca2b7799-c78e-4087-8fc7-65dd39e94351,C-F,generation_log,0.322048074565,0.483072111847,46,5.27e-05,0,45,0.00453,0,-0.0222222222222,0.988366445916,0,/workspace/exp/natural_qd_push/p3c_bd_sweep_20260704_093150_UTC/live/shape_density_3d/seed_1002/openai_gpt-oss-120b/RTLLM/Prob005_adder_bcd/Gen4/Prob005_adder_bcd_sample7_C-F,
shape_density_3d,RTLLM,Prob005_adder_bcd,combinational,5,a4c855f3-c5da-4f83-abd5-ed2df9433b1a,M-E,generation_log,0.314302182978,0.471453274467,47,5.73e-05,0,45,0.00453,0,-0.0444444444444,0.987350993377,0,/workspace/exp/natural_qd_push/p3c_bd_sweep_20260704_093150_UTC/live/shape_density_3d/seed_1002/openai_gpt-oss-120b/RTLLM/Prob005_adder_bcd/Gen5/Prob005_adder_bcd_sample1_M-E,
shape_density_3d,RTLLM,Prob005_adder_bcd,combinational,5,43504f4c-ed6e-41fe-8ffe-a1aff8509dc9,M-T,generation_log,0.322048074565,0.483072111847,46,5.27e-05,0,45,0.00453,0,-0.0222222222222,0.988366445916,0,/workspace/exp/natural_qd_push/p3c_bd_sweep_20260704_093150_UTC/live/shape_density_3d/seed_1002/openai_gpt-oss-120b/RTLLM/Prob005_adder_bcd/Gen5/Prob005_adder_bcd_sample2_M-T,
shape_density_3d,RTLLM,Prob005_adder_bcd,combinational,5,032e54ee-77e3-4ca0-b3e0-9778b66f8e1b,M-I,generation_log,0.314589158695,0.471883738043,47,5.34e-05,0,45,0.00453,0,-0.0444444444444,0.98821192053,0,/workspace/exp/natural_qd_push/p3c_bd_sweep_20260704_093150_UTC/live/shape_density_3d/seed_1002/openai_gpt-oss-120b/RTLLM/Prob005_adder_bcd/Gen5/Prob005_adder_bcd_sample5_M-I,
shape_density_3d,RTLLM,Prob005_adder_bcd,combinational,5,35ce96ab-a108-4554-852a-69fbc9ba9d86,C-F,generation_log,0.322048074565,0.483072111847,46,5.27e-05,0,45,0.00453,0,-0.0222222222222,0.988366445916,0,/workspace/exp/natural_qd_push/p3c_bd_sweep_20260704_093150_UTC/live/shape_density_3d/seed_1002/openai_gpt-oss-120b/RTLLM/Prob005_adder_bcd/Gen5/Prob005_adder_bcd_sample6_C-F,
shape_density_3d,RTLLM,Prob007_comparator_3bit,combinational,0,991204e3-ea61-4616-829e-1f48e8b4ab68,initial,generation_log,0.329833503228,0.494750254842,17,1.03e-05,0,17,0.000981,0,0,0.989500509684,0,/workspace/exp/natural_qd_push/p3c_bd_sweep_20260704_093150_UTC/live/shape_density_3d/seed_1002/openai_gpt-oss-120b/RTLLM/Prob007_comparator_3bit/Gen0/Prob007_comparator_3bit_sample1_initial,
shape_density_3d,RTLLM,Prob007_comparator_3bit,combinational,0,802c11bd-5146-4608-b7f9-6ff3ba494721,initial,generation_log,0.329833503228,0.494750254842,17,1.03e-05,0,17,0.000981,0,0,0.989500509684,0,/workspace/exp/natural_qd_push/p3c_bd_sweep_20260704_093150_UTC/live/shape_density_3d/seed_1002/openai_gpt-oss-120b/RTLLM/Prob007_comparator_3bit/Gen0/Prob007_comparator_3bit_sample2_initial,
shape_density_3d,RTLLM,Prob007_comparator_3bit,combinational,0,cb0adcab-c3be-4793-92c1-465f1275ace8,initial,generation_log,0.329833503228,0.494750254842,17,1.03e-05,0,17,0.000981,0,0,0.989500509684,0,/workspace/exp/natural_qd_push/p3c_bd_sweep_20260704_093150_UTC/live/shape_density_3d/seed_1002/openai_gpt-oss-120b/RTLLM/Prob007_comparator_3bit/Gen0/Prob007_comparator_3bit_sample3_initial,
shape_density_3d,RTLLM,Prob007_comparator_3bit,combinational,0,1005545a-ca0f-472c-a733-d82e0a7d3b25,initial,generation_log,0.329833503228,0.494750254842,17,1.03e-05,0,17,0.000981,0,0,0.989500509684,0,/workspace/exp/natural_qd_push/p3c_bd_sweep_20260704_093150_UTC/live/shape_density_3d/seed_1002/openai_gpt-oss-120b/RTLLM/Prob007_comparator_3bit/Gen0/Prob007_comparator_3bit_sample4_initial,
shape_density_3d,RTLLM,Prob007_comparator_3bit,combinational,0,0f5f6dce-f14e-438f-92d4-1704990cf1c9,initial,generation_log,0.329833503228,0.494750254842,17,1.03e-05,0,17,0.000981,0,0,0.989500509684,0,/workspace/exp/natural_qd_push/p3c_bd_sweep_20260704_093150_UTC/live/shape_density_3d/seed_1002/openai_gpt-oss-120b/RTLLM/Prob007_comparator_3bit/Gen0/Prob007_comparator_3bit_sample5_initial,
shape_density_3d,RTLLM,Prob007_comparator_3bit,combinational,0,cac32a73-ab16-40c2-bc59-94996b62c1dd,initial,generation_log,0.329833503228,0.494750254842,17,1.03e-05,0,17,0.000981,0,0,0.989500509684,0,/workspace/exp/natural_qd_push/p3c_bd_sweep_20260704_093150_UTC/live/shape_density_3d/seed_1002/openai_gpt-oss-120b/RTLLM/Prob007_comparator_3bit/Gen0/Prob007_comparator_3bit_sample6_initial,
shape_density_3d,RTLLM,Prob007_comparator_3bit,combinational,0,92dfb148-00cc-4c45-9224-9b6467efa989,initial,generation_log,0.329833503228,0.494750254842,17,1.03e-05,0,17,0.000981,0,0,0.989500509684,0,/workspace/exp/natural_qd_push/p3c_bd_sweep_20260704_093150_UTC/live/shape_density_3d/seed_1002/openai_gpt-oss-120b/RTLLM/Prob007_comparator_3bit/Gen0/Prob007_comparator_3bit_sample7_initial,
shape_density_3d,RTLLM,Prob007_comparator_3bit,combinational,0,01d15625-233c-4dc9-b178-eb3b86a6f6f0,initial,generation_log,0.329833503228,0.494750254842,17,1.03e-05,0,17,0.000981,0,0,0.989500509684,0,/workspace/exp/natural_qd_push/p3c_bd_sweep_20260704_093150_UTC/live/shape_density_3d/seed_1002/openai_gpt-oss-120b/RTLLM/Prob007_comparator_3bit/Gen0/Prob007_comparator_3bit_sample8_initial,
shape_density_3d,RTLLM,Prob007_comparator_3bit,combinational,1,add7ac70-181e-4154-b5bd-4aa03a64fad6,M-I,generation_log,0.350069956627,0.52510493494,16,8.45e-06,0,17,0.000981,0,0.0588235294118,0.991386340469,0,/workspace/exp/natural_qd_push/p3c_bd_sweep_20260704_093150_UTC/live/shape_density_3d/seed_1002/openai_gpt-oss-120b/RTLLM/Prob007_comparator_3bit/Gen1/Prob007_comparator_3bit_sample1_M-I,
shape_density_3d,RTLLM,Prob007_comparator_3bit,combinational,1,c8a2b1cf-773b-4d6f-b405-c810607bb0ca,M-S,generation_log,0.210419539885,0.315629309828,23,1.55e-05,0,17,0.000981,0,-0.352941176471,0.984199796126,0,/workspace/exp/natural_qd_push/p3c_bd_sweep_20260704_093150_UTC/live/shape_density_3d/seed_1002/openai_gpt-oss-120b/RTLLM/Prob007_comparator_3bit/Gen1/Prob007_comparator_3bit_sample2_M-S,
shape_density_3d,RTLLM,Prob007_comparator_3bit,combinational,1,444eb7f0-7341-4bd2-854a-c380ce4dff8d,M-R,generation_log,0.211201055346,0.316801583019,23,1.32e-05,0,17,0.000981,0,-0.352941176471,0.986544342508,0,/workspace/exp/natural_qd_push/p3c_bd_sweep_20260704_093150_UTC/live/shape_density_3d/seed_1002/openai_gpt-oss-120b/RTLLM/Prob007_comparator_3bit/Gen1/Prob007_comparator_3bit_sample3_M-R,
shape_density_3d,RTLLM,Prob007_comparator_3bit,combinational,1,f7e2468e-1cd6-4c3d-a8ad-abcd38d33d69,M-R,generation_log,0.289972217225,0.434958325838,19,1.22e-05,0,17,0.000981,0,-0.117647058824,0.987563710499,0,/workspace/exp/natural_qd_push/p3c_bd_sweep_20260704_093150_UTC/live/shape_density_3d/seed_1002/openai_gpt-oss-120b/RTLLM/Prob007_comparator_3bit/Gen1/Prob007_comparator_3bit_sample4_M-R,
shape_density_3d,RTLLM,Prob007_comparator_3bit,combinational,1,093cb0bc-dd03-4118-bce3-a09b4ef11256,M-S,generation_log,0.210079750555,0.315119625832,23,1.65e-05,0,17,0.000981,0,-0.352941176471,0.983180428135,0,/workspace/exp/natural_qd_push/p3c_bd_sweep_20260704_093150_UTC/live/shape_density_3d/seed_1002/openai_gpt-oss-120b/RTLLM/Prob007_comparator_3bit/Gen1/Prob007_comparator_3bit_sample5_M-S,
shape_density_3d,RTLLM,Prob007_comparator_3bit,combinational,1,7c8a383b-12a0-4a27-8c5a-e22d6c0ac503,M-R,generation_log,0.210045771622,0.315068657432,23,1.66e-05,0,17,0.000981,0,-0.352941176471,0.983078491335,0,/workspace/exp/natural_qd_push/p3c_bd_sweep_20260704_093150_UTC/live/shape_density_3d/seed_1002/openai_gpt-oss-120b/RTLLM/Prob007_comparator_3bit/Gen1/Prob007_comparator_3bit_sample7_M-R,
shape_density_3d,RTLLM,Prob007_comparator_3bit,combinational,1,2cad4798-3c36-4c72-82e5-7e155319ad7f,M-I,generation_log,0.210419539885,0.315629309828,23,1.55e-05,0,17,0.000981,0,-0.352941176471,0.984199796126,0,/workspace/exp/natural_qd_push/p3c_bd_sweep_20260704_093150_UTC/live/shape_density_3d/seed_1002/openai_gpt-oss-120b/RTLLM/Prob007_comparator_3bit/Gen1/Prob007_comparator_3bit_sample8_M-I,
shape_density_3d,RTLLM,Prob007_comparator_3bit,combinational,2,1e0b7e91-9043-4708-b7fd-ffcaed20686d,C-F,generation_log,0.210045771622,0.315068657432,23,1.66e-05,0,17,0.000981,0,-0.352941176471,0.983078491335,0,/workspace/exp/natural_qd_push/p3c_bd_sweep_20260704_093150_UTC/live/shape_density_3d/seed_1002/openai_gpt-oss-120b/RTLLM/Prob007_comparator_3bit/Gen2/Prob007_comparator_3bit_sample1_C-F,
shape_density_3d,RTLLM,Prob007_comparator_3bit,combinational,2,3845f3df-63bd-4bb6-acb3-6be610fe5e44,C-F,generation_log,0.210045771622,0.315068657432,23,1.66e-05,0,17,0.000981,0,-0.352941176471,0.983078491335,0,/workspace/exp/natural_qd_push/p3c_bd_sweep_20260704_093150_UTC/live/shape_density_3d/seed_1002/openai_gpt-oss-120b/RTLLM/Prob007_comparator_3bit/Gen2/Prob007_comparator_3bit_sample2_C-F,
shape_density_3d,RTLLM,Prob007_comparator_3bit,combinational,2,1836352c-e26b-4714-b39c-bac15cde954f,M-I,generation_log,0.211201055346,0.316801583019,23,1.32e-05,0,17,0.000981,0,-0.352941176471,0.986544342508,0,/workspace/exp/natural_qd_push/p3c_bd_sweep_20260704_093150_UTC/live/shape_density_3d/seed_1002/openai_gpt-oss-120b/RTLLM/Prob007_comparator_3bit/Gen2/Prob007_comparator_3bit_sample3_M-I,
shape_density_3d,RTLLM,Prob007_comparator_3bit,combinational,2,20d69b4c-6277-4c6b-a127-4a2f62935f94,M-S,generation_log,0.210419539885,0.315629309828,23,1.55e-05,0,17,0.000981,0,-0.352941176471,0.984199796126,0,/workspace/exp/natural_qd_push/p3c_bd_sweep_20260704_093150_UTC/live/shape_density_3d/seed_1002/openai_gpt-oss-120b/RTLLM/Prob007_comparator_3bit/Gen2/Prob007_comparator_3bit_sample4_M-S,
shape_density_3d,RTLLM,Prob007_comparator_3bit,combinational,2,dbf751d8-d458-4824-a42b-44244a19bbf5,M-R,generation_log,0.329833503228,0.494750254842,17,1.03e-05,0,17,0.000981,0,0,0.989500509684,0,/workspace/exp/natural_qd_push/p3c_bd_sweep_20260704_093150_UTC/live/shape_density_3d/seed_1002/openai_gpt-oss-120b/RTLLM/Prob007_comparator_3bit/Gen2/Prob007_comparator_3bit_sample5_M-R,
shape_density_3d,RTLLM,Prob007_comparator_3bit,combinational,2,af845f8d-ea20-46d3-9dc5-411938f13bf3,C-F,generation_log,0.210045771622,0.315068657432,23,1.66e-05,0,17,0.000981,0,-0.352941176471,0.983078491335,0,/workspace/exp/natural_qd_push/p3c_bd_sweep_20260704_093150_UTC/live/shape_density_3d/seed_1002/openai_gpt-oss-120b/RTLLM/Prob007_comparator_3bit/Gen2/Prob007_comparator_3bit_sample6_C-F,
shape_density_3d,RTLLM,Prob007_comparator_3bit,combinational,2,a165caa8-664a-4302-b5bc-ccbc52087beb,M-S,generation_log,0.210045771622,0.315068657432,23,1.66e-05,0,17,0.000981,0,-0.352941176471,0.983078491335,0,/workspace/exp/natural_qd_push/p3c_bd_sweep_20260704_093150_UTC/live/shape_density_3d/seed_1002/openai_gpt-oss-120b/RTLLM/Prob007_comparator_3bit/Gen2/Prob007_comparator_3bit_sample8_M-S,
shape_density_3d,RTLLM,Prob007_comparator_3bit,combinational,3,e9a66271-e66f-4254-9942-1753a34c6cfa,M-S,generation_log,0.329833503228,0.494750254842,17,1.03e-05,0,17,0.000981,0,0,0.989500509684,0,/workspace/exp/natural_qd_push/p3c_bd_sweep_20260704_093150_UTC/live/shape_density_3d/seed_1002/openai_gpt-oss-120b/RTLLM/Prob007_comparator_3bit/Gen3/Prob007_comparator_3bit_sample2_M-S,
shape_density_3d,RTLLM,Prob007_comparator_3bit,combinational,3,8ecab6da-18a2-4452-ac3d-ca11c9960bb1,M-R,generation_log,0.329833503228,0.494750254842,17,1.03e-05,0,17,0.000981,0,0,0.989500509684,0,/workspace/exp/natural_qd_push/p3c_bd_sweep_20260704_093150_UTC/live/shape_density_3d/seed_1002/openai_gpt-oss-120b/RTLLM/Prob007_comparator_3bit/Gen3/Prob007_comparator_3bit_sample3_M-R,
shape_density_3d,RTLLM,Prob007_comparator_3bit,combinational,3,ad61d7b7-751c-4ab2-8cd6-093ffdcb8d29,C-F,generation_log,0.309715976095,0.464573964142,18,1.18e-05,0,17,0.000981,0,-0.0588235294118,0.987971457696,0,/workspace/exp/natural_qd_push/p3c_bd_sweep_20260704_093150_UTC/live/shape_density_3d/seed_1002/openai_gpt-oss-120b/RTLLM/Prob007_comparator_3bit/Gen3/Prob007_comparator_3bit_sample5_C-F,
shape_density_3d,RTLLM,Prob007_comparator_3bit,combinational,3,244dad24-1908-4036-810b-98e1fc11c1e0,C-F,generation_log,0.210045771622,0.315068657432,23,1.66e-05,0,17,0.000981,0,-0.352941176471,0.983078491335,0,/workspace/exp/natural_qd_push/p3c_bd_sweep_20260704_093150_UTC/live/shape_density_3d/seed_1002/openai_gpt-oss-120b/RTLLM/Prob007_comparator_3bit/Gen3/Prob007_comparator_3bit_sample6_C-F,
shape_density_3d,RTLLM,Prob007_comparator_3bit,combinational,3,1829468e-4734-45fd-ac1e-1777ce6e9a32,M-R,generation_log,0.30988587076,0.46482880614,18,1.13e-05,0,17,0.000981,0,-0.0588235294118,0.988481141692,0,/workspace/exp/natural_qd_push/p3c_bd_sweep_20260704_093150_UTC/live/shape_density_3d/seed_1002/openai_gpt-oss-120b/RTLLM/Prob007_comparator_3bit/Gen3/Prob007_comparator_3bit_sample7_M-R,
shape_density_3d,RTLLM,Prob007_comparator_3bit,combinational,3,650f45b0-1a09-432d-a4ab-012c89507244,C-F,generation_log,0.210419539885,0.315629309828,23,1.55e-05,0,17,0.000981,0,-0.352941176471,0.984199796126,0,/workspace/exp/natural_qd_push/p3c_bd_sweep_20260704_093150_UTC/live/shape_density_3d/seed_1002/openai_gpt-oss-120b/RTLLM/Prob007_comparator_3bit/Gen3/Prob007_comparator_3bit_sample8_C-F,
shape_density_3d,RTLLM,Prob007_comparator_3bit,combinational,4,5fd249e6-b99f-406d-a698-c13213372edb,M-R,generation_log,0.329833503228,0.494750254842,17,1.03e-05,0,17,0.000981,0,0,0.989500509684,0,/workspace/exp/natural_qd_push/p3c_bd_sweep_20260704_093150_UTC/live/shape_density_3d/seed_1002/openai_gpt-oss-120b/RTLLM/Prob007_comparator_3bit/Gen4/Prob007_comparator_3bit_sample1_M-R,
shape_density_3d,RTLLM,Prob007_comparator_3bit,combinational,4,4466c16d-7ec3-4f1e-981a-86b720e79fac,C-F,generation_log,0.210045771622,0.315068657432,23,1.66e-05,0,17,0.000981,0,-0.352941176471,0.983078491335,0,/workspace/exp/natural_qd_push/p3c_bd_sweep_20260704_093150_UTC/live/shape_density_3d/seed_1002/openai_gpt-oss-120b/RTLLM/Prob007_comparator_3bit/Gen4/Prob007_comparator_3bit_sample2_C-F,
shape_density_3d,RTLLM,Prob007_comparator_3bit,combinational,4,55e52fb8-2d8b-4dfd-9ad6-bfd772499d5a,M-S,generation_log,0.329833503228,0.494750254842,17,1.03e-05,0,17,0.000981,0,0,0.989500509684,0,/workspace/exp/natural_qd_push/p3c_bd_sweep_20260704_093150_UTC/live/shape_density_3d/seed_1002/openai_gpt-oss-120b/RTLLM/Prob007_comparator_3bit/Gen4/Prob007_comparator_3bit_sample3_M-S,
shape_density_3d,RTLLM,Prob007_comparator_3bit,combinational,4,097cbbc6-9580-4cdc-b251-85e0d8abdd2e,C-F,generation_log,0.309715976095,0.464573964142,18,1.18e-05,0,17,0.000981,0,-0.0588235294118,0.987971457696,0,/workspace/exp/natural_qd_push/p3c_bd_sweep_20260704_093150_UTC/live/shape_density_3d/seed_1002/openai_gpt-oss-120b/RTLLM/Prob007_comparator_3bit/Gen4/Prob007_comparator_3bit_sample4_C-F,
shape_density_3d,RTLLM,Prob007_comparator_3bit,combinational,4,f691483c-b47d-4c61-bbab-ede3671da4a0,M-I,generation_log,0.251130299214,0.376695448822,21,1.11e-05,0,17,0.000981,0,-0.235294117647,0.988685015291,0,/workspace/exp/natural_qd_push/p3c_bd_sweep_20260704_093150_UTC/live/shape_density_3d/seed_1002/openai_gpt-oss-120b/RTLLM/Prob007_comparator_3bit/Gen4/Prob007_comparator_3bit_sample6_M-I,
shape_density_3d,RTLLM,Prob007_comparator_3bit,combinational,4,ad581061-2d8e-4e88-811b-4a5955aa264e,M-S,generation_log,0.329833503228,0.494750254842,17,1.03e-05,0,17,0.000981,0,0,0.989500509684,0,/workspace/exp/natural_qd_push/p3c_bd_sweep_20260704_093150_UTC/live/shape_density_3d/seed_1002/openai_gpt-oss-120b/RTLLM/Prob007_comparator_3bit/Gen4/Prob007_comparator_3bit_sample7_M-S,
shape_density_3d,RTLLM,Prob007_comparator_3bit,combinational,5,2c537b44-e2b4-4443-b9fd-f223bc2049c3,M-I,generation_log,0.329955827387,0.494933741081,17,9.94e-06,0,17,0.000981,0,0,0.989867482161,0,/workspace/exp/natural_qd_push/p3c_bd_sweep_20260704_093150_UTC/live/shape_density_3d/seed_1002/openai_gpt-oss-120b/RTLLM/Prob007_comparator_3bit/Gen5/Prob007_comparator_3bit_sample1_M-I,
shape_density_3d,RTLLM,Prob007_comparator_3bit,combinational,5,5f3a2c80-0575-4105-bd25-4bda2192a55d,C-F,generation_log,0.309715976095,0.464573964142,18,1.18e-05,0,17,0.000981,0,-0.0588235294118,0.987971457696,0,/workspace/exp/natural_qd_push/p3c_bd_sweep_20260704_093150_UTC/live/shape_density_3d/seed_1002/openai_gpt-oss-120b/RTLLM/Prob007_comparator_3bit/Gen5/Prob007_comparator_3bit_sample2_C-F,
shape_density_3d,RTLLM,Prob007_comparator_3bit,combinational,5,30360d67-5818-4d0d-96b1-615f29b77df1,C-F,generation_log,0.210045771622,0.315068657432,23,1.66e-05,0,17,0.000981,0,-0.352941176471,0.983078491335,0,/workspace/exp/natural_qd_push/p3c_bd_sweep_20260704_093150_UTC/live/shape_density_3d/seed_1002/openai_gpt-oss-120b/RTLLM/Prob007_comparator_3bit/Gen5/Prob007_comparator_3bit_sample3_C-F,
shape_density_3d,RTLLM,Prob007_comparator_3bit,combinational,5,a1bddebf-8359-4c2d-b0b4-367fb8a882b7,M-S,generation_log,0.329833503228,0.494750254842,17,1.03e-05,0,17,0.000981,0,0,0.989500509684,0,/workspace/exp/natural_qd_push/p3c_bd_sweep_20260704_093150_UTC/live/shape_density_3d/seed_1002/openai_gpt-oss-120b/RTLLM/Prob007_comparator_3bit/Gen5/Prob007_comparator_3bit_sample4_M-S,
shape_density_3d,RTLLM,Prob007_comparator_3bit,combinational,5,399f6812-e235-4e9d-8c00-607b63c6e821,C-F,generation_log,0.210079750555,0.315119625832,23,1.65e-05,0,17,0.000981,0,-0.352941176471,0.983180428135,0,/workspace/exp/natural_qd_push/p3c_bd_sweep_20260704_093150_UTC/live/shape_density_3d/seed_1002/openai_gpt-oss-120b/RTLLM/Prob007_comparator_3bit/Gen5/Prob007_comparator_3bit_sample5_C-F,
shape_density_3d,RTLLM,Prob007_comparator_3bit,combinational,5,9f8584c6-88f5-4daa-8fb2-198978d7e56e,C-F,generation_log,0.289972217225,0.434958325838,19,1.22e-05,0,17,0.000981,0,-0.117647058824,0.987563710499,0,/workspace/exp/natural_qd_push/p3c_bd_sweep_20260704_093150_UTC/live/shape_density_3d/seed_1002/openai_gpt-oss-120b/RTLLM/Prob007_comparator_3bit/Gen5/Prob007_comparator_3bit_sample6_C-F,
shape_density_3d,RTLLM,Prob007_comparator_3bit,combinational,5,157bb323-8a54-4014-8c8a-3bc5e9e21929,C-F,generation_log,0.329833503228,0.494750254842,17,1.03e-05,0,17,0.000981,0,0,0.989500509684,0,/workspace/exp/natural_qd_push/p3c_bd_sweep_20260704_093150_UTC/live/shape_density_3d/seed_1002/openai_gpt-oss-120b/RTLLM/Prob007_comparator_3bit/Gen5/Prob007_comparator_3bit_sample7_C-F,
shape_density_3d,RTLLM,Prob007_comparator_3bit,combinational,5,1d538b57-bb2d-4523-bfb6-24f5f82b0998,M-R,generation_log,0.329833503228,0.494750254842,17,1.03e-05,0,17,0.000981,0,0,0.989500509684,0,/workspace/exp/natural_qd_push/p3c_bd_sweep_20260704_093150_UTC/live/shape_density_3d/seed_1002/openai_gpt-oss-120b/RTLLM/Prob007_comparator_3bit/Gen5/Prob007_comparator_3bit_sample8_M-R,
shape_density_3d,RTLLM,Prob008_comparator_4bit,combinational,0,7e7780e8-df3d-42d4-b2f6-ef89417c0489,initial,generation_log,0.339701010101,0.509551515152,32,2.24e-05,0,33,0.002,0,0.030303030303,0.9888,0,/workspace/exp/natural_qd_push/p3c_bd_sweep_20260704_093150_UTC/live/shape_density_3d/seed_1002/openai_gpt-oss-120b/RTLLM/Prob008_comparator_4bit/Gen0/Prob008_comparator_4bit_sample1_initial,
shape_density_3d,RTLLM,Prob008_comparator_4bit,combinational,0,844d50a2-9860-4cdc-ad5f-63870f2fa446,initial,generation_log,0.32925,0.493875,33,2.45e-05,0,33,0.002,0,0,0.98775,0,/workspace/exp/natural_qd_push/p3c_bd_sweep_20260704_093150_UTC/live/shape_density_3d/seed_1002/openai_gpt-oss-120b/RTLLM/Prob008_comparator_4bit/Gen0/Prob008_comparator_4bit_sample2_initial,
shape_density_3d,RTLLM,Prob008_comparator_4bit,combinational,0,2f8bbbe1-d655-4f1a-86a2-4cae82e8ba47,initial,generation_log,0.339701010101,0.509551515152,32,2.24e-05,0,33,0.002,0,0.030303030303,0.9888,0,/workspace/exp/natural_qd_push/p3c_bd_sweep_20260704_093150_UTC/live/shape_density_3d/seed_1002/openai_gpt-oss-120b/RTLLM/Prob008_comparator_4bit/Gen0/Prob008_comparator_4bit_sample3_initial,
shape_density_3d,RTLLM,Prob008_comparator_4bit,combinational,0,0717bf3a-18f4-4d6a-9eda-161c28bac841,initial,generation_log,0.390839393939,0.586259090909,27,1.86e-05,0,33,0.002,0,0.181818181818,0.9907,0,/workspace/exp/natural_qd_push/p3c_bd_sweep_20260704_093150_UTC/live/shape_density_3d/seed_1002/openai_gpt-oss-120b/RTLLM/Prob008_comparator_4bit/Gen0/Prob008_comparator_4bit_sample4_initial,
shape_density_3d,RTLLM,Prob008_comparator_4bit,combinational,0,fa706bad-6fe0-4303-a7e4-22a4ce43d73b,initial,generation_log,0.442044444444,0.663066666667,22,1.44e-05,0,33,0.002,0,0.333333333333,0.9928,0,/workspace/exp/natural_qd_push/p3c_bd_sweep_20260704_093150_UTC/live/shape_density_3d/seed_1002/openai_gpt-oss-120b/RTLLM/Prob008_comparator_4bit/Gen0/Prob008_comparator_4bit_sample5_initial,
shape_density_3d,RTLLM,Prob008_comparator_4bit,combinational,0,3d9f6848-cb8a-4ba0-9916-b84270bfc2b1,initial,generation_log,0.339701010101,0.509551515152,32,2.24e-05,0,33,0.002,0,0.030303030303,0.9888,0,/workspace/exp/natural_qd_push/p3c_bd_sweep_20260704_093150_UTC/live/shape_density_3d/seed_1002/openai_gpt-oss-120b/RTLLM/Prob008_comparator_4bit/Gen0/Prob008_comparator_4bit_sample6_initial,
shape_density_3d,RTLLM,Prob008_comparator_4bit,combinational,0,c1e9af0d-dbc4-49ef-b6b6-3a4a7bb80154,initial,generation_log,0.390839393939,0.586259090909,27,1.86e-05,0,33,0.002,0,0.181818181818,0.9907,0,/workspace/exp/natural_qd_push/p3c_bd_sweep_20260704_093150_UTC/live/shape_density_3d/seed_1002/openai_gpt-oss-120b/RTLLM/Prob008_comparator_4bit/Gen0/Prob008_comparator_4bit_sample7_initial,
shape_density_3d,RTLLM,Prob008_comparator_4bit,combinational,0,f08eb449-6106-4ca6-b8c7-e8abd469a085,initial,generation_log,0.32925,0.493875,33,2.45e-05,0,33,0.002,0,0,0.98775,0,/workspace/exp/natural_qd_push/p3c_bd_sweep_20260704_093150_UTC/live/shape_density_3d/seed_1002/openai_gpt-oss-120b/RTLLM/Prob008_comparator_4bit/Gen0/Prob008_comparator_4bit_sample8_initial,
shape_density_3d,RTLLM,Prob008_comparator_4bit,combinational,1,63b3a073-ae00-4c71-ab1e-e5961770183b,M-E,generation_log,0.320465656566,0.480698484848,34,1.66e-05,0,33,0.002,0,-0.030303030303,0.9917,0,/workspace/exp/natural_qd_push/p3c_bd_sweep_20260704_093150_UTC/live/shape_density_3d/seed_1002/openai_gpt-oss-120b/RTLLM/Prob008_comparator_4bit/Gen1/Prob008_comparator_4bit_sample1_M-E,
shape_density_3d,RTLLM,Prob008_comparator_4bit,combinational,1,de7f8f62-cd4f-4a90-88c4-ff1ef8f2cd54,M-T,generation_log,0.43186010101,0.647790151515,23,1.49e-05,0,33,0.002,0,0.30303030303,0.99255,0,/workspace/exp/natural_qd_push/p3c_bd_sweep_20260704_093150_UTC/live/shape_density_3d/seed_1002/openai_gpt-oss-120b/RTLLM/Prob008_comparator_4bit/Gen1/Prob008_comparator_4bit_sample2_M-T,
shape_density_3d,RTLLM,Prob008_comparator_4bit,combinational,1,75427444-5ecf-4191-b334-810708ec3088,C-F,generation_log,0.43186010101,0.647790151515,23,1.49e-05,0,33,0.002,0,0.30303030303,0.99255,0,/workspace/exp/natural_qd_push/p3c_bd_sweep_20260704_093150_UTC/live/shape_density_3d/seed_1002/openai_gpt-oss-120b/RTLLM/Prob008_comparator_4bit/Gen1/Prob008_comparator_4bit_sample3_C-F,
shape_density_3d,RTLLM,Prob008_comparator_4bit,combinational,1,60058442-bf55-4d31-8f6d-c26b179f185b,C-F,generation_log,0.299763636364,0.449645454545,36,1.96e-05,0,33,0.002,0,-0.0909090909091,0.9902,0,/workspace/exp/natural_qd_push/p3c_bd_sweep_20260704_093150_UTC/live/shape_density_3d/seed_1002/openai_gpt-oss-120b/RTLLM/Prob008_comparator_4bit/Gen1/Prob008_comparator_4bit_sample4_C-F,
shape_density_3d,RTLLM,Prob008_comparator_4bit,combinational,1,259f3e00-28ff-4cba-b721-645f528b3833,C-F,generation_log,0.43186010101,0.647790151515,23,1.49e-05,0,33,0.002,0,0.30303030303,0.99255,0,/workspace/exp/natural_qd_push/p3c_bd_sweep_20260704_093150_UTC/live/shape_density_3d/seed_1002/openai_gpt-oss-120b/RTLLM/Prob008_comparator_4bit/Gen1/Prob008_comparator_4bit_sample5_C-F,
shape_density_3d,RTLLM,Prob008_comparator_4bit,combinational,1,3d04104e-35f2-44ee-9422-ee92a5c2631d,M-I,generation_log,0.43186010101,0.647790151515,23,1.49e-05,0,33,0.002,0,0.30303030303,0.99255,0,/workspace/exp/natural_qd_push/p3c_bd_sweep_20260704_093150_UTC/live/shape_density_3d/seed_1002/openai_gpt-oss-120b/RTLLM/Prob008_comparator_4bit/Gen1/Prob008_comparator_4bit_sample6_M-I,
shape_density_3d,RTLLM,Prob008_comparator_4bit,combinational,1,e9906b15-e57f-4c55-b63f-0e3ded01cb38,C-F,generation_log,0.380938383838,0.571407575758,28,1.74e-05,0,33,0.002,0,0.151515151515,0.9913,0,/workspace/exp/natural_qd_push/p3c_bd_sweep_20260704_093150_UTC/live/shape_density_3d/seed_1002/openai_gpt-oss-120b/RTLLM/Prob008_comparator_4bit/Gen1/Prob008_comparator_4bit_sample7_C-F,
shape_density_3d,RTLLM,Prob008_comparator_4bit,combinational,2,5264e97f-5f03-4e4b-80bb-28e6aea8456e,M-T,generation_log,0.421592424242,0.632388636364,24,1.59e-05,0,33,0.002,0,0.272727272727,0.99205,0,/workspace/exp/natural_qd_push/p3c_bd_sweep_20260704_093150_UTC/live/shape_density_3d/seed_1002/openai_gpt-oss-120b/RTLLM/Prob008_comparator_4bit/Gen2/Prob008_comparator_4bit_sample1_M-T,
shape_density_3d,RTLLM,Prob008_comparator_4bit,combinational,2,f8974789-0286-4fff-bf9e-e9547342967c,M-E,generation_log,0.289612626263,0.434418939394,37,1.99e-05,0,33,0.002,0,-0.121212121212,0.99005,0,/workspace/exp/natural_qd_push/p3c_bd_sweep_20260704_093150_UTC/live/shape_density_3d/seed_1002/openai_gpt-oss-120b/RTLLM/Prob008_comparator_4bit/Gen2/Prob008_comparator_4bit_sample2_M-E,
shape_density_3d,RTLLM,Prob008_comparator_4bit,combinational,2,8d3719d1-6a39-4958-9145-2d3568bcc43e,C-F,generation_log,0.43186010101,0.647790151515,23,1.49e-05,0,33,0.002,0,0.30303030303,0.99255,0,/workspace/exp/natural_qd_push/p3c_bd_sweep_20260704_093150_UTC/live/shape_density_3d/seed_1002/openai_gpt-oss-120b/RTLLM/Prob008_comparator_4bit/Gen2/Prob008_comparator_4bit_sample3_C-F,
shape_density_3d,RTLLM,Prob008_comparator_4bit,combinational,2,dc59fb4b-fef5-4b70-84d5-bfcc0bb3fe56,M-S,generation_log,0.43186010101,0.647790151515,23,1.49e-05,0,33,0.002,0,0.30303030303,0.99255,0,/workspace/exp/natural_qd_push/p3c_bd_sweep_20260704_093150_UTC/live/shape_density_3d/seed_1002/openai_gpt-oss-120b/RTLLM/Prob008_comparator_4bit/Gen2/Prob008_comparator_4bit_sample4_M-S,
shape_density_3d,RTLLM,Prob008_comparator_4bit,combinational,2,888ccac0-8e0b-431c-a7dd-d317f38e7c6f,M-I,generation_log,0.43186010101,0.647790151515,23,1.49e-05,0,33,0.002,0,0.30303030303,0.99255,0,/workspace/exp/natural_qd_push/p3c_bd_sweep_20260704_093150_UTC/live/shape_density_3d/seed_1002/openai_gpt-oss-120b/RTLLM/Prob008_comparator_4bit/Gen2/Prob008_comparator_4bit_sample5_M-I,
shape_density_3d,RTLLM,Prob008_comparator_4bit,combinational,2,470897f4-162d-484d-8c33-8451a239b518,M-R,generation_log,0.43186010101,0.647790151515,23,1.49e-05,0,33,0.002,0,0.30303030303,0.99255,0,/workspace/exp/natural_qd_push/p3c_bd_sweep_20260704_093150_UTC/live/shape_density_3d/seed_1002/openai_gpt-oss-120b/RTLLM/Prob008_comparator_4bit/Gen2/Prob008_comparator_4bit_sample8_M-R,
shape_density_3d,RTLLM,Prob008_comparator_4bit,combinational,3,02fc7df8-21f1-4f17-9a09-22ff3e2f5ae9,M-E,generation_log,0.320465656566,0.480698484848,34,1.66e-05,0,33,0.002,0,-0.030303030303,0.9917,0,/workspace/exp/natural_qd_push/p3c_bd_sweep_20260704_093150_UTC/live/shape_density_3d/seed_1002/openai_gpt-oss-120b/RTLLM/Prob008_comparator_4bit/Gen3/Prob008_comparator_4bit_sample1_M-E,
shape_density_3d,RTLLM,Prob008_comparator_4bit,combinational,3,984ca2bc-9a4b-4875-afa5-fd75674b4457,C-D,generation_log,0.43186010101,0.647790151515,23,1.49e-05,0,33,0.002,0,0.30303030303,0.99255,0,/workspace/exp/natural_qd_push/p3c_bd_sweep_20260704_093150_UTC/live/shape_density_3d/seed_1002/openai_gpt-oss-120b/RTLLM/Prob008_comparator_4bit/Gen3/Prob008_comparator_4bit_sample2_C-D,
shape_density_3d,RTLLM,Prob008_comparator_4bit,combinational,3,ecace690-77d6-4a13-9cfb-d5a6a93d1417,C-F,generation_log,0.421592424242,0.632388636364,24,1.59e-05,0,33,0.002,0,0.272727272727,0.99205,0,/workspace/exp/natural_qd_push/p3c_bd_sweep_20260704_093150_UTC/live/shape_density_3d/seed_1002/openai_gpt-oss-120b/RTLLM/Prob008_comparator_4bit/Gen3/Prob008_comparator_4bit_sample3_C-F,
shape_density_3d,RTLLM,Prob008_comparator_4bit,combinational,3,b2062c37-c280-4fbf-9350-f48b2e4dc9a2,C-F,generation_log,0.380938383838,0.571407575758,28,1.74e-05,0,33,0.002,0,0.151515151515,0.9913,0,/workspace/exp/natural_qd_push/p3c_bd_sweep_20260704_093150_UTC/live/shape_density_3d/seed_1002/openai_gpt-oss-120b/RTLLM/Prob008_comparator_4bit/Gen3/Prob008_comparator_4bit_sample4_C-F,
shape_density_3d,RTLLM,Prob008_comparator_4bit,combinational,3,4870862a-164e-417f-9a66-4c00cfa5f9b2,C-F,generation_log,0.380938383838,0.571407575758,28,1.74e-05,0,33,0.002,0,0.151515151515,0.9913,0,/workspace/exp/natural_qd_push/p3c_bd_sweep_20260704_093150_UTC/live/shape_density_3d/seed_1002/openai_gpt-oss-120b/RTLLM/Prob008_comparator_4bit/Gen3/Prob008_comparator_4bit_sample5_C-F,
shape_density_3d,RTLLM,Prob008_comparator_4bit,combinational,3,af8da72d-6439-4d76-b773-9960816d2d7e,C-F,generation_log,0.380938383838,0.571407575758,28,1.74e-05,0,33,0.002,0,0.151515151515,0.9913,0,/workspace/exp/natural_qd_push/p3c_bd_sweep_20260704_093150_UTC/live/shape_density_3d/seed_1002/openai_gpt-oss-120b/RTLLM/Prob008_comparator_4bit/Gen3/Prob008_comparator_4bit_sample6_C-F,
shape_density_3d,RTLLM,Prob008_comparator_4bit,combinational,3,d7e61e0b-7548-4d93-a8d9-9b78960135e5,C-F,generation_log,0.43186010101,0.647790151515,23,1.49e-05,0,33,0.002,0,0.30303030303,0.99255,0,/workspace/exp/natural_qd_push/p3c_bd_sweep_20260704_093150_UTC/live/shape_density_3d/seed_1002/openai_gpt-oss-120b/RTLLM/Prob008_comparator_4bit/Gen3/Prob008_comparator_4bit_sample7_C-F,
shape_density_3d,RTLLM,Prob008_comparator_4bit,combinational,3,0c191550-6c49-4466-8b76-a19f21c5ad50,C-F,generation_log,0.320465656566,0.480698484848,34,1.66e-05,0,33,0.002,0,-0.030303030303,0.9917,0,/workspace/exp/natural_qd_push/p3c_bd_sweep_20260704_093150_UTC/live/shape_density_3d/seed_1002/openai_gpt-oss-120b/RTLLM/Prob008_comparator_4bit/Gen3/Prob008_comparator_4bit_sample8_C-F,
shape_density_3d,RTLLM,Prob008_comparator_4bit,combinational,4,a667d102-1151-4e7d-ac38-f1015cdf1f40,M-E,generation_log,0.29993030303,0.449895454545,36,1.86e-05,0,33,0.002,0,-0.0909090909091,0.9907,0,/workspace/exp/natural_qd_push/p3c_bd_sweep_20260704_093150_UTC/live/shape_density_3d/seed_1002/openai_gpt-oss-120b/RTLLM/Prob008_comparator_4bit/Gen4/Prob008_comparator_4bit_sample1_M-E,
shape_density_3d,RTLLM,Prob008_comparator_4bit,combinational,4,8855808a-d2f8-423f-b527-6548bc111b77,C-D,generation_log,0.380938383838,0.571407575758,28,1.74e-05,0,33,0.002,0,0.151515151515,0.9913,0,/workspace/exp/natural_qd_push/p3c_bd_sweep_20260704_093150_UTC/live/shape_density_3d/seed_1002/openai_gpt-oss-120b/RTLLM/Prob008_comparator_4bit/Gen4/Prob008_comparator_4bit_sample2_C-D,
shape_density_3d,RTLLM,Prob008_comparator_4bit,combinational,4,1cbffa45-6bc7-4fee-9c3d-7d2843722a43,C-F,generation_log,0.43186010101,0.647790151515,23,1.49e-05,0,33,0.002,0,0.30303030303,0.99255,0,/workspace/exp/natural_qd_push/p3c_bd_sweep_20260704_093150_UTC/live/shape_density_3d/seed_1002/openai_gpt-oss-120b/RTLLM/Prob008_comparator_4bit/Gen4/Prob008_comparator_4bit_sample4_C-F,
shape_density_3d,RTLLM,Prob008_comparator_4bit,combinational,4,8684c80d-6cc2-4eb0-b481-2b7017a123c2,C-F,generation_log,0.320465656566,0.480698484848,34,1.66e-05,0,33,0.002,0,-0.030303030303,0.9917,0,/workspace/exp/natural_qd_push/p3c_bd_sweep_20260704_093150_UTC/live/shape_density_3d/seed_1002/openai_gpt-oss-120b/RTLLM/Prob008_comparator_4bit/Gen4/Prob008_comparator_4bit_sample5_C-F,
shape_density_3d,RTLLM,Prob008_comparator_4bit,combinational,4,b53ac354-1b7f-4f63-9d98-999d16052988,C-F,generation_log,0.43186010101,0.647790151515,23,1.49e-05,0,33,0.002,0,0.30303030303,0.99255,0,/workspace/exp/natural_qd_push/p3c_bd_sweep_20260704_093150_UTC/live/shape_density_3d/seed_1002/openai_gpt-oss-120b/RTLLM/Prob008_comparator_4bit/Gen4/Prob008_comparator_4bit_sample6_C-F,
shape_density_3d,RTLLM,Prob008_comparator_4bit,combinational,4,d769bdc0-365f-456a-9726-2877f9190eaf,C-F,generation_log,0.43186010101,0.647790151515,23,1.49e-05,0,33,0.002,0,0.30303030303,0.99255,0,/workspace/exp/natural_qd_push/p3c_bd_sweep_20260704_093150_UTC/live/shape_density_3d/seed_1002/openai_gpt-oss-120b/RTLLM/Prob008_comparator_4bit/Gen4/Prob008_comparator_4bit_sample8_C-F,
shape_density_3d,RTLLM,Prob008_comparator_4bit,combinational,5,35cf8185-0c6c-4b4f-ab0a-013052dfd695,C-D,generation_log,0.442361111111,0.663541666667,22,1.25e-05,0,33,0.002,0,0.333333333333,0.99375,0,/workspace/exp/natural_qd_push/p3c_bd_sweep_20260704_093150_UTC/live/shape_density_3d/seed_1002/openai_gpt-oss-120b/RTLLM/Prob008_comparator_4bit/Gen5/Prob008_comparator_4bit_sample1_C-D,
shape_density_3d,RTLLM,Prob008_comparator_4bit,combinational,5,24f54881-cb3a-4c3d-9020-328e97d46b0b,C-D,generation_log,0.380938383838,0.571407575758,28,1.74e-05,0,33,0.002,0,0.151515151515,0.9913,0,/workspace/exp/natural_qd_push/p3c_bd_sweep_20260704_093150_UTC/live/shape_density_3d/seed_1002/openai_gpt-oss-120b/RTLLM/Prob008_comparator_4bit/Gen5/Prob008_comparator_4bit_sample2_C-D,
shape_density_3d,RTLLM,Prob008_comparator_4bit,combinational,5,31a698f1-a7e4-4e3e-81ad-bae35392aa7f,C-F,generation_log,0.43186010101,0.647790151515,23,1.49e-05,0,33,0.002,0,0.30303030303,0.99255,0,/workspace/exp/natural_qd_push/p3c_bd_sweep_20260704_093150_UTC/live/shape_density_3d/seed_1002/openai_gpt-oss-120b/RTLLM/Prob008_comparator_4bit/Gen5/Prob008_comparator_4bit_sample3_C-F,
shape_density_3d,RTLLM,Prob008_comparator_4bit,combinational,5,07700424-45e8-4f2b-ab43-cd0a4dc561b8,C-F,generation_log,0.380938383838,0.571407575758,28,1.74e-05,0,33,0.002,0,0.151515151515,0.9913,0,/workspace/exp/natural_qd_push/p3c_bd_sweep_20260704_093150_UTC/live/shape_density_3d/seed_1002/openai_gpt-oss-120b/RTLLM/Prob008_comparator_4bit/Gen5/Prob008_comparator_4bit_sample4_C-F,
shape_density_3d,RTLLM,Prob008_comparator_4bit,combinational,5,131afa70-71b2-443a-b49d-ba8b2616c7d2,C-F,generation_log,0.442361111111,0.663541666667,22,1.25e-05,0,33,0.002,0,0.333333333333,0.99375,0,/workspace/exp/natural_qd_push/p3c_bd_sweep_20260704_093150_UTC/live/shape_density_3d/seed_1002/openai_gpt-oss-120b/RTLLM/Prob008_comparator_4bit/Gen5/Prob008_comparator_4bit_sample7_C-F,
shape_density_3d,RTLLM,Prob009_div_16bit,combinational,0,7d2d256e-27f0-4515-ac2a-b92a6ce8a167,initial,generation_log,0.527126015351,0.790689023027,2221,0.0746,0,6390,1.05,0,0.652425665102,0.928952380952,0,/workspace/exp/natural_qd_push/p3c_bd_sweep_20260704_093150_UTC/live/shape_density_3d/seed_1002/openai_gpt-oss-120b/RTLLM/Prob009_div_16bit/Gen0/Prob009_div_16bit_sample2_initial,
shape_density_3d,RTLLM,Prob009_div_16bit,combinational,0,af471170-05a7-49bf-89f7-504e1999f068,initial,generation_log,0.557165362546,0.835748043818,1507,0.0973,0,6390,1.05,0,0.764162754304,0.907333333333,0,/workspace/exp/natural_qd_push/p3c_bd_sweep_20260704_093150_UTC/live/shape_density_3d/seed_1002/openai_gpt-oss-120b/RTLLM/Prob009_div_16bit/Gen0/Prob009_div_16bit_sample4_initial,
shape_density_3d,RTLLM,Prob009_div_16bit,combinational,0,bdb0e6b0-b5a4-49b0-b63c-d77edc273c16,initial,generation_log,0.507337357478,0.761006036217,2391,0.109,0,6390,1.05,0,0.625821596244,0.89619047619,0,/workspace/exp/natural_qd_push/p3c_bd_sweep_20260704_093150_UTC/live/shape_density_3d/seed_1002/openai_gpt-oss-120b/RTLLM/Prob009_div_16bit/Gen0/Prob009_div_16bit_sample6_initial,
shape_density_3d,RTLLM,Prob009_div_16bit,combinational,0,81d4fd71-9f39-46c7-b8ef-0818b1ec5702,initial,generation_log,0.525883448841,0.788825173262,2215,0.0795,0,6390,1.05,0,0.653364632238,0.924285714286,0,/workspace/exp/natural_qd_push/p3c_bd_sweep_20260704_093150_UTC/live/shape_density_3d/seed_1002/openai_gpt-oss-120b/RTLLM/Prob009_div_16bit/Gen0/Prob009_div_16bit_sample7_initial,
shape_density_3d,RTLLM,Prob009_div_16bit,combinational,1,68f93a93-2034-45cb-bc06-27d5b338375b,M-E,generation_log,0.554559505179,0.831839257769,1546,0.0991,0,6390,1.05,0,0.758059467919,0.905619047619,0,/workspace/exp/natural_qd_push/p3c_bd_sweep_20260704_093150_UTC/live/shape_density_3d/seed_1002/openai_gpt-oss-120b/RTLLM/Prob009_div_16bit/Gen1/Prob009_div_16bit_sample2_M-E,
shape_density_3d,RTLLM,Prob009_div_16bit,combinational,1,f6ab72bd-fb81-45be-932e-f14967c3fc3f,M-S,generation_log,0.548443252105,0.822664878158,1603,0.109,0,6390,1.05,0,0.749139280125,0.89619047619,0,/workspace/exp/natural_qd_push/p3c_bd_sweep_20260704_093150_UTC/live/shape_density_3d/seed_1002/openai_gpt-oss-120b/RTLLM/Prob009_div_16bit/Gen1/Prob009_div_16bit_sample5_M-S,
shape_density_3d,RTLLM,Prob009_div_16bit,combinational,1,1071881f-906e-4ea1-b786-ddc8572fa339,M-R,generation_log,0.521497130934,0.782245696401,2293,0.0805,0,6390,1.05,0,0.641158059468,0.923333333333,0,/workspace/exp/natural_qd_push/p3c_bd_sweep_20260704_093150_UTC/live/shape_density_3d/seed_1002/openai_gpt-oss-120b/RTLLM/Prob009_div_16bit/Gen1/Prob009_div_16bit_sample8_M-R,
shape_density_3d,RTLLM,Prob009_div_16bit,combinational,2,989f1ad2-e226-489d-bb03-6c233947100c,M-E,generation_log,0.539494746255,0.809242119383,1665,0.127,0,6390,1.05,0,0.739436619718,0.879047619048,0,/workspace/exp/natural_qd_push/p3c_bd_sweep_20260704_093150_UTC/live/shape_density_3d/seed_1002/openai_gpt-oss-120b/RTLLM/Prob009_div_16bit/Gen2/Prob009_div_16bit_sample1_M-E,
shape_density_3d,RTLLM,Prob009_div_16bit,combinational,2,6793662d-a153-4ea3-86ba-3f232cc23d41,M-F,generation_log,0.555224681422,0.832837022133,1473,0.109,0,6390,1.05,0,0.769483568075,0.89619047619,0,/workspace/exp/natural_qd_push/p3c_bd_sweep_20260704_093150_UTC/live/shape_density_3d/seed_1002/openai_gpt-oss-120b/RTLLM/Prob009_div_16bit/Gen2/Prob009_div_16bit_sample2_M-F,
shape_density_3d,RTLLM,Prob009_div_16bit,combinational,2,23b5d6de-b8cd-4c8a-a0b4-65bc4bce6ffc,M-I,generation_log,0.554530143826,0.831795215739,1535,0.101,0,6390,1.05,0,0.759780907668,0.90380952381,0,/workspace/exp/natural_qd_push/p3c_bd_sweep_20260704_093150_UTC/live/shape_density_3d/seed_1002/openai_gpt-oss-120b/RTLLM/Prob009_div_16bit/Gen2/Prob009_div_16bit_sample5_M-I,
shape_density_3d,RTLLM,Prob009_div_16bit,combinational,2,bbab672d-0903-40d4-a9a7-9891dafbcd7b,M-I,generation_log,0.552881138684,0.829321708026,1580,0.0988,0,6390,1.05,0,0.752738654147,0.905904761905,0,/workspace/exp/natural_qd_push/p3c_bd_sweep_20260704_093150_UTC/live/shape_density_3d/seed_1002/openai_gpt-oss-120b/RTLLM/Prob009_div_16bit/Gen2/Prob009_div_16bit_sample8_M-I,
shape_density_3d,RTLLM,Prob009_div_16bit,combinational,3,8c5074f1-b5ba-42d8-a4f0-2a819672e547,C-D,generation_log,0.557165362546,0.835748043818,1507,0.0973,0,6390,1.05,0,0.764162754304,0.907333333333,0,/workspace/exp/natural_qd_push/p3c_bd_sweep_20260704_093150_UTC/live/shape_density_3d/seed_1002/openai_gpt-oss-120b/RTLLM/Prob009_div_16bit/Gen3/Prob009_div_16bit_sample1_C-D,
shape_density_3d,RTLLM,Prob009_div_16bit,combinational,3,538383c8-23f4-4022-ab57-868c2c14a000,C-F,generation_log,0.557165362546,0.835748043818,1507,0.0973,0,6390,1.05,0,0.764162754304,0.907333333333,0,/workspace/exp/natural_qd_push/p3c_bd_sweep_20260704_093150_UTC/live/shape_density_3d/seed_1002/openai_gpt-oss-120b/RTLLM/Prob009_div_16bit/Gen3/Prob009_div_16bit_sample3_C-F,
shape_density_3d,RTLLM,Prob009_div_16bit,combinational,3,e1016cc6-bcf4-4bb6-9148-6eb3884405ff,C-F,generation_log,0.557165362546,0.835748043818,1507,0.0973,0,6390,1.05,0,0.764162754304,0.907333333333,0,/workspace/exp/natural_qd_push/p3c_bd_sweep_20260704_093150_UTC/live/shape_density_3d/seed_1002/openai_gpt-oss-120b/RTLLM/Prob009_div_16bit/Gen3/Prob009_div_16bit_sample4_C-F,
shape_density_3d,RTLLM,Prob009_div_16bit,combinational,3,e883529f-69b2-4ca3-b3c0-09206a55741f,C-F,generation_log,0.555224681422,0.832837022133,1473,0.109,0,6390,1.05,0,0.769483568075,0.89619047619,0,/workspace/exp/natural_qd_push/p3c_bd_sweep_20260704_093150_UTC/live/shape_density_3d/seed_1002/openai_gpt-oss-120b/RTLLM/Prob009_div_16bit/Gen3/Prob009_div_16bit_sample5_C-F,
shape_density_3d,RTLLM,Prob009_div_16bit,combinational,3,66a1eac4-b554-48cc-828f-1f4feda057a0,C-F,generation_log,0.554559505179,0.831839257769,1546,0.0991,0,6390,1.05,0,0.758059467919,0.905619047619,0,/workspace/exp/natural_qd_push/p3c_bd_sweep_20260704_093150_UTC/live/shape_density_3d/seed_1002/openai_gpt-oss-120b/RTLLM/Prob009_div_16bit/Gen3/Prob009_div_16bit_sample6_C-F,
shape_density_3d,RTLLM,Prob009_div_16bit,combinational,3,b0bd0fe0-5110-45e3-b422-36dfa5a98046,C-F,generation_log,0.550915865564,0.826373798346,1513,0.116,0,6390,1.05,0,0.763223787167,0.889523809524,0,/workspace/exp/natural_qd_push/p3c_bd_sweep_20260704_093150_UTC/live/shape_density_3d/seed_1002/openai_gpt-oss-120b/RTLLM/Prob009_div_16bit/Gen3/Prob009_div_16bit_sample7_C-F,
shape_density_3d,RTLLM,Prob009_div_16bit,combinational,3,425ffbf2-7c36-4719-bcd1-69d533e72353,C-F,generation_log,0.550915865564,0.826373798346,1513,0.116,0,6390,1.05,0,0.763223787167,0.889523809524,0,/workspace/exp/natural_qd_push/p3c_bd_sweep_20260704_093150_UTC/live/shape_density_3d/seed_1002/openai_gpt-oss-120b/RTLLM/Prob009_div_16bit/Gen3/Prob009_div_16bit_sample8_C-F,
shape_density_3d,RTLLM,Prob009_div_16bit,combinational,4,37edaec1-b991-4c92-b53f-45677d9326fc,M-T,generation_log,0.545806244877,0.818709367315,1799,0.0851,0,6390,1.05,0,0.718466353678,0.918952380952,0,/workspace/exp/natural_qd_push/p3c_bd_sweep_20260704_093150_UTC/live/shape_density_3d/seed_1002/openai_gpt-oss-120b/RTLLM/Prob009_div_16bit/Gen4/Prob009_div_16bit_sample1_M-T,
shape_density_3d,RTLLM,Prob009_div_16bit,combinational,4,25bd7895-497b-439e-8232-b2f2a0c001d9,C-D,generation_log,0.554160518668,0.831240778001,1536,0.102,0,6390,1.05,0,0.759624413146,0.902857142857,0,/workspace/exp/natural_qd_push/p3c_bd_sweep_20260704_093150_UTC/live/shape_density_3d/seed_1002/openai_gpt-oss-120b/RTLLM/Prob009_div_16bit/Gen4/Prob009_div_16bit_sample2_C-D,
shape_density_3d,RTLLM,Prob009_div_16bit,combinational,4,24603e76-c630-4969-aec7-3d9d651bb535,M-I,generation_log,0.547604143379,0.821406215068,1613,0.11,0,6390,1.05,0,0.747574334898,0.895238095238,0,/workspace/exp/natural_qd_push/p3c_bd_sweep_20260704_093150_UTC/live/shape_density_3d/seed_1002/openai_gpt-oss-120b/RTLLM/Prob009_div_16bit/Gen4/Prob009_div_16bit_sample3_M-I,
shape_density_3d,RTLLM,Prob009_div_16bit,combinational,4,6efa3800-e681-4cdc-abbf-35cf9226e1cb,M-S,generation_log,0.548443252105,0.822664878158,1603,0.109,0,6390,1.05,0,0.749139280125,0.89619047619,0,/workspace/exp/natural_qd_push/p3c_bd_sweep_20260704_093150_UTC/live/shape_density_3d/seed_1002/openai_gpt-oss-120b/RTLLM/Prob009_div_16bit/Gen4/Prob009_div_16bit_sample4_M-S,
shape_density_3d,RTLLM,Prob009_div_16bit,combinational,4,2f832318-a821-431f-9c4d-a5f005c0a7ab,C-F,generation_log,0.557165362546,0.835748043818,1507,0.0973,0,6390,1.05,0,0.764162754304,0.907333333333,0,/workspace/exp/natural_qd_push/p3c_bd_sweep_20260704_093150_UTC/live/shape_density_3d/seed_1002/openai_gpt-oss-120b/RTLLM/Prob009_div_16bit/Gen4/Prob009_div_16bit_sample5_C-F,
shape_density_3d,RTLLM,Prob009_div_16bit,combinational,4,35bcb2d1-916f-42e8-b5ed-40e1a76f40c0,M-R,generation_log,0.549030479171,0.823545718757,1610,0.106,0,6390,1.05,0,0.748043818466,0.899047619048,0,/workspace/exp/natural_qd_push/p3c_bd_sweep_20260704_093150_UTC/live/shape_density_3d/seed_1002/openai_gpt-oss-120b/RTLLM/Prob009_div_16bit/Gen4/Prob009_div_16bit_sample8_M-R,
shape_density_3d,RTLLM,Prob009_div_16bit,combinational,5,12cb6ea3-56fd-44bc-b94c-38f2d98bbe0b,C-D,generation_log,0.557165362546,0.835748043818,1507,0.0973,0,6390,1.05,0,0.764162754304,0.907333333333,0,/workspace/exp/natural_qd_push/p3c_bd_sweep_20260704_093150_UTC/live/shape_density_3d/seed_1002/openai_gpt-oss-120b/RTLLM/Prob009_div_16bit/Gen5/Prob009_div_16bit_sample1_C-D,
shape_density_3d,RTLLM,Prob009_div_16bit,combinational,5,00be9f16-192d-4c99-a3f4-41047870a677,C-D,generation_log,0.550915865564,0.826373798346,1513,0.116,0,6390,1.05,0,0.763223787167,0.889523809524,0,/workspace/exp/natural_qd_push/p3c_bd_sweep_20260704_093150_UTC/live/shape_density_3d/seed_1002/openai_gpt-oss-120b/RTLLM/Prob009_div_16bit/Gen5/Prob009_div_16bit_sample2_C-D,
shape_density_3d,RTLLM,Prob009_div_16bit,combinational,5,cecc8376-75bc-4218-873e-fa17523f5df0,C-F,generation_log,0.512798271108,0.769197406662,2335,0.101,0,6390,1.05,0,0.634585289515,0.90380952381,0,/workspace/exp/natural_qd_push/p3c_bd_sweep_20260704_093150_UTC/live/shape_density_3d/seed_1002/openai_gpt-oss-120b/RTLLM/Prob009_div_16bit/Gen5/Prob009_div_16bit_sample3_C-F,
shape_density_3d,RTLLM,Prob009_div_16bit,combinational,5,b7a585ed-9871-4c80-8c7f-c40ffb974691,M-S,generation_log,0.54940755645,0.824111334675,1548,0.115,0,6390,1.05,0,0.757746478873,0.890476190476,0,/workspace/exp/natural_qd_push/p3c_bd_sweep_20260704_093150_UTC/live/shape_density_3d/seed_1002/openai_gpt-oss-120b/RTLLM/Prob009_div_16bit/Gen5/Prob009_div_16bit_sample4_M-S,
shape_density_3d,RTLLM,Prob009_div_16bit,combinational,5,ab2aba5b-5320-4113-91b0-2dd193fd00cd,C-F,generation_log,0.557165362546,0.835748043818,1507,0.0973,0,6390,1.05,0,0.764162754304,0.907333333333,0,/workspace/exp/natural_qd_push/p3c_bd_sweep_20260704_093150_UTC/live/shape_density_3d/seed_1002/openai_gpt-oss-120b/RTLLM/Prob009_div_16bit/Gen5/Prob009_div_16bit_sample8_C-F,
shape_density_3d,RTLLM,Prob011_multi_16bit,sequential,0,9db91a7c-732f-40db-9b98-af48ab3d31ed,initial,generation_log,-0.0452076071405,-0.0452076071405,1405,0.17,1.01,1064,0.18,1.16,-0.320488721805,0.0555555555556,0.129310344828,/workspace/exp/natural_qd_push/p3c_bd_sweep_20260704_093150_UTC/live/shape_density_3d/seed_1002/openai_gpt-oss-120b/RTLLM/Prob011_multi_16bit/Gen0/Prob011_multi_16bit_sample1_initial,
shape_density_3d,RTLLM,Prob011_multi_16bit,sequential,0,51cdcc75-eb31-4192-aaf7-d3a7a17773fb,initial,generation_log,0.0423731743151,0.0423731743151,1070,0.153,1.18,1064,0.18,1.16,-0.00563909774436,0.15,-0.0172413793103,/workspace/exp/natural_qd_push/p3c_bd_sweep_20260704_093150_UTC/live/shape_density_3d/seed_1002/openai_gpt-oss-120b/RTLLM/Prob011_multi_16bit/Gen0/Prob011_multi_16bit_sample2_initial,
shape_density_3d,RTLLM,Prob011_multi_16bit,sequential,0,f201d290-0c45-4e76-948f-9545354fb875,initial,generation_log,0.0283731359049,0.0283731359049,1110,0.16,1.14,1064,0.18,1.16,-0.0432330827068,0.111111111111,0.0172413793103,/workspace/exp/natural_qd_push/p3c_bd_sweep_20260704_093150_UTC/live/shape_density_3d/seed_1002/openai_gpt-oss-120b/RTLLM/Prob011_multi_16bit/Gen0/Prob011_multi_16bit_sample4_initial,
shape_density_3d,RTLLM,Prob011_multi_16bit,sequential,0,90699097-1ec5-4b91-82ba-703bbfc53f19,initial,generation_log,-0.0764360614179,-0.0764360614179,1245,0.186,1.19,1064,0.18,1.16,-0.170112781955,-0.0333333333333,-0.0258620689655,/workspace/exp/natural_qd_push/p3c_bd_sweep_20260704_093150_UTC/live/shape_density_3d/seed_1002/openai_gpt-oss-120b/RTLLM/Prob011_multi_16bit/Gen0/Prob011_multi_16bit_sample5_initial,
shape_density_3d,RTLLM,Prob011_multi_16bit,sequential,0,03c8dc2b-7850-4dff-8bf7-8422e066fd36,initial,generation_log,0.0423731743151,0.0423731743151,1070,0.153,1.18,1064,0.18,1.16,-0.00563909774436,0.15,-0.0172413793103,/workspace/exp/natural_qd_push/p3c_bd_sweep_20260704_093150_UTC/live/shape_density_3d/seed_1002/openai_gpt-oss-120b/RTLLM/Prob011_multi_16bit/Gen0/Prob011_multi_16bit_sample6_initial,
shape_density_3d,RTLLM,Prob011_multi_16bit,sequential,0,a504a2de-12c5-4e3a-8a5a-b030fbd2fc50,initial,generation_log,-0.0451202239315,-0.0451202239315,1111,0.184,1.24,1064,0.18,1.16,-0.0441729323308,-0.0222222222222,-0.0689655172414,/workspace/exp/natural_qd_push/p3c_bd_sweep_20260704_093150_UTC/live/shape_density_3d/seed_1002/openai_gpt-oss-120b/RTLLM/Prob011_multi_16bit/Gen0/Prob011_multi_16bit_sample8_initial,
shape_density_3d,RTLLM,Prob011_multi_16bit,sequential,1,7ac27ead-3f55-4d9d-b90d-2328681f057f,M-E,generation_log,-0.253036086385,-0.253036086385,1271,0.308,0.99,1064,0.18,1.16,-0.19454887218,-0.711111111111,0.146551724138,/workspace/exp/natural_qd_push/p3c_bd_sweep_20260704_093150_UTC/live/shape_density_3d/seed_1002/openai_gpt-oss-120b/RTLLM/Prob011_multi_16bit/Gen1/Prob011_multi_16bit_sample2_M-E,
shape_density_3d,RTLLM,Prob011_multi_16bit,sequential,2,e5ca345d-9790-4e4f-b9d8-11924da0c367,M-E,generation_log,0.0329264252585,0.0329264252585,1209,0.147,1.1,1064,0.18,1.16,-0.136278195489,0.183333333333,0.051724137931,/workspace/exp/natural_qd_push/p3c_bd_sweep_20260704_093150_UTC/live/shape_density_3d/seed_1002/openai_gpt-oss-120b/RTLLM/Prob011_multi_16bit/Gen2/Prob011_multi_16bit_sample4_M-E,
shape_density_3d,RTLLM,Prob011_multi_16bit,sequential,3,d37f04d4-238c-4fcf-ab22-9a23218d4461,initial,generation_log,0.0423731743151,0.0423731743151,1070,0.153,1.18,1064,0.18,1.16,-0.00563909774436,0.15,-0.0172413793103,/workspace/exp/natural_qd_push/p3c_bd_sweep_20260704_093150_UTC/live/shape_density_3d/seed_1002/openai_gpt-oss-120b/RTLLM/Prob011_multi_16bit/Gen3/Prob011_multi_16bit_sample1_initial,
shape_density_3d,RTLLM,Prob011_multi_16bit,sequential,3,fc644414-26a2-4d21-9637-236d778d0600,M-F,generation_log,0.0983522023449,0.0983522023449,1098,0.132,1.09,1064,0.18,1.16,-0.031954887218,0.266666666667,0.0603448275862,/workspace/exp/natural_qd_push/p3c_bd_sweep_20260704_093150_UTC/live/shape_density_3d/seed_1002/openai_gpt-oss-120b/RTLLM/Prob011_multi_16bit/Gen3/Prob011_multi_16bit_sample1_M-F,
shape_density_3d,RTLLM,Prob011_multi_16bit,sequential,3,06f1a42b-3477-47fa-93fe-016d8163bcf4,M-T,generation_log,0.0763899691758,0.0763899691758,1003,0.222,0.69,1064,0.18,1.16,0.0573308270677,-0.233333333333,0.405172413793,/workspace/exp/natural_qd_push/p3c_bd_sweep_20260704_093150_UTC/live/shape_density_3d/seed_1002/openai_gpt-oss-120b/RTLLM/Prob011_multi_16bit/Gen3/Prob011_multi_16bit_sample6_M-T,
shape_density_3d,RTLLM,Prob011_multi_16bit,sequential,4,62d65907-6f01-44f0-971e-6448a9e226fa,initial,generation_log,0.0423731743151,0.0423731743151,1070,0.153,1.18,1064,0.18,1.16,-0.00563909774436,0.15,-0.0172413793103,/workspace/exp/natural_qd_push/p3c_bd_sweep_20260704_093150_UTC/live/shape_density_3d/seed_1002/openai_gpt-oss-120b/RTLLM/Prob011_multi_16bit/Gen4/Prob011_multi_16bit_sample1_initial,
shape_density_3d,RTLLM,Prob011_multi_16bit,sequential,4,1f72d714-d4c6-4dbf-9d34-dcef0d0f306c,M-F,generation_log,-0.0735624981995,-0.0735624981995,1245,0.186,1.18,1064,0.18,1.16,-0.170112781955,-0.0333333333333,-0.0172413793103,/workspace/exp/natural_qd_push/p3c_bd_sweep_20260704_093150_UTC/live/shape_density_3d/seed_1002/openai_gpt-oss-120b/RTLLM/Prob011_multi_16bit/Gen4/Prob011_multi_16bit_sample1_M-F,
shape_density_3d,RTLLM,Prob011_multi_16bit,sequential,4,13bfd79f-3c90-4d75-88e6-030228c37a95,M-E,generation_log,0.0423731743151,0.0423731743151,1070,0.153,1.18,1064,0.18,1.16,-0.00563909774436,0.15,-0.0172413793103,/workspace/exp/natural_qd_push/p3c_bd_sweep_20260704_093150_UTC/live/shape_density_3d/seed_1002/openai_gpt-oss-120b/RTLLM/Prob011_multi_16bit/Gen4/Prob011_multi_16bit_sample3_M-E,
shape_density_3d,RTLLM,Prob011_multi_16bit,sequential,4,53505382-93f6-4286-b067-d0919f589853,C-D,generation_log,0.0283731359049,0.0283731359049,1110,0.16,1.14,1064,0.18,1.16,-0.0432330827068,0.111111111111,0.0172413793103,/workspace/exp/natural_qd_push/p3c_bd_sweep_20260704_093150_UTC/live/shape_density_3d/seed_1002/openai_gpt-oss-120b/RTLLM/Prob011_multi_16bit/Gen4/Prob011_multi_16bit_sample6_C-D,
shape_density_3d,RTLLM,Prob011_multi_16bit,sequential,4,8998b447-2336-4b5a-9e72-bf22afe34e34,C-D,generation_log,0.220860340506,0.220860340506,1135,0.117,0.72,1064,0.18,1.16,-0.0667293233083,0.35,0.379310344828,/workspace/exp/natural_qd_push/p3c_bd_sweep_20260704_093150_UTC/live/shape_density_3d/seed_1002/openai_gpt-oss-120b/RTLLM/Prob011_multi_16bit/Gen4/Prob011_multi_16bit_sample7_C-D,
shape_density_3d,RTLLM,Prob011_multi_16bit,sequential,5,6507bf52-d7d7-4e35-9181-9410844d026c,initial,generation_log,-0.0735624981995,-0.0735624981995,1245,0.186,1.18,1064,0.18,1.16,-0.170112781955,-0.0333333333333,-0.0172413793103,/workspace/exp/natural_qd_push/p3c_bd_sweep_20260704_093150_UTC/live/shape_density_3d/seed_1002/openai_gpt-oss-120b/RTLLM/Prob011_multi_16bit/Gen5/Prob011_multi_16bit_sample1_initial,
shape_density_3d,RTLLM,Prob011_multi_16bit,sequential,5,25782332-ba1e-43ea-86eb-374b70a689b6,initial,generation_log,0.0423731743151,0.0423731743151,1070,0.153,1.18,1064,0.18,1.16,-0.00563909774436,0.15,-0.0172413793103,/workspace/exp/natural_qd_push/p3c_bd_sweep_20260704_093150_UTC/live/shape_density_3d/seed_1002/openai_gpt-oss-120b/RTLLM/Prob011_multi_16bit/Gen5/Prob011_multi_16bit_sample2_initial,
shape_density_3d,RTLLM,Prob011_multi_16bit,sequential,5,121289bf-667d-4fdc-9f02-09bb7ad8ee7d,C-D,generation_log,0.310602175938,0.310602175938,1059,0.0845,0.7,1064,0.18,1.16,0.0046992481203,0.530555555556,0.396551724138,/workspace/exp/natural_qd_push/p3c_bd_sweep_20260704_093150_UTC/live/shape_density_3d/seed_1002/openai_gpt-oss-120b/RTLLM/Prob011_multi_16bit/Gen5/Prob011_multi_16bit_sample4_C-D,
shape_density_3d,RTLLM,Prob011_multi_16bit,sequential,5,72348234-74dc-49f9-b28b-a1e8be12d5a0,C-D,generation_log,0.0283731359049,0.0283731359049,1110,0.16,1.14,1064,0.18,1.16,-0.0432330827068,0.111111111111,0.0172413793103,/workspace/exp/natural_qd_push/p3c_bd_sweep_20260704_093150_UTC/live/shape_density_3d/seed_1002/openai_gpt-oss-120b/RTLLM/Prob011_multi_16bit/Gen5/Prob011_multi_16bit_sample5_C-D,
shape_density_3d,RTLLM,Prob012_multi_8bit,combinational,0,86220a09-fccf-419d-b6b5-ac871b9a6bff,initial,generation_log,0.308002181587,0.46200327238,631,0.00153,0,596,0.0886,0,-0.0587248322148,0.982731376975,0,/workspace/exp/natural_qd_push/p3c_bd_sweep_20260704_093150_UTC/live/shape_density_3d/seed_1002/openai_gpt-oss-120b/RTLLM/Prob012_multi_8bit/Gen0/Prob012_multi_8bit_sample1_initial,
shape_density_3d,RTLLM,Prob012_multi_8bit,combinational,0,93e8baf7-e320-417e-b8b0-4797272dd479,initial,generation_log,0.308002181587,0.46200327238,631,0.00153,0,596,0.0886,0,-0.0587248322148,0.982731376975,0,/workspace/exp/natural_qd_push/p3c_bd_sweep_20260704_093150_UTC/live/shape_density_3d/seed_1002/openai_gpt-oss-120b/RTLLM/Prob012_multi_8bit/Gen0/Prob012_multi_8bit_sample2_initial,
shape_density_3d,RTLLM,Prob012_multi_8bit,combinational,0,3b6d4bd9-3041-4a86-901b-06e846d39afb,initial,generation_log,0.308002181587,0.46200327238,631,0.00153,0,596,0.0886,0,-0.0587248322148,0.982731376975,0,/workspace/exp/natural_qd_push/p3c_bd_sweep_20260704_093150_UTC/live/shape_density_3d/seed_1002/openai_gpt-oss-120b/RTLLM/Prob012_multi_8bit/Gen0/Prob012_multi_8bit_sample3_initial,
shape_density_3d,RTLLM,Prob012_multi_8bit,combinational,0,7e4c06a2-4013-41cd-ba25-95f5bca885ae,initial,generation_log,0.308002181587,0.46200327238,631,0.00153,0,596,0.0886,0,-0.0587248322148,0.982731376975,0,/workspace/exp/natural_qd_push/p3c_bd_sweep_20260704_093150_UTC/live/shape_density_3d/seed_1002/openai_gpt-oss-120b/RTLLM/Prob012_multi_8bit/Gen0/Prob012_multi_8bit_sample4_initial,
shape_density_3d,RTLLM,Prob012_multi_8bit,combinational,0,56c620eb-8fdc-41c3-af1a-8a729e9ee40c,initial,generation_log,0.308002181587,0.46200327238,631,0.00153,0,596,0.0886,0,-0.0587248322148,0.982731376975,0,/workspace/exp/natural_qd_push/p3c_bd_sweep_20260704_093150_UTC/live/shape_density_3d/seed_1002/openai_gpt-oss-120b/RTLLM/Prob012_multi_8bit/Gen0/Prob012_multi_8bit_sample5_initial,
shape_density_3d,RTLLM,Prob012_multi_8bit,combinational,0,b1e089c6-2b6a-459f-93ca-b9757a157530,initial,generation_log,0.308002181587,0.46200327238,631,0.00153,0,596,0.0886,0,-0.0587248322148,0.982731376975,0,/workspace/exp/natural_qd_push/p3c_bd_sweep_20260704_093150_UTC/live/shape_density_3d/seed_1002/openai_gpt-oss-120b/RTLLM/Prob012_multi_8bit/Gen0/Prob012_multi_8bit_sample6_initial,
shape_density_3d,RTLLM,Prob012_multi_8bit,combinational,0,f4ef5945-56b9-49c8-8d5b-ebc462eaf469,initial,generation_log,0.308002181587,0.46200327238,631,0.00153,0,596,0.0886,0,-0.0587248322148,0.982731376975,0,/workspace/exp/natural_qd_push/p3c_bd_sweep_20260704_093150_UTC/live/shape_density_3d/seed_1002/openai_gpt-oss-120b/RTLLM/Prob012_multi_8bit/Gen0/Prob012_multi_8bit_sample7_initial,
shape_density_3d,RTLLM,Prob012_multi_8bit,combinational,0,b8f96805-50c0-4e64-9ea7-f850045c04ca,initial,generation_log,0.308002181587,0.46200327238,631,0.00153,0,596,0.0886,0,-0.0587248322148,0.982731376975,0,/workspace/exp/natural_qd_push/p3c_bd_sweep_20260704_093150_UTC/live/shape_density_3d/seed_1002/openai_gpt-oss-120b/RTLLM/Prob012_multi_8bit/Gen0/Prob012_multi_8bit_sample8_initial,
shape_density_3d,RTLLM,Prob012_multi_8bit,combinational,1,e9768158-0fcc-41e1-95cf-404e84c8756a,C-D,generation_log,0.449418496018,0.674127744027,384,0.00066,0,596,0.0886,0,0.355704697987,0.992550790068,0,/workspace/exp/natural_qd_push/p3c_bd_sweep_20260704_093150_UTC/live/shape_density_3d/seed_1002/openai_gpt-oss-120b/RTLLM/Prob012_multi_8bit/Gen1/Prob012_multi_8bit_sample1_C-D,
shape_density_3d,RTLLM,Prob012_multi_8bit,combinational,1,44f9c798-2b21-44bc-a589-59133ab36308,C-F,generation_log,0.449418496018,0.674127744027,384,0.00066,0,596,0.0886,0,0.355704697987,0.992550790068,0,/workspace/exp/natural_qd_push/p3c_bd_sweep_20260704_093150_UTC/live/shape_density_3d/seed_1002/openai_gpt-oss-120b/RTLLM/Prob012_multi_8bit/Gen1/Prob012_multi_8bit_sample3_C-F,
shape_density_3d,RTLLM,Prob012_multi_8bit,combinational,1,67009d40-8870-4596-bb17-5c38d0ff9e6b,M-I,generation_log,0.449418496018,0.674127744027,384,0.00066,0,596,0.0886,0,0.355704697987,0.992550790068,0,/workspace/exp/natural_qd_push/p3c_bd_sweep_20260704_093150_UTC/live/shape_density_3d/seed_1002/openai_gpt-oss-120b/RTLLM/Prob012_multi_8bit/Gen1/Prob012_multi_8bit_sample5_M-I,
shape_density_3d,RTLLM,Prob012_multi_8bit,combinational,1,ef9c6cbe-5cad-43c2-a933-6a5812730b3e,C-F,generation_log,0.449418496018,0.674127744027,384,0.00066,0,596,0.0886,0,0.355704697987,0.992550790068,0,/workspace/exp/natural_qd_push/p3c_bd_sweep_20260704_093150_UTC/live/shape_density_3d/seed_1002/openai_gpt-oss-120b/RTLLM/Prob012_multi_8bit/Gen1/Prob012_multi_8bit_sample6_C-F,
shape_density_3d,RTLLM,Prob012_multi_8bit,combinational,1,b8360234-4bd3-43db-bbff-0cb3595294e7,C-F,generation_log,0.449418496018,0.674127744027,384,0.00066,0,596,0.0886,0,0.355704697987,0.992550790068,0,/workspace/exp/natural_qd_push/p3c_bd_sweep_20260704_093150_UTC/live/shape_density_3d/seed_1002/openai_gpt-oss-120b/RTLLM/Prob012_multi_8bit/Gen1/Prob012_multi_8bit_sample7_C-F,
shape_density_3d,RTLLM,Prob012_multi_8bit,combinational,2,f81245a5-c1b7-448f-889d-6c49490a3dda,C-D,generation_log,0.449418496018,0.674127744027,384,0.00066,0,596,0.0886,0,0.355704697987,0.992550790068,0,/workspace/exp/natural_qd_push/p3c_bd_sweep_20260704_093150_UTC/live/shape_density_3d/seed_1002/openai_gpt-oss-120b/RTLLM/Prob012_multi_8bit/Gen2/Prob012_multi_8bit_sample2_C-D,
shape_density_3d,RTLLM,Prob012_multi_8bit,combinational,2,230bb138-938c-457e-b2ab-2998a3a8ceaa,C-F,generation_log,0.449418496018,0.674127744027,384,0.00066,0,596,0.0886,0,0.355704697987,0.992550790068,0,/workspace/exp/natural_qd_push/p3c_bd_sweep_20260704_093150_UTC/live/shape_density_3d/seed_1002/openai_gpt-oss-120b/RTLLM/Prob012_multi_8bit/Gen2/Prob012_multi_8bit_sample4_C-F,
shape_density_3d,RTLLM,Prob012_multi_8bit,combinational,2,ffcdabca-072f-42af-8976-af4850566e71,C-F,generation_log,0.448296165558,0.672444248337,386,0.000661,0,596,0.0886,0,0.352348993289,0.992539503386,0,/workspace/exp/natural_qd_push/p3c_bd_sweep_20260704_093150_UTC/live/shape_density_3d/seed_1002/openai_gpt-oss-120b/RTLLM/Prob012_multi_8bit/Gen2/Prob012_multi_8bit_sample5_C-F,
shape_density_3d,RTLLM,Prob012_multi_8bit,combinational,2,114725d8-e102-4c3a-86dc-c128e0bed77a,C-F,generation_log,0.449418496018,0.674127744027,384,0.00066,0,596,0.0886,0,0.355704697987,0.992550790068,0,/workspace/exp/natural_qd_push/p3c_bd_sweep_20260704_093150_UTC/live/shape_density_3d/seed_1002/openai_gpt-oss-120b/RTLLM/Prob012_multi_8bit/Gen2/Prob012_multi_8bit_sample8_C-F,
shape_density_3d,RTLLM,Prob012_multi_8bit,combinational,3,dca310cf-c54d-42dc-a8b0-6bf3cf57aa54,M-E,generation_log,0.449418496018,0.674127744027,384,0.00066,0,596,0.0886,0,0.355704697987,0.992550790068,0,/workspace/exp/natural_qd_push/p3c_bd_sweep_20260704_093150_UTC/live/shape_density_3d/seed_1002/openai_gpt-oss-120b/RTLLM/Prob012_multi_8bit/Gen3/Prob012_multi_8bit_sample2_M-E,
shape_density_3d,RTLLM,Prob012_multi_8bit,combinational,3,d3e05b34-683b-448b-9c38-1fe798b05ffe,C-F,generation_log,0.432103261775,0.648154892663,415,0.000654,0,596,0.0886,0,0.303691275168,0.992618510158,0,/workspace/exp/natural_qd_push/p3c_bd_sweep_20260704_093150_UTC/live/shape_density_3d/seed_1002/openai_gpt-oss-120b/RTLLM/Prob012_multi_8bit/Gen3/Prob012_multi_8bit_sample5_C-F,
shape_density_3d,RTLLM,Prob012_multi_8bit,combinational,3,465cb5b9-91bb-4991-a0f3-57055b38b0d1,M-S,generation_log,0.308002181587,0.46200327238,631,0.00153,0,596,0.0886,0,-0.0587248322148,0.982731376975,0,/workspace/exp/natural_qd_push/p3c_bd_sweep_20260704_093150_UTC/live/shape_density_3d/seed_1002/openai_gpt-oss-120b/RTLLM/Prob012_multi_8bit/Gen3/Prob012_multi_8bit_sample6_M-S,
shape_density_3d,RTLLM,Prob012_multi_8bit,combinational,3,0fe06d29-c09e-4a25-a2a1-429cddaec19c,M-S,generation_log,0.460781003025,0.691171504537,364,0.000613,0,596,0.0886,0,0.389261744966,0.993081264108,0,/workspace/exp/natural_qd_push/p3c_bd_sweep_20260704_093150_UTC/live/shape_density_3d/seed_1002/openai_gpt-oss-120b/RTLLM/Prob012_multi_8bit/Gen3/Prob012_multi_8bit_sample7_M-S,
shape_density_3d,RTLLM,Prob012_multi_8bit,combinational,4,4394718e-82e8-4279-a623-fe6e96753e55,M-E,generation_log,0.308002181587,0.46200327238,631,0.00153,0,596,0.0886,0,-0.0587248322148,0.982731376975,0,/workspace/exp/natural_qd_push/p3c_bd_sweep_20260704_093150_UTC/live/shape_density_3d/seed_1002/openai_gpt-oss-120b/RTLLM/Prob012_multi_8bit/Gen4/Prob012_multi_8bit_sample1_M-E,
shape_density_3d,RTLLM,Prob012_multi_8bit,combinational,4,20deb40c-c260-432a-a4e3-64d552cfd81d,M-S,generation_log,0.460781003025,0.691171504537,364,0.000613,0,596,0.0886,0,0.389261744966,0.993081264108,0,/workspace/exp/natural_qd_push/p3c_bd_sweep_20260704_093150_UTC/live/shape_density_3d/seed_1002/openai_gpt-oss-120b/RTLLM/Prob012_multi_8bit/Gen4/Prob012_multi_8bit_sample3_M-S,
shape_density_3d,RTLLM,Prob012_multi_8bit,combinational,4,e47b297c-469b-44cd-a434-a148cb767d72,M-R,generation_log,0.449418496018,0.674127744027,384,0.00066,0,596,0.0886,0,0.355704697987,0.992550790068,0,/workspace/exp/natural_qd_push/p3c_bd_sweep_20260704_093150_UTC/live/shape_density_3d/seed_1002/openai_gpt-oss-120b/RTLLM/Prob012_multi_8bit/Gen4/Prob012_multi_8bit_sample4_M-R,
shape_density_3d,RTLLM,Prob012_multi_8bit,combinational,5,8d7374f2-c377-4929-89f3-7f59fdc40332,M-E,generation_log,0.449418496018,0.674127744027,384,0.00066,0,596,0.0886,0,0.355704697987,0.992550790068,0,/workspace/exp/natural_qd_push/p3c_bd_sweep_20260704_093150_UTC/live/shape_density_3d/seed_1002/openai_gpt-oss-120b/RTLLM/Prob012_multi_8bit/Gen5/Prob012_multi_8bit_sample1_M-E,
shape_density_3d,RTLLM,Prob012_multi_8bit,combinational,5,471a297c-e053-4b63-9ea2-88f63e50069d,C-D,generation_log,0.449418496018,0.674127744027,384,0.00066,0,596,0.0886,0,0.355704697987,0.992550790068,0,/workspace/exp/natural_qd_push/p3c_bd_sweep_20260704_093150_UTC/live/shape_density_3d/seed_1002/openai_gpt-oss-120b/RTLLM/Prob012_multi_8bit/Gen5/Prob012_multi_8bit_sample2_C-D,
shape_density_3d,RTLLM,Prob012_multi_8bit,combinational,5,f487e00d-3861-4126-baca-9bd62e23e5a3,M-I,generation_log,0.316133137395,0.474199706092,617,0.00145,0,596,0.0886,0,-0.0352348993289,0.983634311512,0,/workspace/exp/natural_qd_push/p3c_bd_sweep_20260704_093150_UTC/live/shape_density_3d/seed_1002/openai_gpt-oss-120b/RTLLM/Prob012_multi_8bit/Gen5/Prob012_multi_8bit_sample3_M-I,
shape_density_3d,RTLLM,Prob012_multi_8bit,combinational,5,c54ffd5f-e8bf-4f03-b0a7-686b22d5c381,M-R,generation_log,0.449418496018,0.674127744027,384,0.00066,0,596,0.0886,0,0.355704697987,0.992550790068,0,/workspace/exp/natural_qd_push/p3c_bd_sweep_20260704_093150_UTC/live/shape_density_3d/seed_1002/openai_gpt-oss-120b/RTLLM/Prob012_multi_8bit/Gen5/Prob012_multi_8bit_sample4_M-R,
shape_density_3d,RTLLM,Prob012_multi_8bit,combinational,5,1f8fd15a-ccc2-458e-b05c-8a6f55a4ee85,C-F,generation_log,0.449418496018,0.674127744027,384,0.00066,0,596,0.0886,0,0.355704697987,0.992550790068,0,/workspace/exp/natural_qd_push/p3c_bd_sweep_20260704_093150_UTC/live/shape_density_3d/seed_1002/openai_gpt-oss-120b/RTLLM/Prob012_multi_8bit/Gen5/Prob012_multi_8bit_sample6_C-F,
shape_density_3d,RTLLM,Prob012_multi_8bit,combinational,5,a0139693-4c87-4e14-9237-1fb4fb0cab1c,M-R,generation_log,0.449418496018,0.674127744027,384,0.00066,0,596,0.0886,0,0.355704697987,0.992550790068,0,/workspace/exp/natural_qd_push/p3c_bd_sweep_20260704_093150_UTC/live/shape_density_3d/seed_1002/openai_gpt-oss-120b/RTLLM/Prob012_multi_8bit/Gen5/Prob012_multi_8bit_sample8_M-R,
shape_density_3d,RTLLM,Prob015_multi_pipe_8bit,sequential,0,a46b793c-ce66-4d3c-a942-750d9a24a61a,initial,generation_log,-0.0903380962358,-0.0903380962358,810,0.133,0.79,980,0.0898,0.82,0.173469387755,-0.481069042316,0.0365853658537,/workspace/exp/natural_qd_push/p3c_bd_sweep_20260704_093150_UTC/live/shape_density_3d/seed_1002/openai_gpt-oss-120b/RTLLM/Prob015_multi_pipe_8bit/Gen0/Prob015_multi_pipe_8bit_sample4_initial,
shape_density_3d,RTLLM,Prob015_multi_pipe_8bit,sequential,0,8f63cd6a-69e9-48c3-b2f6-5b13668dbbad,initial,generation_log,-0.0554002534253,-0.0554002534253,752,0.107,0.99,980,0.0898,0.82,0.232653061224,-0.19153674833,-0.207317073171,/workspace/exp/natural_qd_push/p3c_bd_sweep_20260704_093150_UTC/live/shape_density_3d/seed_1002/openai_gpt-oss-120b/RTLLM/Prob015_multi_pipe_8bit/Gen0/Prob015_multi_pipe_8bit_sample8_initial,
shape_density_3d,RTLLM,Prob015_multi_pipe_8bit,sequential,1,56bccf52-bed6-4ec4-ba87-a34a63927954,M-E,generation_log,-0.245627896441,-0.245627896441,974,0.139,0.98,980,0.0898,0.82,0.00612244897959,-0.547884187082,-0.19512195122,/workspace/exp/natural_qd_push/p3c_bd_sweep_20260704_093150_UTC/live/shape_density_3d/seed_1002/openai_gpt-oss-120b/RTLLM/Prob015_multi_pipe_8bit/Gen1/Prob015_multi_pipe_8bit_sample2_M-E,
shape_density_3d,RTLLM,Prob015_multi_pipe_8bit,sequential,1,c96eb36c-dac5-4c4b-9ef2-10149cc36217,M-F,generation_log,-0.0451593478936,-0.0451593478936,685,0.106,1.03,980,0.0898,0.82,0.301020408163,-0.180400890869,-0.256097560976,/workspace/exp/natural_qd_push/p3c_bd_sweep_20260704_093150_UTC/live/shape_density_3d/seed_1002/openai_gpt-oss-120b/RTLLM/Prob015_multi_pipe_8bit/Gen1/Prob015_multi_pipe_8bit_sample3_M-F,
shape_density_3d,RTLLM,Prob015_multi_pipe_8bit,sequential,1,b5697549-d90a-41fb-81ae-7ed41f321b3b,M-E,generation_log,-0.532912823992,-0.532912823992,1367,0.199,0.81,980,0.0898,0.82,-0.394897959184,-1.21603563474,0.0121951219512,/workspace/exp/natural_qd_push/p3c_bd_sweep_20260704_093150_UTC/live/shape_density_3d/seed_1002/openai_gpt-oss-120b/RTLLM/Prob015_multi_pipe_8bit/Gen1/Prob015_multi_pipe_8bit_sample4_M-E,
shape_density_3d,RTLLM,Prob015_multi_pipe_8bit,sequential,1,aee4f144-821a-410f-a356-57af577847df,M-I,generation_log,0.0411109361991,0.0411109361991,845,0.09,0.83,980,0.0898,0.82,0.137755102041,-0.0022271714922,-0.0121951219512,/workspace/exp/natural_qd_push/p3c_bd_sweep_20260704_093150_UTC/live/shape_density_3d/seed_1002/openai_gpt-oss-120b/RTLLM/Prob015_multi_pipe_8bit/Gen1/Prob015_multi_pipe_8bit_sample5_M-I,
shape_density_3d,RTLLM,Prob015_multi_pipe_8bit,sequential,1,6bb26c68-7adc-4ce4-98ab-ee9ef25892b9,M-R,generation_log,0.0303236216536,0.0303236216536,809,0.0973,0.82,980,0.0898,0.82,0.174489795918,-0.0835189309577,0,/workspace/exp/natural_qd_push/p3c_bd_sweep_20260704_093150_UTC/live/shape_density_3d/seed_1002/openai_gpt-oss-120b/RTLLM/Prob015_multi_pipe_8bit/Gen1/Prob015_multi_pipe_8bit_sample7_M-R,
shape_density_3d,RTLLM,Prob015_multi_pipe_8bit,sequential,2,98aa22dd-6cb0-422b-92e6-f387d3ca4f6a,M-E,generation_log,-0.45476770642,-0.45476770642,1303,0.209,0.58,980,0.0898,0.82,-0.329591836735,-1.32739420935,0.292682926829,/workspace/exp/natural_qd_push/p3c_bd_sweep_20260704_093150_UTC/live/shape_density_3d/seed_1002/openai_gpt-oss-120b/RTLLM/Prob015_multi_pipe_8bit/Gen2/Prob015_multi_pipe_8bit_sample2_M-E,
shape_density_3d,RTLLM,Prob015_multi_pipe_8bit,sequential,2,0a168dd9-c544-4975-9316-f8886f2f5964,M-E,generation_log,-0.0903380962358,-0.0903380962358,810,0.133,0.79,980,0.0898,0.82,0.173469387755,-0.481069042316,0.0365853658537,/workspace/exp/natural_qd_push/p3c_bd_sweep_20260704_093150_UTC/live/shape_density_3d/seed_1002/openai_gpt-oss-120b/RTLLM/Prob015_multi_pipe_8bit/Gen2/Prob015_multi_pipe_8bit_sample3_M-E,
shape_density_3d,RTLLM,Prob015_multi_pipe_8bit,sequential,2,44996bed-180a-49fb-a57c-97871efe0e37,M-E,generation_log,-0.0965718668368,-0.0965718668368,753,0.118,0.99,980,0.0898,0.82,0.231632653061,-0.314031180401,-0.207317073171,/workspace/exp/natural_qd_push/p3c_bd_sweep_20260704_093150_UTC/live/shape_density_3d/seed_1002/openai_gpt-oss-120b/RTLLM/Prob015_multi_pipe_8bit/Gen2/Prob015_multi_pipe_8bit_sample4_M-E,
shape_density_3d,RTLLM,Prob015_multi_pipe_8bit,sequential,2,73053581-ef5f-4060-81a3-6c4210b080a3,M-R,generation_log,-0.0451593478936,-0.0451593478936,685,0.106,1.03,980,0.0898,0.82,0.301020408163,-0.180400890869,-0.256097560976,/workspace/exp/natural_qd_push/p3c_bd_sweep_20260704_093150_UTC/live/shape_density_3d/seed_1002/openai_gpt-oss-120b/RTLLM/Prob015_multi_pipe_8bit/Gen2/Prob015_multi_pipe_8bit_sample5_M-R,
shape_density_3d,RTLLM,Prob015_multi_pipe_8bit,sequential,2,09f93a07-f092-40bc-99a6-fbd9fba9f8b8,M-R,generation_log,-0.0451593478936,-0.0451593478936,685,0.106,1.03,980,0.0898,0.82,0.301020408163,-0.180400890869,-0.256097560976,/workspace/exp/natural_qd_push/p3c_bd_sweep_20260704_093150_UTC/live/shape_density_3d/seed_1002/openai_gpt-oss-120b/RTLLM/Prob015_multi_pipe_8bit/Gen2/Prob015_multi_pipe_8bit_sample8_M-R,
shape_density_3d,RTLLM,Prob015_multi_pipe_8bit,sequential,3,7fb6e927-ccd6-4c79-8a22-ed09d1b80be8,M-F,generation_log,0.0527945329906,0.0527945329906,600,0.0874,1.03,980,0.0898,0.82,0.387755102041,0.0267260579065,-0.256097560976,/workspace/exp/natural_qd_push/p3c_bd_sweep_20260704_093150_UTC/live/shape_density_3d/seed_1002/openai_gpt-oss-120b/RTLLM/Prob015_multi_pipe_8bit/Gen3/Prob015_multi_pipe_8bit_sample4_M-F,
shape_density_3d,RTLLM,Prob015_multi_pipe_8bit,sequential,3,a78034ea-9986-48f2-8d76-9f9b1a24c271,M-T,generation_log,0.0524233377419,0.0524233377419,600,0.0875,1.03,980,0.0898,0.82,0.387755102041,0.0256124721604,-0.256097560976,/workspace/exp/natural_qd_push/p3c_bd_sweep_20260704_093150_UTC/live/shape_density_3d/seed_1002/openai_gpt-oss-120b/RTLLM/Prob015_multi_pipe_8bit/Gen3/Prob015_multi_pipe_8bit_sample5_M-T,
shape_density_3d,RTLLM,Prob015_multi_pipe_8bit,sequential,3,922cc569-4b10-4c29-b466-e268e86e6b2d,C-D,generation_log,0.0226745051869,0.0226745051869,800,0.0969,0.85,980,0.0898,0.82,0.183673469388,-0.0790645879733,-0.0365853658537,/workspace/exp/natural_qd_push/p3c_bd_sweep_20260704_093150_UTC/live/shape_density_3d/seed_1002/openai_gpt-oss-120b/RTLLM/Prob015_multi_pipe_8bit/Gen3/Prob015_multi_pipe_8bit_sample6_C-D,
shape_density_3d,RTLLM,Prob015_multi_pipe_8bit,sequential,3,0cf4d230-9e9b-4ee6-80f3-60185ffc36f1,C-D,generation_log,-0.253946328382,-0.253946328382,1000,0.152,0.86,980,0.0898,0.82,-0.0204081632653,-0.692650334076,-0.0487804878049,/workspace/exp/natural_qd_push/p3c_bd_sweep_20260704_093150_UTC/live/shape_density_3d/seed_1002/openai_gpt-oss-120b/RTLLM/Prob015_multi_pipe_8bit/Gen3/Prob015_multi_pipe_8bit_sample7_C-D,
shape_density_3d,RTLLM,Prob015_multi_pipe_8bit,sequential,4,f71ff1d6-2c48-4d84-9edc-3ad89e8c7cdc,initial,generation_log,-0.0607594702828,-0.0607594702828,708,0.107,1.04,980,0.0898,0.82,0.277551020408,-0.19153674833,-0.268292682927,/workspace/exp/natural_qd_push/p3c_bd_sweep_20260704_093150_UTC/live/shape_density_3d/seed_1002/openai_gpt-oss-120b/RTLLM/Prob015_multi_pipe_8bit/Gen4/Prob015_multi_pipe_8bit_sample2_initial,
shape_density_3d,RTLLM,Prob015_multi_pipe_8bit,sequential,4,2f439a82-d9a0-410c-9316-63ed6466b192,M-F,generation_log,-0.0451593478936,-0.0451593478936,685,0.106,1.03,980,0.0898,0.82,0.301020408163,-0.180400890869,-0.256097560976,/workspace/exp/natural_qd_push/p3c_bd_sweep_20260704_093150_UTC/live/shape_density_3d/seed_1002/openai_gpt-oss-120b/RTLLM/Prob015_multi_pipe_8bit/Gen4/Prob015_multi_pipe_8bit_sample2_M-F,
shape_density_3d,RTLLM,Prob015_multi_pipe_8bit,sequential,4,77c2c596-1244-41be-917a-217b19eafc71,C-D,generation_log,0.03157781446,0.03157781446,859,0.088,0.86,980,0.0898,0.82,0.123469387755,0.0200445434298,-0.0487804878049,/workspace/exp/natural_qd_push/p3c_bd_sweep_20260704_093150_UTC/live/shape_density_3d/seed_1002/openai_gpt-oss-120b/RTLLM/Prob015_multi_pipe_8bit/Gen4/Prob015_multi_pipe_8bit_sample6_C-D,
shape_density_3d,RTLLM,Prob015_multi_pipe_8bit,sequential,5,eeb5134e-bc16-48cb-ad9c-3ec8fe58b320,initial,generation_log,-0.0451593478936,-0.0451593478936,685,0.106,1.03,980,0.0898,0.82,0.301020408163,-0.180400890869,-0.256097560976,/workspace/exp/natural_qd_push/p3c_bd_sweep_20260704_093150_UTC/live/shape_density_3d/seed_1002/openai_gpt-oss-120b/RTLLM/Prob015_multi_pipe_8bit/Gen5/Prob015_multi_pipe_8bit_sample1_initial,
shape_density_3d,RTLLM,Prob015_multi_pipe_8bit,sequential,5,f24a2a93-d373-40e6-b378-23f7228abe3f,M-E,generation_log,-0.81359176948,-0.81359176948,1592,0.231,1.02,980,0.0898,0.82,-0.624489795918,-1.5723830735,-0.243902439024,/workspace/exp/natural_qd_push/p3c_bd_sweep_20260704_093150_UTC/live/shape_density_3d/seed_1002/openai_gpt-oss-120b/RTLLM/Prob015_multi_pipe_8bit/Gen5/Prob015_multi_pipe_8bit_sample1_M-E,
shape_density_3d,RTLLM,Prob015_multi_pipe_8bit,sequential,5,e2edfb5b-452f-4a34-89d9-06847b6d3060,C-D,generation_log,-0.223752948406,-0.223752948406,1130,0.144,0.75,980,0.0898,0.82,-0.15306122449,-0.603563474388,0.0853658536585,/workspace/exp/natural_qd_push/p3c_bd_sweep_20260704_093150_UTC/live/shape_density_3d/seed_1002/openai_gpt-oss-120b/RTLLM/Prob015_multi_pipe_8bit/Gen5/Prob015_multi_pipe_8bit_sample3_C-D,
shape_density_3d,RTLLM,Prob015_multi_pipe_8bit,sequential,5,2fb45a14-9c36-4fa6-929f-64aaa43fa1af,M-E,generation_log,0.0195504417205,0.0195504417205,628,0.0916,1.05,980,0.0898,0.82,0.359183673469,-0.0200445434298,-0.280487804878,/workspace/exp/natural_qd_push/p3c_bd_sweep_20260704_093150_UTC/live/shape_density_3d/seed_1002/openai_gpt-oss-120b/RTLLM/Prob015_multi_pipe_8bit/Gen5/Prob015_multi_pipe_8bit_sample4_M-E,
shape_density_3d,RTLLM,Prob015_multi_pipe_8bit,sequential,5,be6a0da3-5f4a-4b3d-a39a-cb0db4b086f2,C-D,generation_log,-0.155752657954,-0.155752657954,1153,0.14,0.6,980,0.0898,0.82,-0.176530612245,-0.559020044543,0.268292682927,/workspace/exp/natural_qd_push/p3c_bd_sweep_20260704_093150_UTC/live/shape_density_3d/seed_1002/openai_gpt-oss-120b/RTLLM/Prob015_multi_pipe_8bit/Gen5/Prob015_multi_pipe_8bit_sample5_C-D,
shape_density_3d,RTLLM,Prob019_sub_64bit,combinational,0,02af05aa-8934-42a7-bc37-8d870d6d1bd8,initial,generation_log,0.329886731392,0.494830097087,621,0.000426,0,621,0.0412,0,0,0.989660194175,0,/workspace/exp/natural_qd_push/p3c_bd_sweep_20260704_093150_UTC/live/shape_density_3d/seed_1002/openai_gpt-oss-120b/RTLLM/Prob019_sub_64bit/Gen0/Prob019_sub_64bit_sample1_initial,
shape_density_3d,RTLLM,Prob019_sub_64bit,combinational,0,401285dd-ef17-453a-b789-61fecfac9ab1,initial,generation_log,0.318477049232,0.477715573847,642,0.000443,0,621,0.0412,0,-0.0338164251208,0.989247572816,0,/workspace/exp/natural_qd_push/p3c_bd_sweep_20260704_093150_UTC/live/shape_density_3d/seed_1002/openai_gpt-oss-120b/RTLLM/Prob019_sub_64bit/Gen0/Prob019_sub_64bit_sample2_initial,
shape_density_3d,RTLLM,Prob019_sub_64bit,combinational,0,5dba3077-e3f4-4bc9-a1b5-adcb1204cbe6,initial,generation_log,0.317948371194,0.476922556791,643,0.000442,0,621,0.0412,0,-0.0354267310789,0.98927184466,0,/workspace/exp/natural_qd_push/p3c_bd_sweep_20260704_093150_UTC/live/shape_density_3d/seed_1002/openai_gpt-oss-120b/RTLLM/Prob019_sub_64bit/Gen0/Prob019_sub_64bit_sample3_initial,
shape_density_3d,RTLLM,Prob019_sub_64bit,combinational,0,78d17b67-40e5-488d-b77d-5efb631d6c17,initial,generation_log,0.318477049232,0.477715573847,642,0.000443,0,621,0.0412,0,-0.0338164251208,0.989247572816,0,/workspace/exp/natural_qd_push/p3c_bd_sweep_20260704_093150_UTC/live/shape_density_3d/seed_1002/openai_gpt-oss-120b/RTLLM/Prob019_sub_64bit/Gen0/Prob019_sub_64bit_sample4_initial,
shape_density_3d,RTLLM,Prob019_sub_64bit,combinational,0,5fa80f40-4c73-4cdb-aac7-f9984704808b,initial,generation_log,0.318477049232,0.477715573847,642,0.000443,0,621,0.0412,0,-0.0338164251208,0.989247572816,0,/workspace/exp/natural_qd_push/p3c_bd_sweep_20260704_093150_UTC/live/shape_density_3d/seed_1002/openai_gpt-oss-120b/RTLLM/Prob019_sub_64bit/Gen0/Prob019_sub_64bit_sample5_initial,
shape_density_3d,RTLLM,Prob019_sub_64bit,combinational,0,eee7eba5-c27f-4554-9c80-22686ab41663,initial,generation_log,0.318477049232,0.477715573847,642,0.000443,0,621,0.0412,0,-0.0338164251208,0.989247572816,0,/workspace/exp/natural_qd_push/p3c_bd_sweep_20260704_093150_UTC/live/shape_density_3d/seed_1002/openai_gpt-oss-120b/RTLLM/Prob019_sub_64bit/Gen0/Prob019_sub_64bit_sample6_initial,
shape_density_3d,RTLLM,Prob019_sub_64bit,combinational,0,25b7fa0d-6318-4001-991b-5eb53f9fb193,initial,generation_log,0.320119717649,0.480179576474,639,0.000439,0,621,0.0412,0,-0.0289855072464,0.989344660194,0,/workspace/exp/natural_qd_push/p3c_bd_sweep_20260704_093150_UTC/live/shape_density_3d/seed_1002/openai_gpt-oss-120b/RTLLM/Prob019_sub_64bit/Gen0/Prob019_sub_64bit_sample7_initial,
shape_density_3d,RTLLM,Prob019_sub_64bit,combinational,0,01fb9747-e01a-45ee-bc2b-5dafa53f2398,initial,generation_log,0.318477049232,0.477715573847,642,0.000443,0,621,0.0412,0,-0.0338164251208,0.989247572816,0,/workspace/exp/natural_qd_push/p3c_bd_sweep_20260704_093150_UTC/live/shape_density_3d/seed_1002/openai_gpt-oss-120b/RTLLM/Prob019_sub_64bit/Gen0/Prob019_sub_64bit_sample8_initial,
shape_density_3d,RTLLM,Prob019_sub_64bit,combinational,1,e21fcb4f-2b03-4315-ad65-4b47eee099dd,C-D,generation_log,0.318477049232,0.477715573847,642,0.000443,0,621,0.0412,0,-0.0338164251208,0.989247572816,0,/workspace/exp/natural_qd_push/p3c_bd_sweep_20260704_093150_UTC/live/shape_density_3d/seed_1002/openai_gpt-oss-120b/RTLLM/Prob019_sub_64bit/Gen1/Prob019_sub_64bit_sample1_C-D,
shape_density_3d,RTLLM,Prob019_sub_64bit,combinational,1,689e8957-c7b3-4e8e-826e-8e0d75a00d13,M-T,generation_log,0.329886731392,0.494830097087,621,0.000426,0,621,0.0412,0,0,0.989660194175,0,/workspace/exp/natural_qd_push/p3c_bd_sweep_20260704_093150_UTC/live/shape_density_3d/seed_1002/openai_gpt-oss-120b/RTLLM/Prob019_sub_64bit/Gen1/Prob019_sub_64bit_sample2_M-T,
shape_density_3d,RTLLM,Prob019_sub_64bit,combinational,1,b96a44df-2867-4534-a8f0-4f8945eeafb4,M-S,generation_log,0.329886731392,0.494830097087,621,0.000426,0,621,0.0412,0,0,0.989660194175,0,/workspace/exp/natural_qd_push/p3c_bd_sweep_20260704_093150_UTC/live/shape_density_3d/seed_1002/openai_gpt-oss-120b/RTLLM/Prob019_sub_64bit/Gen1/Prob019_sub_64bit_sample3_M-S,
shape_density_3d,RTLLM,Prob019_sub_64bit,combinational,1,6ba8c1ac-db3a-42ab-bdbb-e9cce5af4bb0,M-I,generation_log,0.321697661148,0.482546491722,636,0.000443,0,621,0.0412,0,-0.024154589372,0.989247572816,0,/workspace/exp/natural_qd_push/p3c_bd_sweep_20260704_093150_UTC/live/shape_density_3d/seed_1002/openai_gpt-oss-120b/RTLLM/Prob019_sub_64bit/Gen1/Prob019_sub_64bit_sample4_M-I,
shape_density_3d,RTLLM,Prob019_sub_64bit,combinational,1,99f9e8ed-dbe3-4d35-a2a1-5a2072335f58,C-F,generation_log,0.318477049232,0.477715573847,642,0.000443,0,621,0.0412,0,-0.0338164251208,0.989247572816,0,/workspace/exp/natural_qd_push/p3c_bd_sweep_20260704_093150_UTC/live/shape_density_3d/seed_1002/openai_gpt-oss-120b/RTLLM/Prob019_sub_64bit/Gen1/Prob019_sub_64bit_sample5_C-F,
shape_density_3d,RTLLM,Prob019_sub_64bit,combinational,1,a58ed95b-5bfa-4d41-bb4c-38a711cc5785,C-F,generation_log,0.329886731392,0.494830097087,621,0.000426,0,621,0.0412,0,0,0.989660194175,0,/workspace/exp/natural_qd_push/p3c_bd_sweep_20260704_093150_UTC/live/shape_density_3d/seed_1002/openai_gpt-oss-120b/RTLLM/Prob019_sub_64bit/Gen1/Prob019_sub_64bit_sample6_C-F,
shape_density_3d,RTLLM,Prob019_sub_64bit,combinational,1,54009de6-b8d1-4f9a-a327-422da32ee291,M-R,generation_log,0.318477049232,0.477715573847,642,0.000443,0,621,0.0412,0,-0.0338164251208,0.989247572816,0,/workspace/exp/natural_qd_push/p3c_bd_sweep_20260704_093150_UTC/live/shape_density_3d/seed_1002/openai_gpt-oss-120b/RTLLM/Prob019_sub_64bit/Gen1/Prob019_sub_64bit_sample7_M-R,
shape_density_3d,RTLLM,Prob019_sub_64bit,combinational,1,18125d73-3d91-452e-8273-d8eddff71948,C-F,generation_log,0.318477049232,0.477715573847,642,0.000443,0,621,0.0412,0,-0.0338164251208,0.989247572816,0,/workspace/exp/natural_qd_push/p3c_bd_sweep_20260704_093150_UTC/live/shape_density_3d/seed_1002/openai_gpt-oss-120b/RTLLM/Prob019_sub_64bit/Gen1/Prob019_sub_64bit_sample8_C-F,
shape_density_3d,RTLLM,Prob019_sub_64bit,combinational,2,f1de674a-6ea5-4cff-8fb4-b130ed00d39d,C-D,generation_log,0.318477049232,0.477715573847,642,0.000443,0,621,0.0412,0,-0.0338164251208,0.989247572816,0,/workspace/exp/natural_qd_push/p3c_bd_sweep_20260704_093150_UTC/live/shape_density_3d/seed_1002/openai_gpt-oss-120b/RTLLM/Prob019_sub_64bit/Gen2/Prob019_sub_64bit_sample1_C-D,
shape_density_3d,RTLLM,Prob019_sub_64bit,combinational,2,9f65afd7-234c-4706-8aab-1e5fd0f1f5e1,M-T,generation_log,0.318477049232,0.477715573847,642,0.000443,0,621,0.0412,0,-0.0338164251208,0.989247572816,0,/workspace/exp/natural_qd_push/p3c_bd_sweep_20260704_093150_UTC/live/shape_density_3d/seed_1002/openai_gpt-oss-120b/RTLLM/Prob019_sub_64bit/Gen2/Prob019_sub_64bit_sample2_M-T,
shape_density_3d,RTLLM,Prob019_sub_64bit,combinational,2,d36ca6b5-56fa-4d7a-843a-25409bd5aa6a,C-F,generation_log,0.318477049232,0.477715573847,642,0.000443,0,621,0.0412,0,-0.0338164251208,0.989247572816,0,/workspace/exp/natural_qd_push/p3c_bd_sweep_20260704_093150_UTC/live/shape_density_3d/seed_1002/openai_gpt-oss-120b/RTLLM/Prob019_sub_64bit/Gen2/Prob019_sub_64bit_sample3_C-F,
shape_density_3d,RTLLM,Prob019_sub_64bit,combinational,2,9da65fb2-ec6d-428c-ac84-233f9684ee72,C-F,generation_log,0.318477049232,0.477715573847,642,0.000443,0,621,0.0412,0,-0.0338164251208,0.989247572816,0,/workspace/exp/natural_qd_push/p3c_bd_sweep_20260704_093150_UTC/live/shape_density_3d/seed_1002/openai_gpt-oss-120b/RTLLM/Prob019_sub_64bit/Gen2/Prob019_sub_64bit_sample5_C-F,
shape_density_3d,RTLLM,Prob019_sub_64bit,combinational,2,bb733906-1f80-4925-9e0a-fbf4bcc20859,C-F,generation_log,0.318477049232,0.477715573847,642,0.000443,0,621,0.0412,0,-0.0338164251208,0.989247572816,0,/workspace/exp/natural_qd_push/p3c_bd_sweep_20260704_093150_UTC/live/shape_density_3d/seed_1002/openai_gpt-oss-120b/RTLLM/Prob019_sub_64bit/Gen2/Prob019_sub_64bit_sample6_C-F,
shape_density_3d,RTLLM,Prob019_sub_64bit,combinational,2,f21909e8-9d8b-4e07-ac78-bcda86b744fa,M-S,generation_log,0.318477049232,0.477715573847,642,0.000443,0,621,0.0412,0,-0.0338164251208,0.989247572816,0,/workspace/exp/natural_qd_push/p3c_bd_sweep_20260704_093150_UTC/live/shape_density_3d/seed_1002/openai_gpt-oss-120b/RTLLM/Prob019_sub_64bit/Gen2/Prob019_sub_64bit_sample7_M-S,
shape_density_3d,RTLLM,Prob019_sub_64bit,combinational,2,dc350e9e-eca7-400e-b862-72843bc63982,M-R,generation_log,0.318477049232,0.477715573847,642,0.000443,0,621,0.0412,0,-0.0338164251208,0.989247572816,0,/workspace/exp/natural_qd_push/p3c_bd_sweep_20260704_093150_UTC/live/shape_density_3d/seed_1002/openai_gpt-oss-120b/RTLLM/Prob019_sub_64bit/Gen2/Prob019_sub_64bit_sample8_M-R,
shape_density_3d,RTLLM,Prob019_sub_64bit,combinational,3,34704ad8-679b-4372-a4aa-537c8c2ff063,M-T,generation_log,0.318477049232,0.477715573847,642,0.000443,0,621,0.0412,0,-0.0338164251208,0.989247572816,0,/workspace/exp/natural_qd_push/p3c_bd_sweep_20260704_093150_UTC/live/shape_density_3d/seed_1002/openai_gpt-oss-120b/RTLLM/Prob019_sub_64bit/Gen3/Prob019_sub_64bit_sample1_M-T,
shape_density_3d,RTLLM,Prob019_sub_64bit,combinational,3,62441a18-2cf6-4f15-aa9f-15cdd48b28f6,M-E,generation_log,0.482288302091,0.723432453137,340,0.000232,0,621,0.0412,0,0.452495974235,0.994368932039,0,/workspace/exp/natural_qd_push/p3c_bd_sweep_20260704_093150_UTC/live/shape_density_3d/seed_1002/openai_gpt-oss-120b/RTLLM/Prob019_sub_64bit/Gen3/Prob019_sub_64bit_sample2_M-E,
shape_density_3d,RTLLM,Prob019_sub_64bit,combinational,3,acbbfad0-3261-44db-84a1-e9edd7a7a63b,C-F,generation_log,0.318477049232,0.477715573847,642,0.000443,0,621,0.0412,0,-0.0338164251208,0.989247572816,0,/workspace/exp/natural_qd_push/p3c_bd_sweep_20260704_093150_UTC/live/shape_density_3d/seed_1002/openai_gpt-oss-120b/RTLLM/Prob019_sub_64bit/Gen3/Prob019_sub_64bit_sample4_C-F,
shape_density_3d,RTLLM,Prob019_sub_64bit,combinational,3,8ebd7e97-e717-4331-8f35-a877c5a3a2a4,M-I,generation_log,0.318477049232,0.477715573847,642,0.000443,0,621,0.0412,0,-0.0338164251208,0.989247572816,0,/workspace/exp/natural_qd_push/p3c_bd_sweep_20260704_093150_UTC/live/shape_density_3d/seed_1002/openai_gpt-oss-120b/RTLLM/Prob019_sub_64bit/Gen3/Prob019_sub_64bit_sample5_M-I,
shape_density_3d,RTLLM,Prob019_sub_64bit,combinational,3,3b840f99-55c1-4fa7-b20f-6cffa1fceac9,M-S,generation_log,0.318477049232,0.477715573847,642,0.000443,0,621,0.0412,0,-0.0338164251208,0.989247572816,0,/workspace/exp/natural_qd_push/p3c_bd_sweep_20260704_093150_UTC/live/shape_density_3d/seed_1002/openai_gpt-oss-120b/RTLLM/Prob019_sub_64bit/Gen3/Prob019_sub_64bit_sample7_M-S,
shape_density_3d,RTLLM,Prob019_sub_64bit,combinational,3,a84325cd-a00a-46b2-83e1-f5771ee20dad,C-F,generation_log,0.318477049232,0.477715573847,642,0.000443,0,621,0.0412,0,-0.0338164251208,0.989247572816,0,/workspace/exp/natural_qd_push/p3c_bd_sweep_20260704_093150_UTC/live/shape_density_3d/seed_1002/openai_gpt-oss-120b/RTLLM/Prob019_sub_64bit/Gen3/Prob019_sub_64bit_sample8_C-F,
shape_density_3d,RTLLM,Prob019_sub_64bit,combinational,4,618cb150-5e70-410a-8489-e66cfad2132a,M-T,generation_log,0.318477049232,0.477715573847,642,0.000443,0,621,0.0412,0,-0.0338164251208,0.989247572816,0,/workspace/exp/natural_qd_push/p3c_bd_sweep_20260704_093150_UTC/live/shape_density_3d/seed_1002/openai_gpt-oss-120b/RTLLM/Prob019_sub_64bit/Gen4/Prob019_sub_64bit_sample1_M-T,
shape_density_3d,RTLLM,Prob019_sub_64bit,combinational,4,b0314f45-6c98-4488-883e-808ffc206d04,M-E,generation_log,0.482280211476,0.723420317215,340,0.000233,0,621,0.0412,0,0.452495974235,0.994344660194,0,/workspace/exp/natural_qd_push/p3c_bd_sweep_20260704_093150_UTC/live/shape_density_3d/seed_1002/openai_gpt-oss-120b/RTLLM/Prob019_sub_64bit/Gen4/Prob019_sub_64bit_sample2_M-E,
shape_density_3d,RTLLM,Prob019_sub_64bit,combinational,4,748279ed-fa88-4af2-8fb7-85d1364d2068,M-R,generation_log,0.318477049232,0.477715573847,642,0.000443,0,621,0.0412,0,-0.0338164251208,0.989247572816,0,/workspace/exp/natural_qd_push/p3c_bd_sweep_20260704_093150_UTC/live/shape_density_3d/seed_1002/openai_gpt-oss-120b/RTLLM/Prob019_sub_64bit/Gen4/Prob019_sub_64bit_sample3_M-R,
shape_density_3d,RTLLM,Prob019_sub_64bit,combinational,4,c54a9cc5-3aea-4f69-b934-56ee63e1ae07,C-F,generation_log,0.318477049232,0.477715573847,642,0.000443,0,621,0.0412,0,-0.0338164251208,0.989247572816,0,/workspace/exp/natural_qd_push/p3c_bd_sweep_20260704_093150_UTC/live/shape_density_3d/seed_1002/openai_gpt-oss-120b/RTLLM/Prob019_sub_64bit/Gen4/Prob019_sub_64bit_sample6_C-F,
shape_density_3d,RTLLM,Prob019_sub_64bit,combinational,4,7fa7affd-a99e-4719-857d-e132eee05e34,C-F,generation_log,0.318477049232,0.477715573847,642,0.000443,0,621,0.0412,0,-0.0338164251208,0.989247572816,0,/workspace/exp/natural_qd_push/p3c_bd_sweep_20260704_093150_UTC/live/shape_density_3d/seed_1002/openai_gpt-oss-120b/RTLLM/Prob019_sub_64bit/Gen4/Prob019_sub_64bit_sample7_C-F,
shape_density_3d,RTLLM,Prob019_sub_64bit,combinational,4,5cb0bf46-d9f1-4631-a5b5-53a7748d693d,C-F,generation_log,0.318477049232,0.477715573847,642,0.000443,0,621,0.0412,0,-0.0338164251208,0.989247572816,0,/workspace/exp/natural_qd_push/p3c_bd_sweep_20260704_093150_UTC/live/shape_density_3d/seed_1002/openai_gpt-oss-120b/RTLLM/Prob019_sub_64bit/Gen4/Prob019_sub_64bit_sample8_C-F,
shape_density_3d,RTLLM,Prob019_sub_64bit,combinational,5,e04702d5-75c2-43b8-a702-cdfb98e99f18,M-E,generation_log,0.329886731392,0.494830097087,621,0.000426,0,621,0.0412,0,0,0.989660194175,0,/workspace/exp/natural_qd_push/p3c_bd_sweep_20260704_093150_UTC/live/shape_density_3d/seed_1002/openai_gpt-oss-120b/RTLLM/Prob019_sub_64bit/Gen5/Prob019_sub_64bit_sample1_M-E,
shape_density_3d,RTLLM,Prob019_sub_64bit,combinational,5,0279c9ac-d4c5-40c1-96ef-9cb2b04e5f56,M-T,generation_log,0.318477049232,0.477715573847,642,0.000443,0,621,0.0412,0,-0.0338164251208,0.989247572816,0,/workspace/exp/natural_qd_push/p3c_bd_sweep_20260704_093150_UTC/live/shape_density_3d/seed_1002/openai_gpt-oss-120b/RTLLM/Prob019_sub_64bit/Gen5/Prob019_sub_64bit_sample2_M-T,
shape_density_3d,RTLLM,Prob019_sub_64bit,combinational,5,ec077113-21bf-4c9d-8bb0-eb18b166c4ce,M-R,generation_log,0.318477049232,0.477715573847,642,0.000443,0,621,0.0412,0,-0.0338164251208,0.989247572816,0,/workspace/exp/natural_qd_push/p3c_bd_sweep_20260704_093150_UTC/live/shape_density_3d/seed_1002/openai_gpt-oss-120b/RTLLM/Prob019_sub_64bit/Gen5/Prob019_sub_64bit_sample3_M-R,
shape_density_3d,RTLLM,Prob019_sub_64bit,combinational,5,c8a7be46-401f-410f-b5c6-3df7cbbe5e18,C-F,generation_log,0.318477049232,0.477715573847,642,0.000443,0,621,0.0412,0,-0.0338164251208,0.989247572816,0,/workspace/exp/natural_qd_push/p3c_bd_sweep_20260704_093150_UTC/live/shape_density_3d/seed_1002/openai_gpt-oss-120b/RTLLM/Prob019_sub_64bit/Gen5/Prob019_sub_64bit_sample4_C-F,
shape_density_3d,RTLLM,Prob019_sub_64bit,combinational,5,9a0fc483-98cc-4224-9fc0-0ec57b032353,M-I,generation_log,0.318477049232,0.477715573847,642,0.000443,0,621,0.0412,0,-0.0338164251208,0.989247572816,0,/workspace/exp/natural_qd_push/p3c_bd_sweep_20260704_093150_UTC/live/shape_density_3d/seed_1002/openai_gpt-oss-120b/RTLLM/Prob019_sub_64bit/Gen5/Prob019_sub_64bit_sample6_M-I,
shape_density_3d,RTLLM,Prob019_sub_64bit,combinational,5,26eacf55-ba5e-4cd0-acbb-cf1cf1f7c6c8,M-R,generation_log,0.318477049232,0.477715573847,642,0.000443,0,621,0.0412,0,-0.0338164251208,0.989247572816,0,/workspace/exp/natural_qd_push/p3c_bd_sweep_20260704_093150_UTC/live/shape_density_3d/seed_1002/openai_gpt-oss-120b/RTLLM/Prob019_sub_64bit/Gen5/Prob019_sub_64bit_sample7_M-R,
shape_density_3d,RTLLM,Prob019_sub_64bit,combinational,5,f4eab257-5e46-4f9f-8848-d1be454d1804,M-S,generation_log,0.318477049232,0.477715573847,642,0.000443,0,621,0.0412,0,-0.0338164251208,0.989247572816,0,/workspace/exp/natural_qd_push/p3c_bd_sweep_20260704_093150_UTC/live/shape_density_3d/seed_1002/openai_gpt-oss-120b/RTLLM/Prob019_sub_64bit/Gen5/Prob019_sub_64bit_sample8_M-S,
shape_density_3d,RTLLM,Prob020_JC_counter,sequential,0,04718cc9-ad63-43e9-87ab-48ca4207bd93,initial,generation_log,-0,0,340,0.0351,0.13,340,0.0351,0.13,0,0,0,/workspace/exp/natural_qd_push/p3c_bd_sweep_20260704_093150_UTC/live/shape_density_3d/seed_1002/openai_gpt-oss-120b/RTLLM/Prob020_JC_counter/Gen0/Prob020_JC_counter_sample1_initial,
shape_density_3d,RTLLM,Prob020_JC_counter,sequential,0,c118eff1-2bc8-498f-857c-17ef740dc2a8,initial,generation_log,-0,0,340,0.0351,0.13,340,0.0351,0.13,0,0,0,/workspace/exp/natural_qd_push/p3c_bd_sweep_20260704_093150_UTC/live/shape_density_3d/seed_1002/openai_gpt-oss-120b/RTLLM/Prob020_JC_counter/Gen0/Prob020_JC_counter_sample2_initial,
shape_density_3d,RTLLM,Prob020_JC_counter,sequential,0,fd3bedb8-c905-4419-8a6d-a5bc722964b1,initial,generation_log,-0,0,340,0.0351,0.13,340,0.0351,0.13,0,0,0,/workspace/exp/natural_qd_push/p3c_bd_sweep_20260704_093150_UTC/live/shape_density_3d/seed_1002/openai_gpt-oss-120b/RTLLM/Prob020_JC_counter/Gen0/Prob020_JC_counter_sample3_initial,
shape_density_3d,RTLLM,Prob020_JC_counter,sequential,0,84b605f0-f5cd-40c3-a447-a8a5a1910cd6,initial,generation_log,-0,0,340,0.0351,0.13,340,0.0351,0.13,0,0,0,/workspace/exp/natural_qd_push/p3c_bd_sweep_20260704_093150_UTC/live/shape_density_3d/seed_1002/openai_gpt-oss-120b/RTLLM/Prob020_JC_counter/Gen0/Prob020_JC_counter_sample4_initial,
shape_density_3d,RTLLM,Prob020_JC_counter,sequential,0,57501ce8-5dc6-4641-aa5d-59f3a4e92649,initial,generation_log,-0,0,340,0.0351,0.13,340,0.0351,0.13,0,0,0,/workspace/exp/natural_qd_push/p3c_bd_sweep_20260704_093150_UTC/live/shape_density_3d/seed_1002/openai_gpt-oss-120b/RTLLM/Prob020_JC_counter/Gen0/Prob020_JC_counter_sample5_initial,
shape_density_3d,RTLLM,Prob020_JC_counter,sequential,0,87b9fb2d-34c1-45b4-9d85-1a296b777944,initial,generation_log,-0,0,340,0.0351,0.13,340,0.0351,0.13,0,0,0,/workspace/exp/natural_qd_push/p3c_bd_sweep_20260704_093150_UTC/live/shape_density_3d/seed_1002/openai_gpt-oss-120b/RTLLM/Prob020_JC_counter/Gen0/Prob020_JC_counter_sample6_initial,
shape_density_3d,RTLLM,Prob020_JC_counter,sequential,0,4aa83403-03f7-4de5-9bfb-81615e0b21b2,initial,generation_log,-0,0,340,0.0351,0.13,340,0.0351,0.13,0,0,0,/workspace/exp/natural_qd_push/p3c_bd_sweep_20260704_093150_UTC/live/shape_density_3d/seed_1002/openai_gpt-oss-120b/RTLLM/Prob020_JC_counter/Gen0/Prob020_JC_counter_sample7_initial,
shape_density_3d,RTLLM,Prob020_JC_counter,sequential,0,1153ec42-27a6-4ea1-9666-c802639fa1f1,initial,generation_log,-0,0,340,0.0351,0.13,340,0.0351,0.13,0,0,0,/workspace/exp/natural_qd_push/p3c_bd_sweep_20260704_093150_UTC/live/shape_density_3d/seed_1002/openai_gpt-oss-120b/RTLLM/Prob020_JC_counter/Gen0/Prob020_JC_counter_sample8_initial,
shape_density_3d,RTLLM,Prob020_JC_counter,sequential,1,46158a8f-d22c-4205-8e53-f1c55f1ec77d,M-I,generation_log,-0.284850008379,-0.284850008379,462,0.0471,0.15,340,0.0351,0.13,-0.358823529412,-0.34188034188,-0.153846153846,/workspace/exp/natural_qd_push/p3c_bd_sweep_20260704_093150_UTC/live/shape_density_3d/seed_1002/openai_gpt-oss-120b/RTLLM/Prob020_JC_counter/Gen1/Prob020_JC_counter_sample1_M-I,
shape_density_3d,RTLLM,Prob020_JC_counter,sequential,1,332bd9c1-5775-44bb-a441-3cab179c8959,M-S,generation_log,-0.284850008379,-0.284850008379,462,0.0471,0.15,340,0.0351,0.13,-0.358823529412,-0.34188034188,-0.153846153846,/workspace/exp/natural_qd_push/p3c_bd_sweep_20260704_093150_UTC/live/shape_density_3d/seed_1002/openai_gpt-oss-120b/RTLLM/Prob020_JC_counter/Gen1/Prob020_JC_counter_sample2_M-S,
shape_density_3d,RTLLM,Prob020_JC_counter,sequential,1,fe8b0732-4a03-4706-9130-9cdd6d49c6ec,M-R,generation_log,-0,0,340,0.0351,0.13,340,0.0351,0.13,0,0,0,/workspace/exp/natural_qd_push/p3c_bd_sweep_20260704_093150_UTC/live/shape_density_3d/seed_1002/openai_gpt-oss-120b/RTLLM/Prob020_JC_counter/Gen1/Prob020_JC_counter_sample3_M-R,
shape_density_3d,RTLLM,Prob020_JC_counter,sequential,1,9e0a5de0-58dc-41ba-8f9b-50b9660bf17d,M-I,generation_log,-0,0,340,0.0351,0.13,340,0.0351,0.13,0,0,0,/workspace/exp/natural_qd_push/p3c_bd_sweep_20260704_093150_UTC/live/shape_density_3d/seed_1002/openai_gpt-oss-120b/RTLLM/Prob020_JC_counter/Gen1/Prob020_JC_counter_sample4_M-I,
shape_density_3d,RTLLM,Prob020_JC_counter,sequential,2,45bedf57-dbaf-4024-9e47-b037c6f49ade,M-T,generation_log,-0.284850008379,-0.284850008379,462,0.0471,0.15,340,0.0351,0.13,-0.358823529412,-0.34188034188,-0.153846153846,/workspace/exp/natural_qd_push/p3c_bd_sweep_20260704_093150_UTC/live/shape_density_3d/seed_1002/openai_gpt-oss-120b/RTLLM/Prob020_JC_counter/Gen2/Prob020_JC_counter_sample2_M-T,
shape_density_3d,RTLLM,Prob020_JC_counter,sequential,2,0103c890-0b28-4517-ab0d-e406f2b2e522,C-F,generation_log,-0.284850008379,-0.284850008379,462,0.0471,0.15,340,0.0351,0.13,-0.358823529412,-0.34188034188,-0.153846153846,/workspace/exp/natural_qd_push/p3c_bd_sweep_20260704_093150_UTC/live/shape_density_3d/seed_1002/openai_gpt-oss-120b/RTLLM/Prob020_JC_counter/Gen2/Prob020_JC_counter_sample3_C-F,
shape_density_3d,RTLLM,Prob020_JC_counter,sequential,2,ee3d77c0-01e6-4fae-969e-dff0d303ad42,M-R,generation_log,-0.284850008379,-0.284850008379,462,0.0471,0.15,340,0.0351,0.13,-0.358823529412,-0.34188034188,-0.153846153846,/workspace/exp/natural_qd_push/p3c_bd_sweep_20260704_093150_UTC/live/shape_density_3d/seed_1002/openai_gpt-oss-120b/RTLLM/Prob020_JC_counter/Gen2/Prob020_JC_counter_sample4_M-R,
shape_density_3d,RTLLM,Prob020_JC_counter,sequential,2,ab515f35-5f8e-41e8-9b91-ad994d3a3b7f,C-F,generation_log,-0.284850008379,-0.284850008379,462,0.0471,0.15,340,0.0351,0.13,-0.358823529412,-0.34188034188,-0.153846153846,/workspace/exp/natural_qd_push/p3c_bd_sweep_20260704_093150_UTC/live/shape_density_3d/seed_1002/openai_gpt-oss-120b/RTLLM/Prob020_JC_counter/Gen2/Prob020_JC_counter_sample5_C-F,
shape_density_3d,RTLLM,Prob020_JC_counter,sequential,2,b594dc92-fd6a-46d9-9d22-e048d4910f25,C-F,generation_log,-0.284850008379,-0.284850008379,462,0.0471,0.15,340,0.0351,0.13,-0.358823529412,-0.34188034188,-0.153846153846,/workspace/exp/natural_qd_push/p3c_bd_sweep_20260704_093150_UTC/live/shape_density_3d/seed_1002/openai_gpt-oss-120b/RTLLM/Prob020_JC_counter/Gen2/Prob020_JC_counter_sample6_C-F,
shape_density_3d,RTLLM,Prob020_JC_counter,sequential,2,ed81fc64-df92-4e40-9c72-254fbdb0794f,M-I,generation_log,-0.284850008379,-0.284850008379,462,0.0471,0.15,340,0.0351,0.13,-0.358823529412,-0.34188034188,-0.153846153846,/workspace/exp/natural_qd_push/p3c_bd_sweep_20260704_093150_UTC/live/shape_density_3d/seed_1002/openai_gpt-oss-120b/RTLLM/Prob020_JC_counter/Gen2/Prob020_JC_counter_sample8_M-I,
shape_density_3d,RTLLM,Prob020_JC_counter,sequential,3,b735dbee-41db-43de-b8b4-23f5faa6a94e,M-E,generation_log,-0,0,340,0.0351,0.13,340,0.0351,0.13,0,0,0,/workspace/exp/natural_qd_push/p3c_bd_sweep_20260704_093150_UTC/live/shape_density_3d/seed_1002/openai_gpt-oss-120b/RTLLM/Prob020_JC_counter/Gen3/Prob020_JC_counter_sample1_M-E,
shape_density_3d,RTLLM,Prob020_JC_counter,sequential,3,e3a867a6-43cd-42ec-83e9-897175dd6aa6,M-T,generation_log,-0.284850008379,-0.284850008379,462,0.0471,0.15,340,0.0351,0.13,-0.358823529412,-0.34188034188,-0.153846153846,/workspace/exp/natural_qd_push/p3c_bd_sweep_20260704_093150_UTC/live/shape_density_3d/seed_1002/openai_gpt-oss-120b/RTLLM/Prob020_JC_counter/Gen3/Prob020_JC_counter_sample2_M-T,
shape_density_3d,RTLLM,Prob020_JC_counter,sequential,3,0eb66d93-8d29-4636-90ac-c37bd8818776,C-F,generation_log,-0.282950673147,-0.282950673147,462,0.0469,0.15,340,0.0351,0.13,-0.358823529412,-0.336182336182,-0.153846153846,/workspace/exp/natural_qd_push/p3c_bd_sweep_20260704_093150_UTC/live/shape_density_3d/seed_1002/openai_gpt-oss-120b/RTLLM/Prob020_JC_counter/Gen3/Prob020_JC_counter_sample4_C-F,
shape_density_3d,RTLLM,Prob020_JC_counter,sequential,3,938af133-2942-4492-8584-8007e5fda2d2,C-F,generation_log,-0,0,340,0.0351,0.13,340,0.0351,0.13,0,0,0,/workspace/exp/natural_qd_push/p3c_bd_sweep_20260704_093150_UTC/live/shape_density_3d/seed_1002/openai_gpt-oss-120b/RTLLM/Prob020_JC_counter/Gen3/Prob020_JC_counter_sample5_C-F,
shape_density_3d,RTLLM,Prob020_JC_counter,sequential,3,15844bcb-354c-411b-9327-2e5ed052429f,C-F,generation_log,-0,0,340,0.0351,0.13,340,0.0351,0.13,0,0,0,/workspace/exp/natural_qd_push/p3c_bd_sweep_20260704_093150_UTC/live/shape_density_3d/seed_1002/openai_gpt-oss-120b/RTLLM/Prob020_JC_counter/Gen3/Prob020_JC_counter_sample6_C-F,
shape_density_3d,RTLLM,Prob020_JC_counter,sequential,3,964b88f5-fb47-47c2-866b-2ccb68bafcae,M-S,generation_log,-0.284850008379,-0.284850008379,462,0.0471,0.15,340,0.0351,0.13,-0.358823529412,-0.34188034188,-0.153846153846,/workspace/exp/natural_qd_push/p3c_bd_sweep_20260704_093150_UTC/live/shape_density_3d/seed_1002/openai_gpt-oss-120b/RTLLM/Prob020_JC_counter/Gen3/Prob020_JC_counter_sample7_M-S,
shape_density_3d,RTLLM,Prob020_JC_counter,sequential,3,f541f9e0-ae55-4dd2-8b3d-7116c33c7680,C-F,generation_log,-0,0,340,0.0351,0.13,340,0.0351,0.13,0,0,0,/workspace/exp/natural_qd_push/p3c_bd_sweep_20260704_093150_UTC/live/shape_density_3d/seed_1002/openai_gpt-oss-120b/RTLLM/Prob020_JC_counter/Gen3/Prob020_JC_counter_sample8_C-F,
shape_density_3d,RTLLM,Prob020_JC_counter,sequential,4,703eff34-dd5f-4617-9f1b-f3c89a0b313f,C-D,generation_log,-0,0,340,0.0351,0.13,340,0.0351,0.13,0,0,0,/workspace/exp/natural_qd_push/p3c_bd_sweep_20260704_093150_UTC/live/shape_density_3d/seed_1002/openai_gpt-oss-120b/RTLLM/Prob020_JC_counter/Gen4/Prob020_JC_counter_sample1_C-D,
shape_density_3d,RTLLM,Prob020_JC_counter,sequential,4,87a335c2-d536-4206-ba6c-224fe91c8a94,C-D,generation_log,-0,0,340,0.0351,0.13,340,0.0351,0.13,0,0,0,/workspace/exp/natural_qd_push/p3c_bd_sweep_20260704_093150_UTC/live/shape_density_3d/seed_1002/openai_gpt-oss-120b/RTLLM/Prob020_JC_counter/Gen4/Prob020_JC_counter_sample2_C-D,
shape_density_3d,RTLLM,Prob020_JC_counter,sequential,4,eda750e4-accd-49a2-aac5-7f8057104214,M-I,generation_log,-0.05,-0.05,391,0.0351,0.13,340,0.0351,0.13,-0.15,0,0,/workspace/exp/natural_qd_push/p3c_bd_sweep_20260704_093150_UTC/live/shape_density_3d/seed_1002/openai_gpt-oss-120b/RTLLM/Prob020_JC_counter/Gen4/Prob020_JC_counter_sample3_M-I,
shape_density_3d,RTLLM,Prob020_JC_counter,sequential,4,46ec2650-dc80-4a10-8aba-379315f56f85,C-F,generation_log,-0,0,340,0.0351,0.13,340,0.0351,0.13,0,0,0,/workspace/exp/natural_qd_push/p3c_bd_sweep_20260704_093150_UTC/live/shape_density_3d/seed_1002/openai_gpt-oss-120b/RTLLM/Prob020_JC_counter/Gen4/Prob020_JC_counter_sample4_C-F,
shape_density_3d,RTLLM,Prob020_JC_counter,sequential,4,0ff4b83f-f031-4ab1-9418-1d7148463556,C-F,generation_log,-0.284850008379,-0.284850008379,462,0.0471,0.15,340,0.0351,0.13,-0.358823529412,-0.34188034188,-0.153846153846,/workspace/exp/natural_qd_push/p3c_bd_sweep_20260704_093150_UTC/live/shape_density_3d/seed_1002/openai_gpt-oss-120b/RTLLM/Prob020_JC_counter/Gen4/Prob020_JC_counter_sample5_C-F,
shape_density_3d,RTLLM,Prob020_JC_counter,sequential,4,bf8c7932-1e1e-4f6d-8ea2-b65fb310848f,C-F,generation_log,-0.284850008379,-0.284850008379,462,0.0471,0.15,340,0.0351,0.13,-0.358823529412,-0.34188034188,-0.153846153846,/workspace/exp/natural_qd_push/p3c_bd_sweep_20260704_093150_UTC/live/shape_density_3d/seed_1002/openai_gpt-oss-120b/RTLLM/Prob020_JC_counter/Gen4/Prob020_JC_counter_sample6_C-F,
shape_density_3d,RTLLM,Prob020_JC_counter,sequential,4,e8f387b0-653a-48b6-90e4-e64f85f6f874,C-F,generation_log,-0,0,340,0.0351,0.13,340,0.0351,0.13,0,0,0,/workspace/exp/natural_qd_push/p3c_bd_sweep_20260704_093150_UTC/live/shape_density_3d/seed_1002/openai_gpt-oss-120b/RTLLM/Prob020_JC_counter/Gen4/Prob020_JC_counter_sample7_C-F,
shape_density_3d,RTLLM,Prob020_JC_counter,sequential,4,7117bfaa-71d3-4099-a297-b6d6421f3fb9,M-R,generation_log,-0,0,340,0.0351,0.13,340,0.0351,0.13,0,0,0,/workspace/exp/natural_qd_push/p3c_bd_sweep_20260704_093150_UTC/live/shape_density_3d/seed_1002/openai_gpt-oss-120b/RTLLM/Prob020_JC_counter/Gen4/Prob020_JC_counter_sample8_M-R,
shape_density_3d,RTLLM,Prob020_JC_counter,sequential,5,3ff5ec07-ff24-45df-ac6e-72b6945c9aa2,C-D,generation_log,-0.0245098039216,-0.0245098039216,365,0.0351,0.13,340,0.0351,0.13,-0.0735294117647,0,0,/workspace/exp/natural_qd_push/p3c_bd_sweep_20260704_093150_UTC/live/shape_density_3d/seed_1002/openai_gpt-oss-120b/RTLLM/Prob020_JC_counter/Gen5/Prob020_JC_counter_sample2_C-D,
shape_density_3d,RTLLM,Prob020_JC_counter,sequential,5,8df213c8-cdb4-4622-a3fb-c6a97b880f1d,C-F,generation_log,-0,0,340,0.0351,0.13,340,0.0351,0.13,0,0,0,/workspace/exp/natural_qd_push/p3c_bd_sweep_20260704_093150_UTC/live/shape_density_3d/seed_1002/openai_gpt-oss-120b/RTLLM/Prob020_JC_counter/Gen5/Prob020_JC_counter_sample4_C-F,
shape_density_3d,RTLLM,Prob020_JC_counter,sequential,5,e11b677f-e69e-46f8-bbe5-58aafaf21a73,M-R,generation_log,-0,0,340,0.0351,0.13,340,0.0351,0.13,0,0,0,/workspace/exp/natural_qd_push/p3c_bd_sweep_20260704_093150_UTC/live/shape_density_3d/seed_1002/openai_gpt-oss-120b/RTLLM/Prob020_JC_counter/Gen5/Prob020_JC_counter_sample6_M-R,
shape_density_3d,RTLLM,Prob020_JC_counter,sequential,5,1fcc0859-8947-45ff-b0e5-4327b4e147a4,M-R,generation_log,-0,0,340,0.0351,0.13,340,0.0351,0.13,0,0,0,/workspace/exp/natural_qd_push/p3c_bd_sweep_20260704_093150_UTC/live/shape_density_3d/seed_1002/openai_gpt-oss-120b/RTLLM/Prob020_JC_counter/Gen5/Prob020_JC_counter_sample7_M-R,
shape_density_3d,RTLLM,Prob020_JC_counter,sequential,5,88ede48b-c3e3-471d-998d-0a3456c328fa,M-I,generation_log,-0,0,340,0.0351,0.13,340,0.0351,0.13,0,0,0,/workspace/exp/natural_qd_push/p3c_bd_sweep_20260704_093150_UTC/live/shape_density_3d/seed_1002/openai_gpt-oss-120b/RTLLM/Prob020_JC_counter/Gen5/Prob020_JC_counter_sample8_M-I,
shape_density_3d,RTLLM,Prob021_counter_12,sequential,0,69158d08-ae2a-4565-aeec-41fb09ffa3a4,initial,generation_log,-0,0,44,0.00963,0.28,44,0.00963,0.28,0,0,0,/workspace/exp/natural_qd_push/p3c_bd_sweep_20260704_093150_UTC/live/shape_density_3d/seed_1002/openai_gpt-oss-120b/RTLLM/Prob021_counter_12/Gen0/Prob021_counter_12_sample1_initial,
shape_density_3d,RTLLM,Prob021_counter_12,sequential,0,91b6189c-2366-42c7-a0d0-a8475192d680,initial,generation_log,-0,0,44,0.00963,0.28,44,0.00963,0.28,0,0,0,/workspace/exp/natural_qd_push/p3c_bd_sweep_20260704_093150_UTC/live/shape_density_3d/seed_1002/openai_gpt-oss-120b/RTLLM/Prob021_counter_12/Gen0/Prob021_counter_12_sample2_initial,
shape_density_3d,RTLLM,Prob021_counter_12,sequential,0,4b778da8-ca2b-4b90-9555-d35345fd60af,initial,generation_log,-0,0,44,0.00963,0.28,44,0.00963,0.28,0,0,0,/workspace/exp/natural_qd_push/p3c_bd_sweep_20260704_093150_UTC/live/shape_density_3d/seed_1002/openai_gpt-oss-120b/RTLLM/Prob021_counter_12/Gen0/Prob021_counter_12_sample3_initial,
shape_density_3d,RTLLM,Prob021_counter_12,sequential,0,9abf6433-c84a-4abb-9707-246b2364a7ed,initial,generation_log,-0,0,44,0.00963,0.28,44,0.00963,0.28,0,0,0,/workspace/exp/natural_qd_push/p3c_bd_sweep_20260704_093150_UTC/live/shape_density_3d/seed_1002/openai_gpt-oss-120b/RTLLM/Prob021_counter_12/Gen0/Prob021_counter_12_sample4_initial,
shape_density_3d,RTLLM,Prob021_counter_12,sequential,0,f2905300-2dd8-422d-abcf-4d5999d8d1ad,initial,generation_log,-0,0,44,0.00963,0.28,44,0.00963,0.28,0,0,0,/workspace/exp/natural_qd_push/p3c_bd_sweep_20260704_093150_UTC/live/shape_density_3d/seed_1002/openai_gpt-oss-120b/RTLLM/Prob021_counter_12/Gen0/Prob021_counter_12_sample5_initial,
shape_density_3d,RTLLM,Prob021_counter_12,sequential,0,0c55a54c-e2f7-48c1-96cd-830ab35fcabd,initial,generation_log,-0,0,44,0.00963,0.28,44,0.00963,0.28,0,0,0,/workspace/exp/natural_qd_push/p3c_bd_sweep_20260704_093150_UTC/live/shape_density_3d/seed_1002/openai_gpt-oss-120b/RTLLM/Prob021_counter_12/Gen0/Prob021_counter_12_sample6_initial,
shape_density_3d,RTLLM,Prob021_counter_12,sequential,0,e39f7158-6ffb-4f92-a5ac-2b49f15b5f82,initial,generation_log,-0,0,44,0.00963,0.28,44,0.00963,0.28,0,0,0,/workspace/exp/natural_qd_push/p3c_bd_sweep_20260704_093150_UTC/live/shape_density_3d/seed_1002/openai_gpt-oss-120b/RTLLM/Prob021_counter_12/Gen0/Prob021_counter_12_sample7_initial,
shape_density_3d,RTLLM,Prob021_counter_12,sequential,0,654ac809-d550-4154-8125-e16867418bcc,initial,generation_log,-0,0,44,0.00963,0.28,44,0.00963,0.28,0,0,0,/workspace/exp/natural_qd_push/p3c_bd_sweep_20260704_093150_UTC/live/shape_density_3d/seed_1002/openai_gpt-oss-120b/RTLLM/Prob021_counter_12/Gen0/Prob021_counter_12_sample8_initial,
shape_density_3d,RTLLM,Prob021_counter_12,sequential,1,0e3ba5c4-db7e-4b19-b647-581643256dd0,M-S,generation_log,0.148993270489,0.148993270489,46,0.0042,0.3,44,0.00963,0.28,-0.0454545454545,0.563862928349,-0.0714285714286,/workspace/exp/natural_qd_push/p3c_bd_sweep_20260704_093150_UTC/live/shape_density_3d/seed_1002/openai_gpt-oss-120b/RTLLM/Prob021_counter_12/Gen1/Prob021_counter_12_sample1_M-S,
shape_density_3d,RTLLM,Prob021_counter_12,sequential,1,0b0dec2e-b731-4ede-bcbe-3e18b8e99890,M-R,generation_log,-0,0,44,0.00963,0.28,44,0.00963,0.28,0,0,0,/workspace/exp/natural_qd_push/p3c_bd_sweep_20260704_093150_UTC/live/shape_density_3d/seed_1002/openai_gpt-oss-120b/RTLLM/Prob021_counter_12/Gen1/Prob021_counter_12_sample2_M-R,
shape_density_3d,RTLLM,Prob021_counter_12,sequential,1,4a921a34-b67e-4d6a-88f4-33493acd8cc7,M-I,generation_log,0.148993270489,0.148993270489,46,0.0042,0.3,44,0.00963,0.28,-0.0454545454545,0.563862928349,-0.0714285714286,/workspace/exp/natural_qd_push/p3c_bd_sweep_20260704_093150_UTC/live/shape_density_3d/seed_1002/openai_gpt-oss-120b/RTLLM/Prob021_counter_12/Gen1/Prob021_counter_12_sample3_M-I,
shape_density_3d,RTLLM,Prob021_counter_12,sequential,1,950ba1fd-74ad-4f28-a88d-5b1ee8a4824d,M-S,generation_log,0.148993270489,0.148993270489,46,0.0042,0.3,44,0.00963,0.28,-0.0454545454545,0.563862928349,-0.0714285714286,/workspace/exp/natural_qd_push/p3c_bd_sweep_20260704_093150_UTC/live/shape_density_3d/seed_1002/openai_gpt-oss-120b/RTLLM/Prob021_counter_12/Gen1/Prob021_counter_12_sample4_M-S,
shape_density_3d,RTLLM,Prob021_counter_12,sequential,1,49530e6a-3972-40b6-82d5-ccb0a2adf149,M-S,generation_log,0.148993270489,0.148993270489,46,0.0042,0.3,44,0.00963,0.28,-0.0454545454545,0.563862928349,-0.0714285714286,/workspace/exp/natural_qd_push/p3c_bd_sweep_20260704_093150_UTC/live/shape_density_3d/seed_1002/openai_gpt-oss-120b/RTLLM/Prob021_counter_12/Gen1/Prob021_counter_12_sample5_M-S,
shape_density_3d,RTLLM,Prob021_counter_12,sequential,1,d02bc77d-5d5e-41d7-857f-4ddd15c11b5f,M-S,generation_log,-0,0,44,0.00963,0.28,44,0.00963,0.28,0,0,0,/workspace/exp/natural_qd_push/p3c_bd_sweep_20260704_093150_UTC/live/shape_density_3d/seed_1002/openai_gpt-oss-120b/RTLLM/Prob021_counter_12/Gen1/Prob021_counter_12_sample7_M-S,
shape_density_3d,RTLLM,Prob021_counter_12,sequential,1,ed3efc99-107b-47bc-be53-b6f2b9f3d180,M-R,generation_log,0.148993270489,0.148993270489,46,0.0042,0.3,44,0.00963,0.28,-0.0454545454545,0.563862928349,-0.0714285714286,/workspace/exp/natural_qd_push/p3c_bd_sweep_20260704_093150_UTC/live/shape_density_3d/seed_1002/openai_gpt-oss-120b/RTLLM/Prob021_counter_12/Gen1/Prob021_counter_12_sample8_M-R,
shape_density_3d,RTLLM,Prob021_counter_12,sequential,2,7d9575ca-d6b9-40d2-9ef6-e5629be8b47d,M-E,generation_log,0.148993270489,0.148993270489,46,0.0042,0.3,44,0.00963,0.28,-0.0454545454545,0.563862928349,-0.0714285714286,/workspace/exp/natural_qd_push/p3c_bd_sweep_20260704_093150_UTC/live/shape_density_3d/seed_1002/openai_gpt-oss-120b/RTLLM/Prob021_counter_12/Gen2/Prob021_counter_12_sample1_M-E,
shape_density_3d,RTLLM,Prob021_counter_12,sequential,2,0f5e381a-b958-4cee-a877-7a478ba0765a,C-D,generation_log,0.148993270489,0.148993270489,46,0.0042,0.3,44,0.00963,0.28,-0.0454545454545,0.563862928349,-0.0714285714286,/workspace/exp/natural_qd_push/p3c_bd_sweep_20260704_093150_UTC/live/shape_density_3d/seed_1002/openai_gpt-oss-120b/RTLLM/Prob021_counter_12/Gen2/Prob021_counter_12_sample2_C-D,
shape_density_3d,RTLLM,Prob021_counter_12,sequential,2,ea347365-21cd-46bb-93c9-581089b62a40,M-I,generation_log,0.148993270489,0.148993270489,46,0.0042,0.3,44,0.00963,0.28,-0.0454545454545,0.563862928349,-0.0714285714286,/workspace/exp/natural_qd_push/p3c_bd_sweep_20260704_093150_UTC/live/shape_density_3d/seed_1002/openai_gpt-oss-120b/RTLLM/Prob021_counter_12/Gen2/Prob021_counter_12_sample3_M-I,
shape_density_3d,RTLLM,Prob021_counter_12,sequential,2,59c420e2-ce09-4f48-873b-3cc5aa6ac241,C-F,generation_log,0.148993270489,0.148993270489,46,0.0042,0.3,44,0.00963,0.28,-0.0454545454545,0.563862928349,-0.0714285714286,/workspace/exp/natural_qd_push/p3c_bd_sweep_20260704_093150_UTC/live/shape_density_3d/seed_1002/openai_gpt-oss-120b/RTLLM/Prob021_counter_12/Gen2/Prob021_counter_12_sample4_C-F,
shape_density_3d,RTLLM,Prob021_counter_12,sequential,2,4ff6d220-c7cd-43a4-b583-bce241357f02,C-F,generation_log,0.148993270489,0.148993270489,46,0.0042,0.3,44,0.00963,0.28,-0.0454545454545,0.563862928349,-0.0714285714286,/workspace/exp/natural_qd_push/p3c_bd_sweep_20260704_093150_UTC/live/shape_density_3d/seed_1002/openai_gpt-oss-120b/RTLLM/Prob021_counter_12/Gen2/Prob021_counter_12_sample5_C-F,
shape_density_3d,RTLLM,Prob021_counter_12,sequential,2,c969bcac-d321-49dc-8341-39f53b054ec7,C-F,generation_log,0.148993270489,0.148993270489,46,0.0042,0.3,44,0.00963,0.28,-0.0454545454545,0.563862928349,-0.0714285714286,/workspace/exp/natural_qd_push/p3c_bd_sweep_20260704_093150_UTC/live/shape_density_3d/seed_1002/openai_gpt-oss-120b/RTLLM/Prob021_counter_12/Gen2/Prob021_counter_12_sample6_C-F,
shape_density_3d,RTLLM,Prob021_counter_12,sequential,2,ea3bdd24-a7fd-486e-9c29-1ef13e3bb38d,M-R,generation_log,0.148993270489,0.148993270489,46,0.0042,0.3,44,0.00963,0.28,-0.0454545454545,0.563862928349,-0.0714285714286,/workspace/exp/natural_qd_push/p3c_bd_sweep_20260704_093150_UTC/live/shape_density_3d/seed_1002/openai_gpt-oss-120b/RTLLM/Prob021_counter_12/Gen2/Prob021_counter_12_sample7_M-R,
shape_density_3d,RTLLM,Prob021_counter_12,sequential,2,3c660857-4784-45ff-9523-b8e1ca633d76,M-S,generation_log,0.148993270489,0.148993270489,46,0.0042,0.3,44,0.00963,0.28,-0.0454545454545,0.563862928349,-0.0714285714286,/workspace/exp/natural_qd_push/p3c_bd_sweep_20260704_093150_UTC/live/shape_density_3d/seed_1002/openai_gpt-oss-120b/RTLLM/Prob021_counter_12/Gen2/Prob021_counter_12_sample8_M-S,
shape_density_3d,RTLLM,Prob021_counter_12,sequential,3,6ec449ef-b932-4868-bb74-2e5793deee85,C-D,generation_log,-0,0,44,0.00963,0.28,44,0.00963,0.28,0,0,0,/workspace/exp/natural_qd_push/p3c_bd_sweep_20260704_093150_UTC/live/shape_density_3d/seed_1002/openai_gpt-oss-120b/RTLLM/Prob021_counter_12/Gen3/Prob021_counter_12_sample1_C-D,
shape_density_3d,RTLLM,Prob021_counter_12,sequential,3,891db103-eebe-42f4-867a-d4e168fad356,M-T,generation_log,0.148993270489,0.148993270489,46,0.0042,0.3,44,0.00963,0.28,-0.0454545454545,0.563862928349,-0.0714285714286,/workspace/exp/natural_qd_push/p3c_bd_sweep_20260704_093150_UTC/live/shape_density_3d/seed_1002/openai_gpt-oss-120b/RTLLM/Prob021_counter_12/Gen3/Prob021_counter_12_sample2_M-T,
shape_density_3d,RTLLM,Prob021_counter_12,sequential,3,594bd1e3-9750-47d8-97a0-b0818a26e264,M-R,generation_log,0.148993270489,0.148993270489,46,0.0042,0.3,44,0.00963,0.28,-0.0454545454545,0.563862928349,-0.0714285714286,/workspace/exp/natural_qd_push/p3c_bd_sweep_20260704_093150_UTC/live/shape_density_3d/seed_1002/openai_gpt-oss-120b/RTLLM/Prob021_counter_12/Gen3/Prob021_counter_12_sample3_M-R,
shape_density_3d,RTLLM,Prob021_counter_12,sequential,3,6366cd08-815f-4338-bad8-4980c0add18b,M-S,generation_log,0.148993270489,0.148993270489,46,0.0042,0.3,44,0.00963,0.28,-0.0454545454545,0.563862928349,-0.0714285714286,/workspace/exp/natural_qd_push/p3c_bd_sweep_20260704_093150_UTC/live/shape_density_3d/seed_1002/openai_gpt-oss-120b/RTLLM/Prob021_counter_12/Gen3/Prob021_counter_12_sample4_M-S,
shape_density_3d,RTLLM,Prob021_counter_12,sequential,3,06d60641-566a-4cff-9076-9639fb727235,C-F,generation_log,0.148993270489,0.148993270489,46,0.0042,0.3,44,0.00963,0.28,-0.0454545454545,0.563862928349,-0.0714285714286,/workspace/exp/natural_qd_push/p3c_bd_sweep_20260704_093150_UTC/live/shape_density_3d/seed_1002/openai_gpt-oss-120b/RTLLM/Prob021_counter_12/Gen3/Prob021_counter_12_sample5_C-F,
shape_density_3d,RTLLM,Prob021_counter_12,sequential,3,b838454b-ebf6-467a-9847-76e11ca3a627,M-I,generation_log,0.148993270489,0.148993270489,46,0.0042,0.3,44,0.00963,0.28,-0.0454545454545,0.563862928349,-0.0714285714286,/workspace/exp/natural_qd_push/p3c_bd_sweep_20260704_093150_UTC/live/shape_density_3d/seed_1002/openai_gpt-oss-120b/RTLLM/Prob021_counter_12/Gen3/Prob021_counter_12_sample6_M-I,
shape_density_3d,RTLLM,Prob021_counter_12,sequential,3,ef31ea27-eaf6-4a21-a7cb-518785f6d0d2,C-F,generation_log,0.148993270489,0.148993270489,46,0.0042,0.3,44,0.00963,0.28,-0.0454545454545,0.563862928349,-0.0714285714286,/workspace/exp/natural_qd_push/p3c_bd_sweep_20260704_093150_UTC/live/shape_density_3d/seed_1002/openai_gpt-oss-120b/RTLLM/Prob021_counter_12/Gen3/Prob021_counter_12_sample7_C-F,
shape_density_3d,RTLLM,Prob021_counter_12,sequential,4,f5658022-d232-484b-9314-8579f06fc175,C-D,generation_log,-0,0,44,0.00963,0.28,44,0.00963,0.28,0,0,0,/workspace/exp/natural_qd_push/p3c_bd_sweep_20260704_093150_UTC/live/shape_density_3d/seed_1002/openai_gpt-oss-120b/RTLLM/Prob021_counter_12/Gen4/Prob021_counter_12_sample1_C-D,
shape_density_3d,RTLLM,Prob021_counter_12,sequential,4,322bd912-d778-46fd-81a3-884142866547,C-D,generation_log,0.0170350590911,0.0170350590911,44,0.00845,0.3,44,0.00963,0.28,0,0.122533748702,-0.0714285714286,/workspace/exp/natural_qd_push/p3c_bd_sweep_20260704_093150_UTC/live/shape_density_3d/seed_1002/openai_gpt-oss-120b/RTLLM/Prob021_counter_12/Gen4/Prob021_counter_12_sample2_C-D,
shape_density_3d,RTLLM,Prob021_counter_12,sequential,4,afa5b11f-707f-43ab-8583-5806bbf9a63c,C-F,generation_log,0.148993270489,0.148993270489,46,0.0042,0.3,44,0.00963,0.28,-0.0454545454545,0.563862928349,-0.0714285714286,/workspace/exp/natural_qd_push/p3c_bd_sweep_20260704_093150_UTC/live/shape_density_3d/seed_1002/openai_gpt-oss-120b/RTLLM/Prob021_counter_12/Gen4/Prob021_counter_12_sample3_C-F,
shape_density_3d,RTLLM,Prob021_counter_12,sequential,4,3eaa091f-6f77-4078-a69a-fb8fdbc55283,M-I,generation_log,0.211457026878,0.211457026878,45,0.00399,0.26,44,0.00963,0.28,-0.0227272727273,0.585669781931,0.0714285714286,/workspace/exp/natural_qd_push/p3c_bd_sweep_20260704_093150_UTC/live/shape_density_3d/seed_1002/openai_gpt-oss-120b/RTLLM/Prob021_counter_12/Gen4/Prob021_counter_12_sample4_M-I,
shape_density_3d,RTLLM,Prob021_counter_12,sequential,4,f4b8c8d0-bf46-44f3-b115-39b211f0ec34,M-S,generation_log,-0,0,44,0.00963,0.28,44,0.00963,0.28,0,0,0,/workspace/exp/natural_qd_push/p3c_bd_sweep_20260704_093150_UTC/live/shape_density_3d/seed_1002/openai_gpt-oss-120b/RTLLM/Prob021_counter_12/Gen4/Prob021_counter_12_sample5_M-S,
shape_density_3d,RTLLM,Prob021_counter_12,sequential,4,c196bbb1-2a32-4b45-8132-51856a2e12a0,C-F,generation_log,0.148993270489,0.148993270489,46,0.0042,0.3,44,0.00963,0.28,-0.0454545454545,0.563862928349,-0.0714285714286,/workspace/exp/natural_qd_push/p3c_bd_sweep_20260704_093150_UTC/live/shape_density_3d/seed_1002/openai_gpt-oss-120b/RTLLM/Prob021_counter_12/Gen4/Prob021_counter_12_sample6_C-F,
shape_density_3d,RTLLM,Prob021_counter_12,sequential,4,c3c64a5e-da96-4505-b5ef-0482d66a8aee,C-F,generation_log,0.148993270489,0.148993270489,46,0.0042,0.3,44,0.00963,0.28,-0.0454545454545,0.563862928349,-0.0714285714286,/workspace/exp/natural_qd_push/p3c_bd_sweep_20260704_093150_UTC/live/shape_density_3d/seed_1002/openai_gpt-oss-120b/RTLLM/Prob021_counter_12/Gen4/Prob021_counter_12_sample7_C-F,
shape_density_3d,RTLLM,Prob021_counter_12,sequential,4,cdc1f421-5585-4601-a6f2-dee5de93a5b1,C-F,generation_log,0.148993270489,0.148993270489,46,0.0042,0.3,44,0.00963,0.28,-0.0454545454545,0.563862928349,-0.0714285714286,/workspace/exp/natural_qd_push/p3c_bd_sweep_20260704_093150_UTC/live/shape_density_3d/seed_1002/openai_gpt-oss-120b/RTLLM/Prob021_counter_12/Gen4/Prob021_counter_12_sample8_C-F,
shape_density_3d,RTLLM,Prob021_counter_12,sequential,5,d8bb7da2-5acc-416a-81d4-7e2bb46cffd6,M-T,generation_log,0.148993270489,0.148993270489,46,0.0042,0.3,44,0.00963,0.28,-0.0454545454545,0.563862928349,-0.0714285714286,/workspace/exp/natural_qd_push/p3c_bd_sweep_20260704_093150_UTC/live/shape_density_3d/seed_1002/openai_gpt-oss-120b/RTLLM/Prob021_counter_12/Gen5/Prob021_counter_12_sample1_M-T,
shape_density_3d,RTLLM,Prob021_counter_12,sequential,5,632f56a8-552b-4fea-b51f-0688eb3dfd30,M-E,generation_log,-0.769778335199,-0.769778335199,149,0.00992,0.25,44,0.00963,0.28,-2.38636363636,-0.0301142263759,0.107142857143,/workspace/exp/natural_qd_push/p3c_bd_sweep_20260704_093150_UTC/live/shape_density_3d/seed_1002/openai_gpt-oss-120b/RTLLM/Prob021_counter_12/Gen5/Prob021_counter_12_sample2_M-E,
shape_density_3d,RTLLM,Prob021_counter_12,sequential,5,558687fb-9e21-489f-8aa4-e25c89d8621e,M-R,generation_log,0.148993270489,0.148993270489,46,0.0042,0.3,44,0.00963,0.28,-0.0454545454545,0.563862928349,-0.0714285714286,/workspace/exp/natural_qd_push/p3c_bd_sweep_20260704_093150_UTC/live/shape_density_3d/seed_1002/openai_gpt-oss-120b/RTLLM/Prob021_counter_12/Gen5/Prob021_counter_12_sample3_M-R,
shape_density_3d,RTLLM,Prob021_counter_12,sequential,5,7cd42a1a-3aea-49c2-a8d6-7bf808ed1a26,C-F,generation_log,0.148993270489,0.148993270489,46,0.0042,0.3,44,0.00963,0.28,-0.0454545454545,0.563862928349,-0.0714285714286,/workspace/exp/natural_qd_push/p3c_bd_sweep_20260704_093150_UTC/live/shape_density_3d/seed_1002/openai_gpt-oss-120b/RTLLM/Prob021_counter_12/Gen5/Prob021_counter_12_sample4_C-F,
shape_density_3d,RTLLM,Prob021_counter_12,sequential,5,998a114b-666c-4547-b27c-e834d3286682,M-S,generation_log,0.148993270489,0.148993270489,46,0.0042,0.3,44,0.00963,0.28,-0.0454545454545,0.563862928349,-0.0714285714286,/workspace/exp/natural_qd_push/p3c_bd_sweep_20260704_093150_UTC/live/shape_density_3d/seed_1002/openai_gpt-oss-120b/RTLLM/Prob021_counter_12/Gen5/Prob021_counter_12_sample5_M-S,
shape_density_3d,RTLLM,Prob021_counter_12,sequential,5,dd552b4e-22f4-4ace-b36a-93637ef7cde4,C-F,generation_log,0.148993270489,0.148993270489,46,0.0042,0.3,44,0.00963,0.28,-0.0454545454545,0.563862928349,-0.0714285714286,/workspace/exp/natural_qd_push/p3c_bd_sweep_20260704_093150_UTC/live/shape_density_3d/seed_1002/openai_gpt-oss-120b/RTLLM/Prob021_counter_12/Gen5/Prob021_counter_12_sample6_C-F,
shape_density_3d,RTLLM,Prob021_counter_12,sequential,5,003c7cfe-3d5c-42cf-b433-096451918550,M-I,generation_log,0.148993270489,0.148993270489,46,0.0042,0.3,44,0.00963,0.28,-0.0454545454545,0.563862928349,-0.0714285714286,/workspace/exp/natural_qd_push/p3c_bd_sweep_20260704_093150_UTC/live/shape_density_3d/seed_1002/openai_gpt-oss-120b/RTLLM/Prob021_counter_12/Gen5/Prob021_counter_12_sample7_M-I,
shape_density_3d,RTLLM,Prob021_counter_12,sequential,5,23dbfc67-aa8a-4659-b513-4a61528cd3a6,C-F,generation_log,0.148993270489,0.148993270489,46,0.0042,0.3,44,0.00963,0.28,-0.0454545454545,0.563862928349,-0.0714285714286,/workspace/exp/natural_qd_push/p3c_bd_sweep_20260704_093150_UTC/live/shape_density_3d/seed_1002/openai_gpt-oss-120b/RTLLM/Prob021_counter_12/Gen5/Prob021_counter_12_sample8_C-F,
shape_density_3d,RTLLM,Prob023_up_down_counter,sequential,0,371f124f-9340-425a-857a-dee276325fd6,initial,generation_log,-0.048317271781,-0.048317271781,225,0.0437,0.57,259,0.0358,0.54,0.131274131274,-0.220670391061,-0.0555555555556,/workspace/exp/natural_qd_push/p3c_bd_sweep_20260704_093150_UTC/live/shape_density_3d/seed_1002/openai_gpt-oss-120b/RTLLM/Prob023_up_down_counter/Gen0/Prob023_up_down_counter_sample1_initial,
shape_density_3d,RTLLM,Prob023_up_down_counter,sequential,0,361fe4a1-83ae-4f89-8041-34e2087307a6,initial,generation_log,-0.048317271781,-0.048317271781,225,0.0437,0.57,259,0.0358,0.54,0.131274131274,-0.220670391061,-0.0555555555556,/workspace/exp/natural_qd_push/p3c_bd_sweep_20260704_093150_UTC/live/shape_density_3d/seed_1002/openai_gpt-oss-120b/RTLLM/Prob023_up_down_counter/Gen0/Prob023_up_down_counter_sample2_initial,
shape_density_3d,RTLLM,Prob023_up_down_counter,sequential,0,c6b57460-8cde-4d16-99ff-8d2dbab520de,initial,generation_log,-0.048317271781,-0.048317271781,225,0.0437,0.57,259,0.0358,0.54,0.131274131274,-0.220670391061,-0.0555555555556,/workspace/exp/natural_qd_push/p3c_bd_sweep_20260704_093150_UTC/live/shape_density_3d/seed_1002/openai_gpt-oss-120b/RTLLM/Prob023_up_down_counter/Gen0/Prob023_up_down_counter_sample4_initial,
shape_density_3d,RTLLM,Prob023_up_down_counter,sequential,0,b72c1cdf-226e-482b-bad0-c37b5c47a23d,initial,generation_log,-0.048317271781,-0.048317271781,225,0.0437,0.57,259,0.0358,0.54,0.131274131274,-0.220670391061,-0.0555555555556,/workspace/exp/natural_qd_push/p3c_bd_sweep_20260704_093150_UTC/live/shape_density_3d/seed_1002/openai_gpt-oss-120b/RTLLM/Prob023_up_down_counter/Gen0/Prob023_up_down_counter_sample5_initial,
shape_density_3d,RTLLM,Prob023_up_down_counter,sequential,0,5751ea51-06d2-4b37-919b-017a6871b440,initial,generation_log,-0.048317271781,-0.048317271781,225,0.0437,0.57,259,0.0358,0.54,0.131274131274,-0.220670391061,-0.0555555555556,/workspace/exp/natural_qd_push/p3c_bd_sweep_20260704_093150_UTC/live/shape_density_3d/seed_1002/openai_gpt-oss-120b/RTLLM/Prob023_up_down_counter/Gen0/Prob023_up_down_counter_sample6_initial,
shape_density_3d,RTLLM,Prob023_up_down_counter,sequential,0,7ce899ce-52ef-4c33-8872-ef2ad21b1d07,initial,generation_log,-0.048317271781,-0.048317271781,225,0.0437,0.57,259,0.0358,0.54,0.131274131274,-0.220670391061,-0.0555555555556,/workspace/exp/natural_qd_push/p3c_bd_sweep_20260704_093150_UTC/live/shape_density_3d/seed_1002/openai_gpt-oss-120b/RTLLM/Prob023_up_down_counter/Gen0/Prob023_up_down_counter_sample7_initial,
shape_density_3d,RTLLM,Prob023_up_down_counter,sequential,0,ac134f70-a8e4-4ce2-ab5f-a4a558246901,initial,generation_log,-0.048317271781,-0.048317271781,225,0.0437,0.57,259,0.0358,0.54,0.131274131274,-0.220670391061,-0.0555555555556,/workspace/exp/natural_qd_push/p3c_bd_sweep_20260704_093150_UTC/live/shape_density_3d/seed_1002/openai_gpt-oss-120b/RTLLM/Prob023_up_down_counter/Gen0/Prob023_up_down_counter_sample8_initial,
shape_density_3d,RTLLM,Prob023_up_down_counter,sequential,1,f4567781-b972-42dc-98f2-231d1ddabab6,M-E,generation_log,-0.048317271781,-0.048317271781,225,0.0437,0.57,259,0.0358,0.54,0.131274131274,-0.220670391061,-0.0555555555556,/workspace/exp/natural_qd_push/p3c_bd_sweep_20260704_093150_UTC/live/shape_density_3d/seed_1002/openai_gpt-oss-120b/RTLLM/Prob023_up_down_counter/Gen1/Prob023_up_down_counter_sample1_M-E,
shape_density_3d,RTLLM,Prob023_up_down_counter,sequential,1,facaa236-4695-4f14-aaf5-83b622d17735,M-S,generation_log,-0.048317271781,-0.048317271781,225,0.0437,0.57,259,0.0358,0.54,0.131274131274,-0.220670391061,-0.0555555555556,/workspace/exp/natural_qd_push/p3c_bd_sweep_20260704_093150_UTC/live/shape_density_3d/seed_1002/openai_gpt-oss-120b/RTLLM/Prob023_up_down_counter/Gen1/Prob023_up_down_counter_sample2_M-S,
shape_density_3d,RTLLM,Prob023_up_down_counter,sequential,1,1f641486-fccc-4e2b-b59d-75c6b45dfade,M-R,generation_log,-0.048317271781,-0.048317271781,225,0.0437,0.57,259,0.0358,0.54,0.131274131274,-0.220670391061,-0.0555555555556,/workspace/exp/natural_qd_push/p3c_bd_sweep_20260704_093150_UTC/live/shape_density_3d/seed_1002/openai_gpt-oss-120b/RTLLM/Prob023_up_down_counter/Gen1/Prob023_up_down_counter_sample4_M-R,
shape_density_3d,RTLLM,Prob023_up_down_counter,sequential,1,fe457a05-fb8a-40e6-a812-d1cf0b6ab865,M-S,generation_log,-0.048317271781,-0.048317271781,225,0.0437,0.57,259,0.0358,0.54,0.131274131274,-0.220670391061,-0.0555555555556,/workspace/exp/natural_qd_push/p3c_bd_sweep_20260704_093150_UTC/live/shape_density_3d/seed_1002/openai_gpt-oss-120b/RTLLM/Prob023_up_down_counter/Gen1/Prob023_up_down_counter_sample6_M-S,
shape_density_3d,RTLLM,Prob023_up_down_counter,sequential,1,f4422099-a440-4dec-ac2d-cc447e0db492,M-S,generation_log,-0.048317271781,-0.048317271781,225,0.0437,0.57,259,0.0358,0.54,0.131274131274,-0.220670391061,-0.0555555555556,/workspace/exp/natural_qd_push/p3c_bd_sweep_20260704_093150_UTC/live/shape_density_3d/seed_1002/openai_gpt-oss-120b/RTLLM/Prob023_up_down_counter/Gen1/Prob023_up_down_counter_sample7_M-S,
shape_density_3d,RTLLM,Prob023_up_down_counter,sequential,1,6eefa4d6-b547-4f51-8e0a-c63136921214,M-S,generation_log,-0.048317271781,-0.048317271781,225,0.0437,0.57,259,0.0358,0.54,0.131274131274,-0.220670391061,-0.0555555555556,/workspace/exp/natural_qd_push/p3c_bd_sweep_20260704_093150_UTC/live/shape_density_3d/seed_1002/openai_gpt-oss-120b/RTLLM/Prob023_up_down_counter/Gen1/Prob023_up_down_counter_sample8_M-S,
shape_density_3d,RTLLM,Prob023_up_down_counter,sequential,2,0b983b44-bd63-4b11-9e23-c0e8d7755ce0,M-T,generation_log,-0.048317271781,-0.048317271781,225,0.0437,0.57,259,0.0358,0.54,0.131274131274,-0.220670391061,-0.0555555555556,/workspace/exp/natural_qd_push/p3c_bd_sweep_20260704_093150_UTC/live/shape_density_3d/seed_1002/openai_gpt-oss-120b/RTLLM/Prob023_up_down_counter/Gen2/Prob023_up_down_counter_sample1_M-T,
shape_density_3d,RTLLM,Prob023_up_down_counter,sequential,2,f8f693d0-76b5-4fd6-b160-d0c8cc9aa10d,M-R,generation_log,-0.048317271781,-0.048317271781,225,0.0437,0.57,259,0.0358,0.54,0.131274131274,-0.220670391061,-0.0555555555556,/workspace/exp/natural_qd_push/p3c_bd_sweep_20260704_093150_UTC/live/shape_density_3d/seed_1002/openai_gpt-oss-120b/RTLLM/Prob023_up_down_counter/Gen2/Prob023_up_down_counter_sample3_M-R,
shape_density_3d,RTLLM,Prob023_up_down_counter,sequential,2,75adb88d-18f5-4db8-afdb-f387a7994b6a,C-F,generation_log,-0.048317271781,-0.048317271781,225,0.0437,0.57,259,0.0358,0.54,0.131274131274,-0.220670391061,-0.0555555555556,/workspace/exp/natural_qd_push/p3c_bd_sweep_20260704_093150_UTC/live/shape_density_3d/seed_1002/openai_gpt-oss-120b/RTLLM/Prob023_up_down_counter/Gen2/Prob023_up_down_counter_sample4_C-F,
shape_density_3d,RTLLM,Prob023_up_down_counter,sequential,2,596c557e-369c-4afb-b24d-5a5c25fe30d4,C-F,generation_log,-0.048317271781,-0.048317271781,225,0.0437,0.57,259,0.0358,0.54,0.131274131274,-0.220670391061,-0.0555555555556,/workspace/exp/natural_qd_push/p3c_bd_sweep_20260704_093150_UTC/live/shape_density_3d/seed_1002/openai_gpt-oss-120b/RTLLM/Prob023_up_down_counter/Gen2/Prob023_up_down_counter_sample6_C-F,
shape_density_3d,RTLLM,Prob023_up_down_counter,sequential,2,a4944137-fd11-4dd7-891b-fffe30c50aac,M-R,generation_log,-0.048317271781,-0.048317271781,225,0.0437,0.57,259,0.0358,0.54,0.131274131274,-0.220670391061,-0.0555555555556,/workspace/exp/natural_qd_push/p3c_bd_sweep_20260704_093150_UTC/live/shape_density_3d/seed_1002/openai_gpt-oss-120b/RTLLM/Prob023_up_down_counter/Gen2/Prob023_up_down_counter_sample8_M-R,
shape_density_3d,RTLLM,Prob023_up_down_counter,sequential,3,1d880b25-56c1-4f16-ba7c-9950d6556e45,M-T,generation_log,-0.136771647945,-0.136771647945,225,0.0532,0.57,259,0.0358,0.54,0.131274131274,-0.486033519553,-0.0555555555556,/workspace/exp/natural_qd_push/p3c_bd_sweep_20260704_093150_UTC/live/shape_density_3d/seed_1002/openai_gpt-oss-120b/RTLLM/Prob023_up_down_counter/Gen3/Prob023_up_down_counter_sample2_M-T,
shape_density_3d,RTLLM,Prob023_up_down_counter,sequential,3,802cd976-be6c-4983-8106-9db943f2a698,C-F,generation_log,-0.048317271781,-0.048317271781,225,0.0437,0.57,259,0.0358,0.54,0.131274131274,-0.220670391061,-0.0555555555556,/workspace/exp/natural_qd_push/p3c_bd_sweep_20260704_093150_UTC/live/shape_density_3d/seed_1002/openai_gpt-oss-120b/RTLLM/Prob023_up_down_counter/Gen3/Prob023_up_down_counter_sample3_C-F,
shape_density_3d,RTLLM,Prob023_up_down_counter,sequential,3,407a358d-539b-4068-bd15-c6cf7561aa91,C-F,generation_log,-0.048317271781,-0.048317271781,225,0.0437,0.57,259,0.0358,0.54,0.131274131274,-0.220670391061,-0.0555555555556,/workspace/exp/natural_qd_push/p3c_bd_sweep_20260704_093150_UTC/live/shape_density_3d/seed_1002/openai_gpt-oss-120b/RTLLM/Prob023_up_down_counter/Gen3/Prob023_up_down_counter_sample4_C-F,
shape_density_3d,RTLLM,Prob023_up_down_counter,sequential,3,d7d670ea-8b49-4086-a9f7-171010eb6bfb,M-R,generation_log,-0.048317271781,-0.048317271781,225,0.0437,0.57,259,0.0358,0.54,0.131274131274,-0.220670391061,-0.0555555555556,/workspace/exp/natural_qd_push/p3c_bd_sweep_20260704_093150_UTC/live/shape_density_3d/seed_1002/openai_gpt-oss-120b/RTLLM/Prob023_up_down_counter/Gen3/Prob023_up_down_counter_sample5_M-R,
shape_density_3d,RTLLM,Prob023_up_down_counter,sequential,3,b9dea70b-3b66-49d3-be51-ed855760f3b4,C-F,generation_log,-0.048317271781,-0.048317271781,225,0.0437,0.57,259,0.0358,0.54,0.131274131274,-0.220670391061,-0.0555555555556,/workspace/exp/natural_qd_push/p3c_bd_sweep_20260704_093150_UTC/live/shape_density_3d/seed_1002/openai_gpt-oss-120b/RTLLM/Prob023_up_down_counter/Gen3/Prob023_up_down_counter_sample6_C-F,
shape_density_3d,RTLLM,Prob023_up_down_counter,sequential,3,27d04d30-f810-426f-852d-cdc0bac7bc58,C-F,generation_log,-0.048317271781,-0.048317271781,225,0.0437,0.57,259,0.0358,0.54,0.131274131274,-0.220670391061,-0.0555555555556,/workspace/exp/natural_qd_push/p3c_bd_sweep_20260704_093150_UTC/live/shape_density_3d/seed_1002/openai_gpt-oss-120b/RTLLM/Prob023_up_down_counter/Gen3/Prob023_up_down_counter_sample8_C-F,
shape_density_3d,RTLLM,Prob023_up_down_counter,sequential,4,2ea99bf6-4624-4535-8e86-28232e41333f,M-T,generation_log,-0.048317271781,-0.048317271781,225,0.0437,0.57,259,0.0358,0.54,0.131274131274,-0.220670391061,-0.0555555555556,/workspace/exp/natural_qd_push/p3c_bd_sweep_20260704_093150_UTC/live/shape_density_3d/seed_1002/openai_gpt-oss-120b/RTLLM/Prob023_up_down_counter/Gen4/Prob023_up_down_counter_sample2_M-T,
shape_density_3d,RTLLM,Prob023_up_down_counter,sequential,4,49b6f3c1-ece7-40f5-b3c9-de2a2ffb3203,M-S,generation_log,-0.048317271781,-0.048317271781,225,0.0437,0.57,259,0.0358,0.54,0.131274131274,-0.220670391061,-0.0555555555556,/workspace/exp/natural_qd_push/p3c_bd_sweep_20260704_093150_UTC/live/shape_density_3d/seed_1002/openai_gpt-oss-120b/RTLLM/Prob023_up_down_counter/Gen4/Prob023_up_down_counter_sample5_M-S,
shape_density_3d,RTLLM,Prob023_up_down_counter,sequential,4,94ac1e0f-e734-4427-8668-f81467947e2c,C-F,generation_log,-0.048317271781,-0.048317271781,225,0.0437,0.57,259,0.0358,0.54,0.131274131274,-0.220670391061,-0.0555555555556,/workspace/exp/natural_qd_push/p3c_bd_sweep_20260704_093150_UTC/live/shape_density_3d/seed_1002/openai_gpt-oss-120b/RTLLM/Prob023_up_down_counter/Gen4/Prob023_up_down_counter_sample7_C-F,
shape_density_3d,RTLLM,Prob023_up_down_counter,sequential,4,79b1b8e0-e8df-42e9-8efe-082bace7f38a,C-F,generation_log,-0.048317271781,-0.048317271781,225,0.0437,0.57,259,0.0358,0.54,0.131274131274,-0.220670391061,-0.0555555555556,/workspace/exp/natural_qd_push/p3c_bd_sweep_20260704_093150_UTC/live/shape_density_3d/seed_1002/openai_gpt-oss-120b/RTLLM/Prob023_up_down_counter/Gen4/Prob023_up_down_counter_sample8_C-F,
shape_density_3d,RTLLM,Prob023_up_down_counter,sequential,5,2bda41d2-1623-468a-8193-bcfcbc649e30,M-T,generation_log,0.0336459098098,0.0336459098098,207,0.0407,0.52,259,0.0358,0.54,0.200772200772,-0.13687150838,0.037037037037,/workspace/exp/natural_qd_push/p3c_bd_sweep_20260704_093150_UTC/live/shape_density_3d/seed_1002/openai_gpt-oss-120b/RTLLM/Prob023_up_down_counter/Gen5/Prob023_up_down_counter_sample1_M-T,
shape_density_3d,RTLLM,Prob023_up_down_counter,sequential,5,5aca60a0-8edd-4a6d-ae50-67462aa79e93,M-E,generation_log,-0.048317271781,-0.048317271781,225,0.0437,0.57,259,0.0358,0.54,0.131274131274,-0.220670391061,-0.0555555555556,/workspace/exp/natural_qd_push/p3c_bd_sweep_20260704_093150_UTC/live/shape_density_3d/seed_1002/openai_gpt-oss-120b/RTLLM/Prob023_up_down_counter/Gen5/Prob023_up_down_counter_sample2_M-E,
shape_density_3d,RTLLM,Prob023_up_down_counter,sequential,5,f4f50f40-6c46-45e0-941c-ab3ac5bd4e5c,C-F,generation_log,-0.048317271781,-0.048317271781,225,0.0437,0.57,259,0.0358,0.54,0.131274131274,-0.220670391061,-0.0555555555556,/workspace/exp/natural_qd_push/p3c_bd_sweep_20260704_093150_UTC/live/shape_density_3d/seed_1002/openai_gpt-oss-120b/RTLLM/Prob023_up_down_counter/Gen5/Prob023_up_down_counter_sample4_C-F,
shape_density_3d,RTLLM,Prob023_up_down_counter,sequential,5,5e5c94d0-93ed-49ee-b0e5-f7e3b47cfa49,M-I,generation_log,-0.048317271781,-0.048317271781,225,0.0437,0.57,259,0.0358,0.54,0.131274131274,-0.220670391061,-0.0555555555556,/workspace/exp/natural_qd_push/p3c_bd_sweep_20260704_093150_UTC/live/shape_density_3d/seed_1002/openai_gpt-oss-120b/RTLLM/Prob023_up_down_counter/Gen5/Prob023_up_down_counter_sample7_M-I,
shape_density_3d,RTLLM,Prob023_up_down_counter,sequential,5,98c21487-0c57-499c-acc3-ce9fa032f27e,C-F,generation_log,-0.048317271781,-0.048317271781,225,0.0437,0.57,259,0.0358,0.54,0.131274131274,-0.220670391061,-0.0555555555556,/workspace/exp/natural_qd_push/p3c_bd_sweep_20260704_093150_UTC/live/shape_density_3d/seed_1002/openai_gpt-oss-120b/RTLLM/Prob023_up_down_counter/Gen5/Prob023_up_down_counter_sample8_C-F,
shape_density_3d,RTLLM,Prob024_fsm,combinational,0,7369a18a-e315-4e84-81be-602e513911f5,initial,generation_log,0.470070899802,0.330106349703,29,0.00493,0.25,46,0.00695,0,0.369565217391,0.290647482014,-250000000000,/workspace/exp/natural_qd_push/p3c_bd_sweep_20260704_093150_UTC/live/shape_density_3d/seed_1002/openai_gpt-oss-120b/RTLLM/Prob024_fsm/Gen0/Prob024_fsm_sample4_initial,
shape_density_3d,RTLLM,Prob024_fsm,combinational,1,17e9f766-80e8-4678-9d2a-ae55b36ee12d,M-F,generation_log,0.470070899802,0.330106349703,29,0.00493,0.25,46,0.00695,0,0.369565217391,0.290647482014,-250000000000,/workspace/exp/natural_qd_push/p3c_bd_sweep_20260704_093150_UTC/live/shape_density_3d/seed_1002/openai_gpt-oss-120b/RTLLM/Prob024_fsm/Gen1/Prob024_fsm_sample2_M-F,
shape_density_3d,RTLLM,Prob024_fsm,combinational,3,5fbfa5a0-214b-4aeb-8016-ed3a2b457c10,M-F,generation_log,0.469591283495,0.329386925242,29,0.00494,0.25,46,0.00695,0,0.369565217391,0.289208633094,-250000000000,/workspace/exp/natural_qd_push/p3c_bd_sweep_20260704_093150_UTC/live/shape_density_3d/seed_1002/openai_gpt-oss-120b/RTLLM/Prob024_fsm/Gen3/Prob024_fsm_sample3_M-F,
shape_density_3d,RTLLM,Prob024_fsm,combinational,4,e03dccbe-6260-4be3-84fa-a4c0a86c96df,M-F,generation_log,0.469591283495,0.329386925242,29,0.00494,0.25,46,0.00695,0,0.369565217391,0.289208633094,-250000000000,/workspace/exp/natural_qd_push/p3c_bd_sweep_20260704_093150_UTC/live/shape_density_3d/seed_1002/openai_gpt-oss-120b/RTLLM/Prob024_fsm/Gen4/Prob024_fsm_sample1_M-F,
shape_density_3d,RTLLM,Prob024_fsm,combinational,4,4d2028c9-cd39-464e-89f2-fe8d9b47c2ba,M-E,generation_log,0.148762381399,-0.146856427901,38,0.0102,0.26,46,0.00695,0,0.173913043478,-0.467625899281,-260000000000,/workspace/exp/natural_qd_push/p3c_bd_sweep_20260704_093150_UTC/live/shape_density_3d/seed_1002/openai_gpt-oss-120b/RTLLM/Prob024_fsm/Gen4/Prob024_fsm_sample2_M-E,
shape_density_3d,RTLLM,Prob024_fsm,combinational,4,97af4eb8-b686-496e-9685-32d37c0ff96a,M-F,generation_log,0.469591283495,0.329386925242,29,0.00494,0.25,46,0.00695,0,0.369565217391,0.289208633094,-250000000000,/workspace/exp/natural_qd_push/p3c_bd_sweep_20260704_093150_UTC/live/shape_density_3d/seed_1002/openai_gpt-oss-120b/RTLLM/Prob024_fsm/Gen4/Prob024_fsm_sample4_M-F,
shape_density_3d,RTLLM,Prob024_fsm,combinational,4,4b0e9874-14bd-45b5-94e9-7690cc5e9de3,M-S,generation_log,0.469591283495,0.329386925242,29,0.00494,0.25,46,0.00695,0,0.369565217391,0.289208633094,-250000000000,/workspace/exp/natural_qd_push/p3c_bd_sweep_20260704_093150_UTC/live/shape_density_3d/seed_1002/openai_gpt-oss-120b/RTLLM/Prob024_fsm/Gen4/Prob024_fsm_sample8_M-S,
shape_density_3d,RTLLM,Prob024_fsm,combinational,5,e14d7a61-d0a1-4b33-b099-cd5acdef2962,M-E,generation_log,0.469591283495,0.329386925242,29,0.00494,0.25,46,0.00695,0,0.369565217391,0.289208633094,-250000000000,/workspace/exp/natural_qd_push/p3c_bd_sweep_20260704_093150_UTC/live/shape_density_3d/seed_1002/openai_gpt-oss-120b/RTLLM/Prob024_fsm/Gen5/Prob024_fsm_sample1_M-E,
shape_density_3d,RTLLM,Prob024_fsm,combinational,5,1d06e3a4-4ad6-4bf3-8906-98c78cc32ba8,M-F,generation_log,0.469591283495,0.329386925242,29,0.00494,0.25,46,0.00695,0,0.369565217391,0.289208633094,-250000000000,/workspace/exp/natural_qd_push/p3c_bd_sweep_20260704_093150_UTC/live/shape_density_3d/seed_1002/openai_gpt-oss-120b/RTLLM/Prob024_fsm/Gen5/Prob024_fsm_sample4_M-F,
shape_density_3d,RTLLM,Prob024_fsm,combinational,5,86111e3b-36d8-4ba4-a7c4-7d3cac4d4902,M-R,generation_log,0.483466791784,0.330200187676,37,0.00372,0.21,46,0.00695,0,0.195652173913,0.464748201439,-210000000000,/workspace/exp/natural_qd_push/p3c_bd_sweep_20260704_093150_UTC/live/shape_density_3d/seed_1002/openai_gpt-oss-120b/RTLLM/Prob024_fsm/Gen5/Prob024_fsm_sample7_M-R,
shape_density_3d,RTLLM,Prob025_sequence_detector,sequential,1,7d3158df-c1f0-48fe-a4b0-58ed8ad9e705,M-F,generation_log,-0.0537619822753,-0.0537619822753,28,0.00471,0.23,38,0.00388,0.19,0.263157894737,-0.213917525773,-0.210526315789,/workspace/exp/natural_qd_push/p3c_bd_sweep_20260704_093150_UTC/live/shape_density_3d/seed_1002/openai_gpt-oss-120b/RTLLM/Prob025_sequence_detector/Gen1/Prob025_sequence_detector_sample3_M-F,
shape_density_3d,RTLLM,Prob025_sequence_detector,sequential,3,fea893a3-9001-4d8c-93bf-59024e673e33,M-F,generation_log,-0.293000542594,-0.293000542594,31,0.00678,0.25,38,0.00388,0.19,0.184210526316,-0.747422680412,-0.315789473684,/workspace/exp/natural_qd_push/p3c_bd_sweep_20260704_093150_UTC/live/shape_density_3d/seed_1002/openai_gpt-oss-120b/RTLLM/Prob025_sequence_detector/Gen3/Prob025_sequence_detector_sample2_M-F,
shape_density_3d,RTLLM,Prob025_sequence_detector,sequential,3,c18fd837-d22f-42fe-9b2c-cc4ae5e50f4d,M-F,generation_log,-0.0537619822753,-0.0537619822753,28,0.00471,0.23,38,0.00388,0.19,0.263157894737,-0.213917525773,-0.210526315789,/workspace/exp/natural_qd_push/p3c_bd_sweep_20260704_093150_UTC/live/shape_density_3d/seed_1002/openai_gpt-oss-120b/RTLLM/Prob025_sequence_detector/Gen3/Prob025_sequence_detector_sample4_M-F,
shape_density_3d,RTLLM,Prob025_sequence_detector,sequential,3,3031b116-dd3b-4e4b-97fb-224c8f74d133,M-I,generation_log,0.0362633387593,0.0362633387593,33,0.00356,0.21,38,0.00388,0.19,0.131578947368,0.0824742268041,-0.105263157895,/workspace/exp/natural_qd_push/p3c_bd_sweep_20260704_093150_UTC/live/shape_density_3d/seed_1002/openai_gpt-oss-120b/RTLLM/Prob025_sequence_detector/Gen3/Prob025_sequence_detector_sample5_M-I,
shape_density_3d,RTLLM,Prob025_sequence_detector,sequential,4,bcb8d2ee-a663-4bba-89c4-1b3b9c36fda9,M-F,generation_log,0.198905769579,0.198905769579,26,0.00279,0.19,38,0.00388,0.19,0.315789473684,0.280927835052,0,/workspace/exp/natural_qd_push/p3c_bd_sweep_20260704_093150_UTC/live/shape_density_3d/seed_1002/openai_gpt-oss-120b/RTLLM/Prob025_sequence_detector/Gen4/Prob025_sequence_detector_sample2_M-F,
shape_density_3d,RTLLM,Prob025_sequence_detector,sequential,4,d2ff9134-6ac0-4bcf-94fd-a300f7cb9616,M-R,generation_log,-0.12362090794,-0.12362090794,41,0.0044,0.22,38,0.00388,0.19,-0.0789473684211,-0.134020618557,-0.157894736842,/workspace/exp/natural_qd_push/p3c_bd_sweep_20260704_093150_UTC/live/shape_density_3d/seed_1002/openai_gpt-oss-120b/RTLLM/Prob025_sequence_detector/Gen4/Prob025_sequence_detector_sample7_M-R,
shape_density_3d,RTLLM,Prob025_sequence_detector,sequential,5,fd19854b-eb59-4630-946b-4f098e299697,M-F,generation_log,-0.293000542594,-0.293000542594,31,0.00678,0.25,38,0.00388,0.19,0.184210526316,-0.747422680412,-0.315789473684,/workspace/exp/natural_qd_push/p3c_bd_sweep_20260704_093150_UTC/live/shape_density_3d/seed_1002/openai_gpt-oss-120b/RTLLM/Prob025_sequence_detector/Gen5/Prob025_sequence_detector_sample1_M-F,
shape_density_3d,RTLLM,Prob025_sequence_detector,sequential,5,48b32816-b9dd-4007-b7b1-b741c9c02e81,M-F,generation_log,0.198905769579,0.198905769579,26,0.00279,0.19,38,0.00388,0.19,0.315789473684,0.280927835052,0,/workspace/exp/natural_qd_push/p3c_bd_sweep_20260704_093150_UTC/live/shape_density_3d/seed_1002/openai_gpt-oss-120b/RTLLM/Prob025_sequence_detector/Gen5/Prob025_sequence_detector_sample3_M-F,
shape_density_3d,RTLLM,Prob025_sequence_detector,sequential,5,93f0082c-06c2-49b8-9df1-5b2262450544,M-F,generation_log,-0.0537619822753,-0.0537619822753,28,0.00471,0.23,38,0.00388,0.19,0.263157894737,-0.213917525773,-0.210526315789,/workspace/exp/natural_qd_push/p3c_bd_sweep_20260704_093150_UTC/live/shape_density_3d/seed_1002/openai_gpt-oss-120b/RTLLM/Prob025_sequence_detector/Gen5/Prob025_sequence_detector_sample4_M-F,
shape_density_3d,RTLLM,Prob025_sequence_detector,sequential,5,c9fc5b0e-43ab-4104-9fce-54e1a1cb6e36,M-R,generation_log,-0.0537619822753,-0.0537619822753,28,0.00471,0.23,38,0.00388,0.19,0.263157894737,-0.213917525773,-0.210526315789,/workspace/exp/natural_qd_push/p3c_bd_sweep_20260704_093150_UTC/live/shape_density_3d/seed_1002/openai_gpt-oss-120b/RTLLM/Prob025_sequence_detector/Gen5/Prob025_sequence_detector_sample5_M-R,
shape_density_3d,RTLLM,Prob027_LIFObuffer,sequential,0,f0d4d67d-6f99-4127-a4cf-ec9e8455162b,initial,generation_log,0.121865601683,0.121865601683,245,0.032,0.41,299,0.0419,0.39,0.180602006689,0.236276849642,-0.0512820512821,/workspace/exp/natural_qd_push/p3c_bd_sweep_20260704_093150_UTC/live/shape_density_3d/seed_1002/openai_gpt-oss-120b/RTLLM/Prob027_LIFObuffer/Gen0/Prob027_LIFObuffer_sample1_initial,
shape_density_3d,RTLLM,Prob027_LIFObuffer,sequential,0,22d2cf76-2c4f-49b0-a45a-4a8cbf33a83c,initial,generation_log,0.104886880958,0.104886880958,244,0.0332,0.42,299,0.0419,0.39,0.183946488294,0.207637231504,-0.0769230769231,/workspace/exp/natural_qd_push/p3c_bd_sweep_20260704_093150_UTC/live/shape_density_3d/seed_1002/openai_gpt-oss-120b/RTLLM/Prob027_LIFObuffer/Gen0/Prob027_LIFObuffer_sample2_initial,
shape_density_3d,RTLLM,Prob027_LIFObuffer,sequential,0,7f5aae41-9465-4d7e-b3a5-c4f706bfb35c,initial,generation_log,0.121865601683,0.121865601683,245,0.032,0.41,299,0.0419,0.39,0.180602006689,0.236276849642,-0.0512820512821,/workspace/exp/natural_qd_push/p3c_bd_sweep_20260704_093150_UTC/live/shape_density_3d/seed_1002/openai_gpt-oss-120b/RTLLM/Prob027_LIFObuffer/Gen0/Prob027_LIFObuffer_sample4_initial,
shape_density_3d,RTLLM,Prob027_LIFObuffer,sequential,0,7078b4c8-865f-4f28-9680-425a232f4167,initial,generation_log,0.0621784450777,0.0621784450777,265,0.0367,0.41,299,0.0419,0.39,0.113712374582,0.124105011933,-0.0512820512821,/workspace/exp/natural_qd_push/p3c_bd_sweep_20260704_093150_UTC/live/shape_density_3d/seed_1002/openai_gpt-oss-120b/RTLLM/Prob027_LIFObuffer/Gen0/Prob027_LIFObuffer_sample5_initial,
shape_density_3d,RTLLM,Prob027_LIFObuffer,sequential,0,46f39ed6-84a1-43d8-9d43-380cb73b95d8,initial,generation_log,0.121865601683,0.121865601683,245,0.032,0.41,299,0.0419,0.39,0.180602006689,0.236276849642,-0.0512820512821,/workspace/exp/natural_qd_push/p3c_bd_sweep_20260704_093150_UTC/live/shape_density_3d/seed_1002/openai_gpt-oss-120b/RTLLM/Prob027_LIFObuffer/Gen0/Prob027_LIFObuffer_sample7_initial,
shape_density_3d,RTLLM,Prob027_LIFObuffer,sequential,0,0eaa3257-a6b2-4c2f-83d8-886602a1bc38,initial,generation_log,0.0621784450777,0.0621784450777,265,0.0367,0.41,299,0.0419,0.39,0.113712374582,0.124105011933,-0.0512820512821,/workspace/exp/natural_qd_push/p3c_bd_sweep_20260704_093150_UTC/live/shape_density_3d/seed_1002/openai_gpt-oss-120b/RTLLM/Prob027_LIFObuffer/Gen0/Prob027_LIFObuffer_sample8_initial,
shape_density_3d,RTLLM,Prob027_LIFObuffer,sequential,1,c717de31-b840-4bf3-a87d-ebe3e5d5f771,M-F,generation_log,0.134358406746,0.134358406746,252,0.0273,0.43,299,0.0419,0.39,0.157190635452,0.348448687351,-0.102564102564,/workspace/exp/natural_qd_push/p3c_bd_sweep_20260704_093150_UTC/live/shape_density_3d/seed_1002/openai_gpt-oss-120b/RTLLM/Prob027_LIFObuffer/Gen1/Prob027_LIFObuffer_sample2_M-F,
shape_density_3d,RTLLM,Prob027_LIFObuffer,sequential,1,99607335-3259-4ff5-b5c6-da71c5c5d438,M-R,generation_log,0.0621784450777,0.0621784450777,265,0.0367,0.41,299,0.0419,0.39,0.113712374582,0.124105011933,-0.0512820512821,/workspace/exp/natural_qd_push/p3c_bd_sweep_20260704_093150_UTC/live/shape_density_3d/seed_1002/openai_gpt-oss-120b/RTLLM/Prob027_LIFObuffer/Gen1/Prob027_LIFObuffer_sample5_M-R,
shape_density_3d,RTLLM,Prob027_LIFObuffer,sequential,1,d4fc28f9-84bf-4587-b9e2-a76d7d0e5a5c,M-R,generation_log,0.0162292943241,0.0162292943241,249,0.0329,0.52,299,0.0419,0.39,0.167224080268,0.214797136038,-0.333333333333,/workspace/exp/natural_qd_push/p3c_bd_sweep_20260704_093150_UTC/live/shape_density_3d/seed_1002/openai_gpt-oss-120b/RTLLM/Prob027_LIFObuffer/Gen1/Prob027_LIFObuffer_sample7_M-R,
shape_density_3d,RTLLM,Prob027_LIFObuffer,sequential,2,bdf08e7c-3799-45fe-9d43-f5bfb1afa9fd,initial,generation_log,0.121865601683,0.121865601683,245,0.032,0.41,299,0.0419,0.39,0.180602006689,0.236276849642,-0.0512820512821,/workspace/exp/natural_qd_push/p3c_bd_sweep_20260704_093150_UTC/live/shape_density_3d/seed_1002/openai_gpt-oss-120b/RTLLM/Prob027_LIFObuffer/Gen2/Prob027_LIFObuffer_sample1_initial,
shape_density_3d,RTLLM,Prob027_LIFObuffer,sequential,2,699a5303-9469-4680-8510-8921c4b4a3b6,M-F,generation_log,0.159077948328,0.159077948328,263,0.0248,0.41,299,0.0419,0.39,0.120401337793,0.408114558473,-0.0512820512821,/workspace/exp/natural_qd_push/p3c_bd_sweep_20260704_093150_UTC/live/shape_density_3d/seed_1002/openai_gpt-oss-120b/RTLLM/Prob027_LIFObuffer/Gen2/Prob027_LIFObuffer_sample1_M-F,
shape_density_3d,RTLLM,Prob027_LIFObuffer,sequential,2,201b6e41-809e-43ea-87ea-f0332747d7e6,M-E,generation_log,0.198850761266,0.198850761266,248,0.0262,0.37,299,0.0419,0.39,0.170568561873,0.374701670644,0.0512820512821,/workspace/exp/natural_qd_push/p3c_bd_sweep_20260704_093150_UTC/live/shape_density_3d/seed_1002/openai_gpt-oss-120b/RTLLM/Prob027_LIFObuffer/Gen2/Prob027_LIFObuffer_sample4_M-E,
shape_density_3d,RTLLM,Prob027_LIFObuffer,sequential,2,193b9088-e551-4361-a69f-e1c548a35a41,C-D,generation_log,0.134358406746,0.134358406746,252,0.0273,0.43,299,0.0419,0.39,0.157190635452,0.348448687351,-0.102564102564,/workspace/exp/natural_qd_push/p3c_bd_sweep_20260704_093150_UTC/live/shape_density_3d/seed_1002/openai_gpt-oss-120b/RTLLM/Prob027_LIFObuffer/Gen2/Prob027_LIFObuffer_sample5_C-D,
shape_density_3d,RTLLM,Prob027_LIFObuffer,sequential,2,f2222763-e6f9-4819-8374-88fc6c287a58,C-D,generation_log,0.13127555921,0.13127555921,243,0.0268,0.45,299,0.0419,0.39,0.1872909699,0.360381861575,-0.153846153846,/workspace/exp/natural_qd_push/p3c_bd_sweep_20260704_093150_UTC/live/shape_density_3d/seed_1002/openai_gpt-oss-120b/RTLLM/Prob027_LIFObuffer/Gen2/Prob027_LIFObuffer_sample6_C-D,
shape_density_3d,RTLLM,Prob027_LIFObuffer,sequential,2,bc2f8f50-6d78-4e2a-be96-28b8a2d0b0fa,C-D,generation_log,0.0890229874354,0.0890229874354,242,0.0344,0.43,299,0.0419,0.39,0.190635451505,0.178997613365,-0.102564102564,/workspace/exp/natural_qd_push/p3c_bd_sweep_20260704_093150_UTC/live/shape_density_3d/seed_1002/openai_gpt-oss-120b/RTLLM/Prob027_LIFObuffer/Gen2/Prob027_LIFObuffer_sample7_C-D,
shape_density_3d,RTLLM,Prob027_LIFObuffer,sequential,3,49ec2b59-c5ea-4715-82b3-607b381e5fac,initial,generation_log,0.0833645963873,0.0833645963873,238,0.0303,0.48,299,0.0419,0.39,0.204013377926,0.276849642005,-0.230769230769,/workspace/exp/natural_qd_push/p3c_bd_sweep_20260704_093150_UTC/live/shape_density_3d/seed_1002/openai_gpt-oss-120b/RTLLM/Prob027_LIFObuffer/Gen3/Prob027_LIFObuffer_sample1_initial,
shape_density_3d,RTLLM,Prob027_LIFObuffer,sequential,3,fd8e3a22-49c7-43c4-8817-03142dcd0f45,initial,generation_log,0.0621784450777,0.0621784450777,265,0.0367,0.41,299,0.0419,0.39,0.113712374582,0.124105011933,-0.0512820512821,/workspace/exp/natural_qd_push/p3c_bd_sweep_20260704_093150_UTC/live/shape_density_3d/seed_1002/openai_gpt-oss-120b/RTLLM/Prob027_LIFObuffer/Gen3/Prob027_LIFObuffer_sample2_initial,
shape_density_3d,RTLLM,Prob027_LIFObuffer,sequential,3,3131914d-60fc-4c4b-834d-cb3ab0f0b70a,M-E,generation_log,0.134358406746,0.134358406746,252,0.0273,0.43,299,0.0419,0.39,0.157190635452,0.348448687351,-0.102564102564,/workspace/exp/natural_qd_push/p3c_bd_sweep_20260704_093150_UTC/live/shape_density_3d/seed_1002/openai_gpt-oss-120b/RTLLM/Prob027_LIFObuffer/Gen3/Prob027_LIFObuffer_sample1_M-E,
shape_density_3d,RTLLM,Prob027_LIFObuffer,sequential,3,bca6f87f-1a98-4436-a534-557437fa1942,M-F,generation_log,0.134358406746,0.134358406746,252,0.0273,0.43,299,0.0419,0.39,0.157190635452,0.348448687351,-0.102564102564,/workspace/exp/natural_qd_push/p3c_bd_sweep_20260704_093150_UTC/live/shape_density_3d/seed_1002/openai_gpt-oss-120b/RTLLM/Prob027_LIFObuffer/Gen3/Prob027_LIFObuffer_sample2_M-F,
shape_density_3d,RTLLM,Prob027_LIFObuffer,sequential,3,22b4d3d1-d048-48f0-9781-b93548a248cc,C-D,generation_log,0.114244511671,0.114244511671,249,0.0281,0.45,299,0.0419,0.39,0.167224080268,0.329355608592,-0.153846153846,/workspace/exp/natural_qd_push/p3c_bd_sweep_20260704_093150_UTC/live/shape_density_3d/seed_1002/openai_gpt-oss-120b/RTLLM/Prob027_LIFObuffer/Gen3/Prob027_LIFObuffer_sample4_C-D,
shape_density_3d,RTLLM,Prob027_LIFObuffer,sequential,3,b79cf433-6a04-411f-b399-96e23cd51491,M-E,generation_log,0.137269196624,0.137269196624,254,0.0331,0.37,299,0.0419,0.39,0.150501672241,0.210023866348,0.0512820512821,/workspace/exp/natural_qd_push/p3c_bd_sweep_20260704_093150_UTC/live/shape_density_3d/seed_1002/openai_gpt-oss-120b/RTLLM/Prob027_LIFObuffer/Gen3/Prob027_LIFObuffer_sample5_M-E,
shape_density_3d,RTLLM,Prob027_LIFObuffer,sequential,3,f806d245-4144-4a83-90a0-9536045347dd,C-D,generation_log,0.151165069812,0.151165069812,269,0.0314,0.35,299,0.0419,0.39,0.100334448161,0.250596658711,0.102564102564,/workspace/exp/natural_qd_push/p3c_bd_sweep_20260704_093150_UTC/live/shape_density_3d/seed_1002/openai_gpt-oss-120b/RTLLM/Prob027_LIFObuffer/Gen3/Prob027_LIFObuffer_sample6_C-D,
shape_density_3d,RTLLM,Prob027_LIFObuffer,sequential,4,f504166f-ee98-4e7e-8c6e-2e4659d5dedb,initial,generation_log,0.121865601683,0.121865601683,245,0.032,0.41,299,0.0419,0.39,0.180602006689,0.236276849642,-0.0512820512821,/workspace/exp/natural_qd_push/p3c_bd_sweep_20260704_093150_UTC/live/shape_density_3d/seed_1002/openai_gpt-oss-120b/RTLLM/Prob027_LIFObuffer/Gen4/Prob027_LIFObuffer_sample2_initial,
shape_density_3d,RTLLM,Prob027_LIFObuffer,sequential,4,132a6dcc-2a0b-40f6-9f6c-780825f63a33,M-F,generation_log,0.13658806115,0.13658806115,273,0.0273,0.4,299,0.0419,0.39,0.0869565217391,0.348448687351,-0.025641025641,/workspace/exp/natural_qd_push/p3c_bd_sweep_20260704_093150_UTC/live/shape_density_3d/seed_1002/openai_gpt-oss-120b/RTLLM/Prob027_LIFObuffer/Gen4/Prob027_LIFObuffer_sample1_M-F,
shape_density_3d,RTLLM,Prob027_LIFObuffer,sequential,4,662b9dc7-3e11-4380-a2db-61db990b76df,M-E,generation_log,0.0141229183462,0.0141229183462,231,0.0561,0.33,299,0.0419,0.39,0.227424749164,-0.338902147971,0.153846153846,/workspace/exp/natural_qd_push/p3c_bd_sweep_20260704_093150_UTC/live/shape_density_3d/seed_1002/openai_gpt-oss-120b/RTLLM/Prob027_LIFObuffer/Gen4/Prob027_LIFObuffer_sample2_M-E,
shape_density_3d,RTLLM,Prob027_LIFObuffer,sequential,4,3421ac15-fe61-42da-9c67-2005e8aef091,M-E,generation_log,0.0849867276141,0.0849867276141,274,0.0272,0.46,299,0.0419,0.39,0.0836120401338,0.350835322196,-0.179487179487,/workspace/exp/natural_qd_push/p3c_bd_sweep_20260704_093150_UTC/live/shape_density_3d/seed_1002/openai_gpt-oss-120b/RTLLM/Prob027_LIFObuffer/Gen4/Prob027_LIFObuffer_sample3_M-E,
shape_density_3d,RTLLM,Prob027_LIFObuffer,sequential,4,65886f03-4149-4cb0-8f29-ad72113f81bf,C-D,generation_log,0.153593388729,0.153593388729,249,0.0296,0.39,299,0.0419,0.39,0.167224080268,0.293556085919,0,/workspace/exp/natural_qd_push/p3c_bd_sweep_20260704_093150_UTC/live/shape_density_3d/seed_1002/openai_gpt-oss-120b/RTLLM/Prob027_LIFObuffer/Gen4/Prob027_LIFObuffer_sample4_C-D,
shape_density_3d,RTLLM,Prob027_LIFObuffer,sequential,5,94688573-5e6f-4771-aede-f9f27239780d,initial,generation_log,0.104886880958,0.104886880958,244,0.0332,0.42,299,0.0419,0.39,0.183946488294,0.207637231504,-0.0769230769231,/workspace/exp/natural_qd_push/p3c_bd_sweep_20260704_093150_UTC/live/shape_density_3d/seed_1002/openai_gpt-oss-120b/RTLLM/Prob027_LIFObuffer/Gen5/Prob027_LIFObuffer_sample1_initial,
shape_density_3d,RTLLM,Prob027_LIFObuffer,sequential,5,86ec7126-70e1-48dd-93b6-9ca531513d18,initial,generation_log,0.0621784450777,0.0621784450777,265,0.0367,0.41,299,0.0419,0.39,0.113712374582,0.124105011933,-0.0512820512821,/workspace/exp/natural_qd_push/p3c_bd_sweep_20260704_093150_UTC/live/shape_density_3d/seed_1002/openai_gpt-oss-120b/RTLLM/Prob027_LIFObuffer/Gen5/Prob027_LIFObuffer_sample2_initial,
shape_density_3d,RTLLM,Prob027_LIFObuffer,sequential,5,502e6c64-98cb-4443-9eeb-704450401a3e,M-E,generation_log,-0.0604099761514,-0.0604099761514,243,0.0423,0.53,299,0.0419,0.39,0.1872909699,-0.00954653937947,-0.358974358974,/workspace/exp/natural_qd_push/p3c_bd_sweep_20260704_093150_UTC/live/shape_density_3d/seed_1002/openai_gpt-oss-120b/RTLLM/Prob027_LIFObuffer/Gen5/Prob027_LIFObuffer_sample1_M-E,
shape_density_3d,RTLLM,Prob027_LIFObuffer,sequential,5,26d5669e-b1b6-4d1a-82a6-ce86d1007897,M-E,generation_log,-0.0087731668099,-0.0087731668099,247,0.0331,0.55,299,0.0419,0.39,0.173913043478,0.210023866348,-0.410256410256,/workspace/exp/natural_qd_push/p3c_bd_sweep_20260704_093150_UTC/live/shape_density_3d/seed_1002/openai_gpt-oss-120b/RTLLM/Prob027_LIFObuffer/Gen5/Prob027_LIFObuffer_sample4_M-E,
shape_density_3d,RTLLM,Prob027_LIFObuffer,sequential,5,d76e2c7c-e66f-4c4a-ab0c-6ce13a17cdf8,M-E,generation_log,0.10543143458,0.10543143458,269,0.035,0.37,299,0.0419,0.39,0.100334448161,0.164677804296,0.0512820512821,/workspace/exp/natural_qd_push/p3c_bd_sweep_20260704_093150_UTC/live/shape_density_3d/seed_1002/openai_gpt-oss-120b/RTLLM/Prob027_LIFObuffer/Gen5/Prob027_LIFObuffer_sample5_M-E,
shape_density_3d,RTLLM,Prob027_LIFObuffer,sequential,5,cdad61bd-8b58-4d68-8e00-d4ae031f517d,C-D,generation_log,0.17135701166,0.17135701166,237,0.0269,0.41,299,0.0419,0.39,0.207357859532,0.35799522673,-0.0512820512821,/workspace/exp/natural_qd_push/p3c_bd_sweep_20260704_093150_UTC/live/shape_density_3d/seed_1002/openai_gpt-oss-120b/RTLLM/Prob027_LIFObuffer/Gen5/Prob027_LIFObuffer_sample6_C-D,
shape_density_3d,RTLLM,Prob029_barrel_shifter,combinational,2,e7bf2b2d-3cac-4b82-aef3-9c6f78bcd9db,M-E,generation_log,0.341185610898,0.511778416347,56,2.95e-05,0,58,0.0027,0,0.0344827586207,0.989074074074,0,/workspace/exp/natural_qd_push/p3c_bd_sweep_20260704_093150_UTC/live/shape_density_3d/seed_1002/openai_gpt-oss-120b/RTLLM/Prob029_barrel_shifter/Gen2/Prob029_barrel_shifter_sample1_M-E,
shape_density_3d,RTLLM,Prob029_barrel_shifter,combinational,3,7b10606b-023e-45e0-bab4-3ff074c3230e,M-R,generation_log,0.341185610898,0.511778416347,56,2.95e-05,0,58,0.0027,0,0.0344827586207,0.989074074074,0,/workspace/exp/natural_qd_push/p3c_bd_sweep_20260704_093150_UTC/live/shape_density_3d/seed_1002/openai_gpt-oss-120b/RTLLM/Prob029_barrel_shifter/Gen3/Prob029_barrel_shifter_sample5_M-R,
shape_density_3d,RTLLM,Prob029_barrel_shifter,combinational,4,6074da50-e7ef-4708-9318-db53f3bcceb5,M-S,generation_log,0.341185610898,0.511778416347,56,2.95e-05,0,58,0.0027,0,0.0344827586207,0.989074074074,0,/workspace/exp/natural_qd_push/p3c_bd_sweep_20260704_093150_UTC/live/shape_density_3d/seed_1002/openai_gpt-oss-120b/RTLLM/Prob029_barrel_shifter/Gen4/Prob029_barrel_shifter_sample5_M-S,
shape_density_3d,RTLLM,Prob029_barrel_shifter,combinational,5,d4676391-1576-477b-892c-0a7a01cad140,M-S,generation_log,0.341185610898,0.511778416347,56,2.95e-05,0,58,0.0027,0,0.0344827586207,0.989074074074,0,/workspace/exp/natural_qd_push/p3c_bd_sweep_20260704_093150_UTC/live/shape_density_3d/seed_1002/openai_gpt-oss-120b/RTLLM/Prob029_barrel_shifter/Gen5/Prob029_barrel_shifter_sample7_M-S,
shape_density_3d,RTLLM,Prob030_right_shifter,sequential,0,0771a4d3-d262-4c33-a33c-f7b062e4514a,initial,generation_log,-0,0,36,0.00369,0.12,36,0.00369,0.12,0,0,0,/workspace/exp/natural_qd_push/p3c_bd_sweep_20260704_093150_UTC/live/shape_density_3d/seed_1002/openai_gpt-oss-120b/RTLLM/Prob030_right_shifter/Gen0/Prob030_right_shifter_sample1_initial,
shape_density_3d,RTLLM,Prob030_right_shifter,sequential,0,d9e80ec8-b92d-4e2e-8760-ceb0cfa9a95c,initial,generation_log,-0,0,36,0.00369,0.12,36,0.00369,0.12,0,0,0,/workspace/exp/natural_qd_push/p3c_bd_sweep_20260704_093150_UTC/live/shape_density_3d/seed_1002/openai_gpt-oss-120b/RTLLM/Prob030_right_shifter/Gen0/Prob030_right_shifter_sample2_initial,
shape_density_3d,RTLLM,Prob030_right_shifter,sequential,0,fb093fec-1b04-45cb-9913-2d81d92f6215,initial,generation_log,-0,0,36,0.00369,0.12,36,0.00369,0.12,0,0,0,/workspace/exp/natural_qd_push/p3c_bd_sweep_20260704_093150_UTC/live/shape_density_3d/seed_1002/openai_gpt-oss-120b/RTLLM/Prob030_right_shifter/Gen0/Prob030_right_shifter_sample3_initial,
shape_density_3d,RTLLM,Prob030_right_shifter,sequential,0,52877db3-a2f2-41c6-945c-ca391f453861,initial,generation_log,-0,0,36,0.00369,0.12,36,0.00369,0.12,0,0,0,/workspace/exp/natural_qd_push/p3c_bd_sweep_20260704_093150_UTC/live/shape_density_3d/seed_1002/openai_gpt-oss-120b/RTLLM/Prob030_right_shifter/Gen0/Prob030_right_shifter_sample4_initial,
shape_density_3d,RTLLM,Prob030_right_shifter,sequential,0,e9553276-041b-4beb-9d59-8a4589baabde,initial,generation_log,-0,0,36,0.00369,0.12,36,0.00369,0.12,0,0,0,/workspace/exp/natural_qd_push/p3c_bd_sweep_20260704_093150_UTC/live/shape_density_3d/seed_1002/openai_gpt-oss-120b/RTLLM/Prob030_right_shifter/Gen0/Prob030_right_shifter_sample5_initial,
shape_density_3d,RTLLM,Prob030_right_shifter,sequential,0,ab793345-a9d4-405d-915d-b80b9602d6f8,initial,generation_log,-0,0,36,0.00369,0.12,36,0.00369,0.12,0,0,0,/workspace/exp/natural_qd_push/p3c_bd_sweep_20260704_093150_UTC/live/shape_density_3d/seed_1002/openai_gpt-oss-120b/RTLLM/Prob030_right_shifter/Gen0/Prob030_right_shifter_sample6_initial,
shape_density_3d,RTLLM,Prob030_right_shifter,sequential,0,a6cc7c0a-433c-40c2-9b55-a93856668cc5,initial,generation_log,-0,0,36,0.00369,0.12,36,0.00369,0.12,0,0,0,/workspace/exp/natural_qd_push/p3c_bd_sweep_20260704_093150_UTC/live/shape_density_3d/seed_1002/openai_gpt-oss-120b/RTLLM/Prob030_right_shifter/Gen0/Prob030_right_shifter_sample7_initial,
shape_density_3d,RTLLM,Prob030_right_shifter,sequential,0,2e9b4a20-034a-4265-9391-065db4655b4b,initial,generation_log,-0,0,36,0.00369,0.12,36,0.00369,0.12,0,0,0,/workspace/exp/natural_qd_push/p3c_bd_sweep_20260704_093150_UTC/live/shape_density_3d/seed_1002/openai_gpt-oss-120b/RTLLM/Prob030_right_shifter/Gen0/Prob030_right_shifter_sample8_initial,
shape_density_3d,RTLLM,Prob030_right_shifter,sequential,1,7de41187-0249-4590-bf96-bf0c49702808,M-I,generation_log,-0,0,36,0.00369,0.12,36,0.00369,0.12,0,0,0,/workspace/exp/natural_qd_push/p3c_bd_sweep_20260704_093150_UTC/live/shape_density_3d/seed_1002/openai_gpt-oss-120b/RTLLM/Prob030_right_shifter/Gen1/Prob030_right_shifter_sample1_M-I,
shape_density_3d,RTLLM,Prob030_right_shifter,sequential,1,830ce216-3bf5-4a14-b243-8b4c06061953,M-R,generation_log,-0,0,36,0.00369,0.12,36,0.00369,0.12,0,0,0,/workspace/exp/natural_qd_push/p3c_bd_sweep_20260704_093150_UTC/live/shape_density_3d/seed_1002/openai_gpt-oss-120b/RTLLM/Prob030_right_shifter/Gen1/Prob030_right_shifter_sample3_M-R,
shape_density_3d,RTLLM,Prob030_right_shifter,sequential,1,eafb10dd-15ff-4cef-8b62-64c519e8880f,M-I,generation_log,-0,0,36,0.00369,0.12,36,0.00369,0.12,0,0,0,/workspace/exp/natural_qd_push/p3c_bd_sweep_20260704_093150_UTC/live/shape_density_3d/seed_1002/openai_gpt-oss-120b/RTLLM/Prob030_right_shifter/Gen1/Prob030_right_shifter_sample4_M-I,
shape_density_3d,RTLLM,Prob030_right_shifter,sequential,1,efad2602-6db5-4fa2-941e-00c768ae6538,M-I,generation_log,-0,0,36,0.00369,0.12,36,0.00369,0.12,0,0,0,/workspace/exp/natural_qd_push/p3c_bd_sweep_20260704_093150_UTC/live/shape_density_3d/seed_1002/openai_gpt-oss-120b/RTLLM/Prob030_right_shifter/Gen1/Prob030_right_shifter_sample5_M-I,
shape_density_3d,RTLLM,Prob030_right_shifter,sequential,1,056fbdd9-77d8-4663-8d78-b7ed2047badb,M-I,generation_log,-0,0,36,0.00369,0.12,36,0.00369,0.12,0,0,0,/workspace/exp/natural_qd_push/p3c_bd_sweep_20260704_093150_UTC/live/shape_density_3d/seed_1002/openai_gpt-oss-120b/RTLLM/Prob030_right_shifter/Gen1/Prob030_right_shifter_sample6_M-I,
shape_density_3d,RTLLM,Prob030_right_shifter,sequential,1,313a1b4e-329a-4269-90a4-b72ab9c60ef9,M-S,generation_log,-0,0,36,0.00369,0.12,36,0.00369,0.12,0,0,0,/workspace/exp/natural_qd_push/p3c_bd_sweep_20260704_093150_UTC/live/shape_density_3d/seed_1002/openai_gpt-oss-120b/RTLLM/Prob030_right_shifter/Gen1/Prob030_right_shifter_sample7_M-S,
shape_density_3d,RTLLM,Prob030_right_shifter,sequential,1,876952bf-6499-4b5d-b413-f1669b9b14f7,M-S,generation_log,-0,0,36,0.00369,0.12,36,0.00369,0.12,0,0,0,/workspace/exp/natural_qd_push/p3c_bd_sweep_20260704_093150_UTC/live/shape_density_3d/seed_1002/openai_gpt-oss-120b/RTLLM/Prob030_right_shifter/Gen1/Prob030_right_shifter_sample8_M-S,
shape_density_3d,RTLLM,Prob030_right_shifter,sequential,2,a0b49b1e-890a-450b-8619-83ed84f81968,M-R,generation_log,-0,0,36,0.00369,0.12,36,0.00369,0.12,0,0,0,/workspace/exp/natural_qd_push/p3c_bd_sweep_20260704_093150_UTC/live/shape_density_3d/seed_1002/openai_gpt-oss-120b/RTLLM/Prob030_right_shifter/Gen2/Prob030_right_shifter_sample3_M-R,
shape_density_3d,RTLLM,Prob030_right_shifter,sequential,2,a9ebfa79-095b-4dae-89fc-7d195bcc5fe4,M-S,generation_log,-0,0,36,0.00369,0.12,36,0.00369,0.12,0,0,0,/workspace/exp/natural_qd_push/p3c_bd_sweep_20260704_093150_UTC/live/shape_density_3d/seed_1002/openai_gpt-oss-120b/RTLLM/Prob030_right_shifter/Gen2/Prob030_right_shifter_sample4_M-S,
shape_density_3d,RTLLM,Prob030_right_shifter,sequential,2,7edb55ba-a8d7-44f9-94c1-68605a123729,M-R,generation_log,-0,0,36,0.00369,0.12,36,0.00369,0.12,0,0,0,/workspace/exp/natural_qd_push/p3c_bd_sweep_20260704_093150_UTC/live/shape_density_3d/seed_1002/openai_gpt-oss-120b/RTLLM/Prob030_right_shifter/Gen2/Prob030_right_shifter_sample6_M-R,
shape_density_3d,RTLLM,Prob030_right_shifter,sequential,3,fa3014c4-a7e6-408b-831c-aec4913b1ee4,M-R,generation_log,-0,0,36,0.00369,0.12,36,0.00369,0.12,0,0,0,/workspace/exp/natural_qd_push/p3c_bd_sweep_20260704_093150_UTC/live/shape_density_3d/seed_1002/openai_gpt-oss-120b/RTLLM/Prob030_right_shifter/Gen3/Prob030_right_shifter_sample6_M-R,
shape_density_3d,RTLLM,Prob030_right_shifter,sequential,3,66493828-d791-4d5d-9f96-d01106a7393b,M-R,generation_log,-0,0,36,0.00369,0.12,36,0.00369,0.12,0,0,0,/workspace/exp/natural_qd_push/p3c_bd_sweep_20260704_093150_UTC/live/shape_density_3d/seed_1002/openai_gpt-oss-120b/RTLLM/Prob030_right_shifter/Gen3/Prob030_right_shifter_sample7_M-R,
shape_density_3d,RTLLM,Prob030_right_shifter,sequential,4,2eeeb591-f029-440f-ab64-82eee14afd7f,M-F,generation_log,-0,0,36,0.00369,0.12,36,0.00369,0.12,0,0,0,/workspace/exp/natural_qd_push/p3c_bd_sweep_20260704_093150_UTC/live/shape_density_3d/seed_1002/openai_gpt-oss-120b/RTLLM/Prob030_right_shifter/Gen4/Prob030_right_shifter_sample1_M-F,
shape_density_3d,RTLLM,Prob030_right_shifter,sequential,4,2815611a-b2ab-4f71-b728-c9199e4e9cd8,M-E,generation_log,-0.0846883468835,-0.0846883468835,43,0.00391,0.12,36,0.00369,0.12,-0.194444444444,-0.059620596206,0,/workspace/exp/natural_qd_push/p3c_bd_sweep_20260704_093150_UTC/live/shape_density_3d/seed_1002/openai_gpt-oss-120b/RTLLM/Prob030_right_shifter/Gen4/Prob030_right_shifter_sample2_M-E,
shape_density_3d,RTLLM,Prob030_right_shifter,sequential,4,cb6442a6-0149-43e9-96cd-8faae69b5cf2,M-I,generation_log,-0,0,36,0.00369,0.12,36,0.00369,0.12,0,0,0,/workspace/exp/natural_qd_push/p3c_bd_sweep_20260704_093150_UTC/live/shape_density_3d/seed_1002/openai_gpt-oss-120b/RTLLM/Prob030_right_shifter/Gen4/Prob030_right_shifter_sample4_M-I,
shape_density_3d,RTLLM,Prob030_right_shifter,sequential,4,a7409176-965f-4f06-b12b-bd49bb08e5c8,M-R,generation_log,-0,0,36,0.00369,0.12,36,0.00369,0.12,0,0,0,/workspace/exp/natural_qd_push/p3c_bd_sweep_20260704_093150_UTC/live/shape_density_3d/seed_1002/openai_gpt-oss-120b/RTLLM/Prob030_right_shifter/Gen4/Prob030_right_shifter_sample5_M-R,
shape_density_3d,RTLLM,Prob030_right_shifter,sequential,4,707d4839-b100-4336-b52f-c8f2e8b43982,M-S,generation_log,-0,0,36,0.00369,0.12,36,0.00369,0.12,0,0,0,/workspace/exp/natural_qd_push/p3c_bd_sweep_20260704_093150_UTC/live/shape_density_3d/seed_1002/openai_gpt-oss-120b/RTLLM/Prob030_right_shifter/Gen4/Prob030_right_shifter_sample6_M-S,
shape_density_3d,RTLLM,Prob030_right_shifter,sequential,4,8d46f9a9-da32-4025-a2b3-43fec7027548,M-I,generation_log,-0,0,36,0.00369,0.12,36,0.00369,0.12,0,0,0,/workspace/exp/natural_qd_push/p3c_bd_sweep_20260704_093150_UTC/live/shape_density_3d/seed_1002/openai_gpt-oss-120b/RTLLM/Prob030_right_shifter/Gen4/Prob030_right_shifter_sample7_M-I,
shape_density_3d,RTLLM,Prob030_right_shifter,sequential,5,1a28bccc-01c0-42bc-b6b9-af1e12db91a7,M-T,generation_log,-0,0,36,0.00369,0.12,36,0.00369,0.12,0,0,0,/workspace/exp/natural_qd_push/p3c_bd_sweep_20260704_093150_UTC/live/shape_density_3d/seed_1002/openai_gpt-oss-120b/RTLLM/Prob030_right_shifter/Gen5/Prob030_right_shifter_sample1_M-T,
shape_density_3d,RTLLM,Prob030_right_shifter,sequential,5,5e5f0d1d-7a05-4486-bab3-d9f13dd21570,C-D,generation_log,-0,0,36,0.00369,0.12,36,0.00369,0.12,0,0,0,/workspace/exp/natural_qd_push/p3c_bd_sweep_20260704_093150_UTC/live/shape_density_3d/seed_1002/openai_gpt-oss-120b/RTLLM/Prob030_right_shifter/Gen5/Prob030_right_shifter_sample2_C-D,
shape_density_3d,RTLLM,Prob030_right_shifter,sequential,5,518f94f4-027a-43ab-9c50-4fc4ae7794b4,M-R,generation_log,-0,0,36,0.00369,0.12,36,0.00369,0.12,0,0,0,/workspace/exp/natural_qd_push/p3c_bd_sweep_20260704_093150_UTC/live/shape_density_3d/seed_1002/openai_gpt-oss-120b/RTLLM/Prob030_right_shifter/Gen5/Prob030_right_shifter_sample3_M-R,
shape_density_3d,RTLLM,Prob030_right_shifter,sequential,5,d1549ad1-f241-4db1-8e02-0d0ff023417e,C-F,generation_log,-0,0,36,0.00369,0.12,36,0.00369,0.12,0,0,0,/workspace/exp/natural_qd_push/p3c_bd_sweep_20260704_093150_UTC/live/shape_density_3d/seed_1002/openai_gpt-oss-120b/RTLLM/Prob030_right_shifter/Gen5/Prob030_right_shifter_sample5_C-F,
shape_density_3d,RTLLM,Prob030_right_shifter,sequential,5,e4bd0dd5-8264-41d1-8252-b06d6fa62a8e,C-F,generation_log,-0,0,36,0.00369,0.12,36,0.00369,0.12,0,0,0,/workspace/exp/natural_qd_push/p3c_bd_sweep_20260704_093150_UTC/live/shape_density_3d/seed_1002/openai_gpt-oss-120b/RTLLM/Prob030_right_shifter/Gen5/Prob030_right_shifter_sample6_C-F,
shape_density_3d,RTLLM,Prob030_right_shifter,sequential,5,38675007-4eef-4e4f-a59e-5cd103380dab,C-F,generation_log,-0,0,36,0.00369,0.12,36,0.00369,0.12,0,0,0,/workspace/exp/natural_qd_push/p3c_bd_sweep_20260704_093150_UTC/live/shape_density_3d/seed_1002/openai_gpt-oss-120b/RTLLM/Prob030_right_shifter/Gen5/Prob030_right_shifter_sample8_C-F,
shape_density_3d,RTLLM,Prob031_freq_div,combinational,0,614dc26e-d3d1-47ac-8840-7560e76d6bcd,initial,generation_log,0.0893631395926,0.134044709389,109,0.000577,0,125,0.000671,0,0.128,0.140089418778,0,/workspace/exp/natural_qd_push/p3c_bd_sweep_20260704_093150_UTC/live/shape_density_3d/seed_1002/openai_gpt-oss-120b/RTLLM/Prob031_freq_div/Gen0/Prob031_freq_div_sample1_initial,
shape_density_3d,RTLLM,Prob031_freq_div,combinational,0,96dbeeb2-0d3e-4b58-8492-145df59418ce,initial,generation_log,0.0893631395926,0.134044709389,109,0.000577,0,125,0.000671,0,0.128,0.140089418778,0,/workspace/exp/natural_qd_push/p3c_bd_sweep_20260704_093150_UTC/live/shape_density_3d/seed_1002/openai_gpt-oss-120b/RTLLM/Prob031_freq_div/Gen0/Prob031_freq_div_sample2_initial,
shape_density_3d,RTLLM,Prob031_freq_div,combinational,0,c8787059-78a5-42a2-9f13-4fe04eaa5d34,initial,generation_log,0.0893631395926,0.134044709389,109,0.000577,0,125,0.000671,0,0.128,0.140089418778,0,/workspace/exp/natural_qd_push/p3c_bd_sweep_20260704_093150_UTC/live/shape_density_3d/seed_1002/openai_gpt-oss-120b/RTLLM/Prob031_freq_div/Gen0/Prob031_freq_div_sample3_initial,
shape_density_3d,RTLLM,Prob031_freq_div,combinational,0,9a46d73d-2fb5-4ad9-a490-b6b25b353fe8,initial,generation_log,0.0893631395926,0.134044709389,109,0.000577,0,125,0.000671,0,0.128,0.140089418778,0,/workspace/exp/natural_qd_push/p3c_bd_sweep_20260704_093150_UTC/live/shape_density_3d/seed_1002/openai_gpt-oss-120b/RTLLM/Prob031_freq_div/Gen0/Prob031_freq_div_sample4_initial,
shape_density_3d,RTLLM,Prob031_freq_div,combinational,0,fb2a7cf5-9d68-4759-84f5-39746f838a9d,initial,generation_log,0.0893631395926,0.134044709389,109,0.000577,0,125,0.000671,0,0.128,0.140089418778,0,/workspace/exp/natural_qd_push/p3c_bd_sweep_20260704_093150_UTC/live/shape_density_3d/seed_1002/openai_gpt-oss-120b/RTLLM/Prob031_freq_div/Gen0/Prob031_freq_div_sample5_initial,
shape_density_3d,RTLLM,Prob031_freq_div,combinational,0,5901472a-ebef-4c22-ad04-f6bda9be1df2,initial,generation_log,0.0893631395926,0.134044709389,109,0.000577,0,125,0.000671,0,0.128,0.140089418778,0,/workspace/exp/natural_qd_push/p3c_bd_sweep_20260704_093150_UTC/live/shape_density_3d/seed_1002/openai_gpt-oss-120b/RTLLM/Prob031_freq_div/Gen0/Prob031_freq_div_sample6_initial,
shape_density_3d,RTLLM,Prob031_freq_div,combinational,0,51fe69e3-b2d6-4d8f-b4b8-1cd9a3ae1ea6,initial,generation_log,0.0893631395926,0.134044709389,109,0.000577,0,125,0.000671,0,0.128,0.140089418778,0,/workspace/exp/natural_qd_push/p3c_bd_sweep_20260704_093150_UTC/live/shape_density_3d/seed_1002/openai_gpt-oss-120b/RTLLM/Prob031_freq_div/Gen0/Prob031_freq_div_sample7_initial,
shape_density_3d,RTLLM,Prob031_freq_div,combinational,0,005ba0c2-5653-4b38-b328-f5012f27da0a,initial,generation_log,0.0893631395926,0.134044709389,109,0.000577,0,125,0.000671,0,0.128,0.140089418778,0,/workspace/exp/natural_qd_push/p3c_bd_sweep_20260704_093150_UTC/live/shape_density_3d/seed_1002/openai_gpt-oss-120b/RTLLM/Prob031_freq_div/Gen0/Prob031_freq_div_sample8_initial,
shape_density_3d,RTLLM,Prob031_freq_div,combinational,2,0b71c554-debf-4fe4-a28b-7622f06657ac,M-F,generation_log,0.0893631395926,0.134044709389,109,0.000577,0,125,0.000671,0,0.128,0.140089418778,0,/workspace/exp/natural_qd_push/p3c_bd_sweep_20260704_093150_UTC/live/shape_density_3d/seed_1002/openai_gpt-oss-120b/RTLLM/Prob031_freq_div/Gen2/Prob031_freq_div_sample4_M-F,
shape_density_3d,RTLLM,Prob031_freq_div,combinational,3,5fc19f8c-0149-492b-a79c-5d536c0d7d81,M-F,generation_log,0.0893631395926,0.134044709389,109,0.000577,0,125,0.000671,0,0.128,0.140089418778,0,/workspace/exp/natural_qd_push/p3c_bd_sweep_20260704_093150_UTC/live/shape_density_3d/seed_1002/openai_gpt-oss-120b/RTLLM/Prob031_freq_div/Gen3/Prob031_freq_div_sample2_M-F,
shape_density_3d,RTLLM,Prob031_freq_div,combinational,3,6ff1f51f-3ed3-42cf-b45d-282e38c35c74,M-F,generation_log,0.050956780924,0.076435171386,118,0.000606,0,125,0.000671,0,0.056,0.096870342772,0,/workspace/exp/natural_qd_push/p3c_bd_sweep_20260704_093150_UTC/live/shape_density_3d/seed_1002/openai_gpt-oss-120b/RTLLM/Prob031_freq_div/Gen3/Prob031_freq_div_sample3_M-F,
shape_density_3d,RTLLM,Prob031_freq_div,combinational,3,65c37fb7-b21b-4928-a7c3-246f56c82c7d,M-E,generation_log,0.0893631395926,0.134044709389,109,0.000577,0,125,0.000671,0,0.128,0.140089418778,0,/workspace/exp/natural_qd_push/p3c_bd_sweep_20260704_093150_UTC/live/shape_density_3d/seed_1002/openai_gpt-oss-120b/RTLLM/Prob031_freq_div/Gen3/Prob031_freq_div_sample4_M-E,
shape_density_3d,RTLLM,Prob031_freq_div,combinational,3,406ae6b4-f8ef-4911-85ce-457b35e5276b,M-S,generation_log,0.0893631395926,0.134044709389,109,0.000577,0,125,0.000671,0,0.128,0.140089418778,0,/workspace/exp/natural_qd_push/p3c_bd_sweep_20260704_093150_UTC/live/shape_density_3d/seed_1002/openai_gpt-oss-120b/RTLLM/Prob031_freq_div/Gen3/Prob031_freq_div_sample7_M-S,
shape_density_3d,RTLLM,Prob031_freq_div,combinational,4,8fa7144d-f75a-4d1b-8310-62640068ace7,C-D,generation_log,0.15399503229,0.230992548435,106,0.000463,0,125,0.000671,0,0.152,0.30998509687,0,/workspace/exp/natural_qd_push/p3c_bd_sweep_20260704_093150_UTC/live/shape_density_3d/seed_1002/openai_gpt-oss-120b/RTLLM/Prob031_freq_div/Gen4/Prob031_freq_div_sample1_C-D,
shape_density_3d,RTLLM,Prob031_freq_div,combinational,4,8323504a-ec72-4c56-8707-5f8b396ee113,C-D,generation_log,0.050956780924,0.076435171386,118,0.000606,0,125,0.000671,0,0.056,0.096870342772,0,/workspace/exp/natural_qd_push/p3c_bd_sweep_20260704_093150_UTC/live/shape_density_3d/seed_1002/openai_gpt-oss-120b/RTLLM/Prob031_freq_div/Gen4/Prob031_freq_div_sample2_C-D,
shape_density_3d,RTLLM,Prob031_freq_div,combinational,4,748f02a9-cc55-4954-b606-437b4fd01186,C-F,generation_log,0.106018877298,0.159028315946,113,0.000522,0,125,0.000671,0,0.096,0.222056631893,0,/workspace/exp/natural_qd_push/p3c_bd_sweep_20260704_093150_UTC/live/shape_density_3d/seed_1002/openai_gpt-oss-120b/RTLLM/Prob031_freq_div/Gen4/Prob031_freq_div_sample3_C-F,
shape_density_3d,RTLLM,Prob031_freq_div,combinational,4,19d2da41-325e-4ed0-8ef2-f71185cb0778,M-I,generation_log,0.159328365623,0.238992548435,104,0.000463,0,125,0.000671,0,0.168,0.30998509687,0,/workspace/exp/natural_qd_push/p3c_bd_sweep_20260704_093150_UTC/live/shape_density_3d/seed_1002/openai_gpt-oss-120b/RTLLM/Prob031_freq_div/Gen4/Prob031_freq_div_sample6_M-I,
shape_density_3d,RTLLM,Prob031_freq_div,combinational,5,5ea90e15-6145-4af8-a854-2229da6400bb,M-I,generation_log,0.050956780924,0.076435171386,118,0.000606,0,125,0.000671,0,0.056,0.096870342772,0,/workspace/exp/natural_qd_push/p3c_bd_sweep_20260704_093150_UTC/live/shape_density_3d/seed_1002/openai_gpt-oss-120b/RTLLM/Prob031_freq_div/Gen5/Prob031_freq_div_sample3_M-I,
shape_density_3d,RTLLM,Prob031_freq_div,combinational,5,a2760a86-5e02-452d-ae83-e8e8bfa3953c,C-F,generation_log,0.0446815697963,0.0670223546945,117,0.000624,0,125,0.000671,0,0.064,0.070044709389,0,/workspace/exp/natural_qd_push/p3c_bd_sweep_20260704_093150_UTC/live/shape_density_3d/seed_1002/openai_gpt-oss-120b/RTLLM/Prob031_freq_div/Gen5/Prob031_freq_div_sample7_C-F,
shape_density_3d,RTLLM,Prob035_calendar,sequential,0,f5dbd64a-af30-4c60-a86b-ee5ad3822328,initial,generation_log,-0,0,196,0.0124,0.38,196,0.0124,0.38,0,0,0,/workspace/exp/natural_qd_push/p3c_bd_sweep_20260704_093150_UTC/live/shape_density_3d/seed_1002/openai_gpt-oss-120b/RTLLM/Prob035_calendar/Gen0/Prob035_calendar_sample2_initial,
shape_density_3d,RTLLM,Prob035_calendar,sequential,0,064a777f-5aba-4a04-b643-55990f6df287,initial,generation_log,-0,0,196,0.0124,0.38,196,0.0124,0.38,0,0,0,/workspace/exp/natural_qd_push/p3c_bd_sweep_20260704_093150_UTC/live/shape_density_3d/seed_1002/openai_gpt-oss-120b/RTLLM/Prob035_calendar/Gen0/Prob035_calendar_sample3_initial,
shape_density_3d,RTLLM,Prob035_calendar,sequential,0,2ea05fa9-e837-4956-8fe9-8bc5a35ebede,initial,generation_log,0.00510204081633,0.00510204081633,193,0.0124,0.38,196,0.0124,0.38,0.015306122449,0,0,/workspace/exp/natural_qd_push/p3c_bd_sweep_20260704_093150_UTC/live/shape_density_3d/seed_1002/openai_gpt-oss-120b/RTLLM/Prob035_calendar/Gen0/Prob035_calendar_sample4_initial,
shape_density_3d,RTLLM,Prob035_calendar,sequential,0,93e09537-e1c9-4f01-8169-7dbef6bc2b37,initial,generation_log,-0,0,196,0.0124,0.38,196,0.0124,0.38,0,0,0,/workspace/exp/natural_qd_push/p3c_bd_sweep_20260704_093150_UTC/live/shape_density_3d/seed_1002/openai_gpt-oss-120b/RTLLM/Prob035_calendar/Gen0/Prob035_calendar_sample5_initial,
shape_density_3d,RTLLM,Prob035_calendar,sequential,0,114a57dd-6fb5-4b80-a06c-aefb15bdf9fc,initial,generation_log,-0,0,196,0.0124,0.38,196,0.0124,0.38,0,0,0,/workspace/exp/natural_qd_push/p3c_bd_sweep_20260704_093150_UTC/live/shape_density_3d/seed_1002/openai_gpt-oss-120b/RTLLM/Prob035_calendar/Gen0/Prob035_calendar_sample6_initial,
shape_density_3d,RTLLM,Prob035_calendar,sequential,0,7257ca8e-7df8-4d8c-a560-53010b51b8f5,initial,generation_log,-0,0,196,0.0124,0.38,196,0.0124,0.38,0,0,0,/workspace/exp/natural_qd_push/p3c_bd_sweep_20260704_093150_UTC/live/shape_density_3d/seed_1002/openai_gpt-oss-120b/RTLLM/Prob035_calendar/Gen0/Prob035_calendar_sample7_initial,
shape_density_3d,RTLLM,Prob035_calendar,sequential,0,044f7ab7-d375-468a-86a8-8c83cfd1ac61,initial,generation_log,-0,0,196,0.0124,0.38,196,0.0124,0.38,0,0,0,/workspace/exp/natural_qd_push/p3c_bd_sweep_20260704_093150_UTC/live/shape_density_3d/seed_1002/openai_gpt-oss-120b/RTLLM/Prob035_calendar/Gen0/Prob035_calendar_sample8_initial,
shape_density_3d,RTLLM,Prob035_calendar,sequential,2,e984425f-9b3b-4eb8-8ed3-c61f1a298a94,M-F,generation_log,0.00510204081633,0.00510204081633,193,0.0124,0.38,196,0.0124,0.38,0.015306122449,0,0,/workspace/exp/natural_qd_push/p3c_bd_sweep_20260704_093150_UTC/live/shape_density_3d/seed_1002/openai_gpt-oss-120b/RTLLM/Prob035_calendar/Gen2/Prob035_calendar_sample1_M-F,
shape_density_3d,RTLLM,Prob035_calendar,sequential,2,449038be-43c8-437b-b84b-3bfca9375ef3,M-E,generation_log,0.00510204081633,0.00510204081633,193,0.0124,0.38,196,0.0124,0.38,0.015306122449,0,0,/workspace/exp/natural_qd_push/p3c_bd_sweep_20260704_093150_UTC/live/shape_density_3d/seed_1002/openai_gpt-oss-120b/RTLLM/Prob035_calendar/Gen2/Prob035_calendar_sample2_M-E,
shape_density_3d,RTLLM,Prob035_calendar,sequential,2,9004b743-1d9b-4f4f-a1d9-b478112e1fa2,M-F,generation_log,0.00510204081633,0.00510204081633,193,0.0124,0.38,196,0.0124,0.38,0.015306122449,0,0,/workspace/exp/natural_qd_push/p3c_bd_sweep_20260704_093150_UTC/live/shape_density_3d/seed_1002/openai_gpt-oss-120b/RTLLM/Prob035_calendar/Gen2/Prob035_calendar_sample3_M-F,
shape_density_3d,RTLLM,Prob035_calendar,sequential,3,703f7bb8-f0ca-44e3-aa01-eacd515b7885,initial,generation_log,-0,0,196,0.0124,0.38,196,0.0124,0.38,0,0,0,/workspace/exp/natural_qd_push/p3c_bd_sweep_20260704_093150_UTC/live/shape_density_3d/seed_1002/openai_gpt-oss-120b/RTLLM/Prob035_calendar/Gen3/Prob035_calendar_sample1_initial,
shape_density_3d,RTLLM,Prob035_calendar,sequential,3,de618bcf-54a2-4f6e-ba95-09aed29ae857,initial,generation_log,-0,0,196,0.0124,0.38,196,0.0124,0.38,0,0,0,/workspace/exp/natural_qd_push/p3c_bd_sweep_20260704_093150_UTC/live/shape_density_3d/seed_1002/openai_gpt-oss-120b/RTLLM/Prob035_calendar/Gen3/Prob035_calendar_sample2_initial,
shape_density_3d,RTLLM,Prob035_calendar,sequential,3,af28d484-d999-4551-8c82-7936bb65f14f,M-F,generation_log,0.00510204081633,0.00510204081633,193,0.0124,0.38,196,0.0124,0.38,0.015306122449,0,0,/workspace/exp/natural_qd_push/p3c_bd_sweep_20260704_093150_UTC/live/shape_density_3d/seed_1002/openai_gpt-oss-120b/RTLLM/Prob035_calendar/Gen3/Prob035_calendar_sample1_M-F,
shape_density_3d,RTLLM,Prob035_calendar,sequential,3,f2bde75d-e55d-4e2d-a10f-035705a7517d,C-D,generation_log,0.0216815079173,0.0216815079173,184,0.0117,0.4,196,0.0124,0.38,0.0612244897959,0.0564516129032,-0.0526315789474,/workspace/exp/natural_qd_push/p3c_bd_sweep_20260704_093150_UTC/live/shape_density_3d/seed_1002/openai_gpt-oss-120b/RTLLM/Prob035_calendar/Gen3/Prob035_calendar_sample5_C-D,
shape_density_3d,RTLLM,Prob035_calendar,sequential,4,816308f8-3a27-405d-8503-4c642946677b,initial,generation_log,-0,0,196,0.0124,0.38,196,0.0124,0.38,0,0,0,/workspace/exp/natural_qd_push/p3c_bd_sweep_20260704_093150_UTC/live/shape_density_3d/seed_1002/openai_gpt-oss-120b/RTLLM/Prob035_calendar/Gen4/Prob035_calendar_sample1_initial,
shape_density_3d,RTLLM,Prob035_calendar,sequential,4,a5764296-1414-489c-bb4e-838f4f7d9a57,initial,generation_log,0.00510204081633,0.00510204081633,193,0.0124,0.38,196,0.0124,0.38,0.015306122449,0,0,/workspace/exp/natural_qd_push/p3c_bd_sweep_20260704_093150_UTC/live/shape_density_3d/seed_1002/openai_gpt-oss-120b/RTLLM/Prob035_calendar/Gen4/Prob035_calendar_sample2_initial,
shape_density_3d,RTLLM,Prob035_calendar,sequential,4,27c031a0-aa50-46fe-9c70-991fa87354b8,C-D,generation_log,0.0233821881894,0.0233821881894,183,0.0117,0.4,196,0.0124,0.38,0.0663265306122,0.0564516129032,-0.0526315789474,/workspace/exp/natural_qd_push/p3c_bd_sweep_20260704_093150_UTC/live/shape_density_3d/seed_1002/openai_gpt-oss-120b/RTLLM/Prob035_calendar/Gen4/Prob035_calendar_sample4_C-D,
shape_density_3d,RTLLM,Prob035_calendar,sequential,4,646543ad-c532-4a70-8151-193a1326c314,M-E,generation_log,0.00510204081633,0.00510204081633,193,0.0124,0.38,196,0.0124,0.38,0.015306122449,0,0,/workspace/exp/natural_qd_push/p3c_bd_sweep_20260704_093150_UTC/live/shape_density_3d/seed_1002/openai_gpt-oss-120b/RTLLM/Prob035_calendar/Gen4/Prob035_calendar_sample5_M-E,
shape_density_3d,RTLLM,Prob035_calendar,sequential,4,51d2801e-26ac-437c-9221-12cfe566ac8f,C-D,generation_log,0.00510204081633,0.00510204081633,193,0.0124,0.38,196,0.0124,0.38,0.015306122449,0,0,/workspace/exp/natural_qd_push/p3c_bd_sweep_20260704_093150_UTC/live/shape_density_3d/seed_1002/openai_gpt-oss-120b/RTLLM/Prob035_calendar/Gen4/Prob035_calendar_sample6_C-D,
shape_density_3d,RTLLM,Prob035_calendar,sequential,5,34ffe069-ccd9-40a9-a6f3-7b0dcb00ea71,C-D,generation_log,0.0233821881894,0.0233821881894,183,0.0117,0.4,196,0.0124,0.38,0.0663265306122,0.0564516129032,-0.0526315789474,/workspace/exp/natural_qd_push/p3c_bd_sweep_20260704_093150_UTC/live/shape_density_3d/seed_1002/openai_gpt-oss-120b/RTLLM/Prob035_calendar/Gen5/Prob035_calendar_sample1_C-D,
shape_density_3d,RTLLM,Prob036_edge_detect,sequential,0,27c12ea4-5569-44ba-8d7b-2cf66735bc40,initial,generation_log,-0,0,19,0.00189,0.17,19,0.00189,0.17,0,0,0,/workspace/exp/natural_qd_push/p3c_bd_sweep_20260704_093150_UTC/live/shape_density_3d/seed_1002/openai_gpt-oss-120b/RTLLM/Prob036_edge_detect/Gen0/Prob036_edge_detect_sample1_initial,
shape_density_3d,RTLLM,Prob036_edge_detect,sequential,0,666275db-251c-4352-8eef-b58e88af0898,initial,generation_log,-0,0,19,0.00189,0.17,19,0.00189,0.17,0,0,0,/workspace/exp/natural_qd_push/p3c_bd_sweep_20260704_093150_UTC/live/shape_density_3d/seed_1002/openai_gpt-oss-120b/RTLLM/Prob036_edge_detect/Gen0/Prob036_edge_detect_sample2_initial,
shape_density_3d,RTLLM,Prob036_edge_detect,sequential,0,9ad8d4e7-114e-4a31-9adc-25d08771ba4f,initial,generation_log,-0,0,19,0.00189,0.17,19,0.00189,0.17,0,0,0,/workspace/exp/natural_qd_push/p3c_bd_sweep_20260704_093150_UTC/live/shape_density_3d/seed_1002/openai_gpt-oss-120b/RTLLM/Prob036_edge_detect/Gen0/Prob036_edge_detect_sample3_initial,
shape_density_3d,RTLLM,Prob036_edge_detect,sequential,0,5757e050-a673-40b5-ae9c-dc40cf7de7f9,initial,generation_log,-0,0,19,0.00189,0.17,19,0.00189,0.17,0,0,0,/workspace/exp/natural_qd_push/p3c_bd_sweep_20260704_093150_UTC/live/shape_density_3d/seed_1002/openai_gpt-oss-120b/RTLLM/Prob036_edge_detect/Gen0/Prob036_edge_detect_sample4_initial,
shape_density_3d,RTLLM,Prob036_edge_detect,sequential,0,1571fda2-0504-4f7c-8c87-a0444d07720d,initial,generation_log,-0,0,19,0.00189,0.17,19,0.00189,0.17,0,0,0,/workspace/exp/natural_qd_push/p3c_bd_sweep_20260704_093150_UTC/live/shape_density_3d/seed_1002/openai_gpt-oss-120b/RTLLM/Prob036_edge_detect/Gen0/Prob036_edge_detect_sample5_initial,
shape_density_3d,RTLLM,Prob036_edge_detect,sequential,0,377e15da-56b8-4b66-9b99-6e9af42d1de3,initial,generation_log,-0,0,19,0.00189,0.17,19,0.00189,0.17,0,0,0,/workspace/exp/natural_qd_push/p3c_bd_sweep_20260704_093150_UTC/live/shape_density_3d/seed_1002/openai_gpt-oss-120b/RTLLM/Prob036_edge_detect/Gen0/Prob036_edge_detect_sample6_initial,
shape_density_3d,RTLLM,Prob036_edge_detect,sequential,0,825daca4-227d-4d04-ba1f-efbc7076bd1c,initial,generation_log,-0,0,19,0.00189,0.17,19,0.00189,0.17,0,0,0,/workspace/exp/natural_qd_push/p3c_bd_sweep_20260704_093150_UTC/live/shape_density_3d/seed_1002/openai_gpt-oss-120b/RTLLM/Prob036_edge_detect/Gen0/Prob036_edge_detect_sample7_initial,
shape_density_3d,RTLLM,Prob036_edge_detect,sequential,0,78e2ba2f-e154-4ec9-ae08-d08127fc2504,initial,generation_log,-0,0,19,0.00189,0.17,19,0.00189,0.17,0,0,0,/workspace/exp/natural_qd_push/p3c_bd_sweep_20260704_093150_UTC/live/shape_density_3d/seed_1002/openai_gpt-oss-120b/RTLLM/Prob036_edge_detect/Gen0/Prob036_edge_detect_sample8_initial,
shape_density_3d,RTLLM,Prob036_edge_detect,sequential,1,d7d45f16-f022-41b2-93dd-02a39f0cc476,C-D,generation_log,-0.057807918489,-0.057807918489,21,0.00213,0.16,19,0.00189,0.17,-0.105263157895,-0.126984126984,0.0588235294118,/workspace/exp/natural_qd_push/p3c_bd_sweep_20260704_093150_UTC/live/shape_density_3d/seed_1002/openai_gpt-oss-120b/RTLLM/Prob036_edge_detect/Gen1/Prob036_edge_detect_sample1_C-D,
shape_density_3d,RTLLM,Prob036_edge_detect,sequential,1,90544d82-2754-4787-af42-31def2d4c687,C-F,generation_log,-0.0774157616263,-0.0774157616263,21,0.00213,0.17,19,0.00189,0.17,-0.105263157895,-0.126984126984,0,/workspace/exp/natural_qd_push/p3c_bd_sweep_20260704_093150_UTC/live/shape_density_3d/seed_1002/openai_gpt-oss-120b/RTLLM/Prob036_edge_detect/Gen1/Prob036_edge_detect_sample3_C-F,
shape_density_3d,RTLLM,Prob036_edge_detect,sequential,1,fdbc8cca-76db-4a17-a132-4539baaa35c4,M-S,generation_log,-0.0774157616263,-0.0774157616263,21,0.00213,0.17,19,0.00189,0.17,-0.105263157895,-0.126984126984,0,/workspace/exp/natural_qd_push/p3c_bd_sweep_20260704_093150_UTC/live/shape_density_3d/seed_1002/openai_gpt-oss-120b/RTLLM/Prob036_edge_detect/Gen1/Prob036_edge_detect_sample6_M-S,
shape_density_3d,RTLLM,Prob036_edge_detect,sequential,1,32ade133-b7d8-43de-83f0-7fb3d26f2ebb,C-F,generation_log,-0.057807918489,-0.057807918489,21,0.00213,0.16,19,0.00189,0.17,-0.105263157895,-0.126984126984,0.0588235294118,/workspace/exp/natural_qd_push/p3c_bd_sweep_20260704_093150_UTC/live/shape_density_3d/seed_1002/openai_gpt-oss-120b/RTLLM/Prob036_edge_detect/Gen1/Prob036_edge_detect_sample8_C-F,
shape_density_3d,RTLLM,Prob036_edge_detect,sequential,2,0ef56aeb-3392-47df-8c40-c2bb776aae67,C-D,generation_log,-0.057807918489,-0.057807918489,21,0.00213,0.16,19,0.00189,0.17,-0.105263157895,-0.126984126984,0.0588235294118,/workspace/exp/natural_qd_push/p3c_bd_sweep_20260704_093150_UTC/live/shape_density_3d/seed_1002/openai_gpt-oss-120b/RTLLM/Prob036_edge_detect/Gen2/Prob036_edge_detect_sample1_C-D,
shape_density_3d,RTLLM,Prob036_edge_detect,sequential,2,601bec99-c0b1-4950-8ab0-29982bc83076,C-D,generation_log,-0.057807918489,-0.057807918489,21,0.00213,0.16,19,0.00189,0.17,-0.105263157895,-0.126984126984,0.0588235294118,/workspace/exp/natural_qd_push/p3c_bd_sweep_20260704_093150_UTC/live/shape_density_3d/seed_1002/openai_gpt-oss-120b/RTLLM/Prob036_edge_detect/Gen2/Prob036_edge_detect_sample2_C-D,
shape_density_3d,RTLLM,Prob036_edge_detect,sequential,2,3a4da417-7460-4006-867e-2329fd0ee355,C-F,generation_log,-1.24548681071,0.715297503017,9,0.000719,0,19,0.00189,0.17,0.526315789474,0.619576719577,1,/workspace/exp/natural_qd_push/p3c_bd_sweep_20260704_093150_UTC/live/shape_density_3d/seed_1002/openai_gpt-oss-120b/RTLLM/Prob036_edge_detect/Gen2/Prob036_edge_detect_sample3_C-F,
shape_density_3d,RTLLM,Prob036_edge_detect,sequential,2,c496c1cb-819d-484f-b9fa-2750975fd83a,C-F,generation_log,-0.0774157616263,-0.0774157616263,21,0.00213,0.17,19,0.00189,0.17,-0.105263157895,-0.126984126984,0,/workspace/exp/natural_qd_push/p3c_bd_sweep_20260704_093150_UTC/live/shape_density_3d/seed_1002/openai_gpt-oss-120b/RTLLM/Prob036_edge_detect/Gen2/Prob036_edge_detect_sample8_C-F,
shape_density_3d,RTLLM,Prob036_edge_detect,sequential,3,df5f2b3e-2cb1-407b-b592-1d163e876f4a,C-D,generation_log,-0.273941935449,-0.273941935449,24,0.00239,0.22,19,0.00189,0.17,-0.263157894737,-0.26455026455,-0.294117647059,/workspace/exp/natural_qd_push/p3c_bd_sweep_20260704_093150_UTC/live/shape_density_3d/seed_1002/openai_gpt-oss-120b/RTLLM/Prob036_edge_detect/Gen3/Prob036_edge_detect_sample1_C-D,
shape_density_3d,RTLLM,Prob036_edge_detect,sequential,3,edf2d8fe-4dfd-4b96-82ad-b02a71137f98,M-T,generation_log,-0.0774157616263,-0.0774157616263,21,0.00213,0.17,19,0.00189,0.17,-0.105263157895,-0.126984126984,0,/workspace/exp/natural_qd_push/p3c_bd_sweep_20260704_093150_UTC/live/shape_density_3d/seed_1002/openai_gpt-oss-120b/RTLLM/Prob036_edge_detect/Gen3/Prob036_edge_detect_sample2_M-T,
shape_density_3d,RTLLM,Prob036_edge_detect,sequential,3,da28379c-0f0e-4107-98c4-82b5a39e9643,M-R,generation_log,-0,0,19,0.00189,0.17,19,0.00189,0.17,0,0,0,/workspace/exp/natural_qd_push/p3c_bd_sweep_20260704_093150_UTC/live/shape_density_3d/seed_1002/openai_gpt-oss-120b/RTLLM/Prob036_edge_detect/Gen3/Prob036_edge_detect_sample3_M-R,
shape_density_3d,RTLLM,Prob036_edge_detect,sequential,4,bcd615ec-ae13-40d7-9002-6e3d16b6a07e,M-I,generation_log,-0.0774157616263,-0.0774157616263,21,0.00213,0.17,19,0.00189,0.17,-0.105263157895,-0.126984126984,0,/workspace/exp/natural_qd_push/p3c_bd_sweep_20260704_093150_UTC/live/shape_density_3d/seed_1002/openai_gpt-oss-120b/RTLLM/Prob036_edge_detect/Gen4/Prob036_edge_detect_sample3_M-I,
shape_density_3d,RTLLM,Prob036_edge_detect,sequential,4,fe3651ae-a4f8-453c-95bd-88dcf1777f83,C-F,generation_log,-0,0,19,0.00189,0.17,19,0.00189,0.17,0,0,0,/workspace/exp/natural_qd_push/p3c_bd_sweep_20260704_093150_UTC/live/shape_density_3d/seed_1002/openai_gpt-oss-120b/RTLLM/Prob036_edge_detect/Gen4/Prob036_edge_detect_sample4_C-F,
shape_density_3d,RTLLM,Prob036_edge_detect,sequential,4,72025d3c-e968-4e01-b779-77f6daf82bd7,C-F,generation_log,-0,0,19,0.00189,0.17,19,0.00189,0.17,0,0,0,/workspace/exp/natural_qd_push/p3c_bd_sweep_20260704_093150_UTC/live/shape_density_3d/seed_1002/openai_gpt-oss-120b/RTLLM/Prob036_edge_detect/Gen4/Prob036_edge_detect_sample5_C-F,
shape_density_3d,RTLLM,Prob036_edge_detect,sequential,4,e2dc9dff-4d45-4ddb-9748-e5834ec64ca0,C-F,generation_log,0.0241234895518,0.0241234895518,14,0.00125,0.26,19,0.00189,0.17,0.263157894737,0.338624338624,-0.529411764706,/workspace/exp/natural_qd_push/p3c_bd_sweep_20260704_093150_UTC/live/shape_density_3d/seed_1002/openai_gpt-oss-120b/RTLLM/Prob036_edge_detect/Gen4/Prob036_edge_detect_sample6_C-F,
shape_density_3d,RTLLM,Prob036_edge_detect,sequential,5,4a4707b9-4c9b-4a14-a111-51093ba446fe,M-E,generation_log,-0.057807918489,-0.057807918489,21,0.00213,0.16,19,0.00189,0.17,-0.105263157895,-0.126984126984,0.0588235294118,/workspace/exp/natural_qd_push/p3c_bd_sweep_20260704_093150_UTC/live/shape_density_3d/seed_1002/openai_gpt-oss-120b/RTLLM/Prob036_edge_detect/Gen5/Prob036_edge_detect_sample1_M-E,
shape_density_3d,RTLLM,Prob036_edge_detect,sequential,5,e061c149-2d1b-48ed-9c9d-ca07df515a59,C-D,generation_log,-0.0774157616263,-0.0774157616263,21,0.00213,0.17,19,0.00189,0.17,-0.105263157895,-0.126984126984,0,/workspace/exp/natural_qd_push/p3c_bd_sweep_20260704_093150_UTC/live/shape_density_3d/seed_1002/openai_gpt-oss-120b/RTLLM/Prob036_edge_detect/Gen5/Prob036_edge_detect_sample2_C-D,
shape_density_3d,RTLLM,Prob036_edge_detect,sequential,5,ff6f2cb0-413c-4eb3-927f-967ea28caf54,C-F,generation_log,-1.24548681071,0.715297503017,9,0.000719,0,19,0.00189,0.17,0.526315789474,0.619576719577,1,/workspace/exp/natural_qd_push/p3c_bd_sweep_20260704_093150_UTC/live/shape_density_3d/seed_1002/openai_gpt-oss-120b/RTLLM/Prob036_edge_detect/Gen5/Prob036_edge_detect_sample5_C-F,
shape_density_3d,RTLLM,Prob036_edge_detect,sequential,5,3b49a73b-8b5d-466b-86f6-80653d86b624,M-S,generation_log,-1.24548681071,0.715297503017,9,0.000719,0,19,0.00189,0.17,0.526315789474,0.619576719577,1,/workspace/exp/natural_qd_push/p3c_bd_sweep_20260704_093150_UTC/live/shape_density_3d/seed_1002/openai_gpt-oss-120b/RTLLM/Prob036_edge_detect/Gen5/Prob036_edge_detect_sample6_M-S,
shape_density_3d,RTLLM,Prob036_edge_detect,sequential,5,546f9dff-c298-4fc8-940b-b58596c8e25d,C-F,generation_log,-1.24548681071,0.715297503017,9,0.000719,0,19,0.00189,0.17,0.526315789474,0.619576719577,1,/workspace/exp/natural_qd_push/p3c_bd_sweep_20260704_093150_UTC/live/shape_density_3d/seed_1002/openai_gpt-oss-120b/RTLLM/Prob036_edge_detect/Gen5/Prob036_edge_detect_sample7_C-F,
shape_density_3d,RTLLM,Prob036_edge_detect,sequential,5,5ce8315b-be38-49bd-9a5d-33aaf8c37ce4,C-F,generation_log,-0,0,19,0.00189,0.17,19,0.00189,0.17,0,0,0,/workspace/exp/natural_qd_push/p3c_bd_sweep_20260704_093150_UTC/live/shape_density_3d/seed_1002/openai_gpt-oss-120b/RTLLM/Prob036_edge_detect/Gen5/Prob036_edge_detect_sample8_C-F,
shape_density_3d,RTLLM,Prob037_parallel2serial,sequential,0,571f44bb-a70a-4f3f-b6cc-57c1ef69bad5,initial,generation_log,-0,0,50,0.00453,0.27,50,0.00453,0.27,0,0,0,/workspace/exp/natural_qd_push/p3c_bd_sweep_20260704_093150_UTC/live/shape_density_3d/seed_1002/openai_gpt-oss-120b/RTLLM/Prob037_parallel2serial/Gen0/Prob037_parallel2serial_sample1_initial,
shape_density_3d,RTLLM,Prob037_parallel2serial,sequential,0,f6ed48ce-71f2-4606-9210-27450795a5f3,initial,generation_log,-0.00972937617529,-0.00972937617529,50,0.00483,0.26,50,0.00453,0.27,0,-0.0662251655629,0.037037037037,/workspace/exp/natural_qd_push/p3c_bd_sweep_20260704_093150_UTC/live/shape_density_3d/seed_1002/openai_gpt-oss-120b/RTLLM/Prob037_parallel2serial/Gen0/Prob037_parallel2serial_sample2_initial,
shape_density_3d,RTLLM,Prob037_parallel2serial,sequential,0,69a0f818-0aa4-4699-92fc-5b12dda87231,initial,generation_log,-0,0,50,0.00453,0.27,50,0.00453,0.27,0,0,0,/workspace/exp/natural_qd_push/p3c_bd_sweep_20260704_093150_UTC/live/shape_density_3d/seed_1002/openai_gpt-oss-120b/RTLLM/Prob037_parallel2serial/Gen0/Prob037_parallel2serial_sample3_initial,
shape_density_3d,RTLLM,Prob037_parallel2serial,sequential,0,9ca74254-ef28-465b-92ee-d081839b5198,initial,generation_log,-0,0,50,0.00453,0.27,50,0.00453,0.27,0,0,0,/workspace/exp/natural_qd_push/p3c_bd_sweep_20260704_093150_UTC/live/shape_density_3d/seed_1002/openai_gpt-oss-120b/RTLLM/Prob037_parallel2serial/Gen0/Prob037_parallel2serial_sample4_initial,
shape_density_3d,RTLLM,Prob037_parallel2serial,sequential,0,3e72d81f-89ec-438b-9970-ae11c568238a,initial,generation_log,-0,0,50,0.00453,0.27,50,0.00453,0.27,0,0,0,/workspace/exp/natural_qd_push/p3c_bd_sweep_20260704_093150_UTC/live/shape_density_3d/seed_1002/openai_gpt-oss-120b/RTLLM/Prob037_parallel2serial/Gen0/Prob037_parallel2serial_sample5_initial,
shape_density_3d,RTLLM,Prob037_parallel2serial,sequential,0,5d5c1753-f212-4549-9c2e-ee0c584eb91b,initial,generation_log,-0,0,50,0.00453,0.27,50,0.00453,0.27,0,0,0,/workspace/exp/natural_qd_push/p3c_bd_sweep_20260704_093150_UTC/live/shape_density_3d/seed_1002/openai_gpt-oss-120b/RTLLM/Prob037_parallel2serial/Gen0/Prob037_parallel2serial_sample6_initial,
shape_density_3d,RTLLM,Prob037_parallel2serial,sequential,0,0ff4bb39-6ae9-419b-94bc-65c726197fc9,initial,generation_log,-0,0,50,0.00453,0.27,50,0.00453,0.27,0,0,0,/workspace/exp/natural_qd_push/p3c_bd_sweep_20260704_093150_UTC/live/shape_density_3d/seed_1002/openai_gpt-oss-120b/RTLLM/Prob037_parallel2serial/Gen0/Prob037_parallel2serial_sample7_initial,
shape_density_3d,RTLLM,Prob037_parallel2serial,sequential,0,08c02a96-e6aa-4107-8743-2f46d243057e,initial,generation_log,-0,0,50,0.00453,0.27,50,0.00453,0.27,0,0,0,/workspace/exp/natural_qd_push/p3c_bd_sweep_20260704_093150_UTC/live/shape_density_3d/seed_1002/openai_gpt-oss-120b/RTLLM/Prob037_parallel2serial/Gen0/Prob037_parallel2serial_sample8_initial,
shape_density_3d,RTLLM,Prob037_parallel2serial,sequential,1,6cf6a27e-0551-4fa7-a3ca-56b6fbd75422,initial,generation_log,-0,0,50,0.00453,0.27,50,0.00453,0.27,0,0,0,/workspace/exp/natural_qd_push/p3c_bd_sweep_20260704_093150_UTC/live/shape_density_3d/seed_1002/openai_gpt-oss-120b/RTLLM/Prob037_parallel2serial/Gen1/Prob037_parallel2serial_sample1_initial,
shape_density_3d,RTLLM,Prob037_parallel2serial,sequential,1,36e0168c-6f44-4e26-a7f4-d025134dae12,initial,generation_log,-0,0,50,0.00453,0.27,50,0.00453,0.27,0,0,0,/workspace/exp/natural_qd_push/p3c_bd_sweep_20260704_093150_UTC/live/shape_density_3d/seed_1002/openai_gpt-oss-120b/RTLLM/Prob037_parallel2serial/Gen1/Prob037_parallel2serial_sample2_initial,
shape_density_3d,RTLLM,Prob037_parallel2serial,sequential,1,692e5c42-d00b-428b-959d-01bb18c9bdd4,C-D,generation_log,0.0845899762898,0.0845899762898,47,0.00382,0.26,50,0.00453,0.27,0.06,0.156732891832,0.037037037037,/workspace/exp/natural_qd_push/p3c_bd_sweep_20260704_093150_UTC/live/shape_density_3d/seed_1002/openai_gpt-oss-120b/RTLLM/Prob037_parallel2serial/Gen1/Prob037_parallel2serial_sample3_C-D,
shape_density_3d,RTLLM,Prob037_parallel2serial,sequential,1,b0196219-59e1-4030-874e-097de6dd00bf,C-D,generation_log,0.00886109067125,0.00886109067125,53,0.00397,0.28,50,0.00453,0.27,-0.06,0.123620309051,-0.037037037037,/workspace/exp/natural_qd_push/p3c_bd_sweep_20260704_093150_UTC/live/shape_density_3d/seed_1002/openai_gpt-oss-120b/RTLLM/Prob037_parallel2serial/Gen1/Prob037_parallel2serial_sample4_C-D,
shape_density_3d,RTLLM,Prob037_parallel2serial,sequential,1,f8f8afa5-4045-412b-8cea-903e2fd18d08,M-E,generation_log,-0.132741394816,-0.132741394816,64,0.00473,0.29,50,0.00453,0.27,-0.28,-0.0441501103753,-0.0740740740741,/workspace/exp/natural_qd_push/p3c_bd_sweep_20260704_093150_UTC/live/shape_density_3d/seed_1002/openai_gpt-oss-120b/RTLLM/Prob037_parallel2serial/Gen1/Prob037_parallel2serial_sample5_M-E,
shape_density_3d,RTLLM,Prob037_parallel2serial,sequential,2,9eb761d3-e701-4ef5-995e-3a6d3095e645,C-F,generation_log,0.063250756275,0.063250756275,47,0.00411,0.26,50,0.00453,0.27,0.06,0.0927152317881,0.037037037037,/workspace/exp/natural_qd_push/p3c_bd_sweep_20260704_093150_UTC/live/shape_density_3d/seed_1002/openai_gpt-oss-120b/RTLLM/Prob037_parallel2serial/Gen2/Prob037_parallel2serial_sample4_C-F,
shape_density_3d,RTLLM,Prob037_parallel2serial,sequential,2,fa04a916-ebd0-45e5-826f-fe02114a820a,M-S,generation_log,-0.164267844003,-0.164267844003,54,0.0064,0.27,50,0.00453,0.27,-0.08,-0.412803532009,0,/workspace/exp/natural_qd_push/p3c_bd_sweep_20260704_093150_UTC/live/shape_density_3d/seed_1002/openai_gpt-oss-120b/RTLLM/Prob037_parallel2serial/Gen2/Prob037_parallel2serial_sample7_M-S,
shape_density_3d,RTLLM,Prob037_parallel2serial,sequential,3,db0f4fa0-29f7-4b5d-add3-f1a355d6f7da,M-E,generation_log,-0.0207489166871,-0.0207489166871,57,0.00401,0.28,50,0.00453,0.27,-0.14,0.114790286976,-0.037037037037,/workspace/exp/natural_qd_push/p3c_bd_sweep_20260704_093150_UTC/live/shape_density_3d/seed_1002/openai_gpt-oss-120b/RTLLM/Prob037_parallel2serial/Gen3/Prob037_parallel2serial_sample2_M-E,
shape_density_3d,RTLLM,Prob037_parallel2serial,sequential,3,22c24e2d-f582-4069-9177-59bc9f078926,C-F,generation_log,-0.0397612623661,-0.0397612623661,58,0.00401,0.29,50,0.00453,0.27,-0.16,0.114790286976,-0.0740740740741,/workspace/exp/natural_qd_push/p3c_bd_sweep_20260704_093150_UTC/live/shape_density_3d/seed_1002/openai_gpt-oss-120b/RTLLM/Prob037_parallel2serial/Gen3/Prob037_parallel2serial_sample6_C-F,
shape_density_3d,RTLLM,Prob037_parallel2serial,sequential,4,c832631d-38f9-4210-8a03-e195e234e58c,M-T,generation_log,0.00886109067125,0.00886109067125,53,0.00397,0.28,50,0.00453,0.27,-0.06,0.123620309051,-0.037037037037,/workspace/exp/natural_qd_push/p3c_bd_sweep_20260704_093150_UTC/live/shape_density_3d/seed_1002/openai_gpt-oss-120b/RTLLM/Prob037_parallel2serial/Gen4/Prob037_parallel2serial_sample1_M-T,
shape_density_3d,RTLLM,Prob037_parallel2serial,sequential,4,36fef678-0561-40b0-aaba-06ceb13cdf01,C-D,generation_log,0.063250756275,0.063250756275,47,0.00411,0.26,50,0.00453,0.27,0.06,0.0927152317881,0.037037037037,/workspace/exp/natural_qd_push/p3c_bd_sweep_20260704_093150_UTC/live/shape_density_3d/seed_1002/openai_gpt-oss-120b/RTLLM/Prob037_parallel2serial/Gen4/Prob037_parallel2serial_sample2_C-D,
shape_density_3d,RTLLM,Prob037_parallel2serial,sequential,4,87f37dcb-3415-45b6-b37b-b4f1c5135967,C-F,generation_log,-0.341370288611,-0.341370288611,95,0.00526,0.26,50,0.00453,0.27,-0.9,-0.16114790287,0.037037037037,/workspace/exp/natural_qd_push/p3c_bd_sweep_20260704_093150_UTC/live/shape_density_3d/seed_1002/openai_gpt-oss-120b/RTLLM/Prob037_parallel2serial/Gen4/Prob037_parallel2serial_sample7_C-F,
shape_density_3d,RTLLM,Prob037_parallel2serial,sequential,5,e3c6e97a-0e7e-4c82-a156-ac07fc09958e,C-F,generation_log,0.00886109067125,0.00886109067125,53,0.00397,0.28,50,0.00453,0.27,-0.06,0.123620309051,-0.037037037037,/workspace/exp/natural_qd_push/p3c_bd_sweep_20260704_093150_UTC/live/shape_density_3d/seed_1002/openai_gpt-oss-120b/RTLLM/Prob037_parallel2serial/Gen5/Prob037_parallel2serial_sample3_C-F,
shape_density_3d,RTLLM,Prob041_traffic_light,combinational,1,673e3d6c-0e44-4aa8-b376-61468d41d2ff,M-F,generation_log,0.0805979181796,0.120896877269,163,0.0259,0,170,0.0324,0,0.0411764705882,0.200617283951,0,/workspace/exp/natural_qd_push/p3c_bd_sweep_20260704_093150_UTC/live/shape_density_3d/seed_1002/openai_gpt-oss-120b/RTLLM/Prob041_traffic_light/Gen1/Prob041_traffic_light_sample1_M-F,
shape_density_3d,RTLLM,Prob041_traffic_light,combinational,1,444ca111-bc27-42f2-a1e9-2d092a1f80c9,M-E,generation_log,0.0554224158799,0.0831336238199,158,0.0293,0,170,0.0324,0,0.0705882352941,0.0956790123457,0,/workspace/exp/natural_qd_push/p3c_bd_sweep_20260704_093150_UTC/live/shape_density_3d/seed_1002/openai_gpt-oss-120b/RTLLM/Prob041_traffic_light/Gen1/Prob041_traffic_light_sample4_M-E,
shape_density_3d,RTLLM,Prob041_traffic_light,combinational,1,58287964-f3c7-49a9-8333-268cc9023875,M-E,generation_log,0.0875090777052,0.131263616558,160,0.0258,0,170,0.0324,0,0.0588235294118,0.203703703704,0,/workspace/exp/natural_qd_push/p3c_bd_sweep_20260704_093150_UTC/live/shape_density_3d/seed_1002/openai_gpt-oss-120b/RTLLM/Prob041_traffic_light/Gen1/Prob041_traffic_light_sample6_M-E,
shape_density_3d,RTLLM,Prob041_traffic_light,combinational,2,564ac605-e821-4ea4-b5b9-0d6549253425,M-F,generation_log,0.081820382474,0.122730573711,165,0.0254,0,170,0.0324,0,0.0294117647059,0.216049382716,0,/workspace/exp/natural_qd_push/p3c_bd_sweep_20260704_093150_UTC/live/shape_density_3d/seed_1002/openai_gpt-oss-120b/RTLLM/Prob041_traffic_light/Gen2/Prob041_traffic_light_sample1_M-F,
shape_density_3d,RTLLM,Prob041_traffic_light,combinational,2,87dc7b75-1e66-4bce-944d-be452fc619da,M-E,generation_log,0.0745945291697,0.111891793755,186,0.0221,0,170,0.0324,0,-0.0941176470588,0.317901234568,0,/workspace/exp/natural_qd_push/p3c_bd_sweep_20260704_093150_UTC/live/shape_density_3d/seed_1002/openai_gpt-oss-120b/RTLLM/Prob041_traffic_light/Gen2/Prob041_traffic_light_sample2_M-E,
shape_density_3d,RTLLM,Prob041_traffic_light,combinational,2,644e54ff-1b68-42c2-967a-af4eb474da9a,M-F,generation_log,0.107540547083,0.161310820625,165,0.0229,0,170,0.0324,0,0.0294117647059,0.293209876543,0,/workspace/exp/natural_qd_push/p3c_bd_sweep_20260704_093150_UTC/live/shape_density_3d/seed_1002/openai_gpt-oss-120b/RTLLM/Prob041_traffic_light/Gen2/Prob041_traffic_light_sample3_M-F,
shape_density_3d,RTLLM,Prob041_traffic_light,combinational,3,0a6ab128-5efd-4254-9229-26672b15f437,M-E,generation_log,-0.110711692084,-0.166067538126,206,0.0363,0,170,0.0324,0,-0.211764705882,-0.12037037037,0,/workspace/exp/natural_qd_push/p3c_bd_sweep_20260704_093150_UTC/live/shape_density_3d/seed_1002/openai_gpt-oss-120b/RTLLM/Prob041_traffic_light/Gen3/Prob041_traffic_light_sample1_M-E,
shape_density_3d,RTLLM,Prob041_traffic_light,combinational,3,d2daff4d-9885-42dd-b500-cf6ec302e780,M-E,generation_log,0.364970951344,0.547456427015,151,0.000546,0,170,0.0324,0,0.111764705882,0.983148148148,0,/workspace/exp/natural_qd_push/p3c_bd_sweep_20260704_093150_UTC/live/shape_density_3d/seed_1002/openai_gpt-oss-120b/RTLLM/Prob041_traffic_light/Gen3/Prob041_traffic_light_sample4_M-E,
shape_density_3d,RTLLM,Prob041_traffic_light,combinational,4,b69eef88-a257-44db-9695-fcdf4d2f00fc,M-F,generation_log,-0.0623940934398,-0.0935911401598,195,0.0337,0,170,0.0324,0,-0.147058823529,-0.0401234567901,0,/workspace/exp/natural_qd_push/p3c_bd_sweep_20260704_093150_UTC/live/shape_density_3d/seed_1002/openai_gpt-oss-120b/RTLLM/Prob041_traffic_light/Gen4/Prob041_traffic_light_sample1_M-F,
shape_density_3d,RTLLM,Prob041_traffic_light,combinational,4,6dea7840-3d67-4560-be90-d192534214d3,M-E,generation_log,0.345243887679,0.517865831518,162,0.000367,0,170,0.0324,0,0.0470588235294,0.988672839506,0,/workspace/exp/natural_qd_push/p3c_bd_sweep_20260704_093150_UTC/live/shape_density_3d/seed_1002/openai_gpt-oss-120b/RTLLM/Prob041_traffic_light/Gen4/Prob041_traffic_light_sample2_M-E,
shape_density_3d,RTLLM,Prob041_traffic_light,combinational,4,beecb24c-a174-44b4-a9bc-ba1ceda0e622,M-E,generation_log,0.011316872428,0.016975308642,170,0.0313,0,170,0.0324,0,0,0.033950617284,0,/workspace/exp/natural_qd_push/p3c_bd_sweep_20260704_093150_UTC/live/shape_density_3d/seed_1002/openai_gpt-oss-120b/RTLLM/Prob041_traffic_light/Gen4/Prob041_traffic_light_sample4_M-E,
shape_density_3d,RTLLM,Prob041_traffic_light,combinational,4,09337313-e47c-47bc-ab06-ac9505c6e6c1,M-E,generation_log,0.31723553619,0.475853304285,127,0.00976,0,170,0.0324,0,0.252941176471,0.698765432099,0,/workspace/exp/natural_qd_push/p3c_bd_sweep_20260704_093150_UTC/live/shape_density_3d/seed_1002/openai_gpt-oss-120b/RTLLM/Prob041_traffic_light/Gen4/Prob041_traffic_light_sample6_M-E,
shape_density_3d,RTLLM,Prob041_traffic_light,combinational,4,dddfb6ad-f6ce-45e1-b135-c85277be2e89,M-T,generation_log,0.150895666909,0.226343500363,124,0.0265,0,170,0.0324,0,0.270588235294,0.182098765432,0,/workspace/exp/natural_qd_push/p3c_bd_sweep_20260704_093150_UTC/live/shape_density_3d/seed_1002/openai_gpt-oss-120b/RTLLM/Prob041_traffic_light/Gen4/Prob041_traffic_light_sample7_M-T,
shape_density_3d,RTLLM,Prob041_traffic_light,combinational,5,11fd6e4e-73a8-4277-9799-ca1682bb532c,M-E,generation_log,0.256923263132,0.385384894699,165,0.00838,0,170,0.0324,0,0.0294117647059,0.741358024691,0,/workspace/exp/natural_qd_push/p3c_bd_sweep_20260704_093150_UTC/live/shape_density_3d/seed_1002/openai_gpt-oss-120b/RTLLM/Prob041_traffic_light/Gen5/Prob041_traffic_light_sample1_M-E,
shape_density_3d,RTLLM,Prob041_traffic_light,combinational,5,75210151-e38c-4c56-843e-a034ac764b8d,M-T,generation_log,0.422280319535,0.633420479303,123,0.000312,0,170,0.0324,0,0.276470588235,0.99037037037,0,/workspace/exp/natural_qd_push/p3c_bd_sweep_20260704_093150_UTC/live/shape_density_3d/seed_1002/openai_gpt-oss-120b/RTLLM/Prob041_traffic_light/Gen5/Prob041_traffic_light_sample4_M-T,
shape_density_3d,RTLLM,Prob041_traffic_light,combinational,5,0227faab-02cf-42f1-8b04-9c8eb07737fe,M-T,generation_log,0.381289034132,0.571933551198,144,0.000294,0,170,0.0324,0,0.152941176471,0.990925925926,0,/workspace/exp/natural_qd_push/p3c_bd_sweep_20260704_093150_UTC/live/shape_density_3d/seed_1002/openai_gpt-oss-120b/RTLLM/Prob041_traffic_light/Gen5/Prob041_traffic_light_sample6_M-T,
shape_density_3d,RTLLM,Prob043_RAM,sequential,0,f1f5c850-7d91-4a22-ad86-78974982ca6f,initial,generation_log,0.236619081526,0.236619081526,506,0.069,0.3,734,0.109,0.31,0.310626702997,0.366972477064,0.0322580645161,/workspace/exp/natural_qd_push/p3c_bd_sweep_20260704_093150_UTC/live/shape_density_3d/seed_1002/openai_gpt-oss-120b/RTLLM/Prob043_RAM/Gen0/Prob043_RAM_sample1_initial,
shape_density_3d,RTLLM,Prob043_RAM,sequential,0,17e7f6fe-220a-4508-9162-75de587af62d,initial,generation_log,0.236619081526,0.236619081526,506,0.069,0.3,734,0.109,0.31,0.310626702997,0.366972477064,0.0322580645161,/workspace/exp/natural_qd_push/p3c_bd_sweep_20260704_093150_UTC/live/shape_density_3d/seed_1002/openai_gpt-oss-120b/RTLLM/Prob043_RAM/Gen0/Prob043_RAM_sample2_initial,
shape_density_3d,RTLLM,Prob043_RAM,sequential,0,146c0d30-07a9-470d-9f0a-dcaff2d2971f,initial,generation_log,0.236619081526,0.236619081526,506,0.069,0.3,734,0.109,0.31,0.310626702997,0.366972477064,0.0322580645161,/workspace/exp/natural_qd_push/p3c_bd_sweep_20260704_093150_UTC/live/shape_density_3d/seed_1002/openai_gpt-oss-120b/RTLLM/Prob043_RAM/Gen0/Prob043_RAM_sample3_initial,
shape_density_3d,RTLLM,Prob043_RAM,sequential,0,d923fad5-47cf-4880-9437-595014377786,initial,generation_log,0.236619081526,0.236619081526,506,0.069,0.3,734,0.109,0.31,0.310626702997,0.366972477064,0.0322580645161,/workspace/exp/natural_qd_push/p3c_bd_sweep_20260704_093150_UTC/live/shape_density_3d/seed_1002/openai_gpt-oss-120b/RTLLM/Prob043_RAM/Gen0/Prob043_RAM_sample4_initial,
shape_density_3d,RTLLM,Prob043_RAM,sequential,0,428e539e-a98a-4da9-94b5-69775af24cc7,initial,generation_log,0.236619081526,0.236619081526,506,0.069,0.3,734,0.109,0.31,0.310626702997,0.366972477064,0.0322580645161,/workspace/exp/natural_qd_push/p3c_bd_sweep_20260704_093150_UTC/live/shape_density_3d/seed_1002/openai_gpt-oss-120b/RTLLM/Prob043_RAM/Gen0/Prob043_RAM_sample5_initial,
shape_density_3d,RTLLM,Prob043_RAM,sequential,0,b95881c7-3edd-48e8-8e12-cb92a484427e,initial,generation_log,0.236619081526,0.236619081526,506,0.069,0.3,734,0.109,0.31,0.310626702997,0.366972477064,0.0322580645161,/workspace/exp/natural_qd_push/p3c_bd_sweep_20260704_093150_UTC/live/shape_density_3d/seed_1002/openai_gpt-oss-120b/RTLLM/Prob043_RAM/Gen0/Prob043_RAM_sample6_initial,
shape_density_3d,RTLLM,Prob043_RAM,sequential,0,4bfca4de-0869-4f84-8f40-c4c0bb84ffb1,initial,generation_log,0.236619081526,0.236619081526,506,0.069,0.3,734,0.109,0.31,0.310626702997,0.366972477064,0.0322580645161,/workspace/exp/natural_qd_push/p3c_bd_sweep_20260704_093150_UTC/live/shape_density_3d/seed_1002/openai_gpt-oss-120b/RTLLM/Prob043_RAM/Gen0/Prob043_RAM_sample7_initial,
shape_density_3d,RTLLM,Prob043_RAM,sequential,0,f03f059d-c3c0-49df-86c3-13e0b609d98b,initial,generation_log,0.236619081526,0.236619081526,506,0.069,0.3,734,0.109,0.31,0.310626702997,0.366972477064,0.0322580645161,/workspace/exp/natural_qd_push/p3c_bd_sweep_20260704_093150_UTC/live/shape_density_3d/seed_1002/openai_gpt-oss-120b/RTLLM/Prob043_RAM/Gen0/Prob043_RAM_sample8_initial,
shape_density_3d,RTLLM,Prob043_RAM,sequential,1,40005f08-95aa-4823-ba20-fbbddd9a9755,M-E,generation_log,0.126783098794,0.126783098794,621,0.123,0.2,734,0.109,0.31,0.153950953678,-0.128440366972,0.354838709677,/workspace/exp/natural_qd_push/p3c_bd_sweep_20260704_093150_UTC/live/shape_density_3d/seed_1002/openai_gpt-oss-120b/RTLLM/Prob043_RAM/Gen1/Prob043_RAM_sample1_M-E,
shape_density_3d,RTLLM,Prob043_RAM,sequential,2,d3e45e1c-cb6c-4eb7-86b3-fbfc0a9866c1,C-D,generation_log,0.236619081526,0.236619081526,506,0.069,0.3,734,0.109,0.31,0.310626702997,0.366972477064,0.0322580645161,/workspace/exp/natural_qd_push/p3c_bd_sweep_20260704_093150_UTC/live/shape_density_3d/seed_1002/openai_gpt-oss-120b/RTLLM/Prob043_RAM/Gen2/Prob043_RAM_sample1_C-D,
shape_density_3d,RTLLM,Prob043_RAM,sequential,2,365a0742-b8f2-4230-96ad-73af966f09f6,M-T,generation_log,0.271517620049,0.271517620049,459,0.0716,0.28,734,0.109,0.31,0.374659400545,0.343119266055,0.0967741935484,/workspace/exp/natural_qd_push/p3c_bd_sweep_20260704_093150_UTC/live/shape_density_3d/seed_1002/openai_gpt-oss-120b/RTLLM/Prob043_RAM/Gen2/Prob043_RAM_sample2_M-T,
shape_density_3d,RTLLM,Prob043_RAM,sequential,2,07b6607e-bed0-4989-a370-24b76119be8e,C-F,generation_log,0.236619081526,0.236619081526,506,0.069,0.3,734,0.109,0.31,0.310626702997,0.366972477064,0.0322580645161,/workspace/exp/natural_qd_push/p3c_bd_sweep_20260704_093150_UTC/live/shape_density_3d/seed_1002/openai_gpt-oss-120b/RTLLM/Prob043_RAM/Gen2/Prob043_RAM_sample7_C-F,
shape_density_3d,RTLLM,Prob043_RAM,sequential,2,880ecb77-7c6c-4c4d-bc55-6848bc449fe6,C-F,generation_log,0.321642677874,0.321642677874,454,0.0665,0.25,734,0.109,0.31,0.381471389646,0.389908256881,0.193548387097,/workspace/exp/natural_qd_push/p3c_bd_sweep_20260704_093150_UTC/live/shape_density_3d/seed_1002/openai_gpt-oss-120b/RTLLM/Prob043_RAM/Gen2/Prob043_RAM_sample8_C-F,
shape_density_3d,RTLLM,Prob043_RAM,sequential,3,f4cf53ff-5050-4cbe-8b20-b7952534db19,M-E,generation_log,0.22674898845,0.22674898845,521,0.07,0.3,734,0.109,0.31,0.290190735695,0.357798165138,0.0322580645161,/workspace/exp/natural_qd_push/p3c_bd_sweep_20260704_093150_UTC/live/shape_density_3d/seed_1002/openai_gpt-oss-120b/RTLLM/Prob043_RAM/Gen3/Prob043_RAM_sample1_M-E,
shape_density_3d,RTLLM,Prob043_RAM,sequential,3,551e1e44-1f94-43d5-a686-04aab6788b57,C-F,generation_log,0.321642677874,0.321642677874,454,0.0665,0.25,734,0.109,0.31,0.381471389646,0.389908256881,0.193548387097,/workspace/exp/natural_qd_push/p3c_bd_sweep_20260704_093150_UTC/live/shape_density_3d/seed_1002/openai_gpt-oss-120b/RTLLM/Prob043_RAM/Gen3/Prob043_RAM_sample5_C-F,
shape_density_3d,RTLLM,Prob043_RAM,sequential,4,675ac044-ca30-4c67-98bd-492301d4c276,C-D,generation_log,0.426122637576,0.426122637576,422,0.0617,0.18,734,0.109,0.31,0.425068119891,0.433944954128,0.41935483871,/workspace/exp/natural_qd_push/p3c_bd_sweep_20260704_093150_UTC/live/shape_density_3d/seed_1002/openai_gpt-oss-120b/RTLLM/Prob043_RAM/Gen4/Prob043_RAM_sample1_C-D,
shape_density_3d,RTLLM,Prob043_RAM,sequential,4,ee357c9b-e167-4abe-9ee0-9f6e784b63dc,C-F,generation_log,0.306837632339,0.306837632339,448,0.0652,0.27,734,0.109,0.31,0.389645776567,0.401834862385,0.129032258065,/workspace/exp/natural_qd_push/p3c_bd_sweep_20260704_093150_UTC/live/shape_density_3d/seed_1002/openai_gpt-oss-120b/RTLLM/Prob043_RAM/Gen4/Prob043_RAM_sample7_C-F,
shape_density_3d,RTLLM,Prob043_RAM,sequential,4,317a33ad-d4ca-4657-8bd0-77d9b4f96c2a,C-F,generation_log,0.306837632339,0.306837632339,448,0.0652,0.27,734,0.109,0.31,0.389645776567,0.401834862385,0.129032258065,/workspace/exp/natural_qd_push/p3c_bd_sweep_20260704_093150_UTC/live/shape_density_3d/seed_1002/openai_gpt-oss-120b/RTLLM/Prob043_RAM/Gen4/Prob043_RAM_sample8_C-F,
shape_density_3d,RTLLM,Prob043_RAM,sequential,5,571cbe3d-5789-4817-afe9-223649e4f3a2,M-T,generation_log,0.426122637576,0.426122637576,422,0.0617,0.18,734,0.109,0.31,0.425068119891,0.433944954128,0.41935483871,/workspace/exp/natural_qd_push/p3c_bd_sweep_20260704_093150_UTC/live/shape_density_3d/seed_1002/openai_gpt-oss-120b/RTLLM/Prob043_RAM/Gen5/Prob043_RAM_sample1_M-T,
shape_density_3d,RTLLM,Prob043_RAM,sequential,5,51d7c0cc-4b40-488e-a64b-611a25f07f80,C-D,generation_log,0.22674898845,0.22674898845,521,0.07,0.3,734,0.109,0.31,0.290190735695,0.357798165138,0.0322580645161,/workspace/exp/natural_qd_push/p3c_bd_sweep_20260704_093150_UTC/live/shape_density_3d/seed_1002/openai_gpt-oss-120b/RTLLM/Prob043_RAM/Gen5/Prob043_RAM_sample2_C-D,
shape_density_3d,RTLLM,Prob043_RAM,sequential,5,0c00cbfe-f30f-4a0d-9d4b-3607b96dbb7f,C-F,generation_log,0.385622341765,0.385622341765,493,0.0644,0.18,734,0.109,0.31,0.328337874659,0.409174311927,0.41935483871,/workspace/exp/natural_qd_push/p3c_bd_sweep_20260704_093150_UTC/live/shape_density_3d/seed_1002/openai_gpt-oss-120b/RTLLM/Prob043_RAM/Gen5/Prob043_RAM_sample3_C-F,
shape_density_3d,RTLLM,Prob043_RAM,sequential,5,41ebe76c-da3c-413a-95be-03de3d7aa92f,C-F,generation_log,0.406596602029,0.406596602029,432,0.0666,0.18,734,0.109,0.31,0.411444141689,0.388990825688,0.41935483871,/workspace/exp/natural_qd_push/p3c_bd_sweep_20260704_093150_UTC/live/shape_density_3d/seed_1002/openai_gpt-oss-120b/RTLLM/Prob043_RAM/Gen5/Prob043_RAM_sample5_C-F,
shape_density_3d,RTLLM,Prob043_RAM,sequential,5,545582f2-d668-4202-809f-4a9c8e961036,M-I,generation_log,0.321642677874,0.321642677874,454,0.0665,0.25,734,0.109,0.31,0.381471389646,0.389908256881,0.193548387097,/workspace/exp/natural_qd_push/p3c_bd_sweep_20260704_093150_UTC/live/shape_density_3d/seed_1002/openai_gpt-oss-120b/RTLLM/Prob043_RAM/Gen5/Prob043_RAM_sample8_M-I,
shape_density_3d,RTLLM,Prob044_ROM,combinational,0,2431ca23-5d97-43ff-a6da-6b3f890642ea,initial,generation_log,0.187029036005,0.280543554007,20,2.12e-06,0,14,0.000205,0,-0.428571428571,0.989658536585,0,/workspace/exp/natural_qd_push/p3c_bd_sweep_20260704_093150_UTC/live/shape_density_3d/seed_1002/openai_gpt-oss-120b/RTLLM/Prob044_ROM/Gen0/Prob044_ROM_sample1_initial,
shape_density_3d,RTLLM,Prob044_ROM,combinational,0,e35e7bde-8e5f-4ea2-a649-0e2477085e31,initial,generation_log,0.329430894309,0.494146341463,14,2.4e-06,0,14,0.000205,0,0,0.988292682927,0,/workspace/exp/natural_qd_push/p3c_bd_sweep_20260704_093150_UTC/live/shape_density_3d/seed_1002/openai_gpt-oss-120b/RTLLM/Prob044_ROM/Gen0/Prob044_ROM_sample2_initial,
shape_density_3d,RTLLM,Prob044_ROM,combinational,0,3015c09c-87e1-4ced-a973-d5a55c69b2d6,initial,generation_log,0.329430894309,0.494146341463,14,2.4e-06,0,14,0.000205,0,0,0.988292682927,0,/workspace/exp/natural_qd_push/p3c_bd_sweep_20260704_093150_UTC/live/shape_density_3d/seed_1002/openai_gpt-oss-120b/RTLLM/Prob044_ROM/Gen0/Prob044_ROM_sample3_initial,
shape_density_3d,RTLLM,Prob044_ROM,combinational,0,c3736d25-b69d-40eb-a138-961648a38714,initial,generation_log,0.329430894309,0.494146341463,14,2.4e-06,0,14,0.000205,0,0,0.988292682927,0,/workspace/exp/natural_qd_push/p3c_bd_sweep_20260704_093150_UTC/live/shape_density_3d/seed_1002/openai_gpt-oss-120b/RTLLM/Prob044_ROM/Gen0/Prob044_ROM_sample4_initial,
shape_density_3d,RTLLM,Prob044_ROM,combinational,0,b00d88eb-580c-40e5-b7f2-10e53f6d9d79,initial,generation_log,0.329430894309,0.494146341463,14,2.4e-06,0,14,0.000205,0,0,0.988292682927,0,/workspace/exp/natural_qd_push/p3c_bd_sweep_20260704_093150_UTC/live/shape_density_3d/seed_1002/openai_gpt-oss-120b/RTLLM/Prob044_ROM/Gen0/Prob044_ROM_sample5_initial,
shape_density_3d,RTLLM,Prob044_ROM,combinational,0,da6d554c-ed85-44e7-a4ee-60c7533b7ddd,initial,generation_log,0.187029036005,0.280543554007,20,2.12e-06,0,14,0.000205,0,-0.428571428571,0.989658536585,0,/workspace/exp/natural_qd_push/p3c_bd_sweep_20260704_093150_UTC/live/shape_density_3d/seed_1002/openai_gpt-oss-120b/RTLLM/Prob044_ROM/Gen0/Prob044_ROM_sample6_initial,
shape_density_3d,RTLLM,Prob044_ROM,combinational,0,e58f3b9f-248c-4c29-9328-20ba4802cb54,initial,generation_log,0.187029036005,0.280543554007,20,2.12e-06,0,14,0.000205,0,-0.428571428571,0.989658536585,0,/workspace/exp/natural_qd_push/p3c_bd_sweep_20260704_093150_UTC/live/shape_density_3d/seed_1002/openai_gpt-oss-120b/RTLLM/Prob044_ROM/Gen0/Prob044_ROM_sample7_initial,
shape_density_3d,RTLLM,Prob044_ROM,combinational,0,6d2708d9-8f70-4c9d-8864-ecf183e1d3d4,initial,generation_log,0.329430894309,0.494146341463,14,2.4e-06,0,14,0.000205,0,0,0.988292682927,0,/workspace/exp/natural_qd_push/p3c_bd_sweep_20260704_093150_UTC/live/shape_density_3d/seed_1002/openai_gpt-oss-120b/RTLLM/Prob044_ROM/Gen0/Prob044_ROM_sample8_initial,
shape_density_3d,RTLLM,Prob044_ROM,combinational,1,3eaa0433-e712-42f5-975b-d67fcf706a60,initial,generation_log,0.329430894309,0.494146341463,14,2.4e-06,0,14,0.000205,0,0,0.988292682927,0,/workspace/exp/natural_qd_push/p3c_bd_sweep_20260704_093150_UTC/live/shape_density_3d/seed_1002/openai_gpt-oss-120b/RTLLM/Prob044_ROM/Gen1/Prob044_ROM_sample1_initial,
shape_density_3d,RTLLM,Prob044_ROM,combinational,1,02153ace-a7b4-491e-b472-f005167ce169,initial,generation_log,0.329430894309,0.494146341463,14,2.4e-06,0,14,0.000205,0,0,0.988292682927,0,/workspace/exp/natural_qd_push/p3c_bd_sweep_20260704_093150_UTC/live/shape_density_3d/seed_1002/openai_gpt-oss-120b/RTLLM/Prob044_ROM/Gen1/Prob044_ROM_sample2_initial,
shape_density_3d,RTLLM,Prob044_ROM,combinational,1,cc687341-d390-4186-9dcf-5346315a3f94,C-D,generation_log,0.329430894309,0.494146341463,14,2.4e-06,0,14,0.000205,0,0,0.988292682927,0,/workspace/exp/natural_qd_push/p3c_bd_sweep_20260704_093150_UTC/live/shape_density_3d/seed_1002/openai_gpt-oss-120b/RTLLM/Prob044_ROM/Gen1/Prob044_ROM_sample2_C-D,
shape_density_3d,RTLLM,Prob044_ROM,combinational,1,c828e37d-33b7-4545-9cdb-b2f6ef5cc84a,C-D,generation_log,0.329430894309,0.494146341463,14,2.4e-06,0,14,0.000205,0,0,0.988292682927,0,/workspace/exp/natural_qd_push/p3c_bd_sweep_20260704_093150_UTC/live/shape_density_3d/seed_1002/openai_gpt-oss-120b/RTLLM/Prob044_ROM/Gen1/Prob044_ROM_sample3_C-D,
shape_density_3d,RTLLM,Prob044_ROM,combinational,1,c6c1b3f8-38d2-4a62-ba17-73dc008f633e,M-T,generation_log,0.329430894309,0.494146341463,14,2.4e-06,0,14,0.000205,0,0,0.988292682927,0,/workspace/exp/natural_qd_push/p3c_bd_sweep_20260704_093150_UTC/live/shape_density_3d/seed_1002/openai_gpt-oss-120b/RTLLM/Prob044_ROM/Gen1/Prob044_ROM_sample4_M-T,
shape_density_3d,RTLLM,Prob044_ROM,combinational,1,d4bdc094-3247-43d0-96a4-fb573082eab8,M-T,generation_log,0.329430894309,0.494146341463,14,2.4e-06,0,14,0.000205,0,0,0.988292682927,0,/workspace/exp/natural_qd_push/p3c_bd_sweep_20260704_093150_UTC/live/shape_density_3d/seed_1002/openai_gpt-oss-120b/RTLLM/Prob044_ROM/Gen1/Prob044_ROM_sample6_M-T,
shape_density_3d,RTLLM,Prob044_ROM,combinational,2,2ee59ff9-12d6-4b33-ae00-cedabd193ab9,initial,generation_log,0.329430894309,0.494146341463,14,2.4e-06,0,14,0.000205,0,0,0.988292682927,0,/workspace/exp/natural_qd_push/p3c_bd_sweep_20260704_093150_UTC/live/shape_density_3d/seed_1002/openai_gpt-oss-120b/RTLLM/Prob044_ROM/Gen2/Prob044_ROM_sample1_initial,
shape_density_3d,RTLLM,Prob044_ROM,combinational,2,76166c65-38db-4a7a-bec2-2a8980870e0e,initial,generation_log,0.329430894309,0.494146341463,14,2.4e-06,0,14,0.000205,0,0,0.988292682927,0,/workspace/exp/natural_qd_push/p3c_bd_sweep_20260704_093150_UTC/live/shape_density_3d/seed_1002/openai_gpt-oss-120b/RTLLM/Prob044_ROM/Gen2/Prob044_ROM_sample2_initial,
shape_density_3d,RTLLM,Prob044_ROM,combinational,2,4760bb10-6556-4ac6-8539-54be0ec0087a,M-E,generation_log,0.187012775842,0.280519163763,20,2.13e-06,0,14,0.000205,0,-0.428571428571,0.989609756098,0,/workspace/exp/natural_qd_push/p3c_bd_sweep_20260704_093150_UTC/live/shape_density_3d/seed_1002/openai_gpt-oss-120b/RTLLM/Prob044_ROM/Gen2/Prob044_ROM_sample1_M-E,
shape_density_3d,RTLLM,Prob044_ROM,combinational,2,29e8481e-e046-48bd-8fa4-a6fc322d969a,M-F,generation_log,0.329430894309,0.494146341463,14,2.4e-06,0,14,0.000205,0,0,0.988292682927,0,/workspace/exp/natural_qd_push/p3c_bd_sweep_20260704_093150_UTC/live/shape_density_3d/seed_1002/openai_gpt-oss-120b/RTLLM/Prob044_ROM/Gen2/Prob044_ROM_sample2_M-F,
shape_density_3d,RTLLM,Prob044_ROM,combinational,2,c9808569-493b-4757-991b-1797c9dd3c28,M-T,generation_log,0.329430894309,0.494146341463,14,2.4e-06,0,14,0.000205,0,0,0.988292682927,0,/workspace/exp/natural_qd_push/p3c_bd_sweep_20260704_093150_UTC/live/shape_density_3d/seed_1002/openai_gpt-oss-120b/RTLLM/Prob044_ROM/Gen2/Prob044_ROM_sample4_M-T,
shape_density_3d,RTLLM,Prob044_ROM,combinational,3,505bc203-dd5b-4464-9af9-46f587850e9d,C-D,generation_log,0.329430894309,0.494146341463,14,2.4e-06,0,14,0.000205,0,0,0.988292682927,0,/workspace/exp/natural_qd_push/p3c_bd_sweep_20260704_093150_UTC/live/shape_density_3d/seed_1002/openai_gpt-oss-120b/RTLLM/Prob044_ROM/Gen3/Prob044_ROM_sample2_C-D,
shape_density_3d,RTLLM,Prob044_ROM,combinational,3,d182759e-bdb1-4ba0-8700-a23455cc5a1f,M-S,generation_log,0.329430894309,0.494146341463,14,2.4e-06,0,14,0.000205,0,0,0.988292682927,0,/workspace/exp/natural_qd_push/p3c_bd_sweep_20260704_093150_UTC/live/shape_density_3d/seed_1002/openai_gpt-oss-120b/RTLLM/Prob044_ROM/Gen3/Prob044_ROM_sample3_M-S,
shape_density_3d,RTLLM,Prob044_ROM,combinational,3,02226ad9-b1bc-4c39-9545-9b99ae83f1aa,M-R,generation_log,0.329430894309,0.494146341463,14,2.4e-06,0,14,0.000205,0,0,0.988292682927,0,/workspace/exp/natural_qd_push/p3c_bd_sweep_20260704_093150_UTC/live/shape_density_3d/seed_1002/openai_gpt-oss-120b/RTLLM/Prob044_ROM/Gen3/Prob044_ROM_sample4_M-R,
shape_density_3d,RTLLM,Prob044_ROM,combinational,3,df3fc4af-85e2-452a-ab11-049d037ae787,M-I,generation_log,0.329430894309,0.494146341463,14,2.4e-06,0,14,0.000205,0,0,0.988292682927,0,/workspace/exp/natural_qd_push/p3c_bd_sweep_20260704_093150_UTC/live/shape_density_3d/seed_1002/openai_gpt-oss-120b/RTLLM/Prob044_ROM/Gen3/Prob044_ROM_sample5_M-I,
shape_density_3d,RTLLM,Prob044_ROM,combinational,3,4c6bd164-b396-41ea-a8ad-37a20ab612e5,C-F,generation_log,0.329430894309,0.494146341463,14,2.4e-06,0,14,0.000205,0,0,0.988292682927,0,/workspace/exp/natural_qd_push/p3c_bd_sweep_20260704_093150_UTC/live/shape_density_3d/seed_1002/openai_gpt-oss-120b/RTLLM/Prob044_ROM/Gen3/Prob044_ROM_sample6_C-F,
shape_density_3d,RTLLM,Prob044_ROM,combinational,3,fef672c7-4b6a-411b-80bb-60498f73cbd1,M-S,generation_log,0.329430894309,0.494146341463,14,2.4e-06,0,14,0.000205,0,0,0.988292682927,0,/workspace/exp/natural_qd_push/p3c_bd_sweep_20260704_093150_UTC/live/shape_density_3d/seed_1002/openai_gpt-oss-120b/RTLLM/Prob044_ROM/Gen3/Prob044_ROM_sample7_M-S,
shape_density_3d,RTLLM,Prob044_ROM,combinational,3,5d4fbc2f-2421-4ae1-81af-115e9e5be058,C-F,generation_log,0.329430894309,0.494146341463,14,2.4e-06,0,14,0.000205,0,0,0.988292682927,0,/workspace/exp/natural_qd_push/p3c_bd_sweep_20260704_093150_UTC/live/shape_density_3d/seed_1002/openai_gpt-oss-120b/RTLLM/Prob044_ROM/Gen3/Prob044_ROM_sample8_C-F,
shape_density_3d,RTLLM,Prob044_ROM,combinational,4,37ab15a6-028d-4a96-8fa5-1e70c3bad6b0,M-I,generation_log,0.329430894309,0.494146341463,14,2.4e-06,0,14,0.000205,0,0,0.988292682927,0,/workspace/exp/natural_qd_push/p3c_bd_sweep_20260704_093150_UTC/live/shape_density_3d/seed_1002/openai_gpt-oss-120b/RTLLM/Prob044_ROM/Gen4/Prob044_ROM_sample7_M-I,
shape_density_3d,RTLLM,Prob044_ROM,combinational,4,8c40a4c5-966f-4c87-9bf9-8d87b614eb33,M-S,generation_log,0.329430894309,0.494146341463,14,2.4e-06,0,14,0.000205,0,0,0.988292682927,0,/workspace/exp/natural_qd_push/p3c_bd_sweep_20260704_093150_UTC/live/shape_density_3d/seed_1002/openai_gpt-oss-120b/RTLLM/Prob044_ROM/Gen4/Prob044_ROM_sample8_M-S,
shape_density_3d,RTLLM,Prob044_ROM,combinational,5,85dc4d58-f42d-4214-9972-cd449a608236,M-T,generation_log,0.329430894309,0.494146341463,14,2.4e-06,0,14,0.000205,0,0,0.988292682927,0,/workspace/exp/natural_qd_push/p3c_bd_sweep_20260704_093150_UTC/live/shape_density_3d/seed_1002/openai_gpt-oss-120b/RTLLM/Prob044_ROM/Gen5/Prob044_ROM_sample1_M-T,
shape_density_3d,RTLLM,Prob044_ROM,combinational,5,14d07b76-42d0-41dd-9676-beeebca0030a,C-F,generation_log,0.329430894309,0.494146341463,14,2.4e-06,0,14,0.000205,0,0,0.988292682927,0,/workspace/exp/natural_qd_push/p3c_bd_sweep_20260704_093150_UTC/live/shape_density_3d/seed_1002/openai_gpt-oss-120b/RTLLM/Prob044_ROM/Gen5/Prob044_ROM_sample3_C-F,
shape_density_3d,RTLLM,Prob044_ROM,combinational,5,20c22176-4c3f-4ba0-85c3-e896d9dec734,C-F,generation_log,0.329430894309,0.494146341463,14,2.4e-06,0,14,0.000205,0,0,0.988292682927,0,/workspace/exp/natural_qd_push/p3c_bd_sweep_20260704_093150_UTC/live/shape_density_3d/seed_1002/openai_gpt-oss-120b/RTLLM/Prob044_ROM/Gen5/Prob044_ROM_sample5_C-F,
shape_density_3d,RTLLM,Prob044_ROM,combinational,5,55c11eb2-799f-4d2f-b95a-5cc254d88aa0,M-S,generation_log,0.329430894309,0.494146341463,14,2.4e-06,0,14,0.000205,0,0,0.988292682927,0,/workspace/exp/natural_qd_push/p3c_bd_sweep_20260704_093150_UTC/live/shape_density_3d/seed_1002/openai_gpt-oss-120b/RTLLM/Prob044_ROM/Gen5/Prob044_ROM_sample6_M-S,
shape_density_3d,RTLLM,Prob044_ROM,combinational,5,5be831cc-4cbb-448e-bd8f-b980800c4784,M-I,generation_log,0.329430894309,0.494146341463,14,2.4e-06,0,14,0.000205,0,0,0.988292682927,0,/workspace/exp/natural_qd_push/p3c_bd_sweep_20260704_093150_UTC/live/shape_density_3d/seed_1002/openai_gpt-oss-120b/RTLLM/Prob044_ROM/Gen5/Prob044_ROM_sample7_M-I,
shape_density_3d,RTLLM,Prob045_alu,combinational,0,cf59fc8a-db8f-408d-bc87-faf20971c47f,initial,generation_log,0.377158157566,0.565737236349,1911,0.0011,0,2225,0.114,0,0.141123595506,0.990350877193,0,/workspace/exp/natural_qd_push/p3c_bd_sweep_20260704_093150_UTC/live/shape_density_3d/seed_1002/openai_gpt-oss-120b/RTLLM/Prob045_alu/Gen0/Prob045_alu_sample1_initial,
shape_density_3d,RTLLM,Prob045_alu,combinational,0,84275b2f-993c-4792-ab6b-6b6fc7b777a8,initial,generation_log,0.377395689599,0.566093534398,1910,0.00107,0,2225,0.114,0,0.141573033708,0.990614035088,0,/workspace/exp/natural_qd_push/p3c_bd_sweep_20260704_093150_UTC/live/shape_density_3d/seed_1002/openai_gpt-oss-120b/RTLLM/Prob045_alu/Gen0/Prob045_alu_sample2_initial,
shape_density_3d,RTLLM,Prob045_alu,combinational,0,eac0bb2e-5265-480c-841b-b774c040cc93,initial,generation_log,0.378627045141,0.567940567711,1901,0.00111,0,2225,0.114,0,0.145617977528,0.990263157895,0,/workspace/exp/natural_qd_push/p3c_bd_sweep_20260704_093150_UTC/live/shape_density_3d/seed_1002/openai_gpt-oss-120b/RTLLM/Prob045_alu/Gen0/Prob045_alu_sample3_initial,
shape_density_3d,RTLLM,Prob045_alu,combinational,1,afa540d4-21d3-4f14-b5c5-ccf148bf71ec,M-S,generation_log,0.373288652342,0.559932978514,1938,0.00104,0,2225,0.114,0,0.128988764045,0.990877192982,0,/workspace/exp/natural_qd_push/p3c_bd_sweep_20260704_093150_UTC/live/shape_density_3d/seed_1002/openai_gpt-oss-120b/RTLLM/Prob045_alu/Gen1/Prob045_alu_sample6_M-S,
shape_density_3d,RTLLM,Prob045_alu,combinational,1,ea7b3ada-6dd1-42c8-80ac-542a1c4c93ce,M-I,generation_log,0.389318614889,0.583977922334,1831,0.00104,0,2225,0.114,0,0.177078651685,0.990877192982,0,/workspace/exp/natural_qd_push/p3c_bd_sweep_20260704_093150_UTC/live/shape_density_3d/seed_1002/openai_gpt-oss-120b/RTLLM/Prob045_alu/Gen1/Prob045_alu_sample7_M-I,
shape_density_3d,RTLLM,Prob045_alu,combinational,1,bfdf2572-59d4-403a-9b62-73e22ab3524b,M-S,generation_log,0.373288652342,0.559932978514,1938,0.00104,0,2225,0.114,0,0.128988764045,0.990877192982,0,/workspace/exp/natural_qd_push/p3c_bd_sweep_20260704_093150_UTC/live/shape_density_3d/seed_1002/openai_gpt-oss-120b/RTLLM/Prob045_alu/Gen1/Prob045_alu_sample8_M-S,
shape_density_3d,RTLLM,Prob045_alu,combinational,2,91d209b9-5a23-4aef-8036-0a277799c49c,M-I,generation_log,0.373288652342,0.559932978514,1938,0.00104,0,2225,0.114,0,0.128988764045,0.990877192982,0,/workspace/exp/natural_qd_push/p3c_bd_sweep_20260704_093150_UTC/live/shape_density_3d/seed_1002/openai_gpt-oss-120b/RTLLM/Prob045_alu/Gen2/Prob045_alu_sample6_M-I,
shape_density_3d,RTLLM,Prob045_alu,combinational,3,4fa3b2d5-5f67-4f1d-bde1-04ebdc8f9b8e,M-S,generation_log,0.3784700046,0.567705006899,1904,0.00101,0,2225,0.114,0,0.144269662921,0.991140350877,0,/workspace/exp/natural_qd_push/p3c_bd_sweep_20260704_093150_UTC/live/shape_density_3d/seed_1002/openai_gpt-oss-120b/RTLLM/Prob045_alu/Gen3/Prob045_alu_sample8_M-S,
shape_density_3d,RTLLM,Prob045_alu,combinational,4,3e5faf96-05ab-4d66-9bdd-cf90ad30224c,C-D,generation_log,0.373288652342,0.559932978514,1938,0.00104,0,2225,0.114,0,0.128988764045,0.990877192982,0,/workspace/exp/natural_qd_push/p3c_bd_sweep_20260704_093150_UTC/live/shape_density_3d/seed_1002/openai_gpt-oss-120b/RTLLM/Prob045_alu/Gen4/Prob045_alu_sample1_C-D,
shape_density_3d,RTLLM,Prob045_alu,combinational,4,9e8b76fb-77e8-496f-a6aa-1a5f4e4185f0,M-T,generation_log,0.373288652342,0.559932978514,1938,0.00104,0,2225,0.114,0,0.128988764045,0.990877192982,0,/workspace/exp/natural_qd_push/p3c_bd_sweep_20260704_093150_UTC/live/shape_density_3d/seed_1002/openai_gpt-oss-120b/RTLLM/Prob045_alu/Gen4/Prob045_alu_sample2_M-T,
shape_density_3d,RTLLM,Prob045_alu,combinational,4,b2abb57f-4811-4436-852e-501c1d123b85,M-R,generation_log,0.3784700046,0.567705006899,1904,0.00101,0,2225,0.114,0,0.144269662921,0.991140350877,0,/workspace/exp/natural_qd_push/p3c_bd_sweep_20260704_093150_UTC/live/shape_density_3d/seed_1002/openai_gpt-oss-120b/RTLLM/Prob045_alu/Gen4/Prob045_alu_sample3_M-R,
shape_density_3d,RTLLM,Prob045_alu,combinational,4,de8d3e24-c4f9-45ac-a844-7cc41a87e2fb,M-S,generation_log,0.3784700046,0.567705006899,1904,0.00101,0,2225,0.114,0,0.144269662921,0.991140350877,0,/workspace/exp/natural_qd_push/p3c_bd_sweep_20260704_093150_UTC/live/shape_density_3d/seed_1002/openai_gpt-oss-120b/RTLLM/Prob045_alu/Gen4/Prob045_alu_sample4_M-S,
shape_density_3d,RTLLM,Prob045_alu,combinational,4,f714c957-9d0c-479b-9bd6-e22f3b02166a,C-F,generation_log,0.371790525002,0.557685787502,1948,0.00104,0,2225,0.114,0,0.124494382022,0.990877192982,0,/workspace/exp/natural_qd_push/p3c_bd_sweep_20260704_093150_UTC/live/shape_density_3d/seed_1002/openai_gpt-oss-120b/RTLLM/Prob045_alu/Gen4/Prob045_alu_sample5_C-F,
shape_density_3d,RTLLM,Prob045_alu,combinational,4,6d65c047-c1ad-4297-a37e-413c00e66e7e,M-I,generation_log,0.391182929233,0.58677439385,1820,0.000966,0,2225,0.114,0,0.18202247191,0.991526315789,0,/workspace/exp/natural_qd_push/p3c_bd_sweep_20260704_093150_UTC/live/shape_density_3d/seed_1002/openai_gpt-oss-120b/RTLLM/Prob045_alu/Gen4/Prob045_alu_sample6_M-I,
shape_density_3d,RTLLM,Prob045_alu,combinational,5,9fc447ab-3e18-47fb-8f54-d93da7810aad,C-D,generation_log,0.377899993429,0.566849990144,1908,0.001,0,2225,0.114,0,0.142471910112,0.991228070175,0,/workspace/exp/natural_qd_push/p3c_bd_sweep_20260704_093150_UTC/live/shape_density_3d/seed_1002/openai_gpt-oss-120b/RTLLM/Prob045_alu/Gen5/Prob045_alu_sample1_C-D,
shape_density_3d,RTLLM,Prob045_alu,combinational,5,196d8f04-15f0-4a96-a149-aeb1691ab4a8,M-E,generation_log,0.416377094421,0.624565641632,1653,0.000906,0,2225,0.114,0,0.257078651685,0.992052631579,0,/workspace/exp/natural_qd_push/p3c_bd_sweep_20260704_093150_UTC/live/shape_density_3d/seed_1002/openai_gpt-oss-120b/RTLLM/Prob045_alu/Gen5/Prob045_alu_sample2_M-E,
shape_density_3d,RTLLM,Prob045_alu,combinational,5,978fa4c5-8ab1-42ae-b3f9-cfe617e27f7b,C-F,generation_log,0.391030192523,0.586545288784,1821,0.000967,0,2225,0.114,0,0.181573033708,0.99151754386,0,/workspace/exp/natural_qd_push/p3c_bd_sweep_20260704_093150_UTC/live/shape_density_3d/seed_1002/openai_gpt-oss-120b/RTLLM/Prob045_alu/Gen5/Prob045_alu_sample3_C-F,
shape_density_3d,RTLLM,Prob045_alu,combinational,5,7d8d5b59-11b8-44bb-9303-a12993a78007,M-S,generation_log,0.389318614889,0.583977922334,1831,0.00104,0,2225,0.114,0,0.177078651685,0.990877192982,0,/workspace/exp/natural_qd_push/p3c_bd_sweep_20260704_093150_UTC/live/shape_density_3d/seed_1002/openai_gpt-oss-120b/RTLLM/Prob045_alu/Gen5/Prob045_alu_sample4_M-S,
shape_density_3d,RTLLM,Prob045_alu,combinational,5,407294d1-af43-4dc0-bced-38d7403fecef,M-I,generation_log,0.3784700046,0.567705006899,1904,0.00101,0,2225,0.114,0,0.144269662921,0.991140350877,0,/workspace/exp/natural_qd_push/p3c_bd_sweep_20260704_093150_UTC/live/shape_density_3d/seed_1002/openai_gpt-oss-120b/RTLLM/Prob045_alu/Gen5/Prob045_alu_sample8_M-I,
shape_density_3d,RTLLM,Prob047_instr_reg,sequential,0,6020d9d2-8549-4820-9fbd-8481c146437a,initial,generation_log,-0.256349568251,-0.256349568251,177,0.0151,0.2,119,0.0129,0.18,-0.487394957983,-0.170542635659,-0.111111111111,/workspace/exp/natural_qd_push/p3c_bd_sweep_20260704_093150_UTC/live/shape_density_3d/seed_1002/openai_gpt-oss-120b/RTLLM/Prob047_instr_reg/Gen0/Prob047_instr_reg_sample1_initial,
shape_density_3d,RTLLM,Prob047_instr_reg,sequential,0,6d6cc6f3-aac8-4601-9285-55ef183f475e,initial,generation_log,-0.016372440449,-0.016372440449,123,0.0131,0.18,119,0.0129,0.18,-0.0336134453782,-0.015503875969,0,/workspace/exp/natural_qd_push/p3c_bd_sweep_20260704_093150_UTC/live/shape_density_3d/seed_1002/openai_gpt-oss-120b/RTLLM/Prob047_instr_reg/Gen0/Prob047_instr_reg_sample3_initial,
shape_density_3d,RTLLM,Prob047_instr_reg,sequential,0,3a7786c5-2d8b-45f4-ae55-e5ee8a93affc,initial,generation_log,-0.256349568251,-0.256349568251,177,0.0151,0.2,119,0.0129,0.18,-0.487394957983,-0.170542635659,-0.111111111111,/workspace/exp/natural_qd_push/p3c_bd_sweep_20260704_093150_UTC/live/shape_density_3d/seed_1002/openai_gpt-oss-120b/RTLLM/Prob047_instr_reg/Gen0/Prob047_instr_reg_sample4_initial,
shape_density_3d,RTLLM,Prob047_instr_reg,sequential,0,79e25f5e-c11e-4b18-afd9-4ecd3c64b752,initial,generation_log,-0.256349568251,-0.256349568251,177,0.0151,0.2,119,0.0129,0.18,-0.487394957983,-0.170542635659,-0.111111111111,/workspace/exp/natural_qd_push/p3c_bd_sweep_20260704_093150_UTC/live/shape_density_3d/seed_1002/openai_gpt-oss-120b/RTLLM/Prob047_instr_reg/Gen0/Prob047_instr_reg_sample5_initial,
shape_density_3d,RTLLM,Prob047_instr_reg,sequential,0,806aa61c-9680-4118-8509-7d84e03644fc,initial,generation_log,-0.016372440449,-0.016372440449,123,0.0131,0.18,119,0.0129,0.18,-0.0336134453782,-0.015503875969,0,/workspace/exp/natural_qd_push/p3c_bd_sweep_20260704_093150_UTC/live/shape_density_3d/seed_1002/openai_gpt-oss-120b/RTLLM/Prob047_instr_reg/Gen0/Prob047_instr_reg_sample6_initial,
shape_density_3d,RTLLM,Prob047_instr_reg,sequential,0,0116dea2-d46b-40b9-8fc3-d7b23129c7de,initial,generation_log,-0.256349568251,-0.256349568251,177,0.0151,0.2,119,0.0129,0.18,-0.487394957983,-0.170542635659,-0.111111111111,/workspace/exp/natural_qd_push/p3c_bd_sweep_20260704_093150_UTC/live/shape_density_3d/seed_1002/openai_gpt-oss-120b/RTLLM/Prob047_instr_reg/Gen0/Prob047_instr_reg_sample7_initial,
shape_density_3d,RTLLM,Prob047_instr_reg,sequential,0,5765d6c3-52a0-4433-a03c-d5a34b9c25f0,initial,generation_log,-0.256349568251,-0.256349568251,177,0.0151,0.2,119,0.0129,0.18,-0.487394957983,-0.170542635659,-0.111111111111,/workspace/exp/natural_qd_push/p3c_bd_sweep_20260704_093150_UTC/live/shape_density_3d/seed_1002/openai_gpt-oss-120b/RTLLM/Prob047_instr_reg/Gen0/Prob047_instr_reg_sample8_initial,
shape_density_3d,RTLLM,Prob047_instr_reg,sequential,1,c070e8e4-a4c3-4522-b532-27f02c508622,M-F,generation_log,-0.256349568251,-0.256349568251,177,0.0151,0.2,119,0.0129,0.18,-0.487394957983,-0.170542635659,-0.111111111111,/workspace/exp/natural_qd_push/p3c_bd_sweep_20260704_093150_UTC/live/shape_density_3d/seed_1002/openai_gpt-oss-120b/RTLLM/Prob047_instr_reg/Gen1/Prob047_instr_reg_sample1_M-F,
shape_density_3d,RTLLM,Prob047_instr_reg,sequential,1,a61518bc-b976-430e-b835-31c6a95f96c0,M-R,generation_log,-0.177726387713,-0.177726387713,162,0.0144,0.19,119,0.0129,0.18,-0.361344537815,-0.116279069767,-0.0555555555556,/workspace/exp/natural_qd_push/p3c_bd_sweep_20260704_093150_UTC/live/shape_density_3d/seed_1002/openai_gpt-oss-120b/RTLLM/Prob047_instr_reg/Gen1/Prob047_instr_reg_sample3_M-R,
shape_density_3d,RTLLM,Prob047_instr_reg,sequential,1,48598f3f-8a48-449a-9f16-431325770031,M-R,generation_log,-0.177726387713,-0.177726387713,162,0.0144,0.19,119,0.0129,0.18,-0.361344537815,-0.116279069767,-0.0555555555556,/workspace/exp/natural_qd_push/p3c_bd_sweep_20260704_093150_UTC/live/shape_density_3d/seed_1002/openai_gpt-oss-120b/RTLLM/Prob047_instr_reg/Gen1/Prob047_instr_reg_sample5_M-R,
shape_density_3d,RTLLM,Prob047_instr_reg,sequential,1,37905a51-64c6-4479-b211-f1b5b817f9cb,M-S,generation_log,-0.256349568251,-0.256349568251,177,0.0151,0.2,119,0.0129,0.18,-0.487394957983,-0.170542635659,-0.111111111111,/workspace/exp/natural_qd_push/p3c_bd_sweep_20260704_093150_UTC/live/shape_density_3d/seed_1002/openai_gpt-oss-120b/RTLLM/Prob047_instr_reg/Gen1/Prob047_instr_reg_sample6_M-S,
shape_density_3d,RTLLM,Prob047_instr_reg,sequential,1,d7da5432-2d9d-4006-83b1-d6dbb7677bd8,M-S,generation_log,-0.177726387713,-0.177726387713,162,0.0144,0.19,119,0.0129,0.18,-0.361344537815,-0.116279069767,-0.0555555555556,/workspace/exp/natural_qd_push/p3c_bd_sweep_20260704_093150_UTC/live/shape_density_3d/seed_1002/openai_gpt-oss-120b/RTLLM/Prob047_instr_reg/Gen1/Prob047_instr_reg_sample7_M-S,
shape_density_3d,RTLLM,Prob047_instr_reg,sequential,1,04802742-d098-44f4-a1e7-293906aa8f5c,M-I,generation_log,-0.177726387713,-0.177726387713,162,0.0144,0.19,119,0.0129,0.18,-0.361344537815,-0.116279069767,-0.0555555555556,/workspace/exp/natural_qd_push/p3c_bd_sweep_20260704_093150_UTC/live/shape_density_3d/seed_1002/openai_gpt-oss-120b/RTLLM/Prob047_instr_reg/Gen1/Prob047_instr_reg_sample8_M-I,
shape_density_3d,RTLLM,Prob047_instr_reg,sequential,2,debe79ae-76c1-4a77-85e6-06b9773e61eb,C-D,generation_log,-0.177726387713,-0.177726387713,162,0.0144,0.19,119,0.0129,0.18,-0.361344537815,-0.116279069767,-0.0555555555556,/workspace/exp/natural_qd_push/p3c_bd_sweep_20260704_093150_UTC/live/shape_density_3d/seed_1002/openai_gpt-oss-120b/RTLLM/Prob047_instr_reg/Gen2/Prob047_instr_reg_sample1_C-D,
shape_density_3d,RTLLM,Prob047_instr_reg,sequential,2,29171f22-ed8e-4160-ad96-8afc79b8473d,C-F,generation_log,-0.256349568251,-0.256349568251,177,0.0151,0.2,119,0.0129,0.18,-0.487394957983,-0.170542635659,-0.111111111111,/workspace/exp/natural_qd_push/p3c_bd_sweep_20260704_093150_UTC/live/shape_density_3d/seed_1002/openai_gpt-oss-120b/RTLLM/Prob047_instr_reg/Gen2/Prob047_instr_reg_sample5_C-F,
shape_density_3d,RTLLM,Prob047_instr_reg,sequential,2,efb3ddbf-d9bf-41b5-92eb-0bb082a9b361,M-I,generation_log,-0.256349568251,-0.256349568251,177,0.0151,0.2,119,0.0129,0.18,-0.487394957983,-0.170542635659,-0.111111111111,/workspace/exp/natural_qd_push/p3c_bd_sweep_20260704_093150_UTC/live/shape_density_3d/seed_1002/openai_gpt-oss-120b/RTLLM/Prob047_instr_reg/Gen2/Prob047_instr_reg_sample6_M-I,
shape_density_3d,RTLLM,Prob047_instr_reg,sequential,2,53a43599-d3ee-4310-a446-6d0a9f754b7c,C-F,generation_log,-0.256349568251,-0.256349568251,177,0.0151,0.2,119,0.0129,0.18,-0.487394957983,-0.170542635659,-0.111111111111,/workspace/exp/natural_qd_push/p3c_bd_sweep_20260704_093150_UTC/live/shape_density_3d/seed_1002/openai_gpt-oss-120b/RTLLM/Prob047_instr_reg/Gen2/Prob047_instr_reg_sample8_C-F,
shape_density_3d,RTLLM,Prob047_instr_reg,sequential,3,0ae6c0b5-6b72-421a-9b6f-7a2ddd5ca0e1,M-T,generation_log,-0.177726387713,-0.177726387713,162,0.0144,0.19,119,0.0129,0.18,-0.361344537815,-0.116279069767,-0.0555555555556,/workspace/exp/natural_qd_push/p3c_bd_sweep_20260704_093150_UTC/live/shape_density_3d/seed_1002/openai_gpt-oss-120b/RTLLM/Prob047_instr_reg/Gen3/Prob047_instr_reg_sample1_M-T,
shape_density_3d,RTLLM,Prob047_instr_reg,sequential,3,b76aad1b-5afb-4cc7-9a64-965cd94b58a1,C-D,generation_log,-0.256349568251,-0.256349568251,177,0.0151,0.2,119,0.0129,0.18,-0.487394957983,-0.170542635659,-0.111111111111,/workspace/exp/natural_qd_push/p3c_bd_sweep_20260704_093150_UTC/live/shape_density_3d/seed_1002/openai_gpt-oss-120b/RTLLM/Prob047_instr_reg/Gen3/Prob047_instr_reg_sample2_C-D,
shape_density_3d,RTLLM,Prob047_instr_reg,sequential,3,3ed9dac9-ba4b-4958-8113-03c865fca200,C-F,generation_log,-0.177726387713,-0.177726387713,162,0.0144,0.19,119,0.0129,0.18,-0.361344537815,-0.116279069767,-0.0555555555556,/workspace/exp/natural_qd_push/p3c_bd_sweep_20260704_093150_UTC/live/shape_density_3d/seed_1002/openai_gpt-oss-120b/RTLLM/Prob047_instr_reg/Gen3/Prob047_instr_reg_sample3_C-F,
shape_density_3d,RTLLM,Prob047_instr_reg,sequential,3,87ea118e-d3f2-48f7-8a89-b43baf146ffa,M-S,generation_log,-0.256349568251,-0.256349568251,177,0.0151,0.2,119,0.0129,0.18,-0.487394957983,-0.170542635659,-0.111111111111,/workspace/exp/natural_qd_push/p3c_bd_sweep_20260704_093150_UTC/live/shape_density_3d/seed_1002/openai_gpt-oss-120b/RTLLM/Prob047_instr_reg/Gen3/Prob047_instr_reg_sample4_M-S,
shape_density_3d,RTLLM,Prob047_instr_reg,sequential,3,6629cdf3-b637-4797-bfbc-7ed035554402,C-F,generation_log,-0.256349568251,-0.256349568251,177,0.0151,0.2,119,0.0129,0.18,-0.487394957983,-0.170542635659,-0.111111111111,/workspace/exp/natural_qd_push/p3c_bd_sweep_20260704_093150_UTC/live/shape_density_3d/seed_1002/openai_gpt-oss-120b/RTLLM/Prob047_instr_reg/Gen3/Prob047_instr_reg_sample5_C-F,
shape_density_3d,RTLLM,Prob047_instr_reg,sequential,3,47508c1a-5804-4cbd-9eb5-29f8dd76b75f,C-F,generation_log,-0.256349568251,-0.256349568251,177,0.0151,0.2,119,0.0129,0.18,-0.487394957983,-0.170542635659,-0.111111111111,/workspace/exp/natural_qd_push/p3c_bd_sweep_20260704_093150_UTC/live/shape_density_3d/seed_1002/openai_gpt-oss-120b/RTLLM/Prob047_instr_reg/Gen3/Prob047_instr_reg_sample6_C-F,
shape_density_3d,RTLLM,Prob047_instr_reg,sequential,3,45729cfb-8aa2-4765-8c32-9a772f69744b,C-F,generation_log,-0.177726387713,-0.177726387713,162,0.0144,0.19,119,0.0129,0.18,-0.361344537815,-0.116279069767,-0.0555555555556,/workspace/exp/natural_qd_push/p3c_bd_sweep_20260704_093150_UTC/live/shape_density_3d/seed_1002/openai_gpt-oss-120b/RTLLM/Prob047_instr_reg/Gen3/Prob047_instr_reg_sample7_C-F,
shape_density_3d,RTLLM,Prob047_instr_reg,sequential,4,03f8cd57-9839-4965-83ef-3e725a56b6f8,C-D,generation_log,-0.256349568251,-0.256349568251,177,0.0151,0.2,119,0.0129,0.18,-0.487394957983,-0.170542635659,-0.111111111111,/workspace/exp/natural_qd_push/p3c_bd_sweep_20260704_093150_UTC/live/shape_density_3d/seed_1002/openai_gpt-oss-120b/RTLLM/Prob047_instr_reg/Gen4/Prob047_instr_reg_sample1_C-D,
shape_density_3d,RTLLM,Prob047_instr_reg,sequential,4,22442c11-8949-4999-a666-24cd304f7503,C-D,generation_log,-0.256349568251,-0.256349568251,177,0.0151,0.2,119,0.0129,0.18,-0.487394957983,-0.170542635659,-0.111111111111,/workspace/exp/natural_qd_push/p3c_bd_sweep_20260704_093150_UTC/live/shape_density_3d/seed_1002/openai_gpt-oss-120b/RTLLM/Prob047_instr_reg/Gen4/Prob047_instr_reg_sample2_C-D,
shape_density_3d,RTLLM,Prob047_instr_reg,sequential,4,f3b87e30-fb7c-48ec-b4b2-5f5ab15538bc,C-F,generation_log,-0.256349568251,-0.256349568251,177,0.0151,0.2,119,0.0129,0.18,-0.487394957983,-0.170542635659,-0.111111111111,/workspace/exp/natural_qd_push/p3c_bd_sweep_20260704_093150_UTC/live/shape_density_3d/seed_1002/openai_gpt-oss-120b/RTLLM/Prob047_instr_reg/Gen4/Prob047_instr_reg_sample3_C-F,
shape_density_3d,RTLLM,Prob047_instr_reg,sequential,4,2b35569c-b769-441c-a068-da92fe435c78,C-F,generation_log,-0.177726387713,-0.177726387713,162,0.0144,0.19,119,0.0129,0.18,-0.361344537815,-0.116279069767,-0.0555555555556,/workspace/exp/natural_qd_push/p3c_bd_sweep_20260704_093150_UTC/live/shape_density_3d/seed_1002/openai_gpt-oss-120b/RTLLM/Prob047_instr_reg/Gen4/Prob047_instr_reg_sample4_C-F,
shape_density_3d,RTLLM,Prob047_instr_reg,sequential,4,8ab5a47f-0519-4b01-b2de-e2016eb5cb2f,C-F,generation_log,-0.256349568251,-0.256349568251,177,0.0151,0.2,119,0.0129,0.18,-0.487394957983,-0.170542635659,-0.111111111111,/workspace/exp/natural_qd_push/p3c_bd_sweep_20260704_093150_UTC/live/shape_density_3d/seed_1002/openai_gpt-oss-120b/RTLLM/Prob047_instr_reg/Gen4/Prob047_instr_reg_sample5_C-F,
shape_density_3d,RTLLM,Prob047_instr_reg,sequential,4,80ab5c40-b220-485b-b5ba-152f5c02ed0f,M-I,generation_log,-0.177726387713,-0.177726387713,162,0.0144,0.19,119,0.0129,0.18,-0.361344537815,-0.116279069767,-0.0555555555556,/workspace/exp/natural_qd_push/p3c_bd_sweep_20260704_093150_UTC/live/shape_density_3d/seed_1002/openai_gpt-oss-120b/RTLLM/Prob047_instr_reg/Gen4/Prob047_instr_reg_sample6_M-I,
shape_density_3d,RTLLM,Prob047_instr_reg,sequential,4,3285b03b-18b4-4e77-b60d-688f099a8a2e,C-F,generation_log,-0.177726387713,-0.177726387713,162,0.0144,0.19,119,0.0129,0.18,-0.361344537815,-0.116279069767,-0.0555555555556,/workspace/exp/natural_qd_push/p3c_bd_sweep_20260704_093150_UTC/live/shape_density_3d/seed_1002/openai_gpt-oss-120b/RTLLM/Prob047_instr_reg/Gen4/Prob047_instr_reg_sample8_C-F,
shape_density_3d,RTLLM,Prob047_instr_reg,sequential,5,cc7b7c3a-3901-404f-b874-8dde566e8033,C-D,generation_log,-0.256349568251,-0.256349568251,177,0.0151,0.2,119,0.0129,0.18,-0.487394957983,-0.170542635659,-0.111111111111,/workspace/exp/natural_qd_push/p3c_bd_sweep_20260704_093150_UTC/live/shape_density_3d/seed_1002/openai_gpt-oss-120b/RTLLM/Prob047_instr_reg/Gen5/Prob047_instr_reg_sample1_C-D,
shape_density_3d,RTLLM,Prob047_instr_reg,sequential,5,b19a46ca-3851-4297-afbf-fff92b143671,C-D,generation_log,-0.256349568251,-0.256349568251,177,0.0151,0.2,119,0.0129,0.18,-0.487394957983,-0.170542635659,-0.111111111111,/workspace/exp/natural_qd_push/p3c_bd_sweep_20260704_093150_UTC/live/shape_density_3d/seed_1002/openai_gpt-oss-120b/RTLLM/Prob047_instr_reg/Gen5/Prob047_instr_reg_sample2_C-D,
shape_density_3d,RTLLM,Prob047_instr_reg,sequential,5,8e2ba0f6-4465-41df-9793-1e257146f49e,C-F,generation_log,-0.177726387713,-0.177726387713,162,0.0144,0.19,119,0.0129,0.18,-0.361344537815,-0.116279069767,-0.0555555555556,/workspace/exp/natural_qd_push/p3c_bd_sweep_20260704_093150_UTC/live/shape_density_3d/seed_1002/openai_gpt-oss-120b/RTLLM/Prob047_instr_reg/Gen5/Prob047_instr_reg_sample3_C-F,
shape_density_3d,RTLLM,Prob047_instr_reg,sequential,5,c01f92aa-2e20-4dc8-a2bb-1845442da541,M-I,generation_log,-0.177726387713,-0.177726387713,162,0.0144,0.19,119,0.0129,0.18,-0.361344537815,-0.116279069767,-0.0555555555556,/workspace/exp/natural_qd_push/p3c_bd_sweep_20260704_093150_UTC/live/shape_density_3d/seed_1002/openai_gpt-oss-120b/RTLLM/Prob047_instr_reg/Gen5/Prob047_instr_reg_sample4_M-I,
shape_density_3d,RTLLM,Prob047_instr_reg,sequential,5,3406bb7d-5cec-49e5-8e5d-660bea74b592,C-F,generation_log,-0.256349568251,-0.256349568251,177,0.0151,0.2,119,0.0129,0.18,-0.487394957983,-0.170542635659,-0.111111111111,/workspace/exp/natural_qd_push/p3c_bd_sweep_20260704_093150_UTC/live/shape_density_3d/seed_1002/openai_gpt-oss-120b/RTLLM/Prob047_instr_reg/Gen5/Prob047_instr_reg_sample5_C-F,
shape_density_3d,RTLLM,Prob047_instr_reg,sequential,5,0916d45f-6284-4bcb-8297-e6b9b5b2befd,C-F,generation_log,-0.256349568251,-0.256349568251,177,0.0151,0.2,119,0.0129,0.18,-0.487394957983,-0.170542635659,-0.111111111111,/workspace/exp/natural_qd_push/p3c_bd_sweep_20260704_093150_UTC/live/shape_density_3d/seed_1002/openai_gpt-oss-120b/RTLLM/Prob047_instr_reg/Gen5/Prob047_instr_reg_sample7_C-F,
shape_density_3d,RTLLM,Prob047_instr_reg,sequential,5,56c4eef6-4908-4a98-9c6d-e31f6afd68e2,C-F,generation_log,-0.177726387713,-0.177726387713,162,0.0144,0.19,119,0.0129,0.18,-0.361344537815,-0.116279069767,-0.0555555555556,/workspace/exp/natural_qd_push/p3c_bd_sweep_20260704_093150_UTC/live/shape_density_3d/seed_1002/openai_gpt-oss-120b/RTLLM/Prob047_instr_reg/Gen5/Prob047_instr_reg_sample8_C-F,
shape_density_3d,RTLLM,Prob048_pe,sequential,0,f30e37db-2445-4785-909d-e775e7e72b97,initial,generation_log,-0,0,3451,0.451,1.57,3451,0.451,1.57,0,0,0,/workspace/exp/natural_qd_push/p3c_bd_sweep_20260704_093150_UTC/live/shape_density_3d/seed_1002/openai_gpt-oss-120b/RTLLM/Prob048_pe/Gen0/Prob048_pe_sample1_initial,
shape_density_3d,RTLLM,Prob048_pe,sequential,0,fe48d7f3-57eb-435a-bbe7-5dc6626a32fc,initial,generation_log,-0,0,3451,0.451,1.57,3451,0.451,1.57,0,0,0,/workspace/exp/natural_qd_push/p3c_bd_sweep_20260704_093150_UTC/live/shape_density_3d/seed_1002/openai_gpt-oss-120b/RTLLM/Prob048_pe/Gen0/Prob048_pe_sample2_initial,
shape_density_3d,RTLLM,Prob048_pe,sequential,0,00ce67e3-8829-45de-af96-224d9f855ed9,initial,generation_log,0.000835688660356,0.000835688660356,3450,0.45,1.57,3451,0.451,1.57,0.000289771080846,0.00221729490022,0,/workspace/exp/natural_qd_push/p3c_bd_sweep_20260704_093150_UTC/live/shape_density_3d/seed_1002/openai_gpt-oss-120b/RTLLM/Prob048_pe/Gen0/Prob048_pe_sample3_initial,
shape_density_3d,RTLLM,Prob048_pe,sequential,0,bf8b471f-5599-4e2e-9045-8c1dcc6d15c5,initial,generation_log,-0,0,3451,0.451,1.57,3451,0.451,1.57,0,0,0,/workspace/exp/natural_qd_push/p3c_bd_sweep_20260704_093150_UTC/live/shape_density_3d/seed_1002/openai_gpt-oss-120b/RTLLM/Prob048_pe/Gen0/Prob048_pe_sample4_initial,
shape_density_3d,RTLLM,Prob048_pe,sequential,0,b735a978-c8e6-4ad5-b73d-6d0e18570ea2,initial,generation_log,0.000835688660356,0.000835688660356,3450,0.45,1.57,3451,0.451,1.57,0.000289771080846,0.00221729490022,0,/workspace/exp/natural_qd_push/p3c_bd_sweep_20260704_093150_UTC/live/shape_density_3d/seed_1002/openai_gpt-oss-120b/RTLLM/Prob048_pe/Gen0/Prob048_pe_sample5_initial,
shape_density_3d,RTLLM,Prob048_pe,sequential,0,d4c695f6-9178-4980-a3c5-7d76b8be91ca,initial,generation_log,-0,0,3451,0.451,1.57,3451,0.451,1.57,0,0,0,/workspace/exp/natural_qd_push/p3c_bd_sweep_20260704_093150_UTC/live/shape_density_3d/seed_1002/openai_gpt-oss-120b/RTLLM/Prob048_pe/Gen0/Prob048_pe_sample6_initial,
shape_density_3d,RTLLM,Prob048_pe,sequential,0,cf95aa71-b10f-4f4e-9763-e08b6df66d9d,initial,generation_log,-0,0,3451,0.451,1.57,3451,0.451,1.57,0,0,0,/workspace/exp/natural_qd_push/p3c_bd_sweep_20260704_093150_UTC/live/shape_density_3d/seed_1002/openai_gpt-oss-120b/RTLLM/Prob048_pe/Gen0/Prob048_pe_sample7_initial,
shape_density_3d,RTLLM,Prob048_pe,sequential,0,97360c41-f8f7-4523-8314-c393da960fd3,initial,generation_log,0.000835688660356,0.000835688660356,3450,0.45,1.57,3451,0.451,1.57,0.000289771080846,0.00221729490022,0,/workspace/exp/natural_qd_push/p3c_bd_sweep_20260704_093150_UTC/live/shape_density_3d/seed_1002/openai_gpt-oss-120b/RTLLM/Prob048_pe/Gen0/Prob048_pe_sample8_initial,
shape_density_3d,RTLLM,Prob048_pe,sequential,1,3223af08-6b25-4a65-af2d-bd2055162a0b,initial,generation_log,-0,0,3451,0.451,1.57,3451,0.451,1.57,0,0,0,/workspace/exp/natural_qd_push/p3c_bd_sweep_20260704_093150_UTC/live/shape_density_3d/seed_1002/openai_gpt-oss-120b/RTLLM/Prob048_pe/Gen1/Prob048_pe_sample1_initial,
shape_density_3d,RTLLM,Prob048_pe,sequential,1,365e0f1d-63e4-4029-8a83-1b0fd60893fa,initial,generation_log,-0,0,3451,0.451,1.57,3451,0.451,1.57,0,0,0,/workspace/exp/natural_qd_push/p3c_bd_sweep_20260704_093150_UTC/live/shape_density_3d/seed_1002/openai_gpt-oss-120b/RTLLM/Prob048_pe/Gen1/Prob048_pe_sample2_initial,
shape_density_3d,RTLLM,Prob048_pe,sequential,2,7fc73134-0012-4fb6-a959-c8fa4a54cc70,initial,generation_log,0.00253766081774,0.00253766081774,3420,0.443,1.6,3451,0.451,1.57,0.00898290350623,0.0177383592018,-0.0191082802548,/workspace/exp/natural_qd_push/p3c_bd_sweep_20260704_093150_UTC/live/shape_density_3d/seed_1002/openai_gpt-oss-120b/RTLLM/Prob048_pe/Gen2/Prob048_pe_sample1_initial,
shape_density_3d,RTLLM,Prob048_pe,sequential,2,9f72ded7-3c4f-4ac5-8b4b-6c408f234c31,M-F,generation_log,-0,0,3451,0.451,1.57,3451,0.451,1.57,0,0,0,/workspace/exp/natural_qd_push/p3c_bd_sweep_20260704_093150_UTC/live/shape_density_3d/seed_1002/openai_gpt-oss-120b/RTLLM/Prob048_pe/Gen2/Prob048_pe_sample3_M-F,
shape_density_3d,RTLLM,Prob048_pe,sequential,2,70b8522a-8c48-4fa5-822b-b6b1ce2dd7a8,M-F,generation_log,0.000835688660356,0.000835688660356,3450,0.45,1.57,3451,0.451,1.57,0.000289771080846,0.00221729490022,0,/workspace/exp/natural_qd_push/p3c_bd_sweep_20260704_093150_UTC/live/shape_density_3d/seed_1002/openai_gpt-oss-120b/RTLLM/Prob048_pe/Gen2/Prob048_pe_sample4_M-F,
shape_density_3d,RTLLM,Prob048_pe,sequential,3,b60b5e36-dbd5-4168-a886-32a3a6333fba,initial,generation_log,0.00263728092353,0.00263728092353,3439,0.449,1.57,3451,0.451,1.57,0.00347725297015,0.00443458980044,0,/workspace/exp/natural_qd_push/p3c_bd_sweep_20260704_093150_UTC/live/shape_density_3d/seed_1002/openai_gpt-oss-120b/RTLLM/Prob048_pe/Gen3/Prob048_pe_sample1_initial,
shape_density_3d,RTLLM,Prob048_pe,sequential,3,cc18843b-3f5d-4687-83ed-d7995eb4a702,M-F,generation_log,-0,0,3451,0.451,1.57,3451,0.451,1.57,0,0,0,/workspace/exp/natural_qd_push/p3c_bd_sweep_20260704_093150_UTC/live/shape_density_3d/seed_1002/openai_gpt-oss-120b/RTLLM/Prob048_pe/Gen3/Prob048_pe_sample3_M-F,
shape_density_3d,RTLLM,Prob048_pe,sequential,4,46daafad-13e7-4e34-bf6b-560db7e0a7f9,initial,generation_log,0.000835688660356,0.000835688660356,3450,0.45,1.57,3451,0.451,1.57,0.000289771080846,0.00221729490022,0,/workspace/exp/natural_qd_push/p3c_bd_sweep_20260704_093150_UTC/live/shape_density_3d/seed_1002/openai_gpt-oss-120b/RTLLM/Prob048_pe/Gen4/Prob048_pe_sample1_initial,
shape_density_3d,RTLLM,Prob048_pe,sequential,4,cc0643fd-b5d4-4a14-b76b-8089ebc34380,M-E,generation_log,0.0224034456563,0.0224034456563,3397,0.422,1.59,3451,0.451,1.57,0.0156476383657,0.0643015521064,-0.0127388535032,/workspace/exp/natural_qd_push/p3c_bd_sweep_20260704_093150_UTC/live/shape_density_3d/seed_1002/openai_gpt-oss-120b/RTLLM/Prob048_pe/Gen4/Prob048_pe_sample4_M-E,
shape_density_3d,RTLLM,Prob048_pe,sequential,4,136602ee-fe17-40fa-9605-a3ab471b2c0f,C-D,generation_log,-0.000324579732862,-0.000324579732862,3420,0.444,1.61,3451,0.451,1.57,0.00898290350623,0.0155210643016,-0.0254777070064,/workspace/exp/natural_qd_push/p3c_bd_sweep_20260704_093150_UTC/live/shape_density_3d/seed_1002/openai_gpt-oss-120b/RTLLM/Prob048_pe/Gen4/Prob048_pe_sample7_C-D,
shape_density_3d,RTLLM,Prob048_pe,sequential,5,3830a566-4103-40d8-ae70-aa751b7584ac,initial,generation_log,-0,0,3451,0.451,1.57,3451,0.451,1.57,0,0,0,/workspace/exp/natural_qd_push/p3c_bd_sweep_20260704_093150_UTC/live/shape_density_3d/seed_1002/openai_gpt-oss-120b/RTLLM/Prob048_pe/Gen5/Prob048_pe_sample1_initial,
shape_density_3d,RTLLM,Prob048_pe,sequential,5,044164fe-4e62-4619-b513-008c6dea3798,initial,generation_log,-0,0,3451,0.451,1.57,3451,0.451,1.57,0,0,0,/workspace/exp/natural_qd_push/p3c_bd_sweep_20260704_093150_UTC/live/shape_density_3d/seed_1002/openai_gpt-oss-120b/RTLLM/Prob048_pe/Gen5/Prob048_pe_sample2_initial,
shape_density_3d,RTLLM,Prob048_pe,sequential,5,d86993a4-b110-4146-8a61-0880c8b1157f,C-D,generation_log,0.00263728092353,0.00263728092353,3439,0.449,1.57,3451,0.451,1.57,0.00347725297015,0.00443458980044,0,/workspace/exp/natural_qd_push/p3c_bd_sweep_20260704_093150_UTC/live/shape_density_3d/seed_1002/openai_gpt-oss-120b/RTLLM/Prob048_pe/Gen5/Prob048_pe_sample5_C-D,
shape_density_3d,RTLLM,Prob049_signal_generator,sequential,0,4d3d276f-7ab7-4dc8-a7dd-ed06c838f14b,initial,generation_log,0.234774694403,0.234774694403,82,0.00252,0.38,94,0.00467,0.43,0.127659574468,0.460385438972,0.116279069767,/workspace/exp/natural_qd_push/p3c_bd_sweep_20260704_093150_UTC/live/shape_density_3d/seed_1002/openai_gpt-oss-120b/RTLLM/Prob049_signal_generator/Gen0/Prob049_signal_generator_sample1_initial,
shape_density_3d,RTLLM,Prob049_signal_generator,sequential,0,ec03a16c-65fa-4c2b-8e71-4d7a343132c4,initial,generation_log,0.234774694403,0.234774694403,82,0.00252,0.38,94,0.00467,0.43,0.127659574468,0.460385438972,0.116279069767,/workspace/exp/natural_qd_push/p3c_bd_sweep_20260704_093150_UTC/live/shape_density_3d/seed_1002/openai_gpt-oss-120b/RTLLM/Prob049_signal_generator/Gen0/Prob049_signal_generator_sample3_initial,
shape_density_3d,RTLLM,Prob049_signal_generator,sequential,0,8940641a-5d67-43bc-87ba-a28c2aa46442,initial,generation_log,0.234774694403,0.234774694403,82,0.00252,0.38,94,0.00467,0.43,0.127659574468,0.460385438972,0.116279069767,/workspace/exp/natural_qd_push/p3c_bd_sweep_20260704_093150_UTC/live/shape_density_3d/seed_1002/openai_gpt-oss-120b/RTLLM/Prob049_signal_generator/Gen0/Prob049_signal_generator_sample4_initial,
shape_density_3d,RTLLM,Prob049_signal_generator,sequential,0,a5273b8f-d66d-4def-93c2-211bbb46ff65,initial,generation_log,0.234774694403,0.234774694403,82,0.00252,0.38,94,0.00467,0.43,0.127659574468,0.460385438972,0.116279069767,/workspace/exp/natural_qd_push/p3c_bd_sweep_20260704_093150_UTC/live/shape_density_3d/seed_1002/openai_gpt-oss-120b/RTLLM/Prob049_signal_generator/Gen0/Prob049_signal_generator_sample5_initial,
shape_density_3d,RTLLM,Prob049_signal_generator,sequential,0,8572d781-24b8-4289-85c5-88a1e6f9561d,initial,generation_log,0.234774694403,0.234774694403,82,0.00252,0.38,94,0.00467,0.43,0.127659574468,0.460385438972,0.116279069767,/workspace/exp/natural_qd_push/p3c_bd_sweep_20260704_093150_UTC/live/shape_density_3d/seed_1002/openai_gpt-oss-120b/RTLLM/Prob049_signal_generator/Gen0/Prob049_signal_generator_sample6_initial,
shape_density_3d,RTLLM,Prob049_signal_generator,sequential,0,0fa434b7-aa08-4970-b4b9-9ad2680090a7,initial,generation_log,0.234774694403,0.234774694403,82,0.00252,0.38,94,0.00467,0.43,0.127659574468,0.460385438972,0.116279069767,/workspace/exp/natural_qd_push/p3c_bd_sweep_20260704_093150_UTC/live/shape_density_3d/seed_1002/openai_gpt-oss-120b/RTLLM/Prob049_signal_generator/Gen0/Prob049_signal_generator_sample8_initial,
shape_density_3d,RTLLM,Prob049_signal_generator,sequential,1,4cc11098-949e-4620-81ec-648dac83ef75,M-E,generation_log,0.259849383048,0.259849383048,54,0.00432,0.31,94,0.00467,0.43,0.425531914894,0.0749464668094,0.279069767442,/workspace/exp/natural_qd_push/p3c_bd_sweep_20260704_093150_UTC/live/shape_density_3d/seed_1002/openai_gpt-oss-120b/RTLLM/Prob049_signal_generator/Gen1/Prob049_signal_generator_sample1_M-E,
shape_density_3d,RTLLM,Prob049_signal_generator,sequential,1,30526b4d-bfa5-4e7b-af4e-0e25d22bc255,M-S,generation_log,0.234774694403,0.234774694403,82,0.00252,0.38,94,0.00467,0.43,0.127659574468,0.460385438972,0.116279069767,/workspace/exp/natural_qd_push/p3c_bd_sweep_20260704_093150_UTC/live/shape_density_3d/seed_1002/openai_gpt-oss-120b/RTLLM/Prob049_signal_generator/Gen1/Prob049_signal_generator_sample4_M-S,
shape_density_3d,RTLLM,Prob049_signal_generator,sequential,2,47b11eb0-ffe7-4c40-8736-183c7d2be29a,M-T,generation_log,0.234774694403,0.234774694403,82,0.00252,0.38,94,0.00467,0.43,0.127659574468,0.460385438972,0.116279069767,/workspace/exp/natural_qd_push/p3c_bd_sweep_20260704_093150_UTC/live/shape_density_3d/seed_1002/openai_gpt-oss-120b/RTLLM/Prob049_signal_generator/Gen2/Prob049_signal_generator_sample6_M-T,
shape_density_3d,RTLLM,Prob049_signal_generator,sequential,3,4806061a-3747-41bc-9639-83c12e6de5f4,M-E,generation_log,0.234774694403,0.234774694403,82,0.00252,0.38,94,0.00467,0.43,0.127659574468,0.460385438972,0.116279069767,/workspace/exp/natural_qd_push/p3c_bd_sweep_20260704_093150_UTC/live/shape_density_3d/seed_1002/openai_gpt-oss-120b/RTLLM/Prob049_signal_generator/Gen3/Prob049_signal_generator_sample3_M-E,
shape_density_3d,RTLLM,Prob049_signal_generator,sequential,3,6bb8314c-721d-48e9-9f5b-6c2587be0a1f,C-D,generation_log,0.234774694403,0.234774694403,82,0.00252,0.38,94,0.00467,0.43,0.127659574468,0.460385438972,0.116279069767,/workspace/exp/natural_qd_push/p3c_bd_sweep_20260704_093150_UTC/live/shape_density_3d/seed_1002/openai_gpt-oss-120b/RTLLM/Prob049_signal_generator/Gen3/Prob049_signal_generator_sample7_C-D,
shape_density_3d,RTLLM,Prob049_signal_generator,sequential,4,158d4f14-13db-4ab4-9eb7-7121d2f6324e,initial,generation_log,0.234774694403,0.234774694403,82,0.00252,0.38,94,0.00467,0.43,0.127659574468,0.460385438972,0.116279069767,/workspace/exp/natural_qd_push/p3c_bd_sweep_20260704_093150_UTC/live/shape_density_3d/seed_1002/openai_gpt-oss-120b/RTLLM/Prob049_signal_generator/Gen4/Prob049_signal_generator_sample1_initial,
shape_density_3d,RTLLM,Prob049_signal_generator,sequential,5,8d33cfb3-184c-4001-8494-da85f9188e6c,initial,generation_log,0.234774694403,0.234774694403,82,0.00252,0.38,94,0.00467,0.43,0.127659574468,0.460385438972,0.116279069767,/workspace/exp/natural_qd_push/p3c_bd_sweep_20260704_093150_UTC/live/shape_density_3d/seed_1002/openai_gpt-oss-120b/RTLLM/Prob049_signal_generator/Gen5/Prob049_signal_generator_sample1_initial,
shape_density_3d,RTLLM,Prob049_signal_generator,sequential,5,6b80fe19-5c29-4e94-a4d8-ac92178e8f39,M-F,generation_log,0.234774694403,0.234774694403,82,0.00252,0.38,94,0.00467,0.43,0.127659574468,0.460385438972,0.116279069767,/workspace/exp/natural_qd_push/p3c_bd_sweep_20260704_093150_UTC/live/shape_density_3d/seed_1002/openai_gpt-oss-120b/RTLLM/Prob049_signal_generator/Gen5/Prob049_signal_generator_sample1_M-F,
shape_density_3d,RTLLM,Prob050_square_wave,sequential,0,84542285-4d3c-4e0e-958f-6ceee7407ce4,initial,generation_log,0.00684970344413,0.00684970344413,118,0.0244,0.38,119,0.0247,0.38,0.00840336134454,0.0121457489879,0,/workspace/exp/natural_qd_push/p3c_bd_sweep_20260704_093150_UTC/live/shape_density_3d/seed_1002/openai_gpt-oss-120b/RTLLM/Prob050_square_wave/Gen0/Prob050_square_wave_sample1_initial,
shape_density_3d,RTLLM,Prob050_square_wave,sequential,0,d23c4d39-89cb-4371-bea8-10f9c74b9da7,initial,generation_log,0.00684970344413,0.00684970344413,118,0.0244,0.38,119,0.0247,0.38,0.00840336134454,0.0121457489879,0,/workspace/exp/natural_qd_push/p3c_bd_sweep_20260704_093150_UTC/live/shape_density_3d/seed_1002/openai_gpt-oss-120b/RTLLM/Prob050_square_wave/Gen0/Prob050_square_wave_sample2_initial,
shape_density_3d,RTLLM,Prob050_square_wave,sequential,0,f1adb880-c73f-4946-b0f8-c5dd550fe79d,initial,generation_log,-0.0122478141054,-0.0122478141054,120,0.0254,0.38,119,0.0247,0.38,-0.00840336134454,-0.0283400809717,0,/workspace/exp/natural_qd_push/p3c_bd_sweep_20260704_093150_UTC/live/shape_density_3d/seed_1002/openai_gpt-oss-120b/RTLLM/Prob050_square_wave/Gen0/Prob050_square_wave_sample3_initial,
shape_density_3d,RTLLM,Prob050_square_wave,sequential,0,c72318a4-0395-4571-b58b-46f15f9fc55b,initial,generation_log,-0.159505097586,-0.159505097586,148,0.0292,0.4,119,0.0247,0.38,-0.243697478992,-0.182186234818,-0.0526315789474,/workspace/exp/natural_qd_push/p3c_bd_sweep_20260704_093150_UTC/live/shape_density_3d/seed_1002/openai_gpt-oss-120b/RTLLM/Prob050_square_wave/Gen0/Prob050_square_wave_sample4_initial,
shape_density_3d,RTLLM,Prob050_square_wave,sequential,0,3f68a8f7-cd34-43c3-b047-439c4003a48a,initial,generation_log,-0.03081232493,-0.03081232493,130,0.0234,0.4,119,0.0247,0.38,-0.0924369747899,0.0526315789474,-0.0526315789474,/workspace/exp/natural_qd_push/p3c_bd_sweep_20260704_093150_UTC/live/shape_density_3d/seed_1002/openai_gpt-oss-120b/RTLLM/Prob050_square_wave/Gen0/Prob050_square_wave_sample5_initial,
shape_density_3d,RTLLM,Prob050_square_wave,sequential,0,4320bca9-cf4a-46d5-9fe6-33f53ffb134c,initial,generation_log,0.00684970344413,0.00684970344413,118,0.0244,0.38,119,0.0247,0.38,0.00840336134454,0.0121457489879,0,/workspace/exp/natural_qd_push/p3c_bd_sweep_20260704_093150_UTC/live/shape_density_3d/seed_1002/openai_gpt-oss-120b/RTLLM/Prob050_square_wave/Gen0/Prob050_square_wave_sample6_initial,
shape_density_3d,RTLLM,Prob050_square_wave,sequential,0,7c76e5fc-46a0-4b57-b244-7b8231484fb5,initial,generation_log,-0.0248018235634,-0.0248018235634,124,0.0255,0.38,119,0.0247,0.38,-0.0420168067227,-0.0323886639676,0,/workspace/exp/natural_qd_push/p3c_bd_sweep_20260704_093150_UTC/live/shape_density_3d/seed_1002/openai_gpt-oss-120b/RTLLM/Prob050_square_wave/Gen0/Prob050_square_wave_sample7_initial,
shape_density_3d,RTLLM,Prob050_square_wave,sequential,0,e3406c11-99b5-4bd3-809c-297668798a78,initial,generation_log,-0.135275972737,-0.135275972737,142,0.028,0.41,119,0.0247,0.38,-0.193277310924,-0.133603238866,-0.0789473684211,/workspace/exp/natural_qd_push/p3c_bd_sweep_20260704_093150_UTC/live/shape_density_3d/seed_1002/openai_gpt-oss-120b/RTLLM/Prob050_square_wave/Gen0/Prob050_square_wave_sample8_initial,
shape_density_3d,RTLLM,Prob050_square_wave,sequential,1,2106f0a6-5a72-47ad-937e-7c83aeff9ae5,initial,generation_log,-0.016602592454,-0.016602592454,123,0.0251,0.38,119,0.0247,0.38,-0.0336134453782,-0.0161943319838,0,/workspace/exp/natural_qd_push/p3c_bd_sweep_20260704_093150_UTC/live/shape_density_3d/seed_1002/openai_gpt-oss-120b/RTLLM/Prob050_square_wave/Gen1/Prob050_square_wave_sample1_initial,
shape_density_3d,RTLLM,Prob050_square_wave,sequential,1,e9c38d9b-ac5c-4d46-b5cd-842d080db6a0,initial,generation_log,-0.033205184908,-0.033205184908,127,0.0255,0.38,119,0.0247,0.38,-0.0672268907563,-0.0323886639676,0,/workspace/exp/natural_qd_push/p3c_bd_sweep_20260704_093150_UTC/live/shape_density_3d/seed_1002/openai_gpt-oss-120b/RTLLM/Prob050_square_wave/Gen1/Prob050_square_wave_sample2_initial,
shape_density_3d,RTLLM,Prob050_square_wave,sequential,1,2e6dac49-4b26-4ce8-9f0c-4a8fb584bd18,M-T,generation_log,-0.491840460881,-0.491840460881,244,0.0326,0.42,119,0.0247,0.38,-1.05042016807,-0.31983805668,-0.105263157895,/workspace/exp/natural_qd_push/p3c_bd_sweep_20260704_093150_UTC/live/shape_density_3d/seed_1002/openai_gpt-oss-120b/RTLLM/Prob050_square_wave/Gen1/Prob050_square_wave_sample1_M-T,
shape_density_3d,RTLLM,Prob050_square_wave,sequential,1,991af666-b8e5-4d97-87d1-bf3e3f7e7287,C-D,generation_log,-0.116048038649,-0.116048038649,185,0.0157,0.44,119,0.0247,0.38,-0.554621848739,0.364372469636,-0.157894736842,/workspace/exp/natural_qd_push/p3c_bd_sweep_20260704_093150_UTC/live/shape_density_3d/seed_1002/openai_gpt-oss-120b/RTLLM/Prob050_square_wave/Gen1/Prob050_square_wave_sample2_C-D,
shape_density_3d,RTLLM,Prob050_square_wave,sequential,1,f303a74b-7892-496c-b526-cda3903f7784,M-E,generation_log,-0.534435636603,-0.534435636603,225,0.0306,0.56,119,0.0247,0.38,-0.890756302521,-0.238866396761,-0.473684210526,/workspace/exp/natural_qd_push/p3c_bd_sweep_20260704_093150_UTC/live/shape_density_3d/seed_1002/openai_gpt-oss-120b/RTLLM/Prob050_square_wave/Gen1/Prob050_square_wave_sample3_M-E,
shape_density_3d,RTLLM,Prob050_square_wave,sequential,1,b6795322-888d-48d0-8ebb-33f8a225cb4e,C-D,generation_log,-0.300893636807,-0.300893636807,178,0.025,0.53,119,0.0247,0.38,-0.495798319328,-0.0121457489879,-0.394736842105,/workspace/exp/natural_qd_push/p3c_bd_sweep_20260704_093150_UTC/live/shape_density_3d/seed_1002/openai_gpt-oss-120b/RTLLM/Prob050_square_wave/Gen1/Prob050_square_wave_sample4_C-D,
shape_density_3d,RTLLM,Prob050_square_wave,sequential,1,97b4fee9-7a22-462b-aa93-d45e546219c0,M-T,generation_log,0.00713321765953,0.00713321765953,102,0.0212,0.48,119,0.0247,0.38,0.142857142857,0.141700404858,-0.263157894737,/workspace/exp/natural_qd_push/p3c_bd_sweep_20260704_093150_UTC/live/shape_density_3d/seed_1002/openai_gpt-oss-120b/RTLLM/Prob050_square_wave/Gen1/Prob050_square_wave_sample5_M-T,
shape_density_3d,RTLLM,Prob050_square_wave,sequential,1,93c7a082-6b4f-4c53-a900-8a6a3beaf32b,C-D,generation_log,-0.311179532542,-0.311179532542,173,0.0255,0.55,119,0.0247,0.38,-0.453781512605,-0.0323886639676,-0.447368421053,/workspace/exp/natural_qd_push/p3c_bd_sweep_20260704_093150_UTC/live/shape_density_3d/seed_1002/openai_gpt-oss-120b/RTLLM/Prob050_square_wave/Gen1/Prob050_square_wave_sample6_C-D,
shape_density_3d,RTLLM,Prob050_square_wave,sequential,2,ae4cd349-d371-4036-9629-f4eedaaef5ee,initial,generation_log,-0.135275972737,-0.135275972737,142,0.028,0.41,119,0.0247,0.38,-0.193277310924,-0.133603238866,-0.0789473684211,/workspace/exp/natural_qd_push/p3c_bd_sweep_20260704_093150_UTC/live/shape_density_3d/seed_1002/openai_gpt-oss-120b/RTLLM/Prob050_square_wave/Gen2/Prob050_square_wave_sample1_initial,
shape_density_3d,RTLLM,Prob050_square_wave,sequential,2,25d52e62-582c-4647-b87f-34ed57470ff1,initial,generation_log,-0.03191803037,-0.03191803037,121,0.0247,0.41,119,0.0247,0.38,-0.0168067226891,0,-0.0789473684211,/workspace/exp/natural_qd_push/p3c_bd_sweep_20260704_093150_UTC/live/shape_density_3d/seed_1002/openai_gpt-oss-120b/RTLLM/Prob050_square_wave/Gen2/Prob050_square_wave_sample2_initial,
shape_density_3d,RTLLM,Prob050_square_wave,sequential,2,84d9e80a-0980-452c-9640-90013f4227fe,M-T,generation_log,-0.115486680502,-0.115486680502,120,0.0207,0.57,119,0.0247,0.38,-0.00840336134454,0.161943319838,-0.5,/workspace/exp/natural_qd_push/p3c_bd_sweep_20260704_093150_UTC/live/shape_density_3d/seed_1002/openai_gpt-oss-120b/RTLLM/Prob050_square_wave/Gen2/Prob050_square_wave_sample2_M-T,
shape_density_3d,RTLLM,Prob050_square_wave,sequential,2,e54e3166-b8a9-4ede-a0a7-4b982cc76106,M-E,generation_log,-0.536811485728,-0.536811485728,202,0.0414,0.47,119,0.0247,0.38,-0.697478991597,-0.676113360324,-0.236842105263,/workspace/exp/natural_qd_push/p3c_bd_sweep_20260704_093150_UTC/live/shape_density_3d/seed_1002/openai_gpt-oss-120b/RTLLM/Prob050_square_wave/Gen2/Prob050_square_wave_sample3_M-E,
shape_density_3d,RTLLM,Prob050_square_wave,sequential,2,8f0d8af3-6b1b-42e0-966f-1ee9c291b736,M-T,generation_log,-0.0889440796562,-0.0889440796562,131,0.0249,0.44,119,0.0247,0.38,-0.100840336134,-0.0080971659919,-0.157894736842,/workspace/exp/natural_qd_push/p3c_bd_sweep_20260704_093150_UTC/live/shape_density_3d/seed_1002/openai_gpt-oss-120b/RTLLM/Prob050_square_wave/Gen2/Prob050_square_wave_sample4_M-T,
shape_density_3d,RTLLM,Prob050_square_wave,sequential,2,980122af-dd80-487e-9f57-7a3c21ad1f7a,C-D,generation_log,-0.433805100988,-0.433805100988,277,0.0247,0.37,119,0.0247,0.38,-1.32773109244,0,0.0263157894737,/workspace/exp/natural_qd_push/p3c_bd_sweep_20260704_093150_UTC/live/shape_density_3d/seed_1002/openai_gpt-oss-120b/RTLLM/Prob050_square_wave/Gen2/Prob050_square_wave_sample5_C-D,
shape_density_3d,RTLLM,Prob050_square_wave,sequential,2,b1372643-7635-41fd-86f7-88bcaef791d9,C-D,generation_log,-0.0123498792229,-0.0123498792229,121,0.0252,0.38,119,0.0247,0.38,-0.0168067226891,-0.0202429149798,0,/workspace/exp/natural_qd_push/p3c_bd_sweep_20260704_093150_UTC/live/shape_density_3d/seed_1002/openai_gpt-oss-120b/RTLLM/Prob050_square_wave/Gen2/Prob050_square_wave_sample6_C-D,
shape_density_3d,RTLLM,Prob050_square_wave,sequential,3,b658636a-f68b-4929-8529-ed69f54635db,initial,generation_log,-0.0122478141054,-0.0122478141054,120,0.0254,0.38,119,0.0247,0.38,-0.00840336134454,-0.0283400809717,0,/workspace/exp/natural_qd_push/p3c_bd_sweep_20260704_093150_UTC/live/shape_density_3d/seed_1002/openai_gpt-oss-120b/RTLLM/Prob050_square_wave/Gen3/Prob050_square_wave_sample1_initial,
shape_density_3d,RTLLM,Prob050_square_wave,sequential,3,01ba19b4-7e58-420d-b82c-a32da91cbc12,initial,generation_log,-0.0122478141054,-0.0122478141054,120,0.0254,0.38,119,0.0247,0.38,-0.00840336134454,-0.0283400809717,0,/workspace/exp/natural_qd_push/p3c_bd_sweep_20260704_093150_UTC/live/shape_density_3d/seed_1002/openai_gpt-oss-120b/RTLLM/Prob050_square_wave/Gen3/Prob050_square_wave_sample2_initial,
shape_density_3d,RTLLM,Prob050_square_wave,sequential,3,f68a821d-c509-4657-adaa-2989fb8a1eee,C-D,generation_log,-0.232991982218,-0.232991982218,154,0.0295,0.46,119,0.0247,0.38,-0.294117647059,-0.194331983806,-0.210526315789,/workspace/exp/natural_qd_push/p3c_bd_sweep_20260704_093150_UTC/live/shape_density_3d/seed_1002/openai_gpt-oss-120b/RTLLM/Prob050_square_wave/Gen3/Prob050_square_wave_sample1_C-D,
shape_density_3d,RTLLM,Prob050_square_wave,sequential,3,4debc93d-4271-4456-920c-709cab3a3ab6,M-T,generation_log,-0.272803048345,-0.272803048345,154,0.0253,0.57,119,0.0247,0.38,-0.294117647059,-0.0242914979757,-0.5,/workspace/exp/natural_qd_push/p3c_bd_sweep_20260704_093150_UTC/live/shape_density_3d/seed_1002/openai_gpt-oss-120b/RTLLM/Prob050_square_wave/Gen3/Prob050_square_wave_sample2_M-T,
shape_density_3d,RTLLM,Prob050_square_wave,sequential,3,906dba49-0c6c-4bf8-8918-75490796c4c9,C-D,generation_log,-0.245908889872,-0.245908889872,188,0.0169,0.56,119,0.0247,0.38,-0.579831932773,0.315789473684,-0.473684210526,/workspace/exp/natural_qd_push/p3c_bd_sweep_20260704_093150_UTC/live/shape_density_3d/seed_1002/openai_gpt-oss-120b/RTLLM/Prob050_square_wave/Gen3/Prob050_square_wave_sample3_C-D,
shape_density_3d,RTLLM,Prob050_square_wave,sequential,3,c1bffbcf-2d2a-4a92-99ae-3e99b3db62ea,C-D,generation_log,-0.0493825060389,-0.0493825060389,107,0.0237,0.49,119,0.0247,0.38,0.100840336134,0.0404858299595,-0.289473684211,/workspace/exp/natural_qd_push/p3c_bd_sweep_20260704_093150_UTC/live/shape_density_3d/seed_1002/openai_gpt-oss-120b/RTLLM/Prob050_square_wave/Gen3/Prob050_square_wave_sample4_C-D,
shape_density_3d,RTLLM,Prob050_square_wave,sequential,3,7605f9dd-c129-4271-819d-95c41422039d,M-E,generation_log,-0.28132548566,-0.28132548566,178,0.0255,0.5,119,0.0247,0.38,-0.495798319328,-0.0323886639676,-0.315789473684,/workspace/exp/natural_qd_push/p3c_bd_sweep_20260704_093150_UTC/live/shape_density_3d/seed_1002/openai_gpt-oss-120b/RTLLM/Prob050_square_wave/Gen3/Prob050_square_wave_sample5_M-E,
shape_density_3d,RTLLM,Prob050_square_wave,sequential,3,afb27fe8-c1de-45ab-bfa5-fa49e601e19c,M-E,generation_log,-0.120068270223,-0.120068270223,112,0.0279,0.49,119,0.0247,0.38,0.0588235294118,-0.12955465587,-0.289473684211,/workspace/exp/natural_qd_push/p3c_bd_sweep_20260704_093150_UTC/live/shape_density_3d/seed_1002/openai_gpt-oss-120b/RTLLM/Prob050_square_wave/Gen3/Prob050_square_wave_sample6_M-E,
shape_density_3d,RTLLM,Prob050_square_wave,sequential,4,76c9df55-d89a-459f-bab0-950bd308a091,initial,generation_log,-0.03191803037,-0.03191803037,121,0.0247,0.41,119,0.0247,0.38,-0.0168067226891,0,-0.0789473684211,/workspace/exp/natural_qd_push/p3c_bd_sweep_20260704_093150_UTC/live/shape_density_3d/seed_1002/openai_gpt-oss-120b/RTLLM/Prob050_square_wave/Gen4/Prob050_square_wave_sample1_initial,
shape_density_3d,RTLLM,Prob050_square_wave,sequential,4,2e3a9f9c-dd4f-4fcd-a0c5-4ddb75e0ff92,initial,generation_log,-0.0248018235634,-0.0248018235634,124,0.0255,0.38,119,0.0247,0.38,-0.0420168067227,-0.0323886639676,0,/workspace/exp/natural_qd_push/p3c_bd_sweep_20260704_093150_UTC/live/shape_density_3d/seed_1002/openai_gpt-oss-120b/RTLLM/Prob050_square_wave/Gen4/Prob050_square_wave_sample2_initial,
shape_density_3d,RTLLM,Prob050_square_wave,sequential,4,9fbd8889-a102-4581-8480-e49ac20fd39e,C-D,generation_log,0.0854341736695,0.0854341736695,148,0.0104,0.41,119,0.0247,0.38,-0.243697478992,0.578947368421,-0.0789473684211,/workspace/exp/natural_qd_push/p3c_bd_sweep_20260704_093150_UTC/live/shape_density_3d/seed_1002/openai_gpt-oss-120b/RTLLM/Prob050_square_wave/Gen4/Prob050_square_wave_sample1_C-D,
shape_density_3d,RTLLM,Prob050_square_wave,sequential,4,11738635-992b-4964-86a1-18e483baf264,C-D,generation_log,-0.0123498792229,-0.0123498792229,121,0.0252,0.38,119,0.0247,0.38,-0.0168067226891,-0.0202429149798,0,/workspace/exp/natural_qd_push/p3c_bd_sweep_20260704_093150_UTC/live/shape_density_3d/seed_1002/openai_gpt-oss-120b/RTLLM/Prob050_square_wave/Gen4/Prob050_square_wave_sample2_C-D,
shape_density_3d,RTLLM,Prob050_square_wave,sequential,4,f4443d3b-ab50-4a64-8738-3b661d06466c,C-D,generation_log,0.214844804318,0.214844804318,119,0.00878,0.38,119,0.0247,0.38,0,0.644534412955,0,/workspace/exp/natural_qd_push/p3c_bd_sweep_20260704_093150_UTC/live/shape_density_3d/seed_1002/openai_gpt-oss-120b/RTLLM/Prob050_square_wave/Gen4/Prob050_square_wave_sample3_C-D,
shape_density_3d,RTLLM,Prob050_square_wave,sequential,4,d3192a8f-626f-41e7-b5a1-84103eb1ab21,C-D,generation_log,-0.265788906656,-0.265788906656,158,0.0298,0.48,119,0.0247,0.38,-0.327731092437,-0.206477732794,-0.263157894737,/workspace/exp/natural_qd_push/p3c_bd_sweep_20260704_093150_UTC/live/shape_density_3d/seed_1002/openai_gpt-oss-120b/RTLLM/Prob050_square_wave/Gen4/Prob050_square_wave_sample4_C-D,
shape_density_3d,RTLLM,Prob050_square_wave,sequential,4,03bef858-cf92-4328-a4f6-435e83539397,M-E,generation_log,-0.0696254210186,-0.0696254210186,107,0.0252,0.49,119,0.0247,0.38,0.100840336134,-0.0202429149798,-0.289473684211,/workspace/exp/natural_qd_push/p3c_bd_sweep_20260704_093150_UTC/live/shape_density_3d/seed_1002/openai_gpt-oss-120b/RTLLM/Prob050_square_wave/Gen4/Prob050_square_wave_sample5_M-E,
shape_density_3d,RTLLM,Prob050_square_wave,sequential,4,d482ed38-5923-42f2-b44f-9a5bcdf45e54,M-T,generation_log,0.111965433947,0.111965433947,93,0.0218,0.38,119,0.0247,0.38,0.218487394958,0.117408906883,0,/workspace/exp/natural_qd_push/p3c_bd_sweep_20260704_093150_UTC/live/shape_density_3d/seed_1002/openai_gpt-oss-120b/RTLLM/Prob050_square_wave/Gen4/Prob050_square_wave_sample6_M-T,
shape_density_3d,RTLLM,Prob050_square_wave,sequential,5,797b3e2a-51f8-44ff-9b5c-7c93db3cfc4d,M-E,generation_log,0.0344299663185,0.0344299663185,99,0.0172,0.52,119,0.0247,0.38,0.168067226891,0.303643724696,-0.368421052632,/workspace/exp/natural_qd_push/p3c_bd_sweep_20260704_093150_UTC/live/shape_density_3d/seed_1002/openai_gpt-oss-120b/RTLLM/Prob050_square_wave/Gen5/Prob050_square_wave_sample1_M-E,
shape_density_3d,RTLLM,Prob050_square_wave,sequential,5,941414ae-a2a0-41d9-9dd4-d32958ad3d16,C-D,generation_log,-0.0304777781558,-0.0304777781558,173,0.0164,0.37,119,0.0247,0.38,-0.453781512605,0.336032388664,0.0263157894737,/workspace/exp/natural_qd_push/p3c_bd_sweep_20260704_093150_UTC/live/shape_density_3d/seed_1002/openai_gpt-oss-120b/RTLLM/Prob050_square_wave/Gen5/Prob050_square_wave_sample2_C-D,
shape_density_3d,RTLLM,Prob050_square_wave,sequential,5,5e71dd20-7705-44a1-915e-9785e93d7a36,C-F,generation_log,0.214844804318,0.214844804318,119,0.00878,0.38,119,0.0247,0.38,0,0.644534412955,0,/workspace/exp/natural_qd_push/p3c_bd_sweep_20260704_093150_UTC/live/shape_density_3d/seed_1002/openai_gpt-oss-120b/RTLLM/Prob050_square_wave/Gen5/Prob050_square_wave_sample4_C-F,
shape_density_3d,RTLLM,Prob050_square_wave,sequential,5,b706bb7c-6591-4379-86f2-bec76989f347,M-I,generation_log,0.00684970344413,0.00684970344413,118,0.0244,0.38,119,0.0247,0.38,0.00840336134454,0.0121457489879,0,/workspace/exp/natural_qd_push/p3c_bd_sweep_20260704_093150_UTC/live/shape_density_3d/seed_1002/openai_gpt-oss-120b/RTLLM/Prob050_square_wave/Gen5/Prob050_square_wave_sample5_M-I,
shape_density_3d,RTLLM,Prob050_square_wave,sequential,5,8b052b5e-1cdd-441c-bb36-ba613cbe71b9,C-F,generation_log,0.214844804318,0.214844804318,119,0.00878,0.38,119,0.0247,0.38,0,0.644534412955,0,/workspace/exp/natural_qd_push/p3c_bd_sweep_20260704_093150_UTC/live/shape_density_3d/seed_1002/openai_gpt-oss-120b/RTLLM/Prob050_square_wave/Gen5/Prob050_square_wave_sample7_C-F,
shape_density_3d,RTLLM,Prob050_square_wave,sequential,5,e9bac97e-5d81-40fc-8dbb-2729683e2de4,C-F,generation_log,-0.392100159902,-0.392100159902,232,0.0199,0.54,119,0.0247,0.38,-0.949579831933,0.194331983806,-0.421052631579,/workspace/exp/natural_qd_push/p3c_bd_sweep_20260704_093150_UTC/live/shape_density_3d/seed_1002/openai_gpt-oss-120b/RTLLM/Prob050_square_wave/Gen5/Prob050_square_wave_sample8_C-F,
