column_count,file_kind,generation_nonempty_cells,lineage_columns,lineage_edge_count,lineage_field_counts,lineage_nonempty_cells,operator_nonempty_cells,path,read_error,read_status,record_count,relative_path,root
261,generation_log,21,[],0,{},0,76,/workspace/exp/diversity_check/aspdac2026_submission_source/REvolution-aspdac2026-submission/exp/deepseek_clean_results/RTLLM/Prob001_accu/generation_log.jsonl,,ok,21,deepseek_clean_results/RTLLM/Prob001_accu/generation_log.jsonl,/workspace/exp/diversity_check/aspdac2026_submission_source/REvolution-aspdac2026-submission/exp
261,generation_log,21,[],0,{},0,181,/workspace/exp/diversity_check/aspdac2026_submission_source/REvolution-aspdac2026-submission/exp/deepseek_clean_results/RTLLM/Prob002_adder_16bit/generation_log.jsonl,,ok,21,deepseek_clean_results/RTLLM/Prob002_adder_16bit/generation_log.jsonl,/workspace/exp/diversity_check/aspdac2026_submission_source/REvolution-aspdac2026-submission/exp
286,generation_log,21,[],0,{},0,123,/workspace/exp/diversity_check/aspdac2026_submission_source/REvolution-aspdac2026-submission/exp/deepseek_clean_results/RTLLM/Prob003_adder_32bit/generation_log.jsonl,,ok,21,deepseek_clean_results/RTLLM/Prob003_adder_32bit/generation_log.jsonl,/workspace/exp/diversity_check/aspdac2026_submission_source/REvolution-aspdac2026-submission/exp
281,generation_log,21,[],0,{},0,156,/workspace/exp/diversity_check/aspdac2026_submission_source/REvolution-aspdac2026-submission/exp/deepseek_clean_results/RTLLM/Prob004_adder_8bit/generation_log.jsonl,,ok,21,deepseek_clean_results/RTLLM/Prob004_adder_8bit/generation_log.jsonl,/workspace/exp/diversity_check/aspdac2026_submission_source/REvolution-aspdac2026-submission/exp
261,generation_log,21,[],0,{},0,155,/workspace/exp/diversity_check/aspdac2026_submission_source/REvolution-aspdac2026-submission/exp/deepseek_clean_results/RTLLM/Prob005_adder_bcd/generation_log.jsonl,,ok,21,deepseek_clean_results/RTLLM/Prob005_adder_bcd/generation_log.jsonl,/workspace/exp/diversity_check/aspdac2026_submission_source/REvolution-aspdac2026-submission/exp
77,generation_log,21,[],0,{},0,0,/workspace/exp/diversity_check/aspdac2026_submission_source/REvolution-aspdac2026-submission/exp/deepseek_clean_results/RTLLM/Prob006_adder_pipe_64bit/generation_log.jsonl,,ok,21,deepseek_clean_results/RTLLM/Prob006_adder_pipe_64bit/generation_log.jsonl,/workspace/exp/diversity_check/aspdac2026_submission_source/REvolution-aspdac2026-submission/exp
259,generation_log,21,[],0,{},0,205,/workspace/exp/diversity_check/aspdac2026_submission_source/REvolution-aspdac2026-submission/exp/deepseek_clean_results/RTLLM/Prob007_comparator_3bit/generation_log.jsonl,,ok,21,deepseek_clean_results/RTLLM/Prob007_comparator_3bit/generation_log.jsonl,/workspace/exp/diversity_check/aspdac2026_submission_source/REvolution-aspdac2026-submission/exp
270,generation_log,21,[],0,{},0,194,/workspace/exp/diversity_check/aspdac2026_submission_source/REvolution-aspdac2026-submission/exp/deepseek_clean_results/RTLLM/Prob008_comparator_4bit/generation_log.jsonl,,ok,21,deepseek_clean_results/RTLLM/Prob008_comparator_4bit/generation_log.jsonl,/workspace/exp/diversity_check/aspdac2026_submission_source/REvolution-aspdac2026-submission/exp
287,generation_log,21,[],0,{},0,103,/workspace/exp/diversity_check/aspdac2026_submission_source/REvolution-aspdac2026-submission/exp/deepseek_clean_results/RTLLM/Prob009_div_16bit/generation_log.jsonl,,ok,21,deepseek_clean_results/RTLLM/Prob009_div_16bit/generation_log.jsonl,/workspace/exp/diversity_check/aspdac2026_submission_source/REvolution-aspdac2026-submission/exp
77,generation_log,21,[],0,{},0,0,/workspace/exp/diversity_check/aspdac2026_submission_source/REvolution-aspdac2026-submission/exp/deepseek_clean_results/RTLLM/Prob010_radix2_div/generation_log.jsonl,,ok,21,deepseek_clean_results/RTLLM/Prob010_radix2_div/generation_log.jsonl,/workspace/exp/diversity_check/aspdac2026_submission_source/REvolution-aspdac2026-submission/exp
235,generation_log,21,[],0,{},0,71,/workspace/exp/diversity_check/aspdac2026_submission_source/REvolution-aspdac2026-submission/exp/deepseek_clean_results/RTLLM/Prob011_multi_16bit/generation_log.jsonl,,ok,21,deepseek_clean_results/RTLLM/Prob011_multi_16bit/generation_log.jsonl,/workspace/exp/diversity_check/aspdac2026_submission_source/REvolution-aspdac2026-submission/exp
295,generation_log,21,[],0,{},0,104,/workspace/exp/diversity_check/aspdac2026_submission_source/REvolution-aspdac2026-submission/exp/deepseek_clean_results/RTLLM/Prob012_multi_8bit/generation_log.jsonl,,ok,21,deepseek_clean_results/RTLLM/Prob012_multi_8bit/generation_log.jsonl,/workspace/exp/diversity_check/aspdac2026_submission_source/REvolution-aspdac2026-submission/exp
228,generation_log,21,[],0,{},0,20,/workspace/exp/diversity_check/aspdac2026_submission_source/REvolution-aspdac2026-submission/exp/deepseek_clean_results/RTLLM/Prob013_multi_booth_8bit/generation_log.jsonl,,ok,21,deepseek_clean_results/RTLLM/Prob013_multi_booth_8bit/generation_log.jsonl,/workspace/exp/diversity_check/aspdac2026_submission_source/REvolution-aspdac2026-submission/exp
77,generation_log,21,[],0,{},0,0,/workspace/exp/diversity_check/aspdac2026_submission_source/REvolution-aspdac2026-submission/exp/deepseek_clean_results/RTLLM/Prob014_multi_pipe_4bit/generation_log.jsonl,,ok,21,deepseek_clean_results/RTLLM/Prob014_multi_pipe_4bit/generation_log.jsonl,/workspace/exp/diversity_check/aspdac2026_submission_source/REvolution-aspdac2026-submission/exp
255,generation_log,21,[],0,{},0,80,/workspace/exp/diversity_check/aspdac2026_submission_source/REvolution-aspdac2026-submission/exp/deepseek_clean_results/RTLLM/Prob015_multi_pipe_8bit/generation_log.jsonl,,ok,21,deepseek_clean_results/RTLLM/Prob015_multi_pipe_8bit/generation_log.jsonl,/workspace/exp/diversity_check/aspdac2026_submission_source/REvolution-aspdac2026-submission/exp
77,generation_log,21,[],0,{},0,0,/workspace/exp/diversity_check/aspdac2026_submission_source/REvolution-aspdac2026-submission/exp/deepseek_clean_results/RTLLM/Prob016_fixed_point_adder/generation_log.jsonl,,ok,21,deepseek_clean_results/RTLLM/Prob016_fixed_point_adder/generation_log.jsonl,/workspace/exp/diversity_check/aspdac2026_submission_source/REvolution-aspdac2026-submission/exp
77,generation_log,21,[],0,{},0,0,/workspace/exp/diversity_check/aspdac2026_submission_source/REvolution-aspdac2026-submission/exp/deepseek_clean_results/RTLLM/Prob017_fixed_point_substractor/generation_log.jsonl,,ok,21,deepseek_clean_results/RTLLM/Prob017_fixed_point_substractor/generation_log.jsonl,/workspace/exp/diversity_check/aspdac2026_submission_source/REvolution-aspdac2026-submission/exp
246,generation_log,21,[],0,{},0,55,/workspace/exp/diversity_check/aspdac2026_submission_source/REvolution-aspdac2026-submission/exp/deepseek_clean_results/RTLLM/Prob018_float_multi/generation_log.jsonl,,ok,21,deepseek_clean_results/RTLLM/Prob018_float_multi/generation_log.jsonl,/workspace/exp/diversity_check/aspdac2026_submission_source/REvolution-aspdac2026-submission/exp
283,generation_log,21,[],0,{},0,141,/workspace/exp/diversity_check/aspdac2026_submission_source/REvolution-aspdac2026-submission/exp/deepseek_clean_results/RTLLM/Prob019_sub_64bit/generation_log.jsonl,,ok,21,deepseek_clean_results/RTLLM/Prob019_sub_64bit/generation_log.jsonl,/workspace/exp/diversity_check/aspdac2026_submission_source/REvolution-aspdac2026-submission/exp
261,generation_log,21,[],0,{},0,123,/workspace/exp/diversity_check/aspdac2026_submission_source/REvolution-aspdac2026-submission/exp/deepseek_clean_results/RTLLM/Prob020_JC_counter/generation_log.jsonl,,ok,21,deepseek_clean_results/RTLLM/Prob020_JC_counter/generation_log.jsonl,/workspace/exp/diversity_check/aspdac2026_submission_source/REvolution-aspdac2026-submission/exp
261,generation_log,21,[],0,{},0,189,/workspace/exp/diversity_check/aspdac2026_submission_source/REvolution-aspdac2026-submission/exp/deepseek_clean_results/RTLLM/Prob021_counter_12/generation_log.jsonl,,ok,21,deepseek_clean_results/RTLLM/Prob021_counter_12/generation_log.jsonl,/workspace/exp/diversity_check/aspdac2026_submission_source/REvolution-aspdac2026-submission/exp
77,generation_log,21,[],0,{},0,0,/workspace/exp/diversity_check/aspdac2026_submission_source/REvolution-aspdac2026-submission/exp/deepseek_clean_results/RTLLM/Prob022_ring_counter/generation_log.jsonl,,ok,21,deepseek_clean_results/RTLLM/Prob022_ring_counter/generation_log.jsonl,/workspace/exp/diversity_check/aspdac2026_submission_source/REvolution-aspdac2026-submission/exp
260,generation_log,21,[],0,{},0,143,/workspace/exp/diversity_check/aspdac2026_submission_source/REvolution-aspdac2026-submission/exp/deepseek_clean_results/RTLLM/Prob023_up_down_counter/generation_log.jsonl,,ok,21,deepseek_clean_results/RTLLM/Prob023_up_down_counter/generation_log.jsonl,/workspace/exp/diversity_check/aspdac2026_submission_source/REvolution-aspdac2026-submission/exp
246,generation_log,21,[],0,{},0,62,/workspace/exp/diversity_check/aspdac2026_submission_source/REvolution-aspdac2026-submission/exp/deepseek_clean_results/RTLLM/Prob024_fsm/generation_log.jsonl,,ok,21,deepseek_clean_results/RTLLM/Prob024_fsm/generation_log.jsonl,/workspace/exp/diversity_check/aspdac2026_submission_source/REvolution-aspdac2026-submission/exp
228,generation_log,21,[],0,{},0,28,/workspace/exp/diversity_check/aspdac2026_submission_source/REvolution-aspdac2026-submission/exp/deepseek_clean_results/RTLLM/Prob025_sequence_detector/generation_log.jsonl,,ok,21,deepseek_clean_results/RTLLM/Prob025_sequence_detector/generation_log.jsonl,/workspace/exp/diversity_check/aspdac2026_submission_source/REvolution-aspdac2026-submission/exp
77,generation_log,21,[],0,{},0,0,/workspace/exp/diversity_check/aspdac2026_submission_source/REvolution-aspdac2026-submission/exp/deepseek_clean_results/RTLLM/Prob026_asyn_fifo/generation_log.jsonl,,ok,21,deepseek_clean_results/RTLLM/Prob026_asyn_fifo/generation_log.jsonl,/workspace/exp/diversity_check/aspdac2026_submission_source/REvolution-aspdac2026-submission/exp
252,generation_log,21,[],0,{},0,76,/workspace/exp/diversity_check/aspdac2026_submission_source/REvolution-aspdac2026-submission/exp/deepseek_clean_results/RTLLM/Prob027_LIFObuffer/generation_log.jsonl,,ok,21,deepseek_clean_results/RTLLM/Prob027_LIFObuffer/generation_log.jsonl,/workspace/exp/diversity_check/aspdac2026_submission_source/REvolution-aspdac2026-submission/exp
77,generation_log,21,[],0,{},0,0,/workspace/exp/diversity_check/aspdac2026_submission_source/REvolution-aspdac2026-submission/exp/deepseek_clean_results/RTLLM/Prob028_LFSR/generation_log.jsonl,,ok,21,deepseek_clean_results/RTLLM/Prob028_LFSR/generation_log.jsonl,/workspace/exp/diversity_check/aspdac2026_submission_source/REvolution-aspdac2026-submission/exp
120,generation_log,21,[],0,{},0,2,/workspace/exp/diversity_check/aspdac2026_submission_source/REvolution-aspdac2026-submission/exp/deepseek_clean_results/RTLLM/Prob029_barrel_shifter/generation_log.jsonl,,ok,21,deepseek_clean_results/RTLLM/Prob029_barrel_shifter/generation_log.jsonl,/workspace/exp/diversity_check/aspdac2026_submission_source/REvolution-aspdac2026-submission/exp
260,generation_log,21,[],0,{},0,126,/workspace/exp/diversity_check/aspdac2026_submission_source/REvolution-aspdac2026-submission/exp/deepseek_clean_results/RTLLM/Prob030_right_shifter/generation_log.jsonl,,ok,21,deepseek_clean_results/RTLLM/Prob030_right_shifter/generation_log.jsonl,/workspace/exp/diversity_check/aspdac2026_submission_source/REvolution-aspdac2026-submission/exp
261,generation_log,21,[],0,{},0,81,/workspace/exp/diversity_check/aspdac2026_submission_source/REvolution-aspdac2026-submission/exp/deepseek_clean_results/RTLLM/Prob031_freq_div/generation_log.jsonl,,ok,21,deepseek_clean_results/RTLLM/Prob031_freq_div/generation_log.jsonl,/workspace/exp/diversity_check/aspdac2026_submission_source/REvolution-aspdac2026-submission/exp
77,generation_log,21,[],0,{},0,0,/workspace/exp/diversity_check/aspdac2026_submission_source/REvolution-aspdac2026-submission/exp/deepseek_clean_results/RTLLM/Prob032_freq_divbyeven/generation_log.jsonl,,ok,21,deepseek_clean_results/RTLLM/Prob032_freq_divbyeven/generation_log.jsonl,/workspace/exp/diversity_check/aspdac2026_submission_source/REvolution-aspdac2026-submission/exp
77,generation_log,21,[],0,{},0,0,/workspace/exp/diversity_check/aspdac2026_submission_source/REvolution-aspdac2026-submission/exp/deepseek_clean_results/RTLLM/Prob033_freq_divbyfrac/generation_log.jsonl,,ok,21,deepseek_clean_results/RTLLM/Prob033_freq_divbyfrac/generation_log.jsonl,/workspace/exp/diversity_check/aspdac2026_submission_source/REvolution-aspdac2026-submission/exp
137,generation_log,21,[],0,{},0,2,/workspace/exp/diversity_check/aspdac2026_submission_source/REvolution-aspdac2026-submission/exp/deepseek_clean_results/RTLLM/Prob034_freq_divbyodd/generation_log.jsonl,,ok,21,deepseek_clean_results/RTLLM/Prob034_freq_divbyodd/generation_log.jsonl,/workspace/exp/diversity_check/aspdac2026_submission_source/REvolution-aspdac2026-submission/exp
261,generation_log,21,[],0,{},0,142,/workspace/exp/diversity_check/aspdac2026_submission_source/REvolution-aspdac2026-submission/exp/deepseek_clean_results/RTLLM/Prob035_calendar/generation_log.jsonl,,ok,21,deepseek_clean_results/RTLLM/Prob035_calendar/generation_log.jsonl,/workspace/exp/diversity_check/aspdac2026_submission_source/REvolution-aspdac2026-submission/exp
261,generation_log,21,[],0,{},0,156,/workspace/exp/diversity_check/aspdac2026_submission_source/REvolution-aspdac2026-submission/exp/deepseek_clean_results/RTLLM/Prob036_edge_detect/generation_log.jsonl,,ok,21,deepseek_clean_results/RTLLM/Prob036_edge_detect/generation_log.jsonl,/workspace/exp/diversity_check/aspdac2026_submission_source/REvolution-aspdac2026-submission/exp
255,generation_log,21,[],0,{},0,92,/workspace/exp/diversity_check/aspdac2026_submission_source/REvolution-aspdac2026-submission/exp/deepseek_clean_results/RTLLM/Prob037_parallel2serial/generation_log.jsonl,,ok,21,deepseek_clean_results/RTLLM/Prob037_parallel2serial/generation_log.jsonl,/workspace/exp/diversity_check/aspdac2026_submission_source/REvolution-aspdac2026-submission/exp
182,generation_log,21,[],0,{},0,4,/workspace/exp/diversity_check/aspdac2026_submission_source/REvolution-aspdac2026-submission/exp/deepseek_clean_results/RTLLM/Prob038_pulse_detect/generation_log.jsonl,,ok,21,deepseek_clean_results/RTLLM/Prob038_pulse_detect/generation_log.jsonl,/workspace/exp/diversity_check/aspdac2026_submission_source/REvolution-aspdac2026-submission/exp
173,generation_log,21,[],0,{},0,7,/workspace/exp/diversity_check/aspdac2026_submission_source/REvolution-aspdac2026-submission/exp/deepseek_clean_results/RTLLM/Prob039_serial2parallel/generation_log.jsonl,,ok,21,deepseek_clean_results/RTLLM/Prob039_serial2parallel/generation_log.jsonl,/workspace/exp/diversity_check/aspdac2026_submission_source/REvolution-aspdac2026-submission/exp
260,generation_log,21,[],0,{},0,157,/workspace/exp/diversity_check/aspdac2026_submission_source/REvolution-aspdac2026-submission/exp/deepseek_clean_results/RTLLM/Prob040_synchronizer/generation_log.jsonl,,ok,21,deepseek_clean_results/RTLLM/Prob040_synchronizer/generation_log.jsonl,/workspace/exp/diversity_check/aspdac2026_submission_source/REvolution-aspdac2026-submission/exp
264,generation_log,21,[],0,{},0,95,/workspace/exp/diversity_check/aspdac2026_submission_source/REvolution-aspdac2026-submission/exp/deepseek_clean_results/RTLLM/Prob041_traffic_light/generation_log.jsonl,,ok,21,deepseek_clean_results/RTLLM/Prob041_traffic_light/generation_log.jsonl,/workspace/exp/diversity_check/aspdac2026_submission_source/REvolution-aspdac2026-submission/exp
77,generation_log,21,[],0,{},0,0,/workspace/exp/diversity_check/aspdac2026_submission_source/REvolution-aspdac2026-submission/exp/deepseek_clean_results/RTLLM/Prob042_width_8to16/generation_log.jsonl,,ok,21,deepseek_clean_results/RTLLM/Prob042_width_8to16/generation_log.jsonl,/workspace/exp/diversity_check/aspdac2026_submission_source/REvolution-aspdac2026-submission/exp
261,generation_log,21,[],0,{},0,82,/workspace/exp/diversity_check/aspdac2026_submission_source/REvolution-aspdac2026-submission/exp/deepseek_clean_results/RTLLM/Prob043_RAM/generation_log.jsonl,,ok,21,deepseek_clean_results/RTLLM/Prob043_RAM/generation_log.jsonl,/workspace/exp/diversity_check/aspdac2026_submission_source/REvolution-aspdac2026-submission/exp
261,generation_log,21,[],0,{},0,122,/workspace/exp/diversity_check/aspdac2026_submission_source/REvolution-aspdac2026-submission/exp/deepseek_clean_results/RTLLM/Prob044_ROM/generation_log.jsonl,,ok,21,deepseek_clean_results/RTLLM/Prob044_ROM/generation_log.jsonl,/workspace/exp/diversity_check/aspdac2026_submission_source/REvolution-aspdac2026-submission/exp
77,generation_log,21,[],0,{},0,0,/workspace/exp/diversity_check/aspdac2026_submission_source/REvolution-aspdac2026-submission/exp/deepseek_clean_results/RTLLM/Prob045_alu/generation_log.jsonl,,ok,21,deepseek_clean_results/RTLLM/Prob045_alu/generation_log.jsonl,/workspace/exp/diversity_check/aspdac2026_submission_source/REvolution-aspdac2026-submission/exp
77,generation_log,21,[],0,{},0,0,/workspace/exp/diversity_check/aspdac2026_submission_source/REvolution-aspdac2026-submission/exp/deepseek_clean_results/RTLLM/Prob046_clkgenerator/generation_log.jsonl,,ok,21,deepseek_clean_results/RTLLM/Prob046_clkgenerator/generation_log.jsonl,/workspace/exp/diversity_check/aspdac2026_submission_source/REvolution-aspdac2026-submission/exp
295,generation_log,21,[],0,{},0,158,/workspace/exp/diversity_check/aspdac2026_submission_source/REvolution-aspdac2026-submission/exp/deepseek_clean_results/RTLLM/Prob047_instr_reg/generation_log.jsonl,,ok,21,deepseek_clean_results/RTLLM/Prob047_instr_reg/generation_log.jsonl,/workspace/exp/diversity_check/aspdac2026_submission_source/REvolution-aspdac2026-submission/exp
233,generation_log,21,[],0,{},0,112,/workspace/exp/diversity_check/aspdac2026_submission_source/REvolution-aspdac2026-submission/exp/deepseek_clean_results/RTLLM/Prob048_pe/generation_log.jsonl,,ok,21,deepseek_clean_results/RTLLM/Prob048_pe/generation_log.jsonl,/workspace/exp/diversity_check/aspdac2026_submission_source/REvolution-aspdac2026-submission/exp
228,generation_log,21,[],0,{},0,35,/workspace/exp/diversity_check/aspdac2026_submission_source/REvolution-aspdac2026-submission/exp/deepseek_clean_results/RTLLM/Prob049_signal_generator/generation_log.jsonl,,ok,21,deepseek_clean_results/RTLLM/Prob049_signal_generator/generation_log.jsonl,/workspace/exp/diversity_check/aspdac2026_submission_source/REvolution-aspdac2026-submission/exp
260,generation_log,21,[],0,{},0,186,/workspace/exp/diversity_check/aspdac2026_submission_source/REvolution-aspdac2026-submission/exp/deepseek_clean_results/RTLLM/Prob050_square_wave/generation_log.jsonl,,ok,21,deepseek_clean_results/RTLLM/Prob050_square_wave/generation_log.jsonl,/workspace/exp/diversity_check/aspdac2026_submission_source/REvolution-aspdac2026-submission/exp
261,generation_log,21,[],0,{},0,178,/workspace/exp/diversity_check/aspdac2026_submission_source/REvolution-aspdac2026-submission/exp/deepseek_clean_results/VerilogEval-Spec-to-RTL/Prob001_zero/generation_log.jsonl,,ok,21,deepseek_clean_results/VerilogEval-Spec-to-RTL/Prob001_zero/generation_log.jsonl,/workspace/exp/diversity_check/aspdac2026_submission_source/REvolution-aspdac2026-submission/exp
260,generation_log,21,[],0,{},0,175,/workspace/exp/diversity_check/aspdac2026_submission_source/REvolution-aspdac2026-submission/exp/deepseek_clean_results/VerilogEval-Spec-to-RTL/Prob002_m2014_q4i/generation_log.jsonl,,ok,21,deepseek_clean_results/VerilogEval-Spec-to-RTL/Prob002_m2014_q4i/generation_log.jsonl,/workspace/exp/diversity_check/aspdac2026_submission_source/REvolution-aspdac2026-submission/exp
260,generation_log,21,[],0,{},0,166,/workspace/exp/diversity_check/aspdac2026_submission_source/REvolution-aspdac2026-submission/exp/deepseek_clean_results/VerilogEval-Spec-to-RTL/Prob003_step_one/generation_log.jsonl,,ok,21,deepseek_clean_results/VerilogEval-Spec-to-RTL/Prob003_step_one/generation_log.jsonl,/workspace/exp/diversity_check/aspdac2026_submission_source/REvolution-aspdac2026-submission/exp
259,generation_log,21,[],0,{},0,192,/workspace/exp/diversity_check/aspdac2026_submission_source/REvolution-aspdac2026-submission/exp/deepseek_clean_results/VerilogEval-Spec-to-RTL/Prob004_vector2/generation_log.jsonl,,ok,21,deepseek_clean_results/VerilogEval-Spec-to-RTL/Prob004_vector2/generation_log.jsonl,/workspace/exp/diversity_check/aspdac2026_submission_source/REvolution-aspdac2026-submission/exp
258,generation_log,21,[],0,{},0,194,/workspace/exp/diversity_check/aspdac2026_submission_source/REvolution-aspdac2026-submission/exp/deepseek_clean_results/VerilogEval-Spec-to-RTL/Prob005_notgate/generation_log.jsonl,,ok,21,deepseek_clean_results/VerilogEval-Spec-to-RTL/Prob005_notgate/generation_log.jsonl,/workspace/exp/diversity_check/aspdac2026_submission_source/REvolution-aspdac2026-submission/exp
260,generation_log,21,[],0,{},0,187,/workspace/exp/diversity_check/aspdac2026_submission_source/REvolution-aspdac2026-submission/exp/deepseek_clean_results/VerilogEval-Spec-to-RTL/Prob006_vectorr/generation_log.jsonl,,ok,21,deepseek_clean_results/VerilogEval-Spec-to-RTL/Prob006_vectorr/generation_log.jsonl,/workspace/exp/diversity_check/aspdac2026_submission_source/REvolution-aspdac2026-submission/exp
259,generation_log,21,[],0,{},0,182,/workspace/exp/diversity_check/aspdac2026_submission_source/REvolution-aspdac2026-submission/exp/deepseek_clean_results/VerilogEval-Spec-to-RTL/Prob007_wire/generation_log.jsonl,,ok,21,deepseek_clean_results/VerilogEval-Spec-to-RTL/Prob007_wire/generation_log.jsonl,/workspace/exp/diversity_check/aspdac2026_submission_source/REvolution-aspdac2026-submission/exp
259,generation_log,21,[],0,{},0,158,/workspace/exp/diversity_check/aspdac2026_submission_source/REvolution-aspdac2026-submission/exp/deepseek_clean_results/VerilogEval-Spec-to-RTL/Prob008_m2014_q4h/generation_log.jsonl,,ok,21,deepseek_clean_results/VerilogEval-Spec-to-RTL/Prob008_m2014_q4h/generation_log.jsonl,/workspace/exp/diversity_check/aspdac2026_submission_source/REvolution-aspdac2026-submission/exp
261,generation_log,21,[],0,{},0,184,/workspace/exp/diversity_check/aspdac2026_submission_source/REvolution-aspdac2026-submission/exp/deepseek_clean_results/VerilogEval-Spec-to-RTL/Prob009_popcount3/generation_log.jsonl,,ok,21,deepseek_clean_results/VerilogEval-Spec-to-RTL/Prob009_popcount3/generation_log.jsonl,/workspace/exp/diversity_check/aspdac2026_submission_source/REvolution-aspdac2026-submission/exp
260,generation_log,21,[],0,{},0,202,/workspace/exp/diversity_check/aspdac2026_submission_source/REvolution-aspdac2026-submission/exp/deepseek_clean_results/VerilogEval-Spec-to-RTL/Prob010_mt2015_q4a/generation_log.jsonl,,ok,21,deepseek_clean_results/VerilogEval-Spec-to-RTL/Prob010_mt2015_q4a/generation_log.jsonl,/workspace/exp/diversity_check/aspdac2026_submission_source/REvolution-aspdac2026-submission/exp
258,generation_log,21,[],0,{},0,181,/workspace/exp/diversity_check/aspdac2026_submission_source/REvolution-aspdac2026-submission/exp/deepseek_clean_results/VerilogEval-Spec-to-RTL/Prob011_norgate/generation_log.jsonl,,ok,21,deepseek_clean_results/VerilogEval-Spec-to-RTL/Prob011_norgate/generation_log.jsonl,/workspace/exp/diversity_check/aspdac2026_submission_source/REvolution-aspdac2026-submission/exp
258,generation_log,21,[],0,{},0,188,/workspace/exp/diversity_check/aspdac2026_submission_source/REvolution-aspdac2026-submission/exp/deepseek_clean_results/VerilogEval-Spec-to-RTL/Prob012_xnorgate/generation_log.jsonl,,ok,21,deepseek_clean_results/VerilogEval-Spec-to-RTL/Prob012_xnorgate/generation_log.jsonl,/workspace/exp/diversity_check/aspdac2026_submission_source/REvolution-aspdac2026-submission/exp
258,generation_log,21,[],0,{},0,188,/workspace/exp/diversity_check/aspdac2026_submission_source/REvolution-aspdac2026-submission/exp/deepseek_clean_results/VerilogEval-Spec-to-RTL/Prob013_m2014_q4e/generation_log.jsonl,,ok,21,deepseek_clean_results/VerilogEval-Spec-to-RTL/Prob013_m2014_q4e/generation_log.jsonl,/workspace/exp/diversity_check/aspdac2026_submission_source/REvolution-aspdac2026-submission/exp
260,generation_log,21,[],0,{},0,198,/workspace/exp/diversity_check/aspdac2026_submission_source/REvolution-aspdac2026-submission/exp/deepseek_clean_results/VerilogEval-Spec-to-RTL/Prob014_andgate/generation_log.jsonl,,ok,21,deepseek_clean_results/VerilogEval-Spec-to-RTL/Prob014_andgate/generation_log.jsonl,/workspace/exp/diversity_check/aspdac2026_submission_source/REvolution-aspdac2026-submission/exp
258,generation_log,21,[],0,{},0,198,/workspace/exp/diversity_check/aspdac2026_submission_source/REvolution-aspdac2026-submission/exp/deepseek_clean_results/VerilogEval-Spec-to-RTL/Prob015_vector1/generation_log.jsonl,,ok,21,deepseek_clean_results/VerilogEval-Spec-to-RTL/Prob015_vector1/generation_log.jsonl,/workspace/exp/diversity_check/aspdac2026_submission_source/REvolution-aspdac2026-submission/exp
259,generation_log,21,[],0,{},0,192,/workspace/exp/diversity_check/aspdac2026_submission_source/REvolution-aspdac2026-submission/exp/deepseek_clean_results/VerilogEval-Spec-to-RTL/Prob016_m2014_q4j/generation_log.jsonl,,ok,21,deepseek_clean_results/VerilogEval-Spec-to-RTL/Prob016_m2014_q4j/generation_log.jsonl,/workspace/exp/diversity_check/aspdac2026_submission_source/REvolution-aspdac2026-submission/exp
259,generation_log,21,[],0,{},0,186,/workspace/exp/diversity_check/aspdac2026_submission_source/REvolution-aspdac2026-submission/exp/deepseek_clean_results/VerilogEval-Spec-to-RTL/Prob017_mux2to1v/generation_log.jsonl,,ok,21,deepseek_clean_results/VerilogEval-Spec-to-RTL/Prob017_mux2to1v/generation_log.jsonl,/workspace/exp/diversity_check/aspdac2026_submission_source/REvolution-aspdac2026-submission/exp
260,generation_log,21,[],0,{},0,165,/workspace/exp/diversity_check/aspdac2026_submission_source/REvolution-aspdac2026-submission/exp/deepseek_clean_results/VerilogEval-Spec-to-RTL/Prob018_mux256to1/generation_log.jsonl,,ok,21,deepseek_clean_results/VerilogEval-Spec-to-RTL/Prob018_mux256to1/generation_log.jsonl,/workspace/exp/diversity_check/aspdac2026_submission_source/REvolution-aspdac2026-submission/exp
258,generation_log,21,[],0,{},0,198,/workspace/exp/diversity_check/aspdac2026_submission_source/REvolution-aspdac2026-submission/exp/deepseek_clean_results/VerilogEval-Spec-to-RTL/Prob019_m2014_q4f/generation_log.jsonl,,ok,21,deepseek_clean_results/VerilogEval-Spec-to-RTL/Prob019_m2014_q4f/generation_log.jsonl,/workspace/exp/diversity_check/aspdac2026_submission_source/REvolution-aspdac2026-submission/exp
258,generation_log,21,[],0,{},0,207,/workspace/exp/diversity_check/aspdac2026_submission_source/REvolution-aspdac2026-submission/exp/deepseek_clean_results/VerilogEval-Spec-to-RTL/Prob020_mt2015_eq2/generation_log.jsonl,,ok,21,deepseek_clean_results/VerilogEval-Spec-to-RTL/Prob020_mt2015_eq2/generation_log.jsonl,/workspace/exp/diversity_check/aspdac2026_submission_source/REvolution-aspdac2026-submission/exp
261,generation_log,21,[],0,{},0,168,/workspace/exp/diversity_check/aspdac2026_submission_source/REvolution-aspdac2026-submission/exp/deepseek_clean_results/VerilogEval-Spec-to-RTL/Prob021_mux256to1v/generation_log.jsonl,,ok,21,deepseek_clean_results/VerilogEval-Spec-to-RTL/Prob021_mux256to1v/generation_log.jsonl,/workspace/exp/diversity_check/aspdac2026_submission_source/REvolution-aspdac2026-submission/exp
259,generation_log,21,[],0,{},0,195,/workspace/exp/diversity_check/aspdac2026_submission_source/REvolution-aspdac2026-submission/exp/deepseek_clean_results/VerilogEval-Spec-to-RTL/Prob022_mux2to1/generation_log.jsonl,,ok,21,deepseek_clean_results/VerilogEval-Spec-to-RTL/Prob022_mux2to1/generation_log.jsonl,/workspace/exp/diversity_check/aspdac2026_submission_source/REvolution-aspdac2026-submission/exp
260,generation_log,21,[],0,{},0,175,/workspace/exp/diversity_check/aspdac2026_submission_source/REvolution-aspdac2026-submission/exp/deepseek_clean_results/VerilogEval-Spec-to-RTL/Prob023_vector100r/generation_log.jsonl,,ok,21,deepseek_clean_results/VerilogEval-Spec-to-RTL/Prob023_vector100r/generation_log.jsonl,/workspace/exp/diversity_check/aspdac2026_submission_source/REvolution-aspdac2026-submission/exp
259,generation_log,21,[],0,{},0,204,/workspace/exp/diversity_check/aspdac2026_submission_source/REvolution-aspdac2026-submission/exp/deepseek_clean_results/VerilogEval-Spec-to-RTL/Prob024_hadd/generation_log.jsonl,,ok,21,deepseek_clean_results/VerilogEval-Spec-to-RTL/Prob024_hadd/generation_log.jsonl,/workspace/exp/diversity_check/aspdac2026_submission_source/REvolution-aspdac2026-submission/exp
260,generation_log,21,[],0,{},0,194,/workspace/exp/diversity_check/aspdac2026_submission_source/REvolution-aspdac2026-submission/exp/deepseek_clean_results/VerilogEval-Spec-to-RTL/Prob025_reduction/generation_log.jsonl,,ok,21,deepseek_clean_results/VerilogEval-Spec-to-RTL/Prob025_reduction/generation_log.jsonl,/workspace/exp/diversity_check/aspdac2026_submission_source/REvolution-aspdac2026-submission/exp
295,generation_log,21,[],0,{},0,124,/workspace/exp/diversity_check/aspdac2026_submission_source/REvolution-aspdac2026-submission/exp/deepseek_clean_results/VerilogEval-Spec-to-RTL/Prob026_alwaysblock1/generation_log.jsonl,,ok,21,deepseek_clean_results/VerilogEval-Spec-to-RTL/Prob026_alwaysblock1/generation_log.jsonl,/workspace/exp/diversity_check/aspdac2026_submission_source/REvolution-aspdac2026-submission/exp
258,generation_log,21,[],0,{},0,198,/workspace/exp/diversity_check/aspdac2026_submission_source/REvolution-aspdac2026-submission/exp/deepseek_clean_results/VerilogEval-Spec-to-RTL/Prob027_fadd/generation_log.jsonl,,ok,21,deepseek_clean_results/VerilogEval-Spec-to-RTL/Prob027_fadd/generation_log.jsonl,/workspace/exp/diversity_check/aspdac2026_submission_source/REvolution-aspdac2026-submission/exp
209,generation_log,21,[],0,{},0,59,/workspace/exp/diversity_check/aspdac2026_submission_source/REvolution-aspdac2026-submission/exp/deepseek_clean_results/VerilogEval-Spec-to-RTL/Prob028_m2014_q4a/generation_log.jsonl,,ok,21,deepseek_clean_results/VerilogEval-Spec-to-RTL/Prob028_m2014_q4a/generation_log.jsonl,/workspace/exp/diversity_check/aspdac2026_submission_source/REvolution-aspdac2026-submission/exp
257,generation_log,21,[],0,{},0,201,/workspace/exp/diversity_check/aspdac2026_submission_source/REvolution-aspdac2026-submission/exp/deepseek_clean_results/VerilogEval-Spec-to-RTL/Prob029_m2014_q4g/generation_log.jsonl,,ok,21,deepseek_clean_results/VerilogEval-Spec-to-RTL/Prob029_m2014_q4g/generation_log.jsonl,/workspace/exp/diversity_check/aspdac2026_submission_source/REvolution-aspdac2026-submission/exp
279,generation_log,21,[],0,{},0,137,/workspace/exp/diversity_check/aspdac2026_submission_source/REvolution-aspdac2026-submission/exp/deepseek_clean_results/VerilogEval-Spec-to-RTL/Prob030_popcount255/generation_log.jsonl,,ok,21,deepseek_clean_results/VerilogEval-Spec-to-RTL/Prob030_popcount255/generation_log.jsonl,/workspace/exp/diversity_check/aspdac2026_submission_source/REvolution-aspdac2026-submission/exp
260,generation_log,21,[],0,{},0,149,/workspace/exp/diversity_check/aspdac2026_submission_source/REvolution-aspdac2026-submission/exp/deepseek_clean_results/VerilogEval-Spec-to-RTL/Prob031_dff/generation_log.jsonl,,ok,21,deepseek_clean_results/VerilogEval-Spec-to-RTL/Prob031_dff/generation_log.jsonl,/workspace/exp/diversity_check/aspdac2026_submission_source/REvolution-aspdac2026-submission/exp
260,generation_log,21,[],0,{},0,200,/workspace/exp/diversity_check/aspdac2026_submission_source/REvolution-aspdac2026-submission/exp/deepseek_clean_results/VerilogEval-Spec-to-RTL/Prob032_vector0/generation_log.jsonl,,ok,21,deepseek_clean_results/VerilogEval-Spec-to-RTL/Prob032_vector0/generation_log.jsonl,/workspace/exp/diversity_check/aspdac2026_submission_source/REvolution-aspdac2026-submission/exp
261,generation_log,21,[],0,{},0,166,/workspace/exp/diversity_check/aspdac2026_submission_source/REvolution-aspdac2026-submission/exp/deepseek_clean_results/VerilogEval-Spec-to-RTL/Prob033_ece241_2014_q1c/generation_log.jsonl,,ok,21,deepseek_clean_results/VerilogEval-Spec-to-RTL/Prob033_ece241_2014_q1c/generation_log.jsonl,/workspace/exp/diversity_check/aspdac2026_submission_source/REvolution-aspdac2026-submission/exp
77,generation_log,21,[],0,{},0,0,/workspace/exp/diversity_check/aspdac2026_submission_source/REvolution-aspdac2026-submission/exp/deepseek_clean_results/VerilogEval-Spec-to-RTL/Prob034_dff8/generation_log.jsonl,,ok,21,deepseek_clean_results/VerilogEval-Spec-to-RTL/Prob034_dff8/generation_log.jsonl,/workspace/exp/diversity_check/aspdac2026_submission_source/REvolution-aspdac2026-submission/exp
261,generation_log,21,[],0,{},0,178,/workspace/exp/diversity_check/aspdac2026_submission_source/REvolution-aspdac2026-submission/exp/deepseek_clean_results/VerilogEval-Spec-to-RTL/Prob035_count1to10/generation_log.jsonl,,ok,21,deepseek_clean_results/VerilogEval-Spec-to-RTL/Prob035_count1to10/generation_log.jsonl,/workspace/exp/diversity_check/aspdac2026_submission_source/REvolution-aspdac2026-submission/exp
258,generation_log,21,[],0,{},0,197,/workspace/exp/diversity_check/aspdac2026_submission_source/REvolution-aspdac2026-submission/exp/deepseek_clean_results/VerilogEval-Spec-to-RTL/Prob036_ringer/generation_log.jsonl,,ok,21,deepseek_clean_results/VerilogEval-Spec-to-RTL/Prob036_ringer/generation_log.jsonl,/workspace/exp/diversity_check/aspdac2026_submission_source/REvolution-aspdac2026-submission/exp
260,generation_log,21,[],0,{},0,155,/workspace/exp/diversity_check/aspdac2026_submission_source/REvolution-aspdac2026-submission/exp/deepseek_clean_results/VerilogEval-Spec-to-RTL/Prob037_review2015_count1k/generation_log.jsonl,,ok,21,deepseek_clean_results/VerilogEval-Spec-to-RTL/Prob037_review2015_count1k/generation_log.jsonl,/workspace/exp/diversity_check/aspdac2026_submission_source/REvolution-aspdac2026-submission/exp
260,generation_log,21,[],0,{},0,165,/workspace/exp/diversity_check/aspdac2026_submission_source/REvolution-aspdac2026-submission/exp/deepseek_clean_results/VerilogEval-Spec-to-RTL/Prob038_count15/generation_log.jsonl,,ok,21,deepseek_clean_results/VerilogEval-Spec-to-RTL/Prob038_count15/generation_log.jsonl,/workspace/exp/diversity_check/aspdac2026_submission_source/REvolution-aspdac2026-submission/exp
295,generation_log,21,[],0,{},0,138,/workspace/exp/diversity_check/aspdac2026_submission_source/REvolution-aspdac2026-submission/exp/deepseek_clean_results/VerilogEval-Spec-to-RTL/Prob039_always_if/generation_log.jsonl,,ok,21,deepseek_clean_results/VerilogEval-Spec-to-RTL/Prob039_always_if/generation_log.jsonl,/workspace/exp/diversity_check/aspdac2026_submission_source/REvolution-aspdac2026-submission/exp
259,generation_log,21,[],0,{},0,182,/workspace/exp/diversity_check/aspdac2026_submission_source/REvolution-aspdac2026-submission/exp/deepseek_clean_results/VerilogEval-Spec-to-RTL/Prob040_count10/generation_log.jsonl,,ok,21,deepseek_clean_results/VerilogEval-Spec-to-RTL/Prob040_count10/generation_log.jsonl,/workspace/exp/diversity_check/aspdac2026_submission_source/REvolution-aspdac2026-submission/exp
264,generation_log,21,[],0,{},0,157,/workspace/exp/diversity_check/aspdac2026_submission_source/REvolution-aspdac2026-submission/exp/deepseek_clean_results/VerilogEval-Spec-to-RTL/Prob041_dff8r/generation_log.jsonl,,ok,21,deepseek_clean_results/VerilogEval-Spec-to-RTL/Prob041_dff8r/generation_log.jsonl,/workspace/exp/diversity_check/aspdac2026_submission_source/REvolution-aspdac2026-submission/exp
258,generation_log,21,[],0,{},0,194,/workspace/exp/diversity_check/aspdac2026_submission_source/REvolution-aspdac2026-submission/exp/deepseek_clean_results/VerilogEval-Spec-to-RTL/Prob042_vector4/generation_log.jsonl,,ok,21,deepseek_clean_results/VerilogEval-Spec-to-RTL/Prob042_vector4/generation_log.jsonl,/workspace/exp/diversity_check/aspdac2026_submission_source/REvolution-aspdac2026-submission/exp
265,generation_log,21,[],0,{},0,152,/workspace/exp/diversity_check/aspdac2026_submission_source/REvolution-aspdac2026-submission/exp/deepseek_clean_results/VerilogEval-Spec-to-RTL/Prob043_vector5/generation_log.jsonl,,ok,21,deepseek_clean_results/VerilogEval-Spec-to-RTL/Prob043_vector5/generation_log.jsonl,/workspace/exp/diversity_check/aspdac2026_submission_source/REvolution-aspdac2026-submission/exp
258,generation_log,21,[],0,{},0,203,/workspace/exp/diversity_check/aspdac2026_submission_source/REvolution-aspdac2026-submission/exp/deepseek_clean_results/VerilogEval-Spec-to-RTL/Prob044_vectorgates/generation_log.jsonl,,ok,21,deepseek_clean_results/VerilogEval-Spec-to-RTL/Prob044_vectorgates/generation_log.jsonl,/workspace/exp/diversity_check/aspdac2026_submission_source/REvolution-aspdac2026-submission/exp
268,generation_log,21,[],0,{},0,91,/workspace/exp/diversity_check/aspdac2026_submission_source/REvolution-aspdac2026-submission/exp/deepseek_clean_results/VerilogEval-Spec-to-RTL/Prob045_edgedetect2/generation_log.jsonl,,ok,21,deepseek_clean_results/VerilogEval-Spec-to-RTL/Prob045_edgedetect2/generation_log.jsonl,/workspace/exp/diversity_check/aspdac2026_submission_source/REvolution-aspdac2026-submission/exp
259,generation_log,21,[],0,{},0,188,/workspace/exp/diversity_check/aspdac2026_submission_source/REvolution-aspdac2026-submission/exp/deepseek_clean_results/VerilogEval-Spec-to-RTL/Prob046_dff8p/generation_log.jsonl,,ok,21,deepseek_clean_results/VerilogEval-Spec-to-RTL/Prob046_dff8p/generation_log.jsonl,/workspace/exp/diversity_check/aspdac2026_submission_source/REvolution-aspdac2026-submission/exp
261,generation_log,21,[],0,{},0,184,/workspace/exp/diversity_check/aspdac2026_submission_source/REvolution-aspdac2026-submission/exp/deepseek_clean_results/VerilogEval-Spec-to-RTL/Prob047_dff8ar/generation_log.jsonl,,ok,21,deepseek_clean_results/VerilogEval-Spec-to-RTL/Prob047_dff8ar/generation_log.jsonl,/workspace/exp/diversity_check/aspdac2026_submission_source/REvolution-aspdac2026-submission/exp
259,generation_log,21,[],0,{},0,187,/workspace/exp/diversity_check/aspdac2026_submission_source/REvolution-aspdac2026-submission/exp/deepseek_clean_results/VerilogEval-Spec-to-RTL/Prob048_m2014_q4c/generation_log.jsonl,,ok,21,deepseek_clean_results/VerilogEval-Spec-to-RTL/Prob048_m2014_q4c/generation_log.jsonl,/workspace/exp/diversity_check/aspdac2026_submission_source/REvolution-aspdac2026-submission/exp
261,generation_log,21,[],0,{},0,121,/workspace/exp/diversity_check/aspdac2026_submission_source/REvolution-aspdac2026-submission/exp/deepseek_clean_results/VerilogEval-Spec-to-RTL/Prob049_m2014_q4b/generation_log.jsonl,,ok,21,deepseek_clean_results/VerilogEval-Spec-to-RTL/Prob049_m2014_q4b/generation_log.jsonl,/workspace/exp/diversity_check/aspdac2026_submission_source/REvolution-aspdac2026-submission/exp
261,generation_log,21,[],0,{},0,200,/workspace/exp/diversity_check/aspdac2026_submission_source/REvolution-aspdac2026-submission/exp/deepseek_clean_results/VerilogEval-Spec-to-RTL/Prob050_kmap1/generation_log.jsonl,,ok,21,deepseek_clean_results/VerilogEval-Spec-to-RTL/Prob050_kmap1/generation_log.jsonl,/workspace/exp/diversity_check/aspdac2026_submission_source/REvolution-aspdac2026-submission/exp
258,generation_log,21,[],0,{},0,195,/workspace/exp/diversity_check/aspdac2026_submission_source/REvolution-aspdac2026-submission/exp/deepseek_clean_results/VerilogEval-Spec-to-RTL/Prob051_gates4/generation_log.jsonl,,ok,21,deepseek_clean_results/VerilogEval-Spec-to-RTL/Prob051_gates4/generation_log.jsonl,/workspace/exp/diversity_check/aspdac2026_submission_source/REvolution-aspdac2026-submission/exp
260,generation_log,21,[],0,{},0,165,/workspace/exp/diversity_check/aspdac2026_submission_source/REvolution-aspdac2026-submission/exp/deepseek_clean_results/VerilogEval-Spec-to-RTL/Prob052_gates100/generation_log.jsonl,,ok,21,deepseek_clean_results/VerilogEval-Spec-to-RTL/Prob052_gates100/generation_log.jsonl,/workspace/exp/diversity_check/aspdac2026_submission_source/REvolution-aspdac2026-submission/exp
77,generation_log,21,[],0,{},0,0,/workspace/exp/diversity_check/aspdac2026_submission_source/REvolution-aspdac2026-submission/exp/deepseek_clean_results/VerilogEval-Spec-to-RTL/Prob053_m2014_q4d/generation_log.jsonl,,ok,21,deepseek_clean_results/VerilogEval-Spec-to-RTL/Prob053_m2014_q4d/generation_log.jsonl,/workspace/exp/diversity_check/aspdac2026_submission_source/REvolution-aspdac2026-submission/exp
250,generation_log,21,[],0,{},0,86,/workspace/exp/diversity_check/aspdac2026_submission_source/REvolution-aspdac2026-submission/exp/deepseek_clean_results/VerilogEval-Spec-to-RTL/Prob054_edgedetect/generation_log.jsonl,,ok,21,deepseek_clean_results/VerilogEval-Spec-to-RTL/Prob054_edgedetect/generation_log.jsonl,/workspace/exp/diversity_check/aspdac2026_submission_source/REvolution-aspdac2026-submission/exp
260,generation_log,21,[],0,{},0,196,/workspace/exp/diversity_check/aspdac2026_submission_source/REvolution-aspdac2026-submission/exp/deepseek_clean_results/VerilogEval-Spec-to-RTL/Prob055_conditional/generation_log.jsonl,,ok,21,deepseek_clean_results/VerilogEval-Spec-to-RTL/Prob055_conditional/generation_log.jsonl,/workspace/exp/diversity_check/aspdac2026_submission_source/REvolution-aspdac2026-submission/exp
241,generation_log,21,[],0,{},0,78,/workspace/exp/diversity_check/aspdac2026_submission_source/REvolution-aspdac2026-submission/exp/deepseek_clean_results/VerilogEval-Spec-to-RTL/Prob056_ece241_2013_q7/generation_log.jsonl,,ok,21,deepseek_clean_results/VerilogEval-Spec-to-RTL/Prob056_ece241_2013_q7/generation_log.jsonl,/workspace/exp/diversity_check/aspdac2026_submission_source/REvolution-aspdac2026-submission/exp
241,generation_log,21,[],0,{},0,67,/workspace/exp/diversity_check/aspdac2026_submission_source/REvolution-aspdac2026-submission/exp/deepseek_clean_results/VerilogEval-Spec-to-RTL/Prob057_kmap2/generation_log.jsonl,,ok,21,deepseek_clean_results/VerilogEval-Spec-to-RTL/Prob057_kmap2/generation_log.jsonl,/workspace/exp/diversity_check/aspdac2026_submission_source/REvolution-aspdac2026-submission/exp
272,generation_log,21,[],0,{},0,133,/workspace/exp/diversity_check/aspdac2026_submission_source/REvolution-aspdac2026-submission/exp/deepseek_clean_results/VerilogEval-Spec-to-RTL/Prob058_alwaysblock2/generation_log.jsonl,,ok,21,deepseek_clean_results/VerilogEval-Spec-to-RTL/Prob058_alwaysblock2/generation_log.jsonl,/workspace/exp/diversity_check/aspdac2026_submission_source/REvolution-aspdac2026-submission/exp
259,generation_log,21,[],0,{},0,203,/workspace/exp/diversity_check/aspdac2026_submission_source/REvolution-aspdac2026-submission/exp/deepseek_clean_results/VerilogEval-Spec-to-RTL/Prob059_wire4/generation_log.jsonl,,ok,21,deepseek_clean_results/VerilogEval-Spec-to-RTL/Prob059_wire4/generation_log.jsonl,/workspace/exp/diversity_check/aspdac2026_submission_source/REvolution-aspdac2026-submission/exp
260,generation_log,21,[],0,{},0,176,/workspace/exp/diversity_check/aspdac2026_submission_source/REvolution-aspdac2026-submission/exp/deepseek_clean_results/VerilogEval-Spec-to-RTL/Prob060_m2014_q4k/generation_log.jsonl,,ok,21,deepseek_clean_results/VerilogEval-Spec-to-RTL/Prob060_m2014_q4k/generation_log.jsonl,/workspace/exp/diversity_check/aspdac2026_submission_source/REvolution-aspdac2026-submission/exp
264,generation_log,21,[],0,{},0,157,/workspace/exp/diversity_check/aspdac2026_submission_source/REvolution-aspdac2026-submission/exp/deepseek_clean_results/VerilogEval-Spec-to-RTL/Prob061_2014_q4a/generation_log.jsonl,,ok,21,deepseek_clean_results/VerilogEval-Spec-to-RTL/Prob061_2014_q4a/generation_log.jsonl,/workspace/exp/diversity_check/aspdac2026_submission_source/REvolution-aspdac2026-submission/exp
246,generation_log,21,[],0,{},0,36,/workspace/exp/diversity_check/aspdac2026_submission_source/REvolution-aspdac2026-submission/exp/deepseek_clean_results/VerilogEval-Spec-to-RTL/Prob062_bugs_mux2/generation_log.jsonl,,ok,21,deepseek_clean_results/VerilogEval-Spec-to-RTL/Prob062_bugs_mux2/generation_log.jsonl,/workspace/exp/diversity_check/aspdac2026_submission_source/REvolution-aspdac2026-submission/exp
291,generation_log,21,[],0,{},0,163,/workspace/exp/diversity_check/aspdac2026_submission_source/REvolution-aspdac2026-submission/exp/deepseek_clean_results/VerilogEval-Spec-to-RTL/Prob063_review2015_shiftcount/generation_log.jsonl,,ok,21,deepseek_clean_results/VerilogEval-Spec-to-RTL/Prob063_review2015_shiftcount/generation_log.jsonl,/workspace/exp/diversity_check/aspdac2026_submission_source/REvolution-aspdac2026-submission/exp
261,generation_log,21,[],0,{},0,162,/workspace/exp/diversity_check/aspdac2026_submission_source/REvolution-aspdac2026-submission/exp/deepseek_clean_results/VerilogEval-Spec-to-RTL/Prob064_vector3/generation_log.jsonl,,ok,21,deepseek_clean_results/VerilogEval-Spec-to-RTL/Prob064_vector3/generation_log.jsonl,/workspace/exp/diversity_check/aspdac2026_submission_source/REvolution-aspdac2026-submission/exp
258,generation_log,21,[],0,{},0,177,/workspace/exp/diversity_check/aspdac2026_submission_source/REvolution-aspdac2026-submission/exp/deepseek_clean_results/VerilogEval-Spec-to-RTL/Prob065_7420/generation_log.jsonl,,ok,21,deepseek_clean_results/VerilogEval-Spec-to-RTL/Prob065_7420/generation_log.jsonl,/workspace/exp/diversity_check/aspdac2026_submission_source/REvolution-aspdac2026-submission/exp
77,generation_log,21,[],0,{},0,0,/workspace/exp/diversity_check/aspdac2026_submission_source/REvolution-aspdac2026-submission/exp/deepseek_clean_results/VerilogEval-Spec-to-RTL/Prob066_edgecapture/generation_log.jsonl,,ok,21,deepseek_clean_results/VerilogEval-Spec-to-RTL/Prob066_edgecapture/generation_log.jsonl,/workspace/exp/diversity_check/aspdac2026_submission_source/REvolution-aspdac2026-submission/exp
261,generation_log,21,[],0,{},0,182,/workspace/exp/diversity_check/aspdac2026_submission_source/REvolution-aspdac2026-submission/exp/deepseek_clean_results/VerilogEval-Spec-to-RTL/Prob067_countslow/generation_log.jsonl,,ok,21,deepseek_clean_results/VerilogEval-Spec-to-RTL/Prob067_countslow/generation_log.jsonl,/workspace/exp/diversity_check/aspdac2026_submission_source/REvolution-aspdac2026-submission/exp
267,generation_log,21,[],0,{},0,108,/workspace/exp/diversity_check/aspdac2026_submission_source/REvolution-aspdac2026-submission/exp/deepseek_clean_results/VerilogEval-Spec-to-RTL/Prob068_countbcd/generation_log.jsonl,,ok,21,deepseek_clean_results/VerilogEval-Spec-to-RTL/Prob068_countbcd/generation_log.jsonl,/workspace/exp/diversity_check/aspdac2026_submission_source/REvolution-aspdac2026-submission/exp
260,generation_log,21,[],0,{},0,203,/workspace/exp/diversity_check/aspdac2026_submission_source/REvolution-aspdac2026-submission/exp/deepseek_clean_results/VerilogEval-Spec-to-RTL/Prob069_truthtable1/generation_log.jsonl,,ok,21,deepseek_clean_results/VerilogEval-Spec-to-RTL/Prob069_truthtable1/generation_log.jsonl,/workspace/exp/diversity_check/aspdac2026_submission_source/REvolution-aspdac2026-submission/exp
77,generation_log,21,[],0,{},0,0,/workspace/exp/diversity_check/aspdac2026_submission_source/REvolution-aspdac2026-submission/exp/deepseek_clean_results/VerilogEval-Spec-to-RTL/Prob070_ece241_2013_q2/generation_log.jsonl,,ok,21,deepseek_clean_results/VerilogEval-Spec-to-RTL/Prob070_ece241_2013_q2/generation_log.jsonl,/workspace/exp/diversity_check/aspdac2026_submission_source/REvolution-aspdac2026-submission/exp
274,generation_log,21,[],0,{},0,177,/workspace/exp/diversity_check/aspdac2026_submission_source/REvolution-aspdac2026-submission/exp/deepseek_clean_results/VerilogEval-Spec-to-RTL/Prob071_always_casez/generation_log.jsonl,,ok,21,deepseek_clean_results/VerilogEval-Spec-to-RTL/Prob071_always_casez/generation_log.jsonl,/workspace/exp/diversity_check/aspdac2026_submission_source/REvolution-aspdac2026-submission/exp
258,generation_log,21,[],0,{},0,178,/workspace/exp/diversity_check/aspdac2026_submission_source/REvolution-aspdac2026-submission/exp/deepseek_clean_results/VerilogEval-Spec-to-RTL/Prob072_thermostat/generation_log.jsonl,,ok,21,deepseek_clean_results/VerilogEval-Spec-to-RTL/Prob072_thermostat/generation_log.jsonl,/workspace/exp/diversity_check/aspdac2026_submission_source/REvolution-aspdac2026-submission/exp
259,generation_log,21,[],0,{},0,180,/workspace/exp/diversity_check/aspdac2026_submission_source/REvolution-aspdac2026-submission/exp/deepseek_clean_results/VerilogEval-Spec-to-RTL/Prob073_dff16e/generation_log.jsonl,,ok,21,deepseek_clean_results/VerilogEval-Spec-to-RTL/Prob073_dff16e/generation_log.jsonl,/workspace/exp/diversity_check/aspdac2026_submission_source/REvolution-aspdac2026-submission/exp
77,generation_log,21,[],0,{},0,0,/workspace/exp/diversity_check/aspdac2026_submission_source/REvolution-aspdac2026-submission/exp/deepseek_clean_results/VerilogEval-Spec-to-RTL/Prob074_ece241_2014_q4/generation_log.jsonl,,ok,21,deepseek_clean_results/VerilogEval-Spec-to-RTL/Prob074_ece241_2014_q4/generation_log.jsonl,/workspace/exp/diversity_check/aspdac2026_submission_source/REvolution-aspdac2026-submission/exp
264,generation_log,21,[],0,{},0,176,/workspace/exp/diversity_check/aspdac2026_submission_source/REvolution-aspdac2026-submission/exp/deepseek_clean_results/VerilogEval-Spec-to-RTL/Prob075_counter_2bc/generation_log.jsonl,,ok,21,deepseek_clean_results/VerilogEval-Spec-to-RTL/Prob075_counter_2bc/generation_log.jsonl,/workspace/exp/diversity_check/aspdac2026_submission_source/REvolution-aspdac2026-submission/exp
260,generation_log,21,[],0,{},0,187,/workspace/exp/diversity_check/aspdac2026_submission_source/REvolution-aspdac2026-submission/exp/deepseek_clean_results/VerilogEval-Spec-to-RTL/Prob076_always_case/generation_log.jsonl,,ok,21,deepseek_clean_results/VerilogEval-Spec-to-RTL/Prob076_always_case/generation_log.jsonl,/workspace/exp/diversity_check/aspdac2026_submission_source/REvolution-aspdac2026-submission/exp
258,generation_log,21,[],0,{},0,188,/workspace/exp/diversity_check/aspdac2026_submission_source/REvolution-aspdac2026-submission/exp/deepseek_clean_results/VerilogEval-Spec-to-RTL/Prob077_wire_decl/generation_log.jsonl,,ok,21,deepseek_clean_results/VerilogEval-Spec-to-RTL/Prob077_wire_decl/generation_log.jsonl,/workspace/exp/diversity_check/aspdac2026_submission_source/REvolution-aspdac2026-submission/exp
269,generation_log,21,[],0,{},0,74,/workspace/exp/diversity_check/aspdac2026_submission_source/REvolution-aspdac2026-submission/exp/deepseek_clean_results/VerilogEval-Spec-to-RTL/Prob078_dualedge/generation_log.jsonl,,ok,21,deepseek_clean_results/VerilogEval-Spec-to-RTL/Prob078_dualedge/generation_log.jsonl,/workspace/exp/diversity_check/aspdac2026_submission_source/REvolution-aspdac2026-submission/exp
265,generation_log,21,[],0,{},0,181,/workspace/exp/diversity_check/aspdac2026_submission_source/REvolution-aspdac2026-submission/exp/deepseek_clean_results/VerilogEval-Spec-to-RTL/Prob079_fsm3onehot/generation_log.jsonl,,ok,21,deepseek_clean_results/VerilogEval-Spec-to-RTL/Prob079_fsm3onehot/generation_log.jsonl,/workspace/exp/diversity_check/aspdac2026_submission_source/REvolution-aspdac2026-submission/exp
256,generation_log,21,[],0,{},0,144,/workspace/exp/diversity_check/aspdac2026_submission_source/REvolution-aspdac2026-submission/exp/deepseek_clean_results/VerilogEval-Spec-to-RTL/Prob080_timer/generation_log.jsonl,,ok,21,deepseek_clean_results/VerilogEval-Spec-to-RTL/Prob080_timer/generation_log.jsonl,/workspace/exp/diversity_check/aspdac2026_submission_source/REvolution-aspdac2026-submission/exp
257,generation_log,21,[],0,{},0,207,/workspace/exp/diversity_check/aspdac2026_submission_source/REvolution-aspdac2026-submission/exp/deepseek_clean_results/VerilogEval-Spec-to-RTL/Prob081_7458/generation_log.jsonl,,ok,21,deepseek_clean_results/VerilogEval-Spec-to-RTL/Prob081_7458/generation_log.jsonl,/workspace/exp/diversity_check/aspdac2026_submission_source/REvolution-aspdac2026-submission/exp
264,generation_log,21,[],0,{},0,95,/workspace/exp/diversity_check/aspdac2026_submission_source/REvolution-aspdac2026-submission/exp/deepseek_clean_results/VerilogEval-Spec-to-RTL/Prob082_lfsr32/generation_log.jsonl,,ok,21,deepseek_clean_results/VerilogEval-Spec-to-RTL/Prob082_lfsr32/generation_log.jsonl,/workspace/exp/diversity_check/aspdac2026_submission_source/REvolution-aspdac2026-submission/exp
258,generation_log,21,[],0,{},0,184,/workspace/exp/diversity_check/aspdac2026_submission_source/REvolution-aspdac2026-submission/exp/deepseek_clean_results/VerilogEval-Spec-to-RTL/Prob083_mt2015_q4b/generation_log.jsonl,,ok,21,deepseek_clean_results/VerilogEval-Spec-to-RTL/Prob083_mt2015_q4b/generation_log.jsonl,/workspace/exp/diversity_check/aspdac2026_submission_source/REvolution-aspdac2026-submission/exp
264,generation_log,21,[],0,{},0,152,/workspace/exp/diversity_check/aspdac2026_submission_source/REvolution-aspdac2026-submission/exp/deepseek_clean_results/VerilogEval-Spec-to-RTL/Prob084_ece241_2013_q12/generation_log.jsonl,,ok,21,deepseek_clean_results/VerilogEval-Spec-to-RTL/Prob084_ece241_2013_q12/generation_log.jsonl,/workspace/exp/diversity_check/aspdac2026_submission_source/REvolution-aspdac2026-submission/exp
260,generation_log,21,[],0,{},0,150,/workspace/exp/diversity_check/aspdac2026_submission_source/REvolution-aspdac2026-submission/exp/deepseek_clean_results/VerilogEval-Spec-to-RTL/Prob085_shift4/generation_log.jsonl,,ok,21,deepseek_clean_results/VerilogEval-Spec-to-RTL/Prob085_shift4/generation_log.jsonl,/workspace/exp/diversity_check/aspdac2026_submission_source/REvolution-aspdac2026-submission/exp
268,generation_log,21,[],0,{},0,123,/workspace/exp/diversity_check/aspdac2026_submission_source/REvolution-aspdac2026-submission/exp/deepseek_clean_results/VerilogEval-Spec-to-RTL/Prob086_lfsr5/generation_log.jsonl,,ok,21,deepseek_clean_results/VerilogEval-Spec-to-RTL/Prob086_lfsr5/generation_log.jsonl,/workspace/exp/diversity_check/aspdac2026_submission_source/REvolution-aspdac2026-submission/exp
259,generation_log,21,[],0,{},0,184,/workspace/exp/diversity_check/aspdac2026_submission_source/REvolution-aspdac2026-submission/exp/deepseek_clean_results/VerilogEval-Spec-to-RTL/Prob087_gates/generation_log.jsonl,,ok,21,deepseek_clean_results/VerilogEval-Spec-to-RTL/Prob087_gates/generation_log.jsonl,/workspace/exp/diversity_check/aspdac2026_submission_source/REvolution-aspdac2026-submission/exp
265,generation_log,21,[],0,{},0,147,/workspace/exp/diversity_check/aspdac2026_submission_source/REvolution-aspdac2026-submission/exp/deepseek_clean_results/VerilogEval-Spec-to-RTL/Prob088_ece241_2014_q5b/generation_log.jsonl,,ok,21,deepseek_clean_results/VerilogEval-Spec-to-RTL/Prob088_ece241_2014_q5b/generation_log.jsonl,/workspace/exp/diversity_check/aspdac2026_submission_source/REvolution-aspdac2026-submission/exp
277,generation_log,21,[],0,{},0,83,/workspace/exp/diversity_check/aspdac2026_submission_source/REvolution-aspdac2026-submission/exp/deepseek_clean_results/VerilogEval-Spec-to-RTL/Prob089_ece241_2014_q5a/generation_log.jsonl,,ok,21,deepseek_clean_results/VerilogEval-Spec-to-RTL/Prob089_ece241_2014_q5a/generation_log.jsonl,/workspace/exp/diversity_check/aspdac2026_submission_source/REvolution-aspdac2026-submission/exp
258,generation_log,21,[],0,{},0,202,/workspace/exp/diversity_check/aspdac2026_submission_source/REvolution-aspdac2026-submission/exp/deepseek_clean_results/VerilogEval-Spec-to-RTL/Prob090_circuit1/generation_log.jsonl,,ok,21,deepseek_clean_results/VerilogEval-Spec-to-RTL/Prob090_circuit1/generation_log.jsonl,/workspace/exp/diversity_check/aspdac2026_submission_source/REvolution-aspdac2026-submission/exp
264,generation_log,21,[],0,{},0,157,/workspace/exp/diversity_check/aspdac2026_submission_source/REvolution-aspdac2026-submission/exp/deepseek_clean_results/VerilogEval-Spec-to-RTL/Prob091_2012_q2b/generation_log.jsonl,,ok,21,deepseek_clean_results/VerilogEval-Spec-to-RTL/Prob091_2012_q2b/generation_log.jsonl,/workspace/exp/diversity_check/aspdac2026_submission_source/REvolution-aspdac2026-submission/exp
294,generation_log,21,[],0,{},0,143,/workspace/exp/diversity_check/aspdac2026_submission_source/REvolution-aspdac2026-submission/exp/deepseek_clean_results/VerilogEval-Spec-to-RTL/Prob092_gatesv100/generation_log.jsonl,,ok,21,deepseek_clean_results/VerilogEval-Spec-to-RTL/Prob092_gatesv100/generation_log.jsonl,/workspace/exp/diversity_check/aspdac2026_submission_source/REvolution-aspdac2026-submission/exp
77,generation_log,21,[],0,{},0,0,/workspace/exp/diversity_check/aspdac2026_submission_source/REvolution-aspdac2026-submission/exp/deepseek_clean_results/VerilogEval-Spec-to-RTL/Prob093_ece241_2014_q3/generation_log.jsonl,,ok,21,deepseek_clean_results/VerilogEval-Spec-to-RTL/Prob093_ece241_2014_q3/generation_log.jsonl,/workspace/exp/diversity_check/aspdac2026_submission_source/REvolution-aspdac2026-submission/exp
272,generation_log,21,[],0,{},0,157,/workspace/exp/diversity_check/aspdac2026_submission_source/REvolution-aspdac2026-submission/exp/deepseek_clean_results/VerilogEval-Spec-to-RTL/Prob094_gatesv/generation_log.jsonl,,ok,21,deepseek_clean_results/VerilogEval-Spec-to-RTL/Prob094_gatesv/generation_log.jsonl,/workspace/exp/diversity_check/aspdac2026_submission_source/REvolution-aspdac2026-submission/exp
77,generation_log,21,[],0,{},0,0,/workspace/exp/diversity_check/aspdac2026_submission_source/REvolution-aspdac2026-submission/exp/deepseek_clean_results/VerilogEval-Spec-to-RTL/Prob095_review2015_fsmshift/generation_log.jsonl,,ok,21,deepseek_clean_results/VerilogEval-Spec-to-RTL/Prob095_review2015_fsmshift/generation_log.jsonl,/workspace/exp/diversity_check/aspdac2026_submission_source/REvolution-aspdac2026-submission/exp
268,generation_log,21,[],0,{},0,106,/workspace/exp/diversity_check/aspdac2026_submission_source/REvolution-aspdac2026-submission/exp/deepseek_clean_results/VerilogEval-Spec-to-RTL/Prob096_review2015_fsmseq/generation_log.jsonl,,ok,21,deepseek_clean_results/VerilogEval-Spec-to-RTL/Prob096_review2015_fsmseq/generation_log.jsonl,/workspace/exp/diversity_check/aspdac2026_submission_source/REvolution-aspdac2026-submission/exp
261,generation_log,21,[],0,{},0,147,/workspace/exp/diversity_check/aspdac2026_submission_source/REvolution-aspdac2026-submission/exp/deepseek_clean_results/VerilogEval-Spec-to-RTL/Prob097_mux9to1v/generation_log.jsonl,,ok,21,deepseek_clean_results/VerilogEval-Spec-to-RTL/Prob097_mux9to1v/generation_log.jsonl,/workspace/exp/diversity_check/aspdac2026_submission_source/REvolution-aspdac2026-submission/exp
269,generation_log,21,[],0,{},0,140,/workspace/exp/diversity_check/aspdac2026_submission_source/REvolution-aspdac2026-submission/exp/deepseek_clean_results/VerilogEval-Spec-to-RTL/Prob098_circuit7/generation_log.jsonl,,ok,21,deepseek_clean_results/VerilogEval-Spec-to-RTL/Prob098_circuit7/generation_log.jsonl,/workspace/exp/diversity_check/aspdac2026_submission_source/REvolution-aspdac2026-submission/exp
77,generation_log,21,[],0,{},0,0,/workspace/exp/diversity_check/aspdac2026_submission_source/REvolution-aspdac2026-submission/exp/deepseek_clean_results/VerilogEval-Spec-to-RTL/Prob099_m2014_q6c/generation_log.jsonl,,ok,21,deepseek_clean_results/VerilogEval-Spec-to-RTL/Prob099_m2014_q6c/generation_log.jsonl,/workspace/exp/diversity_check/aspdac2026_submission_source/REvolution-aspdac2026-submission/exp
260,generation_log,21,[],0,{},0,144,/workspace/exp/diversity_check/aspdac2026_submission_source/REvolution-aspdac2026-submission/exp/deepseek_clean_results/VerilogEval-Spec-to-RTL/Prob100_fsm3comb/generation_log.jsonl,,ok,21,deepseek_clean_results/VerilogEval-Spec-to-RTL/Prob100_fsm3comb/generation_log.jsonl,/workspace/exp/diversity_check/aspdac2026_submission_source/REvolution-aspdac2026-submission/exp
281,generation_log,21,[],0,{},0,162,/workspace/exp/diversity_check/aspdac2026_submission_source/REvolution-aspdac2026-submission/exp/deepseek_clean_results/VerilogEval-Spec-to-RTL/Prob101_circuit4/generation_log.jsonl,,ok,21,deepseek_clean_results/VerilogEval-Spec-to-RTL/Prob101_circuit4/generation_log.jsonl,/workspace/exp/diversity_check/aspdac2026_submission_source/REvolution-aspdac2026-submission/exp
265,generation_log,21,[],0,{},0,177,/workspace/exp/diversity_check/aspdac2026_submission_source/REvolution-aspdac2026-submission/exp/deepseek_clean_results/VerilogEval-Spec-to-RTL/Prob102_circuit3/generation_log.jsonl,,ok,21,deepseek_clean_results/VerilogEval-Spec-to-RTL/Prob102_circuit3/generation_log.jsonl,/workspace/exp/diversity_check/aspdac2026_submission_source/REvolution-aspdac2026-submission/exp
276,generation_log,21,[],0,{},0,191,/workspace/exp/diversity_check/aspdac2026_submission_source/REvolution-aspdac2026-submission/exp/deepseek_clean_results/VerilogEval-Spec-to-RTL/Prob103_circuit2/generation_log.jsonl,,ok,21,deepseek_clean_results/VerilogEval-Spec-to-RTL/Prob103_circuit2/generation_log.jsonl,/workspace/exp/diversity_check/aspdac2026_submission_source/REvolution-aspdac2026-submission/exp
77,generation_log,21,[],0,{},0,0,/workspace/exp/diversity_check/aspdac2026_submission_source/REvolution-aspdac2026-submission/exp/deepseek_clean_results/VerilogEval-Spec-to-RTL/Prob104_mt2015_muxdff/generation_log.jsonl,,ok,21,deepseek_clean_results/VerilogEval-Spec-to-RTL/Prob104_mt2015_muxdff/generation_log.jsonl,/workspace/exp/diversity_check/aspdac2026_submission_source/REvolution-aspdac2026-submission/exp
260,generation_log,21,[],0,{},0,167,/workspace/exp/diversity_check/aspdac2026_submission_source/REvolution-aspdac2026-submission/exp/deepseek_clean_results/VerilogEval-Spec-to-RTL/Prob105_rotate100/generation_log.jsonl,,ok,21,deepseek_clean_results/VerilogEval-Spec-to-RTL/Prob105_rotate100/generation_log.jsonl,/workspace/exp/diversity_check/aspdac2026_submission_source/REvolution-aspdac2026-submission/exp
292,generation_log,21,[],0,{},0,180,/workspace/exp/diversity_check/aspdac2026_submission_source/REvolution-aspdac2026-submission/exp/deepseek_clean_results/VerilogEval-Spec-to-RTL/Prob106_always_nolatches/generation_log.jsonl,,ok,21,deepseek_clean_results/VerilogEval-Spec-to-RTL/Prob106_always_nolatches/generation_log.jsonl,/workspace/exp/diversity_check/aspdac2026_submission_source/REvolution-aspdac2026-submission/exp
260,generation_log,21,[],0,{},0,174,/workspace/exp/diversity_check/aspdac2026_submission_source/REvolution-aspdac2026-submission/exp/deepseek_clean_results/VerilogEval-Spec-to-RTL/Prob107_fsm1s/generation_log.jsonl,,ok,21,deepseek_clean_results/VerilogEval-Spec-to-RTL/Prob107_fsm1s/generation_log.jsonl,/workspace/exp/diversity_check/aspdac2026_submission_source/REvolution-aspdac2026-submission/exp
219,generation_log,21,[],0,{},0,17,/workspace/exp/diversity_check/aspdac2026_submission_source/REvolution-aspdac2026-submission/exp/deepseek_clean_results/VerilogEval-Spec-to-RTL/Prob108_rule90/generation_log.jsonl,,ok,21,deepseek_clean_results/VerilogEval-Spec-to-RTL/Prob108_rule90/generation_log.jsonl,/workspace/exp/diversity_check/aspdac2026_submission_source/REvolution-aspdac2026-submission/exp
261,generation_log,21,[],0,{},0,157,/workspace/exp/diversity_check/aspdac2026_submission_source/REvolution-aspdac2026-submission/exp/deepseek_clean_results/VerilogEval-Spec-to-RTL/Prob109_fsm1/generation_log.jsonl,,ok,21,deepseek_clean_results/VerilogEval-Spec-to-RTL/Prob109_fsm1/generation_log.jsonl,/workspace/exp/diversity_check/aspdac2026_submission_source/REvolution-aspdac2026-submission/exp
261,generation_log,21,[],0,{},0,177,/workspace/exp/diversity_check/aspdac2026_submission_source/REvolution-aspdac2026-submission/exp/deepseek_clean_results/VerilogEval-Spec-to-RTL/Prob110_fsm2/generation_log.jsonl,,ok,21,deepseek_clean_results/VerilogEval-Spec-to-RTL/Prob110_fsm2/generation_log.jsonl,/workspace/exp/diversity_check/aspdac2026_submission_source/REvolution-aspdac2026-submission/exp
260,generation_log,21,[],0,{},0,164,/workspace/exp/diversity_check/aspdac2026_submission_source/REvolution-aspdac2026-submission/exp/deepseek_clean_results/VerilogEval-Spec-to-RTL/Prob111_fsm2s/generation_log.jsonl,,ok,21,deepseek_clean_results/VerilogEval-Spec-to-RTL/Prob111_fsm2s/generation_log.jsonl,/workspace/exp/diversity_check/aspdac2026_submission_source/REvolution-aspdac2026-submission/exp
250,generation_log,21,[],0,{},0,87,/workspace/exp/diversity_check/aspdac2026_submission_source/REvolution-aspdac2026-submission/exp/deepseek_clean_results/VerilogEval-Spec-to-RTL/Prob112_always_case2/generation_log.jsonl,,ok,21,deepseek_clean_results/VerilogEval-Spec-to-RTL/Prob112_always_case2/generation_log.jsonl,/workspace/exp/diversity_check/aspdac2026_submission_source/REvolution-aspdac2026-submission/exp
77,generation_log,21,[],0,{},0,0,/workspace/exp/diversity_check/aspdac2026_submission_source/REvolution-aspdac2026-submission/exp/deepseek_clean_results/VerilogEval-Spec-to-RTL/Prob113_2012_q1g/generation_log.jsonl,,ok,21,deepseek_clean_results/VerilogEval-Spec-to-RTL/Prob113_2012_q1g/generation_log.jsonl,/workspace/exp/diversity_check/aspdac2026_submission_source/REvolution-aspdac2026-submission/exp
261,generation_log,21,[],0,{},0,180,/workspace/exp/diversity_check/aspdac2026_submission_source/REvolution-aspdac2026-submission/exp/deepseek_clean_results/VerilogEval-Spec-to-RTL/Prob114_bugs_case/generation_log.jsonl,,ok,21,deepseek_clean_results/VerilogEval-Spec-to-RTL/Prob114_bugs_case/generation_log.jsonl,/workspace/exp/diversity_check/aspdac2026_submission_source/REvolution-aspdac2026-submission/exp
261,generation_log,21,[],0,{},0,139,/workspace/exp/diversity_check/aspdac2026_submission_source/REvolution-aspdac2026-submission/exp/deepseek_clean_results/VerilogEval-Spec-to-RTL/Prob115_shift18/generation_log.jsonl,,ok,21,deepseek_clean_results/VerilogEval-Spec-to-RTL/Prob115_shift18/generation_log.jsonl,/workspace/exp/diversity_check/aspdac2026_submission_source/REvolution-aspdac2026-submission/exp
258,generation_log,21,[],0,{},0,69,/workspace/exp/diversity_check/aspdac2026_submission_source/REvolution-aspdac2026-submission/exp/deepseek_clean_results/VerilogEval-Spec-to-RTL/Prob116_m2014_q3/generation_log.jsonl,,ok,21,deepseek_clean_results/VerilogEval-Spec-to-RTL/Prob116_m2014_q3/generation_log.jsonl,/workspace/exp/diversity_check/aspdac2026_submission_source/REvolution-aspdac2026-submission/exp
273,generation_log,21,[],0,{},0,105,/workspace/exp/diversity_check/aspdac2026_submission_source/REvolution-aspdac2026-submission/exp/deepseek_clean_results/VerilogEval-Spec-to-RTL/Prob117_circuit9/generation_log.jsonl,,ok,21,deepseek_clean_results/VerilogEval-Spec-to-RTL/Prob117_circuit9/generation_log.jsonl,/workspace/exp/diversity_check/aspdac2026_submission_source/REvolution-aspdac2026-submission/exp
261,generation_log,21,[],0,{},0,137,/workspace/exp/diversity_check/aspdac2026_submission_source/REvolution-aspdac2026-submission/exp/deepseek_clean_results/VerilogEval-Spec-to-RTL/Prob118_history_shift/generation_log.jsonl,,ok,21,deepseek_clean_results/VerilogEval-Spec-to-RTL/Prob118_history_shift/generation_log.jsonl,/workspace/exp/diversity_check/aspdac2026_submission_source/REvolution-aspdac2026-submission/exp
261,generation_log,21,[],0,{},0,154,/workspace/exp/diversity_check/aspdac2026_submission_source/REvolution-aspdac2026-submission/exp/deepseek_clean_results/VerilogEval-Spec-to-RTL/Prob119_fsm3/generation_log.jsonl,,ok,21,deepseek_clean_results/VerilogEval-Spec-to-RTL/Prob119_fsm3/generation_log.jsonl,/workspace/exp/diversity_check/aspdac2026_submission_source/REvolution-aspdac2026-submission/exp
261,generation_log,21,[],0,{},0,174,/workspace/exp/diversity_check/aspdac2026_submission_source/REvolution-aspdac2026-submission/exp/deepseek_clean_results/VerilogEval-Spec-to-RTL/Prob120_fsm3s/generation_log.jsonl,,ok,21,deepseek_clean_results/VerilogEval-Spec-to-RTL/Prob120_fsm3s/generation_log.jsonl,/workspace/exp/diversity_check/aspdac2026_submission_source/REvolution-aspdac2026-submission/exp
259,generation_log,21,[],0,{},0,130,/workspace/exp/diversity_check/aspdac2026_submission_source/REvolution-aspdac2026-submission/exp/deepseek_clean_results/VerilogEval-Spec-to-RTL/Prob121_2014_q3bfsm/generation_log.jsonl,,ok,21,deepseek_clean_results/VerilogEval-Spec-to-RTL/Prob121_2014_q3bfsm/generation_log.jsonl,/workspace/exp/diversity_check/aspdac2026_submission_source/REvolution-aspdac2026-submission/exp
286,generation_log,21,[],0,{},0,169,/workspace/exp/diversity_check/aspdac2026_submission_source/REvolution-aspdac2026-submission/exp/deepseek_clean_results/VerilogEval-Spec-to-RTL/Prob122_kmap4/generation_log.jsonl,,ok,21,deepseek_clean_results/VerilogEval-Spec-to-RTL/Prob122_kmap4/generation_log.jsonl,/workspace/exp/diversity_check/aspdac2026_submission_source/REvolution-aspdac2026-submission/exp
294,generation_log,21,[],0,{},0,188,/workspace/exp/diversity_check/aspdac2026_submission_source/REvolution-aspdac2026-submission/exp/deepseek_clean_results/VerilogEval-Spec-to-RTL/Prob123_bugs_addsubz/generation_log.jsonl,,ok,21,deepseek_clean_results/VerilogEval-Spec-to-RTL/Prob123_bugs_addsubz/generation_log.jsonl,/workspace/exp/diversity_check/aspdac2026_submission_source/REvolution-aspdac2026-submission/exp
237,generation_log,21,[],0,{},0,46,/workspace/exp/diversity_check/aspdac2026_submission_source/REvolution-aspdac2026-submission/exp/deepseek_clean_results/VerilogEval-Spec-to-RTL/Prob124_rule110/generation_log.jsonl,,ok,21,deepseek_clean_results/VerilogEval-Spec-to-RTL/Prob124_rule110/generation_log.jsonl,/workspace/exp/diversity_check/aspdac2026_submission_source/REvolution-aspdac2026-submission/exp
282,generation_log,21,[],0,{},0,130,/workspace/exp/diversity_check/aspdac2026_submission_source/REvolution-aspdac2026-submission/exp/deepseek_clean_results/VerilogEval-Spec-to-RTL/Prob125_kmap3/generation_log.jsonl,,ok,21,deepseek_clean_results/VerilogEval-Spec-to-RTL/Prob125_kmap3/generation_log.jsonl,/workspace/exp/diversity_check/aspdac2026_submission_source/REvolution-aspdac2026-submission/exp
260,generation_log,21,[],0,{},0,173,/workspace/exp/diversity_check/aspdac2026_submission_source/REvolution-aspdac2026-submission/exp/deepseek_clean_results/VerilogEval-Spec-to-RTL/Prob126_circuit6/generation_log.jsonl,,ok,21,deepseek_clean_results/VerilogEval-Spec-to-RTL/Prob126_circuit6/generation_log.jsonl,/workspace/exp/diversity_check/aspdac2026_submission_source/REvolution-aspdac2026-submission/exp
261,generation_log,21,[],0,{},0,142,/workspace/exp/diversity_check/aspdac2026_submission_source/REvolution-aspdac2026-submission/exp/deepseek_clean_results/VerilogEval-Spec-to-RTL/Prob127_lemmings1/generation_log.jsonl,,ok,21,deepseek_clean_results/VerilogEval-Spec-to-RTL/Prob127_lemmings1/generation_log.jsonl,/workspace/exp/diversity_check/aspdac2026_submission_source/REvolution-aspdac2026-submission/exp
246,generation_log,21,[],0,{},0,79,/workspace/exp/diversity_check/aspdac2026_submission_source/REvolution-aspdac2026-submission/exp/deepseek_clean_results/VerilogEval-Spec-to-RTL/Prob128_fsm_ps2/generation_log.jsonl,,ok,21,deepseek_clean_results/VerilogEval-Spec-to-RTL/Prob128_fsm_ps2/generation_log.jsonl,/workspace/exp/diversity_check/aspdac2026_submission_source/REvolution-aspdac2026-submission/exp
261,generation_log,21,[],0,{},0,137,/workspace/exp/diversity_check/aspdac2026_submission_source/REvolution-aspdac2026-submission/exp/deepseek_clean_results/VerilogEval-Spec-to-RTL/Prob129_ece241_2013_q8/generation_log.jsonl,,ok,21,deepseek_clean_results/VerilogEval-Spec-to-RTL/Prob129_ece241_2013_q8/generation_log.jsonl,/workspace/exp/diversity_check/aspdac2026_submission_source/REvolution-aspdac2026-submission/exp
282,generation_log,21,[],0,{},0,173,/workspace/exp/diversity_check/aspdac2026_submission_source/REvolution-aspdac2026-submission/exp/deepseek_clean_results/VerilogEval-Spec-to-RTL/Prob130_circuit5/generation_log.jsonl,,ok,21,deepseek_clean_results/VerilogEval-Spec-to-RTL/Prob130_circuit5/generation_log.jsonl,/workspace/exp/diversity_check/aspdac2026_submission_source/REvolution-aspdac2026-submission/exp
261,generation_log,21,[],0,{},0,148,/workspace/exp/diversity_check/aspdac2026_submission_source/REvolution-aspdac2026-submission/exp/deepseek_clean_results/VerilogEval-Spec-to-RTL/Prob131_mt2015_q4/generation_log.jsonl,,ok,21,deepseek_clean_results/VerilogEval-Spec-to-RTL/Prob131_mt2015_q4/generation_log.jsonl,/workspace/exp/diversity_check/aspdac2026_submission_source/REvolution-aspdac2026-submission/exp
258,generation_log,21,[],0,{},0,186,/workspace/exp/diversity_check/aspdac2026_submission_source/REvolution-aspdac2026-submission/exp/deepseek_clean_results/VerilogEval-Spec-to-RTL/Prob132_always_if2/generation_log.jsonl,,ok,21,deepseek_clean_results/VerilogEval-Spec-to-RTL/Prob132_always_if2/generation_log.jsonl,/workspace/exp/diversity_check/aspdac2026_submission_source/REvolution-aspdac2026-submission/exp
237,generation_log,21,[],0,{},0,55,/workspace/exp/diversity_check/aspdac2026_submission_source/REvolution-aspdac2026-submission/exp/deepseek_clean_results/VerilogEval-Spec-to-RTL/Prob133_2014_q3fsm/generation_log.jsonl,,ok,21,deepseek_clean_results/VerilogEval-Spec-to-RTL/Prob133_2014_q3fsm/generation_log.jsonl,/workspace/exp/diversity_check/aspdac2026_submission_source/REvolution-aspdac2026-submission/exp
250,generation_log,21,[],0,{},0,119,/workspace/exp/diversity_check/aspdac2026_submission_source/REvolution-aspdac2026-submission/exp/deepseek_clean_results/VerilogEval-Spec-to-RTL/Prob134_2014_q3c/generation_log.jsonl,,ok,21,deepseek_clean_results/VerilogEval-Spec-to-RTL/Prob134_2014_q3c/generation_log.jsonl,/workspace/exp/diversity_check/aspdac2026_submission_source/REvolution-aspdac2026-submission/exp
77,generation_log,21,[],0,{},0,0,/workspace/exp/diversity_check/aspdac2026_submission_source/REvolution-aspdac2026-submission/exp/deepseek_clean_results/VerilogEval-Spec-to-RTL/Prob135_m2014_q6b/generation_log.jsonl,,ok,21,deepseek_clean_results/VerilogEval-Spec-to-RTL/Prob135_m2014_q6b/generation_log.jsonl,/workspace/exp/diversity_check/aspdac2026_submission_source/REvolution-aspdac2026-submission/exp
259,generation_log,21,[],0,{},0,133,/workspace/exp/diversity_check/aspdac2026_submission_source/REvolution-aspdac2026-submission/exp/deepseek_clean_results/VerilogEval-Spec-to-RTL/Prob136_m2014_q6/generation_log.jsonl,,ok,21,deepseek_clean_results/VerilogEval-Spec-to-RTL/Prob136_m2014_q6/generation_log.jsonl,/workspace/exp/diversity_check/aspdac2026_submission_source/REvolution-aspdac2026-submission/exp
246,generation_log,21,[],0,{},0,60,/workspace/exp/diversity_check/aspdac2026_submission_source/REvolution-aspdac2026-submission/exp/deepseek_clean_results/VerilogEval-Spec-to-RTL/Prob137_fsm_serial/generation_log.jsonl,,ok,21,deepseek_clean_results/VerilogEval-Spec-to-RTL/Prob137_fsm_serial/generation_log.jsonl,/workspace/exp/diversity_check/aspdac2026_submission_source/REvolution-aspdac2026-submission/exp
261,generation_log,21,[],0,{},0,130,/workspace/exp/diversity_check/aspdac2026_submission_source/REvolution-aspdac2026-submission/exp/deepseek_clean_results/VerilogEval-Spec-to-RTL/Prob138_2012_q2fsm/generation_log.jsonl,,ok,21,deepseek_clean_results/VerilogEval-Spec-to-RTL/Prob138_2012_q2fsm/generation_log.jsonl,/workspace/exp/diversity_check/aspdac2026_submission_source/REvolution-aspdac2026-submission/exp
77,generation_log,21,[],0,{},0,0,/workspace/exp/diversity_check/aspdac2026_submission_source/REvolution-aspdac2026-submission/exp/deepseek_clean_results/VerilogEval-Spec-to-RTL/Prob139_2013_q2bfsm/generation_log.jsonl,,ok,21,deepseek_clean_results/VerilogEval-Spec-to-RTL/Prob139_2013_q2bfsm/generation_log.jsonl,/workspace/exp/diversity_check/aspdac2026_submission_source/REvolution-aspdac2026-submission/exp
214,generation_log,21,[],0,{},0,33,/workspace/exp/diversity_check/aspdac2026_submission_source/REvolution-aspdac2026-submission/exp/deepseek_clean_results/VerilogEval-Spec-to-RTL/Prob140_fsm_hdlc/generation_log.jsonl,,ok,21,deepseek_clean_results/VerilogEval-Spec-to-RTL/Prob140_fsm_hdlc/generation_log.jsonl,/workspace/exp/diversity_check/aspdac2026_submission_source/REvolution-aspdac2026-submission/exp
246,generation_log,21,[],0,{},0,78,/workspace/exp/diversity_check/aspdac2026_submission_source/REvolution-aspdac2026-submission/exp/deepseek_clean_results/VerilogEval-Spec-to-RTL/Prob141_count_clock/generation_log.jsonl,,ok,21,deepseek_clean_results/VerilogEval-Spec-to-RTL/Prob141_count_clock/generation_log.jsonl,/workspace/exp/diversity_check/aspdac2026_submission_source/REvolution-aspdac2026-submission/exp
261,generation_log,21,[],0,{},0,123,/workspace/exp/diversity_check/aspdac2026_submission_source/REvolution-aspdac2026-submission/exp/deepseek_clean_results/VerilogEval-Spec-to-RTL/Prob142_lemmings2/generation_log.jsonl,,ok,21,deepseek_clean_results/VerilogEval-Spec-to-RTL/Prob142_lemmings2/generation_log.jsonl,/workspace/exp/diversity_check/aspdac2026_submission_source/REvolution-aspdac2026-submission/exp
268,generation_log,21,[],0,{},0,98,/workspace/exp/diversity_check/aspdac2026_submission_source/REvolution-aspdac2026-submission/exp/deepseek_clean_results/VerilogEval-Spec-to-RTL/Prob143_fsm_onehot/generation_log.jsonl,,ok,21,deepseek_clean_results/VerilogEval-Spec-to-RTL/Prob143_fsm_onehot/generation_log.jsonl,/workspace/exp/diversity_check/aspdac2026_submission_source/REvolution-aspdac2026-submission/exp
260,generation_log,21,[],0,{},0,83,/workspace/exp/diversity_check/aspdac2026_submission_source/REvolution-aspdac2026-submission/exp/deepseek_clean_results/VerilogEval-Spec-to-RTL/Prob144_conwaylife/generation_log.jsonl,,ok,21,deepseek_clean_results/VerilogEval-Spec-to-RTL/Prob144_conwaylife/generation_log.jsonl,/workspace/exp/diversity_check/aspdac2026_submission_source/REvolution-aspdac2026-submission/exp
77,generation_log,21,[],0,{},0,0,/workspace/exp/diversity_check/aspdac2026_submission_source/REvolution-aspdac2026-submission/exp/deepseek_clean_results/VerilogEval-Spec-to-RTL/Prob145_circuit8/generation_log.jsonl,,ok,21,deepseek_clean_results/VerilogEval-Spec-to-RTL/Prob145_circuit8/generation_log.jsonl,/workspace/exp/diversity_check/aspdac2026_submission_source/REvolution-aspdac2026-submission/exp
200,generation_log,21,[],0,{},0,23,/workspace/exp/diversity_check/aspdac2026_submission_source/REvolution-aspdac2026-submission/exp/deepseek_clean_results/VerilogEval-Spec-to-RTL/Prob146_fsm_serialdata/generation_log.jsonl,,ok,21,deepseek_clean_results/VerilogEval-Spec-to-RTL/Prob146_fsm_serialdata/generation_log.jsonl,/workspace/exp/diversity_check/aspdac2026_submission_source/REvolution-aspdac2026-submission/exp
258,generation_log,21,[],0,{},0,27,/workspace/exp/diversity_check/aspdac2026_submission_source/REvolution-aspdac2026-submission/exp/deepseek_clean_results/VerilogEval-Spec-to-RTL/Prob147_circuit10/generation_log.jsonl,,ok,21,deepseek_clean_results/VerilogEval-Spec-to-RTL/Prob147_circuit10/generation_log.jsonl,/workspace/exp/diversity_check/aspdac2026_submission_source/REvolution-aspdac2026-submission/exp
286,generation_log,21,[],0,{},0,126,/workspace/exp/diversity_check/aspdac2026_submission_source/REvolution-aspdac2026-submission/exp/deepseek_clean_results/VerilogEval-Spec-to-RTL/Prob148_2013_q2afsm/generation_log.jsonl,,ok,21,deepseek_clean_results/VerilogEval-Spec-to-RTL/Prob148_2013_q2afsm/generation_log.jsonl,/workspace/exp/diversity_check/aspdac2026_submission_source/REvolution-aspdac2026-submission/exp
77,generation_log,21,[],0,{},0,0,/workspace/exp/diversity_check/aspdac2026_submission_source/REvolution-aspdac2026-submission/exp/deepseek_clean_results/VerilogEval-Spec-to-RTL/Prob149_ece241_2013_q4/generation_log.jsonl,,ok,21,deepseek_clean_results/VerilogEval-Spec-to-RTL/Prob149_ece241_2013_q4/generation_log.jsonl,/workspace/exp/diversity_check/aspdac2026_submission_source/REvolution-aspdac2026-submission/exp
273,generation_log,21,[],0,{},0,85,/workspace/exp/diversity_check/aspdac2026_submission_source/REvolution-aspdac2026-submission/exp/deepseek_clean_results/VerilogEval-Spec-to-RTL/Prob150_review2015_fsmonehot/generation_log.jsonl,,ok,21,deepseek_clean_results/VerilogEval-Spec-to-RTL/Prob150_review2015_fsmonehot/generation_log.jsonl,/workspace/exp/diversity_check/aspdac2026_submission_source/REvolution-aspdac2026-submission/exp
182,generation_log,21,[],0,{},0,6,/workspace/exp/diversity_check/aspdac2026_submission_source/REvolution-aspdac2026-submission/exp/deepseek_clean_results/VerilogEval-Spec-to-RTL/Prob151_review2015_fsm/generation_log.jsonl,,ok,21,deepseek_clean_results/VerilogEval-Spec-to-RTL/Prob151_review2015_fsm/generation_log.jsonl,/workspace/exp/diversity_check/aspdac2026_submission_source/REvolution-aspdac2026-submission/exp
277,generation_log,21,[],0,{},0,81,/workspace/exp/diversity_check/aspdac2026_submission_source/REvolution-aspdac2026-submission/exp/deepseek_clean_results/VerilogEval-Spec-to-RTL/Prob152_lemmings3/generation_log.jsonl,,ok,21,deepseek_clean_results/VerilogEval-Spec-to-RTL/Prob152_lemmings3/generation_log.jsonl,/workspace/exp/diversity_check/aspdac2026_submission_source/REvolution-aspdac2026-submission/exp
255,generation_log,21,[],0,{},0,68,/workspace/exp/diversity_check/aspdac2026_submission_source/REvolution-aspdac2026-submission/exp/deepseek_clean_results/VerilogEval-Spec-to-RTL/Prob153_gshare/generation_log.jsonl,,ok,21,deepseek_clean_results/VerilogEval-Spec-to-RTL/Prob153_gshare/generation_log.jsonl,/workspace/exp/diversity_check/aspdac2026_submission_source/REvolution-aspdac2026-submission/exp
277,generation_log,21,[],0,{},0,105,/workspace/exp/diversity_check/aspdac2026_submission_source/REvolution-aspdac2026-submission/exp/deepseek_clean_results/VerilogEval-Spec-to-RTL/Prob154_fsm_ps2data/generation_log.jsonl,,ok,21,deepseek_clean_results/VerilogEval-Spec-to-RTL/Prob154_fsm_ps2data/generation_log.jsonl,/workspace/exp/diversity_check/aspdac2026_submission_source/REvolution-aspdac2026-submission/exp
120,generation_log,21,[],0,{},0,1,/workspace/exp/diversity_check/aspdac2026_submission_source/REvolution-aspdac2026-submission/exp/deepseek_clean_results/VerilogEval-Spec-to-RTL/Prob155_lemmings4/generation_log.jsonl,,ok,21,deepseek_clean_results/VerilogEval-Spec-to-RTL/Prob155_lemmings4/generation_log.jsonl,/workspace/exp/diversity_check/aspdac2026_submission_source/REvolution-aspdac2026-submission/exp
77,generation_log,21,[],0,{},0,0,/workspace/exp/diversity_check/aspdac2026_submission_source/REvolution-aspdac2026-submission/exp/deepseek_clean_results/VerilogEval-Spec-to-RTL/Prob156_review2015_fancytimer/generation_log.jsonl,,ok,21,deepseek_clean_results/VerilogEval-Spec-to-RTL/Prob156_review2015_fancytimer/generation_log.jsonl,/workspace/exp/diversity_check/aspdac2026_submission_source/REvolution-aspdac2026-submission/exp
261,generation_log,21,[],0,{},0,146,/workspace/exp/diversity_check/aspdac2026_submission_source/REvolution-aspdac2026-submission/exp/gpt-4.1-mini_clean_results/RTLLM/Prob001_accu/generation_log.jsonl,,ok,21,gpt-4.1-mini_clean_results/RTLLM/Prob001_accu/generation_log.jsonl,/workspace/exp/diversity_check/aspdac2026_submission_source/REvolution-aspdac2026-submission/exp
282,generation_log,21,[],0,{},0,200,/workspace/exp/diversity_check/aspdac2026_submission_source/REvolution-aspdac2026-submission/exp/gpt-4.1-mini_clean_results/RTLLM/Prob002_adder_16bit/generation_log.jsonl,,ok,21,gpt-4.1-mini_clean_results/RTLLM/Prob002_adder_16bit/generation_log.jsonl,/workspace/exp/diversity_check/aspdac2026_submission_source/REvolution-aspdac2026-submission/exp
259,generation_log,21,[],0,{},0,164,/workspace/exp/diversity_check/aspdac2026_submission_source/REvolution-aspdac2026-submission/exp/gpt-4.1-mini_clean_results/RTLLM/Prob003_adder_32bit/generation_log.jsonl,,ok,21,gpt-4.1-mini_clean_results/RTLLM/Prob003_adder_32bit/generation_log.jsonl,/workspace/exp/diversity_check/aspdac2026_submission_source/REvolution-aspdac2026-submission/exp
281,generation_log,21,[],0,{},0,156,/workspace/exp/diversity_check/aspdac2026_submission_source/REvolution-aspdac2026-submission/exp/gpt-4.1-mini_clean_results/RTLLM/Prob004_adder_8bit/generation_log.jsonl,,ok,21,gpt-4.1-mini_clean_results/RTLLM/Prob004_adder_8bit/generation_log.jsonl,/workspace/exp/diversity_check/aspdac2026_submission_source/REvolution-aspdac2026-submission/exp
261,generation_log,21,[],0,{},0,173,/workspace/exp/diversity_check/aspdac2026_submission_source/REvolution-aspdac2026-submission/exp/gpt-4.1-mini_clean_results/RTLLM/Prob005_adder_bcd/generation_log.jsonl,,ok,21,gpt-4.1-mini_clean_results/RTLLM/Prob005_adder_bcd/generation_log.jsonl,/workspace/exp/diversity_check/aspdac2026_submission_source/REvolution-aspdac2026-submission/exp
77,generation_log,21,[],0,{},0,0,/workspace/exp/diversity_check/aspdac2026_submission_source/REvolution-aspdac2026-submission/exp/gpt-4.1-mini_clean_results/RTLLM/Prob006_adder_pipe_64bit/generation_log.jsonl,,ok,21,gpt-4.1-mini_clean_results/RTLLM/Prob006_adder_pipe_64bit/generation_log.jsonl,/workspace/exp/diversity_check/aspdac2026_submission_source/REvolution-aspdac2026-submission/exp
258,generation_log,21,[],0,{},0,207,/workspace/exp/diversity_check/aspdac2026_submission_source/REvolution-aspdac2026-submission/exp/gpt-4.1-mini_clean_results/RTLLM/Prob007_comparator_3bit/generation_log.jsonl,,ok,21,gpt-4.1-mini_clean_results/RTLLM/Prob007_comparator_3bit/generation_log.jsonl,/workspace/exp/diversity_check/aspdac2026_submission_source/REvolution-aspdac2026-submission/exp
285,generation_log,21,[],0,{},0,197,/workspace/exp/diversity_check/aspdac2026_submission_source/REvolution-aspdac2026-submission/exp/gpt-4.1-mini_clean_results/RTLLM/Prob008_comparator_4bit/generation_log.jsonl,,ok,21,gpt-4.1-mini_clean_results/RTLLM/Prob008_comparator_4bit/generation_log.jsonl,/workspace/exp/diversity_check/aspdac2026_submission_source/REvolution-aspdac2026-submission/exp
273,generation_log,21,[],0,{},0,105,/workspace/exp/diversity_check/aspdac2026_submission_source/REvolution-aspdac2026-submission/exp/gpt-4.1-mini_clean_results/RTLLM/Prob009_div_16bit/generation_log.jsonl,,ok,21,gpt-4.1-mini_clean_results/RTLLM/Prob009_div_16bit/generation_log.jsonl,/workspace/exp/diversity_check/aspdac2026_submission_source/REvolution-aspdac2026-submission/exp
77,generation_log,21,[],0,{},0,0,/workspace/exp/diversity_check/aspdac2026_submission_source/REvolution-aspdac2026-submission/exp/gpt-4.1-mini_clean_results/RTLLM/Prob010_radix2_div/generation_log.jsonl,,ok,21,gpt-4.1-mini_clean_results/RTLLM/Prob010_radix2_div/generation_log.jsonl,/workspace/exp/diversity_check/aspdac2026_submission_source/REvolution-aspdac2026-submission/exp
259,generation_log,21,[],0,{},0,125,/workspace/exp/diversity_check/aspdac2026_submission_source/REvolution-aspdac2026-submission/exp/gpt-4.1-mini_clean_results/RTLLM/Prob011_multi_16bit/generation_log.jsonl,,ok,21,gpt-4.1-mini_clean_results/RTLLM/Prob011_multi_16bit/generation_log.jsonl,/workspace/exp/diversity_check/aspdac2026_submission_source/REvolution-aspdac2026-submission/exp
260,generation_log,21,[],0,{},0,161,/workspace/exp/diversity_check/aspdac2026_submission_source/REvolution-aspdac2026-submission/exp/gpt-4.1-mini_clean_results/RTLLM/Prob012_multi_8bit/generation_log.jsonl,,ok,21,gpt-4.1-mini_clean_results/RTLLM/Prob012_multi_8bit/generation_log.jsonl,/workspace/exp/diversity_check/aspdac2026_submission_source/REvolution-aspdac2026-submission/exp
200,generation_log,21,[],0,{},0,27,/workspace/exp/diversity_check/aspdac2026_submission_source/REvolution-aspdac2026-submission/exp/gpt-4.1-mini_clean_results/RTLLM/Prob013_multi_booth_8bit/generation_log.jsonl,,ok,21,gpt-4.1-mini_clean_results/RTLLM/Prob013_multi_booth_8bit/generation_log.jsonl,/workspace/exp/diversity_check/aspdac2026_submission_source/REvolution-aspdac2026-submission/exp
77,generation_log,21,[],0,{},0,0,/workspace/exp/diversity_check/aspdac2026_submission_source/REvolution-aspdac2026-submission/exp/gpt-4.1-mini_clean_results/RTLLM/Prob014_multi_pipe_4bit/generation_log.jsonl,,ok,21,gpt-4.1-mini_clean_results/RTLLM/Prob014_multi_pipe_4bit/generation_log.jsonl,/workspace/exp/diversity_check/aspdac2026_submission_source/REvolution-aspdac2026-submission/exp
270,generation_log,21,[],0,{},0,130,/workspace/exp/diversity_check/aspdac2026_submission_source/REvolution-aspdac2026-submission/exp/gpt-4.1-mini_clean_results/RTLLM/Prob015_multi_pipe_8bit/generation_log.jsonl,,ok,21,gpt-4.1-mini_clean_results/RTLLM/Prob015_multi_pipe_8bit/generation_log.jsonl,/workspace/exp/diversity_check/aspdac2026_submission_source/REvolution-aspdac2026-submission/exp
77,generation_log,21,[],0,{},0,0,/workspace/exp/diversity_check/aspdac2026_submission_source/REvolution-aspdac2026-submission/exp/gpt-4.1-mini_clean_results/RTLLM/Prob016_fixed_point_adder/generation_log.jsonl,,ok,21,gpt-4.1-mini_clean_results/RTLLM/Prob016_fixed_point_adder/generation_log.jsonl,/workspace/exp/diversity_check/aspdac2026_submission_source/REvolution-aspdac2026-submission/exp
77,generation_log,21,[],0,{},0,0,/workspace/exp/diversity_check/aspdac2026_submission_source/REvolution-aspdac2026-submission/exp/gpt-4.1-mini_clean_results/RTLLM/Prob017_fixed_point_substractor/generation_log.jsonl,,ok,21,gpt-4.1-mini_clean_results/RTLLM/Prob017_fixed_point_substractor/generation_log.jsonl,/workspace/exp/diversity_check/aspdac2026_submission_source/REvolution-aspdac2026-submission/exp
260,generation_log,21,[],0,{},0,55,/workspace/exp/diversity_check/aspdac2026_submission_source/REvolution-aspdac2026-submission/exp/gpt-4.1-mini_clean_results/RTLLM/Prob018_float_multi/generation_log.jsonl,,ok,21,gpt-4.1-mini_clean_results/RTLLM/Prob018_float_multi/generation_log.jsonl,/workspace/exp/diversity_check/aspdac2026_submission_source/REvolution-aspdac2026-submission/exp
259,generation_log,21,[],0,{},0,181,/workspace/exp/diversity_check/aspdac2026_submission_source/REvolution-aspdac2026-submission/exp/gpt-4.1-mini_clean_results/RTLLM/Prob019_sub_64bit/generation_log.jsonl,,ok,21,gpt-4.1-mini_clean_results/RTLLM/Prob019_sub_64bit/generation_log.jsonl,/workspace/exp/diversity_check/aspdac2026_submission_source/REvolution-aspdac2026-submission/exp
259,generation_log,21,[],0,{},0,169,/workspace/exp/diversity_check/aspdac2026_submission_source/REvolution-aspdac2026-submission/exp/gpt-4.1-mini_clean_results/RTLLM/Prob020_JC_counter/generation_log.jsonl,,ok,21,gpt-4.1-mini_clean_results/RTLLM/Prob020_JC_counter/generation_log.jsonl,/workspace/exp/diversity_check/aspdac2026_submission_source/REvolution-aspdac2026-submission/exp
257,generation_log,21,[],0,{},0,204,/workspace/exp/diversity_check/aspdac2026_submission_source/REvolution-aspdac2026-submission/exp/gpt-4.1-mini_clean_results/RTLLM/Prob021_counter_12/generation_log.jsonl,,ok,21,gpt-4.1-mini_clean_results/RTLLM/Prob021_counter_12/generation_log.jsonl,/workspace/exp/diversity_check/aspdac2026_submission_source/REvolution-aspdac2026-submission/exp
77,generation_log,21,[],0,{},0,0,/workspace/exp/diversity_check/aspdac2026_submission_source/REvolution-aspdac2026-submission/exp/gpt-4.1-mini_clean_results/RTLLM/Prob022_ring_counter/generation_log.jsonl,,ok,21,gpt-4.1-mini_clean_results/RTLLM/Prob022_ring_counter/generation_log.jsonl,/workspace/exp/diversity_check/aspdac2026_submission_source/REvolution-aspdac2026-submission/exp
259,generation_log,21,[],0,{},0,197,/workspace/exp/diversity_check/aspdac2026_submission_source/REvolution-aspdac2026-submission/exp/gpt-4.1-mini_clean_results/RTLLM/Prob023_up_down_counter/generation_log.jsonl,,ok,21,gpt-4.1-mini_clean_results/RTLLM/Prob023_up_down_counter/generation_log.jsonl,/workspace/exp/diversity_check/aspdac2026_submission_source/REvolution-aspdac2026-submission/exp
296,generation_log,21,[],0,{},0,112,/workspace/exp/diversity_check/aspdac2026_submission_source/REvolution-aspdac2026-submission/exp/gpt-4.1-mini_clean_results/RTLLM/Prob024_fsm/generation_log.jsonl,,ok,21,gpt-4.1-mini_clean_results/RTLLM/Prob024_fsm/generation_log.jsonl,/workspace/exp/diversity_check/aspdac2026_submission_source/REvolution-aspdac2026-submission/exp
200,generation_log,21,[],0,{},0,21,/workspace/exp/diversity_check/aspdac2026_submission_source/REvolution-aspdac2026-submission/exp/gpt-4.1-mini_clean_results/RTLLM/Prob025_sequence_detector/generation_log.jsonl,,ok,21,gpt-4.1-mini_clean_results/RTLLM/Prob025_sequence_detector/generation_log.jsonl,/workspace/exp/diversity_check/aspdac2026_submission_source/REvolution-aspdac2026-submission/exp
77,generation_log,21,[],0,{},0,0,/workspace/exp/diversity_check/aspdac2026_submission_source/REvolution-aspdac2026-submission/exp/gpt-4.1-mini_clean_results/RTLLM/Prob026_asyn_fifo/generation_log.jsonl,,ok,21,gpt-4.1-mini_clean_results/RTLLM/Prob026_asyn_fifo/generation_log.jsonl,/workspace/exp/diversity_check/aspdac2026_submission_source/REvolution-aspdac2026-submission/exp
295,generation_log,21,[],0,{},0,170,/workspace/exp/diversity_check/aspdac2026_submission_source/REvolution-aspdac2026-submission/exp/gpt-4.1-mini_clean_results/RTLLM/Prob027_LIFObuffer/generation_log.jsonl,,ok,21,gpt-4.1-mini_clean_results/RTLLM/Prob027_LIFObuffer/generation_log.jsonl,/workspace/exp/diversity_check/aspdac2026_submission_source/REvolution-aspdac2026-submission/exp
77,generation_log,21,[],0,{},0,0,/workspace/exp/diversity_check/aspdac2026_submission_source/REvolution-aspdac2026-submission/exp/gpt-4.1-mini_clean_results/RTLLM/Prob028_LFSR/generation_log.jsonl,,ok,21,gpt-4.1-mini_clean_results/RTLLM/Prob028_LFSR/generation_log.jsonl,/workspace/exp/diversity_check/aspdac2026_submission_source/REvolution-aspdac2026-submission/exp
77,generation_log,21,[],0,{},0,0,/workspace/exp/diversity_check/aspdac2026_submission_source/REvolution-aspdac2026-submission/exp/gpt-4.1-mini_clean_results/RTLLM/Prob029_barrel_shifter/generation_log.jsonl,,ok,21,gpt-4.1-mini_clean_results/RTLLM/Prob029_barrel_shifter/generation_log.jsonl,/workspace/exp/diversity_check/aspdac2026_submission_source/REvolution-aspdac2026-submission/exp
260,generation_log,21,[],0,{},0,172,/workspace/exp/diversity_check/aspdac2026_submission_source/REvolution-aspdac2026-submission/exp/gpt-4.1-mini_clean_results/RTLLM/Prob030_right_shifter/generation_log.jsonl,,ok,21,gpt-4.1-mini_clean_results/RTLLM/Prob030_right_shifter/generation_log.jsonl,/workspace/exp/diversity_check/aspdac2026_submission_source/REvolution-aspdac2026-submission/exp
261,generation_log,21,[],0,{},0,130,/workspace/exp/diversity_check/aspdac2026_submission_source/REvolution-aspdac2026-submission/exp/gpt-4.1-mini_clean_results/RTLLM/Prob031_freq_div/generation_log.jsonl,,ok,21,gpt-4.1-mini_clean_results/RTLLM/Prob031_freq_div/generation_log.jsonl,/workspace/exp/diversity_check/aspdac2026_submission_source/REvolution-aspdac2026-submission/exp
77,generation_log,21,[],0,{},0,0,/workspace/exp/diversity_check/aspdac2026_submission_source/REvolution-aspdac2026-submission/exp/gpt-4.1-mini_clean_results/RTLLM/Prob032_freq_divbyeven/generation_log.jsonl,,ok,21,gpt-4.1-mini_clean_results/RTLLM/Prob032_freq_divbyeven/generation_log.jsonl,/workspace/exp/diversity_check/aspdac2026_submission_source/REvolution-aspdac2026-submission/exp
77,generation_log,21,[],0,{},0,0,/workspace/exp/diversity_check/aspdac2026_submission_source/REvolution-aspdac2026-submission/exp/gpt-4.1-mini_clean_results/RTLLM/Prob033_freq_divbyfrac/generation_log.jsonl,,ok,21,gpt-4.1-mini_clean_results/RTLLM/Prob033_freq_divbyfrac/generation_log.jsonl,/workspace/exp/diversity_check/aspdac2026_submission_source/REvolution-aspdac2026-submission/exp
176,generation_log,21,[],0,{},0,12,/workspace/exp/diversity_check/aspdac2026_submission_source/REvolution-aspdac2026-submission/exp/gpt-4.1-mini_clean_results/RTLLM/Prob034_freq_divbyodd/generation_log.jsonl,,ok,21,gpt-4.1-mini_clean_results/RTLLM/Prob034_freq_divbyodd/generation_log.jsonl,/workspace/exp/diversity_check/aspdac2026_submission_source/REvolution-aspdac2026-submission/exp
260,generation_log,21,[],0,{},0,189,/workspace/exp/diversity_check/aspdac2026_submission_source/REvolution-aspdac2026-submission/exp/gpt-4.1-mini_clean_results/RTLLM/Prob035_calendar/generation_log.jsonl,,ok,21,gpt-4.1-mini_clean_results/RTLLM/Prob035_calendar/generation_log.jsonl,/workspace/exp/diversity_check/aspdac2026_submission_source/REvolution-aspdac2026-submission/exp
267,generation_log,21,[],0,{},0,185,/workspace/exp/diversity_check/aspdac2026_submission_source/REvolution-aspdac2026-submission/exp/gpt-4.1-mini_clean_results/RTLLM/Prob036_edge_detect/generation_log.jsonl,,ok,21,gpt-4.1-mini_clean_results/RTLLM/Prob036_edge_detect/generation_log.jsonl,/workspace/exp/diversity_check/aspdac2026_submission_source/REvolution-aspdac2026-submission/exp
273,generation_log,21,[],0,{},0,108,/workspace/exp/diversity_check/aspdac2026_submission_source/REvolution-aspdac2026-submission/exp/gpt-4.1-mini_clean_results/RTLLM/Prob037_parallel2serial/generation_log.jsonl,,ok,21,gpt-4.1-mini_clean_results/RTLLM/Prob037_parallel2serial/generation_log.jsonl,/workspace/exp/diversity_check/aspdac2026_submission_source/REvolution-aspdac2026-submission/exp
200,generation_log,21,[],0,{},0,17,/workspace/exp/diversity_check/aspdac2026_submission_source/REvolution-aspdac2026-submission/exp/gpt-4.1-mini_clean_results/RTLLM/Prob038_pulse_detect/generation_log.jsonl,,ok,21,gpt-4.1-mini_clean_results/RTLLM/Prob038_pulse_detect/generation_log.jsonl,/workspace/exp/diversity_check/aspdac2026_submission_source/REvolution-aspdac2026-submission/exp
77,generation_log,21,[],0,{},0,0,/workspace/exp/diversity_check/aspdac2026_submission_source/REvolution-aspdac2026-submission/exp/gpt-4.1-mini_clean_results/RTLLM/Prob039_serial2parallel/generation_log.jsonl,,ok,21,gpt-4.1-mini_clean_results/RTLLM/Prob039_serial2parallel/generation_log.jsonl,/workspace/exp/diversity_check/aspdac2026_submission_source/REvolution-aspdac2026-submission/exp
260,generation_log,21,[],0,{},0,178,/workspace/exp/diversity_check/aspdac2026_submission_source/REvolution-aspdac2026-submission/exp/gpt-4.1-mini_clean_results/RTLLM/Prob040_synchronizer/generation_log.jsonl,,ok,21,gpt-4.1-mini_clean_results/RTLLM/Prob040_synchronizer/generation_log.jsonl,/workspace/exp/diversity_check/aspdac2026_submission_source/REvolution-aspdac2026-submission/exp
282,generation_log,21,[],0,{},0,116,/workspace/exp/diversity_check/aspdac2026_submission_source/REvolution-aspdac2026-submission/exp/gpt-4.1-mini_clean_results/RTLLM/Prob041_traffic_light/generation_log.jsonl,,ok,21,gpt-4.1-mini_clean_results/RTLLM/Prob041_traffic_light/generation_log.jsonl,/workspace/exp/diversity_check/aspdac2026_submission_source/REvolution-aspdac2026-submission/exp
77,generation_log,21,[],0,{},0,0,/workspace/exp/diversity_check/aspdac2026_submission_source/REvolution-aspdac2026-submission/exp/gpt-4.1-mini_clean_results/RTLLM/Prob042_width_8to16/generation_log.jsonl,,ok,21,gpt-4.1-mini_clean_results/RTLLM/Prob042_width_8to16/generation_log.jsonl,/workspace/exp/diversity_check/aspdac2026_submission_source/REvolution-aspdac2026-submission/exp
261,generation_log,21,[],0,{},0,170,/workspace/exp/diversity_check/aspdac2026_submission_source/REvolution-aspdac2026-submission/exp/gpt-4.1-mini_clean_results/RTLLM/Prob043_RAM/generation_log.jsonl,,ok,21,gpt-4.1-mini_clean_results/RTLLM/Prob043_RAM/generation_log.jsonl,/workspace/exp/diversity_check/aspdac2026_submission_source/REvolution-aspdac2026-submission/exp
268,generation_log,21,[],0,{},0,170,/workspace/exp/diversity_check/aspdac2026_submission_source/REvolution-aspdac2026-submission/exp/gpt-4.1-mini_clean_results/RTLLM/Prob044_ROM/generation_log.jsonl,,ok,21,gpt-4.1-mini_clean_results/RTLLM/Prob044_ROM/generation_log.jsonl,/workspace/exp/diversity_check/aspdac2026_submission_source/REvolution-aspdac2026-submission/exp
264,generation_log,21,[],0,{},0,104,/workspace/exp/diversity_check/aspdac2026_submission_source/REvolution-aspdac2026-submission/exp/gpt-4.1-mini_clean_results/RTLLM/Prob045_alu/generation_log.jsonl,,ok,21,gpt-4.1-mini_clean_results/RTLLM/Prob045_alu/generation_log.jsonl,/workspace/exp/diversity_check/aspdac2026_submission_source/REvolution-aspdac2026-submission/exp
77,generation_log,21,[],0,{},0,0,/workspace/exp/diversity_check/aspdac2026_submission_source/REvolution-aspdac2026-submission/exp/gpt-4.1-mini_clean_results/RTLLM/Prob046_clkgenerator/generation_log.jsonl,,ok,21,gpt-4.1-mini_clean_results/RTLLM/Prob046_clkgenerator/generation_log.jsonl,/workspace/exp/diversity_check/aspdac2026_submission_source/REvolution-aspdac2026-submission/exp
259,generation_log,21,[],0,{},0,199,/workspace/exp/diversity_check/aspdac2026_submission_source/REvolution-aspdac2026-submission/exp/gpt-4.1-mini_clean_results/RTLLM/Prob047_instr_reg/generation_log.jsonl,,ok,21,gpt-4.1-mini_clean_results/RTLLM/Prob047_instr_reg/generation_log.jsonl,/workspace/exp/diversity_check/aspdac2026_submission_source/REvolution-aspdac2026-submission/exp
276,generation_log,21,[],0,{},0,128,/workspace/exp/diversity_check/aspdac2026_submission_source/REvolution-aspdac2026-submission/exp/gpt-4.1-mini_clean_results/RTLLM/Prob048_pe/generation_log.jsonl,,ok,21,gpt-4.1-mini_clean_results/RTLLM/Prob048_pe/generation_log.jsonl,/workspace/exp/diversity_check/aspdac2026_submission_source/REvolution-aspdac2026-submission/exp
241,generation_log,21,[],0,{},0,70,/workspace/exp/diversity_check/aspdac2026_submission_source/REvolution-aspdac2026-submission/exp/gpt-4.1-mini_clean_results/RTLLM/Prob049_signal_generator/generation_log.jsonl,,ok,21,gpt-4.1-mini_clean_results/RTLLM/Prob049_signal_generator/generation_log.jsonl,/workspace/exp/diversity_check/aspdac2026_submission_source/REvolution-aspdac2026-submission/exp
257,generation_log,21,[],0,{},0,205,/workspace/exp/diversity_check/aspdac2026_submission_source/REvolution-aspdac2026-submission/exp/gpt-4.1-mini_clean_results/RTLLM/Prob050_square_wave/generation_log.jsonl,,ok,21,gpt-4.1-mini_clean_results/RTLLM/Prob050_square_wave/generation_log.jsonl,/workspace/exp/diversity_check/aspdac2026_submission_source/REvolution-aspdac2026-submission/exp
260,generation_log,21,[],0,{},0,164,/workspace/exp/diversity_check/aspdac2026_submission_source/REvolution-aspdac2026-submission/exp/gpt-4.1-mini_clean_results/VerilogEval-Spec-to-RTL/Prob001_zero/generation_log.jsonl,,ok,21,gpt-4.1-mini_clean_results/VerilogEval-Spec-to-RTL/Prob001_zero/generation_log.jsonl,/workspace/exp/diversity_check/aspdac2026_submission_source/REvolution-aspdac2026-submission/exp
261,generation_log,21,[],0,{},0,153,/workspace/exp/diversity_check/aspdac2026_submission_source/REvolution-aspdac2026-submission/exp/gpt-4.1-mini_clean_results/VerilogEval-Spec-to-RTL/Prob002_m2014_q4i/generation_log.jsonl,,ok,21,gpt-4.1-mini_clean_results/VerilogEval-Spec-to-RTL/Prob002_m2014_q4i/generation_log.jsonl,/workspace/exp/diversity_check/aspdac2026_submission_source/REvolution-aspdac2026-submission/exp
261,generation_log,21,[],0,{},0,153,/workspace/exp/diversity_check/aspdac2026_submission_source/REvolution-aspdac2026-submission/exp/gpt-4.1-mini_clean_results/VerilogEval-Spec-to-RTL/Prob003_step_one/generation_log.jsonl,,ok,21,gpt-4.1-mini_clean_results/VerilogEval-Spec-to-RTL/Prob003_step_one/generation_log.jsonl,/workspace/exp/diversity_check/aspdac2026_submission_source/REvolution-aspdac2026-submission/exp
260,generation_log,21,[],0,{},0,189,/workspace/exp/diversity_check/aspdac2026_submission_source/REvolution-aspdac2026-submission/exp/gpt-4.1-mini_clean_results/VerilogEval-Spec-to-RTL/Prob004_vector2/generation_log.jsonl,,ok,21,gpt-4.1-mini_clean_results/VerilogEval-Spec-to-RTL/Prob004_vector2/generation_log.jsonl,/workspace/exp/diversity_check/aspdac2026_submission_source/REvolution-aspdac2026-submission/exp
258,generation_log,21,[],0,{},0,207,/workspace/exp/diversity_check/aspdac2026_submission_source/REvolution-aspdac2026-submission/exp/gpt-4.1-mini_clean_results/VerilogEval-Spec-to-RTL/Prob005_notgate/generation_log.jsonl,,ok,21,gpt-4.1-mini_clean_results/VerilogEval-Spec-to-RTL/Prob005_notgate/generation_log.jsonl,/workspace/exp/diversity_check/aspdac2026_submission_source/REvolution-aspdac2026-submission/exp
259,generation_log,21,[],0,{},0,198,/workspace/exp/diversity_check/aspdac2026_submission_source/REvolution-aspdac2026-submission/exp/gpt-4.1-mini_clean_results/VerilogEval-Spec-to-RTL/Prob006_vectorr/generation_log.jsonl,,ok,21,gpt-4.1-mini_clean_results/VerilogEval-Spec-to-RTL/Prob006_vectorr/generation_log.jsonl,/workspace/exp/diversity_check/aspdac2026_submission_source/REvolution-aspdac2026-submission/exp
259,generation_log,21,[],0,{},0,204,/workspace/exp/diversity_check/aspdac2026_submission_source/REvolution-aspdac2026-submission/exp/gpt-4.1-mini_clean_results/VerilogEval-Spec-to-RTL/Prob007_wire/generation_log.jsonl,,ok,21,gpt-4.1-mini_clean_results/VerilogEval-Spec-to-RTL/Prob007_wire/generation_log.jsonl,/workspace/exp/diversity_check/aspdac2026_submission_source/REvolution-aspdac2026-submission/exp
259,generation_log,21,[],0,{},0,138,/workspace/exp/diversity_check/aspdac2026_submission_source/REvolution-aspdac2026-submission/exp/gpt-4.1-mini_clean_results/VerilogEval-Spec-to-RTL/Prob008_m2014_q4h/generation_log.jsonl,,ok,21,gpt-4.1-mini_clean_results/VerilogEval-Spec-to-RTL/Prob008_m2014_q4h/generation_log.jsonl,/workspace/exp/diversity_check/aspdac2026_submission_source/REvolution-aspdac2026-submission/exp
258,generation_log,21,[],0,{},0,200,/workspace/exp/diversity_check/aspdac2026_submission_source/REvolution-aspdac2026-submission/exp/gpt-4.1-mini_clean_results/VerilogEval-Spec-to-RTL/Prob009_popcount3/generation_log.jsonl,,ok,21,gpt-4.1-mini_clean_results/VerilogEval-Spec-to-RTL/Prob009_popcount3/generation_log.jsonl,/workspace/exp/diversity_check/aspdac2026_submission_source/REvolution-aspdac2026-submission/exp
257,generation_log,21,[],0,{},0,209,/workspace/exp/diversity_check/aspdac2026_submission_source/REvolution-aspdac2026-submission/exp/gpt-4.1-mini_clean_results/VerilogEval-Spec-to-RTL/Prob010_mt2015_q4a/generation_log.jsonl,,ok,21,gpt-4.1-mini_clean_results/VerilogEval-Spec-to-RTL/Prob010_mt2015_q4a/generation_log.jsonl,/workspace/exp/diversity_check/aspdac2026_submission_source/REvolution-aspdac2026-submission/exp
259,generation_log,21,[],0,{},0,204,/workspace/exp/diversity_check/aspdac2026_submission_source/REvolution-aspdac2026-submission/exp/gpt-4.1-mini_clean_results/VerilogEval-Spec-to-RTL/Prob011_norgate/generation_log.jsonl,,ok,21,gpt-4.1-mini_clean_results/VerilogEval-Spec-to-RTL/Prob011_norgate/generation_log.jsonl,/workspace/exp/diversity_check/aspdac2026_submission_source/REvolution-aspdac2026-submission/exp
259,generation_log,21,[],0,{},0,201,/workspace/exp/diversity_check/aspdac2026_submission_source/REvolution-aspdac2026-submission/exp/gpt-4.1-mini_clean_results/VerilogEval-Spec-to-RTL/Prob012_xnorgate/generation_log.jsonl,,ok,21,gpt-4.1-mini_clean_results/VerilogEval-Spec-to-RTL/Prob012_xnorgate/generation_log.jsonl,/workspace/exp/diversity_check/aspdac2026_submission_source/REvolution-aspdac2026-submission/exp
257,generation_log,21,[],0,{},0,206,/workspace/exp/diversity_check/aspdac2026_submission_source/REvolution-aspdac2026-submission/exp/gpt-4.1-mini_clean_results/VerilogEval-Spec-to-RTL/Prob013_m2014_q4e/generation_log.jsonl,,ok,21,gpt-4.1-mini_clean_results/VerilogEval-Spec-to-RTL/Prob013_m2014_q4e/generation_log.jsonl,/workspace/exp/diversity_check/aspdac2026_submission_source/REvolution-aspdac2026-submission/exp
258,generation_log,21,[],0,{},0,207,/workspace/exp/diversity_check/aspdac2026_submission_source/REvolution-aspdac2026-submission/exp/gpt-4.1-mini_clean_results/VerilogEval-Spec-to-RTL/Prob014_andgate/generation_log.jsonl,,ok,21,gpt-4.1-mini_clean_results/VerilogEval-Spec-to-RTL/Prob014_andgate/generation_log.jsonl,/workspace/exp/diversity_check/aspdac2026_submission_source/REvolution-aspdac2026-submission/exp
258,generation_log,21,[],0,{},0,208,/workspace/exp/diversity_check/aspdac2026_submission_source/REvolution-aspdac2026-submission/exp/gpt-4.1-mini_clean_results/VerilogEval-Spec-to-RTL/Prob015_vector1/generation_log.jsonl,,ok,21,gpt-4.1-mini_clean_results/VerilogEval-Spec-to-RTL/Prob015_vector1/generation_log.jsonl,/workspace/exp/diversity_check/aspdac2026_submission_source/REvolution-aspdac2026-submission/exp
259,generation_log,21,[],0,{},0,207,/workspace/exp/diversity_check/aspdac2026_submission_source/REvolution-aspdac2026-submission/exp/gpt-4.1-mini_clean_results/VerilogEval-Spec-to-RTL/Prob016_m2014_q4j/generation_log.jsonl,,ok,21,gpt-4.1-mini_clean_results/VerilogEval-Spec-to-RTL/Prob016_m2014_q4j/generation_log.jsonl,/workspace/exp/diversity_check/aspdac2026_submission_source/REvolution-aspdac2026-submission/exp
259,generation_log,21,[],0,{},0,206,/workspace/exp/diversity_check/aspdac2026_submission_source/REvolution-aspdac2026-submission/exp/gpt-4.1-mini_clean_results/VerilogEval-Spec-to-RTL/Prob017_mux2to1v/generation_log.jsonl,,ok,21,gpt-4.1-mini_clean_results/VerilogEval-Spec-to-RTL/Prob017_mux2to1v/generation_log.jsonl,/workspace/exp/diversity_check/aspdac2026_submission_source/REvolution-aspdac2026-submission/exp
259,generation_log,21,[],0,{},0,206,/workspace/exp/diversity_check/aspdac2026_submission_source/REvolution-aspdac2026-submission/exp/gpt-4.1-mini_clean_results/VerilogEval-Spec-to-RTL/Prob018_mux256to1/generation_log.jsonl,,ok,21,gpt-4.1-mini_clean_results/VerilogEval-Spec-to-RTL/Prob018_mux256to1/generation_log.jsonl,/workspace/exp/diversity_check/aspdac2026_submission_source/REvolution-aspdac2026-submission/exp
260,generation_log,21,[],0,{},0,193,/workspace/exp/diversity_check/aspdac2026_submission_source/REvolution-aspdac2026-submission/exp/gpt-4.1-mini_clean_results/VerilogEval-Spec-to-RTL/Prob019_m2014_q4f/generation_log.jsonl,,ok,21,gpt-4.1-mini_clean_results/VerilogEval-Spec-to-RTL/Prob019_m2014_q4f/generation_log.jsonl,/workspace/exp/diversity_check/aspdac2026_submission_source/REvolution-aspdac2026-submission/exp
260,generation_log,21,[],0,{},0,197,/workspace/exp/diversity_check/aspdac2026_submission_source/REvolution-aspdac2026-submission/exp/gpt-4.1-mini_clean_results/VerilogEval-Spec-to-RTL/Prob020_mt2015_eq2/generation_log.jsonl,,ok,21,gpt-4.1-mini_clean_results/VerilogEval-Spec-to-RTL/Prob020_mt2015_eq2/generation_log.jsonl,/workspace/exp/diversity_check/aspdac2026_submission_source/REvolution-aspdac2026-submission/exp
260,generation_log,21,[],0,{},0,202,/workspace/exp/diversity_check/aspdac2026_submission_source/REvolution-aspdac2026-submission/exp/gpt-4.1-mini_clean_results/VerilogEval-Spec-to-RTL/Prob021_mux256to1v/generation_log.jsonl,,ok,21,gpt-4.1-mini_clean_results/VerilogEval-Spec-to-RTL/Prob021_mux256to1v/generation_log.jsonl,/workspace/exp/diversity_check/aspdac2026_submission_source/REvolution-aspdac2026-submission/exp
258,generation_log,21,[],0,{},0,208,/workspace/exp/diversity_check/aspdac2026_submission_source/REvolution-aspdac2026-submission/exp/gpt-4.1-mini_clean_results/VerilogEval-Spec-to-RTL/Prob022_mux2to1/generation_log.jsonl,,ok,21,gpt-4.1-mini_clean_results/VerilogEval-Spec-to-RTL/Prob022_mux2to1/generation_log.jsonl,/workspace/exp/diversity_check/aspdac2026_submission_source/REvolution-aspdac2026-submission/exp
261,generation_log,21,[],0,{},0,176,/workspace/exp/diversity_check/aspdac2026_submission_source/REvolution-aspdac2026-submission/exp/gpt-4.1-mini_clean_results/VerilogEval-Spec-to-RTL/Prob023_vector100r/generation_log.jsonl,,ok,21,gpt-4.1-mini_clean_results/VerilogEval-Spec-to-RTL/Prob023_vector100r/generation_log.jsonl,/workspace/exp/diversity_check/aspdac2026_submission_source/REvolution-aspdac2026-submission/exp
258,generation_log,21,[],0,{},0,208,/workspace/exp/diversity_check/aspdac2026_submission_source/REvolution-aspdac2026-submission/exp/gpt-4.1-mini_clean_results/VerilogEval-Spec-to-RTL/Prob024_hadd/generation_log.jsonl,,ok,21,gpt-4.1-mini_clean_results/VerilogEval-Spec-to-RTL/Prob024_hadd/generation_log.jsonl,/workspace/exp/diversity_check/aspdac2026_submission_source/REvolution-aspdac2026-submission/exp
259,generation_log,21,[],0,{},0,201,/workspace/exp/diversity_check/aspdac2026_submission_source/REvolution-aspdac2026-submission/exp/gpt-4.1-mini_clean_results/VerilogEval-Spec-to-RTL/Prob025_reduction/generation_log.jsonl,,ok,21,gpt-4.1-mini_clean_results/VerilogEval-Spec-to-RTL/Prob025_reduction/generation_log.jsonl,/workspace/exp/diversity_check/aspdac2026_submission_source/REvolution-aspdac2026-submission/exp
257,generation_log,21,[],0,{},0,208,/workspace/exp/diversity_check/aspdac2026_submission_source/REvolution-aspdac2026-submission/exp/gpt-4.1-mini_clean_results/VerilogEval-Spec-to-RTL/Prob026_alwaysblock1/generation_log.jsonl,,ok,21,gpt-4.1-mini_clean_results/VerilogEval-Spec-to-RTL/Prob026_alwaysblock1/generation_log.jsonl,/workspace/exp/diversity_check/aspdac2026_submission_source/REvolution-aspdac2026-submission/exp
258,generation_log,21,[],0,{},0,206,/workspace/exp/diversity_check/aspdac2026_submission_source/REvolution-aspdac2026-submission/exp/gpt-4.1-mini_clean_results/VerilogEval-Spec-to-RTL/Prob027_fadd/generation_log.jsonl,,ok,21,gpt-4.1-mini_clean_results/VerilogEval-Spec-to-RTL/Prob027_fadd/generation_log.jsonl,/workspace/exp/diversity_check/aspdac2026_submission_source/REvolution-aspdac2026-submission/exp
123,generation_log,21,[],0,{},0,1,/workspace/exp/diversity_check/aspdac2026_submission_source/REvolution-aspdac2026-submission/exp/gpt-4.1-mini_clean_results/VerilogEval-Spec-to-RTL/Prob028_m2014_q4a/generation_log.jsonl,,ok,21,gpt-4.1-mini_clean_results/VerilogEval-Spec-to-RTL/Prob028_m2014_q4a/generation_log.jsonl,/workspace/exp/diversity_check/aspdac2026_submission_source/REvolution-aspdac2026-submission/exp
260,generation_log,21,[],0,{},0,203,/workspace/exp/diversity_check/aspdac2026_submission_source/REvolution-aspdac2026-submission/exp/gpt-4.1-mini_clean_results/VerilogEval-Spec-to-RTL/Prob029_m2014_q4g/generation_log.jsonl,,ok,21,gpt-4.1-mini_clean_results/VerilogEval-Spec-to-RTL/Prob029_m2014_q4g/generation_log.jsonl,/workspace/exp/diversity_check/aspdac2026_submission_source/REvolution-aspdac2026-submission/exp
271,generation_log,21,[],0,{},0,121,/workspace/exp/diversity_check/aspdac2026_submission_source/REvolution-aspdac2026-submission/exp/gpt-4.1-mini_clean_results/VerilogEval-Spec-to-RTL/Prob030_popcount255/generation_log.jsonl,,ok,21,gpt-4.1-mini_clean_results/VerilogEval-Spec-to-RTL/Prob030_popcount255/generation_log.jsonl,/workspace/exp/diversity_check/aspdac2026_submission_source/REvolution-aspdac2026-submission/exp
259,generation_log,21,[],0,{},0,189,/workspace/exp/diversity_check/aspdac2026_submission_source/REvolution-aspdac2026-submission/exp/gpt-4.1-mini_clean_results/VerilogEval-Spec-to-RTL/Prob031_dff/generation_log.jsonl,,ok,21,gpt-4.1-mini_clean_results/VerilogEval-Spec-to-RTL/Prob031_dff/generation_log.jsonl,/workspace/exp/diversity_check/aspdac2026_submission_source/REvolution-aspdac2026-submission/exp
257,generation_log,21,[],0,{},0,204,/workspace/exp/diversity_check/aspdac2026_submission_source/REvolution-aspdac2026-submission/exp/gpt-4.1-mini_clean_results/VerilogEval-Spec-to-RTL/Prob032_vector0/generation_log.jsonl,,ok,21,gpt-4.1-mini_clean_results/VerilogEval-Spec-to-RTL/Prob032_vector0/generation_log.jsonl,/workspace/exp/diversity_check/aspdac2026_submission_source/REvolution-aspdac2026-submission/exp
261,generation_log,21,[],0,{},0,186,/workspace/exp/diversity_check/aspdac2026_submission_source/REvolution-aspdac2026-submission/exp/gpt-4.1-mini_clean_results/VerilogEval-Spec-to-RTL/Prob033_ece241_2014_q1c/generation_log.jsonl,,ok,21,gpt-4.1-mini_clean_results/VerilogEval-Spec-to-RTL/Prob033_ece241_2014_q1c/generation_log.jsonl,/workspace/exp/diversity_check/aspdac2026_submission_source/REvolution-aspdac2026-submission/exp
77,generation_log,21,[],0,{},0,0,/workspace/exp/diversity_check/aspdac2026_submission_source/REvolution-aspdac2026-submission/exp/gpt-4.1-mini_clean_results/VerilogEval-Spec-to-RTL/Prob034_dff8/generation_log.jsonl,,ok,21,gpt-4.1-mini_clean_results/VerilogEval-Spec-to-RTL/Prob034_dff8/generation_log.jsonl,/workspace/exp/diversity_check/aspdac2026_submission_source/REvolution-aspdac2026-submission/exp
261,generation_log,21,[],0,{},0,198,/workspace/exp/diversity_check/aspdac2026_submission_source/REvolution-aspdac2026-submission/exp/gpt-4.1-mini_clean_results/VerilogEval-Spec-to-RTL/Prob035_count1to10/generation_log.jsonl,,ok,21,gpt-4.1-mini_clean_results/VerilogEval-Spec-to-RTL/Prob035_count1to10/generation_log.jsonl,/workspace/exp/diversity_check/aspdac2026_submission_source/REvolution-aspdac2026-submission/exp
258,generation_log,21,[],0,{},0,206,/workspace/exp/diversity_check/aspdac2026_submission_source/REvolution-aspdac2026-submission/exp/gpt-4.1-mini_clean_results/VerilogEval-Spec-to-RTL/Prob036_ringer/generation_log.jsonl,,ok,21,gpt-4.1-mini_clean_results/VerilogEval-Spec-to-RTL/Prob036_ringer/generation_log.jsonl,/workspace/exp/diversity_check/aspdac2026_submission_source/REvolution-aspdac2026-submission/exp
259,generation_log,21,[],0,{},0,188,/workspace/exp/diversity_check/aspdac2026_submission_source/REvolution-aspdac2026-submission/exp/gpt-4.1-mini_clean_results/VerilogEval-Spec-to-RTL/Prob037_review2015_count1k/generation_log.jsonl,,ok,21,gpt-4.1-mini_clean_results/VerilogEval-Spec-to-RTL/Prob037_review2015_count1k/generation_log.jsonl,/workspace/exp/diversity_check/aspdac2026_submission_source/REvolution-aspdac2026-submission/exp
259,generation_log,21,[],0,{},0,201,/workspace/exp/diversity_check/aspdac2026_submission_source/REvolution-aspdac2026-submission/exp/gpt-4.1-mini_clean_results/VerilogEval-Spec-to-RTL/Prob038_count15/generation_log.jsonl,,ok,21,gpt-4.1-mini_clean_results/VerilogEval-Spec-to-RTL/Prob038_count15/generation_log.jsonl,/workspace/exp/diversity_check/aspdac2026_submission_source/REvolution-aspdac2026-submission/exp
259,generation_log,21,[],0,{},0,205,/workspace/exp/diversity_check/aspdac2026_submission_source/REvolution-aspdac2026-submission/exp/gpt-4.1-mini_clean_results/VerilogEval-Spec-to-RTL/Prob039_always_if/generation_log.jsonl,,ok,21,gpt-4.1-mini_clean_results/VerilogEval-Spec-to-RTL/Prob039_always_if/generation_log.jsonl,/workspace/exp/diversity_check/aspdac2026_submission_source/REvolution-aspdac2026-submission/exp
260,generation_log,21,[],0,{},0,200,/workspace/exp/diversity_check/aspdac2026_submission_source/REvolution-aspdac2026-submission/exp/gpt-4.1-mini_clean_results/VerilogEval-Spec-to-RTL/Prob040_count10/generation_log.jsonl,,ok,21,gpt-4.1-mini_clean_results/VerilogEval-Spec-to-RTL/Prob040_count10/generation_log.jsonl,/workspace/exp/diversity_check/aspdac2026_submission_source/REvolution-aspdac2026-submission/exp
257,generation_log,21,[],0,{},0,209,/workspace/exp/diversity_check/aspdac2026_submission_source/REvolution-aspdac2026-submission/exp/gpt-4.1-mini_clean_results/VerilogEval-Spec-to-RTL/Prob041_dff8r/generation_log.jsonl,,ok,21,gpt-4.1-mini_clean_results/VerilogEval-Spec-to-RTL/Prob041_dff8r/generation_log.jsonl,/workspace/exp/diversity_check/aspdac2026_submission_source/REvolution-aspdac2026-submission/exp
260,generation_log,21,[],0,{},0,205,/workspace/exp/diversity_check/aspdac2026_submission_source/REvolution-aspdac2026-submission/exp/gpt-4.1-mini_clean_results/VerilogEval-Spec-to-RTL/Prob042_vector4/generation_log.jsonl,,ok,21,gpt-4.1-mini_clean_results/VerilogEval-Spec-to-RTL/Prob042_vector4/generation_log.jsonl,/workspace/exp/diversity_check/aspdac2026_submission_source/REvolution-aspdac2026-submission/exp
268,generation_log,21,[],0,{},0,107,/workspace/exp/diversity_check/aspdac2026_submission_source/REvolution-aspdac2026-submission/exp/gpt-4.1-mini_clean_results/VerilogEval-Spec-to-RTL/Prob043_vector5/generation_log.jsonl,,ok,21,gpt-4.1-mini_clean_results/VerilogEval-Spec-to-RTL/Prob043_vector5/generation_log.jsonl,/workspace/exp/diversity_check/aspdac2026_submission_source/REvolution-aspdac2026-submission/exp
257,generation_log,21,[],0,{},0,209,/workspace/exp/diversity_check/aspdac2026_submission_source/REvolution-aspdac2026-submission/exp/gpt-4.1-mini_clean_results/VerilogEval-Spec-to-RTL/Prob044_vectorgates/generation_log.jsonl,,ok,21,gpt-4.1-mini_clean_results/VerilogEval-Spec-to-RTL/Prob044_vectorgates/generation_log.jsonl,/workspace/exp/diversity_check/aspdac2026_submission_source/REvolution-aspdac2026-submission/exp
282,generation_log,21,[],0,{},0,128,/workspace/exp/diversity_check/aspdac2026_submission_source/REvolution-aspdac2026-submission/exp/gpt-4.1-mini_clean_results/VerilogEval-Spec-to-RTL/Prob045_edgedetect2/generation_log.jsonl,,ok,21,gpt-4.1-mini_clean_results/VerilogEval-Spec-to-RTL/Prob045_edgedetect2/generation_log.jsonl,/workspace/exp/diversity_check/aspdac2026_submission_source/REvolution-aspdac2026-submission/exp
260,generation_log,21,[],0,{},0,184,/workspace/exp/diversity_check/aspdac2026_submission_source/REvolution-aspdac2026-submission/exp/gpt-4.1-mini_clean_results/VerilogEval-Spec-to-RTL/Prob046_dff8p/generation_log.jsonl,,ok,21,gpt-4.1-mini_clean_results/VerilogEval-Spec-to-RTL/Prob046_dff8p/generation_log.jsonl,/workspace/exp/diversity_check/aspdac2026_submission_source/REvolution-aspdac2026-submission/exp
259,generation_log,21,[],0,{},0,204,/workspace/exp/diversity_check/aspdac2026_submission_source/REvolution-aspdac2026-submission/exp/gpt-4.1-mini_clean_results/VerilogEval-Spec-to-RTL/Prob047_dff8ar/generation_log.jsonl,,ok,21,gpt-4.1-mini_clean_results/VerilogEval-Spec-to-RTL/Prob047_dff8ar/generation_log.jsonl,/workspace/exp/diversity_check/aspdac2026_submission_source/REvolution-aspdac2026-submission/exp
260,generation_log,21,[],0,{},0,195,/workspace/exp/diversity_check/aspdac2026_submission_source/REvolution-aspdac2026-submission/exp/gpt-4.1-mini_clean_results/VerilogEval-Spec-to-RTL/Prob048_m2014_q4c/generation_log.jsonl,,ok,21,gpt-4.1-mini_clean_results/VerilogEval-Spec-to-RTL/Prob048_m2014_q4c/generation_log.jsonl,/workspace/exp/diversity_check/aspdac2026_submission_source/REvolution-aspdac2026-submission/exp
261,generation_log,21,[],0,{},0,142,/workspace/exp/diversity_check/aspdac2026_submission_source/REvolution-aspdac2026-submission/exp/gpt-4.1-mini_clean_results/VerilogEval-Spec-to-RTL/Prob049_m2014_q4b/generation_log.jsonl,,ok,21,gpt-4.1-mini_clean_results/VerilogEval-Spec-to-RTL/Prob049_m2014_q4b/generation_log.jsonl,/workspace/exp/diversity_check/aspdac2026_submission_source/REvolution-aspdac2026-submission/exp
258,generation_log,21,[],0,{},0,208,/workspace/exp/diversity_check/aspdac2026_submission_source/REvolution-aspdac2026-submission/exp/gpt-4.1-mini_clean_results/VerilogEval-Spec-to-RTL/Prob050_kmap1/generation_log.jsonl,,ok,21,gpt-4.1-mini_clean_results/VerilogEval-Spec-to-RTL/Prob050_kmap1/generation_log.jsonl,/workspace/exp/diversity_check/aspdac2026_submission_source/REvolution-aspdac2026-submission/exp
258,generation_log,21,[],0,{},0,206,/workspace/exp/diversity_check/aspdac2026_submission_source/REvolution-aspdac2026-submission/exp/gpt-4.1-mini_clean_results/VerilogEval-Spec-to-RTL/Prob051_gates4/generation_log.jsonl,,ok,21,gpt-4.1-mini_clean_results/VerilogEval-Spec-to-RTL/Prob051_gates4/generation_log.jsonl,/workspace/exp/diversity_check/aspdac2026_submission_source/REvolution-aspdac2026-submission/exp
260,generation_log,21,[],0,{},0,186,/workspace/exp/diversity_check/aspdac2026_submission_source/REvolution-aspdac2026-submission/exp/gpt-4.1-mini_clean_results/VerilogEval-Spec-to-RTL/Prob052_gates100/generation_log.jsonl,,ok,21,gpt-4.1-mini_clean_results/VerilogEval-Spec-to-RTL/Prob052_gates100/generation_log.jsonl,/workspace/exp/diversity_check/aspdac2026_submission_source/REvolution-aspdac2026-submission/exp
77,generation_log,21,[],0,{},0,0,/workspace/exp/diversity_check/aspdac2026_submission_source/REvolution-aspdac2026-submission/exp/gpt-4.1-mini_clean_results/VerilogEval-Spec-to-RTL/Prob053_m2014_q4d/generation_log.jsonl,,ok,21,gpt-4.1-mini_clean_results/VerilogEval-Spec-to-RTL/Prob053_m2014_q4d/generation_log.jsonl,/workspace/exp/diversity_check/aspdac2026_submission_source/REvolution-aspdac2026-submission/exp
286,generation_log,21,[],0,{},0,135,/workspace/exp/diversity_check/aspdac2026_submission_source/REvolution-aspdac2026-submission/exp/gpt-4.1-mini_clean_results/VerilogEval-Spec-to-RTL/Prob054_edgedetect/generation_log.jsonl,,ok,21,gpt-4.1-mini_clean_results/VerilogEval-Spec-to-RTL/Prob054_edgedetect/generation_log.jsonl,/workspace/exp/diversity_check/aspdac2026_submission_source/REvolution-aspdac2026-submission/exp
260,generation_log,21,[],0,{},0,202,/workspace/exp/diversity_check/aspdac2026_submission_source/REvolution-aspdac2026-submission/exp/gpt-4.1-mini_clean_results/VerilogEval-Spec-to-RTL/Prob055_conditional/generation_log.jsonl,,ok,21,gpt-4.1-mini_clean_results/VerilogEval-Spec-to-RTL/Prob055_conditional/generation_log.jsonl,/workspace/exp/diversity_check/aspdac2026_submission_source/REvolution-aspdac2026-submission/exp
264,generation_log,21,[],0,{},0,75,/workspace/exp/diversity_check/aspdac2026_submission_source/REvolution-aspdac2026-submission/exp/gpt-4.1-mini_clean_results/VerilogEval-Spec-to-RTL/Prob056_ece241_2013_q7/generation_log.jsonl,,ok,21,gpt-4.1-mini_clean_results/VerilogEval-Spec-to-RTL/Prob056_ece241_2013_q7/generation_log.jsonl,/workspace/exp/diversity_check/aspdac2026_submission_source/REvolution-aspdac2026-submission/exp
273,generation_log,21,[],0,{},0,137,/workspace/exp/diversity_check/aspdac2026_submission_source/REvolution-aspdac2026-submission/exp/gpt-4.1-mini_clean_results/VerilogEval-Spec-to-RTL/Prob057_kmap2/generation_log.jsonl,,ok,21,gpt-4.1-mini_clean_results/VerilogEval-Spec-to-RTL/Prob057_kmap2/generation_log.jsonl,/workspace/exp/diversity_check/aspdac2026_submission_source/REvolution-aspdac2026-submission/exp
260,generation_log,21,[],0,{},0,186,/workspace/exp/diversity_check/aspdac2026_submission_source/REvolution-aspdac2026-submission/exp/gpt-4.1-mini_clean_results/VerilogEval-Spec-to-RTL/Prob058_alwaysblock2/generation_log.jsonl,,ok,21,gpt-4.1-mini_clean_results/VerilogEval-Spec-to-RTL/Prob058_alwaysblock2/generation_log.jsonl,/workspace/exp/diversity_check/aspdac2026_submission_source/REvolution-aspdac2026-submission/exp
258,generation_log,21,[],0,{},0,207,/workspace/exp/diversity_check/aspdac2026_submission_source/REvolution-aspdac2026-submission/exp/gpt-4.1-mini_clean_results/VerilogEval-Spec-to-RTL/Prob059_wire4/generation_log.jsonl,,ok,21,gpt-4.1-mini_clean_results/VerilogEval-Spec-to-RTL/Prob059_wire4/generation_log.jsonl,/workspace/exp/diversity_check/aspdac2026_submission_source/REvolution-aspdac2026-submission/exp
266,generation_log,21,[],0,{},0,200,/workspace/exp/diversity_check/aspdac2026_submission_source/REvolution-aspdac2026-submission/exp/gpt-4.1-mini_clean_results/VerilogEval-Spec-to-RTL/Prob060_m2014_q4k/generation_log.jsonl,,ok,21,gpt-4.1-mini_clean_results/VerilogEval-Spec-to-RTL/Prob060_m2014_q4k/generation_log.jsonl,/workspace/exp/diversity_check/aspdac2026_submission_source/REvolution-aspdac2026-submission/exp
263,generation_log,21,[],0,{},0,198,/workspace/exp/diversity_check/aspdac2026_submission_source/REvolution-aspdac2026-submission/exp/gpt-4.1-mini_clean_results/VerilogEval-Spec-to-RTL/Prob061_2014_q4a/generation_log.jsonl,,ok,21,gpt-4.1-mini_clean_results/VerilogEval-Spec-to-RTL/Prob061_2014_q4a/generation_log.jsonl,/workspace/exp/diversity_check/aspdac2026_submission_source/REvolution-aspdac2026-submission/exp
77,generation_log,21,[],0,{},0,0,/workspace/exp/diversity_check/aspdac2026_submission_source/REvolution-aspdac2026-submission/exp/gpt-4.1-mini_clean_results/VerilogEval-Spec-to-RTL/Prob062_bugs_mux2/generation_log.jsonl,,ok,21,gpt-4.1-mini_clean_results/VerilogEval-Spec-to-RTL/Prob062_bugs_mux2/generation_log.jsonl,/workspace/exp/diversity_check/aspdac2026_submission_source/REvolution-aspdac2026-submission/exp
259,generation_log,21,[],0,{},0,100,/workspace/exp/diversity_check/aspdac2026_submission_source/REvolution-aspdac2026-submission/exp/gpt-4.1-mini_clean_results/VerilogEval-Spec-to-RTL/Prob063_review2015_shiftcount/generation_log.jsonl,,ok,21,gpt-4.1-mini_clean_results/VerilogEval-Spec-to-RTL/Prob063_review2015_shiftcount/generation_log.jsonl,/workspace/exp/diversity_check/aspdac2026_submission_source/REvolution-aspdac2026-submission/exp
260,generation_log,21,[],0,{},0,172,/workspace/exp/diversity_check/aspdac2026_submission_source/REvolution-aspdac2026-submission/exp/gpt-4.1-mini_clean_results/VerilogEval-Spec-to-RTL/Prob064_vector3/generation_log.jsonl,,ok,21,gpt-4.1-mini_clean_results/VerilogEval-Spec-to-RTL/Prob064_vector3/generation_log.jsonl,/workspace/exp/diversity_check/aspdac2026_submission_source/REvolution-aspdac2026-submission/exp
260,generation_log,21,[],0,{},0,182,/workspace/exp/diversity_check/aspdac2026_submission_source/REvolution-aspdac2026-submission/exp/gpt-4.1-mini_clean_results/VerilogEval-Spec-to-RTL/Prob065_7420/generation_log.jsonl,,ok,21,gpt-4.1-mini_clean_results/VerilogEval-Spec-to-RTL/Prob065_7420/generation_log.jsonl,/workspace/exp/diversity_check/aspdac2026_submission_source/REvolution-aspdac2026-submission/exp
77,generation_log,21,[],0,{},0,0,/workspace/exp/diversity_check/aspdac2026_submission_source/REvolution-aspdac2026-submission/exp/gpt-4.1-mini_clean_results/VerilogEval-Spec-to-RTL/Prob066_edgecapture/generation_log.jsonl,,ok,21,gpt-4.1-mini_clean_results/VerilogEval-Spec-to-RTL/Prob066_edgecapture/generation_log.jsonl,/workspace/exp/diversity_check/aspdac2026_submission_source/REvolution-aspdac2026-submission/exp
259,generation_log,21,[],0,{},0,197,/workspace/exp/diversity_check/aspdac2026_submission_source/REvolution-aspdac2026-submission/exp/gpt-4.1-mini_clean_results/VerilogEval-Spec-to-RTL/Prob067_countslow/generation_log.jsonl,,ok,21,gpt-4.1-mini_clean_results/VerilogEval-Spec-to-RTL/Prob067_countslow/generation_log.jsonl,/workspace/exp/diversity_check/aspdac2026_submission_source/REvolution-aspdac2026-submission/exp
259,generation_log,21,[],0,{},0,110,/workspace/exp/diversity_check/aspdac2026_submission_source/REvolution-aspdac2026-submission/exp/gpt-4.1-mini_clean_results/VerilogEval-Spec-to-RTL/Prob068_countbcd/generation_log.jsonl,,ok,21,gpt-4.1-mini_clean_results/VerilogEval-Spec-to-RTL/Prob068_countbcd/generation_log.jsonl,/workspace/exp/diversity_check/aspdac2026_submission_source/REvolution-aspdac2026-submission/exp
258,generation_log,21,[],0,{},0,203,/workspace/exp/diversity_check/aspdac2026_submission_source/REvolution-aspdac2026-submission/exp/gpt-4.1-mini_clean_results/VerilogEval-Spec-to-RTL/Prob069_truthtable1/generation_log.jsonl,,ok,21,gpt-4.1-mini_clean_results/VerilogEval-Spec-to-RTL/Prob069_truthtable1/generation_log.jsonl,/workspace/exp/diversity_check/aspdac2026_submission_source/REvolution-aspdac2026-submission/exp
77,generation_log,21,[],0,{},0,0,/workspace/exp/diversity_check/aspdac2026_submission_source/REvolution-aspdac2026-submission/exp/gpt-4.1-mini_clean_results/VerilogEval-Spec-to-RTL/Prob070_ece241_2013_q2/generation_log.jsonl,,ok,21,gpt-4.1-mini_clean_results/VerilogEval-Spec-to-RTL/Prob070_ece241_2013_q2/generation_log.jsonl,/workspace/exp/diversity_check/aspdac2026_submission_source/REvolution-aspdac2026-submission/exp
259,generation_log,21,[],0,{},0,141,/workspace/exp/diversity_check/aspdac2026_submission_source/REvolution-aspdac2026-submission/exp/gpt-4.1-mini_clean_results/VerilogEval-Spec-to-RTL/Prob071_always_casez/generation_log.jsonl,,ok,21,gpt-4.1-mini_clean_results/VerilogEval-Spec-to-RTL/Prob071_always_casez/generation_log.jsonl,/workspace/exp/diversity_check/aspdac2026_submission_source/REvolution-aspdac2026-submission/exp
259,generation_log,21,[],0,{},0,205,/workspace/exp/diversity_check/aspdac2026_submission_source/REvolution-aspdac2026-submission/exp/gpt-4.1-mini_clean_results/VerilogEval-Spec-to-RTL/Prob072_thermostat/generation_log.jsonl,,ok,21,gpt-4.1-mini_clean_results/VerilogEval-Spec-to-RTL/Prob072_thermostat/generation_log.jsonl,/workspace/exp/diversity_check/aspdac2026_submission_source/REvolution-aspdac2026-submission/exp
260,generation_log,21,[],0,{},0,193,/workspace/exp/diversity_check/aspdac2026_submission_source/REvolution-aspdac2026-submission/exp/gpt-4.1-mini_clean_results/VerilogEval-Spec-to-RTL/Prob073_dff16e/generation_log.jsonl,,ok,21,gpt-4.1-mini_clean_results/VerilogEval-Spec-to-RTL/Prob073_dff16e/generation_log.jsonl,/workspace/exp/diversity_check/aspdac2026_submission_source/REvolution-aspdac2026-submission/exp
77,generation_log,21,[],0,{},0,0,/workspace/exp/diversity_check/aspdac2026_submission_source/REvolution-aspdac2026-submission/exp/gpt-4.1-mini_clean_results/VerilogEval-Spec-to-RTL/Prob074_ece241_2014_q4/generation_log.jsonl,,ok,21,gpt-4.1-mini_clean_results/VerilogEval-Spec-to-RTL/Prob074_ece241_2014_q4/generation_log.jsonl,/workspace/exp/diversity_check/aspdac2026_submission_source/REvolution-aspdac2026-submission/exp
261,generation_log,21,[],0,{},0,197,/workspace/exp/diversity_check/aspdac2026_submission_source/REvolution-aspdac2026-submission/exp/gpt-4.1-mini_clean_results/VerilogEval-Spec-to-RTL/Prob075_counter_2bc/generation_log.jsonl,,ok,21,gpt-4.1-mini_clean_results/VerilogEval-Spec-to-RTL/Prob075_counter_2bc/generation_log.jsonl,/workspace/exp/diversity_check/aspdac2026_submission_source/REvolution-aspdac2026-submission/exp
259,generation_log,21,[],0,{},0,203,/workspace/exp/diversity_check/aspdac2026_submission_source/REvolution-aspdac2026-submission/exp/gpt-4.1-mini_clean_results/VerilogEval-Spec-to-RTL/Prob076_always_case/generation_log.jsonl,,ok,21,gpt-4.1-mini_clean_results/VerilogEval-Spec-to-RTL/Prob076_always_case/generation_log.jsonl,/workspace/exp/diversity_check/aspdac2026_submission_source/REvolution-aspdac2026-submission/exp
258,generation_log,21,[],0,{},0,208,/workspace/exp/diversity_check/aspdac2026_submission_source/REvolution-aspdac2026-submission/exp/gpt-4.1-mini_clean_results/VerilogEval-Spec-to-RTL/Prob077_wire_decl/generation_log.jsonl,,ok,21,gpt-4.1-mini_clean_results/VerilogEval-Spec-to-RTL/Prob077_wire_decl/generation_log.jsonl,/workspace/exp/diversity_check/aspdac2026_submission_source/REvolution-aspdac2026-submission/exp
256,generation_log,21,[],0,{},0,103,/workspace/exp/diversity_check/aspdac2026_submission_source/REvolution-aspdac2026-submission/exp/gpt-4.1-mini_clean_results/VerilogEval-Spec-to-RTL/Prob078_dualedge/generation_log.jsonl,,ok,21,gpt-4.1-mini_clean_results/VerilogEval-Spec-to-RTL/Prob078_dualedge/generation_log.jsonl,/workspace/exp/diversity_check/aspdac2026_submission_source/REvolution-aspdac2026-submission/exp
258,generation_log,21,[],0,{},0,206,/workspace/exp/diversity_check/aspdac2026_submission_source/REvolution-aspdac2026-submission/exp/gpt-4.1-mini_clean_results/VerilogEval-Spec-to-RTL/Prob079_fsm3onehot/generation_log.jsonl,,ok,21,gpt-4.1-mini_clean_results/VerilogEval-Spec-to-RTL/Prob079_fsm3onehot/generation_log.jsonl,/workspace/exp/diversity_check/aspdac2026_submission_source/REvolution-aspdac2026-submission/exp
284,generation_log,21,[],0,{},0,176,/workspace/exp/diversity_check/aspdac2026_submission_source/REvolution-aspdac2026-submission/exp/gpt-4.1-mini_clean_results/VerilogEval-Spec-to-RTL/Prob080_timer/generation_log.jsonl,,ok,21,gpt-4.1-mini_clean_results/VerilogEval-Spec-to-RTL/Prob080_timer/generation_log.jsonl,/workspace/exp/diversity_check/aspdac2026_submission_source/REvolution-aspdac2026-submission/exp
256,generation_log,21,[],0,{},0,210,/workspace/exp/diversity_check/aspdac2026_submission_source/REvolution-aspdac2026-submission/exp/gpt-4.1-mini_clean_results/VerilogEval-Spec-to-RTL/Prob081_7458/generation_log.jsonl,,ok,21,gpt-4.1-mini_clean_results/VerilogEval-Spec-to-RTL/Prob081_7458/generation_log.jsonl,/workspace/exp/diversity_check/aspdac2026_submission_source/REvolution-aspdac2026-submission/exp
259,generation_log,21,[],0,{},0,103,/workspace/exp/diversity_check/aspdac2026_submission_source/REvolution-aspdac2026-submission/exp/gpt-4.1-mini_clean_results/VerilogEval-Spec-to-RTL/Prob082_lfsr32/generation_log.jsonl,,ok,21,gpt-4.1-mini_clean_results/VerilogEval-Spec-to-RTL/Prob082_lfsr32/generation_log.jsonl,/workspace/exp/diversity_check/aspdac2026_submission_source/REvolution-aspdac2026-submission/exp
258,generation_log,21,[],0,{},0,203,/workspace/exp/diversity_check/aspdac2026_submission_source/REvolution-aspdac2026-submission/exp/gpt-4.1-mini_clean_results/VerilogEval-Spec-to-RTL/Prob083_mt2015_q4b/generation_log.jsonl,,ok,21,gpt-4.1-mini_clean_results/VerilogEval-Spec-to-RTL/Prob083_mt2015_q4b/generation_log.jsonl,/workspace/exp/diversity_check/aspdac2026_submission_source/REvolution-aspdac2026-submission/exp
261,generation_log,21,[],0,{},0,168,/workspace/exp/diversity_check/aspdac2026_submission_source/REvolution-aspdac2026-submission/exp/gpt-4.1-mini_clean_results/VerilogEval-Spec-to-RTL/Prob084_ece241_2013_q12/generation_log.jsonl,,ok,21,gpt-4.1-mini_clean_results/VerilogEval-Spec-to-RTL/Prob084_ece241_2013_q12/generation_log.jsonl,/workspace/exp/diversity_check/aspdac2026_submission_source/REvolution-aspdac2026-submission/exp
261,generation_log,21,[],0,{},0,197,/workspace/exp/diversity_check/aspdac2026_submission_source/REvolution-aspdac2026-submission/exp/gpt-4.1-mini_clean_results/VerilogEval-Spec-to-RTL/Prob085_shift4/generation_log.jsonl,,ok,21,gpt-4.1-mini_clean_results/VerilogEval-Spec-to-RTL/Prob085_shift4/generation_log.jsonl,/workspace/exp/diversity_check/aspdac2026_submission_source/REvolution-aspdac2026-submission/exp
260,generation_log,21,[],0,{},0,87,/workspace/exp/diversity_check/aspdac2026_submission_source/REvolution-aspdac2026-submission/exp/gpt-4.1-mini_clean_results/VerilogEval-Spec-to-RTL/Prob086_lfsr5/generation_log.jsonl,,ok,21,gpt-4.1-mini_clean_results/VerilogEval-Spec-to-RTL/Prob086_lfsr5/generation_log.jsonl,/workspace/exp/diversity_check/aspdac2026_submission_source/REvolution-aspdac2026-submission/exp
258,generation_log,21,[],0,{},0,206,/workspace/exp/diversity_check/aspdac2026_submission_source/REvolution-aspdac2026-submission/exp/gpt-4.1-mini_clean_results/VerilogEval-Spec-to-RTL/Prob087_gates/generation_log.jsonl,,ok,21,gpt-4.1-mini_clean_results/VerilogEval-Spec-to-RTL/Prob087_gates/generation_log.jsonl,/workspace/exp/diversity_check/aspdac2026_submission_source/REvolution-aspdac2026-submission/exp
260,generation_log,21,[],0,{},0,193,/workspace/exp/diversity_check/aspdac2026_submission_source/REvolution-aspdac2026-submission/exp/gpt-4.1-mini_clean_results/VerilogEval-Spec-to-RTL/Prob088_ece241_2014_q5b/generation_log.jsonl,,ok,21,gpt-4.1-mini_clean_results/VerilogEval-Spec-to-RTL/Prob088_ece241_2014_q5b/generation_log.jsonl,/workspace/exp/diversity_check/aspdac2026_submission_source/REvolution-aspdac2026-submission/exp
273,generation_log,21,[],0,{},0,101,/workspace/exp/diversity_check/aspdac2026_submission_source/REvolution-aspdac2026-submission/exp/gpt-4.1-mini_clean_results/VerilogEval-Spec-to-RTL/Prob089_ece241_2014_q5a/generation_log.jsonl,,ok,21,gpt-4.1-mini_clean_results/VerilogEval-Spec-to-RTL/Prob089_ece241_2014_q5a/generation_log.jsonl,/workspace/exp/diversity_check/aspdac2026_submission_source/REvolution-aspdac2026-submission/exp
259,generation_log,21,[],0,{},0,207,/workspace/exp/diversity_check/aspdac2026_submission_source/REvolution-aspdac2026-submission/exp/gpt-4.1-mini_clean_results/VerilogEval-Spec-to-RTL/Prob090_circuit1/generation_log.jsonl,,ok,21,gpt-4.1-mini_clean_results/VerilogEval-Spec-to-RTL/Prob090_circuit1/generation_log.jsonl,/workspace/exp/diversity_check/aspdac2026_submission_source/REvolution-aspdac2026-submission/exp
282,generation_log,21,[],0,{},0,192,/workspace/exp/diversity_check/aspdac2026_submission_source/REvolution-aspdac2026-submission/exp/gpt-4.1-mini_clean_results/VerilogEval-Spec-to-RTL/Prob091_2012_q2b/generation_log.jsonl,,ok,21,gpt-4.1-mini_clean_results/VerilogEval-Spec-to-RTL/Prob091_2012_q2b/generation_log.jsonl,/workspace/exp/diversity_check/aspdac2026_submission_source/REvolution-aspdac2026-submission/exp
256,generation_log,21,[],0,{},0,115,/workspace/exp/diversity_check/aspdac2026_submission_source/REvolution-aspdac2026-submission/exp/gpt-4.1-mini_clean_results/VerilogEval-Spec-to-RTL/Prob092_gatesv100/generation_log.jsonl,,ok,21,gpt-4.1-mini_clean_results/VerilogEval-Spec-to-RTL/Prob092_gatesv100/generation_log.jsonl,/workspace/exp/diversity_check/aspdac2026_submission_source/REvolution-aspdac2026-submission/exp
77,generation_log,21,[],0,{},0,0,/workspace/exp/diversity_check/aspdac2026_submission_source/REvolution-aspdac2026-submission/exp/gpt-4.1-mini_clean_results/VerilogEval-Spec-to-RTL/Prob093_ece241_2014_q3/generation_log.jsonl,,ok,21,gpt-4.1-mini_clean_results/VerilogEval-Spec-to-RTL/Prob093_ece241_2014_q3/generation_log.jsonl,/workspace/exp/diversity_check/aspdac2026_submission_source/REvolution-aspdac2026-submission/exp
268,generation_log,21,[],0,{},0,100,/workspace/exp/diversity_check/aspdac2026_submission_source/REvolution-aspdac2026-submission/exp/gpt-4.1-mini_clean_results/VerilogEval-Spec-to-RTL/Prob094_gatesv/generation_log.jsonl,,ok,21,gpt-4.1-mini_clean_results/VerilogEval-Spec-to-RTL/Prob094_gatesv/generation_log.jsonl,/workspace/exp/diversity_check/aspdac2026_submission_source/REvolution-aspdac2026-submission/exp
77,generation_log,21,[],0,{},0,0,/workspace/exp/diversity_check/aspdac2026_submission_source/REvolution-aspdac2026-submission/exp/gpt-4.1-mini_clean_results/VerilogEval-Spec-to-RTL/Prob095_review2015_fsmshift/generation_log.jsonl,,ok,21,gpt-4.1-mini_clean_results/VerilogEval-Spec-to-RTL/Prob095_review2015_fsmshift/generation_log.jsonl,/workspace/exp/diversity_check/aspdac2026_submission_source/REvolution-aspdac2026-submission/exp
295,generation_log,21,[],0,{},0,158,/workspace/exp/diversity_check/aspdac2026_submission_source/REvolution-aspdac2026-submission/exp/gpt-4.1-mini_clean_results/VerilogEval-Spec-to-RTL/Prob096_review2015_fsmseq/generation_log.jsonl,,ok,21,gpt-4.1-mini_clean_results/VerilogEval-Spec-to-RTL/Prob096_review2015_fsmseq/generation_log.jsonl,/workspace/exp/diversity_check/aspdac2026_submission_source/REvolution-aspdac2026-submission/exp
259,generation_log,21,[],0,{},0,180,/workspace/exp/diversity_check/aspdac2026_submission_source/REvolution-aspdac2026-submission/exp/gpt-4.1-mini_clean_results/VerilogEval-Spec-to-RTL/Prob097_mux9to1v/generation_log.jsonl,,ok,21,gpt-4.1-mini_clean_results/VerilogEval-Spec-to-RTL/Prob097_mux9to1v/generation_log.jsonl,/workspace/exp/diversity_check/aspdac2026_submission_source/REvolution-aspdac2026-submission/exp
291,generation_log,21,[],0,{},0,182,/workspace/exp/diversity_check/aspdac2026_submission_source/REvolution-aspdac2026-submission/exp/gpt-4.1-mini_clean_results/VerilogEval-Spec-to-RTL/Prob098_circuit7/generation_log.jsonl,,ok,21,gpt-4.1-mini_clean_results/VerilogEval-Spec-to-RTL/Prob098_circuit7/generation_log.jsonl,/workspace/exp/diversity_check/aspdac2026_submission_source/REvolution-aspdac2026-submission/exp
77,generation_log,21,[],0,{},0,0,/workspace/exp/diversity_check/aspdac2026_submission_source/REvolution-aspdac2026-submission/exp/gpt-4.1-mini_clean_results/VerilogEval-Spec-to-RTL/Prob099_m2014_q6c/generation_log.jsonl,,ok,21,gpt-4.1-mini_clean_results/VerilogEval-Spec-to-RTL/Prob099_m2014_q6c/generation_log.jsonl,/workspace/exp/diversity_check/aspdac2026_submission_source/REvolution-aspdac2026-submission/exp
260,generation_log,21,[],0,{},0,192,/workspace/exp/diversity_check/aspdac2026_submission_source/REvolution-aspdac2026-submission/exp/gpt-4.1-mini_clean_results/VerilogEval-Spec-to-RTL/Prob100_fsm3comb/generation_log.jsonl,,ok,21,gpt-4.1-mini_clean_results/VerilogEval-Spec-to-RTL/Prob100_fsm3comb/generation_log.jsonl,/workspace/exp/diversity_check/aspdac2026_submission_source/REvolution-aspdac2026-submission/exp
258,generation_log,21,[],0,{},0,201,/workspace/exp/diversity_check/aspdac2026_submission_source/REvolution-aspdac2026-submission/exp/gpt-4.1-mini_clean_results/VerilogEval-Spec-to-RTL/Prob101_circuit4/generation_log.jsonl,,ok,21,gpt-4.1-mini_clean_results/VerilogEval-Spec-to-RTL/Prob101_circuit4/generation_log.jsonl,/workspace/exp/diversity_check/aspdac2026_submission_source/REvolution-aspdac2026-submission/exp
264,generation_log,21,[],0,{},0,194,/workspace/exp/diversity_check/aspdac2026_submission_source/REvolution-aspdac2026-submission/exp/gpt-4.1-mini_clean_results/VerilogEval-Spec-to-RTL/Prob102_circuit3/generation_log.jsonl,,ok,21,gpt-4.1-mini_clean_results/VerilogEval-Spec-to-RTL/Prob102_circuit3/generation_log.jsonl,/workspace/exp/diversity_check/aspdac2026_submission_source/REvolution-aspdac2026-submission/exp
261,generation_log,21,[],0,{},0,199,/workspace/exp/diversity_check/aspdac2026_submission_source/REvolution-aspdac2026-submission/exp/gpt-4.1-mini_clean_results/VerilogEval-Spec-to-RTL/Prob103_circuit2/generation_log.jsonl,,ok,21,gpt-4.1-mini_clean_results/VerilogEval-Spec-to-RTL/Prob103_circuit2/generation_log.jsonl,/workspace/exp/diversity_check/aspdac2026_submission_source/REvolution-aspdac2026-submission/exp
77,generation_log,21,[],0,{},0,0,/workspace/exp/diversity_check/aspdac2026_submission_source/REvolution-aspdac2026-submission/exp/gpt-4.1-mini_clean_results/VerilogEval-Spec-to-RTL/Prob104_mt2015_muxdff/generation_log.jsonl,,ok,21,gpt-4.1-mini_clean_results/VerilogEval-Spec-to-RTL/Prob104_mt2015_muxdff/generation_log.jsonl,/workspace/exp/diversity_check/aspdac2026_submission_source/REvolution-aspdac2026-submission/exp
259,generation_log,21,[],0,{},0,186,/workspace/exp/diversity_check/aspdac2026_submission_source/REvolution-aspdac2026-submission/exp/gpt-4.1-mini_clean_results/VerilogEval-Spec-to-RTL/Prob105_rotate100/generation_log.jsonl,,ok,21,gpt-4.1-mini_clean_results/VerilogEval-Spec-to-RTL/Prob105_rotate100/generation_log.jsonl,/workspace/exp/diversity_check/aspdac2026_submission_source/REvolution-aspdac2026-submission/exp
256,generation_log,21,[],0,{},0,210,/workspace/exp/diversity_check/aspdac2026_submission_source/REvolution-aspdac2026-submission/exp/gpt-4.1-mini_clean_results/VerilogEval-Spec-to-RTL/Prob106_always_nolatches/generation_log.jsonl,,ok,21,gpt-4.1-mini_clean_results/VerilogEval-Spec-to-RTL/Prob106_always_nolatches/generation_log.jsonl,/workspace/exp/diversity_check/aspdac2026_submission_source/REvolution-aspdac2026-submission/exp
292,generation_log,21,[],0,{},0,162,/workspace/exp/diversity_check/aspdac2026_submission_source/REvolution-aspdac2026-submission/exp/gpt-4.1-mini_clean_results/VerilogEval-Spec-to-RTL/Prob107_fsm1s/generation_log.jsonl,,ok,21,gpt-4.1-mini_clean_results/VerilogEval-Spec-to-RTL/Prob107_fsm1s/generation_log.jsonl,/workspace/exp/diversity_check/aspdac2026_submission_source/REvolution-aspdac2026-submission/exp
269,generation_log,21,[],0,{},0,73,/workspace/exp/diversity_check/aspdac2026_submission_source/REvolution-aspdac2026-submission/exp/gpt-4.1-mini_clean_results/VerilogEval-Spec-to-RTL/Prob108_rule90/generation_log.jsonl,,ok,21,gpt-4.1-mini_clean_results/VerilogEval-Spec-to-RTL/Prob108_rule90/generation_log.jsonl,/workspace/exp/diversity_check/aspdac2026_submission_source/REvolution-aspdac2026-submission/exp
283,generation_log,21,[],0,{},0,183,/workspace/exp/diversity_check/aspdac2026_submission_source/REvolution-aspdac2026-submission/exp/gpt-4.1-mini_clean_results/VerilogEval-Spec-to-RTL/Prob109_fsm1/generation_log.jsonl,,ok,21,gpt-4.1-mini_clean_results/VerilogEval-Spec-to-RTL/Prob109_fsm1/generation_log.jsonl,/workspace/exp/diversity_check/aspdac2026_submission_source/REvolution-aspdac2026-submission/exp
289,generation_log,21,[],0,{},0,156,/workspace/exp/diversity_check/aspdac2026_submission_source/REvolution-aspdac2026-submission/exp/gpt-4.1-mini_clean_results/VerilogEval-Spec-to-RTL/Prob110_fsm2/generation_log.jsonl,,ok,21,gpt-4.1-mini_clean_results/VerilogEval-Spec-to-RTL/Prob110_fsm2/generation_log.jsonl,/workspace/exp/diversity_check/aspdac2026_submission_source/REvolution-aspdac2026-submission/exp
295,generation_log,21,[],0,{},0,166,/workspace/exp/diversity_check/aspdac2026_submission_source/REvolution-aspdac2026-submission/exp/gpt-4.1-mini_clean_results/VerilogEval-Spec-to-RTL/Prob111_fsm2s/generation_log.jsonl,,ok,21,gpt-4.1-mini_clean_results/VerilogEval-Spec-to-RTL/Prob111_fsm2s/generation_log.jsonl,/workspace/exp/diversity_check/aspdac2026_submission_source/REvolution-aspdac2026-submission/exp
272,generation_log,21,[],0,{},0,145,/workspace/exp/diversity_check/aspdac2026_submission_source/REvolution-aspdac2026-submission/exp/gpt-4.1-mini_clean_results/VerilogEval-Spec-to-RTL/Prob112_always_case2/generation_log.jsonl,,ok,21,gpt-4.1-mini_clean_results/VerilogEval-Spec-to-RTL/Prob112_always_case2/generation_log.jsonl,/workspace/exp/diversity_check/aspdac2026_submission_source/REvolution-aspdac2026-submission/exp
255,generation_log,21,[],0,{},0,77,/workspace/exp/diversity_check/aspdac2026_submission_source/REvolution-aspdac2026-submission/exp/gpt-4.1-mini_clean_results/VerilogEval-Spec-to-RTL/Prob113_2012_q1g/generation_log.jsonl,,ok,21,gpt-4.1-mini_clean_results/VerilogEval-Spec-to-RTL/Prob113_2012_q1g/generation_log.jsonl,/workspace/exp/diversity_check/aspdac2026_submission_source/REvolution-aspdac2026-submission/exp
260,generation_log,21,[],0,{},0,203,/workspace/exp/diversity_check/aspdac2026_submission_source/REvolution-aspdac2026-submission/exp/gpt-4.1-mini_clean_results/VerilogEval-Spec-to-RTL/Prob114_bugs_case/generation_log.jsonl,,ok,21,gpt-4.1-mini_clean_results/VerilogEval-Spec-to-RTL/Prob114_bugs_case/generation_log.jsonl,/workspace/exp/diversity_check/aspdac2026_submission_source/REvolution-aspdac2026-submission/exp
261,generation_log,21,[],0,{},0,184,/workspace/exp/diversity_check/aspdac2026_submission_source/REvolution-aspdac2026-submission/exp/gpt-4.1-mini_clean_results/VerilogEval-Spec-to-RTL/Prob115_shift18/generation_log.jsonl,,ok,21,gpt-4.1-mini_clean_results/VerilogEval-Spec-to-RTL/Prob115_shift18/generation_log.jsonl,/workspace/exp/diversity_check/aspdac2026_submission_source/REvolution-aspdac2026-submission/exp
228,generation_log,21,[],0,{},0,30,/workspace/exp/diversity_check/aspdac2026_submission_source/REvolution-aspdac2026-submission/exp/gpt-4.1-mini_clean_results/VerilogEval-Spec-to-RTL/Prob116_m2014_q3/generation_log.jsonl,,ok,21,gpt-4.1-mini_clean_results/VerilogEval-Spec-to-RTL/Prob116_m2014_q3/generation_log.jsonl,/workspace/exp/diversity_check/aspdac2026_submission_source/REvolution-aspdac2026-submission/exp
295,generation_log,21,[],0,{},0,160,/workspace/exp/diversity_check/aspdac2026_submission_source/REvolution-aspdac2026-submission/exp/gpt-4.1-mini_clean_results/VerilogEval-Spec-to-RTL/Prob117_circuit9/generation_log.jsonl,,ok,21,gpt-4.1-mini_clean_results/VerilogEval-Spec-to-RTL/Prob117_circuit9/generation_log.jsonl,/workspace/exp/diversity_check/aspdac2026_submission_source/REvolution-aspdac2026-submission/exp
270,generation_log,21,[],0,{},0,181,/workspace/exp/diversity_check/aspdac2026_submission_source/REvolution-aspdac2026-submission/exp/gpt-4.1-mini_clean_results/VerilogEval-Spec-to-RTL/Prob118_history_shift/generation_log.jsonl,,ok,21,gpt-4.1-mini_clean_results/VerilogEval-Spec-to-RTL/Prob118_history_shift/generation_log.jsonl,/workspace/exp/diversity_check/aspdac2026_submission_source/REvolution-aspdac2026-submission/exp
295,generation_log,21,[],0,{},0,154,/workspace/exp/diversity_check/aspdac2026_submission_source/REvolution-aspdac2026-submission/exp/gpt-4.1-mini_clean_results/VerilogEval-Spec-to-RTL/Prob119_fsm3/generation_log.jsonl,,ok,21,gpt-4.1-mini_clean_results/VerilogEval-Spec-to-RTL/Prob119_fsm3/generation_log.jsonl,/workspace/exp/diversity_check/aspdac2026_submission_source/REvolution-aspdac2026-submission/exp
295,generation_log,21,[],0,{},0,161,/workspace/exp/diversity_check/aspdac2026_submission_source/REvolution-aspdac2026-submission/exp/gpt-4.1-mini_clean_results/VerilogEval-Spec-to-RTL/Prob120_fsm3s/generation_log.jsonl,,ok,21,gpt-4.1-mini_clean_results/VerilogEval-Spec-to-RTL/Prob120_fsm3s/generation_log.jsonl,/workspace/exp/diversity_check/aspdac2026_submission_source/REvolution-aspdac2026-submission/exp
261,generation_log,21,[],0,{},0,162,/workspace/exp/diversity_check/aspdac2026_submission_source/REvolution-aspdac2026-submission/exp/gpt-4.1-mini_clean_results/VerilogEval-Spec-to-RTL/Prob121_2014_q3bfsm/generation_log.jsonl,,ok,21,gpt-4.1-mini_clean_results/VerilogEval-Spec-to-RTL/Prob121_2014_q3bfsm/generation_log.jsonl,/workspace/exp/diversity_check/aspdac2026_submission_source/REvolution-aspdac2026-submission/exp
262,generation_log,21,[],0,{},0,197,/workspace/exp/diversity_check/aspdac2026_submission_source/REvolution-aspdac2026-submission/exp/gpt-4.1-mini_clean_results/VerilogEval-Spec-to-RTL/Prob122_kmap4/generation_log.jsonl,,ok,21,gpt-4.1-mini_clean_results/VerilogEval-Spec-to-RTL/Prob122_kmap4/generation_log.jsonl,/workspace/exp/diversity_check/aspdac2026_submission_source/REvolution-aspdac2026-submission/exp
262,generation_log,21,[],0,{},0,204,/workspace/exp/diversity_check/aspdac2026_submission_source/REvolution-aspdac2026-submission/exp/gpt-4.1-mini_clean_results/VerilogEval-Spec-to-RTL/Prob123_bugs_addsubz/generation_log.jsonl,,ok,21,gpt-4.1-mini_clean_results/VerilogEval-Spec-to-RTL/Prob123_bugs_addsubz/generation_log.jsonl,/workspace/exp/diversity_check/aspdac2026_submission_source/REvolution-aspdac2026-submission/exp
246,generation_log,21,[],0,{},0,78,/workspace/exp/diversity_check/aspdac2026_submission_source/REvolution-aspdac2026-submission/exp/gpt-4.1-mini_clean_results/VerilogEval-Spec-to-RTL/Prob124_rule110/generation_log.jsonl,,ok,21,gpt-4.1-mini_clean_results/VerilogEval-Spec-to-RTL/Prob124_rule110/generation_log.jsonl,/workspace/exp/diversity_check/aspdac2026_submission_source/REvolution-aspdac2026-submission/exp
286,generation_log,21,[],0,{},0,150,/workspace/exp/diversity_check/aspdac2026_submission_source/REvolution-aspdac2026-submission/exp/gpt-4.1-mini_clean_results/VerilogEval-Spec-to-RTL/Prob125_kmap3/generation_log.jsonl,,ok,21,gpt-4.1-mini_clean_results/VerilogEval-Spec-to-RTL/Prob125_kmap3/generation_log.jsonl,/workspace/exp/diversity_check/aspdac2026_submission_source/REvolution-aspdac2026-submission/exp
261,generation_log,21,[],0,{},0,170,/workspace/exp/diversity_check/aspdac2026_submission_source/REvolution-aspdac2026-submission/exp/gpt-4.1-mini_clean_results/VerilogEval-Spec-to-RTL/Prob126_circuit6/generation_log.jsonl,,ok,21,gpt-4.1-mini_clean_results/VerilogEval-Spec-to-RTL/Prob126_circuit6/generation_log.jsonl,/workspace/exp/diversity_check/aspdac2026_submission_source/REvolution-aspdac2026-submission/exp
264,generation_log,21,[],0,{},0,80,/workspace/exp/diversity_check/aspdac2026_submission_source/REvolution-aspdac2026-submission/exp/gpt-4.1-mini_clean_results/VerilogEval-Spec-to-RTL/Prob127_lemmings1/generation_log.jsonl,,ok,21,gpt-4.1-mini_clean_results/VerilogEval-Spec-to-RTL/Prob127_lemmings1/generation_log.jsonl,/workspace/exp/diversity_check/aspdac2026_submission_source/REvolution-aspdac2026-submission/exp
273,generation_log,21,[],0,{},0,102,/workspace/exp/diversity_check/aspdac2026_submission_source/REvolution-aspdac2026-submission/exp/gpt-4.1-mini_clean_results/VerilogEval-Spec-to-RTL/Prob128_fsm_ps2/generation_log.jsonl,,ok,21,gpt-4.1-mini_clean_results/VerilogEval-Spec-to-RTL/Prob128_fsm_ps2/generation_log.jsonl,/workspace/exp/diversity_check/aspdac2026_submission_source/REvolution-aspdac2026-submission/exp
265,generation_log,21,[],0,{},0,156,/workspace/exp/diversity_check/aspdac2026_submission_source/REvolution-aspdac2026-submission/exp/gpt-4.1-mini_clean_results/VerilogEval-Spec-to-RTL/Prob129_ece241_2013_q8/generation_log.jsonl,,ok,21,gpt-4.1-mini_clean_results/VerilogEval-Spec-to-RTL/Prob129_ece241_2013_q8/generation_log.jsonl,/workspace/exp/diversity_check/aspdac2026_submission_source/REvolution-aspdac2026-submission/exp
259,generation_log,21,[],0,{},0,203,/workspace/exp/diversity_check/aspdac2026_submission_source/REvolution-aspdac2026-submission/exp/gpt-4.1-mini_clean_results/VerilogEval-Spec-to-RTL/Prob130_circuit5/generation_log.jsonl,,ok,21,gpt-4.1-mini_clean_results/VerilogEval-Spec-to-RTL/Prob130_circuit5/generation_log.jsonl,/workspace/exp/diversity_check/aspdac2026_submission_source/REvolution-aspdac2026-submission/exp
280,generation_log,21,[],0,{},0,182,/workspace/exp/diversity_check/aspdac2026_submission_source/REvolution-aspdac2026-submission/exp/gpt-4.1-mini_clean_results/VerilogEval-Spec-to-RTL/Prob131_mt2015_q4/generation_log.jsonl,,ok,21,gpt-4.1-mini_clean_results/VerilogEval-Spec-to-RTL/Prob131_mt2015_q4/generation_log.jsonl,/workspace/exp/diversity_check/aspdac2026_submission_source/REvolution-aspdac2026-submission/exp
257,generation_log,21,[],0,{},0,209,/workspace/exp/diversity_check/aspdac2026_submission_source/REvolution-aspdac2026-submission/exp/gpt-4.1-mini_clean_results/VerilogEval-Spec-to-RTL/Prob132_always_if2/generation_log.jsonl,,ok,21,gpt-4.1-mini_clean_results/VerilogEval-Spec-to-RTL/Prob132_always_if2/generation_log.jsonl,/workspace/exp/diversity_check/aspdac2026_submission_source/REvolution-aspdac2026-submission/exp
282,generation_log,21,[],0,{},0,110,/workspace/exp/diversity_check/aspdac2026_submission_source/REvolution-aspdac2026-submission/exp/gpt-4.1-mini_clean_results/VerilogEval-Spec-to-RTL/Prob133_2014_q3fsm/generation_log.jsonl,,ok,21,gpt-4.1-mini_clean_results/VerilogEval-Spec-to-RTL/Prob133_2014_q3fsm/generation_log.jsonl,/workspace/exp/diversity_check/aspdac2026_submission_source/REvolution-aspdac2026-submission/exp
271,generation_log,21,[],0,{},0,172,/workspace/exp/diversity_check/aspdac2026_submission_source/REvolution-aspdac2026-submission/exp/gpt-4.1-mini_clean_results/VerilogEval-Spec-to-RTL/Prob134_2014_q3c/generation_log.jsonl,,ok,21,gpt-4.1-mini_clean_results/VerilogEval-Spec-to-RTL/Prob134_2014_q3c/generation_log.jsonl,/workspace/exp/diversity_check/aspdac2026_submission_source/REvolution-aspdac2026-submission/exp
268,generation_log,21,[],0,{},0,136,/workspace/exp/diversity_check/aspdac2026_submission_source/REvolution-aspdac2026-submission/exp/gpt-4.1-mini_clean_results/VerilogEval-Spec-to-RTL/Prob135_m2014_q6b/generation_log.jsonl,,ok,21,gpt-4.1-mini_clean_results/VerilogEval-Spec-to-RTL/Prob135_m2014_q6b/generation_log.jsonl,/workspace/exp/diversity_check/aspdac2026_submission_source/REvolution-aspdac2026-submission/exp
273,generation_log,21,[],0,{},0,146,/workspace/exp/diversity_check/aspdac2026_submission_source/REvolution-aspdac2026-submission/exp/gpt-4.1-mini_clean_results/VerilogEval-Spec-to-RTL/Prob136_m2014_q6/generation_log.jsonl,,ok,21,gpt-4.1-mini_clean_results/VerilogEval-Spec-to-RTL/Prob136_m2014_q6/generation_log.jsonl,/workspace/exp/diversity_check/aspdac2026_submission_source/REvolution-aspdac2026-submission/exp
255,generation_log,21,[],0,{},0,103,/workspace/exp/diversity_check/aspdac2026_submission_source/REvolution-aspdac2026-submission/exp/gpt-4.1-mini_clean_results/VerilogEval-Spec-to-RTL/Prob137_fsm_serial/generation_log.jsonl,,ok,21,gpt-4.1-mini_clean_results/VerilogEval-Spec-to-RTL/Prob137_fsm_serial/generation_log.jsonl,/workspace/exp/diversity_check/aspdac2026_submission_source/REvolution-aspdac2026-submission/exp
296,generation_log,21,[],0,{},0,156,/workspace/exp/diversity_check/aspdac2026_submission_source/REvolution-aspdac2026-submission/exp/gpt-4.1-mini_clean_results/VerilogEval-Spec-to-RTL/Prob138_2012_q2fsm/generation_log.jsonl,,ok,21,gpt-4.1-mini_clean_results/VerilogEval-Spec-to-RTL/Prob138_2012_q2fsm/generation_log.jsonl,/workspace/exp/diversity_check/aspdac2026_submission_source/REvolution-aspdac2026-submission/exp
77,generation_log,21,[],0,{},0,0,/workspace/exp/diversity_check/aspdac2026_submission_source/REvolution-aspdac2026-submission/exp/gpt-4.1-mini_clean_results/VerilogEval-Spec-to-RTL/Prob139_2013_q2bfsm/generation_log.jsonl,,ok,21,gpt-4.1-mini_clean_results/VerilogEval-Spec-to-RTL/Prob139_2013_q2bfsm/generation_log.jsonl,/workspace/exp/diversity_check/aspdac2026_submission_source/REvolution-aspdac2026-submission/exp
255,generation_log,21,[],0,{},0,63,/workspace/exp/diversity_check/aspdac2026_submission_source/REvolution-aspdac2026-submission/exp/gpt-4.1-mini_clean_results/VerilogEval-Spec-to-RTL/Prob140_fsm_hdlc/generation_log.jsonl,,ok,21,gpt-4.1-mini_clean_results/VerilogEval-Spec-to-RTL/Prob140_fsm_hdlc/generation_log.jsonl,/workspace/exp/diversity_check/aspdac2026_submission_source/REvolution-aspdac2026-submission/exp
269,generation_log,21,[],0,{},0,90,/workspace/exp/diversity_check/aspdac2026_submission_source/REvolution-aspdac2026-submission/exp/gpt-4.1-mini_clean_results/VerilogEval-Spec-to-RTL/Prob141_count_clock/generation_log.jsonl,,ok,21,gpt-4.1-mini_clean_results/VerilogEval-Spec-to-RTL/Prob141_count_clock/generation_log.jsonl,/workspace/exp/diversity_check/aspdac2026_submission_source/REvolution-aspdac2026-submission/exp
241,generation_log,21,[],0,{},0,85,/workspace/exp/diversity_check/aspdac2026_submission_source/REvolution-aspdac2026-submission/exp/gpt-4.1-mini_clean_results/VerilogEval-Spec-to-RTL/Prob142_lemmings2/generation_log.jsonl,,ok,21,gpt-4.1-mini_clean_results/VerilogEval-Spec-to-RTL/Prob142_lemmings2/generation_log.jsonl,/workspace/exp/diversity_check/aspdac2026_submission_source/REvolution-aspdac2026-submission/exp
279,generation_log,21,[],0,{},0,156,/workspace/exp/diversity_check/aspdac2026_submission_source/REvolution-aspdac2026-submission/exp/gpt-4.1-mini_clean_results/VerilogEval-Spec-to-RTL/Prob143_fsm_onehot/generation_log.jsonl,,ok,21,gpt-4.1-mini_clean_results/VerilogEval-Spec-to-RTL/Prob143_fsm_onehot/generation_log.jsonl,/workspace/exp/diversity_check/aspdac2026_submission_source/REvolution-aspdac2026-submission/exp
274,generation_log,11,[],0,{},0,53,/workspace/exp/diversity_check/aspdac2026_submission_source/REvolution-aspdac2026-submission/exp/gpt-4.1-mini_clean_results/VerilogEval-Spec-to-RTL/Prob144_conwaylife/generation_log.jsonl,,ok,11,gpt-4.1-mini_clean_results/VerilogEval-Spec-to-RTL/Prob144_conwaylife/generation_log.jsonl,/workspace/exp/diversity_check/aspdac2026_submission_source/REvolution-aspdac2026-submission/exp
77,generation_log,21,[],0,{},0,0,/workspace/exp/diversity_check/aspdac2026_submission_source/REvolution-aspdac2026-submission/exp/gpt-4.1-mini_clean_results/VerilogEval-Spec-to-RTL/Prob145_circuit8/generation_log.jsonl,,ok,21,gpt-4.1-mini_clean_results/VerilogEval-Spec-to-RTL/Prob145_circuit8/generation_log.jsonl,/workspace/exp/diversity_check/aspdac2026_submission_source/REvolution-aspdac2026-submission/exp
273,generation_log,21,[],0,{},0,103,/workspace/exp/diversity_check/aspdac2026_submission_source/REvolution-aspdac2026-submission/exp/gpt-4.1-mini_clean_results/VerilogEval-Spec-to-RTL/Prob146_fsm_serialdata/generation_log.jsonl,,ok,21,gpt-4.1-mini_clean_results/VerilogEval-Spec-to-RTL/Prob146_fsm_serialdata/generation_log.jsonl,/workspace/exp/diversity_check/aspdac2026_submission_source/REvolution-aspdac2026-submission/exp
77,generation_log,21,[],0,{},0,0,/workspace/exp/diversity_check/aspdac2026_submission_source/REvolution-aspdac2026-submission/exp/gpt-4.1-mini_clean_results/VerilogEval-Spec-to-RTL/Prob147_circuit10/generation_log.jsonl,,ok,21,gpt-4.1-mini_clean_results/VerilogEval-Spec-to-RTL/Prob147_circuit10/generation_log.jsonl,/workspace/exp/diversity_check/aspdac2026_submission_source/REvolution-aspdac2026-submission/exp
265,generation_log,21,[],0,{},0,174,/workspace/exp/diversity_check/aspdac2026_submission_source/REvolution-aspdac2026-submission/exp/gpt-4.1-mini_clean_results/VerilogEval-Spec-to-RTL/Prob148_2013_q2afsm/generation_log.jsonl,,ok,21,gpt-4.1-mini_clean_results/VerilogEval-Spec-to-RTL/Prob148_2013_q2afsm/generation_log.jsonl,/workspace/exp/diversity_check/aspdac2026_submission_source/REvolution-aspdac2026-submission/exp
77,generation_log,21,[],0,{},0,0,/workspace/exp/diversity_check/aspdac2026_submission_source/REvolution-aspdac2026-submission/exp/gpt-4.1-mini_clean_results/VerilogEval-Spec-to-RTL/Prob149_ece241_2013_q4/generation_log.jsonl,,ok,21,gpt-4.1-mini_clean_results/VerilogEval-Spec-to-RTL/Prob149_ece241_2013_q4/generation_log.jsonl,/workspace/exp/diversity_check/aspdac2026_submission_source/REvolution-aspdac2026-submission/exp
282,generation_log,21,[],0,{},0,183,/workspace/exp/diversity_check/aspdac2026_submission_source/REvolution-aspdac2026-submission/exp/gpt-4.1-mini_clean_results/VerilogEval-Spec-to-RTL/Prob150_review2015_fsmonehot/generation_log.jsonl,,ok,21,gpt-4.1-mini_clean_results/VerilogEval-Spec-to-RTL/Prob150_review2015_fsmonehot/generation_log.jsonl,/workspace/exp/diversity_check/aspdac2026_submission_source/REvolution-aspdac2026-submission/exp
255,generation_log,21,[],0,{},0,52,/workspace/exp/diversity_check/aspdac2026_submission_source/REvolution-aspdac2026-submission/exp/gpt-4.1-mini_clean_results/VerilogEval-Spec-to-RTL/Prob151_review2015_fsm/generation_log.jsonl,,ok,21,gpt-4.1-mini_clean_results/VerilogEval-Spec-to-RTL/Prob151_review2015_fsm/generation_log.jsonl,/workspace/exp/diversity_check/aspdac2026_submission_source/REvolution-aspdac2026-submission/exp
273,generation_log,21,[],0,{},0,104,/workspace/exp/diversity_check/aspdac2026_submission_source/REvolution-aspdac2026-submission/exp/gpt-4.1-mini_clean_results/VerilogEval-Spec-to-RTL/Prob152_lemmings3/generation_log.jsonl,,ok,21,gpt-4.1-mini_clean_results/VerilogEval-Spec-to-RTL/Prob152_lemmings3/generation_log.jsonl,/workspace/exp/diversity_check/aspdac2026_submission_source/REvolution-aspdac2026-submission/exp
77,generation_log,21,[],0,{},0,0,/workspace/exp/diversity_check/aspdac2026_submission_source/REvolution-aspdac2026-submission/exp/gpt-4.1-mini_clean_results/VerilogEval-Spec-to-RTL/Prob153_gshare/generation_log.jsonl,,ok,21,gpt-4.1-mini_clean_results/VerilogEval-Spec-to-RTL/Prob153_gshare/generation_log.jsonl,/workspace/exp/diversity_check/aspdac2026_submission_source/REvolution-aspdac2026-submission/exp
264,generation_log,21,[],0,{},0,90,/workspace/exp/diversity_check/aspdac2026_submission_source/REvolution-aspdac2026-submission/exp/gpt-4.1-mini_clean_results/VerilogEval-Spec-to-RTL/Prob154_fsm_ps2data/generation_log.jsonl,,ok,21,gpt-4.1-mini_clean_results/VerilogEval-Spec-to-RTL/Prob154_fsm_ps2data/generation_log.jsonl,/workspace/exp/diversity_check/aspdac2026_submission_source/REvolution-aspdac2026-submission/exp
282,generation_log,21,[],0,{},0,105,/workspace/exp/diversity_check/aspdac2026_submission_source/REvolution-aspdac2026-submission/exp/gpt-4.1-mini_clean_results/VerilogEval-Spec-to-RTL/Prob155_lemmings4/generation_log.jsonl,,ok,21,gpt-4.1-mini_clean_results/VerilogEval-Spec-to-RTL/Prob155_lemmings4/generation_log.jsonl,/workspace/exp/diversity_check/aspdac2026_submission_source/REvolution-aspdac2026-submission/exp
77,generation_log,21,[],0,{},0,0,/workspace/exp/diversity_check/aspdac2026_submission_source/REvolution-aspdac2026-submission/exp/gpt-4.1-mini_clean_results/VerilogEval-Spec-to-RTL/Prob156_review2015_fancytimer/generation_log.jsonl,,ok,21,gpt-4.1-mini_clean_results/VerilogEval-Spec-to-RTL/Prob156_review2015_fancytimer/generation_log.jsonl,/workspace/exp/diversity_check/aspdac2026_submission_source/REvolution-aspdac2026-submission/exp
232,generation_log,1,[],0,{},0,20,/workspace/exp/diversity_check/aspdac2026_submission_source/REvolution-aspdac2026-submission/exp/llama3_baseline_clean_results/RTLLM/Prob001_accu/generation_log.jsonl,,ok,1,llama3_baseline_clean_results/RTLLM/Prob001_accu/generation_log.jsonl,/workspace/exp/diversity_check/aspdac2026_submission_source/REvolution-aspdac2026-submission/exp
961,generation_log,1,[],0,{},0,101,/workspace/exp/diversity_check/aspdac2026_submission_source/REvolution-aspdac2026-submission/exp/llama3_baseline_clean_results/RTLLM/Prob002_adder_16bit/generation_log.jsonl,,ok,1,llama3_baseline_clean_results/RTLLM/Prob002_adder_16bit/generation_log.jsonl,/workspace/exp/diversity_check/aspdac2026_submission_source/REvolution-aspdac2026-submission/exp
232,generation_log,1,[],0,{},0,20,/workspace/exp/diversity_check/aspdac2026_submission_source/REvolution-aspdac2026-submission/exp/llama3_baseline_clean_results/RTLLM/Prob003_adder_32bit/generation_log.jsonl,,ok,1,llama3_baseline_clean_results/RTLLM/Prob003_adder_32bit/generation_log.jsonl,/workspace/exp/diversity_check/aspdac2026_submission_source/REvolution-aspdac2026-submission/exp
61,generation_log,1,[],0,{},0,1,/workspace/exp/diversity_check/aspdac2026_submission_source/REvolution-aspdac2026-submission/exp/llama3_baseline_clean_results/RTLLM/Prob004_adder_8bit/generation_log.jsonl,,ok,1,llama3_baseline_clean_results/RTLLM/Prob004_adder_8bit/generation_log.jsonl,/workspace/exp/diversity_check/aspdac2026_submission_source/REvolution-aspdac2026-submission/exp
664,generation_log,1,[],0,{},0,68,/workspace/exp/diversity_check/aspdac2026_submission_source/REvolution-aspdac2026-submission/exp/llama3_baseline_clean_results/RTLLM/Prob005_adder_bcd/generation_log.jsonl,,ok,1,llama3_baseline_clean_results/RTLLM/Prob005_adder_bcd/generation_log.jsonl,/workspace/exp/diversity_check/aspdac2026_submission_source/REvolution-aspdac2026-submission/exp
27,generation_log,1,[],0,{},0,0,/workspace/exp/diversity_check/aspdac2026_submission_source/REvolution-aspdac2026-submission/exp/llama3_baseline_clean_results/RTLLM/Prob006_adder_pipe_64bit/generation_log.jsonl,,ok,1,llama3_baseline_clean_results/RTLLM/Prob006_adder_pipe_64bit/generation_log.jsonl,/workspace/exp/diversity_check/aspdac2026_submission_source/REvolution-aspdac2026-submission/exp
1249,generation_log,1,[],0,{},0,133,/workspace/exp/diversity_check/aspdac2026_submission_source/REvolution-aspdac2026-submission/exp/llama3_baseline_clean_results/RTLLM/Prob007_comparator_3bit/generation_log.jsonl,,ok,1,llama3_baseline_clean_results/RTLLM/Prob007_comparator_3bit/generation_log.jsonl,/workspace/exp/diversity_check/aspdac2026_submission_source/REvolution-aspdac2026-submission/exp
583,generation_log,1,[],0,{},0,59,/workspace/exp/diversity_check/aspdac2026_submission_source/REvolution-aspdac2026-submission/exp/llama3_baseline_clean_results/RTLLM/Prob008_comparator_4bit/generation_log.jsonl,,ok,1,llama3_baseline_clean_results/RTLLM/Prob008_comparator_4bit/generation_log.jsonl,/workspace/exp/diversity_check/aspdac2026_submission_source/REvolution-aspdac2026-submission/exp
27,generation_log,1,[],0,{},0,0,/workspace/exp/diversity_check/aspdac2026_submission_source/REvolution-aspdac2026-submission/exp/llama3_baseline_clean_results/RTLLM/Prob009_div_16bit/generation_log.jsonl,,ok,1,llama3_baseline_clean_results/RTLLM/Prob009_div_16bit/generation_log.jsonl,/workspace/exp/diversity_check/aspdac2026_submission_source/REvolution-aspdac2026-submission/exp
27,generation_log,1,[],0,{},0,0,/workspace/exp/diversity_check/aspdac2026_submission_source/REvolution-aspdac2026-submission/exp/llama3_baseline_clean_results/RTLLM/Prob010_radix2_div/generation_log.jsonl,,ok,1,llama3_baseline_clean_results/RTLLM/Prob010_radix2_div/generation_log.jsonl,/workspace/exp/diversity_check/aspdac2026_submission_source/REvolution-aspdac2026-submission/exp
772,generation_log,1,[],0,{},0,80,/workspace/exp/diversity_check/aspdac2026_submission_source/REvolution-aspdac2026-submission/exp/llama3_baseline_clean_results/RTLLM/Prob011_multi_16bit/generation_log.jsonl,,ok,1,llama3_baseline_clean_results/RTLLM/Prob011_multi_16bit/generation_log.jsonl,/workspace/exp/diversity_check/aspdac2026_submission_source/REvolution-aspdac2026-submission/exp
583,generation_log,1,[],0,{},0,59,/workspace/exp/diversity_check/aspdac2026_submission_source/REvolution-aspdac2026-submission/exp/llama3_baseline_clean_results/RTLLM/Prob012_multi_8bit/generation_log.jsonl,,ok,1,llama3_baseline_clean_results/RTLLM/Prob012_multi_8bit/generation_log.jsonl,/workspace/exp/diversity_check/aspdac2026_submission_source/REvolution-aspdac2026-submission/exp
27,generation_log,1,[],0,{},0,0,/workspace/exp/diversity_check/aspdac2026_submission_source/REvolution-aspdac2026-submission/exp/llama3_baseline_clean_results/RTLLM/Prob013_multi_booth_8bit/generation_log.jsonl,,ok,1,llama3_baseline_clean_results/RTLLM/Prob013_multi_booth_8bit/generation_log.jsonl,/workspace/exp/diversity_check/aspdac2026_submission_source/REvolution-aspdac2026-submission/exp
27,generation_log,1,[],0,{},0,0,/workspace/exp/diversity_check/aspdac2026_submission_source/REvolution-aspdac2026-submission/exp/llama3_baseline_clean_results/RTLLM/Prob014_multi_pipe_4bit/generation_log.jsonl,,ok,1,llama3_baseline_clean_results/RTLLM/Prob014_multi_pipe_4bit/generation_log.jsonl,/workspace/exp/diversity_check/aspdac2026_submission_source/REvolution-aspdac2026-submission/exp
27,generation_log,1,[],0,{},0,0,/workspace/exp/diversity_check/aspdac2026_submission_source/REvolution-aspdac2026-submission/exp/llama3_baseline_clean_results/RTLLM/Prob015_multi_pipe_8bit/generation_log.jsonl,,ok,1,llama3_baseline_clean_results/RTLLM/Prob015_multi_pipe_8bit/generation_log.jsonl,/workspace/exp/diversity_check/aspdac2026_submission_source/REvolution-aspdac2026-submission/exp
27,generation_log,1,[],0,{},0,0,/workspace/exp/diversity_check/aspdac2026_submission_source/REvolution-aspdac2026-submission/exp/llama3_baseline_clean_results/RTLLM/Prob016_fixed_point_adder/generation_log.jsonl,,ok,1,llama3_baseline_clean_results/RTLLM/Prob016_fixed_point_adder/generation_log.jsonl,/workspace/exp/diversity_check/aspdac2026_submission_source/REvolution-aspdac2026-submission/exp
27,generation_log,1,[],0,{},0,0,/workspace/exp/diversity_check/aspdac2026_submission_source/REvolution-aspdac2026-submission/exp/llama3_baseline_clean_results/RTLLM/Prob017_fixed_point_substractor/generation_log.jsonl,,ok,1,llama3_baseline_clean_results/RTLLM/Prob017_fixed_point_substractor/generation_log.jsonl,/workspace/exp/diversity_check/aspdac2026_submission_source/REvolution-aspdac2026-submission/exp
27,generation_log,1,[],0,{},0,0,/workspace/exp/diversity_check/aspdac2026_submission_source/REvolution-aspdac2026-submission/exp/llama3_baseline_clean_results/RTLLM/Prob018_float_multi/generation_log.jsonl,,ok,1,llama3_baseline_clean_results/RTLLM/Prob018_float_multi/generation_log.jsonl,/workspace/exp/diversity_check/aspdac2026_submission_source/REvolution-aspdac2026-submission/exp
1636,generation_log,1,[],0,{},0,176,/workspace/exp/diversity_check/aspdac2026_submission_source/REvolution-aspdac2026-submission/exp/llama3_baseline_clean_results/RTLLM/Prob019_sub_64bit/generation_log.jsonl,,ok,1,llama3_baseline_clean_results/RTLLM/Prob019_sub_64bit/generation_log.jsonl,/workspace/exp/diversity_check/aspdac2026_submission_source/REvolution-aspdac2026-submission/exp
1546,generation_log,1,[],0,{},0,166,/workspace/exp/diversity_check/aspdac2026_submission_source/REvolution-aspdac2026-submission/exp/llama3_baseline_clean_results/RTLLM/Prob020_JC_counter/generation_log.jsonl,,ok,1,llama3_baseline_clean_results/RTLLM/Prob020_JC_counter/generation_log.jsonl,/workspace/exp/diversity_check/aspdac2026_submission_source/REvolution-aspdac2026-submission/exp
1456,generation_log,1,[],0,{},0,156,/workspace/exp/diversity_check/aspdac2026_submission_source/REvolution-aspdac2026-submission/exp/llama3_baseline_clean_results/RTLLM/Prob021_counter_12/generation_log.jsonl,,ok,1,llama3_baseline_clean_results/RTLLM/Prob021_counter_12/generation_log.jsonl,/workspace/exp/diversity_check/aspdac2026_submission_source/REvolution-aspdac2026-submission/exp
27,generation_log,1,[],0,{},0,0,/workspace/exp/diversity_check/aspdac2026_submission_source/REvolution-aspdac2026-submission/exp/llama3_baseline_clean_results/RTLLM/Prob022_ring_counter/generation_log.jsonl,,ok,1,llama3_baseline_clean_results/RTLLM/Prob022_ring_counter/generation_log.jsonl,/workspace/exp/diversity_check/aspdac2026_submission_source/REvolution-aspdac2026-submission/exp
1753,generation_log,1,[],0,{},0,189,/workspace/exp/diversity_check/aspdac2026_submission_source/REvolution-aspdac2026-submission/exp/llama3_baseline_clean_results/RTLLM/Prob023_up_down_counter/generation_log.jsonl,,ok,1,llama3_baseline_clean_results/RTLLM/Prob023_up_down_counter/generation_log.jsonl,/workspace/exp/diversity_check/aspdac2026_submission_source/REvolution-aspdac2026-submission/exp
27,generation_log,1,[],0,{},0,0,/workspace/exp/diversity_check/aspdac2026_submission_source/REvolution-aspdac2026-submission/exp/llama3_baseline_clean_results/RTLLM/Prob024_fsm/generation_log.jsonl,,ok,1,llama3_baseline_clean_results/RTLLM/Prob024_fsm/generation_log.jsonl,/workspace/exp/diversity_check/aspdac2026_submission_source/REvolution-aspdac2026-submission/exp
27,generation_log,1,[],0,{},0,0,/workspace/exp/diversity_check/aspdac2026_submission_source/REvolution-aspdac2026-submission/exp/llama3_baseline_clean_results/RTLLM/Prob025_sequence_detector/generation_log.jsonl,,ok,1,llama3_baseline_clean_results/RTLLM/Prob025_sequence_detector/generation_log.jsonl,/workspace/exp/diversity_check/aspdac2026_submission_source/REvolution-aspdac2026-submission/exp
27,generation_log,1,[],0,{},0,0,/workspace/exp/diversity_check/aspdac2026_submission_source/REvolution-aspdac2026-submission/exp/llama3_baseline_clean_results/RTLLM/Prob026_asyn_fifo/generation_log.jsonl,,ok,1,llama3_baseline_clean_results/RTLLM/Prob026_asyn_fifo/generation_log.jsonl,/workspace/exp/diversity_check/aspdac2026_submission_source/REvolution-aspdac2026-submission/exp
88,generation_log,1,[],0,{},0,4,/workspace/exp/diversity_check/aspdac2026_submission_source/REvolution-aspdac2026-submission/exp/llama3_baseline_clean_results/RTLLM/Prob027_LIFObuffer/generation_log.jsonl,,ok,1,llama3_baseline_clean_results/RTLLM/Prob027_LIFObuffer/generation_log.jsonl,/workspace/exp/diversity_check/aspdac2026_submission_source/REvolution-aspdac2026-submission/exp
27,generation_log,1,[],0,{},0,0,/workspace/exp/diversity_check/aspdac2026_submission_source/REvolution-aspdac2026-submission/exp/llama3_baseline_clean_results/RTLLM/Prob028_LFSR/generation_log.jsonl,,ok,1,llama3_baseline_clean_results/RTLLM/Prob028_LFSR/generation_log.jsonl,/workspace/exp/diversity_check/aspdac2026_submission_source/REvolution-aspdac2026-submission/exp
27,generation_log,1,[],0,{},0,0,/workspace/exp/diversity_check/aspdac2026_submission_source/REvolution-aspdac2026-submission/exp/llama3_baseline_clean_results/RTLLM/Prob029_barrel_shifter/generation_log.jsonl,,ok,1,llama3_baseline_clean_results/RTLLM/Prob029_barrel_shifter/generation_log.jsonl,/workspace/exp/diversity_check/aspdac2026_submission_source/REvolution-aspdac2026-submission/exp
637,generation_log,1,[],0,{},0,65,/workspace/exp/diversity_check/aspdac2026_submission_source/REvolution-aspdac2026-submission/exp/llama3_baseline_clean_results/RTLLM/Prob030_right_shifter/generation_log.jsonl,,ok,1,llama3_baseline_clean_results/RTLLM/Prob030_right_shifter/generation_log.jsonl,/workspace/exp/diversity_check/aspdac2026_submission_source/REvolution-aspdac2026-submission/exp
223,generation_log,1,[],0,{},0,19,/workspace/exp/diversity_check/aspdac2026_submission_source/REvolution-aspdac2026-submission/exp/llama3_baseline_clean_results/RTLLM/Prob031_freq_div/generation_log.jsonl,,ok,1,llama3_baseline_clean_results/RTLLM/Prob031_freq_div/generation_log.jsonl,/workspace/exp/diversity_check/aspdac2026_submission_source/REvolution-aspdac2026-submission/exp
27,generation_log,1,[],0,{},0,0,/workspace/exp/diversity_check/aspdac2026_submission_source/REvolution-aspdac2026-submission/exp/llama3_baseline_clean_results/RTLLM/Prob032_freq_divbyeven/generation_log.jsonl,,ok,1,llama3_baseline_clean_results/RTLLM/Prob032_freq_divbyeven/generation_log.jsonl,/workspace/exp/diversity_check/aspdac2026_submission_source/REvolution-aspdac2026-submission/exp
27,generation_log,1,[],0,{},0,0,/workspace/exp/diversity_check/aspdac2026_submission_source/REvolution-aspdac2026-submission/exp/llama3_baseline_clean_results/RTLLM/Prob033_freq_divbyfrac/generation_log.jsonl,,ok,1,llama3_baseline_clean_results/RTLLM/Prob033_freq_divbyfrac/generation_log.jsonl,/workspace/exp/diversity_check/aspdac2026_submission_source/REvolution-aspdac2026-submission/exp
27,generation_log,1,[],0,{},0,0,/workspace/exp/diversity_check/aspdac2026_submission_source/REvolution-aspdac2026-submission/exp/llama3_baseline_clean_results/RTLLM/Prob034_freq_divbyodd/generation_log.jsonl,,ok,1,llama3_baseline_clean_results/RTLLM/Prob034_freq_divbyodd/generation_log.jsonl,/workspace/exp/diversity_check/aspdac2026_submission_source/REvolution-aspdac2026-submission/exp
1708,generation_log,1,[],0,{},0,184,/workspace/exp/diversity_check/aspdac2026_submission_source/REvolution-aspdac2026-submission/exp/llama3_baseline_clean_results/RTLLM/Prob035_calendar/generation_log.jsonl,,ok,1,llama3_baseline_clean_results/RTLLM/Prob035_calendar/generation_log.jsonl,/workspace/exp/diversity_check/aspdac2026_submission_source/REvolution-aspdac2026-submission/exp
1447,generation_log,1,[],0,{},0,155,/workspace/exp/diversity_check/aspdac2026_submission_source/REvolution-aspdac2026-submission/exp/llama3_baseline_clean_results/RTLLM/Prob036_edge_detect/generation_log.jsonl,,ok,1,llama3_baseline_clean_results/RTLLM/Prob036_edge_detect/generation_log.jsonl,/workspace/exp/diversity_check/aspdac2026_submission_source/REvolution-aspdac2026-submission/exp
1060,generation_log,1,[],0,{},0,112,/workspace/exp/diversity_check/aspdac2026_submission_source/REvolution-aspdac2026-submission/exp/llama3_baseline_clean_results/RTLLM/Prob037_parallel2serial/generation_log.jsonl,,ok,1,llama3_baseline_clean_results/RTLLM/Prob037_parallel2serial/generation_log.jsonl,/workspace/exp/diversity_check/aspdac2026_submission_source/REvolution-aspdac2026-submission/exp
27,generation_log,1,[],0,{},0,0,/workspace/exp/diversity_check/aspdac2026_submission_source/REvolution-aspdac2026-submission/exp/llama3_baseline_clean_results/RTLLM/Prob038_pulse_detect/generation_log.jsonl,,ok,1,llama3_baseline_clean_results/RTLLM/Prob038_pulse_detect/generation_log.jsonl,/workspace/exp/diversity_check/aspdac2026_submission_source/REvolution-aspdac2026-submission/exp
214,generation_log,1,[],0,{},0,18,/workspace/exp/diversity_check/aspdac2026_submission_source/REvolution-aspdac2026-submission/exp/llama3_baseline_clean_results/RTLLM/Prob039_serial2parallel/generation_log.jsonl,,ok,1,llama3_baseline_clean_results/RTLLM/Prob039_serial2parallel/generation_log.jsonl,/workspace/exp/diversity_check/aspdac2026_submission_source/REvolution-aspdac2026-submission/exp
1177,generation_log,1,[],0,{},0,125,/workspace/exp/diversity_check/aspdac2026_submission_source/REvolution-aspdac2026-submission/exp/llama3_baseline_clean_results/RTLLM/Prob040_synchronizer/generation_log.jsonl,,ok,1,llama3_baseline_clean_results/RTLLM/Prob040_synchronizer/generation_log.jsonl,/workspace/exp/diversity_check/aspdac2026_submission_source/REvolution-aspdac2026-submission/exp
70,generation_log,1,[],0,{},0,2,/workspace/exp/diversity_check/aspdac2026_submission_source/REvolution-aspdac2026-submission/exp/llama3_baseline_clean_results/RTLLM/Prob041_traffic_light/generation_log.jsonl,,ok,1,llama3_baseline_clean_results/RTLLM/Prob041_traffic_light/generation_log.jsonl,/workspace/exp/diversity_check/aspdac2026_submission_source/REvolution-aspdac2026-submission/exp
27,generation_log,1,[],0,{},0,0,/workspace/exp/diversity_check/aspdac2026_submission_source/REvolution-aspdac2026-submission/exp/llama3_baseline_clean_results/RTLLM/Prob042_width_8to16/generation_log.jsonl,,ok,1,llama3_baseline_clean_results/RTLLM/Prob042_width_8to16/generation_log.jsonl,/workspace/exp/diversity_check/aspdac2026_submission_source/REvolution-aspdac2026-submission/exp
1672,generation_log,1,[],0,{},0,180,/workspace/exp/diversity_check/aspdac2026_submission_source/REvolution-aspdac2026-submission/exp/llama3_baseline_clean_results/RTLLM/Prob043_RAM/generation_log.jsonl,,ok,1,llama3_baseline_clean_results/RTLLM/Prob043_RAM/generation_log.jsonl,/workspace/exp/diversity_check/aspdac2026_submission_source/REvolution-aspdac2026-submission/exp
709,generation_log,1,[],0,{},0,73,/workspace/exp/diversity_check/aspdac2026_submission_source/REvolution-aspdac2026-submission/exp/llama3_baseline_clean_results/RTLLM/Prob044_ROM/generation_log.jsonl,,ok,1,llama3_baseline_clean_results/RTLLM/Prob044_ROM/generation_log.jsonl,/workspace/exp/diversity_check/aspdac2026_submission_source/REvolution-aspdac2026-submission/exp
61,generation_log,1,[],0,{},0,1,/workspace/exp/diversity_check/aspdac2026_submission_source/REvolution-aspdac2026-submission/exp/llama3_baseline_clean_results/RTLLM/Prob045_alu/generation_log.jsonl,,ok,1,llama3_baseline_clean_results/RTLLM/Prob045_alu/generation_log.jsonl,/workspace/exp/diversity_check/aspdac2026_submission_source/REvolution-aspdac2026-submission/exp
27,generation_log,1,[],0,{},0,0,/workspace/exp/diversity_check/aspdac2026_submission_source/REvolution-aspdac2026-submission/exp/llama3_baseline_clean_results/RTLLM/Prob046_clkgenerator/generation_log.jsonl,,ok,1,llama3_baseline_clean_results/RTLLM/Prob046_clkgenerator/generation_log.jsonl,/workspace/exp/diversity_check/aspdac2026_submission_source/REvolution-aspdac2026-submission/exp
1465,generation_log,1,[],0,{},0,157,/workspace/exp/diversity_check/aspdac2026_submission_source/REvolution-aspdac2026-submission/exp/llama3_baseline_clean_results/RTLLM/Prob047_instr_reg/generation_log.jsonl,,ok,1,llama3_baseline_clean_results/RTLLM/Prob047_instr_reg/generation_log.jsonl,/workspace/exp/diversity_check/aspdac2026_submission_source/REvolution-aspdac2026-submission/exp
1285,generation_log,1,[],0,{},0,137,/workspace/exp/diversity_check/aspdac2026_submission_source/REvolution-aspdac2026-submission/exp/llama3_baseline_clean_results/RTLLM/Prob048_pe/generation_log.jsonl,,ok,1,llama3_baseline_clean_results/RTLLM/Prob048_pe/generation_log.jsonl,/workspace/exp/diversity_check/aspdac2026_submission_source/REvolution-aspdac2026-submission/exp
223,generation_log,1,[],0,{},0,19,/workspace/exp/diversity_check/aspdac2026_submission_source/REvolution-aspdac2026-submission/exp/llama3_baseline_clean_results/RTLLM/Prob049_signal_generator/generation_log.jsonl,,ok,1,llama3_baseline_clean_results/RTLLM/Prob049_signal_generator/generation_log.jsonl,/workspace/exp/diversity_check/aspdac2026_submission_source/REvolution-aspdac2026-submission/exp
1690,generation_log,1,[],0,{},0,182,/workspace/exp/diversity_check/aspdac2026_submission_source/REvolution-aspdac2026-submission/exp/llama3_baseline_clean_results/RTLLM/Prob050_square_wave/generation_log.jsonl,,ok,1,llama3_baseline_clean_results/RTLLM/Prob050_square_wave/generation_log.jsonl,/workspace/exp/diversity_check/aspdac2026_submission_source/REvolution-aspdac2026-submission/exp
1735,generation_log,1,[],0,{},0,187,/workspace/exp/diversity_check/aspdac2026_submission_source/REvolution-aspdac2026-submission/exp/llama3_baseline_clean_results/VerilogEval-Spec-to-RTL/Prob001_zero/generation_log.jsonl,,ok,1,llama3_baseline_clean_results/VerilogEval-Spec-to-RTL/Prob001_zero/generation_log.jsonl,/workspace/exp/diversity_check/aspdac2026_submission_source/REvolution-aspdac2026-submission/exp
1834,generation_log,1,[],0,{},0,198,/workspace/exp/diversity_check/aspdac2026_submission_source/REvolution-aspdac2026-submission/exp/llama3_baseline_clean_results/VerilogEval-Spec-to-RTL/Prob002_m2014_q4i/generation_log.jsonl,,ok,1,llama3_baseline_clean_results/VerilogEval-Spec-to-RTL/Prob002_m2014_q4i/generation_log.jsonl,/workspace/exp/diversity_check/aspdac2026_submission_source/REvolution-aspdac2026-submission/exp
1717,generation_log,1,[],0,{},0,185,/workspace/exp/diversity_check/aspdac2026_submission_source/REvolution-aspdac2026-submission/exp/llama3_baseline_clean_results/VerilogEval-Spec-to-RTL/Prob003_step_one/generation_log.jsonl,,ok,1,llama3_baseline_clean_results/VerilogEval-Spec-to-RTL/Prob003_step_one/generation_log.jsonl,/workspace/exp/diversity_check/aspdac2026_submission_source/REvolution-aspdac2026-submission/exp
1555,generation_log,1,[],0,{},0,167,/workspace/exp/diversity_check/aspdac2026_submission_source/REvolution-aspdac2026-submission/exp/llama3_baseline_clean_results/VerilogEval-Spec-to-RTL/Prob004_vector2/generation_log.jsonl,,ok,1,llama3_baseline_clean_results/VerilogEval-Spec-to-RTL/Prob004_vector2/generation_log.jsonl,/workspace/exp/diversity_check/aspdac2026_submission_source/REvolution-aspdac2026-submission/exp
1618,generation_log,1,[],0,{},0,174,/workspace/exp/diversity_check/aspdac2026_submission_source/REvolution-aspdac2026-submission/exp/llama3_baseline_clean_results/VerilogEval-Spec-to-RTL/Prob005_notgate/generation_log.jsonl,,ok,1,llama3_baseline_clean_results/VerilogEval-Spec-to-RTL/Prob005_notgate/generation_log.jsonl,/workspace/exp/diversity_check/aspdac2026_submission_source/REvolution-aspdac2026-submission/exp
1663,generation_log,1,[],0,{},0,179,/workspace/exp/diversity_check/aspdac2026_submission_source/REvolution-aspdac2026-submission/exp/llama3_baseline_clean_results/VerilogEval-Spec-to-RTL/Prob006_vectorr/generation_log.jsonl,,ok,1,llama3_baseline_clean_results/VerilogEval-Spec-to-RTL/Prob006_vectorr/generation_log.jsonl,/workspace/exp/diversity_check/aspdac2026_submission_source/REvolution-aspdac2026-submission/exp
1753,generation_log,1,[],0,{},0,189,/workspace/exp/diversity_check/aspdac2026_submission_source/REvolution-aspdac2026-submission/exp/llama3_baseline_clean_results/VerilogEval-Spec-to-RTL/Prob007_wire/generation_log.jsonl,,ok,1,llama3_baseline_clean_results/VerilogEval-Spec-to-RTL/Prob007_wire/generation_log.jsonl,/workspace/exp/diversity_check/aspdac2026_submission_source/REvolution-aspdac2026-submission/exp
1789,generation_log,1,[],0,{},0,193,/workspace/exp/diversity_check/aspdac2026_submission_source/REvolution-aspdac2026-submission/exp/llama3_baseline_clean_results/VerilogEval-Spec-to-RTL/Prob008_m2014_q4h/generation_log.jsonl,,ok,1,llama3_baseline_clean_results/VerilogEval-Spec-to-RTL/Prob008_m2014_q4h/generation_log.jsonl,/workspace/exp/diversity_check/aspdac2026_submission_source/REvolution-aspdac2026-submission/exp
1348,generation_log,1,[],0,{},0,144,/workspace/exp/diversity_check/aspdac2026_submission_source/REvolution-aspdac2026-submission/exp/llama3_baseline_clean_results/VerilogEval-Spec-to-RTL/Prob009_popcount3/generation_log.jsonl,,ok,1,llama3_baseline_clean_results/VerilogEval-Spec-to-RTL/Prob009_popcount3/generation_log.jsonl,/workspace/exp/diversity_check/aspdac2026_submission_source/REvolution-aspdac2026-submission/exp
1636,generation_log,1,[],0,{},0,176,/workspace/exp/diversity_check/aspdac2026_submission_source/REvolution-aspdac2026-submission/exp/llama3_baseline_clean_results/VerilogEval-Spec-to-RTL/Prob010_mt2015_q4a/generation_log.jsonl,,ok,1,llama3_baseline_clean_results/VerilogEval-Spec-to-RTL/Prob010_mt2015_q4a/generation_log.jsonl,/workspace/exp/diversity_check/aspdac2026_submission_source/REvolution-aspdac2026-submission/exp
1762,generation_log,1,[],0,{},0,190,/workspace/exp/diversity_check/aspdac2026_submission_source/REvolution-aspdac2026-submission/exp/llama3_baseline_clean_results/VerilogEval-Spec-to-RTL/Prob011_norgate/generation_log.jsonl,,ok,1,llama3_baseline_clean_results/VerilogEval-Spec-to-RTL/Prob011_norgate/generation_log.jsonl,/workspace/exp/diversity_check/aspdac2026_submission_source/REvolution-aspdac2026-submission/exp
1816,generation_log,1,[],0,{},0,196,/workspace/exp/diversity_check/aspdac2026_submission_source/REvolution-aspdac2026-submission/exp/llama3_baseline_clean_results/VerilogEval-Spec-to-RTL/Prob012_xnorgate/generation_log.jsonl,,ok,1,llama3_baseline_clean_results/VerilogEval-Spec-to-RTL/Prob012_xnorgate/generation_log.jsonl,/workspace/exp/diversity_check/aspdac2026_submission_source/REvolution-aspdac2026-submission/exp
1753,generation_log,1,[],0,{},0,189,/workspace/exp/diversity_check/aspdac2026_submission_source/REvolution-aspdac2026-submission/exp/llama3_baseline_clean_results/VerilogEval-Spec-to-RTL/Prob013_m2014_q4e/generation_log.jsonl,,ok,1,llama3_baseline_clean_results/VerilogEval-Spec-to-RTL/Prob013_m2014_q4e/generation_log.jsonl,/workspace/exp/diversity_check/aspdac2026_submission_source/REvolution-aspdac2026-submission/exp
1762,generation_log,1,[],0,{},0,190,/workspace/exp/diversity_check/aspdac2026_submission_source/REvolution-aspdac2026-submission/exp/llama3_baseline_clean_results/VerilogEval-Spec-to-RTL/Prob014_andgate/generation_log.jsonl,,ok,1,llama3_baseline_clean_results/VerilogEval-Spec-to-RTL/Prob014_andgate/generation_log.jsonl,/workspace/exp/diversity_check/aspdac2026_submission_source/REvolution-aspdac2026-submission/exp
1681,generation_log,1,[],0,{},0,181,/workspace/exp/diversity_check/aspdac2026_submission_source/REvolution-aspdac2026-submission/exp/llama3_baseline_clean_results/VerilogEval-Spec-to-RTL/Prob015_vector1/generation_log.jsonl,,ok,1,llama3_baseline_clean_results/VerilogEval-Spec-to-RTL/Prob015_vector1/generation_log.jsonl,/workspace/exp/diversity_check/aspdac2026_submission_source/REvolution-aspdac2026-submission/exp
1456,generation_log,1,[],0,{},0,156,/workspace/exp/diversity_check/aspdac2026_submission_source/REvolution-aspdac2026-submission/exp/llama3_baseline_clean_results/VerilogEval-Spec-to-RTL/Prob016_m2014_q4j/generation_log.jsonl,,ok,1,llama3_baseline_clean_results/VerilogEval-Spec-to-RTL/Prob016_m2014_q4j/generation_log.jsonl,/workspace/exp/diversity_check/aspdac2026_submission_source/REvolution-aspdac2026-submission/exp
1726,generation_log,1,[],0,{},0,186,/workspace/exp/diversity_check/aspdac2026_submission_source/REvolution-aspdac2026-submission/exp/llama3_baseline_clean_results/VerilogEval-Spec-to-RTL/Prob017_mux2to1v/generation_log.jsonl,,ok,1,llama3_baseline_clean_results/VerilogEval-Spec-to-RTL/Prob017_mux2to1v/generation_log.jsonl,/workspace/exp/diversity_check/aspdac2026_submission_source/REvolution-aspdac2026-submission/exp
1528,generation_log,1,[],0,{},0,164,/workspace/exp/diversity_check/aspdac2026_submission_source/REvolution-aspdac2026-submission/exp/llama3_baseline_clean_results/VerilogEval-Spec-to-RTL/Prob018_mux256to1/generation_log.jsonl,,ok,1,llama3_baseline_clean_results/VerilogEval-Spec-to-RTL/Prob018_mux256to1/generation_log.jsonl,/workspace/exp/diversity_check/aspdac2026_submission_source/REvolution-aspdac2026-submission/exp
1842,generation_log,1,[],0,{},0,199,/workspace/exp/diversity_check/aspdac2026_submission_source/REvolution-aspdac2026-submission/exp/llama3_baseline_clean_results/VerilogEval-Spec-to-RTL/Prob019_m2014_q4f/generation_log.jsonl,,ok,1,llama3_baseline_clean_results/VerilogEval-Spec-to-RTL/Prob019_m2014_q4f/generation_log.jsonl,/workspace/exp/diversity_check/aspdac2026_submission_source/REvolution-aspdac2026-submission/exp
1654,generation_log,1,[],0,{},0,178,/workspace/exp/diversity_check/aspdac2026_submission_source/REvolution-aspdac2026-submission/exp/llama3_baseline_clean_results/VerilogEval-Spec-to-RTL/Prob020_mt2015_eq2/generation_log.jsonl,,ok,1,llama3_baseline_clean_results/VerilogEval-Spec-to-RTL/Prob020_mt2015_eq2/generation_log.jsonl,/workspace/exp/diversity_check/aspdac2026_submission_source/REvolution-aspdac2026-submission/exp
1357,generation_log,1,[],0,{},0,145,/workspace/exp/diversity_check/aspdac2026_submission_source/REvolution-aspdac2026-submission/exp/llama3_baseline_clean_results/VerilogEval-Spec-to-RTL/Prob021_mux256to1v/generation_log.jsonl,,ok,1,llama3_baseline_clean_results/VerilogEval-Spec-to-RTL/Prob021_mux256to1v/generation_log.jsonl,/workspace/exp/diversity_check/aspdac2026_submission_source/REvolution-aspdac2026-submission/exp
1807,generation_log,1,[],0,{},0,195,/workspace/exp/diversity_check/aspdac2026_submission_source/REvolution-aspdac2026-submission/exp/llama3_baseline_clean_results/VerilogEval-Spec-to-RTL/Prob022_mux2to1/generation_log.jsonl,,ok,1,llama3_baseline_clean_results/VerilogEval-Spec-to-RTL/Prob022_mux2to1/generation_log.jsonl,/workspace/exp/diversity_check/aspdac2026_submission_source/REvolution-aspdac2026-submission/exp
673,generation_log,1,[],0,{},0,69,/workspace/exp/diversity_check/aspdac2026_submission_source/REvolution-aspdac2026-submission/exp/llama3_baseline_clean_results/VerilogEval-Spec-to-RTL/Prob023_vector100r/generation_log.jsonl,,ok,1,llama3_baseline_clean_results/VerilogEval-Spec-to-RTL/Prob023_vector100r/generation_log.jsonl,/workspace/exp/diversity_check/aspdac2026_submission_source/REvolution-aspdac2026-submission/exp
1816,generation_log,1,[],0,{},0,196,/workspace/exp/diversity_check/aspdac2026_submission_source/REvolution-aspdac2026-submission/exp/llama3_baseline_clean_results/VerilogEval-Spec-to-RTL/Prob024_hadd/generation_log.jsonl,,ok,1,llama3_baseline_clean_results/VerilogEval-Spec-to-RTL/Prob024_hadd/generation_log.jsonl,/workspace/exp/diversity_check/aspdac2026_submission_source/REvolution-aspdac2026-submission/exp
1771,generation_log,1,[],0,{},0,191,/workspace/exp/diversity_check/aspdac2026_submission_source/REvolution-aspdac2026-submission/exp/llama3_baseline_clean_results/VerilogEval-Spec-to-RTL/Prob025_reduction/generation_log.jsonl,,ok,1,llama3_baseline_clean_results/VerilogEval-Spec-to-RTL/Prob025_reduction/generation_log.jsonl,/workspace/exp/diversity_check/aspdac2026_submission_source/REvolution-aspdac2026-submission/exp
304,generation_log,1,[],0,{},0,28,/workspace/exp/diversity_check/aspdac2026_submission_source/REvolution-aspdac2026-submission/exp/llama3_baseline_clean_results/VerilogEval-Spec-to-RTL/Prob026_alwaysblock1/generation_log.jsonl,,ok,1,llama3_baseline_clean_results/VerilogEval-Spec-to-RTL/Prob026_alwaysblock1/generation_log.jsonl,/workspace/exp/diversity_check/aspdac2026_submission_source/REvolution-aspdac2026-submission/exp
1708,generation_log,1,[],0,{},0,184,/workspace/exp/diversity_check/aspdac2026_submission_source/REvolution-aspdac2026-submission/exp/llama3_baseline_clean_results/VerilogEval-Spec-to-RTL/Prob027_fadd/generation_log.jsonl,,ok,1,llama3_baseline_clean_results/VerilogEval-Spec-to-RTL/Prob027_fadd/generation_log.jsonl,/workspace/exp/diversity_check/aspdac2026_submission_source/REvolution-aspdac2026-submission/exp
27,generation_log,1,[],0,{},0,0,/workspace/exp/diversity_check/aspdac2026_submission_source/REvolution-aspdac2026-submission/exp/llama3_baseline_clean_results/VerilogEval-Spec-to-RTL/Prob028_m2014_q4a/generation_log.jsonl,,ok,1,llama3_baseline_clean_results/VerilogEval-Spec-to-RTL/Prob028_m2014_q4a/generation_log.jsonl,/workspace/exp/diversity_check/aspdac2026_submission_source/REvolution-aspdac2026-submission/exp
1717,generation_log,1,[],0,{},0,185,/workspace/exp/diversity_check/aspdac2026_submission_source/REvolution-aspdac2026-submission/exp/llama3_baseline_clean_results/VerilogEval-Spec-to-RTL/Prob029_m2014_q4g/generation_log.jsonl,,ok,1,llama3_baseline_clean_results/VerilogEval-Spec-to-RTL/Prob029_m2014_q4g/generation_log.jsonl,/workspace/exp/diversity_check/aspdac2026_submission_source/REvolution-aspdac2026-submission/exp
610,generation_log,1,[],0,{},0,62,/workspace/exp/diversity_check/aspdac2026_submission_source/REvolution-aspdac2026-submission/exp/llama3_baseline_clean_results/VerilogEval-Spec-to-RTL/Prob030_popcount255/generation_log.jsonl,,ok,1,llama3_baseline_clean_results/VerilogEval-Spec-to-RTL/Prob030_popcount255/generation_log.jsonl,/workspace/exp/diversity_check/aspdac2026_submission_source/REvolution-aspdac2026-submission/exp
1717,generation_log,1,[],0,{},0,185,/workspace/exp/diversity_check/aspdac2026_submission_source/REvolution-aspdac2026-submission/exp/llama3_baseline_clean_results/VerilogEval-Spec-to-RTL/Prob031_dff/generation_log.jsonl,,ok,1,llama3_baseline_clean_results/VerilogEval-Spec-to-RTL/Prob031_dff/generation_log.jsonl,/workspace/exp/diversity_check/aspdac2026_submission_source/REvolution-aspdac2026-submission/exp
1762,generation_log,1,[],0,{},0,190,/workspace/exp/diversity_check/aspdac2026_submission_source/REvolution-aspdac2026-submission/exp/llama3_baseline_clean_results/VerilogEval-Spec-to-RTL/Prob032_vector0/generation_log.jsonl,,ok,1,llama3_baseline_clean_results/VerilogEval-Spec-to-RTL/Prob032_vector0/generation_log.jsonl,/workspace/exp/diversity_check/aspdac2026_submission_source/REvolution-aspdac2026-submission/exp
1168,generation_log,1,[],0,{},0,124,/workspace/exp/diversity_check/aspdac2026_submission_source/REvolution-aspdac2026-submission/exp/llama3_baseline_clean_results/VerilogEval-Spec-to-RTL/Prob033_ece241_2014_q1c/generation_log.jsonl,,ok,1,llama3_baseline_clean_results/VerilogEval-Spec-to-RTL/Prob033_ece241_2014_q1c/generation_log.jsonl,/workspace/exp/diversity_check/aspdac2026_submission_source/REvolution-aspdac2026-submission/exp
27,generation_log,1,[],0,{},0,0,/workspace/exp/diversity_check/aspdac2026_submission_source/REvolution-aspdac2026-submission/exp/llama3_baseline_clean_results/VerilogEval-Spec-to-RTL/Prob034_dff8/generation_log.jsonl,,ok,1,llama3_baseline_clean_results/VerilogEval-Spec-to-RTL/Prob034_dff8/generation_log.jsonl,/workspace/exp/diversity_check/aspdac2026_submission_source/REvolution-aspdac2026-submission/exp
1492,generation_log,1,[],0,{},0,160,/workspace/exp/diversity_check/aspdac2026_submission_source/REvolution-aspdac2026-submission/exp/llama3_baseline_clean_results/VerilogEval-Spec-to-RTL/Prob035_count1to10/generation_log.jsonl,,ok,1,llama3_baseline_clean_results/VerilogEval-Spec-to-RTL/Prob035_count1to10/generation_log.jsonl,/workspace/exp/diversity_check/aspdac2026_submission_source/REvolution-aspdac2026-submission/exp
1492,generation_log,1,[],0,{},0,160,/workspace/exp/diversity_check/aspdac2026_submission_source/REvolution-aspdac2026-submission/exp/llama3_baseline_clean_results/VerilogEval-Spec-to-RTL/Prob036_ringer/generation_log.jsonl,,ok,1,llama3_baseline_clean_results/VerilogEval-Spec-to-RTL/Prob036_ringer/generation_log.jsonl,/workspace/exp/diversity_check/aspdac2026_submission_source/REvolution-aspdac2026-submission/exp
1411,generation_log,1,[],0,{},0,151,/workspace/exp/diversity_check/aspdac2026_submission_source/REvolution-aspdac2026-submission/exp/llama3_baseline_clean_results/VerilogEval-Spec-to-RTL/Prob037_review2015_count1k/generation_log.jsonl,,ok,1,llama3_baseline_clean_results/VerilogEval-Spec-to-RTL/Prob037_review2015_count1k/generation_log.jsonl,/workspace/exp/diversity_check/aspdac2026_submission_source/REvolution-aspdac2026-submission/exp
1537,generation_log,1,[],0,{},0,165,/workspace/exp/diversity_check/aspdac2026_submission_source/REvolution-aspdac2026-submission/exp/llama3_baseline_clean_results/VerilogEval-Spec-to-RTL/Prob038_count15/generation_log.jsonl,,ok,1,llama3_baseline_clean_results/VerilogEval-Spec-to-RTL/Prob038_count15/generation_log.jsonl,/workspace/exp/diversity_check/aspdac2026_submission_source/REvolution-aspdac2026-submission/exp
1249,generation_log,1,[],0,{},0,133,/workspace/exp/diversity_check/aspdac2026_submission_source/REvolution-aspdac2026-submission/exp/llama3_baseline_clean_results/VerilogEval-Spec-to-RTL/Prob039_always_if/generation_log.jsonl,,ok,1,llama3_baseline_clean_results/VerilogEval-Spec-to-RTL/Prob039_always_if/generation_log.jsonl,/workspace/exp/diversity_check/aspdac2026_submission_source/REvolution-aspdac2026-submission/exp
1366,generation_log,1,[],0,{},0,146,/workspace/exp/diversity_check/aspdac2026_submission_source/REvolution-aspdac2026-submission/exp/llama3_baseline_clean_results/VerilogEval-Spec-to-RTL/Prob040_count10/generation_log.jsonl,,ok,1,llama3_baseline_clean_results/VerilogEval-Spec-to-RTL/Prob040_count10/generation_log.jsonl,/workspace/exp/diversity_check/aspdac2026_submission_source/REvolution-aspdac2026-submission/exp
412,generation_log,1,[],0,{},0,40,/workspace/exp/diversity_check/aspdac2026_submission_source/REvolution-aspdac2026-submission/exp/llama3_baseline_clean_results/VerilogEval-Spec-to-RTL/Prob041_dff8r/generation_log.jsonl,,ok,1,llama3_baseline_clean_results/VerilogEval-Spec-to-RTL/Prob041_dff8r/generation_log.jsonl,/workspace/exp/diversity_check/aspdac2026_submission_source/REvolution-aspdac2026-submission/exp
1303,generation_log,1,[],0,{},0,139,/workspace/exp/diversity_check/aspdac2026_submission_source/REvolution-aspdac2026-submission/exp/llama3_baseline_clean_results/VerilogEval-Spec-to-RTL/Prob042_vector4/generation_log.jsonl,,ok,1,llama3_baseline_clean_results/VerilogEval-Spec-to-RTL/Prob042_vector4/generation_log.jsonl,/workspace/exp/diversity_check/aspdac2026_submission_source/REvolution-aspdac2026-submission/exp
1456,generation_log,1,[],0,{},0,156,/workspace/exp/diversity_check/aspdac2026_submission_source/REvolution-aspdac2026-submission/exp/llama3_baseline_clean_results/VerilogEval-Spec-to-RTL/Prob043_vector5/generation_log.jsonl,,ok,1,llama3_baseline_clean_results/VerilogEval-Spec-to-RTL/Prob043_vector5/generation_log.jsonl,/workspace/exp/diversity_check/aspdac2026_submission_source/REvolution-aspdac2026-submission/exp
1609,generation_log,1,[],0,{},0,173,/workspace/exp/diversity_check/aspdac2026_submission_source/REvolution-aspdac2026-submission/exp/llama3_baseline_clean_results/VerilogEval-Spec-to-RTL/Prob044_vectorgates/generation_log.jsonl,,ok,1,llama3_baseline_clean_results/VerilogEval-Spec-to-RTL/Prob044_vectorgates/generation_log.jsonl,/workspace/exp/diversity_check/aspdac2026_submission_source/REvolution-aspdac2026-submission/exp
592,generation_log,1,[],0,{},0,60,/workspace/exp/diversity_check/aspdac2026_submission_source/REvolution-aspdac2026-submission/exp/llama3_baseline_clean_results/VerilogEval-Spec-to-RTL/Prob045_edgedetect2/generation_log.jsonl,,ok,1,llama3_baseline_clean_results/VerilogEval-Spec-to-RTL/Prob045_edgedetect2/generation_log.jsonl,/workspace/exp/diversity_check/aspdac2026_submission_source/REvolution-aspdac2026-submission/exp
322,generation_log,1,[],0,{},0,30,/workspace/exp/diversity_check/aspdac2026_submission_source/REvolution-aspdac2026-submission/exp/llama3_baseline_clean_results/VerilogEval-Spec-to-RTL/Prob046_dff8p/generation_log.jsonl,,ok,1,llama3_baseline_clean_results/VerilogEval-Spec-to-RTL/Prob046_dff8p/generation_log.jsonl,/workspace/exp/diversity_check/aspdac2026_submission_source/REvolution-aspdac2026-submission/exp
727,generation_log,1,[],0,{},0,75,/workspace/exp/diversity_check/aspdac2026_submission_source/REvolution-aspdac2026-submission/exp/llama3_baseline_clean_results/VerilogEval-Spec-to-RTL/Prob047_dff8ar/generation_log.jsonl,,ok,1,llama3_baseline_clean_results/VerilogEval-Spec-to-RTL/Prob047_dff8ar/generation_log.jsonl,/workspace/exp/diversity_check/aspdac2026_submission_source/REvolution-aspdac2026-submission/exp
1771,generation_log,1,[],0,{},0,191,/workspace/exp/diversity_check/aspdac2026_submission_source/REvolution-aspdac2026-submission/exp/llama3_baseline_clean_results/VerilogEval-Spec-to-RTL/Prob048_m2014_q4c/generation_log.jsonl,,ok,1,llama3_baseline_clean_results/VerilogEval-Spec-to-RTL/Prob048_m2014_q4c/generation_log.jsonl,/workspace/exp/diversity_check/aspdac2026_submission_source/REvolution-aspdac2026-submission/exp
1060,generation_log,1,[],0,{},0,112,/workspace/exp/diversity_check/aspdac2026_submission_source/REvolution-aspdac2026-submission/exp/llama3_baseline_clean_results/VerilogEval-Spec-to-RTL/Prob049_m2014_q4b/generation_log.jsonl,,ok,1,llama3_baseline_clean_results/VerilogEval-Spec-to-RTL/Prob049_m2014_q4b/generation_log.jsonl,/workspace/exp/diversity_check/aspdac2026_submission_source/REvolution-aspdac2026-submission/exp
682,generation_log,1,[],0,{},0,70,/workspace/exp/diversity_check/aspdac2026_submission_source/REvolution-aspdac2026-submission/exp/llama3_baseline_clean_results/VerilogEval-Spec-to-RTL/Prob050_kmap1/generation_log.jsonl,,ok,1,llama3_baseline_clean_results/VerilogEval-Spec-to-RTL/Prob050_kmap1/generation_log.jsonl,/workspace/exp/diversity_check/aspdac2026_submission_source/REvolution-aspdac2026-submission/exp
1735,generation_log,1,[],0,{},0,187,/workspace/exp/diversity_check/aspdac2026_submission_source/REvolution-aspdac2026-submission/exp/llama3_baseline_clean_results/VerilogEval-Spec-to-RTL/Prob051_gates4/generation_log.jsonl,,ok,1,llama3_baseline_clean_results/VerilogEval-Spec-to-RTL/Prob051_gates4/generation_log.jsonl,/workspace/exp/diversity_check/aspdac2026_submission_source/REvolution-aspdac2026-submission/exp
1456,generation_log,1,[],0,{},0,156,/workspace/exp/diversity_check/aspdac2026_submission_source/REvolution-aspdac2026-submission/exp/llama3_baseline_clean_results/VerilogEval-Spec-to-RTL/Prob052_gates100/generation_log.jsonl,,ok,1,llama3_baseline_clean_results/VerilogEval-Spec-to-RTL/Prob052_gates100/generation_log.jsonl,/workspace/exp/diversity_check/aspdac2026_submission_source/REvolution-aspdac2026-submission/exp
27,generation_log,1,[],0,{},0,0,/workspace/exp/diversity_check/aspdac2026_submission_source/REvolution-aspdac2026-submission/exp/llama3_baseline_clean_results/VerilogEval-Spec-to-RTL/Prob053_m2014_q4d/generation_log.jsonl,,ok,1,llama3_baseline_clean_results/VerilogEval-Spec-to-RTL/Prob053_m2014_q4d/generation_log.jsonl,/workspace/exp/diversity_check/aspdac2026_submission_source/REvolution-aspdac2026-submission/exp
691,generation_log,1,[],0,{},0,71,/workspace/exp/diversity_check/aspdac2026_submission_source/REvolution-aspdac2026-submission/exp/llama3_baseline_clean_results/VerilogEval-Spec-to-RTL/Prob054_edgedetect/generation_log.jsonl,,ok,1,llama3_baseline_clean_results/VerilogEval-Spec-to-RTL/Prob054_edgedetect/generation_log.jsonl,/workspace/exp/diversity_check/aspdac2026_submission_source/REvolution-aspdac2026-submission/exp
1132,generation_log,1,[],0,{},0,120,/workspace/exp/diversity_check/aspdac2026_submission_source/REvolution-aspdac2026-submission/exp/llama3_baseline_clean_results/VerilogEval-Spec-to-RTL/Prob055_conditional/generation_log.jsonl,,ok,1,llama3_baseline_clean_results/VerilogEval-Spec-to-RTL/Prob055_conditional/generation_log.jsonl,/workspace/exp/diversity_check/aspdac2026_submission_source/REvolution-aspdac2026-submission/exp
1186,generation_log,1,[],0,{},0,126,/workspace/exp/diversity_check/aspdac2026_submission_source/REvolution-aspdac2026-submission/exp/llama3_baseline_clean_results/VerilogEval-Spec-to-RTL/Prob056_ece241_2013_q7/generation_log.jsonl,,ok,1,llama3_baseline_clean_results/VerilogEval-Spec-to-RTL/Prob056_ece241_2013_q7/generation_log.jsonl,/workspace/exp/diversity_check/aspdac2026_submission_source/REvolution-aspdac2026-submission/exp
27,generation_log,1,[],0,{},0,0,/workspace/exp/diversity_check/aspdac2026_submission_source/REvolution-aspdac2026-submission/exp/llama3_baseline_clean_results/VerilogEval-Spec-to-RTL/Prob057_kmap2/generation_log.jsonl,,ok,1,llama3_baseline_clean_results/VerilogEval-Spec-to-RTL/Prob057_kmap2/generation_log.jsonl,/workspace/exp/diversity_check/aspdac2026_submission_source/REvolution-aspdac2026-submission/exp
27,generation_log,1,[],0,{},0,0,/workspace/exp/diversity_check/aspdac2026_submission_source/REvolution-aspdac2026-submission/exp/llama3_baseline_clean_results/VerilogEval-Spec-to-RTL/Prob058_alwaysblock2/generation_log.jsonl,,ok,1,llama3_baseline_clean_results/VerilogEval-Spec-to-RTL/Prob058_alwaysblock2/generation_log.jsonl,/workspace/exp/diversity_check/aspdac2026_submission_source/REvolution-aspdac2026-submission/exp
1816,generation_log,1,[],0,{},0,196,/workspace/exp/diversity_check/aspdac2026_submission_source/REvolution-aspdac2026-submission/exp/llama3_baseline_clean_results/VerilogEval-Spec-to-RTL/Prob059_wire4/generation_log.jsonl,,ok,1,llama3_baseline_clean_results/VerilogEval-Spec-to-RTL/Prob059_wire4/generation_log.jsonl,/workspace/exp/diversity_check/aspdac2026_submission_source/REvolution-aspdac2026-submission/exp
1447,generation_log,1,[],0,{},0,155,/workspace/exp/diversity_check/aspdac2026_submission_source/REvolution-aspdac2026-submission/exp/llama3_baseline_clean_results/VerilogEval-Spec-to-RTL/Prob060_m2014_q4k/generation_log.jsonl,,ok,1,llama3_baseline_clean_results/VerilogEval-Spec-to-RTL/Prob060_m2014_q4k/generation_log.jsonl,/workspace/exp/diversity_check/aspdac2026_submission_source/REvolution-aspdac2026-submission/exp
1492,generation_log,1,[],0,{},0,160,/workspace/exp/diversity_check/aspdac2026_submission_source/REvolution-aspdac2026-submission/exp/llama3_baseline_clean_results/VerilogEval-Spec-to-RTL/Prob061_2014_q4a/generation_log.jsonl,,ok,1,llama3_baseline_clean_results/VerilogEval-Spec-to-RTL/Prob061_2014_q4a/generation_log.jsonl,/workspace/exp/diversity_check/aspdac2026_submission_source/REvolution-aspdac2026-submission/exp
27,generation_log,1,[],0,{},0,0,/workspace/exp/diversity_check/aspdac2026_submission_source/REvolution-aspdac2026-submission/exp/llama3_baseline_clean_results/VerilogEval-Spec-to-RTL/Prob062_bugs_mux2/generation_log.jsonl,,ok,1,llama3_baseline_clean_results/VerilogEval-Spec-to-RTL/Prob062_bugs_mux2/generation_log.jsonl,/workspace/exp/diversity_check/aspdac2026_submission_source/REvolution-aspdac2026-submission/exp
27,generation_log,1,[],0,{},0,0,/workspace/exp/diversity_check/aspdac2026_submission_source/REvolution-aspdac2026-submission/exp/llama3_baseline_clean_results/VerilogEval-Spec-to-RTL/Prob063_review2015_shiftcount/generation_log.jsonl,,ok,1,llama3_baseline_clean_results/VerilogEval-Spec-to-RTL/Prob063_review2015_shiftcount/generation_log.jsonl,/workspace/exp/diversity_check/aspdac2026_submission_source/REvolution-aspdac2026-submission/exp
1771,generation_log,1,[],0,{},0,191,/workspace/exp/diversity_check/aspdac2026_submission_source/REvolution-aspdac2026-submission/exp/llama3_baseline_clean_results/VerilogEval-Spec-to-RTL/Prob064_vector3/generation_log.jsonl,,ok,1,llama3_baseline_clean_results/VerilogEval-Spec-to-RTL/Prob064_vector3/generation_log.jsonl,/workspace/exp/diversity_check/aspdac2026_submission_source/REvolution-aspdac2026-submission/exp
1798,generation_log,1,[],0,{},0,194,/workspace/exp/diversity_check/aspdac2026_submission_source/REvolution-aspdac2026-submission/exp/llama3_baseline_clean_results/VerilogEval-Spec-to-RTL/Prob065_7420/generation_log.jsonl,,ok,1,llama3_baseline_clean_results/VerilogEval-Spec-to-RTL/Prob065_7420/generation_log.jsonl,/workspace/exp/diversity_check/aspdac2026_submission_source/REvolution-aspdac2026-submission/exp
27,generation_log,1,[],0,{},0,0,/workspace/exp/diversity_check/aspdac2026_submission_source/REvolution-aspdac2026-submission/exp/llama3_baseline_clean_results/VerilogEval-Spec-to-RTL/Prob066_edgecapture/generation_log.jsonl,,ok,1,llama3_baseline_clean_results/VerilogEval-Spec-to-RTL/Prob066_edgecapture/generation_log.jsonl,/workspace/exp/diversity_check/aspdac2026_submission_source/REvolution-aspdac2026-submission/exp
1204,generation_log,1,[],0,{},0,128,/workspace/exp/diversity_check/aspdac2026_submission_source/REvolution-aspdac2026-submission/exp/llama3_baseline_clean_results/VerilogEval-Spec-to-RTL/Prob067_countslow/generation_log.jsonl,,ok,1,llama3_baseline_clean_results/VerilogEval-Spec-to-RTL/Prob067_countslow/generation_log.jsonl,/workspace/exp/diversity_check/aspdac2026_submission_source/REvolution-aspdac2026-submission/exp
241,generation_log,1,[],0,{},0,21,/workspace/exp/diversity_check/aspdac2026_submission_source/REvolution-aspdac2026-submission/exp/llama3_baseline_clean_results/VerilogEval-Spec-to-RTL/Prob068_countbcd/generation_log.jsonl,,ok,1,llama3_baseline_clean_results/VerilogEval-Spec-to-RTL/Prob068_countbcd/generation_log.jsonl,/workspace/exp/diversity_check/aspdac2026_submission_source/REvolution-aspdac2026-submission/exp
826,generation_log,1,[],0,{},0,86,/workspace/exp/diversity_check/aspdac2026_submission_source/REvolution-aspdac2026-submission/exp/llama3_baseline_clean_results/VerilogEval-Spec-to-RTL/Prob069_truthtable1/generation_log.jsonl,,ok,1,llama3_baseline_clean_results/VerilogEval-Spec-to-RTL/Prob069_truthtable1/generation_log.jsonl,/workspace/exp/diversity_check/aspdac2026_submission_source/REvolution-aspdac2026-submission/exp
27,generation_log,1,[],0,{},0,0,/workspace/exp/diversity_check/aspdac2026_submission_source/REvolution-aspdac2026-submission/exp/llama3_baseline_clean_results/VerilogEval-Spec-to-RTL/Prob070_ece241_2013_q2/generation_log.jsonl,,ok,1,llama3_baseline_clean_results/VerilogEval-Spec-to-RTL/Prob070_ece241_2013_q2/generation_log.jsonl,/workspace/exp/diversity_check/aspdac2026_submission_source/REvolution-aspdac2026-submission/exp
27,generation_log,1,[],0,{},0,0,/workspace/exp/diversity_check/aspdac2026_submission_source/REvolution-aspdac2026-submission/exp/llama3_baseline_clean_results/VerilogEval-Spec-to-RTL/Prob071_always_casez/generation_log.jsonl,,ok,1,llama3_baseline_clean_results/VerilogEval-Spec-to-RTL/Prob071_always_casez/generation_log.jsonl,/workspace/exp/diversity_check/aspdac2026_submission_source/REvolution-aspdac2026-submission/exp
1339,generation_log,1,[],0,{},0,143,/workspace/exp/diversity_check/aspdac2026_submission_source/REvolution-aspdac2026-submission/exp/llama3_baseline_clean_results/VerilogEval-Spec-to-RTL/Prob072_thermostat/generation_log.jsonl,,ok,1,llama3_baseline_clean_results/VerilogEval-Spec-to-RTL/Prob072_thermostat/generation_log.jsonl,/workspace/exp/diversity_check/aspdac2026_submission_source/REvolution-aspdac2026-submission/exp
862,generation_log,1,[],0,{},0,90,/workspace/exp/diversity_check/aspdac2026_submission_source/REvolution-aspdac2026-submission/exp/llama3_baseline_clean_results/VerilogEval-Spec-to-RTL/Prob073_dff16e/generation_log.jsonl,,ok,1,llama3_baseline_clean_results/VerilogEval-Spec-to-RTL/Prob073_dff16e/generation_log.jsonl,/workspace/exp/diversity_check/aspdac2026_submission_source/REvolution-aspdac2026-submission/exp
27,generation_log,1,[],0,{},0,0,/workspace/exp/diversity_check/aspdac2026_submission_source/REvolution-aspdac2026-submission/exp/llama3_baseline_clean_results/VerilogEval-Spec-to-RTL/Prob074_ece241_2014_q4/generation_log.jsonl,,ok,1,llama3_baseline_clean_results/VerilogEval-Spec-to-RTL/Prob074_ece241_2014_q4/generation_log.jsonl,/workspace/exp/diversity_check/aspdac2026_submission_source/REvolution-aspdac2026-submission/exp
1204,generation_log,1,[],0,{},0,128,/workspace/exp/diversity_check/aspdac2026_submission_source/REvolution-aspdac2026-submission/exp/llama3_baseline_clean_results/VerilogEval-Spec-to-RTL/Prob075_counter_2bc/generation_log.jsonl,,ok,1,llama3_baseline_clean_results/VerilogEval-Spec-to-RTL/Prob075_counter_2bc/generation_log.jsonl,/workspace/exp/diversity_check/aspdac2026_submission_source/REvolution-aspdac2026-submission/exp
79,generation_log,1,[],0,{},0,3,/workspace/exp/diversity_check/aspdac2026_submission_source/REvolution-aspdac2026-submission/exp/llama3_baseline_clean_results/VerilogEval-Spec-to-RTL/Prob076_always_case/generation_log.jsonl,,ok,1,llama3_baseline_clean_results/VerilogEval-Spec-to-RTL/Prob076_always_case/generation_log.jsonl,/workspace/exp/diversity_check/aspdac2026_submission_source/REvolution-aspdac2026-submission/exp
1249,generation_log,1,[],0,{},0,133,/workspace/exp/diversity_check/aspdac2026_submission_source/REvolution-aspdac2026-submission/exp/llama3_baseline_clean_results/VerilogEval-Spec-to-RTL/Prob077_wire_decl/generation_log.jsonl,,ok,1,llama3_baseline_clean_results/VerilogEval-Spec-to-RTL/Prob077_wire_decl/generation_log.jsonl,/workspace/exp/diversity_check/aspdac2026_submission_source/REvolution-aspdac2026-submission/exp
322,generation_log,1,[],0,{},0,30,/workspace/exp/diversity_check/aspdac2026_submission_source/REvolution-aspdac2026-submission/exp/llama3_baseline_clean_results/VerilogEval-Spec-to-RTL/Prob078_dualedge/generation_log.jsonl,,ok,1,llama3_baseline_clean_results/VerilogEval-Spec-to-RTL/Prob078_dualedge/generation_log.jsonl,/workspace/exp/diversity_check/aspdac2026_submission_source/REvolution-aspdac2026-submission/exp
259,generation_log,1,[],0,{},0,23,/workspace/exp/diversity_check/aspdac2026_submission_source/REvolution-aspdac2026-submission/exp/llama3_baseline_clean_results/VerilogEval-Spec-to-RTL/Prob079_fsm3onehot/generation_log.jsonl,,ok,1,llama3_baseline_clean_results/VerilogEval-Spec-to-RTL/Prob079_fsm3onehot/generation_log.jsonl,/workspace/exp/diversity_check/aspdac2026_submission_source/REvolution-aspdac2026-submission/exp
736,generation_log,1,[],0,{},0,76,/workspace/exp/diversity_check/aspdac2026_submission_source/REvolution-aspdac2026-submission/exp/llama3_baseline_clean_results/VerilogEval-Spec-to-RTL/Prob080_timer/generation_log.jsonl,,ok,1,llama3_baseline_clean_results/VerilogEval-Spec-to-RTL/Prob080_timer/generation_log.jsonl,/workspace/exp/diversity_check/aspdac2026_submission_source/REvolution-aspdac2026-submission/exp
1537,generation_log,1,[],0,{},0,165,/workspace/exp/diversity_check/aspdac2026_submission_source/REvolution-aspdac2026-submission/exp/llama3_baseline_clean_results/VerilogEval-Spec-to-RTL/Prob081_7458/generation_log.jsonl,,ok,1,llama3_baseline_clean_results/VerilogEval-Spec-to-RTL/Prob081_7458/generation_log.jsonl,/workspace/exp/diversity_check/aspdac2026_submission_source/REvolution-aspdac2026-submission/exp
27,generation_log,1,[],0,{},0,0,/workspace/exp/diversity_check/aspdac2026_submission_source/REvolution-aspdac2026-submission/exp/llama3_baseline_clean_results/VerilogEval-Spec-to-RTL/Prob082_lfsr32/generation_log.jsonl,,ok,1,llama3_baseline_clean_results/VerilogEval-Spec-to-RTL/Prob082_lfsr32/generation_log.jsonl,/workspace/exp/diversity_check/aspdac2026_submission_source/REvolution-aspdac2026-submission/exp
1564,generation_log,1,[],0,{},0,168,/workspace/exp/diversity_check/aspdac2026_submission_source/REvolution-aspdac2026-submission/exp/llama3_baseline_clean_results/VerilogEval-Spec-to-RTL/Prob083_mt2015_q4b/generation_log.jsonl,,ok,1,llama3_baseline_clean_results/VerilogEval-Spec-to-RTL/Prob083_mt2015_q4b/generation_log.jsonl,/workspace/exp/diversity_check/aspdac2026_submission_source/REvolution-aspdac2026-submission/exp
1087,generation_log,1,[],0,{},0,115,/workspace/exp/diversity_check/aspdac2026_submission_source/REvolution-aspdac2026-submission/exp/llama3_baseline_clean_results/VerilogEval-Spec-to-RTL/Prob084_ece241_2013_q12/generation_log.jsonl,,ok,1,llama3_baseline_clean_results/VerilogEval-Spec-to-RTL/Prob084_ece241_2013_q12/generation_log.jsonl,/workspace/exp/diversity_check/aspdac2026_submission_source/REvolution-aspdac2026-submission/exp
1429,generation_log,1,[],0,{},0,153,/workspace/exp/diversity_check/aspdac2026_submission_source/REvolution-aspdac2026-submission/exp/llama3_baseline_clean_results/VerilogEval-Spec-to-RTL/Prob085_shift4/generation_log.jsonl,,ok,1,llama3_baseline_clean_results/VerilogEval-Spec-to-RTL/Prob085_shift4/generation_log.jsonl,/workspace/exp/diversity_check/aspdac2026_submission_source/REvolution-aspdac2026-submission/exp
27,generation_log,1,[],0,{},0,0,/workspace/exp/diversity_check/aspdac2026_submission_source/REvolution-aspdac2026-submission/exp/llama3_baseline_clean_results/VerilogEval-Spec-to-RTL/Prob086_lfsr5/generation_log.jsonl,,ok,1,llama3_baseline_clean_results/VerilogEval-Spec-to-RTL/Prob086_lfsr5/generation_log.jsonl,/workspace/exp/diversity_check/aspdac2026_submission_source/REvolution-aspdac2026-submission/exp
1591,generation_log,1,[],0,{},0,171,/workspace/exp/diversity_check/aspdac2026_submission_source/REvolution-aspdac2026-submission/exp/llama3_baseline_clean_results/VerilogEval-Spec-to-RTL/Prob087_gates/generation_log.jsonl,,ok,1,llama3_baseline_clean_results/VerilogEval-Spec-to-RTL/Prob087_gates/generation_log.jsonl,/workspace/exp/diversity_check/aspdac2026_submission_source/REvolution-aspdac2026-submission/exp
259,generation_log,1,[],0,{},0,23,/workspace/exp/diversity_check/aspdac2026_submission_source/REvolution-aspdac2026-submission/exp/llama3_baseline_clean_results/VerilogEval-Spec-to-RTL/Prob088_ece241_2014_q5b/generation_log.jsonl,,ok,1,llama3_baseline_clean_results/VerilogEval-Spec-to-RTL/Prob088_ece241_2014_q5b/generation_log.jsonl,/workspace/exp/diversity_check/aspdac2026_submission_source/REvolution-aspdac2026-submission/exp
70,generation_log,1,[],0,{},0,2,/workspace/exp/diversity_check/aspdac2026_submission_source/REvolution-aspdac2026-submission/exp/llama3_baseline_clean_results/VerilogEval-Spec-to-RTL/Prob089_ece241_2014_q5a/generation_log.jsonl,,ok,1,llama3_baseline_clean_results/VerilogEval-Spec-to-RTL/Prob089_ece241_2014_q5a/generation_log.jsonl,/workspace/exp/diversity_check/aspdac2026_submission_source/REvolution-aspdac2026-submission/exp
1627,generation_log,1,[],0,{},0,175,/workspace/exp/diversity_check/aspdac2026_submission_source/REvolution-aspdac2026-submission/exp/llama3_baseline_clean_results/VerilogEval-Spec-to-RTL/Prob090_circuit1/generation_log.jsonl,,ok,1,llama3_baseline_clean_results/VerilogEval-Spec-to-RTL/Prob090_circuit1/generation_log.jsonl,/workspace/exp/diversity_check/aspdac2026_submission_source/REvolution-aspdac2026-submission/exp
151,generation_log,1,[],0,{},0,11,/workspace/exp/diversity_check/aspdac2026_submission_source/REvolution-aspdac2026-submission/exp/llama3_baseline_clean_results/VerilogEval-Spec-to-RTL/Prob091_2012_q2b/generation_log.jsonl,,ok,1,llama3_baseline_clean_results/VerilogEval-Spec-to-RTL/Prob091_2012_q2b/generation_log.jsonl,/workspace/exp/diversity_check/aspdac2026_submission_source/REvolution-aspdac2026-submission/exp
655,generation_log,1,[],0,{},0,67,/workspace/exp/diversity_check/aspdac2026_submission_source/REvolution-aspdac2026-submission/exp/llama3_baseline_clean_results/VerilogEval-Spec-to-RTL/Prob092_gatesv100/generation_log.jsonl,,ok,1,llama3_baseline_clean_results/VerilogEval-Spec-to-RTL/Prob092_gatesv100/generation_log.jsonl,/workspace/exp/diversity_check/aspdac2026_submission_source/REvolution-aspdac2026-submission/exp
27,generation_log,1,[],0,{},0,0,/workspace/exp/diversity_check/aspdac2026_submission_source/REvolution-aspdac2026-submission/exp/llama3_baseline_clean_results/VerilogEval-Spec-to-RTL/Prob093_ece241_2014_q3/generation_log.jsonl,,ok,1,llama3_baseline_clean_results/VerilogEval-Spec-to-RTL/Prob093_ece241_2014_q3/generation_log.jsonl,/workspace/exp/diversity_check/aspdac2026_submission_source/REvolution-aspdac2026-submission/exp
61,generation_log,1,[],0,{},0,1,/workspace/exp/diversity_check/aspdac2026_submission_source/REvolution-aspdac2026-submission/exp/llama3_baseline_clean_results/VerilogEval-Spec-to-RTL/Prob094_gatesv/generation_log.jsonl,,ok,1,llama3_baseline_clean_results/VerilogEval-Spec-to-RTL/Prob094_gatesv/generation_log.jsonl,/workspace/exp/diversity_check/aspdac2026_submission_source/REvolution-aspdac2026-submission/exp
27,generation_log,1,[],0,{},0,0,/workspace/exp/diversity_check/aspdac2026_submission_source/REvolution-aspdac2026-submission/exp/llama3_baseline_clean_results/VerilogEval-Spec-to-RTL/Prob095_review2015_fsmshift/generation_log.jsonl,,ok,1,llama3_baseline_clean_results/VerilogEval-Spec-to-RTL/Prob095_review2015_fsmshift/generation_log.jsonl,/workspace/exp/diversity_check/aspdac2026_submission_source/REvolution-aspdac2026-submission/exp
115,generation_log,1,[],0,{},0,7,/workspace/exp/diversity_check/aspdac2026_submission_source/REvolution-aspdac2026-submission/exp/llama3_baseline_clean_results/VerilogEval-Spec-to-RTL/Prob096_review2015_fsmseq/generation_log.jsonl,,ok,1,llama3_baseline_clean_results/VerilogEval-Spec-to-RTL/Prob096_review2015_fsmseq/generation_log.jsonl,/workspace/exp/diversity_check/aspdac2026_submission_source/REvolution-aspdac2026-submission/exp
61,generation_log,1,[],0,{},0,1,/workspace/exp/diversity_check/aspdac2026_submission_source/REvolution-aspdac2026-submission/exp/llama3_baseline_clean_results/VerilogEval-Spec-to-RTL/Prob097_mux9to1v/generation_log.jsonl,,ok,1,llama3_baseline_clean_results/VerilogEval-Spec-to-RTL/Prob097_mux9to1v/generation_log.jsonl,/workspace/exp/diversity_check/aspdac2026_submission_source/REvolution-aspdac2026-submission/exp
484,generation_log,1,[],0,{},0,48,/workspace/exp/diversity_check/aspdac2026_submission_source/REvolution-aspdac2026-submission/exp/llama3_baseline_clean_results/VerilogEval-Spec-to-RTL/Prob098_circuit7/generation_log.jsonl,,ok,1,llama3_baseline_clean_results/VerilogEval-Spec-to-RTL/Prob098_circuit7/generation_log.jsonl,/workspace/exp/diversity_check/aspdac2026_submission_source/REvolution-aspdac2026-submission/exp
27,generation_log,1,[],0,{},0,0,/workspace/exp/diversity_check/aspdac2026_submission_source/REvolution-aspdac2026-submission/exp/llama3_baseline_clean_results/VerilogEval-Spec-to-RTL/Prob099_m2014_q6c/generation_log.jsonl,,ok,1,llama3_baseline_clean_results/VerilogEval-Spec-to-RTL/Prob099_m2014_q6c/generation_log.jsonl,/workspace/exp/diversity_check/aspdac2026_submission_source/REvolution-aspdac2026-submission/exp
61,generation_log,1,[],0,{},0,1,/workspace/exp/diversity_check/aspdac2026_submission_source/REvolution-aspdac2026-submission/exp/llama3_baseline_clean_results/VerilogEval-Spec-to-RTL/Prob100_fsm3comb/generation_log.jsonl,,ok,1,llama3_baseline_clean_results/VerilogEval-Spec-to-RTL/Prob100_fsm3comb/generation_log.jsonl,/workspace/exp/diversity_check/aspdac2026_submission_source/REvolution-aspdac2026-submission/exp
484,generation_log,1,[],0,{},0,48,/workspace/exp/diversity_check/aspdac2026_submission_source/REvolution-aspdac2026-submission/exp/llama3_baseline_clean_results/VerilogEval-Spec-to-RTL/Prob101_circuit4/generation_log.jsonl,,ok,1,llama3_baseline_clean_results/VerilogEval-Spec-to-RTL/Prob101_circuit4/generation_log.jsonl,/workspace/exp/diversity_check/aspdac2026_submission_source/REvolution-aspdac2026-submission/exp
151,generation_log,1,[],0,{},0,11,/workspace/exp/diversity_check/aspdac2026_submission_source/REvolution-aspdac2026-submission/exp/llama3_baseline_clean_results/VerilogEval-Spec-to-RTL/Prob102_circuit3/generation_log.jsonl,,ok,1,llama3_baseline_clean_results/VerilogEval-Spec-to-RTL/Prob102_circuit3/generation_log.jsonl,/workspace/exp/diversity_check/aspdac2026_submission_source/REvolution-aspdac2026-submission/exp
466,generation_log,1,[],0,{},0,46,/workspace/exp/diversity_check/aspdac2026_submission_source/REvolution-aspdac2026-submission/exp/llama3_baseline_clean_results/VerilogEval-Spec-to-RTL/Prob103_circuit2/generation_log.jsonl,,ok,1,llama3_baseline_clean_results/VerilogEval-Spec-to-RTL/Prob103_circuit2/generation_log.jsonl,/workspace/exp/diversity_check/aspdac2026_submission_source/REvolution-aspdac2026-submission/exp
27,generation_log,1,[],0,{},0,0,/workspace/exp/diversity_check/aspdac2026_submission_source/REvolution-aspdac2026-submission/exp/llama3_baseline_clean_results/VerilogEval-Spec-to-RTL/Prob104_mt2015_muxdff/generation_log.jsonl,,ok,1,llama3_baseline_clean_results/VerilogEval-Spec-to-RTL/Prob104_mt2015_muxdff/generation_log.jsonl,/workspace/exp/diversity_check/aspdac2026_submission_source/REvolution-aspdac2026-submission/exp
1618,generation_log,1,[],0,{},0,174,/workspace/exp/diversity_check/aspdac2026_submission_source/REvolution-aspdac2026-submission/exp/llama3_baseline_clean_results/VerilogEval-Spec-to-RTL/Prob105_rotate100/generation_log.jsonl,,ok,1,llama3_baseline_clean_results/VerilogEval-Spec-to-RTL/Prob105_rotate100/generation_log.jsonl,/workspace/exp/diversity_check/aspdac2026_submission_source/REvolution-aspdac2026-submission/exp
27,generation_log,1,[],0,{},0,0,/workspace/exp/diversity_check/aspdac2026_submission_source/REvolution-aspdac2026-submission/exp/llama3_baseline_clean_results/VerilogEval-Spec-to-RTL/Prob106_always_nolatches/generation_log.jsonl,,ok,1,llama3_baseline_clean_results/VerilogEval-Spec-to-RTL/Prob106_always_nolatches/generation_log.jsonl,/workspace/exp/diversity_check/aspdac2026_submission_source/REvolution-aspdac2026-submission/exp
493,generation_log,1,[],0,{},0,49,/workspace/exp/diversity_check/aspdac2026_submission_source/REvolution-aspdac2026-submission/exp/llama3_baseline_clean_results/VerilogEval-Spec-to-RTL/Prob107_fsm1s/generation_log.jsonl,,ok,1,llama3_baseline_clean_results/VerilogEval-Spec-to-RTL/Prob107_fsm1s/generation_log.jsonl,/workspace/exp/diversity_check/aspdac2026_submission_source/REvolution-aspdac2026-submission/exp
61,generation_log,1,[],0,{},0,1,/workspace/exp/diversity_check/aspdac2026_submission_source/REvolution-aspdac2026-submission/exp/llama3_baseline_clean_results/VerilogEval-Spec-to-RTL/Prob108_rule90/generation_log.jsonl,,ok,1,llama3_baseline_clean_results/VerilogEval-Spec-to-RTL/Prob108_rule90/generation_log.jsonl,/workspace/exp/diversity_check/aspdac2026_submission_source/REvolution-aspdac2026-submission/exp
889,generation_log,1,[],0,{},0,93,/workspace/exp/diversity_check/aspdac2026_submission_source/REvolution-aspdac2026-submission/exp/llama3_baseline_clean_results/VerilogEval-Spec-to-RTL/Prob109_fsm1/generation_log.jsonl,,ok,1,llama3_baseline_clean_results/VerilogEval-Spec-to-RTL/Prob109_fsm1/generation_log.jsonl,/workspace/exp/diversity_check/aspdac2026_submission_source/REvolution-aspdac2026-submission/exp
862,generation_log,1,[],0,{},0,90,/workspace/exp/diversity_check/aspdac2026_submission_source/REvolution-aspdac2026-submission/exp/llama3_baseline_clean_results/VerilogEval-Spec-to-RTL/Prob110_fsm2/generation_log.jsonl,,ok,1,llama3_baseline_clean_results/VerilogEval-Spec-to-RTL/Prob110_fsm2/generation_log.jsonl,/workspace/exp/diversity_check/aspdac2026_submission_source/REvolution-aspdac2026-submission/exp
790,generation_log,1,[],0,{},0,82,/workspace/exp/diversity_check/aspdac2026_submission_source/REvolution-aspdac2026-submission/exp/llama3_baseline_clean_results/VerilogEval-Spec-to-RTL/Prob111_fsm2s/generation_log.jsonl,,ok,1,llama3_baseline_clean_results/VerilogEval-Spec-to-RTL/Prob111_fsm2s/generation_log.jsonl,/workspace/exp/diversity_check/aspdac2026_submission_source/REvolution-aspdac2026-submission/exp
27,generation_log,1,[],0,{},0,0,/workspace/exp/diversity_check/aspdac2026_submission_source/REvolution-aspdac2026-submission/exp/llama3_baseline_clean_results/VerilogEval-Spec-to-RTL/Prob112_always_case2/generation_log.jsonl,,ok,1,llama3_baseline_clean_results/VerilogEval-Spec-to-RTL/Prob112_always_case2/generation_log.jsonl,/workspace/exp/diversity_check/aspdac2026_submission_source/REvolution-aspdac2026-submission/exp
115,generation_log,1,[],0,{},0,7,/workspace/exp/diversity_check/aspdac2026_submission_source/REvolution-aspdac2026-submission/exp/llama3_baseline_clean_results/VerilogEval-Spec-to-RTL/Prob113_2012_q1g/generation_log.jsonl,,ok,1,llama3_baseline_clean_results/VerilogEval-Spec-to-RTL/Prob113_2012_q1g/generation_log.jsonl,/workspace/exp/diversity_check/aspdac2026_submission_source/REvolution-aspdac2026-submission/exp
27,generation_log,1,[],0,{},0,0,/workspace/exp/diversity_check/aspdac2026_submission_source/REvolution-aspdac2026-submission/exp/llama3_baseline_clean_results/VerilogEval-Spec-to-RTL/Prob114_bugs_case/generation_log.jsonl,,ok,1,llama3_baseline_clean_results/VerilogEval-Spec-to-RTL/Prob114_bugs_case/generation_log.jsonl,/workspace/exp/diversity_check/aspdac2026_submission_source/REvolution-aspdac2026-submission/exp
619,generation_log,1,[],0,{},0,63,/workspace/exp/diversity_check/aspdac2026_submission_source/REvolution-aspdac2026-submission/exp/llama3_baseline_clean_results/VerilogEval-Spec-to-RTL/Prob115_shift18/generation_log.jsonl,,ok,1,llama3_baseline_clean_results/VerilogEval-Spec-to-RTL/Prob115_shift18/generation_log.jsonl,/workspace/exp/diversity_check/aspdac2026_submission_source/REvolution-aspdac2026-submission/exp
27,generation_log,1,[],0,{},0,0,/workspace/exp/diversity_check/aspdac2026_submission_source/REvolution-aspdac2026-submission/exp/llama3_baseline_clean_results/VerilogEval-Spec-to-RTL/Prob116_m2014_q3/generation_log.jsonl,,ok,1,llama3_baseline_clean_results/VerilogEval-Spec-to-RTL/Prob116_m2014_q3/generation_log.jsonl,/workspace/exp/diversity_check/aspdac2026_submission_source/REvolution-aspdac2026-submission/exp
151,generation_log,1,[],0,{},0,11,/workspace/exp/diversity_check/aspdac2026_submission_source/REvolution-aspdac2026-submission/exp/llama3_baseline_clean_results/VerilogEval-Spec-to-RTL/Prob117_circuit9/generation_log.jsonl,,ok,1,llama3_baseline_clean_results/VerilogEval-Spec-to-RTL/Prob117_circuit9/generation_log.jsonl,/workspace/exp/diversity_check/aspdac2026_submission_source/REvolution-aspdac2026-submission/exp
1564,generation_log,1,[],0,{},0,168,/workspace/exp/diversity_check/aspdac2026_submission_source/REvolution-aspdac2026-submission/exp/llama3_baseline_clean_results/VerilogEval-Spec-to-RTL/Prob118_history_shift/generation_log.jsonl,,ok,1,llama3_baseline_clean_results/VerilogEval-Spec-to-RTL/Prob118_history_shift/generation_log.jsonl,/workspace/exp/diversity_check/aspdac2026_submission_source/REvolution-aspdac2026-submission/exp
403,generation_log,1,[],0,{},0,39,/workspace/exp/diversity_check/aspdac2026_submission_source/REvolution-aspdac2026-submission/exp/llama3_baseline_clean_results/VerilogEval-Spec-to-RTL/Prob119_fsm3/generation_log.jsonl,,ok,1,llama3_baseline_clean_results/VerilogEval-Spec-to-RTL/Prob119_fsm3/generation_log.jsonl,/workspace/exp/diversity_check/aspdac2026_submission_source/REvolution-aspdac2026-submission/exp
304,generation_log,1,[],0,{},0,28,/workspace/exp/diversity_check/aspdac2026_submission_source/REvolution-aspdac2026-submission/exp/llama3_baseline_clean_results/VerilogEval-Spec-to-RTL/Prob120_fsm3s/generation_log.jsonl,,ok,1,llama3_baseline_clean_results/VerilogEval-Spec-to-RTL/Prob120_fsm3s/generation_log.jsonl,/workspace/exp/diversity_check/aspdac2026_submission_source/REvolution-aspdac2026-submission/exp
907,generation_log,1,[],0,{},0,95,/workspace/exp/diversity_check/aspdac2026_submission_source/REvolution-aspdac2026-submission/exp/llama3_baseline_clean_results/VerilogEval-Spec-to-RTL/Prob121_2014_q3bfsm/generation_log.jsonl,,ok,1,llama3_baseline_clean_results/VerilogEval-Spec-to-RTL/Prob121_2014_q3bfsm/generation_log.jsonl,/workspace/exp/diversity_check/aspdac2026_submission_source/REvolution-aspdac2026-submission/exp
286,generation_log,1,[],0,{},0,26,/workspace/exp/diversity_check/aspdac2026_submission_source/REvolution-aspdac2026-submission/exp/llama3_baseline_clean_results/VerilogEval-Spec-to-RTL/Prob122_kmap4/generation_log.jsonl,,ok,1,llama3_baseline_clean_results/VerilogEval-Spec-to-RTL/Prob122_kmap4/generation_log.jsonl,/workspace/exp/diversity_check/aspdac2026_submission_source/REvolution-aspdac2026-submission/exp
1384,generation_log,1,[],0,{},0,148,/workspace/exp/diversity_check/aspdac2026_submission_source/REvolution-aspdac2026-submission/exp/llama3_baseline_clean_results/VerilogEval-Spec-to-RTL/Prob123_bugs_addsubz/generation_log.jsonl,,ok,1,llama3_baseline_clean_results/VerilogEval-Spec-to-RTL/Prob123_bugs_addsubz/generation_log.jsonl,/workspace/exp/diversity_check/aspdac2026_submission_source/REvolution-aspdac2026-submission/exp
27,generation_log,1,[],0,{},0,0,/workspace/exp/diversity_check/aspdac2026_submission_source/REvolution-aspdac2026-submission/exp/llama3_baseline_clean_results/VerilogEval-Spec-to-RTL/Prob124_rule110/generation_log.jsonl,,ok,1,llama3_baseline_clean_results/VerilogEval-Spec-to-RTL/Prob124_rule110/generation_log.jsonl,/workspace/exp/diversity_check/aspdac2026_submission_source/REvolution-aspdac2026-submission/exp
79,generation_log,1,[],0,{},0,3,/workspace/exp/diversity_check/aspdac2026_submission_source/REvolution-aspdac2026-submission/exp/llama3_baseline_clean_results/VerilogEval-Spec-to-RTL/Prob125_kmap3/generation_log.jsonl,,ok,1,llama3_baseline_clean_results/VerilogEval-Spec-to-RTL/Prob125_kmap3/generation_log.jsonl,/workspace/exp/diversity_check/aspdac2026_submission_source/REvolution-aspdac2026-submission/exp
295,generation_log,1,[],0,{},0,27,/workspace/exp/diversity_check/aspdac2026_submission_source/REvolution-aspdac2026-submission/exp/llama3_baseline_clean_results/VerilogEval-Spec-to-RTL/Prob126_circuit6/generation_log.jsonl,,ok,1,llama3_baseline_clean_results/VerilogEval-Spec-to-RTL/Prob126_circuit6/generation_log.jsonl,/workspace/exp/diversity_check/aspdac2026_submission_source/REvolution-aspdac2026-submission/exp
574,generation_log,1,[],0,{},0,58,/workspace/exp/diversity_check/aspdac2026_submission_source/REvolution-aspdac2026-submission/exp/llama3_baseline_clean_results/VerilogEval-Spec-to-RTL/Prob127_lemmings1/generation_log.jsonl,,ok,1,llama3_baseline_clean_results/VerilogEval-Spec-to-RTL/Prob127_lemmings1/generation_log.jsonl,/workspace/exp/diversity_check/aspdac2026_submission_source/REvolution-aspdac2026-submission/exp
106,generation_log,1,[],0,{},0,6,/workspace/exp/diversity_check/aspdac2026_submission_source/REvolution-aspdac2026-submission/exp/llama3_baseline_clean_results/VerilogEval-Spec-to-RTL/Prob128_fsm_ps2/generation_log.jsonl,,ok,1,llama3_baseline_clean_results/VerilogEval-Spec-to-RTL/Prob128_fsm_ps2/generation_log.jsonl,/workspace/exp/diversity_check/aspdac2026_submission_source/REvolution-aspdac2026-submission/exp
340,generation_log,1,[],0,{},0,32,/workspace/exp/diversity_check/aspdac2026_submission_source/REvolution-aspdac2026-submission/exp/llama3_baseline_clean_results/VerilogEval-Spec-to-RTL/Prob129_ece241_2013_q8/generation_log.jsonl,,ok,1,llama3_baseline_clean_results/VerilogEval-Spec-to-RTL/Prob129_ece241_2013_q8/generation_log.jsonl,/workspace/exp/diversity_check/aspdac2026_submission_source/REvolution-aspdac2026-submission/exp
61,generation_log,1,[],0,{},0,1,/workspace/exp/diversity_check/aspdac2026_submission_source/REvolution-aspdac2026-submission/exp/llama3_baseline_clean_results/VerilogEval-Spec-to-RTL/Prob130_circuit5/generation_log.jsonl,,ok,1,llama3_baseline_clean_results/VerilogEval-Spec-to-RTL/Prob130_circuit5/generation_log.jsonl,/workspace/exp/diversity_check/aspdac2026_submission_source/REvolution-aspdac2026-submission/exp
27,generation_log,1,[],0,{},0,0,/workspace/exp/diversity_check/aspdac2026_submission_source/REvolution-aspdac2026-submission/exp/llama3_baseline_clean_results/VerilogEval-Spec-to-RTL/Prob131_mt2015_q4/generation_log.jsonl,,ok,1,llama3_baseline_clean_results/VerilogEval-Spec-to-RTL/Prob131_mt2015_q4/generation_log.jsonl,/workspace/exp/diversity_check/aspdac2026_submission_source/REvolution-aspdac2026-submission/exp
1375,generation_log,1,[],0,{},0,147,/workspace/exp/diversity_check/aspdac2026_submission_source/REvolution-aspdac2026-submission/exp/llama3_baseline_clean_results/VerilogEval-Spec-to-RTL/Prob132_always_if2/generation_log.jsonl,,ok,1,llama3_baseline_clean_results/VerilogEval-Spec-to-RTL/Prob132_always_if2/generation_log.jsonl,/workspace/exp/diversity_check/aspdac2026_submission_source/REvolution-aspdac2026-submission/exp
27,generation_log,1,[],0,{},0,0,/workspace/exp/diversity_check/aspdac2026_submission_source/REvolution-aspdac2026-submission/exp/llama3_baseline_clean_results/VerilogEval-Spec-to-RTL/Prob133_2014_q3fsm/generation_log.jsonl,,ok,1,llama3_baseline_clean_results/VerilogEval-Spec-to-RTL/Prob133_2014_q3fsm/generation_log.jsonl,/workspace/exp/diversity_check/aspdac2026_submission_source/REvolution-aspdac2026-submission/exp
27,generation_log,1,[],0,{},0,0,/workspace/exp/diversity_check/aspdac2026_submission_source/REvolution-aspdac2026-submission/exp/llama3_baseline_clean_results/VerilogEval-Spec-to-RTL/Prob134_2014_q3c/generation_log.jsonl,,ok,1,llama3_baseline_clean_results/VerilogEval-Spec-to-RTL/Prob134_2014_q3c/generation_log.jsonl,/workspace/exp/diversity_check/aspdac2026_submission_source/REvolution-aspdac2026-submission/exp
27,generation_log,1,[],0,{},0,0,/workspace/exp/diversity_check/aspdac2026_submission_source/REvolution-aspdac2026-submission/exp/llama3_baseline_clean_results/VerilogEval-Spec-to-RTL/Prob135_m2014_q6b/generation_log.jsonl,,ok,1,llama3_baseline_clean_results/VerilogEval-Spec-to-RTL/Prob135_m2014_q6b/generation_log.jsonl,/workspace/exp/diversity_check/aspdac2026_submission_source/REvolution-aspdac2026-submission/exp
205,generation_log,1,[],0,{},0,17,/workspace/exp/diversity_check/aspdac2026_submission_source/REvolution-aspdac2026-submission/exp/llama3_baseline_clean_results/VerilogEval-Spec-to-RTL/Prob136_m2014_q6/generation_log.jsonl,,ok,1,llama3_baseline_clean_results/VerilogEval-Spec-to-RTL/Prob136_m2014_q6/generation_log.jsonl,/workspace/exp/diversity_check/aspdac2026_submission_source/REvolution-aspdac2026-submission/exp
27,generation_log,1,[],0,{},0,0,/workspace/exp/diversity_check/aspdac2026_submission_source/REvolution-aspdac2026-submission/exp/llama3_baseline_clean_results/VerilogEval-Spec-to-RTL/Prob137_fsm_serial/generation_log.jsonl,,ok,1,llama3_baseline_clean_results/VerilogEval-Spec-to-RTL/Prob137_fsm_serial/generation_log.jsonl,/workspace/exp/diversity_check/aspdac2026_submission_source/REvolution-aspdac2026-submission/exp
979,generation_log,1,[],0,{},0,103,/workspace/exp/diversity_check/aspdac2026_submission_source/REvolution-aspdac2026-submission/exp/llama3_baseline_clean_results/VerilogEval-Spec-to-RTL/Prob138_2012_q2fsm/generation_log.jsonl,,ok,1,llama3_baseline_clean_results/VerilogEval-Spec-to-RTL/Prob138_2012_q2fsm/generation_log.jsonl,/workspace/exp/diversity_check/aspdac2026_submission_source/REvolution-aspdac2026-submission/exp
27,generation_log,1,[],0,{},0,0,/workspace/exp/diversity_check/aspdac2026_submission_source/REvolution-aspdac2026-submission/exp/llama3_baseline_clean_results/VerilogEval-Spec-to-RTL/Prob139_2013_q2bfsm/generation_log.jsonl,,ok,1,llama3_baseline_clean_results/VerilogEval-Spec-to-RTL/Prob139_2013_q2bfsm/generation_log.jsonl,/workspace/exp/diversity_check/aspdac2026_submission_source/REvolution-aspdac2026-submission/exp
27,generation_log,1,[],0,{},0,0,/workspace/exp/diversity_check/aspdac2026_submission_source/REvolution-aspdac2026-submission/exp/llama3_baseline_clean_results/VerilogEval-Spec-to-RTL/Prob140_fsm_hdlc/generation_log.jsonl,,ok,1,llama3_baseline_clean_results/VerilogEval-Spec-to-RTL/Prob140_fsm_hdlc/generation_log.jsonl,/workspace/exp/diversity_check/aspdac2026_submission_source/REvolution-aspdac2026-submission/exp
27,generation_log,1,[],0,{},0,0,/workspace/exp/diversity_check/aspdac2026_submission_source/REvolution-aspdac2026-submission/exp/llama3_baseline_clean_results/VerilogEval-Spec-to-RTL/Prob141_count_clock/generation_log.jsonl,,ok,1,llama3_baseline_clean_results/VerilogEval-Spec-to-RTL/Prob141_count_clock/generation_log.jsonl,/workspace/exp/diversity_check/aspdac2026_submission_source/REvolution-aspdac2026-submission/exp
88,generation_log,1,[],0,{},0,4,/workspace/exp/diversity_check/aspdac2026_submission_source/REvolution-aspdac2026-submission/exp/llama3_baseline_clean_results/VerilogEval-Spec-to-RTL/Prob142_lemmings2/generation_log.jsonl,,ok,1,llama3_baseline_clean_results/VerilogEval-Spec-to-RTL/Prob142_lemmings2/generation_log.jsonl,/workspace/exp/diversity_check/aspdac2026_submission_source/REvolution-aspdac2026-submission/exp
142,generation_log,1,[],0,{},0,10,/workspace/exp/diversity_check/aspdac2026_submission_source/REvolution-aspdac2026-submission/exp/llama3_baseline_clean_results/VerilogEval-Spec-to-RTL/Prob143_fsm_onehot/generation_log.jsonl,,ok,1,llama3_baseline_clean_results/VerilogEval-Spec-to-RTL/Prob143_fsm_onehot/generation_log.jsonl,/workspace/exp/diversity_check/aspdac2026_submission_source/REvolution-aspdac2026-submission/exp
205,generation_log,1,[],0,{},0,17,/workspace/exp/diversity_check/aspdac2026_submission_source/REvolution-aspdac2026-submission/exp/llama3_baseline_clean_results/VerilogEval-Spec-to-RTL/Prob144_conwaylife/generation_log.jsonl,,ok,1,llama3_baseline_clean_results/VerilogEval-Spec-to-RTL/Prob144_conwaylife/generation_log.jsonl,/workspace/exp/diversity_check/aspdac2026_submission_source/REvolution-aspdac2026-submission/exp
27,generation_log,1,[],0,{},0,0,/workspace/exp/diversity_check/aspdac2026_submission_source/REvolution-aspdac2026-submission/exp/llama3_baseline_clean_results/VerilogEval-Spec-to-RTL/Prob145_circuit8/generation_log.jsonl,,ok,1,llama3_baseline_clean_results/VerilogEval-Spec-to-RTL/Prob145_circuit8/generation_log.jsonl,/workspace/exp/diversity_check/aspdac2026_submission_source/REvolution-aspdac2026-submission/exp
27,generation_log,1,[],0,{},0,0,/workspace/exp/diversity_check/aspdac2026_submission_source/REvolution-aspdac2026-submission/exp/llama3_baseline_clean_results/VerilogEval-Spec-to-RTL/Prob146_fsm_serialdata/generation_log.jsonl,,ok,1,llama3_baseline_clean_results/VerilogEval-Spec-to-RTL/Prob146_fsm_serialdata/generation_log.jsonl,/workspace/exp/diversity_check/aspdac2026_submission_source/REvolution-aspdac2026-submission/exp
27,generation_log,1,[],0,{},0,0,/workspace/exp/diversity_check/aspdac2026_submission_source/REvolution-aspdac2026-submission/exp/llama3_baseline_clean_results/VerilogEval-Spec-to-RTL/Prob147_circuit10/generation_log.jsonl,,ok,1,llama3_baseline_clean_results/VerilogEval-Spec-to-RTL/Prob147_circuit10/generation_log.jsonl,/workspace/exp/diversity_check/aspdac2026_submission_source/REvolution-aspdac2026-submission/exp
124,generation_log,1,[],0,{},0,8,/workspace/exp/diversity_check/aspdac2026_submission_source/REvolution-aspdac2026-submission/exp/llama3_baseline_clean_results/VerilogEval-Spec-to-RTL/Prob148_2013_q2afsm/generation_log.jsonl,,ok,1,llama3_baseline_clean_results/VerilogEval-Spec-to-RTL/Prob148_2013_q2afsm/generation_log.jsonl,/workspace/exp/diversity_check/aspdac2026_submission_source/REvolution-aspdac2026-submission/exp
27,generation_log,1,[],0,{},0,0,/workspace/exp/diversity_check/aspdac2026_submission_source/REvolution-aspdac2026-submission/exp/llama3_baseline_clean_results/VerilogEval-Spec-to-RTL/Prob149_ece241_2013_q4/generation_log.jsonl,,ok,1,llama3_baseline_clean_results/VerilogEval-Spec-to-RTL/Prob149_ece241_2013_q4/generation_log.jsonl,/workspace/exp/diversity_check/aspdac2026_submission_source/REvolution-aspdac2026-submission/exp
106,generation_log,1,[],0,{},0,6,/workspace/exp/diversity_check/aspdac2026_submission_source/REvolution-aspdac2026-submission/exp/llama3_baseline_clean_results/VerilogEval-Spec-to-RTL/Prob150_review2015_fsmonehot/generation_log.jsonl,,ok,1,llama3_baseline_clean_results/VerilogEval-Spec-to-RTL/Prob150_review2015_fsmonehot/generation_log.jsonl,/workspace/exp/diversity_check/aspdac2026_submission_source/REvolution-aspdac2026-submission/exp
27,generation_log,1,[],0,{},0,0,/workspace/exp/diversity_check/aspdac2026_submission_source/REvolution-aspdac2026-submission/exp/llama3_baseline_clean_results/VerilogEval-Spec-to-RTL/Prob151_review2015_fsm/generation_log.jsonl,,ok,1,llama3_baseline_clean_results/VerilogEval-Spec-to-RTL/Prob151_review2015_fsm/generation_log.jsonl,/workspace/exp/diversity_check/aspdac2026_submission_source/REvolution-aspdac2026-submission/exp
115,generation_log,1,[],0,{},0,7,/workspace/exp/diversity_check/aspdac2026_submission_source/REvolution-aspdac2026-submission/exp/llama3_baseline_clean_results/VerilogEval-Spec-to-RTL/Prob152_lemmings3/generation_log.jsonl,,ok,1,llama3_baseline_clean_results/VerilogEval-Spec-to-RTL/Prob152_lemmings3/generation_log.jsonl,/workspace/exp/diversity_check/aspdac2026_submission_source/REvolution-aspdac2026-submission/exp
27,generation_log,1,[],0,{},0,0,/workspace/exp/diversity_check/aspdac2026_submission_source/REvolution-aspdac2026-submission/exp/llama3_baseline_clean_results/VerilogEval-Spec-to-RTL/Prob153_gshare/generation_log.jsonl,,ok,1,llama3_baseline_clean_results/VerilogEval-Spec-to-RTL/Prob153_gshare/generation_log.jsonl,/workspace/exp/diversity_check/aspdac2026_submission_source/REvolution-aspdac2026-submission/exp
115,generation_log,1,[],0,{},0,7,/workspace/exp/diversity_check/aspdac2026_submission_source/REvolution-aspdac2026-submission/exp/llama3_baseline_clean_results/VerilogEval-Spec-to-RTL/Prob154_fsm_ps2data/generation_log.jsonl,,ok,1,llama3_baseline_clean_results/VerilogEval-Spec-to-RTL/Prob154_fsm_ps2data/generation_log.jsonl,/workspace/exp/diversity_check/aspdac2026_submission_source/REvolution-aspdac2026-submission/exp
27,generation_log,1,[],0,{},0,0,/workspace/exp/diversity_check/aspdac2026_submission_source/REvolution-aspdac2026-submission/exp/llama3_baseline_clean_results/VerilogEval-Spec-to-RTL/Prob155_lemmings4/generation_log.jsonl,,ok,1,llama3_baseline_clean_results/VerilogEval-Spec-to-RTL/Prob155_lemmings4/generation_log.jsonl,/workspace/exp/diversity_check/aspdac2026_submission_source/REvolution-aspdac2026-submission/exp
27,generation_log,1,[],0,{},0,0,/workspace/exp/diversity_check/aspdac2026_submission_source/REvolution-aspdac2026-submission/exp/llama3_baseline_clean_results/VerilogEval-Spec-to-RTL/Prob156_review2015_fancytimer/generation_log.jsonl,,ok,1,llama3_baseline_clean_results/VerilogEval-Spec-to-RTL/Prob156_review2015_fancytimer/generation_log.jsonl,/workspace/exp/diversity_check/aspdac2026_submission_source/REvolution-aspdac2026-submission/exp
246,generation_log,21,[],0,{},0,58,/workspace/exp/diversity_check/aspdac2026_submission_source/REvolution-aspdac2026-submission/exp/llama3_clean_results/RTLLM/Prob001_accu/generation_log.jsonl,,ok,21,llama3_clean_results/RTLLM/Prob001_accu/generation_log.jsonl,/workspace/exp/diversity_check/aspdac2026_submission_source/REvolution-aspdac2026-submission/exp
288,generation_log,21,[],0,{},0,140,/workspace/exp/diversity_check/aspdac2026_submission_source/REvolution-aspdac2026-submission/exp/llama3_clean_results/RTLLM/Prob002_adder_16bit/generation_log.jsonl,,ok,21,llama3_clean_results/RTLLM/Prob002_adder_16bit/generation_log.jsonl,/workspace/exp/diversity_check/aspdac2026_submission_source/REvolution-aspdac2026-submission/exp
286,generation_log,21,[],0,{},0,132,/workspace/exp/diversity_check/aspdac2026_submission_source/REvolution-aspdac2026-submission/exp/llama3_clean_results/RTLLM/Prob003_adder_32bit/generation_log.jsonl,,ok,21,llama3_clean_results/RTLLM/Prob003_adder_32bit/generation_log.jsonl,/workspace/exp/diversity_check/aspdac2026_submission_source/REvolution-aspdac2026-submission/exp
250,generation_log,21,[],0,{},0,97,/workspace/exp/diversity_check/aspdac2026_submission_source/REvolution-aspdac2026-submission/exp/llama3_clean_results/RTLLM/Prob004_adder_8bit/generation_log.jsonl,,ok,21,llama3_clean_results/RTLLM/Prob004_adder_8bit/generation_log.jsonl,/workspace/exp/diversity_check/aspdac2026_submission_source/REvolution-aspdac2026-submission/exp
286,generation_log,21,[],0,{},0,117,/workspace/exp/diversity_check/aspdac2026_submission_source/REvolution-aspdac2026-submission/exp/llama3_clean_results/RTLLM/Prob005_adder_bcd/generation_log.jsonl,,ok,21,llama3_clean_results/RTLLM/Prob005_adder_bcd/generation_log.jsonl,/workspace/exp/diversity_check/aspdac2026_submission_source/REvolution-aspdac2026-submission/exp
77,generation_log,21,[],0,{},0,0,/workspace/exp/diversity_check/aspdac2026_submission_source/REvolution-aspdac2026-submission/exp/llama3_clean_results/RTLLM/Prob006_adder_pipe_64bit/generation_log.jsonl,,ok,21,llama3_clean_results/RTLLM/Prob006_adder_pipe_64bit/generation_log.jsonl,/workspace/exp/diversity_check/aspdac2026_submission_source/REvolution-aspdac2026-submission/exp
263,generation_log,21,[],0,{},0,179,/workspace/exp/diversity_check/aspdac2026_submission_source/REvolution-aspdac2026-submission/exp/llama3_clean_results/RTLLM/Prob007_comparator_3bit/generation_log.jsonl,,ok,21,llama3_clean_results/RTLLM/Prob007_comparator_3bit/generation_log.jsonl,/workspace/exp/diversity_check/aspdac2026_submission_source/REvolution-aspdac2026-submission/exp
286,generation_log,21,[],0,{},0,156,/workspace/exp/diversity_check/aspdac2026_submission_source/REvolution-aspdac2026-submission/exp/llama3_clean_results/RTLLM/Prob008_comparator_4bit/generation_log.jsonl,,ok,21,llama3_clean_results/RTLLM/Prob008_comparator_4bit/generation_log.jsonl,/workspace/exp/diversity_check/aspdac2026_submission_source/REvolution-aspdac2026-submission/exp
182,generation_log,21,[],0,{},0,14,/workspace/exp/diversity_check/aspdac2026_submission_source/REvolution-aspdac2026-submission/exp/llama3_clean_results/RTLLM/Prob009_div_16bit/generation_log.jsonl,,ok,21,llama3_clean_results/RTLLM/Prob009_div_16bit/generation_log.jsonl,/workspace/exp/diversity_check/aspdac2026_submission_source/REvolution-aspdac2026-submission/exp
77,generation_log,21,[],0,{},0,0,/workspace/exp/diversity_check/aspdac2026_submission_source/REvolution-aspdac2026-submission/exp/llama3_clean_results/RTLLM/Prob010_radix2_div/generation_log.jsonl,,ok,21,llama3_clean_results/RTLLM/Prob010_radix2_div/generation_log.jsonl,/workspace/exp/diversity_check/aspdac2026_submission_source/REvolution-aspdac2026-submission/exp
278,generation_log,21,[],0,{},0,103,/workspace/exp/diversity_check/aspdac2026_submission_source/REvolution-aspdac2026-submission/exp/llama3_clean_results/RTLLM/Prob011_multi_16bit/generation_log.jsonl,,ok,21,llama3_clean_results/RTLLM/Prob011_multi_16bit/generation_log.jsonl,/workspace/exp/diversity_check/aspdac2026_submission_source/REvolution-aspdac2026-submission/exp
278,generation_log,21,[],0,{},0,120,/workspace/exp/diversity_check/aspdac2026_submission_source/REvolution-aspdac2026-submission/exp/llama3_clean_results/RTLLM/Prob012_multi_8bit/generation_log.jsonl,,ok,21,llama3_clean_results/RTLLM/Prob012_multi_8bit/generation_log.jsonl,/workspace/exp/diversity_check/aspdac2026_submission_source/REvolution-aspdac2026-submission/exp
241,generation_log,21,[],0,{},0,57,/workspace/exp/diversity_check/aspdac2026_submission_source/REvolution-aspdac2026-submission/exp/llama3_clean_results/RTLLM/Prob013_multi_booth_8bit/generation_log.jsonl,,ok,21,llama3_clean_results/RTLLM/Prob013_multi_booth_8bit/generation_log.jsonl,/workspace/exp/diversity_check/aspdac2026_submission_source/REvolution-aspdac2026-submission/exp
77,generation_log,21,[],0,{},0,0,/workspace/exp/diversity_check/aspdac2026_submission_source/REvolution-aspdac2026-submission/exp/llama3_clean_results/RTLLM/Prob014_multi_pipe_4bit/generation_log.jsonl,,ok,21,llama3_clean_results/RTLLM/Prob014_multi_pipe_4bit/generation_log.jsonl,/workspace/exp/diversity_check/aspdac2026_submission_source/REvolution-aspdac2026-submission/exp
159,generation_log,21,[],0,{},0,4,/workspace/exp/diversity_check/aspdac2026_submission_source/REvolution-aspdac2026-submission/exp/llama3_clean_results/RTLLM/Prob015_multi_pipe_8bit/generation_log.jsonl,,ok,21,llama3_clean_results/RTLLM/Prob015_multi_pipe_8bit/generation_log.jsonl,/workspace/exp/diversity_check/aspdac2026_submission_source/REvolution-aspdac2026-submission/exp
77,generation_log,21,[],0,{},0,0,/workspace/exp/diversity_check/aspdac2026_submission_source/REvolution-aspdac2026-submission/exp/llama3_clean_results/RTLLM/Prob016_fixed_point_adder/generation_log.jsonl,,ok,21,llama3_clean_results/RTLLM/Prob016_fixed_point_adder/generation_log.jsonl,/workspace/exp/diversity_check/aspdac2026_submission_source/REvolution-aspdac2026-submission/exp
77,generation_log,21,[],0,{},0,0,/workspace/exp/diversity_check/aspdac2026_submission_source/REvolution-aspdac2026-submission/exp/llama3_clean_results/RTLLM/Prob017_fixed_point_substractor/generation_log.jsonl,,ok,21,llama3_clean_results/RTLLM/Prob017_fixed_point_substractor/generation_log.jsonl,/workspace/exp/diversity_check/aspdac2026_submission_source/REvolution-aspdac2026-submission/exp
128,generation_log,21,[],0,{},0,2,/workspace/exp/diversity_check/aspdac2026_submission_source/REvolution-aspdac2026-submission/exp/llama3_clean_results/RTLLM/Prob018_float_multi/generation_log.jsonl,,ok,21,llama3_clean_results/RTLLM/Prob018_float_multi/generation_log.jsonl,/workspace/exp/diversity_check/aspdac2026_submission_source/REvolution-aspdac2026-submission/exp
267,generation_log,21,[],0,{},0,184,/workspace/exp/diversity_check/aspdac2026_submission_source/REvolution-aspdac2026-submission/exp/llama3_clean_results/RTLLM/Prob019_sub_64bit/generation_log.jsonl,,ok,21,llama3_clean_results/RTLLM/Prob019_sub_64bit/generation_log.jsonl,/workspace/exp/diversity_check/aspdac2026_submission_source/REvolution-aspdac2026-submission/exp
260,generation_log,21,[],0,{},0,152,/workspace/exp/diversity_check/aspdac2026_submission_source/REvolution-aspdac2026-submission/exp/llama3_clean_results/RTLLM/Prob020_JC_counter/generation_log.jsonl,,ok,21,llama3_clean_results/RTLLM/Prob020_JC_counter/generation_log.jsonl,/workspace/exp/diversity_check/aspdac2026_submission_source/REvolution-aspdac2026-submission/exp
294,generation_log,21,[],0,{},0,161,/workspace/exp/diversity_check/aspdac2026_submission_source/REvolution-aspdac2026-submission/exp/llama3_clean_results/RTLLM/Prob021_counter_12/generation_log.jsonl,,ok,21,llama3_clean_results/RTLLM/Prob021_counter_12/generation_log.jsonl,/workspace/exp/diversity_check/aspdac2026_submission_source/REvolution-aspdac2026-submission/exp
77,generation_log,21,[],0,{},0,0,/workspace/exp/diversity_check/aspdac2026_submission_source/REvolution-aspdac2026-submission/exp/llama3_clean_results/RTLLM/Prob022_ring_counter/generation_log.jsonl,,ok,21,llama3_clean_results/RTLLM/Prob022_ring_counter/generation_log.jsonl,/workspace/exp/diversity_check/aspdac2026_submission_source/REvolution-aspdac2026-submission/exp
260,generation_log,21,[],0,{},0,163,/workspace/exp/diversity_check/aspdac2026_submission_source/REvolution-aspdac2026-submission/exp/llama3_clean_results/RTLLM/Prob023_up_down_counter/generation_log.jsonl,,ok,21,llama3_clean_results/RTLLM/Prob023_up_down_counter/generation_log.jsonl,/workspace/exp/diversity_check/aspdac2026_submission_source/REvolution-aspdac2026-submission/exp
182,generation_log,21,[],0,{},0,11,/workspace/exp/diversity_check/aspdac2026_submission_source/REvolution-aspdac2026-submission/exp/llama3_clean_results/RTLLM/Prob024_fsm/generation_log.jsonl,,ok,21,llama3_clean_results/RTLLM/Prob024_fsm/generation_log.jsonl,/workspace/exp/diversity_check/aspdac2026_submission_source/REvolution-aspdac2026-submission/exp
228,generation_log,21,[],0,{},0,21,/workspace/exp/diversity_check/aspdac2026_submission_source/REvolution-aspdac2026-submission/exp/llama3_clean_results/RTLLM/Prob025_sequence_detector/generation_log.jsonl,,ok,21,llama3_clean_results/RTLLM/Prob025_sequence_detector/generation_log.jsonl,/workspace/exp/diversity_check/aspdac2026_submission_source/REvolution-aspdac2026-submission/exp
77,generation_log,21,[],0,{},0,0,/workspace/exp/diversity_check/aspdac2026_submission_source/REvolution-aspdac2026-submission/exp/llama3_clean_results/RTLLM/Prob026_asyn_fifo/generation_log.jsonl,,ok,21,llama3_clean_results/RTLLM/Prob026_asyn_fifo/generation_log.jsonl,/workspace/exp/diversity_check/aspdac2026_submission_source/REvolution-aspdac2026-submission/exp
241,generation_log,21,[],0,{},0,60,/workspace/exp/diversity_check/aspdac2026_submission_source/REvolution-aspdac2026-submission/exp/llama3_clean_results/RTLLM/Prob027_LIFObuffer/generation_log.jsonl,,ok,21,llama3_clean_results/RTLLM/Prob027_LIFObuffer/generation_log.jsonl,/workspace/exp/diversity_check/aspdac2026_submission_source/REvolution-aspdac2026-submission/exp
77,generation_log,21,[],0,{},0,0,/workspace/exp/diversity_check/aspdac2026_submission_source/REvolution-aspdac2026-submission/exp/llama3_clean_results/RTLLM/Prob028_LFSR/generation_log.jsonl,,ok,21,llama3_clean_results/RTLLM/Prob028_LFSR/generation_log.jsonl,/workspace/exp/diversity_check/aspdac2026_submission_source/REvolution-aspdac2026-submission/exp
231,generation_log,21,[],0,{},0,31,/workspace/exp/diversity_check/aspdac2026_submission_source/REvolution-aspdac2026-submission/exp/llama3_clean_results/RTLLM/Prob029_barrel_shifter/generation_log.jsonl,,ok,21,llama3_clean_results/RTLLM/Prob029_barrel_shifter/generation_log.jsonl,/workspace/exp/diversity_check/aspdac2026_submission_source/REvolution-aspdac2026-submission/exp
271,generation_log,21,[],0,{},0,170,/workspace/exp/diversity_check/aspdac2026_submission_source/REvolution-aspdac2026-submission/exp/llama3_clean_results/RTLLM/Prob030_right_shifter/generation_log.jsonl,,ok,21,llama3_clean_results/RTLLM/Prob030_right_shifter/generation_log.jsonl,/workspace/exp/diversity_check/aspdac2026_submission_source/REvolution-aspdac2026-submission/exp
223,generation_log,21,[],0,{},0,44,/workspace/exp/diversity_check/aspdac2026_submission_source/REvolution-aspdac2026-submission/exp/llama3_clean_results/RTLLM/Prob031_freq_div/generation_log.jsonl,,ok,21,llama3_clean_results/RTLLM/Prob031_freq_div/generation_log.jsonl,/workspace/exp/diversity_check/aspdac2026_submission_source/REvolution-aspdac2026-submission/exp
77,generation_log,21,[],0,{},0,0,/workspace/exp/diversity_check/aspdac2026_submission_source/REvolution-aspdac2026-submission/exp/llama3_clean_results/RTLLM/Prob032_freq_divbyeven/generation_log.jsonl,,ok,21,llama3_clean_results/RTLLM/Prob032_freq_divbyeven/generation_log.jsonl,/workspace/exp/diversity_check/aspdac2026_submission_source/REvolution-aspdac2026-submission/exp
77,generation_log,21,[],0,{},0,0,/workspace/exp/diversity_check/aspdac2026_submission_source/REvolution-aspdac2026-submission/exp/llama3_clean_results/RTLLM/Prob033_freq_divbyfrac/generation_log.jsonl,,ok,21,llama3_clean_results/RTLLM/Prob033_freq_divbyfrac/generation_log.jsonl,/workspace/exp/diversity_check/aspdac2026_submission_source/REvolution-aspdac2026-submission/exp
77,generation_log,21,[],0,{},0,0,/workspace/exp/diversity_check/aspdac2026_submission_source/REvolution-aspdac2026-submission/exp/llama3_clean_results/RTLLM/Prob034_freq_divbyodd/generation_log.jsonl,,ok,21,llama3_clean_results/RTLLM/Prob034_freq_divbyodd/generation_log.jsonl,/workspace/exp/diversity_check/aspdac2026_submission_source/REvolution-aspdac2026-submission/exp
261,generation_log,21,[],0,{},0,125,/workspace/exp/diversity_check/aspdac2026_submission_source/REvolution-aspdac2026-submission/exp/llama3_clean_results/RTLLM/Prob035_calendar/generation_log.jsonl,,ok,21,llama3_clean_results/RTLLM/Prob035_calendar/generation_log.jsonl,/workspace/exp/diversity_check/aspdac2026_submission_source/REvolution-aspdac2026-submission/exp
280,generation_log,21,[],0,{},0,161,/workspace/exp/diversity_check/aspdac2026_submission_source/REvolution-aspdac2026-submission/exp/llama3_clean_results/RTLLM/Prob036_edge_detect/generation_log.jsonl,,ok,21,llama3_clean_results/RTLLM/Prob036_edge_detect/generation_log.jsonl,/workspace/exp/diversity_check/aspdac2026_submission_source/REvolution-aspdac2026-submission/exp
264,generation_log,21,[],0,{},0,102,/workspace/exp/diversity_check/aspdac2026_submission_source/REvolution-aspdac2026-submission/exp/llama3_clean_results/RTLLM/Prob037_parallel2serial/generation_log.jsonl,,ok,21,llama3_clean_results/RTLLM/Prob037_parallel2serial/generation_log.jsonl,/workspace/exp/diversity_check/aspdac2026_submission_source/REvolution-aspdac2026-submission/exp
196,generation_log,21,[],0,{},0,11,/workspace/exp/diversity_check/aspdac2026_submission_source/REvolution-aspdac2026-submission/exp/llama3_clean_results/RTLLM/Prob038_pulse_detect/generation_log.jsonl,,ok,21,llama3_clean_results/RTLLM/Prob038_pulse_detect/generation_log.jsonl,/workspace/exp/diversity_check/aspdac2026_submission_source/REvolution-aspdac2026-submission/exp
237,generation_log,21,[],0,{},0,54,/workspace/exp/diversity_check/aspdac2026_submission_source/REvolution-aspdac2026-submission/exp/llama3_clean_results/RTLLM/Prob039_serial2parallel/generation_log.jsonl,,ok,21,llama3_clean_results/RTLLM/Prob039_serial2parallel/generation_log.jsonl,/workspace/exp/diversity_check/aspdac2026_submission_source/REvolution-aspdac2026-submission/exp
268,generation_log,21,[],0,{},0,178,/workspace/exp/diversity_check/aspdac2026_submission_source/REvolution-aspdac2026-submission/exp/llama3_clean_results/RTLLM/Prob040_synchronizer/generation_log.jsonl,,ok,21,llama3_clean_results/RTLLM/Prob040_synchronizer/generation_log.jsonl,/workspace/exp/diversity_check/aspdac2026_submission_source/REvolution-aspdac2026-submission/exp
264,generation_log,21,[],0,{},0,78,/workspace/exp/diversity_check/aspdac2026_submission_source/REvolution-aspdac2026-submission/exp/llama3_clean_results/RTLLM/Prob041_traffic_light/generation_log.jsonl,,ok,21,llama3_clean_results/RTLLM/Prob041_traffic_light/generation_log.jsonl,/workspace/exp/diversity_check/aspdac2026_submission_source/REvolution-aspdac2026-submission/exp
77,generation_log,21,[],0,{},0,0,/workspace/exp/diversity_check/aspdac2026_submission_source/REvolution-aspdac2026-submission/exp/llama3_clean_results/RTLLM/Prob042_width_8to16/generation_log.jsonl,,ok,21,llama3_clean_results/RTLLM/Prob042_width_8to16/generation_log.jsonl,/workspace/exp/diversity_check/aspdac2026_submission_source/REvolution-aspdac2026-submission/exp
261,generation_log,21,[],0,{},0,122,/workspace/exp/diversity_check/aspdac2026_submission_source/REvolution-aspdac2026-submission/exp/llama3_clean_results/RTLLM/Prob043_RAM/generation_log.jsonl,,ok,21,llama3_clean_results/RTLLM/Prob043_RAM/generation_log.jsonl,/workspace/exp/diversity_check/aspdac2026_submission_source/REvolution-aspdac2026-submission/exp
291,generation_log,21,[],0,{},0,151,/workspace/exp/diversity_check/aspdac2026_submission_source/REvolution-aspdac2026-submission/exp/llama3_clean_results/RTLLM/Prob044_ROM/generation_log.jsonl,,ok,21,llama3_clean_results/RTLLM/Prob044_ROM/generation_log.jsonl,/workspace/exp/diversity_check/aspdac2026_submission_source/REvolution-aspdac2026-submission/exp
77,generation_log,21,[],0,{},0,0,/workspace/exp/diversity_check/aspdac2026_submission_source/REvolution-aspdac2026-submission/exp/llama3_clean_results/RTLLM/Prob045_alu/generation_log.jsonl,,ok,21,llama3_clean_results/RTLLM/Prob045_alu/generation_log.jsonl,/workspace/exp/diversity_check/aspdac2026_submission_source/REvolution-aspdac2026-submission/exp
77,generation_log,21,[],0,{},0,0,/workspace/exp/diversity_check/aspdac2026_submission_source/REvolution-aspdac2026-submission/exp/llama3_clean_results/RTLLM/Prob046_clkgenerator/generation_log.jsonl,,ok,21,llama3_clean_results/RTLLM/Prob046_clkgenerator/generation_log.jsonl,/workspace/exp/diversity_check/aspdac2026_submission_source/REvolution-aspdac2026-submission/exp
273,generation_log,21,[],0,{},0,135,/workspace/exp/diversity_check/aspdac2026_submission_source/REvolution-aspdac2026-submission/exp/llama3_clean_results/RTLLM/Prob047_instr_reg/generation_log.jsonl,,ok,21,llama3_clean_results/RTLLM/Prob047_instr_reg/generation_log.jsonl,/workspace/exp/diversity_check/aspdac2026_submission_source/REvolution-aspdac2026-submission/exp
256,generation_log,21,[],0,{},0,123,/workspace/exp/diversity_check/aspdac2026_submission_source/REvolution-aspdac2026-submission/exp/llama3_clean_results/RTLLM/Prob048_pe/generation_log.jsonl,,ok,21,llama3_clean_results/RTLLM/Prob048_pe/generation_log.jsonl,/workspace/exp/diversity_check/aspdac2026_submission_source/REvolution-aspdac2026-submission/exp
282,generation_log,21,[],0,{},0,113,/workspace/exp/diversity_check/aspdac2026_submission_source/REvolution-aspdac2026-submission/exp/llama3_clean_results/RTLLM/Prob049_signal_generator/generation_log.jsonl,,ok,21,llama3_clean_results/RTLLM/Prob049_signal_generator/generation_log.jsonl,/workspace/exp/diversity_check/aspdac2026_submission_source/REvolution-aspdac2026-submission/exp
268,generation_log,21,[],0,{},0,193,/workspace/exp/diversity_check/aspdac2026_submission_source/REvolution-aspdac2026-submission/exp/llama3_clean_results/RTLLM/Prob050_square_wave/generation_log.jsonl,,ok,21,llama3_clean_results/RTLLM/Prob050_square_wave/generation_log.jsonl,/workspace/exp/diversity_check/aspdac2026_submission_source/REvolution-aspdac2026-submission/exp
264,generation_log,21,[],0,{},0,166,/workspace/exp/diversity_check/aspdac2026_submission_source/REvolution-aspdac2026-submission/exp/llama3_clean_results/VerilogEval-Spec-to-RTL/Prob001_zero/generation_log.jsonl,,ok,21,llama3_clean_results/VerilogEval-Spec-to-RTL/Prob001_zero/generation_log.jsonl,/workspace/exp/diversity_check/aspdac2026_submission_source/REvolution-aspdac2026-submission/exp
261,generation_log,21,[],0,{},0,173,/workspace/exp/diversity_check/aspdac2026_submission_source/REvolution-aspdac2026-submission/exp/llama3_clean_results/VerilogEval-Spec-to-RTL/Prob002_m2014_q4i/generation_log.jsonl,,ok,21,llama3_clean_results/VerilogEval-Spec-to-RTL/Prob002_m2014_q4i/generation_log.jsonl,/workspace/exp/diversity_check/aspdac2026_submission_source/REvolution-aspdac2026-submission/exp
282,generation_log,21,[],0,{},0,171,/workspace/exp/diversity_check/aspdac2026_submission_source/REvolution-aspdac2026-submission/exp/llama3_clean_results/VerilogEval-Spec-to-RTL/Prob003_step_one/generation_log.jsonl,,ok,21,llama3_clean_results/VerilogEval-Spec-to-RTL/Prob003_step_one/generation_log.jsonl,/workspace/exp/diversity_check/aspdac2026_submission_source/REvolution-aspdac2026-submission/exp
256,generation_log,21,[],0,{},0,152,/workspace/exp/diversity_check/aspdac2026_submission_source/REvolution-aspdac2026-submission/exp/llama3_clean_results/VerilogEval-Spec-to-RTL/Prob004_vector2/generation_log.jsonl,,ok,21,llama3_clean_results/VerilogEval-Spec-to-RTL/Prob004_vector2/generation_log.jsonl,/workspace/exp/diversity_check/aspdac2026_submission_source/REvolution-aspdac2026-submission/exp
267,generation_log,21,[],0,{},0,191,/workspace/exp/diversity_check/aspdac2026_submission_source/REvolution-aspdac2026-submission/exp/llama3_clean_results/VerilogEval-Spec-to-RTL/Prob005_notgate/generation_log.jsonl,,ok,21,llama3_clean_results/VerilogEval-Spec-to-RTL/Prob005_notgate/generation_log.jsonl,/workspace/exp/diversity_check/aspdac2026_submission_source/REvolution-aspdac2026-submission/exp
256,generation_log,21,[],0,{},0,88,/workspace/exp/diversity_check/aspdac2026_submission_source/REvolution-aspdac2026-submission/exp/llama3_clean_results/VerilogEval-Spec-to-RTL/Prob006_vectorr/generation_log.jsonl,,ok,21,llama3_clean_results/VerilogEval-Spec-to-RTL/Prob006_vectorr/generation_log.jsonl,/workspace/exp/diversity_check/aspdac2026_submission_source/REvolution-aspdac2026-submission/exp
261,generation_log,21,[],0,{},0,192,/workspace/exp/diversity_check/aspdac2026_submission_source/REvolution-aspdac2026-submission/exp/llama3_clean_results/VerilogEval-Spec-to-RTL/Prob007_wire/generation_log.jsonl,,ok,21,llama3_clean_results/VerilogEval-Spec-to-RTL/Prob007_wire/generation_log.jsonl,/workspace/exp/diversity_check/aspdac2026_submission_source/REvolution-aspdac2026-submission/exp
256,generation_log,21,[],0,{},0,161,/workspace/exp/diversity_check/aspdac2026_submission_source/REvolution-aspdac2026-submission/exp/llama3_clean_results/VerilogEval-Spec-to-RTL/Prob008_m2014_q4h/generation_log.jsonl,,ok,21,llama3_clean_results/VerilogEval-Spec-to-RTL/Prob008_m2014_q4h/generation_log.jsonl,/workspace/exp/diversity_check/aspdac2026_submission_source/REvolution-aspdac2026-submission/exp
256,generation_log,21,[],0,{},0,142,/workspace/exp/diversity_check/aspdac2026_submission_source/REvolution-aspdac2026-submission/exp/llama3_clean_results/VerilogEval-Spec-to-RTL/Prob009_popcount3/generation_log.jsonl,,ok,21,llama3_clean_results/VerilogEval-Spec-to-RTL/Prob009_popcount3/generation_log.jsonl,/workspace/exp/diversity_check/aspdac2026_submission_source/REvolution-aspdac2026-submission/exp
264,generation_log,21,[],0,{},0,191,/workspace/exp/diversity_check/aspdac2026_submission_source/REvolution-aspdac2026-submission/exp/llama3_clean_results/VerilogEval-Spec-to-RTL/Prob010_mt2015_q4a/generation_log.jsonl,,ok,21,llama3_clean_results/VerilogEval-Spec-to-RTL/Prob010_mt2015_q4a/generation_log.jsonl,/workspace/exp/diversity_check/aspdac2026_submission_source/REvolution-aspdac2026-submission/exp
259,generation_log,21,[],0,{},0,190,/workspace/exp/diversity_check/aspdac2026_submission_source/REvolution-aspdac2026-submission/exp/llama3_clean_results/VerilogEval-Spec-to-RTL/Prob011_norgate/generation_log.jsonl,,ok,21,llama3_clean_results/VerilogEval-Spec-to-RTL/Prob011_norgate/generation_log.jsonl,/workspace/exp/diversity_check/aspdac2026_submission_source/REvolution-aspdac2026-submission/exp
259,generation_log,21,[],0,{},0,200,/workspace/exp/diversity_check/aspdac2026_submission_source/REvolution-aspdac2026-submission/exp/llama3_clean_results/VerilogEval-Spec-to-RTL/Prob012_xnorgate/generation_log.jsonl,,ok,21,llama3_clean_results/VerilogEval-Spec-to-RTL/Prob012_xnorgate/generation_log.jsonl,/workspace/exp/diversity_check/aspdac2026_submission_source/REvolution-aspdac2026-submission/exp
261,generation_log,21,[],0,{},0,182,/workspace/exp/diversity_check/aspdac2026_submission_source/REvolution-aspdac2026-submission/exp/llama3_clean_results/VerilogEval-Spec-to-RTL/Prob013_m2014_q4e/generation_log.jsonl,,ok,21,llama3_clean_results/VerilogEval-Spec-to-RTL/Prob013_m2014_q4e/generation_log.jsonl,/workspace/exp/diversity_check/aspdac2026_submission_source/REvolution-aspdac2026-submission/exp
278,generation_log,21,[],0,{},0,184,/workspace/exp/diversity_check/aspdac2026_submission_source/REvolution-aspdac2026-submission/exp/llama3_clean_results/VerilogEval-Spec-to-RTL/Prob014_andgate/generation_log.jsonl,,ok,21,llama3_clean_results/VerilogEval-Spec-to-RTL/Prob014_andgate/generation_log.jsonl,/workspace/exp/diversity_check/aspdac2026_submission_source/REvolution-aspdac2026-submission/exp
261,generation_log,21,[],0,{},0,193,/workspace/exp/diversity_check/aspdac2026_submission_source/REvolution-aspdac2026-submission/exp/llama3_clean_results/VerilogEval-Spec-to-RTL/Prob015_vector1/generation_log.jsonl,,ok,21,llama3_clean_results/VerilogEval-Spec-to-RTL/Prob015_vector1/generation_log.jsonl,/workspace/exp/diversity_check/aspdac2026_submission_source/REvolution-aspdac2026-submission/exp
274,generation_log,21,[],0,{},0,154,/workspace/exp/diversity_check/aspdac2026_submission_source/REvolution-aspdac2026-submission/exp/llama3_clean_results/VerilogEval-Spec-to-RTL/Prob016_m2014_q4j/generation_log.jsonl,,ok,21,llama3_clean_results/VerilogEval-Spec-to-RTL/Prob016_m2014_q4j/generation_log.jsonl,/workspace/exp/diversity_check/aspdac2026_submission_source/REvolution-aspdac2026-submission/exp
260,generation_log,21,[],0,{},0,159,/workspace/exp/diversity_check/aspdac2026_submission_source/REvolution-aspdac2026-submission/exp/llama3_clean_results/VerilogEval-Spec-to-RTL/Prob017_mux2to1v/generation_log.jsonl,,ok,21,llama3_clean_results/VerilogEval-Spec-to-RTL/Prob017_mux2to1v/generation_log.jsonl,/workspace/exp/diversity_check/aspdac2026_submission_source/REvolution-aspdac2026-submission/exp
288,generation_log,21,[],0,{},0,172,/workspace/exp/diversity_check/aspdac2026_submission_source/REvolution-aspdac2026-submission/exp/llama3_clean_results/VerilogEval-Spec-to-RTL/Prob018_mux256to1/generation_log.jsonl,,ok,21,llama3_clean_results/VerilogEval-Spec-to-RTL/Prob018_mux256to1/generation_log.jsonl,/workspace/exp/diversity_check/aspdac2026_submission_source/REvolution-aspdac2026-submission/exp
260,generation_log,21,[],0,{},0,181,/workspace/exp/diversity_check/aspdac2026_submission_source/REvolution-aspdac2026-submission/exp/llama3_clean_results/VerilogEval-Spec-to-RTL/Prob019_m2014_q4f/generation_log.jsonl,,ok,21,llama3_clean_results/VerilogEval-Spec-to-RTL/Prob019_m2014_q4f/generation_log.jsonl,/workspace/exp/diversity_check/aspdac2026_submission_source/REvolution-aspdac2026-submission/exp
265,generation_log,21,[],0,{},0,186,/workspace/exp/diversity_check/aspdac2026_submission_source/REvolution-aspdac2026-submission/exp/llama3_clean_results/VerilogEval-Spec-to-RTL/Prob020_mt2015_eq2/generation_log.jsonl,,ok,21,llama3_clean_results/VerilogEval-Spec-to-RTL/Prob020_mt2015_eq2/generation_log.jsonl,/workspace/exp/diversity_check/aspdac2026_submission_source/REvolution-aspdac2026-submission/exp
273,generation_log,21,[],0,{},0,150,/workspace/exp/diversity_check/aspdac2026_submission_source/REvolution-aspdac2026-submission/exp/llama3_clean_results/VerilogEval-Spec-to-RTL/Prob021_mux256to1v/generation_log.jsonl,,ok,21,llama3_clean_results/VerilogEval-Spec-to-RTL/Prob021_mux256to1v/generation_log.jsonl,/workspace/exp/diversity_check/aspdac2026_submission_source/REvolution-aspdac2026-submission/exp
264,generation_log,21,[],0,{},0,201,/workspace/exp/diversity_check/aspdac2026_submission_source/REvolution-aspdac2026-submission/exp/llama3_clean_results/VerilogEval-Spec-to-RTL/Prob022_mux2to1/generation_log.jsonl,,ok,21,llama3_clean_results/VerilogEval-Spec-to-RTL/Prob022_mux2to1/generation_log.jsonl,/workspace/exp/diversity_check/aspdac2026_submission_source/REvolution-aspdac2026-submission/exp
243,generation_log,21,[],0,{},0,91,/workspace/exp/diversity_check/aspdac2026_submission_source/REvolution-aspdac2026-submission/exp/llama3_clean_results/VerilogEval-Spec-to-RTL/Prob023_vector100r/generation_log.jsonl,,ok,21,llama3_clean_results/VerilogEval-Spec-to-RTL/Prob023_vector100r/generation_log.jsonl,/workspace/exp/diversity_check/aspdac2026_submission_source/REvolution-aspdac2026-submission/exp
262,generation_log,21,[],0,{},0,193,/workspace/exp/diversity_check/aspdac2026_submission_source/REvolution-aspdac2026-submission/exp/llama3_clean_results/VerilogEval-Spec-to-RTL/Prob024_hadd/generation_log.jsonl,,ok,21,llama3_clean_results/VerilogEval-Spec-to-RTL/Prob024_hadd/generation_log.jsonl,/workspace/exp/diversity_check/aspdac2026_submission_source/REvolution-aspdac2026-submission/exp
259,generation_log,21,[],0,{},0,189,/workspace/exp/diversity_check/aspdac2026_submission_source/REvolution-aspdac2026-submission/exp/llama3_clean_results/VerilogEval-Spec-to-RTL/Prob025_reduction/generation_log.jsonl,,ok,21,llama3_clean_results/VerilogEval-Spec-to-RTL/Prob025_reduction/generation_log.jsonl,/workspace/exp/diversity_check/aspdac2026_submission_source/REvolution-aspdac2026-submission/exp
294,generation_log,21,[],0,{},0,163,/workspace/exp/diversity_check/aspdac2026_submission_source/REvolution-aspdac2026-submission/exp/llama3_clean_results/VerilogEval-Spec-to-RTL/Prob026_alwaysblock1/generation_log.jsonl,,ok,21,llama3_clean_results/VerilogEval-Spec-to-RTL/Prob026_alwaysblock1/generation_log.jsonl,/workspace/exp/diversity_check/aspdac2026_submission_source/REvolution-aspdac2026-submission/exp
264,generation_log,21,[],0,{},0,188,/workspace/exp/diversity_check/aspdac2026_submission_source/REvolution-aspdac2026-submission/exp/llama3_clean_results/VerilogEval-Spec-to-RTL/Prob027_fadd/generation_log.jsonl,,ok,21,llama3_clean_results/VerilogEval-Spec-to-RTL/Prob027_fadd/generation_log.jsonl,/workspace/exp/diversity_check/aspdac2026_submission_source/REvolution-aspdac2026-submission/exp
182,generation_log,21,[],0,{},0,14,/workspace/exp/diversity_check/aspdac2026_submission_source/REvolution-aspdac2026-submission/exp/llama3_clean_results/VerilogEval-Spec-to-RTL/Prob028_m2014_q4a/generation_log.jsonl,,ok,21,llama3_clean_results/VerilogEval-Spec-to-RTL/Prob028_m2014_q4a/generation_log.jsonl,/workspace/exp/diversity_check/aspdac2026_submission_source/REvolution-aspdac2026-submission/exp
283,generation_log,21,[],0,{},0,183,/workspace/exp/diversity_check/aspdac2026_submission_source/REvolution-aspdac2026-submission/exp/llama3_clean_results/VerilogEval-Spec-to-RTL/Prob029_m2014_q4g/generation_log.jsonl,,ok,21,llama3_clean_results/VerilogEval-Spec-to-RTL/Prob029_m2014_q4g/generation_log.jsonl,/workspace/exp/diversity_check/aspdac2026_submission_source/REvolution-aspdac2026-submission/exp
273,generation_log,21,[],0,{},0,111,/workspace/exp/diversity_check/aspdac2026_submission_source/REvolution-aspdac2026-submission/exp/llama3_clean_results/VerilogEval-Spec-to-RTL/Prob030_popcount255/generation_log.jsonl,,ok,21,llama3_clean_results/VerilogEval-Spec-to-RTL/Prob030_popcount255/generation_log.jsonl,/workspace/exp/diversity_check/aspdac2026_submission_source/REvolution-aspdac2026-submission/exp
263,generation_log,21,[],0,{},0,162,/workspace/exp/diversity_check/aspdac2026_submission_source/REvolution-aspdac2026-submission/exp/llama3_clean_results/VerilogEval-Spec-to-RTL/Prob031_dff/generation_log.jsonl,,ok,21,llama3_clean_results/VerilogEval-Spec-to-RTL/Prob031_dff/generation_log.jsonl,/workspace/exp/diversity_check/aspdac2026_submission_source/REvolution-aspdac2026-submission/exp
261,generation_log,21,[],0,{},0,148,/workspace/exp/diversity_check/aspdac2026_submission_source/REvolution-aspdac2026-submission/exp/llama3_clean_results/VerilogEval-Spec-to-RTL/Prob032_vector0/generation_log.jsonl,,ok,21,llama3_clean_results/VerilogEval-Spec-to-RTL/Prob032_vector0/generation_log.jsonl,/workspace/exp/diversity_check/aspdac2026_submission_source/REvolution-aspdac2026-submission/exp
273,generation_log,21,[],0,{},0,146,/workspace/exp/diversity_check/aspdac2026_submission_source/REvolution-aspdac2026-submission/exp/llama3_clean_results/VerilogEval-Spec-to-RTL/Prob033_ece241_2014_q1c/generation_log.jsonl,,ok,21,llama3_clean_results/VerilogEval-Spec-to-RTL/Prob033_ece241_2014_q1c/generation_log.jsonl,/workspace/exp/diversity_check/aspdac2026_submission_source/REvolution-aspdac2026-submission/exp
77,generation_log,21,[],0,{},0,0,/workspace/exp/diversity_check/aspdac2026_submission_source/REvolution-aspdac2026-submission/exp/llama3_clean_results/VerilogEval-Spec-to-RTL/Prob034_dff8/generation_log.jsonl,,ok,21,llama3_clean_results/VerilogEval-Spec-to-RTL/Prob034_dff8/generation_log.jsonl,/workspace/exp/diversity_check/aspdac2026_submission_source/REvolution-aspdac2026-submission/exp
288,generation_log,21,[],0,{},0,189,/workspace/exp/diversity_check/aspdac2026_submission_source/REvolution-aspdac2026-submission/exp/llama3_clean_results/VerilogEval-Spec-to-RTL/Prob035_count1to10/generation_log.jsonl,,ok,21,llama3_clean_results/VerilogEval-Spec-to-RTL/Prob035_count1to10/generation_log.jsonl,/workspace/exp/diversity_check/aspdac2026_submission_source/REvolution-aspdac2026-submission/exp
281,generation_log,21,[],0,{},0,177,/workspace/exp/diversity_check/aspdac2026_submission_source/REvolution-aspdac2026-submission/exp/llama3_clean_results/VerilogEval-Spec-to-RTL/Prob036_ringer/generation_log.jsonl,,ok,21,llama3_clean_results/VerilogEval-Spec-to-RTL/Prob036_ringer/generation_log.jsonl,/workspace/exp/diversity_check/aspdac2026_submission_source/REvolution-aspdac2026-submission/exp
271,generation_log,21,[],0,{},0,158,/workspace/exp/diversity_check/aspdac2026_submission_source/REvolution-aspdac2026-submission/exp/llama3_clean_results/VerilogEval-Spec-to-RTL/Prob037_review2015_count1k/generation_log.jsonl,,ok,21,llama3_clean_results/VerilogEval-Spec-to-RTL/Prob037_review2015_count1k/generation_log.jsonl,/workspace/exp/diversity_check/aspdac2026_submission_source/REvolution-aspdac2026-submission/exp
272,generation_log,21,[],0,{},0,178,/workspace/exp/diversity_check/aspdac2026_submission_source/REvolution-aspdac2026-submission/exp/llama3_clean_results/VerilogEval-Spec-to-RTL/Prob038_count15/generation_log.jsonl,,ok,21,llama3_clean_results/VerilogEval-Spec-to-RTL/Prob038_count15/generation_log.jsonl,/workspace/exp/diversity_check/aspdac2026_submission_source/REvolution-aspdac2026-submission/exp
294,generation_log,21,[],0,{},0,178,/workspace/exp/diversity_check/aspdac2026_submission_source/REvolution-aspdac2026-submission/exp/llama3_clean_results/VerilogEval-Spec-to-RTL/Prob039_always_if/generation_log.jsonl,,ok,21,llama3_clean_results/VerilogEval-Spec-to-RTL/Prob039_always_if/generation_log.jsonl,/workspace/exp/diversity_check/aspdac2026_submission_source/REvolution-aspdac2026-submission/exp
272,generation_log,21,[],0,{},0,182,/workspace/exp/diversity_check/aspdac2026_submission_source/REvolution-aspdac2026-submission/exp/llama3_clean_results/VerilogEval-Spec-to-RTL/Prob040_count10/generation_log.jsonl,,ok,21,llama3_clean_results/VerilogEval-Spec-to-RTL/Prob040_count10/generation_log.jsonl,/workspace/exp/diversity_check/aspdac2026_submission_source/REvolution-aspdac2026-submission/exp
295,generation_log,21,[],0,{},0,149,/workspace/exp/diversity_check/aspdac2026_submission_source/REvolution-aspdac2026-submission/exp/llama3_clean_results/VerilogEval-Spec-to-RTL/Prob041_dff8r/generation_log.jsonl,,ok,21,llama3_clean_results/VerilogEval-Spec-to-RTL/Prob041_dff8r/generation_log.jsonl,/workspace/exp/diversity_check/aspdac2026_submission_source/REvolution-aspdac2026-submission/exp
261,generation_log,21,[],0,{},0,121,/workspace/exp/diversity_check/aspdac2026_submission_source/REvolution-aspdac2026-submission/exp/llama3_clean_results/VerilogEval-Spec-to-RTL/Prob042_vector4/generation_log.jsonl,,ok,21,llama3_clean_results/VerilogEval-Spec-to-RTL/Prob042_vector4/generation_log.jsonl,/workspace/exp/diversity_check/aspdac2026_submission_source/REvolution-aspdac2026-submission/exp
287,generation_log,21,[],0,{},0,118,/workspace/exp/diversity_check/aspdac2026_submission_source/REvolution-aspdac2026-submission/exp/llama3_clean_results/VerilogEval-Spec-to-RTL/Prob043_vector5/generation_log.jsonl,,ok,21,llama3_clean_results/VerilogEval-Spec-to-RTL/Prob043_vector5/generation_log.jsonl,/workspace/exp/diversity_check/aspdac2026_submission_source/REvolution-aspdac2026-submission/exp
258,generation_log,21,[],0,{},0,199,/workspace/exp/diversity_check/aspdac2026_submission_source/REvolution-aspdac2026-submission/exp/llama3_clean_results/VerilogEval-Spec-to-RTL/Prob044_vectorgates/generation_log.jsonl,,ok,21,llama3_clean_results/VerilogEval-Spec-to-RTL/Prob044_vectorgates/generation_log.jsonl,/workspace/exp/diversity_check/aspdac2026_submission_source/REvolution-aspdac2026-submission/exp
286,generation_log,21,[],0,{},0,115,/workspace/exp/diversity_check/aspdac2026_submission_source/REvolution-aspdac2026-submission/exp/llama3_clean_results/VerilogEval-Spec-to-RTL/Prob045_edgedetect2/generation_log.jsonl,,ok,21,llama3_clean_results/VerilogEval-Spec-to-RTL/Prob045_edgedetect2/generation_log.jsonl,/workspace/exp/diversity_check/aspdac2026_submission_source/REvolution-aspdac2026-submission/exp
296,generation_log,21,[],0,{},0,142,/workspace/exp/diversity_check/aspdac2026_submission_source/REvolution-aspdac2026-submission/exp/llama3_clean_results/VerilogEval-Spec-to-RTL/Prob046_dff8p/generation_log.jsonl,,ok,21,llama3_clean_results/VerilogEval-Spec-to-RTL/Prob046_dff8p/generation_log.jsonl,/workspace/exp/diversity_check/aspdac2026_submission_source/REvolution-aspdac2026-submission/exp
294,generation_log,21,[],0,{},0,161,/workspace/exp/diversity_check/aspdac2026_submission_source/REvolution-aspdac2026-submission/exp/llama3_clean_results/VerilogEval-Spec-to-RTL/Prob047_dff8ar/generation_log.jsonl,,ok,21,llama3_clean_results/VerilogEval-Spec-to-RTL/Prob047_dff8ar/generation_log.jsonl,/workspace/exp/diversity_check/aspdac2026_submission_source/REvolution-aspdac2026-submission/exp
266,generation_log,21,[],0,{},0,191,/workspace/exp/diversity_check/aspdac2026_submission_source/REvolution-aspdac2026-submission/exp/llama3_clean_results/VerilogEval-Spec-to-RTL/Prob048_m2014_q4c/generation_log.jsonl,,ok,21,llama3_clean_results/VerilogEval-Spec-to-RTL/Prob048_m2014_q4c/generation_log.jsonl,/workspace/exp/diversity_check/aspdac2026_submission_source/REvolution-aspdac2026-submission/exp
264,generation_log,21,[],0,{},0,103,/workspace/exp/diversity_check/aspdac2026_submission_source/REvolution-aspdac2026-submission/exp/llama3_clean_results/VerilogEval-Spec-to-RTL/Prob049_m2014_q4b/generation_log.jsonl,,ok,21,llama3_clean_results/VerilogEval-Spec-to-RTL/Prob049_m2014_q4b/generation_log.jsonl,/workspace/exp/diversity_check/aspdac2026_submission_source/REvolution-aspdac2026-submission/exp
296,generation_log,21,[],0,{},0,162,/workspace/exp/diversity_check/aspdac2026_submission_source/REvolution-aspdac2026-submission/exp/llama3_clean_results/VerilogEval-Spec-to-RTL/Prob050_kmap1/generation_log.jsonl,,ok,21,llama3_clean_results/VerilogEval-Spec-to-RTL/Prob050_kmap1/generation_log.jsonl,/workspace/exp/diversity_check/aspdac2026_submission_source/REvolution-aspdac2026-submission/exp
259,generation_log,21,[],0,{},0,183,/workspace/exp/diversity_check/aspdac2026_submission_source/REvolution-aspdac2026-submission/exp/llama3_clean_results/VerilogEval-Spec-to-RTL/Prob051_gates4/generation_log.jsonl,,ok,21,llama3_clean_results/VerilogEval-Spec-to-RTL/Prob051_gates4/generation_log.jsonl,/workspace/exp/diversity_check/aspdac2026_submission_source/REvolution-aspdac2026-submission/exp
289,generation_log,21,[],0,{},0,172,/workspace/exp/diversity_check/aspdac2026_submission_source/REvolution-aspdac2026-submission/exp/llama3_clean_results/VerilogEval-Spec-to-RTL/Prob052_gates100/generation_log.jsonl,,ok,21,llama3_clean_results/VerilogEval-Spec-to-RTL/Prob052_gates100/generation_log.jsonl,/workspace/exp/diversity_check/aspdac2026_submission_source/REvolution-aspdac2026-submission/exp
77,generation_log,21,[],0,{},0,0,/workspace/exp/diversity_check/aspdac2026_submission_source/REvolution-aspdac2026-submission/exp/llama3_clean_results/VerilogEval-Spec-to-RTL/Prob053_m2014_q4d/generation_log.jsonl,,ok,21,llama3_clean_results/VerilogEval-Spec-to-RTL/Prob053_m2014_q4d/generation_log.jsonl,/workspace/exp/diversity_check/aspdac2026_submission_source/REvolution-aspdac2026-submission/exp
278,generation_log,21,[],0,{},0,102,/workspace/exp/diversity_check/aspdac2026_submission_source/REvolution-aspdac2026-submission/exp/llama3_clean_results/VerilogEval-Spec-to-RTL/Prob054_edgedetect/generation_log.jsonl,,ok,21,llama3_clean_results/VerilogEval-Spec-to-RTL/Prob054_edgedetect/generation_log.jsonl,/workspace/exp/diversity_check/aspdac2026_submission_source/REvolution-aspdac2026-submission/exp
281,generation_log,21,[],0,{},0,182,/workspace/exp/diversity_check/aspdac2026_submission_source/REvolution-aspdac2026-submission/exp/llama3_clean_results/VerilogEval-Spec-to-RTL/Prob055_conditional/generation_log.jsonl,,ok,21,llama3_clean_results/VerilogEval-Spec-to-RTL/Prob055_conditional/generation_log.jsonl,/workspace/exp/diversity_check/aspdac2026_submission_source/REvolution-aspdac2026-submission/exp
262,generation_log,21,[],0,{},0,80,/workspace/exp/diversity_check/aspdac2026_submission_source/REvolution-aspdac2026-submission/exp/llama3_clean_results/VerilogEval-Spec-to-RTL/Prob056_ece241_2013_q7/generation_log.jsonl,,ok,21,llama3_clean_results/VerilogEval-Spec-to-RTL/Prob056_ece241_2013_q7/generation_log.jsonl,/workspace/exp/diversity_check/aspdac2026_submission_source/REvolution-aspdac2026-submission/exp
134,generation_log,21,[],0,{},0,2,/workspace/exp/diversity_check/aspdac2026_submission_source/REvolution-aspdac2026-submission/exp/llama3_clean_results/VerilogEval-Spec-to-RTL/Prob057_kmap2/generation_log.jsonl,,ok,21,llama3_clean_results/VerilogEval-Spec-to-RTL/Prob057_kmap2/generation_log.jsonl,/workspace/exp/diversity_check/aspdac2026_submission_source/REvolution-aspdac2026-submission/exp
264,generation_log,21,[],0,{},0,98,/workspace/exp/diversity_check/aspdac2026_submission_source/REvolution-aspdac2026-submission/exp/llama3_clean_results/VerilogEval-Spec-to-RTL/Prob058_alwaysblock2/generation_log.jsonl,,ok,21,llama3_clean_results/VerilogEval-Spec-to-RTL/Prob058_alwaysblock2/generation_log.jsonl,/workspace/exp/diversity_check/aspdac2026_submission_source/REvolution-aspdac2026-submission/exp
260,generation_log,21,[],0,{},0,194,/workspace/exp/diversity_check/aspdac2026_submission_source/REvolution-aspdac2026-submission/exp/llama3_clean_results/VerilogEval-Spec-to-RTL/Prob059_wire4/generation_log.jsonl,,ok,21,llama3_clean_results/VerilogEval-Spec-to-RTL/Prob059_wire4/generation_log.jsonl,/workspace/exp/diversity_check/aspdac2026_submission_source/REvolution-aspdac2026-submission/exp
265,generation_log,21,[],0,{},0,165,/workspace/exp/diversity_check/aspdac2026_submission_source/REvolution-aspdac2026-submission/exp/llama3_clean_results/VerilogEval-Spec-to-RTL/Prob060_m2014_q4k/generation_log.jsonl,,ok,21,llama3_clean_results/VerilogEval-Spec-to-RTL/Prob060_m2014_q4k/generation_log.jsonl,/workspace/exp/diversity_check/aspdac2026_submission_source/REvolution-aspdac2026-submission/exp
264,generation_log,21,[],0,{},0,183,/workspace/exp/diversity_check/aspdac2026_submission_source/REvolution-aspdac2026-submission/exp/llama3_clean_results/VerilogEval-Spec-to-RTL/Prob061_2014_q4a/generation_log.jsonl,,ok,21,llama3_clean_results/VerilogEval-Spec-to-RTL/Prob061_2014_q4a/generation_log.jsonl,/workspace/exp/diversity_check/aspdac2026_submission_source/REvolution-aspdac2026-submission/exp
77,generation_log,21,[],0,{},0,0,/workspace/exp/diversity_check/aspdac2026_submission_source/REvolution-aspdac2026-submission/exp/llama3_clean_results/VerilogEval-Spec-to-RTL/Prob062_bugs_mux2/generation_log.jsonl,,ok,21,llama3_clean_results/VerilogEval-Spec-to-RTL/Prob062_bugs_mux2/generation_log.jsonl,/workspace/exp/diversity_check/aspdac2026_submission_source/REvolution-aspdac2026-submission/exp
237,generation_log,21,[],0,{},0,20,/workspace/exp/diversity_check/aspdac2026_submission_source/REvolution-aspdac2026-submission/exp/llama3_clean_results/VerilogEval-Spec-to-RTL/Prob063_review2015_shiftcount/generation_log.jsonl,,ok,21,llama3_clean_results/VerilogEval-Spec-to-RTL/Prob063_review2015_shiftcount/generation_log.jsonl,/workspace/exp/diversity_check/aspdac2026_submission_source/REvolution-aspdac2026-submission/exp
268,generation_log,21,[],0,{},0,160,/workspace/exp/diversity_check/aspdac2026_submission_source/REvolution-aspdac2026-submission/exp/llama3_clean_results/VerilogEval-Spec-to-RTL/Prob064_vector3/generation_log.jsonl,,ok,21,llama3_clean_results/VerilogEval-Spec-to-RTL/Prob064_vector3/generation_log.jsonl,/workspace/exp/diversity_check/aspdac2026_submission_source/REvolution-aspdac2026-submission/exp
287,generation_log,21,[],0,{},0,181,/workspace/exp/diversity_check/aspdac2026_submission_source/REvolution-aspdac2026-submission/exp/llama3_clean_results/VerilogEval-Spec-to-RTL/Prob065_7420/generation_log.jsonl,,ok,21,llama3_clean_results/VerilogEval-Spec-to-RTL/Prob065_7420/generation_log.jsonl,/workspace/exp/diversity_check/aspdac2026_submission_source/REvolution-aspdac2026-submission/exp
77,generation_log,21,[],0,{},0,0,/workspace/exp/diversity_check/aspdac2026_submission_source/REvolution-aspdac2026-submission/exp/llama3_clean_results/VerilogEval-Spec-to-RTL/Prob066_edgecapture/generation_log.jsonl,,ok,21,llama3_clean_results/VerilogEval-Spec-to-RTL/Prob066_edgecapture/generation_log.jsonl,/workspace/exp/diversity_check/aspdac2026_submission_source/REvolution-aspdac2026-submission/exp
279,generation_log,21,[],0,{},0,188,/workspace/exp/diversity_check/aspdac2026_submission_source/REvolution-aspdac2026-submission/exp/llama3_clean_results/VerilogEval-Spec-to-RTL/Prob067_countslow/generation_log.jsonl,,ok,21,llama3_clean_results/VerilogEval-Spec-to-RTL/Prob067_countslow/generation_log.jsonl,/workspace/exp/diversity_check/aspdac2026_submission_source/REvolution-aspdac2026-submission/exp
264,generation_log,21,[],0,{},0,113,/workspace/exp/diversity_check/aspdac2026_submission_source/REvolution-aspdac2026-submission/exp/llama3_clean_results/VerilogEval-Spec-to-RTL/Prob068_countbcd/generation_log.jsonl,,ok,21,llama3_clean_results/VerilogEval-Spec-to-RTL/Prob068_countbcd/generation_log.jsonl,/workspace/exp/diversity_check/aspdac2026_submission_source/REvolution-aspdac2026-submission/exp
295,generation_log,21,[],0,{},0,163,/workspace/exp/diversity_check/aspdac2026_submission_source/REvolution-aspdac2026-submission/exp/llama3_clean_results/VerilogEval-Spec-to-RTL/Prob069_truthtable1/generation_log.jsonl,,ok,21,llama3_clean_results/VerilogEval-Spec-to-RTL/Prob069_truthtable1/generation_log.jsonl,/workspace/exp/diversity_check/aspdac2026_submission_source/REvolution-aspdac2026-submission/exp
77,generation_log,21,[],0,{},0,0,/workspace/exp/diversity_check/aspdac2026_submission_source/REvolution-aspdac2026-submission/exp/llama3_clean_results/VerilogEval-Spec-to-RTL/Prob070_ece241_2013_q2/generation_log.jsonl,,ok,21,llama3_clean_results/VerilogEval-Spec-to-RTL/Prob070_ece241_2013_q2/generation_log.jsonl,/workspace/exp/diversity_check/aspdac2026_submission_source/REvolution-aspdac2026-submission/exp
228,generation_log,21,[],0,{},0,41,/workspace/exp/diversity_check/aspdac2026_submission_source/REvolution-aspdac2026-submission/exp/llama3_clean_results/VerilogEval-Spec-to-RTL/Prob071_always_casez/generation_log.jsonl,,ok,21,llama3_clean_results/VerilogEval-Spec-to-RTL/Prob071_always_casez/generation_log.jsonl,/workspace/exp/diversity_check/aspdac2026_submission_source/REvolution-aspdac2026-submission/exp
267,generation_log,21,[],0,{},0,170,/workspace/exp/diversity_check/aspdac2026_submission_source/REvolution-aspdac2026-submission/exp/llama3_clean_results/VerilogEval-Spec-to-RTL/Prob072_thermostat/generation_log.jsonl,,ok,21,llama3_clean_results/VerilogEval-Spec-to-RTL/Prob072_thermostat/generation_log.jsonl,/workspace/exp/diversity_check/aspdac2026_submission_source/REvolution-aspdac2026-submission/exp
278,generation_log,21,[],0,{},0,188,/workspace/exp/diversity_check/aspdac2026_submission_source/REvolution-aspdac2026-submission/exp/llama3_clean_results/VerilogEval-Spec-to-RTL/Prob073_dff16e/generation_log.jsonl,,ok,21,llama3_clean_results/VerilogEval-Spec-to-RTL/Prob073_dff16e/generation_log.jsonl,/workspace/exp/diversity_check/aspdac2026_submission_source/REvolution-aspdac2026-submission/exp
77,generation_log,21,[],0,{},0,0,/workspace/exp/diversity_check/aspdac2026_submission_source/REvolution-aspdac2026-submission/exp/llama3_clean_results/VerilogEval-Spec-to-RTL/Prob074_ece241_2014_q4/generation_log.jsonl,,ok,21,llama3_clean_results/VerilogEval-Spec-to-RTL/Prob074_ece241_2014_q4/generation_log.jsonl,/workspace/exp/diversity_check/aspdac2026_submission_source/REvolution-aspdac2026-submission/exp
264,generation_log,21,[],0,{},0,184,/workspace/exp/diversity_check/aspdac2026_submission_source/REvolution-aspdac2026-submission/exp/llama3_clean_results/VerilogEval-Spec-to-RTL/Prob075_counter_2bc/generation_log.jsonl,,ok,21,llama3_clean_results/VerilogEval-Spec-to-RTL/Prob075_counter_2bc/generation_log.jsonl,/workspace/exp/diversity_check/aspdac2026_submission_source/REvolution-aspdac2026-submission/exp
281,generation_log,21,[],0,{},0,182,/workspace/exp/diversity_check/aspdac2026_submission_source/REvolution-aspdac2026-submission/exp/llama3_clean_results/VerilogEval-Spec-to-RTL/Prob076_always_case/generation_log.jsonl,,ok,21,llama3_clean_results/VerilogEval-Spec-to-RTL/Prob076_always_case/generation_log.jsonl,/workspace/exp/diversity_check/aspdac2026_submission_source/REvolution-aspdac2026-submission/exp
277,generation_log,21,[],0,{},0,186,/workspace/exp/diversity_check/aspdac2026_submission_source/REvolution-aspdac2026-submission/exp/llama3_clean_results/VerilogEval-Spec-to-RTL/Prob077_wire_decl/generation_log.jsonl,,ok,21,llama3_clean_results/VerilogEval-Spec-to-RTL/Prob077_wire_decl/generation_log.jsonl,/workspace/exp/diversity_check/aspdac2026_submission_source/REvolution-aspdac2026-submission/exp
249,generation_log,21,[],0,{},0,102,/workspace/exp/diversity_check/aspdac2026_submission_source/REvolution-aspdac2026-submission/exp/llama3_clean_results/VerilogEval-Spec-to-RTL/Prob078_dualedge/generation_log.jsonl,,ok,21,llama3_clean_results/VerilogEval-Spec-to-RTL/Prob078_dualedge/generation_log.jsonl,/workspace/exp/diversity_check/aspdac2026_submission_source/REvolution-aspdac2026-submission/exp
278,generation_log,21,[],0,{},0,106,/workspace/exp/diversity_check/aspdac2026_submission_source/REvolution-aspdac2026-submission/exp/llama3_clean_results/VerilogEval-Spec-to-RTL/Prob079_fsm3onehot/generation_log.jsonl,,ok,21,llama3_clean_results/VerilogEval-Spec-to-RTL/Prob079_fsm3onehot/generation_log.jsonl,/workspace/exp/diversity_check/aspdac2026_submission_source/REvolution-aspdac2026-submission/exp
282,generation_log,21,[],0,{},0,154,/workspace/exp/diversity_check/aspdac2026_submission_source/REvolution-aspdac2026-submission/exp/llama3_clean_results/VerilogEval-Spec-to-RTL/Prob080_timer/generation_log.jsonl,,ok,21,llama3_clean_results/VerilogEval-Spec-to-RTL/Prob080_timer/generation_log.jsonl,/workspace/exp/diversity_check/aspdac2026_submission_source/REvolution-aspdac2026-submission/exp
271,generation_log,21,[],0,{},0,190,/workspace/exp/diversity_check/aspdac2026_submission_source/REvolution-aspdac2026-submission/exp/llama3_clean_results/VerilogEval-Spec-to-RTL/Prob081_7458/generation_log.jsonl,,ok,21,llama3_clean_results/VerilogEval-Spec-to-RTL/Prob081_7458/generation_log.jsonl,/workspace/exp/diversity_check/aspdac2026_submission_source/REvolution-aspdac2026-submission/exp
77,generation_log,21,[],0,{},0,0,/workspace/exp/diversity_check/aspdac2026_submission_source/REvolution-aspdac2026-submission/exp/llama3_clean_results/VerilogEval-Spec-to-RTL/Prob082_lfsr32/generation_log.jsonl,,ok,21,llama3_clean_results/VerilogEval-Spec-to-RTL/Prob082_lfsr32/generation_log.jsonl,/workspace/exp/diversity_check/aspdac2026_submission_source/REvolution-aspdac2026-submission/exp
266,generation_log,21,[],0,{},0,187,/workspace/exp/diversity_check/aspdac2026_submission_source/REvolution-aspdac2026-submission/exp/llama3_clean_results/VerilogEval-Spec-to-RTL/Prob083_mt2015_q4b/generation_log.jsonl,,ok,21,llama3_clean_results/VerilogEval-Spec-to-RTL/Prob083_mt2015_q4b/generation_log.jsonl,/workspace/exp/diversity_check/aspdac2026_submission_source/REvolution-aspdac2026-submission/exp
282,generation_log,21,[],0,{},0,155,/workspace/exp/diversity_check/aspdac2026_submission_source/REvolution-aspdac2026-submission/exp/llama3_clean_results/VerilogEval-Spec-to-RTL/Prob084_ece241_2013_q12/generation_log.jsonl,,ok,21,llama3_clean_results/VerilogEval-Spec-to-RTL/Prob084_ece241_2013_q12/generation_log.jsonl,/workspace/exp/diversity_check/aspdac2026_submission_source/REvolution-aspdac2026-submission/exp
276,generation_log,21,[],0,{},0,161,/workspace/exp/diversity_check/aspdac2026_submission_source/REvolution-aspdac2026-submission/exp/llama3_clean_results/VerilogEval-Spec-to-RTL/Prob085_shift4/generation_log.jsonl,,ok,21,llama3_clean_results/VerilogEval-Spec-to-RTL/Prob085_shift4/generation_log.jsonl,/workspace/exp/diversity_check/aspdac2026_submission_source/REvolution-aspdac2026-submission/exp
77,generation_log,21,[],0,{},0,0,/workspace/exp/diversity_check/aspdac2026_submission_source/REvolution-aspdac2026-submission/exp/llama3_clean_results/VerilogEval-Spec-to-RTL/Prob086_lfsr5/generation_log.jsonl,,ok,21,llama3_clean_results/VerilogEval-Spec-to-RTL/Prob086_lfsr5/generation_log.jsonl,/workspace/exp/diversity_check/aspdac2026_submission_source/REvolution-aspdac2026-submission/exp
263,generation_log,21,[],0,{},0,174,/workspace/exp/diversity_check/aspdac2026_submission_source/REvolution-aspdac2026-submission/exp/llama3_clean_results/VerilogEval-Spec-to-RTL/Prob087_gates/generation_log.jsonl,,ok,21,llama3_clean_results/VerilogEval-Spec-to-RTL/Prob087_gates/generation_log.jsonl,/workspace/exp/diversity_check/aspdac2026_submission_source/REvolution-aspdac2026-submission/exp
264,generation_log,21,[],0,{},0,118,/workspace/exp/diversity_check/aspdac2026_submission_source/REvolution-aspdac2026-submission/exp/llama3_clean_results/VerilogEval-Spec-to-RTL/Prob088_ece241_2014_q5b/generation_log.jsonl,,ok,21,llama3_clean_results/VerilogEval-Spec-to-RTL/Prob088_ece241_2014_q5b/generation_log.jsonl,/workspace/exp/diversity_check/aspdac2026_submission_source/REvolution-aspdac2026-submission/exp
264,generation_log,21,[],0,{},0,96,/workspace/exp/diversity_check/aspdac2026_submission_source/REvolution-aspdac2026-submission/exp/llama3_clean_results/VerilogEval-Spec-to-RTL/Prob089_ece241_2014_q5a/generation_log.jsonl,,ok,21,llama3_clean_results/VerilogEval-Spec-to-RTL/Prob089_ece241_2014_q5a/generation_log.jsonl,/workspace/exp/diversity_check/aspdac2026_submission_source/REvolution-aspdac2026-submission/exp
267,generation_log,21,[],0,{},0,194,/workspace/exp/diversity_check/aspdac2026_submission_source/REvolution-aspdac2026-submission/exp/llama3_clean_results/VerilogEval-Spec-to-RTL/Prob090_circuit1/generation_log.jsonl,,ok,21,llama3_clean_results/VerilogEval-Spec-to-RTL/Prob090_circuit1/generation_log.jsonl,/workspace/exp/diversity_check/aspdac2026_submission_source/REvolution-aspdac2026-submission/exp
281,generation_log,21,[],0,{},0,140,/workspace/exp/diversity_check/aspdac2026_submission_source/REvolution-aspdac2026-submission/exp/llama3_clean_results/VerilogEval-Spec-to-RTL/Prob091_2012_q2b/generation_log.jsonl,,ok,21,llama3_clean_results/VerilogEval-Spec-to-RTL/Prob091_2012_q2b/generation_log.jsonl,/workspace/exp/diversity_check/aspdac2026_submission_source/REvolution-aspdac2026-submission/exp
264,generation_log,21,[],0,{},0,106,/workspace/exp/diversity_check/aspdac2026_submission_source/REvolution-aspdac2026-submission/exp/llama3_clean_results/VerilogEval-Spec-to-RTL/Prob092_gatesv100/generation_log.jsonl,,ok,21,llama3_clean_results/VerilogEval-Spec-to-RTL/Prob092_gatesv100/generation_log.jsonl,/workspace/exp/diversity_check/aspdac2026_submission_source/REvolution-aspdac2026-submission/exp
77,generation_log,21,[],0,{},0,0,/workspace/exp/diversity_check/aspdac2026_submission_source/REvolution-aspdac2026-submission/exp/llama3_clean_results/VerilogEval-Spec-to-RTL/Prob093_ece241_2014_q3/generation_log.jsonl,,ok,21,llama3_clean_results/VerilogEval-Spec-to-RTL/Prob093_ece241_2014_q3/generation_log.jsonl,/workspace/exp/diversity_check/aspdac2026_submission_source/REvolution-aspdac2026-submission/exp
273,generation_log,21,[],0,{},0,86,/workspace/exp/diversity_check/aspdac2026_submission_source/REvolution-aspdac2026-submission/exp/llama3_clean_results/VerilogEval-Spec-to-RTL/Prob094_gatesv/generation_log.jsonl,,ok,21,llama3_clean_results/VerilogEval-Spec-to-RTL/Prob094_gatesv/generation_log.jsonl,/workspace/exp/diversity_check/aspdac2026_submission_source/REvolution-aspdac2026-submission/exp
77,generation_log,21,[],0,{},0,0,/workspace/exp/diversity_check/aspdac2026_submission_source/REvolution-aspdac2026-submission/exp/llama3_clean_results/VerilogEval-Spec-to-RTL/Prob095_review2015_fsmshift/generation_log.jsonl,,ok,21,llama3_clean_results/VerilogEval-Spec-to-RTL/Prob095_review2015_fsmshift/generation_log.jsonl,/workspace/exp/diversity_check/aspdac2026_submission_source/REvolution-aspdac2026-submission/exp
223,generation_log,21,[],0,{},0,27,/workspace/exp/diversity_check/aspdac2026_submission_source/REvolution-aspdac2026-submission/exp/llama3_clean_results/VerilogEval-Spec-to-RTL/Prob096_review2015_fsmseq/generation_log.jsonl,,ok,21,llama3_clean_results/VerilogEval-Spec-to-RTL/Prob096_review2015_fsmseq/generation_log.jsonl,/workspace/exp/diversity_check/aspdac2026_submission_source/REvolution-aspdac2026-submission/exp
272,generation_log,21,[],0,{},0,120,/workspace/exp/diversity_check/aspdac2026_submission_source/REvolution-aspdac2026-submission/exp/llama3_clean_results/VerilogEval-Spec-to-RTL/Prob097_mux9to1v/generation_log.jsonl,,ok,21,llama3_clean_results/VerilogEval-Spec-to-RTL/Prob097_mux9to1v/generation_log.jsonl,/workspace/exp/diversity_check/aspdac2026_submission_source/REvolution-aspdac2026-submission/exp
282,generation_log,21,[],0,{},0,137,/workspace/exp/diversity_check/aspdac2026_submission_source/REvolution-aspdac2026-submission/exp/llama3_clean_results/VerilogEval-Spec-to-RTL/Prob098_circuit7/generation_log.jsonl,,ok,21,llama3_clean_results/VerilogEval-Spec-to-RTL/Prob098_circuit7/generation_log.jsonl,/workspace/exp/diversity_check/aspdac2026_submission_source/REvolution-aspdac2026-submission/exp
77,generation_log,21,[],0,{},0,0,/workspace/exp/diversity_check/aspdac2026_submission_source/REvolution-aspdac2026-submission/exp/llama3_clean_results/VerilogEval-Spec-to-RTL/Prob099_m2014_q6c/generation_log.jsonl,,ok,21,llama3_clean_results/VerilogEval-Spec-to-RTL/Prob099_m2014_q6c/generation_log.jsonl,/workspace/exp/diversity_check/aspdac2026_submission_source/REvolution-aspdac2026-submission/exp
286,generation_log,21,[],0,{},0,139,/workspace/exp/diversity_check/aspdac2026_submission_source/REvolution-aspdac2026-submission/exp/llama3_clean_results/VerilogEval-Spec-to-RTL/Prob100_fsm3comb/generation_log.jsonl,,ok,21,llama3_clean_results/VerilogEval-Spec-to-RTL/Prob100_fsm3comb/generation_log.jsonl,/workspace/exp/diversity_check/aspdac2026_submission_source/REvolution-aspdac2026-submission/exp
282,generation_log,21,[],0,{},0,145,/workspace/exp/diversity_check/aspdac2026_submission_source/REvolution-aspdac2026-submission/exp/llama3_clean_results/VerilogEval-Spec-to-RTL/Prob101_circuit4/generation_log.jsonl,,ok,21,llama3_clean_results/VerilogEval-Spec-to-RTL/Prob101_circuit4/generation_log.jsonl,/workspace/exp/diversity_check/aspdac2026_submission_source/REvolution-aspdac2026-submission/exp
281,generation_log,21,[],0,{},0,167,/workspace/exp/diversity_check/aspdac2026_submission_source/REvolution-aspdac2026-submission/exp/llama3_clean_results/VerilogEval-Spec-to-RTL/Prob102_circuit3/generation_log.jsonl,,ok,21,llama3_clean_results/VerilogEval-Spec-to-RTL/Prob102_circuit3/generation_log.jsonl,/workspace/exp/diversity_check/aspdac2026_submission_source/REvolution-aspdac2026-submission/exp
281,generation_log,21,[],0,{},0,163,/workspace/exp/diversity_check/aspdac2026_submission_source/REvolution-aspdac2026-submission/exp/llama3_clean_results/VerilogEval-Spec-to-RTL/Prob103_circuit2/generation_log.jsonl,,ok,21,llama3_clean_results/VerilogEval-Spec-to-RTL/Prob103_circuit2/generation_log.jsonl,/workspace/exp/diversity_check/aspdac2026_submission_source/REvolution-aspdac2026-submission/exp
77,generation_log,21,[],0,{},0,0,/workspace/exp/diversity_check/aspdac2026_submission_source/REvolution-aspdac2026-submission/exp/llama3_clean_results/VerilogEval-Spec-to-RTL/Prob104_mt2015_muxdff/generation_log.jsonl,,ok,21,llama3_clean_results/VerilogEval-Spec-to-RTL/Prob104_mt2015_muxdff/generation_log.jsonl,/workspace/exp/diversity_check/aspdac2026_submission_source/REvolution-aspdac2026-submission/exp
265,generation_log,21,[],0,{},0,161,/workspace/exp/diversity_check/aspdac2026_submission_source/REvolution-aspdac2026-submission/exp/llama3_clean_results/VerilogEval-Spec-to-RTL/Prob105_rotate100/generation_log.jsonl,,ok,21,llama3_clean_results/VerilogEval-Spec-to-RTL/Prob105_rotate100/generation_log.jsonl,/workspace/exp/diversity_check/aspdac2026_submission_source/REvolution-aspdac2026-submission/exp
282,generation_log,21,[],0,{},0,151,/workspace/exp/diversity_check/aspdac2026_submission_source/REvolution-aspdac2026-submission/exp/llama3_clean_results/VerilogEval-Spec-to-RTL/Prob106_always_nolatches/generation_log.jsonl,,ok,21,llama3_clean_results/VerilogEval-Spec-to-RTL/Prob106_always_nolatches/generation_log.jsonl,/workspace/exp/diversity_check/aspdac2026_submission_source/REvolution-aspdac2026-submission/exp
273,generation_log,21,[],0,{},0,140,/workspace/exp/diversity_check/aspdac2026_submission_source/REvolution-aspdac2026-submission/exp/llama3_clean_results/VerilogEval-Spec-to-RTL/Prob107_fsm1s/generation_log.jsonl,,ok,21,llama3_clean_results/VerilogEval-Spec-to-RTL/Prob107_fsm1s/generation_log.jsonl,/workspace/exp/diversity_check/aspdac2026_submission_source/REvolution-aspdac2026-submission/exp
250,generation_log,21,[],0,{},0,55,/workspace/exp/diversity_check/aspdac2026_submission_source/REvolution-aspdac2026-submission/exp/llama3_clean_results/VerilogEval-Spec-to-RTL/Prob108_rule90/generation_log.jsonl,,ok,21,llama3_clean_results/VerilogEval-Spec-to-RTL/Prob108_rule90/generation_log.jsonl,/workspace/exp/diversity_check/aspdac2026_submission_source/REvolution-aspdac2026-submission/exp
292,generation_log,21,[],0,{},0,172,/workspace/exp/diversity_check/aspdac2026_submission_source/REvolution-aspdac2026-submission/exp/llama3_clean_results/VerilogEval-Spec-to-RTL/Prob109_fsm1/generation_log.jsonl,,ok,21,llama3_clean_results/VerilogEval-Spec-to-RTL/Prob109_fsm1/generation_log.jsonl,/workspace/exp/diversity_check/aspdac2026_submission_source/REvolution-aspdac2026-submission/exp
295,generation_log,21,[],0,{},0,164,/workspace/exp/diversity_check/aspdac2026_submission_source/REvolution-aspdac2026-submission/exp/llama3_clean_results/VerilogEval-Spec-to-RTL/Prob110_fsm2/generation_log.jsonl,,ok,21,llama3_clean_results/VerilogEval-Spec-to-RTL/Prob110_fsm2/generation_log.jsonl,/workspace/exp/diversity_check/aspdac2026_submission_source/REvolution-aspdac2026-submission/exp
282,generation_log,21,[],0,{},0,165,/workspace/exp/diversity_check/aspdac2026_submission_source/REvolution-aspdac2026-submission/exp/llama3_clean_results/VerilogEval-Spec-to-RTL/Prob111_fsm2s/generation_log.jsonl,,ok,21,llama3_clean_results/VerilogEval-Spec-to-RTL/Prob111_fsm2s/generation_log.jsonl,/workspace/exp/diversity_check/aspdac2026_submission_source/REvolution-aspdac2026-submission/exp
167,generation_log,21,[],0,{},0,4,/workspace/exp/diversity_check/aspdac2026_submission_source/REvolution-aspdac2026-submission/exp/llama3_clean_results/VerilogEval-Spec-to-RTL/Prob112_always_case2/generation_log.jsonl,,ok,21,llama3_clean_results/VerilogEval-Spec-to-RTL/Prob112_always_case2/generation_log.jsonl,/workspace/exp/diversity_check/aspdac2026_submission_source/REvolution-aspdac2026-submission/exp
246,generation_log,21,[],0,{},0,71,/workspace/exp/diversity_check/aspdac2026_submission_source/REvolution-aspdac2026-submission/exp/llama3_clean_results/VerilogEval-Spec-to-RTL/Prob113_2012_q1g/generation_log.jsonl,,ok,21,llama3_clean_results/VerilogEval-Spec-to-RTL/Prob113_2012_q1g/generation_log.jsonl,/workspace/exp/diversity_check/aspdac2026_submission_source/REvolution-aspdac2026-submission/exp
281,generation_log,21,[],0,{},0,150,/workspace/exp/diversity_check/aspdac2026_submission_source/REvolution-aspdac2026-submission/exp/llama3_clean_results/VerilogEval-Spec-to-RTL/Prob114_bugs_case/generation_log.jsonl,,ok,21,llama3_clean_results/VerilogEval-Spec-to-RTL/Prob114_bugs_case/generation_log.jsonl,/workspace/exp/diversity_check/aspdac2026_submission_source/REvolution-aspdac2026-submission/exp
273,generation_log,21,[],0,{},0,140,/workspace/exp/diversity_check/aspdac2026_submission_source/REvolution-aspdac2026-submission/exp/llama3_clean_results/VerilogEval-Spec-to-RTL/Prob115_shift18/generation_log.jsonl,,ok,21,llama3_clean_results/VerilogEval-Spec-to-RTL/Prob115_shift18/generation_log.jsonl,/workspace/exp/diversity_check/aspdac2026_submission_source/REvolution-aspdac2026-submission/exp
77,generation_log,21,[],0,{},0,0,/workspace/exp/diversity_check/aspdac2026_submission_source/REvolution-aspdac2026-submission/exp/llama3_clean_results/VerilogEval-Spec-to-RTL/Prob116_m2014_q3/generation_log.jsonl,,ok,21,llama3_clean_results/VerilogEval-Spec-to-RTL/Prob116_m2014_q3/generation_log.jsonl,/workspace/exp/diversity_check/aspdac2026_submission_source/REvolution-aspdac2026-submission/exp
258,generation_log,21,[],0,{},0,120,/workspace/exp/diversity_check/aspdac2026_submission_source/REvolution-aspdac2026-submission/exp/llama3_clean_results/VerilogEval-Spec-to-RTL/Prob117_circuit9/generation_log.jsonl,,ok,21,llama3_clean_results/VerilogEval-Spec-to-RTL/Prob117_circuit9/generation_log.jsonl,/workspace/exp/diversity_check/aspdac2026_submission_source/REvolution-aspdac2026-submission/exp
260,generation_log,21,[],0,{},0,166,/workspace/exp/diversity_check/aspdac2026_submission_source/REvolution-aspdac2026-submission/exp/llama3_clean_results/VerilogEval-Spec-to-RTL/Prob118_history_shift/generation_log.jsonl,,ok,21,llama3_clean_results/VerilogEval-Spec-to-RTL/Prob118_history_shift/generation_log.jsonl,/workspace/exp/diversity_check/aspdac2026_submission_source/REvolution-aspdac2026-submission/exp
282,generation_log,21,[],0,{},0,138,/workspace/exp/diversity_check/aspdac2026_submission_source/REvolution-aspdac2026-submission/exp/llama3_clean_results/VerilogEval-Spec-to-RTL/Prob119_fsm3/generation_log.jsonl,,ok,21,llama3_clean_results/VerilogEval-Spec-to-RTL/Prob119_fsm3/generation_log.jsonl,/workspace/exp/diversity_check/aspdac2026_submission_source/REvolution-aspdac2026-submission/exp
282,generation_log,21,[],0,{},0,139,/workspace/exp/diversity_check/aspdac2026_submission_source/REvolution-aspdac2026-submission/exp/llama3_clean_results/VerilogEval-Spec-to-RTL/Prob120_fsm3s/generation_log.jsonl,,ok,21,llama3_clean_results/VerilogEval-Spec-to-RTL/Prob120_fsm3s/generation_log.jsonl,/workspace/exp/diversity_check/aspdac2026_submission_source/REvolution-aspdac2026-submission/exp
287,generation_log,21,[],0,{},0,137,/workspace/exp/diversity_check/aspdac2026_submission_source/REvolution-aspdac2026-submission/exp/llama3_clean_results/VerilogEval-Spec-to-RTL/Prob121_2014_q3bfsm/generation_log.jsonl,,ok,21,llama3_clean_results/VerilogEval-Spec-to-RTL/Prob121_2014_q3bfsm/generation_log.jsonl,/workspace/exp/diversity_check/aspdac2026_submission_source/REvolution-aspdac2026-submission/exp
287,generation_log,21,[],0,{},0,149,/workspace/exp/diversity_check/aspdac2026_submission_source/REvolution-aspdac2026-submission/exp/llama3_clean_results/VerilogEval-Spec-to-RTL/Prob122_kmap4/generation_log.jsonl,,ok,21,llama3_clean_results/VerilogEval-Spec-to-RTL/Prob122_kmap4/generation_log.jsonl,/workspace/exp/diversity_check/aspdac2026_submission_source/REvolution-aspdac2026-submission/exp
295,generation_log,21,[],0,{},0,173,/workspace/exp/diversity_check/aspdac2026_submission_source/REvolution-aspdac2026-submission/exp/llama3_clean_results/VerilogEval-Spec-to-RTL/Prob123_bugs_addsubz/generation_log.jsonl,,ok,21,llama3_clean_results/VerilogEval-Spec-to-RTL/Prob123_bugs_addsubz/generation_log.jsonl,/workspace/exp/diversity_check/aspdac2026_submission_source/REvolution-aspdac2026-submission/exp
131,generation_log,21,[],0,{},0,2,/workspace/exp/diversity_check/aspdac2026_submission_source/REvolution-aspdac2026-submission/exp/llama3_clean_results/VerilogEval-Spec-to-RTL/Prob124_rule110/generation_log.jsonl,,ok,21,llama3_clean_results/VerilogEval-Spec-to-RTL/Prob124_rule110/generation_log.jsonl,/workspace/exp/diversity_check/aspdac2026_submission_source/REvolution-aspdac2026-submission/exp
281,generation_log,21,[],0,{},0,130,/workspace/exp/diversity_check/aspdac2026_submission_source/REvolution-aspdac2026-submission/exp/llama3_clean_results/VerilogEval-Spec-to-RTL/Prob125_kmap3/generation_log.jsonl,,ok,21,llama3_clean_results/VerilogEval-Spec-to-RTL/Prob125_kmap3/generation_log.jsonl,/workspace/exp/diversity_check/aspdac2026_submission_source/REvolution-aspdac2026-submission/exp
286,generation_log,21,[],0,{},0,94,/workspace/exp/diversity_check/aspdac2026_submission_source/REvolution-aspdac2026-submission/exp/llama3_clean_results/VerilogEval-Spec-to-RTL/Prob126_circuit6/generation_log.jsonl,,ok,21,llama3_clean_results/VerilogEval-Spec-to-RTL/Prob126_circuit6/generation_log.jsonl,/workspace/exp/diversity_check/aspdac2026_submission_source/REvolution-aspdac2026-submission/exp
269,generation_log,21,[],0,{},0,101,/workspace/exp/diversity_check/aspdac2026_submission_source/REvolution-aspdac2026-submission/exp/llama3_clean_results/VerilogEval-Spec-to-RTL/Prob127_lemmings1/generation_log.jsonl,,ok,21,llama3_clean_results/VerilogEval-Spec-to-RTL/Prob127_lemmings1/generation_log.jsonl,/workspace/exp/diversity_check/aspdac2026_submission_source/REvolution-aspdac2026-submission/exp
232,generation_log,21,[],0,{},0,36,/workspace/exp/diversity_check/aspdac2026_submission_source/REvolution-aspdac2026-submission/exp/llama3_clean_results/VerilogEval-Spec-to-RTL/Prob128_fsm_ps2/generation_log.jsonl,,ok,21,llama3_clean_results/VerilogEval-Spec-to-RTL/Prob128_fsm_ps2/generation_log.jsonl,/workspace/exp/diversity_check/aspdac2026_submission_source/REvolution-aspdac2026-submission/exp
264,generation_log,21,[],0,{},0,93,/workspace/exp/diversity_check/aspdac2026_submission_source/REvolution-aspdac2026-submission/exp/llama3_clean_results/VerilogEval-Spec-to-RTL/Prob129_ece241_2013_q8/generation_log.jsonl,,ok,21,llama3_clean_results/VerilogEval-Spec-to-RTL/Prob129_ece241_2013_q8/generation_log.jsonl,/workspace/exp/diversity_check/aspdac2026_submission_source/REvolution-aspdac2026-submission/exp
286,generation_log,21,[],0,{},0,133,/workspace/exp/diversity_check/aspdac2026_submission_source/REvolution-aspdac2026-submission/exp/llama3_clean_results/VerilogEval-Spec-to-RTL/Prob130_circuit5/generation_log.jsonl,,ok,21,llama3_clean_results/VerilogEval-Spec-to-RTL/Prob130_circuit5/generation_log.jsonl,/workspace/exp/diversity_check/aspdac2026_submission_source/REvolution-aspdac2026-submission/exp
273,generation_log,21,[],0,{},0,145,/workspace/exp/diversity_check/aspdac2026_submission_source/REvolution-aspdac2026-submission/exp/llama3_clean_results/VerilogEval-Spec-to-RTL/Prob131_mt2015_q4/generation_log.jsonl,,ok,21,llama3_clean_results/VerilogEval-Spec-to-RTL/Prob131_mt2015_q4/generation_log.jsonl,/workspace/exp/diversity_check/aspdac2026_submission_source/REvolution-aspdac2026-submission/exp
264,generation_log,21,[],0,{},0,173,/workspace/exp/diversity_check/aspdac2026_submission_source/REvolution-aspdac2026-submission/exp/llama3_clean_results/VerilogEval-Spec-to-RTL/Prob132_always_if2/generation_log.jsonl,,ok,21,llama3_clean_results/VerilogEval-Spec-to-RTL/Prob132_always_if2/generation_log.jsonl,/workspace/exp/diversity_check/aspdac2026_submission_source/REvolution-aspdac2026-submission/exp
77,generation_log,21,[],0,{},0,0,/workspace/exp/diversity_check/aspdac2026_submission_source/REvolution-aspdac2026-submission/exp/llama3_clean_results/VerilogEval-Spec-to-RTL/Prob133_2014_q3fsm/generation_log.jsonl,,ok,21,llama3_clean_results/VerilogEval-Spec-to-RTL/Prob133_2014_q3fsm/generation_log.jsonl,/workspace/exp/diversity_check/aspdac2026_submission_source/REvolution-aspdac2026-submission/exp
258,generation_log,21,[],0,{},0,103,/workspace/exp/diversity_check/aspdac2026_submission_source/REvolution-aspdac2026-submission/exp/llama3_clean_results/VerilogEval-Spec-to-RTL/Prob134_2014_q3c/generation_log.jsonl,,ok,21,llama3_clean_results/VerilogEval-Spec-to-RTL/Prob134_2014_q3c/generation_log.jsonl,/workspace/exp/diversity_check/aspdac2026_submission_source/REvolution-aspdac2026-submission/exp
232,generation_log,21,[],0,{},0,35,/workspace/exp/diversity_check/aspdac2026_submission_source/REvolution-aspdac2026-submission/exp/llama3_clean_results/VerilogEval-Spec-to-RTL/Prob135_m2014_q6b/generation_log.jsonl,,ok,21,llama3_clean_results/VerilogEval-Spec-to-RTL/Prob135_m2014_q6b/generation_log.jsonl,/workspace/exp/diversity_check/aspdac2026_submission_source/REvolution-aspdac2026-submission/exp
287,generation_log,21,[],0,{},0,121,/workspace/exp/diversity_check/aspdac2026_submission_source/REvolution-aspdac2026-submission/exp/llama3_clean_results/VerilogEval-Spec-to-RTL/Prob136_m2014_q6/generation_log.jsonl,,ok,21,llama3_clean_results/VerilogEval-Spec-to-RTL/Prob136_m2014_q6/generation_log.jsonl,/workspace/exp/diversity_check/aspdac2026_submission_source/REvolution-aspdac2026-submission/exp
218,generation_log,21,[],0,{},0,57,/workspace/exp/diversity_check/aspdac2026_submission_source/REvolution-aspdac2026-submission/exp/llama3_clean_results/VerilogEval-Spec-to-RTL/Prob137_fsm_serial/generation_log.jsonl,,ok,21,llama3_clean_results/VerilogEval-Spec-to-RTL/Prob137_fsm_serial/generation_log.jsonl,/workspace/exp/diversity_check/aspdac2026_submission_source/REvolution-aspdac2026-submission/exp
286,generation_log,21,[],0,{},0,151,/workspace/exp/diversity_check/aspdac2026_submission_source/REvolution-aspdac2026-submission/exp/llama3_clean_results/VerilogEval-Spec-to-RTL/Prob138_2012_q2fsm/generation_log.jsonl,,ok,21,llama3_clean_results/VerilogEval-Spec-to-RTL/Prob138_2012_q2fsm/generation_log.jsonl,/workspace/exp/diversity_check/aspdac2026_submission_source/REvolution-aspdac2026-submission/exp
77,generation_log,21,[],0,{},0,0,/workspace/exp/diversity_check/aspdac2026_submission_source/REvolution-aspdac2026-submission/exp/llama3_clean_results/VerilogEval-Spec-to-RTL/Prob139_2013_q2bfsm/generation_log.jsonl,,ok,21,llama3_clean_results/VerilogEval-Spec-to-RTL/Prob139_2013_q2bfsm/generation_log.jsonl,/workspace/exp/diversity_check/aspdac2026_submission_source/REvolution-aspdac2026-submission/exp
237,generation_log,21,[],0,{},0,42,/workspace/exp/diversity_check/aspdac2026_submission_source/REvolution-aspdac2026-submission/exp/llama3_clean_results/VerilogEval-Spec-to-RTL/Prob140_fsm_hdlc/generation_log.jsonl,,ok,21,llama3_clean_results/VerilogEval-Spec-to-RTL/Prob140_fsm_hdlc/generation_log.jsonl,/workspace/exp/diversity_check/aspdac2026_submission_source/REvolution-aspdac2026-submission/exp
77,generation_log,21,[],0,{},0,0,/workspace/exp/diversity_check/aspdac2026_submission_source/REvolution-aspdac2026-submission/exp/llama3_clean_results/VerilogEval-Spec-to-RTL/Prob141_count_clock/generation_log.jsonl,,ok,21,llama3_clean_results/VerilogEval-Spec-to-RTL/Prob141_count_clock/generation_log.jsonl,/workspace/exp/diversity_check/aspdac2026_submission_source/REvolution-aspdac2026-submission/exp
214,generation_log,21,[],0,{},0,38,/workspace/exp/diversity_check/aspdac2026_submission_source/REvolution-aspdac2026-submission/exp/llama3_clean_results/VerilogEval-Spec-to-RTL/Prob142_lemmings2/generation_log.jsonl,,ok,21,llama3_clean_results/VerilogEval-Spec-to-RTL/Prob142_lemmings2/generation_log.jsonl,/workspace/exp/diversity_check/aspdac2026_submission_source/REvolution-aspdac2026-submission/exp
255,generation_log,21,[],0,{},0,85,/workspace/exp/diversity_check/aspdac2026_submission_source/REvolution-aspdac2026-submission/exp/llama3_clean_results/VerilogEval-Spec-to-RTL/Prob143_fsm_onehot/generation_log.jsonl,,ok,21,llama3_clean_results/VerilogEval-Spec-to-RTL/Prob143_fsm_onehot/generation_log.jsonl,/workspace/exp/diversity_check/aspdac2026_submission_source/REvolution-aspdac2026-submission/exp
77,generation_log,21,[],0,{},0,0,/workspace/exp/diversity_check/aspdac2026_submission_source/REvolution-aspdac2026-submission/exp/llama3_clean_results/VerilogEval-Spec-to-RTL/Prob144_conwaylife/generation_log.jsonl,,ok,21,llama3_clean_results/VerilogEval-Spec-to-RTL/Prob144_conwaylife/generation_log.jsonl,/workspace/exp/diversity_check/aspdac2026_submission_source/REvolution-aspdac2026-submission/exp
77,generation_log,21,[],0,{},0,0,/workspace/exp/diversity_check/aspdac2026_submission_source/REvolution-aspdac2026-submission/exp/llama3_clean_results/VerilogEval-Spec-to-RTL/Prob145_circuit8/generation_log.jsonl,,ok,21,llama3_clean_results/VerilogEval-Spec-to-RTL/Prob145_circuit8/generation_log.jsonl,/workspace/exp/diversity_check/aspdac2026_submission_source/REvolution-aspdac2026-submission/exp
77,generation_log,21,[],0,{},0,0,/workspace/exp/diversity_check/aspdac2026_submission_source/REvolution-aspdac2026-submission/exp/llama3_clean_results/VerilogEval-Spec-to-RTL/Prob146_fsm_serialdata/generation_log.jsonl,,ok,21,llama3_clean_results/VerilogEval-Spec-to-RTL/Prob146_fsm_serialdata/generation_log.jsonl,/workspace/exp/diversity_check/aspdac2026_submission_source/REvolution-aspdac2026-submission/exp
77,generation_log,21,[],0,{},0,0,/workspace/exp/diversity_check/aspdac2026_submission_source/REvolution-aspdac2026-submission/exp/llama3_clean_results/VerilogEval-Spec-to-RTL/Prob147_circuit10/generation_log.jsonl,,ok,21,llama3_clean_results/VerilogEval-Spec-to-RTL/Prob147_circuit10/generation_log.jsonl,/workspace/exp/diversity_check/aspdac2026_submission_source/REvolution-aspdac2026-submission/exp
286,generation_log,21,[],0,{},0,127,/workspace/exp/diversity_check/aspdac2026_submission_source/REvolution-aspdac2026-submission/exp/llama3_clean_results/VerilogEval-Spec-to-RTL/Prob148_2013_q2afsm/generation_log.jsonl,,ok,21,llama3_clean_results/VerilogEval-Spec-to-RTL/Prob148_2013_q2afsm/generation_log.jsonl,/workspace/exp/diversity_check/aspdac2026_submission_source/REvolution-aspdac2026-submission/exp
77,generation_log,21,[],0,{},0,0,/workspace/exp/diversity_check/aspdac2026_submission_source/REvolution-aspdac2026-submission/exp/llama3_clean_results/VerilogEval-Spec-to-RTL/Prob149_ece241_2013_q4/generation_log.jsonl,,ok,21,llama3_clean_results/VerilogEval-Spec-to-RTL/Prob149_ece241_2013_q4/generation_log.jsonl,/workspace/exp/diversity_check/aspdac2026_submission_source/REvolution-aspdac2026-submission/exp
282,generation_log,21,[],0,{},0,89,/workspace/exp/diversity_check/aspdac2026_submission_source/REvolution-aspdac2026-submission/exp/llama3_clean_results/VerilogEval-Spec-to-RTL/Prob150_review2015_fsmonehot/generation_log.jsonl,,ok,21,llama3_clean_results/VerilogEval-Spec-to-RTL/Prob150_review2015_fsmonehot/generation_log.jsonl,/workspace/exp/diversity_check/aspdac2026_submission_source/REvolution-aspdac2026-submission/exp
77,generation_log,21,[],0,{},0,0,/workspace/exp/diversity_check/aspdac2026_submission_source/REvolution-aspdac2026-submission/exp/llama3_clean_results/VerilogEval-Spec-to-RTL/Prob151_review2015_fsm/generation_log.jsonl,,ok,21,llama3_clean_results/VerilogEval-Spec-to-RTL/Prob151_review2015_fsm/generation_log.jsonl,/workspace/exp/diversity_check/aspdac2026_submission_source/REvolution-aspdac2026-submission/exp
255,generation_log,21,[],0,{},0,66,/workspace/exp/diversity_check/aspdac2026_submission_source/REvolution-aspdac2026-submission/exp/llama3_clean_results/VerilogEval-Spec-to-RTL/Prob152_lemmings3/generation_log.jsonl,,ok,21,llama3_clean_results/VerilogEval-Spec-to-RTL/Prob152_lemmings3/generation_log.jsonl,/workspace/exp/diversity_check/aspdac2026_submission_source/REvolution-aspdac2026-submission/exp
77,generation_log,21,[],0,{},0,0,/workspace/exp/diversity_check/aspdac2026_submission_source/REvolution-aspdac2026-submission/exp/llama3_clean_results/VerilogEval-Spec-to-RTL/Prob153_gshare/generation_log.jsonl,,ok,21,llama3_clean_results/VerilogEval-Spec-to-RTL/Prob153_gshare/generation_log.jsonl,/workspace/exp/diversity_check/aspdac2026_submission_source/REvolution-aspdac2026-submission/exp
264,generation_log,21,[],0,{},0,80,/workspace/exp/diversity_check/aspdac2026_submission_source/REvolution-aspdac2026-submission/exp/llama3_clean_results/VerilogEval-Spec-to-RTL/Prob154_fsm_ps2data/generation_log.jsonl,,ok,21,llama3_clean_results/VerilogEval-Spec-to-RTL/Prob154_fsm_ps2data/generation_log.jsonl,/workspace/exp/diversity_check/aspdac2026_submission_source/REvolution-aspdac2026-submission/exp
77,generation_log,21,[],0,{},0,0,/workspace/exp/diversity_check/aspdac2026_submission_source/REvolution-aspdac2026-submission/exp/llama3_clean_results/VerilogEval-Spec-to-RTL/Prob155_lemmings4/generation_log.jsonl,,ok,21,llama3_clean_results/VerilogEval-Spec-to-RTL/Prob155_lemmings4/generation_log.jsonl,/workspace/exp/diversity_check/aspdac2026_submission_source/REvolution-aspdac2026-submission/exp
77,generation_log,21,[],0,{},0,0,/workspace/exp/diversity_check/aspdac2026_submission_source/REvolution-aspdac2026-submission/exp/llama3_clean_results/VerilogEval-Spec-to-RTL/Prob156_review2015_fancytimer/generation_log.jsonl,,ok,21,llama3_clean_results/VerilogEval-Spec-to-RTL/Prob156_review2015_fancytimer/generation_log.jsonl,/workspace/exp/diversity_check/aspdac2026_submission_source/REvolution-aspdac2026-submission/exp
251,generation_log,21,[],0,{},0,62,/aux/revolution-history/exp/ablation_pop10_gen20_20260212_115506/revolution/_models_openai-gpt-oss-120b/RTLLM/Prob001_accu/generation_log.jsonl,,ok,21,Prob001_accu/generation_log.jsonl,/aux/revolution-history/exp/ablation_pop10_gen20_20260212_115506/revolution/_models_openai-gpt-oss-120b/RTLLM
270,generation_log,21,[],0,{},0,84,/aux/revolution-history/exp/ablation_pop10_gen20_20260212_115506/revolution/_models_openai-gpt-oss-120b/RTLLM/Prob002_adder_16bit/generation_log.jsonl,,ok,21,Prob002_adder_16bit/generation_log.jsonl,/aux/revolution-history/exp/ablation_pop10_gen20_20260212_115506/revolution/_models_openai-gpt-oss-120b/RTLLM
241,generation_log,21,[],0,{},0,45,/aux/revolution-history/exp/ablation_pop10_gen20_20260212_115506/revolution/_models_openai-gpt-oss-120b/RTLLM/Prob003_adder_32bit/generation_log.jsonl,,ok,21,Prob003_adder_32bit/generation_log.jsonl,/aux/revolution-history/exp/ablation_pop10_gen20_20260212_115506/revolution/_models_openai-gpt-oss-120b/RTLLM
273,generation_log,21,[],0,{},0,104,/aux/revolution-history/exp/ablation_pop10_gen20_20260212_115506/revolution/_models_openai-gpt-oss-120b/RTLLM/Prob004_adder_8bit/generation_log.jsonl,,ok,21,Prob004_adder_8bit/generation_log.jsonl,/aux/revolution-history/exp/ablation_pop10_gen20_20260212_115506/revolution/_models_openai-gpt-oss-120b/RTLLM
270,generation_log,21,[],0,{},0,90,/aux/revolution-history/exp/ablation_pop10_gen20_20260212_115506/revolution/_models_openai-gpt-oss-120b/RTLLM/Prob005_adder_bcd/generation_log.jsonl,,ok,21,Prob005_adder_bcd/generation_log.jsonl,/aux/revolution-history/exp/ablation_pop10_gen20_20260212_115506/revolution/_models_openai-gpt-oss-120b/RTLLM
95,generation_log,21,[],0,{},0,0,/aux/revolution-history/exp/ablation_pop10_gen20_20260212_115506/revolution/_models_openai-gpt-oss-120b/RTLLM/Prob006_adder_pipe_64bit/generation_log.jsonl,,ok,21,Prob006_adder_pipe_64bit/generation_log.jsonl,/aux/revolution-history/exp/ablation_pop10_gen20_20260212_115506/revolution/_models_openai-gpt-oss-120b/RTLLM
279,generation_log,21,[],0,{},0,154,/aux/revolution-history/exp/ablation_pop10_gen20_20260212_115506/revolution/_models_openai-gpt-oss-120b/RTLLM/Prob007_comparator_3bit/generation_log.jsonl,,ok,21,Prob007_comparator_3bit/generation_log.jsonl,/aux/revolution-history/exp/ablation_pop10_gen20_20260212_115506/revolution/_models_openai-gpt-oss-120b/RTLLM
273,generation_log,21,[],0,{},0,101,/aux/revolution-history/exp/ablation_pop10_gen20_20260212_115506/revolution/_models_openai-gpt-oss-120b/RTLLM/Prob008_comparator_4bit/generation_log.jsonl,,ok,21,Prob008_comparator_4bit/generation_log.jsonl,/aux/revolution-history/exp/ablation_pop10_gen20_20260212_115506/revolution/_models_openai-gpt-oss-120b/RTLLM
264,generation_log,21,[],0,{},0,68,/aux/revolution-history/exp/ablation_pop10_gen20_20260212_115506/revolution/_models_openai-gpt-oss-120b/RTLLM/Prob009_div_16bit/generation_log.jsonl,,ok,21,Prob009_div_16bit/generation_log.jsonl,/aux/revolution-history/exp/ablation_pop10_gen20_20260212_115506/revolution/_models_openai-gpt-oss-120b/RTLLM
93,generation_log,21,[],0,{},0,0,/aux/revolution-history/exp/ablation_pop10_gen20_20260212_115506/revolution/_models_openai-gpt-oss-120b/RTLLM/Prob010_radix2_div/generation_log.jsonl,,ok,21,Prob010_radix2_div/generation_log.jsonl,/aux/revolution-history/exp/ablation_pop10_gen20_20260212_115506/revolution/_models_openai-gpt-oss-120b/RTLLM
94,generation_log,21,[],0,{},0,0,/aux/revolution-history/exp/ablation_pop10_gen20_20260212_115506/revolution/_models_openai-gpt-oss-120b/RTLLM/Prob011_multi_16bit/generation_log.jsonl,,ok,21,Prob011_multi_16bit/generation_log.jsonl,/aux/revolution-history/exp/ablation_pop10_gen20_20260212_115506/revolution/_models_openai-gpt-oss-120b/RTLLM
278,generation_log,21,[],0,{},0,152,/aux/revolution-history/exp/ablation_pop10_gen20_20260212_115506/revolution/_models_openai-gpt-oss-120b/RTLLM/Prob012_multi_8bit/generation_log.jsonl,,ok,21,Prob012_multi_8bit/generation_log.jsonl,/aux/revolution-history/exp/ablation_pop10_gen20_20260212_115506/revolution/_models_openai-gpt-oss-120b/RTLLM
190,generation_log,21,[],0,{},0,18,/aux/revolution-history/exp/ablation_pop10_gen20_20260212_115506/revolution/_models_openai-gpt-oss-120b/RTLLM/Prob013_multi_booth_8bit/generation_log.jsonl,,ok,21,Prob013_multi_booth_8bit/generation_log.jsonl,/aux/revolution-history/exp/ablation_pop10_gen20_20260212_115506/revolution/_models_openai-gpt-oss-120b/RTLLM
94,generation_log,21,[],0,{},0,0,/aux/revolution-history/exp/ablation_pop10_gen20_20260212_115506/revolution/_models_openai-gpt-oss-120b/RTLLM/Prob014_multi_pipe_4bit/generation_log.jsonl,,ok,21,Prob014_multi_pipe_4bit/generation_log.jsonl,/aux/revolution-history/exp/ablation_pop10_gen20_20260212_115506/revolution/_models_openai-gpt-oss-120b/RTLLM
94,generation_log,21,[],0,{},0,0,/aux/revolution-history/exp/ablation_pop10_gen20_20260212_115506/revolution/_models_openai-gpt-oss-120b/RTLLM/Prob015_multi_pipe_8bit/generation_log.jsonl,,ok,21,Prob015_multi_pipe_8bit/generation_log.jsonl,/aux/revolution-history/exp/ablation_pop10_gen20_20260212_115506/revolution/_models_openai-gpt-oss-120b/RTLLM
95,generation_log,21,[],0,{},0,0,/aux/revolution-history/exp/ablation_pop10_gen20_20260212_115506/revolution/_models_openai-gpt-oss-120b/RTLLM/Prob016_fixed_point_adder/generation_log.jsonl,,ok,21,Prob016_fixed_point_adder/generation_log.jsonl,/aux/revolution-history/exp/ablation_pop10_gen20_20260212_115506/revolution/_models_openai-gpt-oss-120b/RTLLM
95,generation_log,21,[],0,{},0,0,/aux/revolution-history/exp/ablation_pop10_gen20_20260212_115506/revolution/_models_openai-gpt-oss-120b/RTLLM/Prob017_fixed_point_substractor/generation_log.jsonl,,ok,21,Prob017_fixed_point_substractor/generation_log.jsonl,/aux/revolution-history/exp/ablation_pop10_gen20_20260212_115506/revolution/_models_openai-gpt-oss-120b/RTLLM
93,generation_log,21,[],0,{},0,0,/aux/revolution-history/exp/ablation_pop10_gen20_20260212_115506/revolution/_models_openai-gpt-oss-120b/RTLLM/Prob018_float_multi/generation_log.jsonl,,ok,21,Prob018_float_multi/generation_log.jsonl,/aux/revolution-history/exp/ablation_pop10_gen20_20260212_115506/revolution/_models_openai-gpt-oss-120b/RTLLM
280,generation_log,21,[],0,{},0,159,/aux/revolution-history/exp/ablation_pop10_gen20_20260212_115506/revolution/_models_openai-gpt-oss-120b/RTLLM/Prob019_sub_64bit/generation_log.jsonl,,ok,21,Prob019_sub_64bit/generation_log.jsonl,/aux/revolution-history/exp/ablation_pop10_gen20_20260212_115506/revolution/_models_openai-gpt-oss-120b/RTLLM
280,generation_log,21,[],0,{},0,147,/aux/revolution-history/exp/ablation_pop10_gen20_20260212_115506/revolution/_models_openai-gpt-oss-120b/RTLLM/Prob020_JC_counter/generation_log.jsonl,,ok,21,Prob020_JC_counter/generation_log.jsonl,/aux/revolution-history/exp/ablation_pop10_gen20_20260212_115506/revolution/_models_openai-gpt-oss-120b/RTLLM
279,generation_log,21,[],0,{},0,157,/aux/revolution-history/exp/ablation_pop10_gen20_20260212_115506/revolution/_models_openai-gpt-oss-120b/RTLLM/Prob021_counter_12/generation_log.jsonl,,ok,21,Prob021_counter_12/generation_log.jsonl,/aux/revolution-history/exp/ablation_pop10_gen20_20260212_115506/revolution/_models_openai-gpt-oss-120b/RTLLM
94,generation_log,21,[],0,{},0,0,/aux/revolution-history/exp/ablation_pop10_gen20_20260212_115506/revolution/_models_openai-gpt-oss-120b/RTLLM/Prob022_ring_counter/generation_log.jsonl,,ok,21,Prob022_ring_counter/generation_log.jsonl,/aux/revolution-history/exp/ablation_pop10_gen20_20260212_115506/revolution/_models_openai-gpt-oss-120b/RTLLM
276,generation_log,21,[],0,{},0,123,/aux/revolution-history/exp/ablation_pop10_gen20_20260212_115506/revolution/_models_openai-gpt-oss-120b/RTLLM/Prob023_up_down_counter/generation_log.jsonl,,ok,21,Prob023_up_down_counter/generation_log.jsonl,/aux/revolution-history/exp/ablation_pop10_gen20_20260212_115506/revolution/_models_openai-gpt-oss-120b/RTLLM
220,generation_log,21,[],0,{},0,19,/aux/revolution-history/exp/ablation_pop10_gen20_20260212_115506/revolution/_models_openai-gpt-oss-120b/RTLLM/Prob024_fsm/generation_log.jsonl,,ok,21,Prob024_fsm/generation_log.jsonl,/aux/revolution-history/exp/ablation_pop10_gen20_20260212_115506/revolution/_models_openai-gpt-oss-120b/RTLLM
210,generation_log,21,[],0,{},0,8,/aux/revolution-history/exp/ablation_pop10_gen20_20260212_115506/revolution/_models_openai-gpt-oss-120b/RTLLM/Prob025_sequence_detector/generation_log.jsonl,,ok,21,Prob025_sequence_detector/generation_log.jsonl,/aux/revolution-history/exp/ablation_pop10_gen20_20260212_115506/revolution/_models_openai-gpt-oss-120b/RTLLM
93,generation_log,21,[],0,{},0,0,/aux/revolution-history/exp/ablation_pop10_gen20_20260212_115506/revolution/_models_openai-gpt-oss-120b/RTLLM/Prob026_asyn_fifo/generation_log.jsonl,,ok,21,Prob026_asyn_fifo/generation_log.jsonl,/aux/revolution-history/exp/ablation_pop10_gen20_20260212_115506/revolution/_models_openai-gpt-oss-120b/RTLLM
222,generation_log,21,[],0,{},0,24,/aux/revolution-history/exp/ablation_pop10_gen20_20260212_115506/revolution/_models_openai-gpt-oss-120b/RTLLM/Prob027_LIFObuffer/generation_log.jsonl,,ok,21,Prob027_LIFObuffer/generation_log.jsonl,/aux/revolution-history/exp/ablation_pop10_gen20_20260212_115506/revolution/_models_openai-gpt-oss-120b/RTLLM
94,generation_log,21,[],0,{},0,0,/aux/revolution-history/exp/ablation_pop10_gen20_20260212_115506/revolution/_models_openai-gpt-oss-120b/RTLLM/Prob028_LFSR/generation_log.jsonl,,ok,21,Prob028_LFSR/generation_log.jsonl,/aux/revolution-history/exp/ablation_pop10_gen20_20260212_115506/revolution/_models_openai-gpt-oss-120b/RTLLM
95,generation_log,21,[],0,{},0,0,/aux/revolution-history/exp/ablation_pop10_gen20_20260212_115506/revolution/_models_openai-gpt-oss-120b/RTLLM/Prob029_barrel_shifter/generation_log.jsonl,,ok,21,Prob029_barrel_shifter/generation_log.jsonl,/aux/revolution-history/exp/ablation_pop10_gen20_20260212_115506/revolution/_models_openai-gpt-oss-120b/RTLLM
280,generation_log,21,[],0,{},0,133,/aux/revolution-history/exp/ablation_pop10_gen20_20260212_115506/revolution/_models_openai-gpt-oss-120b/RTLLM/Prob030_right_shifter/generation_log.jsonl,,ok,21,Prob030_right_shifter/generation_log.jsonl,/aux/revolution-history/exp/ablation_pop10_gen20_20260212_115506/revolution/_models_openai-gpt-oss-120b/RTLLM
219,generation_log,21,[],0,{},0,10,/aux/revolution-history/exp/ablation_pop10_gen20_20260212_115506/revolution/_models_openai-gpt-oss-120b/RTLLM/Prob031_freq_div/generation_log.jsonl,,ok,21,Prob031_freq_div/generation_log.jsonl,/aux/revolution-history/exp/ablation_pop10_gen20_20260212_115506/revolution/_models_openai-gpt-oss-120b/RTLLM
95,generation_log,21,[],0,{},0,0,/aux/revolution-history/exp/ablation_pop10_gen20_20260212_115506/revolution/_models_openai-gpt-oss-120b/RTLLM/Prob032_freq_divbyeven/generation_log.jsonl,,ok,21,Prob032_freq_divbyeven/generation_log.jsonl,/aux/revolution-history/exp/ablation_pop10_gen20_20260212_115506/revolution/_models_openai-gpt-oss-120b/RTLLM
94,generation_log,21,[],0,{},0,0,/aux/revolution-history/exp/ablation_pop10_gen20_20260212_115506/revolution/_models_openai-gpt-oss-120b/RTLLM/Prob033_freq_divbyfrac/generation_log.jsonl,,ok,21,Prob033_freq_divbyfrac/generation_log.jsonl,/aux/revolution-history/exp/ablation_pop10_gen20_20260212_115506/revolution/_models_openai-gpt-oss-120b/RTLLM
95,generation_log,21,[],0,{},0,0,/aux/revolution-history/exp/ablation_pop10_gen20_20260212_115506/revolution/_models_openai-gpt-oss-120b/RTLLM/Prob034_freq_divbyodd/generation_log.jsonl,,ok,21,Prob034_freq_divbyodd/generation_log.jsonl,/aux/revolution-history/exp/ablation_pop10_gen20_20260212_115506/revolution/_models_openai-gpt-oss-120b/RTLLM
258,generation_log,21,[],0,{},0,40,/aux/revolution-history/exp/ablation_pop10_gen20_20260212_115506/revolution/_models_openai-gpt-oss-120b/RTLLM/Prob035_calendar/generation_log.jsonl,,ok,21,Prob035_calendar/generation_log.jsonl,/aux/revolution-history/exp/ablation_pop10_gen20_20260212_115506/revolution/_models_openai-gpt-oss-120b/RTLLM
275,generation_log,21,[],0,{},0,93,/aux/revolution-history/exp/ablation_pop10_gen20_20260212_115506/revolution/_models_openai-gpt-oss-120b/RTLLM/Prob036_edge_detect/generation_log.jsonl,,ok,21,Prob036_edge_detect/generation_log.jsonl,/aux/revolution-history/exp/ablation_pop10_gen20_20260212_115506/revolution/_models_openai-gpt-oss-120b/RTLLM
141,generation_log,21,[],0,{},0,1,/aux/revolution-history/exp/ablation_pop10_gen20_20260212_115506/revolution/_models_openai-gpt-oss-120b/RTLLM/Prob037_parallel2serial/generation_log.jsonl,,ok,21,Prob037_parallel2serial/generation_log.jsonl,/aux/revolution-history/exp/ablation_pop10_gen20_20260212_115506/revolution/_models_openai-gpt-oss-120b/RTLLM
94,generation_log,21,[],0,{},0,0,/aux/revolution-history/exp/ablation_pop10_gen20_20260212_115506/revolution/_models_openai-gpt-oss-120b/RTLLM/Prob038_pulse_detect/generation_log.jsonl,,ok,21,Prob038_pulse_detect/generation_log.jsonl,/aux/revolution-history/exp/ablation_pop10_gen20_20260212_115506/revolution/_models_openai-gpt-oss-120b/RTLLM
94,generation_log,21,[],0,{},0,0,/aux/revolution-history/exp/ablation_pop10_gen20_20260212_115506/revolution/_models_openai-gpt-oss-120b/RTLLM/Prob039_serial2parallel/generation_log.jsonl,,ok,21,Prob039_serial2parallel/generation_log.jsonl,/aux/revolution-history/exp/ablation_pop10_gen20_20260212_115506/revolution/_models_openai-gpt-oss-120b/RTLLM
236,generation_log,21,[],0,{},0,23,/aux/revolution-history/exp/ablation_pop10_gen20_20260212_115506/revolution/_models_openai-gpt-oss-120b/RTLLM/Prob040_synchronizer/generation_log.jsonl,,ok,21,Prob040_synchronizer/generation_log.jsonl,/aux/revolution-history/exp/ablation_pop10_gen20_20260212_115506/revolution/_models_openai-gpt-oss-120b/RTLLM
93,generation_log,21,[],0,{},0,0,/aux/revolution-history/exp/ablation_pop10_gen20_20260212_115506/revolution/_models_openai-gpt-oss-120b/RTLLM/Prob041_traffic_light/generation_log.jsonl,,ok,21,Prob041_traffic_light/generation_log.jsonl,/aux/revolution-history/exp/ablation_pop10_gen20_20260212_115506/revolution/_models_openai-gpt-oss-120b/RTLLM
95,generation_log,21,[],0,{},0,0,/aux/revolution-history/exp/ablation_pop10_gen20_20260212_115506/revolution/_models_openai-gpt-oss-120b/RTLLM/Prob042_width_8to16/generation_log.jsonl,,ok,21,Prob042_width_8to16/generation_log.jsonl,/aux/revolution-history/exp/ablation_pop10_gen20_20260212_115506/revolution/_models_openai-gpt-oss-120b/RTLLM
258,generation_log,21,[],0,{},0,70,/aux/revolution-history/exp/ablation_pop10_gen20_20260212_115506/revolution/_models_openai-gpt-oss-120b/RTLLM/Prob043_RAM/generation_log.jsonl,,ok,21,Prob043_RAM/generation_log.jsonl,/aux/revolution-history/exp/ablation_pop10_gen20_20260212_115506/revolution/_models_openai-gpt-oss-120b/RTLLM
267,generation_log,21,[],0,{},0,68,/aux/revolution-history/exp/ablation_pop10_gen20_20260212_115506/revolution/_models_openai-gpt-oss-120b/RTLLM/Prob044_ROM/generation_log.jsonl,,ok,21,Prob044_ROM/generation_log.jsonl,/aux/revolution-history/exp/ablation_pop10_gen20_20260212_115506/revolution/_models_openai-gpt-oss-120b/RTLLM
93,generation_log,21,[],0,{},0,0,/aux/revolution-history/exp/ablation_pop10_gen20_20260212_115506/revolution/_models_openai-gpt-oss-120b/RTLLM/Prob045_alu/generation_log.jsonl,,ok,21,Prob045_alu/generation_log.jsonl,/aux/revolution-history/exp/ablation_pop10_gen20_20260212_115506/revolution/_models_openai-gpt-oss-120b/RTLLM
97,generation_log,21,[],0,{},0,0,/aux/revolution-history/exp/ablation_pop10_gen20_20260212_115506/revolution/_models_openai-gpt-oss-120b/RTLLM/Prob046_clkgenerator/generation_log.jsonl,,ok,21,Prob046_clkgenerator/generation_log.jsonl,/aux/revolution-history/exp/ablation_pop10_gen20_20260212_115506/revolution/_models_openai-gpt-oss-120b/RTLLM
277,generation_log,21,[],0,{},0,86,/aux/revolution-history/exp/ablation_pop10_gen20_20260212_115506/revolution/_models_openai-gpt-oss-120b/RTLLM/Prob047_instr_reg/generation_log.jsonl,,ok,21,Prob047_instr_reg/generation_log.jsonl,/aux/revolution-history/exp/ablation_pop10_gen20_20260212_115506/revolution/_models_openai-gpt-oss-120b/RTLLM
266,generation_log,21,[],0,{},0,94,/aux/revolution-history/exp/ablation_pop10_gen20_20260212_115506/revolution/_models_openai-gpt-oss-120b/RTLLM/Prob048_pe/generation_log.jsonl,,ok,21,Prob048_pe/generation_log.jsonl,/aux/revolution-history/exp/ablation_pop10_gen20_20260212_115506/revolution/_models_openai-gpt-oss-120b/RTLLM
266,generation_log,21,[],0,{},0,72,/aux/revolution-history/exp/ablation_pop10_gen20_20260212_115506/revolution/_models_openai-gpt-oss-120b/RTLLM/Prob049_signal_generator/generation_log.jsonl,,ok,21,Prob049_signal_generator/generation_log.jsonl,/aux/revolution-history/exp/ablation_pop10_gen20_20260212_115506/revolution/_models_openai-gpt-oss-120b/RTLLM
280,generation_log,21,[],0,{},0,130,/aux/revolution-history/exp/ablation_pop10_gen20_20260212_115506/revolution/_models_openai-gpt-oss-120b/RTLLM/Prob050_square_wave/generation_log.jsonl,,ok,21,Prob050_square_wave/generation_log.jsonl,/aux/revolution-history/exp/ablation_pop10_gen20_20260212_115506/revolution/_models_openai-gpt-oss-120b/RTLLM
571,generation_log,6,[],0,{},0,441,/aux/revolution-history/.worktrees/journal-auto-bd-exp-20260618/exp/auto_bd_research/main_screening_screening_seed3/classic_revolution/seed_1001/revolution/openai_gpt-oss-120b/RTLLM/Prob004_adder_8bit/generation_log.jsonl,,ok,6,classic_revolution/seed_1001/revolution/openai_gpt-oss-120b/RTLLM/Prob004_adder_8bit/generation_log.jsonl,/aux/revolution-history/.worktrees/journal-auto-bd-exp-20260618/exp/auto_bd_research/main_screening_screening_seed3
506,generation_log,6,[],0,{},0,402,/aux/revolution-history/.worktrees/journal-auto-bd-exp-20260618/exp/auto_bd_research/main_screening_screening_seed3/classic_revolution/seed_1001/revolution/openai_gpt-oss-120b/RTLLM/Prob015_multi_pipe_8bit/generation_log.jsonl,,ok,6,classic_revolution/seed_1001/revolution/openai_gpt-oss-120b/RTLLM/Prob015_multi_pipe_8bit/generation_log.jsonl,/aux/revolution-history/.worktrees/journal-auto-bd-exp-20260618/exp/auto_bd_research/main_screening_screening_seed3
466,generation_log,6,[],0,{},0,384,/aux/revolution-history/.worktrees/journal-auto-bd-exp-20260618/exp/auto_bd_research/main_screening_screening_seed3/classic_revolution/seed_1001/revolution/openai_gpt-oss-120b/RTLLM/Prob024_fsm/generation_log.jsonl,,ok,6,classic_revolution/seed_1001/revolution/openai_gpt-oss-120b/RTLLM/Prob024_fsm/generation_log.jsonl,/aux/revolution-history/.worktrees/journal-auto-bd-exp-20260618/exp/auto_bd_research/main_screening_screening_seed3
463,generation_log,6,[],0,{},0,381,/aux/revolution-history/.worktrees/journal-auto-bd-exp-20260618/exp/auto_bd_research/main_screening_screening_seed3/classic_revolution/seed_1001/revolution/openai_gpt-oss-120b/RTLLM/Prob037_parallel2serial/generation_log.jsonl,,ok,6,classic_revolution/seed_1001/revolution/openai_gpt-oss-120b/RTLLM/Prob037_parallel2serial/generation_log.jsonl,/aux/revolution-history/.worktrees/journal-auto-bd-exp-20260618/exp/auto_bd_research/main_screening_screening_seed3
556,generation_log,6,[],0,{},0,419,/aux/revolution-history/.worktrees/journal-auto-bd-exp-20260618/exp/auto_bd_research/main_screening_screening_seed3/classic_revolution/seed_1001/revolution/openai_gpt-oss-120b/RTLLM/Prob041_traffic_light/generation_log.jsonl,,ok,6,classic_revolution/seed_1001/revolution/openai_gpt-oss-120b/RTLLM/Prob041_traffic_light/generation_log.jsonl,/aux/revolution-history/.worktrees/journal-auto-bd-exp-20260618/exp/auto_bd_research/main_screening_screening_seed3
605,generation_log,6,[],0,{},0,438,/aux/revolution-history/.worktrees/journal-auto-bd-exp-20260618/exp/auto_bd_research/main_screening_screening_seed3/classic_revolution/seed_1001/revolution/openai_gpt-oss-120b/RTLLM/Prob045_alu/generation_log.jsonl,,ok,6,classic_revolution/seed_1001/revolution/openai_gpt-oss-120b/RTLLM/Prob045_alu/generation_log.jsonl,/aux/revolution-history/.worktrees/journal-auto-bd-exp-20260618/exp/auto_bd_research/main_screening_screening_seed3
545,generation_log,6,[],0,{},0,410,/aux/revolution-history/.worktrees/journal-auto-bd-exp-20260618/exp/auto_bd_research/main_screening_screening_seed3/classic_revolution/seed_1001/revolution/openai_gpt-oss-120b/RTLLM/Prob049_signal_generator/generation_log.jsonl,,ok,6,classic_revolution/seed_1001/revolution/openai_gpt-oss-120b/RTLLM/Prob049_signal_generator/generation_log.jsonl,/aux/revolution-history/.worktrees/journal-auto-bd-exp-20260618/exp/auto_bd_research/main_screening_screening_seed3
552,generation_log,6,[],0,{},0,434,/aux/revolution-history/.worktrees/journal-auto-bd-exp-20260618/exp/auto_bd_research/main_screening_screening_seed3/classic_revolution/seed_1001/revolution/openai_gpt-oss-120b/VerilogEval-Spec-to-RTL/Prob098_circuit7/generation_log.jsonl,,ok,6,classic_revolution/seed_1001/revolution/openai_gpt-oss-120b/VerilogEval-Spec-to-RTL/Prob098_circuit7/generation_log.jsonl,/aux/revolution-history/.worktrees/journal-auto-bd-exp-20260618/exp/auto_bd_research/main_screening_screening_seed3
590,generation_log,6,[],0,{},0,442,/aux/revolution-history/.worktrees/journal-auto-bd-exp-20260618/exp/auto_bd_research/main_screening_screening_seed3/classic_revolution/seed_1001/revolution/openai_gpt-oss-120b/VerilogEval-Spec-to-RTL/Prob116_m2014_q3/generation_log.jsonl,,ok,6,classic_revolution/seed_1001/revolution/openai_gpt-oss-120b/VerilogEval-Spec-to-RTL/Prob116_m2014_q3/generation_log.jsonl,/aux/revolution-history/.worktrees/journal-auto-bd-exp-20260618/exp/auto_bd_research/main_screening_screening_seed3
594,generation_log,6,[],0,{},0,453,/aux/revolution-history/.worktrees/journal-auto-bd-exp-20260618/exp/auto_bd_research/main_screening_screening_seed3/classic_revolution/seed_1001/revolution/openai_gpt-oss-120b/VerilogEval-Spec-to-RTL/Prob135_m2014_q6b/generation_log.jsonl,,ok,6,classic_revolution/seed_1001/revolution/openai_gpt-oss-120b/VerilogEval-Spec-to-RTL/Prob135_m2014_q6b/generation_log.jsonl,/aux/revolution-history/.worktrees/journal-auto-bd-exp-20260618/exp/auto_bd_research/main_screening_screening_seed3
545,generation_log,6,[],0,{},0,414,/aux/revolution-history/.worktrees/journal-auto-bd-exp-20260618/exp/auto_bd_research/main_screening_screening_seed3/classic_revolution/seed_1001/revolution/openai_gpt-oss-120b/VerilogEval-Spec-to-RTL/Prob150_review2015_fsmonehot/generation_log.jsonl,,ok,6,classic_revolution/seed_1001/revolution/openai_gpt-oss-120b/VerilogEval-Spec-to-RTL/Prob150_review2015_fsmonehot/generation_log.jsonl,/aux/revolution-history/.worktrees/journal-auto-bd-exp-20260618/exp/auto_bd_research/main_screening_screening_seed3
461,generation_log,6,[],0,{},0,382,/aux/revolution-history/.worktrees/journal-auto-bd-exp-20260618/exp/auto_bd_research/main_screening_screening_seed3/classic_revolution/seed_1001/revolution/openai_gpt-oss-120b/VerilogEval-Spec-to-RTL/Prob151_review2015_fsm/generation_log.jsonl,,ok,6,classic_revolution/seed_1001/revolution/openai_gpt-oss-120b/VerilogEval-Spec-to-RTL/Prob151_review2015_fsm/generation_log.jsonl,/aux/revolution-history/.worktrees/journal-auto-bd-exp-20260618/exp/auto_bd_research/main_screening_screening_seed3
553,generation_log,6,[],0,{},0,420,/aux/revolution-history/.worktrees/journal-auto-bd-exp-20260618/exp/auto_bd_research/main_screening_screening_seed3/classic_revolution/seed_1001/revolution/openai_gpt-oss-120b/VerilogEval-Spec-to-RTL/Prob153_gshare/generation_log.jsonl,,ok,6,classic_revolution/seed_1001/revolution/openai_gpt-oss-120b/VerilogEval-Spec-to-RTL/Prob153_gshare/generation_log.jsonl,/aux/revolution-history/.worktrees/journal-auto-bd-exp-20260618/exp/auto_bd_research/main_screening_screening_seed3
11,parquet_table,0,[],0,{},0,0,/aux/revolution-history/.worktrees/journal-auto-bd-exp-20260618/exp/auto_bd_research/main_screening_screening_seed3/classic_revolution/seed_1001/standard_results/archive_snapshots.parquet,,ok,13,classic_revolution/seed_1001/standard_results/archive_snapshots.parquet,/aux/revolution-history/.worktrees/journal-auto-bd-exp-20260618/exp/auto_bd_research/main_screening_screening_seed3
41,parquet_table,1560,"[""parent_id""]",0,"{""parent_id"": 1560}",0,1560,/aux/revolution-history/.worktrees/journal-auto-bd-exp-20260618/exp/auto_bd_research/main_screening_screening_seed3/classic_revolution/seed_1001/standard_results/candidates.parquet,,ok,1560,classic_revolution/seed_1001/standard_results/candidates.parquet,/aux/revolution-history/.worktrees/journal-auto-bd-exp-20260618/exp/auto_bd_research/main_screening_screening_seed3
9,parquet_table,78,[],0,{},0,0,/aux/revolution-history/.worktrees/journal-auto-bd-exp-20260618/exp/auto_bd_research/main_screening_screening_seed3/classic_revolution/seed_1001/standard_results/per_generation_metrics.parquet,,ok,78,classic_revolution/seed_1001/standard_results/per_generation_metrics.parquet,/aux/revolution-history/.worktrees/journal-auto-bd-exp-20260618/exp/auto_bd_research/main_screening_screening_seed3
591,generation_log,6,[],0,{},0,442,/aux/revolution-history/.worktrees/journal-auto-bd-exp-20260618/exp/auto_bd_research/main_screening_screening_seed3/classic_revolution/seed_1002/revolution/openai_gpt-oss-120b/RTLLM/Prob004_adder_8bit/generation_log.jsonl,,ok,6,classic_revolution/seed_1002/revolution/openai_gpt-oss-120b/RTLLM/Prob004_adder_8bit/generation_log.jsonl,/aux/revolution-history/.worktrees/journal-auto-bd-exp-20260618/exp/auto_bd_research/main_screening_screening_seed3
495,generation_log,6,[],0,{},0,394,/aux/revolution-history/.worktrees/journal-auto-bd-exp-20260618/exp/auto_bd_research/main_screening_screening_seed3/classic_revolution/seed_1002/revolution/openai_gpt-oss-120b/RTLLM/Prob015_multi_pipe_8bit/generation_log.jsonl,,ok,6,classic_revolution/seed_1002/revolution/openai_gpt-oss-120b/RTLLM/Prob015_multi_pipe_8bit/generation_log.jsonl,/aux/revolution-history/.worktrees/journal-auto-bd-exp-20260618/exp/auto_bd_research/main_screening_screening_seed3
476,generation_log,6,[],0,{},0,392,/aux/revolution-history/.worktrees/journal-auto-bd-exp-20260618/exp/auto_bd_research/main_screening_screening_seed3/classic_revolution/seed_1002/revolution/openai_gpt-oss-120b/RTLLM/Prob024_fsm/generation_log.jsonl,,ok,6,classic_revolution/seed_1002/revolution/openai_gpt-oss-120b/RTLLM/Prob024_fsm/generation_log.jsonl,/aux/revolution-history/.worktrees/journal-auto-bd-exp-20260618/exp/auto_bd_research/main_screening_screening_seed3
543,generation_log,6,[],0,{},0,393,/aux/revolution-history/.worktrees/journal-auto-bd-exp-20260618/exp/auto_bd_research/main_screening_screening_seed3/classic_revolution/seed_1002/revolution/openai_gpt-oss-120b/RTLLM/Prob037_parallel2serial/generation_log.jsonl,,ok,6,classic_revolution/seed_1002/revolution/openai_gpt-oss-120b/RTLLM/Prob037_parallel2serial/generation_log.jsonl,/aux/revolution-history/.worktrees/journal-auto-bd-exp-20260618/exp/auto_bd_research/main_screening_screening_seed3
586,generation_log,6,[],0,{},0,429,/aux/revolution-history/.worktrees/journal-auto-bd-exp-20260618/exp/auto_bd_research/main_screening_screening_seed3/classic_revolution/seed_1002/revolution/openai_gpt-oss-120b/RTLLM/Prob041_traffic_light/generation_log.jsonl,,ok,6,classic_revolution/seed_1002/revolution/openai_gpt-oss-120b/RTLLM/Prob041_traffic_light/generation_log.jsonl,/aux/revolution-history/.worktrees/journal-auto-bd-exp-20260618/exp/auto_bd_research/main_screening_screening_seed3
594,generation_log,6,[],0,{},0,434,/aux/revolution-history/.worktrees/journal-auto-bd-exp-20260618/exp/auto_bd_research/main_screening_screening_seed3/classic_revolution/seed_1002/revolution/openai_gpt-oss-120b/RTLLM/Prob045_alu/generation_log.jsonl,,ok,6,classic_revolution/seed_1002/revolution/openai_gpt-oss-120b/RTLLM/Prob045_alu/generation_log.jsonl,/aux/revolution-history/.worktrees/journal-auto-bd-exp-20260618/exp/auto_bd_research/main_screening_screening_seed3
532,generation_log,6,[],0,{},0,411,/aux/revolution-history/.worktrees/journal-auto-bd-exp-20260618/exp/auto_bd_research/main_screening_screening_seed3/classic_revolution/seed_1002/revolution/openai_gpt-oss-120b/RTLLM/Prob049_signal_generator/generation_log.jsonl,,ok,6,classic_revolution/seed_1002/revolution/openai_gpt-oss-120b/RTLLM/Prob049_signal_generator/generation_log.jsonl,/aux/revolution-history/.worktrees/journal-auto-bd-exp-20260618/exp/auto_bd_research/main_screening_screening_seed3
552,generation_log,6,[],0,{},0,434,/aux/revolution-history/.worktrees/journal-auto-bd-exp-20260618/exp/auto_bd_research/main_screening_screening_seed3/classic_revolution/seed_1002/revolution/openai_gpt-oss-120b/VerilogEval-Spec-to-RTL/Prob098_circuit7/generation_log.jsonl,,ok,6,classic_revolution/seed_1002/revolution/openai_gpt-oss-120b/VerilogEval-Spec-to-RTL/Prob098_circuit7/generation_log.jsonl,/aux/revolution-history/.worktrees/journal-auto-bd-exp-20260618/exp/auto_bd_research/main_screening_screening_seed3
562,generation_log,6,[],0,{},0,425,/aux/revolution-history/.worktrees/journal-auto-bd-exp-20260618/exp/auto_bd_research/main_screening_screening_seed3/classic_revolution/seed_1002/revolution/openai_gpt-oss-120b/VerilogEval-Spec-to-RTL/Prob116_m2014_q3/generation_log.jsonl,,ok,6,classic_revolution/seed_1002/revolution/openai_gpt-oss-120b/VerilogEval-Spec-to-RTL/Prob116_m2014_q3/generation_log.jsonl,/aux/revolution-history/.worktrees/journal-auto-bd-exp-20260618/exp/auto_bd_research/main_screening_screening_seed3
595,generation_log,6,[],0,{},0,461,/aux/revolution-history/.worktrees/journal-auto-bd-exp-20260618/exp/auto_bd_research/main_screening_screening_seed3/classic_revolution/seed_1002/revolution/openai_gpt-oss-120b/VerilogEval-Spec-to-RTL/Prob135_m2014_q6b/generation_log.jsonl,,ok,6,classic_revolution/seed_1002/revolution/openai_gpt-oss-120b/VerilogEval-Spec-to-RTL/Prob135_m2014_q6b/generation_log.jsonl,/aux/revolution-history/.worktrees/journal-auto-bd-exp-20260618/exp/auto_bd_research/main_screening_screening_seed3
515,generation_log,6,[],0,{},0,410,/aux/revolution-history/.worktrees/journal-auto-bd-exp-20260618/exp/auto_bd_research/main_screening_screening_seed3/classic_revolution/seed_1002/revolution/openai_gpt-oss-120b/VerilogEval-Spec-to-RTL/Prob150_review2015_fsmonehot/generation_log.jsonl,,ok,6,classic_revolution/seed_1002/revolution/openai_gpt-oss-120b/VerilogEval-Spec-to-RTL/Prob150_review2015_fsmonehot/generation_log.jsonl,/aux/revolution-history/.worktrees/journal-auto-bd-exp-20260618/exp/auto_bd_research/main_screening_screening_seed3
442,generation_log,6,[],0,{},0,376,/aux/revolution-history/.worktrees/journal-auto-bd-exp-20260618/exp/auto_bd_research/main_screening_screening_seed3/classic_revolution/seed_1002/revolution/openai_gpt-oss-120b/VerilogEval-Spec-to-RTL/Prob151_review2015_fsm/generation_log.jsonl,,ok,6,classic_revolution/seed_1002/revolution/openai_gpt-oss-120b/VerilogEval-Spec-to-RTL/Prob151_review2015_fsm/generation_log.jsonl,/aux/revolution-history/.worktrees/journal-auto-bd-exp-20260618/exp/auto_bd_research/main_screening_screening_seed3
543,generation_log,6,[],0,{},0,414,/aux/revolution-history/.worktrees/journal-auto-bd-exp-20260618/exp/auto_bd_research/main_screening_screening_seed3/classic_revolution/seed_1002/revolution/openai_gpt-oss-120b/VerilogEval-Spec-to-RTL/Prob153_gshare/generation_log.jsonl,,ok,6,classic_revolution/seed_1002/revolution/openai_gpt-oss-120b/VerilogEval-Spec-to-RTL/Prob153_gshare/generation_log.jsonl,/aux/revolution-history/.worktrees/journal-auto-bd-exp-20260618/exp/auto_bd_research/main_screening_screening_seed3
11,parquet_table,0,[],0,{},0,0,/aux/revolution-history/.worktrees/journal-auto-bd-exp-20260618/exp/auto_bd_research/main_screening_screening_seed3/classic_revolution/seed_1002/standard_results/archive_snapshots.parquet,,ok,13,classic_revolution/seed_1002/standard_results/archive_snapshots.parquet,/aux/revolution-history/.worktrees/journal-auto-bd-exp-20260618/exp/auto_bd_research/main_screening_screening_seed3
41,parquet_table,1560,"[""parent_id""]",0,"{""parent_id"": 1560}",0,1560,/aux/revolution-history/.worktrees/journal-auto-bd-exp-20260618/exp/auto_bd_research/main_screening_screening_seed3/classic_revolution/seed_1002/standard_results/candidates.parquet,,ok,1560,classic_revolution/seed_1002/standard_results/candidates.parquet,/aux/revolution-history/.worktrees/journal-auto-bd-exp-20260618/exp/auto_bd_research/main_screening_screening_seed3
9,parquet_table,78,[],0,{},0,0,/aux/revolution-history/.worktrees/journal-auto-bd-exp-20260618/exp/auto_bd_research/main_screening_screening_seed3/classic_revolution/seed_1002/standard_results/per_generation_metrics.parquet,,ok,78,classic_revolution/seed_1002/standard_results/per_generation_metrics.parquet,/aux/revolution-history/.worktrees/journal-auto-bd-exp-20260618/exp/auto_bd_research/main_screening_screening_seed3
592,generation_log,6,[],0,{},0,442,/aux/revolution-history/.worktrees/journal-auto-bd-exp-20260618/exp/auto_bd_research/main_screening_screening_seed3/classic_revolution/seed_1003/revolution/openai_gpt-oss-120b/RTLLM/Prob004_adder_8bit/generation_log.jsonl,,ok,6,classic_revolution/seed_1003/revolution/openai_gpt-oss-120b/RTLLM/Prob004_adder_8bit/generation_log.jsonl,/aux/revolution-history/.worktrees/journal-auto-bd-exp-20260618/exp/auto_bd_research/main_screening_screening_seed3
506,generation_log,6,[],0,{},0,394,/aux/revolution-history/.worktrees/journal-auto-bd-exp-20260618/exp/auto_bd_research/main_screening_screening_seed3/classic_revolution/seed_1003/revolution/openai_gpt-oss-120b/RTLLM/Prob015_multi_pipe_8bit/generation_log.jsonl,,ok,6,classic_revolution/seed_1003/revolution/openai_gpt-oss-120b/RTLLM/Prob015_multi_pipe_8bit/generation_log.jsonl,/aux/revolution-history/.worktrees/journal-auto-bd-exp-20260618/exp/auto_bd_research/main_screening_screening_seed3
496,generation_log,6,[],0,{},0,395,/aux/revolution-history/.worktrees/journal-auto-bd-exp-20260618/exp/auto_bd_research/main_screening_screening_seed3/classic_revolution/seed_1003/revolution/openai_gpt-oss-120b/RTLLM/Prob024_fsm/generation_log.jsonl,,ok,6,classic_revolution/seed_1003/revolution/openai_gpt-oss-120b/RTLLM/Prob024_fsm/generation_log.jsonl,/aux/revolution-history/.worktrees/journal-auto-bd-exp-20260618/exp/auto_bd_research/main_screening_screening_seed3
523,generation_log,6,[],0,{},0,392,/aux/revolution-history/.worktrees/journal-auto-bd-exp-20260618/exp/auto_bd_research/main_screening_screening_seed3/classic_revolution/seed_1003/revolution/openai_gpt-oss-120b/RTLLM/Prob037_parallel2serial/generation_log.jsonl,,ok,6,classic_revolution/seed_1003/revolution/openai_gpt-oss-120b/RTLLM/Prob037_parallel2serial/generation_log.jsonl,/aux/revolution-history/.worktrees/journal-auto-bd-exp-20260618/exp/auto_bd_research/main_screening_screening_seed3
556,generation_log,6,[],0,{},0,416,/aux/revolution-history/.worktrees/journal-auto-bd-exp-20260618/exp/auto_bd_research/main_screening_screening_seed3/classic_revolution/seed_1003/revolution/openai_gpt-oss-120b/RTLLM/Prob041_traffic_light/generation_log.jsonl,,ok,6,classic_revolution/seed_1003/revolution/openai_gpt-oss-120b/RTLLM/Prob041_traffic_light/generation_log.jsonl,/aux/revolution-history/.worktrees/journal-auto-bd-exp-20260618/exp/auto_bd_research/main_screening_screening_seed3
562,generation_log,6,[],0,{},0,441,/aux/revolution-history/.worktrees/journal-auto-bd-exp-20260618/exp/auto_bd_research/main_screening_screening_seed3/classic_revolution/seed_1003/revolution/openai_gpt-oss-120b/RTLLM/Prob045_alu/generation_log.jsonl,,ok,6,classic_revolution/seed_1003/revolution/openai_gpt-oss-120b/RTLLM/Prob045_alu/generation_log.jsonl,/aux/revolution-history/.worktrees/journal-auto-bd-exp-20260618/exp/auto_bd_research/main_screening_screening_seed3
556,generation_log,6,[],0,{},0,414,/aux/revolution-history/.worktrees/journal-auto-bd-exp-20260618/exp/auto_bd_research/main_screening_screening_seed3/classic_revolution/seed_1003/revolution/openai_gpt-oss-120b/RTLLM/Prob049_signal_generator/generation_log.jsonl,,ok,6,classic_revolution/seed_1003/revolution/openai_gpt-oss-120b/RTLLM/Prob049_signal_generator/generation_log.jsonl,/aux/revolution-history/.worktrees/journal-auto-bd-exp-20260618/exp/auto_bd_research/main_screening_screening_seed3
562,generation_log,6,[],0,{},0,437,/aux/revolution-history/.worktrees/journal-auto-bd-exp-20260618/exp/auto_bd_research/main_screening_screening_seed3/classic_revolution/seed_1003/revolution/openai_gpt-oss-120b/VerilogEval-Spec-to-RTL/Prob098_circuit7/generation_log.jsonl,,ok,6,classic_revolution/seed_1003/revolution/openai_gpt-oss-120b/VerilogEval-Spec-to-RTL/Prob098_circuit7/generation_log.jsonl,/aux/revolution-history/.worktrees/journal-auto-bd-exp-20260618/exp/auto_bd_research/main_screening_screening_seed3
584,generation_log,6,[],0,{},0,446,/aux/revolution-history/.worktrees/journal-auto-bd-exp-20260618/exp/auto_bd_research/main_screening_screening_seed3/classic_revolution/seed_1003/revolution/openai_gpt-oss-120b/VerilogEval-Spec-to-RTL/Prob116_m2014_q3/generation_log.jsonl,,ok,6,classic_revolution/seed_1003/revolution/openai_gpt-oss-120b/VerilogEval-Spec-to-RTL/Prob116_m2014_q3/generation_log.jsonl,/aux/revolution-history/.worktrees/journal-auto-bd-exp-20260618/exp/auto_bd_research/main_screening_screening_seed3
605,generation_log,6,[],0,{},0,457,/aux/revolution-history/.worktrees/journal-auto-bd-exp-20260618/exp/auto_bd_research/main_screening_screening_seed3/classic_revolution/seed_1003/revolution/openai_gpt-oss-120b/VerilogEval-Spec-to-RTL/Prob135_m2014_q6b/generation_log.jsonl,,ok,6,classic_revolution/seed_1003/revolution/openai_gpt-oss-120b/VerilogEval-Spec-to-RTL/Prob135_m2014_q6b/generation_log.jsonl,/aux/revolution-history/.worktrees/journal-auto-bd-exp-20260618/exp/auto_bd_research/main_screening_screening_seed3
564,generation_log,6,[],0,{},0,422,/aux/revolution-history/.worktrees/journal-auto-bd-exp-20260618/exp/auto_bd_research/main_screening_screening_seed3/classic_revolution/seed_1003/revolution/openai_gpt-oss-120b/VerilogEval-Spec-to-RTL/Prob150_review2015_fsmonehot/generation_log.jsonl,,ok,6,classic_revolution/seed_1003/revolution/openai_gpt-oss-120b/VerilogEval-Spec-to-RTL/Prob150_review2015_fsmonehot/generation_log.jsonl,/aux/revolution-history/.worktrees/journal-auto-bd-exp-20260618/exp/auto_bd_research/main_screening_screening_seed3
439,generation_log,6,[],0,{},0,373,/aux/revolution-history/.worktrees/journal-auto-bd-exp-20260618/exp/auto_bd_research/main_screening_screening_seed3/classic_revolution/seed_1003/revolution/openai_gpt-oss-120b/VerilogEval-Spec-to-RTL/Prob151_review2015_fsm/generation_log.jsonl,,ok,6,classic_revolution/seed_1003/revolution/openai_gpt-oss-120b/VerilogEval-Spec-to-RTL/Prob151_review2015_fsm/generation_log.jsonl,/aux/revolution-history/.worktrees/journal-auto-bd-exp-20260618/exp/auto_bd_research/main_screening_screening_seed3
454,generation_log,6,[],0,{},0,381,/aux/revolution-history/.worktrees/journal-auto-bd-exp-20260618/exp/auto_bd_research/main_screening_screening_seed3/classic_revolution/seed_1003/revolution/openai_gpt-oss-120b/VerilogEval-Spec-to-RTL/Prob153_gshare/generation_log.jsonl,,ok,6,classic_revolution/seed_1003/revolution/openai_gpt-oss-120b/VerilogEval-Spec-to-RTL/Prob153_gshare/generation_log.jsonl,/aux/revolution-history/.worktrees/journal-auto-bd-exp-20260618/exp/auto_bd_research/main_screening_screening_seed3
11,parquet_table,0,[],0,{},0,0,/aux/revolution-history/.worktrees/journal-auto-bd-exp-20260618/exp/auto_bd_research/main_screening_screening_seed3/classic_revolution/seed_1003/standard_results/archive_snapshots.parquet,,ok,13,classic_revolution/seed_1003/standard_results/archive_snapshots.parquet,/aux/revolution-history/.worktrees/journal-auto-bd-exp-20260618/exp/auto_bd_research/main_screening_screening_seed3
41,parquet_table,1560,"[""parent_id""]",0,"{""parent_id"": 1560}",0,1560,/aux/revolution-history/.worktrees/journal-auto-bd-exp-20260618/exp/auto_bd_research/main_screening_screening_seed3/classic_revolution/seed_1003/standard_results/candidates.parquet,,ok,1560,classic_revolution/seed_1003/standard_results/candidates.parquet,/aux/revolution-history/.worktrees/journal-auto-bd-exp-20260618/exp/auto_bd_research/main_screening_screening_seed3
9,parquet_table,78,[],0,{},0,0,/aux/revolution-history/.worktrees/journal-auto-bd-exp-20260618/exp/auto_bd_research/main_screening_screening_seed3/classic_revolution/seed_1003/standard_results/per_generation_metrics.parquet,,ok,78,classic_revolution/seed_1003/standard_results/per_generation_metrics.parquet,/aux/revolution-history/.worktrees/journal-auto-bd-exp-20260618/exp/auto_bd_research/main_screening_screening_seed3
169,qd_archive_event,3,[],0,{},0,5,/aux/revolution-history/.worktrees/journal-auto-bd-exp-20260618/exp/auto_bd_research/main_screening_screening_seed3/landing_smooth_qd_manual_bd/seed_1001/revolution/openai_gpt-oss-120b/RTLLM/Prob004_adder_8bit/Gen1/Prob004_adder_8bit_sample10_M-I/qd_archive_event.json,,ok,1,landing_smooth_qd_manual_bd/seed_1001/revolution/openai_gpt-oss-120b/RTLLM/Prob004_adder_8bit/Gen1/Prob004_adder_8bit_sample10_M-I/qd_archive_event.json,/aux/revolution-history/.worktrees/journal-auto-bd-exp-20260618/exp/auto_bd_research/main_screening_screening_seed3
169,qd_archive_event,3,[],0,{},0,5,/aux/revolution-history/.worktrees/journal-auto-bd-exp-20260618/exp/auto_bd_research/main_screening_screening_seed3/landing_smooth_qd_manual_bd/seed_1001/revolution/openai_gpt-oss-120b/RTLLM/Prob004_adder_8bit/Gen1/Prob004_adder_8bit_sample11_M-F/qd_archive_event.json,,ok,1,landing_smooth_qd_manual_bd/seed_1001/revolution/openai_gpt-oss-120b/RTLLM/Prob004_adder_8bit/Gen1/Prob004_adder_8bit_sample11_M-F/qd_archive_event.json,/aux/revolution-history/.worktrees/journal-auto-bd-exp-20260618/exp/auto_bd_research/main_screening_screening_seed3
169,qd_archive_event,3,[],0,{},0,5,/aux/revolution-history/.worktrees/journal-auto-bd-exp-20260618/exp/auto_bd_research/main_screening_screening_seed3/landing_smooth_qd_manual_bd/seed_1001/revolution/openai_gpt-oss-120b/RTLLM/Prob004_adder_8bit/Gen1/Prob004_adder_8bit_sample12_M-F/qd_archive_event.json,,ok,1,landing_smooth_qd_manual_bd/seed_1001/revolution/openai_gpt-oss-120b/RTLLM/Prob004_adder_8bit/Gen1/Prob004_adder_8bit_sample12_M-F/qd_archive_event.json,/aux/revolution-history/.worktrees/journal-auto-bd-exp-20260618/exp/auto_bd_research/main_screening_screening_seed3
169,qd_archive_event,3,[],0,{},0,5,/aux/revolution-history/.worktrees/journal-auto-bd-exp-20260618/exp/auto_bd_research/main_screening_screening_seed3/landing_smooth_qd_manual_bd/seed_1001/revolution/openai_gpt-oss-120b/RTLLM/Prob004_adder_8bit/Gen1/Prob004_adder_8bit_sample13_M-S/qd_archive_event.json,,ok,1,landing_smooth_qd_manual_bd/seed_1001/revolution/openai_gpt-oss-120b/RTLLM/Prob004_adder_8bit/Gen1/Prob004_adder_8bit_sample13_M-S/qd_archive_event.json,/aux/revolution-history/.worktrees/journal-auto-bd-exp-20260618/exp/auto_bd_research/main_screening_screening_seed3
155,qd_archive_event,2,[],0,{},0,4,/aux/revolution-history/.worktrees/journal-auto-bd-exp-20260618/exp/auto_bd_research/main_screening_screening_seed3/landing_smooth_qd_manual_bd/seed_1001/revolution/openai_gpt-oss-120b/RTLLM/Prob004_adder_8bit/Gen1/Prob004_adder_8bit_sample14_M-E/qd_archive_event.json,,ok,1,landing_smooth_qd_manual_bd/seed_1001/revolution/openai_gpt-oss-120b/RTLLM/Prob004_adder_8bit/Gen1/Prob004_adder_8bit_sample14_M-E/qd_archive_event.json,/aux/revolution-history/.worktrees/journal-auto-bd-exp-20260618/exp/auto_bd_research/main_screening_screening_seed3
169,qd_archive_event,3,[],0,{},0,5,/aux/revolution-history/.worktrees/journal-auto-bd-exp-20260618/exp/auto_bd_research/main_screening_screening_seed3/landing_smooth_qd_manual_bd/seed_1001/revolution/openai_gpt-oss-120b/RTLLM/Prob004_adder_8bit/Gen1/Prob004_adder_8bit_sample15_M-I/qd_archive_event.json,,ok,1,landing_smooth_qd_manual_bd/seed_1001/revolution/openai_gpt-oss-120b/RTLLM/Prob004_adder_8bit/Gen1/Prob004_adder_8bit_sample15_M-I/qd_archive_event.json,/aux/revolution-history/.worktrees/journal-auto-bd-exp-20260618/exp/auto_bd_research/main_screening_screening_seed3
169,qd_archive_event,3,[],0,{},0,5,/aux/revolution-history/.worktrees/journal-auto-bd-exp-20260618/exp/auto_bd_research/main_screening_screening_seed3/landing_smooth_qd_manual_bd/seed_1001/revolution/openai_gpt-oss-120b/RTLLM/Prob004_adder_8bit/Gen1/Prob004_adder_8bit_sample16_M-I/qd_archive_event.json,,ok,1,landing_smooth_qd_manual_bd/seed_1001/revolution/openai_gpt-oss-120b/RTLLM/Prob004_adder_8bit/Gen1/Prob004_adder_8bit_sample16_M-I/qd_archive_event.json,/aux/revolution-history/.worktrees/journal-auto-bd-exp-20260618/exp/auto_bd_research/main_screening_screening_seed3
169,qd_archive_event,3,[],0,{},0,5,/aux/revolution-history/.worktrees/journal-auto-bd-exp-20260618/exp/auto_bd_research/main_screening_screening_seed3/landing_smooth_qd_manual_bd/seed_1001/revolution/openai_gpt-oss-120b/RTLLM/Prob004_adder_8bit/Gen1/Prob004_adder_8bit_sample17_M-R/qd_archive_event.json,,ok,1,landing_smooth_qd_manual_bd/seed_1001/revolution/openai_gpt-oss-120b/RTLLM/Prob004_adder_8bit/Gen1/Prob004_adder_8bit_sample17_M-R/qd_archive_event.json,/aux/revolution-history/.worktrees/journal-auto-bd-exp-20260618/exp/auto_bd_research/main_screening_screening_seed3
169,qd_archive_event,3,[],0,{},0,5,/aux/revolution-history/.worktrees/journal-auto-bd-exp-20260618/exp/auto_bd_research/main_screening_screening_seed3/landing_smooth_qd_manual_bd/seed_1001/revolution/openai_gpt-oss-120b/RTLLM/Prob004_adder_8bit/Gen1/Prob004_adder_8bit_sample18_M-E/qd_archive_event.json,,ok,1,landing_smooth_qd_manual_bd/seed_1001/revolution/openai_gpt-oss-120b/RTLLM/Prob004_adder_8bit/Gen1/Prob004_adder_8bit_sample18_M-E/qd_archive_event.json,/aux/revolution-history/.worktrees/journal-auto-bd-exp-20260618/exp/auto_bd_research/main_screening_screening_seed3
169,qd_archive_event,3,[],0,{},0,5,/aux/revolution-history/.worktrees/journal-auto-bd-exp-20260618/exp/auto_bd_research/main_screening_screening_seed3/landing_smooth_qd_manual_bd/seed_1001/revolution/openai_gpt-oss-120b/RTLLM/Prob004_adder_8bit/Gen1/Prob004_adder_8bit_sample19_M-S/qd_archive_event.json,,ok,1,landing_smooth_qd_manual_bd/seed_1001/revolution/openai_gpt-oss-120b/RTLLM/Prob004_adder_8bit/Gen1/Prob004_adder_8bit_sample19_M-S/qd_archive_event.json,/aux/revolution-history/.worktrees/journal-auto-bd-exp-20260618/exp/auto_bd_research/main_screening_screening_seed3
119,qd_archive_event,1,[],0,{},0,3,/aux/revolution-history/.worktrees/journal-auto-bd-exp-20260618/exp/auto_bd_research/main_screening_screening_seed3/landing_smooth_qd_manual_bd/seed_1001/revolution/openai_gpt-oss-120b/RTLLM/Prob004_adder_8bit/Gen1/Prob004_adder_8bit_sample1_M-F/qd_archive_event.json,,ok,1,landing_smooth_qd_manual_bd/seed_1001/revolution/openai_gpt-oss-120b/RTLLM/Prob004_adder_8bit/Gen1/Prob004_adder_8bit_sample1_M-F/qd_archive_event.json,/aux/revolution-history/.worktrees/journal-auto-bd-exp-20260618/exp/auto_bd_research/main_screening_screening_seed3
169,qd_archive_event,3,[],0,{},0,5,/aux/revolution-history/.worktrees/journal-auto-bd-exp-20260618/exp/auto_bd_research/main_screening_screening_seed3/landing_smooth_qd_manual_bd/seed_1001/revolution/openai_gpt-oss-120b/RTLLM/Prob004_adder_8bit/Gen1/Prob004_adder_8bit_sample20_M-F/qd_archive_event.json,,ok,1,landing_smooth_qd_manual_bd/seed_1001/revolution/openai_gpt-oss-120b/RTLLM/Prob004_adder_8bit/Gen1/Prob004_adder_8bit_sample20_M-F/qd_archive_event.json,/aux/revolution-history/.worktrees/journal-auto-bd-exp-20260618/exp/auto_bd_research/main_screening_screening_seed3
119,qd_archive_event,1,[],0,{},0,3,/aux/revolution-history/.worktrees/journal-auto-bd-exp-20260618/exp/auto_bd_research/main_screening_screening_seed3/landing_smooth_qd_manual_bd/seed_1001/revolution/openai_gpt-oss-120b/RTLLM/Prob004_adder_8bit/Gen1/Prob004_adder_8bit_sample2_M-S/qd_archive_event.json,,ok,1,landing_smooth_qd_manual_bd/seed_1001/revolution/openai_gpt-oss-120b/RTLLM/Prob004_adder_8bit/Gen1/Prob004_adder_8bit_sample2_M-S/qd_archive_event.json,/aux/revolution-history/.worktrees/journal-auto-bd-exp-20260618/exp/auto_bd_research/main_screening_screening_seed3
119,qd_archive_event,1,[],0,{},0,3,/aux/revolution-history/.worktrees/journal-auto-bd-exp-20260618/exp/auto_bd_research/main_screening_screening_seed3/landing_smooth_qd_manual_bd/seed_1001/revolution/openai_gpt-oss-120b/RTLLM/Prob004_adder_8bit/Gen1/Prob004_adder_8bit_sample3_M-R/qd_archive_event.json,,ok,1,landing_smooth_qd_manual_bd/seed_1001/revolution/openai_gpt-oss-120b/RTLLM/Prob004_adder_8bit/Gen1/Prob004_adder_8bit_sample3_M-R/qd_archive_event.json,/aux/revolution-history/.worktrees/journal-auto-bd-exp-20260618/exp/auto_bd_research/main_screening_screening_seed3
119,qd_archive_event,1,[],0,{},0,3,/aux/revolution-history/.worktrees/journal-auto-bd-exp-20260618/exp/auto_bd_research/main_screening_screening_seed3/landing_smooth_qd_manual_bd/seed_1001/revolution/openai_gpt-oss-120b/RTLLM/Prob004_adder_8bit/Gen1/Prob004_adder_8bit_sample4_M-I/qd_archive_event.json,,ok,1,landing_smooth_qd_manual_bd/seed_1001/revolution/openai_gpt-oss-120b/RTLLM/Prob004_adder_8bit/Gen1/Prob004_adder_8bit_sample4_M-I/qd_archive_event.json,/aux/revolution-history/.worktrees/journal-auto-bd-exp-20260618/exp/auto_bd_research/main_screening_screening_seed3
119,qd_archive_event,1,[],0,{},0,3,/aux/revolution-history/.worktrees/journal-auto-bd-exp-20260618/exp/auto_bd_research/main_screening_screening_seed3/landing_smooth_qd_manual_bd/seed_1001/revolution/openai_gpt-oss-120b/RTLLM/Prob004_adder_8bit/Gen1/Prob004_adder_8bit_sample5_M-E/qd_archive_event.json,,ok,1,landing_smooth_qd_manual_bd/seed_1001/revolution/openai_gpt-oss-120b/RTLLM/Prob004_adder_8bit/Gen1/Prob004_adder_8bit_sample5_M-E/qd_archive_event.json,/aux/revolution-history/.worktrees/journal-auto-bd-exp-20260618/exp/auto_bd_research/main_screening_screening_seed3
119,qd_archive_event,1,[],0,{},0,3,/aux/revolution-history/.worktrees/journal-auto-bd-exp-20260618/exp/auto_bd_research/main_screening_screening_seed3/landing_smooth_qd_manual_bd/seed_1001/revolution/openai_gpt-oss-120b/RTLLM/Prob004_adder_8bit/Gen1/Prob004_adder_8bit_sample6_M-S/qd_archive_event.json,,ok,1,landing_smooth_qd_manual_bd/seed_1001/revolution/openai_gpt-oss-120b/RTLLM/Prob004_adder_8bit/Gen1/Prob004_adder_8bit_sample6_M-S/qd_archive_event.json,/aux/revolution-history/.worktrees/journal-auto-bd-exp-20260618/exp/auto_bd_research/main_screening_screening_seed3
119,qd_archive_event,1,[],0,{},0,3,/aux/revolution-history/.worktrees/journal-auto-bd-exp-20260618/exp/auto_bd_research/main_screening_screening_seed3/landing_smooth_qd_manual_bd/seed_1001/revolution/openai_gpt-oss-120b/RTLLM/Prob004_adder_8bit/Gen1/Prob004_adder_8bit_sample7_M-F/qd_archive_event.json,,ok,1,landing_smooth_qd_manual_bd/seed_1001/revolution/openai_gpt-oss-120b/RTLLM/Prob004_adder_8bit/Gen1/Prob004_adder_8bit_sample7_M-F/qd_archive_event.json,/aux/revolution-history/.worktrees/journal-auto-bd-exp-20260618/exp/auto_bd_research/main_screening_screening_seed3
119,qd_archive_event,1,[],0,{},0,3,/aux/revolution-history/.worktrees/journal-auto-bd-exp-20260618/exp/auto_bd_research/main_screening_screening_seed3/landing_smooth_qd_manual_bd/seed_1001/revolution/openai_gpt-oss-120b/RTLLM/Prob004_adder_8bit/Gen1/Prob004_adder_8bit_sample8_M-R/qd_archive_event.json,,ok,1,landing_smooth_qd_manual_bd/seed_1001/revolution/openai_gpt-oss-120b/RTLLM/Prob004_adder_8bit/Gen1/Prob004_adder_8bit_sample8_M-R/qd_archive_event.json,/aux/revolution-history/.worktrees/journal-auto-bd-exp-20260618/exp/auto_bd_research/main_screening_screening_seed3
155,qd_archive_event,2,[],0,{},0,4,/aux/revolution-history/.worktrees/journal-auto-bd-exp-20260618/exp/auto_bd_research/main_screening_screening_seed3/landing_smooth_qd_manual_bd/seed_1001/revolution/openai_gpt-oss-120b/RTLLM/Prob004_adder_8bit/Gen1/Prob004_adder_8bit_sample9_M-S/qd_archive_event.json,,ok,1,landing_smooth_qd_manual_bd/seed_1001/revolution/openai_gpt-oss-120b/RTLLM/Prob004_adder_8bit/Gen1/Prob004_adder_8bit_sample9_M-S/qd_archive_event.json,/aux/revolution-history/.worktrees/journal-auto-bd-exp-20260618/exp/auto_bd_research/main_screening_screening_seed3
169,qd_archive_event,3,[],0,{},0,5,/aux/revolution-history/.worktrees/journal-auto-bd-exp-20260618/exp/auto_bd_research/main_screening_screening_seed3/landing_smooth_qd_manual_bd/seed_1001/revolution/openai_gpt-oss-120b/RTLLM/Prob004_adder_8bit/Gen2/Prob004_adder_8bit_sample10_C-F/qd_archive_event.json,,ok,1,landing_smooth_qd_manual_bd/seed_1001/revolution/openai_gpt-oss-120b/RTLLM/Prob004_adder_8bit/Gen2/Prob004_adder_8bit_sample10_C-F/qd_archive_event.json,/aux/revolution-history/.worktrees/journal-auto-bd-exp-20260618/exp/auto_bd_research/main_screening_screening_seed3
169,qd_archive_event,3,[],0,{},0,5,/aux/revolution-history/.worktrees/journal-auto-bd-exp-20260618/exp/auto_bd_research/main_screening_screening_seed3/landing_smooth_qd_manual_bd/seed_1001/revolution/openai_gpt-oss-120b/RTLLM/Prob004_adder_8bit/Gen2/Prob004_adder_8bit_sample11_C-F/qd_archive_event.json,,ok,1,landing_smooth_qd_manual_bd/seed_1001/revolution/openai_gpt-oss-120b/RTLLM/Prob004_adder_8bit/Gen2/Prob004_adder_8bit_sample11_C-F/qd_archive_event.json,/aux/revolution-history/.worktrees/journal-auto-bd-exp-20260618/exp/auto_bd_research/main_screening_screening_seed3
169,qd_archive_event,3,[],0,{},0,5,/aux/revolution-history/.worktrees/journal-auto-bd-exp-20260618/exp/auto_bd_research/main_screening_screening_seed3/landing_smooth_qd_manual_bd/seed_1001/revolution/openai_gpt-oss-120b/RTLLM/Prob004_adder_8bit/Gen2/Prob004_adder_8bit_sample12_C-F/qd_archive_event.json,,ok,1,landing_smooth_qd_manual_bd/seed_1001/revolution/openai_gpt-oss-120b/RTLLM/Prob004_adder_8bit/Gen2/Prob004_adder_8bit_sample12_C-F/qd_archive_event.json,/aux/revolution-history/.worktrees/journal-auto-bd-exp-20260618/exp/auto_bd_research/main_screening_screening_seed3
169,qd_archive_event,3,[],0,{},0,5,/aux/revolution-history/.worktrees/journal-auto-bd-exp-20260618/exp/auto_bd_research/main_screening_screening_seed3/landing_smooth_qd_manual_bd/seed_1001/revolution/openai_gpt-oss-120b/RTLLM/Prob004_adder_8bit/Gen2/Prob004_adder_8bit_sample13_C-F/qd_archive_event.json,,ok,1,landing_smooth_qd_manual_bd/seed_1001/revolution/openai_gpt-oss-120b/RTLLM/Prob004_adder_8bit/Gen2/Prob004_adder_8bit_sample13_C-F/qd_archive_event.json,/aux/revolution-history/.worktrees/journal-auto-bd-exp-20260618/exp/auto_bd_research/main_screening_screening_seed3
169,qd_archive_event,3,[],0,{},0,5,/aux/revolution-history/.worktrees/journal-auto-bd-exp-20260618/exp/auto_bd_research/main_screening_screening_seed3/landing_smooth_qd_manual_bd/seed_1001/revolution/openai_gpt-oss-120b/RTLLM/Prob004_adder_8bit/Gen2/Prob004_adder_8bit_sample14_C-F/qd_archive_event.json,,ok,1,landing_smooth_qd_manual_bd/seed_1001/revolution/openai_gpt-oss-120b/RTLLM/Prob004_adder_8bit/Gen2/Prob004_adder_8bit_sample14_C-F/qd_archive_event.json,/aux/revolution-history/.worktrees/journal-auto-bd-exp-20260618/exp/auto_bd_research/main_screening_screening_seed3
169,qd_archive_event,3,[],0,{},0,5,/aux/revolution-history/.worktrees/journal-auto-bd-exp-20260618/exp/auto_bd_research/main_screening_screening_seed3/landing_smooth_qd_manual_bd/seed_1001/revolution/openai_gpt-oss-120b/RTLLM/Prob004_adder_8bit/Gen2/Prob004_adder_8bit_sample15_C-F/qd_archive_event.json,,ok,1,landing_smooth_qd_manual_bd/seed_1001/revolution/openai_gpt-oss-120b/RTLLM/Prob004_adder_8bit/Gen2/Prob004_adder_8bit_sample15_C-F/qd_archive_event.json,/aux/revolution-history/.worktrees/journal-auto-bd-exp-20260618/exp/auto_bd_research/main_screening_screening_seed3
169,qd_archive_event,3,[],0,{},0,5,/aux/revolution-history/.worktrees/journal-auto-bd-exp-20260618/exp/auto_bd_research/main_screening_screening_seed3/landing_smooth_qd_manual_bd/seed_1001/revolution/openai_gpt-oss-120b/RTLLM/Prob004_adder_8bit/Gen2/Prob004_adder_8bit_sample16_M-S/qd_archive_event.json,,ok,1,landing_smooth_qd_manual_bd/seed_1001/revolution/openai_gpt-oss-120b/RTLLM/Prob004_adder_8bit/Gen2/Prob004_adder_8bit_sample16_M-S/qd_archive_event.json,/aux/revolution-history/.worktrees/journal-auto-bd-exp-20260618/exp/auto_bd_research/main_screening_screening_seed3
169,qd_archive_event,3,[],0,{},0,5,/aux/revolution-history/.worktrees/journal-auto-bd-exp-20260618/exp/auto_bd_research/main_screening_screening_seed3/landing_smooth_qd_manual_bd/seed_1001/revolution/openai_gpt-oss-120b/RTLLM/Prob004_adder_8bit/Gen2/Prob004_adder_8bit_sample17_C-F/qd_archive_event.json,,ok,1,landing_smooth_qd_manual_bd/seed_1001/revolution/openai_gpt-oss-120b/RTLLM/Prob004_adder_8bit/Gen2/Prob004_adder_8bit_sample17_C-F/qd_archive_event.json,/aux/revolution-history/.worktrees/journal-auto-bd-exp-20260618/exp/auto_bd_research/main_screening_screening_seed3
169,qd_archive_event,3,[],0,{},0,5,/aux/revolution-history/.worktrees/journal-auto-bd-exp-20260618/exp/auto_bd_research/main_screening_screening_seed3/landing_smooth_qd_manual_bd/seed_1001/revolution/openai_gpt-oss-120b/RTLLM/Prob004_adder_8bit/Gen2/Prob004_adder_8bit_sample18_M-S/qd_archive_event.json,,ok,1,landing_smooth_qd_manual_bd/seed_1001/revolution/openai_gpt-oss-120b/RTLLM/Prob004_adder_8bit/Gen2/Prob004_adder_8bit_sample18_M-S/qd_archive_event.json,/aux/revolution-history/.worktrees/journal-auto-bd-exp-20260618/exp/auto_bd_research/main_screening_screening_seed3
169,qd_archive_event,3,[],0,{},0,5,/aux/revolution-history/.worktrees/journal-auto-bd-exp-20260618/exp/auto_bd_research/main_screening_screening_seed3/landing_smooth_qd_manual_bd/seed_1001/revolution/openai_gpt-oss-120b/RTLLM/Prob004_adder_8bit/Gen2/Prob004_adder_8bit_sample20_C-F/qd_archive_event.json,,ok,1,landing_smooth_qd_manual_bd/seed_1001/revolution/openai_gpt-oss-120b/RTLLM/Prob004_adder_8bit/Gen2/Prob004_adder_8bit_sample20_C-F/qd_archive_event.json,/aux/revolution-history/.worktrees/journal-auto-bd-exp-20260618/exp/auto_bd_research/main_screening_screening_seed3
169,qd_archive_event,3,[],0,{},0,5,/aux/revolution-history/.worktrees/journal-auto-bd-exp-20260618/exp/auto_bd_research/main_screening_screening_seed3/landing_smooth_qd_manual_bd/seed_1001/revolution/openai_gpt-oss-120b/RTLLM/Prob004_adder_8bit/Gen2/Prob004_adder_8bit_sample2_M-R/qd_archive_event.json,,ok,1,landing_smooth_qd_manual_bd/seed_1001/revolution/openai_gpt-oss-120b/RTLLM/Prob004_adder_8bit/Gen2/Prob004_adder_8bit_sample2_M-R/qd_archive_event.json,/aux/revolution-history/.worktrees/journal-auto-bd-exp-20260618/exp/auto_bd_research/main_screening_screening_seed3
169,qd_archive_event,3,[],0,{},0,5,/aux/revolution-history/.worktrees/journal-auto-bd-exp-20260618/exp/auto_bd_research/main_screening_screening_seed3/landing_smooth_qd_manual_bd/seed_1001/revolution/openai_gpt-oss-120b/RTLLM/Prob004_adder_8bit/Gen2/Prob004_adder_8bit_sample3_M-S/qd_archive_event.json,,ok,1,landing_smooth_qd_manual_bd/seed_1001/revolution/openai_gpt-oss-120b/RTLLM/Prob004_adder_8bit/Gen2/Prob004_adder_8bit_sample3_M-S/qd_archive_event.json,/aux/revolution-history/.worktrees/journal-auto-bd-exp-20260618/exp/auto_bd_research/main_screening_screening_seed3
169,qd_archive_event,3,[],0,{},0,5,/aux/revolution-history/.worktrees/journal-auto-bd-exp-20260618/exp/auto_bd_research/main_screening_screening_seed3/landing_smooth_qd_manual_bd/seed_1001/revolution/openai_gpt-oss-120b/RTLLM/Prob004_adder_8bit/Gen2/Prob004_adder_8bit_sample4_M-I/qd_archive_event.json,,ok,1,landing_smooth_qd_manual_bd/seed_1001/revolution/openai_gpt-oss-120b/RTLLM/Prob004_adder_8bit/Gen2/Prob004_adder_8bit_sample4_M-I/qd_archive_event.json,/aux/revolution-history/.worktrees/journal-auto-bd-exp-20260618/exp/auto_bd_research/main_screening_screening_seed3
155,qd_archive_event,2,[],0,{},0,4,/aux/revolution-history/.worktrees/journal-auto-bd-exp-20260618/exp/auto_bd_research/main_screening_screening_seed3/landing_smooth_qd_manual_bd/seed_1001/revolution/openai_gpt-oss-120b/RTLLM/Prob004_adder_8bit/Gen2/Prob004_adder_8bit_sample5_C-F/qd_archive_event.json,,ok,1,landing_smooth_qd_manual_bd/seed_1001/revolution/openai_gpt-oss-120b/RTLLM/Prob004_adder_8bit/Gen2/Prob004_adder_8bit_sample5_C-F/qd_archive_event.json,/aux/revolution-history/.worktrees/journal-auto-bd-exp-20260618/exp/auto_bd_research/main_screening_screening_seed3
169,qd_archive_event,3,[],0,{},0,5,/aux/revolution-history/.worktrees/journal-auto-bd-exp-20260618/exp/auto_bd_research/main_screening_screening_seed3/landing_smooth_qd_manual_bd/seed_1001/revolution/openai_gpt-oss-120b/RTLLM/Prob004_adder_8bit/Gen2/Prob004_adder_8bit_sample6_M-E/qd_archive_event.json,,ok,1,landing_smooth_qd_manual_bd/seed_1001/revolution/openai_gpt-oss-120b/RTLLM/Prob004_adder_8bit/Gen2/Prob004_adder_8bit_sample6_M-E/qd_archive_event.json,/aux/revolution-history/.worktrees/journal-auto-bd-exp-20260618/exp/auto_bd_research/main_screening_screening_seed3
169,qd_archive_event,3,[],0,{},0,5,/aux/revolution-history/.worktrees/journal-auto-bd-exp-20260618/exp/auto_bd_research/main_screening_screening_seed3/landing_smooth_qd_manual_bd/seed_1001/revolution/openai_gpt-oss-120b/RTLLM/Prob004_adder_8bit/Gen2/Prob004_adder_8bit_sample7_C-F/qd_archive_event.json,,ok,1,landing_smooth_qd_manual_bd/seed_1001/revolution/openai_gpt-oss-120b/RTLLM/Prob004_adder_8bit/Gen2/Prob004_adder_8bit_sample7_C-F/qd_archive_event.json,/aux/revolution-history/.worktrees/journal-auto-bd-exp-20260618/exp/auto_bd_research/main_screening_screening_seed3
169,qd_archive_event,3,[],0,{},0,5,/aux/revolution-history/.worktrees/journal-auto-bd-exp-20260618/exp/auto_bd_research/main_screening_screening_seed3/landing_smooth_qd_manual_bd/seed_1001/revolution/openai_gpt-oss-120b/RTLLM/Prob004_adder_8bit/Gen2/Prob004_adder_8bit_sample9_M-S/qd_archive_event.json,,ok,1,landing_smooth_qd_manual_bd/seed_1001/revolution/openai_gpt-oss-120b/RTLLM/Prob004_adder_8bit/Gen2/Prob004_adder_8bit_sample9_M-S/qd_archive_event.json,/aux/revolution-history/.worktrees/journal-auto-bd-exp-20260618/exp/auto_bd_research/main_screening_screening_seed3
169,qd_archive_event,3,[],0,{},0,5,/aux/revolution-history/.worktrees/journal-auto-bd-exp-20260618/exp/auto_bd_research/main_screening_screening_seed3/landing_smooth_qd_manual_bd/seed_1001/revolution/openai_gpt-oss-120b/RTLLM/Prob004_adder_8bit/Gen3/Prob004_adder_8bit_sample10_M-I/qd_archive_event.json,,ok,1,landing_smooth_qd_manual_bd/seed_1001/revolution/openai_gpt-oss-120b/RTLLM/Prob004_adder_8bit/Gen3/Prob004_adder_8bit_sample10_M-I/qd_archive_event.json,/aux/revolution-history/.worktrees/journal-auto-bd-exp-20260618/exp/auto_bd_research/main_screening_screening_seed3
169,qd_archive_event,3,[],0,{},0,5,/aux/revolution-history/.worktrees/journal-auto-bd-exp-20260618/exp/auto_bd_research/main_screening_screening_seed3/landing_smooth_qd_manual_bd/seed_1001/revolution/openai_gpt-oss-120b/RTLLM/Prob004_adder_8bit/Gen3/Prob004_adder_8bit_sample12_C-F/qd_archive_event.json,,ok,1,landing_smooth_qd_manual_bd/seed_1001/revolution/openai_gpt-oss-120b/RTLLM/Prob004_adder_8bit/Gen3/Prob004_adder_8bit_sample12_C-F/qd_archive_event.json,/aux/revolution-history/.worktrees/journal-auto-bd-exp-20260618/exp/auto_bd_research/main_screening_screening_seed3
169,qd_archive_event,3,[],0,{},0,5,/aux/revolution-history/.worktrees/journal-auto-bd-exp-20260618/exp/auto_bd_research/main_screening_screening_seed3/landing_smooth_qd_manual_bd/seed_1001/revolution/openai_gpt-oss-120b/RTLLM/Prob004_adder_8bit/Gen3/Prob004_adder_8bit_sample16_C-F/qd_archive_event.json,,ok,1,landing_smooth_qd_manual_bd/seed_1001/revolution/openai_gpt-oss-120b/RTLLM/Prob004_adder_8bit/Gen3/Prob004_adder_8bit_sample16_C-F/qd_archive_event.json,/aux/revolution-history/.worktrees/journal-auto-bd-exp-20260618/exp/auto_bd_research/main_screening_screening_seed3
169,qd_archive_event,3,[],0,{},0,5,/aux/revolution-history/.worktrees/journal-auto-bd-exp-20260618/exp/auto_bd_research/main_screening_screening_seed3/landing_smooth_qd_manual_bd/seed_1001/revolution/openai_gpt-oss-120b/RTLLM/Prob004_adder_8bit/Gen3/Prob004_adder_8bit_sample18_M-I/qd_archive_event.json,,ok,1,landing_smooth_qd_manual_bd/seed_1001/revolution/openai_gpt-oss-120b/RTLLM/Prob004_adder_8bit/Gen3/Prob004_adder_8bit_sample18_M-I/qd_archive_event.json,/aux/revolution-history/.worktrees/journal-auto-bd-exp-20260618/exp/auto_bd_research/main_screening_screening_seed3
169,qd_archive_event,3,[],0,{},0,5,/aux/revolution-history/.worktrees/journal-auto-bd-exp-20260618/exp/auto_bd_research/main_screening_screening_seed3/landing_smooth_qd_manual_bd/seed_1001/revolution/openai_gpt-oss-120b/RTLLM/Prob004_adder_8bit/Gen3/Prob004_adder_8bit_sample19_C-F/qd_archive_event.json,,ok,1,landing_smooth_qd_manual_bd/seed_1001/revolution/openai_gpt-oss-120b/RTLLM/Prob004_adder_8bit/Gen3/Prob004_adder_8bit_sample19_C-F/qd_archive_event.json,/aux/revolution-history/.worktrees/journal-auto-bd-exp-20260618/exp/auto_bd_research/main_screening_screening_seed3
169,qd_archive_event,3,[],0,{},0,5,/aux/revolution-history/.worktrees/journal-auto-bd-exp-20260618/exp/auto_bd_research/main_screening_screening_seed3/landing_smooth_qd_manual_bd/seed_1001/revolution/openai_gpt-oss-120b/RTLLM/Prob004_adder_8bit/Gen3/Prob004_adder_8bit_sample1_M-I/qd_archive_event.json,,ok,1,landing_smooth_qd_manual_bd/seed_1001/revolution/openai_gpt-oss-120b/RTLLM/Prob004_adder_8bit/Gen3/Prob004_adder_8bit_sample1_M-I/qd_archive_event.json,/aux/revolution-history/.worktrees/journal-auto-bd-exp-20260618/exp/auto_bd_research/main_screening_screening_seed3
169,qd_archive_event,3,[],0,{},0,5,/aux/revolution-history/.worktrees/journal-auto-bd-exp-20260618/exp/auto_bd_research/main_screening_screening_seed3/landing_smooth_qd_manual_bd/seed_1001/revolution/openai_gpt-oss-120b/RTLLM/Prob004_adder_8bit/Gen3/Prob004_adder_8bit_sample20_C-F/qd_archive_event.json,,ok,1,landing_smooth_qd_manual_bd/seed_1001/revolution/openai_gpt-oss-120b/RTLLM/Prob004_adder_8bit/Gen3/Prob004_adder_8bit_sample20_C-F/qd_archive_event.json,/aux/revolution-history/.worktrees/journal-auto-bd-exp-20260618/exp/auto_bd_research/main_screening_screening_seed3
155,qd_archive_event,2,[],0,{},0,4,/aux/revolution-history/.worktrees/journal-auto-bd-exp-20260618/exp/auto_bd_research/main_screening_screening_seed3/landing_smooth_qd_manual_bd/seed_1001/revolution/openai_gpt-oss-120b/RTLLM/Prob004_adder_8bit/Gen3/Prob004_adder_8bit_sample2_M-E/qd_archive_event.json,,ok,1,landing_smooth_qd_manual_bd/seed_1001/revolution/openai_gpt-oss-120b/RTLLM/Prob004_adder_8bit/Gen3/Prob004_adder_8bit_sample2_M-E/qd_archive_event.json,/aux/revolution-history/.worktrees/journal-auto-bd-exp-20260618/exp/auto_bd_research/main_screening_screening_seed3
169,qd_archive_event,3,[],0,{},0,5,/aux/revolution-history/.worktrees/journal-auto-bd-exp-20260618/exp/auto_bd_research/main_screening_screening_seed3/landing_smooth_qd_manual_bd/seed_1001/revolution/openai_gpt-oss-120b/RTLLM/Prob004_adder_8bit/Gen3/Prob004_adder_8bit_sample3_C-F/qd_archive_event.json,,ok,1,landing_smooth_qd_manual_bd/seed_1001/revolution/openai_gpt-oss-120b/RTLLM/Prob004_adder_8bit/Gen3/Prob004_adder_8bit_sample3_C-F/qd_archive_event.json,/aux/revolution-history/.worktrees/journal-auto-bd-exp-20260618/exp/auto_bd_research/main_screening_screening_seed3
169,qd_archive_event,3,[],0,{},0,5,/aux/revolution-history/.worktrees/journal-auto-bd-exp-20260618/exp/auto_bd_research/main_screening_screening_seed3/landing_smooth_qd_manual_bd/seed_1001/revolution/openai_gpt-oss-120b/RTLLM/Prob004_adder_8bit/Gen3/Prob004_adder_8bit_sample4_C-F/qd_archive_event.json,,ok,1,landing_smooth_qd_manual_bd/seed_1001/revolution/openai_gpt-oss-120b/RTLLM/Prob004_adder_8bit/Gen3/Prob004_adder_8bit_sample4_C-F/qd_archive_event.json,/aux/revolution-history/.worktrees/journal-auto-bd-exp-20260618/exp/auto_bd_research/main_screening_screening_seed3
169,qd_archive_event,3,[],0,{},0,5,/aux/revolution-history/.worktrees/journal-auto-bd-exp-20260618/exp/auto_bd_research/main_screening_screening_seed3/landing_smooth_qd_manual_bd/seed_1001/revolution/openai_gpt-oss-120b/RTLLM/Prob004_adder_8bit/Gen3/Prob004_adder_8bit_sample7_M-I/qd_archive_event.json,,ok,1,landing_smooth_qd_manual_bd/seed_1001/revolution/openai_gpt-oss-120b/RTLLM/Prob004_adder_8bit/Gen3/Prob004_adder_8bit_sample7_M-I/qd_archive_event.json,/aux/revolution-history/.worktrees/journal-auto-bd-exp-20260618/exp/auto_bd_research/main_screening_screening_seed3
169,qd_archive_event,3,[],0,{},0,5,/aux/revolution-history/.worktrees/journal-auto-bd-exp-20260618/exp/auto_bd_research/main_screening_screening_seed3/landing_smooth_qd_manual_bd/seed_1001/revolution/openai_gpt-oss-120b/RTLLM/Prob004_adder_8bit/Gen3/Prob004_adder_8bit_sample8_M-E/qd_archive_event.json,,ok,1,landing_smooth_qd_manual_bd/seed_1001/revolution/openai_gpt-oss-120b/RTLLM/Prob004_adder_8bit/Gen3/Prob004_adder_8bit_sample8_M-E/qd_archive_event.json,/aux/revolution-history/.worktrees/journal-auto-bd-exp-20260618/exp/auto_bd_research/main_screening_screening_seed3
169,qd_archive_event,3,[],0,{},0,5,/aux/revolution-history/.worktrees/journal-auto-bd-exp-20260618/exp/auto_bd_research/main_screening_screening_seed3/landing_smooth_qd_manual_bd/seed_1001/revolution/openai_gpt-oss-120b/RTLLM/Prob004_adder_8bit/Gen3/Prob004_adder_8bit_sample9_C-F/qd_archive_event.json,,ok,1,landing_smooth_qd_manual_bd/seed_1001/revolution/openai_gpt-oss-120b/RTLLM/Prob004_adder_8bit/Gen3/Prob004_adder_8bit_sample9_C-F/qd_archive_event.json,/aux/revolution-history/.worktrees/journal-auto-bd-exp-20260618/exp/auto_bd_research/main_screening_screening_seed3
169,qd_archive_event,3,[],0,{},0,5,/aux/revolution-history/.worktrees/journal-auto-bd-exp-20260618/exp/auto_bd_research/main_screening_screening_seed3/landing_smooth_qd_manual_bd/seed_1001/revolution/openai_gpt-oss-120b/RTLLM/Prob004_adder_8bit/Gen4/Prob004_adder_8bit_sample10_M-I/qd_archive_event.json,,ok,1,landing_smooth_qd_manual_bd/seed_1001/revolution/openai_gpt-oss-120b/RTLLM/Prob004_adder_8bit/Gen4/Prob004_adder_8bit_sample10_M-I/qd_archive_event.json,/aux/revolution-history/.worktrees/journal-auto-bd-exp-20260618/exp/auto_bd_research/main_screening_screening_seed3
169,qd_archive_event,3,[],0,{},0,5,/aux/revolution-history/.worktrees/journal-auto-bd-exp-20260618/exp/auto_bd_research/main_screening_screening_seed3/landing_smooth_qd_manual_bd/seed_1001/revolution/openai_gpt-oss-120b/RTLLM/Prob004_adder_8bit/Gen4/Prob004_adder_8bit_sample13_M-R/qd_archive_event.json,,ok,1,landing_smooth_qd_manual_bd/seed_1001/revolution/openai_gpt-oss-120b/RTLLM/Prob004_adder_8bit/Gen4/Prob004_adder_8bit_sample13_M-R/qd_archive_event.json,/aux/revolution-history/.worktrees/journal-auto-bd-exp-20260618/exp/auto_bd_research/main_screening_screening_seed3
169,qd_archive_event,3,[],0,{},0,5,/aux/revolution-history/.worktrees/journal-auto-bd-exp-20260618/exp/auto_bd_research/main_screening_screening_seed3/landing_smooth_qd_manual_bd/seed_1001/revolution/openai_gpt-oss-120b/RTLLM/Prob004_adder_8bit/Gen4/Prob004_adder_8bit_sample14_C-F/qd_archive_event.json,,ok,1,landing_smooth_qd_manual_bd/seed_1001/revolution/openai_gpt-oss-120b/RTLLM/Prob004_adder_8bit/Gen4/Prob004_adder_8bit_sample14_C-F/qd_archive_event.json,/aux/revolution-history/.worktrees/journal-auto-bd-exp-20260618/exp/auto_bd_research/main_screening_screening_seed3
169,qd_archive_event,3,[],0,{},0,5,/aux/revolution-history/.worktrees/journal-auto-bd-exp-20260618/exp/auto_bd_research/main_screening_screening_seed3/landing_smooth_qd_manual_bd/seed_1001/revolution/openai_gpt-oss-120b/RTLLM/Prob004_adder_8bit/Gen4/Prob004_adder_8bit_sample16_C-F/qd_archive_event.json,,ok,1,landing_smooth_qd_manual_bd/seed_1001/revolution/openai_gpt-oss-120b/RTLLM/Prob004_adder_8bit/Gen4/Prob004_adder_8bit_sample16_C-F/qd_archive_event.json,/aux/revolution-history/.worktrees/journal-auto-bd-exp-20260618/exp/auto_bd_research/main_screening_screening_seed3
169,qd_archive_event,3,[],0,{},0,5,/aux/revolution-history/.worktrees/journal-auto-bd-exp-20260618/exp/auto_bd_research/main_screening_screening_seed3/landing_smooth_qd_manual_bd/seed_1001/revolution/openai_gpt-oss-120b/RTLLM/Prob004_adder_8bit/Gen4/Prob004_adder_8bit_sample18_C-F/qd_archive_event.json,,ok,1,landing_smooth_qd_manual_bd/seed_1001/revolution/openai_gpt-oss-120b/RTLLM/Prob004_adder_8bit/Gen4/Prob004_adder_8bit_sample18_C-F/qd_archive_event.json,/aux/revolution-history/.worktrees/journal-auto-bd-exp-20260618/exp/auto_bd_research/main_screening_screening_seed3
169,qd_archive_event,3,[],0,{},0,5,/aux/revolution-history/.worktrees/journal-auto-bd-exp-20260618/exp/auto_bd_research/main_screening_screening_seed3/landing_smooth_qd_manual_bd/seed_1001/revolution/openai_gpt-oss-120b/RTLLM/Prob004_adder_8bit/Gen4/Prob004_adder_8bit_sample19_M-I/qd_archive_event.json,,ok,1,landing_smooth_qd_manual_bd/seed_1001/revolution/openai_gpt-oss-120b/RTLLM/Prob004_adder_8bit/Gen4/Prob004_adder_8bit_sample19_M-I/qd_archive_event.json,/aux/revolution-history/.worktrees/journal-auto-bd-exp-20260618/exp/auto_bd_research/main_screening_screening_seed3
169,qd_archive_event,3,[],0,{},0,5,/aux/revolution-history/.worktrees/journal-auto-bd-exp-20260618/exp/auto_bd_research/main_screening_screening_seed3/landing_smooth_qd_manual_bd/seed_1001/revolution/openai_gpt-oss-120b/RTLLM/Prob004_adder_8bit/Gen4/Prob004_adder_8bit_sample20_M-I/qd_archive_event.json,,ok,1,landing_smooth_qd_manual_bd/seed_1001/revolution/openai_gpt-oss-120b/RTLLM/Prob004_adder_8bit/Gen4/Prob004_adder_8bit_sample20_M-I/qd_archive_event.json,/aux/revolution-history/.worktrees/journal-auto-bd-exp-20260618/exp/auto_bd_research/main_screening_screening_seed3
169,qd_archive_event,3,[],0,{},0,5,/aux/revolution-history/.worktrees/journal-auto-bd-exp-20260618/exp/auto_bd_research/main_screening_screening_seed3/landing_smooth_qd_manual_bd/seed_1001/revolution/openai_gpt-oss-120b/RTLLM/Prob004_adder_8bit/Gen4/Prob004_adder_8bit_sample2_M-S/qd_archive_event.json,,ok,1,landing_smooth_qd_manual_bd/seed_1001/revolution/openai_gpt-oss-120b/RTLLM/Prob004_adder_8bit/Gen4/Prob004_adder_8bit_sample2_M-S/qd_archive_event.json,/aux/revolution-history/.worktrees/journal-auto-bd-exp-20260618/exp/auto_bd_research/main_screening_screening_seed3
155,qd_archive_event,2,[],0,{},0,4,/aux/revolution-history/.worktrees/journal-auto-bd-exp-20260618/exp/auto_bd_research/main_screening_screening_seed3/landing_smooth_qd_manual_bd/seed_1001/revolution/openai_gpt-oss-120b/RTLLM/Prob004_adder_8bit/Gen4/Prob004_adder_8bit_sample3_M-E/qd_archive_event.json,,ok,1,landing_smooth_qd_manual_bd/seed_1001/revolution/openai_gpt-oss-120b/RTLLM/Prob004_adder_8bit/Gen4/Prob004_adder_8bit_sample3_M-E/qd_archive_event.json,/aux/revolution-history/.worktrees/journal-auto-bd-exp-20260618/exp/auto_bd_research/main_screening_screening_seed3
169,qd_archive_event,3,[],0,{},0,5,/aux/revolution-history/.worktrees/journal-auto-bd-exp-20260618/exp/auto_bd_research/main_screening_screening_seed3/landing_smooth_qd_manual_bd/seed_1001/revolution/openai_gpt-oss-120b/RTLLM/Prob004_adder_8bit/Gen4/Prob004_adder_8bit_sample5_M-I/qd_archive_event.json,,ok,1,landing_smooth_qd_manual_bd/seed_1001/revolution/openai_gpt-oss-120b/RTLLM/Prob004_adder_8bit/Gen4/Prob004_adder_8bit_sample5_M-I/qd_archive_event.json,/aux/revolution-history/.worktrees/journal-auto-bd-exp-20260618/exp/auto_bd_research/main_screening_screening_seed3
169,qd_archive_event,3,[],0,{},0,5,/aux/revolution-history/.worktrees/journal-auto-bd-exp-20260618/exp/auto_bd_research/main_screening_screening_seed3/landing_smooth_qd_manual_bd/seed_1001/revolution/openai_gpt-oss-120b/RTLLM/Prob004_adder_8bit/Gen4/Prob004_adder_8bit_sample6_M-S/qd_archive_event.json,,ok,1,landing_smooth_qd_manual_bd/seed_1001/revolution/openai_gpt-oss-120b/RTLLM/Prob004_adder_8bit/Gen4/Prob004_adder_8bit_sample6_M-S/qd_archive_event.json,/aux/revolution-history/.worktrees/journal-auto-bd-exp-20260618/exp/auto_bd_research/main_screening_screening_seed3
169,qd_archive_event,3,[],0,{},0,5,/aux/revolution-history/.worktrees/journal-auto-bd-exp-20260618/exp/auto_bd_research/main_screening_screening_seed3/landing_smooth_qd_manual_bd/seed_1001/revolution/openai_gpt-oss-120b/RTLLM/Prob004_adder_8bit/Gen4/Prob004_adder_8bit_sample7_C-F/qd_archive_event.json,,ok,1,landing_smooth_qd_manual_bd/seed_1001/revolution/openai_gpt-oss-120b/RTLLM/Prob004_adder_8bit/Gen4/Prob004_adder_8bit_sample7_C-F/qd_archive_event.json,/aux/revolution-history/.worktrees/journal-auto-bd-exp-20260618/exp/auto_bd_research/main_screening_screening_seed3
169,qd_archive_event,3,[],0,{},0,5,/aux/revolution-history/.worktrees/journal-auto-bd-exp-20260618/exp/auto_bd_research/main_screening_screening_seed3/landing_smooth_qd_manual_bd/seed_1001/revolution/openai_gpt-oss-120b/RTLLM/Prob004_adder_8bit/Gen4/Prob004_adder_8bit_sample8_M-I/qd_archive_event.json,,ok,1,landing_smooth_qd_manual_bd/seed_1001/revolution/openai_gpt-oss-120b/RTLLM/Prob004_adder_8bit/Gen4/Prob004_adder_8bit_sample8_M-I/qd_archive_event.json,/aux/revolution-history/.worktrees/journal-auto-bd-exp-20260618/exp/auto_bd_research/main_screening_screening_seed3
169,qd_archive_event,3,[],0,{},0,5,/aux/revolution-history/.worktrees/journal-auto-bd-exp-20260618/exp/auto_bd_research/main_screening_screening_seed3/landing_smooth_qd_manual_bd/seed_1001/revolution/openai_gpt-oss-120b/RTLLM/Prob004_adder_8bit/Gen5/Prob004_adder_8bit_sample10_C-F/qd_archive_event.json,,ok,1,landing_smooth_qd_manual_bd/seed_1001/revolution/openai_gpt-oss-120b/RTLLM/Prob004_adder_8bit/Gen5/Prob004_adder_8bit_sample10_C-F/qd_archive_event.json,/aux/revolution-history/.worktrees/journal-auto-bd-exp-20260618/exp/auto_bd_research/main_screening_screening_seed3
169,qd_archive_event,3,[],0,{},0,5,/aux/revolution-history/.worktrees/journal-auto-bd-exp-20260618/exp/auto_bd_research/main_screening_screening_seed3/landing_smooth_qd_manual_bd/seed_1001/revolution/openai_gpt-oss-120b/RTLLM/Prob004_adder_8bit/Gen5/Prob004_adder_8bit_sample13_M-I/qd_archive_event.json,,ok,1,landing_smooth_qd_manual_bd/seed_1001/revolution/openai_gpt-oss-120b/RTLLM/Prob004_adder_8bit/Gen5/Prob004_adder_8bit_sample13_M-I/qd_archive_event.json,/aux/revolution-history/.worktrees/journal-auto-bd-exp-20260618/exp/auto_bd_research/main_screening_screening_seed3
169,qd_archive_event,3,[],0,{},0,5,/aux/revolution-history/.worktrees/journal-auto-bd-exp-20260618/exp/auto_bd_research/main_screening_screening_seed3/landing_smooth_qd_manual_bd/seed_1001/revolution/openai_gpt-oss-120b/RTLLM/Prob004_adder_8bit/Gen5/Prob004_adder_8bit_sample14_C-F/qd_archive_event.json,,ok,1,landing_smooth_qd_manual_bd/seed_1001/revolution/openai_gpt-oss-120b/RTLLM/Prob004_adder_8bit/Gen5/Prob004_adder_8bit_sample14_C-F/qd_archive_event.json,/aux/revolution-history/.worktrees/journal-auto-bd-exp-20260618/exp/auto_bd_research/main_screening_screening_seed3
169,qd_archive_event,3,[],0,{},0,5,/aux/revolution-history/.worktrees/journal-auto-bd-exp-20260618/exp/auto_bd_research/main_screening_screening_seed3/landing_smooth_qd_manual_bd/seed_1001/revolution/openai_gpt-oss-120b/RTLLM/Prob004_adder_8bit/Gen5/Prob004_adder_8bit_sample15_C-F/qd_archive_event.json,,ok,1,landing_smooth_qd_manual_bd/seed_1001/revolution/openai_gpt-oss-120b/RTLLM/Prob004_adder_8bit/Gen5/Prob004_adder_8bit_sample15_C-F/qd_archive_event.json,/aux/revolution-history/.worktrees/journal-auto-bd-exp-20260618/exp/auto_bd_research/main_screening_screening_seed3
169,qd_archive_event,3,[],0,{},0,5,/aux/revolution-history/.worktrees/journal-auto-bd-exp-20260618/exp/auto_bd_research/main_screening_screening_seed3/landing_smooth_qd_manual_bd/seed_1001/revolution/openai_gpt-oss-120b/RTLLM/Prob004_adder_8bit/Gen5/Prob004_adder_8bit_sample16_C-F/qd_archive_event.json,,ok,1,landing_smooth_qd_manual_bd/seed_1001/revolution/openai_gpt-oss-120b/RTLLM/Prob004_adder_8bit/Gen5/Prob004_adder_8bit_sample16_C-F/qd_archive_event.json,/aux/revolution-history/.worktrees/journal-auto-bd-exp-20260618/exp/auto_bd_research/main_screening_screening_seed3
169,qd_archive_event,3,[],0,{},0,5,/aux/revolution-history/.worktrees/journal-auto-bd-exp-20260618/exp/auto_bd_research/main_screening_screening_seed3/landing_smooth_qd_manual_bd/seed_1001/revolution/openai_gpt-oss-120b/RTLLM/Prob004_adder_8bit/Gen5/Prob004_adder_8bit_sample17_C-F/qd_archive_event.json,,ok,1,landing_smooth_qd_manual_bd/seed_1001/revolution/openai_gpt-oss-120b/RTLLM/Prob004_adder_8bit/Gen5/Prob004_adder_8bit_sample17_C-F/qd_archive_event.json,/aux/revolution-history/.worktrees/journal-auto-bd-exp-20260618/exp/auto_bd_research/main_screening_screening_seed3
169,qd_archive_event,3,[],0,{},0,5,/aux/revolution-history/.worktrees/journal-auto-bd-exp-20260618/exp/auto_bd_research/main_screening_screening_seed3/landing_smooth_qd_manual_bd/seed_1001/revolution/openai_gpt-oss-120b/RTLLM/Prob004_adder_8bit/Gen5/Prob004_adder_8bit_sample1_C-F/qd_archive_event.json,,ok,1,landing_smooth_qd_manual_bd/seed_1001/revolution/openai_gpt-oss-120b/RTLLM/Prob004_adder_8bit/Gen5/Prob004_adder_8bit_sample1_C-F/qd_archive_event.json,/aux/revolution-history/.worktrees/journal-auto-bd-exp-20260618/exp/auto_bd_research/main_screening_screening_seed3
169,qd_archive_event,3,[],0,{},0,5,/aux/revolution-history/.worktrees/journal-auto-bd-exp-20260618/exp/auto_bd_research/main_screening_screening_seed3/landing_smooth_qd_manual_bd/seed_1001/revolution/openai_gpt-oss-120b/RTLLM/Prob004_adder_8bit/Gen5/Prob004_adder_8bit_sample3_M-I/qd_archive_event.json,,ok,1,landing_smooth_qd_manual_bd/seed_1001/revolution/openai_gpt-oss-120b/RTLLM/Prob004_adder_8bit/Gen5/Prob004_adder_8bit_sample3_M-I/qd_archive_event.json,/aux/revolution-history/.worktrees/journal-auto-bd-exp-20260618/exp/auto_bd_research/main_screening_screening_seed3
169,qd_archive_event,3,[],0,{},0,5,/aux/revolution-history/.worktrees/journal-auto-bd-exp-20260618/exp/auto_bd_research/main_screening_screening_seed3/landing_smooth_qd_manual_bd/seed_1001/revolution/openai_gpt-oss-120b/RTLLM/Prob004_adder_8bit/Gen5/Prob004_adder_8bit_sample4_C-F/qd_archive_event.json,,ok,1,landing_smooth_qd_manual_bd/seed_1001/revolution/openai_gpt-oss-120b/RTLLM/Prob004_adder_8bit/Gen5/Prob004_adder_8bit_sample4_C-F/qd_archive_event.json,/aux/revolution-history/.worktrees/journal-auto-bd-exp-20260618/exp/auto_bd_research/main_screening_screening_seed3
169,qd_archive_event,3,[],0,{},0,5,/aux/revolution-history/.worktrees/journal-auto-bd-exp-20260618/exp/auto_bd_research/main_screening_screening_seed3/landing_smooth_qd_manual_bd/seed_1001/revolution/openai_gpt-oss-120b/RTLLM/Prob004_adder_8bit/Gen5/Prob004_adder_8bit_sample5_M-S/qd_archive_event.json,,ok,1,landing_smooth_qd_manual_bd/seed_1001/revolution/openai_gpt-oss-120b/RTLLM/Prob004_adder_8bit/Gen5/Prob004_adder_8bit_sample5_M-S/qd_archive_event.json,/aux/revolution-history/.worktrees/journal-auto-bd-exp-20260618/exp/auto_bd_research/main_screening_screening_seed3
169,qd_archive_event,3,[],0,{},0,5,/aux/revolution-history/.worktrees/journal-auto-bd-exp-20260618/exp/auto_bd_research/main_screening_screening_seed3/landing_smooth_qd_manual_bd/seed_1001/revolution/openai_gpt-oss-120b/RTLLM/Prob004_adder_8bit/Gen5/Prob004_adder_8bit_sample6_C-F/qd_archive_event.json,,ok,1,landing_smooth_qd_manual_bd/seed_1001/revolution/openai_gpt-oss-120b/RTLLM/Prob004_adder_8bit/Gen5/Prob004_adder_8bit_sample6_C-F/qd_archive_event.json,/aux/revolution-history/.worktrees/journal-auto-bd-exp-20260618/exp/auto_bd_research/main_screening_screening_seed3
169,qd_archive_event,3,[],0,{},0,5,/aux/revolution-history/.worktrees/journal-auto-bd-exp-20260618/exp/auto_bd_research/main_screening_screening_seed3/landing_smooth_qd_manual_bd/seed_1001/revolution/openai_gpt-oss-120b/RTLLM/Prob004_adder_8bit/Gen5/Prob004_adder_8bit_sample8_M-E/qd_archive_event.json,,ok,1,landing_smooth_qd_manual_bd/seed_1001/revolution/openai_gpt-oss-120b/RTLLM/Prob004_adder_8bit/Gen5/Prob004_adder_8bit_sample8_M-E/qd_archive_event.json,/aux/revolution-history/.worktrees/journal-auto-bd-exp-20260618/exp/auto_bd_research/main_screening_screening_seed3
169,qd_archive_event,3,[],0,{},0,5,/aux/revolution-history/.worktrees/journal-auto-bd-exp-20260618/exp/auto_bd_research/main_screening_screening_seed3/landing_smooth_qd_manual_bd/seed_1001/revolution/openai_gpt-oss-120b/RTLLM/Prob004_adder_8bit/Gen5/Prob004_adder_8bit_sample9_M-S/qd_archive_event.json,,ok,1,landing_smooth_qd_manual_bd/seed_1001/revolution/openai_gpt-oss-120b/RTLLM/Prob004_adder_8bit/Gen5/Prob004_adder_8bit_sample9_M-S/qd_archive_event.json,/aux/revolution-history/.worktrees/journal-auto-bd-exp-20260618/exp/auto_bd_research/main_screening_screening_seed3
24,csv_table,9,"[""parent_ids_json""]",11,"{""parent_ids_json"": 9}",9,9,/aux/revolution-history/.worktrees/journal-auto-bd-exp-20260618/exp/auto_bd_research/main_screening_screening_seed3/landing_smooth_qd_manual_bd/seed_1001/revolution/openai_gpt-oss-120b/RTLLM/Prob004_adder_8bit/archive_cells.csv,,ok,9,landing_smooth_qd_manual_bd/seed_1001/revolution/openai_gpt-oss-120b/RTLLM/Prob004_adder_8bit/archive_cells.csv,/aux/revolution-history/.worktrees/journal-auto-bd-exp-20260618/exp/auto_bd_research/main_screening_screening_seed3
591,generation_log,6,[],0,{},0,436,/aux/revolution-history/.worktrees/journal-auto-bd-exp-20260618/exp/auto_bd_research/main_screening_screening_seed3/landing_smooth_qd_manual_bd/seed_1001/revolution/openai_gpt-oss-120b/RTLLM/Prob004_adder_8bit/generation_log.jsonl,,ok,6,landing_smooth_qd_manual_bd/seed_1001/revolution/openai_gpt-oss-120b/RTLLM/Prob004_adder_8bit/generation_log.jsonl,/aux/revolution-history/.worktrees/journal-auto-bd-exp-20260618/exp/auto_bd_research/main_screening_screening_seed3
