backend,benchmark,problem,circuit_type,generation,candidate_id,strategy,source,score_from_run,ppa_score,area,power,eff_clk_period,ref_area,ref_power,ref_eff_clk_period,g_A,g_P,g_T,candidate_dir,report_path
classic_revolution,RTLLM,Prob004_adder_8bit,combinational,1,7da0c8d8-4ee3-48b5-8c42-8be80b8c10cb,M-E,generation_log,0.381544128268,0.572316192402,39,2.27e-05,0,46,0.00301,0,0.152173913043,0.992458471761,0,,
classic_revolution,RTLLM,Prob004_adder_8bit,combinational,1,6b2e0882-b0dc-419c-87db-847634eed2df,M-S,generation_log,0.381544128268,0.572316192402,39,2.27e-05,0,46,0.00301,0,0.152173913043,0.992458471761,0,,
classic_revolution,RTLLM,Prob004_adder_8bit,combinational,1,00a6fbae-b68f-4df9-b993-83a743ba83b3,M-I,generation_log,0.329900332226,0.494850498339,46,3.1e-05,0,46,0.00301,0,0,0.989700996678,0,,
classic_revolution,RTLLM,Prob004_adder_8bit,combinational,1,535c1a0c-f66d-4ab7-a2bf-8433b3bc1399,M-I,generation_log,0.381544128268,0.572316192402,39,2.27e-05,0,46,0.00301,0,0.152173913043,0.992458471761,0,,
classic_revolution,RTLLM,Prob004_adder_8bit,combinational,1,41760b61-1f85-4115-be0c-558c3fa17db6,M-R,generation_log,0.329900332226,0.494850498339,46,3.1e-05,0,46,0.00301,0,0,0.989700996678,0,,
classic_revolution,RTLLM,Prob004_adder_8bit,combinational,1,693d92e8-b28e-47cf-9fc0-a21ee1be9288,M-S,generation_log,0.205670951899,0.308506427849,63,4.04e-05,0,46,0.00301,0,-0.369565217391,0.98657807309,0,,
classic_revolution,RTLLM,Prob004_adder_8bit,combinational,1,b78aa0a0-0389-4ccc-9f54-055d84cb4da9,M-F,generation_log,0.329900332226,0.494850498339,46,3.1e-05,0,46,0.00301,0,0,0.989700996678,0,,
classic_revolution,RTLLM,Prob004_adder_8bit,combinational,1,619a800f-bfe7-4c45-9564-27eeb33ccf13,M-S,generation_log,0.205670951899,0.308506427849,63,4.04e-05,0,46,0.00301,0,-0.369565217391,0.98657807309,0,,
classic_revolution,RTLLM,Prob004_adder_8bit,combinational,2,ae737d4d-54e4-42bd-ba60-9e041b4c24fe,M-E,generation_log,0.381544128268,0.572316192402,39,2.27e-05,0,46,0.00301,0,0.152173913043,0.992458471761,0,,
classic_revolution,RTLLM,Prob004_adder_8bit,combinational,2,f66df93f-c8ab-4c07-b62c-8402e22a9bfc,M-E,generation_log,-0.0227984014637,-0.0341976021956,94,7.5e-05,0,46,0.00301,0,-1.04347826087,0.975083056478,0,,
classic_revolution,RTLLM,Prob004_adder_8bit,combinational,2,f5a85f8c-19a3-41ce-bf1d-b646a91358f3,M-E,generation_log,0.381544128268,0.572316192402,39,2.27e-05,0,46,0.00301,0,0.152173913043,0.992458471761,0,,
classic_revolution,RTLLM,Prob004_adder_8bit,combinational,2,1a750536-4848-46ec-b83f-187c49480922,M-F,generation_log,0.329900332226,0.494850498339,46,3.1e-05,0,46,0.00301,0,0,0.989700996678,0,,
classic_revolution,RTLLM,Prob004_adder_8bit,combinational,2,b8cd632a-5086-4cb6-af45-a6dc709c8a25,C-F,generation_log,0.205670951899,0.308506427849,63,4.04e-05,0,46,0.00301,0,-0.369565217391,0.98657807309,0,,
classic_revolution,RTLLM,Prob004_adder_8bit,combinational,2,a7e860b9-4f25-4a43-a81d-5fd329a2cd5c,M-R,generation_log,0.205670951899,0.308506427849,63,4.04e-05,0,46,0.00301,0,-0.369565217391,0.98657807309,0,,
classic_revolution,RTLLM,Prob004_adder_8bit,combinational,2,23150dc3-17ca-48b6-b8e9-92a99048ba89,M-S,generation_log,0.205670951899,0.308506427849,63,4.04e-05,0,46,0.00301,0,-0.369565217391,0.98657807309,0,,
classic_revolution,RTLLM,Prob004_adder_8bit,combinational,2,de435ee1-d2db-4a2e-bc09-7a611d108429,M-E,generation_log,0.14599451105,0.218991766575,71,5.58e-05,0,46,0.00301,0,-0.54347826087,0.98146179402,0,,
classic_revolution,RTLLM,Prob004_adder_8bit,combinational,2,49d33079-469e-46a2-92d2-44d55dcf65c1,M-I,generation_log,0.190469449661,0.285704174491,65,4.68e-05,0,46,0.00301,0,-0.413043478261,0.984451827243,0,,
classic_revolution,RTLLM,Prob004_adder_8bit,combinational,2,e0305588-2746-4f1e-9feb-0804148e7e0f,M-S,generation_log,0.205670951899,0.308506427849,63,4.04e-05,0,46,0.00301,0,-0.369565217391,0.98657807309,0,,
classic_revolution,RTLLM,Prob004_adder_8bit,combinational,2,842e8937-cd88-421e-966d-86a41f22471d,C-F,generation_log,0.381544128268,0.572316192402,39,2.27e-05,0,46,0.00301,0,0.152173913043,0.992458471761,0,,
classic_revolution,RTLLM,Prob004_adder_8bit,combinational,3,618cd626-e577-4492-bfca-c0d448ed8df9,M-E,generation_log,0.190469449661,0.285704174491,65,4.68e-05,0,46,0.00301,0,-0.413043478261,0.984451827243,0,,
classic_revolution,RTLLM,Prob004_adder_8bit,combinational,3,9854ee07-dfd8-4a8d-8f18-eb13a3bb2ffa,C-F,generation_log,0.381544128268,0.572316192402,39,2.27e-05,0,46,0.00301,0,0.152173913043,0.992458471761,0,,
classic_revolution,RTLLM,Prob004_adder_8bit,combinational,3,a85d7b15-fb8b-4ec7-9ef7-170fed6cbc06,M-I,generation_log,0.205670951899,0.308506427849,63,4.04e-05,0,46,0.00301,0,-0.369565217391,0.98657807309,0,,
classic_revolution,RTLLM,Prob004_adder_8bit,combinational,3,e101c296-eb8a-4685-932b-5ee2ca8f0107,M-R,generation_log,0.329900332226,0.494850498339,46,3.1e-05,0,46,0.00301,0,0,0.989700996678,0,,
classic_revolution,RTLLM,Prob004_adder_8bit,combinational,3,9440094b-60aa-4f83-b0d6-4d3b3672af3c,M-I,generation_log,0.329900332226,0.494850498339,46,3.1e-05,0,46,0.00301,0,0,0.989700996678,0,,
classic_revolution,RTLLM,Prob004_adder_8bit,combinational,3,e8e5a2fa-01e2-4430-bd0a-55e4801a2753,M-S,generation_log,0.205670951899,0.308506427849,63,4.04e-05,0,46,0.00301,0,-0.369565217391,0.98657807309,0,,
classic_revolution,RTLLM,Prob004_adder_8bit,combinational,3,251bd7eb-1acd-456f-8d28-da250eb5c861,M-I,generation_log,0.205670951899,0.308506427849,63,4.04e-05,0,46,0.00301,0,-0.369565217391,0.98657807309,0,,
classic_revolution,RTLLM,Prob004_adder_8bit,combinational,3,f3b726bf-f049-4696-bb1e-1bbdaffbe701,M-E,generation_log,0.242467620011,0.363701430016,58,3.53e-05,0,46,0.00301,0,-0.260869565217,0.988272425249,0,,
classic_revolution,RTLLM,Prob004_adder_8bit,combinational,3,9903e628-54bc-4b80-8553-267d36b68378,M-I,generation_log,0.205670951899,0.308506427849,63,4.04e-05,0,46,0.00301,0,-0.369565217391,0.98657807309,0,,
classic_revolution,RTLLM,Prob015_multi_pipe_8bit,sequential,0,8c8d45b4-ffda-4ff4-b266-4d95c4efc131,initial,generation_log,-0.23410872307,-0.23410872307,1070,0.172,0.57,980,0.0898,0.82,-0.0918367346939,-0.915367483296,0.30487804878,,
classic_revolution,RTLLM,Prob015_multi_pipe_8bit,sequential,0,1b687041-a196-4103-8d69-90e040d36bde,initial,generation_log,0.0970416163641,0.0970416163641,661,0.0677,1.05,980,0.0898,0.82,0.325510204082,0.246102449889,-0.280487804878,,
classic_revolution,RTLLM,Prob015_multi_pipe_8bit,sequential,0,0a91fd10-c73b-4b91-92c8-b99b7030847f,initial,generation_log,-0.239861491883,-0.239861491883,1076,0.173,0.57,980,0.0898,0.82,-0.0979591836735,-0.926503340757,0.30487804878,,
classic_revolution,RTLLM,Prob015_multi_pipe_8bit,sequential,0,6e4959ba-1caf-49a1-ad39-c3a9fbffefcf,initial,generation_log,0.0527945329906,0.0527945329906,600,0.0874,1.03,980,0.0898,0.82,0.387755102041,0.0267260579065,-0.256097560976,,
classic_revolution,RTLLM,Prob015_multi_pipe_8bit,sequential,1,e0bfe7b0-98d6-415d-abd8-fe227cfcc2d5,M-F,generation_log,-0.0759603683942,-0.0759603683942,708,0.11,1.05,980,0.0898,0.82,0.277551020408,-0.224944320713,-0.280487804878,,
classic_revolution,RTLLM,Prob015_multi_pipe_8bit,sequential,1,4b5f33a6-29fa-426b-a9dc-f9e377b8c43c,M-E,generation_log,-0.249339848928,-0.249339848928,974,0.14,0.98,980,0.0898,0.82,0.00612244897959,-0.559020044543,-0.19512195122,,
classic_revolution,RTLLM,Prob015_multi_pipe_8bit,sequential,1,7cab530c-1c91-40ce-a864-4a4725faf556,C-F,generation_log,0.0481938551943,0.0481938551943,660,0.07,1.15,980,0.0898,0.82,0.326530612245,0.220489977728,-0.40243902439,,
classic_revolution,RTLLM,Prob015_multi_pipe_8bit,sequential,2,11ec6904-c86c-4262-afd0-a492880f2149,M-F,generation_log,0.135230105949,0.135230105949,696,0.0553,1.04,980,0.0898,0.82,0.289795918367,0.384187082405,-0.268292682927,,
classic_revolution,RTLLM,Prob015_multi_pipe_8bit,sequential,2,2ca60989-10ff-49dd-99f9-55172b86cd4d,M-F,generation_log,-0.179091767078,-0.179091767078,1483,0.127,0.5,980,0.0898,0.82,-0.513265306122,-0.41425389755,0.390243902439,,
classic_revolution,RTLLM,Prob015_multi_pipe_8bit,sequential,3,b380eeef-71f9-47b6-a8f0-855d05d1844c,C-F,generation_log,0.0459993873154,0.0459993873154,1170,0.0819,0.62,980,0.0898,0.82,-0.19387755102,0.0879732739421,0.243902439024,,
classic_revolution,RTLLM,Prob015_multi_pipe_8bit,sequential,3,fc795a99-afad-4a35-ab9a-8d723eb83ff2,M-R,generation_log,-0.0759603683942,-0.0759603683942,708,0.11,1.05,980,0.0898,0.82,0.277551020408,-0.224944320713,-0.280487804878,,
classic_revolution,RTLLM,Prob015_multi_pipe_8bit,sequential,3,b1470ebe-6743-46ed-bf17-ef9a1fcd9112,M-R,generation_log,-0.179091767078,-0.179091767078,1483,0.127,0.5,980,0.0898,0.82,-0.513265306122,-0.41425389755,0.390243902439,,
classic_revolution,RTLLM,Prob015_multi_pipe_8bit,sequential,3,3c130930-a8bc-4dc2-ac98-de28ea9e3cf2,M-E,generation_log,-0.288749661416,-0.288749661416,1478,0.157,0.5,980,0.0898,0.82,-0.508163265306,-0.748329621381,0.390243902439,,
classic_revolution,RTLLM,Prob024_fsm,combinational,0,2a6ebec4-843b-4ba4-8964-3f813c654bc9,initial,generation_log,0.353738921906,0.165608382859,35,0.00631,0.27,46,0.00695,0,0.239130434783,0.0920863309353,-270000000000,,
classic_revolution,RTLLM,Prob024_fsm,combinational,0,05cbedcd-558f-4cbc-ae71-0203936083ae,initial,generation_log,0.469591283495,0.329386925242,29,0.00494,0.25,46,0.00695,0,0.369565217391,0.289208633094,-250000000000,,
classic_revolution,RTLLM,Prob024_fsm,combinational,0,a99cb40b-551c-4d41-86d4-a1e18323256a,initial,generation_log,0.470070899802,0.330106349703,29,0.00493,0.25,46,0.00695,0,0.369565217391,0.290647482014,-250000000000,,
classic_revolution,RTLLM,Prob024_fsm,combinational,1,2e7a6d2c-e279-4612-aa04-934149300424,M-F,generation_log,0.404102804713,0.231154207069,34,0.00555,0.25,46,0.00695,0,0.260869565217,0.201438848921,-250000000000,,
classic_revolution,RTLLM,Prob024_fsm,combinational,1,981f4748-771b-436c-9b20-d7b046746743,M-I,generation_log,0.265517672818,0.0282765092274,34,0.00837,0.26,46,0.00695,0,0.260869565217,-0.204316546763,-260000000000,,
classic_revolution,RTLLM,Prob024_fsm,combinational,1,5a1b40c6-2095-4852-a3ba-634580950d19,M-I,generation_log,0.148762381399,-0.146856427901,38,0.0102,0.26,46,0.00695,0,0.173913043478,-0.467625899281,-260000000000,,
classic_revolution,RTLLM,Prob024_fsm,combinational,1,611b2302-133f-4978-9f56-5aa95cd161eb,M-S,generation_log,0.470070899802,0.330106349703,29,0.00493,0.25,46,0.00695,0,0.369565217391,0.290647482014,-250000000000,,
classic_revolution,RTLLM,Prob024_fsm,combinational,2,09a5c7b5-1529-490d-a12a-967a95719629,M-I,generation_log,0.148762381399,-0.146856427901,38,0.0102,0.26,46,0.00695,0,0.173913043478,-0.467625899281,-260000000000,,
classic_revolution,RTLLM,Prob024_fsm,combinational,2,8c00d806-4dce-4b9e-b403-994e478d5e99,M-F,generation_log,0.500233552289,0.340350328433,36,0.00373,0.18,46,0.00695,0,0.217391304348,0.463309352518,-180000000000,,
classic_revolution,RTLLM,Prob024_fsm,combinational,2,06bacdf7-2028-4400-80ca-f2b59f87861d,M-F,generation_log,0.470070899802,0.330106349703,29,0.00493,0.25,46,0.00695,0,0.369565217391,0.290647482014,-250000000000,,
classic_revolution,RTLLM,Prob024_fsm,combinational,2,a62c031e-25bc-47b9-9971-bc85428aa976,M-R,generation_log,0.443094567824,0.284641851736,40,0.0039,0.24,46,0.00695,0,0.130434782609,0.438848920863,-240000000000,,
classic_revolution,RTLLM,Prob024_fsm,combinational,3,ce66629d-c9d6-4196-8416-a6ff50ef0569,M-E,generation_log,0.148762381399,-0.146856427901,38,0.0102,0.26,46,0.00695,0,0.173913043478,-0.467625899281,-260000000000,,
classic_revolution,RTLLM,Prob024_fsm,combinational,3,ba0ffaf8-812d-4f31-a44b-71849e5990d5,M-S,generation_log,0.440780940465,0.266171410698,37,0.00461,0.21,46,0.00695,0,0.195652173913,0.336690647482,-210000000000,,
classic_revolution,RTLLM,Prob024_fsm,combinational,3,4fce44ba-acae-4e1b-83cc-81a9910e55d0,M-I,generation_log,0.214402043583,-0.0233969346262,60,0.00516,0.31,46,0.00695,0,-0.304347826087,0.257553956835,-310000000000,,
classic_revolution,RTLLM,Prob024_fsm,combinational,3,9f94bf98-38bd-4c8c-923b-a11e8c5075fa,M-I,generation_log,0.500233552289,0.340350328433,36,0.00373,0.18,46,0.00695,0,0.217391304348,0.463309352518,-180000000000,,
classic_revolution,RTLLM,Prob024_fsm,combinational,3,9481e896-f524-482a-b607-e66dc5d87b93,M-S,generation_log,0.413395891982,0.250093837973,31,0.00574,0.26,46,0.00695,0,0.326086956522,0.174100719424,-260000000000,,
classic_revolution,RTLLM,Prob037_parallel2serial,sequential,0,5fa9f9c7-2800-41e4-8fc3-2bca0ff0eaed,initial,generation_log,-0,0,50,0.00453,0.27,50,0.00453,0.27,0,0,0,,
classic_revolution,RTLLM,Prob037_parallel2serial,sequential,0,2fbc58d4-53c0-4623-bc1d-17aba19c885b,initial,generation_log,-0.00972937617529,-0.00972937617529,50,0.00483,0.26,50,0.00453,0.27,0,-0.0662251655629,0.037037037037,,
classic_revolution,RTLLM,Prob037_parallel2serial,sequential,0,c643a292-3087-492b-baa5-5b21aa549134,initial,generation_log,-0,0,50,0.00453,0.27,50,0.00453,0.27,0,0,0,,
classic_revolution,RTLLM,Prob037_parallel2serial,sequential,0,6660c87e-acd5-4e11-961b-ebf3d837848b,initial,generation_log,-0.00972937617529,-0.00972937617529,50,0.00483,0.26,50,0.00453,0.27,0,-0.0662251655629,0.037037037037,,
classic_revolution,RTLLM,Prob037_parallel2serial,sequential,0,51166d61-1127-480c-aae7-d5898159be45,initial,generation_log,-0,0,50,0.00453,0.27,50,0.00453,0.27,0,0,0,,
classic_revolution,RTLLM,Prob037_parallel2serial,sequential,0,ba961b86-027a-4382-8d5d-0df06b6de3ac,initial,generation_log,-0,0,50,0.00453,0.27,50,0.00453,0.27,0,0,0,,
classic_revolution,RTLLM,Prob037_parallel2serial,sequential,0,da0e31f1-1989-45a7-b118-03035fd3d786,initial,generation_log,-0,0,50,0.00453,0.27,50,0.00453,0.27,0,0,0,,
classic_revolution,RTLLM,Prob037_parallel2serial,sequential,0,6bf8fa73-4c14-4bd2-a761-3cd528f094b0,initial,generation_log,-0,0,50,0.00453,0.27,50,0.00453,0.27,0,0,0,,
classic_revolution,RTLLM,Prob037_parallel2serial,sequential,0,b1f0816e-8c51-4c73-8542-afecd0834c10,initial,generation_log,-0.00972937617529,-0.00972937617529,50,0.00483,0.26,50,0.00453,0.27,0,-0.0662251655629,0.037037037037,,
classic_revolution,RTLLM,Prob037_parallel2serial,sequential,0,a8c837dd-1cdc-45b8-8c69-25cd38a68289,initial,generation_log,-0,0,50,0.00453,0.27,50,0.00453,0.27,0,0,0,,
classic_revolution,RTLLM,Prob037_parallel2serial,sequential,1,b6ff5d55-b7c6-4913-a0ed-35b41c077ced,M-S,generation_log,0.00886109067125,0.00886109067125,53,0.00397,0.28,50,0.00453,0.27,-0.06,0.123620309051,-0.037037037037,,
classic_revolution,RTLLM,Prob037_parallel2serial,sequential,1,87cdecd5-92f2-4f50-893b-8ed507fb37cb,M-R,generation_log,0.00886109067125,0.00886109067125,53,0.00397,0.28,50,0.00453,0.27,-0.06,0.123620309051,-0.037037037037,,
classic_revolution,RTLLM,Prob037_parallel2serial,sequential,1,82081b0d-651e-4662-8255-94a4d083e2d1,M-E,generation_log,-0.0574523751124,-0.0574523751124,55,0.00469,0.28,50,0.00453,0.27,-0.1,-0.0353200883002,-0.037037037037,,
classic_revolution,RTLLM,Prob037_parallel2serial,sequential,1,d62ddf1a-eba8-4866-8462-a5f452cade07,M-E,generation_log,0.00886109067125,0.00886109067125,53,0.00397,0.28,50,0.00453,0.27,-0.06,0.123620309051,-0.037037037037,,
classic_revolution,RTLLM,Prob037_parallel2serial,sequential,2,df68f571-163c-4a0e-bcdc-8506fee0a8da,M-S,generation_log,0.0155277573379,0.0155277573379,52,0.00397,0.28,50,0.00453,0.27,-0.04,0.123620309051,-0.037037037037,,
classic_revolution,RTLLM,Prob037_parallel2serial,sequential,2,7ca6d411-01f2-432d-9eb1-d3e25a43ee1a,M-S,generation_log,0.00886109067125,0.00886109067125,53,0.00397,0.28,50,0.00453,0.27,-0.06,0.123620309051,-0.037037037037,,
classic_revolution,RTLLM,Prob037_parallel2serial,sequential,3,f9b07d95-b8f7-455f-a68b-802f6a4430b7,C-F,generation_log,0.0845899762898,0.0845899762898,47,0.00382,0.26,50,0.00453,0.27,0.06,0.156732891832,0.037037037037,,
classic_revolution,RTLLM,Prob037_parallel2serial,sequential,3,95d242e9-e6d1-4fb9-93a9-00513feac0af,C-F,generation_log,0.00886109067125,0.00886109067125,53,0.00397,0.28,50,0.00453,0.27,-0.06,0.123620309051,-0.037037037037,,
classic_revolution,RTLLM,Prob041_traffic_light,combinational,0,0a26e9ac-473f-4496-8633-f75851eb86b7,initial,generation_log,0.308605664488,0.462908496732,159,0.0045,0,170,0.0324,0,0.0647058823529,0.861111111111,0,,
classic_revolution,RTLLM,Prob041_traffic_light,combinational,0,41e96333-239c-4061-ae66-a5a25255586f,initial,generation_log,0.108690389736,0.163035584604,145,0.0266,0,170,0.0324,0,0.147058823529,0.179012345679,0,,
classic_revolution,RTLLM,Prob041_traffic_light,combinational,1,25a83d3e-a448-466d-9c0b-69b84f8ac01c,M-F,generation_log,-0.0623940934398,-0.0935911401598,195,0.0337,0,170,0.0324,0,-0.147058823529,-0.0401234567901,0,,
classic_revolution,RTLLM,Prob041_traffic_light,combinational,1,0262ed7d-e06e-4a2b-96b6-cac4c2a67e24,M-S,generation_log,0.339176349552,0.508764524328,165,0.000385,0,170,0.0324,0,0.0294117647059,0.988117283951,0,,
classic_revolution,RTLLM,Prob041_traffic_light,combinational,1,0764e4e7-2a04-47d0-accf-ec132a26d3c0,M-I,generation_log,0.41677862503,0.625167937545,126,0.000275,0,170,0.0324,0,0.258823529412,0.991512345679,0,,
classic_revolution,RTLLM,Prob041_traffic_light,combinational,1,6a29abc5-8895-4e58-b1de-8ceb90246a55,C-F,generation_log,0.195400629388,0.293100944081,148,0.0176,0,170,0.0324,0,0.129411764706,0.456790123457,0,,
classic_revolution,RTLLM,Prob041_traffic_light,combinational,1,77f6904d-e200-4b00-bd35-d066c1ada71b,M-S,generation_log,0.389132171387,0.583698257081,140,0.000294,0,170,0.0324,0,0.176470588235,0.990925925926,0,,
classic_revolution,RTLLM,Prob041_traffic_light,combinational,2,691ff346-3d91-4a7f-bdf1-734f41e3be0f,M-I,generation_log,0.329176954733,0.493765432099,170,0.000404,0,170,0.0324,0,0,0.987530864198,0,,
classic_revolution,RTLLM,Prob041_traffic_light,combinational,2,7412c0f8-637b-4eca-8475-cffc1ccd6f71,M-R,generation_log,0.383435003631,0.575152505447,143,0.000276,0,170,0.0324,0,0.158823529412,0.991481481481,0,,
classic_revolution,RTLLM,Prob041_traffic_light,combinational,2,13212857-996f-4ac8-aeec-e5d03113e5f2,M-E,generation_log,0.387171387073,0.58075708061,141,0.000294,0,170,0.0324,0,0.170588235294,0.990925925926,0,,
classic_revolution,RTLLM,Prob041_traffic_light,combinational,2,bba744b4-04b3-40b0-af5b-bdbb97f24bdc,M-I,generation_log,0.346223674655,0.519335511983,114,0.00942,0,170,0.0324,0,0.329411764706,0.709259259259,0,,
classic_revolution,RTLLM,Prob041_traffic_light,combinational,2,a3e818cd-17f5-4694-b8b7-0730e68345b5,M-I,generation_log,0.308012587751,0.462018881627,121,0.0118,0,170,0.0324,0,0.288235294118,0.635802469136,0,,
classic_revolution,RTLLM,Prob041_traffic_light,combinational,2,ba6b3889-212a-4a50-a70d-d963d5c0a8b8,M-I,generation_log,0.346223674655,0.519335511983,114,0.00942,0,170,0.0324,0,0.329411764706,0.709259259259,0,,
classic_revolution,RTLLM,Prob041_traffic_light,combinational,2,20864bd1-72df-49e2-ac0a-e11805654049,M-I,generation_log,0.217828612927,0.32674291939,114,0.0219,0,170,0.0324,0,0.329411764706,0.324074074074,0,,
classic_revolution,RTLLM,Prob041_traffic_light,combinational,3,834938db-cc1b-4577-942d-37ade8222f0d,M-S,generation_log,0.389132171387,0.583698257081,140,0.000294,0,170,0.0324,0,0.176470588235,0.990925925926,0,,
classic_revolution,RTLLM,Prob041_traffic_light,combinational,3,466fcb41-a755-4174-b059-aa445f4c88f1,M-S,generation_log,0.217828612927,0.32674291939,114,0.0219,0,170,0.0324,0,0.329411764706,0.324074074074,0,,
classic_revolution,RTLLM,Prob041_traffic_light,combinational,3,73964f5b-a61c-4d98-8442-12e4a9ff0ea5,M-E,generation_log,0.399898934883,0.599848402324,134,0.000391,0,170,0.0324,0,0.211764705882,0.987932098765,0,,
classic_revolution,RTLLM,Prob041_traffic_light,combinational,3,0c20dd66-d2e2-491b-90f2-423cf3f8c35c,M-I,generation_log,0.308012587751,0.462018881627,121,0.0118,0,170,0.0324,0,0.288235294118,0.635802469136,0,,
classic_revolution,RTLLM,Prob041_traffic_light,combinational,3,b899e1d3-ac89-4885-ac07-6bc136579116,M-S,generation_log,0.37484083757,0.562261256354,147,0.000349,0,170,0.0324,0,0.135294117647,0.989228395062,0,,
classic_revolution,RTLLM,Prob041_traffic_light,combinational,3,ce561df1-d332-4e8f-9d96-eabcbd8ce86d,M-S,generation_log,0.389132171387,0.583698257081,140,0.000294,0,170,0.0324,0,0.176470588235,0.990925925926,0,,
classic_revolution,RTLLM,Prob045_alu,combinational,0,5af09860-4f49-4d66-8fbe-89bcb8a7928a,initial,generation_log,0.377395689599,0.566093534398,1910,0.00107,0,2225,0.114,0,0.141573033708,0.990614035088,0,,
classic_revolution,RTLLM,Prob045_alu,combinational,1,76b791f6-daec-47a4-8be6-b16b7ce65f5f,M-F,generation_log,0.370621262895,0.555931894343,1956,0.00103,0,2225,0.114,0,0.120898876404,0.990964912281,0,,
classic_revolution,RTLLM,Prob045_alu,combinational,2,53cd0ab3-24f4-4dae-8e2f-f8ab86996162,M-I,generation_log,0.37631414679,0.564471220185,1918,0.00103,0,2225,0.114,0,0.13797752809,0.990964912281,0,,
classic_revolution,RTLLM,Prob045_alu,combinational,2,6183d89a-62a4-4558-b837-0dae4b20464e,M-I,generation_log,0.385196267823,0.577794401735,1860,0.000964,0,2225,0.114,0,0.16404494382,0.991543859649,0,,
classic_revolution,RTLLM,Prob045_alu,combinational,2,0264cb25-97bb-4a8a-915d-0852ab363315,M-E,generation_log,0.377242262961,0.565863394441,1912,0.00102,0,2225,0.114,0,0.140674157303,0.991052631579,0,,
classic_revolution,RTLLM,Prob045_alu,combinational,3,0b9b5145-f689-4cf1-be29-f203a4006d01,C-F,generation_log,0.377242262961,0.565863394441,1912,0.00102,0,2225,0.114,0,0.140674157303,0.991052631579,0,,
classic_revolution,RTLLM,Prob045_alu,combinational,3,26f1c4c2-63fe-4f71-8d22-f01f37d6deca,M-R,generation_log,0.381195873579,0.571793810369,1886,0.001,0,2225,0.114,0,0.152359550562,0.991228070175,0,,
classic_revolution,RTLLM,Prob045_alu,combinational,3,02ef32de-5b20-4b76-9819-a4ca433af583,M-R,generation_log,0.389391024377,0.584086536566,1832,0.000964,0,2225,0.114,0,0.176629213483,0.991543859649,0,,
classic_revolution,RTLLM,Prob045_alu,combinational,3,fe41abd3-296b-4c62-84c6-c12555055963,M-R,generation_log,0.394595768447,0.591893652671,1798,0.000926,0,2225,0.114,0,0.19191011236,0.991877192982,0,,
classic_revolution,RTLLM,Prob045_alu,combinational,3,9c63690d-71a4-4782-9c51-4c1395601e0d,C-F,generation_log,0.381821440305,0.572732160457,1882,0.000991,0,2225,0.114,0,0.154157303371,0.991307017544,0,,
classic_revolution,RTLLM,Prob049_signal_generator,sequential,0,c5325a46-f7c0-404f-8381-37013b8ae175,initial,generation_log,0.234774694403,0.234774694403,82,0.00252,0.38,94,0.00467,0.43,0.127659574468,0.460385438972,0.116279069767,,
classic_revolution,RTLLM,Prob049_signal_generator,sequential,0,0fe40c19-b2e3-4363-ab51-41343ae7f8aa,initial,generation_log,0.234774694403,0.234774694403,82,0.00252,0.38,94,0.00467,0.43,0.127659574468,0.460385438972,0.116279069767,,
classic_revolution,RTLLM,Prob049_signal_generator,sequential,0,03fb45d1-a799-46d6-a173-5ad169e9229b,initial,generation_log,0.234774694403,0.234774694403,82,0.00252,0.38,94,0.00467,0.43,0.127659574468,0.460385438972,0.116279069767,,
classic_revolution,RTLLM,Prob049_signal_generator,sequential,0,78cd66c6-b0e5-4b92-ac4d-e3ab2af185f4,initial,generation_log,0.234774694403,0.234774694403,82,0.00252,0.38,94,0.00467,0.43,0.127659574468,0.460385438972,0.116279069767,,
classic_revolution,RTLLM,Prob049_signal_generator,sequential,0,136f646d-097a-4501-9e24-4ec64b348e7c,initial,generation_log,0.234774694403,0.234774694403,82,0.00252,0.38,94,0.00467,0.43,0.127659574468,0.460385438972,0.116279069767,,
classic_revolution,RTLLM,Prob049_signal_generator,sequential,1,e2ae6cb7-487d-452e-a19c-f4a1f0a23094,M-S,generation_log,0.207437714137,0.207437714137,77,0.00326,0.37,94,0.00467,0.43,0.18085106383,0.301927194861,0.139534883721,,
classic_revolution,RTLLM,Prob049_signal_generator,sequential,1,27d196e1-de4a-4f42-be92-7a6e6d0e1b7f,M-F,generation_log,0.234774694403,0.234774694403,82,0.00252,0.38,94,0.00467,0.43,0.127659574468,0.460385438972,0.116279069767,,
classic_revolution,RTLLM,Prob049_signal_generator,sequential,1,26f9f517-47ca-4c3e-8dc6-6d7c4710b01b,M-I,generation_log,0.234774694403,0.234774694403,82,0.00252,0.38,94,0.00467,0.43,0.127659574468,0.460385438972,0.116279069767,,
classic_revolution,RTLLM,Prob049_signal_generator,sequential,1,3da8f1fe-5500-41bd-a5fe-1ae3642eab59,M-R,generation_log,0.234774694403,0.234774694403,82,0.00252,0.38,94,0.00467,0.43,0.127659574468,0.460385438972,0.116279069767,,
classic_revolution,RTLLM,Prob049_signal_generator,sequential,2,a2c78844-ea92-4958-9036-8fd950996389,C-F,generation_log,0.234774694403,0.234774694403,82,0.00252,0.38,94,0.00467,0.43,0.127659574468,0.460385438972,0.116279069767,,
classic_revolution,RTLLM,Prob049_signal_generator,sequential,2,d957adc2-a5ef-4fb7-aa55-6b2baafd3569,C-F,generation_log,0.207437714137,0.207437714137,77,0.00326,0.37,94,0.00467,0.43,0.18085106383,0.301927194861,0.139534883721,,
classic_revolution,RTLLM,Prob049_signal_generator,sequential,2,9135b55f-efc6-4acd-a3ac-b19363b93dd6,C-F,generation_log,0.0474607979527,0.0474607979527,73,0.0057,0.37,94,0.00467,0.43,0.223404255319,-0.220556745182,0.139534883721,,
classic_revolution,RTLLM,Prob049_signal_generator,sequential,2,4cfb8dfe-95c6-4537-941c-7bebc16dba42,M-R,generation_log,0.207437714137,0.207437714137,77,0.00326,0.37,94,0.00467,0.43,0.18085106383,0.301927194861,0.139534883721,,
classic_revolution,RTLLM,Prob049_signal_generator,sequential,2,3881ae62-4489-4e20-b87b-e3d7b6391919,C-F,generation_log,0.207437714137,0.207437714137,77,0.00326,0.37,94,0.00467,0.43,0.18085106383,0.301927194861,0.139534883721,,
classic_revolution,RTLLM,Prob049_signal_generator,sequential,3,6280b433-329a-459d-a9f8-b32b09619f2d,M-I,generation_log,0.225827949994,0.225827949994,74,0.00326,0.36,94,0.00467,0.43,0.212765957447,0.301927194861,0.162790697674,,
classic_revolution,RTLLM,Prob049_signal_generator,sequential,3,a3fa4ce5-82ad-44e5-8afb-975a7dafe896,C-F,generation_log,0.234774694403,0.234774694403,82,0.00252,0.38,94,0.00467,0.43,0.127659574468,0.460385438972,0.116279069767,,
classic_revolution,RTLLM,Prob049_signal_generator,sequential,3,1cad94e2-1615-4717-9622-4937b50fca12,M-I,generation_log,0.000593694826732,0.000593694826732,88,0.00572,0.36,94,0.00467,0.43,0.063829787234,-0.224839400428,0.162790697674,,
classic_revolution,VerilogEval-Spec-to-RTL,Prob098_circuit7,combinational,0,ce491ee4-7dac-471c-a0fb-b1908a2e4efd,initial,generation_log,-0,0,5,0.000472,0,5,0.000472,0,0,0,0,,
classic_revolution,VerilogEval-Spec-to-RTL,Prob098_circuit7,combinational,0,0e664c39-a9ee-47e8-9b71-4f91940ff28a,initial,generation_log,-0,0,5,0.000472,0,5,0.000472,0,0,0,0,,
classic_revolution,VerilogEval-Spec-to-RTL,Prob098_circuit7,combinational,0,1e574196-7f82-4089-b2ed-9d917b02def6,initial,generation_log,-0,0,5,0.000472,0,5,0.000472,0,0,0,0,,
classic_revolution,VerilogEval-Spec-to-RTL,Prob098_circuit7,combinational,0,ec26bbb3-2417-4cf5-9e5d-05ad3078818f,initial,generation_log,-0,0,5,0.000472,0,5,0.000472,0,0,0,0,,
classic_revolution,VerilogEval-Spec-to-RTL,Prob098_circuit7,combinational,0,31b313f3-6fae-46a3-86c9-282c5ce12f38,initial,generation_log,0.0120056497175,0.0180084745763,5,0.000455,0,5,0.000472,0,0,0.0360169491525,0,,
classic_revolution,VerilogEval-Spec-to-RTL,Prob098_circuit7,combinational,0,df8fc9ce-b178-4484-aad3-6adfd2402b19,initial,generation_log,-0,0,5,0.000472,0,5,0.000472,0,0,0,0,,
classic_revolution,VerilogEval-Spec-to-RTL,Prob098_circuit7,combinational,0,bca0f1d6-6dc6-4313-94c5-91a620f871e9,initial,generation_log,-0,0,5,0.000472,0,5,0.000472,0,0,0,0,,
classic_revolution,VerilogEval-Spec-to-RTL,Prob098_circuit7,combinational,0,f23efb79-abb4-45d3-ad5e-3b5eb10ea810,initial,generation_log,-0,0,5,0.000472,0,5,0.000472,0,0,0,0,,
classic_revolution,VerilogEval-Spec-to-RTL,Prob098_circuit7,combinational,1,92cc60c6-87f3-4dc3-96bb-68cbc6886544,M-I,generation_log,0.0120056497175,0.0180084745763,5,0.000455,0,5,0.000472,0,0,0.0360169491525,0,,
classic_revolution,VerilogEval-Spec-to-RTL,Prob098_circuit7,combinational,1,4aa8938a-f81c-4010-bb27-42cbf7d06f5e,M-E,generation_log,0.0120056497175,0.0180084745763,5,0.000455,0,5,0.000472,0,0,0.0360169491525,0,,
classic_revolution,VerilogEval-Spec-to-RTL,Prob098_circuit7,combinational,1,c8222308-3ec8-4fc9-bd1d-20638697afe8,M-S,generation_log,0.0120056497175,0.0180084745763,5,0.000455,0,5,0.000472,0,0,0.0360169491525,0,,
classic_revolution,VerilogEval-Spec-to-RTL,Prob098_circuit7,combinational,1,267e7b09-6105-42cb-ae3f-58753ea07ed1,M-R,generation_log,-0,0,5,0.000472,0,5,0.000472,0,0,0,0,,
classic_revolution,VerilogEval-Spec-to-RTL,Prob098_circuit7,combinational,1,c46ec1c9-782f-47d1-810e-5800e297b995,C-F,generation_log,-0,0,5,0.000472,0,5,0.000472,0,0,0,0,,
classic_revolution,VerilogEval-Spec-to-RTL,Prob098_circuit7,combinational,1,7603f4bf-1a36-4852-9301-6fbc87b34dfd,M-R,generation_log,-0,0,5,0.000472,0,5,0.000472,0,0,0,0,,
classic_revolution,VerilogEval-Spec-to-RTL,Prob098_circuit7,combinational,1,e4fe722f-aa67-440d-8606-7a75d71b1dc2,M-S,generation_log,-0,0,5,0.000472,0,5,0.000472,0,0,0,0,,
classic_revolution,VerilogEval-Spec-to-RTL,Prob098_circuit7,combinational,2,6e6f9be6-45d7-4cc5-8e58-0cf1019185a9,M-I,generation_log,-0,0,5,0.000472,0,5,0.000472,0,0,0,0,,
classic_revolution,VerilogEval-Spec-to-RTL,Prob098_circuit7,combinational,2,4412059e-00df-41f7-a584-977e156f0b1f,C-F,generation_log,0.0120056497175,0.0180084745763,5,0.000455,0,5,0.000472,0,0,0.0360169491525,0,,
classic_revolution,VerilogEval-Spec-to-RTL,Prob098_circuit7,combinational,2,d823555c-3203-45a8-9139-5e2b7aeb2545,M-E,generation_log,0.0120056497175,0.0180084745763,5,0.000455,0,5,0.000472,0,0,0.0360169491525,0,,
classic_revolution,VerilogEval-Spec-to-RTL,Prob098_circuit7,combinational,2,45870440-0528-46f6-b16f-1d0ac54d153e,M-I,generation_log,-0,0,5,0.000472,0,5,0.000472,0,0,0,0,,
classic_revolution,VerilogEval-Spec-to-RTL,Prob098_circuit7,combinational,2,b31f82fa-eb01-4d6d-bf82-005ebc46dcb0,M-S,generation_log,-0,0,5,0.000472,0,5,0.000472,0,0,0,0,,
classic_revolution,VerilogEval-Spec-to-RTL,Prob098_circuit7,combinational,2,02c33193-fadd-4663-ad35-1eea62b1a367,M-I,generation_log,-0,0,5,0.000472,0,5,0.000472,0,0,0,0,,
classic_revolution,VerilogEval-Spec-to-RTL,Prob098_circuit7,combinational,2,cb65d96e-e7bb-4fdb-9ca3-8ca7647d8822,C-F,generation_log,0.0120056497175,0.0180084745763,5,0.000455,0,5,0.000472,0,0,0.0360169491525,0,,
classic_revolution,VerilogEval-Spec-to-RTL,Prob098_circuit7,combinational,2,87b35a55-19a7-4e70-98dc-b4fcb5770633,M-E,generation_log,0.0120056497175,0.0180084745763,5,0.000455,0,5,0.000472,0,0,0.0360169491525,0,,
classic_revolution,VerilogEval-Spec-to-RTL,Prob098_circuit7,combinational,2,8a78698a-ae2e-4074-898b-c8a6d6990712,M-E,generation_log,-0,0,5,0.000472,0,5,0.000472,0,0,0,0,,
classic_revolution,VerilogEval-Spec-to-RTL,Prob098_circuit7,combinational,2,5e1c7f91-4336-4cfa-9f1d-0151ed8a92e7,C-F,generation_log,0.0120056497175,0.0180084745763,5,0.000455,0,5,0.000472,0,0,0.0360169491525,0,,
classic_revolution,VerilogEval-Spec-to-RTL,Prob098_circuit7,combinational,2,687e24dc-db4a-4e85-9b86-fc32ac0ff157,M-S,generation_log,-0,0,5,0.000472,0,5,0.000472,0,0,0,0,,
classic_revolution,VerilogEval-Spec-to-RTL,Prob098_circuit7,combinational,2,1be627c7-2f88-4892-9603-46a3e1cffc7a,M-I,generation_log,-0,0,5,0.000472,0,5,0.000472,0,0,0,0,,
classic_revolution,VerilogEval-Spec-to-RTL,Prob098_circuit7,combinational,3,c58d4bf4-bf17-4d9e-ac13-f8df5c09a9bb,M-R,generation_log,-0,0,5,0.000472,0,5,0.000472,0,0,0,0,,
classic_revolution,VerilogEval-Spec-to-RTL,Prob098_circuit7,combinational,3,9ee46fe8-5958-468c-bf26-1e9108010179,M-S,generation_log,-0,0,5,0.000472,0,5,0.000472,0,0,0,0,,
classic_revolution,VerilogEval-Spec-to-RTL,Prob098_circuit7,combinational,3,f5e08ccf-d16b-46fd-a321-d0ad9b0698df,C-F,generation_log,0.0120056497175,0.0180084745763,5,0.000455,0,5,0.000472,0,0,0.0360169491525,0,,
classic_revolution,VerilogEval-Spec-to-RTL,Prob098_circuit7,combinational,3,f18b957f-36f7-4a11-917c-16a65de92303,C-F,generation_log,0.0120056497175,0.0180084745763,5,0.000455,0,5,0.000472,0,0,0.0360169491525,0,,
classic_revolution,VerilogEval-Spec-to-RTL,Prob098_circuit7,combinational,3,5c8fcc0f-da26-4cd5-82bd-f78652cd2692,M-I,generation_log,0.0120056497175,0.0180084745763,5,0.000455,0,5,0.000472,0,0,0.0360169491525,0,,
classic_revolution,VerilogEval-Spec-to-RTL,Prob098_circuit7,combinational,3,12408e4d-23e4-42e2-926a-51d96c94ef24,M-E,generation_log,0.0120056497175,0.0180084745763,5,0.000455,0,5,0.000472,0,0,0.0360169491525,0,,
classic_revolution,VerilogEval-Spec-to-RTL,Prob098_circuit7,combinational,3,853ae715-e8d6-49de-80ae-517b7a4b23a2,C-F,generation_log,-0,0,5,0.000472,0,5,0.000472,0,0,0,0,,
classic_revolution,VerilogEval-Spec-to-RTL,Prob116_m2014_q3,combinational,0,13357455-3e09-4941-b1f1-24c22c7097da,initial,generation_log,0.398031088083,0.597046632124,4,1.14e-06,0,5,0.000193,0,0.2,0.994093264249,0,,
classic_revolution,VerilogEval-Spec-to-RTL,Prob116_m2014_q3,combinational,0,e9ff14cb-b10e-4f7f-a40d-0df6606d1a58,initial,generation_log,0.396908462867,0.595362694301,4,1.79e-06,0,5,0.000193,0,0.2,0.990725388601,0,,
classic_revolution,VerilogEval-Spec-to-RTL,Prob116_m2014_q3,combinational,0,a5f9164e-ca9e-403e-b0a5-e756e1878b8b,initial,generation_log,0.464369602763,0.696554404145,3,1.33e-06,0,5,0.000193,0,0.4,0.99310880829,0,,
classic_revolution,VerilogEval-Spec-to-RTL,Prob116_m2014_q3,combinational,1,a6fbea13-309b-4859-816a-3246dd125943,M-F,generation_log,0.396908462867,0.595362694301,4,1.79e-06,0,5,0.000193,0,0.2,0.990725388601,0,,
classic_revolution,VerilogEval-Spec-to-RTL,Prob116_m2014_q3,combinational,1,82f19877-2513-4ca9-bb61-b5b368fd97b6,M-I,generation_log,0.396908462867,0.595362694301,4,1.79e-06,0,5,0.000193,0,0.2,0.990725388601,0,,
classic_revolution,VerilogEval-Spec-to-RTL,Prob116_m2014_q3,combinational,1,81f8a721-e85e-4921-8cd0-89f27d0fe41d,M-I,generation_log,0.396908462867,0.595362694301,4,1.79e-06,0,5,0.000193,0,0.2,0.990725388601,0,,
classic_revolution,VerilogEval-Spec-to-RTL,Prob116_m2014_q3,combinational,1,be98c582-8c51-46df-9dd3-26a411b3455c,C-F,generation_log,0.464369602763,0.696554404145,3,1.33e-06,0,5,0.000193,0,0.4,0.99310880829,0,,
classic_revolution,VerilogEval-Spec-to-RTL,Prob116_m2014_q3,combinational,1,55ffe273-5b87-4f60-968d-92ec29ce52c2,M-I,generation_log,0.464369602763,0.696554404145,3,1.33e-06,0,5,0.000193,0,0.4,0.99310880829,0,,
classic_revolution,VerilogEval-Spec-to-RTL,Prob116_m2014_q3,combinational,2,aae7056a-8255-4691-a759-f41bcf51e20f,M-F,generation_log,0.396908462867,0.595362694301,4,1.79e-06,0,5,0.000193,0,0.2,0.990725388601,0,,
classic_revolution,VerilogEval-Spec-to-RTL,Prob116_m2014_q3,combinational,2,8631cfae-4fa5-4b1e-9358-91944a686f1f,M-R,generation_log,0.464369602763,0.696554404145,3,1.33e-06,0,5,0.000193,0,0.4,0.99310880829,0,,
classic_revolution,VerilogEval-Spec-to-RTL,Prob116_m2014_q3,combinational,2,15f51eb3-3328-47da-9dcb-f7923efbb0ca,M-S,generation_log,0.464369602763,0.696554404145,3,1.33e-06,0,5,0.000193,0,0.4,0.99310880829,0,,
classic_revolution,VerilogEval-Spec-to-RTL,Prob116_m2014_q3,combinational,2,99a38fa2-79c4-4eeb-997c-967809f407ad,M-R,generation_log,0.464369602763,0.696554404145,3,1.33e-06,0,5,0.000193,0,0.4,0.99310880829,0,,
classic_revolution,VerilogEval-Spec-to-RTL,Prob116_m2014_q3,combinational,2,b9aa4b72-2383-4543-9c3a-2e4798db1e48,M-R,generation_log,0.464369602763,0.696554404145,3,1.33e-06,0,5,0.000193,0,0.4,0.99310880829,0,,
classic_revolution,VerilogEval-Spec-to-RTL,Prob116_m2014_q3,combinational,2,4e81b362-c66f-482a-addb-0214e41005f4,M-S,generation_log,0.464369602763,0.696554404145,3,1.33e-06,0,5,0.000193,0,0.4,0.99310880829,0,,
classic_revolution,VerilogEval-Spec-to-RTL,Prob116_m2014_q3,combinational,2,34d675ed-893e-434a-ba46-b0b4cb811baf,M-S,generation_log,0.396908462867,0.595362694301,4,1.79e-06,0,5,0.000193,0,0.2,0.990725388601,0,,
classic_revolution,VerilogEval-Spec-to-RTL,Prob116_m2014_q3,combinational,2,a8abba25-b789-4574-a73f-6e478a43ab8a,M-R,generation_log,0.396908462867,0.595362694301,4,1.79e-06,0,5,0.000193,0,0.2,0.990725388601,0,,
classic_revolution,VerilogEval-Spec-to-RTL,Prob116_m2014_q3,combinational,2,ebd8f4b5-0859-4c2a-9a54-7630c3814122,M-S,generation_log,0.396908462867,0.595362694301,4,1.79e-06,0,5,0.000193,0,0.2,0.990725388601,0,,
classic_revolution,VerilogEval-Spec-to-RTL,Prob116_m2014_q3,combinational,3,4081915c-ffbe-4887-ba91-1cd18e602974,M-E,generation_log,0.397996545769,0.596994818653,4,1.16e-06,0,5,0.000193,0,0.2,0.993989637306,0,,
classic_revolution,VerilogEval-Spec-to-RTL,Prob116_m2014_q3,combinational,3,f70224ea-14bd-4d54-8e5c-741e9b274e8b,M-E,generation_log,0.464404145078,0.696606217617,3,1.31e-06,0,5,0.000193,0,0.4,0.993212435233,0,,
classic_revolution,VerilogEval-Spec-to-RTL,Prob116_m2014_q3,combinational,3,54cd7d10-3231-404e-bb44-9849194bab0b,M-I,generation_log,0.464369602763,0.696554404145,3,1.33e-06,0,5,0.000193,0,0.4,0.99310880829,0,,
classic_revolution,VerilogEval-Spec-to-RTL,Prob116_m2014_q3,combinational,3,8ced78bf-1932-4cea-982a-462465aad810,M-I,generation_log,0.464369602763,0.696554404145,3,1.33e-06,0,5,0.000193,0,0.4,0.99310880829,0,,
classic_revolution,VerilogEval-Spec-to-RTL,Prob116_m2014_q3,combinational,3,7eb482ce-4db6-4961-ab35-3a29b6898b27,C-F,generation_log,0.464369602763,0.696554404145,3,1.33e-06,0,5,0.000193,0,0.4,0.99310880829,0,,
classic_revolution,VerilogEval-Spec-to-RTL,Prob116_m2014_q3,combinational,3,516cd341-7f5e-4a0e-9ad7-65fae67877a6,M-I,generation_log,0.464369602763,0.696554404145,3,1.33e-06,0,5,0.000193,0,0.4,0.99310880829,0,,
classic_revolution,VerilogEval-Spec-to-RTL,Prob116_m2014_q3,combinational,3,d62c900b-0e5d-4914-8c47-c19992af6db9,C-F,generation_log,0.464369602763,0.696554404145,3,1.33e-06,0,5,0.000193,0,0.4,0.99310880829,0,,
classic_revolution,VerilogEval-Spec-to-RTL,Prob116_m2014_q3,combinational,3,ec1122db-3f9a-4fe8-9e81-e93f95faf184,C-F,generation_log,0.464369602763,0.696554404145,3,1.33e-06,0,5,0.000193,0,0.4,0.99310880829,0,,
classic_revolution,VerilogEval-Spec-to-RTL,Prob116_m2014_q3,combinational,3,505beb3c-d9f1-4ea9-aace-40031cf71bf3,M-E,generation_log,0.464369602763,0.696554404145,3,1.33e-06,0,5,0.000193,0,0.4,0.99310880829,0,,
classic_revolution,VerilogEval-Spec-to-RTL,Prob116_m2014_q3,combinational,3,4f1230b0-08c4-4830-838c-17e4a0fbde09,M-I,generation_log,0.464369602763,0.696554404145,3,1.33e-06,0,5,0.000193,0,0.4,0.99310880829,0,,
classic_revolution,VerilogEval-Spec-to-RTL,Prob116_m2014_q3,combinational,3,ab634be3-ee80-451d-bc23-f8ea7bc171ab,M-E,generation_log,0.464369602763,0.696554404145,3,1.33e-06,0,5,0.000193,0,0.4,0.99310880829,0,,
classic_revolution,VerilogEval-Spec-to-RTL,Prob135_m2014_q6b,combinational,0,4dcb7457-edf3-49ab-85ad-4a2e1872c13b,initial,generation_log,0.196143497758,0.294215246637,7,2.58e-06,0,5,0.000223,0,-0.4,0.988430493274,0,,
classic_revolution,VerilogEval-Spec-to-RTL,Prob135_m2014_q6b,combinational,0,4f692d07-5ce3-49b0-ae27-e0f251832588,initial,generation_log,0.196143497758,0.294215246637,7,2.58e-06,0,5,0.000223,0,-0.4,0.988430493274,0,,
classic_revolution,VerilogEval-Spec-to-RTL,Prob135_m2014_q6b,combinational,0,f38e9729-70f9-4b5c-9b95-f6f0d38c102a,initial,generation_log,0.196143497758,0.294215246637,7,2.58e-06,0,5,0.000223,0,-0.4,0.988430493274,0,,
classic_revolution,VerilogEval-Spec-to-RTL,Prob135_m2014_q6b,combinational,0,8707e75d-47ed-4b74-9cf1-abdd0d95d547,initial,generation_log,0.196143497758,0.294215246637,7,2.58e-06,0,5,0.000223,0,-0.4,0.988430493274,0,,
classic_revolution,VerilogEval-Spec-to-RTL,Prob135_m2014_q6b,combinational,0,8fd7c6ab-bb51-4dd5-82b4-36c1e6de626d,initial,generation_log,0.263617339312,0.395426008969,6,2.04e-06,0,5,0.000223,0,-0.2,0.990852017937,0,,
classic_revolution,VerilogEval-Spec-to-RTL,Prob135_m2014_q6b,combinational,0,c648ebe0-bc06-4056-a12e-0d141efaf024,initial,generation_log,0.263617339312,0.395426008969,6,2.04e-06,0,5,0.000223,0,-0.2,0.990852017937,0,,
classic_revolution,VerilogEval-Spec-to-RTL,Prob135_m2014_q6b,combinational,1,d0c042bf-f340-49ed-9605-9b03bd94ce49,M-R,generation_log,0.196143497758,0.294215246637,7,2.58e-06,0,5,0.000223,0,-0.4,0.988430493274,0,,
classic_revolution,VerilogEval-Spec-to-RTL,Prob135_m2014_q6b,combinational,1,15e4444b-8930-47b1-92a4-8f50a3c33882,M-I,generation_log,0.196143497758,0.294215246637,7,2.58e-06,0,5,0.000223,0,-0.4,0.988430493274,0,,
classic_revolution,VerilogEval-Spec-to-RTL,Prob135_m2014_q6b,combinational,1,3159f645-27d1-4a7c-9ca5-05dfae7eae13,M-F,generation_log,0.196143497758,0.294215246637,7,2.58e-06,0,5,0.000223,0,-0.4,0.988430493274,0,,
classic_revolution,VerilogEval-Spec-to-RTL,Prob135_m2014_q6b,combinational,1,121581e8-b9d1-42f2-9922-71e2d8f10826,M-R,generation_log,0.263617339312,0.395426008969,6,2.04e-06,0,5,0.000223,0,-0.2,0.990852017937,0,,
classic_revolution,VerilogEval-Spec-to-RTL,Prob135_m2014_q6b,combinational,1,812c80c3-2437-427f-a147-983b914edef5,C-F,generation_log,0.196143497758,0.294215246637,7,2.58e-06,0,5,0.000223,0,-0.4,0.988430493274,0,,
classic_revolution,VerilogEval-Spec-to-RTL,Prob135_m2014_q6b,combinational,1,86790e24-8d2f-4a5a-adb8-c7b8417f7f52,M-S,generation_log,0.196143497758,0.294215246637,7,2.58e-06,0,5,0.000223,0,-0.4,0.988430493274,0,,
classic_revolution,VerilogEval-Spec-to-RTL,Prob135_m2014_q6b,combinational,1,63013452-3f35-4da4-8318-5272ea083d09,M-E,generation_log,0.263617339312,0.395426008969,6,2.04e-06,0,5,0.000223,0,-0.2,0.990852017937,0,,
classic_revolution,VerilogEval-Spec-to-RTL,Prob135_m2014_q6b,combinational,1,7058797f-c537-4f2c-863e-e063183f89ac,M-I,generation_log,0.196143497758,0.294215246637,7,2.58e-06,0,5,0.000223,0,-0.4,0.988430493274,0,,
classic_revolution,VerilogEval-Spec-to-RTL,Prob135_m2014_q6b,combinational,1,4e10f144-b374-4357-99c5-f6b9aa6b82c0,M-E,generation_log,0.26312406577,0.394686098655,6,2.37e-06,0,5,0.000223,0,-0.2,0.989372197309,0,,
classic_revolution,VerilogEval-Spec-to-RTL,Prob135_m2014_q6b,combinational,2,2b271258-db53-43cf-824c-6e2da4adaf14,M-R,generation_log,0.196143497758,0.294215246637,7,2.58e-06,0,5,0.000223,0,-0.4,0.988430493274,0,,
classic_revolution,VerilogEval-Spec-to-RTL,Prob135_m2014_q6b,combinational,2,49c7aea5-aa55-4da2-95bd-82c98965d8f2,M-I,generation_log,0.196143497758,0.294215246637,7,2.58e-06,0,5,0.000223,0,-0.4,0.988430493274,0,,
classic_revolution,VerilogEval-Spec-to-RTL,Prob135_m2014_q6b,combinational,2,b4d21a5e-da5b-49aa-b3d9-8c6ca20c4d10,M-S,generation_log,0.196143497758,0.294215246637,7,2.58e-06,0,5,0.000223,0,-0.4,0.988430493274,0,,
classic_revolution,VerilogEval-Spec-to-RTL,Prob135_m2014_q6b,combinational,2,36b2a5e5-d6a6-45b3-8bf5-2a31c6176c73,M-S,generation_log,0.196143497758,0.294215246637,7,2.58e-06,0,5,0.000223,0,-0.4,0.988430493274,0,,
classic_revolution,VerilogEval-Spec-to-RTL,Prob135_m2014_q6b,combinational,2,6665737d-ee6a-4585-93c4-bbdf19748e01,M-S,generation_log,0.196143497758,0.294215246637,7,2.58e-06,0,5,0.000223,0,-0.4,0.988430493274,0,,
classic_revolution,VerilogEval-Spec-to-RTL,Prob135_m2014_q6b,combinational,2,99de156f-4c1f-4fce-b3a7-1374cd28cde6,M-I,generation_log,0.196143497758,0.294215246637,7,2.58e-06,0,5,0.000223,0,-0.4,0.988430493274,0,,
classic_revolution,VerilogEval-Spec-to-RTL,Prob135_m2014_q6b,combinational,2,3df57cf2-3884-4c3e-974e-99a95d2619bc,C-F,generation_log,0.196143497758,0.294215246637,7,2.58e-06,0,5,0.000223,0,-0.4,0.988430493274,0,,
classic_revolution,VerilogEval-Spec-to-RTL,Prob135_m2014_q6b,combinational,2,62ede886-030b-4c6c-babf-5456b27887ac,C-F,generation_log,0.196143497758,0.294215246637,7,2.58e-06,0,5,0.000223,0,-0.4,0.988430493274,0,,
classic_revolution,VerilogEval-Spec-to-RTL,Prob135_m2014_q6b,combinational,2,1d5d0479-48f0-4322-a933-1a423202eb9b,M-I,generation_log,0.263617339312,0.395426008969,6,2.04e-06,0,5,0.000223,0,-0.2,0.990852017937,0,,
classic_revolution,VerilogEval-Spec-to-RTL,Prob135_m2014_q6b,combinational,2,26841718-51f2-4886-b4e0-264ad8cad941,M-R,generation_log,0.196143497758,0.294215246637,7,2.58e-06,0,5,0.000223,0,-0.4,0.988430493274,0,,
classic_revolution,VerilogEval-Spec-to-RTL,Prob135_m2014_q6b,combinational,2,83202b27-b5c8-41f7-a25a-02118e6d9919,C-F,generation_log,0.263617339312,0.395426008969,6,2.04e-06,0,5,0.000223,0,-0.2,0.990852017937,0,,
classic_revolution,VerilogEval-Spec-to-RTL,Prob135_m2014_q6b,combinational,3,37c14ff3-bfac-4de5-9233-f647a27f0667,M-E,generation_log,0.26312406577,0.394686098655,6,2.37e-06,0,5,0.000223,0,-0.2,0.989372197309,0,,
classic_revolution,VerilogEval-Spec-to-RTL,Prob135_m2014_q6b,combinational,3,54604b74-1996-4722-a66a-6cea9d772d87,C-F,generation_log,0.263617339312,0.395426008969,6,2.04e-06,0,5,0.000223,0,-0.2,0.990852017937,0,,
classic_revolution,VerilogEval-Spec-to-RTL,Prob135_m2014_q6b,combinational,3,36b9b226-5825-48b7-bc4d-77638974ad64,M-S,generation_log,0.196143497758,0.294215246637,7,2.58e-06,0,5,0.000223,0,-0.4,0.988430493274,0,,
classic_revolution,VerilogEval-Spec-to-RTL,Prob135_m2014_q6b,combinational,3,364f3839-7ce5-47fd-97ca-b735aa50d271,M-E,generation_log,0.263617339312,0.395426008969,6,2.04e-06,0,5,0.000223,0,-0.2,0.990852017937,0,,
classic_revolution,VerilogEval-Spec-to-RTL,Prob135_m2014_q6b,combinational,3,376756b3-b7e0-4d84-9033-d277f4e5070b,M-I,generation_log,0.196143497758,0.294215246637,7,2.58e-06,0,5,0.000223,0,-0.4,0.988430493274,0,,
classic_revolution,VerilogEval-Spec-to-RTL,Prob135_m2014_q6b,combinational,3,7d4cc145-397c-428e-b668-58d76bc866e7,C-F,generation_log,0.263617339312,0.395426008969,6,2.04e-06,0,5,0.000223,0,-0.2,0.990852017937,0,,
classic_revolution,VerilogEval-Spec-to-RTL,Prob135_m2014_q6b,combinational,3,9304acb7-bd30-4ac1-92e1-452e26130468,M-I,generation_log,0.263617339312,0.395426008969,6,2.04e-06,0,5,0.000223,0,-0.2,0.990852017937,0,,
classic_revolution,VerilogEval-Spec-to-RTL,Prob135_m2014_q6b,combinational,3,252f8d1b-9372-42e1-8554-c9b972c49c3f,M-I,generation_log,0.196143497758,0.294215246637,7,2.58e-06,0,5,0.000223,0,-0.4,0.988430493274,0,,
classic_revolution,VerilogEval-Spec-to-RTL,Prob135_m2014_q6b,combinational,3,a567c076-ba17-447d-92fc-e9498ad9e8bf,M-E,generation_log,0.26312406577,0.394686098655,6,2.37e-06,0,5,0.000223,0,-0.2,0.989372197309,0,,
classic_revolution,VerilogEval-Spec-to-RTL,Prob135_m2014_q6b,combinational,3,7605983d-3194-489c-96d1-5e49f4e16241,C-F,generation_log,0.196143497758,0.294215246637,7,2.58e-06,0,5,0.000223,0,-0.4,0.988430493274,0,,
classic_revolution,VerilogEval-Spec-to-RTL,Prob135_m2014_q6b,combinational,3,6e129613-7470-4872-a971-44b9a74b42c2,M-E,generation_log,0.263617339312,0.395426008969,6,2.04e-06,0,5,0.000223,0,-0.2,0.990852017937,0,,
classic_revolution,VerilogEval-Spec-to-RTL,Prob150_review2015_fsmonehot,combinational,0,ff63c70a-660e-4922-aa3d-73616d3772c8,initial,generation_log,0.32968627451,0.494529411765,13,3.72e-06,0,13,0.00034,0,0,0.989058823529,0,,
classic_revolution,VerilogEval-Spec-to-RTL,Prob150_review2015_fsmonehot,combinational,0,299da4b3-9934-4fee-9ca3-0cb6dce19a76,initial,generation_log,-0.369268476621,-0.553902714932,40,1.05e-05,0,13,0.00034,0,-2.07692307692,0.969117647059,0,,
classic_revolution,VerilogEval-Spec-to-RTL,Prob150_review2015_fsmonehot,combinational,0,b68a6790-92c9-4c55-a9db-602fc8425563,initial,generation_log,0.32968627451,0.494529411765,13,3.72e-06,0,13,0.00034,0,0,0.989058823529,0,,
classic_revolution,VerilogEval-Spec-to-RTL,Prob150_review2015_fsmonehot,combinational,0,b65a6cdf-69e6-4106-b974-a42af0672122,initial,generation_log,0.32968627451,0.494529411765,13,3.72e-06,0,13,0.00034,0,0,0.989058823529,0,,
classic_revolution,VerilogEval-Spec-to-RTL,Prob150_review2015_fsmonehot,combinational,0,24c5694a-7865-47e4-82a3-d630af377386,initial,generation_log,0.32968627451,0.494529411765,13,3.72e-06,0,13,0.00034,0,0,0.989058823529,0,,
classic_revolution,VerilogEval-Spec-to-RTL,Prob150_review2015_fsmonehot,combinational,0,d81d13cb-54b1-4fdd-ad5c-ecef8c91887b,initial,generation_log,0.32968627451,0.494529411765,13,3.72e-06,0,13,0.00034,0,0,0.989058823529,0,,
classic_revolution,VerilogEval-Spec-to-RTL,Prob150_review2015_fsmonehot,combinational,0,aeb6d22d-6299-496b-ab7d-a98591fee5f2,initial,generation_log,0.32968627451,0.494529411765,13,3.72e-06,0,13,0.00034,0,0,0.989058823529,0,,
classic_revolution,VerilogEval-Spec-to-RTL,Prob150_review2015_fsmonehot,combinational,1,f280f655-6f28-4f97-9737-553385c008a5,M-E,generation_log,0.32968627451,0.494529411765,13,3.72e-06,0,13,0.00034,0,0,0.989058823529,0,,
classic_revolution,VerilogEval-Spec-to-RTL,Prob150_review2015_fsmonehot,combinational,1,4f96f921-9231-4fa5-bd29-38e799336644,M-F,generation_log,0.32968627451,0.494529411765,13,3.72e-06,0,13,0.00034,0,0,0.989058823529,0,,
classic_revolution,VerilogEval-Spec-to-RTL,Prob150_review2015_fsmonehot,combinational,1,6f1d35ac-13a7-4b14-a37f-4301d3940b1a,M-S,generation_log,0.32968627451,0.494529411765,13,3.72e-06,0,13,0.00034,0,0,0.989058823529,0,,
classic_revolution,VerilogEval-Spec-to-RTL,Prob150_review2015_fsmonehot,combinational,1,0b2d85c9-c9de-42d5-b079-223d45c2aca3,M-R,generation_log,0.32968627451,0.494529411765,13,3.72e-06,0,13,0.00034,0,0,0.989058823529,0,,
classic_revolution,VerilogEval-Spec-to-RTL,Prob150_review2015_fsmonehot,combinational,1,ee959829-1215-479a-acff-6cf22dd9dc8f,M-I,generation_log,0.32968627451,0.494529411765,13,3.72e-06,0,13,0.00034,0,0,0.989058823529,0,,
classic_revolution,VerilogEval-Spec-to-RTL,Prob150_review2015_fsmonehot,combinational,1,bc88b570-70e6-4651-b87c-bb3c1550d07e,M-S,generation_log,0.329676470588,0.494514705882,13,3.73e-06,0,13,0.00034,0,0,0.989029411765,0,,
classic_revolution,VerilogEval-Spec-to-RTL,Prob150_review2015_fsmonehot,combinational,2,043f1797-9624-4b34-9d6e-b7656693787c,M-R,generation_log,0.329676470588,0.494514705882,13,3.73e-06,0,13,0.00034,0,0,0.989029411765,0,,
classic_revolution,VerilogEval-Spec-to-RTL,Prob150_review2015_fsmonehot,combinational,2,f3547ccd-5c82-4712-95ab-cfecb1785517,M-S,generation_log,0.329676470588,0.494514705882,13,3.73e-06,0,13,0.00034,0,0,0.989029411765,0,,
classic_revolution,VerilogEval-Spec-to-RTL,Prob150_review2015_fsmonehot,combinational,2,f3ef235b-a4be-459a-9559-f50c6ad86eea,M-R,generation_log,0.32968627451,0.494529411765,13,3.72e-06,0,13,0.00034,0,0,0.989058823529,0,,
classic_revolution,VerilogEval-Spec-to-RTL,Prob150_review2015_fsmonehot,combinational,2,61777402-ef58-4754-8894-d886269d3ef8,M-I,generation_log,0.32968627451,0.494529411765,13,3.72e-06,0,13,0.00034,0,0,0.989058823529,0,,
classic_revolution,VerilogEval-Spec-to-RTL,Prob150_review2015_fsmonehot,combinational,3,003fec26-17ce-4175-aafc-affa8d704b0c,C-F,generation_log,0.329676470588,0.494514705882,13,3.73e-06,0,13,0.00034,0,0,0.989029411765,0,,
classic_revolution,VerilogEval-Spec-to-RTL,Prob150_review2015_fsmonehot,combinational,3,fdb6f4dd-50a8-4b19-9a11-c06371272dcb,M-S,generation_log,0.32968627451,0.494529411765,13,3.72e-06,0,13,0.00034,0,0,0.989058823529,0,,
classic_revolution,VerilogEval-Spec-to-RTL,Prob150_review2015_fsmonehot,combinational,3,d7811c6d-ea4f-4254-8e71-2077b7bb8236,M-S,generation_log,0.32968627451,0.494529411765,13,3.72e-06,0,13,0.00034,0,0,0.989058823529,0,,
classic_revolution,VerilogEval-Spec-to-RTL,Prob150_review2015_fsmonehot,combinational,3,c4f4cb91-167c-4055-8d4e-1fbf2e0b946d,M-E,generation_log,0.32968627451,0.494529411765,13,3.72e-06,0,13,0.00034,0,0,0.989058823529,0,,
classic_revolution,VerilogEval-Spec-to-RTL,Prob151_review2015_fsm,sequential,2,288db1f4-d3a1-4197-accc-84c7d095b491,M-R,generation_log,-0.409979468704,-0.409979468704,102,0.00737,0.29,66,0.00447,0.28,-0.545454545455,-0.648769574944,-0.0357142857143,,
classic_revolution,VerilogEval-Spec-to-RTL,Prob151_review2015_fsm,sequential,3,c2b6ca03-cad2-4de1-b90a-1423b2251690,M-S,generation_log,-0.3630480258,-0.3630480258,97,0.00676,0.31,66,0.00447,0.28,-0.469696969697,-0.512304250559,-0.107142857143,,
classic_revolution,VerilogEval-Spec-to-RTL,Prob153_gshare,sequential,0,36612826-103f-459f-a273-c3fed7b67862,initial,generation_log,0.0537150998229,0.0537150998229,3119,0.353,0.75,3025,0.437,0.75,-0.0310743801653,0.192219679634,0,,
classic_revolution,VerilogEval-Spec-to-RTL,Prob153_gshare,sequential,0,92ad8748-17a8-4afc-89aa-f1dceddde7a2,initial,generation_log,-0.0337103508562,-0.0337103508562,3197,0.468,0.73,3025,0.437,0.75,-0.0568595041322,-0.070938215103,0.0266666666667,,
classic_revolution,VerilogEval-Spec-to-RTL,Prob153_gshare,sequential,1,5c95fb00-7c17-4fa4-a023-58b91f140cfb,M-S,generation_log,-0.0177361717865,-0.0177361717865,3080,0.429,0.79,3025,0.437,0.75,-0.0181818181818,0.0183066361556,-0.0533333333333,,
classic_revolution,VerilogEval-Spec-to-RTL,Prob153_gshare,sequential,1,f8615a10-80fb-40e7-a3b2-5e473ef46d1e,M-E,generation_log,0.108647279956,0.108647279956,2848,0.291,0.8,3025,0.437,0.75,0.0585123966942,0.33409610984,-0.0666666666667,,
classic_revolution,VerilogEval-Spec-to-RTL,Prob153_gshare,sequential,1,04d17425-992c-48c2-815a-2188296e4a72,M-S,generation_log,0.0537150998229,0.0537150998229,3119,0.353,0.75,3025,0.437,0.75,-0.0310743801653,0.192219679634,0,,
classic_revolution,VerilogEval-Spec-to-RTL,Prob153_gshare,sequential,2,9610d5d9-0f56-4741-baaf-37159518d898,C-F,generation_log,-0.0504804231203,-0.0504804231203,3258,0.487,0.72,3025,0.437,0.75,-0.0770247933884,-0.114416475973,0.04,,
classic_revolution,VerilogEval-Spec-to-RTL,Prob153_gshare,sequential,2,65d3d660-6d50-49e6-a501-c4a5b970b131,M-R,generation_log,0.077241312648,0.077241312648,2963,0.368,0.71,3025,0.437,0.75,0.0204958677686,0.157894736842,0.0533333333333,,
classic_revolution,VerilogEval-Spec-to-RTL,Prob153_gshare,sequential,2,ff3fa70e-9e3f-4703-8489-773d99f338db,M-E,generation_log,0.0540788790758,0.0540788790758,3045,0.404,0.68,3025,0.437,0.75,-0.00661157024793,0.0755148741419,0.0933333333333,,
classic_revolution,VerilogEval-Spec-to-RTL,Prob153_gshare,sequential,3,f59210d7-52ac-4515-87d1-6ab9a7621375,M-I,generation_log,-0.0454299600961,-0.0454299600961,3074,0.472,0.78,3025,0.437,0.75,-0.0161983471074,-0.0800915331808,-0.04,,
classic_revolution,VerilogEval-Spec-to-RTL,Prob153_gshare,sequential,3,8102bc06-8e19-4e85-980f-815e4b786837,C-F,generation_log,0.077241312648,0.077241312648,2963,0.368,0.71,3025,0.437,0.75,0.0204958677686,0.157894736842,0.0533333333333,,
classic_revolution,VerilogEval-Spec-to-RTL,Prob153_gshare,sequential,3,6ae5f720-af70-4849-a828-a499811cb0fa,M-R,generation_log,0.0537150998229,0.0537150998229,3119,0.353,0.75,3025,0.437,0.75,-0.0310743801653,0.192219679634,0,,
classic_revolution,VerilogEval-Spec-to-RTL,Prob153_gshare,sequential,3,d30c7366-7aee-49c7-9fa9-90c277a59903,M-S,generation_log,-0.0177361717865,-0.0177361717865,3080,0.429,0.79,3025,0.437,0.75,-0.0181818181818,0.0183066361556,-0.0533333333333,,
classic_revolution,VerilogEval-Spec-to-RTL,Prob153_gshare,sequential,3,10fdc7a0-f353-44f8-a8b7-4d993db76ab8,M-S,generation_log,-0.0454299600961,-0.0454299600961,3074,0.472,0.78,3025,0.437,0.75,-0.0161983471074,-0.0800915331808,-0.04,,
code_thought_front_slot_qd,RTLLM,Prob004_adder_8bit,combinational,1,0759ca3f-4e19-477b-99f6-1a3db3e75114,single_thought_operator,generation_log,0.381544128268,0.572316192402,39,2.27e-05,0,46,0.00301,0,0.152173913043,0.992458471761,0,/workspace/exp/useful_bd_push/t51_code_thought_front_slot_20260623_030540_UTC/hard_tuning/code_thought_front_slot_qd/seed_1001/openai_gpt-oss-120b/RTLLM/Prob004_adder_8bit/Gen1/Prob004_adder_8bit_sample1_single_thought_operator,
code_thought_front_slot_qd,RTLLM,Prob004_adder_8bit,combinational,1,3fc65a91-6743-41f8-844f-80ced0ef970d,single_thought_operator,generation_log,0.381544128268,0.572316192402,39,2.27e-05,0,46,0.00301,0,0.152173913043,0.992458471761,0,/workspace/exp/useful_bd_push/t51_code_thought_front_slot_20260623_030540_UTC/hard_tuning/code_thought_front_slot_qd/seed_1001/openai_gpt-oss-120b/RTLLM/Prob004_adder_8bit/Gen1/Prob004_adder_8bit_sample2_single_thought_operator,
code_thought_front_slot_qd,RTLLM,Prob004_adder_8bit,combinational,1,ccf819cd-9dba-4177-ae3e-e50b14202fb3,single_thought_operator,generation_log,0.381544128268,0.572316192402,39,2.27e-05,0,46,0.00301,0,0.152173913043,0.992458471761,0,/workspace/exp/useful_bd_push/t51_code_thought_front_slot_20260623_030540_UTC/hard_tuning/code_thought_front_slot_qd/seed_1001/openai_gpt-oss-120b/RTLLM/Prob004_adder_8bit/Gen1/Prob004_adder_8bit_sample3_single_thought_operator,
code_thought_front_slot_qd,RTLLM,Prob004_adder_8bit,combinational,1,9320d69c-2c69-4126-b060-3e128008ce6d,single_thought_operator,generation_log,0.381544128268,0.572316192402,39,2.27e-05,0,46,0.00301,0,0.152173913043,0.992458471761,0,/workspace/exp/useful_bd_push/t51_code_thought_front_slot_20260623_030540_UTC/hard_tuning/code_thought_front_slot_qd/seed_1001/openai_gpt-oss-120b/RTLLM/Prob004_adder_8bit/Gen1/Prob004_adder_8bit_sample4_single_thought_operator,
code_thought_front_slot_qd,RTLLM,Prob004_adder_8bit,combinational,1,de564187-bd3f-43c0-af90-d5436af27e21,single_thought_operator,generation_log,0.381544128268,0.572316192402,39,2.27e-05,0,46,0.00301,0,0.152173913043,0.992458471761,0,/workspace/exp/useful_bd_push/t51_code_thought_front_slot_20260623_030540_UTC/hard_tuning/code_thought_front_slot_qd/seed_1001/openai_gpt-oss-120b/RTLLM/Prob004_adder_8bit/Gen1/Prob004_adder_8bit_sample5_single_thought_operator,
code_thought_front_slot_qd,RTLLM,Prob004_adder_8bit,combinational,1,02472e47-5c58-475f-91d7-df9078d0fe12,single_thought_operator,generation_log,0.381544128268,0.572316192402,39,2.27e-05,0,46,0.00301,0,0.152173913043,0.992458471761,0,/workspace/exp/useful_bd_push/t51_code_thought_front_slot_20260623_030540_UTC/hard_tuning/code_thought_front_slot_qd/seed_1001/openai_gpt-oss-120b/RTLLM/Prob004_adder_8bit/Gen1/Prob004_adder_8bit_sample6_single_thought_operator,
code_thought_front_slot_qd,RTLLM,Prob004_adder_8bit,combinational,1,30d48c69-f249-428d-835c-d9e7efd0d819,single_thought_operator,generation_log,0.381544128268,0.572316192402,39,2.27e-05,0,46,0.00301,0,0.152173913043,0.992458471761,0,/workspace/exp/useful_bd_push/t51_code_thought_front_slot_20260623_030540_UTC/hard_tuning/code_thought_front_slot_qd/seed_1001/openai_gpt-oss-120b/RTLLM/Prob004_adder_8bit/Gen1/Prob004_adder_8bit_sample7_single_thought_operator,
code_thought_front_slot_qd,RTLLM,Prob004_adder_8bit,combinational,1,dbf684cf-5b2b-4686-bca0-d35a1cd0b716,single_thought_operator,generation_log,0.381544128268,0.572316192402,39,2.27e-05,0,46,0.00301,0,0.152173913043,0.992458471761,0,/workspace/exp/useful_bd_push/t51_code_thought_front_slot_20260623_030540_UTC/hard_tuning/code_thought_front_slot_qd/seed_1001/openai_gpt-oss-120b/RTLLM/Prob004_adder_8bit/Gen1/Prob004_adder_8bit_sample8_single_thought_operator,
code_thought_front_slot_qd,RTLLM,Prob004_adder_8bit,combinational,1,06c54d7d-c10a-4942-9a36-cf25c65797c9,single_thought_operator,generation_log,0.381544128268,0.572316192402,39,2.27e-05,0,46,0.00301,0,0.152173913043,0.992458471761,0,/workspace/exp/useful_bd_push/t51_code_thought_front_slot_20260623_030540_UTC/hard_tuning/code_thought_front_slot_qd/seed_1001/openai_gpt-oss-120b/RTLLM/Prob004_adder_8bit/Gen1/Prob004_adder_8bit_sample9_single_thought_operator,
code_thought_front_slot_qd,RTLLM,Prob004_adder_8bit,combinational,1,e2abeee4-6c8c-46ad-9bad-2ca71549392f,single_thought_operator,generation_log,0.381544128268,0.572316192402,39,2.27e-05,0,46,0.00301,0,0.152173913043,0.992458471761,0,/workspace/exp/useful_bd_push/t51_code_thought_front_slot_20260623_030540_UTC/hard_tuning/code_thought_front_slot_qd/seed_1001/openai_gpt-oss-120b/RTLLM/Prob004_adder_8bit/Gen1/Prob004_adder_8bit_sample10_single_thought_operator,
code_thought_front_slot_qd,RTLLM,Prob004_adder_8bit,combinational,1,ffdc2184-434f-4eb7-a3e4-8f355a40381d,single_thought_operator,generation_log,0.381544128268,0.572316192402,39,2.27e-05,0,46,0.00301,0,0.152173913043,0.992458471761,0,/workspace/exp/useful_bd_push/t51_code_thought_front_slot_20260623_030540_UTC/hard_tuning/code_thought_front_slot_qd/seed_1001/openai_gpt-oss-120b/RTLLM/Prob004_adder_8bit/Gen1/Prob004_adder_8bit_sample11_single_thought_operator,
code_thought_front_slot_qd,RTLLM,Prob004_adder_8bit,combinational,1,a010d4e3-e69a-4af1-9602-d58107f0fb1f,single_thought_operator,generation_log,0.381544128268,0.572316192402,39,2.27e-05,0,46,0.00301,0,0.152173913043,0.992458471761,0,/workspace/exp/useful_bd_push/t51_code_thought_front_slot_20260623_030540_UTC/hard_tuning/code_thought_front_slot_qd/seed_1001/openai_gpt-oss-120b/RTLLM/Prob004_adder_8bit/Gen1/Prob004_adder_8bit_sample12_single_thought_operator,
code_thought_front_slot_qd,RTLLM,Prob004_adder_8bit,combinational,2,9dddc9f3-ef22-49b9-ac84-1c9d489bbb18,single_thought_operator,generation_log,0.381544128268,0.572316192402,39,2.27e-05,0,46,0.00301,0,0.152173913043,0.992458471761,0,/workspace/exp/useful_bd_push/t51_code_thought_front_slot_20260623_030540_UTC/hard_tuning/code_thought_front_slot_qd/seed_1001/openai_gpt-oss-120b/RTLLM/Prob004_adder_8bit/Gen2/Prob004_adder_8bit_sample1_single_thought_operator,
code_thought_front_slot_qd,RTLLM,Prob004_adder_8bit,combinational,2,d2ba462b-e893-403b-9501-e692f0e4e26e,single_thought_operator,generation_log,0.381544128268,0.572316192402,39,2.27e-05,0,46,0.00301,0,0.152173913043,0.992458471761,0,/workspace/exp/useful_bd_push/t51_code_thought_front_slot_20260623_030540_UTC/hard_tuning/code_thought_front_slot_qd/seed_1001/openai_gpt-oss-120b/RTLLM/Prob004_adder_8bit/Gen2/Prob004_adder_8bit_sample2_single_thought_operator,
code_thought_front_slot_qd,RTLLM,Prob004_adder_8bit,combinational,2,f0f2ae46-b8fd-4175-9c64-bba59a6b8d2b,single_thought_operator,generation_log,0.381544128268,0.572316192402,39,2.27e-05,0,46,0.00301,0,0.152173913043,0.992458471761,0,/workspace/exp/useful_bd_push/t51_code_thought_front_slot_20260623_030540_UTC/hard_tuning/code_thought_front_slot_qd/seed_1001/openai_gpt-oss-120b/RTLLM/Prob004_adder_8bit/Gen2/Prob004_adder_8bit_sample3_single_thought_operator,
code_thought_front_slot_qd,RTLLM,Prob004_adder_8bit,combinational,2,2fc2a1a6-4ec8-4711-b9dc-6f3a59f757f3,single_thought_operator,generation_log,0.381544128268,0.572316192402,39,2.27e-05,0,46,0.00301,0,0.152173913043,0.992458471761,0,/workspace/exp/useful_bd_push/t51_code_thought_front_slot_20260623_030540_UTC/hard_tuning/code_thought_front_slot_qd/seed_1001/openai_gpt-oss-120b/RTLLM/Prob004_adder_8bit/Gen2/Prob004_adder_8bit_sample4_single_thought_operator,
code_thought_front_slot_qd,RTLLM,Prob004_adder_8bit,combinational,2,1e9f2bd5-5532-4ed4-b56f-d4c85cf24ab1,single_thought_operator,generation_log,0.381544128268,0.572316192402,39,2.27e-05,0,46,0.00301,0,0.152173913043,0.992458471761,0,/workspace/exp/useful_bd_push/t51_code_thought_front_slot_20260623_030540_UTC/hard_tuning/code_thought_front_slot_qd/seed_1001/openai_gpt-oss-120b/RTLLM/Prob004_adder_8bit/Gen2/Prob004_adder_8bit_sample5_single_thought_operator,
code_thought_front_slot_qd,RTLLM,Prob004_adder_8bit,combinational,2,13021f53-cf96-4c49-adaa-4152a892c5c9,single_thought_operator,generation_log,0.381544128268,0.572316192402,39,2.27e-05,0,46,0.00301,0,0.152173913043,0.992458471761,0,/workspace/exp/useful_bd_push/t51_code_thought_front_slot_20260623_030540_UTC/hard_tuning/code_thought_front_slot_qd/seed_1001/openai_gpt-oss-120b/RTLLM/Prob004_adder_8bit/Gen2/Prob004_adder_8bit_sample6_single_thought_operator,
code_thought_front_slot_qd,RTLLM,Prob004_adder_8bit,combinational,2,dca252c8-785e-4a17-b5b9-fbd840752a6c,single_thought_operator,generation_log,0.381544128268,0.572316192402,39,2.27e-05,0,46,0.00301,0,0.152173913043,0.992458471761,0,/workspace/exp/useful_bd_push/t51_code_thought_front_slot_20260623_030540_UTC/hard_tuning/code_thought_front_slot_qd/seed_1001/openai_gpt-oss-120b/RTLLM/Prob004_adder_8bit/Gen2/Prob004_adder_8bit_sample7_single_thought_operator,
code_thought_front_slot_qd,RTLLM,Prob004_adder_8bit,combinational,2,c4e9b40c-cadb-47d5-9632-5564ad03d15e,single_thought_operator,generation_log,0.381544128268,0.572316192402,39,2.27e-05,0,46,0.00301,0,0.152173913043,0.992458471761,0,/workspace/exp/useful_bd_push/t51_code_thought_front_slot_20260623_030540_UTC/hard_tuning/code_thought_front_slot_qd/seed_1001/openai_gpt-oss-120b/RTLLM/Prob004_adder_8bit/Gen2/Prob004_adder_8bit_sample8_single_thought_operator,
code_thought_front_slot_qd,RTLLM,Prob004_adder_8bit,combinational,2,4f8791ec-4209-47bc-b2ef-72bdf8d933ff,single_thought_operator,generation_log,0.381544128268,0.572316192402,39,2.27e-05,0,46,0.00301,0,0.152173913043,0.992458471761,0,/workspace/exp/useful_bd_push/t51_code_thought_front_slot_20260623_030540_UTC/hard_tuning/code_thought_front_slot_qd/seed_1001/openai_gpt-oss-120b/RTLLM/Prob004_adder_8bit/Gen2/Prob004_adder_8bit_sample9_single_thought_operator,
code_thought_front_slot_qd,RTLLM,Prob004_adder_8bit,combinational,2,8bc0a7af-f60b-4c6b-95a8-ca4f94ece175,single_thought_operator,generation_log,0.381544128268,0.572316192402,39,2.27e-05,0,46,0.00301,0,0.152173913043,0.992458471761,0,/workspace/exp/useful_bd_push/t51_code_thought_front_slot_20260623_030540_UTC/hard_tuning/code_thought_front_slot_qd/seed_1001/openai_gpt-oss-120b/RTLLM/Prob004_adder_8bit/Gen2/Prob004_adder_8bit_sample10_single_thought_operator,
code_thought_front_slot_qd,RTLLM,Prob004_adder_8bit,combinational,2,460a3454-6a84-4be1-bee8-7373f09d6cfb,single_thought_operator,generation_log,0.381544128268,0.572316192402,39,2.27e-05,0,46,0.00301,0,0.152173913043,0.992458471761,0,/workspace/exp/useful_bd_push/t51_code_thought_front_slot_20260623_030540_UTC/hard_tuning/code_thought_front_slot_qd/seed_1001/openai_gpt-oss-120b/RTLLM/Prob004_adder_8bit/Gen2/Prob004_adder_8bit_sample11_single_thought_operator,
code_thought_front_slot_qd,RTLLM,Prob004_adder_8bit,combinational,2,5836ade5-2f88-4c5e-afaf-fdeab769da1e,single_thought_operator,generation_log,0.381544128268,0.572316192402,39,2.27e-05,0,46,0.00301,0,0.152173913043,0.992458471761,0,/workspace/exp/useful_bd_push/t51_code_thought_front_slot_20260623_030540_UTC/hard_tuning/code_thought_front_slot_qd/seed_1001/openai_gpt-oss-120b/RTLLM/Prob004_adder_8bit/Gen2/Prob004_adder_8bit_sample12_single_thought_operator,
code_thought_front_slot_qd,RTLLM,Prob004_adder_8bit,combinational,3,b33fd43b-b2f0-4171-867a-45e714cb4705,single_thought_operator,generation_log,0.381366941114,0.572050411671,39,2.43e-05,0,46,0.00301,0,0.152173913043,0.991926910299,0,/workspace/exp/useful_bd_push/t51_code_thought_front_slot_20260623_030540_UTC/hard_tuning/code_thought_front_slot_qd/seed_1001/openai_gpt-oss-120b/RTLLM/Prob004_adder_8bit/Gen3/Prob004_adder_8bit_sample1_single_thought_operator,
code_thought_front_slot_qd,RTLLM,Prob004_adder_8bit,combinational,3,fb98c0b5-82a7-4cef-af0e-0a86a5d3d593,single_thought_operator,generation_log,0.381544128268,0.572316192402,39,2.27e-05,0,46,0.00301,0,0.152173913043,0.992458471761,0,/workspace/exp/useful_bd_push/t51_code_thought_front_slot_20260623_030540_UTC/hard_tuning/code_thought_front_slot_qd/seed_1001/openai_gpt-oss-120b/RTLLM/Prob004_adder_8bit/Gen3/Prob004_adder_8bit_sample2_single_thought_operator,
code_thought_front_slot_qd,RTLLM,Prob004_adder_8bit,combinational,3,ad1c131b-75f5-4116-a448-e363fa2f0230,single_thought_operator,generation_log,0.381544128268,0.572316192402,39,2.27e-05,0,46,0.00301,0,0.152173913043,0.992458471761,0,/workspace/exp/useful_bd_push/t51_code_thought_front_slot_20260623_030540_UTC/hard_tuning/code_thought_front_slot_qd/seed_1001/openai_gpt-oss-120b/RTLLM/Prob004_adder_8bit/Gen3/Prob004_adder_8bit_sample3_single_thought_operator,
code_thought_front_slot_qd,RTLLM,Prob004_adder_8bit,combinational,3,d4280440-6d57-4488-a2d9-9ab1e7dfe1c6,single_thought_operator,generation_log,0.381544128268,0.572316192402,39,2.27e-05,0,46,0.00301,0,0.152173913043,0.992458471761,0,/workspace/exp/useful_bd_push/t51_code_thought_front_slot_20260623_030540_UTC/hard_tuning/code_thought_front_slot_qd/seed_1001/openai_gpt-oss-120b/RTLLM/Prob004_adder_8bit/Gen3/Prob004_adder_8bit_sample4_single_thought_operator,
code_thought_front_slot_qd,RTLLM,Prob004_adder_8bit,combinational,3,7abfb91b-32c9-457e-a4cb-7cb74535bb0b,single_thought_operator,generation_log,0.381544128268,0.572316192402,39,2.27e-05,0,46,0.00301,0,0.152173913043,0.992458471761,0,/workspace/exp/useful_bd_push/t51_code_thought_front_slot_20260623_030540_UTC/hard_tuning/code_thought_front_slot_qd/seed_1001/openai_gpt-oss-120b/RTLLM/Prob004_adder_8bit/Gen3/Prob004_adder_8bit_sample5_single_thought_operator,
code_thought_front_slot_qd,RTLLM,Prob004_adder_8bit,combinational,3,1729484f-e45e-400e-b206-7ca6d5e2a892,single_thought_operator,generation_log,0.381544128268,0.572316192402,39,2.27e-05,0,46,0.00301,0,0.152173913043,0.992458471761,0,/workspace/exp/useful_bd_push/t51_code_thought_front_slot_20260623_030540_UTC/hard_tuning/code_thought_front_slot_qd/seed_1001/openai_gpt-oss-120b/RTLLM/Prob004_adder_8bit/Gen3/Prob004_adder_8bit_sample6_single_thought_operator,
code_thought_front_slot_qd,RTLLM,Prob004_adder_8bit,combinational,3,01241302-d8ea-41d4-bc09-fd30896ba562,single_thought_operator,generation_log,0.381544128268,0.572316192402,39,2.27e-05,0,46,0.00301,0,0.152173913043,0.992458471761,0,/workspace/exp/useful_bd_push/t51_code_thought_front_slot_20260623_030540_UTC/hard_tuning/code_thought_front_slot_qd/seed_1001/openai_gpt-oss-120b/RTLLM/Prob004_adder_8bit/Gen3/Prob004_adder_8bit_sample7_single_thought_operator,
code_thought_front_slot_qd,RTLLM,Prob004_adder_8bit,combinational,3,7341fcab-901b-4502-a313-4f4ed67c43be,single_thought_operator,generation_log,0.381544128268,0.572316192402,39,2.27e-05,0,46,0.00301,0,0.152173913043,0.992458471761,0,/workspace/exp/useful_bd_push/t51_code_thought_front_slot_20260623_030540_UTC/hard_tuning/code_thought_front_slot_qd/seed_1001/openai_gpt-oss-120b/RTLLM/Prob004_adder_8bit/Gen3/Prob004_adder_8bit_sample8_single_thought_operator,
code_thought_front_slot_qd,RTLLM,Prob004_adder_8bit,combinational,3,dd1fb259-3caf-4198-b3c7-b461746a2ebd,single_thought_operator,generation_log,0.381544128268,0.572316192402,39,2.27e-05,0,46,0.00301,0,0.152173913043,0.992458471761,0,/workspace/exp/useful_bd_push/t51_code_thought_front_slot_20260623_030540_UTC/hard_tuning/code_thought_front_slot_qd/seed_1001/openai_gpt-oss-120b/RTLLM/Prob004_adder_8bit/Gen3/Prob004_adder_8bit_sample9_single_thought_operator,
code_thought_front_slot_qd,RTLLM,Prob004_adder_8bit,combinational,3,3f150239-cc7c-4b6a-aea2-e6ae936c5513,single_thought_operator,generation_log,0.381544128268,0.572316192402,39,2.27e-05,0,46,0.00301,0,0.152173913043,0.992458471761,0,/workspace/exp/useful_bd_push/t51_code_thought_front_slot_20260623_030540_UTC/hard_tuning/code_thought_front_slot_qd/seed_1001/openai_gpt-oss-120b/RTLLM/Prob004_adder_8bit/Gen3/Prob004_adder_8bit_sample10_single_thought_operator,
code_thought_front_slot_qd,RTLLM,Prob004_adder_8bit,combinational,3,7653f627-b151-478c-ba30-81f06571a32d,single_thought_operator,generation_log,0.381544128268,0.572316192402,39,2.27e-05,0,46,0.00301,0,0.152173913043,0.992458471761,0,/workspace/exp/useful_bd_push/t51_code_thought_front_slot_20260623_030540_UTC/hard_tuning/code_thought_front_slot_qd/seed_1001/openai_gpt-oss-120b/RTLLM/Prob004_adder_8bit/Gen3/Prob004_adder_8bit_sample11_single_thought_operator,
code_thought_front_slot_qd,RTLLM,Prob004_adder_8bit,combinational,3,f51244ab-388c-4f72-8564-1db5aff08510,single_thought_operator,generation_log,0.381544128268,0.572316192402,39,2.27e-05,0,46,0.00301,0,0.152173913043,0.992458471761,0,/workspace/exp/useful_bd_push/t51_code_thought_front_slot_20260623_030540_UTC/hard_tuning/code_thought_front_slot_qd/seed_1001/openai_gpt-oss-120b/RTLLM/Prob004_adder_8bit/Gen3/Prob004_adder_8bit_sample12_single_thought_operator,
code_thought_front_slot_qd,RTLLM,Prob015_multi_pipe_8bit,sequential,0,882f49be-a76e-413b-a806-5e6773143fe8,initial,generation_log,0.0227359029874,0.0227359029874,623,0.0912,1.05,980,0.0898,0.82,0.364285714286,-0.0155902004454,-0.280487804878,/workspace/exp/useful_bd_push/t51_code_thought_front_slot_20260623_030540_UTC/hard_tuning/code_thought_front_slot_qd/seed_1001/openai_gpt-oss-120b/RTLLM/Prob015_multi_pipe_8bit/Gen0/Prob015_multi_pipe_8bit_sample1_initial,
code_thought_front_slot_qd,RTLLM,Prob015_multi_pipe_8bit,sequential,0,7da623af-3e65-416a-a180-bc43ef318786,initial,generation_log,0.0527945329906,0.0527945329906,600,0.0874,1.03,980,0.0898,0.82,0.387755102041,0.0267260579065,-0.256097560976,/workspace/exp/useful_bd_push/t51_code_thought_front_slot_20260623_030540_UTC/hard_tuning/code_thought_front_slot_qd/seed_1001/openai_gpt-oss-120b/RTLLM/Prob015_multi_pipe_8bit/Gen0/Prob015_multi_pipe_8bit_sample7_initial,
code_thought_front_slot_qd,RTLLM,Prob015_multi_pipe_8bit,sequential,1,5affe91d-42c7-4c0d-9023-a49ff0d3d732,single_thought_operator,generation_log,0.169051369801,0.169051369801,686,0.0482,1.03,980,0.0898,0.82,0.3,0.463251670379,-0.256097560976,/workspace/exp/useful_bd_push/t51_code_thought_front_slot_20260623_030540_UTC/hard_tuning/code_thought_front_slot_qd/seed_1001/openai_gpt-oss-120b/RTLLM/Prob015_multi_pipe_8bit/Gen1/Prob015_multi_pipe_8bit_sample9_single_thought_operator,
code_thought_front_slot_qd,RTLLM,Prob015_multi_pipe_8bit,sequential,1,da6b3204-d8a2-4b5b-948f-1e889e4c4058,single_thought_operator,generation_log,0.0527945329906,0.0527945329906,600,0.0874,1.03,980,0.0898,0.82,0.387755102041,0.0267260579065,-0.256097560976,/workspace/exp/useful_bd_push/t51_code_thought_front_slot_20260623_030540_UTC/hard_tuning/code_thought_front_slot_qd/seed_1001/openai_gpt-oss-120b/RTLLM/Prob015_multi_pipe_8bit/Gen1/Prob015_multi_pipe_8bit_sample10_single_thought_operator,
code_thought_front_slot_qd,RTLLM,Prob015_multi_pipe_8bit,sequential,3,7f02c119-ad0b-4524-a9ee-42b22c87516b,single_thought_operator,generation_log,-0.0340234904326,-0.0340234904326,685,0.103,1.03,980,0.0898,0.82,0.301020408163,-0.146993318486,-0.256097560976,/workspace/exp/useful_bd_push/t51_code_thought_front_slot_20260623_030540_UTC/hard_tuning/code_thought_front_slot_qd/seed_1001/openai_gpt-oss-120b/RTLLM/Prob015_multi_pipe_8bit/Gen3/Prob015_multi_pipe_8bit_sample2_single_thought_operator,
code_thought_front_slot_qd,RTLLM,Prob015_multi_pipe_8bit,sequential,3,2b5033a8-6681-4122-8ec5-1834c9aed449,single_thought_operator,generation_log,0.0527945329906,0.0527945329906,600,0.0874,1.03,980,0.0898,0.82,0.387755102041,0.0267260579065,-0.256097560976,/workspace/exp/useful_bd_push/t51_code_thought_front_slot_20260623_030540_UTC/hard_tuning/code_thought_front_slot_qd/seed_1001/openai_gpt-oss-120b/RTLLM/Prob015_multi_pipe_8bit/Gen3/Prob015_multi_pipe_8bit_sample3_single_thought_operator,
code_thought_front_slot_qd,RTLLM,Prob015_multi_pipe_8bit,sequential,3,42a43bf5-626c-4667-bff0-142ab367cdbd,single_thought_operator,generation_log,0.0716892765037,0.0716892765037,600,0.0845,1.01,980,0.0898,0.82,0.387755102041,0.0590200445434,-0.231707317073,/workspace/exp/useful_bd_push/t51_code_thought_front_slot_20260623_030540_UTC/hard_tuning/code_thought_front_slot_qd/seed_1001/openai_gpt-oss-120b/RTLLM/Prob015_multi_pipe_8bit/Gen3/Prob015_multi_pipe_8bit_sample5_single_thought_operator,
code_thought_front_slot_qd,RTLLM,Prob015_multi_pipe_8bit,sequential,3,30841d8b-dd86-40f3-9554-bd0f511c560f,single_thought_operator,generation_log,-0.0377354429196,-0.0377354429196,685,0.104,1.03,980,0.0898,0.82,0.301020408163,-0.158129175947,-0.256097560976,/workspace/exp/useful_bd_push/t51_code_thought_front_slot_20260623_030540_UTC/hard_tuning/code_thought_front_slot_qd/seed_1001/openai_gpt-oss-120b/RTLLM/Prob015_multi_pipe_8bit/Gen3/Prob015_multi_pipe_8bit_sample7_single_thought_operator,
code_thought_front_slot_qd,RTLLM,Prob024_fsm,combinational,1,0a2d7304-bcd6-4674-aa15-b25c1c9d5d6d,single_thought_operator,generation_log,0.168958398499,-0.116562402252,37,0.00993,0.26,46,0.00695,0,0.195652173913,-0.428776978417,-260000000000,/workspace/exp/useful_bd_push/t51_code_thought_front_slot_20260623_030540_UTC/hard_tuning/code_thought_front_slot_qd/seed_1001/openai_gpt-oss-120b/RTLLM/Prob024_fsm/Gen1/Prob024_fsm_sample1_single_thought_operator,
code_thought_front_slot_qd,RTLLM,Prob024_fsm,combinational,1,c9cd970b-0b0f-4350-b760-68292354db08,single_thought_operator,generation_log,0.168958398499,-0.116562402252,37,0.00993,0.26,46,0.00695,0,0.195652173913,-0.428776978417,-260000000000,/workspace/exp/useful_bd_push/t51_code_thought_front_slot_20260623_030540_UTC/hard_tuning/code_thought_front_slot_qd/seed_1001/openai_gpt-oss-120b/RTLLM/Prob024_fsm/Gen1/Prob024_fsm_sample3_single_thought_operator,
code_thought_front_slot_qd,RTLLM,Prob024_fsm,combinational,1,17d042df-e340-4e41-960a-de2a86cfad07,single_thought_operator,generation_log,0.265517672818,0.0282765092274,34,0.00837,0.26,46,0.00695,0,0.260869565217,-0.204316546763,-260000000000,/workspace/exp/useful_bd_push/t51_code_thought_front_slot_20260623_030540_UTC/hard_tuning/code_thought_front_slot_qd/seed_1001/openai_gpt-oss-120b/RTLLM/Prob024_fsm/Gen1/Prob024_fsm_sample7_single_thought_operator,
code_thought_front_slot_qd,RTLLM,Prob024_fsm,combinational,1,44e4113b-e4eb-4f0f-b1bb-9e683553bd0d,single_thought_operator,generation_log,0.148762381399,-0.146856427901,38,0.0102,0.26,46,0.00695,0,0.173913043478,-0.467625899281,-260000000000,/workspace/exp/useful_bd_push/t51_code_thought_front_slot_20260623_030540_UTC/hard_tuning/code_thought_front_slot_qd/seed_1001/openai_gpt-oss-120b/RTLLM/Prob024_fsm/Gen1/Prob024_fsm_sample8_single_thought_operator,
code_thought_front_slot_qd,RTLLM,Prob024_fsm,combinational,1,b7b434f7-42dc-4b28-a4ca-c823e41280f3,single_thought_operator,generation_log,0.148762381399,-0.146856427901,38,0.0102,0.26,46,0.00695,0,0.173913043478,-0.467625899281,-260000000000,/workspace/exp/useful_bd_push/t51_code_thought_front_slot_20260623_030540_UTC/hard_tuning/code_thought_front_slot_qd/seed_1001/openai_gpt-oss-120b/RTLLM/Prob024_fsm/Gen1/Prob024_fsm_sample9_single_thought_operator,
code_thought_front_slot_qd,RTLLM,Prob024_fsm,combinational,1,478c80ea-1705-4c54-bafd-f902920c4aeb,single_thought_operator,generation_log,0.265517672818,0.0282765092274,34,0.00837,0.26,46,0.00695,0,0.260869565217,-0.204316546763,-260000000000,/workspace/exp/useful_bd_push/t51_code_thought_front_slot_20260623_030540_UTC/hard_tuning/code_thought_front_slot_qd/seed_1001/openai_gpt-oss-120b/RTLLM/Prob024_fsm/Gen1/Prob024_fsm_sample10_single_thought_operator,
code_thought_front_slot_qd,RTLLM,Prob024_fsm,combinational,1,2268de83-b31e-47db-8eac-792cca7f84a0,single_thought_operator,generation_log,0.469591283495,0.329386925242,29,0.00494,0.25,46,0.00695,0,0.369565217391,0.289208633094,-250000000000,/workspace/exp/useful_bd_push/t51_code_thought_front_slot_20260623_030540_UTC/hard_tuning/code_thought_front_slot_qd/seed_1001/openai_gpt-oss-120b/RTLLM/Prob024_fsm/Gen1/Prob024_fsm_sample11_single_thought_operator,
code_thought_front_slot_qd,RTLLM,Prob024_fsm,combinational,2,4ec40e3d-87b2-4167-bf90-b5d50b7108fe,single_thought_operator,generation_log,0.168958398499,-0.116562402252,37,0.00993,0.26,46,0.00695,0,0.195652173913,-0.428776978417,-260000000000,/workspace/exp/useful_bd_push/t51_code_thought_front_slot_20260623_030540_UTC/hard_tuning/code_thought_front_slot_qd/seed_1001/openai_gpt-oss-120b/RTLLM/Prob024_fsm/Gen2/Prob024_fsm_sample3_single_thought_operator,
code_thought_front_slot_qd,RTLLM,Prob024_fsm,combinational,2,39bdd6a0-9470-425a-bd6e-b35f69235c9e,single_thought_operator,generation_log,0.168958398499,-0.116562402252,37,0.00993,0.26,46,0.00695,0,0.195652173913,-0.428776978417,-260000000000,/workspace/exp/useful_bd_push/t51_code_thought_front_slot_20260623_030540_UTC/hard_tuning/code_thought_front_slot_qd/seed_1001/openai_gpt-oss-120b/RTLLM/Prob024_fsm/Gen2/Prob024_fsm_sample7_single_thought_operator,
code_thought_front_slot_qd,RTLLM,Prob024_fsm,combinational,2,98505df3-5a7e-426f-88b9-ce21deef3f47,single_thought_operator,generation_log,0.148762381399,-0.146856427901,38,0.0102,0.26,46,0.00695,0,0.173913043478,-0.467625899281,-260000000000,/workspace/exp/useful_bd_push/t51_code_thought_front_slot_20260623_030540_UTC/hard_tuning/code_thought_front_slot_qd/seed_1001/openai_gpt-oss-120b/RTLLM/Prob024_fsm/Gen2/Prob024_fsm_sample11_single_thought_operator,
code_thought_front_slot_qd,RTLLM,Prob024_fsm,combinational,3,2939bf07-8360-4b92-b39d-7e34167892d0,single_thought_operator,generation_log,0.404102804713,0.231154207069,34,0.00555,0.25,46,0.00695,0,0.260869565217,0.201438848921,-250000000000,/workspace/exp/useful_bd_push/t51_code_thought_front_slot_20260623_030540_UTC/hard_tuning/code_thought_front_slot_qd/seed_1001/openai_gpt-oss-120b/RTLLM/Prob024_fsm/Gen3/Prob024_fsm_sample1_single_thought_operator,
code_thought_front_slot_qd,RTLLM,Prob024_fsm,combinational,3,45d46319-6188-4e48-aea2-12795fc3f0c3,single_thought_operator,generation_log,0.469591283495,0.329386925242,29,0.00494,0.25,46,0.00695,0,0.369565217391,0.289208633094,-250000000000,/workspace/exp/useful_bd_push/t51_code_thought_front_slot_20260623_030540_UTC/hard_tuning/code_thought_front_slot_qd/seed_1001/openai_gpt-oss-120b/RTLLM/Prob024_fsm/Gen3/Prob024_fsm_sample2_single_thought_operator,
code_thought_front_slot_qd,RTLLM,Prob024_fsm,combinational,3,c340967c-3cb7-4eef-92d9-f9f7ef6492f4,single_thought_operator,generation_log,0.265517672818,0.0282765092274,34,0.00837,0.26,46,0.00695,0,0.260869565217,-0.204316546763,-260000000000,/workspace/exp/useful_bd_push/t51_code_thought_front_slot_20260623_030540_UTC/hard_tuning/code_thought_front_slot_qd/seed_1001/openai_gpt-oss-120b/RTLLM/Prob024_fsm/Gen3/Prob024_fsm_sample3_single_thought_operator,
code_thought_front_slot_qd,RTLLM,Prob024_fsm,combinational,3,033a8bbf-b246-496d-bab0-e259b5466b1a,single_thought_operator,generation_log,0.265517672818,0.0282765092274,34,0.00837,0.26,46,0.00695,0,0.260869565217,-0.204316546763,-260000000000,/workspace/exp/useful_bd_push/t51_code_thought_front_slot_20260623_030540_UTC/hard_tuning/code_thought_front_slot_qd/seed_1001/openai_gpt-oss-120b/RTLLM/Prob024_fsm/Gen3/Prob024_fsm_sample5_single_thought_operator,
code_thought_front_slot_qd,RTLLM,Prob024_fsm,combinational,3,7a2db799-f874-4e47-b8a8-c44738362ce4,single_thought_operator,generation_log,0.265997289125,0.0289959336878,34,0.00836,0.26,46,0.00695,0,0.260869565217,-0.202877697842,-260000000000,/workspace/exp/useful_bd_push/t51_code_thought_front_slot_20260623_030540_UTC/hard_tuning/code_thought_front_slot_qd/seed_1001/openai_gpt-oss-120b/RTLLM/Prob024_fsm/Gen3/Prob024_fsm_sample7_single_thought_operator,
code_thought_front_slot_qd,RTLLM,Prob024_fsm,combinational,3,784989c2-571d-405f-8632-dbe8d4130a6a,single_thought_operator,generation_log,0.469591283495,0.329386925242,29,0.00494,0.25,46,0.00695,0,0.369565217391,0.289208633094,-250000000000,/workspace/exp/useful_bd_push/t51_code_thought_front_slot_20260623_030540_UTC/hard_tuning/code_thought_front_slot_qd/seed_1001/openai_gpt-oss-120b/RTLLM/Prob024_fsm/Gen3/Prob024_fsm_sample9_single_thought_operator,
code_thought_front_slot_qd,RTLLM,Prob024_fsm,combinational,3,ddaae0d4-8f0f-4de0-881b-46d984d4d46e,single_thought_operator,generation_log,0.404102804713,0.231154207069,34,0.00555,0.25,46,0.00695,0,0.260869565217,0.201438848921,-250000000000,/workspace/exp/useful_bd_push/t51_code_thought_front_slot_20260623_030540_UTC/hard_tuning/code_thought_front_slot_qd/seed_1001/openai_gpt-oss-120b/RTLLM/Prob024_fsm/Gen3/Prob024_fsm_sample11_single_thought_operator,
code_thought_front_slot_qd,RTLLM,Prob037_parallel2serial,sequential,0,e42fa6b7-4cd6-4400-ae7c-36f9fad56ed7,initial,generation_log,-0,0,50,0.00453,0.27,50,0.00453,0.27,0,0,0,/workspace/exp/useful_bd_push/t51_code_thought_front_slot_20260623_030540_UTC/hard_tuning/code_thought_front_slot_qd/seed_1001/openai_gpt-oss-120b/RTLLM/Prob037_parallel2serial/Gen0/Prob037_parallel2serial_sample3_initial,
code_thought_front_slot_qd,RTLLM,Prob037_parallel2serial,sequential,0,5ad8935c-ba0b-48f6-aea9-1537b67b7f54,initial,generation_log,0.0979233096231,0.0979233096231,45,0.00382,0.26,50,0.00453,0.27,0.1,0.156732891832,0.037037037037,/workspace/exp/useful_bd_push/t51_code_thought_front_slot_20260623_030540_UTC/hard_tuning/code_thought_front_slot_qd/seed_1001/openai_gpt-oss-120b/RTLLM/Prob037_parallel2serial/Gen0/Prob037_parallel2serial_sample5_initial,
code_thought_front_slot_qd,RTLLM,Prob037_parallel2serial,sequential,0,48809ef2-a1a0-4882-970c-ab637ee9fe9c,initial,generation_log,-0.00972937617529,-0.00972937617529,50,0.00483,0.26,50,0.00453,0.27,0,-0.0662251655629,0.037037037037,/workspace/exp/useful_bd_push/t51_code_thought_front_slot_20260623_030540_UTC/hard_tuning/code_thought_front_slot_qd/seed_1001/openai_gpt-oss-120b/RTLLM/Prob037_parallel2serial/Gen0/Prob037_parallel2serial_sample6_initial,
code_thought_front_slot_qd,RTLLM,Prob037_parallel2serial,sequential,0,347cf31b-544b-4c92-bfa0-3db1c0943746,initial,generation_log,-0,0,50,0.00453,0.27,50,0.00453,0.27,0,0,0,/workspace/exp/useful_bd_push/t51_code_thought_front_slot_20260623_030540_UTC/hard_tuning/code_thought_front_slot_qd/seed_1001/openai_gpt-oss-120b/RTLLM/Prob037_parallel2serial/Gen0/Prob037_parallel2serial_sample9_initial,
code_thought_front_slot_qd,RTLLM,Prob037_parallel2serial,sequential,0,4630df00-f4d6-41dd-b35e-12159f21d180,initial,generation_log,-0,0,50,0.00453,0.27,50,0.00453,0.27,0,0,0,/workspace/exp/useful_bd_push/t51_code_thought_front_slot_20260623_030540_UTC/hard_tuning/code_thought_front_slot_qd/seed_1001/openai_gpt-oss-120b/RTLLM/Prob037_parallel2serial/Gen0/Prob037_parallel2serial_sample10_initial,
code_thought_front_slot_qd,RTLLM,Prob037_parallel2serial,sequential,0,ff36589b-7ed8-422c-ae3d-cbb77e2ddd22,initial,generation_log,-0,0,50,0.00453,0.27,50,0.00453,0.27,0,0,0,/workspace/exp/useful_bd_push/t51_code_thought_front_slot_20260623_030540_UTC/hard_tuning/code_thought_front_slot_qd/seed_1001/openai_gpt-oss-120b/RTLLM/Prob037_parallel2serial/Gen0/Prob037_parallel2serial_sample11_initial,
code_thought_front_slot_qd,RTLLM,Prob037_parallel2serial,sequential,1,1e96381f-1e9f-4938-8c79-ef692844f4e3,initial,generation_log,-0.00972937617529,-0.00972937617529,50,0.00483,0.26,50,0.00453,0.27,0,-0.0662251655629,0.037037037037,/workspace/exp/useful_bd_push/t51_code_thought_front_slot_20260623_030540_UTC/hard_tuning/code_thought_front_slot_qd/seed_1001/openai_gpt-oss-120b/RTLLM/Prob037_parallel2serial/Gen1/Prob037_parallel2serial_sample1_initial,
code_thought_front_slot_qd,RTLLM,Prob037_parallel2serial,sequential,1,6613b00d-da42-442b-939e-d14b1bfaf7f8,initial,generation_log,-0,0,50,0.00453,0.27,50,0.00453,0.27,0,0,0,/workspace/exp/useful_bd_push/t51_code_thought_front_slot_20260623_030540_UTC/hard_tuning/code_thought_front_slot_qd/seed_1001/openai_gpt-oss-120b/RTLLM/Prob037_parallel2serial/Gen1/Prob037_parallel2serial_sample2_initial,
code_thought_front_slot_qd,RTLLM,Prob037_parallel2serial,sequential,1,1dcec2e3-5a0e-4bd4-a37d-a89e3b096c79,single_thought_operator,generation_log,-0,0,50,0.00453,0.27,50,0.00453,0.27,0,0,0,/workspace/exp/useful_bd_push/t51_code_thought_front_slot_20260623_030540_UTC/hard_tuning/code_thought_front_slot_qd/seed_1001/openai_gpt-oss-120b/RTLLM/Prob037_parallel2serial/Gen1/Prob037_parallel2serial_sample5_single_thought_operator,
code_thought_front_slot_qd,RTLLM,Prob037_parallel2serial,sequential,1,079dfd44-6a98-4518-83cf-2f0f2af3b6a6,single_thought_operator,generation_log,-0,0,50,0.00453,0.27,50,0.00453,0.27,0,0,0,/workspace/exp/useful_bd_push/t51_code_thought_front_slot_20260623_030540_UTC/hard_tuning/code_thought_front_slot_qd/seed_1001/openai_gpt-oss-120b/RTLLM/Prob037_parallel2serial/Gen1/Prob037_parallel2serial_sample7_single_thought_operator,
code_thought_front_slot_qd,RTLLM,Prob037_parallel2serial,sequential,1,754f0feb-125a-47b3-9b63-8ab2e18b5ea1,single_thought_operator,generation_log,0.228349276429,0.228349276429,39,0.00343,0.21,50,0.00453,0.27,0.22,0.242825607064,0.222222222222,/workspace/exp/useful_bd_push/t51_code_thought_front_slot_20260623_030540_UTC/hard_tuning/code_thought_front_slot_qd/seed_1001/openai_gpt-oss-120b/RTLLM/Prob037_parallel2serial/Gen1/Prob037_parallel2serial_sample10_single_thought_operator,
code_thought_front_slot_qd,RTLLM,Prob037_parallel2serial,sequential,2,09eb71c5-97b2-4512-a366-0fb07c7296b5,initial,generation_log,-0,0,50,0.00453,0.27,50,0.00453,0.27,0,0,0,/workspace/exp/useful_bd_push/t51_code_thought_front_slot_20260623_030540_UTC/hard_tuning/code_thought_front_slot_qd/seed_1001/openai_gpt-oss-120b/RTLLM/Prob037_parallel2serial/Gen2/Prob037_parallel2serial_sample2_initial,
code_thought_front_slot_qd,RTLLM,Prob037_parallel2serial,sequential,2,145cb033-08ef-46b0-be11-a474ea6e918b,single_thought_operator,generation_log,-0,0,50,0.00453,0.27,50,0.00453,0.27,0,0,0,/workspace/exp/useful_bd_push/t51_code_thought_front_slot_20260623_030540_UTC/hard_tuning/code_thought_front_slot_qd/seed_1001/openai_gpt-oss-120b/RTLLM/Prob037_parallel2serial/Gen2/Prob037_parallel2serial_sample8_single_thought_operator,
code_thought_front_slot_qd,RTLLM,Prob037_parallel2serial,sequential,2,34d58ec7-a32a-4cbb-a74d-18cde03b7456,single_thought_operator,generation_log,-0.0105976616793,-0.0105976616793,53,0.00457,0.26,50,0.00453,0.27,-0.06,-0.00883002207506,0.037037037037,/workspace/exp/useful_bd_push/t51_code_thought_front_slot_20260623_030540_UTC/hard_tuning/code_thought_front_slot_qd/seed_1001/openai_gpt-oss-120b/RTLLM/Prob037_parallel2serial/Gen2/Prob037_parallel2serial_sample9_single_thought_operator,
code_thought_front_slot_qd,RTLLM,Prob037_parallel2serial,sequential,2,a7e8ae66-9702-4cc1-8ec4-0b2a6e27e47b,single_thought_operator,generation_log,-0,0,50,0.00453,0.27,50,0.00453,0.27,0,0,0,/workspace/exp/useful_bd_push/t51_code_thought_front_slot_20260623_030540_UTC/hard_tuning/code_thought_front_slot_qd/seed_1001/openai_gpt-oss-120b/RTLLM/Prob037_parallel2serial/Gen2/Prob037_parallel2serial_sample10_single_thought_operator,
code_thought_front_slot_qd,RTLLM,Prob037_parallel2serial,sequential,3,10b97f2b-54cb-4204-a09b-dbea3e4eed2f,initial,generation_log,-0,0,50,0.00453,0.27,50,0.00453,0.27,0,0,0,/workspace/exp/useful_bd_push/t51_code_thought_front_slot_20260623_030540_UTC/hard_tuning/code_thought_front_slot_qd/seed_1001/openai_gpt-oss-120b/RTLLM/Prob037_parallel2serial/Gen3/Prob037_parallel2serial_sample2_initial,
code_thought_front_slot_qd,RTLLM,Prob037_parallel2serial,sequential,3,02b0a303-77dd-4a4a-90fd-1f51a83eabb7,initial,generation_log,-0,0,50,0.00453,0.27,50,0.00453,0.27,0,0,0,/workspace/exp/useful_bd_push/t51_code_thought_front_slot_20260623_030540_UTC/hard_tuning/code_thought_front_slot_qd/seed_1001/openai_gpt-oss-120b/RTLLM/Prob037_parallel2serial/Gen3/Prob037_parallel2serial_sample3_initial,
code_thought_front_slot_qd,RTLLM,Prob037_parallel2serial,sequential,3,15658661-4040-4825-a79b-656cce355402,single_thought_operator,generation_log,-0,0,50,0.00453,0.27,50,0.00453,0.27,0,0,0,/workspace/exp/useful_bd_push/t51_code_thought_front_slot_20260623_030540_UTC/hard_tuning/code_thought_front_slot_qd/seed_1001/openai_gpt-oss-120b/RTLLM/Prob037_parallel2serial/Gen3/Prob037_parallel2serial_sample4_single_thought_operator,
code_thought_front_slot_qd,RTLLM,Prob041_traffic_light,combinational,0,531369b3-9aa4-48c1-9b9f-93d4820b2f0f,initial,generation_log,0.419887436456,0.629831154684,124,0.000354,0,170,0.0324,0,0.270588235294,0.989074074074,0,/workspace/exp/useful_bd_push/t51_code_thought_front_slot_20260623_030540_UTC/hard_tuning/code_thought_front_slot_qd/seed_1001/openai_gpt-oss-120b/RTLLM/Prob041_traffic_light/Gen0/Prob041_traffic_light_sample3_initial,
code_thought_front_slot_qd,RTLLM,Prob041_traffic_light,combinational,1,994c2783-1929-4b70-b85e-8a9c004158b5,single_thought_operator,generation_log,0.130101670298,0.195152505447,143,0.0249,0,170,0.0324,0,0.158823529412,0.231481481481,0,/workspace/exp/useful_bd_push/t51_code_thought_front_slot_20260623_030540_UTC/hard_tuning/code_thought_front_slot_qd/seed_1001/openai_gpt-oss-120b/RTLLM/Prob041_traffic_light/Gen1/Prob041_traffic_light_sample6_single_thought_operator,
code_thought_front_slot_qd,RTLLM,Prob041_traffic_light,combinational,1,56484b5a-ac05-4526-acb6-81b9e92cda11,single_thought_operator,generation_log,0.389132171387,0.583698257081,140,0.000294,0,170,0.0324,0,0.176470588235,0.990925925926,0,/workspace/exp/useful_bd_push/t51_code_thought_front_slot_20260623_030540_UTC/hard_tuning/code_thought_front_slot_qd/seed_1001/openai_gpt-oss-120b/RTLLM/Prob041_traffic_light/Gen1/Prob041_traffic_light_sample11_single_thought_operator,
code_thought_front_slot_qd,RTLLM,Prob041_traffic_light,combinational,1,8ae84a36-d65c-47ef-8a73-2a0e54adc5d3,single_thought_operator,generation_log,0.40382050351,0.605730755265,132,0.000391,0,170,0.0324,0,0.223529411765,0.987932098765,0,/workspace/exp/useful_bd_push/t51_code_thought_front_slot_20260623_030540_UTC/hard_tuning/code_thought_front_slot_qd/seed_1001/openai_gpt-oss-120b/RTLLM/Prob041_traffic_light/Gen1/Prob041_traffic_light_sample12_single_thought_operator,
code_thought_front_slot_qd,RTLLM,Prob041_traffic_light,combinational,2,ddce6c4d-6114-45da-9899-86eedc9b7786,single_thought_operator,generation_log,0.131517792302,0.197276688453,147,0.024,0,170,0.0324,0,0.135294117647,0.259259259259,0,/workspace/exp/useful_bd_push/t51_code_thought_front_slot_20260623_030540_UTC/hard_tuning/code_thought_front_slot_qd/seed_1001/openai_gpt-oss-120b/RTLLM/Prob041_traffic_light/Gen2/Prob041_traffic_light_sample1_single_thought_operator,
code_thought_front_slot_qd,RTLLM,Prob041_traffic_light,combinational,2,84e4ec6f-15a6-4a28-84cc-fb91cf457861,single_thought_operator,generation_log,0.389132171387,0.583698257081,140,0.000294,0,170,0.0324,0,0.176470588235,0.990925925926,0,/workspace/exp/useful_bd_push/t51_code_thought_front_slot_20260623_030540_UTC/hard_tuning/code_thought_front_slot_qd/seed_1001/openai_gpt-oss-120b/RTLLM/Prob041_traffic_light/Gen2/Prob041_traffic_light_sample3_single_thought_operator,
code_thought_front_slot_qd,RTLLM,Prob041_traffic_light,combinational,2,d8581b57-5b56-497a-9a6a-14cb8065b968,single_thought_operator,generation_log,0.0340716533527,0.051107480029,150,0.0329,0,170,0.0324,0,0.117647058824,-0.0154320987654,0,/workspace/exp/useful_bd_push/t51_code_thought_front_slot_20260623_030540_UTC/hard_tuning/code_thought_front_slot_qd/seed_1001/openai_gpt-oss-120b/RTLLM/Prob041_traffic_light/Gen2/Prob041_traffic_light_sample5_single_thought_operator,
code_thought_front_slot_qd,RTLLM,Prob041_traffic_light,combinational,2,65fcc47d-2c4c-4758-a53a-190072b18bb8,single_thought_operator,generation_log,0.389132171387,0.583698257081,140,0.000294,0,170,0.0324,0,0.176470588235,0.990925925926,0,/workspace/exp/useful_bd_push/t51_code_thought_front_slot_20260623_030540_UTC/hard_tuning/code_thought_front_slot_qd/seed_1001/openai_gpt-oss-120b/RTLLM/Prob041_traffic_light/Gen2/Prob041_traffic_light_sample8_single_thought_operator,
code_thought_front_slot_qd,RTLLM,Prob041_traffic_light,combinational,2,ab07e9a2-b5e5-42b4-b578-210b268e5251,single_thought_operator,generation_log,0.364970951344,0.547456427015,151,0.000546,0,170,0.0324,0,0.111764705882,0.983148148148,0,/workspace/exp/useful_bd_push/t51_code_thought_front_slot_20260623_030540_UTC/hard_tuning/code_thought_front_slot_qd/seed_1001/openai_gpt-oss-120b/RTLLM/Prob041_traffic_light/Gen2/Prob041_traffic_light_sample9_single_thought_operator,
code_thought_front_slot_qd,RTLLM,Prob041_traffic_light,combinational,2,5f1a6a09-4b71-461d-8f80-0e835174587c,single_thought_operator,generation_log,0.131517792302,0.197276688453,147,0.024,0,170,0.0324,0,0.135294117647,0.259259259259,0,/workspace/exp/useful_bd_push/t51_code_thought_front_slot_20260623_030540_UTC/hard_tuning/code_thought_front_slot_qd/seed_1001/openai_gpt-oss-120b/RTLLM/Prob041_traffic_light/Gen2/Prob041_traffic_light_sample10_single_thought_operator,
code_thought_front_slot_qd,RTLLM,Prob041_traffic_light,combinational,3,853b51ce-9b56-4cc5-a8e1-aad3eeb907a8,single_thought_operator,generation_log,0.131517792302,0.197276688453,147,0.024,0,170,0.0324,0,0.135294117647,0.259259259259,0,/workspace/exp/useful_bd_push/t51_code_thought_front_slot_20260623_030540_UTC/hard_tuning/code_thought_front_slot_qd/seed_1001/openai_gpt-oss-120b/RTLLM/Prob041_traffic_light/Gen3/Prob041_traffic_light_sample2_single_thought_operator,
code_thought_front_slot_qd,RTLLM,Prob041_traffic_light,combinational,3,2f2ed53f-db0e-4dd5-b5de-faeb8826ec7d,single_thought_operator,generation_log,0.131517792302,0.197276688453,147,0.024,0,170,0.0324,0,0.135294117647,0.259259259259,0,/workspace/exp/useful_bd_push/t51_code_thought_front_slot_20260623_030540_UTC/hard_tuning/code_thought_front_slot_qd/seed_1001/openai_gpt-oss-120b/RTLLM/Prob041_traffic_light/Gen3/Prob041_traffic_light_sample5_single_thought_operator,
code_thought_front_slot_qd,RTLLM,Prob041_traffic_light,combinational,3,01a9d48f-a26d-4d0b-90c7-d2f9c17c933c,single_thought_operator,generation_log,0.389132171387,0.583698257081,140,0.000294,0,170,0.0324,0,0.176470588235,0.990925925926,0,/workspace/exp/useful_bd_push/t51_code_thought_front_slot_20260623_030540_UTC/hard_tuning/code_thought_front_slot_qd/seed_1001/openai_gpt-oss-120b/RTLLM/Prob041_traffic_light/Gen3/Prob041_traffic_light_sample6_single_thought_operator,
code_thought_front_slot_qd,RTLLM,Prob041_traffic_light,combinational,3,8b1e1a42-bb2d-4e3a-abba-9525ed3a21b4,single_thought_operator,generation_log,0.356823408376,0.535235112564,156,0.000385,0,170,0.0324,0,0.0823529411765,0.988117283951,0,/workspace/exp/useful_bd_push/t51_code_thought_front_slot_20260623_030540_UTC/hard_tuning/code_thought_front_slot_qd/seed_1001/openai_gpt-oss-120b/RTLLM/Prob041_traffic_light/Gen3/Prob041_traffic_light_sample8_single_thought_operator,
code_thought_front_slot_qd,RTLLM,Prob041_traffic_light,combinational,3,f7cf5761-fa86-45f1-aa0e-f83c77837a11,single_thought_operator,generation_log,0.389132171387,0.583698257081,140,0.000294,0,170,0.0324,0,0.176470588235,0.990925925926,0,/workspace/exp/useful_bd_push/t51_code_thought_front_slot_20260623_030540_UTC/hard_tuning/code_thought_front_slot_qd/seed_1001/openai_gpt-oss-120b/RTLLM/Prob041_traffic_light/Gen3/Prob041_traffic_light_sample9_single_thought_operator,
code_thought_front_slot_qd,RTLLM,Prob041_traffic_light,combinational,3,f3dff4da-8203-4562-a4bf-84ce6528f93c,single_thought_operator,generation_log,0.389132171387,0.583698257081,140,0.000294,0,170,0.0324,0,0.176470588235,0.990925925926,0,/workspace/exp/useful_bd_push/t51_code_thought_front_slot_20260623_030540_UTC/hard_tuning/code_thought_front_slot_qd/seed_1001/openai_gpt-oss-120b/RTLLM/Prob041_traffic_light/Gen3/Prob041_traffic_light_sample10_single_thought_operator,
code_thought_front_slot_qd,RTLLM,Prob045_alu,combinational,0,741b3928-5cf7-4116-adb7-aba6b027c51b,initial,generation_log,0.369488468362,0.554232702543,1962,0.00111,0,2225,0.114,0,0.118202247191,0.990263157895,0,/workspace/exp/useful_bd_push/t51_code_thought_front_slot_20260623_030540_UTC/hard_tuning/code_thought_front_slot_qd/seed_1001/openai_gpt-oss-120b/RTLLM/Prob045_alu/Gen0/Prob045_alu_sample2_initial,
code_thought_front_slot_qd,RTLLM,Prob045_alu,combinational,0,e6003097-f361-440c-a44f-46e001ccd74a,initial,generation_log,0.40199060385,0.602985905776,1747,0.00101,0,2225,0.114,0,0.214831460674,0.991140350877,0,/workspace/exp/useful_bd_push/t51_code_thought_front_slot_20260623_030540_UTC/hard_tuning/code_thought_front_slot_qd/seed_1001/openai_gpt-oss-120b/RTLLM/Prob045_alu/Gen0/Prob045_alu_sample7_initial,
code_thought_front_slot_qd,RTLLM,Prob045_alu,combinational,0,be51dc86-8ea7-4967-81b5-07b3e1a486c6,initial,generation_log,0.389468427623,0.584202641435,1830,0.00104,0,2225,0.114,0,0.177528089888,0.990877192982,0,/workspace/exp/useful_bd_push/t51_code_thought_front_slot_20260623_030540_UTC/hard_tuning/code_thought_front_slot_qd/seed_1001/openai_gpt-oss-120b/RTLLM/Prob045_alu/Gen0/Prob045_alu_sample9_initial,
code_thought_front_slot_qd,RTLLM,Prob045_alu,combinational,0,3bc94a5d-a8b9-4bbe-b509-3e53bee9ac1a,initial,generation_log,0.383625730994,0.575438596491,1869,0.00104,0,2225,0.114,0,0.16,0.990877192982,0,/workspace/exp/useful_bd_push/t51_code_thought_front_slot_20260623_030540_UTC/hard_tuning/code_thought_front_slot_qd/seed_1001/openai_gpt-oss-120b/RTLLM/Prob045_alu/Gen0/Prob045_alu_sample10_initial,
code_thought_front_slot_qd,RTLLM,Prob045_alu,combinational,0,b3d432b1-938d-4698-bb6f-98895b0202ec,initial,generation_log,0.382697614824,0.574046422235,1875,0.00105,0,2225,0.114,0,0.157303370787,0.990789473684,0,/workspace/exp/useful_bd_push/t51_code_thought_front_slot_20260623_030540_UTC/hard_tuning/code_thought_front_slot_qd/seed_1001/openai_gpt-oss-120b/RTLLM/Prob045_alu/Gen0/Prob045_alu_sample11_initial,
code_thought_front_slot_qd,RTLLM,Prob045_alu,combinational,0,a3fd2d07-e1d1-4ea6-b778-cb2b345c4899,initial,generation_log,0.375480977725,0.563221466588,1922,0.00111,0,2225,0.114,0,0.136179775281,0.990263157895,0,/workspace/exp/useful_bd_push/t51_code_thought_front_slot_20260623_030540_UTC/hard_tuning/code_thought_front_slot_qd/seed_1001/openai_gpt-oss-120b/RTLLM/Prob045_alu/Gen0/Prob045_alu_sample12_initial,
code_thought_front_slot_qd,RTLLM,Prob045_alu,combinational,1,32c9babd-9e4c-45d0-a5c0-55145af4e0a8,initial,generation_log,0.369879427032,0.554819140548,1959,0.00113,0,2225,0.114,0,0.119550561798,0.990087719298,0,/workspace/exp/useful_bd_push/t51_code_thought_front_slot_20260623_030540_UTC/hard_tuning/code_thought_front_slot_qd/seed_1001/openai_gpt-oss-120b/RTLLM/Prob045_alu/Gen1/Prob045_alu_sample2_initial,
code_thought_front_slot_qd,RTLLM,Prob045_alu,combinational,1,85c8e2c5-36d0-45f5-8a94-91c77aff5d54,single_thought_operator,generation_log,0.377158157566,0.565737236349,1911,0.0011,0,2225,0.114,0,0.141123595506,0.990350877193,0,/workspace/exp/useful_bd_push/t51_code_thought_front_slot_20260623_030540_UTC/hard_tuning/code_thought_front_slot_qd/seed_1001/openai_gpt-oss-120b/RTLLM/Prob045_alu/Gen1/Prob045_alu_sample1_single_thought_operator,
code_thought_front_slot_qd,RTLLM,Prob045_alu,combinational,1,ddfe3c5e-edd1-4bb3-82ac-5c3c3d7de38f,single_thought_operator,generation_log,0.39081674223,0.586225113345,1821,0.00104,0,2225,0.114,0,0.181573033708,0.990877192982,0,/workspace/exp/useful_bd_push/t51_code_thought_front_slot_20260623_030540_UTC/hard_tuning/code_thought_front_slot_qd/seed_1001/openai_gpt-oss-120b/RTLLM/Prob045_alu/Gen1/Prob045_alu_sample2_single_thought_operator,
code_thought_front_slot_qd,RTLLM,Prob045_alu,combinational,1,50e60ab8-d253-4126-8938-b3a9661af242,single_thought_operator,generation_log,0.389289375123,0.583934062685,1831,0.00105,0,2225,0.114,0,0.177078651685,0.990789473684,0,/workspace/exp/useful_bd_push/t51_code_thought_front_slot_20260623_030540_UTC/hard_tuning/code_thought_front_slot_qd/seed_1001/openai_gpt-oss-120b/RTLLM/Prob045_alu/Gen1/Prob045_alu_sample3_single_thought_operator,
code_thought_front_slot_qd,RTLLM,Prob045_alu,combinational,1,7cf9ec83-e78a-4e6e-9507-f1723aaca67f,single_thought_operator,generation_log,0.386921611144,0.580382416716,1847,0.00104,0,2225,0.114,0,0.169887640449,0.990877192982,0,/workspace/exp/useful_bd_push/t51_code_thought_front_slot_20260623_030540_UTC/hard_tuning/code_thought_front_slot_qd/seed_1001/openai_gpt-oss-120b/RTLLM/Prob045_alu/Gen1/Prob045_alu_sample7_single_thought_operator,
code_thought_front_slot_qd,RTLLM,Prob045_alu,combinational,2,80512f87-37b5-4dc6-beb6-4aa31f66744b,single_thought_operator,generation_log,0.371735659373,0.55760348906,1947,0.00111,0,2225,0.114,0,0.124943820225,0.990263157895,0,/workspace/exp/useful_bd_push/t51_code_thought_front_slot_20260623_030540_UTC/hard_tuning/code_thought_front_slot_qd/seed_1001/openai_gpt-oss-120b/RTLLM/Prob045_alu/Gen2/Prob045_alu_sample4_single_thought_operator,
code_thought_front_slot_qd,RTLLM,Prob045_alu,combinational,2,ed0f0009-57f8-4d5b-a4db-c66e13c81724,single_thought_operator,generation_log,0.388927656219,0.583391484329,1834,0.00102,0,2225,0.114,0,0.175730337079,0.991052631579,0,/workspace/exp/useful_bd_push/t51_code_thought_front_slot_20260623_030540_UTC/hard_tuning/code_thought_front_slot_qd/seed_1001/openai_gpt-oss-120b/RTLLM/Prob045_alu/Gen2/Prob045_alu_sample5_single_thought_operator,
code_thought_front_slot_qd,RTLLM,Prob045_alu,combinational,2,9942e635-2f4a-4147-a96e-22453ece9b54,single_thought_operator,generation_log,0.373288652342,0.559932978514,1938,0.00104,0,2225,0.114,0,0.128988764045,0.990877192982,0,/workspace/exp/useful_bd_push/t51_code_thought_front_slot_20260623_030540_UTC/hard_tuning/code_thought_front_slot_qd/seed_1001/openai_gpt-oss-120b/RTLLM/Prob045_alu/Gen2/Prob045_alu_sample6_single_thought_operator,
code_thought_front_slot_qd,RTLLM,Prob045_alu,combinational,3,1e249737-380a-4e18-97ee-0e87be29631c,initial,generation_log,0.383625730994,0.575438596491,1869,0.00104,0,2225,0.114,0,0.16,0.990877192982,0,/workspace/exp/useful_bd_push/t51_code_thought_front_slot_20260623_030540_UTC/hard_tuning/code_thought_front_slot_qd/seed_1001/openai_gpt-oss-120b/RTLLM/Prob045_alu/Gen3/Prob045_alu_sample2_initial,
code_thought_front_slot_qd,RTLLM,Prob045_alu,combinational,3,8244d6dc-2ce2-4c39-935c-951d3848217e,single_thought_operator,generation_log,0.376971877259,0.565457815888,1914,0.00101,0,2225,0.114,0,0.139775280899,0.991140350877,0,/workspace/exp/useful_bd_push/t51_code_thought_front_slot_20260623_030540_UTC/hard_tuning/code_thought_front_slot_qd/seed_1001/openai_gpt-oss-120b/RTLLM/Prob045_alu/Gen3/Prob045_alu_sample1_single_thought_operator,
code_thought_front_slot_qd,RTLLM,Prob045_alu,combinational,3,8a950670-e3ef-437c-af3a-1c6002f29a98,single_thought_operator,generation_log,0.373979236481,0.560968854721,1933,0.00106,0,2225,0.114,0,0.131235955056,0.990701754386,0,/workspace/exp/useful_bd_push/t51_code_thought_front_slot_20260623_030540_UTC/hard_tuning/code_thought_front_slot_qd/seed_1001/openai_gpt-oss-120b/RTLLM/Prob045_alu/Gen3/Prob045_alu_sample4_single_thought_operator,
code_thought_front_slot_qd,RTLLM,Prob045_alu,combinational,3,56da6a5a-8813-491f-ba22-f1487e8660e8,single_thought_operator,generation_log,0.373288652342,0.559932978514,1938,0.00104,0,2225,0.114,0,0.128988764045,0.990877192982,0,/workspace/exp/useful_bd_push/t51_code_thought_front_slot_20260623_030540_UTC/hard_tuning/code_thought_front_slot_qd/seed_1001/openai_gpt-oss-120b/RTLLM/Prob045_alu/Gen3/Prob045_alu_sample7_single_thought_operator,
code_thought_front_slot_qd,RTLLM,Prob045_alu,combinational,3,9aefa66b-2b95-4e7a-89d5-8ff224a88d92,single_thought_operator,generation_log,0.381199487483,0.571799231224,1885,0.00105,0,2225,0.114,0,0.152808988764,0.990789473684,0,/workspace/exp/useful_bd_push/t51_code_thought_front_slot_20260623_030540_UTC/hard_tuning/code_thought_front_slot_qd/seed_1001/openai_gpt-oss-120b/RTLLM/Prob045_alu/Gen3/Prob045_alu_sample9_single_thought_operator,
code_thought_front_slot_qd,RTLLM,Prob049_signal_generator,sequential,0,f42ff7b6-872c-41c0-b660-180e6847fbb7,initial,generation_log,0.234774694403,0.234774694403,82,0.00252,0.38,94,0.00467,0.43,0.127659574468,0.460385438972,0.116279069767,/workspace/exp/useful_bd_push/t51_code_thought_front_slot_20260623_030540_UTC/hard_tuning/code_thought_front_slot_qd/seed_1001/openai_gpt-oss-120b/RTLLM/Prob049_signal_generator/Gen0/Prob049_signal_generator_sample2_initial,
code_thought_front_slot_qd,RTLLM,Prob049_signal_generator,sequential,0,6a1170e4-e0fc-44c7-b7b3-844c6aa7ae1f,initial,generation_log,0.234774694403,0.234774694403,82,0.00252,0.38,94,0.00467,0.43,0.127659574468,0.460385438972,0.116279069767,/workspace/exp/useful_bd_push/t51_code_thought_front_slot_20260623_030540_UTC/hard_tuning/code_thought_front_slot_qd/seed_1001/openai_gpt-oss-120b/RTLLM/Prob049_signal_generator/Gen0/Prob049_signal_generator_sample3_initial,
code_thought_front_slot_qd,RTLLM,Prob049_signal_generator,sequential,0,d35e1255-e394-40a9-a81c-bbab113bda11,initial,generation_log,0.234774694403,0.234774694403,82,0.00252,0.38,94,0.00467,0.43,0.127659574468,0.460385438972,0.116279069767,/workspace/exp/useful_bd_push/t51_code_thought_front_slot_20260623_030540_UTC/hard_tuning/code_thought_front_slot_qd/seed_1001/openai_gpt-oss-120b/RTLLM/Prob049_signal_generator/Gen0/Prob049_signal_generator_sample4_initial,
code_thought_front_slot_qd,RTLLM,Prob049_signal_generator,sequential,0,7ad38e33-c065-459f-a123-b56912cd1a47,initial,generation_log,0.234774694403,0.234774694403,82,0.00252,0.38,94,0.00467,0.43,0.127659574468,0.460385438972,0.116279069767,/workspace/exp/useful_bd_push/t51_code_thought_front_slot_20260623_030540_UTC/hard_tuning/code_thought_front_slot_qd/seed_1001/openai_gpt-oss-120b/RTLLM/Prob049_signal_generator/Gen0/Prob049_signal_generator_sample5_initial,
code_thought_front_slot_qd,RTLLM,Prob049_signal_generator,sequential,0,c29091cb-af09-45a4-b81d-4a2d4c2f7693,initial,generation_log,0.234774694403,0.234774694403,82,0.00252,0.38,94,0.00467,0.43,0.127659574468,0.460385438972,0.116279069767,/workspace/exp/useful_bd_push/t51_code_thought_front_slot_20260623_030540_UTC/hard_tuning/code_thought_front_slot_qd/seed_1001/openai_gpt-oss-120b/RTLLM/Prob049_signal_generator/Gen0/Prob049_signal_generator_sample6_initial,
code_thought_front_slot_qd,RTLLM,Prob049_signal_generator,sequential,0,36d7e049-c38a-4a32-b318-f691a88a4e48,initial,generation_log,0.234774694403,0.234774694403,82,0.00252,0.38,94,0.00467,0.43,0.127659574468,0.460385438972,0.116279069767,/workspace/exp/useful_bd_push/t51_code_thought_front_slot_20260623_030540_UTC/hard_tuning/code_thought_front_slot_qd/seed_1001/openai_gpt-oss-120b/RTLLM/Prob049_signal_generator/Gen0/Prob049_signal_generator_sample7_initial,
code_thought_front_slot_qd,RTLLM,Prob049_signal_generator,sequential,0,0af8187c-2cdd-4bb6-a32c-e6fe244c900b,initial,generation_log,0.234774694403,0.234774694403,82,0.00252,0.38,94,0.00467,0.43,0.127659574468,0.460385438972,0.116279069767,/workspace/exp/useful_bd_push/t51_code_thought_front_slot_20260623_030540_UTC/hard_tuning/code_thought_front_slot_qd/seed_1001/openai_gpt-oss-120b/RTLLM/Prob049_signal_generator/Gen0/Prob049_signal_generator_sample8_initial,
code_thought_front_slot_qd,RTLLM,Prob049_signal_generator,sequential,0,333a785f-1fee-403e-b5ed-aac6465226ff,initial,generation_log,0.234774694403,0.234774694403,82,0.00252,0.38,94,0.00467,0.43,0.127659574468,0.460385438972,0.116279069767,/workspace/exp/useful_bd_push/t51_code_thought_front_slot_20260623_030540_UTC/hard_tuning/code_thought_front_slot_qd/seed_1001/openai_gpt-oss-120b/RTLLM/Prob049_signal_generator/Gen0/Prob049_signal_generator_sample12_initial,
code_thought_front_slot_qd,RTLLM,Prob049_signal_generator,sequential,1,2d7f1973-5b9c-49a2-ad6f-184b1cc4cb35,single_thought_operator,generation_log,0.234774694403,0.234774694403,82,0.00252,0.38,94,0.00467,0.43,0.127659574468,0.460385438972,0.116279069767,/workspace/exp/useful_bd_push/t51_code_thought_front_slot_20260623_030540_UTC/hard_tuning/code_thought_front_slot_qd/seed_1001/openai_gpt-oss-120b/RTLLM/Prob049_signal_generator/Gen1/Prob049_signal_generator_sample2_single_thought_operator,
code_thought_front_slot_qd,RTLLM,Prob049_signal_generator,sequential,1,5a664c45-c406-48d4-881d-95776a76d8fb,single_thought_operator,generation_log,0.234774694403,0.234774694403,82,0.00252,0.38,94,0.00467,0.43,0.127659574468,0.460385438972,0.116279069767,/workspace/exp/useful_bd_push/t51_code_thought_front_slot_20260623_030540_UTC/hard_tuning/code_thought_front_slot_qd/seed_1001/openai_gpt-oss-120b/RTLLM/Prob049_signal_generator/Gen1/Prob049_signal_generator_sample3_single_thought_operator,
code_thought_front_slot_qd,RTLLM,Prob049_signal_generator,sequential,1,8c48e8f8-0cda-48dc-a310-9d725c5c0cd5,single_thought_operator,generation_log,0.234774694403,0.234774694403,82,0.00252,0.38,94,0.00467,0.43,0.127659574468,0.460385438972,0.116279069767,/workspace/exp/useful_bd_push/t51_code_thought_front_slot_20260623_030540_UTC/hard_tuning/code_thought_front_slot_qd/seed_1001/openai_gpt-oss-120b/RTLLM/Prob049_signal_generator/Gen1/Prob049_signal_generator_sample4_single_thought_operator,
code_thought_front_slot_qd,RTLLM,Prob049_signal_generator,sequential,1,87dddb06-ee23-494c-88b4-af2a13599268,single_thought_operator,generation_log,0.234774694403,0.234774694403,82,0.00252,0.38,94,0.00467,0.43,0.127659574468,0.460385438972,0.116279069767,/workspace/exp/useful_bd_push/t51_code_thought_front_slot_20260623_030540_UTC/hard_tuning/code_thought_front_slot_qd/seed_1001/openai_gpt-oss-120b/RTLLM/Prob049_signal_generator/Gen1/Prob049_signal_generator_sample5_single_thought_operator,
code_thought_front_slot_qd,RTLLM,Prob049_signal_generator,sequential,1,ac41e273-9861-4900-9729-70e95d884b76,single_thought_operator,generation_log,0.234774694403,0.234774694403,82,0.00252,0.38,94,0.00467,0.43,0.127659574468,0.460385438972,0.116279069767,/workspace/exp/useful_bd_push/t51_code_thought_front_slot_20260623_030540_UTC/hard_tuning/code_thought_front_slot_qd/seed_1001/openai_gpt-oss-120b/RTLLM/Prob049_signal_generator/Gen1/Prob049_signal_generator_sample8_single_thought_operator,
code_thought_front_slot_qd,RTLLM,Prob049_signal_generator,sequential,1,f33e7558-0891-4314-9d8e-1efd0d1e7e9c,single_thought_operator,generation_log,0.234774694403,0.234774694403,82,0.00252,0.38,94,0.00467,0.43,0.127659574468,0.460385438972,0.116279069767,/workspace/exp/useful_bd_push/t51_code_thought_front_slot_20260623_030540_UTC/hard_tuning/code_thought_front_slot_qd/seed_1001/openai_gpt-oss-120b/RTLLM/Prob049_signal_generator/Gen1/Prob049_signal_generator_sample9_single_thought_operator,
code_thought_front_slot_qd,RTLLM,Prob049_signal_generator,sequential,1,c2ad3916-c11b-4d45-975c-241a3d43e568,single_thought_operator,generation_log,0.234774694403,0.234774694403,82,0.00252,0.38,94,0.00467,0.43,0.127659574468,0.460385438972,0.116279069767,/workspace/exp/useful_bd_push/t51_code_thought_front_slot_20260623_030540_UTC/hard_tuning/code_thought_front_slot_qd/seed_1001/openai_gpt-oss-120b/RTLLM/Prob049_signal_generator/Gen1/Prob049_signal_generator_sample10_single_thought_operator,
code_thought_front_slot_qd,RTLLM,Prob049_signal_generator,sequential,1,75987d2e-bbd9-492d-81f6-14e20408e266,single_thought_operator,generation_log,0.234774694403,0.234774694403,82,0.00252,0.38,94,0.00467,0.43,0.127659574468,0.460385438972,0.116279069767,/workspace/exp/useful_bd_push/t51_code_thought_front_slot_20260623_030540_UTC/hard_tuning/code_thought_front_slot_qd/seed_1001/openai_gpt-oss-120b/RTLLM/Prob049_signal_generator/Gen1/Prob049_signal_generator_sample11_single_thought_operator,
code_thought_front_slot_qd,RTLLM,Prob049_signal_generator,sequential,2,49f1365b-3175-4ce1-b825-50eb68b525a8,single_thought_operator,generation_log,0.234774694403,0.234774694403,82,0.00252,0.38,94,0.00467,0.43,0.127659574468,0.460385438972,0.116279069767,/workspace/exp/useful_bd_push/t51_code_thought_front_slot_20260623_030540_UTC/hard_tuning/code_thought_front_slot_qd/seed_1001/openai_gpt-oss-120b/RTLLM/Prob049_signal_generator/Gen2/Prob049_signal_generator_sample1_single_thought_operator,
code_thought_front_slot_qd,RTLLM,Prob049_signal_generator,sequential,2,aab709e8-e830-4164-ad19-49ea755b85fa,single_thought_operator,generation_log,0.234774694403,0.234774694403,82,0.00252,0.38,94,0.00467,0.43,0.127659574468,0.460385438972,0.116279069767,/workspace/exp/useful_bd_push/t51_code_thought_front_slot_20260623_030540_UTC/hard_tuning/code_thought_front_slot_qd/seed_1001/openai_gpt-oss-120b/RTLLM/Prob049_signal_generator/Gen2/Prob049_signal_generator_sample2_single_thought_operator,
code_thought_front_slot_qd,RTLLM,Prob049_signal_generator,sequential,2,0e6c2eda-fbdc-4b3c-aaea-89d0d73d80b4,single_thought_operator,generation_log,0.234774694403,0.234774694403,82,0.00252,0.38,94,0.00467,0.43,0.127659574468,0.460385438972,0.116279069767,/workspace/exp/useful_bd_push/t51_code_thought_front_slot_20260623_030540_UTC/hard_tuning/code_thought_front_slot_qd/seed_1001/openai_gpt-oss-120b/RTLLM/Prob049_signal_generator/Gen2/Prob049_signal_generator_sample4_single_thought_operator,
code_thought_front_slot_qd,RTLLM,Prob049_signal_generator,sequential,2,6121532e-1473-41f3-a8ea-e90708e624bb,single_thought_operator,generation_log,0.234774694403,0.234774694403,82,0.00252,0.38,94,0.00467,0.43,0.127659574468,0.460385438972,0.116279069767,/workspace/exp/useful_bd_push/t51_code_thought_front_slot_20260623_030540_UTC/hard_tuning/code_thought_front_slot_qd/seed_1001/openai_gpt-oss-120b/RTLLM/Prob049_signal_generator/Gen2/Prob049_signal_generator_sample6_single_thought_operator,
code_thought_front_slot_qd,RTLLM,Prob049_signal_generator,sequential,2,375f8535-8d20-49e3-a391-dc989eaf3725,single_thought_operator,generation_log,0.234774694403,0.234774694403,82,0.00252,0.38,94,0.00467,0.43,0.127659574468,0.460385438972,0.116279069767,/workspace/exp/useful_bd_push/t51_code_thought_front_slot_20260623_030540_UTC/hard_tuning/code_thought_front_slot_qd/seed_1001/openai_gpt-oss-120b/RTLLM/Prob049_signal_generator/Gen2/Prob049_signal_generator_sample7_single_thought_operator,
code_thought_front_slot_qd,RTLLM,Prob049_signal_generator,sequential,2,e5bd84bd-3939-409e-86f4-ad5c317bf25a,single_thought_operator,generation_log,0.234774694403,0.234774694403,82,0.00252,0.38,94,0.00467,0.43,0.127659574468,0.460385438972,0.116279069767,/workspace/exp/useful_bd_push/t51_code_thought_front_slot_20260623_030540_UTC/hard_tuning/code_thought_front_slot_qd/seed_1001/openai_gpt-oss-120b/RTLLM/Prob049_signal_generator/Gen2/Prob049_signal_generator_sample9_single_thought_operator,
code_thought_front_slot_qd,RTLLM,Prob049_signal_generator,sequential,2,b4e201da-4fa5-4508-81d2-4210fee4042f,single_thought_operator,generation_log,0.234774694403,0.234774694403,82,0.00252,0.38,94,0.00467,0.43,0.127659574468,0.460385438972,0.116279069767,/workspace/exp/useful_bd_push/t51_code_thought_front_slot_20260623_030540_UTC/hard_tuning/code_thought_front_slot_qd/seed_1001/openai_gpt-oss-120b/RTLLM/Prob049_signal_generator/Gen2/Prob049_signal_generator_sample10_single_thought_operator,
code_thought_front_slot_qd,RTLLM,Prob049_signal_generator,sequential,2,ac108de9-cb6a-46db-a8c9-94e1b795523a,single_thought_operator,generation_log,0.234774694403,0.234774694403,82,0.00252,0.38,94,0.00467,0.43,0.127659574468,0.460385438972,0.116279069767,/workspace/exp/useful_bd_push/t51_code_thought_front_slot_20260623_030540_UTC/hard_tuning/code_thought_front_slot_qd/seed_1001/openai_gpt-oss-120b/RTLLM/Prob049_signal_generator/Gen2/Prob049_signal_generator_sample12_single_thought_operator,
code_thought_front_slot_qd,RTLLM,Prob049_signal_generator,sequential,3,1a71e058-33cb-4c95-98d3-3755c1af8b8d,single_thought_operator,generation_log,0.207437714137,0.207437714137,77,0.00326,0.37,94,0.00467,0.43,0.18085106383,0.301927194861,0.139534883721,/workspace/exp/useful_bd_push/t51_code_thought_front_slot_20260623_030540_UTC/hard_tuning/code_thought_front_slot_qd/seed_1001/openai_gpt-oss-120b/RTLLM/Prob049_signal_generator/Gen3/Prob049_signal_generator_sample1_single_thought_operator,
code_thought_front_slot_qd,RTLLM,Prob049_signal_generator,sequential,3,63961eba-473b-4819-bbd6-08c0efc40d5c,single_thought_operator,generation_log,0.234774694403,0.234774694403,82,0.00252,0.38,94,0.00467,0.43,0.127659574468,0.460385438972,0.116279069767,/workspace/exp/useful_bd_push/t51_code_thought_front_slot_20260623_030540_UTC/hard_tuning/code_thought_front_slot_qd/seed_1001/openai_gpt-oss-120b/RTLLM/Prob049_signal_generator/Gen3/Prob049_signal_generator_sample2_single_thought_operator,
code_thought_front_slot_qd,RTLLM,Prob049_signal_generator,sequential,3,72a9cf46-4efa-489e-a3e4-eee797edb870,single_thought_operator,generation_log,0.234774694403,0.234774694403,82,0.00252,0.38,94,0.00467,0.43,0.127659574468,0.460385438972,0.116279069767,/workspace/exp/useful_bd_push/t51_code_thought_front_slot_20260623_030540_UTC/hard_tuning/code_thought_front_slot_qd/seed_1001/openai_gpt-oss-120b/RTLLM/Prob049_signal_generator/Gen3/Prob049_signal_generator_sample3_single_thought_operator,
code_thought_front_slot_qd,RTLLM,Prob049_signal_generator,sequential,3,1c53f138-c7fa-4b84-8fcc-e608733d19e2,single_thought_operator,generation_log,0.234774694403,0.234774694403,82,0.00252,0.38,94,0.00467,0.43,0.127659574468,0.460385438972,0.116279069767,/workspace/exp/useful_bd_push/t51_code_thought_front_slot_20260623_030540_UTC/hard_tuning/code_thought_front_slot_qd/seed_1001/openai_gpt-oss-120b/RTLLM/Prob049_signal_generator/Gen3/Prob049_signal_generator_sample5_single_thought_operator,
code_thought_front_slot_qd,RTLLM,Prob049_signal_generator,sequential,3,2a07fb0b-4c02-4f03-9a8b-ebd8e3ba1c4b,single_thought_operator,generation_log,0.234774694403,0.234774694403,82,0.00252,0.38,94,0.00467,0.43,0.127659574468,0.460385438972,0.116279069767,/workspace/exp/useful_bd_push/t51_code_thought_front_slot_20260623_030540_UTC/hard_tuning/code_thought_front_slot_qd/seed_1001/openai_gpt-oss-120b/RTLLM/Prob049_signal_generator/Gen3/Prob049_signal_generator_sample6_single_thought_operator,
code_thought_front_slot_qd,RTLLM,Prob049_signal_generator,sequential,3,686fa81c-4e2b-440b-94a9-8057025634d8,single_thought_operator,generation_log,0.234774694403,0.234774694403,82,0.00252,0.38,94,0.00467,0.43,0.127659574468,0.460385438972,0.116279069767,/workspace/exp/useful_bd_push/t51_code_thought_front_slot_20260623_030540_UTC/hard_tuning/code_thought_front_slot_qd/seed_1001/openai_gpt-oss-120b/RTLLM/Prob049_signal_generator/Gen3/Prob049_signal_generator_sample7_single_thought_operator,
code_thought_front_slot_qd,RTLLM,Prob049_signal_generator,sequential,3,657118b8-ac1f-4b17-a538-2a1fba00a9dc,single_thought_operator,generation_log,0.234774694403,0.234774694403,82,0.00252,0.38,94,0.00467,0.43,0.127659574468,0.460385438972,0.116279069767,/workspace/exp/useful_bd_push/t51_code_thought_front_slot_20260623_030540_UTC/hard_tuning/code_thought_front_slot_qd/seed_1001/openai_gpt-oss-120b/RTLLM/Prob049_signal_generator/Gen3/Prob049_signal_generator_sample8_single_thought_operator,
code_thought_front_slot_qd,RTLLM,Prob049_signal_generator,sequential,3,07a8b172-cae3-403b-af99-36132abbdeb4,single_thought_operator,generation_log,0.234774694403,0.234774694403,82,0.00252,0.38,94,0.00467,0.43,0.127659574468,0.460385438972,0.116279069767,/workspace/exp/useful_bd_push/t51_code_thought_front_slot_20260623_030540_UTC/hard_tuning/code_thought_front_slot_qd/seed_1001/openai_gpt-oss-120b/RTLLM/Prob049_signal_generator/Gen3/Prob049_signal_generator_sample9_single_thought_operator,
code_thought_front_slot_qd,RTLLM,Prob049_signal_generator,sequential,3,5cf567ad-2662-4a5d-8f73-54caa82fe94d,single_thought_operator,generation_log,0.234774694403,0.234774694403,82,0.00252,0.38,94,0.00467,0.43,0.127659574468,0.460385438972,0.116279069767,/workspace/exp/useful_bd_push/t51_code_thought_front_slot_20260623_030540_UTC/hard_tuning/code_thought_front_slot_qd/seed_1001/openai_gpt-oss-120b/RTLLM/Prob049_signal_generator/Gen3/Prob049_signal_generator_sample10_single_thought_operator,
code_thought_front_slot_qd,RTLLM,Prob049_signal_generator,sequential,3,a0c56580-5f3b-4805-bcd6-0cc3e89743a7,single_thought_operator,generation_log,0.234774694403,0.234774694403,82,0.00252,0.38,94,0.00467,0.43,0.127659574468,0.460385438972,0.116279069767,/workspace/exp/useful_bd_push/t51_code_thought_front_slot_20260623_030540_UTC/hard_tuning/code_thought_front_slot_qd/seed_1001/openai_gpt-oss-120b/RTLLM/Prob049_signal_generator/Gen3/Prob049_signal_generator_sample11_single_thought_operator,
code_thought_front_slot_qd,VerilogEval-Spec-to-RTL,Prob098_circuit7,combinational,0,3b8e9c3a-38b8-4720-be23-2923fead63d9,initial,generation_log,-0,0,5,0.000472,0,5,0.000472,0,0,0,0,/workspace/exp/useful_bd_push/t51_code_thought_front_slot_20260623_030540_UTC/hard_tuning/code_thought_front_slot_qd/seed_1001/openai_gpt-oss-120b/VerilogEval-Spec-to-RTL/Prob098_circuit7/Gen0/Prob098_circuit7_sample2_initial,
code_thought_front_slot_qd,VerilogEval-Spec-to-RTL,Prob098_circuit7,combinational,0,37e2a2b9-167b-4ed3-94fd-cc675a7d13b2,initial,generation_log,-0,0,5,0.000472,0,5,0.000472,0,0,0,0,/workspace/exp/useful_bd_push/t51_code_thought_front_slot_20260623_030540_UTC/hard_tuning/code_thought_front_slot_qd/seed_1001/openai_gpt-oss-120b/VerilogEval-Spec-to-RTL/Prob098_circuit7/Gen0/Prob098_circuit7_sample3_initial,
code_thought_front_slot_qd,VerilogEval-Spec-to-RTL,Prob098_circuit7,combinational,0,645a817f-b6e4-498f-9095-c1a7ec9e2a3f,initial,generation_log,-0,0,5,0.000472,0,5,0.000472,0,0,0,0,/workspace/exp/useful_bd_push/t51_code_thought_front_slot_20260623_030540_UTC/hard_tuning/code_thought_front_slot_qd/seed_1001/openai_gpt-oss-120b/VerilogEval-Spec-to-RTL/Prob098_circuit7/Gen0/Prob098_circuit7_sample6_initial,
code_thought_front_slot_qd,VerilogEval-Spec-to-RTL,Prob098_circuit7,combinational,0,8faedf2a-9728-4a4b-9716-bb376ad11791,initial,generation_log,-0,0,5,0.000472,0,5,0.000472,0,0,0,0,/workspace/exp/useful_bd_push/t51_code_thought_front_slot_20260623_030540_UTC/hard_tuning/code_thought_front_slot_qd/seed_1001/openai_gpt-oss-120b/VerilogEval-Spec-to-RTL/Prob098_circuit7/Gen0/Prob098_circuit7_sample7_initial,
code_thought_front_slot_qd,VerilogEval-Spec-to-RTL,Prob098_circuit7,combinational,0,de190b7b-e308-4060-8896-217dbccb0f54,initial,generation_log,-0,0,5,0.000472,0,5,0.000472,0,0,0,0,/workspace/exp/useful_bd_push/t51_code_thought_front_slot_20260623_030540_UTC/hard_tuning/code_thought_front_slot_qd/seed_1001/openai_gpt-oss-120b/VerilogEval-Spec-to-RTL/Prob098_circuit7/Gen0/Prob098_circuit7_sample8_initial,
code_thought_front_slot_qd,VerilogEval-Spec-to-RTL,Prob098_circuit7,combinational,0,03fa4623-5792-4264-8c56-3772910f986b,initial,generation_log,-0,0,5,0.000472,0,5,0.000472,0,0,0,0,/workspace/exp/useful_bd_push/t51_code_thought_front_slot_20260623_030540_UTC/hard_tuning/code_thought_front_slot_qd/seed_1001/openai_gpt-oss-120b/VerilogEval-Spec-to-RTL/Prob098_circuit7/Gen0/Prob098_circuit7_sample9_initial,
code_thought_front_slot_qd,VerilogEval-Spec-to-RTL,Prob098_circuit7,combinational,0,cf4a9bd2-2bb2-45e0-81f8-723ebb7d8a40,initial,generation_log,0.0120056497175,0.0180084745763,5,0.000455,0,5,0.000472,0,0,0.0360169491525,0,/workspace/exp/useful_bd_push/t51_code_thought_front_slot_20260623_030540_UTC/hard_tuning/code_thought_front_slot_qd/seed_1001/openai_gpt-oss-120b/VerilogEval-Spec-to-RTL/Prob098_circuit7/Gen0/Prob098_circuit7_sample10_initial,
code_thought_front_slot_qd,VerilogEval-Spec-to-RTL,Prob098_circuit7,combinational,0,11e989e0-2c86-4733-88fd-b29bfbca9d5c,initial,generation_log,-0,0,5,0.000472,0,5,0.000472,0,0,0,0,/workspace/exp/useful_bd_push/t51_code_thought_front_slot_20260623_030540_UTC/hard_tuning/code_thought_front_slot_qd/seed_1001/openai_gpt-oss-120b/VerilogEval-Spec-to-RTL/Prob098_circuit7/Gen0/Prob098_circuit7_sample11_initial,
code_thought_front_slot_qd,VerilogEval-Spec-to-RTL,Prob098_circuit7,combinational,1,c5dd2bf5-63b2-4256-be1f-57e7b8cd2f86,initial,generation_log,-0,0,5,0.000472,0,5,0.000472,0,0,0,0,/workspace/exp/useful_bd_push/t51_code_thought_front_slot_20260623_030540_UTC/hard_tuning/code_thought_front_slot_qd/seed_1001/openai_gpt-oss-120b/VerilogEval-Spec-to-RTL/Prob098_circuit7/Gen1/Prob098_circuit7_sample1_initial,
code_thought_front_slot_qd,VerilogEval-Spec-to-RTL,Prob098_circuit7,combinational,1,edf5e377-f4c2-4a54-97d5-2df10ec98858,single_thought_operator,generation_log,-0,0,5,0.000472,0,5,0.000472,0,0,0,0,/workspace/exp/useful_bd_push/t51_code_thought_front_slot_20260623_030540_UTC/hard_tuning/code_thought_front_slot_qd/seed_1001/openai_gpt-oss-120b/VerilogEval-Spec-to-RTL/Prob098_circuit7/Gen1/Prob098_circuit7_sample1_single_thought_operator,
code_thought_front_slot_qd,VerilogEval-Spec-to-RTL,Prob098_circuit7,combinational,1,93f0a21b-8394-414d-88ce-1ace701e31e2,single_thought_operator,generation_log,-0,0,5,0.000472,0,5,0.000472,0,0,0,0,/workspace/exp/useful_bd_push/t51_code_thought_front_slot_20260623_030540_UTC/hard_tuning/code_thought_front_slot_qd/seed_1001/openai_gpt-oss-120b/VerilogEval-Spec-to-RTL/Prob098_circuit7/Gen1/Prob098_circuit7_sample4_single_thought_operator,
code_thought_front_slot_qd,VerilogEval-Spec-to-RTL,Prob098_circuit7,combinational,1,fa689b69-c665-4d90-abca-78124349f254,single_thought_operator,generation_log,0.0120056497175,0.0180084745763,5,0.000455,0,5,0.000472,0,0,0.0360169491525,0,/workspace/exp/useful_bd_push/t51_code_thought_front_slot_20260623_030540_UTC/hard_tuning/code_thought_front_slot_qd/seed_1001/openai_gpt-oss-120b/VerilogEval-Spec-to-RTL/Prob098_circuit7/Gen1/Prob098_circuit7_sample6_single_thought_operator,
code_thought_front_slot_qd,VerilogEval-Spec-to-RTL,Prob098_circuit7,combinational,1,d27715c5-b4dd-48b1-b482-b0c2426e8ea1,single_thought_operator,generation_log,0.0120056497175,0.0180084745763,5,0.000455,0,5,0.000472,0,0,0.0360169491525,0,/workspace/exp/useful_bd_push/t51_code_thought_front_slot_20260623_030540_UTC/hard_tuning/code_thought_front_slot_qd/seed_1001/openai_gpt-oss-120b/VerilogEval-Spec-to-RTL/Prob098_circuit7/Gen1/Prob098_circuit7_sample10_single_thought_operator,
code_thought_front_slot_qd,VerilogEval-Spec-to-RTL,Prob098_circuit7,combinational,1,0c0f436e-52c5-45ae-9fd4-7fb0be2290fe,single_thought_operator,generation_log,0.0120056497175,0.0180084745763,5,0.000455,0,5,0.000472,0,0,0.0360169491525,0,/workspace/exp/useful_bd_push/t51_code_thought_front_slot_20260623_030540_UTC/hard_tuning/code_thought_front_slot_qd/seed_1001/openai_gpt-oss-120b/VerilogEval-Spec-to-RTL/Prob098_circuit7/Gen1/Prob098_circuit7_sample11_single_thought_operator,
code_thought_front_slot_qd,VerilogEval-Spec-to-RTL,Prob098_circuit7,combinational,2,7461da3a-282e-44ea-89ca-9812847ba83c,single_thought_operator,generation_log,0.0120056497175,0.0180084745763,5,0.000455,0,5,0.000472,0,0,0.0360169491525,0,/workspace/exp/useful_bd_push/t51_code_thought_front_slot_20260623_030540_UTC/hard_tuning/code_thought_front_slot_qd/seed_1001/openai_gpt-oss-120b/VerilogEval-Spec-to-RTL/Prob098_circuit7/Gen2/Prob098_circuit7_sample3_single_thought_operator,
code_thought_front_slot_qd,VerilogEval-Spec-to-RTL,Prob098_circuit7,combinational,2,0d906925-0e0d-4982-b53e-a1e8303b2a4a,single_thought_operator,generation_log,0.0120056497175,0.0180084745763,5,0.000455,0,5,0.000472,0,0,0.0360169491525,0,/workspace/exp/useful_bd_push/t51_code_thought_front_slot_20260623_030540_UTC/hard_tuning/code_thought_front_slot_qd/seed_1001/openai_gpt-oss-120b/VerilogEval-Spec-to-RTL/Prob098_circuit7/Gen2/Prob098_circuit7_sample4_single_thought_operator,
code_thought_front_slot_qd,VerilogEval-Spec-to-RTL,Prob098_circuit7,combinational,2,8d845d85-90e3-4c3a-9f84-7b100e9bb5f5,single_thought_operator,generation_log,0.0120056497175,0.0180084745763,5,0.000455,0,5,0.000472,0,0,0.0360169491525,0,/workspace/exp/useful_bd_push/t51_code_thought_front_slot_20260623_030540_UTC/hard_tuning/code_thought_front_slot_qd/seed_1001/openai_gpt-oss-120b/VerilogEval-Spec-to-RTL/Prob098_circuit7/Gen2/Prob098_circuit7_sample6_single_thought_operator,
code_thought_front_slot_qd,VerilogEval-Spec-to-RTL,Prob098_circuit7,combinational,2,cb8423de-f2e6-4cfc-b6cc-39277a637d68,single_thought_operator,generation_log,0.0120056497175,0.0180084745763,5,0.000455,0,5,0.000472,0,0,0.0360169491525,0,/workspace/exp/useful_bd_push/t51_code_thought_front_slot_20260623_030540_UTC/hard_tuning/code_thought_front_slot_qd/seed_1001/openai_gpt-oss-120b/VerilogEval-Spec-to-RTL/Prob098_circuit7/Gen2/Prob098_circuit7_sample9_single_thought_operator,
code_thought_front_slot_qd,VerilogEval-Spec-to-RTL,Prob098_circuit7,combinational,2,dfe9da3d-ecfb-4e33-9cff-447a7a61f64c,single_thought_operator,generation_log,0.0120056497175,0.0180084745763,5,0.000455,0,5,0.000472,0,0,0.0360169491525,0,/workspace/exp/useful_bd_push/t51_code_thought_front_slot_20260623_030540_UTC/hard_tuning/code_thought_front_slot_qd/seed_1001/openai_gpt-oss-120b/VerilogEval-Spec-to-RTL/Prob098_circuit7/Gen2/Prob098_circuit7_sample10_single_thought_operator,
code_thought_front_slot_qd,VerilogEval-Spec-to-RTL,Prob098_circuit7,combinational,2,b84d3c6a-88c4-40ed-b297-662ab2900e5d,single_thought_operator,generation_log,0.0120056497175,0.0180084745763,5,0.000455,0,5,0.000472,0,0,0.0360169491525,0,/workspace/exp/useful_bd_push/t51_code_thought_front_slot_20260623_030540_UTC/hard_tuning/code_thought_front_slot_qd/seed_1001/openai_gpt-oss-120b/VerilogEval-Spec-to-RTL/Prob098_circuit7/Gen2/Prob098_circuit7_sample11_single_thought_operator,
code_thought_front_slot_qd,VerilogEval-Spec-to-RTL,Prob098_circuit7,combinational,3,9f55aa4a-342d-4f47-ac4d-9e837d2c3ee9,single_thought_operator,generation_log,0.0120056497175,0.0180084745763,5,0.000455,0,5,0.000472,0,0,0.0360169491525,0,/workspace/exp/useful_bd_push/t51_code_thought_front_slot_20260623_030540_UTC/hard_tuning/code_thought_front_slot_qd/seed_1001/openai_gpt-oss-120b/VerilogEval-Spec-to-RTL/Prob098_circuit7/Gen3/Prob098_circuit7_sample3_single_thought_operator,
code_thought_front_slot_qd,VerilogEval-Spec-to-RTL,Prob098_circuit7,combinational,3,18aa3092-8a6e-45d0-b463-2aeccd948071,single_thought_operator,generation_log,0.0120056497175,0.0180084745763,5,0.000455,0,5,0.000472,0,0,0.0360169491525,0,/workspace/exp/useful_bd_push/t51_code_thought_front_slot_20260623_030540_UTC/hard_tuning/code_thought_front_slot_qd/seed_1001/openai_gpt-oss-120b/VerilogEval-Spec-to-RTL/Prob098_circuit7/Gen3/Prob098_circuit7_sample4_single_thought_operator,
code_thought_front_slot_qd,VerilogEval-Spec-to-RTL,Prob098_circuit7,combinational,3,c5c92b57-0a4c-4724-832d-604058e08443,single_thought_operator,generation_log,0.0120056497175,0.0180084745763,5,0.000455,0,5,0.000472,0,0,0.0360169491525,0,/workspace/exp/useful_bd_push/t51_code_thought_front_slot_20260623_030540_UTC/hard_tuning/code_thought_front_slot_qd/seed_1001/openai_gpt-oss-120b/VerilogEval-Spec-to-RTL/Prob098_circuit7/Gen3/Prob098_circuit7_sample5_single_thought_operator,
code_thought_front_slot_qd,VerilogEval-Spec-to-RTL,Prob098_circuit7,combinational,3,9019460b-9563-4247-9f0e-cca262f9d1d4,single_thought_operator,generation_log,-0,0,5,0.000472,0,5,0.000472,0,0,0,0,/workspace/exp/useful_bd_push/t51_code_thought_front_slot_20260623_030540_UTC/hard_tuning/code_thought_front_slot_qd/seed_1001/openai_gpt-oss-120b/VerilogEval-Spec-to-RTL/Prob098_circuit7/Gen3/Prob098_circuit7_sample7_single_thought_operator,
code_thought_front_slot_qd,VerilogEval-Spec-to-RTL,Prob098_circuit7,combinational,3,8f8f5456-4727-44be-b47a-c4684b0736dc,single_thought_operator,generation_log,0.0120056497175,0.0180084745763,5,0.000455,0,5,0.000472,0,0,0.0360169491525,0,/workspace/exp/useful_bd_push/t51_code_thought_front_slot_20260623_030540_UTC/hard_tuning/code_thought_front_slot_qd/seed_1001/openai_gpt-oss-120b/VerilogEval-Spec-to-RTL/Prob098_circuit7/Gen3/Prob098_circuit7_sample9_single_thought_operator,
code_thought_front_slot_qd,VerilogEval-Spec-to-RTL,Prob116_m2014_q3,combinational,0,f1511fed-daf5-4cbd-87a6-d35e51695fbd,initial,generation_log,0.465352331606,0.698028497409,3,7.61e-07,0,5,0.000193,0,0.4,0.996056994819,0,/workspace/exp/useful_bd_push/t51_code_thought_front_slot_20260623_030540_UTC/hard_tuning/code_thought_front_slot_qd/seed_1001/openai_gpt-oss-120b/VerilogEval-Spec-to-RTL/Prob116_m2014_q3/Gen0/Prob116_m2014_q3_sample1_initial,
code_thought_front_slot_qd,VerilogEval-Spec-to-RTL,Prob116_m2014_q3,combinational,0,33cf7b71-10df-4df3-a037-e3e593cfa0d9,initial,generation_log,0.465352331606,0.698028497409,3,7.61e-07,0,5,0.000193,0,0.4,0.996056994819,0,/workspace/exp/useful_bd_push/t51_code_thought_front_slot_20260623_030540_UTC/hard_tuning/code_thought_front_slot_qd/seed_1001/openai_gpt-oss-120b/VerilogEval-Spec-to-RTL/Prob116_m2014_q3/Gen0/Prob116_m2014_q3_sample6_initial,
code_thought_front_slot_qd,VerilogEval-Spec-to-RTL,Prob116_m2014_q3,combinational,0,faed92d7-de89-4c36-b9b0-f8d94a7893e9,initial,generation_log,0.464369602763,0.696554404145,3,1.33e-06,0,5,0.000193,0,0.4,0.99310880829,0,/workspace/exp/useful_bd_push/t51_code_thought_front_slot_20260623_030540_UTC/hard_tuning/code_thought_front_slot_qd/seed_1001/openai_gpt-oss-120b/VerilogEval-Spec-to-RTL/Prob116_m2014_q3/Gen0/Prob116_m2014_q3_sample7_initial,
code_thought_front_slot_qd,VerilogEval-Spec-to-RTL,Prob116_m2014_q3,combinational,0,56597094-0c77-44c8-a8c1-489bc32f4caa,initial,generation_log,0.396908462867,0.595362694301,4,1.79e-06,0,5,0.000193,0,0.2,0.990725388601,0,/workspace/exp/useful_bd_push/t51_code_thought_front_slot_20260623_030540_UTC/hard_tuning/code_thought_front_slot_qd/seed_1001/openai_gpt-oss-120b/VerilogEval-Spec-to-RTL/Prob116_m2014_q3/Gen0/Prob116_m2014_q3_sample10_initial,
code_thought_front_slot_qd,VerilogEval-Spec-to-RTL,Prob116_m2014_q3,combinational,0,bb26c3be-3027-4788-9f4b-acd6eb35cd19,initial,generation_log,0.396908462867,0.595362694301,4,1.79e-06,0,5,0.000193,0,0.2,0.990725388601,0,/workspace/exp/useful_bd_push/t51_code_thought_front_slot_20260623_030540_UTC/hard_tuning/code_thought_front_slot_qd/seed_1001/openai_gpt-oss-120b/VerilogEval-Spec-to-RTL/Prob116_m2014_q3/Gen0/Prob116_m2014_q3_sample11_initial,
code_thought_front_slot_qd,VerilogEval-Spec-to-RTL,Prob116_m2014_q3,combinational,0,7c5e178a-2f92-4e3b-b334-ee453516deff,initial,generation_log,0.330535405872,0.495803108808,5,1.62e-06,0,5,0.000193,0,0,0.991606217617,0,/workspace/exp/useful_bd_push/t51_code_thought_front_slot_20260623_030540_UTC/hard_tuning/code_thought_front_slot_qd/seed_1001/openai_gpt-oss-120b/VerilogEval-Spec-to-RTL/Prob116_m2014_q3/Gen0/Prob116_m2014_q3_sample12_initial,
code_thought_front_slot_qd,VerilogEval-Spec-to-RTL,Prob116_m2014_q3,combinational,1,72302610-c0e9-4e9c-8d1f-9baecffc7751,initial,generation_log,0.465352331606,0.698028497409,3,7.61e-07,0,5,0.000193,0,0.4,0.996056994819,0,/workspace/exp/useful_bd_push/t51_code_thought_front_slot_20260623_030540_UTC/hard_tuning/code_thought_front_slot_qd/seed_1001/openai_gpt-oss-120b/VerilogEval-Spec-to-RTL/Prob116_m2014_q3/Gen1/Prob116_m2014_q3_sample1_initial,
code_thought_front_slot_qd,VerilogEval-Spec-to-RTL,Prob116_m2014_q3,combinational,1,5a1cacb9-3f09-4070-87e8-7ad053dbdd47,initial,generation_log,0.465352331606,0.698028497409,3,7.61e-07,0,5,0.000193,0,0.4,0.996056994819,0,/workspace/exp/useful_bd_push/t51_code_thought_front_slot_20260623_030540_UTC/hard_tuning/code_thought_front_slot_qd/seed_1001/openai_gpt-oss-120b/VerilogEval-Spec-to-RTL/Prob116_m2014_q3/Gen1/Prob116_m2014_q3_sample2_initial,
code_thought_front_slot_qd,VerilogEval-Spec-to-RTL,Prob116_m2014_q3,combinational,1,1087e9eb-4c38-48ff-8d2a-1299cff5654a,single_thought_operator,generation_log,0.464369602763,0.696554404145,3,1.33e-06,0,5,0.000193,0,0.4,0.99310880829,0,/workspace/exp/useful_bd_push/t51_code_thought_front_slot_20260623_030540_UTC/hard_tuning/code_thought_front_slot_qd/seed_1001/openai_gpt-oss-120b/VerilogEval-Spec-to-RTL/Prob116_m2014_q3/Gen1/Prob116_m2014_q3_sample1_single_thought_operator,
code_thought_front_slot_qd,VerilogEval-Spec-to-RTL,Prob116_m2014_q3,combinational,1,2f1d68dd-b58d-42f7-beb4-4f41bac7baa3,single_thought_operator,generation_log,0.464369602763,0.696554404145,3,1.33e-06,0,5,0.000193,0,0.4,0.99310880829,0,/workspace/exp/useful_bd_push/t51_code_thought_front_slot_20260623_030540_UTC/hard_tuning/code_thought_front_slot_qd/seed_1001/openai_gpt-oss-120b/VerilogEval-Spec-to-RTL/Prob116_m2014_q3/Gen1/Prob116_m2014_q3_sample2_single_thought_operator,
code_thought_front_slot_qd,VerilogEval-Spec-to-RTL,Prob116_m2014_q3,combinational,1,47ad74e6-a581-484c-bf93-40c6c30639bb,single_thought_operator,generation_log,0.464369602763,0.696554404145,3,1.33e-06,0,5,0.000193,0,0.4,0.99310880829,0,/workspace/exp/useful_bd_push/t51_code_thought_front_slot_20260623_030540_UTC/hard_tuning/code_thought_front_slot_qd/seed_1001/openai_gpt-oss-120b/VerilogEval-Spec-to-RTL/Prob116_m2014_q3/Gen1/Prob116_m2014_q3_sample3_single_thought_operator,
code_thought_front_slot_qd,VerilogEval-Spec-to-RTL,Prob116_m2014_q3,combinational,1,e4e228ee-5fab-4f9f-a8eb-cd4e6988bfcb,single_thought_operator,generation_log,0.464369602763,0.696554404145,3,1.33e-06,0,5,0.000193,0,0.4,0.99310880829,0,/workspace/exp/useful_bd_push/t51_code_thought_front_slot_20260623_030540_UTC/hard_tuning/code_thought_front_slot_qd/seed_1001/openai_gpt-oss-120b/VerilogEval-Spec-to-RTL/Prob116_m2014_q3/Gen1/Prob116_m2014_q3_sample4_single_thought_operator,
code_thought_front_slot_qd,VerilogEval-Spec-to-RTL,Prob116_m2014_q3,combinational,1,4f7e7afd-d64d-496a-ac4e-ae09e301fab8,single_thought_operator,generation_log,0.464369602763,0.696554404145,3,1.33e-06,0,5,0.000193,0,0.4,0.99310880829,0,/workspace/exp/useful_bd_push/t51_code_thought_front_slot_20260623_030540_UTC/hard_tuning/code_thought_front_slot_qd/seed_1001/openai_gpt-oss-120b/VerilogEval-Spec-to-RTL/Prob116_m2014_q3/Gen1/Prob116_m2014_q3_sample5_single_thought_operator,
code_thought_front_slot_qd,VerilogEval-Spec-to-RTL,Prob116_m2014_q3,combinational,1,bd2252fb-a700-4ce0-b440-610802291208,single_thought_operator,generation_log,0.464369602763,0.696554404145,3,1.33e-06,0,5,0.000193,0,0.4,0.99310880829,0,/workspace/exp/useful_bd_push/t51_code_thought_front_slot_20260623_030540_UTC/hard_tuning/code_thought_front_slot_qd/seed_1001/openai_gpt-oss-120b/VerilogEval-Spec-to-RTL/Prob116_m2014_q3/Gen1/Prob116_m2014_q3_sample6_single_thought_operator,
code_thought_front_slot_qd,VerilogEval-Spec-to-RTL,Prob116_m2014_q3,combinational,1,b56596cf-b9d9-4be0-8fdf-63a1f1939094,single_thought_operator,generation_log,0.464369602763,0.696554404145,3,1.33e-06,0,5,0.000193,0,0.4,0.99310880829,0,/workspace/exp/useful_bd_push/t51_code_thought_front_slot_20260623_030540_UTC/hard_tuning/code_thought_front_slot_qd/seed_1001/openai_gpt-oss-120b/VerilogEval-Spec-to-RTL/Prob116_m2014_q3/Gen1/Prob116_m2014_q3_sample7_single_thought_operator,
code_thought_front_slot_qd,VerilogEval-Spec-to-RTL,Prob116_m2014_q3,combinational,1,c4b270d8-ce1b-4c96-a02d-10db347e3b10,single_thought_operator,generation_log,0.464369602763,0.696554404145,3,1.33e-06,0,5,0.000193,0,0.4,0.99310880829,0,/workspace/exp/useful_bd_push/t51_code_thought_front_slot_20260623_030540_UTC/hard_tuning/code_thought_front_slot_qd/seed_1001/openai_gpt-oss-120b/VerilogEval-Spec-to-RTL/Prob116_m2014_q3/Gen1/Prob116_m2014_q3_sample8_single_thought_operator,
code_thought_front_slot_qd,VerilogEval-Spec-to-RTL,Prob116_m2014_q3,combinational,1,839f02a2-1e6b-43c9-9500-e9efaa2e9032,single_thought_operator,generation_log,0.465352331606,0.698028497409,3,7.61e-07,0,5,0.000193,0,0.4,0.996056994819,0,/workspace/exp/useful_bd_push/t51_code_thought_front_slot_20260623_030540_UTC/hard_tuning/code_thought_front_slot_qd/seed_1001/openai_gpt-oss-120b/VerilogEval-Spec-to-RTL/Prob116_m2014_q3/Gen1/Prob116_m2014_q3_sample9_single_thought_operator,
code_thought_front_slot_qd,VerilogEval-Spec-to-RTL,Prob116_m2014_q3,combinational,1,33a4b581-3dde-495c-affe-a41908b7a8f6,single_thought_operator,generation_log,0.465352331606,0.698028497409,3,7.61e-07,0,5,0.000193,0,0.4,0.996056994819,0,/workspace/exp/useful_bd_push/t51_code_thought_front_slot_20260623_030540_UTC/hard_tuning/code_thought_front_slot_qd/seed_1001/openai_gpt-oss-120b/VerilogEval-Spec-to-RTL/Prob116_m2014_q3/Gen1/Prob116_m2014_q3_sample10_single_thought_operator,
code_thought_front_slot_qd,VerilogEval-Spec-to-RTL,Prob116_m2014_q3,combinational,2,d5c5a23d-79d9-49cd-8ee3-9f9e304a79c6,single_thought_operator,generation_log,0.464369602763,0.696554404145,3,1.33e-06,0,5,0.000193,0,0.4,0.99310880829,0,/workspace/exp/useful_bd_push/t51_code_thought_front_slot_20260623_030540_UTC/hard_tuning/code_thought_front_slot_qd/seed_1001/openai_gpt-oss-120b/VerilogEval-Spec-to-RTL/Prob116_m2014_q3/Gen2/Prob116_m2014_q3_sample1_single_thought_operator,
code_thought_front_slot_qd,VerilogEval-Spec-to-RTL,Prob116_m2014_q3,combinational,2,a8efda56-4f29-43b1-9f15-7d384d682445,single_thought_operator,generation_log,0.465352331606,0.698028497409,3,7.61e-07,0,5,0.000193,0,0.4,0.996056994819,0,/workspace/exp/useful_bd_push/t51_code_thought_front_slot_20260623_030540_UTC/hard_tuning/code_thought_front_slot_qd/seed_1001/openai_gpt-oss-120b/VerilogEval-Spec-to-RTL/Prob116_m2014_q3/Gen2/Prob116_m2014_q3_sample2_single_thought_operator,
code_thought_front_slot_qd,VerilogEval-Spec-to-RTL,Prob116_m2014_q3,combinational,2,1c873f23-5871-4d6f-9217-663c6dd84439,single_thought_operator,generation_log,0.465352331606,0.698028497409,3,7.61e-07,0,5,0.000193,0,0.4,0.996056994819,0,/workspace/exp/useful_bd_push/t51_code_thought_front_slot_20260623_030540_UTC/hard_tuning/code_thought_front_slot_qd/seed_1001/openai_gpt-oss-120b/VerilogEval-Spec-to-RTL/Prob116_m2014_q3/Gen2/Prob116_m2014_q3_sample3_single_thought_operator,
code_thought_front_slot_qd,VerilogEval-Spec-to-RTL,Prob116_m2014_q3,combinational,2,af1f2b3c-e59c-48c6-bbeb-794ac28f1695,single_thought_operator,generation_log,0.464369602763,0.696554404145,3,1.33e-06,0,5,0.000193,0,0.4,0.99310880829,0,/workspace/exp/useful_bd_push/t51_code_thought_front_slot_20260623_030540_UTC/hard_tuning/code_thought_front_slot_qd/seed_1001/openai_gpt-oss-120b/VerilogEval-Spec-to-RTL/Prob116_m2014_q3/Gen2/Prob116_m2014_q3_sample4_single_thought_operator,
code_thought_front_slot_qd,VerilogEval-Spec-to-RTL,Prob116_m2014_q3,combinational,2,4a2a5852-67bf-44b7-aba1-aa5064b5dce5,single_thought_operator,generation_log,0.464369602763,0.696554404145,3,1.33e-06,0,5,0.000193,0,0.4,0.99310880829,0,/workspace/exp/useful_bd_push/t51_code_thought_front_slot_20260623_030540_UTC/hard_tuning/code_thought_front_slot_qd/seed_1001/openai_gpt-oss-120b/VerilogEval-Spec-to-RTL/Prob116_m2014_q3/Gen2/Prob116_m2014_q3_sample5_single_thought_operator,
code_thought_front_slot_qd,VerilogEval-Spec-to-RTL,Prob116_m2014_q3,combinational,2,29b49bc0-eb18-46c5-b6e0-a4100be8a9aa,single_thought_operator,generation_log,0.464369602763,0.696554404145,3,1.33e-06,0,5,0.000193,0,0.4,0.99310880829,0,/workspace/exp/useful_bd_push/t51_code_thought_front_slot_20260623_030540_UTC/hard_tuning/code_thought_front_slot_qd/seed_1001/openai_gpt-oss-120b/VerilogEval-Spec-to-RTL/Prob116_m2014_q3/Gen2/Prob116_m2014_q3_sample6_single_thought_operator,
code_thought_front_slot_qd,VerilogEval-Spec-to-RTL,Prob116_m2014_q3,combinational,2,8130ea23-526c-4dd1-b326-d0c980a39b6f,single_thought_operator,generation_log,0.464369602763,0.696554404145,3,1.33e-06,0,5,0.000193,0,0.4,0.99310880829,0,/workspace/exp/useful_bd_push/t51_code_thought_front_slot_20260623_030540_UTC/hard_tuning/code_thought_front_slot_qd/seed_1001/openai_gpt-oss-120b/VerilogEval-Spec-to-RTL/Prob116_m2014_q3/Gen2/Prob116_m2014_q3_sample8_single_thought_operator,
code_thought_front_slot_qd,VerilogEval-Spec-to-RTL,Prob116_m2014_q3,combinational,2,6c43f16a-3ccf-4231-9fdd-269022819507,single_thought_operator,generation_log,0.465352331606,0.698028497409,3,7.61e-07,0,5,0.000193,0,0.4,0.996056994819,0,/workspace/exp/useful_bd_push/t51_code_thought_front_slot_20260623_030540_UTC/hard_tuning/code_thought_front_slot_qd/seed_1001/openai_gpt-oss-120b/VerilogEval-Spec-to-RTL/Prob116_m2014_q3/Gen2/Prob116_m2014_q3_sample9_single_thought_operator,
code_thought_front_slot_qd,VerilogEval-Spec-to-RTL,Prob116_m2014_q3,combinational,2,b278b94c-bb2d-4d0f-b809-2c5074d6855a,single_thought_operator,generation_log,0.464369602763,0.696554404145,3,1.33e-06,0,5,0.000193,0,0.4,0.99310880829,0,/workspace/exp/useful_bd_push/t51_code_thought_front_slot_20260623_030540_UTC/hard_tuning/code_thought_front_slot_qd/seed_1001/openai_gpt-oss-120b/VerilogEval-Spec-to-RTL/Prob116_m2014_q3/Gen2/Prob116_m2014_q3_sample10_single_thought_operator,
code_thought_front_slot_qd,VerilogEval-Spec-to-RTL,Prob116_m2014_q3,combinational,3,98a61067-5aa2-40cc-95c2-1c954a9c6360,initial,generation_log,0.464369602763,0.696554404145,3,1.33e-06,0,5,0.000193,0,0.4,0.99310880829,0,/workspace/exp/useful_bd_push/t51_code_thought_front_slot_20260623_030540_UTC/hard_tuning/code_thought_front_slot_qd/seed_1001/openai_gpt-oss-120b/VerilogEval-Spec-to-RTL/Prob116_m2014_q3/Gen3/Prob116_m2014_q3_sample1_initial,
code_thought_front_slot_qd,VerilogEval-Spec-to-RTL,Prob116_m2014_q3,combinational,3,02986a60-5a29-4152-90ce-8ee7d05ca50b,single_thought_operator,generation_log,0.464369602763,0.696554404145,3,1.33e-06,0,5,0.000193,0,0.4,0.99310880829,0,/workspace/exp/useful_bd_push/t51_code_thought_front_slot_20260623_030540_UTC/hard_tuning/code_thought_front_slot_qd/seed_1001/openai_gpt-oss-120b/VerilogEval-Spec-to-RTL/Prob116_m2014_q3/Gen3/Prob116_m2014_q3_sample2_single_thought_operator,
code_thought_front_slot_qd,VerilogEval-Spec-to-RTL,Prob116_m2014_q3,combinational,3,fd970343-7c1b-4243-83a3-ed5db67a25d4,single_thought_operator,generation_log,0.464369602763,0.696554404145,3,1.33e-06,0,5,0.000193,0,0.4,0.99310880829,0,/workspace/exp/useful_bd_push/t51_code_thought_front_slot_20260623_030540_UTC/hard_tuning/code_thought_front_slot_qd/seed_1001/openai_gpt-oss-120b/VerilogEval-Spec-to-RTL/Prob116_m2014_q3/Gen3/Prob116_m2014_q3_sample3_single_thought_operator,
code_thought_front_slot_qd,VerilogEval-Spec-to-RTL,Prob116_m2014_q3,combinational,3,5f66934d-ef23-4e9c-9fd2-e84c526504f3,single_thought_operator,generation_log,0.464369602763,0.696554404145,3,1.33e-06,0,5,0.000193,0,0.4,0.99310880829,0,/workspace/exp/useful_bd_push/t51_code_thought_front_slot_20260623_030540_UTC/hard_tuning/code_thought_front_slot_qd/seed_1001/openai_gpt-oss-120b/VerilogEval-Spec-to-RTL/Prob116_m2014_q3/Gen3/Prob116_m2014_q3_sample5_single_thought_operator,
code_thought_front_slot_qd,VerilogEval-Spec-to-RTL,Prob116_m2014_q3,combinational,3,9ab42962-50ce-437a-80f8-1320781b4662,single_thought_operator,generation_log,0.396908462867,0.595362694301,4,1.79e-06,0,5,0.000193,0,0.2,0.990725388601,0,/workspace/exp/useful_bd_push/t51_code_thought_front_slot_20260623_030540_UTC/hard_tuning/code_thought_front_slot_qd/seed_1001/openai_gpt-oss-120b/VerilogEval-Spec-to-RTL/Prob116_m2014_q3/Gen3/Prob116_m2014_q3_sample8_single_thought_operator,
code_thought_front_slot_qd,VerilogEval-Spec-to-RTL,Prob116_m2014_q3,combinational,3,f338bdb9-5ba0-4563-a567-865c31c574ce,single_thought_operator,generation_log,0.396908462867,0.595362694301,4,1.79e-06,0,5,0.000193,0,0.2,0.990725388601,0,/workspace/exp/useful_bd_push/t51_code_thought_front_slot_20260623_030540_UTC/hard_tuning/code_thought_front_slot_qd/seed_1001/openai_gpt-oss-120b/VerilogEval-Spec-to-RTL/Prob116_m2014_q3/Gen3/Prob116_m2014_q3_sample9_single_thought_operator,
code_thought_front_slot_qd,VerilogEval-Spec-to-RTL,Prob116_m2014_q3,combinational,3,369a5b7a-5084-4f54-96e7-0555b09a08fb,single_thought_operator,generation_log,0.464369602763,0.696554404145,3,1.33e-06,0,5,0.000193,0,0.4,0.99310880829,0,/workspace/exp/useful_bd_push/t51_code_thought_front_slot_20260623_030540_UTC/hard_tuning/code_thought_front_slot_qd/seed_1001/openai_gpt-oss-120b/VerilogEval-Spec-to-RTL/Prob116_m2014_q3/Gen3/Prob116_m2014_q3_sample10_single_thought_operator,
code_thought_front_slot_qd,VerilogEval-Spec-to-RTL,Prob116_m2014_q3,combinational,3,e0b11154-643c-4ac7-a5bc-4c9905561f37,single_thought_operator,generation_log,0.330535405872,0.495803108808,5,1.62e-06,0,5,0.000193,0,0,0.991606217617,0,/workspace/exp/useful_bd_push/t51_code_thought_front_slot_20260623_030540_UTC/hard_tuning/code_thought_front_slot_qd/seed_1001/openai_gpt-oss-120b/VerilogEval-Spec-to-RTL/Prob116_m2014_q3/Gen3/Prob116_m2014_q3_sample11_single_thought_operator,
code_thought_front_slot_qd,VerilogEval-Spec-to-RTL,Prob135_m2014_q6b,combinational,0,1aef2a7f-662b-4cb3-a529-982871ab3768,initial,generation_log,0.196143497758,0.294215246637,7,2.58e-06,0,5,0.000223,0,-0.4,0.988430493274,0,/workspace/exp/useful_bd_push/t51_code_thought_front_slot_20260623_030540_UTC/hard_tuning/code_thought_front_slot_qd/seed_1001/openai_gpt-oss-120b/VerilogEval-Spec-to-RTL/Prob135_m2014_q6b/Gen0/Prob135_m2014_q6b_sample4_initial,
code_thought_front_slot_qd,VerilogEval-Spec-to-RTL,Prob135_m2014_q6b,combinational,0,1421bc6f-0657-4728-bace-bbc2621e6a87,initial,generation_log,0.196143497758,0.294215246637,7,2.58e-06,0,5,0.000223,0,-0.4,0.988430493274,0,/workspace/exp/useful_bd_push/t51_code_thought_front_slot_20260623_030540_UTC/hard_tuning/code_thought_front_slot_qd/seed_1001/openai_gpt-oss-120b/VerilogEval-Spec-to-RTL/Prob135_m2014_q6b/Gen0/Prob135_m2014_q6b_sample5_initial,
code_thought_front_slot_qd,VerilogEval-Spec-to-RTL,Prob135_m2014_q6b,combinational,0,f220b2b0-0287-4e4f-ae27-93522cd9844a,initial,generation_log,0.196143497758,0.294215246637,7,2.58e-06,0,5,0.000223,0,-0.4,0.988430493274,0,/workspace/exp/useful_bd_push/t51_code_thought_front_slot_20260623_030540_UTC/hard_tuning/code_thought_front_slot_qd/seed_1001/openai_gpt-oss-120b/VerilogEval-Spec-to-RTL/Prob135_m2014_q6b/Gen0/Prob135_m2014_q6b_sample6_initial,
code_thought_front_slot_qd,VerilogEval-Spec-to-RTL,Prob135_m2014_q6b,combinational,0,f0c9a48e-2990-468f-81a7-d7d943248f21,initial,generation_log,0.196143497758,0.294215246637,7,2.58e-06,0,5,0.000223,0,-0.4,0.988430493274,0,/workspace/exp/useful_bd_push/t51_code_thought_front_slot_20260623_030540_UTC/hard_tuning/code_thought_front_slot_qd/seed_1001/openai_gpt-oss-120b/VerilogEval-Spec-to-RTL/Prob135_m2014_q6b/Gen0/Prob135_m2014_q6b_sample8_initial,
code_thought_front_slot_qd,VerilogEval-Spec-to-RTL,Prob135_m2014_q6b,combinational,0,54d2df1e-0ff1-49d2-bb49-8f64a0e7b509,initial,generation_log,0.263617339312,0.395426008969,6,2.04e-06,0,5,0.000223,0,-0.2,0.990852017937,0,/workspace/exp/useful_bd_push/t51_code_thought_front_slot_20260623_030540_UTC/hard_tuning/code_thought_front_slot_qd/seed_1001/openai_gpt-oss-120b/VerilogEval-Spec-to-RTL/Prob135_m2014_q6b/Gen0/Prob135_m2014_q6b_sample11_initial,
code_thought_front_slot_qd,VerilogEval-Spec-to-RTL,Prob135_m2014_q6b,combinational,1,bfabd2e1-7f15-493b-bdff-a7cfe3909b38,single_thought_operator,generation_log,0.196143497758,0.294215246637,7,2.58e-06,0,5,0.000223,0,-0.4,0.988430493274,0,/workspace/exp/useful_bd_push/t51_code_thought_front_slot_20260623_030540_UTC/hard_tuning/code_thought_front_slot_qd/seed_1001/openai_gpt-oss-120b/VerilogEval-Spec-to-RTL/Prob135_m2014_q6b/Gen1/Prob135_m2014_q6b_sample7_single_thought_operator,
code_thought_front_slot_qd,VerilogEval-Spec-to-RTL,Prob135_m2014_q6b,combinational,1,c571d492-f10a-4ccb-ae9a-3ceb52668fb8,single_thought_operator,generation_log,0.196143497758,0.294215246637,7,2.58e-06,0,5,0.000223,0,-0.4,0.988430493274,0,/workspace/exp/useful_bd_push/t51_code_thought_front_slot_20260623_030540_UTC/hard_tuning/code_thought_front_slot_qd/seed_1001/openai_gpt-oss-120b/VerilogEval-Spec-to-RTL/Prob135_m2014_q6b/Gen1/Prob135_m2014_q6b_sample8_single_thought_operator,
code_thought_front_slot_qd,VerilogEval-Spec-to-RTL,Prob135_m2014_q6b,combinational,1,06eacbf1-1eac-4be7-8aad-f9641961e34d,single_thought_operator,generation_log,0.196143497758,0.294215246637,7,2.58e-06,0,5,0.000223,0,-0.4,0.988430493274,0,/workspace/exp/useful_bd_push/t51_code_thought_front_slot_20260623_030540_UTC/hard_tuning/code_thought_front_slot_qd/seed_1001/openai_gpt-oss-120b/VerilogEval-Spec-to-RTL/Prob135_m2014_q6b/Gen1/Prob135_m2014_q6b_sample9_single_thought_operator,
code_thought_front_slot_qd,VerilogEval-Spec-to-RTL,Prob135_m2014_q6b,combinational,1,11e5d9d0-3fdd-4451-bc31-fa59ebb58be1,single_thought_operator,generation_log,0.196143497758,0.294215246637,7,2.58e-06,0,5,0.000223,0,-0.4,0.988430493274,0,/workspace/exp/useful_bd_push/t51_code_thought_front_slot_20260623_030540_UTC/hard_tuning/code_thought_front_slot_qd/seed_1001/openai_gpt-oss-120b/VerilogEval-Spec-to-RTL/Prob135_m2014_q6b/Gen1/Prob135_m2014_q6b_sample10_single_thought_operator,
code_thought_front_slot_qd,VerilogEval-Spec-to-RTL,Prob135_m2014_q6b,combinational,1,884b3b58-6f6f-4c0a-812e-b6585d25e2b9,single_thought_operator,generation_log,0.196143497758,0.294215246637,7,2.58e-06,0,5,0.000223,0,-0.4,0.988430493274,0,/workspace/exp/useful_bd_push/t51_code_thought_front_slot_20260623_030540_UTC/hard_tuning/code_thought_front_slot_qd/seed_1001/openai_gpt-oss-120b/VerilogEval-Spec-to-RTL/Prob135_m2014_q6b/Gen1/Prob135_m2014_q6b_sample11_single_thought_operator,
code_thought_front_slot_qd,VerilogEval-Spec-to-RTL,Prob135_m2014_q6b,combinational,1,949e994e-5e26-4744-9116-b4ee69abdab6,single_thought_operator,generation_log,0.196143497758,0.294215246637,7,2.58e-06,0,5,0.000223,0,-0.4,0.988430493274,0,/workspace/exp/useful_bd_push/t51_code_thought_front_slot_20260623_030540_UTC/hard_tuning/code_thought_front_slot_qd/seed_1001/openai_gpt-oss-120b/VerilogEval-Spec-to-RTL/Prob135_m2014_q6b/Gen1/Prob135_m2014_q6b_sample12_single_thought_operator,
code_thought_front_slot_qd,VerilogEval-Spec-to-RTL,Prob135_m2014_q6b,combinational,2,f917cb31-b6f1-4e00-b5ac-86a98aab391a,single_thought_operator,generation_log,0.196143497758,0.294215246637,7,2.58e-06,0,5,0.000223,0,-0.4,0.988430493274,0,/workspace/exp/useful_bd_push/t51_code_thought_front_slot_20260623_030540_UTC/hard_tuning/code_thought_front_slot_qd/seed_1001/openai_gpt-oss-120b/VerilogEval-Spec-to-RTL/Prob135_m2014_q6b/Gen2/Prob135_m2014_q6b_sample1_single_thought_operator,
code_thought_front_slot_qd,VerilogEval-Spec-to-RTL,Prob135_m2014_q6b,combinational,2,9270a65d-68f7-47ab-bf73-7f791271c2c2,single_thought_operator,generation_log,0.196143497758,0.294215246637,7,2.58e-06,0,5,0.000223,0,-0.4,0.988430493274,0,/workspace/exp/useful_bd_push/t51_code_thought_front_slot_20260623_030540_UTC/hard_tuning/code_thought_front_slot_qd/seed_1001/openai_gpt-oss-120b/VerilogEval-Spec-to-RTL/Prob135_m2014_q6b/Gen2/Prob135_m2014_q6b_sample5_single_thought_operator,
code_thought_front_slot_qd,VerilogEval-Spec-to-RTL,Prob135_m2014_q6b,combinational,2,abae52cd-a069-4a14-9e1e-632b852f8a53,single_thought_operator,generation_log,0.196143497758,0.294215246637,7,2.58e-06,0,5,0.000223,0,-0.4,0.988430493274,0,/workspace/exp/useful_bd_push/t51_code_thought_front_slot_20260623_030540_UTC/hard_tuning/code_thought_front_slot_qd/seed_1001/openai_gpt-oss-120b/VerilogEval-Spec-to-RTL/Prob135_m2014_q6b/Gen2/Prob135_m2014_q6b_sample7_single_thought_operator,
code_thought_front_slot_qd,VerilogEval-Spec-to-RTL,Prob135_m2014_q6b,combinational,2,e1f9c9fd-ad0d-4040-b9a8-0c7e2112bea7,single_thought_operator,generation_log,0.196143497758,0.294215246637,7,2.58e-06,0,5,0.000223,0,-0.4,0.988430493274,0,/workspace/exp/useful_bd_push/t51_code_thought_front_slot_20260623_030540_UTC/hard_tuning/code_thought_front_slot_qd/seed_1001/openai_gpt-oss-120b/VerilogEval-Spec-to-RTL/Prob135_m2014_q6b/Gen2/Prob135_m2014_q6b_sample8_single_thought_operator,
code_thought_front_slot_qd,VerilogEval-Spec-to-RTL,Prob135_m2014_q6b,combinational,2,f6428db9-e81f-484e-9fad-b3dbca99f3a1,single_thought_operator,generation_log,0.196143497758,0.294215246637,7,2.58e-06,0,5,0.000223,0,-0.4,0.988430493274,0,/workspace/exp/useful_bd_push/t51_code_thought_front_slot_20260623_030540_UTC/hard_tuning/code_thought_front_slot_qd/seed_1001/openai_gpt-oss-120b/VerilogEval-Spec-to-RTL/Prob135_m2014_q6b/Gen2/Prob135_m2014_q6b_sample9_single_thought_operator,
code_thought_front_slot_qd,VerilogEval-Spec-to-RTL,Prob135_m2014_q6b,combinational,2,0b273ec1-588a-4fbb-a45b-9e0c91811879,single_thought_operator,generation_log,0.196143497758,0.294215246637,7,2.58e-06,0,5,0.000223,0,-0.4,0.988430493274,0,/workspace/exp/useful_bd_push/t51_code_thought_front_slot_20260623_030540_UTC/hard_tuning/code_thought_front_slot_qd/seed_1001/openai_gpt-oss-120b/VerilogEval-Spec-to-RTL/Prob135_m2014_q6b/Gen2/Prob135_m2014_q6b_sample10_single_thought_operator,
code_thought_front_slot_qd,VerilogEval-Spec-to-RTL,Prob135_m2014_q6b,combinational,2,c024984a-0102-4d9e-8740-738e70a2e651,single_thought_operator,generation_log,0.196143497758,0.294215246637,7,2.58e-06,0,5,0.000223,0,-0.4,0.988430493274,0,/workspace/exp/useful_bd_push/t51_code_thought_front_slot_20260623_030540_UTC/hard_tuning/code_thought_front_slot_qd/seed_1001/openai_gpt-oss-120b/VerilogEval-Spec-to-RTL/Prob135_m2014_q6b/Gen2/Prob135_m2014_q6b_sample12_single_thought_operator,
code_thought_front_slot_qd,VerilogEval-Spec-to-RTL,Prob135_m2014_q6b,combinational,3,015941f7-3ba9-4132-9931-fad72f061025,single_thought_operator,generation_log,0.196143497758,0.294215246637,7,2.58e-06,0,5,0.000223,0,-0.4,0.988430493274,0,/workspace/exp/useful_bd_push/t51_code_thought_front_slot_20260623_030540_UTC/hard_tuning/code_thought_front_slot_qd/seed_1001/openai_gpt-oss-120b/VerilogEval-Spec-to-RTL/Prob135_m2014_q6b/Gen3/Prob135_m2014_q6b_sample1_single_thought_operator,
code_thought_front_slot_qd,VerilogEval-Spec-to-RTL,Prob135_m2014_q6b,combinational,3,3650e7c5-c909-4c7c-92df-61b78f5fd2e4,single_thought_operator,generation_log,0.196143497758,0.294215246637,7,2.58e-06,0,5,0.000223,0,-0.4,0.988430493274,0,/workspace/exp/useful_bd_push/t51_code_thought_front_slot_20260623_030540_UTC/hard_tuning/code_thought_front_slot_qd/seed_1001/openai_gpt-oss-120b/VerilogEval-Spec-to-RTL/Prob135_m2014_q6b/Gen3/Prob135_m2014_q6b_sample7_single_thought_operator,
code_thought_front_slot_qd,VerilogEval-Spec-to-RTL,Prob135_m2014_q6b,combinational,3,c56bc4cd-852f-460a-97ce-87b6de218ba7,single_thought_operator,generation_log,0.196143497758,0.294215246637,7,2.58e-06,0,5,0.000223,0,-0.4,0.988430493274,0,/workspace/exp/useful_bd_push/t51_code_thought_front_slot_20260623_030540_UTC/hard_tuning/code_thought_front_slot_qd/seed_1001/openai_gpt-oss-120b/VerilogEval-Spec-to-RTL/Prob135_m2014_q6b/Gen3/Prob135_m2014_q6b_sample8_single_thought_operator,
code_thought_front_slot_qd,VerilogEval-Spec-to-RTL,Prob135_m2014_q6b,combinational,3,efe28564-6372-4705-9df2-095a2ec2d816,single_thought_operator,generation_log,0.196143497758,0.294215246637,7,2.58e-06,0,5,0.000223,0,-0.4,0.988430493274,0,/workspace/exp/useful_bd_push/t51_code_thought_front_slot_20260623_030540_UTC/hard_tuning/code_thought_front_slot_qd/seed_1001/openai_gpt-oss-120b/VerilogEval-Spec-to-RTL/Prob135_m2014_q6b/Gen3/Prob135_m2014_q6b_sample9_single_thought_operator,
code_thought_front_slot_qd,VerilogEval-Spec-to-RTL,Prob135_m2014_q6b,combinational,3,c31569bc-e461-49d1-8653-46ee9d94c374,single_thought_operator,generation_log,0.196143497758,0.294215246637,7,2.58e-06,0,5,0.000223,0,-0.4,0.988430493274,0,/workspace/exp/useful_bd_push/t51_code_thought_front_slot_20260623_030540_UTC/hard_tuning/code_thought_front_slot_qd/seed_1001/openai_gpt-oss-120b/VerilogEval-Spec-to-RTL/Prob135_m2014_q6b/Gen3/Prob135_m2014_q6b_sample10_single_thought_operator,
code_thought_front_slot_qd,VerilogEval-Spec-to-RTL,Prob150_review2015_fsmonehot,combinational,0,07f9f171-dd7d-4084-84d2-c70f04a5c230,initial,generation_log,-0.554343891403,-0.831515837104,47,1.62e-05,0,13,0.00034,0,-2.61538461538,0.952352941176,0,/workspace/exp/useful_bd_push/t51_code_thought_front_slot_20260623_030540_UTC/hard_tuning/code_thought_front_slot_qd/seed_1001/openai_gpt-oss-120b/VerilogEval-Spec-to-RTL/Prob150_review2015_fsmonehot/Gen0/Prob150_review2015_fsmonehot_sample6_initial,
code_thought_front_slot_qd,VerilogEval-Spec-to-RTL,Prob150_review2015_fsmonehot,combinational,1,77b8c8d3-b3d2-4b53-a993-25df57a0d883,single_thought_operator,generation_log,0.32968627451,0.494529411765,13,3.72e-06,0,13,0.00034,0,0,0.989058823529,0,/workspace/exp/useful_bd_push/t51_code_thought_front_slot_20260623_030540_UTC/hard_tuning/code_thought_front_slot_qd/seed_1001/openai_gpt-oss-120b/VerilogEval-Spec-to-RTL/Prob150_review2015_fsmonehot/Gen1/Prob150_review2015_fsmonehot_sample7_single_thought_operator,
code_thought_front_slot_qd,VerilogEval-Spec-to-RTL,Prob150_review2015_fsmonehot,combinational,2,06161e20-024a-478d-8923-e726bf7f12de,single_thought_operator,generation_log,0.329676470588,0.494514705882,13,3.73e-06,0,13,0.00034,0,0,0.989029411765,0,/workspace/exp/useful_bd_push/t51_code_thought_front_slot_20260623_030540_UTC/hard_tuning/code_thought_front_slot_qd/seed_1001/openai_gpt-oss-120b/VerilogEval-Spec-to-RTL/Prob150_review2015_fsmonehot/Gen2/Prob150_review2015_fsmonehot_sample3_single_thought_operator,
code_thought_front_slot_qd,VerilogEval-Spec-to-RTL,Prob150_review2015_fsmonehot,combinational,2,e18436aa-be87-47ef-8879-b8981a4ba6ba,single_thought_operator,generation_log,0.32968627451,0.494529411765,13,3.72e-06,0,13,0.00034,0,0,0.989058823529,0,/workspace/exp/useful_bd_push/t51_code_thought_front_slot_20260623_030540_UTC/hard_tuning/code_thought_front_slot_qd/seed_1001/openai_gpt-oss-120b/VerilogEval-Spec-to-RTL/Prob150_review2015_fsmonehot/Gen2/Prob150_review2015_fsmonehot_sample4_single_thought_operator,
code_thought_front_slot_qd,VerilogEval-Spec-to-RTL,Prob150_review2015_fsmonehot,combinational,2,e8717060-7abe-4330-a47d-5ed05e712dc8,single_thought_operator,generation_log,0.32968627451,0.494529411765,13,3.72e-06,0,13,0.00034,0,0,0.989058823529,0,/workspace/exp/useful_bd_push/t51_code_thought_front_slot_20260623_030540_UTC/hard_tuning/code_thought_front_slot_qd/seed_1001/openai_gpt-oss-120b/VerilogEval-Spec-to-RTL/Prob150_review2015_fsmonehot/Gen2/Prob150_review2015_fsmonehot_sample10_single_thought_operator,
code_thought_front_slot_qd,VerilogEval-Spec-to-RTL,Prob150_review2015_fsmonehot,combinational,3,1d3fee98-e727-4a78-b388-ae5a776f9cbc,single_thought_operator,generation_log,0.32968627451,0.494529411765,13,3.72e-06,0,13,0.00034,0,0,0.989058823529,0,/workspace/exp/useful_bd_push/t51_code_thought_front_slot_20260623_030540_UTC/hard_tuning/code_thought_front_slot_qd/seed_1001/openai_gpt-oss-120b/VerilogEval-Spec-to-RTL/Prob150_review2015_fsmonehot/Gen3/Prob150_review2015_fsmonehot_sample1_single_thought_operator,
code_thought_front_slot_qd,VerilogEval-Spec-to-RTL,Prob150_review2015_fsmonehot,combinational,3,1a5e4fa3-59bd-44d6-bd7c-9ff1ae749531,single_thought_operator,generation_log,0.32968627451,0.494529411765,13,3.72e-06,0,13,0.00034,0,0,0.989058823529,0,/workspace/exp/useful_bd_push/t51_code_thought_front_slot_20260623_030540_UTC/hard_tuning/code_thought_front_slot_qd/seed_1001/openai_gpt-oss-120b/VerilogEval-Spec-to-RTL/Prob150_review2015_fsmonehot/Gen3/Prob150_review2015_fsmonehot_sample3_single_thought_operator,
code_thought_front_slot_qd,VerilogEval-Spec-to-RTL,Prob150_review2015_fsmonehot,combinational,3,0d16f15f-1738-4a40-b9ef-37bed72bee3e,single_thought_operator,generation_log,0.32968627451,0.494529411765,13,3.72e-06,0,13,0.00034,0,0,0.989058823529,0,/workspace/exp/useful_bd_push/t51_code_thought_front_slot_20260623_030540_UTC/hard_tuning/code_thought_front_slot_qd/seed_1001/openai_gpt-oss-120b/VerilogEval-Spec-to-RTL/Prob150_review2015_fsmonehot/Gen3/Prob150_review2015_fsmonehot_sample5_single_thought_operator,
code_thought_front_slot_qd,VerilogEval-Spec-to-RTL,Prob150_review2015_fsmonehot,combinational,3,053d9574-85a4-40cd-9488-7aa53ec2236a,single_thought_operator,generation_log,0.32968627451,0.494529411765,13,3.72e-06,0,13,0.00034,0,0,0.989058823529,0,/workspace/exp/useful_bd_push/t51_code_thought_front_slot_20260623_030540_UTC/hard_tuning/code_thought_front_slot_qd/seed_1001/openai_gpt-oss-120b/VerilogEval-Spec-to-RTL/Prob150_review2015_fsmonehot/Gen3/Prob150_review2015_fsmonehot_sample7_single_thought_operator,
code_thought_front_slot_qd,VerilogEval-Spec-to-RTL,Prob150_review2015_fsmonehot,combinational,3,5608db93-d9c1-4f96-a591-b5e6058de85f,single_thought_operator,generation_log,0.32968627451,0.494529411765,13,3.72e-06,0,13,0.00034,0,0,0.989058823529,0,/workspace/exp/useful_bd_push/t51_code_thought_front_slot_20260623_030540_UTC/hard_tuning/code_thought_front_slot_qd/seed_1001/openai_gpt-oss-120b/VerilogEval-Spec-to-RTL/Prob150_review2015_fsmonehot/Gen3/Prob150_review2015_fsmonehot_sample8_single_thought_operator,
code_thought_front_slot_qd,VerilogEval-Spec-to-RTL,Prob150_review2015_fsmonehot,combinational,3,364bc6b3-3921-4a08-9a93-2adb9fce8b2f,single_thought_operator,generation_log,0.32968627451,0.494529411765,13,3.72e-06,0,13,0.00034,0,0,0.989058823529,0,/workspace/exp/useful_bd_push/t51_code_thought_front_slot_20260623_030540_UTC/hard_tuning/code_thought_front_slot_qd/seed_1001/openai_gpt-oss-120b/VerilogEval-Spec-to-RTL/Prob150_review2015_fsmonehot/Gen3/Prob150_review2015_fsmonehot_sample9_single_thought_operator,
code_thought_front_slot_qd,VerilogEval-Spec-to-RTL,Prob151_review2015_fsm,sequential,3,5f41e753-f054-4adb-9747-138abe292732,single_thought_operator,generation_log,-0.288394491415,-0.288394491415,89,0.00662,0.29,66,0.00447,0.28,-0.348484848485,-0.480984340045,-0.0357142857143,/workspace/exp/useful_bd_push/t51_code_thought_front_slot_20260623_030540_UTC/hard_tuning/code_thought_front_slot_qd/seed_1001/openai_gpt-oss-120b/VerilogEval-Spec-to-RTL/Prob151_review2015_fsm/Gen3/Prob151_review2015_fsm_sample1_single_thought_operator,
code_thought_front_slot_qd,VerilogEval-Spec-to-RTL,Prob151_review2015_fsm,sequential,3,8905f6b9-569c-4bb3-87d9-4a561ac1ec23,single_thought_operator,generation_log,-0.339211869413,-0.339211869413,97,0.0066,0.3,66,0.00447,0.28,-0.469696969697,-0.476510067114,-0.0714285714286,/workspace/exp/useful_bd_push/t51_code_thought_front_slot_20260623_030540_UTC/hard_tuning/code_thought_front_slot_qd/seed_1001/openai_gpt-oss-120b/VerilogEval-Spec-to-RTL/Prob151_review2015_fsm/Gen3/Prob151_review2015_fsm_sample3_single_thought_operator,
code_thought_front_slot_qd,VerilogEval-Spec-to-RTL,Prob151_review2015_fsm,sequential,3,d2e1bfce-82f7-4aeb-bc56-1efdc31c89e6,single_thought_operator,generation_log,-0.301044965474,-0.301044965474,89,0.00663,0.3,66,0.00447,0.28,-0.348484848485,-0.48322147651,-0.0714285714286,/workspace/exp/useful_bd_push/t51_code_thought_front_slot_20260623_030540_UTC/hard_tuning/code_thought_front_slot_qd/seed_1001/openai_gpt-oss-120b/VerilogEval-Spec-to-RTL/Prob151_review2015_fsm/Gen3/Prob151_review2015_fsm_sample10_single_thought_operator,
code_thought_front_slot_qd,VerilogEval-Spec-to-RTL,Prob153_gshare,sequential,0,42fdc774-16df-44e7-b5fa-2a85465bcf14,initial,generation_log,-0.473810793603,-0.473810793603,4075,0.889,0.78,3025,0.437,0.75,-0.347107438017,-1.03432494279,-0.04,/workspace/exp/useful_bd_push/t51_code_thought_front_slot_20260623_030540_UTC/hard_tuning/code_thought_front_slot_qd/seed_1001/openai_gpt-oss-120b/VerilogEval-Spec-to-RTL/Prob153_gshare/Gen0/Prob153_gshare_sample3_initial,
code_thought_front_slot_qd,VerilogEval-Spec-to-RTL,Prob153_gshare,sequential,0,8eb393cf-e0ad-44bb-9472-91c5c942cf67,initial,generation_log,-0.0177361717865,-0.0177361717865,3080,0.429,0.79,3025,0.437,0.75,-0.0181818181818,0.0183066361556,-0.0533333333333,/workspace/exp/useful_bd_push/t51_code_thought_front_slot_20260623_030540_UTC/hard_tuning/code_thought_front_slot_qd/seed_1001/openai_gpt-oss-120b/VerilogEval-Spec-to-RTL/Prob153_gshare/Gen0/Prob153_gshare_sample6_initial,
code_thought_front_slot_qd,VerilogEval-Spec-to-RTL,Prob153_gshare,sequential,0,f0bc9533-45a4-4de5-ba4c-75ad97b6ece2,initial,generation_log,-0.00574843504737,-0.00574843504737,3060,0.422,0.78,3025,0.437,0.75,-0.0115702479339,0.0343249427918,-0.04,/workspace/exp/useful_bd_push/t51_code_thought_front_slot_20260623_030540_UTC/hard_tuning/code_thought_front_slot_qd/seed_1001/openai_gpt-oss-120b/VerilogEval-Spec-to-RTL/Prob153_gshare/Gen0/Prob153_gshare_sample7_initial,
code_thought_front_slot_qd,VerilogEval-Spec-to-RTL,Prob153_gshare,sequential,0,4b230e29-f03d-4fd2-b9cb-8988c6324733,initial,generation_log,-0.0177361717865,-0.0177361717865,3080,0.429,0.79,3025,0.437,0.75,-0.0181818181818,0.0183066361556,-0.0533333333333,/workspace/exp/useful_bd_push/t51_code_thought_front_slot_20260623_030540_UTC/hard_tuning/code_thought_front_slot_qd/seed_1001/openai_gpt-oss-120b/VerilogEval-Spec-to-RTL/Prob153_gshare/Gen0/Prob153_gshare_sample9_initial,
code_thought_front_slot_qd,VerilogEval-Spec-to-RTL,Prob153_gshare,sequential,1,b8c199f5-7cb8-42e6-9e82-3cdcb30fa7cb,single_thought_operator,generation_log,-0.0177361717865,-0.0177361717865,3080,0.429,0.79,3025,0.437,0.75,-0.0181818181818,0.0183066361556,-0.0533333333333,/workspace/exp/useful_bd_push/t51_code_thought_front_slot_20260623_030540_UTC/hard_tuning/code_thought_front_slot_qd/seed_1001/openai_gpt-oss-120b/VerilogEval-Spec-to-RTL/Prob153_gshare/Gen1/Prob153_gshare_sample4_single_thought_operator,
code_thought_front_slot_qd,VerilogEval-Spec-to-RTL,Prob153_gshare,sequential,1,cf406081-b018-4ad9-ab0a-a25898a0927f,single_thought_operator,generation_log,0.13028298378,0.13028298378,2729,0.274,0.81,3025,0.437,0.75,0.0978512396694,0.37299771167,-0.08,/workspace/exp/useful_bd_push/t51_code_thought_front_slot_20260623_030540_UTC/hard_tuning/code_thought_front_slot_qd/seed_1001/openai_gpt-oss-120b/VerilogEval-Spec-to-RTL/Prob153_gshare/Gen1/Prob153_gshare_sample7_single_thought_operator,
code_thought_front_slot_qd,VerilogEval-Spec-to-RTL,Prob153_gshare,sequential,2,20805a50-d4b0-4d3a-9582-1bd51677f4b3,single_thought_operator,generation_log,-0.0454299600961,-0.0454299600961,3074,0.472,0.78,3025,0.437,0.75,-0.0161983471074,-0.0800915331808,-0.04,/workspace/exp/useful_bd_push/t51_code_thought_front_slot_20260623_030540_UTC/hard_tuning/code_thought_front_slot_qd/seed_1001/openai_gpt-oss-120b/VerilogEval-Spec-to-RTL/Prob153_gshare/Gen2/Prob153_gshare_sample2_single_thought_operator,
code_thought_front_slot_qd,VerilogEval-Spec-to-RTL,Prob153_gshare,sequential,2,29f31bd2-37a8-4a6d-ad0e-e16f5471a276,single_thought_operator,generation_log,0.135602919144,0.135602919144,2790,0.299,0.74,3025,0.437,0.75,0.0776859504132,0.315789473684,0.0133333333333,/workspace/exp/useful_bd_push/t51_code_thought_front_slot_20260623_030540_UTC/hard_tuning/code_thought_front_slot_qd/seed_1001/openai_gpt-oss-120b/VerilogEval-Spec-to-RTL/Prob153_gshare/Gen2/Prob153_gshare_sample4_single_thought_operator,
code_thought_front_slot_qd,VerilogEval-Spec-to-RTL,Prob153_gshare,sequential,2,a6d8a02f-35e5-4f34-9fe9-52195ecca2a4,single_thought_operator,generation_log,0.0344363964168,0.0344363964168,3055,0.405,0.72,3025,0.437,0.75,-0.0099173553719,0.0732265446224,0.04,/workspace/exp/useful_bd_push/t51_code_thought_front_slot_20260623_030540_UTC/hard_tuning/code_thought_front_slot_qd/seed_1001/openai_gpt-oss-120b/VerilogEval-Spec-to-RTL/Prob153_gshare/Gen2/Prob153_gshare_sample5_single_thought_operator,
code_thought_front_slot_qd,VerilogEval-Spec-to-RTL,Prob153_gshare,sequential,2,9451d646-8f5a-47d2-a092-3cbc93cff71c,single_thought_operator,generation_log,0.0323844225488,0.0323844225488,3002,0.427,0.7,3025,0.437,0.75,0.00760330578512,0.0228832951945,0.0666666666667,/workspace/exp/useful_bd_push/t51_code_thought_front_slot_20260623_030540_UTC/hard_tuning/code_thought_front_slot_qd/seed_1001/openai_gpt-oss-120b/VerilogEval-Spec-to-RTL/Prob153_gshare/Gen2/Prob153_gshare_sample6_single_thought_operator,
code_thought_front_slot_qd,VerilogEval-Spec-to-RTL,Prob153_gshare,sequential,2,94078af6-bb9d-4e6f-bdf9-58637d3722ac,single_thought_operator,generation_log,-0.0454299600961,-0.0454299600961,3074,0.472,0.78,3025,0.437,0.75,-0.0161983471074,-0.0800915331808,-0.04,/workspace/exp/useful_bd_push/t51_code_thought_front_slot_20260623_030540_UTC/hard_tuning/code_thought_front_slot_qd/seed_1001/openai_gpt-oss-120b/VerilogEval-Spec-to-RTL/Prob153_gshare/Gen2/Prob153_gshare_sample8_single_thought_operator,
code_thought_front_slot_qd,VerilogEval-Spec-to-RTL,Prob153_gshare,sequential,2,016825d9-f341-4397-b8b6-57b3d2dba8fa,single_thought_operator,generation_log,0.0105625424202,0.0105625424202,2980,0.418,0.77,3025,0.437,0.75,0.0148760330579,0.0434782608696,-0.0266666666667,/workspace/exp/useful_bd_push/t51_code_thought_front_slot_20260623_030540_UTC/hard_tuning/code_thought_front_slot_qd/seed_1001/openai_gpt-oss-120b/VerilogEval-Spec-to-RTL/Prob153_gshare/Gen2/Prob153_gshare_sample9_single_thought_operator,
code_thought_front_slot_qd,VerilogEval-Spec-to-RTL,Prob153_gshare,sequential,2,5b1934a3-4c28-4562-8172-cd7770ffa7f5,single_thought_operator,generation_log,0.133590029692,0.133590029692,2730,0.287,0.78,3025,0.437,0.75,0.097520661157,0.343249427918,-0.04,/workspace/exp/useful_bd_push/t51_code_thought_front_slot_20260623_030540_UTC/hard_tuning/code_thought_front_slot_qd/seed_1001/openai_gpt-oss-120b/VerilogEval-Spec-to-RTL/Prob153_gshare/Gen2/Prob153_gshare_sample11_single_thought_operator,
code_thought_front_slot_qd,VerilogEval-Spec-to-RTL,Prob153_gshare,sequential,3,e814b4e0-4479-43d7-b77c-faf6f3873b14,single_thought_operator,generation_log,-0.0177361717865,-0.0177361717865,3080,0.429,0.79,3025,0.437,0.75,-0.0181818181818,0.0183066361556,-0.0533333333333,/workspace/exp/useful_bd_push/t51_code_thought_front_slot_20260623_030540_UTC/hard_tuning/code_thought_front_slot_qd/seed_1001/openai_gpt-oss-120b/VerilogEval-Spec-to-RTL/Prob153_gshare/Gen3/Prob153_gshare_sample1_single_thought_operator,
code_thought_front_slot_qd,VerilogEval-Spec-to-RTL,Prob153_gshare,sequential,3,2d07e52f-b172-4ff9-a2cc-695d864ddd4d,single_thought_operator,generation_log,0.135602919144,0.135602919144,2790,0.299,0.74,3025,0.437,0.75,0.0776859504132,0.315789473684,0.0133333333333,/workspace/exp/useful_bd_push/t51_code_thought_front_slot_20260623_030540_UTC/hard_tuning/code_thought_front_slot_qd/seed_1001/openai_gpt-oss-120b/VerilogEval-Spec-to-RTL/Prob153_gshare/Gen3/Prob153_gshare_sample2_single_thought_operator,
code_thought_front_slot_qd,VerilogEval-Spec-to-RTL,Prob153_gshare,sequential,3,128d689a-ff4c-45e7-9f59-ea47aa113168,single_thought_operator,generation_log,-0.0238628431181,-0.0238628431181,3374,0.447,0.7,3025,0.437,0.75,-0.115371900826,-0.0228832951945,0.0666666666667,/workspace/exp/useful_bd_push/t51_code_thought_front_slot_20260623_030540_UTC/hard_tuning/code_thought_front_slot_qd/seed_1001/openai_gpt-oss-120b/VerilogEval-Spec-to-RTL/Prob153_gshare/Gen3/Prob153_gshare_sample5_single_thought_operator,
code_thought_front_slot_qd,VerilogEval-Spec-to-RTL,Prob153_gshare,sequential,3,0efb0c31-403e-461a-99e1-c97253489e3b,single_thought_operator,generation_log,-0.183771814252,-0.183771814252,3894,0.599,0.67,3025,0.437,0.75,-0.287272727273,-0.370709382151,0.106666666667,/workspace/exp/useful_bd_push/t51_code_thought_front_slot_20260623_030540_UTC/hard_tuning/code_thought_front_slot_qd/seed_1001/openai_gpt-oss-120b/VerilogEval-Spec-to-RTL/Prob153_gshare/Gen3/Prob153_gshare_sample7_single_thought_operator,
code_thought_front_slot_qd,VerilogEval-Spec-to-RTL,Prob153_gshare,sequential,3,0b949f80-a430-4ead-801a-4190ca05b01c,single_thought_operator,generation_log,0.145915741564,0.145915741564,2784,0.298,0.72,3025,0.437,0.75,0.0796694214876,0.318077803204,0.04,/workspace/exp/useful_bd_push/t51_code_thought_front_slot_20260623_030540_UTC/hard_tuning/code_thought_front_slot_qd/seed_1001/openai_gpt-oss-120b/VerilogEval-Spec-to-RTL/Prob153_gshare/Gen3/Prob153_gshare_sample8_single_thought_operator,
code_thought_front_slot_qd,VerilogEval-Spec-to-RTL,Prob153_gshare,sequential,3,a75232b2-b49e-4a7c-a5d7-ec6dd347338d,single_thought_operator,generation_log,0.0916141233429,0.0916141233429,2934,0.365,0.69,3025,0.437,0.75,0.0300826446281,0.1647597254,0.08,/workspace/exp/useful_bd_push/t51_code_thought_front_slot_20260623_030540_UTC/hard_tuning/code_thought_front_slot_qd/seed_1001/openai_gpt-oss-120b/VerilogEval-Spec-to-RTL/Prob153_gshare/Gen3/Prob153_gshare_sample9_single_thought_operator,
code_thought_front_slot_qd,VerilogEval-Spec-to-RTL,Prob153_gshare,sequential,3,ed89f48f-0f16-4127-ada1-9bd2785fd698,single_thought_operator,generation_log,0.135602919144,0.135602919144,2790,0.299,0.74,3025,0.437,0.75,0.0776859504132,0.315789473684,0.0133333333333,/workspace/exp/useful_bd_push/t51_code_thought_front_slot_20260623_030540_UTC/hard_tuning/code_thought_front_slot_qd/seed_1001/openai_gpt-oss-120b/VerilogEval-Spec-to-RTL/Prob153_gshare/Gen3/Prob153_gshare_sample10_single_thought_operator,
code_thought_front_slot_qd,VerilogEval-Spec-to-RTL,Prob153_gshare,sequential,3,edf5611d-1b30-4409-89b6-8b5f3f567784,single_thought_operator,generation_log,-0.0230951075137,-0.0230951075137,3141,0.468,0.72,3025,0.437,0.75,-0.038347107438,-0.070938215103,0.04,/workspace/exp/useful_bd_push/t51_code_thought_front_slot_20260623_030540_UTC/hard_tuning/code_thought_front_slot_qd/seed_1001/openai_gpt-oss-120b/VerilogEval-Spec-to-RTL/Prob153_gshare/Gen3/Prob153_gshare_sample11_single_thought_operator,
rtl_native_front_guarded_parent_qd,RTLLM,Prob004_adder_8bit,combinational,1,dd4ebf11-65cd-4c5f-a03d-9fbab6564023,single_thought_operator,generation_log,0.381544128268,0.572316192402,39,2.27e-05,0,46,0.00301,0,0.152173913043,0.992458471761,0,/workspace/exp/useful_bd_push/t66_rtl_native_front_guarded_parent_20260623_160756_UTC/hard_tuning/rtl_native_front_guarded_parent_qd/seed_1001/openai_gpt-oss-120b/RTLLM/Prob004_adder_8bit/Gen1/Prob004_adder_8bit_sample1_single_thought_operator,
rtl_native_front_guarded_parent_qd,RTLLM,Prob004_adder_8bit,combinational,1,fe67a091-3c2e-4289-82bd-f03b420728ef,single_thought_operator,generation_log,0.381544128268,0.572316192402,39,2.27e-05,0,46,0.00301,0,0.152173913043,0.992458471761,0,/workspace/exp/useful_bd_push/t66_rtl_native_front_guarded_parent_20260623_160756_UTC/hard_tuning/rtl_native_front_guarded_parent_qd/seed_1001/openai_gpt-oss-120b/RTLLM/Prob004_adder_8bit/Gen1/Prob004_adder_8bit_sample2_single_thought_operator,
rtl_native_front_guarded_parent_qd,RTLLM,Prob004_adder_8bit,combinational,1,d6aa88d5-df67-44e8-85df-4a2a96f23956,single_thought_operator,generation_log,0.381544128268,0.572316192402,39,2.27e-05,0,46,0.00301,0,0.152173913043,0.992458471761,0,/workspace/exp/useful_bd_push/t66_rtl_native_front_guarded_parent_20260623_160756_UTC/hard_tuning/rtl_native_front_guarded_parent_qd/seed_1001/openai_gpt-oss-120b/RTLLM/Prob004_adder_8bit/Gen1/Prob004_adder_8bit_sample3_single_thought_operator,
rtl_native_front_guarded_parent_qd,RTLLM,Prob004_adder_8bit,combinational,1,95176753-c8a8-4edd-a0f4-4acc1065a6be,single_thought_operator,generation_log,0.381544128268,0.572316192402,39,2.27e-05,0,46,0.00301,0,0.152173913043,0.992458471761,0,/workspace/exp/useful_bd_push/t66_rtl_native_front_guarded_parent_20260623_160756_UTC/hard_tuning/rtl_native_front_guarded_parent_qd/seed_1001/openai_gpt-oss-120b/RTLLM/Prob004_adder_8bit/Gen1/Prob004_adder_8bit_sample4_single_thought_operator,
rtl_native_front_guarded_parent_qd,RTLLM,Prob004_adder_8bit,combinational,1,2d84b472-794b-44ed-b52b-83e09b32ec69,single_thought_operator,generation_log,0.381544128268,0.572316192402,39,2.27e-05,0,46,0.00301,0,0.152173913043,0.992458471761,0,/workspace/exp/useful_bd_push/t66_rtl_native_front_guarded_parent_20260623_160756_UTC/hard_tuning/rtl_native_front_guarded_parent_qd/seed_1001/openai_gpt-oss-120b/RTLLM/Prob004_adder_8bit/Gen1/Prob004_adder_8bit_sample5_single_thought_operator,
rtl_native_front_guarded_parent_qd,RTLLM,Prob004_adder_8bit,combinational,1,89381976-e56c-4355-95af-657338dd584a,single_thought_operator,generation_log,0.381544128268,0.572316192402,39,2.27e-05,0,46,0.00301,0,0.152173913043,0.992458471761,0,/workspace/exp/useful_bd_push/t66_rtl_native_front_guarded_parent_20260623_160756_UTC/hard_tuning/rtl_native_front_guarded_parent_qd/seed_1001/openai_gpt-oss-120b/RTLLM/Prob004_adder_8bit/Gen1/Prob004_adder_8bit_sample6_single_thought_operator,
rtl_native_front_guarded_parent_qd,RTLLM,Prob004_adder_8bit,combinational,1,1159e117-aefb-43cd-9ec8-13dd23389bee,single_thought_operator,generation_log,0.381544128268,0.572316192402,39,2.27e-05,0,46,0.00301,0,0.152173913043,0.992458471761,0,/workspace/exp/useful_bd_push/t66_rtl_native_front_guarded_parent_20260623_160756_UTC/hard_tuning/rtl_native_front_guarded_parent_qd/seed_1001/openai_gpt-oss-120b/RTLLM/Prob004_adder_8bit/Gen1/Prob004_adder_8bit_sample7_single_thought_operator,
rtl_native_front_guarded_parent_qd,RTLLM,Prob004_adder_8bit,combinational,1,57b2316c-15d3-4982-ac6b-87c5deb914d3,single_thought_operator,generation_log,0.381544128268,0.572316192402,39,2.27e-05,0,46,0.00301,0,0.152173913043,0.992458471761,0,/workspace/exp/useful_bd_push/t66_rtl_native_front_guarded_parent_20260623_160756_UTC/hard_tuning/rtl_native_front_guarded_parent_qd/seed_1001/openai_gpt-oss-120b/RTLLM/Prob004_adder_8bit/Gen1/Prob004_adder_8bit_sample8_single_thought_operator,
rtl_native_front_guarded_parent_qd,RTLLM,Prob004_adder_8bit,combinational,1,9b275828-be62-4206-9e19-5ecae208306e,single_thought_operator,generation_log,0.381544128268,0.572316192402,39,2.27e-05,0,46,0.00301,0,0.152173913043,0.992458471761,0,/workspace/exp/useful_bd_push/t66_rtl_native_front_guarded_parent_20260623_160756_UTC/hard_tuning/rtl_native_front_guarded_parent_qd/seed_1001/openai_gpt-oss-120b/RTLLM/Prob004_adder_8bit/Gen1/Prob004_adder_8bit_sample9_single_thought_operator,
rtl_native_front_guarded_parent_qd,RTLLM,Prob004_adder_8bit,combinational,1,69d09269-69ab-462d-b078-8816df0468d2,single_thought_operator,generation_log,0.381544128268,0.572316192402,39,2.27e-05,0,46,0.00301,0,0.152173913043,0.992458471761,0,/workspace/exp/useful_bd_push/t66_rtl_native_front_guarded_parent_20260623_160756_UTC/hard_tuning/rtl_native_front_guarded_parent_qd/seed_1001/openai_gpt-oss-120b/RTLLM/Prob004_adder_8bit/Gen1/Prob004_adder_8bit_sample10_single_thought_operator,
rtl_native_front_guarded_parent_qd,RTLLM,Prob004_adder_8bit,combinational,1,af1a2d20-8e35-46fb-99b9-120088f304b2,single_thought_operator,generation_log,0.381544128268,0.572316192402,39,2.27e-05,0,46,0.00301,0,0.152173913043,0.992458471761,0,/workspace/exp/useful_bd_push/t66_rtl_native_front_guarded_parent_20260623_160756_UTC/hard_tuning/rtl_native_front_guarded_parent_qd/seed_1001/openai_gpt-oss-120b/RTLLM/Prob004_adder_8bit/Gen1/Prob004_adder_8bit_sample11_single_thought_operator,
rtl_native_front_guarded_parent_qd,RTLLM,Prob004_adder_8bit,combinational,1,0077c927-b315-4311-9894-1de2e593f006,single_thought_operator,generation_log,0.381544128268,0.572316192402,39,2.27e-05,0,46,0.00301,0,0.152173913043,0.992458471761,0,/workspace/exp/useful_bd_push/t66_rtl_native_front_guarded_parent_20260623_160756_UTC/hard_tuning/rtl_native_front_guarded_parent_qd/seed_1001/openai_gpt-oss-120b/RTLLM/Prob004_adder_8bit/Gen1/Prob004_adder_8bit_sample12_single_thought_operator,
rtl_native_front_guarded_parent_qd,RTLLM,Prob004_adder_8bit,combinational,2,9bcb251d-a1b9-422a-bed6-7a34ce053e69,single_thought_operator,generation_log,0.381544128268,0.572316192402,39,2.27e-05,0,46,0.00301,0,0.152173913043,0.992458471761,0,/workspace/exp/useful_bd_push/t66_rtl_native_front_guarded_parent_20260623_160756_UTC/hard_tuning/rtl_native_front_guarded_parent_qd/seed_1001/openai_gpt-oss-120b/RTLLM/Prob004_adder_8bit/Gen2/Prob004_adder_8bit_sample1_single_thought_operator,
rtl_native_front_guarded_parent_qd,RTLLM,Prob004_adder_8bit,combinational,2,95a24565-2d5e-4425-8c4c-215262465f10,single_thought_operator,generation_log,0.381544128268,0.572316192402,39,2.27e-05,0,46,0.00301,0,0.152173913043,0.992458471761,0,/workspace/exp/useful_bd_push/t66_rtl_native_front_guarded_parent_20260623_160756_UTC/hard_tuning/rtl_native_front_guarded_parent_qd/seed_1001/openai_gpt-oss-120b/RTLLM/Prob004_adder_8bit/Gen2/Prob004_adder_8bit_sample2_single_thought_operator,
rtl_native_front_guarded_parent_qd,RTLLM,Prob004_adder_8bit,combinational,2,6c25da9f-96a0-4fce-b481-d9630e12f14b,single_thought_operator,generation_log,0.381544128268,0.572316192402,39,2.27e-05,0,46,0.00301,0,0.152173913043,0.992458471761,0,/workspace/exp/useful_bd_push/t66_rtl_native_front_guarded_parent_20260623_160756_UTC/hard_tuning/rtl_native_front_guarded_parent_qd/seed_1001/openai_gpt-oss-120b/RTLLM/Prob004_adder_8bit/Gen2/Prob004_adder_8bit_sample4_single_thought_operator,
rtl_native_front_guarded_parent_qd,RTLLM,Prob004_adder_8bit,combinational,2,4bad5eeb-7e5e-4838-8173-693ba052447d,single_thought_operator,generation_log,0.381544128268,0.572316192402,39,2.27e-05,0,46,0.00301,0,0.152173913043,0.992458471761,0,/workspace/exp/useful_bd_push/t66_rtl_native_front_guarded_parent_20260623_160756_UTC/hard_tuning/rtl_native_front_guarded_parent_qd/seed_1001/openai_gpt-oss-120b/RTLLM/Prob004_adder_8bit/Gen2/Prob004_adder_8bit_sample5_single_thought_operator,
rtl_native_front_guarded_parent_qd,RTLLM,Prob004_adder_8bit,combinational,2,66d96be2-8974-4d7c-92c1-bdc11ecd1e55,single_thought_operator,generation_log,0.381544128268,0.572316192402,39,2.27e-05,0,46,0.00301,0,0.152173913043,0.992458471761,0,/workspace/exp/useful_bd_push/t66_rtl_native_front_guarded_parent_20260623_160756_UTC/hard_tuning/rtl_native_front_guarded_parent_qd/seed_1001/openai_gpt-oss-120b/RTLLM/Prob004_adder_8bit/Gen2/Prob004_adder_8bit_sample6_single_thought_operator,
rtl_native_front_guarded_parent_qd,RTLLM,Prob004_adder_8bit,combinational,2,2af59709-4ead-4b44-882f-baef637d8506,single_thought_operator,generation_log,0.381544128268,0.572316192402,39,2.27e-05,0,46,0.00301,0,0.152173913043,0.992458471761,0,/workspace/exp/useful_bd_push/t66_rtl_native_front_guarded_parent_20260623_160756_UTC/hard_tuning/rtl_native_front_guarded_parent_qd/seed_1001/openai_gpt-oss-120b/RTLLM/Prob004_adder_8bit/Gen2/Prob004_adder_8bit_sample7_single_thought_operator,
rtl_native_front_guarded_parent_qd,RTLLM,Prob004_adder_8bit,combinational,2,5b685c06-0ad6-4417-80ff-6afb49db4fb2,single_thought_operator,generation_log,0.381544128268,0.572316192402,39,2.27e-05,0,46,0.00301,0,0.152173913043,0.992458471761,0,/workspace/exp/useful_bd_push/t66_rtl_native_front_guarded_parent_20260623_160756_UTC/hard_tuning/rtl_native_front_guarded_parent_qd/seed_1001/openai_gpt-oss-120b/RTLLM/Prob004_adder_8bit/Gen2/Prob004_adder_8bit_sample8_single_thought_operator,
rtl_native_front_guarded_parent_qd,RTLLM,Prob004_adder_8bit,combinational,2,48007739-e430-4b11-9434-118a6269b83f,single_thought_operator,generation_log,0.381544128268,0.572316192402,39,2.27e-05,0,46,0.00301,0,0.152173913043,0.992458471761,0,/workspace/exp/useful_bd_push/t66_rtl_native_front_guarded_parent_20260623_160756_UTC/hard_tuning/rtl_native_front_guarded_parent_qd/seed_1001/openai_gpt-oss-120b/RTLLM/Prob004_adder_8bit/Gen2/Prob004_adder_8bit_sample9_single_thought_operator,
rtl_native_front_guarded_parent_qd,RTLLM,Prob004_adder_8bit,combinational,2,4ef1128d-c72d-49fd-bf8f-ff75ae6e20fa,single_thought_operator,generation_log,0.381544128268,0.572316192402,39,2.27e-05,0,46,0.00301,0,0.152173913043,0.992458471761,0,/workspace/exp/useful_bd_push/t66_rtl_native_front_guarded_parent_20260623_160756_UTC/hard_tuning/rtl_native_front_guarded_parent_qd/seed_1001/openai_gpt-oss-120b/RTLLM/Prob004_adder_8bit/Gen2/Prob004_adder_8bit_sample10_single_thought_operator,
rtl_native_front_guarded_parent_qd,RTLLM,Prob004_adder_8bit,combinational,2,ca854f2a-6b22-4862-85c1-4241d6575c7a,single_thought_operator,generation_log,0.381544128268,0.572316192402,39,2.27e-05,0,46,0.00301,0,0.152173913043,0.992458471761,0,/workspace/exp/useful_bd_push/t66_rtl_native_front_guarded_parent_20260623_160756_UTC/hard_tuning/rtl_native_front_guarded_parent_qd/seed_1001/openai_gpt-oss-120b/RTLLM/Prob004_adder_8bit/Gen2/Prob004_adder_8bit_sample11_single_thought_operator,
rtl_native_front_guarded_parent_qd,RTLLM,Prob004_adder_8bit,combinational,2,c94e09d0-ceff-43c3-97d8-5341d68ba78e,single_thought_operator,generation_log,0.381544128268,0.572316192402,39,2.27e-05,0,46,0.00301,0,0.152173913043,0.992458471761,0,/workspace/exp/useful_bd_push/t66_rtl_native_front_guarded_parent_20260623_160756_UTC/hard_tuning/rtl_native_front_guarded_parent_qd/seed_1001/openai_gpt-oss-120b/RTLLM/Prob004_adder_8bit/Gen2/Prob004_adder_8bit_sample12_single_thought_operator,
rtl_native_front_guarded_parent_qd,RTLLM,Prob004_adder_8bit,combinational,3,1ff3c746-891f-4ae8-b492-6411b9b93a62,single_thought_operator,generation_log,0.381544128268,0.572316192402,39,2.27e-05,0,46,0.00301,0,0.152173913043,0.992458471761,0,/workspace/exp/useful_bd_push/t66_rtl_native_front_guarded_parent_20260623_160756_UTC/hard_tuning/rtl_native_front_guarded_parent_qd/seed_1001/openai_gpt-oss-120b/RTLLM/Prob004_adder_8bit/Gen3/Prob004_adder_8bit_sample1_single_thought_operator,
rtl_native_front_guarded_parent_qd,RTLLM,Prob004_adder_8bit,combinational,3,d5b646f0-960f-4eb5-a1be-974129dc5ed9,single_thought_operator,generation_log,0.381544128268,0.572316192402,39,2.27e-05,0,46,0.00301,0,0.152173913043,0.992458471761,0,/workspace/exp/useful_bd_push/t66_rtl_native_front_guarded_parent_20260623_160756_UTC/hard_tuning/rtl_native_front_guarded_parent_qd/seed_1001/openai_gpt-oss-120b/RTLLM/Prob004_adder_8bit/Gen3/Prob004_adder_8bit_sample2_single_thought_operator,
rtl_native_front_guarded_parent_qd,RTLLM,Prob004_adder_8bit,combinational,3,aaa73942-6322-4941-83c1-c58dff960e12,single_thought_operator,generation_log,0.381544128268,0.572316192402,39,2.27e-05,0,46,0.00301,0,0.152173913043,0.992458471761,0,/workspace/exp/useful_bd_push/t66_rtl_native_front_guarded_parent_20260623_160756_UTC/hard_tuning/rtl_native_front_guarded_parent_qd/seed_1001/openai_gpt-oss-120b/RTLLM/Prob004_adder_8bit/Gen3/Prob004_adder_8bit_sample3_single_thought_operator,
rtl_native_front_guarded_parent_qd,RTLLM,Prob004_adder_8bit,combinational,3,01eaa3a9-6a8e-4195-b447-5b4765ec6c54,single_thought_operator,generation_log,0.381544128268,0.572316192402,39,2.27e-05,0,46,0.00301,0,0.152173913043,0.992458471761,0,/workspace/exp/useful_bd_push/t66_rtl_native_front_guarded_parent_20260623_160756_UTC/hard_tuning/rtl_native_front_guarded_parent_qd/seed_1001/openai_gpt-oss-120b/RTLLM/Prob004_adder_8bit/Gen3/Prob004_adder_8bit_sample4_single_thought_operator,
rtl_native_front_guarded_parent_qd,RTLLM,Prob004_adder_8bit,combinational,3,4ba69420-d53c-45ee-a992-d8061d503a6b,single_thought_operator,generation_log,0.381544128268,0.572316192402,39,2.27e-05,0,46,0.00301,0,0.152173913043,0.992458471761,0,/workspace/exp/useful_bd_push/t66_rtl_native_front_guarded_parent_20260623_160756_UTC/hard_tuning/rtl_native_front_guarded_parent_qd/seed_1001/openai_gpt-oss-120b/RTLLM/Prob004_adder_8bit/Gen3/Prob004_adder_8bit_sample5_single_thought_operator,
rtl_native_front_guarded_parent_qd,RTLLM,Prob004_adder_8bit,combinational,3,a6d369d1-646d-4747-8d66-b772b0c0386d,single_thought_operator,generation_log,0.381544128268,0.572316192402,39,2.27e-05,0,46,0.00301,0,0.152173913043,0.992458471761,0,/workspace/exp/useful_bd_push/t66_rtl_native_front_guarded_parent_20260623_160756_UTC/hard_tuning/rtl_native_front_guarded_parent_qd/seed_1001/openai_gpt-oss-120b/RTLLM/Prob004_adder_8bit/Gen3/Prob004_adder_8bit_sample6_single_thought_operator,
rtl_native_front_guarded_parent_qd,RTLLM,Prob004_adder_8bit,combinational,3,f201553d-b72e-4741-86de-ef8e649e083e,single_thought_operator,generation_log,0.381544128268,0.572316192402,39,2.27e-05,0,46,0.00301,0,0.152173913043,0.992458471761,0,/workspace/exp/useful_bd_push/t66_rtl_native_front_guarded_parent_20260623_160756_UTC/hard_tuning/rtl_native_front_guarded_parent_qd/seed_1001/openai_gpt-oss-120b/RTLLM/Prob004_adder_8bit/Gen3/Prob004_adder_8bit_sample7_single_thought_operator,
rtl_native_front_guarded_parent_qd,RTLLM,Prob004_adder_8bit,combinational,3,b3489276-d509-474b-85a6-21c8b34bb1e3,single_thought_operator,generation_log,0.381544128268,0.572316192402,39,2.27e-05,0,46,0.00301,0,0.152173913043,0.992458471761,0,/workspace/exp/useful_bd_push/t66_rtl_native_front_guarded_parent_20260623_160756_UTC/hard_tuning/rtl_native_front_guarded_parent_qd/seed_1001/openai_gpt-oss-120b/RTLLM/Prob004_adder_8bit/Gen3/Prob004_adder_8bit_sample8_single_thought_operator,
rtl_native_front_guarded_parent_qd,RTLLM,Prob004_adder_8bit,combinational,3,bd7955bf-0883-4b27-857d-e14b82b0da5e,single_thought_operator,generation_log,0.381544128268,0.572316192402,39,2.27e-05,0,46,0.00301,0,0.152173913043,0.992458471761,0,/workspace/exp/useful_bd_push/t66_rtl_native_front_guarded_parent_20260623_160756_UTC/hard_tuning/rtl_native_front_guarded_parent_qd/seed_1001/openai_gpt-oss-120b/RTLLM/Prob004_adder_8bit/Gen3/Prob004_adder_8bit_sample9_single_thought_operator,
rtl_native_front_guarded_parent_qd,RTLLM,Prob004_adder_8bit,combinational,3,7072286f-7de3-465b-973c-b6269645b9d0,single_thought_operator,generation_log,0.381544128268,0.572316192402,39,2.27e-05,0,46,0.00301,0,0.152173913043,0.992458471761,0,/workspace/exp/useful_bd_push/t66_rtl_native_front_guarded_parent_20260623_160756_UTC/hard_tuning/rtl_native_front_guarded_parent_qd/seed_1001/openai_gpt-oss-120b/RTLLM/Prob004_adder_8bit/Gen3/Prob004_adder_8bit_sample10_single_thought_operator,
rtl_native_front_guarded_parent_qd,RTLLM,Prob004_adder_8bit,combinational,3,8586d194-20ae-4bd8-bac4-6295db42e744,single_thought_operator,generation_log,0.381544128268,0.572316192402,39,2.27e-05,0,46,0.00301,0,0.152173913043,0.992458471761,0,/workspace/exp/useful_bd_push/t66_rtl_native_front_guarded_parent_20260623_160756_UTC/hard_tuning/rtl_native_front_guarded_parent_qd/seed_1001/openai_gpt-oss-120b/RTLLM/Prob004_adder_8bit/Gen3/Prob004_adder_8bit_sample11_single_thought_operator,
rtl_native_front_guarded_parent_qd,RTLLM,Prob004_adder_8bit,combinational,3,5db1e88e-633c-4852-9cce-6e349503e6e2,single_thought_operator,generation_log,0.381544128268,0.572316192402,39,2.27e-05,0,46,0.00301,0,0.152173913043,0.992458471761,0,/workspace/exp/useful_bd_push/t66_rtl_native_front_guarded_parent_20260623_160756_UTC/hard_tuning/rtl_native_front_guarded_parent_qd/seed_1001/openai_gpt-oss-120b/RTLLM/Prob004_adder_8bit/Gen3/Prob004_adder_8bit_sample12_single_thought_operator,
rtl_native_front_guarded_parent_qd,RTLLM,Prob015_multi_pipe_8bit,sequential,0,f4aa74ed-abcf-4e1c-a191-cf90893adbaa,initial,generation_log,-0.0451593478936,-0.0451593478936,685,0.106,1.03,980,0.0898,0.82,0.301020408163,-0.180400890869,-0.256097560976,/workspace/exp/useful_bd_push/t66_rtl_native_front_guarded_parent_20260623_160756_UTC/hard_tuning/rtl_native_front_guarded_parent_qd/seed_1001/openai_gpt-oss-120b/RTLLM/Prob015_multi_pipe_8bit/Gen0/Prob015_multi_pipe_8bit_sample3_initial,
rtl_native_front_guarded_parent_qd,RTLLM,Prob015_multi_pipe_8bit,sequential,0,c7711104-7dde-4822-8531-759c71f434ef,initial,generation_log,0.0231070982361,0.0231070982361,623,0.0911,1.05,980,0.0898,0.82,0.364285714286,-0.0144766146993,-0.280487804878,/workspace/exp/useful_bd_push/t66_rtl_native_front_guarded_parent_20260623_160756_UTC/hard_tuning/rtl_native_front_guarded_parent_qd/seed_1001/openai_gpt-oss-120b/RTLLM/Prob015_multi_pipe_8bit/Gen0/Prob015_multi_pipe_8bit_sample10_initial,
rtl_native_front_guarded_parent_qd,RTLLM,Prob015_multi_pipe_8bit,sequential,0,f1467d75-a79a-4aec-b337-46bbe21602f8,initial,generation_log,0.0334751783271,0.0334751783271,649,0.0914,1,980,0.0898,0.82,0.337755102041,-0.0178173719376,-0.219512195122,/workspace/exp/useful_bd_push/t66_rtl_native_front_guarded_parent_20260623_160756_UTC/hard_tuning/rtl_native_front_guarded_parent_qd/seed_1001/openai_gpt-oss-120b/RTLLM/Prob015_multi_pipe_8bit/Gen0/Prob015_multi_pipe_8bit_sample12_initial,
rtl_native_front_guarded_parent_qd,RTLLM,Prob015_multi_pipe_8bit,sequential,1,e9285593-2813-48aa-adc6-f6706204649a,single_thought_operator,generation_log,-0.00037766206488,-0.00037766206488,630,0.0935,1.08,980,0.0898,0.82,0.357142857143,-0.0412026726058,-0.317073170732,/workspace/exp/useful_bd_push/t66_rtl_native_front_guarded_parent_20260623_160756_UTC/hard_tuning/rtl_native_front_guarded_parent_qd/seed_1001/openai_gpt-oss-120b/RTLLM/Prob015_multi_pipe_8bit/Gen1/Prob015_multi_pipe_8bit_sample11_single_thought_operator,
rtl_native_front_guarded_parent_qd,RTLLM,Prob015_multi_pipe_8bit,sequential,2,2b01ea54-978f-42af-aefc-6637b6729dc4,single_thought_operator,generation_log,-0.0451593478936,-0.0451593478936,685,0.106,1.03,980,0.0898,0.82,0.301020408163,-0.180400890869,-0.256097560976,/workspace/exp/useful_bd_push/t66_rtl_native_front_guarded_parent_20260623_160756_UTC/hard_tuning/rtl_native_front_guarded_parent_qd/seed_1001/openai_gpt-oss-120b/RTLLM/Prob015_multi_pipe_8bit/Gen2/Prob015_multi_pipe_8bit_sample1_single_thought_operator,
rtl_native_front_guarded_parent_qd,RTLLM,Prob015_multi_pipe_8bit,sequential,2,0b3c5bc4-a13c-45c0-be1f-55f44c73299f,single_thought_operator,generation_log,-0.00037766206488,-0.00037766206488,630,0.0935,1.08,980,0.0898,0.82,0.357142857143,-0.0412026726058,-0.317073170732,/workspace/exp/useful_bd_push/t66_rtl_native_front_guarded_parent_20260623_160756_UTC/hard_tuning/rtl_native_front_guarded_parent_qd/seed_1001/openai_gpt-oss-120b/RTLLM/Prob015_multi_pipe_8bit/Gen2/Prob015_multi_pipe_8bit_sample2_single_thought_operator,
rtl_native_front_guarded_parent_qd,RTLLM,Prob015_multi_pipe_8bit,sequential,2,d7ae37be-c81d-49df-bf4b-7edeae709150,single_thought_operator,generation_log,-0.0759603683942,-0.0759603683942,708,0.11,1.05,980,0.0898,0.82,0.277551020408,-0.224944320713,-0.280487804878,/workspace/exp/useful_bd_push/t66_rtl_native_front_guarded_parent_20260623_160756_UTC/hard_tuning/rtl_native_front_guarded_parent_qd/seed_1001/openai_gpt-oss-120b/RTLLM/Prob015_multi_pipe_8bit/Gen2/Prob015_multi_pipe_8bit_sample7_single_thought_operator,
rtl_native_front_guarded_parent_qd,RTLLM,Prob015_multi_pipe_8bit,sequential,2,585ed819-fcdd-4cd1-b1fd-fa468f87e3d8,single_thought_operator,generation_log,-0.0275479532896,-0.0275479532896,667,0.104,1.02,980,0.0898,0.82,0.319387755102,-0.158129175947,-0.243902439024,/workspace/exp/useful_bd_push/t66_rtl_native_front_guarded_parent_20260623_160756_UTC/hard_tuning/rtl_native_front_guarded_parent_qd/seed_1001/openai_gpt-oss-120b/RTLLM/Prob015_multi_pipe_8bit/Gen2/Prob015_multi_pipe_8bit_sample8_single_thought_operator,
rtl_native_front_guarded_parent_qd,RTLLM,Prob015_multi_pipe_8bit,sequential,2,56062e5c-aeb5-41af-b56d-b0eb6af40e6f,single_thought_operator,generation_log,0.0527945329906,0.0527945329906,600,0.0874,1.03,980,0.0898,0.82,0.387755102041,0.0267260579065,-0.256097560976,/workspace/exp/useful_bd_push/t66_rtl_native_front_guarded_parent_20260623_160756_UTC/hard_tuning/rtl_native_front_guarded_parent_qd/seed_1001/openai_gpt-oss-120b/RTLLM/Prob015_multi_pipe_8bit/Gen2/Prob015_multi_pipe_8bit_sample9_single_thought_operator,
rtl_native_front_guarded_parent_qd,RTLLM,Prob015_multi_pipe_8bit,sequential,2,3737c67b-fc59-4cf8-969a-06b2f6b464cc,single_thought_operator,generation_log,0.0527945329906,0.0527945329906,600,0.0874,1.03,980,0.0898,0.82,0.387755102041,0.0267260579065,-0.256097560976,/workspace/exp/useful_bd_push/t66_rtl_native_front_guarded_parent_20260623_160756_UTC/hard_tuning/rtl_native_front_guarded_parent_qd/seed_1001/openai_gpt-oss-120b/RTLLM/Prob015_multi_pipe_8bit/Gen2/Prob015_multi_pipe_8bit_sample10_single_thought_operator,
rtl_native_front_guarded_parent_qd,RTLLM,Prob015_multi_pipe_8bit,sequential,2,ce280a1c-9ba6-4fef-9fd1-72b23117332b,single_thought_operator,generation_log,0.0527945329906,0.0527945329906,600,0.0874,1.03,980,0.0898,0.82,0.387755102041,0.0267260579065,-0.256097560976,/workspace/exp/useful_bd_push/t66_rtl_native_front_guarded_parent_20260623_160756_UTC/hard_tuning/rtl_native_front_guarded_parent_qd/seed_1001/openai_gpt-oss-120b/RTLLM/Prob015_multi_pipe_8bit/Gen2/Prob015_multi_pipe_8bit_sample12_single_thought_operator,
rtl_native_front_guarded_parent_qd,RTLLM,Prob015_multi_pipe_8bit,sequential,3,2f163bb1-7878-403c-a793-a86523f770aa,single_thought_operator,generation_log,-0.00037766206488,-0.00037766206488,630,0.0935,1.08,980,0.0898,0.82,0.357142857143,-0.0412026726058,-0.317073170732,/workspace/exp/useful_bd_push/t66_rtl_native_front_guarded_parent_20260623_160756_UTC/hard_tuning/rtl_native_front_guarded_parent_qd/seed_1001/openai_gpt-oss-120b/RTLLM/Prob015_multi_pipe_8bit/Gen3/Prob015_multi_pipe_8bit_sample1_single_thought_operator,
rtl_native_front_guarded_parent_qd,RTLLM,Prob015_multi_pipe_8bit,sequential,3,bc5a6377-c6a3-4249-af02-cca35a8e5b52,single_thought_operator,generation_log,-0.0451593478936,-0.0451593478936,685,0.106,1.03,980,0.0898,0.82,0.301020408163,-0.180400890869,-0.256097560976,/workspace/exp/useful_bd_push/t66_rtl_native_front_guarded_parent_20260623_160756_UTC/hard_tuning/rtl_native_front_guarded_parent_qd/seed_1001/openai_gpt-oss-120b/RTLLM/Prob015_multi_pipe_8bit/Gen3/Prob015_multi_pipe_8bit_sample4_single_thought_operator,
rtl_native_front_guarded_parent_qd,RTLLM,Prob015_multi_pipe_8bit,sequential,3,c0784efa-82b8-43be-ba19-0853550c9bf1,single_thought_operator,generation_log,0.243448062043,0.243448062043,608,0.0364,1.02,980,0.0898,0.82,0.379591836735,0.594654788419,-0.243902439024,/workspace/exp/useful_bd_push/t66_rtl_native_front_guarded_parent_20260623_160756_UTC/hard_tuning/rtl_native_front_guarded_parent_qd/seed_1001/openai_gpt-oss-120b/RTLLM/Prob015_multi_pipe_8bit/Gen3/Prob015_multi_pipe_8bit_sample5_single_thought_operator,
rtl_native_front_guarded_parent_qd,RTLLM,Prob015_multi_pipe_8bit,sequential,3,3b97cba0-5d8d-4ddc-aa7d-295b20c82256,single_thought_operator,generation_log,-0.142592409879,-0.142592409879,748,0.121,1.08,980,0.0898,0.82,0.236734693878,-0.347438752784,-0.317073170732,/workspace/exp/useful_bd_push/t66_rtl_native_front_guarded_parent_20260623_160756_UTC/hard_tuning/rtl_native_front_guarded_parent_qd/seed_1001/openai_gpt-oss-120b/RTLLM/Prob015_multi_pipe_8bit/Gen3/Prob015_multi_pipe_8bit_sample6_single_thought_operator,
rtl_native_front_guarded_parent_qd,RTLLM,Prob015_multi_pipe_8bit,sequential,3,128f4c30-21eb-4d58-aa29-b6c27e7f26f4,single_thought_operator,generation_log,0.0527945329906,0.0527945329906,600,0.0874,1.03,980,0.0898,0.82,0.387755102041,0.0267260579065,-0.256097560976,/workspace/exp/useful_bd_push/t66_rtl_native_front_guarded_parent_20260623_160756_UTC/hard_tuning/rtl_native_front_guarded_parent_qd/seed_1001/openai_gpt-oss-120b/RTLLM/Prob015_multi_pipe_8bit/Gen3/Prob015_multi_pipe_8bit_sample7_single_thought_operator,
rtl_native_front_guarded_parent_qd,RTLLM,Prob015_multi_pipe_8bit,sequential,3,9862214d-4bbd-4e0d-8483-b0ec2eb6d153,single_thought_operator,generation_log,0.0527945329906,0.0527945329906,600,0.0874,1.03,980,0.0898,0.82,0.387755102041,0.0267260579065,-0.256097560976,/workspace/exp/useful_bd_push/t66_rtl_native_front_guarded_parent_20260623_160756_UTC/hard_tuning/rtl_native_front_guarded_parent_qd/seed_1001/openai_gpt-oss-120b/RTLLM/Prob015_multi_pipe_8bit/Gen3/Prob015_multi_pipe_8bit_sample8_single_thought_operator,
rtl_native_front_guarded_parent_qd,RTLLM,Prob015_multi_pipe_8bit,sequential,3,d8b85b74-dc84-441d-9a74-2a32f9aa165c,single_thought_operator,generation_log,0.0527945329906,0.0527945329906,600,0.0874,1.03,980,0.0898,0.82,0.387755102041,0.0267260579065,-0.256097560976,/workspace/exp/useful_bd_push/t66_rtl_native_front_guarded_parent_20260623_160756_UTC/hard_tuning/rtl_native_front_guarded_parent_qd/seed_1001/openai_gpt-oss-120b/RTLLM/Prob015_multi_pipe_8bit/Gen3/Prob015_multi_pipe_8bit_sample9_single_thought_operator,
rtl_native_front_guarded_parent_qd,RTLLM,Prob015_multi_pipe_8bit,sequential,3,a029b351-8b2e-4f7a-981b-15e999309c1d,single_thought_operator,generation_log,0.0527945329906,0.0527945329906,600,0.0874,1.03,980,0.0898,0.82,0.387755102041,0.0267260579065,-0.256097560976,/workspace/exp/useful_bd_push/t66_rtl_native_front_guarded_parent_20260623_160756_UTC/hard_tuning/rtl_native_front_guarded_parent_qd/seed_1001/openai_gpt-oss-120b/RTLLM/Prob015_multi_pipe_8bit/Gen3/Prob015_multi_pipe_8bit_sample10_single_thought_operator,
rtl_native_front_guarded_parent_qd,RTLLM,Prob015_multi_pipe_8bit,sequential,3,fd460ac2-d4da-4a97-b5cc-19394c505c20,single_thought_operator,generation_log,-0.0394361231917,-0.0394361231917,690,0.104,1.03,980,0.0898,0.82,0.295918367347,-0.158129175947,-0.256097560976,/workspace/exp/useful_bd_push/t66_rtl_native_front_guarded_parent_20260623_160756_UTC/hard_tuning/rtl_native_front_guarded_parent_qd/seed_1001/openai_gpt-oss-120b/RTLLM/Prob015_multi_pipe_8bit/Gen3/Prob015_multi_pipe_8bit_sample11_single_thought_operator,
rtl_native_front_guarded_parent_qd,RTLLM,Prob024_fsm,combinational,1,475cbf20-5ab5-47d4-a805-6d0a893984f1,single_thought_operator,generation_log,0.469591283495,0.329386925242,29,0.00494,0.25,46,0.00695,0,0.369565217391,0.289208633094,-250000000000,/workspace/exp/useful_bd_push/t66_rtl_native_front_guarded_parent_20260623_160756_UTC/hard_tuning/rtl_native_front_guarded_parent_qd/seed_1001/openai_gpt-oss-120b/RTLLM/Prob024_fsm/Gen1/Prob024_fsm_sample4_single_thought_operator,
rtl_native_front_guarded_parent_qd,RTLLM,Prob024_fsm,combinational,1,cbb50521-2828-4579-83be-f42f2eba5da2,single_thought_operator,generation_log,0.168958398499,-0.116562402252,37,0.00993,0.26,46,0.00695,0,0.195652173913,-0.428776978417,-260000000000,/workspace/exp/useful_bd_push/t66_rtl_native_front_guarded_parent_20260623_160756_UTC/hard_tuning/rtl_native_front_guarded_parent_qd/seed_1001/openai_gpt-oss-120b/RTLLM/Prob024_fsm/Gen1/Prob024_fsm_sample5_single_thought_operator,
rtl_native_front_guarded_parent_qd,RTLLM,Prob024_fsm,combinational,1,0314b1fd-c492-46c4-b1e6-9003a2004578,single_thought_operator,generation_log,0.148762381399,-0.146856427901,38,0.0102,0.26,46,0.00695,0,0.173913043478,-0.467625899281,-260000000000,/workspace/exp/useful_bd_push/t66_rtl_native_front_guarded_parent_20260623_160756_UTC/hard_tuning/rtl_native_front_guarded_parent_qd/seed_1001/openai_gpt-oss-120b/RTLLM/Prob024_fsm/Gen1/Prob024_fsm_sample6_single_thought_operator,
rtl_native_front_guarded_parent_qd,RTLLM,Prob024_fsm,combinational,1,d90c51d6-98ea-43d7-ad4a-82a898b16b1b,single_thought_operator,generation_log,0.265517672818,0.0282765092274,34,0.00837,0.26,46,0.00695,0,0.260869565217,-0.204316546763,-260000000000,/workspace/exp/useful_bd_push/t66_rtl_native_front_guarded_parent_20260623_160756_UTC/hard_tuning/rtl_native_front_guarded_parent_qd/seed_1001/openai_gpt-oss-120b/RTLLM/Prob024_fsm/Gen1/Prob024_fsm_sample10_single_thought_operator,
rtl_native_front_guarded_parent_qd,RTLLM,Prob024_fsm,combinational,1,7e825961-db61-4ad3-aa5a-4bc26030c57a,single_thought_operator,generation_log,0.168958398499,-0.116562402252,37,0.00993,0.26,46,0.00695,0,0.195652173913,-0.428776978417,-260000000000,/workspace/exp/useful_bd_push/t66_rtl_native_front_guarded_parent_20260623_160756_UTC/hard_tuning/rtl_native_front_guarded_parent_qd/seed_1001/openai_gpt-oss-120b/RTLLM/Prob024_fsm/Gen1/Prob024_fsm_sample11_single_thought_operator,
rtl_native_front_guarded_parent_qd,RTLLM,Prob024_fsm,combinational,1,137ed2fa-0180-4412-8e1e-abf2684ab0b6,single_thought_operator,generation_log,0.470070899802,0.330106349703,29,0.00493,0.25,46,0.00695,0,0.369565217391,0.290647482014,-250000000000,/workspace/exp/useful_bd_push/t66_rtl_native_front_guarded_parent_20260623_160756_UTC/hard_tuning/rtl_native_front_guarded_parent_qd/seed_1001/openai_gpt-oss-120b/RTLLM/Prob024_fsm/Gen1/Prob024_fsm_sample12_single_thought_operator,
rtl_native_front_guarded_parent_qd,RTLLM,Prob024_fsm,combinational,2,8a76e7b4-4358-483c-81e2-8fbeaed80c30,single_thought_operator,generation_log,0.148762381399,-0.146856427901,38,0.0102,0.26,46,0.00695,0,0.173913043478,-0.467625899281,-260000000000,/workspace/exp/useful_bd_push/t66_rtl_native_front_guarded_parent_20260623_160756_UTC/hard_tuning/rtl_native_front_guarded_parent_qd/seed_1001/openai_gpt-oss-120b/RTLLM/Prob024_fsm/Gen2/Prob024_fsm_sample2_single_thought_operator,
rtl_native_front_guarded_parent_qd,RTLLM,Prob024_fsm,combinational,2,3c48acfa-85e1-4246-9822-6c24ef6038cd,single_thought_operator,generation_log,0.265517672818,0.0282765092274,34,0.00837,0.26,46,0.00695,0,0.260869565217,-0.204316546763,-260000000000,/workspace/exp/useful_bd_push/t66_rtl_native_front_guarded_parent_20260623_160756_UTC/hard_tuning/rtl_native_front_guarded_parent_qd/seed_1001/openai_gpt-oss-120b/RTLLM/Prob024_fsm/Gen2/Prob024_fsm_sample3_single_thought_operator,
rtl_native_front_guarded_parent_qd,RTLLM,Prob024_fsm,combinational,2,7bc058da-c2b6-41f4-b372-578fccd9fdda,single_thought_operator,generation_log,0.148762381399,-0.146856427901,38,0.0102,0.26,46,0.00695,0,0.173913043478,-0.467625899281,-260000000000,/workspace/exp/useful_bd_push/t66_rtl_native_front_guarded_parent_20260623_160756_UTC/hard_tuning/rtl_native_front_guarded_parent_qd/seed_1001/openai_gpt-oss-120b/RTLLM/Prob024_fsm/Gen2/Prob024_fsm_sample5_single_thought_operator,
rtl_native_front_guarded_parent_qd,RTLLM,Prob024_fsm,combinational,2,eb7f6d8b-b831-42e4-b8f9-5df5b90b4fd6,single_thought_operator,generation_log,0.168958398499,-0.116562402252,37,0.00993,0.26,46,0.00695,0,0.195652173913,-0.428776978417,-260000000000,/workspace/exp/useful_bd_push/t66_rtl_native_front_guarded_parent_20260623_160756_UTC/hard_tuning/rtl_native_front_guarded_parent_qd/seed_1001/openai_gpt-oss-120b/RTLLM/Prob024_fsm/Gen2/Prob024_fsm_sample7_single_thought_operator,
rtl_native_front_guarded_parent_qd,RTLLM,Prob024_fsm,combinational,2,eef46637-d5f3-462f-b05a-a19af76e431f,single_thought_operator,generation_log,0.148762381399,-0.146856427901,38,0.0102,0.26,46,0.00695,0,0.173913043478,-0.467625899281,-260000000000,/workspace/exp/useful_bd_push/t66_rtl_native_front_guarded_parent_20260623_160756_UTC/hard_tuning/rtl_native_front_guarded_parent_qd/seed_1001/openai_gpt-oss-120b/RTLLM/Prob024_fsm/Gen2/Prob024_fsm_sample9_single_thought_operator,
rtl_native_front_guarded_parent_qd,RTLLM,Prob024_fsm,combinational,2,6ba136b1-8b73-484b-9b88-2f6de0ff1c04,single_thought_operator,generation_log,0.470070899802,0.330106349703,29,0.00493,0.25,46,0.00695,0,0.369565217391,0.290647482014,-250000000000,/workspace/exp/useful_bd_push/t66_rtl_native_front_guarded_parent_20260623_160756_UTC/hard_tuning/rtl_native_front_guarded_parent_qd/seed_1001/openai_gpt-oss-120b/RTLLM/Prob024_fsm/Gen2/Prob024_fsm_sample11_single_thought_operator,
rtl_native_front_guarded_parent_qd,RTLLM,Prob024_fsm,combinational,2,a28226f6-d771-4f88-841b-e16d443945b6,single_thought_operator,generation_log,0.148762381399,-0.146856427901,38,0.0102,0.26,46,0.00695,0,0.173913043478,-0.467625899281,-260000000000,/workspace/exp/useful_bd_push/t66_rtl_native_front_guarded_parent_20260623_160756_UTC/hard_tuning/rtl_native_front_guarded_parent_qd/seed_1001/openai_gpt-oss-120b/RTLLM/Prob024_fsm/Gen2/Prob024_fsm_sample12_single_thought_operator,
rtl_native_front_guarded_parent_qd,RTLLM,Prob024_fsm,combinational,3,50fa6e8d-2a31-4b64-ad0b-d0c35e3f9808,single_thought_operator,generation_log,0.168958398499,-0.116562402252,37,0.00993,0.26,46,0.00695,0,0.195652173913,-0.428776978417,-260000000000,/workspace/exp/useful_bd_push/t66_rtl_native_front_guarded_parent_20260623_160756_UTC/hard_tuning/rtl_native_front_guarded_parent_qd/seed_1001/openai_gpt-oss-120b/RTLLM/Prob024_fsm/Gen3/Prob024_fsm_sample4_single_thought_operator,
rtl_native_front_guarded_parent_qd,RTLLM,Prob024_fsm,combinational,3,b97adc48-0b8e-4320-942f-36988f546f90,single_thought_operator,generation_log,0.265517672818,0.0282765092274,34,0.00837,0.26,46,0.00695,0,0.260869565217,-0.204316546763,-260000000000,/workspace/exp/useful_bd_push/t66_rtl_native_front_guarded_parent_20260623_160756_UTC/hard_tuning/rtl_native_front_guarded_parent_qd/seed_1001/openai_gpt-oss-120b/RTLLM/Prob024_fsm/Gen3/Prob024_fsm_sample5_single_thought_operator,
rtl_native_front_guarded_parent_qd,RTLLM,Prob024_fsm,combinational,3,bfbc7278-b8e2-4167-967a-48cb41021faf,single_thought_operator,generation_log,0.265517672818,0.0282765092274,34,0.00837,0.26,46,0.00695,0,0.260869565217,-0.204316546763,-260000000000,/workspace/exp/useful_bd_push/t66_rtl_native_front_guarded_parent_20260623_160756_UTC/hard_tuning/rtl_native_front_guarded_parent_qd/seed_1001/openai_gpt-oss-120b/RTLLM/Prob024_fsm/Gen3/Prob024_fsm_sample7_single_thought_operator,
rtl_native_front_guarded_parent_qd,RTLLM,Prob024_fsm,combinational,3,80bc4da5-3e18-4556-8eed-fda0d2b58786,single_thought_operator,generation_log,0.168958398499,-0.116562402252,37,0.00993,0.26,46,0.00695,0,0.195652173913,-0.428776978417,-260000000000,/workspace/exp/useful_bd_push/t66_rtl_native_front_guarded_parent_20260623_160756_UTC/hard_tuning/rtl_native_front_guarded_parent_qd/seed_1001/openai_gpt-oss-120b/RTLLM/Prob024_fsm/Gen3/Prob024_fsm_sample10_single_thought_operator,
rtl_native_front_guarded_parent_qd,RTLLM,Prob024_fsm,combinational,3,47a1533e-523c-4751-a944-4f00aad976be,single_thought_operator,generation_log,0.265997289125,0.0289959336878,34,0.00836,0.26,46,0.00695,0,0.260869565217,-0.202877697842,-260000000000,/workspace/exp/useful_bd_push/t66_rtl_native_front_guarded_parent_20260623_160756_UTC/hard_tuning/rtl_native_front_guarded_parent_qd/seed_1001/openai_gpt-oss-120b/RTLLM/Prob024_fsm/Gen3/Prob024_fsm_sample11_single_thought_operator,
rtl_native_front_guarded_parent_qd,RTLLM,Prob024_fsm,combinational,3,43a964d8-2860-4ce5-8b1b-f72f22bb89a7,single_thought_operator,generation_log,0.469591283495,0.329386925242,29,0.00494,0.25,46,0.00695,0,0.369565217391,0.289208633094,-250000000000,/workspace/exp/useful_bd_push/t66_rtl_native_front_guarded_parent_20260623_160756_UTC/hard_tuning/rtl_native_front_guarded_parent_qd/seed_1001/openai_gpt-oss-120b/RTLLM/Prob024_fsm/Gen3/Prob024_fsm_sample12_single_thought_operator,
rtl_native_front_guarded_parent_qd,RTLLM,Prob037_parallel2serial,sequential,0,50ccd086-950b-4148-80f3-ba54166d5134,initial,generation_log,-0.0105976616793,-0.0105976616793,53,0.00457,0.26,50,0.00453,0.27,-0.06,-0.00883002207506,0.037037037037,/workspace/exp/useful_bd_push/t66_rtl_native_front_guarded_parent_20260623_160756_UTC/hard_tuning/rtl_native_front_guarded_parent_qd/seed_1001/openai_gpt-oss-120b/RTLLM/Prob037_parallel2serial/Gen0/Prob037_parallel2serial_sample3_initial,
rtl_native_front_guarded_parent_qd,RTLLM,Prob037_parallel2serial,sequential,0,d5f04f13-9fd9-4ca3-8e3c-2d8764ab50a6,initial,generation_log,-0,0,50,0.00453,0.27,50,0.00453,0.27,0,0,0,/workspace/exp/useful_bd_push/t66_rtl_native_front_guarded_parent_20260623_160756_UTC/hard_tuning/rtl_native_front_guarded_parent_qd/seed_1001/openai_gpt-oss-120b/RTLLM/Prob037_parallel2serial/Gen0/Prob037_parallel2serial_sample4_initial,
rtl_native_front_guarded_parent_qd,RTLLM,Prob037_parallel2serial,sequential,0,4e8eaa5e-f4f2-4d9d-a4a3-b062b32fb2a5,initial,generation_log,-0,0,50,0.00453,0.27,50,0.00453,0.27,0,0,0,/workspace/exp/useful_bd_push/t66_rtl_native_front_guarded_parent_20260623_160756_UTC/hard_tuning/rtl_native_front_guarded_parent_qd/seed_1001/openai_gpt-oss-120b/RTLLM/Prob037_parallel2serial/Gen0/Prob037_parallel2serial_sample5_initial,
rtl_native_front_guarded_parent_qd,RTLLM,Prob037_parallel2serial,sequential,0,c243a0b7-0e23-4f67-9722-d4222aa0c03a,initial,generation_log,-0,0,50,0.00453,0.27,50,0.00453,0.27,0,0,0,/workspace/exp/useful_bd_push/t66_rtl_native_front_guarded_parent_20260623_160756_UTC/hard_tuning/rtl_native_front_guarded_parent_qd/seed_1001/openai_gpt-oss-120b/RTLLM/Prob037_parallel2serial/Gen0/Prob037_parallel2serial_sample6_initial,
rtl_native_front_guarded_parent_qd,RTLLM,Prob037_parallel2serial,sequential,0,eb8f0b93-c87b-4e33-8b81-8817c2954f52,initial,generation_log,-0,0,50,0.00453,0.27,50,0.00453,0.27,0,0,0,/workspace/exp/useful_bd_push/t66_rtl_native_front_guarded_parent_20260623_160756_UTC/hard_tuning/rtl_native_front_guarded_parent_qd/seed_1001/openai_gpt-oss-120b/RTLLM/Prob037_parallel2serial/Gen0/Prob037_parallel2serial_sample7_initial,
rtl_native_front_guarded_parent_qd,RTLLM,Prob037_parallel2serial,sequential,0,590826fe-ed2d-4e4f-9773-3debc35543c3,initial,generation_log,-0.0252702150274,-0.0252702150274,52,0.00486,0.26,50,0.00453,0.27,-0.04,-0.0728476821192,0.037037037037,/workspace/exp/useful_bd_push/t66_rtl_native_front_guarded_parent_20260623_160756_UTC/hard_tuning/rtl_native_front_guarded_parent_qd/seed_1001/openai_gpt-oss-120b/RTLLM/Prob037_parallel2serial/Gen0/Prob037_parallel2serial_sample8_initial,
rtl_native_front_guarded_parent_qd,RTLLM,Prob037_parallel2serial,sequential,0,74b85fdc-4c83-4141-a61b-00b94a974610,initial,generation_log,-0,0,50,0.00453,0.27,50,0.00453,0.27,0,0,0,/workspace/exp/useful_bd_push/t66_rtl_native_front_guarded_parent_20260623_160756_UTC/hard_tuning/rtl_native_front_guarded_parent_qd/seed_1001/openai_gpt-oss-120b/RTLLM/Prob037_parallel2serial/Gen0/Prob037_parallel2serial_sample10_initial,
rtl_native_front_guarded_parent_qd,RTLLM,Prob037_parallel2serial,sequential,0,04ecd2ba-4ee0-4d4f-bdf2-4691693962d9,initial,generation_log,-0.00972937617529,-0.00972937617529,50,0.00483,0.26,50,0.00453,0.27,0,-0.0662251655629,0.037037037037,/workspace/exp/useful_bd_push/t66_rtl_native_front_guarded_parent_20260623_160756_UTC/hard_tuning/rtl_native_front_guarded_parent_qd/seed_1001/openai_gpt-oss-120b/RTLLM/Prob037_parallel2serial/Gen0/Prob037_parallel2serial_sample11_initial,
rtl_native_front_guarded_parent_qd,RTLLM,Prob037_parallel2serial,sequential,1,cc679392-cdc1-4518-8129-af9a97f431d6,single_thought_operator,generation_log,-0.00972937617529,-0.00972937617529,50,0.00483,0.26,50,0.00453,0.27,0,-0.0662251655629,0.037037037037,/workspace/exp/useful_bd_push/t66_rtl_native_front_guarded_parent_20260623_160756_UTC/hard_tuning/rtl_native_front_guarded_parent_qd/seed_1001/openai_gpt-oss-120b/RTLLM/Prob037_parallel2serial/Gen1/Prob037_parallel2serial_sample6_single_thought_operator,
rtl_native_front_guarded_parent_qd,RTLLM,Prob037_parallel2serial,sequential,1,3da1847d-b762-4487-bfce-e3a3e6f572ab,single_thought_operator,generation_log,-0,0,50,0.00453,0.27,50,0.00453,0.27,0,0,0,/workspace/exp/useful_bd_push/t66_rtl_native_front_guarded_parent_20260623_160756_UTC/hard_tuning/rtl_native_front_guarded_parent_qd/seed_1001/openai_gpt-oss-120b/RTLLM/Prob037_parallel2serial/Gen1/Prob037_parallel2serial_sample12_single_thought_operator,
rtl_native_front_guarded_parent_qd,RTLLM,Prob037_parallel2serial,sequential,2,204c20c5-46b7-440a-9ab8-4d5d5ff87711,single_thought_operator,generation_log,-0.0105976616793,-0.0105976616793,53,0.00457,0.26,50,0.00453,0.27,-0.06,-0.00883002207506,0.037037037037,/workspace/exp/useful_bd_push/t66_rtl_native_front_guarded_parent_20260623_160756_UTC/hard_tuning/rtl_native_front_guarded_parent_qd/seed_1001/openai_gpt-oss-120b/RTLLM/Prob037_parallel2serial/Gen2/Prob037_parallel2serial_sample1_single_thought_operator,
rtl_native_front_guarded_parent_qd,RTLLM,Prob037_parallel2serial,sequential,2,5b2851a7-a862-4658-8ef1-5d4c7d550e9c,single_thought_operator,generation_log,-0.00972937617529,-0.00972937617529,50,0.00483,0.26,50,0.00453,0.27,0,-0.0662251655629,0.037037037037,/workspace/exp/useful_bd_push/t66_rtl_native_front_guarded_parent_20260623_160756_UTC/hard_tuning/rtl_native_front_guarded_parent_qd/seed_1001/openai_gpt-oss-120b/RTLLM/Prob037_parallel2serial/Gen2/Prob037_parallel2serial_sample2_single_thought_operator,
rtl_native_front_guarded_parent_qd,RTLLM,Prob037_parallel2serial,sequential,2,5acce41d-f71e-4b71-b9c1-2f440b785845,single_thought_operator,generation_log,-0,0,50,0.00453,0.27,50,0.00453,0.27,0,0,0,/workspace/exp/useful_bd_push/t66_rtl_native_front_guarded_parent_20260623_160756_UTC/hard_tuning/rtl_native_front_guarded_parent_qd/seed_1001/openai_gpt-oss-120b/RTLLM/Prob037_parallel2serial/Gen2/Prob037_parallel2serial_sample3_single_thought_operator,
rtl_native_front_guarded_parent_qd,RTLLM,Prob037_parallel2serial,sequential,2,39121801-728c-486c-bef3-3383df9b42d4,single_thought_operator,generation_log,-0,0,50,0.00453,0.27,50,0.00453,0.27,0,0,0,/workspace/exp/useful_bd_push/t66_rtl_native_front_guarded_parent_20260623_160756_UTC/hard_tuning/rtl_native_front_guarded_parent_qd/seed_1001/openai_gpt-oss-120b/RTLLM/Prob037_parallel2serial/Gen2/Prob037_parallel2serial_sample4_single_thought_operator,
rtl_native_front_guarded_parent_qd,RTLLM,Prob037_parallel2serial,sequential,2,3247c10f-e041-45a5-b302-ba82ac447ab9,single_thought_operator,generation_log,-0,0,50,0.00453,0.27,50,0.00453,0.27,0,0,0,/workspace/exp/useful_bd_push/t66_rtl_native_front_guarded_parent_20260623_160756_UTC/hard_tuning/rtl_native_front_guarded_parent_qd/seed_1001/openai_gpt-oss-120b/RTLLM/Prob037_parallel2serial/Gen2/Prob037_parallel2serial_sample9_single_thought_operator,
rtl_native_front_guarded_parent_qd,RTLLM,Prob037_parallel2serial,sequential,3,1b495e8c-2a20-49c3-9617-85b1816f4a73,single_thought_operator,generation_log,-0.00972937617529,-0.00972937617529,50,0.00483,0.26,50,0.00453,0.27,0,-0.0662251655629,0.037037037037,/workspace/exp/useful_bd_push/t66_rtl_native_front_guarded_parent_20260623_160756_UTC/hard_tuning/rtl_native_front_guarded_parent_qd/seed_1001/openai_gpt-oss-120b/RTLLM/Prob037_parallel2serial/Gen3/Prob037_parallel2serial_sample1_single_thought_operator,
rtl_native_front_guarded_parent_qd,RTLLM,Prob037_parallel2serial,sequential,3,b3706756-916c-4664-a21a-34303172f487,single_thought_operator,generation_log,-0,0,50,0.00453,0.27,50,0.00453,0.27,0,0,0,/workspace/exp/useful_bd_push/t66_rtl_native_front_guarded_parent_20260623_160756_UTC/hard_tuning/rtl_native_front_guarded_parent_qd/seed_1001/openai_gpt-oss-120b/RTLLM/Prob037_parallel2serial/Gen3/Prob037_parallel2serial_sample3_single_thought_operator,
rtl_native_front_guarded_parent_qd,RTLLM,Prob037_parallel2serial,sequential,3,19ff4d37-3443-4d3b-834c-b9298bbab091,single_thought_operator,generation_log,-0.00972937617529,-0.00972937617529,50,0.00483,0.26,50,0.00453,0.27,0,-0.0662251655629,0.037037037037,/workspace/exp/useful_bd_push/t66_rtl_native_front_guarded_parent_20260623_160756_UTC/hard_tuning/rtl_native_front_guarded_parent_qd/seed_1001/openai_gpt-oss-120b/RTLLM/Prob037_parallel2serial/Gen3/Prob037_parallel2serial_sample4_single_thought_operator,
rtl_native_front_guarded_parent_qd,RTLLM,Prob037_parallel2serial,sequential,3,3f99473b-118e-4dc8-9541-76ea63b03fae,single_thought_operator,generation_log,-0,0,50,0.00453,0.27,50,0.00453,0.27,0,0,0,/workspace/exp/useful_bd_push/t66_rtl_native_front_guarded_parent_20260623_160756_UTC/hard_tuning/rtl_native_front_guarded_parent_qd/seed_1001/openai_gpt-oss-120b/RTLLM/Prob037_parallel2serial/Gen3/Prob037_parallel2serial_sample6_single_thought_operator,
rtl_native_front_guarded_parent_qd,RTLLM,Prob037_parallel2serial,sequential,3,3456c1d4-8e7d-492b-8880-1f83f0185731,single_thought_operator,generation_log,-0.00972937617529,-0.00972937617529,50,0.00483,0.26,50,0.00453,0.27,0,-0.0662251655629,0.037037037037,/workspace/exp/useful_bd_push/t66_rtl_native_front_guarded_parent_20260623_160756_UTC/hard_tuning/rtl_native_front_guarded_parent_qd/seed_1001/openai_gpt-oss-120b/RTLLM/Prob037_parallel2serial/Gen3/Prob037_parallel2serial_sample7_single_thought_operator,
rtl_native_front_guarded_parent_qd,RTLLM,Prob037_parallel2serial,sequential,3,edcb0b2d-a563-4f36-beb9-2e2bafe4f44a,single_thought_operator,generation_log,-0.00972937617529,-0.00972937617529,50,0.00483,0.26,50,0.00453,0.27,0,-0.0662251655629,0.037037037037,/workspace/exp/useful_bd_push/t66_rtl_native_front_guarded_parent_20260623_160756_UTC/hard_tuning/rtl_native_front_guarded_parent_qd/seed_1001/openai_gpt-oss-120b/RTLLM/Prob037_parallel2serial/Gen3/Prob037_parallel2serial_sample9_single_thought_operator,
rtl_native_front_guarded_parent_qd,RTLLM,Prob041_traffic_light,combinational,0,9ec5bf55-3cc9-46b5-8c53-2877aa47b16c,initial,generation_log,-0.080464778504,-0.120697167756,189,0.0366,0,170,0.0324,0,-0.111764705882,-0.12962962963,0,/workspace/exp/useful_bd_push/t66_rtl_native_front_guarded_parent_20260623_160756_UTC/hard_tuning/rtl_native_front_guarded_parent_qd/seed_1001/openai_gpt-oss-120b/RTLLM/Prob041_traffic_light/Gen0/Prob041_traffic_light_sample4_initial,
rtl_native_front_guarded_parent_qd,RTLLM,Prob041_traffic_light,combinational,0,3572a7e2-d3b1-4896-8580-fa466aa0382f,initial,generation_log,-0.0126361655773,-0.018954248366,167,0.0342,0,170,0.0324,0,0.0176470588235,-0.0555555555556,0,/workspace/exp/useful_bd_push/t66_rtl_native_front_guarded_parent_20260623_160756_UTC/hard_tuning/rtl_native_front_guarded_parent_qd/seed_1001/openai_gpt-oss-120b/RTLLM/Prob041_traffic_light/Gen0/Prob041_traffic_light_sample5_initial,
rtl_native_front_guarded_parent_qd,RTLLM,Prob041_traffic_light,combinational,0,aa3b997b-3d26-433c-9661-c29bda1874ba,initial,generation_log,0.133938513677,0.200907770516,172,0.019,0,170,0.0324,0,-0.0117647058824,0.413580246914,0,/workspace/exp/useful_bd_push/t66_rtl_native_front_guarded_parent_20260623_160756_UTC/hard_tuning/rtl_native_front_guarded_parent_qd/seed_1001/openai_gpt-oss-120b/RTLLM/Prob041_traffic_light/Gen0/Prob041_traffic_light_sample8_initial,
rtl_native_front_guarded_parent_qd,RTLLM,Prob041_traffic_light,combinational,0,eaa20ffd-9f37-4066-9cab-24252aa6786a,initial,generation_log,0.262403171145,0.393604756718,203,0.000605,0,170,0.0324,0,-0.194117647059,0.981327160494,0,/workspace/exp/useful_bd_push/t66_rtl_native_front_guarded_parent_20260623_160756_UTC/hard_tuning/rtl_native_front_guarded_parent_qd/seed_1001/openai_gpt-oss-120b/RTLLM/Prob041_traffic_light/Gen0/Prob041_traffic_light_sample9_initial,
rtl_native_front_guarded_parent_qd,RTLLM,Prob041_traffic_light,combinational,1,17480c1d-f4f6-480e-94f0-ffb8df240b0a,single_thought_operator,generation_log,0.232631324135,0.348946986202,150,0.0136,0,170,0.0324,0,0.117647058824,0.58024691358,0,/workspace/exp/useful_bd_push/t66_rtl_native_front_guarded_parent_20260623_160756_UTC/hard_tuning/rtl_native_front_guarded_parent_qd/seed_1001/openai_gpt-oss-120b/RTLLM/Prob041_traffic_light/Gen1/Prob041_traffic_light_sample1_single_thought_operator,
rtl_native_front_guarded_parent_qd,RTLLM,Prob041_traffic_light,combinational,1,8041929b-471d-4325-a62c-04ef16783759,single_thought_operator,generation_log,0.399337327524,0.599005991285,135,0.000255,0,170,0.0324,0,0.205882352941,0.99212962963,0,/workspace/exp/useful_bd_push/t66_rtl_native_front_guarded_parent_20260623_160756_UTC/hard_tuning/rtl_native_front_guarded_parent_qd/seed_1001/openai_gpt-oss-120b/RTLLM/Prob041_traffic_light/Gen1/Prob041_traffic_light_sample2_single_thought_operator,
rtl_native_front_guarded_parent_qd,RTLLM,Prob041_traffic_light,combinational,1,4f4f8035-940e-4a14-afd2-fa2f50364638,single_thought_operator,generation_log,0.0299564270153,0.0449346405229,150,0.0333,0,170,0.0324,0,0.117647058824,-0.0277777777778,0,/workspace/exp/useful_bd_push/t66_rtl_native_front_guarded_parent_20260623_160756_UTC/hard_tuning/rtl_native_front_guarded_parent_qd/seed_1001/openai_gpt-oss-120b/RTLLM/Prob041_traffic_light/Gen1/Prob041_traffic_light_sample3_single_thought_operator,
rtl_native_front_guarded_parent_qd,RTLLM,Prob041_traffic_light,combinational,1,3ec8872c-e82c-47bf-861a-b980a137237e,single_thought_operator,generation_log,0.0749334301622,0.112400145243,147,0.0295,0,170,0.0324,0,0.135294117647,0.0895061728395,0,/workspace/exp/useful_bd_push/t66_rtl_native_front_guarded_parent_20260623_160756_UTC/hard_tuning/rtl_native_front_guarded_parent_qd/seed_1001/openai_gpt-oss-120b/RTLLM/Prob041_traffic_light/Gen1/Prob041_traffic_light_sample4_single_thought_operator,
rtl_native_front_guarded_parent_qd,RTLLM,Prob041_traffic_light,combinational,1,a8b75572-1e1a-483d-95e4-169059bd887f,single_thought_operator,generation_log,0.152166545631,0.228249818446,169,0.0178,0,170,0.0324,0,0.00588235294118,0.450617283951,0,/workspace/exp/useful_bd_push/t66_rtl_native_front_guarded_parent_20260623_160756_UTC/hard_tuning/rtl_native_front_guarded_parent_qd/seed_1001/openai_gpt-oss-120b/RTLLM/Prob041_traffic_light/Gen1/Prob041_traffic_light_sample7_single_thought_operator,
rtl_native_front_guarded_parent_qd,RTLLM,Prob041_traffic_light,combinational,1,7bfa52ea-d1a0-446a-9dab-984c065bf015,single_thought_operator,generation_log,0.29295691116,0.439435366739,188,0.000494,0,170,0.0324,0,-0.105882352941,0.98475308642,0,/workspace/exp/useful_bd_push/t66_rtl_native_front_guarded_parent_20260623_160756_UTC/hard_tuning/rtl_native_front_guarded_parent_qd/seed_1001/openai_gpt-oss-120b/RTLLM/Prob041_traffic_light/Gen1/Prob041_traffic_light_sample10_single_thought_operator,
rtl_native_front_guarded_parent_qd,RTLLM,Prob041_traffic_light,combinational,1,1719cfe2-5f1c-474a-a790-7c9c6ca004e6,single_thought_operator,generation_log,0.230670539821,0.346005809731,151,0.0136,0,170,0.0324,0,0.111764705882,0.58024691358,0,/workspace/exp/useful_bd_push/t66_rtl_native_front_guarded_parent_20260623_160756_UTC/hard_tuning/rtl_native_front_guarded_parent_qd/seed_1001/openai_gpt-oss-120b/RTLLM/Prob041_traffic_light/Gen1/Prob041_traffic_light_sample11_single_thought_operator,
rtl_native_front_guarded_parent_qd,RTLLM,Prob041_traffic_light,combinational,2,3371d257-a5a2-443b-b624-b41af755a05a,single_thought_operator,generation_log,0.0609174534011,0.0913761801017,151,0.0301,0,170,0.0324,0,0.111764705882,0.070987654321,0,/workspace/exp/useful_bd_push/t66_rtl_native_front_guarded_parent_20260623_160756_UTC/hard_tuning/rtl_native_front_guarded_parent_qd/seed_1001/openai_gpt-oss-120b/RTLLM/Prob041_traffic_light/Gen2/Prob041_traffic_light_sample2_single_thought_operator,
rtl_native_front_guarded_parent_qd,RTLLM,Prob041_traffic_light,combinational,2,0a1b020f-98ca-458e-86d7-0f801ef2e62f,single_thought_operator,generation_log,0.308605664488,0.462908496732,159,0.0045,0,170,0.0324,0,0.0647058823529,0.861111111111,0,/workspace/exp/useful_bd_push/t66_rtl_native_front_guarded_parent_20260623_160756_UTC/hard_tuning/rtl_native_front_guarded_parent_qd/seed_1001/openai_gpt-oss-120b/RTLLM/Prob041_traffic_light/Gen2/Prob041_traffic_light_sample7_single_thought_operator,
rtl_native_front_guarded_parent_qd,RTLLM,Prob041_traffic_light,combinational,2,ffe9a662-eb1c-402e-8461-4236296208b5,single_thought_operator,generation_log,0.0340716533527,0.051107480029,150,0.0329,0,170,0.0324,0,0.117647058824,-0.0154320987654,0,/workspace/exp/useful_bd_push/t66_rtl_native_front_guarded_parent_20260623_160756_UTC/hard_tuning/rtl_native_front_guarded_parent_qd/seed_1001/openai_gpt-oss-120b/RTLLM/Prob041_traffic_light/Gen2/Prob041_traffic_light_sample8_single_thought_operator,
rtl_native_front_guarded_parent_qd,RTLLM,Prob041_traffic_light,combinational,2,725dbb98-949b-40a6-8750-a335694012bc,single_thought_operator,generation_log,0.362716049383,0.544074074074,153,0.000384,0,170,0.0324,0,0.1,0.988148148148,0,/workspace/exp/useful_bd_push/t66_rtl_native_front_guarded_parent_20260623_160756_UTC/hard_tuning/rtl_native_front_guarded_parent_qd/seed_1001/openai_gpt-oss-120b/RTLLM/Prob041_traffic_light/Gen2/Prob041_traffic_light_sample9_single_thought_operator,
rtl_native_front_guarded_parent_qd,RTLLM,Prob041_traffic_light,combinational,2,d963dafd-30a2-4478-b077-835ec1122b4c,single_thought_operator,generation_log,-0.0550956184943,-0.0826434277415,196,0.0328,0,170,0.0324,0,-0.152941176471,-0.0123456790123,0,/workspace/exp/useful_bd_push/t66_rtl_native_front_guarded_parent_20260623_160756_UTC/hard_tuning/rtl_native_front_guarded_parent_qd/seed_1001/openai_gpt-oss-120b/RTLLM/Prob041_traffic_light/Gen2/Prob041_traffic_light_sample10_single_thought_operator,
rtl_native_front_guarded_parent_qd,RTLLM,Prob041_traffic_light,combinational,2,387bdaee-bd6d-4e81-b04b-60cd76f72a23,single_thought_operator,generation_log,0.0619462599855,0.0929193899782,151,0.03,0,170,0.0324,0,0.111764705882,0.0740740740741,0,/workspace/exp/useful_bd_push/t66_rtl_native_front_guarded_parent_20260623_160756_UTC/hard_tuning/rtl_native_front_guarded_parent_qd/seed_1001/openai_gpt-oss-120b/RTLLM/Prob041_traffic_light/Gen2/Prob041_traffic_light_sample11_single_thought_operator,
rtl_native_front_guarded_parent_qd,RTLLM,Prob041_traffic_light,combinational,2,6decdc57-0190-4e73-a999-1b4eaf54754a,single_thought_operator,generation_log,0.356730815783,0.535096223675,156,0.000394,0,170,0.0324,0,0.0823529411765,0.987839506173,0,/workspace/exp/useful_bd_push/t66_rtl_native_front_guarded_parent_20260623_160756_UTC/hard_tuning/rtl_native_front_guarded_parent_qd/seed_1001/openai_gpt-oss-120b/RTLLM/Prob041_traffic_light/Gen2/Prob041_traffic_light_sample12_single_thought_operator,
rtl_native_front_guarded_parent_qd,RTLLM,Prob041_traffic_light,combinational,3,e0c919bc-6fc3-4ccf-becc-0d640f0d5398,single_thought_operator,generation_log,0.0201282982329,0.0301924473493,176,0.0293,0,170,0.0324,0,-0.0352941176471,0.0956790123457,0,/workspace/exp/useful_bd_push/t66_rtl_native_front_guarded_parent_20260623_160756_UTC/hard_tuning/rtl_native_front_guarded_parent_qd/seed_1001/openai_gpt-oss-120b/RTLLM/Prob041_traffic_light/Gen3/Prob041_traffic_light_sample2_single_thought_operator,
rtl_native_front_guarded_parent_qd,RTLLM,Prob041_traffic_light,combinational,3,f3e988f3-ad13-4757-902f-1da9411f7ce2,single_thought_operator,generation_log,0.393053740015,0.589580610022,138,0.000294,0,170,0.0324,0,0.188235294118,0.990925925926,0,/workspace/exp/useful_bd_push/t66_rtl_native_front_guarded_parent_20260623_160756_UTC/hard_tuning/rtl_native_front_guarded_parent_qd/seed_1001/openai_gpt-oss-120b/RTLLM/Prob041_traffic_light/Gen3/Prob041_traffic_light_sample3_single_thought_operator,
rtl_native_front_guarded_parent_qd,RTLLM,Prob041_traffic_light,combinational,3,fc60df11-8733-4640-8a12-0c92414cba46,single_thought_operator,generation_log,0.389132171387,0.583698257081,140,0.000294,0,170,0.0324,0,0.176470588235,0.990925925926,0,/workspace/exp/useful_bd_push/t66_rtl_native_front_guarded_parent_20260623_160756_UTC/hard_tuning/rtl_native_front_guarded_parent_qd/seed_1001/openai_gpt-oss-120b/RTLLM/Prob041_traffic_light/Gen3/Prob041_traffic_light_sample5_single_thought_operator,
rtl_native_front_guarded_parent_qd,RTLLM,Prob041_traffic_light,combinational,3,597b3076-d3e7-4b4d-aff0-eb76115f7037,single_thought_operator,generation_log,0.0340716533527,0.051107480029,150,0.0329,0,170,0.0324,0,0.117647058824,-0.0154320987654,0,/workspace/exp/useful_bd_push/t66_rtl_native_front_guarded_parent_20260623_160756_UTC/hard_tuning/rtl_native_front_guarded_parent_qd/seed_1001/openai_gpt-oss-120b/RTLLM/Prob041_traffic_light/Gen3/Prob041_traffic_light_sample6_single_thought_operator,
rtl_native_front_guarded_parent_qd,RTLLM,Prob041_traffic_light,combinational,3,386900d0-dd17-4d79-8eee-595a8d8830bb,single_thought_operator,generation_log,0.364970951344,0.547456427015,151,0.000546,0,170,0.0324,0,0.111764705882,0.983148148148,0,/workspace/exp/useful_bd_push/t66_rtl_native_front_guarded_parent_20260623_160756_UTC/hard_tuning/rtl_native_front_guarded_parent_qd/seed_1001/openai_gpt-oss-120b/RTLLM/Prob041_traffic_light/Gen3/Prob041_traffic_light_sample7_single_thought_operator,
rtl_native_front_guarded_parent_qd,RTLLM,Prob041_traffic_light,combinational,3,f78c991c-a488-4f8d-b91f-5959044ca302,single_thought_operator,generation_log,0.362716049383,0.544074074074,153,0.000384,0,170,0.0324,0,0.1,0.988148148148,0,/workspace/exp/useful_bd_push/t66_rtl_native_front_guarded_parent_20260623_160756_UTC/hard_tuning/rtl_native_front_guarded_parent_qd/seed_1001/openai_gpt-oss-120b/RTLLM/Prob041_traffic_light/Gen3/Prob041_traffic_light_sample9_single_thought_operator,
rtl_native_front_guarded_parent_qd,RTLLM,Prob045_alu,combinational,0,c054f353-0b61-4c95-8c36-b2db08865916,initial,generation_log,0.37362113148,0.560431697221,1935,0.00108,0,2225,0.114,0,0.130337078652,0.990526315789,0,/workspace/exp/useful_bd_push/t66_rtl_native_front_guarded_parent_20260623_160756_UTC/hard_tuning/rtl_native_front_guarded_parent_qd/seed_1001/openai_gpt-oss-120b/RTLLM/Prob045_alu/Gen0/Prob045_alu_sample1_initial,
rtl_native_front_guarded_parent_qd,RTLLM,Prob045_alu,combinational,0,d6c16597-60d9-4b02-aa16-f5691b842638,initial,generation_log,0.381199487483,0.571799231224,1885,0.00105,0,2225,0.114,0,0.152808988764,0.990789473684,0,/workspace/exp/useful_bd_push/t66_rtl_native_front_guarded_parent_20260623_160756_UTC/hard_tuning/rtl_native_front_guarded_parent_qd/seed_1001/openai_gpt-oss-120b/RTLLM/Prob045_alu/Gen0/Prob045_alu_sample2_initial,
rtl_native_front_guarded_parent_qd,RTLLM,Prob045_alu,combinational,0,615a9a9a-48a9-4018-9da2-d58d34756e10,initial,generation_log,0.377994940535,0.566992410802,1906,0.00107,0,2225,0.114,0,0.143370786517,0.990614035088,0,/workspace/exp/useful_bd_push/t66_rtl_native_front_guarded_parent_20260623_160756_UTC/hard_tuning/rtl_native_front_guarded_parent_qd/seed_1001/openai_gpt-oss-120b/RTLLM/Prob045_alu/Gen0/Prob045_alu_sample6_initial,
rtl_native_front_guarded_parent_qd,RTLLM,Prob045_alu,combinational,0,057e5614-8719-4374-952b-aff9ca6107cf,initial,generation_log,0.36514028517,0.547710427755,1992,0.00106,0,2225,0.114,0,0.104719101124,0.990701754386,0,/workspace/exp/useful_bd_push/t66_rtl_native_front_guarded_parent_20260623_160756_UTC/hard_tuning/rtl_native_front_guarded_parent_qd/seed_1001/openai_gpt-oss-120b/RTLLM/Prob045_alu/Gen0/Prob045_alu_sample8_initial,
rtl_native_front_guarded_parent_qd,RTLLM,Prob045_alu,combinational,0,689e3dc8-64cb-402c-8522-86f34529ea49,initial,generation_log,0.382489322557,0.573733983836,1876,0.00107,0,2225,0.114,0,0.156853932584,0.990614035088,0,/workspace/exp/useful_bd_push/t66_rtl_native_front_guarded_parent_20260623_160756_UTC/hard_tuning/rtl_native_front_guarded_parent_qd/seed_1001/openai_gpt-oss-120b/RTLLM/Prob045_alu/Gen0/Prob045_alu_sample10_initial,
rtl_native_front_guarded_parent_qd,RTLLM,Prob045_alu,combinational,0,d7933793-c0e5-4fe9-a14a-c15363c0040a,initial,generation_log,0.393301465274,0.589952197911,1805,0.00101,0,2225,0.114,0,0.188764044944,0.991140350877,0,/workspace/exp/useful_bd_push/t66_rtl_native_front_guarded_parent_20260623_160756_UTC/hard_tuning/rtl_native_front_guarded_parent_qd/seed_1001/openai_gpt-oss-120b/RTLLM/Prob045_alu/Gen0/Prob045_alu_sample12_initial,
rtl_native_front_guarded_parent_qd,RTLLM,Prob045_alu,combinational,1,5d674e44-00aa-4ff4-86ff-625a0c63d07f,single_thought_operator,generation_log,0.377158157566,0.565737236349,1911,0.0011,0,2225,0.114,0,0.141123595506,0.990350877193,0,/workspace/exp/useful_bd_push/t66_rtl_native_front_guarded_parent_20260623_160756_UTC/hard_tuning/rtl_native_front_guarded_parent_qd/seed_1001/openai_gpt-oss-120b/RTLLM/Prob045_alu/Gen1/Prob045_alu_sample1_single_thought_operator,
rtl_native_front_guarded_parent_qd,RTLLM,Prob045_alu,combinational,1,cdbe058b-c1a6-43e0-8237-bfecb1606af1,single_thought_operator,generation_log,0.366674880084,0.550012320126,1980,0.00115,0,2225,0.114,0,0.110112359551,0.989912280702,0,/workspace/exp/useful_bd_push/t66_rtl_native_front_guarded_parent_20260623_160756_UTC/hard_tuning/rtl_native_front_guarded_parent_qd/seed_1001/openai_gpt-oss-120b/RTLLM/Prob045_alu/Gen1/Prob045_alu_sample2_single_thought_operator,
rtl_native_front_guarded_parent_qd,RTLLM,Prob045_alu,combinational,1,91a7406b-c389-4a28-bf3d-9fa3566984e8,single_thought_operator,generation_log,0.375480977725,0.563221466588,1922,0.00111,0,2225,0.114,0,0.136179775281,0.990263157895,0,/workspace/exp/useful_bd_push/t66_rtl_native_front_guarded_parent_20260623_160756_UTC/hard_tuning/rtl_native_front_guarded_parent_qd/seed_1001/openai_gpt-oss-120b/RTLLM/Prob045_alu/Gen1/Prob045_alu_sample5_single_thought_operator,
rtl_native_front_guarded_parent_qd,RTLLM,Prob045_alu,combinational,1,1334723c-beea-413c-a14f-6f6e38f26604,single_thought_operator,generation_log,0.375839082726,0.563758624088,1920,0.00109,0,2225,0.114,0,0.137078651685,0.990438596491,0,/workspace/exp/useful_bd_push/t66_rtl_native_front_guarded_parent_20260623_160756_UTC/hard_tuning/rtl_native_front_guarded_parent_qd/seed_1001/openai_gpt-oss-120b/RTLLM/Prob045_alu/Gen1/Prob045_alu_sample6_single_thought_operator,
rtl_native_front_guarded_parent_qd,RTLLM,Prob045_alu,combinational,1,da83fb49-f3e2-4d8b-95ab-64833a04e9d1,single_thought_operator,generation_log,0.384846934753,0.577270402129,1862,0.000981,0,2225,0.114,0,0.163146067416,0.991394736842,0,/workspace/exp/useful_bd_push/t66_rtl_native_front_guarded_parent_20260623_160756_UTC/hard_tuning/rtl_native_front_guarded_parent_qd/seed_1001/openai_gpt-oss-120b/RTLLM/Prob045_alu/Gen1/Prob045_alu_sample7_single_thought_operator,
rtl_native_front_guarded_parent_qd,RTLLM,Prob045_alu,combinational,1,5ff42e83-f437-45c6-9c0b-32e8a106baac,single_thought_operator,generation_log,0.388178592549,0.582267888823,1839,0.00102,0,2225,0.114,0,0.173483146067,0.991052631579,0,/workspace/exp/useful_bd_push/t66_rtl_native_front_guarded_parent_20260623_160756_UTC/hard_tuning/rtl_native_front_guarded_parent_qd/seed_1001/openai_gpt-oss-120b/RTLLM/Prob045_alu/Gen1/Prob045_alu_sample11_single_thought_operator,
rtl_native_front_guarded_parent_qd,RTLLM,Prob045_alu,combinational,1,5979f951-943f-4773-babe-95749e0aa0ee,single_thought_operator,generation_log,0.37401209015,0.561018135226,1932,0.0011,0,2225,0.114,0,0.131685393258,0.990350877193,0,/workspace/exp/useful_bd_push/t66_rtl_native_front_guarded_parent_20260623_160756_UTC/hard_tuning/rtl_native_front_guarded_parent_qd/seed_1001/openai_gpt-oss-120b/RTLLM/Prob045_alu/Gen1/Prob045_alu_sample12_single_thought_operator,
rtl_native_front_guarded_parent_qd,RTLLM,Prob045_alu,combinational,2,48c8148e-3920-4eee-9afe-70db833b68c5,single_thought_operator,generation_log,0.387550101846,0.58132515277,1843,0.00103,0,2225,0.114,0,0.171685393258,0.990964912281,0,/workspace/exp/useful_bd_push/t66_rtl_native_front_guarded_parent_20260623_160756_UTC/hard_tuning/rtl_native_front_guarded_parent_qd/seed_1001/openai_gpt-oss-120b/RTLLM/Prob045_alu/Gen2/Prob045_alu_sample7_single_thought_operator,
rtl_native_front_guarded_parent_qd,RTLLM,Prob045_alu,combinational,2,58e2c245-5bfb-4db9-b6ff-c1e168ead7d0,single_thought_operator,generation_log,0.37982193311,0.569732899665,1894,0.00106,0,2225,0.114,0,0.148764044944,0.990701754386,0,/workspace/exp/useful_bd_push/t66_rtl_native_front_guarded_parent_20260623_160756_UTC/hard_tuning/rtl_native_front_guarded_parent_qd/seed_1001/openai_gpt-oss-120b/RTLLM/Prob045_alu/Gen2/Prob045_alu_sample9_single_thought_operator,
rtl_native_front_guarded_parent_qd,RTLLM,Prob045_alu,combinational,3,2076d44c-643f-4981-927b-2809800c79fe,single_thought_operator,generation_log,0.384707273802,0.577060910704,1861,0.00108,0,2225,0.114,0,0.163595505618,0.990526315789,0,/workspace/exp/useful_bd_push/t66_rtl_native_front_guarded_parent_20260623_160756_UTC/hard_tuning/rtl_native_front_guarded_parent_qd/seed_1001/openai_gpt-oss-120b/RTLLM/Prob045_alu/Gen3/Prob045_alu_sample1_single_thought_operator,
rtl_native_front_guarded_parent_qd,RTLLM,Prob045_alu,combinational,3,03b821b0-865b-48fd-b5a1-643cece5cf27,single_thought_operator,generation_log,0.377158157566,0.565737236349,1911,0.0011,0,2225,0.114,0,0.141123595506,0.990350877193,0,/workspace/exp/useful_bd_push/t66_rtl_native_front_guarded_parent_20260623_160756_UTC/hard_tuning/rtl_native_front_guarded_parent_qd/seed_1001/openai_gpt-oss-120b/RTLLM/Prob045_alu/Gen3/Prob045_alu_sample3_single_thought_operator,
rtl_native_front_guarded_parent_qd,RTLLM,Prob045_alu,combinational,3,80988c99-b406-413e-8d20-4ef91a7dd5cd,single_thought_operator,generation_log,0.387312569814,0.580968854721,1844,0.00106,0,2225,0.114,0,0.171235955056,0.990701754386,0,/workspace/exp/useful_bd_push/t66_rtl_native_front_guarded_parent_20260623_160756_UTC/hard_tuning/rtl_native_front_guarded_parent_qd/seed_1001/openai_gpt-oss-120b/RTLLM/Prob045_alu/Gen3/Prob045_alu_sample6_single_thought_operator,
rtl_native_front_guarded_parent_qd,RTLLM,Prob045_alu,combinational,3,08e496fe-bd15-4b98-832b-6d719c2ecba2,single_thought_operator,generation_log,0.364668835009,0.547003252513,1993,0.00117,0,2225,0.114,0,0.104269662921,0.989736842105,0,/workspace/exp/useful_bd_push/t66_rtl_native_front_guarded_parent_20260623_160756_UTC/hard_tuning/rtl_native_front_guarded_parent_qd/seed_1001/openai_gpt-oss-120b/RTLLM/Prob045_alu/Gen3/Prob045_alu_sample10_single_thought_operator,
rtl_native_front_guarded_parent_qd,RTLLM,Prob045_alu,combinational,3,e1546e2a-8884-4638-a3a4-5dc874f21f78,single_thought_operator,generation_log,0.382639135291,0.573958702937,1875,0.00107,0,2225,0.114,0,0.157303370787,0.990614035088,0,/workspace/exp/useful_bd_push/t66_rtl_native_front_guarded_parent_20260623_160756_UTC/hard_tuning/rtl_native_front_guarded_parent_qd/seed_1001/openai_gpt-oss-120b/RTLLM/Prob045_alu/Gen3/Prob045_alu_sample11_single_thought_operator,
rtl_native_front_guarded_parent_qd,RTLLM,Prob049_signal_generator,sequential,0,5cbbb73e-a8e2-4e50-8969-a1d6be138c97,initial,generation_log,0.234774694403,0.234774694403,82,0.00252,0.38,94,0.00467,0.43,0.127659574468,0.460385438972,0.116279069767,/workspace/exp/useful_bd_push/t66_rtl_native_front_guarded_parent_20260623_160756_UTC/hard_tuning/rtl_native_front_guarded_parent_qd/seed_1001/openai_gpt-oss-120b/RTLLM/Prob049_signal_generator/Gen0/Prob049_signal_generator_sample3_initial,
rtl_native_front_guarded_parent_qd,RTLLM,Prob049_signal_generator,sequential,0,ab18f19f-2b3b-4f49-9a9b-b51a30e83f34,initial,generation_log,0.234774694403,0.234774694403,82,0.00252,0.38,94,0.00467,0.43,0.127659574468,0.460385438972,0.116279069767,/workspace/exp/useful_bd_push/t66_rtl_native_front_guarded_parent_20260623_160756_UTC/hard_tuning/rtl_native_front_guarded_parent_qd/seed_1001/openai_gpt-oss-120b/RTLLM/Prob049_signal_generator/Gen0/Prob049_signal_generator_sample6_initial,
rtl_native_front_guarded_parent_qd,RTLLM,Prob049_signal_generator,sequential,0,1fca4dfc-e500-4c14-a92a-2648b5c4a0e5,initial,generation_log,0.234774694403,0.234774694403,82,0.00252,0.38,94,0.00467,0.43,0.127659574468,0.460385438972,0.116279069767,/workspace/exp/useful_bd_push/t66_rtl_native_front_guarded_parent_20260623_160756_UTC/hard_tuning/rtl_native_front_guarded_parent_qd/seed_1001/openai_gpt-oss-120b/RTLLM/Prob049_signal_generator/Gen0/Prob049_signal_generator_sample7_initial,
rtl_native_front_guarded_parent_qd,RTLLM,Prob049_signal_generator,sequential,0,693a1695-be96-4b39-a246-6b6c09a90e25,initial,generation_log,0.234774694403,0.234774694403,82,0.00252,0.38,94,0.00467,0.43,0.127659574468,0.460385438972,0.116279069767,/workspace/exp/useful_bd_push/t66_rtl_native_front_guarded_parent_20260623_160756_UTC/hard_tuning/rtl_native_front_guarded_parent_qd/seed_1001/openai_gpt-oss-120b/RTLLM/Prob049_signal_generator/Gen0/Prob049_signal_generator_sample8_initial,
rtl_native_front_guarded_parent_qd,RTLLM,Prob049_signal_generator,sequential,0,ca07b335-ea87-431e-8f48-76a8aa6e26ee,initial,generation_log,0.234774694403,0.234774694403,82,0.00252,0.38,94,0.00467,0.43,0.127659574468,0.460385438972,0.116279069767,/workspace/exp/useful_bd_push/t66_rtl_native_front_guarded_parent_20260623_160756_UTC/hard_tuning/rtl_native_front_guarded_parent_qd/seed_1001/openai_gpt-oss-120b/RTLLM/Prob049_signal_generator/Gen0/Prob049_signal_generator_sample9_initial,
rtl_native_front_guarded_parent_qd,RTLLM,Prob049_signal_generator,sequential,0,8dd34066-bcc3-4017-8be7-d215e14858e5,initial,generation_log,0.234774694403,0.234774694403,82,0.00252,0.38,94,0.00467,0.43,0.127659574468,0.460385438972,0.116279069767,/workspace/exp/useful_bd_push/t66_rtl_native_front_guarded_parent_20260623_160756_UTC/hard_tuning/rtl_native_front_guarded_parent_qd/seed_1001/openai_gpt-oss-120b/RTLLM/Prob049_signal_generator/Gen0/Prob049_signal_generator_sample10_initial,
rtl_native_front_guarded_parent_qd,RTLLM,Prob049_signal_generator,sequential,1,cbd5dd57-956f-4970-9492-e490642e7ea1,single_thought_operator,generation_log,0.234774694403,0.234774694403,82,0.00252,0.38,94,0.00467,0.43,0.127659574468,0.460385438972,0.116279069767,/workspace/exp/useful_bd_push/t66_rtl_native_front_guarded_parent_20260623_160756_UTC/hard_tuning/rtl_native_front_guarded_parent_qd/seed_1001/openai_gpt-oss-120b/RTLLM/Prob049_signal_generator/Gen1/Prob049_signal_generator_sample1_single_thought_operator,
rtl_native_front_guarded_parent_qd,RTLLM,Prob049_signal_generator,sequential,1,88546712-0e3f-475e-b503-40c6c64a9ad7,single_thought_operator,generation_log,0.234774694403,0.234774694403,82,0.00252,0.38,94,0.00467,0.43,0.127659574468,0.460385438972,0.116279069767,/workspace/exp/useful_bd_push/t66_rtl_native_front_guarded_parent_20260623_160756_UTC/hard_tuning/rtl_native_front_guarded_parent_qd/seed_1001/openai_gpt-oss-120b/RTLLM/Prob049_signal_generator/Gen1/Prob049_signal_generator_sample2_single_thought_operator,
rtl_native_front_guarded_parent_qd,RTLLM,Prob049_signal_generator,sequential,1,80c77511-715c-4498-b34f-88d6dff50909,single_thought_operator,generation_log,0.234774694403,0.234774694403,82,0.00252,0.38,94,0.00467,0.43,0.127659574468,0.460385438972,0.116279069767,/workspace/exp/useful_bd_push/t66_rtl_native_front_guarded_parent_20260623_160756_UTC/hard_tuning/rtl_native_front_guarded_parent_qd/seed_1001/openai_gpt-oss-120b/RTLLM/Prob049_signal_generator/Gen1/Prob049_signal_generator_sample3_single_thought_operator,
rtl_native_front_guarded_parent_qd,RTLLM,Prob049_signal_generator,sequential,1,90295a15-c998-4c7d-aa8d-3bb37a9b747f,single_thought_operator,generation_log,0.234774694403,0.234774694403,82,0.00252,0.38,94,0.00467,0.43,0.127659574468,0.460385438972,0.116279069767,/workspace/exp/useful_bd_push/t66_rtl_native_front_guarded_parent_20260623_160756_UTC/hard_tuning/rtl_native_front_guarded_parent_qd/seed_1001/openai_gpt-oss-120b/RTLLM/Prob049_signal_generator/Gen1/Prob049_signal_generator_sample5_single_thought_operator,
rtl_native_front_guarded_parent_qd,RTLLM,Prob049_signal_generator,sequential,1,bbb39ad8-94d1-4db0-b3ac-7f6fb890f482,single_thought_operator,generation_log,0.234774694403,0.234774694403,82,0.00252,0.38,94,0.00467,0.43,0.127659574468,0.460385438972,0.116279069767,/workspace/exp/useful_bd_push/t66_rtl_native_front_guarded_parent_20260623_160756_UTC/hard_tuning/rtl_native_front_guarded_parent_qd/seed_1001/openai_gpt-oss-120b/RTLLM/Prob049_signal_generator/Gen1/Prob049_signal_generator_sample6_single_thought_operator,
rtl_native_front_guarded_parent_qd,RTLLM,Prob049_signal_generator,sequential,1,fa09a290-0d6c-4ac7-b549-34839f76a8a5,single_thought_operator,generation_log,0.234774694403,0.234774694403,82,0.00252,0.38,94,0.00467,0.43,0.127659574468,0.460385438972,0.116279069767,/workspace/exp/useful_bd_push/t66_rtl_native_front_guarded_parent_20260623_160756_UTC/hard_tuning/rtl_native_front_guarded_parent_qd/seed_1001/openai_gpt-oss-120b/RTLLM/Prob049_signal_generator/Gen1/Prob049_signal_generator_sample7_single_thought_operator,
rtl_native_front_guarded_parent_qd,RTLLM,Prob049_signal_generator,sequential,1,4b59fd06-7874-462f-a54e-ac1da6af4dc5,single_thought_operator,generation_log,0.234774694403,0.234774694403,82,0.00252,0.38,94,0.00467,0.43,0.127659574468,0.460385438972,0.116279069767,/workspace/exp/useful_bd_push/t66_rtl_native_front_guarded_parent_20260623_160756_UTC/hard_tuning/rtl_native_front_guarded_parent_qd/seed_1001/openai_gpt-oss-120b/RTLLM/Prob049_signal_generator/Gen1/Prob049_signal_generator_sample8_single_thought_operator,
rtl_native_front_guarded_parent_qd,RTLLM,Prob049_signal_generator,sequential,1,94bd0c55-ebb4-42d8-a44c-1ea681952d6c,single_thought_operator,generation_log,0.234774694403,0.234774694403,82,0.00252,0.38,94,0.00467,0.43,0.127659574468,0.460385438972,0.116279069767,/workspace/exp/useful_bd_push/t66_rtl_native_front_guarded_parent_20260623_160756_UTC/hard_tuning/rtl_native_front_guarded_parent_qd/seed_1001/openai_gpt-oss-120b/RTLLM/Prob049_signal_generator/Gen1/Prob049_signal_generator_sample9_single_thought_operator,
rtl_native_front_guarded_parent_qd,RTLLM,Prob049_signal_generator,sequential,1,b3ec2ca5-f0a0-44d5-b5a4-fbecf0673614,single_thought_operator,generation_log,0.234774694403,0.234774694403,82,0.00252,0.38,94,0.00467,0.43,0.127659574468,0.460385438972,0.116279069767,/workspace/exp/useful_bd_push/t66_rtl_native_front_guarded_parent_20260623_160756_UTC/hard_tuning/rtl_native_front_guarded_parent_qd/seed_1001/openai_gpt-oss-120b/RTLLM/Prob049_signal_generator/Gen1/Prob049_signal_generator_sample11_single_thought_operator,
rtl_native_front_guarded_parent_qd,RTLLM,Prob049_signal_generator,sequential,1,a7b8c01b-46a9-4498-b885-fc657f92831a,single_thought_operator,generation_log,0.234774694403,0.234774694403,82,0.00252,0.38,94,0.00467,0.43,0.127659574468,0.460385438972,0.116279069767,/workspace/exp/useful_bd_push/t66_rtl_native_front_guarded_parent_20260623_160756_UTC/hard_tuning/rtl_native_front_guarded_parent_qd/seed_1001/openai_gpt-oss-120b/RTLLM/Prob049_signal_generator/Gen1/Prob049_signal_generator_sample12_single_thought_operator,
rtl_native_front_guarded_parent_qd,RTLLM,Prob049_signal_generator,sequential,2,97481ed0-3344-4676-ac64-e2928cc17e75,single_thought_operator,generation_log,0.234774694403,0.234774694403,82,0.00252,0.38,94,0.00467,0.43,0.127659574468,0.460385438972,0.116279069767,/workspace/exp/useful_bd_push/t66_rtl_native_front_guarded_parent_20260623_160756_UTC/hard_tuning/rtl_native_front_guarded_parent_qd/seed_1001/openai_gpt-oss-120b/RTLLM/Prob049_signal_generator/Gen2/Prob049_signal_generator_sample2_single_thought_operator,
rtl_native_front_guarded_parent_qd,RTLLM,Prob049_signal_generator,sequential,2,7df60f7b-f623-4a02-9408-37146929f631,single_thought_operator,generation_log,0.234774694403,0.234774694403,82,0.00252,0.38,94,0.00467,0.43,0.127659574468,0.460385438972,0.116279069767,/workspace/exp/useful_bd_push/t66_rtl_native_front_guarded_parent_20260623_160756_UTC/hard_tuning/rtl_native_front_guarded_parent_qd/seed_1001/openai_gpt-oss-120b/RTLLM/Prob049_signal_generator/Gen2/Prob049_signal_generator_sample3_single_thought_operator,
rtl_native_front_guarded_parent_qd,RTLLM,Prob049_signal_generator,sequential,2,e5e31e43-e70a-4823-acd6-18f514f7b6b5,single_thought_operator,generation_log,0.234774694403,0.234774694403,82,0.00252,0.38,94,0.00467,0.43,0.127659574468,0.460385438972,0.116279069767,/workspace/exp/useful_bd_push/t66_rtl_native_front_guarded_parent_20260623_160756_UTC/hard_tuning/rtl_native_front_guarded_parent_qd/seed_1001/openai_gpt-oss-120b/RTLLM/Prob049_signal_generator/Gen2/Prob049_signal_generator_sample5_single_thought_operator,
rtl_native_front_guarded_parent_qd,RTLLM,Prob049_signal_generator,sequential,2,c358ed3f-93c9-4386-8a3c-e0016f28c2e4,single_thought_operator,generation_log,0.234774694403,0.234774694403,82,0.00252,0.38,94,0.00467,0.43,0.127659574468,0.460385438972,0.116279069767,/workspace/exp/useful_bd_push/t66_rtl_native_front_guarded_parent_20260623_160756_UTC/hard_tuning/rtl_native_front_guarded_parent_qd/seed_1001/openai_gpt-oss-120b/RTLLM/Prob049_signal_generator/Gen2/Prob049_signal_generator_sample6_single_thought_operator,
rtl_native_front_guarded_parent_qd,RTLLM,Prob049_signal_generator,sequential,2,f8918d5b-fbf6-4871-87dc-ffbea7184f5f,single_thought_operator,generation_log,0.234774694403,0.234774694403,82,0.00252,0.38,94,0.00467,0.43,0.127659574468,0.460385438972,0.116279069767,/workspace/exp/useful_bd_push/t66_rtl_native_front_guarded_parent_20260623_160756_UTC/hard_tuning/rtl_native_front_guarded_parent_qd/seed_1001/openai_gpt-oss-120b/RTLLM/Prob049_signal_generator/Gen2/Prob049_signal_generator_sample7_single_thought_operator,
rtl_native_front_guarded_parent_qd,RTLLM,Prob049_signal_generator,sequential,2,52c401db-9805-4ded-ac65-17bf967616f9,single_thought_operator,generation_log,0.234774694403,0.234774694403,82,0.00252,0.38,94,0.00467,0.43,0.127659574468,0.460385438972,0.116279069767,/workspace/exp/useful_bd_push/t66_rtl_native_front_guarded_parent_20260623_160756_UTC/hard_tuning/rtl_native_front_guarded_parent_qd/seed_1001/openai_gpt-oss-120b/RTLLM/Prob049_signal_generator/Gen2/Prob049_signal_generator_sample8_single_thought_operator,
rtl_native_front_guarded_parent_qd,RTLLM,Prob049_signal_generator,sequential,2,10b73116-163c-4452-b252-980e23904581,single_thought_operator,generation_log,0.234774694403,0.234774694403,82,0.00252,0.38,94,0.00467,0.43,0.127659574468,0.460385438972,0.116279069767,/workspace/exp/useful_bd_push/t66_rtl_native_front_guarded_parent_20260623_160756_UTC/hard_tuning/rtl_native_front_guarded_parent_qd/seed_1001/openai_gpt-oss-120b/RTLLM/Prob049_signal_generator/Gen2/Prob049_signal_generator_sample9_single_thought_operator,
rtl_native_front_guarded_parent_qd,RTLLM,Prob049_signal_generator,sequential,2,7e5c5a0a-7dd6-4f18-9228-66c8ee9e48ab,single_thought_operator,generation_log,0.234774694403,0.234774694403,82,0.00252,0.38,94,0.00467,0.43,0.127659574468,0.460385438972,0.116279069767,/workspace/exp/useful_bd_push/t66_rtl_native_front_guarded_parent_20260623_160756_UTC/hard_tuning/rtl_native_front_guarded_parent_qd/seed_1001/openai_gpt-oss-120b/RTLLM/Prob049_signal_generator/Gen2/Prob049_signal_generator_sample12_single_thought_operator,
rtl_native_front_guarded_parent_qd,RTLLM,Prob049_signal_generator,sequential,3,ea70d0e7-06fb-4aa1-aee8-b41ea6bfee95,single_thought_operator,generation_log,0.234774694403,0.234774694403,82,0.00252,0.38,94,0.00467,0.43,0.127659574468,0.460385438972,0.116279069767,/workspace/exp/useful_bd_push/t66_rtl_native_front_guarded_parent_20260623_160756_UTC/hard_tuning/rtl_native_front_guarded_parent_qd/seed_1001/openai_gpt-oss-120b/RTLLM/Prob049_signal_generator/Gen3/Prob049_signal_generator_sample1_single_thought_operator,
rtl_native_front_guarded_parent_qd,RTLLM,Prob049_signal_generator,sequential,3,67cc3d23-6e9e-4861-b4ac-ab6a9bf8a6a9,single_thought_operator,generation_log,0.234774694403,0.234774694403,82,0.00252,0.38,94,0.00467,0.43,0.127659574468,0.460385438972,0.116279069767,/workspace/exp/useful_bd_push/t66_rtl_native_front_guarded_parent_20260623_160756_UTC/hard_tuning/rtl_native_front_guarded_parent_qd/seed_1001/openai_gpt-oss-120b/RTLLM/Prob049_signal_generator/Gen3/Prob049_signal_generator_sample2_single_thought_operator,
rtl_native_front_guarded_parent_qd,RTLLM,Prob049_signal_generator,sequential,3,88937a4e-6341-4c82-9c6c-b1fb8b04731b,single_thought_operator,generation_log,0.234774694403,0.234774694403,82,0.00252,0.38,94,0.00467,0.43,0.127659574468,0.460385438972,0.116279069767,/workspace/exp/useful_bd_push/t66_rtl_native_front_guarded_parent_20260623_160756_UTC/hard_tuning/rtl_native_front_guarded_parent_qd/seed_1001/openai_gpt-oss-120b/RTLLM/Prob049_signal_generator/Gen3/Prob049_signal_generator_sample3_single_thought_operator,
rtl_native_front_guarded_parent_qd,RTLLM,Prob049_signal_generator,sequential,3,ee228737-174a-40b7-afb8-c4b37637b690,single_thought_operator,generation_log,0.234774694403,0.234774694403,82,0.00252,0.38,94,0.00467,0.43,0.127659574468,0.460385438972,0.116279069767,/workspace/exp/useful_bd_push/t66_rtl_native_front_guarded_parent_20260623_160756_UTC/hard_tuning/rtl_native_front_guarded_parent_qd/seed_1001/openai_gpt-oss-120b/RTLLM/Prob049_signal_generator/Gen3/Prob049_signal_generator_sample4_single_thought_operator,
rtl_native_front_guarded_parent_qd,RTLLM,Prob049_signal_generator,sequential,3,0698c0a1-e75d-44ee-b09b-c92b4ef624f2,single_thought_operator,generation_log,0.234774694403,0.234774694403,82,0.00252,0.38,94,0.00467,0.43,0.127659574468,0.460385438972,0.116279069767,/workspace/exp/useful_bd_push/t66_rtl_native_front_guarded_parent_20260623_160756_UTC/hard_tuning/rtl_native_front_guarded_parent_qd/seed_1001/openai_gpt-oss-120b/RTLLM/Prob049_signal_generator/Gen3/Prob049_signal_generator_sample5_single_thought_operator,
rtl_native_front_guarded_parent_qd,RTLLM,Prob049_signal_generator,sequential,3,fae726d3-e081-4e04-95b4-93359a984ce0,single_thought_operator,generation_log,0.234774694403,0.234774694403,82,0.00252,0.38,94,0.00467,0.43,0.127659574468,0.460385438972,0.116279069767,/workspace/exp/useful_bd_push/t66_rtl_native_front_guarded_parent_20260623_160756_UTC/hard_tuning/rtl_native_front_guarded_parent_qd/seed_1001/openai_gpt-oss-120b/RTLLM/Prob049_signal_generator/Gen3/Prob049_signal_generator_sample7_single_thought_operator,
rtl_native_front_guarded_parent_qd,RTLLM,Prob049_signal_generator,sequential,3,7c6c8b8d-07e5-4d82-ba98-d678746d91c2,single_thought_operator,generation_log,0.234774694403,0.234774694403,82,0.00252,0.38,94,0.00467,0.43,0.127659574468,0.460385438972,0.116279069767,/workspace/exp/useful_bd_push/t66_rtl_native_front_guarded_parent_20260623_160756_UTC/hard_tuning/rtl_native_front_guarded_parent_qd/seed_1001/openai_gpt-oss-120b/RTLLM/Prob049_signal_generator/Gen3/Prob049_signal_generator_sample8_single_thought_operator,
rtl_native_front_guarded_parent_qd,RTLLM,Prob049_signal_generator,sequential,3,6b15e1ac-3ca4-435f-a750-950878467842,single_thought_operator,generation_log,0.234774694403,0.234774694403,82,0.00252,0.38,94,0.00467,0.43,0.127659574468,0.460385438972,0.116279069767,/workspace/exp/useful_bd_push/t66_rtl_native_front_guarded_parent_20260623_160756_UTC/hard_tuning/rtl_native_front_guarded_parent_qd/seed_1001/openai_gpt-oss-120b/RTLLM/Prob049_signal_generator/Gen3/Prob049_signal_generator_sample9_single_thought_operator,
rtl_native_front_guarded_parent_qd,RTLLM,Prob049_signal_generator,sequential,3,3be0aabe-3364-47ca-bece-ff57c7eed71c,single_thought_operator,generation_log,0.234774694403,0.234774694403,82,0.00252,0.38,94,0.00467,0.43,0.127659574468,0.460385438972,0.116279069767,/workspace/exp/useful_bd_push/t66_rtl_native_front_guarded_parent_20260623_160756_UTC/hard_tuning/rtl_native_front_guarded_parent_qd/seed_1001/openai_gpt-oss-120b/RTLLM/Prob049_signal_generator/Gen3/Prob049_signal_generator_sample10_single_thought_operator,
rtl_native_front_guarded_parent_qd,RTLLM,Prob049_signal_generator,sequential,3,3718faca-46b0-4c7c-ac08-a7bb205d03d2,single_thought_operator,generation_log,0.234774694403,0.234774694403,82,0.00252,0.38,94,0.00467,0.43,0.127659574468,0.460385438972,0.116279069767,/workspace/exp/useful_bd_push/t66_rtl_native_front_guarded_parent_20260623_160756_UTC/hard_tuning/rtl_native_front_guarded_parent_qd/seed_1001/openai_gpt-oss-120b/RTLLM/Prob049_signal_generator/Gen3/Prob049_signal_generator_sample11_single_thought_operator,
rtl_native_front_guarded_parent_qd,VerilogEval-Spec-to-RTL,Prob098_circuit7,combinational,0,b2e7601e-d85d-45fe-9cc7-42dbeaaec9a8,initial,generation_log,-0,0,5,0.000472,0,5,0.000472,0,0,0,0,/workspace/exp/useful_bd_push/t66_rtl_native_front_guarded_parent_20260623_160756_UTC/hard_tuning/rtl_native_front_guarded_parent_qd/seed_1001/openai_gpt-oss-120b/VerilogEval-Spec-to-RTL/Prob098_circuit7/Gen0/Prob098_circuit7_sample6_initial,
rtl_native_front_guarded_parent_qd,VerilogEval-Spec-to-RTL,Prob098_circuit7,combinational,0,dac50fdb-906a-4a19-91c1-ee218874f8bd,initial,generation_log,-0,0,5,0.000472,0,5,0.000472,0,0,0,0,/workspace/exp/useful_bd_push/t66_rtl_native_front_guarded_parent_20260623_160756_UTC/hard_tuning/rtl_native_front_guarded_parent_qd/seed_1001/openai_gpt-oss-120b/VerilogEval-Spec-to-RTL/Prob098_circuit7/Gen0/Prob098_circuit7_sample7_initial,
rtl_native_front_guarded_parent_qd,VerilogEval-Spec-to-RTL,Prob098_circuit7,combinational,1,41c0dea2-c266-418f-a753-2f6a162f8e3b,single_thought_operator,generation_log,-0,0,5,0.000472,0,5,0.000472,0,0,0,0,/workspace/exp/useful_bd_push/t66_rtl_native_front_guarded_parent_20260623_160756_UTC/hard_tuning/rtl_native_front_guarded_parent_qd/seed_1001/openai_gpt-oss-120b/VerilogEval-Spec-to-RTL/Prob098_circuit7/Gen1/Prob098_circuit7_sample10_single_thought_operator,
rtl_native_front_guarded_parent_qd,VerilogEval-Spec-to-RTL,Prob098_circuit7,combinational,1,173f810f-07c7-4092-94be-b6171de444b5,single_thought_operator,generation_log,-0,0,5,0.000472,0,5,0.000472,0,0,0,0,/workspace/exp/useful_bd_push/t66_rtl_native_front_guarded_parent_20260623_160756_UTC/hard_tuning/rtl_native_front_guarded_parent_qd/seed_1001/openai_gpt-oss-120b/VerilogEval-Spec-to-RTL/Prob098_circuit7/Gen1/Prob098_circuit7_sample11_single_thought_operator,
rtl_native_front_guarded_parent_qd,VerilogEval-Spec-to-RTL,Prob098_circuit7,combinational,2,319f745b-2074-4824-9890-d1d234317750,single_thought_operator,generation_log,-0,0,5,0.000472,0,5,0.000472,0,0,0,0,/workspace/exp/useful_bd_push/t66_rtl_native_front_guarded_parent_20260623_160756_UTC/hard_tuning/rtl_native_front_guarded_parent_qd/seed_1001/openai_gpt-oss-120b/VerilogEval-Spec-to-RTL/Prob098_circuit7/Gen2/Prob098_circuit7_sample7_single_thought_operator,
rtl_native_front_guarded_parent_qd,VerilogEval-Spec-to-RTL,Prob098_circuit7,combinational,2,b4663f8c-31d4-4273-9442-d171c677b51d,single_thought_operator,generation_log,-0,0,5,0.000472,0,5,0.000472,0,0,0,0,/workspace/exp/useful_bd_push/t66_rtl_native_front_guarded_parent_20260623_160756_UTC/hard_tuning/rtl_native_front_guarded_parent_qd/seed_1001/openai_gpt-oss-120b/VerilogEval-Spec-to-RTL/Prob098_circuit7/Gen2/Prob098_circuit7_sample8_single_thought_operator,
rtl_native_front_guarded_parent_qd,VerilogEval-Spec-to-RTL,Prob098_circuit7,combinational,3,9f61336f-9e54-44e8-b845-ae440aace443,single_thought_operator,generation_log,0.0120056497175,0.0180084745763,5,0.000455,0,5,0.000472,0,0,0.0360169491525,0,/workspace/exp/useful_bd_push/t66_rtl_native_front_guarded_parent_20260623_160756_UTC/hard_tuning/rtl_native_front_guarded_parent_qd/seed_1001/openai_gpt-oss-120b/VerilogEval-Spec-to-RTL/Prob098_circuit7/Gen3/Prob098_circuit7_sample2_single_thought_operator,
rtl_native_front_guarded_parent_qd,VerilogEval-Spec-to-RTL,Prob098_circuit7,combinational,3,885e6d74-baf6-42a0-af0c-43b14d5ad6f4,single_thought_operator,generation_log,0.0120056497175,0.0180084745763,5,0.000455,0,5,0.000472,0,0,0.0360169491525,0,/workspace/exp/useful_bd_push/t66_rtl_native_front_guarded_parent_20260623_160756_UTC/hard_tuning/rtl_native_front_guarded_parent_qd/seed_1001/openai_gpt-oss-120b/VerilogEval-Spec-to-RTL/Prob098_circuit7/Gen3/Prob098_circuit7_sample11_single_thought_operator,
rtl_native_front_guarded_parent_qd,VerilogEval-Spec-to-RTL,Prob098_circuit7,combinational,3,70b50767-3d1b-4fcc-8292-899378b67878,single_thought_operator,generation_log,-0,0,5,0.000472,0,5,0.000472,0,0,0,0,/workspace/exp/useful_bd_push/t66_rtl_native_front_guarded_parent_20260623_160756_UTC/hard_tuning/rtl_native_front_guarded_parent_qd/seed_1001/openai_gpt-oss-120b/VerilogEval-Spec-to-RTL/Prob098_circuit7/Gen3/Prob098_circuit7_sample12_single_thought_operator,
rtl_native_front_guarded_parent_qd,VerilogEval-Spec-to-RTL,Prob116_m2014_q3,combinational,0,36cfaf2d-d309-4bdf-801f-36c1ed7a8821,initial,generation_log,0.465352331606,0.698028497409,3,7.61e-07,0,5,0.000193,0,0.4,0.996056994819,0,/workspace/exp/useful_bd_push/t66_rtl_native_front_guarded_parent_20260623_160756_UTC/hard_tuning/rtl_native_front_guarded_parent_qd/seed_1001/openai_gpt-oss-120b/VerilogEval-Spec-to-RTL/Prob116_m2014_q3/Gen0/Prob116_m2014_q3_sample4_initial,
rtl_native_front_guarded_parent_qd,VerilogEval-Spec-to-RTL,Prob116_m2014_q3,combinational,0,5907a808-c27e-4c9e-919f-67ebf67ec9db,initial,generation_log,0.464369602763,0.696554404145,3,1.33e-06,0,5,0.000193,0,0.4,0.99310880829,0,/workspace/exp/useful_bd_push/t66_rtl_native_front_guarded_parent_20260623_160756_UTC/hard_tuning/rtl_native_front_guarded_parent_qd/seed_1001/openai_gpt-oss-120b/VerilogEval-Spec-to-RTL/Prob116_m2014_q3/Gen0/Prob116_m2014_q3_sample5_initial,
rtl_native_front_guarded_parent_qd,VerilogEval-Spec-to-RTL,Prob116_m2014_q3,combinational,0,e95a65f7-35ec-4644-8451-d3451d779a82,initial,generation_log,0.396908462867,0.595362694301,4,1.79e-06,0,5,0.000193,0,0.2,0.990725388601,0,/workspace/exp/useful_bd_push/t66_rtl_native_front_guarded_parent_20260623_160756_UTC/hard_tuning/rtl_native_front_guarded_parent_qd/seed_1001/openai_gpt-oss-120b/VerilogEval-Spec-to-RTL/Prob116_m2014_q3/Gen0/Prob116_m2014_q3_sample9_initial,
rtl_native_front_guarded_parent_qd,VerilogEval-Spec-to-RTL,Prob116_m2014_q3,combinational,0,cb92f869-30bc-474f-a08a-8ed0051b2c12,initial,generation_log,0.330535405872,0.495803108808,5,1.62e-06,0,5,0.000193,0,0,0.991606217617,0,/workspace/exp/useful_bd_push/t66_rtl_native_front_guarded_parent_20260623_160756_UTC/hard_tuning/rtl_native_front_guarded_parent_qd/seed_1001/openai_gpt-oss-120b/VerilogEval-Spec-to-RTL/Prob116_m2014_q3/Gen0/Prob116_m2014_q3_sample11_initial,
rtl_native_front_guarded_parent_qd,VerilogEval-Spec-to-RTL,Prob116_m2014_q3,combinational,1,ae9343ff-7dcd-4928-97cf-258d8b7e74a7,single_thought_operator,generation_log,0.465352331606,0.698028497409,3,7.61e-07,0,5,0.000193,0,0.4,0.996056994819,0,/workspace/exp/useful_bd_push/t66_rtl_native_front_guarded_parent_20260623_160756_UTC/hard_tuning/rtl_native_front_guarded_parent_qd/seed_1001/openai_gpt-oss-120b/VerilogEval-Spec-to-RTL/Prob116_m2014_q3/Gen1/Prob116_m2014_q3_sample2_single_thought_operator,
rtl_native_front_guarded_parent_qd,VerilogEval-Spec-to-RTL,Prob116_m2014_q3,combinational,1,c5a5e746-222c-455d-91b1-cf42c5fd3151,single_thought_operator,generation_log,0.330535405872,0.495803108808,5,1.62e-06,0,5,0.000193,0,0,0.991606217617,0,/workspace/exp/useful_bd_push/t66_rtl_native_front_guarded_parent_20260623_160756_UTC/hard_tuning/rtl_native_front_guarded_parent_qd/seed_1001/openai_gpt-oss-120b/VerilogEval-Spec-to-RTL/Prob116_m2014_q3/Gen1/Prob116_m2014_q3_sample9_single_thought_operator,
rtl_native_front_guarded_parent_qd,VerilogEval-Spec-to-RTL,Prob116_m2014_q3,combinational,1,e09d5186-d997-4f3f-9f8e-c3d970261ff2,single_thought_operator,generation_log,0.396908462867,0.595362694301,4,1.79e-06,0,5,0.000193,0,0.2,0.990725388601,0,/workspace/exp/useful_bd_push/t66_rtl_native_front_guarded_parent_20260623_160756_UTC/hard_tuning/rtl_native_front_guarded_parent_qd/seed_1001/openai_gpt-oss-120b/VerilogEval-Spec-to-RTL/Prob116_m2014_q3/Gen1/Prob116_m2014_q3_sample11_single_thought_operator,
rtl_native_front_guarded_parent_qd,VerilogEval-Spec-to-RTL,Prob116_m2014_q3,combinational,2,c7ff4772-1bad-4b9e-876b-b93760e5618f,single_thought_operator,generation_log,0.330535405872,0.495803108808,5,1.62e-06,0,5,0.000193,0,0,0.991606217617,0,/workspace/exp/useful_bd_push/t66_rtl_native_front_guarded_parent_20260623_160756_UTC/hard_tuning/rtl_native_front_guarded_parent_qd/seed_1001/openai_gpt-oss-120b/VerilogEval-Spec-to-RTL/Prob116_m2014_q3/Gen2/Prob116_m2014_q3_sample10_single_thought_operator,
rtl_native_front_guarded_parent_qd,VerilogEval-Spec-to-RTL,Prob116_m2014_q3,combinational,3,63196690-d5d6-45f0-a861-37a57b228f62,single_thought_operator,generation_log,0.330535405872,0.495803108808,5,1.62e-06,0,5,0.000193,0,0,0.991606217617,0,/workspace/exp/useful_bd_push/t66_rtl_native_front_guarded_parent_20260623_160756_UTC/hard_tuning/rtl_native_front_guarded_parent_qd/seed_1001/openai_gpt-oss-120b/VerilogEval-Spec-to-RTL/Prob116_m2014_q3/Gen3/Prob116_m2014_q3_sample1_single_thought_operator,
rtl_native_front_guarded_parent_qd,VerilogEval-Spec-to-RTL,Prob116_m2014_q3,combinational,3,28681981-ed79-45ed-934a-bad94c14ba03,single_thought_operator,generation_log,0.464369602763,0.696554404145,3,1.33e-06,0,5,0.000193,0,0.4,0.99310880829,0,/workspace/exp/useful_bd_push/t66_rtl_native_front_guarded_parent_20260623_160756_UTC/hard_tuning/rtl_native_front_guarded_parent_qd/seed_1001/openai_gpt-oss-120b/VerilogEval-Spec-to-RTL/Prob116_m2014_q3/Gen3/Prob116_m2014_q3_sample7_single_thought_operator,
rtl_native_front_guarded_parent_qd,VerilogEval-Spec-to-RTL,Prob116_m2014_q3,combinational,3,bbe74f5e-a724-4704-bc50-10fa24298259,single_thought_operator,generation_log,0.330535405872,0.495803108808,5,1.62e-06,0,5,0.000193,0,0,0.991606217617,0,/workspace/exp/useful_bd_push/t66_rtl_native_front_guarded_parent_20260623_160756_UTC/hard_tuning/rtl_native_front_guarded_parent_qd/seed_1001/openai_gpt-oss-120b/VerilogEval-Spec-to-RTL/Prob116_m2014_q3/Gen3/Prob116_m2014_q3_sample8_single_thought_operator,
rtl_native_front_guarded_parent_qd,VerilogEval-Spec-to-RTL,Prob116_m2014_q3,combinational,3,c18c9df4-007c-47a1-8966-f7080128f420,single_thought_operator,generation_log,0.330535405872,0.495803108808,5,1.62e-06,0,5,0.000193,0,0,0.991606217617,0,/workspace/exp/useful_bd_push/t66_rtl_native_front_guarded_parent_20260623_160756_UTC/hard_tuning/rtl_native_front_guarded_parent_qd/seed_1001/openai_gpt-oss-120b/VerilogEval-Spec-to-RTL/Prob116_m2014_q3/Gen3/Prob116_m2014_q3_sample12_single_thought_operator,
rtl_native_front_guarded_parent_qd,VerilogEval-Spec-to-RTL,Prob135_m2014_q6b,combinational,0,5b125ac0-cd0a-4376-b60a-cf49ede1ea90,initial,generation_log,0.26312406577,0.394686098655,6,2.37e-06,0,5,0.000223,0,-0.2,0.989372197309,0,/workspace/exp/useful_bd_push/t66_rtl_native_front_guarded_parent_20260623_160756_UTC/hard_tuning/rtl_native_front_guarded_parent_qd/seed_1001/openai_gpt-oss-120b/VerilogEval-Spec-to-RTL/Prob135_m2014_q6b/Gen0/Prob135_m2014_q6b_sample2_initial,
rtl_native_front_guarded_parent_qd,VerilogEval-Spec-to-RTL,Prob135_m2014_q6b,combinational,0,46ee3815-f427-47c9-9efd-fa79e01ae90f,initial,generation_log,0.263617339312,0.395426008969,6,2.04e-06,0,5,0.000223,0,-0.2,0.990852017937,0,/workspace/exp/useful_bd_push/t66_rtl_native_front_guarded_parent_20260623_160756_UTC/hard_tuning/rtl_native_front_guarded_parent_qd/seed_1001/openai_gpt-oss-120b/VerilogEval-Spec-to-RTL/Prob135_m2014_q6b/Gen0/Prob135_m2014_q6b_sample6_initial,
rtl_native_front_guarded_parent_qd,VerilogEval-Spec-to-RTL,Prob135_m2014_q6b,combinational,0,07f4168e-0d2e-4641-a1a2-3d8cf14c3297,initial,generation_log,0.196143497758,0.294215246637,7,2.58e-06,0,5,0.000223,0,-0.4,0.988430493274,0,/workspace/exp/useful_bd_push/t66_rtl_native_front_guarded_parent_20260623_160756_UTC/hard_tuning/rtl_native_front_guarded_parent_qd/seed_1001/openai_gpt-oss-120b/VerilogEval-Spec-to-RTL/Prob135_m2014_q6b/Gen0/Prob135_m2014_q6b_sample10_initial,
rtl_native_front_guarded_parent_qd,VerilogEval-Spec-to-RTL,Prob135_m2014_q6b,combinational,0,bbd900ec-94f4-404d-a73d-2e402133008b,initial,generation_log,0.196143497758,0.294215246637,7,2.58e-06,0,5,0.000223,0,-0.4,0.988430493274,0,/workspace/exp/useful_bd_push/t66_rtl_native_front_guarded_parent_20260623_160756_UTC/hard_tuning/rtl_native_front_guarded_parent_qd/seed_1001/openai_gpt-oss-120b/VerilogEval-Spec-to-RTL/Prob135_m2014_q6b/Gen0/Prob135_m2014_q6b_sample11_initial,
rtl_native_front_guarded_parent_qd,VerilogEval-Spec-to-RTL,Prob135_m2014_q6b,combinational,0,c1407096-39a5-418a-8e67-b761fa06bdc4,initial,generation_log,0.263617339312,0.395426008969,6,2.04e-06,0,5,0.000223,0,-0.2,0.990852017937,0,/workspace/exp/useful_bd_push/t66_rtl_native_front_guarded_parent_20260623_160756_UTC/hard_tuning/rtl_native_front_guarded_parent_qd/seed_1001/openai_gpt-oss-120b/VerilogEval-Spec-to-RTL/Prob135_m2014_q6b/Gen0/Prob135_m2014_q6b_sample12_initial,
rtl_native_front_guarded_parent_qd,VerilogEval-Spec-to-RTL,Prob135_m2014_q6b,combinational,1,85ed6fd7-5edf-4516-8649-42436e3fdb14,initial,generation_log,0.196143497758,0.294215246637,7,2.58e-06,0,5,0.000223,0,-0.4,0.988430493274,0,/workspace/exp/useful_bd_push/t66_rtl_native_front_guarded_parent_20260623_160756_UTC/hard_tuning/rtl_native_front_guarded_parent_qd/seed_1001/openai_gpt-oss-120b/VerilogEval-Spec-to-RTL/Prob135_m2014_q6b/Gen1/Prob135_m2014_q6b_sample1_initial,
rtl_native_front_guarded_parent_qd,VerilogEval-Spec-to-RTL,Prob135_m2014_q6b,combinational,1,342f0e93-622b-466b-9f82-2354ab6cd56a,initial,generation_log,0.196143497758,0.294215246637,7,2.58e-06,0,5,0.000223,0,-0.4,0.988430493274,0,/workspace/exp/useful_bd_push/t66_rtl_native_front_guarded_parent_20260623_160756_UTC/hard_tuning/rtl_native_front_guarded_parent_qd/seed_1001/openai_gpt-oss-120b/VerilogEval-Spec-to-RTL/Prob135_m2014_q6b/Gen1/Prob135_m2014_q6b_sample3_initial,
rtl_native_front_guarded_parent_qd,VerilogEval-Spec-to-RTL,Prob135_m2014_q6b,combinational,1,ffc7d2ae-4da9-45c5-87c5-9991b8ab3b19,single_thought_operator,generation_log,0.196143497758,0.294215246637,7,2.58e-06,0,5,0.000223,0,-0.4,0.988430493274,0,/workspace/exp/useful_bd_push/t66_rtl_native_front_guarded_parent_20260623_160756_UTC/hard_tuning/rtl_native_front_guarded_parent_qd/seed_1001/openai_gpt-oss-120b/VerilogEval-Spec-to-RTL/Prob135_m2014_q6b/Gen1/Prob135_m2014_q6b_sample2_single_thought_operator,
rtl_native_front_guarded_parent_qd,VerilogEval-Spec-to-RTL,Prob135_m2014_q6b,combinational,1,9ab4f5b2-24a9-4d00-8bd5-3cd10f25c9bf,single_thought_operator,generation_log,0.196143497758,0.294215246637,7,2.58e-06,0,5,0.000223,0,-0.4,0.988430493274,0,/workspace/exp/useful_bd_push/t66_rtl_native_front_guarded_parent_20260623_160756_UTC/hard_tuning/rtl_native_front_guarded_parent_qd/seed_1001/openai_gpt-oss-120b/VerilogEval-Spec-to-RTL/Prob135_m2014_q6b/Gen1/Prob135_m2014_q6b_sample4_single_thought_operator,
rtl_native_front_guarded_parent_qd,VerilogEval-Spec-to-RTL,Prob135_m2014_q6b,combinational,1,cd832732-71cf-4c7a-be71-ffc9aa758baa,single_thought_operator,generation_log,0.196143497758,0.294215246637,7,2.58e-06,0,5,0.000223,0,-0.4,0.988430493274,0,/workspace/exp/useful_bd_push/t66_rtl_native_front_guarded_parent_20260623_160756_UTC/hard_tuning/rtl_native_front_guarded_parent_qd/seed_1001/openai_gpt-oss-120b/VerilogEval-Spec-to-RTL/Prob135_m2014_q6b/Gen1/Prob135_m2014_q6b_sample5_single_thought_operator,
rtl_native_front_guarded_parent_qd,VerilogEval-Spec-to-RTL,Prob135_m2014_q6b,combinational,1,e7d4cf5e-475f-4fea-b8a4-887385596923,single_thought_operator,generation_log,0.196143497758,0.294215246637,7,2.58e-06,0,5,0.000223,0,-0.4,0.988430493274,0,/workspace/exp/useful_bd_push/t66_rtl_native_front_guarded_parent_20260623_160756_UTC/hard_tuning/rtl_native_front_guarded_parent_qd/seed_1001/openai_gpt-oss-120b/VerilogEval-Spec-to-RTL/Prob135_m2014_q6b/Gen1/Prob135_m2014_q6b_sample6_single_thought_operator,
rtl_native_front_guarded_parent_qd,VerilogEval-Spec-to-RTL,Prob135_m2014_q6b,combinational,1,b7744e1d-ed37-4e3f-be2a-664e5f2a3564,single_thought_operator,generation_log,0.263617339312,0.395426008969,6,2.04e-06,0,5,0.000223,0,-0.2,0.990852017937,0,/workspace/exp/useful_bd_push/t66_rtl_native_front_guarded_parent_20260623_160756_UTC/hard_tuning/rtl_native_front_guarded_parent_qd/seed_1001/openai_gpt-oss-120b/VerilogEval-Spec-to-RTL/Prob135_m2014_q6b/Gen1/Prob135_m2014_q6b_sample7_single_thought_operator,
rtl_native_front_guarded_parent_qd,VerilogEval-Spec-to-RTL,Prob135_m2014_q6b,combinational,1,ec37c8ea-5aa6-4af0-b88a-5fa06ab96fde,single_thought_operator,generation_log,0.196143497758,0.294215246637,7,2.58e-06,0,5,0.000223,0,-0.4,0.988430493274,0,/workspace/exp/useful_bd_push/t66_rtl_native_front_guarded_parent_20260623_160756_UTC/hard_tuning/rtl_native_front_guarded_parent_qd/seed_1001/openai_gpt-oss-120b/VerilogEval-Spec-to-RTL/Prob135_m2014_q6b/Gen1/Prob135_m2014_q6b_sample8_single_thought_operator,
rtl_native_front_guarded_parent_qd,VerilogEval-Spec-to-RTL,Prob135_m2014_q6b,combinational,1,62e5ce15-ab08-40b6-ba27-515440adb3a6,single_thought_operator,generation_log,0.196143497758,0.294215246637,7,2.58e-06,0,5,0.000223,0,-0.4,0.988430493274,0,/workspace/exp/useful_bd_push/t66_rtl_native_front_guarded_parent_20260623_160756_UTC/hard_tuning/rtl_native_front_guarded_parent_qd/seed_1001/openai_gpt-oss-120b/VerilogEval-Spec-to-RTL/Prob135_m2014_q6b/Gen1/Prob135_m2014_q6b_sample9_single_thought_operator,
rtl_native_front_guarded_parent_qd,VerilogEval-Spec-to-RTL,Prob135_m2014_q6b,combinational,2,0afa54a8-08ca-4ede-af08-caaed5edcf1f,single_thought_operator,generation_log,0.196143497758,0.294215246637,7,2.58e-06,0,5,0.000223,0,-0.4,0.988430493274,0,/workspace/exp/useful_bd_push/t66_rtl_native_front_guarded_parent_20260623_160756_UTC/hard_tuning/rtl_native_front_guarded_parent_qd/seed_1001/openai_gpt-oss-120b/VerilogEval-Spec-to-RTL/Prob135_m2014_q6b/Gen2/Prob135_m2014_q6b_sample1_single_thought_operator,
rtl_native_front_guarded_parent_qd,VerilogEval-Spec-to-RTL,Prob135_m2014_q6b,combinational,2,a5745cc4-1cf7-4a83-aa73-7e49891a4e5a,single_thought_operator,generation_log,0.196143497758,0.294215246637,7,2.58e-06,0,5,0.000223,0,-0.4,0.988430493274,0,/workspace/exp/useful_bd_push/t66_rtl_native_front_guarded_parent_20260623_160756_UTC/hard_tuning/rtl_native_front_guarded_parent_qd/seed_1001/openai_gpt-oss-120b/VerilogEval-Spec-to-RTL/Prob135_m2014_q6b/Gen2/Prob135_m2014_q6b_sample2_single_thought_operator,
rtl_native_front_guarded_parent_qd,VerilogEval-Spec-to-RTL,Prob135_m2014_q6b,combinational,2,0dc1c649-6392-4488-8417-45d34a2f4121,single_thought_operator,generation_log,0.196143497758,0.294215246637,7,2.58e-06,0,5,0.000223,0,-0.4,0.988430493274,0,/workspace/exp/useful_bd_push/t66_rtl_native_front_guarded_parent_20260623_160756_UTC/hard_tuning/rtl_native_front_guarded_parent_qd/seed_1001/openai_gpt-oss-120b/VerilogEval-Spec-to-RTL/Prob135_m2014_q6b/Gen2/Prob135_m2014_q6b_sample3_single_thought_operator,
rtl_native_front_guarded_parent_qd,VerilogEval-Spec-to-RTL,Prob135_m2014_q6b,combinational,2,63b0ff45-79cf-4b87-811d-9a70a47bdc5c,single_thought_operator,generation_log,0.196143497758,0.294215246637,7,2.58e-06,0,5,0.000223,0,-0.4,0.988430493274,0,/workspace/exp/useful_bd_push/t66_rtl_native_front_guarded_parent_20260623_160756_UTC/hard_tuning/rtl_native_front_guarded_parent_qd/seed_1001/openai_gpt-oss-120b/VerilogEval-Spec-to-RTL/Prob135_m2014_q6b/Gen2/Prob135_m2014_q6b_sample7_single_thought_operator,
rtl_native_front_guarded_parent_qd,VerilogEval-Spec-to-RTL,Prob135_m2014_q6b,combinational,2,46d1d326-d728-4fad-8c13-e6ca406974ca,single_thought_operator,generation_log,0.196143497758,0.294215246637,7,2.58e-06,0,5,0.000223,0,-0.4,0.988430493274,0,/workspace/exp/useful_bd_push/t66_rtl_native_front_guarded_parent_20260623_160756_UTC/hard_tuning/rtl_native_front_guarded_parent_qd/seed_1001/openai_gpt-oss-120b/VerilogEval-Spec-to-RTL/Prob135_m2014_q6b/Gen2/Prob135_m2014_q6b_sample8_single_thought_operator,
rtl_native_front_guarded_parent_qd,VerilogEval-Spec-to-RTL,Prob135_m2014_q6b,combinational,2,4b9dc60a-6a23-45dd-b8d0-6507166eb68e,single_thought_operator,generation_log,0.263617339312,0.395426008969,6,2.04e-06,0,5,0.000223,0,-0.2,0.990852017937,0,/workspace/exp/useful_bd_push/t66_rtl_native_front_guarded_parent_20260623_160756_UTC/hard_tuning/rtl_native_front_guarded_parent_qd/seed_1001/openai_gpt-oss-120b/VerilogEval-Spec-to-RTL/Prob135_m2014_q6b/Gen2/Prob135_m2014_q6b_sample9_single_thought_operator,
rtl_native_front_guarded_parent_qd,VerilogEval-Spec-to-RTL,Prob135_m2014_q6b,combinational,2,e674c288-5d39-4877-98ec-204392798e61,single_thought_operator,generation_log,0.196143497758,0.294215246637,7,2.58e-06,0,5,0.000223,0,-0.4,0.988430493274,0,/workspace/exp/useful_bd_push/t66_rtl_native_front_guarded_parent_20260623_160756_UTC/hard_tuning/rtl_native_front_guarded_parent_qd/seed_1001/openai_gpt-oss-120b/VerilogEval-Spec-to-RTL/Prob135_m2014_q6b/Gen2/Prob135_m2014_q6b_sample10_single_thought_operator,
rtl_native_front_guarded_parent_qd,VerilogEval-Spec-to-RTL,Prob135_m2014_q6b,combinational,2,056311cd-c93b-4524-a128-2eb05ff18edb,single_thought_operator,generation_log,0.263617339312,0.395426008969,6,2.04e-06,0,5,0.000223,0,-0.2,0.990852017937,0,/workspace/exp/useful_bd_push/t66_rtl_native_front_guarded_parent_20260623_160756_UTC/hard_tuning/rtl_native_front_guarded_parent_qd/seed_1001/openai_gpt-oss-120b/VerilogEval-Spec-to-RTL/Prob135_m2014_q6b/Gen2/Prob135_m2014_q6b_sample11_single_thought_operator,
rtl_native_front_guarded_parent_qd,VerilogEval-Spec-to-RTL,Prob135_m2014_q6b,combinational,2,0b32cf1d-70c1-4b73-88ec-51bbee61327f,single_thought_operator,generation_log,0.196143497758,0.294215246637,7,2.58e-06,0,5,0.000223,0,-0.4,0.988430493274,0,/workspace/exp/useful_bd_push/t66_rtl_native_front_guarded_parent_20260623_160756_UTC/hard_tuning/rtl_native_front_guarded_parent_qd/seed_1001/openai_gpt-oss-120b/VerilogEval-Spec-to-RTL/Prob135_m2014_q6b/Gen2/Prob135_m2014_q6b_sample12_single_thought_operator,
rtl_native_front_guarded_parent_qd,VerilogEval-Spec-to-RTL,Prob135_m2014_q6b,combinational,3,1e7632c0-a532-4a95-86ac-f6bee9a25d02,single_thought_operator,generation_log,0.196143497758,0.294215246637,7,2.58e-06,0,5,0.000223,0,-0.4,0.988430493274,0,/workspace/exp/useful_bd_push/t66_rtl_native_front_guarded_parent_20260623_160756_UTC/hard_tuning/rtl_native_front_guarded_parent_qd/seed_1001/openai_gpt-oss-120b/VerilogEval-Spec-to-RTL/Prob135_m2014_q6b/Gen3/Prob135_m2014_q6b_sample1_single_thought_operator,
rtl_native_front_guarded_parent_qd,VerilogEval-Spec-to-RTL,Prob135_m2014_q6b,combinational,3,ec76af09-5feb-4516-a260-ab867464c136,single_thought_operator,generation_log,0.263617339312,0.395426008969,6,2.04e-06,0,5,0.000223,0,-0.2,0.990852017937,0,/workspace/exp/useful_bd_push/t66_rtl_native_front_guarded_parent_20260623_160756_UTC/hard_tuning/rtl_native_front_guarded_parent_qd/seed_1001/openai_gpt-oss-120b/VerilogEval-Spec-to-RTL/Prob135_m2014_q6b/Gen3/Prob135_m2014_q6b_sample3_single_thought_operator,
rtl_native_front_guarded_parent_qd,VerilogEval-Spec-to-RTL,Prob135_m2014_q6b,combinational,3,4f6910ec-50d7-4322-bcdb-d091948335b8,single_thought_operator,generation_log,0.196143497758,0.294215246637,7,2.58e-06,0,5,0.000223,0,-0.4,0.988430493274,0,/workspace/exp/useful_bd_push/t66_rtl_native_front_guarded_parent_20260623_160756_UTC/hard_tuning/rtl_native_front_guarded_parent_qd/seed_1001/openai_gpt-oss-120b/VerilogEval-Spec-to-RTL/Prob135_m2014_q6b/Gen3/Prob135_m2014_q6b_sample5_single_thought_operator,
rtl_native_front_guarded_parent_qd,VerilogEval-Spec-to-RTL,Prob135_m2014_q6b,combinational,3,c84f189d-2184-4ec0-af9b-1458a30813b7,single_thought_operator,generation_log,0.263617339312,0.395426008969,6,2.04e-06,0,5,0.000223,0,-0.2,0.990852017937,0,/workspace/exp/useful_bd_push/t66_rtl_native_front_guarded_parent_20260623_160756_UTC/hard_tuning/rtl_native_front_guarded_parent_qd/seed_1001/openai_gpt-oss-120b/VerilogEval-Spec-to-RTL/Prob135_m2014_q6b/Gen3/Prob135_m2014_q6b_sample6_single_thought_operator,
rtl_native_front_guarded_parent_qd,VerilogEval-Spec-to-RTL,Prob135_m2014_q6b,combinational,3,abb083f1-9d3c-4add-a99f-ecbb8b20d5f0,single_thought_operator,generation_log,0.263617339312,0.395426008969,6,2.04e-06,0,5,0.000223,0,-0.2,0.990852017937,0,/workspace/exp/useful_bd_push/t66_rtl_native_front_guarded_parent_20260623_160756_UTC/hard_tuning/rtl_native_front_guarded_parent_qd/seed_1001/openai_gpt-oss-120b/VerilogEval-Spec-to-RTL/Prob135_m2014_q6b/Gen3/Prob135_m2014_q6b_sample7_single_thought_operator,
rtl_native_front_guarded_parent_qd,VerilogEval-Spec-to-RTL,Prob135_m2014_q6b,combinational,3,6ee3172a-c7dd-450c-9cff-83299c180b8b,single_thought_operator,generation_log,0.263617339312,0.395426008969,6,2.04e-06,0,5,0.000223,0,-0.2,0.990852017937,0,/workspace/exp/useful_bd_push/t66_rtl_native_front_guarded_parent_20260623_160756_UTC/hard_tuning/rtl_native_front_guarded_parent_qd/seed_1001/openai_gpt-oss-120b/VerilogEval-Spec-to-RTL/Prob135_m2014_q6b/Gen3/Prob135_m2014_q6b_sample8_single_thought_operator,
rtl_native_front_guarded_parent_qd,VerilogEval-Spec-to-RTL,Prob135_m2014_q6b,combinational,3,c2b1d9fa-6acb-4407-a495-02e8be59bcad,single_thought_operator,generation_log,0.263617339312,0.395426008969,6,2.04e-06,0,5,0.000223,0,-0.2,0.990852017937,0,/workspace/exp/useful_bd_push/t66_rtl_native_front_guarded_parent_20260623_160756_UTC/hard_tuning/rtl_native_front_guarded_parent_qd/seed_1001/openai_gpt-oss-120b/VerilogEval-Spec-to-RTL/Prob135_m2014_q6b/Gen3/Prob135_m2014_q6b_sample9_single_thought_operator,
rtl_native_front_guarded_parent_qd,VerilogEval-Spec-to-RTL,Prob135_m2014_q6b,combinational,3,170af9b8-e68d-4781-9649-f829e70938bb,single_thought_operator,generation_log,0.196143497758,0.294215246637,7,2.58e-06,0,5,0.000223,0,-0.4,0.988430493274,0,/workspace/exp/useful_bd_push/t66_rtl_native_front_guarded_parent_20260623_160756_UTC/hard_tuning/rtl_native_front_guarded_parent_qd/seed_1001/openai_gpt-oss-120b/VerilogEval-Spec-to-RTL/Prob135_m2014_q6b/Gen3/Prob135_m2014_q6b_sample10_single_thought_operator,
rtl_native_front_guarded_parent_qd,VerilogEval-Spec-to-RTL,Prob135_m2014_q6b,combinational,3,6d7bae86-83be-4870-8348-86aab99431e6,single_thought_operator,generation_log,0.196143497758,0.294215246637,7,2.58e-06,0,5,0.000223,0,-0.4,0.988430493274,0,/workspace/exp/useful_bd_push/t66_rtl_native_front_guarded_parent_20260623_160756_UTC/hard_tuning/rtl_native_front_guarded_parent_qd/seed_1001/openai_gpt-oss-120b/VerilogEval-Spec-to-RTL/Prob135_m2014_q6b/Gen3/Prob135_m2014_q6b_sample12_single_thought_operator,
rtl_native_front_guarded_parent_qd,VerilogEval-Spec-to-RTL,Prob150_review2015_fsmonehot,combinational,0,540a6ce8-c64c-48da-b934-e897f37849e4,initial,generation_log,0.32968627451,0.494529411765,13,3.72e-06,0,13,0.00034,0,0,0.989058823529,0,/workspace/exp/useful_bd_push/t66_rtl_native_front_guarded_parent_20260623_160756_UTC/hard_tuning/rtl_native_front_guarded_parent_qd/seed_1001/openai_gpt-oss-120b/VerilogEval-Spec-to-RTL/Prob150_review2015_fsmonehot/Gen0/Prob150_review2015_fsmonehot_sample2_initial,
rtl_native_front_guarded_parent_qd,VerilogEval-Spec-to-RTL,Prob150_review2015_fsmonehot,combinational,0,b99af81a-f517-44d0-a831-9d2ebeaf57a0,initial,generation_log,0.32968627451,0.494529411765,13,3.72e-06,0,13,0.00034,0,0,0.989058823529,0,/workspace/exp/useful_bd_push/t66_rtl_native_front_guarded_parent_20260623_160756_UTC/hard_tuning/rtl_native_front_guarded_parent_qd/seed_1001/openai_gpt-oss-120b/VerilogEval-Spec-to-RTL/Prob150_review2015_fsmonehot/Gen0/Prob150_review2015_fsmonehot_sample3_initial,
rtl_native_front_guarded_parent_qd,VerilogEval-Spec-to-RTL,Prob150_review2015_fsmonehot,combinational,0,69808275-0917-47e7-a20f-298771261fe1,initial,generation_log,0.32968627451,0.494529411765,13,3.72e-06,0,13,0.00034,0,0,0.989058823529,0,/workspace/exp/useful_bd_push/t66_rtl_native_front_guarded_parent_20260623_160756_UTC/hard_tuning/rtl_native_front_guarded_parent_qd/seed_1001/openai_gpt-oss-120b/VerilogEval-Spec-to-RTL/Prob150_review2015_fsmonehot/Gen0/Prob150_review2015_fsmonehot_sample7_initial,
rtl_native_front_guarded_parent_qd,VerilogEval-Spec-to-RTL,Prob150_review2015_fsmonehot,combinational,0,965e444b-b4a2-4c36-a814-cd1e179b6ec6,initial,generation_log,0.32968627451,0.494529411765,13,3.72e-06,0,13,0.00034,0,0,0.989058823529,0,/workspace/exp/useful_bd_push/t66_rtl_native_front_guarded_parent_20260623_160756_UTC/hard_tuning/rtl_native_front_guarded_parent_qd/seed_1001/openai_gpt-oss-120b/VerilogEval-Spec-to-RTL/Prob150_review2015_fsmonehot/Gen0/Prob150_review2015_fsmonehot_sample9_initial,
rtl_native_front_guarded_parent_qd,VerilogEval-Spec-to-RTL,Prob150_review2015_fsmonehot,combinational,0,69c38a93-d132-4878-9bdd-cab643b17b59,initial,generation_log,0.32968627451,0.494529411765,13,3.72e-06,0,13,0.00034,0,0,0.989058823529,0,/workspace/exp/useful_bd_push/t66_rtl_native_front_guarded_parent_20260623_160756_UTC/hard_tuning/rtl_native_front_guarded_parent_qd/seed_1001/openai_gpt-oss-120b/VerilogEval-Spec-to-RTL/Prob150_review2015_fsmonehot/Gen0/Prob150_review2015_fsmonehot_sample10_initial,
rtl_native_front_guarded_parent_qd,VerilogEval-Spec-to-RTL,Prob150_review2015_fsmonehot,combinational,0,747e456f-e4c0-443a-b3c5-d49295535dd0,initial,generation_log,0.32968627451,0.494529411765,13,3.72e-06,0,13,0.00034,0,0,0.989058823529,0,/workspace/exp/useful_bd_push/t66_rtl_native_front_guarded_parent_20260623_160756_UTC/hard_tuning/rtl_native_front_guarded_parent_qd/seed_1001/openai_gpt-oss-120b/VerilogEval-Spec-to-RTL/Prob150_review2015_fsmonehot/Gen0/Prob150_review2015_fsmonehot_sample12_initial,
rtl_native_front_guarded_parent_qd,VerilogEval-Spec-to-RTL,Prob150_review2015_fsmonehot,combinational,1,e79b57e7-6f5a-42a4-b23e-febe2adc9374,single_thought_operator,generation_log,0.32968627451,0.494529411765,13,3.72e-06,0,13,0.00034,0,0,0.989058823529,0,/workspace/exp/useful_bd_push/t66_rtl_native_front_guarded_parent_20260623_160756_UTC/hard_tuning/rtl_native_front_guarded_parent_qd/seed_1001/openai_gpt-oss-120b/VerilogEval-Spec-to-RTL/Prob150_review2015_fsmonehot/Gen1/Prob150_review2015_fsmonehot_sample5_single_thought_operator,
rtl_native_front_guarded_parent_qd,VerilogEval-Spec-to-RTL,Prob150_review2015_fsmonehot,combinational,1,b264525e-4fed-4257-8765-2e4c94fa3c34,single_thought_operator,generation_log,0.32968627451,0.494529411765,13,3.72e-06,0,13,0.00034,0,0,0.989058823529,0,/workspace/exp/useful_bd_push/t66_rtl_native_front_guarded_parent_20260623_160756_UTC/hard_tuning/rtl_native_front_guarded_parent_qd/seed_1001/openai_gpt-oss-120b/VerilogEval-Spec-to-RTL/Prob150_review2015_fsmonehot/Gen1/Prob150_review2015_fsmonehot_sample6_single_thought_operator,
rtl_native_front_guarded_parent_qd,VerilogEval-Spec-to-RTL,Prob150_review2015_fsmonehot,combinational,1,c76e3031-ea68-4513-abd1-9c6d4484227d,single_thought_operator,generation_log,0.32968627451,0.494529411765,13,3.72e-06,0,13,0.00034,0,0,0.989058823529,0,/workspace/exp/useful_bd_push/t66_rtl_native_front_guarded_parent_20260623_160756_UTC/hard_tuning/rtl_native_front_guarded_parent_qd/seed_1001/openai_gpt-oss-120b/VerilogEval-Spec-to-RTL/Prob150_review2015_fsmonehot/Gen1/Prob150_review2015_fsmonehot_sample7_single_thought_operator,
rtl_native_front_guarded_parent_qd,VerilogEval-Spec-to-RTL,Prob150_review2015_fsmonehot,combinational,2,d51595c0-48d8-44cb-b72a-8dbc9775ea2c,single_thought_operator,generation_log,0.32968627451,0.494529411765,13,3.72e-06,0,13,0.00034,0,0,0.989058823529,0,/workspace/exp/useful_bd_push/t66_rtl_native_front_guarded_parent_20260623_160756_UTC/hard_tuning/rtl_native_front_guarded_parent_qd/seed_1001/openai_gpt-oss-120b/VerilogEval-Spec-to-RTL/Prob150_review2015_fsmonehot/Gen2/Prob150_review2015_fsmonehot_sample2_single_thought_operator,
rtl_native_front_guarded_parent_qd,VerilogEval-Spec-to-RTL,Prob150_review2015_fsmonehot,combinational,2,207b0e79-61c0-44f6-b26a-91ae1aef9c2a,single_thought_operator,generation_log,0.32968627451,0.494529411765,13,3.72e-06,0,13,0.00034,0,0,0.989058823529,0,/workspace/exp/useful_bd_push/t66_rtl_native_front_guarded_parent_20260623_160756_UTC/hard_tuning/rtl_native_front_guarded_parent_qd/seed_1001/openai_gpt-oss-120b/VerilogEval-Spec-to-RTL/Prob150_review2015_fsmonehot/Gen2/Prob150_review2015_fsmonehot_sample6_single_thought_operator,
rtl_native_front_guarded_parent_qd,VerilogEval-Spec-to-RTL,Prob150_review2015_fsmonehot,combinational,2,509b2ccf-cbec-44d3-aedd-ec9cc2fa143e,single_thought_operator,generation_log,0.32968627451,0.494529411765,13,3.72e-06,0,13,0.00034,0,0,0.989058823529,0,/workspace/exp/useful_bd_push/t66_rtl_native_front_guarded_parent_20260623_160756_UTC/hard_tuning/rtl_native_front_guarded_parent_qd/seed_1001/openai_gpt-oss-120b/VerilogEval-Spec-to-RTL/Prob150_review2015_fsmonehot/Gen2/Prob150_review2015_fsmonehot_sample9_single_thought_operator,
rtl_native_front_guarded_parent_qd,VerilogEval-Spec-to-RTL,Prob150_review2015_fsmonehot,combinational,2,ca2d7cac-d6e8-4a9b-8b38-334e6d7942bf,single_thought_operator,generation_log,0.32968627451,0.494529411765,13,3.72e-06,0,13,0.00034,0,0,0.989058823529,0,/workspace/exp/useful_bd_push/t66_rtl_native_front_guarded_parent_20260623_160756_UTC/hard_tuning/rtl_native_front_guarded_parent_qd/seed_1001/openai_gpt-oss-120b/VerilogEval-Spec-to-RTL/Prob150_review2015_fsmonehot/Gen2/Prob150_review2015_fsmonehot_sample11_single_thought_operator,
rtl_native_front_guarded_parent_qd,VerilogEval-Spec-to-RTL,Prob150_review2015_fsmonehot,combinational,3,8dd3cbcd-732d-44b7-a288-f64f6ee17bf6,single_thought_operator,generation_log,0.32968627451,0.494529411765,13,3.72e-06,0,13,0.00034,0,0,0.989058823529,0,/workspace/exp/useful_bd_push/t66_rtl_native_front_guarded_parent_20260623_160756_UTC/hard_tuning/rtl_native_front_guarded_parent_qd/seed_1001/openai_gpt-oss-120b/VerilogEval-Spec-to-RTL/Prob150_review2015_fsmonehot/Gen3/Prob150_review2015_fsmonehot_sample11_single_thought_operator,
rtl_native_front_guarded_parent_qd,VerilogEval-Spec-to-RTL,Prob151_review2015_fsm,sequential,3,ab70bc75-5441-4200-aedf-0f71448c742a,single_thought_operator,generation_log,-0.371969939084,-0.371969939084,97,0.00672,0.32,66,0.00447,0.28,-0.469696969697,-0.503355704698,-0.142857142857,/workspace/exp/useful_bd_push/t66_rtl_native_front_guarded_parent_20260623_160756_UTC/hard_tuning/rtl_native_front_guarded_parent_qd/seed_1001/openai_gpt-oss-120b/VerilogEval-Spec-to-RTL/Prob151_review2015_fsm/Gen3/Prob151_review2015_fsm_sample7_single_thought_operator,
rtl_native_front_guarded_parent_qd,VerilogEval-Spec-to-RTL,Prob153_gshare,sequential,0,7f0ba399-e884-4269-8237-3ad9514aa061,initial,generation_log,0.0637513054405,0.0637513054405,3015,0.384,0.7,3025,0.437,0.75,0.00330578512397,0.121281464531,0.0666666666667,/workspace/exp/useful_bd_push/t66_rtl_native_front_guarded_parent_20260623_160756_UTC/hard_tuning/rtl_native_front_guarded_parent_qd/seed_1001/openai_gpt-oss-120b/VerilogEval-Spec-to-RTL/Prob153_gshare/Gen0/Prob153_gshare_sample1_initial,
rtl_native_front_guarded_parent_qd,VerilogEval-Spec-to-RTL,Prob153_gshare,sequential,0,7d3c7cf9-c037-48ed-8408-80d13554fb6f,initial,generation_log,0.0194342845976,0.0194342845976,3115,0.416,0.72,3025,0.437,0.75,-0.0297520661157,0.0480549199085,0.04,/workspace/exp/useful_bd_push/t66_rtl_native_front_guarded_parent_20260623_160756_UTC/hard_tuning/rtl_native_front_guarded_parent_qd/seed_1001/openai_gpt-oss-120b/VerilogEval-Spec-to-RTL/Prob153_gshare/Gen0/Prob153_gshare_sample11_initial,
rtl_native_front_guarded_parent_qd,VerilogEval-Spec-to-RTL,Prob153_gshare,sequential,1,5c7cf3ee-0953-4ff8-a914-5e8330845e2c,single_thought_operator,generation_log,0.0217054674055,0.0217054674055,3008,0.411,0.75,3025,0.437,0.75,0.00561983471074,0.0594965675057,0,/workspace/exp/useful_bd_push/t66_rtl_native_front_guarded_parent_20260623_160756_UTC/hard_tuning/rtl_native_front_guarded_parent_qd/seed_1001/openai_gpt-oss-120b/VerilogEval-Spec-to-RTL/Prob153_gshare/Gen1/Prob153_gshare_sample7_single_thought_operator,
rtl_native_front_guarded_parent_qd,VerilogEval-Spec-to-RTL,Prob153_gshare,sequential,1,4b9df536-dd4d-4456-b5fc-1e461b432398,single_thought_operator,generation_log,0.1309222031,0.1309222031,2837,0.31,0.72,3025,0.437,0.75,0.0621487603306,0.29061784897,0.04,/workspace/exp/useful_bd_push/t66_rtl_native_front_guarded_parent_20260623_160756_UTC/hard_tuning/rtl_native_front_guarded_parent_qd/seed_1001/openai_gpt-oss-120b/VerilogEval-Spec-to-RTL/Prob153_gshare/Gen1/Prob153_gshare_sample10_single_thought_operator,
rtl_native_front_guarded_parent_qd,VerilogEval-Spec-to-RTL,Prob153_gshare,sequential,1,5c408b81-516a-424c-982f-97d1d82c5722,single_thought_operator,generation_log,0.135602919144,0.135602919144,2790,0.299,0.74,3025,0.437,0.75,0.0776859504132,0.315789473684,0.0133333333333,/workspace/exp/useful_bd_push/t66_rtl_native_front_guarded_parent_20260623_160756_UTC/hard_tuning/rtl_native_front_guarded_parent_qd/seed_1001/openai_gpt-oss-120b/VerilogEval-Spec-to-RTL/Prob153_gshare/Gen1/Prob153_gshare_sample12_single_thought_operator,
rtl_native_front_guarded_parent_qd,VerilogEval-Spec-to-RTL,Prob153_gshare,sequential,2,519aecd6-f239-40b9-803c-ff57e55b5265,single_thought_operator,generation_log,0.0282924943212,0.0282924943212,3127,0.391,0.74,3025,0.437,0.75,-0.0337190082645,0.105263157895,0.0133333333333,/workspace/exp/useful_bd_push/t66_rtl_native_front_guarded_parent_20260623_160756_UTC/hard_tuning/rtl_native_front_guarded_parent_qd/seed_1001/openai_gpt-oss-120b/VerilogEval-Spec-to-RTL/Prob153_gshare/Gen2/Prob153_gshare_sample1_single_thought_operator,
rtl_native_front_guarded_parent_qd,VerilogEval-Spec-to-RTL,Prob153_gshare,sequential,2,65bef594-df74-4b47-96e4-ed64e57dff4c,single_thought_operator,generation_log,0.143103428712,0.143103428712,2799,0.317,0.69,3025,0.437,0.75,0.0747107438017,0.274599542334,0.08,/workspace/exp/useful_bd_push/t66_rtl_native_front_guarded_parent_20260623_160756_UTC/hard_tuning/rtl_native_front_guarded_parent_qd/seed_1001/openai_gpt-oss-120b/VerilogEval-Spec-to-RTL/Prob153_gshare/Gen2/Prob153_gshare_sample2_single_thought_operator,
rtl_native_front_guarded_parent_qd,VerilogEval-Spec-to-RTL,Prob153_gshare,sequential,2,6588a76c-57ad-42c8-a525-d46bd9ee6ed6,single_thought_operator,generation_log,0.000415051282536,0.000415051282536,3163,0.434,0.72,3025,0.437,0.75,-0.0456198347107,0.00686498855835,0.04,/workspace/exp/useful_bd_push/t66_rtl_native_front_guarded_parent_20260623_160756_UTC/hard_tuning/rtl_native_front_guarded_parent_qd/seed_1001/openai_gpt-oss-120b/VerilogEval-Spec-to-RTL/Prob153_gshare/Gen2/Prob153_gshare_sample4_single_thought_operator,
rtl_native_front_guarded_parent_qd,VerilogEval-Spec-to-RTL,Prob153_gshare,sequential,2,63c08f58-95f7-4b28-9232-4f557f3e0e62,single_thought_operator,generation_log,0.0916141233429,0.0916141233429,2934,0.365,0.69,3025,0.437,0.75,0.0300826446281,0.1647597254,0.08,/workspace/exp/useful_bd_push/t66_rtl_native_front_guarded_parent_20260623_160756_UTC/hard_tuning/rtl_native_front_guarded_parent_qd/seed_1001/openai_gpt-oss-120b/VerilogEval-Spec-to-RTL/Prob153_gshare/Gen2/Prob153_gshare_sample6_single_thought_operator,
rtl_native_front_guarded_parent_qd,VerilogEval-Spec-to-RTL,Prob153_gshare,sequential,2,d440d57f-f981-4ac1-9a6c-2f945f78c190,single_thought_operator,generation_log,0.135602919144,0.135602919144,2790,0.299,0.74,3025,0.437,0.75,0.0776859504132,0.315789473684,0.0133333333333,/workspace/exp/useful_bd_push/t66_rtl_native_front_guarded_parent_20260623_160756_UTC/hard_tuning/rtl_native_front_guarded_parent_qd/seed_1001/openai_gpt-oss-120b/VerilogEval-Spec-to-RTL/Prob153_gshare/Gen2/Prob153_gshare_sample7_single_thought_operator,
rtl_native_front_guarded_parent_qd,VerilogEval-Spec-to-RTL,Prob153_gshare,sequential,2,a9e35b1d-c88f-473c-b6b1-273befa14a36,single_thought_operator,generation_log,-0.180205214197,-0.180205214197,3396,0.608,0.77,3025,0.437,0.75,-0.122644628099,-0.391304347826,-0.0266666666667,/workspace/exp/useful_bd_push/t66_rtl_native_front_guarded_parent_20260623_160756_UTC/hard_tuning/rtl_native_front_guarded_parent_qd/seed_1001/openai_gpt-oss-120b/VerilogEval-Spec-to-RTL/Prob153_gshare/Gen2/Prob153_gshare_sample8_single_thought_operator,
rtl_native_front_guarded_parent_qd,VerilogEval-Spec-to-RTL,Prob153_gshare,sequential,2,a7fd55a7-84f6-4151-bbc9-7b98c00b8019,single_thought_operator,generation_log,-0.0177361717865,-0.0177361717865,3080,0.429,0.79,3025,0.437,0.75,-0.0181818181818,0.0183066361556,-0.0533333333333,/workspace/exp/useful_bd_push/t66_rtl_native_front_guarded_parent_20260623_160756_UTC/hard_tuning/rtl_native_front_guarded_parent_qd/seed_1001/openai_gpt-oss-120b/VerilogEval-Spec-to-RTL/Prob153_gshare/Gen2/Prob153_gshare_sample10_single_thought_operator,
rtl_native_front_guarded_parent_qd,VerilogEval-Spec-to-RTL,Prob153_gshare,sequential,2,793b9180-32e2-48f1-bda6-4a896cb2ecfc,single_thought_operator,generation_log,0.135602919144,0.135602919144,2790,0.299,0.74,3025,0.437,0.75,0.0776859504132,0.315789473684,0.0133333333333,/workspace/exp/useful_bd_push/t66_rtl_native_front_guarded_parent_20260623_160756_UTC/hard_tuning/rtl_native_front_guarded_parent_qd/seed_1001/openai_gpt-oss-120b/VerilogEval-Spec-to-RTL/Prob153_gshare/Gen2/Prob153_gshare_sample11_single_thought_operator,
rtl_native_front_guarded_parent_qd,VerilogEval-Spec-to-RTL,Prob153_gshare,sequential,3,dfa007af-eb2a-40a2-b376-3853579c1d5b,single_thought_operator,generation_log,-0.0337103508562,-0.0337103508562,3197,0.468,0.73,3025,0.437,0.75,-0.0568595041322,-0.070938215103,0.0266666666667,/workspace/exp/useful_bd_push/t66_rtl_native_front_guarded_parent_20260623_160756_UTC/hard_tuning/rtl_native_front_guarded_parent_qd/seed_1001/openai_gpt-oss-120b/VerilogEval-Spec-to-RTL/Prob153_gshare/Gen3/Prob153_gshare_sample1_single_thought_operator,
rtl_native_front_guarded_parent_qd,VerilogEval-Spec-to-RTL,Prob153_gshare,sequential,3,b74e4256-4329-41d2-b315-24cf01581023,single_thought_operator,generation_log,-0.0280832035773,-0.0280832035773,2987,0.456,0.79,3025,0.437,0.75,0.0125619834711,-0.0434782608696,-0.0533333333333,/workspace/exp/useful_bd_push/t66_rtl_native_front_guarded_parent_20260623_160756_UTC/hard_tuning/rtl_native_front_guarded_parent_qd/seed_1001/openai_gpt-oss-120b/VerilogEval-Spec-to-RTL/Prob153_gshare/Gen3/Prob153_gshare_sample6_single_thought_operator,
rtl_native_front_guarded_parent_qd,VerilogEval-Spec-to-RTL,Prob153_gshare,sequential,3,2495b5d3-cf7c-427f-8c2b-1b8494e525e5,single_thought_operator,generation_log,-0.0403353695053,-0.0403353695053,3249,0.475,0.72,3025,0.437,0.75,-0.0740495867769,-0.0869565217391,0.04,/workspace/exp/useful_bd_push/t66_rtl_native_front_guarded_parent_20260623_160756_UTC/hard_tuning/rtl_native_front_guarded_parent_qd/seed_1001/openai_gpt-oss-120b/VerilogEval-Spec-to-RTL/Prob153_gshare/Gen3/Prob153_gshare_sample7_single_thought_operator,
rtl_native_front_guarded_parent_qd,VerilogEval-Spec-to-RTL,Prob153_gshare,sequential,3,7a0efa9a-c3cb-427c-a2ec-024255affa2d,single_thought_operator,generation_log,-0.0454299600961,-0.0454299600961,3074,0.472,0.78,3025,0.437,0.75,-0.0161983471074,-0.0800915331808,-0.04,/workspace/exp/useful_bd_push/t66_rtl_native_front_guarded_parent_20260623_160756_UTC/hard_tuning/rtl_native_front_guarded_parent_qd/seed_1001/openai_gpt-oss-120b/VerilogEval-Spec-to-RTL/Prob153_gshare/Gen3/Prob153_gshare_sample9_single_thought_operator,
rtl_native_front_guarded_parent_qd,VerilogEval-Spec-to-RTL,Prob153_gshare,sequential,3,46233153-c035-4384-a264-de4ff16941d4,single_thought_operator,generation_log,-0.0454299600961,-0.0454299600961,3074,0.472,0.78,3025,0.437,0.75,-0.0161983471074,-0.0800915331808,-0.04,/workspace/exp/useful_bd_push/t66_rtl_native_front_guarded_parent_20260623_160756_UTC/hard_tuning/rtl_native_front_guarded_parent_qd/seed_1001/openai_gpt-oss-120b/VerilogEval-Spec-to-RTL/Prob153_gshare/Gen3/Prob153_gshare_sample10_single_thought_operator,
rtl_native_front_guarded_parent_qd,VerilogEval-Spec-to-RTL,Prob153_gshare,sequential,3,a16d7004-eae0-49c1-9eba-dc6b75b45447,single_thought_operator,generation_log,-0.0440035890421,-0.0440035890421,3257,0.467,0.74,3025,0.437,0.75,-0.076694214876,-0.0686498855835,0.0133333333333,/workspace/exp/useful_bd_push/t66_rtl_native_front_guarded_parent_20260623_160756_UTC/hard_tuning/rtl_native_front_guarded_parent_qd/seed_1001/openai_gpt-oss-120b/VerilogEval-Spec-to-RTL/Prob153_gshare/Gen3/Prob153_gshare_sample12_single_thought_operator,
rtl_native_seeded_thought_qd,RTLLM,Prob004_adder_8bit,combinational,0,ec532a79-4698-4080-a679-81e7938eb180,initial,generation_log,0.381544128268,0.572316192402,39,2.27e-05,0,46,0.00301,0,0.152173913043,0.992458471761,0,/workspace/exp/useful_bd_push/t67_rtl_native_seeded_thought_20260623_170935_UTC/hard_tuning/rtl_native_seeded_thought_qd/seed_1001/openai_gpt-oss-120b/RTLLM/Prob004_adder_8bit/Gen0/g000_thought_0002/code_sample_0,
rtl_native_seeded_thought_qd,RTLLM,Prob004_adder_8bit,combinational,0,2993cf4e-046a-4d79-bea4-8b90a06b4c7f,initial,generation_log,0.381544128268,0.572316192402,39,2.27e-05,0,46,0.00301,0,0.152173913043,0.992458471761,0,,
rtl_native_seeded_thought_qd,RTLLM,Prob004_adder_8bit,combinational,0,c35b8bb2-1442-4dc4-b708-b95f08b4b100,initial,generation_log,0.381544128268,0.572316192402,39,2.27e-05,0,46,0.00301,0,0.152173913043,0.992458471761,0,,
rtl_native_seeded_thought_qd,RTLLM,Prob004_adder_8bit,combinational,0,457d874d-b0b4-408a-ad5a-11674e58a0c4,initial,generation_log,0.381544128268,0.572316192402,39,2.27e-05,0,46,0.00301,0,0.152173913043,0.992458471761,0,/workspace/exp/useful_bd_push/t67_rtl_native_seeded_thought_20260623_170935_UTC/hard_tuning/rtl_native_seeded_thought_qd/seed_1001/openai_gpt-oss-120b/RTLLM/Prob004_adder_8bit/Gen0/g000_thought_0003/code_sample_0,
rtl_native_seeded_thought_qd,RTLLM,Prob004_adder_8bit,combinational,0,7a074b9a-3586-4a7f-ac6e-d21c354f9b13,initial,generation_log,0.381544128268,0.572316192402,39,2.27e-05,0,46,0.00301,0,0.152173913043,0.992458471761,0,,
rtl_native_seeded_thought_qd,RTLLM,Prob004_adder_8bit,combinational,0,b41fc3ca-9dcf-4382-9d63-c8718de37aca,initial,generation_log,0.381544128268,0.572316192402,39,2.27e-05,0,46,0.00301,0,0.152173913043,0.992458471761,0,,
rtl_native_seeded_thought_qd,RTLLM,Prob004_adder_8bit,combinational,0,e0bb522a-f266-4b26-931e-769567f5d963,initial,generation_log,0.381544128268,0.572316192402,39,2.27e-05,0,46,0.00301,0,0.152173913043,0.992458471761,0,/workspace/exp/useful_bd_push/t67_rtl_native_seeded_thought_20260623_170935_UTC/hard_tuning/rtl_native_seeded_thought_qd/seed_1001/openai_gpt-oss-120b/RTLLM/Prob004_adder_8bit/Gen0/g000_thought_0004/code_sample_0,
rtl_native_seeded_thought_qd,RTLLM,Prob004_adder_8bit,combinational,0,8dc12118-4095-4ede-9acb-d1564172050c,initial,generation_log,0.381544128268,0.572316192402,39,2.27e-05,0,46,0.00301,0,0.152173913043,0.992458471761,0,,
rtl_native_seeded_thought_qd,RTLLM,Prob004_adder_8bit,combinational,0,b7aa4d47-b501-4043-a3a9-440579af85b8,initial,generation_log,0.381544128268,0.572316192402,39,2.27e-05,0,46,0.00301,0,0.152173913043,0.992458471761,0,,
rtl_native_seeded_thought_qd,RTLLM,Prob004_adder_8bit,combinational,1,fc3d8f7b-4ffc-49cd-b9d4-94684f27af88,single_thought_operator,generation_log,0.381544128268,0.572316192402,39,2.27e-05,0,46,0.00301,0,0.152173913043,0.992458471761,0,/workspace/exp/useful_bd_push/t67_rtl_native_seeded_thought_20260623_170935_UTC/hard_tuning/rtl_native_seeded_thought_qd/seed_1001/openai_gpt-oss-120b/RTLLM/Prob004_adder_8bit/Gen1/g001_thought_0006/code_sample_0,
rtl_native_seeded_thought_qd,RTLLM,Prob004_adder_8bit,combinational,1,16b1fbaf-aa03-4be5-bc11-926e15f6ee0a,single_thought_operator,generation_log,0.381544128268,0.572316192402,39,2.27e-05,0,46,0.00301,0,0.152173913043,0.992458471761,0,,
rtl_native_seeded_thought_qd,RTLLM,Prob004_adder_8bit,combinational,1,8ffff12c-23f2-4cf5-aca1-05939ed27068,single_thought_operator,generation_log,0.381544128268,0.572316192402,39,2.27e-05,0,46,0.00301,0,0.152173913043,0.992458471761,0,,
rtl_native_seeded_thought_qd,RTLLM,Prob004_adder_8bit,combinational,1,5da0b4be-3d64-4030-bdff-dbea9551a8af,single_thought_operator,generation_log,0.381544128268,0.572316192402,39,2.27e-05,0,46,0.00301,0,0.152173913043,0.992458471761,0,/workspace/exp/useful_bd_push/t67_rtl_native_seeded_thought_20260623_170935_UTC/hard_tuning/rtl_native_seeded_thought_qd/seed_1001/openai_gpt-oss-120b/RTLLM/Prob004_adder_8bit/Gen1/g001_thought_0007/code_sample_0,
rtl_native_seeded_thought_qd,RTLLM,Prob004_adder_8bit,combinational,1,2d5912a8-9eb9-46f0-bacf-b75bf2ad90a2,single_thought_operator,generation_log,0.381544128268,0.572316192402,39,2.27e-05,0,46,0.00301,0,0.152173913043,0.992458471761,0,,
rtl_native_seeded_thought_qd,RTLLM,Prob004_adder_8bit,combinational,1,58c3d85c-755c-44de-98d3-b62848acded4,single_thought_operator,generation_log,0.381544128268,0.572316192402,39,2.27e-05,0,46,0.00301,0,0.152173913043,0.992458471761,0,,
rtl_native_seeded_thought_qd,RTLLM,Prob004_adder_8bit,combinational,1,9c2e0ba4-dc72-498f-b4ed-128df64abcbe,single_thought_operator,generation_log,0.381544128268,0.572316192402,39,2.27e-05,0,46,0.00301,0,0.152173913043,0.992458471761,0,/workspace/exp/useful_bd_push/t67_rtl_native_seeded_thought_20260623_170935_UTC/hard_tuning/rtl_native_seeded_thought_qd/seed_1001/openai_gpt-oss-120b/RTLLM/Prob004_adder_8bit/Gen1/g001_thought_0008/code_sample_0,
rtl_native_seeded_thought_qd,RTLLM,Prob004_adder_8bit,combinational,1,61cf4c94-7ac1-4f8a-97ac-a504fda01ffd,single_thought_operator,generation_log,0.381544128268,0.572316192402,39,2.27e-05,0,46,0.00301,0,0.152173913043,0.992458471761,0,,
rtl_native_seeded_thought_qd,RTLLM,Prob004_adder_8bit,combinational,1,109496c4-42ed-4ad7-a038-e948d931a8b6,single_thought_operator,generation_log,0.381544128268,0.572316192402,39,2.27e-05,0,46,0.00301,0,0.152173913043,0.992458471761,0,,
rtl_native_seeded_thought_qd,RTLLM,Prob004_adder_8bit,combinational,2,ea526e6a-98c8-4f5b-90cb-8f8d4d9ee62d,single_thought_operator,generation_log,0.381544128268,0.572316192402,39,2.27e-05,0,46,0.00301,0,0.152173913043,0.992458471761,0,/workspace/exp/useful_bd_push/t67_rtl_native_seeded_thought_20260623_170935_UTC/hard_tuning/rtl_native_seeded_thought_qd/seed_1001/openai_gpt-oss-120b/RTLLM/Prob004_adder_8bit/Gen2/g002_thought_0010/code_sample_0,
rtl_native_seeded_thought_qd,RTLLM,Prob004_adder_8bit,combinational,2,77e87b60-fb20-4416-ac08-528fbb1b3b3c,single_thought_operator,generation_log,0.381544128268,0.572316192402,39,2.27e-05,0,46,0.00301,0,0.152173913043,0.992458471761,0,,
rtl_native_seeded_thought_qd,RTLLM,Prob004_adder_8bit,combinational,2,148db4c6-2f2a-43dd-abd5-31e934411e05,single_thought_operator,generation_log,0.381544128268,0.572316192402,39,2.27e-05,0,46,0.00301,0,0.152173913043,0.992458471761,0,,
rtl_native_seeded_thought_qd,RTLLM,Prob004_adder_8bit,combinational,2,1d721591-6bdc-4aa7-96a3-71c5fc4f7ca3,single_thought_operator,generation_log,0.381544128268,0.572316192402,39,2.27e-05,0,46,0.00301,0,0.152173913043,0.992458471761,0,/workspace/exp/useful_bd_push/t67_rtl_native_seeded_thought_20260623_170935_UTC/hard_tuning/rtl_native_seeded_thought_qd/seed_1001/openai_gpt-oss-120b/RTLLM/Prob004_adder_8bit/Gen2/g002_thought_0011/code_sample_0,
rtl_native_seeded_thought_qd,RTLLM,Prob004_adder_8bit,combinational,2,14fdd727-1f5f-4025-a151-a1b733854e10,single_thought_operator,generation_log,0.381544128268,0.572316192402,39,2.27e-05,0,46,0.00301,0,0.152173913043,0.992458471761,0,,
rtl_native_seeded_thought_qd,RTLLM,Prob004_adder_8bit,combinational,2,4e07d855-0bbc-4452-8c45-2fd32d17d3d1,single_thought_operator,generation_log,0.381544128268,0.572316192402,39,2.27e-05,0,46,0.00301,0,0.152173913043,0.992458471761,0,,
rtl_native_seeded_thought_qd,RTLLM,Prob004_adder_8bit,combinational,2,dc5db80d-e430-4b0d-b6f8-58777ad4da9c,single_thought_operator,generation_log,0.381544128268,0.572316192402,39,2.27e-05,0,46,0.00301,0,0.152173913043,0.992458471761,0,/workspace/exp/useful_bd_push/t67_rtl_native_seeded_thought_20260623_170935_UTC/hard_tuning/rtl_native_seeded_thought_qd/seed_1001/openai_gpt-oss-120b/RTLLM/Prob004_adder_8bit/Gen2/g002_thought_0012/code_sample_0,
rtl_native_seeded_thought_qd,RTLLM,Prob004_adder_8bit,combinational,2,ce20bb7c-5e9e-47ed-9860-622bb8d61eeb,single_thought_operator,generation_log,0.381544128268,0.572316192402,39,2.27e-05,0,46,0.00301,0,0.152173913043,0.992458471761,0,,
rtl_native_seeded_thought_qd,RTLLM,Prob004_adder_8bit,combinational,2,209f28fe-8b9b-479d-a811-bfdc0661ed9e,single_thought_operator,generation_log,0.381544128268,0.572316192402,39,2.27e-05,0,46,0.00301,0,0.152173913043,0.992458471761,0,,
rtl_native_seeded_thought_qd,RTLLM,Prob004_adder_8bit,combinational,3,69d75d2a-3e09-4247-bf9e-8319b33c9938,single_thought_operator,generation_log,0.381544128268,0.572316192402,39,2.27e-05,0,46,0.00301,0,0.152173913043,0.992458471761,0,/workspace/exp/useful_bd_push/t67_rtl_native_seeded_thought_20260623_170935_UTC/hard_tuning/rtl_native_seeded_thought_qd/seed_1001/openai_gpt-oss-120b/RTLLM/Prob004_adder_8bit/Gen3/g003_thought_0014/code_sample_0,
rtl_native_seeded_thought_qd,RTLLM,Prob004_adder_8bit,combinational,3,fa09d36b-0168-46f4-a71a-c30d521872fa,single_thought_operator,generation_log,0.381544128268,0.572316192402,39,2.27e-05,0,46,0.00301,0,0.152173913043,0.992458471761,0,,
rtl_native_seeded_thought_qd,RTLLM,Prob004_adder_8bit,combinational,3,bc1f4e62-d686-4e4d-a18c-2e51524d411d,single_thought_operator,generation_log,0.381544128268,0.572316192402,39,2.27e-05,0,46,0.00301,0,0.152173913043,0.992458471761,0,,
rtl_native_seeded_thought_qd,RTLLM,Prob004_adder_8bit,combinational,3,bf0174e1-d13d-4fc3-b0c9-969c960bfd7f,single_thought_operator,generation_log,0.381544128268,0.572316192402,39,2.27e-05,0,46,0.00301,0,0.152173913043,0.992458471761,0,/workspace/exp/useful_bd_push/t67_rtl_native_seeded_thought_20260623_170935_UTC/hard_tuning/rtl_native_seeded_thought_qd/seed_1001/openai_gpt-oss-120b/RTLLM/Prob004_adder_8bit/Gen3/g003_thought_0015/code_sample_0,
rtl_native_seeded_thought_qd,RTLLM,Prob004_adder_8bit,combinational,3,ba219954-9327-4ae5-8c2c-850fe67c8a2d,single_thought_operator,generation_log,0.381544128268,0.572316192402,39,2.27e-05,0,46,0.00301,0,0.152173913043,0.992458471761,0,,
rtl_native_seeded_thought_qd,RTLLM,Prob004_adder_8bit,combinational,3,fdcff28c-7123-40f8-9599-d0b3cffab269,single_thought_operator,generation_log,0.381544128268,0.572316192402,39,2.27e-05,0,46,0.00301,0,0.152173913043,0.992458471761,0,,
rtl_native_seeded_thought_qd,RTLLM,Prob004_adder_8bit,combinational,3,443981a4-f3ea-433d-91f4-1b995087539f,single_thought_operator,generation_log,0.381544128268,0.572316192402,39,2.27e-05,0,46,0.00301,0,0.152173913043,0.992458471761,0,/workspace/exp/useful_bd_push/t67_rtl_native_seeded_thought_20260623_170935_UTC/hard_tuning/rtl_native_seeded_thought_qd/seed_1001/openai_gpt-oss-120b/RTLLM/Prob004_adder_8bit/Gen3/g003_thought_0016/code_sample_0,
rtl_native_seeded_thought_qd,RTLLM,Prob004_adder_8bit,combinational,3,c2728c31-1385-492e-a349-c0b8ca4f5fd4,single_thought_operator,generation_log,0.381544128268,0.572316192402,39,2.27e-05,0,46,0.00301,0,0.152173913043,0.992458471761,0,,
rtl_native_seeded_thought_qd,RTLLM,Prob004_adder_8bit,combinational,3,38f9d817-413d-4de0-825c-44248eca8a48,single_thought_operator,generation_log,0.381544128268,0.572316192402,39,2.27e-05,0,46,0.00301,0,0.152173913043,0.992458471761,0,,
rtl_native_seeded_thought_qd,RTLLM,Prob015_multi_pipe_8bit,sequential,0,bca417d6-030e-4ddf-b6be-c9623c8dbf4a,initial,generation_log,-0.0451593478936,-0.0451593478936,685,0.106,1.03,980,0.0898,0.82,0.301020408163,-0.180400890869,-0.256097560976,/workspace/exp/useful_bd_push/t67_rtl_native_seeded_thought_20260623_170935_UTC/hard_tuning/rtl_native_seeded_thought_qd/seed_1001/openai_gpt-oss-120b/RTLLM/Prob015_multi_pipe_8bit/Gen0/g000_thought_0001/code_sample_0,
rtl_native_seeded_thought_qd,RTLLM,Prob015_multi_pipe_8bit,sequential,0,f6f31b28-6025-4030-8652-19c0c19e4de8,initial,generation_log,-0.0451593478936,-0.0451593478936,685,0.106,1.03,980,0.0898,0.82,0.301020408163,-0.180400890869,-0.256097560976,,
rtl_native_seeded_thought_qd,RTLLM,Prob015_multi_pipe_8bit,sequential,0,200a4fa4-57a0-4169-bc21-9727b9bb3d42,initial,generation_log,-0.00037766206488,-0.00037766206488,630,0.0935,1.08,980,0.0898,0.82,0.357142857143,-0.0412026726058,-0.317073170732,,
rtl_native_seeded_thought_qd,RTLLM,Prob015_multi_pipe_8bit,sequential,0,e7149e60-8558-432b-b92d-62639439182e,initial,generation_log,0.0527945329906,0.0527945329906,600,0.0874,1.03,980,0.0898,0.82,0.387755102041,0.0267260579065,-0.256097560976,/workspace/exp/useful_bd_push/t67_rtl_native_seeded_thought_20260623_170935_UTC/hard_tuning/rtl_native_seeded_thought_qd/seed_1001/openai_gpt-oss-120b/RTLLM/Prob015_multi_pipe_8bit/Gen0/g000_thought_0002/code_sample_1,
rtl_native_seeded_thought_qd,RTLLM,Prob015_multi_pipe_8bit,sequential,0,f2a0b478-f71c-43c9-9081-6ec25ff0fb25,initial,generation_log,0.0527945329906,0.0527945329906,600,0.0874,1.03,980,0.0898,0.82,0.387755102041,0.0267260579065,-0.256097560976,,
rtl_native_seeded_thought_qd,RTLLM,Prob015_multi_pipe_8bit,sequential,0,df781bf1-7cbb-4f3e-9d3a-0b7c61a1c715,initial,generation_log,0.0527945329906,0.0527945329906,600,0.0874,1.03,980,0.0898,0.82,0.387755102041,0.0267260579065,-0.256097560976,/workspace/exp/useful_bd_push/t67_rtl_native_seeded_thought_20260623_170935_UTC/hard_tuning/rtl_native_seeded_thought_qd/seed_1001/openai_gpt-oss-120b/RTLLM/Prob015_multi_pipe_8bit/Gen0/g000_thought_0003/code_sample_0,
rtl_native_seeded_thought_qd,RTLLM,Prob015_multi_pipe_8bit,sequential,0,e09c3549-a41a-444a-90e1-68ffd57b86e3,initial,generation_log,0.0231070982361,0.0231070982361,623,0.0911,1.05,980,0.0898,0.82,0.364285714286,-0.0144766146993,-0.280487804878,,
rtl_native_seeded_thought_qd,RTLLM,Prob015_multi_pipe_8bit,sequential,0,cc359ae3-d866-4946-a11e-34379b6652b2,initial,generation_log,-0.0451593478936,-0.0451593478936,685,0.106,1.03,980,0.0898,0.82,0.301020408163,-0.180400890869,-0.256097560976,,
rtl_native_seeded_thought_qd,RTLLM,Prob015_multi_pipe_8bit,sequential,0,7b0cc48e-ba14-4689-b74d-c4b36cfe4c41,initial,generation_log,-0.0554002534253,-0.0554002534253,752,0.107,0.99,980,0.0898,0.82,0.232653061224,-0.19153674833,-0.207317073171,,
rtl_native_seeded_thought_qd,RTLLM,Prob015_multi_pipe_8bit,sequential,0,bcbf166b-f1ef-44fe-93e7-d786594db63f,initial,generation_log,-0.00037766206488,-0.00037766206488,630,0.0935,1.08,980,0.0898,0.82,0.357142857143,-0.0412026726058,-0.317073170732,/workspace/exp/useful_bd_push/t67_rtl_native_seeded_thought_20260623_170935_UTC/hard_tuning/rtl_native_seeded_thought_qd/seed_1001/openai_gpt-oss-120b/RTLLM/Prob015_multi_pipe_8bit/Gen0/g000_thought_0004/code_sample_2,
rtl_native_seeded_thought_qd,RTLLM,Prob015_multi_pipe_8bit,sequential,1,2fd31ff4-6e0d-41de-9a88-fc7a3af4c8fd,single_thought_operator,generation_log,0.0271721388865,0.0271721388865,623,0.0911,1.04,980,0.0898,0.82,0.364285714286,-0.0144766146993,-0.268292682927,/workspace/exp/useful_bd_push/t67_rtl_native_seeded_thought_20260623_170935_UTC/hard_tuning/rtl_native_seeded_thought_qd/seed_1001/openai_gpt-oss-120b/RTLLM/Prob015_multi_pipe_8bit/Gen1/g001_thought_0005/code_sample_0,
rtl_native_seeded_thought_qd,RTLLM,Prob015_multi_pipe_8bit,sequential,1,1e7fdf25-4afb-46f7-8301-1717cd75d07b,single_thought_operator,generation_log,0.0231070982361,0.0231070982361,623,0.0911,1.05,980,0.0898,0.82,0.364285714286,-0.0144766146993,-0.280487804878,,
rtl_native_seeded_thought_qd,RTLLM,Prob015_multi_pipe_8bit,sequential,1,45eb43bc-2293-4597-9bab-2ac576e4596b,single_thought_operator,generation_log,-0.850422560246,-0.850422560246,909,0.148,2.44,980,0.0898,0.82,0.0724489795918,-0.648106904232,-1.9756097561,,
rtl_native_seeded_thought_qd,RTLLM,Prob015_multi_pipe_8bit,sequential,1,64d2f2db-2b3d-400f-92be-5e55e2f51257,single_thought_operator,generation_log,-0.16932838973,-0.16932838973,771,0.125,1.09,980,0.0898,0.82,0.213265306122,-0.391982182628,-0.329268292683,,
rtl_native_seeded_thought_qd,RTLLM,Prob015_multi_pipe_8bit,sequential,1,29259087-8727-4234-aab2-69506789e2ea,single_thought_operator,generation_log,0.0527945329906,0.0527945329906,600,0.0874,1.03,980,0.0898,0.82,0.387755102041,0.0267260579065,-0.256097560976,/workspace/exp/useful_bd_push/t67_rtl_native_seeded_thought_20260623_170935_UTC/hard_tuning/rtl_native_seeded_thought_qd/seed_1001/openai_gpt-oss-120b/RTLLM/Prob015_multi_pipe_8bit/Gen1/g001_thought_0007/code_sample_2,
rtl_native_seeded_thought_qd,RTLLM,Prob015_multi_pipe_8bit,sequential,2,eb066af0-da51-41b8-bf26-e8fe1934c8c9,single_thought_operator,generation_log,0.0271721388865,0.0271721388865,623,0.0911,1.04,980,0.0898,0.82,0.364285714286,-0.0144766146993,-0.268292682927,/workspace/exp/useful_bd_push/t67_rtl_native_seeded_thought_20260623_170935_UTC/hard_tuning/rtl_native_seeded_thought_qd/seed_1001/openai_gpt-oss-120b/RTLLM/Prob015_multi_pipe_8bit/Gen2/g002_thought_0009/code_sample_0,
rtl_native_seeded_thought_qd,RTLLM,Prob015_multi_pipe_8bit,sequential,2,2e0d474b-ed50-4be5-97a8-d4d7296916bf,single_thought_operator,generation_log,-0.0298159765835,-0.0298159765835,696,0.114,0.91,980,0.0898,0.82,0.289795918367,-0.269487750557,-0.109756097561,,
rtl_native_seeded_thought_qd,RTLLM,Prob015_multi_pipe_8bit,sequential,2,fb6bb714-faeb-41bb-b78c-deca28b92bfc,single_thought_operator,generation_log,-0.813086914379,-0.813086914379,846,0.147,2.41,980,0.0898,0.82,0.136734693878,-0.636971046771,-1.93902439024,,
rtl_native_seeded_thought_qd,RTLLM,Prob015_multi_pipe_8bit,sequential,2,b2084c92-dccf-4547-b42c-020ec8f2d74d,single_thought_operator,generation_log,-0.142592409879,-0.142592409879,748,0.121,1.08,980,0.0898,0.82,0.236734693878,-0.347438752784,-0.317073170732,/workspace/exp/useful_bd_push/t67_rtl_native_seeded_thought_20260623_170935_UTC/hard_tuning/rtl_native_seeded_thought_qd/seed_1001/openai_gpt-oss-120b/RTLLM/Prob015_multi_pipe_8bit/Gen2/g002_thought_0010/code_sample_1,
rtl_native_seeded_thought_qd,RTLLM,Prob015_multi_pipe_8bit,sequential,2,c3fe18c1-b1e5-4903-be1c-e5cccec7978c,single_thought_operator,generation_log,-0.900764895018,-0.900764895018,938,0.16,2.43,980,0.0898,0.82,0.0428571428571,-0.781737193764,-1.96341463415,,
rtl_native_seeded_thought_qd,RTLLM,Prob015_multi_pipe_8bit,sequential,2,e89fb241-6152-4f18-94f5-57edfd2dd4a1,single_thought_operator,generation_log,0.0231070982361,0.0231070982361,623,0.0911,1.05,980,0.0898,0.82,0.364285714286,-0.0144766146993,-0.280487804878,/workspace/exp/useful_bd_push/t67_rtl_native_seeded_thought_20260623_170935_UTC/hard_tuning/rtl_native_seeded_thought_qd/seed_1001/openai_gpt-oss-120b/RTLLM/Prob015_multi_pipe_8bit/Gen2/g002_thought_0011/code_sample_1,
rtl_native_seeded_thought_qd,RTLLM,Prob015_multi_pipe_8bit,sequential,2,7dcae133-fb6a-4e78-aa20-d0f2f58c4565,single_thought_operator,generation_log,0.0231070982361,0.0231070982361,623,0.0911,1.05,980,0.0898,0.82,0.364285714286,-0.0144766146993,-0.280487804878,,
rtl_native_seeded_thought_qd,RTLLM,Prob015_multi_pipe_8bit,sequential,2,3de21dc5-92fb-4a86-a70c-6f51c09e1bcd,single_thought_operator,generation_log,0.0527945329906,0.0527945329906,600,0.0874,1.03,980,0.0898,0.82,0.387755102041,0.0267260579065,-0.256097560976,/workspace/exp/useful_bd_push/t67_rtl_native_seeded_thought_20260623_170935_UTC/hard_tuning/rtl_native_seeded_thought_qd/seed_1001/openai_gpt-oss-120b/RTLLM/Prob015_multi_pipe_8bit/Gen2/g002_thought_0012/code_sample_0,
rtl_native_seeded_thought_qd,RTLLM,Prob015_multi_pipe_8bit,sequential,2,845a97f7-8f5b-4cf0-97a9-97b8ad723944,single_thought_operator,generation_log,0.0231070982361,0.0231070982361,623,0.0911,1.05,980,0.0898,0.82,0.364285714286,-0.0144766146993,-0.280487804878,,
rtl_native_seeded_thought_qd,RTLLM,Prob015_multi_pipe_8bit,sequential,2,8d681b0e-76e1-453f-a416-f6ad9e4db7fb,single_thought_operator,generation_log,0.0227359029874,0.0227359029874,623,0.0912,1.05,980,0.0898,0.82,0.364285714286,-0.0155902004454,-0.280487804878,,
rtl_native_seeded_thought_qd,RTLLM,Prob015_multi_pipe_8bit,sequential,3,9286c221-d119-4998-ab04-4b7441b1844e,single_thought_operator,generation_log,0.0231070982361,0.0231070982361,623,0.0911,1.05,980,0.0898,0.82,0.364285714286,-0.0144766146993,-0.280487804878,/workspace/exp/useful_bd_push/t67_rtl_native_seeded_thought_20260623_170935_UTC/hard_tuning/rtl_native_seeded_thought_qd/seed_1001/openai_gpt-oss-120b/RTLLM/Prob015_multi_pipe_8bit/Gen3/g003_thought_0014/code_sample_0,
rtl_native_seeded_thought_qd,RTLLM,Prob015_multi_pipe_8bit,sequential,3,152aaacc-4e70-4b10-a21a-c37050c53bc0,single_thought_operator,generation_log,0.0231070982361,0.0231070982361,623,0.0911,1.05,980,0.0898,0.82,0.364285714286,-0.0144766146993,-0.280487804878,,
rtl_native_seeded_thought_qd,RTLLM,Prob015_multi_pipe_8bit,sequential,3,cc1a60c5-0d98-4793-a471-745a12864290,single_thought_operator,generation_log,-0.00037766206488,-0.00037766206488,630,0.0935,1.08,980,0.0898,0.82,0.357142857143,-0.0412026726058,-0.317073170732,,
rtl_native_seeded_thought_qd,RTLLM,Prob015_multi_pipe_8bit,sequential,3,d32b848b-470a-4126-b8c4-c0d890289d9e,single_thought_operator,generation_log,0.0227359029874,0.0227359029874,623,0.0912,1.05,980,0.0898,0.82,0.364285714286,-0.0155902004454,-0.280487804878,,
rtl_native_seeded_thought_qd,RTLLM,Prob015_multi_pipe_8bit,sequential,3,ee1b3424-cf77-42ae-8c11-0d18307fb81f,single_thought_operator,generation_log,0.0231070982361,0.0231070982361,623,0.0911,1.05,980,0.0898,0.82,0.364285714286,-0.0144766146993,-0.280487804878,,
rtl_native_seeded_thought_qd,RTLLM,Prob015_multi_pipe_8bit,sequential,3,c3f36efc-ecc2-44d2-a6f9-0f69978597b5,single_thought_operator,generation_log,0.0271721388865,0.0271721388865,623,0.0911,1.04,980,0.0898,0.82,0.364285714286,-0.0144766146993,-0.268292682927,/workspace/exp/useful_bd_push/t67_rtl_native_seeded_thought_20260623_170935_UTC/hard_tuning/rtl_native_seeded_thought_qd/seed_1001/openai_gpt-oss-120b/RTLLM/Prob015_multi_pipe_8bit/Gen3/g003_thought_0015/code_sample_2,
rtl_native_seeded_thought_qd,RTLLM,Prob015_multi_pipe_8bit,sequential,3,b14961e5-d9cc-4d43-9956-6bb6a7b0fe27,single_thought_operator,generation_log,-0.0451593478936,-0.0451593478936,685,0.106,1.03,980,0.0898,0.82,0.301020408163,-0.180400890869,-0.256097560976,,
rtl_native_seeded_thought_qd,RTLLM,Prob015_multi_pipe_8bit,sequential,3,c4a36bd9-fbed-4d08-ab28-1936d3e15fd0,single_thought_operator,generation_log,0.0527945329906,0.0527945329906,600,0.0874,1.03,980,0.0898,0.82,0.387755102041,0.0267260579065,-0.256097560976,/workspace/exp/useful_bd_push/t67_rtl_native_seeded_thought_20260623_170935_UTC/hard_tuning/rtl_native_seeded_thought_qd/seed_1001/openai_gpt-oss-120b/RTLLM/Prob015_multi_pipe_8bit/Gen3/g003_thought_0016/code_sample_2,
rtl_native_seeded_thought_qd,RTLLM,Prob024_fsm,combinational,0,391b47d1-a15c-436a-ad7f-79812266b491,initial,generation_log,0.491192784903,0.341789177354,36,0.00371,0.21,46,0.00695,0,0.217391304348,0.46618705036,-210000000000,/workspace/exp/useful_bd_push/t67_rtl_native_seeded_thought_20260623_170935_UTC/hard_tuning/rtl_native_seeded_thought_qd/seed_1001/openai_gpt-oss-120b/RTLLM/Prob024_fsm/Gen0/g000_thought_0001/code_sample_1,
rtl_native_seeded_thought_qd,RTLLM,Prob024_fsm,combinational,0,a4c51a19-4917-4335-84a8-05ae17aefa7c,initial,generation_log,0.491672401209,0.342508601814,36,0.0037,0.21,46,0.00695,0,0.217391304348,0.467625899281,-210000000000,/workspace/exp/useful_bd_push/t67_rtl_native_seeded_thought_20260623_170935_UTC/hard_tuning/rtl_native_seeded_thought_qd/seed_1001/openai_gpt-oss-120b/RTLLM/Prob024_fsm/Gen0/g000_thought_0003/code_sample_0,
rtl_native_seeded_thought_qd,RTLLM,Prob024_fsm,combinational,0,36784360-b077-4d99-baf6-e35fdf05c2b0,initial,generation_log,0.491672401209,0.342508601814,36,0.0037,0.21,46,0.00695,0,0.217391304348,0.467625899281,-210000000000,,
rtl_native_seeded_thought_qd,RTLLM,Prob024_fsm,combinational,0,c3583e3e-1bf6-4d11-9c26-8bd178f5ad6d,initial,generation_log,0.491192784903,0.341789177354,36,0.00371,0.21,46,0.00695,0,0.217391304348,0.46618705036,-210000000000,/workspace/exp/useful_bd_push/t67_rtl_native_seeded_thought_20260623_170935_UTC/hard_tuning/rtl_native_seeded_thought_qd/seed_1001/openai_gpt-oss-120b/RTLLM/Prob024_fsm/Gen0/g000_thought_0004/code_sample_1,
rtl_native_seeded_thought_qd,RTLLM,Prob024_fsm,combinational,1,494058dc-5494-426e-be19-e7a385e42f55,single_thought_operator,generation_log,0.491672401209,0.342508601814,36,0.0037,0.21,46,0.00695,0,0.217391304348,0.467625899281,-210000000000,/workspace/exp/useful_bd_push/t67_rtl_native_seeded_thought_20260623_170935_UTC/hard_tuning/rtl_native_seeded_thought_qd/seed_1001/openai_gpt-oss-120b/RTLLM/Prob024_fsm/Gen1/g001_thought_0006/code_sample_0,
rtl_native_seeded_thought_qd,RTLLM,Prob024_fsm,combinational,1,28e073d2-2c4a-4862-8346-d64647b67ce1,single_thought_operator,generation_log,0.491672401209,0.342508601814,36,0.0037,0.21,46,0.00695,0,0.217391304348,0.467625899281,-210000000000,,
rtl_native_seeded_thought_qd,RTLLM,Prob024_fsm,combinational,1,4da2e73f-e608-47f2-8408-f2fa07b84ddb,single_thought_operator,generation_log,0.491672401209,0.342508601814,36,0.0037,0.21,46,0.00695,0,0.217391304348,0.467625899281,-210000000000,,
rtl_native_seeded_thought_qd,RTLLM,Prob024_fsm,combinational,1,863a6f8a-f2d1-4087-ad01-c78a1704ddaa,single_thought_operator,generation_log,0.491672401209,0.342508601814,36,0.0037,0.21,46,0.00695,0,0.217391304348,0.467625899281,-210000000000,/workspace/exp/useful_bd_push/t67_rtl_native_seeded_thought_20260623_170935_UTC/hard_tuning/rtl_native_seeded_thought_qd/seed_1001/openai_gpt-oss-120b/RTLLM/Prob024_fsm/Gen1/g001_thought_0007/code_sample_0,
rtl_native_seeded_thought_qd,RTLLM,Prob024_fsm,combinational,1,13531870-6ee4-402b-9a50-bdab3861bdfc,single_thought_operator,generation_log,0.491672401209,0.342508601814,36,0.0037,0.21,46,0.00695,0,0.217391304348,0.467625899281,-210000000000,,
rtl_native_seeded_thought_qd,RTLLM,Prob024_fsm,combinational,1,5f5371b5-cf37-41e8-a48e-c15a9265e3f5,single_thought_operator,generation_log,0.483946408091,0.330919612136,37,0.00371,0.21,46,0.00695,0,0.195652173913,0.46618705036,-210000000000,,
rtl_native_seeded_thought_qd,RTLLM,Prob024_fsm,combinational,1,1465c6c4-a7ae-448f-b179-2c8b5fa7b693,single_thought_operator,generation_log,0.491192784903,0.341789177354,36,0.00371,0.21,46,0.00695,0,0.217391304348,0.46618705036,-210000000000,/workspace/exp/useful_bd_push/t67_rtl_native_seeded_thought_20260623_170935_UTC/hard_tuning/rtl_native_seeded_thought_qd/seed_1001/openai_gpt-oss-120b/RTLLM/Prob024_fsm/Gen1/g001_thought_0008/code_sample_1,
rtl_native_seeded_thought_qd,RTLLM,Prob024_fsm,combinational,2,9a038f4a-f2c6-46ea-880b-d81b16d33238,single_thought_operator,generation_log,0.469591283495,0.329386925242,29,0.00494,0.25,46,0.00695,0,0.369565217391,0.289208633094,-250000000000,/workspace/exp/useful_bd_push/t67_rtl_native_seeded_thought_20260623_170935_UTC/hard_tuning/rtl_native_seeded_thought_qd/seed_1001/openai_gpt-oss-120b/RTLLM/Prob024_fsm/Gen2/g002_thought_0011/code_sample_2,
rtl_native_seeded_thought_qd,RTLLM,Prob024_fsm,combinational,2,387811c2-1eba-43cd-9771-126c0f80a40e,single_thought_operator,generation_log,0.491192784903,0.341789177354,36,0.00371,0.21,46,0.00695,0,0.217391304348,0.46618705036,-210000000000,,
rtl_native_seeded_thought_qd,RTLLM,Prob024_fsm,combinational,2,d9746aa8-d1f5-4083-9581-74a7815f57cb,single_thought_operator,generation_log,0.491672401209,0.342508601814,36,0.0037,0.21,46,0.00695,0,0.217391304348,0.467625899281,-210000000000,/workspace/exp/useful_bd_push/t67_rtl_native_seeded_thought_20260623_170935_UTC/hard_tuning/rtl_native_seeded_thought_qd/seed_1001/openai_gpt-oss-120b/RTLLM/Prob024_fsm/Gen2/g002_thought_0012/code_sample_2,
rtl_native_seeded_thought_qd,RTLLM,Prob024_fsm,combinational,3,1bacbc5d-cb1b-4e7e-a042-e37a87cc1d3e,single_thought_operator,generation_log,0.483946408091,0.330919612136,37,0.00371,0.21,46,0.00695,0,0.195652173913,0.46618705036,-210000000000,/workspace/exp/useful_bd_push/t67_rtl_native_seeded_thought_20260623_170935_UTC/hard_tuning/rtl_native_seeded_thought_qd/seed_1001/openai_gpt-oss-120b/RTLLM/Prob024_fsm/Gen3/g003_thought_0013/code_sample_0,
rtl_native_seeded_thought_qd,RTLLM,Prob024_fsm,combinational,3,b494b773-4137-41b0-8c09-ad58352ec770,single_thought_operator,generation_log,0.491672401209,0.342508601814,36,0.0037,0.21,46,0.00695,0,0.217391304348,0.467625899281,-210000000000,/workspace/exp/useful_bd_push/t67_rtl_native_seeded_thought_20260623_170935_UTC/hard_tuning/rtl_native_seeded_thought_qd/seed_1001/openai_gpt-oss-120b/RTLLM/Prob024_fsm/Gen3/g003_thought_0014/code_sample_0,
rtl_native_seeded_thought_qd,RTLLM,Prob024_fsm,combinational,3,83355eea-befc-4e5e-bb74-cdaa01816c7e,single_thought_operator,generation_log,0.483946408091,0.330919612136,37,0.00371,0.21,46,0.00695,0,0.195652173913,0.46618705036,-210000000000,,
rtl_native_seeded_thought_qd,RTLLM,Prob024_fsm,combinational,3,8010109d-7ad6-4700-ab89-9ef97f4da920,single_thought_operator,generation_log,0.491672401209,0.342508601814,36,0.0037,0.21,46,0.00695,0,0.217391304348,0.467625899281,-210000000000,,
rtl_native_seeded_thought_qd,RTLLM,Prob024_fsm,combinational,3,8b8675a2-cabb-40b0-b9ac-13e35ba11847,single_thought_operator,generation_log,0.491672401209,0.342508601814,36,0.0037,0.21,46,0.00695,0,0.217391304348,0.467625899281,-210000000000,/workspace/exp/useful_bd_push/t67_rtl_native_seeded_thought_20260623_170935_UTC/hard_tuning/rtl_native_seeded_thought_qd/seed_1001/openai_gpt-oss-120b/RTLLM/Prob024_fsm/Gen3/g003_thought_0015/code_sample_1,
rtl_native_seeded_thought_qd,RTLLM,Prob024_fsm,combinational,3,a12180e6-9aa5-4f47-a4a6-2dde651161c9,single_thought_operator,generation_log,0.491672401209,0.342508601814,36,0.0037,0.21,46,0.00695,0,0.217391304348,0.467625899281,-210000000000,/workspace/exp/useful_bd_push/t67_rtl_native_seeded_thought_20260623_170935_UTC/hard_tuning/rtl_native_seeded_thought_qd/seed_1001/openai_gpt-oss-120b/RTLLM/Prob024_fsm/Gen3/g003_thought_0016/code_sample_0,
rtl_native_seeded_thought_qd,RTLLM,Prob024_fsm,combinational,3,1eb31692-b7c2-4054-b1c7-8805ebfdcd6c,single_thought_operator,generation_log,0.491672401209,0.342508601814,36,0.0037,0.21,46,0.00695,0,0.217391304348,0.467625899281,-210000000000,,
rtl_native_seeded_thought_qd,RTLLM,Prob024_fsm,combinational,3,d3c97edb-a146-43d3-baa1-b09bd38ca29a,single_thought_operator,generation_log,0.491672401209,0.342508601814,36,0.0037,0.21,46,0.00695,0,0.217391304348,0.467625899281,-210000000000,,
rtl_native_seeded_thought_qd,RTLLM,Prob037_parallel2serial,sequential,0,42d23960-d64a-4149-b93e-d9465cb90a3e,initial,generation_log,-0,0,50,0.00453,0.27,50,0.00453,0.27,0,0,0,/workspace/exp/useful_bd_push/t67_rtl_native_seeded_thought_20260623_170935_UTC/hard_tuning/rtl_native_seeded_thought_qd/seed_1001/openai_gpt-oss-120b/RTLLM/Prob037_parallel2serial/Gen0/g000_thought_0001/code_sample_2,
rtl_native_seeded_thought_qd,RTLLM,Prob037_parallel2serial,sequential,0,5a980e36-427d-47de-be9b-dce9e99ede5a,initial,generation_log,-0,0,50,0.00453,0.27,50,0.00453,0.27,0,0,0,/workspace/exp/useful_bd_push/t67_rtl_native_seeded_thought_20260623_170935_UTC/hard_tuning/rtl_native_seeded_thought_qd/seed_1001/openai_gpt-oss-120b/RTLLM/Prob037_parallel2serial/Gen0/g000_thought_0002/code_sample_2,
rtl_native_seeded_thought_qd,RTLLM,Prob037_parallel2serial,sequential,0,b7baadb4-b031-416e-a9ce-d15cf65089bb,initial,generation_log,-0.164267844003,-0.164267844003,54,0.0064,0.27,50,0.00453,0.27,-0.08,-0.412803532009,0,/workspace/exp/useful_bd_push/t67_rtl_native_seeded_thought_20260623_170935_UTC/hard_tuning/rtl_native_seeded_thought_qd/seed_1001/openai_gpt-oss-120b/RTLLM/Prob037_parallel2serial/Gen0/g000_thought_0003/code_sample_1,
rtl_native_seeded_thought_qd,RTLLM,Prob037_parallel2serial,sequential,0,fdaab3a5-61d6-4a62-bbea-d5aaf977f03f,initial,generation_log,-0.164267844003,-0.164267844003,54,0.0064,0.27,50,0.00453,0.27,-0.08,-0.412803532009,0,,
rtl_native_seeded_thought_qd,RTLLM,Prob037_parallel2serial,sequential,1,797d405e-24a0-4635-93a7-f5bc77c3647e,single_thought_operator,generation_log,-0.164267844003,-0.164267844003,54,0.0064,0.27,50,0.00453,0.27,-0.08,-0.412803532009,0,/workspace/exp/useful_bd_push/t67_rtl_native_seeded_thought_20260623_170935_UTC/hard_tuning/rtl_native_seeded_thought_qd/seed_1001/openai_gpt-oss-120b/RTLLM/Prob037_parallel2serial/Gen1/g001_thought_0005/code_sample_0,
rtl_native_seeded_thought_qd,RTLLM,Prob037_parallel2serial,sequential,1,4ca5184c-0273-4693-b389-42f9b9b7146b,single_thought_operator,generation_log,-0.164267844003,-0.164267844003,54,0.0064,0.27,50,0.00453,0.27,-0.08,-0.412803532009,0,,
rtl_native_seeded_thought_qd,RTLLM,Prob037_parallel2serial,sequential,1,fd818592-2049-4710-bd83-24fbb7541ebe,single_thought_operator,generation_log,-0.164267844003,-0.164267844003,54,0.0064,0.27,50,0.00453,0.27,-0.08,-0.412803532009,0,,
rtl_native_seeded_thought_qd,RTLLM,Prob037_parallel2serial,sequential,1,cf530456-3172-4c6e-ad9f-b731689b5d93,single_thought_operator,generation_log,-0,0,50,0.00453,0.27,50,0.00453,0.27,0,0,0,/workspace/exp/useful_bd_push/t67_rtl_native_seeded_thought_20260623_170935_UTC/hard_tuning/rtl_native_seeded_thought_qd/seed_1001/openai_gpt-oss-120b/RTLLM/Prob037_parallel2serial/Gen1/g001_thought_0006/code_sample_1,
rtl_native_seeded_thought_qd,RTLLM,Prob037_parallel2serial,sequential,1,461bec28-69c4-4d65-a843-773e84c6b7a4,single_thought_operator,generation_log,-0,0,50,0.00453,0.27,50,0.00453,0.27,0,0,0,,
rtl_native_seeded_thought_qd,RTLLM,Prob037_parallel2serial,sequential,1,4de7369b-47d4-47d7-afa6-0509d971cac2,single_thought_operator,generation_log,-0,0,50,0.00453,0.27,50,0.00453,0.27,0,0,0,/workspace/exp/useful_bd_push/t67_rtl_native_seeded_thought_20260623_170935_UTC/hard_tuning/rtl_native_seeded_thought_qd/seed_1001/openai_gpt-oss-120b/RTLLM/Prob037_parallel2serial/Gen1/g001_thought_0007/code_sample_2,
rtl_native_seeded_thought_qd,RTLLM,Prob037_parallel2serial,sequential,2,e28ad5ff-7176-4be4-a33a-41c16388ce97,initial,generation_log,-0,0,50,0.00453,0.27,50,0.00453,0.27,0,0,0,/workspace/exp/useful_bd_push/t67_rtl_native_seeded_thought_20260623_170935_UTC/hard_tuning/rtl_native_seeded_thought_qd/seed_1001/openai_gpt-oss-120b/RTLLM/Prob037_parallel2serial/Gen2/g002_thought_0009/code_sample_0,
rtl_native_seeded_thought_qd,RTLLM,Prob037_parallel2serial,sequential,2,a337827c-b91a-43f4-b171-a2114735c842,single_thought_operator,generation_log,-0.164267844003,-0.164267844003,54,0.0064,0.27,50,0.00453,0.27,-0.08,-0.412803532009,0,/workspace/exp/useful_bd_push/t67_rtl_native_seeded_thought_20260623_170935_UTC/hard_tuning/rtl_native_seeded_thought_qd/seed_1001/openai_gpt-oss-120b/RTLLM/Prob037_parallel2serial/Gen2/g002_thought_0011/code_sample_0,
rtl_native_seeded_thought_qd,RTLLM,Prob037_parallel2serial,sequential,2,e1bf3668-fa85-40cb-8b89-7897ecb52daa,single_thought_operator,generation_log,-0.164267844003,-0.164267844003,54,0.0064,0.27,50,0.00453,0.27,-0.08,-0.412803532009,0,,
rtl_native_seeded_thought_qd,RTLLM,Prob037_parallel2serial,sequential,2,36e67df5-52ce-4162-a94c-f8b753b5a6ea,single_thought_operator,generation_log,-0,0,50,0.00453,0.27,50,0.00453,0.27,0,0,0,/workspace/exp/useful_bd_push/t67_rtl_native_seeded_thought_20260623_170935_UTC/hard_tuning/rtl_native_seeded_thought_qd/seed_1001/openai_gpt-oss-120b/RTLLM/Prob037_parallel2serial/Gen2/g002_thought_0012/code_sample_2,
rtl_native_seeded_thought_qd,RTLLM,Prob037_parallel2serial,sequential,3,8cf28699-45ad-4aec-81de-e0a5ba7536cc,single_thought_operator,generation_log,-0,0,50,0.00453,0.27,50,0.00453,0.27,0,0,0,/workspace/exp/useful_bd_push/t67_rtl_native_seeded_thought_20260623_170935_UTC/hard_tuning/rtl_native_seeded_thought_qd/seed_1001/openai_gpt-oss-120b/RTLLM/Prob037_parallel2serial/Gen3/g003_thought_0015/code_sample_1,
rtl_native_seeded_thought_qd,RTLLM,Prob037_parallel2serial,sequential,3,7d9ccb74-55b2-44f5-a8b5-d38d346e83fb,single_thought_operator,generation_log,-0.164267844003,-0.164267844003,54,0.0064,0.27,50,0.00453,0.27,-0.08,-0.412803532009,0,/workspace/exp/useful_bd_push/t67_rtl_native_seeded_thought_20260623_170935_UTC/hard_tuning/rtl_native_seeded_thought_qd/seed_1001/openai_gpt-oss-120b/RTLLM/Prob037_parallel2serial/Gen3/g003_thought_0016/code_sample_0,
rtl_native_seeded_thought_qd,RTLLM,Prob037_parallel2serial,sequential,3,3476be4f-f89b-4fb1-9f51-cae9d85217ae,single_thought_operator,generation_log,-0.164267844003,-0.164267844003,54,0.0064,0.27,50,0.00453,0.27,-0.08,-0.412803532009,0,,
rtl_native_seeded_thought_qd,RTLLM,Prob037_parallel2serial,sequential,3,fb621736-17c8-417f-8d9c-5e4e2cb8e2a1,single_thought_operator,generation_log,-0.164267844003,-0.164267844003,54,0.0064,0.27,50,0.00453,0.27,-0.08,-0.412803532009,0,,
rtl_native_seeded_thought_qd,RTLLM,Prob041_traffic_light,combinational,0,eb1743ab-8906-4ca8-9831-e0353d20ad07,initial,generation_log,0.40109235052,0.601638525781,134,0.000275,0,170,0.0324,0,0.211764705882,0.991512345679,0,/workspace/exp/useful_bd_push/t67_rtl_native_seeded_thought_20260623_170935_UTC/hard_tuning/rtl_native_seeded_thought_qd/seed_1001/openai_gpt-oss-120b/RTLLM/Prob041_traffic_light/Gen0/g000_thought_0002/code_sample_1,
rtl_native_seeded_thought_qd,RTLLM,Prob041_traffic_light,combinational,0,dbbf98d9-b823-47e7-99b1-a38848466b6a,initial,generation_log,0.308297022513,0.462445533769,159,0.00453,0,170,0.0324,0,0.0647058823529,0.860185185185,0,,
rtl_native_seeded_thought_qd,RTLLM,Prob041_traffic_light,combinational,0,34a8a6ec-73e8-4a1a-bad7-0da0347fcc5d,initial,generation_log,0.321529290729,0.482293936093,174,0.000385,0,170,0.0324,0,-0.0235294117647,0.988117283951,0,/workspace/exp/useful_bd_push/t67_rtl_native_seeded_thought_20260623_170935_UTC/hard_tuning/rtl_native_seeded_thought_qd/seed_1001/openai_gpt-oss-120b/RTLLM/Prob041_traffic_light/Gen0/g000_thought_0003/code_sample_1,
rtl_native_seeded_thought_qd,RTLLM,Prob041_traffic_light,combinational,0,f9525ae2-067d-4d92-877a-eb2d7de725eb,initial,generation_log,0.139554587267,0.209331880901,145,0.0236,0,170,0.0324,0,0.147058823529,0.271604938272,0,,
rtl_native_seeded_thought_qd,RTLLM,Prob041_traffic_light,combinational,0,8139b4d2-e5c5-45f4-b41f-0bcb04e22d68,initial,generation_log,0.143766642459,0.215649963689,146,0.023,0,170,0.0324,0,0.141176470588,0.29012345679,0,,
rtl_native_seeded_thought_qd,RTLLM,Prob041_traffic_light,combinational,0,5890292e-3167-43f0-9b70-4cedb16c9bcf,initial,generation_log,0.203885257807,0.30582788671,140,0.0183,0,170,0.0324,0,0.176470588235,0.435185185185,0,/workspace/exp/useful_bd_push/t67_rtl_native_seeded_thought_20260623_170935_UTC/hard_tuning/rtl_native_seeded_thought_qd/seed_1001/openai_gpt-oss-120b/RTLLM/Prob041_traffic_light/Gen0/g000_thought_0004/code_sample_2,
rtl_native_seeded_thought_qd,RTLLM,Prob041_traffic_light,combinational,1,73061d1f-e296-42fb-8546-22e487179679,single_thought_operator,generation_log,0.326465141612,0.489697712418,171,0.000477,0,170,0.0324,0,-0.00588235294118,0.985277777778,0,/workspace/exp/useful_bd_push/t67_rtl_native_seeded_thought_20260623_170935_UTC/hard_tuning/rtl_native_seeded_thought_qd/seed_1001/openai_gpt-oss-120b/RTLLM/Prob041_traffic_light/Gen1/g001_thought_0005/code_sample_0,
rtl_native_seeded_thought_qd,RTLLM,Prob041_traffic_light,combinational,1,8b816fdc-d437-4f84-b050-7eb78491ad4d,single_thought_operator,generation_log,0.203885257807,0.30582788671,140,0.0183,0,170,0.0324,0,0.176470588235,0.435185185185,0,,
rtl_native_seeded_thought_qd,RTLLM,Prob041_traffic_light,combinational,1,81622e00-8627-4b08-aa77-b3150abb3416,single_thought_operator,generation_log,0.294601791334,0.441902687001,144,0.00872,0,170,0.0324,0,0.152941176471,0.730864197531,0,,
rtl_native_seeded_thought_qd,RTLLM,Prob041_traffic_light,combinational,1,187c0b70-37e6-4017-9e7e-838230595641,single_thought_operator,generation_log,0.364970951344,0.547456427015,151,0.000546,0,170,0.0324,0,0.111764705882,0.983148148148,0,/workspace/exp/useful_bd_push/t67_rtl_native_seeded_thought_20260623_170935_UTC/hard_tuning/rtl_native_seeded_thought_qd/seed_1001/openai_gpt-oss-120b/RTLLM/Prob041_traffic_light/Gen1/g001_thought_0006/code_sample_2,
rtl_native_seeded_thought_qd,RTLLM,Prob041_traffic_light,combinational,1,36a0f1e9-3b7b-404b-a8f8-7652274d48c4,single_thought_operator,generation_log,0.203885257807,0.30582788671,140,0.0183,0,170,0.0324,0,0.176470588235,0.435185185185,0,/workspace/exp/useful_bd_push/t67_rtl_native_seeded_thought_20260623_170935_UTC/hard_tuning/rtl_native_seeded_thought_qd/seed_1001/openai_gpt-oss-120b/RTLLM/Prob041_traffic_light/Gen1/g001_thought_0007/code_sample_0,
rtl_native_seeded_thought_qd,RTLLM,Prob041_traffic_light,combinational,1,6f73af45-cab6-4b81-b5d3-6906b42aa372,single_thought_operator,generation_log,0.203885257807,0.30582788671,140,0.0183,0,170,0.0324,0,0.176470588235,0.435185185185,0,,
rtl_native_seeded_thought_qd,RTLLM,Prob041_traffic_light,combinational,1,5ab2ccff-ebbb-4632-bfef-60fedf8ae818,single_thought_operator,generation_log,0.40109235052,0.601638525781,134,0.000275,0,170,0.0324,0,0.211764705882,0.991512345679,0,/workspace/exp/useful_bd_push/t67_rtl_native_seeded_thought_20260623_170935_UTC/hard_tuning/rtl_native_seeded_thought_qd/seed_1001/openai_gpt-oss-120b/RTLLM/Prob041_traffic_light/Gen1/g001_thought_0008/code_sample_0,
rtl_native_seeded_thought_qd,RTLLM,Prob041_traffic_light,combinational,1,9b843673-401e-431b-a5b7-4adae1d9c974,single_thought_operator,generation_log,0.40109235052,0.601638525781,134,0.000275,0,170,0.0324,0,0.211764705882,0.991512345679,0,,
rtl_native_seeded_thought_qd,RTLLM,Prob041_traffic_light,combinational,2,118a43cb-84cd-49f6-960a-8013cb8a368a,single_thought_operator,generation_log,0.40109235052,0.601638525781,134,0.000275,0,170,0.0324,0,0.211764705882,0.991512345679,0,/workspace/exp/useful_bd_push/t67_rtl_native_seeded_thought_20260623_170935_UTC/hard_tuning/rtl_native_seeded_thought_qd/seed_1001/openai_gpt-oss-120b/RTLLM/Prob041_traffic_light/Gen2/g002_thought_0009/code_sample_0,
rtl_native_seeded_thought_qd,RTLLM,Prob041_traffic_light,combinational,2,03fd2fdd-316f-4cca-a8c5-de1a928ebe3d,single_thought_operator,generation_log,0.40109235052,0.601638525781,134,0.000275,0,170,0.0324,0,0.211764705882,0.991512345679,0,,
rtl_native_seeded_thought_qd,RTLLM,Prob041_traffic_light,combinational,2,89d57489-67e2-4860-8a0f-03d602b0c366,single_thought_operator,generation_log,0.389512829823,0.584269244735,140,0.000257,0,170,0.0324,0,0.176470588235,0.992067901235,0,,
rtl_native_seeded_thought_qd,RTLLM,Prob041_traffic_light,combinational,2,afab4b04-85ea-48c1-99ea-fe25d0290b07,single_thought_operator,generation_log,0.404633260712,0.606949891068,132,0.000312,0,170,0.0324,0,0.223529411765,0.99037037037,0,,
rtl_native_seeded_thought_qd,RTLLM,Prob041_traffic_light,combinational,2,9dd95694-7514-4afd-a8b3-ad63e243c42c,single_thought_operator,generation_log,0.404818445897,0.607227668845,132,0.000294,0,170,0.0324,0,0.223529411765,0.990925925926,0,/workspace/exp/useful_bd_push/t67_rtl_native_seeded_thought_20260623_170935_UTC/hard_tuning/rtl_native_seeded_thought_qd/seed_1001/openai_gpt-oss-120b/RTLLM/Prob041_traffic_light/Gen2/g002_thought_0010/code_sample_1,
rtl_native_seeded_thought_qd,RTLLM,Prob041_traffic_light,combinational,2,49b2f359-909c-4723-acc1-140b82f15ae0,single_thought_operator,generation_log,0.0301500847252,0.0452251270879,152,0.0329,0,170,0.0324,0,0.105882352941,-0.0154320987654,0,,
rtl_native_seeded_thought_qd,RTLLM,Prob041_traffic_light,combinational,2,3420613e-3d6c-4680-8ddc-af78d01d9ea9,single_thought_operator,generation_log,0.40109235052,0.601638525781,134,0.000275,0,170,0.0324,0,0.211764705882,0.991512345679,0,/workspace/exp/useful_bd_push/t67_rtl_native_seeded_thought_20260623_170935_UTC/hard_tuning/rtl_native_seeded_thought_qd/seed_1001/openai_gpt-oss-120b/RTLLM/Prob041_traffic_light/Gen2/g002_thought_0011/code_sample_0,
rtl_native_seeded_thought_qd,RTLLM,Prob041_traffic_light,combinational,2,3eb9f53b-4ea8-4fa7-96ce-d5bd0192f57a,single_thought_operator,generation_log,0.364970951344,0.547456427015,151,0.000546,0,170,0.0324,0,0.111764705882,0.983148148148,0,/workspace/exp/useful_bd_push/t67_rtl_native_seeded_thought_20260623_170935_UTC/hard_tuning/rtl_native_seeded_thought_qd/seed_1001/openai_gpt-oss-120b/RTLLM/Prob041_traffic_light/Gen2/g002_thought_0012/code_sample_0,
rtl_native_seeded_thought_qd,RTLLM,Prob041_traffic_light,combinational,2,509ddd62-5977-4b4b-a327-24189ee3e782,single_thought_operator,generation_log,0.327226458485,0.490839687727,171,0.000403,0,170,0.0324,0,-0.00588235294118,0.987561728395,0,,
rtl_native_seeded_thought_qd,RTLLM,Prob041_traffic_light,combinational,2,7c273b23-2e5b-42e0-91a3-90126a9fd4ea,single_thought_operator,generation_log,0.154502541757,0.231753812636,140,0.0231,0,170,0.0324,0,0.176470588235,0.287037037037,0,,
rtl_native_seeded_thought_qd,RTLLM,Prob041_traffic_light,combinational,3,5631048f-a18c-4b5e-9a12-ea79b6bc0945,single_thought_operator,generation_log,0.326465141612,0.489697712418,171,0.000477,0,170,0.0324,0,-0.00588235294118,0.985277777778,0,/workspace/exp/useful_bd_push/t67_rtl_native_seeded_thought_20260623_170935_UTC/hard_tuning/rtl_native_seeded_thought_qd/seed_1001/openai_gpt-oss-120b/RTLLM/Prob041_traffic_light/Gen3/g003_thought_0013/code_sample_0,
rtl_native_seeded_thought_qd,RTLLM,Prob041_traffic_light,combinational,3,7e7d5478-dacd-43b6-b33c-3bcf99e1c58a,single_thought_operator,generation_log,0.232631324135,0.348946986202,150,0.0136,0,170,0.0324,0,0.117647058824,0.58024691358,0,,
rtl_native_seeded_thought_qd,RTLLM,Prob041_traffic_light,combinational,3,6d297dce-edd7-4cc8-8c9f-81307df6747d,single_thought_operator,generation_log,0.131517792302,0.197276688453,147,0.024,0,170,0.0324,0,0.135294117647,0.259259259259,0,,
rtl_native_seeded_thought_qd,RTLLM,Prob041_traffic_light,combinational,3,5d99ed3b-5e8d-4ee7-92ae-75ae95ae131c,single_thought_operator,generation_log,0.405188816267,0.607783224401,132,0.000258,0,170,0.0324,0,0.223529411765,0.992037037037,0,/workspace/exp/useful_bd_push/t67_rtl_native_seeded_thought_20260623_170935_UTC/hard_tuning/rtl_native_seeded_thought_qd/seed_1001/openai_gpt-oss-120b/RTLLM/Prob041_traffic_light/Gen3/g003_thought_0014/code_sample_0,
rtl_native_seeded_thought_qd,RTLLM,Prob041_traffic_light,combinational,3,c218db4e-4653-45c7-b8ba-265bf46b06fb,single_thought_operator,generation_log,0.37558157831,0.563372367466,147,0.000277,0,170,0.0324,0,0.135294117647,0.991450617284,0,,
rtl_native_seeded_thought_qd,RTLLM,Prob041_traffic_light,combinational,3,0ee772b2-0ca7-490f-be81-199f45b48435,single_thought_operator,generation_log,0.371114742193,0.55667211329,149,0.00033,0,170,0.0324,0,0.123529411765,0.989814814815,0,,
rtl_native_seeded_thought_qd,RTLLM,Prob041_traffic_light,combinational,3,d7cd3e6b-4887-4bf3-a955-93d414d42540,single_thought_operator,generation_log,0.362314814815,0.543472222222,153,0.000423,0,170,0.0324,0,0.1,0.986944444444,0,/workspace/exp/useful_bd_push/t67_rtl_native_seeded_thought_20260623_170935_UTC/hard_tuning/rtl_native_seeded_thought_qd/seed_1001/openai_gpt-oss-120b/RTLLM/Prob041_traffic_light/Gen3/g003_thought_0015/code_sample_0,
rtl_native_seeded_thought_qd,RTLLM,Prob041_traffic_light,combinational,3,7badb327-1373-4124-91ee-3b166e6cde0d,single_thought_operator,generation_log,0.362314814815,0.543472222222,153,0.000423,0,170,0.0324,0,0.1,0.986944444444,0,,
rtl_native_seeded_thought_qd,RTLLM,Prob041_traffic_light,combinational,3,69d3cfaa-8b51-4091-a5cf-0a0b82f41e01,single_thought_operator,generation_log,0.0963810215444,0.144571532317,156,0.0257,0,170,0.0324,0,0.0823529411765,0.206790123457,0,,
rtl_native_seeded_thought_qd,RTLLM,Prob041_traffic_light,combinational,3,864565dc-e902-403c-a8f1-a9c705527c0a,single_thought_operator,generation_log,0.404818445897,0.607227668845,132,0.000294,0,170,0.0324,0,0.223529411765,0.990925925926,0,,
rtl_native_seeded_thought_qd,RTLLM,Prob041_traffic_light,combinational,3,ffd22305-8cf4-4775-a163-a5a2c973ff10,single_thought_operator,generation_log,0.404818445897,0.607227668845,132,0.000294,0,170,0.0324,0,0.223529411765,0.990925925926,0,,
rtl_native_seeded_thought_qd,RTLLM,Prob041_traffic_light,combinational,3,5a2481f8-aaba-48bc-946c-940fe73766d7,single_thought_operator,generation_log,0.407742072137,0.611613108206,130,0.000391,0,170,0.0324,0,0.235294117647,0.987932098765,0,/workspace/exp/useful_bd_push/t67_rtl_native_seeded_thought_20260623_170935_UTC/hard_tuning/rtl_native_seeded_thought_qd/seed_1001/openai_gpt-oss-120b/RTLLM/Prob041_traffic_light/Gen3/g003_thought_0016/code_sample_2,
rtl_native_seeded_thought_qd,RTLLM,Prob045_alu,combinational,0,b50bcda9-6f6d-4491-8c9f-be2677a8dbca,initial,generation_log,0.381020434983,0.571530652474,1886,0.00106,0,2225,0.114,0,0.152359550562,0.990701754386,0,,
rtl_native_seeded_thought_qd,RTLLM,Prob045_alu,combinational,0,76a12354-272e-4a27-9e9a-609594e599bf,initial,generation_log,0.411301695249,0.616952542874,1686,0.000951,0,2225,0.114,0,0.242247191011,0.991657894737,0,/workspace/exp/useful_bd_push/t67_rtl_native_seeded_thought_20260623_170935_UTC/hard_tuning/rtl_native_seeded_thought_qd/seed_1001/openai_gpt-oss-120b/RTLLM/Prob045_alu/Gen0/g000_thought_0003/code_sample_2,
rtl_native_seeded_thought_qd,RTLLM,Prob045_alu,combinational,0,e3bca697-9c59-45ea-8ae4-8b3e738887fc,initial,generation_log,0.375722123661,0.563583185492,1920,0.00113,0,2225,0.114,0,0.137078651685,0.990087719298,0,/workspace/exp/useful_bd_push/t67_rtl_native_seeded_thought_20260623_170935_UTC/hard_tuning/rtl_native_seeded_thought_qd/seed_1001/openai_gpt-oss-120b/RTLLM/Prob045_alu/Gen0/g000_thought_0004/code_sample_1,
rtl_native_seeded_thought_qd,RTLLM,Prob045_alu,combinational,1,894659e8-f20c-4306-a356-777b1e73ebb9,single_thought_operator,generation_log,0.411301695249,0.616952542874,1686,0.000951,0,2225,0.114,0,0.242247191011,0.991657894737,0,/workspace/exp/useful_bd_push/t67_rtl_native_seeded_thought_20260623_170935_UTC/hard_tuning/rtl_native_seeded_thought_qd/seed_1001/openai_gpt-oss-120b/RTLLM/Prob045_alu/Gen1/g001_thought_0007/code_sample_0,
rtl_native_seeded_thought_qd,RTLLM,Prob045_alu,combinational,1,14afaea1-7641-4239-a0cb-56b9f81359f4,single_thought_operator,generation_log,0.367453183521,0.551179775281,1975,0.00114,0,2225,0.114,0,0.112359550562,0.99,0,,
rtl_native_seeded_thought_qd,RTLLM,Prob045_alu,combinational,1,8daccd7b-a255-4b76-a6d1-37ba5b5f2afd,single_thought_operator,generation_log,0.411301695249,0.616952542874,1686,0.000951,0,2225,0.114,0,0.242247191011,0.991657894737,0,/workspace/exp/useful_bd_push/t67_rtl_native_seeded_thought_20260623_170935_UTC/hard_tuning/rtl_native_seeded_thought_qd/seed_1001/openai_gpt-oss-120b/RTLLM/Prob045_alu/Gen1/g001_thought_0008/code_sample_0,
rtl_native_seeded_thought_qd,RTLLM,Prob045_alu,combinational,1,9d3e8a19-4697-419f-adfe-de2d14cd5c4b,single_thought_operator,generation_log,0.411301695249,0.616952542874,1686,0.000951,0,2225,0.114,0,0.242247191011,0.991657894737,0,,
rtl_native_seeded_thought_qd,RTLLM,Prob045_alu,combinational,2,b56da4c5-3f51-4120-9c23-ad0bdbd35f6b,initial,generation_log,0.38018003811,0.570270057165,1892,0.00104,0,2225,0.114,0,0.149662921348,0.990877192982,0,/workspace/exp/useful_bd_push/t67_rtl_native_seeded_thought_20260623_170935_UTC/hard_tuning/rtl_native_seeded_thought_qd/seed_1001/openai_gpt-oss-120b/RTLLM/Prob045_alu/Gen2/g002_thought_0009/code_sample_0,
rtl_native_seeded_thought_qd,RTLLM,Prob045_alu,combinational,2,af63b59e-7950-4c95-baa4-92c00913d677,single_thought_operator,generation_log,0.397916420264,0.596874630396,1774,0.00102,0,2225,0.114,0,0.202696629213,0.991052631579,0,/workspace/exp/useful_bd_push/t67_rtl_native_seeded_thought_20260623_170935_UTC/hard_tuning/rtl_native_seeded_thought_qd/seed_1001/openai_gpt-oss-120b/RTLLM/Prob045_alu/Gen2/g002_thought_0011/code_sample_1,
rtl_native_seeded_thought_qd,RTLLM,Prob045_alu,combinational,2,bf3c5dec-65fc-47c4-b711-ecd54077111b,single_thought_operator,generation_log,0.39794566003,0.596918490045,1774,0.00101,0,2225,0.114,0,0.202696629213,0.991140350877,0,,
rtl_native_seeded_thought_qd,RTLLM,Prob045_alu,combinational,2,c3ce4dab-ec38-46e5-8a1b-38c8c69463c6,single_thought_operator,generation_log,0.406889874499,0.610334811748,1715,0.000974,0,2225,0.114,0,0.229213483146,0.991456140351,0,/workspace/exp/useful_bd_push/t67_rtl_native_seeded_thought_20260623_170935_UTC/hard_tuning/rtl_native_seeded_thought_qd/seed_1001/openai_gpt-oss-120b/RTLLM/Prob045_alu/Gen2/g002_thought_0012/code_sample_1,
rtl_native_seeded_thought_qd,RTLLM,Prob045_alu,combinational,2,b186e33f-0295-4810-ba77-392ab77ae9ec,single_thought_operator,generation_log,0.406889874499,0.610334811748,1715,0.000974,0,2225,0.114,0,0.229213483146,0.991456140351,0,,
rtl_native_seeded_thought_qd,RTLLM,Prob045_alu,combinational,3,40baa72d-ebe9-4dca-b3a2-a32f877f7d7e,single_thought_operator,generation_log,0.406889874499,0.610334811748,1715,0.000974,0,2225,0.114,0,0.229213483146,0.991456140351,0,,
rtl_native_seeded_thought_qd,RTLLM,Prob045_alu,combinational,3,38c89a0b-7d6c-4709-959e-bc9b7cc929ce,single_thought_operator,generation_log,0.415275773704,0.622913660556,1660,0.000924,0,2225,0.114,0,0.25393258427,0.991894736842,0,/workspace/exp/useful_bd_push/t67_rtl_native_seeded_thought_20260623_170935_UTC/hard_tuning/rtl_native_seeded_thought_qd/seed_1001/openai_gpt-oss-120b/RTLLM/Prob045_alu/Gen3/g003_thought_0013/code_sample_1,
rtl_native_seeded_thought_qd,RTLLM,Prob045_alu,combinational,3,553c77a9-279b-4e3d-acef-2d7ab5d7c642,single_thought_operator,generation_log,0.374910966555,0.562366449832,1926,0.0011,0,2225,0.114,0,0.134382022472,0.990350877193,0,/workspace/exp/useful_bd_push/t67_rtl_native_seeded_thought_20260623_170935_UTC/hard_tuning/rtl_native_seeded_thought_qd/seed_1001/openai_gpt-oss-120b/RTLLM/Prob045_alu/Gen3/g003_thought_0014/code_sample_0,
rtl_native_seeded_thought_qd,RTLLM,Prob045_alu,combinational,3,d2fe9bb4-9594-449a-8c5e-4924cc5195a5,single_thought_operator,generation_log,0.397916420264,0.596874630396,1774,0.00102,0,2225,0.114,0,0.202696629213,0.991052631579,0,/workspace/exp/useful_bd_push/t67_rtl_native_seeded_thought_20260623_170935_UTC/hard_tuning/rtl_native_seeded_thought_qd/seed_1001/openai_gpt-oss-120b/RTLLM/Prob045_alu/Gen3/g003_thought_0015/code_sample_0,
rtl_native_seeded_thought_qd,RTLLM,Prob045_alu,combinational,3,737da86e-6456-48ab-9012-1c85c5eaa566,single_thought_operator,generation_log,0.374910966555,0.562366449832,1926,0.0011,0,2225,0.114,0,0.134382022472,0.990350877193,0,,
rtl_native_seeded_thought_qd,RTLLM,Prob045_alu,combinational,3,98cf0978-b68b-4146-9620-4a5859dd672d,single_thought_operator,generation_log,0.377395689599,0.566093534398,1910,0.00107,0,2225,0.114,0,0.141573033708,0.990614035088,0,,
rtl_native_seeded_thought_qd,RTLLM,Prob045_alu,combinational,3,4a257d1c-a711-486e-b5ce-0360aa939e90,single_thought_operator,generation_log,0.397916420264,0.596874630396,1774,0.00102,0,2225,0.114,0,0.202696629213,0.991052631579,0,/workspace/exp/useful_bd_push/t67_rtl_native_seeded_thought_20260623_170935_UTC/hard_tuning/rtl_native_seeded_thought_qd/seed_1001/openai_gpt-oss-120b/RTLLM/Prob045_alu/Gen3/g003_thought_0016/code_sample_0,
rtl_native_seeded_thought_qd,RTLLM,Prob049_signal_generator,sequential,0,001147bd-5b5f-4429-bcb4-798777182c28,initial,generation_log,0.234774694403,0.234774694403,82,0.00252,0.38,94,0.00467,0.43,0.127659574468,0.460385438972,0.116279069767,/workspace/exp/useful_bd_push/t67_rtl_native_seeded_thought_20260623_170935_UTC/hard_tuning/rtl_native_seeded_thought_qd/seed_1001/openai_gpt-oss-120b/RTLLM/Prob049_signal_generator/Gen0/g000_thought_0001/code_sample_0,
rtl_native_seeded_thought_qd,RTLLM,Prob049_signal_generator,sequential,0,350691ea-50bf-4d01-8ade-2dba0602fe4f,initial,generation_log,0.234774694403,0.234774694403,82,0.00252,0.38,94,0.00467,0.43,0.127659574468,0.460385438972,0.116279069767,,
rtl_native_seeded_thought_qd,RTLLM,Prob049_signal_generator,sequential,0,25b4b1e1-29f7-414b-b4f9-7d03839cc1dd,initial,generation_log,0.234774694403,0.234774694403,82,0.00252,0.38,94,0.00467,0.43,0.127659574468,0.460385438972,0.116279069767,,
rtl_native_seeded_thought_qd,RTLLM,Prob049_signal_generator,sequential,0,fee663dc-67c2-453d-b8dd-843823a23b61,initial,generation_log,0.263803228132,0.263803228132,76,0.00252,0.37,94,0.00467,0.43,0.191489361702,0.460385438972,0.139534883721,/workspace/exp/useful_bd_push/t67_rtl_native_seeded_thought_20260623_170935_UTC/hard_tuning/rtl_native_seeded_thought_qd/seed_1001/openai_gpt-oss-120b/RTLLM/Prob049_signal_generator/Gen0/g000_thought_0002/code_sample_2,
rtl_native_seeded_thought_qd,RTLLM,Prob049_signal_generator,sequential,0,fd7951e2-3eac-441e-9687-bfb53f17088a,initial,generation_log,0.234774694403,0.234774694403,82,0.00252,0.38,94,0.00467,0.43,0.127659574468,0.460385438972,0.116279069767,/workspace/exp/useful_bd_push/t67_rtl_native_seeded_thought_20260623_170935_UTC/hard_tuning/rtl_native_seeded_thought_qd/seed_1001/openai_gpt-oss-120b/RTLLM/Prob049_signal_generator/Gen0/g000_thought_0003/code_sample_0,
rtl_native_seeded_thought_qd,RTLLM,Prob049_signal_generator,sequential,0,c3230fda-24d7-468d-8398-c92d62679676,initial,generation_log,0.234774694403,0.234774694403,82,0.00252,0.38,94,0.00467,0.43,0.127659574468,0.460385438972,0.116279069767,,
rtl_native_seeded_thought_qd,RTLLM,Prob049_signal_generator,sequential,0,781c658d-654d-4454-b218-b516b6c44a3d,initial,generation_log,0.234774694403,0.234774694403,82,0.00252,0.38,94,0.00467,0.43,0.127659574468,0.460385438972,0.116279069767,/workspace/exp/useful_bd_push/t67_rtl_native_seeded_thought_20260623_170935_UTC/hard_tuning/rtl_native_seeded_thought_qd/seed_1001/openai_gpt-oss-120b/RTLLM/Prob049_signal_generator/Gen0/g000_thought_0004/code_sample_0,
rtl_native_seeded_thought_qd,RTLLM,Prob049_signal_generator,sequential,0,ff0e337d-98c1-4e6b-8735-753e1b991b25,initial,generation_log,0.234774694403,0.234774694403,82,0.00252,0.38,94,0.00467,0.43,0.127659574468,0.460385438972,0.116279069767,,
rtl_native_seeded_thought_qd,RTLLM,Prob049_signal_generator,sequential,1,829e924e-6ffe-40ed-907a-033dd5e5c00c,single_thought_operator,generation_log,0.263803228132,0.263803228132,76,0.00252,0.37,94,0.00467,0.43,0.191489361702,0.460385438972,0.139534883721,/workspace/exp/useful_bd_push/t67_rtl_native_seeded_thought_20260623_170935_UTC/hard_tuning/rtl_native_seeded_thought_qd/seed_1001/openai_gpt-oss-120b/RTLLM/Prob049_signal_generator/Gen1/g001_thought_0005/code_sample_1,
rtl_native_seeded_thought_qd,RTLLM,Prob049_signal_generator,sequential,1,f5b3e733-b282-450f-86f8-b99ac03ba492,single_thought_operator,generation_log,0.263803228132,0.263803228132,76,0.00252,0.37,94,0.00467,0.43,0.191489361702,0.460385438972,0.139534883721,/workspace/exp/useful_bd_push/t67_rtl_native_seeded_thought_20260623_170935_UTC/hard_tuning/rtl_native_seeded_thought_qd/seed_1001/openai_gpt-oss-120b/RTLLM/Prob049_signal_generator/Gen1/g001_thought_0006/code_sample_0,
rtl_native_seeded_thought_qd,RTLLM,Prob049_signal_generator,sequential,1,2c359a1e-13f6-46e6-940b-5368f6fd9f7a,single_thought_operator,generation_log,0.263803228132,0.263803228132,76,0.00252,0.37,94,0.00467,0.43,0.191489361702,0.460385438972,0.139534883721,,
rtl_native_seeded_thought_qd,RTLLM,Prob049_signal_generator,sequential,1,592ca32e-a907-43a2-b74b-4161881d3467,single_thought_operator,generation_log,0.234774694403,0.234774694403,82,0.00252,0.38,94,0.00467,0.43,0.127659574468,0.460385438972,0.116279069767,,
rtl_native_seeded_thought_qd,RTLLM,Prob049_signal_generator,sequential,1,40c48802-958c-4cef-a0a9-35f17b74ae2b,single_thought_operator,generation_log,0.263803228132,0.263803228132,76,0.00252,0.37,94,0.00467,0.43,0.191489361702,0.460385438972,0.139534883721,/workspace/exp/useful_bd_push/t67_rtl_native_seeded_thought_20260623_170935_UTC/hard_tuning/rtl_native_seeded_thought_qd/seed_1001/openai_gpt-oss-120b/RTLLM/Prob049_signal_generator/Gen1/g001_thought_0007/code_sample_0,
rtl_native_seeded_thought_qd,RTLLM,Prob049_signal_generator,sequential,1,07fa1ab6-b61e-458a-986f-6542e4505cff,single_thought_operator,generation_log,0.263803228132,0.263803228132,76,0.00252,0.37,94,0.00467,0.43,0.191489361702,0.460385438972,0.139534883721,/workspace/exp/useful_bd_push/t67_rtl_native_seeded_thought_20260623_170935_UTC/hard_tuning/rtl_native_seeded_thought_qd/seed_1001/openai_gpt-oss-120b/RTLLM/Prob049_signal_generator/Gen1/g001_thought_0008/code_sample_0,
rtl_native_seeded_thought_qd,RTLLM,Prob049_signal_generator,sequential,1,c980ae33-e49d-4ebc-813f-70f24a1c0470,single_thought_operator,generation_log,0.263803228132,0.263803228132,76,0.00252,0.37,94,0.00467,0.43,0.191489361702,0.460385438972,0.139534883721,,
rtl_native_seeded_thought_qd,RTLLM,Prob049_signal_generator,sequential,1,f8ed1848-dc4c-46a7-b421-4f8523c41fd4,single_thought_operator,generation_log,0.234774694403,0.234774694403,82,0.00252,0.38,94,0.00467,0.43,0.127659574468,0.460385438972,0.116279069767,,
rtl_native_seeded_thought_qd,RTLLM,Prob049_signal_generator,sequential,2,648b6847-8650-4050-accb-e0feefebcb91,single_thought_operator,generation_log,0.234774694403,0.234774694403,82,0.00252,0.38,94,0.00467,0.43,0.127659574468,0.460385438972,0.116279069767,,
rtl_native_seeded_thought_qd,RTLLM,Prob049_signal_generator,sequential,2,e6e5214e-93a7-4dfa-a720-610dc8a40b45,single_thought_operator,generation_log,0.263803228132,0.263803228132,76,0.00252,0.37,94,0.00467,0.43,0.191489361702,0.460385438972,0.139534883721,/workspace/exp/useful_bd_push/t67_rtl_native_seeded_thought_20260623_170935_UTC/hard_tuning/rtl_native_seeded_thought_qd/seed_1001/openai_gpt-oss-120b/RTLLM/Prob049_signal_generator/Gen2/g002_thought_0009/code_sample_1,
rtl_native_seeded_thought_qd,RTLLM,Prob049_signal_generator,sequential,2,4635ad5f-c138-4bb9-8b6e-2dcfe4053751,single_thought_operator,generation_log,0.234774694403,0.234774694403,82,0.00252,0.38,94,0.00467,0.43,0.127659574468,0.460385438972,0.116279069767,,
rtl_native_seeded_thought_qd,RTLLM,Prob049_signal_generator,sequential,2,904ea478-82d9-4ebc-8136-1a2bf992cd21,single_thought_operator,generation_log,0.263803228132,0.263803228132,76,0.00252,0.37,94,0.00467,0.43,0.191489361702,0.460385438972,0.139534883721,/workspace/exp/useful_bd_push/t67_rtl_native_seeded_thought_20260623_170935_UTC/hard_tuning/rtl_native_seeded_thought_qd/seed_1001/openai_gpt-oss-120b/RTLLM/Prob049_signal_generator/Gen2/g002_thought_0010/code_sample_0,
rtl_native_seeded_thought_qd,RTLLM,Prob049_signal_generator,sequential,2,61ba8a75-bd43-4243-85b2-3852f08f71e5,single_thought_operator,generation_log,0.263803228132,0.263803228132,76,0.00252,0.37,94,0.00467,0.43,0.191489361702,0.460385438972,0.139534883721,,
rtl_native_seeded_thought_qd,RTLLM,Prob049_signal_generator,sequential,2,f9995a55-b056-4ea8-b2b5-369baa9b006b,single_thought_operator,generation_log,0.234774694403,0.234774694403,82,0.00252,0.38,94,0.00467,0.43,0.127659574468,0.460385438972,0.116279069767,,
rtl_native_seeded_thought_qd,RTLLM,Prob049_signal_generator,sequential,2,70497fa9-54d4-47a5-9c8a-a87e5bff02ed,single_thought_operator,generation_log,0.263803228132,0.263803228132,76,0.00252,0.37,94,0.00467,0.43,0.191489361702,0.460385438972,0.139534883721,/workspace/exp/useful_bd_push/t67_rtl_native_seeded_thought_20260623_170935_UTC/hard_tuning/rtl_native_seeded_thought_qd/seed_1001/openai_gpt-oss-120b/RTLLM/Prob049_signal_generator/Gen2/g002_thought_0011/code_sample_1,
rtl_native_seeded_thought_qd,RTLLM,Prob049_signal_generator,sequential,2,e36d2c2d-286c-41d2-aa59-7140d0699601,single_thought_operator,generation_log,0.263803228132,0.263803228132,76,0.00252,0.37,94,0.00467,0.43,0.191489361702,0.460385438972,0.139534883721,/workspace/exp/useful_bd_push/t67_rtl_native_seeded_thought_20260623_170935_UTC/hard_tuning/rtl_native_seeded_thought_qd/seed_1001/openai_gpt-oss-120b/RTLLM/Prob049_signal_generator/Gen2/g002_thought_0012/code_sample_0,
rtl_native_seeded_thought_qd,RTLLM,Prob049_signal_generator,sequential,2,8af3a9ae-13f3-49b6-8f70-8a4413ae72d0,single_thought_operator,generation_log,0.234774694403,0.234774694403,82,0.00252,0.38,94,0.00467,0.43,0.127659574468,0.460385438972,0.116279069767,,
rtl_native_seeded_thought_qd,RTLLM,Prob049_signal_generator,sequential,3,2b8e72ee-4c2c-42cb-b86e-a0c937d518e4,single_thought_operator,generation_log,0.263803228132,0.263803228132,76,0.00252,0.37,94,0.00467,0.43,0.191489361702,0.460385438972,0.139534883721,/workspace/exp/useful_bd_push/t67_rtl_native_seeded_thought_20260623_170935_UTC/hard_tuning/rtl_native_seeded_thought_qd/seed_1001/openai_gpt-oss-120b/RTLLM/Prob049_signal_generator/Gen3/g003_thought_0013/code_sample_0,
rtl_native_seeded_thought_qd,RTLLM,Prob049_signal_generator,sequential,3,c45a8f0b-1cd9-4523-8934-8d7ab2c4c77c,single_thought_operator,generation_log,0.263803228132,0.263803228132,76,0.00252,0.37,94,0.00467,0.43,0.191489361702,0.460385438972,0.139534883721,,
rtl_native_seeded_thought_qd,RTLLM,Prob049_signal_generator,sequential,3,f8f6133a-47f5-4e88-9a4a-2327bc53e7b5,single_thought_operator,generation_log,0.234774694403,0.234774694403,82,0.00252,0.38,94,0.00467,0.43,0.127659574468,0.460385438972,0.116279069767,,
rtl_native_seeded_thought_qd,RTLLM,Prob049_signal_generator,sequential,3,19085c3b-3b36-4f9a-b0ae-8a784ddcd6fb,single_thought_operator,generation_log,0.234774694403,0.234774694403,82,0.00252,0.38,94,0.00467,0.43,0.127659574468,0.460385438972,0.116279069767,,
rtl_native_seeded_thought_qd,RTLLM,Prob049_signal_generator,sequential,3,8b9f66e9-c701-4830-84e6-d1506d428278,single_thought_operator,generation_log,0.263803228132,0.263803228132,76,0.00252,0.37,94,0.00467,0.43,0.191489361702,0.460385438972,0.139534883721,/workspace/exp/useful_bd_push/t67_rtl_native_seeded_thought_20260623_170935_UTC/hard_tuning/rtl_native_seeded_thought_qd/seed_1001/openai_gpt-oss-120b/RTLLM/Prob049_signal_generator/Gen3/g003_thought_0014/code_sample_1,
rtl_native_seeded_thought_qd,RTLLM,Prob049_signal_generator,sequential,3,01dc62d9-98e6-4f37-9b9a-05a9a091bc18,single_thought_operator,generation_log,0.234774694403,0.234774694403,82,0.00252,0.38,94,0.00467,0.43,0.127659574468,0.460385438972,0.116279069767,,
rtl_native_seeded_thought_qd,RTLLM,Prob049_signal_generator,sequential,3,65b5ed10-3aaa-4743-a7cd-61fd8feff8d9,single_thought_operator,generation_log,0.263803228132,0.263803228132,76,0.00252,0.37,94,0.00467,0.43,0.191489361702,0.460385438972,0.139534883721,/workspace/exp/useful_bd_push/t67_rtl_native_seeded_thought_20260623_170935_UTC/hard_tuning/rtl_native_seeded_thought_qd/seed_1001/openai_gpt-oss-120b/RTLLM/Prob049_signal_generator/Gen3/g003_thought_0015/code_sample_0,
rtl_native_seeded_thought_qd,RTLLM,Prob049_signal_generator,sequential,3,b42b31a1-f2b5-4d11-b167-94c39f8788e7,single_thought_operator,generation_log,0.263803228132,0.263803228132,76,0.00252,0.37,94,0.00467,0.43,0.191489361702,0.460385438972,0.139534883721,/workspace/exp/useful_bd_push/t67_rtl_native_seeded_thought_20260623_170935_UTC/hard_tuning/rtl_native_seeded_thought_qd/seed_1001/openai_gpt-oss-120b/RTLLM/Prob049_signal_generator/Gen3/g003_thought_0016/code_sample_0,
rtl_native_seeded_thought_qd,RTLLM,Prob049_signal_generator,sequential,3,f5d6eecf-d0e3-4fe7-806f-4d8a8551159e,single_thought_operator,generation_log,0.234774694403,0.234774694403,82,0.00252,0.38,94,0.00467,0.43,0.127659574468,0.460385438972,0.116279069767,,
rtl_native_seeded_thought_qd,VerilogEval-Spec-to-RTL,Prob098_circuit7,combinational,0,bc3e1b2a-7fb4-4448-a206-9d60fac1cc6d,initial,generation_log,0.0120056497175,0.0180084745763,5,0.000455,0,5,0.000472,0,0,0.0360169491525,0,/workspace/exp/useful_bd_push/t67_rtl_native_seeded_thought_20260623_170935_UTC/hard_tuning/rtl_native_seeded_thought_qd/seed_1001/openai_gpt-oss-120b/VerilogEval-Spec-to-RTL/Prob098_circuit7/Gen0/g000_thought_0002/code_sample_1,
rtl_native_seeded_thought_qd,VerilogEval-Spec-to-RTL,Prob098_circuit7,combinational,0,8de952df-1e1c-46b2-a424-7bb718ec4c83,initial,generation_log,0.0120056497175,0.0180084745763,5,0.000455,0,5,0.000472,0,0,0.0360169491525,0,,
rtl_native_seeded_thought_qd,VerilogEval-Spec-to-RTL,Prob098_circuit7,combinational,0,bee0edf7-466b-4a25-8154-8faa05e83da4,initial,generation_log,0.0120056497175,0.0180084745763,5,0.000455,0,5,0.000472,0,0,0.0360169491525,0,/workspace/exp/useful_bd_push/t67_rtl_native_seeded_thought_20260623_170935_UTC/hard_tuning/rtl_native_seeded_thought_qd/seed_1001/openai_gpt-oss-120b/VerilogEval-Spec-to-RTL/Prob098_circuit7/Gen0/g000_thought_0003/code_sample_0,
rtl_native_seeded_thought_qd,VerilogEval-Spec-to-RTL,Prob098_circuit7,combinational,0,7381395e-4439-4b49-9a5b-2c1fbb16dce1,initial,generation_log,0.0120056497175,0.0180084745763,5,0.000455,0,5,0.000472,0,0,0.0360169491525,0,,
rtl_native_seeded_thought_qd,VerilogEval-Spec-to-RTL,Prob098_circuit7,combinational,0,1d0fd80d-9251-4f03-8072-b4ac2e2bf3e1,initial,generation_log,0.0120056497175,0.0180084745763,5,0.000455,0,5,0.000472,0,0,0.0360169491525,0,/workspace/exp/useful_bd_push/t67_rtl_native_seeded_thought_20260623_170935_UTC/hard_tuning/rtl_native_seeded_thought_qd/seed_1001/openai_gpt-oss-120b/VerilogEval-Spec-to-RTL/Prob098_circuit7/Gen0/g000_thought_0004/code_sample_0,
rtl_native_seeded_thought_qd,VerilogEval-Spec-to-RTL,Prob098_circuit7,combinational,0,06017fe6-46ff-4bea-be4a-3abfd8f5682c,initial,generation_log,0.0120056497175,0.0180084745763,5,0.000455,0,5,0.000472,0,0,0.0360169491525,0,,
rtl_native_seeded_thought_qd,VerilogEval-Spec-to-RTL,Prob098_circuit7,combinational,0,e4d76feb-73d1-4523-995a-9edb82146d6d,initial,generation_log,0.0120056497175,0.0180084745763,5,0.000455,0,5,0.000472,0,0,0.0360169491525,0,,
rtl_native_seeded_thought_qd,VerilogEval-Spec-to-RTL,Prob098_circuit7,combinational,1,9c702ea2-a540-4b12-8ae7-30eb9d410688,single_thought_operator,generation_log,0.0120056497175,0.0180084745763,5,0.000455,0,5,0.000472,0,0,0.0360169491525,0,/workspace/exp/useful_bd_push/t67_rtl_native_seeded_thought_20260623_170935_UTC/hard_tuning/rtl_native_seeded_thought_qd/seed_1001/openai_gpt-oss-120b/VerilogEval-Spec-to-RTL/Prob098_circuit7/Gen1/g001_thought_0005/code_sample_0,
rtl_native_seeded_thought_qd,VerilogEval-Spec-to-RTL,Prob098_circuit7,combinational,1,d3535d97-d41e-4ed5-a12c-e3873d04fbac,single_thought_operator,generation_log,0.0120056497175,0.0180084745763,5,0.000455,0,5,0.000472,0,0,0.0360169491525,0,,
rtl_native_seeded_thought_qd,VerilogEval-Spec-to-RTL,Prob098_circuit7,combinational,1,182f9874-cd45-4de7-a0e9-a655d0589cd4,single_thought_operator,generation_log,0.0120056497175,0.0180084745763,5,0.000455,0,5,0.000472,0,0,0.0360169491525,0,,
rtl_native_seeded_thought_qd,VerilogEval-Spec-to-RTL,Prob098_circuit7,combinational,1,efc76646-0f15-46ae-9dd4-a1492bb8cea2,single_thought_operator,generation_log,-0,0,5,0.000472,0,5,0.000472,0,0,0,0,/workspace/exp/useful_bd_push/t67_rtl_native_seeded_thought_20260623_170935_UTC/hard_tuning/rtl_native_seeded_thought_qd/seed_1001/openai_gpt-oss-120b/VerilogEval-Spec-to-RTL/Prob098_circuit7/Gen1/g001_thought_0007/code_sample_0,
rtl_native_seeded_thought_qd,VerilogEval-Spec-to-RTL,Prob098_circuit7,combinational,1,28333090-2970-47bb-a0ea-b946a70a8a90,single_thought_operator,generation_log,-0,0,5,0.000472,0,5,0.000472,0,0,0,0,,
rtl_native_seeded_thought_qd,VerilogEval-Spec-to-RTL,Prob098_circuit7,combinational,1,e301a35b-54ff-48cd-ba67-7997754bedc4,single_thought_operator,generation_log,-0,0,5,0.000472,0,5,0.000472,0,0,0,0,,
rtl_native_seeded_thought_qd,VerilogEval-Spec-to-RTL,Prob098_circuit7,combinational,1,7407a72b-8df2-4743-b57e-3c4299b9e792,single_thought_operator,generation_log,0.0120056497175,0.0180084745763,5,0.000455,0,5,0.000472,0,0,0.0360169491525,0,/workspace/exp/useful_bd_push/t67_rtl_native_seeded_thought_20260623_170935_UTC/hard_tuning/rtl_native_seeded_thought_qd/seed_1001/openai_gpt-oss-120b/VerilogEval-Spec-to-RTL/Prob098_circuit7/Gen1/g001_thought_0008/code_sample_0,
rtl_native_seeded_thought_qd,VerilogEval-Spec-to-RTL,Prob098_circuit7,combinational,1,baa383de-e81f-4a3e-b797-75931a498264,single_thought_operator,generation_log,0.0120056497175,0.0180084745763,5,0.000455,0,5,0.000472,0,0,0.0360169491525,0,,
rtl_native_seeded_thought_qd,VerilogEval-Spec-to-RTL,Prob098_circuit7,combinational,1,91dc25c7-8e23-42b4-8ce2-cf5f916ab36d,single_thought_operator,generation_log,0.0120056497175,0.0180084745763,5,0.000455,0,5,0.000472,0,0,0.0360169491525,0,,
rtl_native_seeded_thought_qd,VerilogEval-Spec-to-RTL,Prob098_circuit7,combinational,2,117ccdec-5aee-4160-b999-9287ad51d01a,single_thought_operator,generation_log,-0,0,5,0.000472,0,5,0.000472,0,0,0,0,/workspace/exp/useful_bd_push/t67_rtl_native_seeded_thought_20260623_170935_UTC/hard_tuning/rtl_native_seeded_thought_qd/seed_1001/openai_gpt-oss-120b/VerilogEval-Spec-to-RTL/Prob098_circuit7/Gen2/g002_thought_0010/code_sample_0,
rtl_native_seeded_thought_qd,VerilogEval-Spec-to-RTL,Prob098_circuit7,combinational,2,29784739-8aa7-42b7-9fbe-7500b4e47ef3,single_thought_operator,generation_log,-0,0,5,0.000472,0,5,0.000472,0,0,0,0,,
rtl_native_seeded_thought_qd,VerilogEval-Spec-to-RTL,Prob098_circuit7,combinational,2,cf8bc637-b07f-4f49-b102-457d789a9c9b,single_thought_operator,generation_log,-0,0,5,0.000472,0,5,0.000472,0,0,0,0,,
rtl_native_seeded_thought_qd,VerilogEval-Spec-to-RTL,Prob098_circuit7,combinational,2,c2a0bd07-30ac-42af-b4e2-9b0c463a4927,single_thought_operator,generation_log,0.0120056497175,0.0180084745763,5,0.000455,0,5,0.000472,0,0,0.0360169491525,0,/workspace/exp/useful_bd_push/t67_rtl_native_seeded_thought_20260623_170935_UTC/hard_tuning/rtl_native_seeded_thought_qd/seed_1001/openai_gpt-oss-120b/VerilogEval-Spec-to-RTL/Prob098_circuit7/Gen2/g002_thought_0011/code_sample_0,
rtl_native_seeded_thought_qd,VerilogEval-Spec-to-RTL,Prob098_circuit7,combinational,2,bad1e7eb-2eff-433d-959a-12ecbb2289da,single_thought_operator,generation_log,0.0120056497175,0.0180084745763,5,0.000455,0,5,0.000472,0,0,0.0360169491525,0,,
rtl_native_seeded_thought_qd,VerilogEval-Spec-to-RTL,Prob098_circuit7,combinational,2,e6dd1739-5162-4960-82cb-66928fabfdcb,single_thought_operator,generation_log,0.0120056497175,0.0180084745763,5,0.000455,0,5,0.000472,0,0,0.0360169491525,0,,
rtl_native_seeded_thought_qd,VerilogEval-Spec-to-RTL,Prob098_circuit7,combinational,2,32f21700-4aaa-419f-8837-ebca0952fb3a,single_thought_operator,generation_log,0.0120056497175,0.0180084745763,5,0.000455,0,5,0.000472,0,0,0.0360169491525,0,/workspace/exp/useful_bd_push/t67_rtl_native_seeded_thought_20260623_170935_UTC/hard_tuning/rtl_native_seeded_thought_qd/seed_1001/openai_gpt-oss-120b/VerilogEval-Spec-to-RTL/Prob098_circuit7/Gen2/g002_thought_0012/code_sample_0,
rtl_native_seeded_thought_qd,VerilogEval-Spec-to-RTL,Prob098_circuit7,combinational,2,fbaf0191-49a3-4a27-a06f-1b542e1c802b,single_thought_operator,generation_log,0.0120056497175,0.0180084745763,5,0.000455,0,5,0.000472,0,0,0.0360169491525,0,,
rtl_native_seeded_thought_qd,VerilogEval-Spec-to-RTL,Prob098_circuit7,combinational,2,6ef36c6f-6e79-452d-b73a-43ccf39639f5,single_thought_operator,generation_log,0.0120056497175,0.0180084745763,5,0.000455,0,5,0.000472,0,0,0.0360169491525,0,,
rtl_native_seeded_thought_qd,VerilogEval-Spec-to-RTL,Prob098_circuit7,combinational,3,236200b9-ad0e-4163-9d0d-b77cd96b54c7,single_thought_operator,generation_log,0.0120056497175,0.0180084745763,5,0.000455,0,5,0.000472,0,0,0.0360169491525,0,/workspace/exp/useful_bd_push/t67_rtl_native_seeded_thought_20260623_170935_UTC/hard_tuning/rtl_native_seeded_thought_qd/seed_1001/openai_gpt-oss-120b/VerilogEval-Spec-to-RTL/Prob098_circuit7/Gen3/g003_thought_0013/code_sample_0,
rtl_native_seeded_thought_qd,VerilogEval-Spec-to-RTL,Prob098_circuit7,combinational,3,152d4a12-8741-416c-98d7-840c84ec3061,single_thought_operator,generation_log,0.0120056497175,0.0180084745763,5,0.000455,0,5,0.000472,0,0,0.0360169491525,0,,
rtl_native_seeded_thought_qd,VerilogEval-Spec-to-RTL,Prob098_circuit7,combinational,3,a62a4bbc-e1ed-4287-8919-00403bb44137,single_thought_operator,generation_log,-0,0,5,0.000472,0,5,0.000472,0,0,0,0,/workspace/exp/useful_bd_push/t67_rtl_native_seeded_thought_20260623_170935_UTC/hard_tuning/rtl_native_seeded_thought_qd/seed_1001/openai_gpt-oss-120b/VerilogEval-Spec-to-RTL/Prob098_circuit7/Gen3/g003_thought_0014/code_sample_0,
rtl_native_seeded_thought_qd,VerilogEval-Spec-to-RTL,Prob098_circuit7,combinational,3,24a676c2-461f-469d-b474-f85a77b2be31,single_thought_operator,generation_log,-0,0,5,0.000472,0,5,0.000472,0,0,0,0,,
rtl_native_seeded_thought_qd,VerilogEval-Spec-to-RTL,Prob098_circuit7,combinational,3,66817fc3-8549-4225-94ea-b12960fdf3d5,single_thought_operator,generation_log,-0,0,5,0.000472,0,5,0.000472,0,0,0,0,,
rtl_native_seeded_thought_qd,VerilogEval-Spec-to-RTL,Prob098_circuit7,combinational,3,37b9074f-6bd3-4023-a0ef-dbae5ce3d87b,single_thought_operator,generation_log,0.0120056497175,0.0180084745763,5,0.000455,0,5,0.000472,0,0,0.0360169491525,0,/workspace/exp/useful_bd_push/t67_rtl_native_seeded_thought_20260623_170935_UTC/hard_tuning/rtl_native_seeded_thought_qd/seed_1001/openai_gpt-oss-120b/VerilogEval-Spec-to-RTL/Prob098_circuit7/Gen3/g003_thought_0016/code_sample_0,
rtl_native_seeded_thought_qd,VerilogEval-Spec-to-RTL,Prob098_circuit7,combinational,3,89a771e6-b653-4629-8e2a-aea53052036c,single_thought_operator,generation_log,0.0120056497175,0.0180084745763,5,0.000455,0,5,0.000472,0,0,0.0360169491525,0,,
rtl_native_seeded_thought_qd,VerilogEval-Spec-to-RTL,Prob098_circuit7,combinational,3,3f828955-d7c8-4f45-88ee-6a060626211a,single_thought_operator,generation_log,0.0120056497175,0.0180084745763,5,0.000455,0,5,0.000472,0,0,0.0360169491525,0,,
rtl_native_seeded_thought_qd,VerilogEval-Spec-to-RTL,Prob116_m2014_q3,combinational,1,aa0c3b15-2ba5-484a-a5cd-9db98c4be0c7,single_thought_operator,generation_log,0.464369602763,0.696554404145,3,1.33e-06,0,5,0.000193,0,0.4,0.99310880829,0,/workspace/exp/useful_bd_push/t67_rtl_native_seeded_thought_20260623_170935_UTC/hard_tuning/rtl_native_seeded_thought_qd/seed_1001/openai_gpt-oss-120b/VerilogEval-Spec-to-RTL/Prob116_m2014_q3/Gen1/g001_thought_0006/code_sample_0,
rtl_native_seeded_thought_qd,VerilogEval-Spec-to-RTL,Prob116_m2014_q3,combinational,3,f71a2278-38e3-42a0-bcfb-dd351eab6ba5,single_thought_operator,generation_log,0.46532642487,0.697989637306,3,7.76e-07,0,5,0.000193,0,0.4,0.995979274611,0,/workspace/exp/useful_bd_push/t67_rtl_native_seeded_thought_20260623_170935_UTC/hard_tuning/rtl_native_seeded_thought_qd/seed_1001/openai_gpt-oss-120b/VerilogEval-Spec-to-RTL/Prob116_m2014_q3/Gen3/g003_thought_0015/code_sample_2,
rtl_native_seeded_thought_qd,VerilogEval-Spec-to-RTL,Prob135_m2014_q6b,combinational,0,cbca42bc-6531-4be7-b44b-f8e7453c33c2,initial,generation_log,0.196143497758,0.294215246637,7,2.58e-06,0,5,0.000223,0,-0.4,0.988430493274,0,/workspace/exp/useful_bd_push/t67_rtl_native_seeded_thought_20260623_170935_UTC/hard_tuning/rtl_native_seeded_thought_qd/seed_1001/openai_gpt-oss-120b/VerilogEval-Spec-to-RTL/Prob135_m2014_q6b/Gen0/g000_thought_0002/code_sample_0,
rtl_native_seeded_thought_qd,VerilogEval-Spec-to-RTL,Prob135_m2014_q6b,combinational,0,bf30a2a6-f9dc-46d8-90ae-4de64c65d56e,initial,generation_log,0.196143497758,0.294215246637,7,2.58e-06,0,5,0.000223,0,-0.4,0.988430493274,0,,
rtl_native_seeded_thought_qd,VerilogEval-Spec-to-RTL,Prob135_m2014_q6b,combinational,0,3d7b25c6-9a19-4460-9093-3366ca658d37,initial,generation_log,0.196143497758,0.294215246637,7,2.58e-06,0,5,0.000223,0,-0.4,0.988430493274,0,,
rtl_native_seeded_thought_qd,VerilogEval-Spec-to-RTL,Prob135_m2014_q6b,combinational,0,86c81ea2-5084-451b-9128-a71cf2f1aae0,initial,generation_log,0.26312406577,0.394686098655,6,2.37e-06,0,5,0.000223,0,-0.2,0.989372197309,0,/workspace/exp/useful_bd_push/t67_rtl_native_seeded_thought_20260623_170935_UTC/hard_tuning/rtl_native_seeded_thought_qd/seed_1001/openai_gpt-oss-120b/VerilogEval-Spec-to-RTL/Prob135_m2014_q6b/Gen0/g000_thought_0003/code_sample_2,
rtl_native_seeded_thought_qd,VerilogEval-Spec-to-RTL,Prob135_m2014_q6b,combinational,0,1dbe697f-f730-421a-8bde-a24070002c92,initial,generation_log,0.196143497758,0.294215246637,7,2.58e-06,0,5,0.000223,0,-0.4,0.988430493274,0,/workspace/exp/useful_bd_push/t67_rtl_native_seeded_thought_20260623_170935_UTC/hard_tuning/rtl_native_seeded_thought_qd/seed_1001/openai_gpt-oss-120b/VerilogEval-Spec-to-RTL/Prob135_m2014_q6b/Gen0/g000_thought_0004/code_sample_1,
rtl_native_seeded_thought_qd,VerilogEval-Spec-to-RTL,Prob135_m2014_q6b,combinational,1,261211ec-8a6e-4d00-92d8-4bd886cf5300,single_thought_operator,generation_log,0.196143497758,0.294215246637,7,2.58e-06,0,5,0.000223,0,-0.4,0.988430493274,0,/workspace/exp/useful_bd_push/t67_rtl_native_seeded_thought_20260623_170935_UTC/hard_tuning/rtl_native_seeded_thought_qd/seed_1001/openai_gpt-oss-120b/VerilogEval-Spec-to-RTL/Prob135_m2014_q6b/Gen1/g001_thought_0005/code_sample_0,
rtl_native_seeded_thought_qd,VerilogEval-Spec-to-RTL,Prob135_m2014_q6b,combinational,1,6361b56b-e19e-4adf-b15a-7b9eb24208b7,single_thought_operator,generation_log,0.196143497758,0.294215246637,7,2.58e-06,0,5,0.000223,0,-0.4,0.988430493274,0,/workspace/exp/useful_bd_push/t67_rtl_native_seeded_thought_20260623_170935_UTC/hard_tuning/rtl_native_seeded_thought_qd/seed_1001/openai_gpt-oss-120b/VerilogEval-Spec-to-RTL/Prob135_m2014_q6b/Gen1/g001_thought_0006/code_sample_0,
rtl_native_seeded_thought_qd,VerilogEval-Spec-to-RTL,Prob135_m2014_q6b,combinational,1,faba9589-1fb5-4ed7-bd0b-0c4bfc57e533,single_thought_operator,generation_log,0.196143497758,0.294215246637,7,2.58e-06,0,5,0.000223,0,-0.4,0.988430493274,0,,
rtl_native_seeded_thought_qd,VerilogEval-Spec-to-RTL,Prob135_m2014_q6b,combinational,1,3ca4853b-1ed3-4a81-824d-122cc5811986,single_thought_operator,generation_log,0.196143497758,0.294215246637,7,2.58e-06,0,5,0.000223,0,-0.4,0.988430493274,0,,
rtl_native_seeded_thought_qd,VerilogEval-Spec-to-RTL,Prob135_m2014_q6b,combinational,1,8700fce9-b080-4a45-8846-5947cfc27656,single_thought_operator,generation_log,0.263617339312,0.395426008969,6,2.04e-06,0,5,0.000223,0,-0.2,0.990852017937,0,/workspace/exp/useful_bd_push/t67_rtl_native_seeded_thought_20260623_170935_UTC/hard_tuning/rtl_native_seeded_thought_qd/seed_1001/openai_gpt-oss-120b/VerilogEval-Spec-to-RTL/Prob135_m2014_q6b/Gen1/g001_thought_0007/code_sample_0,
rtl_native_seeded_thought_qd,VerilogEval-Spec-to-RTL,Prob135_m2014_q6b,combinational,1,90e6ac2b-fe4a-4888-a8fe-7ac78c0abef2,single_thought_operator,generation_log,0.26312406577,0.394686098655,6,2.37e-06,0,5,0.000223,0,-0.2,0.989372197309,0,,
rtl_native_seeded_thought_qd,VerilogEval-Spec-to-RTL,Prob135_m2014_q6b,combinational,1,ff125948-5602-4d0c-8a66-354cc9959f82,single_thought_operator,generation_log,0.26312406577,0.394686098655,6,2.37e-06,0,5,0.000223,0,-0.2,0.989372197309,0,/workspace/exp/useful_bd_push/t67_rtl_native_seeded_thought_20260623_170935_UTC/hard_tuning/rtl_native_seeded_thought_qd/seed_1001/openai_gpt-oss-120b/VerilogEval-Spec-to-RTL/Prob135_m2014_q6b/Gen1/g001_thought_0008/code_sample_0,
rtl_native_seeded_thought_qd,VerilogEval-Spec-to-RTL,Prob135_m2014_q6b,combinational,1,79247852-8c3a-4d2e-879a-1df50f34c9c5,single_thought_operator,generation_log,0.26312406577,0.394686098655,6,2.37e-06,0,5,0.000223,0,-0.2,0.989372197309,0,,
rtl_native_seeded_thought_qd,VerilogEval-Spec-to-RTL,Prob135_m2014_q6b,combinational,2,2845aac1-8c6e-4e3a-a92c-60af4c2b25fe,single_thought_operator,generation_log,0.263617339312,0.395426008969,6,2.04e-06,0,5,0.000223,0,-0.2,0.990852017937,0,/workspace/exp/useful_bd_push/t67_rtl_native_seeded_thought_20260623_170935_UTC/hard_tuning/rtl_native_seeded_thought_qd/seed_1001/openai_gpt-oss-120b/VerilogEval-Spec-to-RTL/Prob135_m2014_q6b/Gen2/g002_thought_0009/code_sample_0,
rtl_native_seeded_thought_qd,VerilogEval-Spec-to-RTL,Prob135_m2014_q6b,combinational,2,d5ade335-48b7-4a76-88d3-0e3e91d599e3,single_thought_operator,generation_log,0.196143497758,0.294215246637,7,2.58e-06,0,5,0.000223,0,-0.4,0.988430493274,0,,
rtl_native_seeded_thought_qd,VerilogEval-Spec-to-RTL,Prob135_m2014_q6b,combinational,2,dd3e8337-d980-4c64-8bad-311ad4301e7d,single_thought_operator,generation_log,0.196143497758,0.294215246637,7,2.58e-06,0,5,0.000223,0,-0.4,0.988430493274,0,/workspace/exp/useful_bd_push/t67_rtl_native_seeded_thought_20260623_170935_UTC/hard_tuning/rtl_native_seeded_thought_qd/seed_1001/openai_gpt-oss-120b/VerilogEval-Spec-to-RTL/Prob135_m2014_q6b/Gen2/g002_thought_0010/code_sample_2,
rtl_native_seeded_thought_qd,VerilogEval-Spec-to-RTL,Prob135_m2014_q6b,combinational,2,aebfdc90-ec7e-4c98-a82b-8f0f1d79dcef,single_thought_operator,generation_log,0.263617339312,0.395426008969,6,2.04e-06,0,5,0.000223,0,-0.2,0.990852017937,0,/workspace/exp/useful_bd_push/t67_rtl_native_seeded_thought_20260623_170935_UTC/hard_tuning/rtl_native_seeded_thought_qd/seed_1001/openai_gpt-oss-120b/VerilogEval-Spec-to-RTL/Prob135_m2014_q6b/Gen2/g002_thought_0012/code_sample_0,
rtl_native_seeded_thought_qd,VerilogEval-Spec-to-RTL,Prob135_m2014_q6b,combinational,2,55de7793-c89c-43cf-a9d5-27cc2a26a320,single_thought_operator,generation_log,0.263617339312,0.395426008969,6,2.04e-06,0,5,0.000223,0,-0.2,0.990852017937,0,,
rtl_native_seeded_thought_qd,VerilogEval-Spec-to-RTL,Prob135_m2014_q6b,combinational,3,eb381ff7-2ea7-4758-bae3-32c264560d54,single_thought_operator,generation_log,0.263617339312,0.395426008969,6,2.04e-06,0,5,0.000223,0,-0.2,0.990852017937,0,/workspace/exp/useful_bd_push/t67_rtl_native_seeded_thought_20260623_170935_UTC/hard_tuning/rtl_native_seeded_thought_qd/seed_1001/openai_gpt-oss-120b/VerilogEval-Spec-to-RTL/Prob135_m2014_q6b/Gen3/g003_thought_0013/code_sample_0,
rtl_native_seeded_thought_qd,VerilogEval-Spec-to-RTL,Prob135_m2014_q6b,combinational,3,e7563051-bf71-4b6c-8eb1-91b3aef89367,single_thought_operator,generation_log,0.263617339312,0.395426008969,6,2.04e-06,0,5,0.000223,0,-0.2,0.990852017937,0,,
rtl_native_seeded_thought_qd,VerilogEval-Spec-to-RTL,Prob135_m2014_q6b,combinational,3,a4f0a1fb-3d31-4293-b753-5b796ed06d7f,single_thought_operator,generation_log,0.263617339312,0.395426008969,6,2.04e-06,0,5,0.000223,0,-0.2,0.990852017937,0,/workspace/exp/useful_bd_push/t67_rtl_native_seeded_thought_20260623_170935_UTC/hard_tuning/rtl_native_seeded_thought_qd/seed_1001/openai_gpt-oss-120b/VerilogEval-Spec-to-RTL/Prob135_m2014_q6b/Gen3/g003_thought_0014/code_sample_0,
rtl_native_seeded_thought_qd,VerilogEval-Spec-to-RTL,Prob135_m2014_q6b,combinational,3,eac05bdf-5f43-4d2d-bc35-88ba95480f30,single_thought_operator,generation_log,0.263617339312,0.395426008969,6,2.04e-06,0,5,0.000223,0,-0.2,0.990852017937,0,,
rtl_native_seeded_thought_qd,VerilogEval-Spec-to-RTL,Prob135_m2014_q6b,combinational,3,3eda18f0-a0cd-44fc-896f-7f86bbff731e,single_thought_operator,generation_log,0.263617339312,0.395426008969,6,2.04e-06,0,5,0.000223,0,-0.2,0.990852017937,0,,
rtl_native_seeded_thought_qd,VerilogEval-Spec-to-RTL,Prob135_m2014_q6b,combinational,3,4e7aee53-60e0-4735-8f7b-6e632ef8a76f,single_thought_operator,generation_log,0.263617339312,0.395426008969,6,2.04e-06,0,5,0.000223,0,-0.2,0.990852017937,0,/workspace/exp/useful_bd_push/t67_rtl_native_seeded_thought_20260623_170935_UTC/hard_tuning/rtl_native_seeded_thought_qd/seed_1001/openai_gpt-oss-120b/VerilogEval-Spec-to-RTL/Prob135_m2014_q6b/Gen3/g003_thought_0015/code_sample_0,
rtl_native_seeded_thought_qd,VerilogEval-Spec-to-RTL,Prob135_m2014_q6b,combinational,3,36ebfd39-efe2-4943-bac5-ee08129c67bc,single_thought_operator,generation_log,0.263617339312,0.395426008969,6,2.04e-06,0,5,0.000223,0,-0.2,0.990852017937,0,,
rtl_native_seeded_thought_qd,VerilogEval-Spec-to-RTL,Prob135_m2014_q6b,combinational,3,3f334644-2334-4553-bd45-5dcab812f670,single_thought_operator,generation_log,0.263617339312,0.395426008969,6,2.04e-06,0,5,0.000223,0,-0.2,0.990852017937,0,/workspace/exp/useful_bd_push/t67_rtl_native_seeded_thought_20260623_170935_UTC/hard_tuning/rtl_native_seeded_thought_qd/seed_1001/openai_gpt-oss-120b/VerilogEval-Spec-to-RTL/Prob135_m2014_q6b/Gen3/g003_thought_0016/code_sample_0,
rtl_native_seeded_thought_qd,VerilogEval-Spec-to-RTL,Prob135_m2014_q6b,combinational,3,cdae7588-98c3-4217-8b7e-311f19f0a80a,single_thought_operator,generation_log,0.263617339312,0.395426008969,6,2.04e-06,0,5,0.000223,0,-0.2,0.990852017937,0,,
rtl_native_seeded_thought_qd,VerilogEval-Spec-to-RTL,Prob135_m2014_q6b,combinational,3,a6ddd70b-40b8-45a5-9cf1-a8cc4a3beae5,single_thought_operator,generation_log,0.26312406577,0.394686098655,6,2.37e-06,0,5,0.000223,0,-0.2,0.989372197309,0,,
rtl_native_seeded_thought_qd,VerilogEval-Spec-to-RTL,Prob150_review2015_fsmonehot,combinational,0,89aa5095-aff0-420f-bcb6-2cba10387efb,initial,generation_log,0.32968627451,0.494529411765,13,3.72e-06,0,13,0.00034,0,0,0.989058823529,0,/workspace/exp/useful_bd_push/t67_rtl_native_seeded_thought_20260623_170935_UTC/hard_tuning/rtl_native_seeded_thought_qd/seed_1001/openai_gpt-oss-120b/VerilogEval-Spec-to-RTL/Prob150_review2015_fsmonehot/Gen0/g000_thought_0001/code_sample_1,
rtl_native_seeded_thought_qd,VerilogEval-Spec-to-RTL,Prob150_review2015_fsmonehot,combinational,0,712cca32-7dcd-4f78-96fe-511267bc6fa9,initial,generation_log,0.32968627451,0.494529411765,13,3.72e-06,0,13,0.00034,0,0,0.989058823529,0,/workspace/exp/useful_bd_push/t67_rtl_native_seeded_thought_20260623_170935_UTC/hard_tuning/rtl_native_seeded_thought_qd/seed_1001/openai_gpt-oss-120b/VerilogEval-Spec-to-RTL/Prob150_review2015_fsmonehot/Gen0/g000_thought_0003/code_sample_0,
rtl_native_seeded_thought_qd,VerilogEval-Spec-to-RTL,Prob150_review2015_fsmonehot,combinational,0,219439c5-e82c-4170-9c15-ade7b80c502a,initial,generation_log,0.32968627451,0.494529411765,13,3.72e-06,0,13,0.00034,0,0,0.989058823529,0,,
rtl_native_seeded_thought_qd,VerilogEval-Spec-to-RTL,Prob150_review2015_fsmonehot,combinational,0,9bef9934-e063-48be-bdc3-e134238e7adb,initial,generation_log,0.32968627451,0.494529411765,13,3.72e-06,0,13,0.00034,0,0,0.989058823529,0,/workspace/exp/useful_bd_push/t67_rtl_native_seeded_thought_20260623_170935_UTC/hard_tuning/rtl_native_seeded_thought_qd/seed_1001/openai_gpt-oss-120b/VerilogEval-Spec-to-RTL/Prob150_review2015_fsmonehot/Gen0/g000_thought_0004/code_sample_2,
rtl_native_seeded_thought_qd,VerilogEval-Spec-to-RTL,Prob150_review2015_fsmonehot,combinational,1,f54fd808-4937-4ef4-aa98-be19a06f4d51,single_thought_operator,generation_log,0.32968627451,0.494529411765,13,3.72e-06,0,13,0.00034,0,0,0.989058823529,0,/workspace/exp/useful_bd_push/t67_rtl_native_seeded_thought_20260623_170935_UTC/hard_tuning/rtl_native_seeded_thought_qd/seed_1001/openai_gpt-oss-120b/VerilogEval-Spec-to-RTL/Prob150_review2015_fsmonehot/Gen1/g001_thought_0006/code_sample_0,
rtl_native_seeded_thought_qd,VerilogEval-Spec-to-RTL,Prob150_review2015_fsmonehot,combinational,1,14722a57-909a-4ec7-93c0-7a6c4f72a673,single_thought_operator,generation_log,0.32968627451,0.494529411765,13,3.72e-06,0,13,0.00034,0,0,0.989058823529,0,,
rtl_native_seeded_thought_qd,VerilogEval-Spec-to-RTL,Prob150_review2015_fsmonehot,combinational,1,ba9d8d93-57bf-4aba-ab95-5f0d15648571,single_thought_operator,generation_log,0.32968627451,0.494529411765,13,3.72e-06,0,13,0.00034,0,0,0.989058823529,0,/workspace/exp/useful_bd_push/t67_rtl_native_seeded_thought_20260623_170935_UTC/hard_tuning/rtl_native_seeded_thought_qd/seed_1001/openai_gpt-oss-120b/VerilogEval-Spec-to-RTL/Prob150_review2015_fsmonehot/Gen1/g001_thought_0007/code_sample_0,
rtl_native_seeded_thought_qd,VerilogEval-Spec-to-RTL,Prob150_review2015_fsmonehot,combinational,1,0def984f-8fef-4a91-a782-f284e9fac941,single_thought_operator,generation_log,0.32968627451,0.494529411765,13,3.72e-06,0,13,0.00034,0,0,0.989058823529,0,,
rtl_native_seeded_thought_qd,VerilogEval-Spec-to-RTL,Prob150_review2015_fsmonehot,combinational,1,a4587983-8322-42ed-b691-13d6b24a9f33,single_thought_operator,generation_log,0.32968627451,0.494529411765,13,3.72e-06,0,13,0.00034,0,0,0.989058823529,0,,
rtl_native_seeded_thought_qd,VerilogEval-Spec-to-RTL,Prob150_review2015_fsmonehot,combinational,1,8388a3c3-533b-4443-ac39-3cfac8b1654a,single_thought_operator,generation_log,0.32968627451,0.494529411765,13,3.72e-06,0,13,0.00034,0,0,0.989058823529,0,/workspace/exp/useful_bd_push/t67_rtl_native_seeded_thought_20260623_170935_UTC/hard_tuning/rtl_native_seeded_thought_qd/seed_1001/openai_gpt-oss-120b/VerilogEval-Spec-to-RTL/Prob150_review2015_fsmonehot/Gen1/g001_thought_0008/code_sample_0,
rtl_native_seeded_thought_qd,VerilogEval-Spec-to-RTL,Prob150_review2015_fsmonehot,combinational,1,1b97d388-0f23-44e0-a6fa-7a12a51c9492,single_thought_operator,generation_log,0.32968627451,0.494529411765,13,3.72e-06,0,13,0.00034,0,0,0.989058823529,0,,
rtl_native_seeded_thought_qd,VerilogEval-Spec-to-RTL,Prob150_review2015_fsmonehot,combinational,2,6dc55f72-b862-47f4-98f1-00d57cb2ee72,single_thought_operator,generation_log,0.32968627451,0.494529411765,13,3.72e-06,0,13,0.00034,0,0,0.989058823529,0,/workspace/exp/useful_bd_push/t67_rtl_native_seeded_thought_20260623_170935_UTC/hard_tuning/rtl_native_seeded_thought_qd/seed_1001/openai_gpt-oss-120b/VerilogEval-Spec-to-RTL/Prob150_review2015_fsmonehot/Gen2/g002_thought_0009/code_sample_0,
rtl_native_seeded_thought_qd,VerilogEval-Spec-to-RTL,Prob150_review2015_fsmonehot,combinational,2,fd41d592-49da-4573-b971-dbb1e8b26d11,single_thought_operator,generation_log,0.32968627451,0.494529411765,13,3.72e-06,0,13,0.00034,0,0,0.989058823529,0,,
rtl_native_seeded_thought_qd,VerilogEval-Spec-to-RTL,Prob150_review2015_fsmonehot,combinational,2,029bf436-18c6-49b6-9015-9e115181df4f,single_thought_operator,generation_log,0.32968627451,0.494529411765,13,3.72e-06,0,13,0.00034,0,0,0.989058823529,0,,
rtl_native_seeded_thought_qd,VerilogEval-Spec-to-RTL,Prob150_review2015_fsmonehot,combinational,2,eda17741-5d15-440a-9535-8c9fd4bbcab3,single_thought_operator,generation_log,0.32968627451,0.494529411765,13,3.72e-06,0,13,0.00034,0,0,0.989058823529,0,/workspace/exp/useful_bd_push/t67_rtl_native_seeded_thought_20260623_170935_UTC/hard_tuning/rtl_native_seeded_thought_qd/seed_1001/openai_gpt-oss-120b/VerilogEval-Spec-to-RTL/Prob150_review2015_fsmonehot/Gen2/g002_thought_0010/code_sample_0,
rtl_native_seeded_thought_qd,VerilogEval-Spec-to-RTL,Prob150_review2015_fsmonehot,combinational,2,765cbb9f-b7e9-49bd-b9f1-548e0627caa7,single_thought_operator,generation_log,0.32968627451,0.494529411765,13,3.72e-06,0,13,0.00034,0,0,0.989058823529,0,,
rtl_native_seeded_thought_qd,VerilogEval-Spec-to-RTL,Prob150_review2015_fsmonehot,combinational,2,04feb606-aeaa-4425-989e-6cc9e2de8b13,single_thought_operator,generation_log,0.32968627451,0.494529411765,13,3.72e-06,0,13,0.00034,0,0,0.989058823529,0,/workspace/exp/useful_bd_push/t67_rtl_native_seeded_thought_20260623_170935_UTC/hard_tuning/rtl_native_seeded_thought_qd/seed_1001/openai_gpt-oss-120b/VerilogEval-Spec-to-RTL/Prob150_review2015_fsmonehot/Gen2/g002_thought_0011/code_sample_1,
rtl_native_seeded_thought_qd,VerilogEval-Spec-to-RTL,Prob150_review2015_fsmonehot,combinational,2,f6481eb0-c877-4a98-bbcf-d60653b6b8b7,single_thought_operator,generation_log,0.32968627451,0.494529411765,13,3.72e-06,0,13,0.00034,0,0,0.989058823529,0,,
rtl_native_seeded_thought_qd,VerilogEval-Spec-to-RTL,Prob150_review2015_fsmonehot,combinational,2,f848af01-d685-4c96-bcb4-0e2fe71c081e,single_thought_operator,generation_log,0.32968627451,0.494529411765,13,3.72e-06,0,13,0.00034,0,0,0.989058823529,0,/workspace/exp/useful_bd_push/t67_rtl_native_seeded_thought_20260623_170935_UTC/hard_tuning/rtl_native_seeded_thought_qd/seed_1001/openai_gpt-oss-120b/VerilogEval-Spec-to-RTL/Prob150_review2015_fsmonehot/Gen2/g002_thought_0012/code_sample_0,
rtl_native_seeded_thought_qd,VerilogEval-Spec-to-RTL,Prob150_review2015_fsmonehot,combinational,2,bc175c85-e770-4c4b-a092-d1d7c71e1374,single_thought_operator,generation_log,0.32968627451,0.494529411765,13,3.72e-06,0,13,0.00034,0,0,0.989058823529,0,,
rtl_native_seeded_thought_qd,VerilogEval-Spec-to-RTL,Prob150_review2015_fsmonehot,combinational,3,8afa6d11-76ed-487b-af3f-abd192924b9a,single_thought_operator,generation_log,0.32968627451,0.494529411765,13,3.72e-06,0,13,0.00034,0,0,0.989058823529,0,/workspace/exp/useful_bd_push/t67_rtl_native_seeded_thought_20260623_170935_UTC/hard_tuning/rtl_native_seeded_thought_qd/seed_1001/openai_gpt-oss-120b/VerilogEval-Spec-to-RTL/Prob150_review2015_fsmonehot/Gen3/g003_thought_0014/code_sample_0,
rtl_native_seeded_thought_qd,VerilogEval-Spec-to-RTL,Prob150_review2015_fsmonehot,combinational,3,9694eb34-9537-4a0d-9890-3f173b7acaae,single_thought_operator,generation_log,0.32968627451,0.494529411765,13,3.72e-06,0,13,0.00034,0,0,0.989058823529,0,,
rtl_native_seeded_thought_qd,VerilogEval-Spec-to-RTL,Prob150_review2015_fsmonehot,combinational,3,4ba74abe-ac98-4359-9635-6527a096b9ac,single_thought_operator,generation_log,0.32968627451,0.494529411765,13,3.72e-06,0,13,0.00034,0,0,0.989058823529,0,,
rtl_native_seeded_thought_qd,VerilogEval-Spec-to-RTL,Prob150_review2015_fsmonehot,combinational,3,d5606cc5-9eef-47c6-8c0e-f5433aa3a2f8,single_thought_operator,generation_log,0.32968627451,0.494529411765,13,3.72e-06,0,13,0.00034,0,0,0.989058823529,0,/workspace/exp/useful_bd_push/t67_rtl_native_seeded_thought_20260623_170935_UTC/hard_tuning/rtl_native_seeded_thought_qd/seed_1001/openai_gpt-oss-120b/VerilogEval-Spec-to-RTL/Prob150_review2015_fsmonehot/Gen3/g003_thought_0015/code_sample_0,
rtl_native_seeded_thought_qd,VerilogEval-Spec-to-RTL,Prob150_review2015_fsmonehot,combinational,3,43b8a630-62c8-43aa-abba-88635ee14e29,single_thought_operator,generation_log,0.32968627451,0.494529411765,13,3.72e-06,0,13,0.00034,0,0,0.989058823529,0,,
rtl_native_seeded_thought_qd,VerilogEval-Spec-to-RTL,Prob150_review2015_fsmonehot,combinational,3,eb925eef-1d9a-4f2f-9590-e3959d60b959,single_thought_operator,generation_log,0.32968627451,0.494529411765,13,3.72e-06,0,13,0.00034,0,0,0.989058823529,0,,
rtl_native_seeded_thought_qd,VerilogEval-Spec-to-RTL,Prob150_review2015_fsmonehot,combinational,3,982673f8-e7fc-41a1-bbca-a88be08ecf97,single_thought_operator,generation_log,0.32968627451,0.494529411765,13,3.72e-06,0,13,0.00034,0,0,0.989058823529,0,/workspace/exp/useful_bd_push/t67_rtl_native_seeded_thought_20260623_170935_UTC/hard_tuning/rtl_native_seeded_thought_qd/seed_1001/openai_gpt-oss-120b/VerilogEval-Spec-to-RTL/Prob150_review2015_fsmonehot/Gen3/g003_thought_0016/code_sample_0,
rtl_native_seeded_thought_qd,VerilogEval-Spec-to-RTL,Prob150_review2015_fsmonehot,combinational,3,cf1e05b2-3029-432e-8760-722dfcdc4a5b,single_thought_operator,generation_log,0.32968627451,0.494529411765,13,3.72e-06,0,13,0.00034,0,0,0.989058823529,0,,
rtl_native_seeded_thought_qd,VerilogEval-Spec-to-RTL,Prob150_review2015_fsmonehot,combinational,3,107852b6-3709-466c-a684-cdaebc195bfe,single_thought_operator,generation_log,0.32968627451,0.494529411765,13,3.72e-06,0,13,0.00034,0,0,0.989058823529,0,,
rtl_native_seeded_thought_qd,VerilogEval-Spec-to-RTL,Prob151_review2015_fsm,sequential,0,313e8abd-3530-4b26-930f-3a097a2f54c3,initial,generation_log,-0.350276494572,-0.350276494572,93,0.0067,0.32,66,0.00447,0.28,-0.409090909091,-0.498881431767,-0.142857142857,,
rtl_native_seeded_thought_qd,VerilogEval-Spec-to-RTL,Prob151_review2015_fsm,sequential,0,b58dc4da-c4f4-4edf-9652-e0521d564a5d,initial,generation_log,-0.125913981619,-0.125913981619,72,0.00671,0.22,66,0.00447,0.28,-0.0909090909091,-0.501118568233,0.214285714286,/workspace/exp/useful_bd_push/t67_rtl_native_seeded_thought_20260623_170935_UTC/hard_tuning/rtl_native_seeded_thought_qd/seed_1001/openai_gpt-oss-120b/VerilogEval-Spec-to-RTL/Prob151_review2015_fsm/Gen0/g000_thought_0002/code_sample_2,
rtl_native_seeded_thought_qd,VerilogEval-Spec-to-RTL,Prob151_review2015_fsm,sequential,0,0345a965-96c4-4176-a94e-a264892e461b,initial,generation_log,-0.350276494572,-0.350276494572,93,0.0067,0.32,66,0.00447,0.28,-0.409090909091,-0.498881431767,-0.142857142857,/workspace/exp/useful_bd_push/t67_rtl_native_seeded_thought_20260623_170935_UTC/hard_tuning/rtl_native_seeded_thought_qd/seed_1001/openai_gpt-oss-120b/VerilogEval-Spec-to-RTL/Prob151_review2015_fsm/Gen0/g000_thought_0003/code_sample_2,
rtl_native_seeded_thought_qd,VerilogEval-Spec-to-RTL,Prob151_review2015_fsm,sequential,1,f1483418-6973-4a04-b9a0-fade9bd256a4,single_thought_operator,generation_log,-0.350276494572,-0.350276494572,93,0.0067,0.32,66,0.00447,0.28,-0.409090909091,-0.498881431767,-0.142857142857,/workspace/exp/useful_bd_push/t67_rtl_native_seeded_thought_20260623_170935_UTC/hard_tuning/rtl_native_seeded_thought_qd/seed_1001/openai_gpt-oss-120b/VerilogEval-Spec-to-RTL/Prob151_review2015_fsm/Gen1/g001_thought_0007/code_sample_0,
rtl_native_seeded_thought_qd,VerilogEval-Spec-to-RTL,Prob151_review2015_fsm,sequential,1,d9388be3-23b2-4c7f-b2fa-6ceb4ecaef70,single_thought_operator,generation_log,-0.350276494572,-0.350276494572,93,0.0067,0.32,66,0.00447,0.28,-0.409090909091,-0.498881431767,-0.142857142857,,
rtl_native_seeded_thought_qd,VerilogEval-Spec-to-RTL,Prob151_review2015_fsm,sequential,1,29624b20-83cc-46c1-9888-cce8e547e7d4,single_thought_operator,generation_log,-0.350276494572,-0.350276494572,93,0.0067,0.32,66,0.00447,0.28,-0.409090909091,-0.498881431767,-0.142857142857,,
rtl_native_seeded_thought_qd,VerilogEval-Spec-to-RTL,Prob151_review2015_fsm,sequential,1,05283bb7-29c6-4642-bf5f-ad246111c4b4,single_thought_operator,generation_log,-0.350276494572,-0.350276494572,93,0.0067,0.32,66,0.00447,0.28,-0.409090909091,-0.498881431767,-0.142857142857,/workspace/exp/useful_bd_push/t67_rtl_native_seeded_thought_20260623_170935_UTC/hard_tuning/rtl_native_seeded_thought_qd/seed_1001/openai_gpt-oss-120b/VerilogEval-Spec-to-RTL/Prob151_review2015_fsm/Gen1/g001_thought_0008/code_sample_0,
rtl_native_seeded_thought_qd,VerilogEval-Spec-to-RTL,Prob151_review2015_fsm,sequential,1,cce37798-c88d-4912-bc81-2c2c4b9cbaf5,single_thought_operator,generation_log,-0.350276494572,-0.350276494572,93,0.0067,0.32,66,0.00447,0.28,-0.409090909091,-0.498881431767,-0.142857142857,,
rtl_native_seeded_thought_qd,VerilogEval-Spec-to-RTL,Prob151_review2015_fsm,sequential,2,4da88e17-8cd5-4e23-b982-74f7831c7f00,single_thought_operator,generation_log,-0.371969939084,-0.371969939084,97,0.00672,0.32,66,0.00447,0.28,-0.469696969697,-0.503355704698,-0.142857142857,/workspace/exp/useful_bd_push/t67_rtl_native_seeded_thought_20260623_170935_UTC/hard_tuning/rtl_native_seeded_thought_qd/seed_1001/openai_gpt-oss-120b/VerilogEval-Spec-to-RTL/Prob151_review2015_fsm/Gen2/g002_thought_0010/code_sample_2,
rtl_native_seeded_thought_qd,VerilogEval-Spec-to-RTL,Prob151_review2015_fsm,sequential,2,f47db550-c898-4ea3-bd2b-55d334bad8f9,single_thought_operator,generation_log,-0.125913981619,-0.125913981619,72,0.00671,0.22,66,0.00447,0.28,-0.0909090909091,-0.501118568233,0.214285714286,/workspace/exp/useful_bd_push/t67_rtl_native_seeded_thought_20260623_170935_UTC/hard_tuning/rtl_native_seeded_thought_qd/seed_1001/openai_gpt-oss-120b/VerilogEval-Spec-to-RTL/Prob151_review2015_fsm/Gen2/g002_thought_0011/code_sample_0,
rtl_native_seeded_thought_qd,VerilogEval-Spec-to-RTL,Prob151_review2015_fsm,sequential,2,14cd3154-e64d-485e-8fed-9e5ddeea9777,single_thought_operator,generation_log,-0.125913981619,-0.125913981619,72,0.00671,0.22,66,0.00447,0.28,-0.0909090909091,-0.501118568233,0.214285714286,/workspace/exp/useful_bd_push/t67_rtl_native_seeded_thought_20260623_170935_UTC/hard_tuning/rtl_native_seeded_thought_qd/seed_1001/openai_gpt-oss-120b/VerilogEval-Spec-to-RTL/Prob151_review2015_fsm/Gen2/g002_thought_0012/code_sample_1,
rtl_native_seeded_thought_qd,VerilogEval-Spec-to-RTL,Prob151_review2015_fsm,sequential,3,cec1ccfc-93fa-4ad8-9810-3f808289097d,single_thought_operator,generation_log,-0.125913981619,-0.125913981619,72,0.00671,0.22,66,0.00447,0.28,-0.0909090909091,-0.501118568233,0.214285714286,/workspace/exp/useful_bd_push/t67_rtl_native_seeded_thought_20260623_170935_UTC/hard_tuning/rtl_native_seeded_thought_qd/seed_1001/openai_gpt-oss-120b/VerilogEval-Spec-to-RTL/Prob151_review2015_fsm/Gen3/g003_thought_0013/code_sample_0,
rtl_native_seeded_thought_qd,VerilogEval-Spec-to-RTL,Prob151_review2015_fsm,sequential,3,63a6e048-4f83-475f-b7fb-b93a351229f6,single_thought_operator,generation_log,-0.125913981619,-0.125913981619,72,0.00671,0.22,66,0.00447,0.28,-0.0909090909091,-0.501118568233,0.214285714286,/workspace/exp/useful_bd_push/t67_rtl_native_seeded_thought_20260623_170935_UTC/hard_tuning/rtl_native_seeded_thought_qd/seed_1001/openai_gpt-oss-120b/VerilogEval-Spec-to-RTL/Prob151_review2015_fsm/Gen3/g003_thought_0014/code_sample_1,
rtl_native_seeded_thought_qd,VerilogEval-Spec-to-RTL,Prob151_review2015_fsm,sequential,3,1c306de5-1a1e-4d49-8617-74674e56f33e,single_thought_operator,generation_log,-0.125913981619,-0.125913981619,72,0.00671,0.22,66,0.00447,0.28,-0.0909090909091,-0.501118568233,0.214285714286,/workspace/exp/useful_bd_push/t67_rtl_native_seeded_thought_20260623_170935_UTC/hard_tuning/rtl_native_seeded_thought_qd/seed_1001/openai_gpt-oss-120b/VerilogEval-Spec-to-RTL/Prob151_review2015_fsm/Gen3/g003_thought_0015/code_sample_1,
source_aligned_rtl_cell_qd,RTLLM,Prob015_multi_pipe_8bit,sequential,0,e348fee4-ffed-47ba-937b-97ee1132dbef,initial,generation_log,-0.229716498474,-0.229716498474,1068,0.171,0.57,980,0.0898,0.82,-0.0897959183673,-0.904231625835,0.30487804878,/workspace/exp/useful_bd_push/t72_source_aligned_rtl_cell_20260623_202136_UTC/hard_tuning/source_aligned_rtl_cell_qd/seed_1001/openai_gpt-oss-120b/RTLLM/Prob015_multi_pipe_8bit/Gen0/Prob015_multi_pipe_8bit_sample1_initial,
source_aligned_rtl_cell_qd,RTLLM,Prob015_multi_pipe_8bit,sequential,2,6917b88b-90b9-40da-a2ea-71fd12cbff2d,single_thought_operator,generation_log,-0.0201997285415,-0.0201997285415,701,0.1,1.01,980,0.0898,0.82,0.284693877551,-0.113585746102,-0.231707317073,/workspace/exp/useful_bd_push/t72_source_aligned_rtl_cell_20260623_202136_UTC/hard_tuning/source_aligned_rtl_cell_qd/seed_1001/openai_gpt-oss-120b/RTLLM/Prob015_multi_pipe_8bit/Gen2/Prob015_multi_pipe_8bit_sample5_single_thought_operator,
source_aligned_rtl_cell_qd,RTLLM,Prob015_multi_pipe_8bit,sequential,2,48e40f96-32ec-471f-9f02-84eedb16e921,single_thought_operator,generation_log,-0.0377354429196,-0.0377354429196,685,0.104,1.03,980,0.0898,0.82,0.301020408163,-0.158129175947,-0.256097560976,/workspace/exp/useful_bd_push/t72_source_aligned_rtl_cell_20260623_202136_UTC/hard_tuning/source_aligned_rtl_cell_qd/seed_1001/openai_gpt-oss-120b/RTLLM/Prob015_multi_pipe_8bit/Gen2/Prob015_multi_pipe_8bit_sample8_single_thought_operator,
source_aligned_rtl_cell_qd,RTLLM,Prob015_multi_pipe_8bit,sequential,2,3b31a81d-ab71-4f1e-9c16-7585177e0e7e,single_thought_operator,generation_log,-0.0275479532896,-0.0275479532896,667,0.104,1.02,980,0.0898,0.82,0.319387755102,-0.158129175947,-0.243902439024,/workspace/exp/useful_bd_push/t72_source_aligned_rtl_cell_20260623_202136_UTC/hard_tuning/source_aligned_rtl_cell_qd/seed_1001/openai_gpt-oss-120b/RTLLM/Prob015_multi_pipe_8bit/Gen2/Prob015_multi_pipe_8bit_sample9_single_thought_operator,
source_aligned_rtl_cell_qd,VerilogEval-Spec-to-RTL,Prob135_m2014_q6b,combinational,0,855c23d9-0416-443a-b785-6512eac38f25,initial,generation_log,0.196143497758,0.294215246637,7,2.58e-06,0,5,0.000223,0,-0.4,0.988430493274,0,/workspace/exp/useful_bd_push/t72_source_aligned_rtl_cell_20260623_202136_UTC/hard_tuning/source_aligned_rtl_cell_qd/seed_1001/openai_gpt-oss-120b/VerilogEval-Spec-to-RTL/Prob135_m2014_q6b/Gen0/Prob135_m2014_q6b_sample1_initial,
source_aligned_rtl_cell_qd,VerilogEval-Spec-to-RTL,Prob135_m2014_q6b,combinational,0,acff3f3a-512f-4650-9353-d3926f67074d,initial,generation_log,0.196143497758,0.294215246637,7,2.58e-06,0,5,0.000223,0,-0.4,0.988430493274,0,/workspace/exp/useful_bd_push/t72_source_aligned_rtl_cell_20260623_202136_UTC/hard_tuning/source_aligned_rtl_cell_qd/seed_1001/openai_gpt-oss-120b/VerilogEval-Spec-to-RTL/Prob135_m2014_q6b/Gen0/Prob135_m2014_q6b_sample5_initial,
source_aligned_rtl_cell_qd,VerilogEval-Spec-to-RTL,Prob135_m2014_q6b,combinational,0,08b30b0a-846f-4f01-a91a-25e282060ed2,initial,generation_log,0.196143497758,0.294215246637,7,2.58e-06,0,5,0.000223,0,-0.4,0.988430493274,0,/workspace/exp/useful_bd_push/t72_source_aligned_rtl_cell_20260623_202136_UTC/hard_tuning/source_aligned_rtl_cell_qd/seed_1001/openai_gpt-oss-120b/VerilogEval-Spec-to-RTL/Prob135_m2014_q6b/Gen0/Prob135_m2014_q6b_sample7_initial,
source_aligned_rtl_cell_qd,VerilogEval-Spec-to-RTL,Prob135_m2014_q6b,combinational,0,04caf671-95df-4e97-8c38-b9f5360b7b9a,initial,generation_log,0.196143497758,0.294215246637,7,2.58e-06,0,5,0.000223,0,-0.4,0.988430493274,0,/workspace/exp/useful_bd_push/t72_source_aligned_rtl_cell_20260623_202136_UTC/hard_tuning/source_aligned_rtl_cell_qd/seed_1001/openai_gpt-oss-120b/VerilogEval-Spec-to-RTL/Prob135_m2014_q6b/Gen0/Prob135_m2014_q6b_sample8_initial,
source_aligned_rtl_cell_qd,VerilogEval-Spec-to-RTL,Prob135_m2014_q6b,combinational,0,b6e388f9-b34d-4ca1-883d-362c027cb0ee,initial,generation_log,0.26312406577,0.394686098655,6,2.37e-06,0,5,0.000223,0,-0.2,0.989372197309,0,/workspace/exp/useful_bd_push/t72_source_aligned_rtl_cell_20260623_202136_UTC/hard_tuning/source_aligned_rtl_cell_qd/seed_1001/openai_gpt-oss-120b/VerilogEval-Spec-to-RTL/Prob135_m2014_q6b/Gen0/Prob135_m2014_q6b_sample9_initial,
source_aligned_rtl_cell_qd,VerilogEval-Spec-to-RTL,Prob135_m2014_q6b,combinational,0,8fef14b4-ce74-4cba-ba05-41a6f14c0e3e,initial,generation_log,0.263617339312,0.395426008969,6,2.04e-06,0,5,0.000223,0,-0.2,0.990852017937,0,/workspace/exp/useful_bd_push/t72_source_aligned_rtl_cell_20260623_202136_UTC/hard_tuning/source_aligned_rtl_cell_qd/seed_1001/openai_gpt-oss-120b/VerilogEval-Spec-to-RTL/Prob135_m2014_q6b/Gen0/Prob135_m2014_q6b_sample11_initial,
source_aligned_rtl_cell_qd,VerilogEval-Spec-to-RTL,Prob135_m2014_q6b,combinational,0,2461f88c-ca67-40d2-a7c1-20bd621b6f53,initial,generation_log,0.263617339312,0.395426008969,6,2.04e-06,0,5,0.000223,0,-0.2,0.990852017937,0,/workspace/exp/useful_bd_push/t72_source_aligned_rtl_cell_20260623_202136_UTC/hard_tuning/source_aligned_rtl_cell_qd/seed_1001/openai_gpt-oss-120b/VerilogEval-Spec-to-RTL/Prob135_m2014_q6b/Gen0/Prob135_m2014_q6b_sample12_initial,
source_aligned_rtl_cell_qd,VerilogEval-Spec-to-RTL,Prob135_m2014_q6b,combinational,1,26c7e818-b181-47c1-84ac-dbc6b4874b00,initial,generation_log,0.26312406577,0.394686098655,6,2.37e-06,0,5,0.000223,0,-0.2,0.989372197309,0,/workspace/exp/useful_bd_push/t72_source_aligned_rtl_cell_20260623_202136_UTC/hard_tuning/source_aligned_rtl_cell_qd/seed_1001/openai_gpt-oss-120b/VerilogEval-Spec-to-RTL/Prob135_m2014_q6b/Gen1/Prob135_m2014_q6b_sample1_initial,
source_aligned_rtl_cell_qd,VerilogEval-Spec-to-RTL,Prob135_m2014_q6b,combinational,1,4a5826e1-8344-433b-b101-0fe349003888,single_thought_operator,generation_log,0.196143497758,0.294215246637,7,2.58e-06,0,5,0.000223,0,-0.4,0.988430493274,0,/workspace/exp/useful_bd_push/t72_source_aligned_rtl_cell_20260623_202136_UTC/hard_tuning/source_aligned_rtl_cell_qd/seed_1001/openai_gpt-oss-120b/VerilogEval-Spec-to-RTL/Prob135_m2014_q6b/Gen1/Prob135_m2014_q6b_sample3_single_thought_operator,
source_aligned_rtl_cell_qd,VerilogEval-Spec-to-RTL,Prob135_m2014_q6b,combinational,1,c0bde1ca-4121-4761-8ad6-e5cc92a89fa1,single_thought_operator,generation_log,0.196143497758,0.294215246637,7,2.58e-06,0,5,0.000223,0,-0.4,0.988430493274,0,/workspace/exp/useful_bd_push/t72_source_aligned_rtl_cell_20260623_202136_UTC/hard_tuning/source_aligned_rtl_cell_qd/seed_1001/openai_gpt-oss-120b/VerilogEval-Spec-to-RTL/Prob135_m2014_q6b/Gen1/Prob135_m2014_q6b_sample5_single_thought_operator,
source_aligned_rtl_cell_qd,VerilogEval-Spec-to-RTL,Prob135_m2014_q6b,combinational,1,1623891d-fb3a-4726-ad1b-8ac9fc10cf0e,single_thought_operator,generation_log,0.196143497758,0.294215246637,7,2.58e-06,0,5,0.000223,0,-0.4,0.988430493274,0,/workspace/exp/useful_bd_push/t72_source_aligned_rtl_cell_20260623_202136_UTC/hard_tuning/source_aligned_rtl_cell_qd/seed_1001/openai_gpt-oss-120b/VerilogEval-Spec-to-RTL/Prob135_m2014_q6b/Gen1/Prob135_m2014_q6b_sample10_single_thought_operator,
source_aligned_rtl_cell_qd,VerilogEval-Spec-to-RTL,Prob135_m2014_q6b,combinational,1,e3d72375-07f6-4473-934e-b8d0dc70075f,single_thought_operator,generation_log,0.196143497758,0.294215246637,7,2.58e-06,0,5,0.000223,0,-0.4,0.988430493274,0,/workspace/exp/useful_bd_push/t72_source_aligned_rtl_cell_20260623_202136_UTC/hard_tuning/source_aligned_rtl_cell_qd/seed_1001/openai_gpt-oss-120b/VerilogEval-Spec-to-RTL/Prob135_m2014_q6b/Gen1/Prob135_m2014_q6b_sample11_single_thought_operator,
source_aligned_rtl_cell_qd,VerilogEval-Spec-to-RTL,Prob135_m2014_q6b,combinational,2,77dc521c-ca78-4418-a6d5-608865a903fa,initial,generation_log,0.196143497758,0.294215246637,7,2.58e-06,0,5,0.000223,0,-0.4,0.988430493274,0,/workspace/exp/useful_bd_push/t72_source_aligned_rtl_cell_20260623_202136_UTC/hard_tuning/source_aligned_rtl_cell_qd/seed_1001/openai_gpt-oss-120b/VerilogEval-Spec-to-RTL/Prob135_m2014_q6b/Gen2/Prob135_m2014_q6b_sample1_initial,
source_aligned_rtl_cell_qd,VerilogEval-Spec-to-RTL,Prob135_m2014_q6b,combinational,2,482b5137-4a07-46d2-aff7-903b78c96534,single_thought_operator,generation_log,0.196143497758,0.294215246637,7,2.58e-06,0,5,0.000223,0,-0.4,0.988430493274,0,/workspace/exp/useful_bd_push/t72_source_aligned_rtl_cell_20260623_202136_UTC/hard_tuning/source_aligned_rtl_cell_qd/seed_1001/openai_gpt-oss-120b/VerilogEval-Spec-to-RTL/Prob135_m2014_q6b/Gen2/Prob135_m2014_q6b_sample6_single_thought_operator,
source_aligned_rtl_cell_qd,VerilogEval-Spec-to-RTL,Prob135_m2014_q6b,combinational,2,78cb43dd-d47c-4fc6-896d-3cc4bd2eee1a,single_thought_operator,generation_log,0.196143497758,0.294215246637,7,2.58e-06,0,5,0.000223,0,-0.4,0.988430493274,0,/workspace/exp/useful_bd_push/t72_source_aligned_rtl_cell_20260623_202136_UTC/hard_tuning/source_aligned_rtl_cell_qd/seed_1001/openai_gpt-oss-120b/VerilogEval-Spec-to-RTL/Prob135_m2014_q6b/Gen2/Prob135_m2014_q6b_sample10_single_thought_operator,
source_aligned_rtl_cell_qd,VerilogEval-Spec-to-RTL,Prob135_m2014_q6b,combinational,3,928e80ac-b012-4811-b052-a50f6f15216c,single_thought_operator,generation_log,0.196143497758,0.294215246637,7,2.58e-06,0,5,0.000223,0,-0.4,0.988430493274,0,/workspace/exp/useful_bd_push/t72_source_aligned_rtl_cell_20260623_202136_UTC/hard_tuning/source_aligned_rtl_cell_qd/seed_1001/openai_gpt-oss-120b/VerilogEval-Spec-to-RTL/Prob135_m2014_q6b/Gen3/Prob135_m2014_q6b_sample3_single_thought_operator,
source_aligned_rtl_cell_qd,VerilogEval-Spec-to-RTL,Prob135_m2014_q6b,combinational,3,c10d2a2e-c4ba-4bce-a7d7-603277cc9e36,single_thought_operator,generation_log,0.196143497758,0.294215246637,7,2.58e-06,0,5,0.000223,0,-0.4,0.988430493274,0,/workspace/exp/useful_bd_push/t72_source_aligned_rtl_cell_20260623_202136_UTC/hard_tuning/source_aligned_rtl_cell_qd/seed_1001/openai_gpt-oss-120b/VerilogEval-Spec-to-RTL/Prob135_m2014_q6b/Gen3/Prob135_m2014_q6b_sample4_single_thought_operator,
source_aligned_rtl_cell_qd,VerilogEval-Spec-to-RTL,Prob135_m2014_q6b,combinational,3,01cfc9fb-bf49-42a5-b381-c376aec30a74,single_thought_operator,generation_log,0.196143497758,0.294215246637,7,2.58e-06,0,5,0.000223,0,-0.4,0.988430493274,0,/workspace/exp/useful_bd_push/t72_source_aligned_rtl_cell_20260623_202136_UTC/hard_tuning/source_aligned_rtl_cell_qd/seed_1001/openai_gpt-oss-120b/VerilogEval-Spec-to-RTL/Prob135_m2014_q6b/Gen3/Prob135_m2014_q6b_sample7_single_thought_operator,
source_aligned_rtl_cell_qd,VerilogEval-Spec-to-RTL,Prob135_m2014_q6b,combinational,3,bf3ac06e-aeb4-471b-84dd-6fbb39e09604,single_thought_operator,generation_log,0.196143497758,0.294215246637,7,2.58e-06,0,5,0.000223,0,-0.4,0.988430493274,0,/workspace/exp/useful_bd_push/t72_source_aligned_rtl_cell_20260623_202136_UTC/hard_tuning/source_aligned_rtl_cell_qd/seed_1001/openai_gpt-oss-120b/VerilogEval-Spec-to-RTL/Prob135_m2014_q6b/Gen3/Prob135_m2014_q6b_sample9_single_thought_operator,
source_aligned_rtl_cell_qd,VerilogEval-Spec-to-RTL,Prob135_m2014_q6b,combinational,3,1c9444da-2bc2-49b5-a3f0-a0332349d484,single_thought_operator,generation_log,0.196143497758,0.294215246637,7,2.58e-06,0,5,0.000223,0,-0.4,0.988430493274,0,/workspace/exp/useful_bd_push/t72_source_aligned_rtl_cell_20260623_202136_UTC/hard_tuning/source_aligned_rtl_cell_qd/seed_1001/openai_gpt-oss-120b/VerilogEval-Spec-to-RTL/Prob135_m2014_q6b/Gen3/Prob135_m2014_q6b_sample10_single_thought_operator,
source_aligned_rtl_cell_qd,VerilogEval-Spec-to-RTL,Prob135_m2014_q6b,combinational,3,c4dc3ef0-1800-49a8-918e-0cc7add8e2d1,single_thought_operator,generation_log,0.196143497758,0.294215246637,7,2.58e-06,0,5,0.000223,0,-0.4,0.988430493274,0,/workspace/exp/useful_bd_push/t72_source_aligned_rtl_cell_20260623_202136_UTC/hard_tuning/source_aligned_rtl_cell_qd/seed_1001/openai_gpt-oss-120b/VerilogEval-Spec-to-RTL/Prob135_m2014_q6b/Gen3/Prob135_m2014_q6b_sample11_single_thought_operator,
source_aligned_rtl_cell_qd,VerilogEval-Spec-to-RTL,Prob151_review2015_fsm,sequential,3,251f4aeb-ab9b-4726-b5f4-998ff2b5b30c,single_thought_operator,generation_log,-0.304313509011,-0.304313509011,87,0.00649,0.32,66,0.00447,0.28,-0.318181818182,-0.451901565996,-0.142857142857,/workspace/exp/useful_bd_push/t72_source_aligned_rtl_cell_20260623_202136_UTC/hard_tuning/source_aligned_rtl_cell_qd/seed_1001/openai_gpt-oss-120b/VerilogEval-Spec-to-RTL/Prob151_review2015_fsm/Gen3/Prob151_review2015_fsm_sample11_single_thought_operator,
source_aligned_rtl_cell_qd,VerilogEval-Spec-to-RTL,Prob153_gshare,sequential,0,ce1d02f0-2762-4d62-a684-a51318f1a1ea,initial,generation_log,-0.0454299600961,-0.0454299600961,3074,0.472,0.78,3025,0.437,0.75,-0.0161983471074,-0.0800915331808,-0.04,/workspace/exp/useful_bd_push/t72_source_aligned_rtl_cell_20260623_202136_UTC/hard_tuning/source_aligned_rtl_cell_qd/seed_1001/openai_gpt-oss-120b/VerilogEval-Spec-to-RTL/Prob153_gshare/Gen0/Prob153_gshare_sample8_initial,
source_aligned_rtl_cell_qd,VerilogEval-Spec-to-RTL,Prob153_gshare,sequential,1,2d63e5d6-6e4f-49ef-a054-924d1910e8bc,initial,generation_log,-0.0177361717865,-0.0177361717865,3080,0.429,0.79,3025,0.437,0.75,-0.0181818181818,0.0183066361556,-0.0533333333333,/workspace/exp/useful_bd_push/t72_source_aligned_rtl_cell_20260623_202136_UTC/hard_tuning/source_aligned_rtl_cell_qd/seed_1001/openai_gpt-oss-120b/VerilogEval-Spec-to-RTL/Prob153_gshare/Gen1/Prob153_gshare_sample1_initial,
source_aligned_rtl_cell_qd,VerilogEval-Spec-to-RTL,Prob153_gshare,sequential,1,a1a5a3a4-f0c7-4b15-aa2c-24352a4cb647,single_thought_operator,generation_log,-0.183771814252,-0.183771814252,3894,0.599,0.67,3025,0.437,0.75,-0.287272727273,-0.370709382151,0.106666666667,/workspace/exp/useful_bd_push/t72_source_aligned_rtl_cell_20260623_202136_UTC/hard_tuning/source_aligned_rtl_cell_qd/seed_1001/openai_gpt-oss-120b/VerilogEval-Spec-to-RTL/Prob153_gshare/Gen1/Prob153_gshare_sample1_single_thought_operator,
source_aligned_rtl_cell_qd,VerilogEval-Spec-to-RTL,Prob153_gshare,sequential,1,2107cbd8-15e9-4615-85ca-b36514d24135,single_thought_operator,generation_log,0.0282924943212,0.0282924943212,3127,0.391,0.74,3025,0.437,0.75,-0.0337190082645,0.105263157895,0.0133333333333,/workspace/exp/useful_bd_push/t72_source_aligned_rtl_cell_20260623_202136_UTC/hard_tuning/source_aligned_rtl_cell_qd/seed_1001/openai_gpt-oss-120b/VerilogEval-Spec-to-RTL/Prob153_gshare/Gen1/Prob153_gshare_sample4_single_thought_operator,
source_aligned_rtl_cell_qd,VerilogEval-Spec-to-RTL,Prob153_gshare,sequential,2,fc231320-9d24-4d45-9f7e-344e9124025d,initial,generation_log,-0.0177361717865,-0.0177361717865,3080,0.429,0.79,3025,0.437,0.75,-0.0181818181818,0.0183066361556,-0.0533333333333,/workspace/exp/useful_bd_push/t72_source_aligned_rtl_cell_20260623_202136_UTC/hard_tuning/source_aligned_rtl_cell_qd/seed_1001/openai_gpt-oss-120b/VerilogEval-Spec-to-RTL/Prob153_gshare/Gen2/Prob153_gshare_sample1_initial,
source_aligned_rtl_cell_qd,VerilogEval-Spec-to-RTL,Prob153_gshare,sequential,2,00e44efe-ea2d-453c-96f5-a486e12577a8,single_thought_operator,generation_log,-0.0177361717865,-0.0177361717865,3080,0.429,0.79,3025,0.437,0.75,-0.0181818181818,0.0183066361556,-0.0533333333333,/workspace/exp/useful_bd_push/t72_source_aligned_rtl_cell_20260623_202136_UTC/hard_tuning/source_aligned_rtl_cell_qd/seed_1001/openai_gpt-oss-120b/VerilogEval-Spec-to-RTL/Prob153_gshare/Gen2/Prob153_gshare_sample2_single_thought_operator,
source_aligned_rtl_cell_qd,VerilogEval-Spec-to-RTL,Prob153_gshare,sequential,2,e83455e4-399b-460d-a956-5af89d0e16c1,single_thought_operator,generation_log,0.150869460152,0.150869460152,2730,0.276,0.76,3025,0.437,0.75,0.097520661157,0.368421052632,-0.0133333333333,/workspace/exp/useful_bd_push/t72_source_aligned_rtl_cell_20260623_202136_UTC/hard_tuning/source_aligned_rtl_cell_qd/seed_1001/openai_gpt-oss-120b/VerilogEval-Spec-to-RTL/Prob153_gshare/Gen2/Prob153_gshare_sample10_single_thought_operator,
source_aligned_rtl_cell_qd,VerilogEval-Spec-to-RTL,Prob153_gshare,sequential,3,b7b4086d-e174-493c-a171-08d99e72a03f,single_thought_operator,generation_log,0.000244929007151,0.000244929007151,2965,0.457,0.73,3025,0.437,0.75,0.0198347107438,-0.045766590389,0.0266666666667,/workspace/exp/useful_bd_push/t72_source_aligned_rtl_cell_20260623_202136_UTC/hard_tuning/source_aligned_rtl_cell_qd/seed_1001/openai_gpt-oss-120b/VerilogEval-Spec-to-RTL/Prob153_gshare/Gen3/Prob153_gshare_sample1_single_thought_operator,
source_aligned_rtl_cell_qd,VerilogEval-Spec-to-RTL,Prob153_gshare,sequential,3,828ba728-ae70-4d27-bda7-dbf271126c57,single_thought_operator,generation_log,-0.108483293513,-0.108483293513,3475,0.555,0.68,3025,0.437,0.75,-0.148760330579,-0.270022883295,0.0933333333333,/workspace/exp/useful_bd_push/t72_source_aligned_rtl_cell_20260623_202136_UTC/hard_tuning/source_aligned_rtl_cell_qd/seed_1001/openai_gpt-oss-120b/VerilogEval-Spec-to-RTL/Prob153_gshare/Gen3/Prob153_gshare_sample4_single_thought_operator,
source_aligned_rtl_cell_qd,VerilogEval-Spec-to-RTL,Prob153_gshare,sequential,3,c8d7a069-05bc-472f-97f5-e63b390fb13d,single_thought_operator,generation_log,-0.0403353695053,-0.0403353695053,3249,0.475,0.72,3025,0.437,0.75,-0.0740495867769,-0.0869565217391,0.04,/workspace/exp/useful_bd_push/t72_source_aligned_rtl_cell_20260623_202136_UTC/hard_tuning/source_aligned_rtl_cell_qd/seed_1001/openai_gpt-oss-120b/VerilogEval-Spec-to-RTL/Prob153_gshare/Gen3/Prob153_gshare_sample7_single_thought_operator,
source_aligned_rtl_cell_qd,VerilogEval-Spec-to-RTL,Prob153_gshare,sequential,3,cca20372-ca74-49c5-83c3-7fa6e0c8ad06,single_thought_operator,generation_log,0.135602919144,0.135602919144,2790,0.299,0.74,3025,0.437,0.75,0.0776859504132,0.315789473684,0.0133333333333,/workspace/exp/useful_bd_push/t72_source_aligned_rtl_cell_20260623_202136_UTC/hard_tuning/source_aligned_rtl_cell_qd/seed_1001/openai_gpt-oss-120b/VerilogEval-Spec-to-RTL/Prob153_gshare/Gen3/Prob153_gshare_sample9_single_thought_operator,
source_aligned_rtl_cell_qd,VerilogEval-Spec-to-RTL,Prob153_gshare,sequential,3,917b7b5b-5506-44b2-849b-9a9c4b165ba2,single_thought_operator,generation_log,-0.473810793603,-0.473810793603,4075,0.889,0.78,3025,0.437,0.75,-0.347107438017,-1.03432494279,-0.04,/workspace/exp/useful_bd_push/t72_source_aligned_rtl_cell_20260623_202136_UTC/hard_tuning/source_aligned_rtl_cell_qd/seed_1001/openai_gpt-oss-120b/VerilogEval-Spec-to-RTL/Prob153_gshare/Gen3/Prob153_gshare_sample11_single_thought_operator,
source_aligned_shape_density_qd,RTLLM,Prob004_adder_8bit,combinational,1,c3005fe1-eb36-496b-bc92-10fb66ef98b2,single_thought_operator,generation_log,0.381544128268,0.572316192402,39,2.27e-05,0,46,0.00301,0,0.152173913043,0.992458471761,0,/workspace/exp/useful_bd_push/t73_source_aligned_shape_density_20260623_232844_UTC/hard_tuning/source_aligned_shape_density_qd/seed_1001/openai_gpt-oss-120b/RTLLM/Prob004_adder_8bit/Gen1/Prob004_adder_8bit_sample1_single_thought_operator,
source_aligned_shape_density_qd,RTLLM,Prob004_adder_8bit,combinational,1,afa0bf2c-e699-4c3c-9d2b-ca9626be9490,single_thought_operator,generation_log,0.381544128268,0.572316192402,39,2.27e-05,0,46,0.00301,0,0.152173913043,0.992458471761,0,/workspace/exp/useful_bd_push/t73_source_aligned_shape_density_20260623_232844_UTC/hard_tuning/source_aligned_shape_density_qd/seed_1001/openai_gpt-oss-120b/RTLLM/Prob004_adder_8bit/Gen1/Prob004_adder_8bit_sample2_single_thought_operator,
source_aligned_shape_density_qd,RTLLM,Prob004_adder_8bit,combinational,1,6283bda7-9f72-470f-980b-48e32498403e,single_thought_operator,generation_log,0.381544128268,0.572316192402,39,2.27e-05,0,46,0.00301,0,0.152173913043,0.992458471761,0,/workspace/exp/useful_bd_push/t73_source_aligned_shape_density_20260623_232844_UTC/hard_tuning/source_aligned_shape_density_qd/seed_1001/openai_gpt-oss-120b/RTLLM/Prob004_adder_8bit/Gen1/Prob004_adder_8bit_sample3_single_thought_operator,
source_aligned_shape_density_qd,RTLLM,Prob004_adder_8bit,combinational,1,610e3fcd-1991-4ac4-8b18-1c5b89d6bc24,single_thought_operator,generation_log,0.381544128268,0.572316192402,39,2.27e-05,0,46,0.00301,0,0.152173913043,0.992458471761,0,/workspace/exp/useful_bd_push/t73_source_aligned_shape_density_20260623_232844_UTC/hard_tuning/source_aligned_shape_density_qd/seed_1001/openai_gpt-oss-120b/RTLLM/Prob004_adder_8bit/Gen1/Prob004_adder_8bit_sample4_single_thought_operator,
source_aligned_shape_density_qd,RTLLM,Prob004_adder_8bit,combinational,1,872d2a00-3d7d-419f-8fd0-2836b3c5ff35,single_thought_operator,generation_log,0.381544128268,0.572316192402,39,2.27e-05,0,46,0.00301,0,0.152173913043,0.992458471761,0,/workspace/exp/useful_bd_push/t73_source_aligned_shape_density_20260623_232844_UTC/hard_tuning/source_aligned_shape_density_qd/seed_1001/openai_gpt-oss-120b/RTLLM/Prob004_adder_8bit/Gen1/Prob004_adder_8bit_sample5_single_thought_operator,
source_aligned_shape_density_qd,RTLLM,Prob004_adder_8bit,combinational,1,075c5496-f918-438e-bd26-ce4e8ead391f,single_thought_operator,generation_log,0.381544128268,0.572316192402,39,2.27e-05,0,46,0.00301,0,0.152173913043,0.992458471761,0,/workspace/exp/useful_bd_push/t73_source_aligned_shape_density_20260623_232844_UTC/hard_tuning/source_aligned_shape_density_qd/seed_1001/openai_gpt-oss-120b/RTLLM/Prob004_adder_8bit/Gen1/Prob004_adder_8bit_sample6_single_thought_operator,
source_aligned_shape_density_qd,RTLLM,Prob004_adder_8bit,combinational,1,3c500018-59ca-4939-8d83-cf091fe277d8,single_thought_operator,generation_log,0.381544128268,0.572316192402,39,2.27e-05,0,46,0.00301,0,0.152173913043,0.992458471761,0,/workspace/exp/useful_bd_push/t73_source_aligned_shape_density_20260623_232844_UTC/hard_tuning/source_aligned_shape_density_qd/seed_1001/openai_gpt-oss-120b/RTLLM/Prob004_adder_8bit/Gen1/Prob004_adder_8bit_sample7_single_thought_operator,
source_aligned_shape_density_qd,RTLLM,Prob004_adder_8bit,combinational,1,1488f0ef-e2db-47bc-9e5b-45a650708e1a,single_thought_operator,generation_log,0.381544128268,0.572316192402,39,2.27e-05,0,46,0.00301,0,0.152173913043,0.992458471761,0,/workspace/exp/useful_bd_push/t73_source_aligned_shape_density_20260623_232844_UTC/hard_tuning/source_aligned_shape_density_qd/seed_1001/openai_gpt-oss-120b/RTLLM/Prob004_adder_8bit/Gen1/Prob004_adder_8bit_sample8_single_thought_operator,
source_aligned_shape_density_qd,RTLLM,Prob004_adder_8bit,combinational,1,3b6aa3ae-5c18-4c5c-bba8-9526158a6a25,single_thought_operator,generation_log,0.381544128268,0.572316192402,39,2.27e-05,0,46,0.00301,0,0.152173913043,0.992458471761,0,/workspace/exp/useful_bd_push/t73_source_aligned_shape_density_20260623_232844_UTC/hard_tuning/source_aligned_shape_density_qd/seed_1001/openai_gpt-oss-120b/RTLLM/Prob004_adder_8bit/Gen1/Prob004_adder_8bit_sample9_single_thought_operator,
source_aligned_shape_density_qd,RTLLM,Prob004_adder_8bit,combinational,1,7d2ff87e-5eb2-4a4b-bcbf-293ca34f89c7,single_thought_operator,generation_log,0.381544128268,0.572316192402,39,2.27e-05,0,46,0.00301,0,0.152173913043,0.992458471761,0,/workspace/exp/useful_bd_push/t73_source_aligned_shape_density_20260623_232844_UTC/hard_tuning/source_aligned_shape_density_qd/seed_1001/openai_gpt-oss-120b/RTLLM/Prob004_adder_8bit/Gen1/Prob004_adder_8bit_sample10_single_thought_operator,
source_aligned_shape_density_qd,RTLLM,Prob004_adder_8bit,combinational,1,f78eb008-d05d-4bc4-b964-4da54a05dfc7,single_thought_operator,generation_log,0.381544128268,0.572316192402,39,2.27e-05,0,46,0.00301,0,0.152173913043,0.992458471761,0,/workspace/exp/useful_bd_push/t73_source_aligned_shape_density_20260623_232844_UTC/hard_tuning/source_aligned_shape_density_qd/seed_1001/openai_gpt-oss-120b/RTLLM/Prob004_adder_8bit/Gen1/Prob004_adder_8bit_sample11_single_thought_operator,
source_aligned_shape_density_qd,RTLLM,Prob004_adder_8bit,combinational,1,7512ce5d-0b23-43a5-a188-0ac7df7d7312,single_thought_operator,generation_log,0.381544128268,0.572316192402,39,2.27e-05,0,46,0.00301,0,0.152173913043,0.992458471761,0,/workspace/exp/useful_bd_push/t73_source_aligned_shape_density_20260623_232844_UTC/hard_tuning/source_aligned_shape_density_qd/seed_1001/openai_gpt-oss-120b/RTLLM/Prob004_adder_8bit/Gen1/Prob004_adder_8bit_sample12_single_thought_operator,
source_aligned_shape_density_qd,RTLLM,Prob004_adder_8bit,combinational,2,4234680b-968f-4151-8e73-58299b1a41a8,single_thought_operator,generation_log,0.381544128268,0.572316192402,39,2.27e-05,0,46,0.00301,0,0.152173913043,0.992458471761,0,/workspace/exp/useful_bd_push/t73_source_aligned_shape_density_20260623_232844_UTC/hard_tuning/source_aligned_shape_density_qd/seed_1001/openai_gpt-oss-120b/RTLLM/Prob004_adder_8bit/Gen2/Prob004_adder_8bit_sample1_single_thought_operator,
source_aligned_shape_density_qd,RTLLM,Prob004_adder_8bit,combinational,2,7c2177e2-3a9f-4c49-80b9-9d96dfa72b8d,single_thought_operator,generation_log,0.381544128268,0.572316192402,39,2.27e-05,0,46,0.00301,0,0.152173913043,0.992458471761,0,/workspace/exp/useful_bd_push/t73_source_aligned_shape_density_20260623_232844_UTC/hard_tuning/source_aligned_shape_density_qd/seed_1001/openai_gpt-oss-120b/RTLLM/Prob004_adder_8bit/Gen2/Prob004_adder_8bit_sample2_single_thought_operator,
source_aligned_shape_density_qd,RTLLM,Prob004_adder_8bit,combinational,2,ac1a8379-ee86-4c5b-a64f-34191831b52b,single_thought_operator,generation_log,0.381544128268,0.572316192402,39,2.27e-05,0,46,0.00301,0,0.152173913043,0.992458471761,0,/workspace/exp/useful_bd_push/t73_source_aligned_shape_density_20260623_232844_UTC/hard_tuning/source_aligned_shape_density_qd/seed_1001/openai_gpt-oss-120b/RTLLM/Prob004_adder_8bit/Gen2/Prob004_adder_8bit_sample3_single_thought_operator,
source_aligned_shape_density_qd,RTLLM,Prob004_adder_8bit,combinational,2,60815b9a-9bc1-49d5-a33c-a695dd43c065,single_thought_operator,generation_log,0.381544128268,0.572316192402,39,2.27e-05,0,46,0.00301,0,0.152173913043,0.992458471761,0,/workspace/exp/useful_bd_push/t73_source_aligned_shape_density_20260623_232844_UTC/hard_tuning/source_aligned_shape_density_qd/seed_1001/openai_gpt-oss-120b/RTLLM/Prob004_adder_8bit/Gen2/Prob004_adder_8bit_sample4_single_thought_operator,
source_aligned_shape_density_qd,RTLLM,Prob004_adder_8bit,combinational,2,1e3d7a14-3378-421c-9ada-35078aa19b3d,single_thought_operator,generation_log,0.381544128268,0.572316192402,39,2.27e-05,0,46,0.00301,0,0.152173913043,0.992458471761,0,/workspace/exp/useful_bd_push/t73_source_aligned_shape_density_20260623_232844_UTC/hard_tuning/source_aligned_shape_density_qd/seed_1001/openai_gpt-oss-120b/RTLLM/Prob004_adder_8bit/Gen2/Prob004_adder_8bit_sample5_single_thought_operator,
source_aligned_shape_density_qd,RTLLM,Prob004_adder_8bit,combinational,2,847b4420-65ac-4908-988e-1a146fdafed8,single_thought_operator,generation_log,0.381544128268,0.572316192402,39,2.27e-05,0,46,0.00301,0,0.152173913043,0.992458471761,0,/workspace/exp/useful_bd_push/t73_source_aligned_shape_density_20260623_232844_UTC/hard_tuning/source_aligned_shape_density_qd/seed_1001/openai_gpt-oss-120b/RTLLM/Prob004_adder_8bit/Gen2/Prob004_adder_8bit_sample6_single_thought_operator,
source_aligned_shape_density_qd,RTLLM,Prob004_adder_8bit,combinational,2,3849f00e-2226-4116-bd09-03936523c5b0,single_thought_operator,generation_log,0.381544128268,0.572316192402,39,2.27e-05,0,46,0.00301,0,0.152173913043,0.992458471761,0,/workspace/exp/useful_bd_push/t73_source_aligned_shape_density_20260623_232844_UTC/hard_tuning/source_aligned_shape_density_qd/seed_1001/openai_gpt-oss-120b/RTLLM/Prob004_adder_8bit/Gen2/Prob004_adder_8bit_sample7_single_thought_operator,
source_aligned_shape_density_qd,RTLLM,Prob004_adder_8bit,combinational,2,dc091697-7949-4d98-965f-11f7654e0ac4,single_thought_operator,generation_log,0.381544128268,0.572316192402,39,2.27e-05,0,46,0.00301,0,0.152173913043,0.992458471761,0,/workspace/exp/useful_bd_push/t73_source_aligned_shape_density_20260623_232844_UTC/hard_tuning/source_aligned_shape_density_qd/seed_1001/openai_gpt-oss-120b/RTLLM/Prob004_adder_8bit/Gen2/Prob004_adder_8bit_sample8_single_thought_operator,
source_aligned_shape_density_qd,RTLLM,Prob004_adder_8bit,combinational,2,73808fbd-f97b-4bbe-a766-d502754dbf06,single_thought_operator,generation_log,0.381544128268,0.572316192402,39,2.27e-05,0,46,0.00301,0,0.152173913043,0.992458471761,0,/workspace/exp/useful_bd_push/t73_source_aligned_shape_density_20260623_232844_UTC/hard_tuning/source_aligned_shape_density_qd/seed_1001/openai_gpt-oss-120b/RTLLM/Prob004_adder_8bit/Gen2/Prob004_adder_8bit_sample9_single_thought_operator,
source_aligned_shape_density_qd,RTLLM,Prob004_adder_8bit,combinational,2,183008c4-e1e2-4d08-9523-e386df56bd47,single_thought_operator,generation_log,0.381544128268,0.572316192402,39,2.27e-05,0,46,0.00301,0,0.152173913043,0.992458471761,0,/workspace/exp/useful_bd_push/t73_source_aligned_shape_density_20260623_232844_UTC/hard_tuning/source_aligned_shape_density_qd/seed_1001/openai_gpt-oss-120b/RTLLM/Prob004_adder_8bit/Gen2/Prob004_adder_8bit_sample10_single_thought_operator,
source_aligned_shape_density_qd,RTLLM,Prob004_adder_8bit,combinational,2,26ec204e-b89b-4e21-ac7b-92625ad95ec1,single_thought_operator,generation_log,0.381544128268,0.572316192402,39,2.27e-05,0,46,0.00301,0,0.152173913043,0.992458471761,0,/workspace/exp/useful_bd_push/t73_source_aligned_shape_density_20260623_232844_UTC/hard_tuning/source_aligned_shape_density_qd/seed_1001/openai_gpt-oss-120b/RTLLM/Prob004_adder_8bit/Gen2/Prob004_adder_8bit_sample11_single_thought_operator,
source_aligned_shape_density_qd,RTLLM,Prob004_adder_8bit,combinational,2,cf318112-4dcb-4e62-bb2b-7c98e7de340f,single_thought_operator,generation_log,0.381544128268,0.572316192402,39,2.27e-05,0,46,0.00301,0,0.152173913043,0.992458471761,0,/workspace/exp/useful_bd_push/t73_source_aligned_shape_density_20260623_232844_UTC/hard_tuning/source_aligned_shape_density_qd/seed_1001/openai_gpt-oss-120b/RTLLM/Prob004_adder_8bit/Gen2/Prob004_adder_8bit_sample12_single_thought_operator,
source_aligned_shape_density_qd,RTLLM,Prob004_adder_8bit,combinational,3,13121ed1-d3bd-4b86-ad2c-6bb3b1c72ae3,single_thought_operator,generation_log,0.381544128268,0.572316192402,39,2.27e-05,0,46,0.00301,0,0.152173913043,0.992458471761,0,/workspace/exp/useful_bd_push/t73_source_aligned_shape_density_20260623_232844_UTC/hard_tuning/source_aligned_shape_density_qd/seed_1001/openai_gpt-oss-120b/RTLLM/Prob004_adder_8bit/Gen3/Prob004_adder_8bit_sample1_single_thought_operator,
source_aligned_shape_density_qd,RTLLM,Prob004_adder_8bit,combinational,3,9ccaccf1-58f6-4110-8eff-221c45e77ab3,single_thought_operator,generation_log,0.381544128268,0.572316192402,39,2.27e-05,0,46,0.00301,0,0.152173913043,0.992458471761,0,/workspace/exp/useful_bd_push/t73_source_aligned_shape_density_20260623_232844_UTC/hard_tuning/source_aligned_shape_density_qd/seed_1001/openai_gpt-oss-120b/RTLLM/Prob004_adder_8bit/Gen3/Prob004_adder_8bit_sample2_single_thought_operator,
source_aligned_shape_density_qd,RTLLM,Prob004_adder_8bit,combinational,3,969e527a-67d4-4f86-a940-42953cf3052e,single_thought_operator,generation_log,0.381544128268,0.572316192402,39,2.27e-05,0,46,0.00301,0,0.152173913043,0.992458471761,0,/workspace/exp/useful_bd_push/t73_source_aligned_shape_density_20260623_232844_UTC/hard_tuning/source_aligned_shape_density_qd/seed_1001/openai_gpt-oss-120b/RTLLM/Prob004_adder_8bit/Gen3/Prob004_adder_8bit_sample3_single_thought_operator,
source_aligned_shape_density_qd,RTLLM,Prob004_adder_8bit,combinational,3,dd5ab324-54f9-4320-9c7c-f23c7e10fbc4,single_thought_operator,generation_log,0.381544128268,0.572316192402,39,2.27e-05,0,46,0.00301,0,0.152173913043,0.992458471761,0,/workspace/exp/useful_bd_push/t73_source_aligned_shape_density_20260623_232844_UTC/hard_tuning/source_aligned_shape_density_qd/seed_1001/openai_gpt-oss-120b/RTLLM/Prob004_adder_8bit/Gen3/Prob004_adder_8bit_sample4_single_thought_operator,
source_aligned_shape_density_qd,RTLLM,Prob004_adder_8bit,combinational,3,43074200-2328-404f-a5b9-64b8138c3654,single_thought_operator,generation_log,0.381544128268,0.572316192402,39,2.27e-05,0,46,0.00301,0,0.152173913043,0.992458471761,0,/workspace/exp/useful_bd_push/t73_source_aligned_shape_density_20260623_232844_UTC/hard_tuning/source_aligned_shape_density_qd/seed_1001/openai_gpt-oss-120b/RTLLM/Prob004_adder_8bit/Gen3/Prob004_adder_8bit_sample5_single_thought_operator,
source_aligned_shape_density_qd,RTLLM,Prob004_adder_8bit,combinational,3,adbc3920-a9dc-47e3-934a-476134dc9fa4,single_thought_operator,generation_log,0.381544128268,0.572316192402,39,2.27e-05,0,46,0.00301,0,0.152173913043,0.992458471761,0,/workspace/exp/useful_bd_push/t73_source_aligned_shape_density_20260623_232844_UTC/hard_tuning/source_aligned_shape_density_qd/seed_1001/openai_gpt-oss-120b/RTLLM/Prob004_adder_8bit/Gen3/Prob004_adder_8bit_sample6_single_thought_operator,
source_aligned_shape_density_qd,RTLLM,Prob004_adder_8bit,combinational,3,90964afa-3447-4884-9b07-8e36a4488184,single_thought_operator,generation_log,0.381544128268,0.572316192402,39,2.27e-05,0,46,0.00301,0,0.152173913043,0.992458471761,0,/workspace/exp/useful_bd_push/t73_source_aligned_shape_density_20260623_232844_UTC/hard_tuning/source_aligned_shape_density_qd/seed_1001/openai_gpt-oss-120b/RTLLM/Prob004_adder_8bit/Gen3/Prob004_adder_8bit_sample7_single_thought_operator,
source_aligned_shape_density_qd,RTLLM,Prob004_adder_8bit,combinational,3,e8ebb301-dc64-467d-876f-b48b7de4b1fd,single_thought_operator,generation_log,0.381544128268,0.572316192402,39,2.27e-05,0,46,0.00301,0,0.152173913043,0.992458471761,0,/workspace/exp/useful_bd_push/t73_source_aligned_shape_density_20260623_232844_UTC/hard_tuning/source_aligned_shape_density_qd/seed_1001/openai_gpt-oss-120b/RTLLM/Prob004_adder_8bit/Gen3/Prob004_adder_8bit_sample8_single_thought_operator,
source_aligned_shape_density_qd,RTLLM,Prob004_adder_8bit,combinational,3,9b5c4655-9bfd-4bed-af10-2376f821be38,single_thought_operator,generation_log,0.381544128268,0.572316192402,39,2.27e-05,0,46,0.00301,0,0.152173913043,0.992458471761,0,/workspace/exp/useful_bd_push/t73_source_aligned_shape_density_20260623_232844_UTC/hard_tuning/source_aligned_shape_density_qd/seed_1001/openai_gpt-oss-120b/RTLLM/Prob004_adder_8bit/Gen3/Prob004_adder_8bit_sample9_single_thought_operator,
source_aligned_shape_density_qd,RTLLM,Prob004_adder_8bit,combinational,3,7c0ea7b8-5ee1-4600-a888-6a8fa4f92043,single_thought_operator,generation_log,0.381544128268,0.572316192402,39,2.27e-05,0,46,0.00301,0,0.152173913043,0.992458471761,0,/workspace/exp/useful_bd_push/t73_source_aligned_shape_density_20260623_232844_UTC/hard_tuning/source_aligned_shape_density_qd/seed_1001/openai_gpt-oss-120b/RTLLM/Prob004_adder_8bit/Gen3/Prob004_adder_8bit_sample10_single_thought_operator,
source_aligned_shape_density_qd,RTLLM,Prob004_adder_8bit,combinational,3,289565b5-3901-4f96-a174-513491b23c9b,single_thought_operator,generation_log,0.381544128268,0.572316192402,39,2.27e-05,0,46,0.00301,0,0.152173913043,0.992458471761,0,/workspace/exp/useful_bd_push/t73_source_aligned_shape_density_20260623_232844_UTC/hard_tuning/source_aligned_shape_density_qd/seed_1001/openai_gpt-oss-120b/RTLLM/Prob004_adder_8bit/Gen3/Prob004_adder_8bit_sample11_single_thought_operator,
source_aligned_shape_density_qd,RTLLM,Prob004_adder_8bit,combinational,3,b6ec6072-f6ac-45e6-883e-c52853223778,single_thought_operator,generation_log,0.381544128268,0.572316192402,39,2.27e-05,0,46,0.00301,0,0.152173913043,0.992458471761,0,/workspace/exp/useful_bd_push/t73_source_aligned_shape_density_20260623_232844_UTC/hard_tuning/source_aligned_shape_density_qd/seed_1001/openai_gpt-oss-120b/RTLLM/Prob004_adder_8bit/Gen3/Prob004_adder_8bit_sample12_single_thought_operator,
source_aligned_shape_density_qd,RTLLM,Prob015_multi_pipe_8bit,sequential,0,38b5472b-37cc-4863-8095-aff8e55cc611,initial,generation_log,0.0231070982361,0.0231070982361,623,0.0911,1.05,980,0.0898,0.82,0.364285714286,-0.0144766146993,-0.280487804878,/workspace/exp/useful_bd_push/t73_source_aligned_shape_density_20260623_232844_UTC/hard_tuning/source_aligned_shape_density_qd/seed_1001/openai_gpt-oss-120b/RTLLM/Prob015_multi_pipe_8bit/Gen0/Prob015_multi_pipe_8bit_sample2_initial,
source_aligned_shape_density_qd,RTLLM,Prob015_multi_pipe_8bit,sequential,0,1177b66a-902e-4a15-a210-4c729470e585,initial,generation_log,-0.0211745179358,-0.0211745179358,653,0.0959,1.09,980,0.0898,0.82,0.333673469388,-0.0679287305122,-0.329268292683,/workspace/exp/useful_bd_push/t73_source_aligned_shape_density_20260623_232844_UTC/hard_tuning/source_aligned_shape_density_qd/seed_1001/openai_gpt-oss-120b/RTLLM/Prob015_multi_pipe_8bit/Gen0/Prob015_multi_pipe_8bit_sample8_initial,
source_aligned_shape_density_qd,RTLLM,Prob015_multi_pipe_8bit,sequential,1,7d70bec5-2055-4efb-9b98-00d036096a01,single_thought_operator,generation_log,-0.0377354429196,-0.0377354429196,685,0.104,1.03,980,0.0898,0.82,0.301020408163,-0.158129175947,-0.256097560976,/workspace/exp/useful_bd_push/t73_source_aligned_shape_density_20260623_232844_UTC/hard_tuning/source_aligned_shape_density_qd/seed_1001/openai_gpt-oss-120b/RTLLM/Prob015_multi_pipe_8bit/Gen1/Prob015_multi_pipe_8bit_sample8_single_thought_operator,
source_aligned_shape_density_qd,RTLLM,Prob015_multi_pipe_8bit,sequential,1,e560d546-bffe-4150-9429-6e69457e9eba,single_thought_operator,generation_log,-0.0573285656269,-0.0573285656269,687,0.108,1.04,980,0.0898,0.82,0.298979591837,-0.202672605791,-0.268292682927,/workspace/exp/useful_bd_push/t73_source_aligned_shape_density_20260623_232844_UTC/hard_tuning/source_aligned_shape_density_qd/seed_1001/openai_gpt-oss-120b/RTLLM/Prob015_multi_pipe_8bit/Gen1/Prob015_multi_pipe_8bit_sample12_single_thought_operator,
source_aligned_shape_density_qd,RTLLM,Prob015_multi_pipe_8bit,sequential,2,b7b15765-dbae-494c-91e6-6ca10d81318f,single_thought_operator,generation_log,-0.0451593478936,-0.0451593478936,685,0.106,1.03,980,0.0898,0.82,0.301020408163,-0.180400890869,-0.256097560976,/workspace/exp/useful_bd_push/t73_source_aligned_shape_density_20260623_232844_UTC/hard_tuning/source_aligned_shape_density_qd/seed_1001/openai_gpt-oss-120b/RTLLM/Prob015_multi_pipe_8bit/Gen2/Prob015_multi_pipe_8bit_sample1_single_thought_operator,
source_aligned_shape_density_qd,RTLLM,Prob015_multi_pipe_8bit,sequential,2,7fefc480-f329-405e-aa74-5c661e1650d6,single_thought_operator,generation_log,-0.0201997285415,-0.0201997285415,701,0.1,1.01,980,0.0898,0.82,0.284693877551,-0.113585746102,-0.231707317073,/workspace/exp/useful_bd_push/t73_source_aligned_shape_density_20260623_232844_UTC/hard_tuning/source_aligned_shape_density_qd/seed_1001/openai_gpt-oss-120b/RTLLM/Prob015_multi_pipe_8bit/Gen2/Prob015_multi_pipe_8bit_sample8_single_thought_operator,
source_aligned_shape_density_qd,RTLLM,Prob015_multi_pipe_8bit,sequential,2,40a7e5f7-ed15-4c63-b9ca-25803d1b3fc7,single_thought_operator,generation_log,-0.0201997285415,-0.0201997285415,701,0.1,1.01,980,0.0898,0.82,0.284693877551,-0.113585746102,-0.231707317073,/workspace/exp/useful_bd_push/t73_source_aligned_shape_density_20260623_232844_UTC/hard_tuning/source_aligned_shape_density_qd/seed_1001/openai_gpt-oss-120b/RTLLM/Prob015_multi_pipe_8bit/Gen2/Prob015_multi_pipe_8bit_sample9_single_thought_operator,
source_aligned_shape_density_qd,RTLLM,Prob015_multi_pipe_8bit,sequential,3,c011482a-e1ae-49a3-a280-afe7612a6220,initial,generation_log,-0.850422560246,-0.850422560246,909,0.148,2.44,980,0.0898,0.82,0.0724489795918,-0.648106904232,-1.9756097561,/workspace/exp/useful_bd_push/t73_source_aligned_shape_density_20260623_232844_UTC/hard_tuning/source_aligned_shape_density_qd/seed_1001/openai_gpt-oss-120b/RTLLM/Prob015_multi_pipe_8bit/Gen3/Prob015_multi_pipe_8bit_sample1_initial,
source_aligned_shape_density_qd,RTLLM,Prob015_multi_pipe_8bit,sequential,3,ceef0740-af41-480b-99b2-b9d0aecdfe85,single_thought_operator,generation_log,-0.0451593478936,-0.0451593478936,685,0.106,1.03,980,0.0898,0.82,0.301020408163,-0.180400890869,-0.256097560976,/workspace/exp/useful_bd_push/t73_source_aligned_shape_density_20260623_232844_UTC/hard_tuning/source_aligned_shape_density_qd/seed_1001/openai_gpt-oss-120b/RTLLM/Prob015_multi_pipe_8bit/Gen3/Prob015_multi_pipe_8bit_sample2_single_thought_operator,
source_aligned_shape_density_qd,RTLLM,Prob015_multi_pipe_8bit,sequential,3,cc93e197-ed2f-4da7-8de8-f047a532a793,single_thought_operator,generation_log,-0.0340234904326,-0.0340234904326,685,0.103,1.03,980,0.0898,0.82,0.301020408163,-0.146993318486,-0.256097560976,/workspace/exp/useful_bd_push/t73_source_aligned_shape_density_20260623_232844_UTC/hard_tuning/source_aligned_shape_density_qd/seed_1001/openai_gpt-oss-120b/RTLLM/Prob015_multi_pipe_8bit/Gen3/Prob015_multi_pipe_8bit_sample9_single_thought_operator,
source_aligned_shape_density_qd,RTLLM,Prob024_fsm,combinational,1,162c8db2-9c52-4593-8f45-bf75aed112b0,single_thought_operator,generation_log,0.469591283495,0.329386925242,29,0.00494,0.25,46,0.00695,0,0.369565217391,0.289208633094,-250000000000,/workspace/exp/useful_bd_push/t73_source_aligned_shape_density_20260623_232844_UTC/hard_tuning/source_aligned_shape_density_qd/seed_1001/openai_gpt-oss-120b/RTLLM/Prob024_fsm/Gen1/Prob024_fsm_sample1_single_thought_operator,
source_aligned_shape_density_qd,RTLLM,Prob024_fsm,combinational,1,0759a1b8-e41e-4fa5-9523-7bab487529f2,single_thought_operator,generation_log,0.469591283495,0.329386925242,29,0.00494,0.25,46,0.00695,0,0.369565217391,0.289208633094,-250000000000,/workspace/exp/useful_bd_push/t73_source_aligned_shape_density_20260623_232844_UTC/hard_tuning/source_aligned_shape_density_qd/seed_1001/openai_gpt-oss-120b/RTLLM/Prob024_fsm/Gen1/Prob024_fsm_sample3_single_thought_operator,
source_aligned_shape_density_qd,RTLLM,Prob024_fsm,combinational,1,fac294e6-9520-46f0-a049-75231c7ae25a,single_thought_operator,generation_log,0.148762381399,-0.146856427901,38,0.0102,0.26,46,0.00695,0,0.173913043478,-0.467625899281,-260000000000,/workspace/exp/useful_bd_push/t73_source_aligned_shape_density_20260623_232844_UTC/hard_tuning/source_aligned_shape_density_qd/seed_1001/openai_gpt-oss-120b/RTLLM/Prob024_fsm/Gen1/Prob024_fsm_sample4_single_thought_operator,
source_aligned_shape_density_qd,RTLLM,Prob024_fsm,combinational,1,c87b5d65-1a15-49e9-ba16-65b2737ee9cb,single_thought_operator,generation_log,0.470070899802,0.330106349703,29,0.00493,0.25,46,0.00695,0,0.369565217391,0.290647482014,-250000000000,/workspace/exp/useful_bd_push/t73_source_aligned_shape_density_20260623_232844_UTC/hard_tuning/source_aligned_shape_density_qd/seed_1001/openai_gpt-oss-120b/RTLLM/Prob024_fsm/Gen1/Prob024_fsm_sample5_single_thought_operator,
source_aligned_shape_density_qd,RTLLM,Prob024_fsm,combinational,1,cf31b0ad-1091-4cad-a73c-ae348530d3f5,single_thought_operator,generation_log,0.469591283495,0.329386925242,29,0.00494,0.25,46,0.00695,0,0.369565217391,0.289208633094,-250000000000,/workspace/exp/useful_bd_push/t73_source_aligned_shape_density_20260623_232844_UTC/hard_tuning/source_aligned_shape_density_qd/seed_1001/openai_gpt-oss-120b/RTLLM/Prob024_fsm/Gen1/Prob024_fsm_sample7_single_thought_operator,
source_aligned_shape_density_qd,RTLLM,Prob024_fsm,combinational,1,85a16096-b0cc-48bb-b31b-5f0adab9ba92,single_thought_operator,generation_log,0.265517672818,0.0282765092274,34,0.00837,0.26,46,0.00695,0,0.260869565217,-0.204316546763,-260000000000,/workspace/exp/useful_bd_push/t73_source_aligned_shape_density_20260623_232844_UTC/hard_tuning/source_aligned_shape_density_qd/seed_1001/openai_gpt-oss-120b/RTLLM/Prob024_fsm/Gen1/Prob024_fsm_sample9_single_thought_operator,
source_aligned_shape_density_qd,RTLLM,Prob024_fsm,combinational,1,49aaf143-288d-4165-bf91-24da30affa1a,single_thought_operator,generation_log,0.345537483057,0.143306224586,35,0.00662,0.25,46,0.00695,0,0.239130434783,0.0474820143885,-250000000000,/workspace/exp/useful_bd_push/t73_source_aligned_shape_density_20260623_232844_UTC/hard_tuning/source_aligned_shape_density_qd/seed_1001/openai_gpt-oss-120b/RTLLM/Prob024_fsm/Gen1/Prob024_fsm_sample10_single_thought_operator,
source_aligned_shape_density_qd,RTLLM,Prob024_fsm,combinational,2,73163f8c-2f3d-48a2-9111-aad359867fab,initial,generation_log,0.485361276196,0.328041914295,37,0.00375,0.2,46,0.00695,0,0.195652173913,0.460431654676,-200000000000,/workspace/exp/useful_bd_push/t73_source_aligned_shape_density_20260623_232844_UTC/hard_tuning/source_aligned_shape_density_qd/seed_1001/openai_gpt-oss-120b/RTLLM/Prob024_fsm/Gen2/Prob024_fsm_sample1_initial,
source_aligned_shape_density_qd,RTLLM,Prob024_fsm,combinational,2,27401b96-1c7b-4562-8621-9e47dc696677,single_thought_operator,generation_log,0.470070899802,0.330106349703,29,0.00493,0.25,46,0.00695,0,0.369565217391,0.290647482014,-250000000000,/workspace/exp/useful_bd_push/t73_source_aligned_shape_density_20260623_232844_UTC/hard_tuning/source_aligned_shape_density_qd/seed_1001/openai_gpt-oss-120b/RTLLM/Prob024_fsm/Gen2/Prob024_fsm_sample1_single_thought_operator,
source_aligned_shape_density_qd,RTLLM,Prob024_fsm,combinational,2,a2c010f9-1ca4-4504-80de-2d2abd7a713f,single_thought_operator,generation_log,0.265517672818,0.0282765092274,34,0.00837,0.26,46,0.00695,0,0.260869565217,-0.204316546763,-260000000000,/workspace/exp/useful_bd_push/t73_source_aligned_shape_density_20260623_232844_UTC/hard_tuning/source_aligned_shape_density_qd/seed_1001/openai_gpt-oss-120b/RTLLM/Prob024_fsm/Gen2/Prob024_fsm_sample2_single_thought_operator,
source_aligned_shape_density_qd,RTLLM,Prob024_fsm,combinational,2,715ba1ef-20a3-4aa2-837b-f50fcf275518,single_thought_operator,generation_log,0.265517672818,0.0282765092274,34,0.00837,0.26,46,0.00695,0,0.260869565217,-0.204316546763,-260000000000,/workspace/exp/useful_bd_push/t73_source_aligned_shape_density_20260623_232844_UTC/hard_tuning/source_aligned_shape_density_qd/seed_1001/openai_gpt-oss-120b/RTLLM/Prob024_fsm/Gen2/Prob024_fsm_sample4_single_thought_operator,
source_aligned_shape_density_qd,RTLLM,Prob024_fsm,combinational,2,7eeed755-c41c-4e71-a9f7-9a936cdca593,single_thought_operator,generation_log,0.470070899802,0.330106349703,29,0.00493,0.25,46,0.00695,0,0.369565217391,0.290647482014,-250000000000,/workspace/exp/useful_bd_push/t73_source_aligned_shape_density_20260623_232844_UTC/hard_tuning/source_aligned_shape_density_qd/seed_1001/openai_gpt-oss-120b/RTLLM/Prob024_fsm/Gen2/Prob024_fsm_sample5_single_thought_operator,
source_aligned_shape_density_qd,RTLLM,Prob024_fsm,combinational,2,ad9eaf53-8525-4023-97bd-c604967d7e63,single_thought_operator,generation_log,0.500233552289,0.340350328433,36,0.00373,0.18,46,0.00695,0,0.217391304348,0.463309352518,-180000000000,/workspace/exp/useful_bd_push/t73_source_aligned_shape_density_20260623_232844_UTC/hard_tuning/source_aligned_shape_density_qd/seed_1001/openai_gpt-oss-120b/RTLLM/Prob024_fsm/Gen2/Prob024_fsm_sample6_single_thought_operator,
source_aligned_shape_density_qd,RTLLM,Prob024_fsm,combinational,2,50245cd2-7ec1-49f7-80bd-e546962ad48d,single_thought_operator,generation_log,0.265517672818,0.0282765092274,34,0.00837,0.26,46,0.00695,0,0.260869565217,-0.204316546763,-260000000000,/workspace/exp/useful_bd_push/t73_source_aligned_shape_density_20260623_232844_UTC/hard_tuning/source_aligned_shape_density_qd/seed_1001/openai_gpt-oss-120b/RTLLM/Prob024_fsm/Gen2/Prob024_fsm_sample8_single_thought_operator,
source_aligned_shape_density_qd,RTLLM,Prob024_fsm,combinational,2,f0972909-4cc1-4d28-acdc-5e91cb67172b,single_thought_operator,generation_log,0.265517672818,0.0282765092274,34,0.00837,0.26,46,0.00695,0,0.260869565217,-0.204316546763,-260000000000,/workspace/exp/useful_bd_push/t73_source_aligned_shape_density_20260623_232844_UTC/hard_tuning/source_aligned_shape_density_qd/seed_1001/openai_gpt-oss-120b/RTLLM/Prob024_fsm/Gen2/Prob024_fsm_sample9_single_thought_operator,
source_aligned_shape_density_qd,RTLLM,Prob024_fsm,combinational,2,cc39a6d3-013e-4df0-b7c4-151e1a9d5c35,single_thought_operator,generation_log,0.469591283495,0.329386925242,29,0.00494,0.25,46,0.00695,0,0.369565217391,0.289208633094,-250000000000,/workspace/exp/useful_bd_push/t73_source_aligned_shape_density_20260623_232844_UTC/hard_tuning/source_aligned_shape_density_qd/seed_1001/openai_gpt-oss-120b/RTLLM/Prob024_fsm/Gen2/Prob024_fsm_sample10_single_thought_operator,
source_aligned_shape_density_qd,RTLLM,Prob024_fsm,combinational,3,2eee0840-68e8-4bef-8240-c71150f2887a,single_thought_operator,generation_log,0.500233552289,0.340350328433,36,0.00373,0.18,46,0.00695,0,0.217391304348,0.463309352518,-180000000000,/workspace/exp/useful_bd_push/t73_source_aligned_shape_density_20260623_232844_UTC/hard_tuning/source_aligned_shape_density_qd/seed_1001/openai_gpt-oss-120b/RTLLM/Prob024_fsm/Gen3/Prob024_fsm_sample1_single_thought_operator,
source_aligned_shape_density_qd,RTLLM,Prob024_fsm,combinational,3,944e1091-08a2-42ba-bf60-1c67a553b8c1,single_thought_operator,generation_log,0.148762381399,-0.146856427901,38,0.0102,0.26,46,0.00695,0,0.173913043478,-0.467625899281,-260000000000,/workspace/exp/useful_bd_push/t73_source_aligned_shape_density_20260623_232844_UTC/hard_tuning/source_aligned_shape_density_qd/seed_1001/openai_gpt-oss-120b/RTLLM/Prob024_fsm/Gen3/Prob024_fsm_sample2_single_thought_operator,
source_aligned_shape_density_qd,RTLLM,Prob024_fsm,combinational,3,835ff6f7-809b-4f2f-a24e-130ee729ba90,single_thought_operator,generation_log,0.491192784903,0.341789177354,36,0.00371,0.21,46,0.00695,0,0.217391304348,0.46618705036,-210000000000,/workspace/exp/useful_bd_push/t73_source_aligned_shape_density_20260623_232844_UTC/hard_tuning/source_aligned_shape_density_qd/seed_1001/openai_gpt-oss-120b/RTLLM/Prob024_fsm/Gen3/Prob024_fsm_sample3_single_thought_operator,
source_aligned_shape_density_qd,RTLLM,Prob024_fsm,combinational,3,3731c2cd-4b70-4b6c-a1e7-627caed0e292,single_thought_operator,generation_log,0.168958398499,-0.116562402252,37,0.00993,0.26,46,0.00695,0,0.195652173913,-0.428776978417,-260000000000,/workspace/exp/useful_bd_push/t73_source_aligned_shape_density_20260623_232844_UTC/hard_tuning/source_aligned_shape_density_qd/seed_1001/openai_gpt-oss-120b/RTLLM/Prob024_fsm/Gen3/Prob024_fsm_sample6_single_thought_operator,
source_aligned_shape_density_qd,RTLLM,Prob024_fsm,combinational,3,012a7183-a735-4bc7-b03c-74ada44efb4f,single_thought_operator,generation_log,0.500233552289,0.340350328433,36,0.00373,0.18,46,0.00695,0,0.217391304348,0.463309352518,-180000000000,/workspace/exp/useful_bd_push/t73_source_aligned_shape_density_20260623_232844_UTC/hard_tuning/source_aligned_shape_density_qd/seed_1001/openai_gpt-oss-120b/RTLLM/Prob024_fsm/Gen3/Prob024_fsm_sample7_single_thought_operator,
source_aligned_shape_density_qd,RTLLM,Prob024_fsm,combinational,3,d6a3c87c-4117-4b93-a4a2-30e841089022,single_thought_operator,generation_log,0.491192784903,0.341789177354,36,0.00371,0.21,46,0.00695,0,0.217391304348,0.46618705036,-210000000000,/workspace/exp/useful_bd_push/t73_source_aligned_shape_density_20260623_232844_UTC/hard_tuning/source_aligned_shape_density_qd/seed_1001/openai_gpt-oss-120b/RTLLM/Prob024_fsm/Gen3/Prob024_fsm_sample9_single_thought_operator,
source_aligned_shape_density_qd,RTLLM,Prob037_parallel2serial,sequential,0,c5873303-0ed2-49aa-ab05-bac921b27647,initial,generation_log,-0,0,50,0.00453,0.27,50,0.00453,0.27,0,0,0,/workspace/exp/useful_bd_push/t73_source_aligned_shape_density_20260623_232844_UTC/hard_tuning/source_aligned_shape_density_qd/seed_1001/openai_gpt-oss-120b/RTLLM/Prob037_parallel2serial/Gen0/Prob037_parallel2serial_sample1_initial,
source_aligned_shape_density_qd,RTLLM,Prob037_parallel2serial,sequential,0,51343084-9a9d-4c51-9eaa-12c6facf4f9e,initial,generation_log,-0.0105976616793,-0.0105976616793,53,0.00457,0.26,50,0.00453,0.27,-0.06,-0.00883002207506,0.037037037037,/workspace/exp/useful_bd_push/t73_source_aligned_shape_density_20260623_232844_UTC/hard_tuning/source_aligned_shape_density_qd/seed_1001/openai_gpt-oss-120b/RTLLM/Prob037_parallel2serial/Gen0/Prob037_parallel2serial_sample2_initial,
source_aligned_shape_density_qd,RTLLM,Prob037_parallel2serial,sequential,0,6d71bff6-ff2e-4705-8171-02d7bedc2fbc,initial,generation_log,-0,0,50,0.00453,0.27,50,0.00453,0.27,0,0,0,/workspace/exp/useful_bd_push/t73_source_aligned_shape_density_20260623_232844_UTC/hard_tuning/source_aligned_shape_density_qd/seed_1001/openai_gpt-oss-120b/RTLLM/Prob037_parallel2serial/Gen0/Prob037_parallel2serial_sample3_initial,
source_aligned_shape_density_qd,RTLLM,Prob037_parallel2serial,sequential,0,1b814b42-0879-4c4c-bf08-258469324dc3,initial,generation_log,-0,0,50,0.00453,0.27,50,0.00453,0.27,0,0,0,/workspace/exp/useful_bd_push/t73_source_aligned_shape_density_20260623_232844_UTC/hard_tuning/source_aligned_shape_density_qd/seed_1001/openai_gpt-oss-120b/RTLLM/Prob037_parallel2serial/Gen0/Prob037_parallel2serial_sample4_initial,
source_aligned_shape_density_qd,RTLLM,Prob037_parallel2serial,sequential,0,b0eb86a5-99e2-467c-8ddf-f6893bbd982e,initial,generation_log,-0,0,50,0.00453,0.27,50,0.00453,0.27,0,0,0,/workspace/exp/useful_bd_push/t73_source_aligned_shape_density_20260623_232844_UTC/hard_tuning/source_aligned_shape_density_qd/seed_1001/openai_gpt-oss-120b/RTLLM/Prob037_parallel2serial/Gen0/Prob037_parallel2serial_sample5_initial,
source_aligned_shape_density_qd,RTLLM,Prob037_parallel2serial,sequential,0,cd00e72d-2613-4507-b562-65b11f5d5af3,initial,generation_log,-0,0,50,0.00453,0.27,50,0.00453,0.27,0,0,0,/workspace/exp/useful_bd_push/t73_source_aligned_shape_density_20260623_232844_UTC/hard_tuning/source_aligned_shape_density_qd/seed_1001/openai_gpt-oss-120b/RTLLM/Prob037_parallel2serial/Gen0/Prob037_parallel2serial_sample6_initial,
source_aligned_shape_density_qd,RTLLM,Prob037_parallel2serial,sequential,0,b1967acd-6c5c-4992-9ef6-db782b45429c,initial,generation_log,-0,0,50,0.00453,0.27,50,0.00453,0.27,0,0,0,/workspace/exp/useful_bd_push/t73_source_aligned_shape_density_20260623_232844_UTC/hard_tuning/source_aligned_shape_density_qd/seed_1001/openai_gpt-oss-120b/RTLLM/Prob037_parallel2serial/Gen0/Prob037_parallel2serial_sample12_initial,
source_aligned_shape_density_qd,RTLLM,Prob037_parallel2serial,sequential,1,07dd3a1d-5563-45e4-be44-a35a6e4332d5,initial,generation_log,-0,0,50,0.00453,0.27,50,0.00453,0.27,0,0,0,/workspace/exp/useful_bd_push/t73_source_aligned_shape_density_20260623_232844_UTC/hard_tuning/source_aligned_shape_density_qd/seed_1001/openai_gpt-oss-120b/RTLLM/Prob037_parallel2serial/Gen1/Prob037_parallel2serial_sample2_initial,
source_aligned_shape_density_qd,RTLLM,Prob037_parallel2serial,sequential,1,49b2d114-5fb9-4a76-824f-c608aa561e6f,single_thought_operator,generation_log,-0.00972937617529,-0.00972937617529,50,0.00483,0.26,50,0.00453,0.27,0,-0.0662251655629,0.037037037037,/workspace/exp/useful_bd_push/t73_source_aligned_shape_density_20260623_232844_UTC/hard_tuning/source_aligned_shape_density_qd/seed_1001/openai_gpt-oss-120b/RTLLM/Prob037_parallel2serial/Gen1/Prob037_parallel2serial_sample4_single_thought_operator,
source_aligned_shape_density_qd,RTLLM,Prob037_parallel2serial,sequential,1,cb16cb09-6ad9-4ee7-96b0-4284c7d17def,single_thought_operator,generation_log,-0.0105976616793,-0.0105976616793,53,0.00457,0.26,50,0.00453,0.27,-0.06,-0.00883002207506,0.037037037037,/workspace/exp/useful_bd_push/t73_source_aligned_shape_density_20260623_232844_UTC/hard_tuning/source_aligned_shape_density_qd/seed_1001/openai_gpt-oss-120b/RTLLM/Prob037_parallel2serial/Gen1/Prob037_parallel2serial_sample5_single_thought_operator,
source_aligned_shape_density_qd,RTLLM,Prob037_parallel2serial,sequential,1,e15b5ddb-242a-4cda-a56a-e36aed4a392e,single_thought_operator,generation_log,-0,0,50,0.00453,0.27,50,0.00453,0.27,0,0,0,/workspace/exp/useful_bd_push/t73_source_aligned_shape_density_20260623_232844_UTC/hard_tuning/source_aligned_shape_density_qd/seed_1001/openai_gpt-oss-120b/RTLLM/Prob037_parallel2serial/Gen1/Prob037_parallel2serial_sample6_single_thought_operator,
source_aligned_shape_density_qd,RTLLM,Prob037_parallel2serial,sequential,2,f5144fa5-a457-4d11-81d6-53651bf6029b,initial,generation_log,0.0979233096231,0.0979233096231,45,0.00382,0.26,50,0.00453,0.27,0.1,0.156732891832,0.037037037037,/workspace/exp/useful_bd_push/t73_source_aligned_shape_density_20260623_232844_UTC/hard_tuning/source_aligned_shape_density_qd/seed_1001/openai_gpt-oss-120b/RTLLM/Prob037_parallel2serial/Gen2/Prob037_parallel2serial_sample1_initial,
source_aligned_shape_density_qd,RTLLM,Prob037_parallel2serial,sequential,2,c0ec7194-0abb-4cd7-887a-478160edb596,initial,generation_log,-0,0,50,0.00453,0.27,50,0.00453,0.27,0,0,0,/workspace/exp/useful_bd_push/t73_source_aligned_shape_density_20260623_232844_UTC/hard_tuning/source_aligned_shape_density_qd/seed_1001/openai_gpt-oss-120b/RTLLM/Prob037_parallel2serial/Gen2/Prob037_parallel2serial_sample2_initial,
source_aligned_shape_density_qd,RTLLM,Prob037_parallel2serial,sequential,2,a6faf04c-92e4-48fe-8bca-fa1c5bbc5dfb,initial,generation_log,-0,0,50,0.00453,0.27,50,0.00453,0.27,0,0,0,/workspace/exp/useful_bd_push/t73_source_aligned_shape_density_20260623_232844_UTC/hard_tuning/source_aligned_shape_density_qd/seed_1001/openai_gpt-oss-120b/RTLLM/Prob037_parallel2serial/Gen2/Prob037_parallel2serial_sample3_initial,
source_aligned_shape_density_qd,RTLLM,Prob037_parallel2serial,sequential,2,4555a527-2bae-49d0-bed5-251579d9b79f,single_thought_operator,generation_log,-0,0,50,0.00453,0.27,50,0.00453,0.27,0,0,0,/workspace/exp/useful_bd_push/t73_source_aligned_shape_density_20260623_232844_UTC/hard_tuning/source_aligned_shape_density_qd/seed_1001/openai_gpt-oss-120b/RTLLM/Prob037_parallel2serial/Gen2/Prob037_parallel2serial_sample1_single_thought_operator,
source_aligned_shape_density_qd,RTLLM,Prob037_parallel2serial,sequential,2,fc1ba385-1099-492c-a9b9-ad9b359bd3e6,single_thought_operator,generation_log,-0.0105976616793,-0.0105976616793,53,0.00457,0.26,50,0.00453,0.27,-0.06,-0.00883002207506,0.037037037037,/workspace/exp/useful_bd_push/t73_source_aligned_shape_density_20260623_232844_UTC/hard_tuning/source_aligned_shape_density_qd/seed_1001/openai_gpt-oss-120b/RTLLM/Prob037_parallel2serial/Gen2/Prob037_parallel2serial_sample2_single_thought_operator,
source_aligned_shape_density_qd,RTLLM,Prob037_parallel2serial,sequential,2,5dc7e62e-323d-41a4-9aa9-e574d7fe8249,single_thought_operator,generation_log,-0,0,50,0.00453,0.27,50,0.00453,0.27,0,0,0,/workspace/exp/useful_bd_push/t73_source_aligned_shape_density_20260623_232844_UTC/hard_tuning/source_aligned_shape_density_qd/seed_1001/openai_gpt-oss-120b/RTLLM/Prob037_parallel2serial/Gen2/Prob037_parallel2serial_sample6_single_thought_operator,
source_aligned_shape_density_qd,RTLLM,Prob037_parallel2serial,sequential,3,3996025a-57ff-4cd6-b912-368825f13be2,initial,generation_log,-0,0,50,0.00453,0.27,50,0.00453,0.27,0,0,0,/workspace/exp/useful_bd_push/t73_source_aligned_shape_density_20260623_232844_UTC/hard_tuning/source_aligned_shape_density_qd/seed_1001/openai_gpt-oss-120b/RTLLM/Prob037_parallel2serial/Gen3/Prob037_parallel2serial_sample2_initial,
source_aligned_shape_density_qd,RTLLM,Prob037_parallel2serial,sequential,3,d18cd8c5-3f94-408b-a1aa-6278e8084d5b,single_thought_operator,generation_log,-0,0,50,0.00453,0.27,50,0.00453,0.27,0,0,0,/workspace/exp/useful_bd_push/t73_source_aligned_shape_density_20260623_232844_UTC/hard_tuning/source_aligned_shape_density_qd/seed_1001/openai_gpt-oss-120b/RTLLM/Prob037_parallel2serial/Gen3/Prob037_parallel2serial_sample1_single_thought_operator,
source_aligned_shape_density_qd,RTLLM,Prob037_parallel2serial,sequential,3,2b5f295c-a00d-43fa-b349-5c71bef92bb0,single_thought_operator,generation_log,-0,0,50,0.00453,0.27,50,0.00453,0.27,0,0,0,/workspace/exp/useful_bd_push/t73_source_aligned_shape_density_20260623_232844_UTC/hard_tuning/source_aligned_shape_density_qd/seed_1001/openai_gpt-oss-120b/RTLLM/Prob037_parallel2serial/Gen3/Prob037_parallel2serial_sample8_single_thought_operator,
source_aligned_shape_density_qd,RTLLM,Prob041_traffic_light,combinational,0,5f176b71-77c9-4835-92d9-8a45e369c294,initial,generation_log,0.0201282982329,0.0301924473493,176,0.0293,0,170,0.0324,0,-0.0352941176471,0.0956790123457,0,/workspace/exp/useful_bd_push/t73_source_aligned_shape_density_20260623_232844_UTC/hard_tuning/source_aligned_shape_density_qd/seed_1001/openai_gpt-oss-120b/RTLLM/Prob041_traffic_light/Gen0/Prob041_traffic_light_sample7_initial,
source_aligned_shape_density_qd,RTLLM,Prob041_traffic_light,combinational,1,eced14b2-054e-4f5b-8806-6bc114527a60,single_thought_operator,generation_log,0.328827160494,0.493240740741,170,0.000438,0,170,0.0324,0,0,0.986481481481,0,/workspace/exp/useful_bd_push/t73_source_aligned_shape_density_20260623_232844_UTC/hard_tuning/source_aligned_shape_density_qd/seed_1001/openai_gpt-oss-120b/RTLLM/Prob041_traffic_light/Gen1/Prob041_traffic_light_sample2_single_thought_operator,
source_aligned_shape_density_qd,RTLLM,Prob041_traffic_light,combinational,1,34e8d415-e866-472f-964f-6e123e40d0e9,single_thought_operator,generation_log,0.304721617042,0.457082425563,182,0.000494,0,170,0.0324,0,-0.0705882352941,0.98475308642,0,/workspace/exp/useful_bd_push/t73_source_aligned_shape_density_20260623_232844_UTC/hard_tuning/source_aligned_shape_density_qd/seed_1001/openai_gpt-oss-120b/RTLLM/Prob041_traffic_light/Gen1/Prob041_traffic_light_sample3_single_thought_operator,
source_aligned_shape_density_qd,RTLLM,Prob041_traffic_light,combinational,1,adb7f9f2-8132-4415-aa65-53a8971586c1,single_thought_operator,generation_log,0.40382050351,0.605730755265,132,0.000391,0,170,0.0324,0,0.223529411765,0.987932098765,0,/workspace/exp/useful_bd_push/t73_source_aligned_shape_density_20260623_232844_UTC/hard_tuning/source_aligned_shape_density_qd/seed_1001/openai_gpt-oss-120b/RTLLM/Prob041_traffic_light/Gen1/Prob041_traffic_light_sample5_single_thought_operator,
source_aligned_shape_density_qd,RTLLM,Prob041_traffic_light,combinational,1,ef35f109-f1da-4137-88de-54b9669c47a7,single_thought_operator,generation_log,0.40382050351,0.605730755265,132,0.000391,0,170,0.0324,0,0.223529411765,0.987932098765,0,/workspace/exp/useful_bd_push/t73_source_aligned_shape_density_20260623_232844_UTC/hard_tuning/source_aligned_shape_density_qd/seed_1001/openai_gpt-oss-120b/RTLLM/Prob041_traffic_light/Gen1/Prob041_traffic_light_sample7_single_thought_operator,
source_aligned_shape_density_qd,RTLLM,Prob041_traffic_light,combinational,1,051fa705-f02b-4076-9d02-2b54b1981ec3,single_thought_operator,generation_log,-0.0623940934398,-0.0935911401598,195,0.0337,0,170,0.0324,0,-0.147058823529,-0.0401234567901,0,/workspace/exp/useful_bd_push/t73_source_aligned_shape_density_20260623_232844_UTC/hard_tuning/source_aligned_shape_density_qd/seed_1001/openai_gpt-oss-120b/RTLLM/Prob041_traffic_light/Gen1/Prob041_traffic_light_sample8_single_thought_operator,
source_aligned_shape_density_qd,RTLLM,Prob041_traffic_light,combinational,1,18dbe573-c385-4004-afe7-18efc11692bb,single_thought_operator,generation_log,0.362716049383,0.544074074074,153,0.000384,0,170,0.0324,0,0.1,0.988148148148,0,/workspace/exp/useful_bd_push/t73_source_aligned_shape_density_20260623_232844_UTC/hard_tuning/source_aligned_shape_density_qd/seed_1001/openai_gpt-oss-120b/RTLLM/Prob041_traffic_light/Gen1/Prob041_traffic_light_sample10_single_thought_operator,
source_aligned_shape_density_qd,RTLLM,Prob041_traffic_light,combinational,1,bd61440a-08bd-42ca-8fa0-3721dcd518a3,single_thought_operator,generation_log,0.308605664488,0.462908496732,159,0.0045,0,170,0.0324,0,0.0647058823529,0.861111111111,0,/workspace/exp/useful_bd_push/t73_source_aligned_shape_density_20260623_232844_UTC/hard_tuning/source_aligned_shape_density_qd/seed_1001/openai_gpt-oss-120b/RTLLM/Prob041_traffic_light/Gen1/Prob041_traffic_light_sample12_single_thought_operator,
source_aligned_shape_density_qd,RTLLM,Prob041_traffic_light,combinational,2,bed6ee24-8dda-4ebb-ae9a-b2124ee704ab,single_thought_operator,generation_log,0.131517792302,0.197276688453,147,0.024,0,170,0.0324,0,0.135294117647,0.259259259259,0,/workspace/exp/useful_bd_push/t73_source_aligned_shape_density_20260623_232844_UTC/hard_tuning/source_aligned_shape_density_qd/seed_1001/openai_gpt-oss-120b/RTLLM/Prob041_traffic_light/Gen2/Prob041_traffic_light_sample1_single_thought_operator,
source_aligned_shape_density_qd,RTLLM,Prob041_traffic_light,combinational,2,b5ccaea5-daab-4415-ae51-de0164760db9,single_thought_operator,generation_log,0.0357540547083,0.0536310820625,178,0.0274,0,170,0.0324,0,-0.0470588235294,0.154320987654,0,/workspace/exp/useful_bd_push/t73_source_aligned_shape_density_20260623_232844_UTC/hard_tuning/source_aligned_shape_density_qd/seed_1001/openai_gpt-oss-120b/RTLLM/Prob041_traffic_light/Gen2/Prob041_traffic_light_sample2_single_thought_operator,
source_aligned_shape_density_qd,RTLLM,Prob041_traffic_light,combinational,2,df595568-a8f7-4aee-875b-13e568a759f9,single_thought_operator,generation_log,-0.0130234809973,-0.019535221496,163,0.035,0,170,0.0324,0,0.0411764705882,-0.0802469135802,0,/workspace/exp/useful_bd_push/t73_source_aligned_shape_density_20260623_232844_UTC/hard_tuning/source_aligned_shape_density_qd/seed_1001/openai_gpt-oss-120b/RTLLM/Prob041_traffic_light/Gen2/Prob041_traffic_light_sample5_single_thought_operator,
source_aligned_shape_density_qd,RTLLM,Prob041_traffic_light,combinational,2,9403e16d-d479-40bd-b34e-a04c90b4a2a8,single_thought_operator,generation_log,0.0340716533527,0.051107480029,150,0.0329,0,170,0.0324,0,0.117647058824,-0.0154320987654,0,/workspace/exp/useful_bd_push/t73_source_aligned_shape_density_20260623_232844_UTC/hard_tuning/source_aligned_shape_density_qd/seed_1001/openai_gpt-oss-120b/RTLLM/Prob041_traffic_light/Gen2/Prob041_traffic_light_sample6_single_thought_operator,
source_aligned_shape_density_qd,RTLLM,Prob041_traffic_light,combinational,2,248df844-b701-4a18-9614-0e577d1aecd5,single_thought_operator,generation_log,0.362716049383,0.544074074074,153,0.000384,0,170,0.0324,0,0.1,0.988148148148,0,/workspace/exp/useful_bd_push/t73_source_aligned_shape_density_20260623_232844_UTC/hard_tuning/source_aligned_shape_density_qd/seed_1001/openai_gpt-oss-120b/RTLLM/Prob041_traffic_light/Gen2/Prob041_traffic_light_sample8_single_thought_operator,
source_aligned_shape_density_qd,RTLLM,Prob041_traffic_light,combinational,2,6b072e4f-2416-412e-8739-cc5615b59222,single_thought_operator,generation_log,0.00269910433309,0.00404865649964,166,0.0329,0,170,0.0324,0,0.0235294117647,-0.0154320987654,0,/workspace/exp/useful_bd_push/t73_source_aligned_shape_density_20260623_232844_UTC/hard_tuning/source_aligned_shape_density_qd/seed_1001/openai_gpt-oss-120b/RTLLM/Prob041_traffic_light/Gen2/Prob041_traffic_light_sample9_single_thought_operator,
source_aligned_shape_density_qd,RTLLM,Prob041_traffic_light,combinational,2,efa93d27-bb3e-4ad6-831b-b064fa9a8f48,single_thought_operator,generation_log,0.308605664488,0.462908496732,159,0.0045,0,170,0.0324,0,0.0647058823529,0.861111111111,0,/workspace/exp/useful_bd_push/t73_source_aligned_shape_density_20260623_232844_UTC/hard_tuning/source_aligned_shape_density_qd/seed_1001/openai_gpt-oss-120b/RTLLM/Prob041_traffic_light/Gen2/Prob041_traffic_light_sample10_single_thought_operator,
source_aligned_shape_density_qd,RTLLM,Prob041_traffic_light,combinational,3,fd5d574e-cf17-42d7-bccb-97d548484731,single_thought_operator,generation_log,0.120551924473,0.18082788671,140,0.0264,0,170,0.0324,0,0.176470588235,0.185185185185,0,/workspace/exp/useful_bd_push/t73_source_aligned_shape_density_20260623_232844_UTC/hard_tuning/source_aligned_shape_density_qd/seed_1001/openai_gpt-oss-120b/RTLLM/Prob041_traffic_light/Gen3/Prob041_traffic_light_sample4_single_thought_operator,
source_aligned_shape_density_qd,RTLLM,Prob041_traffic_light,combinational,3,547ed907-3e3e-4433-bf8d-98963f845fe4,single_thought_operator,generation_log,0.131517792302,0.197276688453,147,0.024,0,170,0.0324,0,0.135294117647,0.259259259259,0,/workspace/exp/useful_bd_push/t73_source_aligned_shape_density_20260623_232844_UTC/hard_tuning/source_aligned_shape_density_qd/seed_1001/openai_gpt-oss-120b/RTLLM/Prob041_traffic_light/Gen3/Prob041_traffic_light_sample6_single_thought_operator,
source_aligned_shape_density_qd,RTLLM,Prob041_traffic_light,combinational,3,cbd46c1f-8884-4f13-af6a-9a840bbd3f52,single_thought_operator,generation_log,0.389132171387,0.583698257081,140,0.000294,0,170,0.0324,0,0.176470588235,0.990925925926,0,/workspace/exp/useful_bd_push/t73_source_aligned_shape_density_20260623_232844_UTC/hard_tuning/source_aligned_shape_density_qd/seed_1001/openai_gpt-oss-120b/RTLLM/Prob041_traffic_light/Gen3/Prob041_traffic_light_sample7_single_thought_operator,
source_aligned_shape_density_qd,RTLLM,Prob041_traffic_light,combinational,3,64417802-cb01-42ae-99df-b0c8386ba80c,single_thought_operator,generation_log,0.131517792302,0.197276688453,147,0.024,0,170,0.0324,0,0.135294117647,0.259259259259,0,/workspace/exp/useful_bd_push/t73_source_aligned_shape_density_20260623_232844_UTC/hard_tuning/source_aligned_shape_density_qd/seed_1001/openai_gpt-oss-120b/RTLLM/Prob041_traffic_light/Gen3/Prob041_traffic_light_sample8_single_thought_operator,
source_aligned_shape_density_qd,RTLLM,Prob041_traffic_light,combinational,3,05602929-1432-4e55-bdb9-9472ab9dcf5b,single_thought_operator,generation_log,0.355438755749,0.533158133624,157,0.000329,0,170,0.0324,0,0.0764705882353,0.989845679012,0,/workspace/exp/useful_bd_push/t73_source_aligned_shape_density_20260623_232844_UTC/hard_tuning/source_aligned_shape_density_qd/seed_1001/openai_gpt-oss-120b/RTLLM/Prob041_traffic_light/Gen3/Prob041_traffic_light_sample9_single_thought_operator,
source_aligned_shape_density_qd,RTLLM,Prob041_traffic_light,combinational,3,cf1d4e99-526d-4ce6-a33e-203b5a02e1f8,single_thought_operator,generation_log,0.131517792302,0.197276688453,147,0.024,0,170,0.0324,0,0.135294117647,0.259259259259,0,/workspace/exp/useful_bd_push/t73_source_aligned_shape_density_20260623_232844_UTC/hard_tuning/source_aligned_shape_density_qd/seed_1001/openai_gpt-oss-120b/RTLLM/Prob041_traffic_light/Gen3/Prob041_traffic_light_sample10_single_thought_operator,
source_aligned_shape_density_qd,RTLLM,Prob045_alu,combinational,0,3570200c-5bb7-44d3-864a-791fc4ee2924,initial,generation_log,0.365892962744,0.548839444116,1986,0.00111,0,2225,0.114,0,0.107415730337,0.990263157895,0,/workspace/exp/useful_bd_push/t73_source_aligned_shape_density_20260623_232844_UTC/hard_tuning/source_aligned_shape_density_qd/seed_1001/openai_gpt-oss-120b/RTLLM/Prob045_alu/Gen0/Prob045_alu_sample1_initial,
source_aligned_shape_density_qd,RTLLM,Prob045_alu,combinational,0,d5b29eac-3848-4e9e-8307-203a2b2e0d45,initial,generation_log,0.382876667324,0.574315000986,1874,0.00104,0,2225,0.114,0,0.157752808989,0.990877192982,0,/workspace/exp/useful_bd_push/t73_source_aligned_shape_density_20260623_232844_UTC/hard_tuning/source_aligned_shape_density_qd/seed_1001/openai_gpt-oss-120b/RTLLM/Prob045_alu/Gen0/Prob045_alu_sample2_initial,
source_aligned_shape_density_qd,RTLLM,Prob045_alu,combinational,0,e2eb3c57-0cf5-4b85-b7f1-3b6a73a882be,initial,generation_log,0.377574742099,0.566362113148,1909,0.00106,0,2225,0.114,0,0.14202247191,0.990701754386,0,/workspace/exp/useful_bd_push/t73_source_aligned_shape_density_20260623_232844_UTC/hard_tuning/source_aligned_shape_density_qd/seed_1001/openai_gpt-oss-120b/RTLLM/Prob045_alu/Gen0/Prob045_alu_sample5_initial,
source_aligned_shape_density_qd,RTLLM,Prob045_alu,combinational,0,40315102-f3f8-43ea-acc3-8b59ebb94e2f,initial,generation_log,0.379555161312,0.569332741967,1895,0.0011,0,2225,0.114,0,0.148314606742,0.990350877193,0,/workspace/exp/useful_bd_push/t73_source_aligned_shape_density_20260623_232844_UTC/hard_tuning/source_aligned_shape_density_qd/seed_1001/openai_gpt-oss-120b/RTLLM/Prob045_alu/Gen0/Prob045_alu_sample6_initial,
source_aligned_shape_density_qd,RTLLM,Prob045_alu,combinational,0,432a55f5-8258-4857-9777-5dddce09d1c2,initial,generation_log,0.383567251462,0.575350877193,1869,0.00106,0,2225,0.114,0,0.16,0.990701754386,0,/workspace/exp/useful_bd_push/t73_source_aligned_shape_density_20260623_232844_UTC/hard_tuning/source_aligned_shape_density_qd/seed_1001/openai_gpt-oss-120b/RTLLM/Prob045_alu/Gen0/Prob045_alu_sample10_initial,
source_aligned_shape_density_qd,RTLLM,Prob045_alu,combinational,0,bab7e050-070e-4dfd-a08b-b434e86144f7,initial,generation_log,0.379043629673,0.56856544451,1899,0.00107,0,2225,0.114,0,0.146516853933,0.990614035088,0,/workspace/exp/useful_bd_push/t73_source_aligned_shape_density_20260623_232844_UTC/hard_tuning/source_aligned_shape_density_qd/seed_1001/openai_gpt-oss-120b/RTLLM/Prob045_alu/Gen0/Prob045_alu_sample12_initial,
source_aligned_shape_density_qd,RTLLM,Prob045_alu,combinational,1,07203b9c-515b-451d-bc3b-4a4e3a6a1e2f,single_thought_operator,generation_log,0.37631414679,0.564471220185,1918,0.00103,0,2225,0.114,0,0.13797752809,0.990964912281,0,/workspace/exp/useful_bd_push/t73_source_aligned_shape_density_20260623_232844_UTC/hard_tuning/source_aligned_shape_density_qd/seed_1001/openai_gpt-oss-120b/RTLLM/Prob045_alu/Gen1/Prob045_alu_sample1_single_thought_operator,
source_aligned_shape_density_qd,RTLLM,Prob045_alu,combinational,1,aac5edba-cd03-4f91-84f7-41d3b4d20f35,single_thought_operator,generation_log,0.380154412248,0.570231618372,1891,0.0011,0,2225,0.114,0,0.150112359551,0.990350877193,0,/workspace/exp/useful_bd_push/t73_source_aligned_shape_density_20260623_232844_UTC/hard_tuning/source_aligned_shape_density_qd/seed_1001/openai_gpt-oss-120b/RTLLM/Prob045_alu/Gen1/Prob045_alu_sample2_single_thought_operator,
source_aligned_shape_density_qd,RTLLM,Prob045_alu,combinational,1,29e93097-7b92-4778-becf-6a5e6536407e,single_thought_operator,generation_log,0.377158157566,0.565737236349,1911,0.0011,0,2225,0.114,0,0.141123595506,0.990350877193,0,/workspace/exp/useful_bd_push/t73_source_aligned_shape_density_20260623_232844_UTC/hard_tuning/source_aligned_shape_density_qd/seed_1001/openai_gpt-oss-120b/RTLLM/Prob045_alu/Gen1/Prob045_alu_sample6_single_thought_operator,
source_aligned_shape_density_qd,RTLLM,Prob045_alu,combinational,1,9217d360-9206-4f32-9d10-26027099cfda,single_thought_operator,generation_log,0.372784348512,0.559176522768,1940,0.00111,0,2225,0.114,0,0.12808988764,0.990263157895,0,/workspace/exp/useful_bd_push/t73_source_aligned_shape_density_20260623_232844_UTC/hard_tuning/source_aligned_shape_density_qd/seed_1001/openai_gpt-oss-120b/RTLLM/Prob045_alu/Gen1/Prob045_alu_sample9_single_thought_operator,
source_aligned_shape_density_qd,RTLLM,Prob045_alu,combinational,1,883fb55b-00d0-4efc-a5fb-7e4953a5666c,single_thought_operator,generation_log,0.371735659373,0.55760348906,1947,0.00111,0,2225,0.114,0,0.124943820225,0.990263157895,0,/workspace/exp/useful_bd_push/t73_source_aligned_shape_density_20260623_232844_UTC/hard_tuning/source_aligned_shape_density_qd/seed_1001/openai_gpt-oss-120b/RTLLM/Prob045_alu/Gen1/Prob045_alu_sample11_single_thought_operator,
source_aligned_shape_density_qd,RTLLM,Prob045_alu,combinational,2,8606c2dd-c4ec-4ba9-a7a3-b4ce65f59cf1,single_thought_operator,generation_log,0.388511071687,0.58276660753,1836,0.00106,0,2225,0.114,0,0.174831460674,0.990701754386,0,/workspace/exp/useful_bd_push/t73_source_aligned_shape_density_20260623_232844_UTC/hard_tuning/source_aligned_shape_density_qd/seed_1001/openai_gpt-oss-120b/RTLLM/Prob045_alu/Gen2/Prob045_alu_sample2_single_thought_operator,
source_aligned_shape_density_qd,RTLLM,Prob045_alu,combinational,2,968d619d-36b6-4466-826f-38cab62189ca,single_thought_operator,generation_log,0.373288652342,0.559932978514,1938,0.00104,0,2225,0.114,0,0.128988764045,0.990877192982,0,/workspace/exp/useful_bd_push/t73_source_aligned_shape_density_20260623_232844_UTC/hard_tuning/source_aligned_shape_density_qd/seed_1001/openai_gpt-oss-120b/RTLLM/Prob045_alu/Gen2/Prob045_alu_sample3_single_thought_operator,
source_aligned_shape_density_qd,RTLLM,Prob045_alu,combinational,2,977c6d55-322e-4199-9da4-0c1c367b5d1a,single_thought_operator,generation_log,0.365326565477,0.547989848216,1989,0.00115,0,2225,0.114,0,0.10606741573,0.989912280702,0,/workspace/exp/useful_bd_push/t73_source_aligned_shape_density_20260623_232844_UTC/hard_tuning/source_aligned_shape_density_qd/seed_1001/openai_gpt-oss-120b/RTLLM/Prob045_alu/Gen2/Prob045_alu_sample6_single_thought_operator,
source_aligned_shape_density_qd,RTLLM,Prob045_alu,combinational,2,bee7e509-f12c-4605-89cc-2890739bf01d,single_thought_operator,generation_log,0.362900321966,0.544350482949,2005,0.00116,0,2225,0.114,0,0.0988764044944,0.989824561404,0,/workspace/exp/useful_bd_push/t73_source_aligned_shape_density_20260623_232844_UTC/hard_tuning/source_aligned_shape_density_qd/seed_1001/openai_gpt-oss-120b/RTLLM/Prob045_alu/Gen2/Prob045_alu_sample8_single_thought_operator,
source_aligned_shape_density_qd,RTLLM,Prob045_alu,combinational,2,35b1070e-a299-48ca-be1e-1f6640537422,single_thought_operator,generation_log,0.387254090282,0.580881135423,1844,0.00108,0,2225,0.114,0,0.171235955056,0.990526315789,0,/workspace/exp/useful_bd_push/t73_source_aligned_shape_density_20260623_232844_UTC/hard_tuning/source_aligned_shape_density_qd/seed_1001/openai_gpt-oss-120b/RTLLM/Prob045_alu/Gen2/Prob045_alu_sample10_single_thought_operator,
source_aligned_shape_density_qd,RTLLM,Prob045_alu,combinational,2,e33cecd4-d09f-42e5-b7e4-e64facf072c1,single_thought_operator,generation_log,0.393230599908,0.589845899862,1806,0.000983,0,2225,0.114,0,0.188314606742,0.991377192982,0,/workspace/exp/useful_bd_push/t73_source_aligned_shape_density_20260623_232844_UTC/hard_tuning/source_aligned_shape_density_qd/seed_1001/openai_gpt-oss-120b/RTLLM/Prob045_alu/Gen2/Prob045_alu_sample12_single_thought_operator,
source_aligned_shape_density_qd,RTLLM,Prob045_alu,combinational,3,1ad011bf-7702-4475-9a0e-10e05bd3aa6e,single_thought_operator,generation_log,0.369875813128,0.554813719692,1960,0.00108,0,2225,0.114,0,0.119101123596,0.990526315789,0,/workspace/exp/useful_bd_push/t73_source_aligned_shape_density_20260623_232844_UTC/hard_tuning/source_aligned_shape_density_qd/seed_1001/openai_gpt-oss-120b/RTLLM/Prob045_alu/Gen3/Prob045_alu_sample2_single_thought_operator,
source_aligned_shape_density_qd,RTLLM,Prob045_alu,combinational,3,88d17b1c-5a58-4e1d-b5fa-5923dc173e37,single_thought_operator,generation_log,0.376588146396,0.564882219594,1915,0.00109,0,2225,0.114,0,0.139325842697,0.990438596491,0,/workspace/exp/useful_bd_push/t73_source_aligned_shape_density_20260623_232844_UTC/hard_tuning/source_aligned_shape_density_qd/seed_1001/openai_gpt-oss-120b/RTLLM/Prob045_alu/Gen3/Prob045_alu_sample5_single_thought_operator,
source_aligned_shape_density_qd,RTLLM,Prob045_alu,combinational,3,b2aff797-0bf5-4e69-b16d-3e558e3dce84,single_thought_operator,generation_log,0.381890071621,0.572835107432,1880,0.00107,0,2225,0.114,0,0.155056179775,0.990614035088,0,/workspace/exp/useful_bd_push/t73_source_aligned_shape_density_20260623_232844_UTC/hard_tuning/source_aligned_shape_density_qd/seed_1001/openai_gpt-oss-120b/RTLLM/Prob045_alu/Gen3/Prob045_alu_sample9_single_thought_operator,
source_aligned_shape_density_qd,RTLLM,Prob045_alu,combinational,3,c49683a4-12ef-4531-aef3-ea7fa849be61,single_thought_operator,generation_log,0.407022143373,0.61053321506,1714,0.00098,0,2225,0.114,0,0.229662921348,0.991403508772,0,/workspace/exp/useful_bd_push/t73_source_aligned_shape_density_20260623_232844_UTC/hard_tuning/source_aligned_shape_density_qd/seed_1001/openai_gpt-oss-120b/RTLLM/Prob045_alu/Gen3/Prob045_alu_sample10_single_thought_operator,
source_aligned_shape_density_qd,RTLLM,Prob049_signal_generator,sequential,0,0c0831c3-52f6-49a3-bbdb-bd8b16449ace,initial,generation_log,0.234774694403,0.234774694403,82,0.00252,0.38,94,0.00467,0.43,0.127659574468,0.460385438972,0.116279069767,/workspace/exp/useful_bd_push/t73_source_aligned_shape_density_20260623_232844_UTC/hard_tuning/source_aligned_shape_density_qd/seed_1001/openai_gpt-oss-120b/RTLLM/Prob049_signal_generator/Gen0/Prob049_signal_generator_sample1_initial,
source_aligned_shape_density_qd,RTLLM,Prob049_signal_generator,sequential,0,690fb7cb-267d-450f-b540-401dde6cfbf4,initial,generation_log,0.234774694403,0.234774694403,82,0.00252,0.38,94,0.00467,0.43,0.127659574468,0.460385438972,0.116279069767,/workspace/exp/useful_bd_push/t73_source_aligned_shape_density_20260623_232844_UTC/hard_tuning/source_aligned_shape_density_qd/seed_1001/openai_gpt-oss-120b/RTLLM/Prob049_signal_generator/Gen0/Prob049_signal_generator_sample2_initial,
source_aligned_shape_density_qd,RTLLM,Prob049_signal_generator,sequential,0,59c5806e-008d-432f-9431-a1ec108bf195,initial,generation_log,0.234774694403,0.234774694403,82,0.00252,0.38,94,0.00467,0.43,0.127659574468,0.460385438972,0.116279069767,/workspace/exp/useful_bd_push/t73_source_aligned_shape_density_20260623_232844_UTC/hard_tuning/source_aligned_shape_density_qd/seed_1001/openai_gpt-oss-120b/RTLLM/Prob049_signal_generator/Gen0/Prob049_signal_generator_sample3_initial,
source_aligned_shape_density_qd,RTLLM,Prob049_signal_generator,sequential,0,82045baa-7a75-4f1e-8cd4-1a684ec7954b,initial,generation_log,0.234774694403,0.234774694403,82,0.00252,0.38,94,0.00467,0.43,0.127659574468,0.460385438972,0.116279069767,/workspace/exp/useful_bd_push/t73_source_aligned_shape_density_20260623_232844_UTC/hard_tuning/source_aligned_shape_density_qd/seed_1001/openai_gpt-oss-120b/RTLLM/Prob049_signal_generator/Gen0/Prob049_signal_generator_sample4_initial,
source_aligned_shape_density_qd,RTLLM,Prob049_signal_generator,sequential,0,22fe60ec-dd27-437f-947c-5b5798574306,initial,generation_log,0.234774694403,0.234774694403,82,0.00252,0.38,94,0.00467,0.43,0.127659574468,0.460385438972,0.116279069767,/workspace/exp/useful_bd_push/t73_source_aligned_shape_density_20260623_232844_UTC/hard_tuning/source_aligned_shape_density_qd/seed_1001/openai_gpt-oss-120b/RTLLM/Prob049_signal_generator/Gen0/Prob049_signal_generator_sample5_initial,
source_aligned_shape_density_qd,RTLLM,Prob049_signal_generator,sequential,0,7b175f6c-d0c8-4751-a13f-550c701ce58c,initial,generation_log,0.234774694403,0.234774694403,82,0.00252,0.38,94,0.00467,0.43,0.127659574468,0.460385438972,0.116279069767,/workspace/exp/useful_bd_push/t73_source_aligned_shape_density_20260623_232844_UTC/hard_tuning/source_aligned_shape_density_qd/seed_1001/openai_gpt-oss-120b/RTLLM/Prob049_signal_generator/Gen0/Prob049_signal_generator_sample6_initial,
source_aligned_shape_density_qd,RTLLM,Prob049_signal_generator,sequential,0,f69fb7b5-fd82-46e6-be90-38a15904b568,initial,generation_log,0.234774694403,0.234774694403,82,0.00252,0.38,94,0.00467,0.43,0.127659574468,0.460385438972,0.116279069767,/workspace/exp/useful_bd_push/t73_source_aligned_shape_density_20260623_232844_UTC/hard_tuning/source_aligned_shape_density_qd/seed_1001/openai_gpt-oss-120b/RTLLM/Prob049_signal_generator/Gen0/Prob049_signal_generator_sample9_initial,
source_aligned_shape_density_qd,RTLLM,Prob049_signal_generator,sequential,0,4cd25f81-85c6-472c-8d52-3b7b2fc26de0,initial,generation_log,0.234774694403,0.234774694403,82,0.00252,0.38,94,0.00467,0.43,0.127659574468,0.460385438972,0.116279069767,/workspace/exp/useful_bd_push/t73_source_aligned_shape_density_20260623_232844_UTC/hard_tuning/source_aligned_shape_density_qd/seed_1001/openai_gpt-oss-120b/RTLLM/Prob049_signal_generator/Gen0/Prob049_signal_generator_sample10_initial,
source_aligned_shape_density_qd,RTLLM,Prob049_signal_generator,sequential,0,116f025a-30e3-4d23-94fb-afedd7ef06a9,initial,generation_log,0.234774694403,0.234774694403,82,0.00252,0.38,94,0.00467,0.43,0.127659574468,0.460385438972,0.116279069767,/workspace/exp/useful_bd_push/t73_source_aligned_shape_density_20260623_232844_UTC/hard_tuning/source_aligned_shape_density_qd/seed_1001/openai_gpt-oss-120b/RTLLM/Prob049_signal_generator/Gen0/Prob049_signal_generator_sample11_initial,
source_aligned_shape_density_qd,RTLLM,Prob049_signal_generator,sequential,0,687270d7-518f-4726-a158-6dfb04126b6d,initial,generation_log,0.234774694403,0.234774694403,82,0.00252,0.38,94,0.00467,0.43,0.127659574468,0.460385438972,0.116279069767,/workspace/exp/useful_bd_push/t73_source_aligned_shape_density_20260623_232844_UTC/hard_tuning/source_aligned_shape_density_qd/seed_1001/openai_gpt-oss-120b/RTLLM/Prob049_signal_generator/Gen0/Prob049_signal_generator_sample12_initial,
source_aligned_shape_density_qd,RTLLM,Prob049_signal_generator,sequential,1,836f0747-2f25-40ea-a727-bedecfb21d16,single_thought_operator,generation_log,0.234774694403,0.234774694403,82,0.00252,0.38,94,0.00467,0.43,0.127659574468,0.460385438972,0.116279069767,/workspace/exp/useful_bd_push/t73_source_aligned_shape_density_20260623_232844_UTC/hard_tuning/source_aligned_shape_density_qd/seed_1001/openai_gpt-oss-120b/RTLLM/Prob049_signal_generator/Gen1/Prob049_signal_generator_sample1_single_thought_operator,
source_aligned_shape_density_qd,RTLLM,Prob049_signal_generator,sequential,1,e197dd96-71e1-45fe-abf3-04ddc42256c2,single_thought_operator,generation_log,0.234774694403,0.234774694403,82,0.00252,0.38,94,0.00467,0.43,0.127659574468,0.460385438972,0.116279069767,/workspace/exp/useful_bd_push/t73_source_aligned_shape_density_20260623_232844_UTC/hard_tuning/source_aligned_shape_density_qd/seed_1001/openai_gpt-oss-120b/RTLLM/Prob049_signal_generator/Gen1/Prob049_signal_generator_sample2_single_thought_operator,
source_aligned_shape_density_qd,RTLLM,Prob049_signal_generator,sequential,1,c49974b6-c60f-44a8-bbdb-32f287d600cf,single_thought_operator,generation_log,0.234774694403,0.234774694403,82,0.00252,0.38,94,0.00467,0.43,0.127659574468,0.460385438972,0.116279069767,/workspace/exp/useful_bd_push/t73_source_aligned_shape_density_20260623_232844_UTC/hard_tuning/source_aligned_shape_density_qd/seed_1001/openai_gpt-oss-120b/RTLLM/Prob049_signal_generator/Gen1/Prob049_signal_generator_sample3_single_thought_operator,
source_aligned_shape_density_qd,RTLLM,Prob049_signal_generator,sequential,1,1c0d38e5-102e-4d77-a559-8a08be95c1a4,single_thought_operator,generation_log,0.234774694403,0.234774694403,82,0.00252,0.38,94,0.00467,0.43,0.127659574468,0.460385438972,0.116279069767,/workspace/exp/useful_bd_push/t73_source_aligned_shape_density_20260623_232844_UTC/hard_tuning/source_aligned_shape_density_qd/seed_1001/openai_gpt-oss-120b/RTLLM/Prob049_signal_generator/Gen1/Prob049_signal_generator_sample4_single_thought_operator,
source_aligned_shape_density_qd,RTLLM,Prob049_signal_generator,sequential,1,31fd9150-e940-4448-834a-ba26f65bf547,single_thought_operator,generation_log,0.234774694403,0.234774694403,82,0.00252,0.38,94,0.00467,0.43,0.127659574468,0.460385438972,0.116279069767,/workspace/exp/useful_bd_push/t73_source_aligned_shape_density_20260623_232844_UTC/hard_tuning/source_aligned_shape_density_qd/seed_1001/openai_gpt-oss-120b/RTLLM/Prob049_signal_generator/Gen1/Prob049_signal_generator_sample5_single_thought_operator,
source_aligned_shape_density_qd,RTLLM,Prob049_signal_generator,sequential,1,ca3e19a3-f174-4ab5-b952-12bb6530da5e,single_thought_operator,generation_log,0.234774694403,0.234774694403,82,0.00252,0.38,94,0.00467,0.43,0.127659574468,0.460385438972,0.116279069767,/workspace/exp/useful_bd_push/t73_source_aligned_shape_density_20260623_232844_UTC/hard_tuning/source_aligned_shape_density_qd/seed_1001/openai_gpt-oss-120b/RTLLM/Prob049_signal_generator/Gen1/Prob049_signal_generator_sample6_single_thought_operator,
source_aligned_shape_density_qd,RTLLM,Prob049_signal_generator,sequential,1,833ea9c9-5de0-4ba4-bb3f-08290ea1e892,single_thought_operator,generation_log,0.234774694403,0.234774694403,82,0.00252,0.38,94,0.00467,0.43,0.127659574468,0.460385438972,0.116279069767,/workspace/exp/useful_bd_push/t73_source_aligned_shape_density_20260623_232844_UTC/hard_tuning/source_aligned_shape_density_qd/seed_1001/openai_gpt-oss-120b/RTLLM/Prob049_signal_generator/Gen1/Prob049_signal_generator_sample7_single_thought_operator,
source_aligned_shape_density_qd,RTLLM,Prob049_signal_generator,sequential,1,d78ce883-b53d-4cdc-b2f2-50b17936b4e7,single_thought_operator,generation_log,0.234774694403,0.234774694403,82,0.00252,0.38,94,0.00467,0.43,0.127659574468,0.460385438972,0.116279069767,/workspace/exp/useful_bd_push/t73_source_aligned_shape_density_20260623_232844_UTC/hard_tuning/source_aligned_shape_density_qd/seed_1001/openai_gpt-oss-120b/RTLLM/Prob049_signal_generator/Gen1/Prob049_signal_generator_sample8_single_thought_operator,
source_aligned_shape_density_qd,RTLLM,Prob049_signal_generator,sequential,1,ecaaca43-ef1a-4020-abfc-504a54da67b5,single_thought_operator,generation_log,0.263803228132,0.263803228132,76,0.00252,0.37,94,0.00467,0.43,0.191489361702,0.460385438972,0.139534883721,/workspace/exp/useful_bd_push/t73_source_aligned_shape_density_20260623_232844_UTC/hard_tuning/source_aligned_shape_density_qd/seed_1001/openai_gpt-oss-120b/RTLLM/Prob049_signal_generator/Gen1/Prob049_signal_generator_sample10_single_thought_operator,
source_aligned_shape_density_qd,RTLLM,Prob049_signal_generator,sequential,1,22dc8f01-9647-4187-b776-d57952ebaf24,single_thought_operator,generation_log,0.234774694403,0.234774694403,82,0.00252,0.38,94,0.00467,0.43,0.127659574468,0.460385438972,0.116279069767,/workspace/exp/useful_bd_push/t73_source_aligned_shape_density_20260623_232844_UTC/hard_tuning/source_aligned_shape_density_qd/seed_1001/openai_gpt-oss-120b/RTLLM/Prob049_signal_generator/Gen1/Prob049_signal_generator_sample11_single_thought_operator,
source_aligned_shape_density_qd,RTLLM,Prob049_signal_generator,sequential,1,a37ffc84-b582-4ffa-98ea-543bcd0b0b50,single_thought_operator,generation_log,0.234774694403,0.234774694403,82,0.00252,0.38,94,0.00467,0.43,0.127659574468,0.460385438972,0.116279069767,/workspace/exp/useful_bd_push/t73_source_aligned_shape_density_20260623_232844_UTC/hard_tuning/source_aligned_shape_density_qd/seed_1001/openai_gpt-oss-120b/RTLLM/Prob049_signal_generator/Gen1/Prob049_signal_generator_sample12_single_thought_operator,
source_aligned_shape_density_qd,RTLLM,Prob049_signal_generator,sequential,2,8823e4af-642a-4c4a-a088-c83d0d480cd4,single_thought_operator,generation_log,0.234774694403,0.234774694403,82,0.00252,0.38,94,0.00467,0.43,0.127659574468,0.460385438972,0.116279069767,/workspace/exp/useful_bd_push/t73_source_aligned_shape_density_20260623_232844_UTC/hard_tuning/source_aligned_shape_density_qd/seed_1001/openai_gpt-oss-120b/RTLLM/Prob049_signal_generator/Gen2/Prob049_signal_generator_sample1_single_thought_operator,
source_aligned_shape_density_qd,RTLLM,Prob049_signal_generator,sequential,2,f73846b6-f9db-42d0-997c-3be05a1a1da2,single_thought_operator,generation_log,0.234774694403,0.234774694403,82,0.00252,0.38,94,0.00467,0.43,0.127659574468,0.460385438972,0.116279069767,/workspace/exp/useful_bd_push/t73_source_aligned_shape_density_20260623_232844_UTC/hard_tuning/source_aligned_shape_density_qd/seed_1001/openai_gpt-oss-120b/RTLLM/Prob049_signal_generator/Gen2/Prob049_signal_generator_sample2_single_thought_operator,
source_aligned_shape_density_qd,RTLLM,Prob049_signal_generator,sequential,2,6fc3786f-cfdf-4437-bf86-55f46186b168,single_thought_operator,generation_log,0.234774694403,0.234774694403,82,0.00252,0.38,94,0.00467,0.43,0.127659574468,0.460385438972,0.116279069767,/workspace/exp/useful_bd_push/t73_source_aligned_shape_density_20260623_232844_UTC/hard_tuning/source_aligned_shape_density_qd/seed_1001/openai_gpt-oss-120b/RTLLM/Prob049_signal_generator/Gen2/Prob049_signal_generator_sample3_single_thought_operator,
source_aligned_shape_density_qd,RTLLM,Prob049_signal_generator,sequential,2,f9923c40-fe3a-4b5e-9466-6a71f9096d56,single_thought_operator,generation_log,0.234774694403,0.234774694403,82,0.00252,0.38,94,0.00467,0.43,0.127659574468,0.460385438972,0.116279069767,/workspace/exp/useful_bd_push/t73_source_aligned_shape_density_20260623_232844_UTC/hard_tuning/source_aligned_shape_density_qd/seed_1001/openai_gpt-oss-120b/RTLLM/Prob049_signal_generator/Gen2/Prob049_signal_generator_sample5_single_thought_operator,
source_aligned_shape_density_qd,RTLLM,Prob049_signal_generator,sequential,2,0d17a92f-3851-47cd-8398-f0a03b73f77a,single_thought_operator,generation_log,0.234774694403,0.234774694403,82,0.00252,0.38,94,0.00467,0.43,0.127659574468,0.460385438972,0.116279069767,/workspace/exp/useful_bd_push/t73_source_aligned_shape_density_20260623_232844_UTC/hard_tuning/source_aligned_shape_density_qd/seed_1001/openai_gpt-oss-120b/RTLLM/Prob049_signal_generator/Gen2/Prob049_signal_generator_sample7_single_thought_operator,
source_aligned_shape_density_qd,RTLLM,Prob049_signal_generator,sequential,2,8075c382-4c9d-4cf8-88e9-bac0933ca4ca,single_thought_operator,generation_log,0.234774694403,0.234774694403,82,0.00252,0.38,94,0.00467,0.43,0.127659574468,0.460385438972,0.116279069767,/workspace/exp/useful_bd_push/t73_source_aligned_shape_density_20260623_232844_UTC/hard_tuning/source_aligned_shape_density_qd/seed_1001/openai_gpt-oss-120b/RTLLM/Prob049_signal_generator/Gen2/Prob049_signal_generator_sample8_single_thought_operator,
source_aligned_shape_density_qd,RTLLM,Prob049_signal_generator,sequential,2,54448d4b-182b-4b1b-97fd-f73f32738bef,single_thought_operator,generation_log,0.234774694403,0.234774694403,82,0.00252,0.38,94,0.00467,0.43,0.127659574468,0.460385438972,0.116279069767,/workspace/exp/useful_bd_push/t73_source_aligned_shape_density_20260623_232844_UTC/hard_tuning/source_aligned_shape_density_qd/seed_1001/openai_gpt-oss-120b/RTLLM/Prob049_signal_generator/Gen2/Prob049_signal_generator_sample9_single_thought_operator,
source_aligned_shape_density_qd,RTLLM,Prob049_signal_generator,sequential,2,a08ec54a-1cd2-43c4-9fda-fe77184c7cb5,single_thought_operator,generation_log,0.234774694403,0.234774694403,82,0.00252,0.38,94,0.00467,0.43,0.127659574468,0.460385438972,0.116279069767,/workspace/exp/useful_bd_push/t73_source_aligned_shape_density_20260623_232844_UTC/hard_tuning/source_aligned_shape_density_qd/seed_1001/openai_gpt-oss-120b/RTLLM/Prob049_signal_generator/Gen2/Prob049_signal_generator_sample10_single_thought_operator,
source_aligned_shape_density_qd,RTLLM,Prob049_signal_generator,sequential,2,cd0db4a0-3f92-4395-b387-e76772ac0d26,single_thought_operator,generation_log,0.234774694403,0.234774694403,82,0.00252,0.38,94,0.00467,0.43,0.127659574468,0.460385438972,0.116279069767,/workspace/exp/useful_bd_push/t73_source_aligned_shape_density_20260623_232844_UTC/hard_tuning/source_aligned_shape_density_qd/seed_1001/openai_gpt-oss-120b/RTLLM/Prob049_signal_generator/Gen2/Prob049_signal_generator_sample11_single_thought_operator,
source_aligned_shape_density_qd,RTLLM,Prob049_signal_generator,sequential,2,46e60003-06d2-44c9-93fc-7205940be5d7,single_thought_operator,generation_log,0.234774694403,0.234774694403,82,0.00252,0.38,94,0.00467,0.43,0.127659574468,0.460385438972,0.116279069767,/workspace/exp/useful_bd_push/t73_source_aligned_shape_density_20260623_232844_UTC/hard_tuning/source_aligned_shape_density_qd/seed_1001/openai_gpt-oss-120b/RTLLM/Prob049_signal_generator/Gen2/Prob049_signal_generator_sample12_single_thought_operator,
source_aligned_shape_density_qd,RTLLM,Prob049_signal_generator,sequential,3,1c6e37a8-5f30-4430-b0bc-3f5542ce9a61,single_thought_operator,generation_log,0.234774694403,0.234774694403,82,0.00252,0.38,94,0.00467,0.43,0.127659574468,0.460385438972,0.116279069767,/workspace/exp/useful_bd_push/t73_source_aligned_shape_density_20260623_232844_UTC/hard_tuning/source_aligned_shape_density_qd/seed_1001/openai_gpt-oss-120b/RTLLM/Prob049_signal_generator/Gen3/Prob049_signal_generator_sample1_single_thought_operator,
source_aligned_shape_density_qd,RTLLM,Prob049_signal_generator,sequential,3,b888aef5-9bb6-46ef-91b2-704f14e073f8,single_thought_operator,generation_log,0.234774694403,0.234774694403,82,0.00252,0.38,94,0.00467,0.43,0.127659574468,0.460385438972,0.116279069767,/workspace/exp/useful_bd_push/t73_source_aligned_shape_density_20260623_232844_UTC/hard_tuning/source_aligned_shape_density_qd/seed_1001/openai_gpt-oss-120b/RTLLM/Prob049_signal_generator/Gen3/Prob049_signal_generator_sample2_single_thought_operator,
source_aligned_shape_density_qd,RTLLM,Prob049_signal_generator,sequential,3,6cace1cf-f09f-4cd2-8c59-10dd1ac355e3,single_thought_operator,generation_log,0.234774694403,0.234774694403,82,0.00252,0.38,94,0.00467,0.43,0.127659574468,0.460385438972,0.116279069767,/workspace/exp/useful_bd_push/t73_source_aligned_shape_density_20260623_232844_UTC/hard_tuning/source_aligned_shape_density_qd/seed_1001/openai_gpt-oss-120b/RTLLM/Prob049_signal_generator/Gen3/Prob049_signal_generator_sample3_single_thought_operator,
source_aligned_shape_density_qd,RTLLM,Prob049_signal_generator,sequential,3,8e2311fd-41a3-4311-aed4-3b91ac5859be,single_thought_operator,generation_log,0.234774694403,0.234774694403,82,0.00252,0.38,94,0.00467,0.43,0.127659574468,0.460385438972,0.116279069767,/workspace/exp/useful_bd_push/t73_source_aligned_shape_density_20260623_232844_UTC/hard_tuning/source_aligned_shape_density_qd/seed_1001/openai_gpt-oss-120b/RTLLM/Prob049_signal_generator/Gen3/Prob049_signal_generator_sample4_single_thought_operator,
source_aligned_shape_density_qd,RTLLM,Prob049_signal_generator,sequential,3,aeda3013-1a46-4cf6-ba41-707066b9dcf2,single_thought_operator,generation_log,0.234774694403,0.234774694403,82,0.00252,0.38,94,0.00467,0.43,0.127659574468,0.460385438972,0.116279069767,/workspace/exp/useful_bd_push/t73_source_aligned_shape_density_20260623_232844_UTC/hard_tuning/source_aligned_shape_density_qd/seed_1001/openai_gpt-oss-120b/RTLLM/Prob049_signal_generator/Gen3/Prob049_signal_generator_sample5_single_thought_operator,
source_aligned_shape_density_qd,RTLLM,Prob049_signal_generator,sequential,3,dd6caaf5-11a2-42ab-b07f-f43b0bfde08c,single_thought_operator,generation_log,0.234774694403,0.234774694403,82,0.00252,0.38,94,0.00467,0.43,0.127659574468,0.460385438972,0.116279069767,/workspace/exp/useful_bd_push/t73_source_aligned_shape_density_20260623_232844_UTC/hard_tuning/source_aligned_shape_density_qd/seed_1001/openai_gpt-oss-120b/RTLLM/Prob049_signal_generator/Gen3/Prob049_signal_generator_sample6_single_thought_operator,
source_aligned_shape_density_qd,RTLLM,Prob049_signal_generator,sequential,3,f265f53a-4093-4eac-b792-d7a3f3e44ed4,single_thought_operator,generation_log,0.234774694403,0.234774694403,82,0.00252,0.38,94,0.00467,0.43,0.127659574468,0.460385438972,0.116279069767,/workspace/exp/useful_bd_push/t73_source_aligned_shape_density_20260623_232844_UTC/hard_tuning/source_aligned_shape_density_qd/seed_1001/openai_gpt-oss-120b/RTLLM/Prob049_signal_generator/Gen3/Prob049_signal_generator_sample7_single_thought_operator,
source_aligned_shape_density_qd,RTLLM,Prob049_signal_generator,sequential,3,d7550073-ae15-4d3a-a758-cd710be871b7,single_thought_operator,generation_log,0.234774694403,0.234774694403,82,0.00252,0.38,94,0.00467,0.43,0.127659574468,0.460385438972,0.116279069767,/workspace/exp/useful_bd_push/t73_source_aligned_shape_density_20260623_232844_UTC/hard_tuning/source_aligned_shape_density_qd/seed_1001/openai_gpt-oss-120b/RTLLM/Prob049_signal_generator/Gen3/Prob049_signal_generator_sample8_single_thought_operator,
source_aligned_shape_density_qd,RTLLM,Prob049_signal_generator,sequential,3,b19cd20a-3e43-4785-8fee-c5dd13109c44,single_thought_operator,generation_log,0.234774694403,0.234774694403,82,0.00252,0.38,94,0.00467,0.43,0.127659574468,0.460385438972,0.116279069767,/workspace/exp/useful_bd_push/t73_source_aligned_shape_density_20260623_232844_UTC/hard_tuning/source_aligned_shape_density_qd/seed_1001/openai_gpt-oss-120b/RTLLM/Prob049_signal_generator/Gen3/Prob049_signal_generator_sample9_single_thought_operator,
source_aligned_shape_density_qd,RTLLM,Prob049_signal_generator,sequential,3,59153524-42a2-4af5-9a28-86c355c9c01c,single_thought_operator,generation_log,0.234774694403,0.234774694403,82,0.00252,0.38,94,0.00467,0.43,0.127659574468,0.460385438972,0.116279069767,/workspace/exp/useful_bd_push/t73_source_aligned_shape_density_20260623_232844_UTC/hard_tuning/source_aligned_shape_density_qd/seed_1001/openai_gpt-oss-120b/RTLLM/Prob049_signal_generator/Gen3/Prob049_signal_generator_sample10_single_thought_operator,
source_aligned_shape_density_qd,RTLLM,Prob049_signal_generator,sequential,3,ba40196c-842e-4d4c-af58-29993a8378b5,single_thought_operator,generation_log,0.234774694403,0.234774694403,82,0.00252,0.38,94,0.00467,0.43,0.127659574468,0.460385438972,0.116279069767,/workspace/exp/useful_bd_push/t73_source_aligned_shape_density_20260623_232844_UTC/hard_tuning/source_aligned_shape_density_qd/seed_1001/openai_gpt-oss-120b/RTLLM/Prob049_signal_generator/Gen3/Prob049_signal_generator_sample11_single_thought_operator,
source_aligned_shape_density_qd,RTLLM,Prob049_signal_generator,sequential,3,49d9a5d6-d01a-44ea-9aa7-d30d39f7c44b,single_thought_operator,generation_log,0.234774694403,0.234774694403,82,0.00252,0.38,94,0.00467,0.43,0.127659574468,0.460385438972,0.116279069767,/workspace/exp/useful_bd_push/t73_source_aligned_shape_density_20260623_232844_UTC/hard_tuning/source_aligned_shape_density_qd/seed_1001/openai_gpt-oss-120b/RTLLM/Prob049_signal_generator/Gen3/Prob049_signal_generator_sample12_single_thought_operator,
source_aligned_shape_density_qd,VerilogEval-Spec-to-RTL,Prob098_circuit7,combinational,0,f7f86993-a4d5-4ffe-9708-11bf9d8c1ff6,initial,generation_log,0.0120056497175,0.0180084745763,5,0.000455,0,5,0.000472,0,0,0.0360169491525,0,/workspace/exp/useful_bd_push/t73_source_aligned_shape_density_20260623_232844_UTC/hard_tuning/source_aligned_shape_density_qd/seed_1001/openai_gpt-oss-120b/VerilogEval-Spec-to-RTL/Prob098_circuit7/Gen0/Prob098_circuit7_sample1_initial,
source_aligned_shape_density_qd,VerilogEval-Spec-to-RTL,Prob098_circuit7,combinational,0,66ecdbe8-bfa2-4a51-ba11-7d60f4818573,initial,generation_log,-0,0,5,0.000472,0,5,0.000472,0,0,0,0,/workspace/exp/useful_bd_push/t73_source_aligned_shape_density_20260623_232844_UTC/hard_tuning/source_aligned_shape_density_qd/seed_1001/openai_gpt-oss-120b/VerilogEval-Spec-to-RTL/Prob098_circuit7/Gen0/Prob098_circuit7_sample2_initial,
source_aligned_shape_density_qd,VerilogEval-Spec-to-RTL,Prob098_circuit7,combinational,0,0dcea95d-d267-40f2-8514-6732f3ffb57a,initial,generation_log,-0,0,5,0.000472,0,5,0.000472,0,0,0,0,/workspace/exp/useful_bd_push/t73_source_aligned_shape_density_20260623_232844_UTC/hard_tuning/source_aligned_shape_density_qd/seed_1001/openai_gpt-oss-120b/VerilogEval-Spec-to-RTL/Prob098_circuit7/Gen0/Prob098_circuit7_sample4_initial,
source_aligned_shape_density_qd,VerilogEval-Spec-to-RTL,Prob098_circuit7,combinational,0,b39c33d8-db07-4caf-940a-26948025064d,initial,generation_log,0.0120056497175,0.0180084745763,5,0.000455,0,5,0.000472,0,0,0.0360169491525,0,/workspace/exp/useful_bd_push/t73_source_aligned_shape_density_20260623_232844_UTC/hard_tuning/source_aligned_shape_density_qd/seed_1001/openai_gpt-oss-120b/VerilogEval-Spec-to-RTL/Prob098_circuit7/Gen0/Prob098_circuit7_sample5_initial,
source_aligned_shape_density_qd,VerilogEval-Spec-to-RTL,Prob098_circuit7,combinational,0,78b4f379-a182-4e9f-a209-d995659ab287,initial,generation_log,0.0120056497175,0.0180084745763,5,0.000455,0,5,0.000472,0,0,0.0360169491525,0,/workspace/exp/useful_bd_push/t73_source_aligned_shape_density_20260623_232844_UTC/hard_tuning/source_aligned_shape_density_qd/seed_1001/openai_gpt-oss-120b/VerilogEval-Spec-to-RTL/Prob098_circuit7/Gen0/Prob098_circuit7_sample8_initial,
source_aligned_shape_density_qd,VerilogEval-Spec-to-RTL,Prob098_circuit7,combinational,0,3c158dfc-8922-489c-b37f-6eff8993a90a,initial,generation_log,0.0120056497175,0.0180084745763,5,0.000455,0,5,0.000472,0,0,0.0360169491525,0,/workspace/exp/useful_bd_push/t73_source_aligned_shape_density_20260623_232844_UTC/hard_tuning/source_aligned_shape_density_qd/seed_1001/openai_gpt-oss-120b/VerilogEval-Spec-to-RTL/Prob098_circuit7/Gen0/Prob098_circuit7_sample9_initial,
source_aligned_shape_density_qd,VerilogEval-Spec-to-RTL,Prob098_circuit7,combinational,0,2fd24a91-cd73-4ea5-ae82-f32fe8321113,initial,generation_log,-0,0,5,0.000472,0,5,0.000472,0,0,0,0,/workspace/exp/useful_bd_push/t73_source_aligned_shape_density_20260623_232844_UTC/hard_tuning/source_aligned_shape_density_qd/seed_1001/openai_gpt-oss-120b/VerilogEval-Spec-to-RTL/Prob098_circuit7/Gen0/Prob098_circuit7_sample12_initial,
source_aligned_shape_density_qd,VerilogEval-Spec-to-RTL,Prob098_circuit7,combinational,1,e97f1d3d-2dac-4cce-96d5-9d6bb38e66e7,single_thought_operator,generation_log,-0,0,5,0.000472,0,5,0.000472,0,0,0,0,/workspace/exp/useful_bd_push/t73_source_aligned_shape_density_20260623_232844_UTC/hard_tuning/source_aligned_shape_density_qd/seed_1001/openai_gpt-oss-120b/VerilogEval-Spec-to-RTL/Prob098_circuit7/Gen1/Prob098_circuit7_sample4_single_thought_operator,
source_aligned_shape_density_qd,VerilogEval-Spec-to-RTL,Prob098_circuit7,combinational,1,0d10a535-6427-4736-93bb-65025ee793fe,single_thought_operator,generation_log,0.0120056497175,0.0180084745763,5,0.000455,0,5,0.000472,0,0,0.0360169491525,0,/workspace/exp/useful_bd_push/t73_source_aligned_shape_density_20260623_232844_UTC/hard_tuning/source_aligned_shape_density_qd/seed_1001/openai_gpt-oss-120b/VerilogEval-Spec-to-RTL/Prob098_circuit7/Gen1/Prob098_circuit7_sample5_single_thought_operator,
source_aligned_shape_density_qd,VerilogEval-Spec-to-RTL,Prob098_circuit7,combinational,1,de7d8bd7-b5eb-4f45-bc68-e8e01c3dce2e,single_thought_operator,generation_log,0.0120056497175,0.0180084745763,5,0.000455,0,5,0.000472,0,0,0.0360169491525,0,/workspace/exp/useful_bd_push/t73_source_aligned_shape_density_20260623_232844_UTC/hard_tuning/source_aligned_shape_density_qd/seed_1001/openai_gpt-oss-120b/VerilogEval-Spec-to-RTL/Prob098_circuit7/Gen1/Prob098_circuit7_sample6_single_thought_operator,
source_aligned_shape_density_qd,VerilogEval-Spec-to-RTL,Prob098_circuit7,combinational,1,a13e8012-34d4-44fa-b3cb-06b1d669429e,single_thought_operator,generation_log,0.0120056497175,0.0180084745763,5,0.000455,0,5,0.000472,0,0,0.0360169491525,0,/workspace/exp/useful_bd_push/t73_source_aligned_shape_density_20260623_232844_UTC/hard_tuning/source_aligned_shape_density_qd/seed_1001/openai_gpt-oss-120b/VerilogEval-Spec-to-RTL/Prob098_circuit7/Gen1/Prob098_circuit7_sample8_single_thought_operator,
source_aligned_shape_density_qd,VerilogEval-Spec-to-RTL,Prob098_circuit7,combinational,1,42f79681-37c8-463c-964a-5ccb55cc458f,single_thought_operator,generation_log,0.0120056497175,0.0180084745763,5,0.000455,0,5,0.000472,0,0,0.0360169491525,0,/workspace/exp/useful_bd_push/t73_source_aligned_shape_density_20260623_232844_UTC/hard_tuning/source_aligned_shape_density_qd/seed_1001/openai_gpt-oss-120b/VerilogEval-Spec-to-RTL/Prob098_circuit7/Gen1/Prob098_circuit7_sample12_single_thought_operator,
source_aligned_shape_density_qd,VerilogEval-Spec-to-RTL,Prob098_circuit7,combinational,2,92612369-31d7-4757-9387-c235868f6249,single_thought_operator,generation_log,-0,0,5,0.000472,0,5,0.000472,0,0,0,0,/workspace/exp/useful_bd_push/t73_source_aligned_shape_density_20260623_232844_UTC/hard_tuning/source_aligned_shape_density_qd/seed_1001/openai_gpt-oss-120b/VerilogEval-Spec-to-RTL/Prob098_circuit7/Gen2/Prob098_circuit7_sample2_single_thought_operator,
source_aligned_shape_density_qd,VerilogEval-Spec-to-RTL,Prob098_circuit7,combinational,2,54f49793-02ec-4f43-b27f-1381e695ae76,single_thought_operator,generation_log,0.0120056497175,0.0180084745763,5,0.000455,0,5,0.000472,0,0,0.0360169491525,0,/workspace/exp/useful_bd_push/t73_source_aligned_shape_density_20260623_232844_UTC/hard_tuning/source_aligned_shape_density_qd/seed_1001/openai_gpt-oss-120b/VerilogEval-Spec-to-RTL/Prob098_circuit7/Gen2/Prob098_circuit7_sample6_single_thought_operator,
source_aligned_shape_density_qd,VerilogEval-Spec-to-RTL,Prob098_circuit7,combinational,2,12bb2b3a-cdf5-4c42-891f-50f3f9bbb13d,single_thought_operator,generation_log,0.0120056497175,0.0180084745763,5,0.000455,0,5,0.000472,0,0,0.0360169491525,0,/workspace/exp/useful_bd_push/t73_source_aligned_shape_density_20260623_232844_UTC/hard_tuning/source_aligned_shape_density_qd/seed_1001/openai_gpt-oss-120b/VerilogEval-Spec-to-RTL/Prob098_circuit7/Gen2/Prob098_circuit7_sample12_single_thought_operator,
source_aligned_shape_density_qd,VerilogEval-Spec-to-RTL,Prob098_circuit7,combinational,3,edf7ec53-ead6-495a-9cbb-ba66f6e627f4,single_thought_operator,generation_log,0.0120056497175,0.0180084745763,5,0.000455,0,5,0.000472,0,0,0.0360169491525,0,/workspace/exp/useful_bd_push/t73_source_aligned_shape_density_20260623_232844_UTC/hard_tuning/source_aligned_shape_density_qd/seed_1001/openai_gpt-oss-120b/VerilogEval-Spec-to-RTL/Prob098_circuit7/Gen3/Prob098_circuit7_sample1_single_thought_operator,
source_aligned_shape_density_qd,VerilogEval-Spec-to-RTL,Prob098_circuit7,combinational,3,2d2c2be9-216e-4aab-a968-4c0a8151a3e3,single_thought_operator,generation_log,0.0120056497175,0.0180084745763,5,0.000455,0,5,0.000472,0,0,0.0360169491525,0,/workspace/exp/useful_bd_push/t73_source_aligned_shape_density_20260623_232844_UTC/hard_tuning/source_aligned_shape_density_qd/seed_1001/openai_gpt-oss-120b/VerilogEval-Spec-to-RTL/Prob098_circuit7/Gen3/Prob098_circuit7_sample4_single_thought_operator,
source_aligned_shape_density_qd,VerilogEval-Spec-to-RTL,Prob098_circuit7,combinational,3,131977c2-c8b4-47a1-82dd-acdf7d4beab9,single_thought_operator,generation_log,0.0120056497175,0.0180084745763,5,0.000455,0,5,0.000472,0,0,0.0360169491525,0,/workspace/exp/useful_bd_push/t73_source_aligned_shape_density_20260623_232844_UTC/hard_tuning/source_aligned_shape_density_qd/seed_1001/openai_gpt-oss-120b/VerilogEval-Spec-to-RTL/Prob098_circuit7/Gen3/Prob098_circuit7_sample8_single_thought_operator,
source_aligned_shape_density_qd,VerilogEval-Spec-to-RTL,Prob098_circuit7,combinational,3,86a33e9e-9337-4626-868d-7d76824c62a1,single_thought_operator,generation_log,0.0120056497175,0.0180084745763,5,0.000455,0,5,0.000472,0,0,0.0360169491525,0,/workspace/exp/useful_bd_push/t73_source_aligned_shape_density_20260623_232844_UTC/hard_tuning/source_aligned_shape_density_qd/seed_1001/openai_gpt-oss-120b/VerilogEval-Spec-to-RTL/Prob098_circuit7/Gen3/Prob098_circuit7_sample9_single_thought_operator,
source_aligned_shape_density_qd,VerilogEval-Spec-to-RTL,Prob098_circuit7,combinational,3,5a388fe8-500b-4f04-8c91-da824c18c36c,single_thought_operator,generation_log,-0,0,5,0.000472,0,5,0.000472,0,0,0,0,/workspace/exp/useful_bd_push/t73_source_aligned_shape_density_20260623_232844_UTC/hard_tuning/source_aligned_shape_density_qd/seed_1001/openai_gpt-oss-120b/VerilogEval-Spec-to-RTL/Prob098_circuit7/Gen3/Prob098_circuit7_sample10_single_thought_operator,
source_aligned_shape_density_qd,VerilogEval-Spec-to-RTL,Prob116_m2014_q3,combinational,0,3796e732-8d67-43b0-b654-ccaabd8eae49,initial,generation_log,0.330535405872,0.495803108808,5,1.62e-06,0,5,0.000193,0,0,0.991606217617,0,/workspace/exp/useful_bd_push/t73_source_aligned_shape_density_20260623_232844_UTC/hard_tuning/source_aligned_shape_density_qd/seed_1001/openai_gpt-oss-120b/VerilogEval-Spec-to-RTL/Prob116_m2014_q3/Gen0/Prob116_m2014_q3_sample1_initial,
source_aligned_shape_density_qd,VerilogEval-Spec-to-RTL,Prob116_m2014_q3,combinational,0,cd9b3d91-4cd5-4212-a845-1d47bbf77bcd,initial,generation_log,0.464369602763,0.696554404145,3,1.33e-06,0,5,0.000193,0,0.4,0.99310880829,0,/workspace/exp/useful_bd_push/t73_source_aligned_shape_density_20260623_232844_UTC/hard_tuning/source_aligned_shape_density_qd/seed_1001/openai_gpt-oss-120b/VerilogEval-Spec-to-RTL/Prob116_m2014_q3/Gen0/Prob116_m2014_q3_sample2_initial,
source_aligned_shape_density_qd,VerilogEval-Spec-to-RTL,Prob116_m2014_q3,combinational,0,2f3bc2a6-c0ff-412b-aac8-cb45a93e4cfa,initial,generation_log,0.396908462867,0.595362694301,4,1.79e-06,0,5,0.000193,0,0.2,0.990725388601,0,/workspace/exp/useful_bd_push/t73_source_aligned_shape_density_20260623_232844_UTC/hard_tuning/source_aligned_shape_density_qd/seed_1001/openai_gpt-oss-120b/VerilogEval-Spec-to-RTL/Prob116_m2014_q3/Gen0/Prob116_m2014_q3_sample8_initial,
source_aligned_shape_density_qd,VerilogEval-Spec-to-RTL,Prob116_m2014_q3,combinational,0,d4603f57-6de8-4e71-8a8f-fbbe9e378572,initial,generation_log,0.396908462867,0.595362694301,4,1.79e-06,0,5,0.000193,0,0.2,0.990725388601,0,/workspace/exp/useful_bd_push/t73_source_aligned_shape_density_20260623_232844_UTC/hard_tuning/source_aligned_shape_density_qd/seed_1001/openai_gpt-oss-120b/VerilogEval-Spec-to-RTL/Prob116_m2014_q3/Gen0/Prob116_m2014_q3_sample11_initial,
source_aligned_shape_density_qd,VerilogEval-Spec-to-RTL,Prob116_m2014_q3,combinational,1,7f54f3ee-9871-44c8-babe-c1df852df2c9,single_thought_operator,generation_log,0.465352331606,0.698028497409,3,7.61e-07,0,5,0.000193,0,0.4,0.996056994819,0,/workspace/exp/useful_bd_push/t73_source_aligned_shape_density_20260623_232844_UTC/hard_tuning/source_aligned_shape_density_qd/seed_1001/openai_gpt-oss-120b/VerilogEval-Spec-to-RTL/Prob116_m2014_q3/Gen1/Prob116_m2014_q3_sample1_single_thought_operator,
source_aligned_shape_density_qd,VerilogEval-Spec-to-RTL,Prob116_m2014_q3,combinational,1,81578da9-070c-4c24-ab5b-9ef3de8cac64,single_thought_operator,generation_log,0.464369602763,0.696554404145,3,1.33e-06,0,5,0.000193,0,0.4,0.99310880829,0,/workspace/exp/useful_bd_push/t73_source_aligned_shape_density_20260623_232844_UTC/hard_tuning/source_aligned_shape_density_qd/seed_1001/openai_gpt-oss-120b/VerilogEval-Spec-to-RTL/Prob116_m2014_q3/Gen1/Prob116_m2014_q3_sample2_single_thought_operator,
source_aligned_shape_density_qd,VerilogEval-Spec-to-RTL,Prob116_m2014_q3,combinational,1,093a6f6e-1c2e-43b8-9e39-3669c9fd35d0,single_thought_operator,generation_log,0.464369602763,0.696554404145,3,1.33e-06,0,5,0.000193,0,0.4,0.99310880829,0,/workspace/exp/useful_bd_push/t73_source_aligned_shape_density_20260623_232844_UTC/hard_tuning/source_aligned_shape_density_qd/seed_1001/openai_gpt-oss-120b/VerilogEval-Spec-to-RTL/Prob116_m2014_q3/Gen1/Prob116_m2014_q3_sample3_single_thought_operator,
source_aligned_shape_density_qd,VerilogEval-Spec-to-RTL,Prob116_m2014_q3,combinational,1,fa165b68-db4b-48e8-b1e6-89dc3f81b801,single_thought_operator,generation_log,0.464369602763,0.696554404145,3,1.33e-06,0,5,0.000193,0,0.4,0.99310880829,0,/workspace/exp/useful_bd_push/t73_source_aligned_shape_density_20260623_232844_UTC/hard_tuning/source_aligned_shape_density_qd/seed_1001/openai_gpt-oss-120b/VerilogEval-Spec-to-RTL/Prob116_m2014_q3/Gen1/Prob116_m2014_q3_sample4_single_thought_operator,
source_aligned_shape_density_qd,VerilogEval-Spec-to-RTL,Prob116_m2014_q3,combinational,1,14d56d85-11a0-41b5-bc7d-fb73b675c01c,single_thought_operator,generation_log,0.464369602763,0.696554404145,3,1.33e-06,0,5,0.000193,0,0.4,0.99310880829,0,/workspace/exp/useful_bd_push/t73_source_aligned_shape_density_20260623_232844_UTC/hard_tuning/source_aligned_shape_density_qd/seed_1001/openai_gpt-oss-120b/VerilogEval-Spec-to-RTL/Prob116_m2014_q3/Gen1/Prob116_m2014_q3_sample5_single_thought_operator,
source_aligned_shape_density_qd,VerilogEval-Spec-to-RTL,Prob116_m2014_q3,combinational,1,ce7bb126-59e3-470c-bb5f-9c481cb5c9e9,single_thought_operator,generation_log,0.464369602763,0.696554404145,3,1.33e-06,0,5,0.000193,0,0.4,0.99310880829,0,/workspace/exp/useful_bd_push/t73_source_aligned_shape_density_20260623_232844_UTC/hard_tuning/source_aligned_shape_density_qd/seed_1001/openai_gpt-oss-120b/VerilogEval-Spec-to-RTL/Prob116_m2014_q3/Gen1/Prob116_m2014_q3_sample8_single_thought_operator,
source_aligned_shape_density_qd,VerilogEval-Spec-to-RTL,Prob116_m2014_q3,combinational,1,26408f8d-8dda-419f-bbd5-d902e758d84e,single_thought_operator,generation_log,0.464369602763,0.696554404145,3,1.33e-06,0,5,0.000193,0,0.4,0.99310880829,0,/workspace/exp/useful_bd_push/t73_source_aligned_shape_density_20260623_232844_UTC/hard_tuning/source_aligned_shape_density_qd/seed_1001/openai_gpt-oss-120b/VerilogEval-Spec-to-RTL/Prob116_m2014_q3/Gen1/Prob116_m2014_q3_sample9_single_thought_operator,
source_aligned_shape_density_qd,VerilogEval-Spec-to-RTL,Prob116_m2014_q3,combinational,1,365e262d-925b-4fc7-9de5-373a17331af1,single_thought_operator,generation_log,0.464369602763,0.696554404145,3,1.33e-06,0,5,0.000193,0,0.4,0.99310880829,0,/workspace/exp/useful_bd_push/t73_source_aligned_shape_density_20260623_232844_UTC/hard_tuning/source_aligned_shape_density_qd/seed_1001/openai_gpt-oss-120b/VerilogEval-Spec-to-RTL/Prob116_m2014_q3/Gen1/Prob116_m2014_q3_sample10_single_thought_operator,
source_aligned_shape_density_qd,VerilogEval-Spec-to-RTL,Prob116_m2014_q3,combinational,1,d421cc5c-4a5b-4517-b928-9e96d2b8451b,single_thought_operator,generation_log,0.464369602763,0.696554404145,3,1.33e-06,0,5,0.000193,0,0.4,0.99310880829,0,/workspace/exp/useful_bd_push/t73_source_aligned_shape_density_20260623_232844_UTC/hard_tuning/source_aligned_shape_density_qd/seed_1001/openai_gpt-oss-120b/VerilogEval-Spec-to-RTL/Prob116_m2014_q3/Gen1/Prob116_m2014_q3_sample11_single_thought_operator,
source_aligned_shape_density_qd,VerilogEval-Spec-to-RTL,Prob116_m2014_q3,combinational,1,d1eb78a8-f162-4b02-b82c-696f30d8f9ec,single_thought_operator,generation_log,0.464369602763,0.696554404145,3,1.33e-06,0,5,0.000193,0,0.4,0.99310880829,0,/workspace/exp/useful_bd_push/t73_source_aligned_shape_density_20260623_232844_UTC/hard_tuning/source_aligned_shape_density_qd/seed_1001/openai_gpt-oss-120b/VerilogEval-Spec-to-RTL/Prob116_m2014_q3/Gen1/Prob116_m2014_q3_sample12_single_thought_operator,
source_aligned_shape_density_qd,VerilogEval-Spec-to-RTL,Prob116_m2014_q3,combinational,2,d75a4fa1-8a07-4d39-b003-b0f1e65d8c54,single_thought_operator,generation_log,0.465352331606,0.698028497409,3,7.61e-07,0,5,0.000193,0,0.4,0.996056994819,0,/workspace/exp/useful_bd_push/t73_source_aligned_shape_density_20260623_232844_UTC/hard_tuning/source_aligned_shape_density_qd/seed_1001/openai_gpt-oss-120b/VerilogEval-Spec-to-RTL/Prob116_m2014_q3/Gen2/Prob116_m2014_q3_sample1_single_thought_operator,
source_aligned_shape_density_qd,VerilogEval-Spec-to-RTL,Prob116_m2014_q3,combinational,2,53c7415f-0bc7-46cf-baf4-b1435ee78f90,single_thought_operator,generation_log,0.330535405872,0.495803108808,5,1.62e-06,0,5,0.000193,0,0,0.991606217617,0,/workspace/exp/useful_bd_push/t73_source_aligned_shape_density_20260623_232844_UTC/hard_tuning/source_aligned_shape_density_qd/seed_1001/openai_gpt-oss-120b/VerilogEval-Spec-to-RTL/Prob116_m2014_q3/Gen2/Prob116_m2014_q3_sample2_single_thought_operator,
source_aligned_shape_density_qd,VerilogEval-Spec-to-RTL,Prob116_m2014_q3,combinational,2,3707471c-0b00-404a-baa2-9bb25965a123,single_thought_operator,generation_log,0.465352331606,0.698028497409,3,7.61e-07,0,5,0.000193,0,0.4,0.996056994819,0,/workspace/exp/useful_bd_push/t73_source_aligned_shape_density_20260623_232844_UTC/hard_tuning/source_aligned_shape_density_qd/seed_1001/openai_gpt-oss-120b/VerilogEval-Spec-to-RTL/Prob116_m2014_q3/Gen2/Prob116_m2014_q3_sample3_single_thought_operator,
source_aligned_shape_density_qd,VerilogEval-Spec-to-RTL,Prob116_m2014_q3,combinational,2,6d7a2fba-6592-4742-9f0f-3148b786145d,single_thought_operator,generation_log,0.464369602763,0.696554404145,3,1.33e-06,0,5,0.000193,0,0.4,0.99310880829,0,/workspace/exp/useful_bd_push/t73_source_aligned_shape_density_20260623_232844_UTC/hard_tuning/source_aligned_shape_density_qd/seed_1001/openai_gpt-oss-120b/VerilogEval-Spec-to-RTL/Prob116_m2014_q3/Gen2/Prob116_m2014_q3_sample5_single_thought_operator,
source_aligned_shape_density_qd,VerilogEval-Spec-to-RTL,Prob116_m2014_q3,combinational,2,a1c0a51d-449e-4272-a101-27ebcfb98f15,single_thought_operator,generation_log,0.465352331606,0.698028497409,3,7.61e-07,0,5,0.000193,0,0.4,0.996056994819,0,/workspace/exp/useful_bd_push/t73_source_aligned_shape_density_20260623_232844_UTC/hard_tuning/source_aligned_shape_density_qd/seed_1001/openai_gpt-oss-120b/VerilogEval-Spec-to-RTL/Prob116_m2014_q3/Gen2/Prob116_m2014_q3_sample6_single_thought_operator,
source_aligned_shape_density_qd,VerilogEval-Spec-to-RTL,Prob116_m2014_q3,combinational,2,a90d9488-e124-4722-830e-087876a4ba31,single_thought_operator,generation_log,0.464369602763,0.696554404145,3,1.33e-06,0,5,0.000193,0,0.4,0.99310880829,0,/workspace/exp/useful_bd_push/t73_source_aligned_shape_density_20260623_232844_UTC/hard_tuning/source_aligned_shape_density_qd/seed_1001/openai_gpt-oss-120b/VerilogEval-Spec-to-RTL/Prob116_m2014_q3/Gen2/Prob116_m2014_q3_sample7_single_thought_operator,
source_aligned_shape_density_qd,VerilogEval-Spec-to-RTL,Prob116_m2014_q3,combinational,2,bc3054e0-c2d7-4866-97d4-3a9574d222c4,single_thought_operator,generation_log,0.464369602763,0.696554404145,3,1.33e-06,0,5,0.000193,0,0.4,0.99310880829,0,/workspace/exp/useful_bd_push/t73_source_aligned_shape_density_20260623_232844_UTC/hard_tuning/source_aligned_shape_density_qd/seed_1001/openai_gpt-oss-120b/VerilogEval-Spec-to-RTL/Prob116_m2014_q3/Gen2/Prob116_m2014_q3_sample8_single_thought_operator,
source_aligned_shape_density_qd,VerilogEval-Spec-to-RTL,Prob116_m2014_q3,combinational,2,d5b4ae17-5ff1-4282-b4c8-e3afc87b5776,single_thought_operator,generation_log,0.465352331606,0.698028497409,3,7.61e-07,0,5,0.000193,0,0.4,0.996056994819,0,/workspace/exp/useful_bd_push/t73_source_aligned_shape_density_20260623_232844_UTC/hard_tuning/source_aligned_shape_density_qd/seed_1001/openai_gpt-oss-120b/VerilogEval-Spec-to-RTL/Prob116_m2014_q3/Gen2/Prob116_m2014_q3_sample11_single_thought_operator,
source_aligned_shape_density_qd,VerilogEval-Spec-to-RTL,Prob116_m2014_q3,combinational,3,31fde3c8-2a5a-4d69-93e1-c2660e3f7363,single_thought_operator,generation_log,0.465352331606,0.698028497409,3,7.61e-07,0,5,0.000193,0,0.4,0.996056994819,0,/workspace/exp/useful_bd_push/t73_source_aligned_shape_density_20260623_232844_UTC/hard_tuning/source_aligned_shape_density_qd/seed_1001/openai_gpt-oss-120b/VerilogEval-Spec-to-RTL/Prob116_m2014_q3/Gen3/Prob116_m2014_q3_sample1_single_thought_operator,
source_aligned_shape_density_qd,VerilogEval-Spec-to-RTL,Prob116_m2014_q3,combinational,3,22f2a707-0aa3-43d9-b595-b9f68294de40,single_thought_operator,generation_log,0.464369602763,0.696554404145,3,1.33e-06,0,5,0.000193,0,0.4,0.99310880829,0,/workspace/exp/useful_bd_push/t73_source_aligned_shape_density_20260623_232844_UTC/hard_tuning/source_aligned_shape_density_qd/seed_1001/openai_gpt-oss-120b/VerilogEval-Spec-to-RTL/Prob116_m2014_q3/Gen3/Prob116_m2014_q3_sample2_single_thought_operator,
source_aligned_shape_density_qd,VerilogEval-Spec-to-RTL,Prob116_m2014_q3,combinational,3,f5283eba-8b82-4104-ab51-2ea70e5ff69e,single_thought_operator,generation_log,0.464369602763,0.696554404145,3,1.33e-06,0,5,0.000193,0,0.4,0.99310880829,0,/workspace/exp/useful_bd_push/t73_source_aligned_shape_density_20260623_232844_UTC/hard_tuning/source_aligned_shape_density_qd/seed_1001/openai_gpt-oss-120b/VerilogEval-Spec-to-RTL/Prob116_m2014_q3/Gen3/Prob116_m2014_q3_sample4_single_thought_operator,
source_aligned_shape_density_qd,VerilogEval-Spec-to-RTL,Prob116_m2014_q3,combinational,3,b9424c6f-6035-4fc1-88e9-e9ccc31f502e,single_thought_operator,generation_log,0.465352331606,0.698028497409,3,7.61e-07,0,5,0.000193,0,0.4,0.996056994819,0,/workspace/exp/useful_bd_push/t73_source_aligned_shape_density_20260623_232844_UTC/hard_tuning/source_aligned_shape_density_qd/seed_1001/openai_gpt-oss-120b/VerilogEval-Spec-to-RTL/Prob116_m2014_q3/Gen3/Prob116_m2014_q3_sample5_single_thought_operator,
source_aligned_shape_density_qd,VerilogEval-Spec-to-RTL,Prob116_m2014_q3,combinational,3,83e531df-5e6b-4d21-a3fb-bba8268534d6,single_thought_operator,generation_log,0.464369602763,0.696554404145,3,1.33e-06,0,5,0.000193,0,0.4,0.99310880829,0,/workspace/exp/useful_bd_push/t73_source_aligned_shape_density_20260623_232844_UTC/hard_tuning/source_aligned_shape_density_qd/seed_1001/openai_gpt-oss-120b/VerilogEval-Spec-to-RTL/Prob116_m2014_q3/Gen3/Prob116_m2014_q3_sample7_single_thought_operator,
source_aligned_shape_density_qd,VerilogEval-Spec-to-RTL,Prob116_m2014_q3,combinational,3,40bb573b-b05b-4c11-b7e2-9d103136e0a9,single_thought_operator,generation_log,0.464369602763,0.696554404145,3,1.33e-06,0,5,0.000193,0,0.4,0.99310880829,0,/workspace/exp/useful_bd_push/t73_source_aligned_shape_density_20260623_232844_UTC/hard_tuning/source_aligned_shape_density_qd/seed_1001/openai_gpt-oss-120b/VerilogEval-Spec-to-RTL/Prob116_m2014_q3/Gen3/Prob116_m2014_q3_sample8_single_thought_operator,
source_aligned_shape_density_qd,VerilogEval-Spec-to-RTL,Prob116_m2014_q3,combinational,3,68783120-33d7-4105-99bb-52d1cae27816,single_thought_operator,generation_log,0.465352331606,0.698028497409,3,7.61e-07,0,5,0.000193,0,0.4,0.996056994819,0,/workspace/exp/useful_bd_push/t73_source_aligned_shape_density_20260623_232844_UTC/hard_tuning/source_aligned_shape_density_qd/seed_1001/openai_gpt-oss-120b/VerilogEval-Spec-to-RTL/Prob116_m2014_q3/Gen3/Prob116_m2014_q3_sample9_single_thought_operator,
source_aligned_shape_density_qd,VerilogEval-Spec-to-RTL,Prob116_m2014_q3,combinational,3,bd7c0d7d-2586-48f9-8e1a-5333bb208795,single_thought_operator,generation_log,0.464369602763,0.696554404145,3,1.33e-06,0,5,0.000193,0,0.4,0.99310880829,0,/workspace/exp/useful_bd_push/t73_source_aligned_shape_density_20260623_232844_UTC/hard_tuning/source_aligned_shape_density_qd/seed_1001/openai_gpt-oss-120b/VerilogEval-Spec-to-RTL/Prob116_m2014_q3/Gen3/Prob116_m2014_q3_sample10_single_thought_operator,
source_aligned_shape_density_qd,VerilogEval-Spec-to-RTL,Prob116_m2014_q3,combinational,3,315541a3-cded-4c94-97e6-72fdb2f145fb,single_thought_operator,generation_log,0.465352331606,0.698028497409,3,7.61e-07,0,5,0.000193,0,0.4,0.996056994819,0,/workspace/exp/useful_bd_push/t73_source_aligned_shape_density_20260623_232844_UTC/hard_tuning/source_aligned_shape_density_qd/seed_1001/openai_gpt-oss-120b/VerilogEval-Spec-to-RTL/Prob116_m2014_q3/Gen3/Prob116_m2014_q3_sample11_single_thought_operator,
source_aligned_shape_density_qd,VerilogEval-Spec-to-RTL,Prob135_m2014_q6b,combinational,0,8e7f6d6b-6f24-4e5a-9224-9d954b42f8e1,initial,generation_log,0.196143497758,0.294215246637,7,2.58e-06,0,5,0.000223,0,-0.4,0.988430493274,0,/workspace/exp/useful_bd_push/t73_source_aligned_shape_density_20260623_232844_UTC/hard_tuning/source_aligned_shape_density_qd/seed_1001/openai_gpt-oss-120b/VerilogEval-Spec-to-RTL/Prob135_m2014_q6b/Gen0/Prob135_m2014_q6b_sample1_initial,
source_aligned_shape_density_qd,VerilogEval-Spec-to-RTL,Prob135_m2014_q6b,combinational,0,1f50d9ec-e8a4-46fd-afdc-31e9451ee50e,initial,generation_log,0.196143497758,0.294215246637,7,2.58e-06,0,5,0.000223,0,-0.4,0.988430493274,0,/workspace/exp/useful_bd_push/t73_source_aligned_shape_density_20260623_232844_UTC/hard_tuning/source_aligned_shape_density_qd/seed_1001/openai_gpt-oss-120b/VerilogEval-Spec-to-RTL/Prob135_m2014_q6b/Gen0/Prob135_m2014_q6b_sample3_initial,
source_aligned_shape_density_qd,VerilogEval-Spec-to-RTL,Prob135_m2014_q6b,combinational,0,2ef5849b-c03c-4abd-afae-65b1eaa0f485,initial,generation_log,0.196143497758,0.294215246637,7,2.58e-06,0,5,0.000223,0,-0.4,0.988430493274,0,/workspace/exp/useful_bd_push/t73_source_aligned_shape_density_20260623_232844_UTC/hard_tuning/source_aligned_shape_density_qd/seed_1001/openai_gpt-oss-120b/VerilogEval-Spec-to-RTL/Prob135_m2014_q6b/Gen0/Prob135_m2014_q6b_sample5_initial,
source_aligned_shape_density_qd,VerilogEval-Spec-to-RTL,Prob135_m2014_q6b,combinational,0,22f60bb9-bf5d-4a3c-8e56-3cb1fc5e18c4,initial,generation_log,0.196143497758,0.294215246637,7,2.58e-06,0,5,0.000223,0,-0.4,0.988430493274,0,/workspace/exp/useful_bd_push/t73_source_aligned_shape_density_20260623_232844_UTC/hard_tuning/source_aligned_shape_density_qd/seed_1001/openai_gpt-oss-120b/VerilogEval-Spec-to-RTL/Prob135_m2014_q6b/Gen0/Prob135_m2014_q6b_sample6_initial,
source_aligned_shape_density_qd,VerilogEval-Spec-to-RTL,Prob135_m2014_q6b,combinational,0,0291aef3-2327-422c-abc6-61a92970f1f6,initial,generation_log,0.196143497758,0.294215246637,7,2.58e-06,0,5,0.000223,0,-0.4,0.988430493274,0,/workspace/exp/useful_bd_push/t73_source_aligned_shape_density_20260623_232844_UTC/hard_tuning/source_aligned_shape_density_qd/seed_1001/openai_gpt-oss-120b/VerilogEval-Spec-to-RTL/Prob135_m2014_q6b/Gen0/Prob135_m2014_q6b_sample7_initial,
source_aligned_shape_density_qd,VerilogEval-Spec-to-RTL,Prob135_m2014_q6b,combinational,0,8330291d-8a72-4e41-b1dd-8431261eda67,initial,generation_log,0.196143497758,0.294215246637,7,2.58e-06,0,5,0.000223,0,-0.4,0.988430493274,0,/workspace/exp/useful_bd_push/t73_source_aligned_shape_density_20260623_232844_UTC/hard_tuning/source_aligned_shape_density_qd/seed_1001/openai_gpt-oss-120b/VerilogEval-Spec-to-RTL/Prob135_m2014_q6b/Gen0/Prob135_m2014_q6b_sample10_initial,
source_aligned_shape_density_qd,VerilogEval-Spec-to-RTL,Prob135_m2014_q6b,combinational,0,ed84c96d-b465-49eb-bde2-96fd3e969f66,initial,generation_log,0.196143497758,0.294215246637,7,2.58e-06,0,5,0.000223,0,-0.4,0.988430493274,0,/workspace/exp/useful_bd_push/t73_source_aligned_shape_density_20260623_232844_UTC/hard_tuning/source_aligned_shape_density_qd/seed_1001/openai_gpt-oss-120b/VerilogEval-Spec-to-RTL/Prob135_m2014_q6b/Gen0/Prob135_m2014_q6b_sample11_initial,
source_aligned_shape_density_qd,VerilogEval-Spec-to-RTL,Prob135_m2014_q6b,combinational,0,24cd1613-d066-4977-a442-83dc76a76b12,initial,generation_log,0.263617339312,0.395426008969,6,2.04e-06,0,5,0.000223,0,-0.2,0.990852017937,0,/workspace/exp/useful_bd_push/t73_source_aligned_shape_density_20260623_232844_UTC/hard_tuning/source_aligned_shape_density_qd/seed_1001/openai_gpt-oss-120b/VerilogEval-Spec-to-RTL/Prob135_m2014_q6b/Gen0/Prob135_m2014_q6b_sample12_initial,
source_aligned_shape_density_qd,VerilogEval-Spec-to-RTL,Prob135_m2014_q6b,combinational,1,00a85329-8efa-4868-90de-ecc1a661f6c2,single_thought_operator,generation_log,0.196143497758,0.294215246637,7,2.58e-06,0,5,0.000223,0,-0.4,0.988430493274,0,/workspace/exp/useful_bd_push/t73_source_aligned_shape_density_20260623_232844_UTC/hard_tuning/source_aligned_shape_density_qd/seed_1001/openai_gpt-oss-120b/VerilogEval-Spec-to-RTL/Prob135_m2014_q6b/Gen1/Prob135_m2014_q6b_sample1_single_thought_operator,
source_aligned_shape_density_qd,VerilogEval-Spec-to-RTL,Prob135_m2014_q6b,combinational,1,5b7c0d67-5987-46c1-8517-5cbf16833d96,single_thought_operator,generation_log,0.196143497758,0.294215246637,7,2.58e-06,0,5,0.000223,0,-0.4,0.988430493274,0,/workspace/exp/useful_bd_push/t73_source_aligned_shape_density_20260623_232844_UTC/hard_tuning/source_aligned_shape_density_qd/seed_1001/openai_gpt-oss-120b/VerilogEval-Spec-to-RTL/Prob135_m2014_q6b/Gen1/Prob135_m2014_q6b_sample2_single_thought_operator,
source_aligned_shape_density_qd,VerilogEval-Spec-to-RTL,Prob135_m2014_q6b,combinational,1,11bffe5b-0d87-4e78-a1d4-d8643256f432,single_thought_operator,generation_log,0.196143497758,0.294215246637,7,2.58e-06,0,5,0.000223,0,-0.4,0.988430493274,0,/workspace/exp/useful_bd_push/t73_source_aligned_shape_density_20260623_232844_UTC/hard_tuning/source_aligned_shape_density_qd/seed_1001/openai_gpt-oss-120b/VerilogEval-Spec-to-RTL/Prob135_m2014_q6b/Gen1/Prob135_m2014_q6b_sample4_single_thought_operator,
source_aligned_shape_density_qd,VerilogEval-Spec-to-RTL,Prob135_m2014_q6b,combinational,1,6759ec6e-b567-4847-b3cd-afc0e6a16ab6,single_thought_operator,generation_log,0.196143497758,0.294215246637,7,2.58e-06,0,5,0.000223,0,-0.4,0.988430493274,0,/workspace/exp/useful_bd_push/t73_source_aligned_shape_density_20260623_232844_UTC/hard_tuning/source_aligned_shape_density_qd/seed_1001/openai_gpt-oss-120b/VerilogEval-Spec-to-RTL/Prob135_m2014_q6b/Gen1/Prob135_m2014_q6b_sample5_single_thought_operator,
source_aligned_shape_density_qd,VerilogEval-Spec-to-RTL,Prob135_m2014_q6b,combinational,1,dd82b730-12d7-4980-873e-5eebab284cf9,single_thought_operator,generation_log,0.196143497758,0.294215246637,7,2.58e-06,0,5,0.000223,0,-0.4,0.988430493274,0,/workspace/exp/useful_bd_push/t73_source_aligned_shape_density_20260623_232844_UTC/hard_tuning/source_aligned_shape_density_qd/seed_1001/openai_gpt-oss-120b/VerilogEval-Spec-to-RTL/Prob135_m2014_q6b/Gen1/Prob135_m2014_q6b_sample6_single_thought_operator,
source_aligned_shape_density_qd,VerilogEval-Spec-to-RTL,Prob135_m2014_q6b,combinational,1,7f0f3ec4-d7d7-4109-a589-06a57bdc5768,single_thought_operator,generation_log,0.196143497758,0.294215246637,7,2.58e-06,0,5,0.000223,0,-0.4,0.988430493274,0,/workspace/exp/useful_bd_push/t73_source_aligned_shape_density_20260623_232844_UTC/hard_tuning/source_aligned_shape_density_qd/seed_1001/openai_gpt-oss-120b/VerilogEval-Spec-to-RTL/Prob135_m2014_q6b/Gen1/Prob135_m2014_q6b_sample7_single_thought_operator,
source_aligned_shape_density_qd,VerilogEval-Spec-to-RTL,Prob135_m2014_q6b,combinational,1,0bcda578-6e0f-480d-a607-c4fefe7ada67,single_thought_operator,generation_log,0.196143497758,0.294215246637,7,2.58e-06,0,5,0.000223,0,-0.4,0.988430493274,0,/workspace/exp/useful_bd_push/t73_source_aligned_shape_density_20260623_232844_UTC/hard_tuning/source_aligned_shape_density_qd/seed_1001/openai_gpt-oss-120b/VerilogEval-Spec-to-RTL/Prob135_m2014_q6b/Gen1/Prob135_m2014_q6b_sample8_single_thought_operator,
source_aligned_shape_density_qd,VerilogEval-Spec-to-RTL,Prob135_m2014_q6b,combinational,1,c7470317-133b-4864-8d93-39c9dc545e6e,single_thought_operator,generation_log,0.196143497758,0.294215246637,7,2.58e-06,0,5,0.000223,0,-0.4,0.988430493274,0,/workspace/exp/useful_bd_push/t73_source_aligned_shape_density_20260623_232844_UTC/hard_tuning/source_aligned_shape_density_qd/seed_1001/openai_gpt-oss-120b/VerilogEval-Spec-to-RTL/Prob135_m2014_q6b/Gen1/Prob135_m2014_q6b_sample9_single_thought_operator,
source_aligned_shape_density_qd,VerilogEval-Spec-to-RTL,Prob135_m2014_q6b,combinational,1,f86a2ba9-bc57-4cec-8200-e7d88c9cf366,single_thought_operator,generation_log,0.196143497758,0.294215246637,7,2.58e-06,0,5,0.000223,0,-0.4,0.988430493274,0,/workspace/exp/useful_bd_push/t73_source_aligned_shape_density_20260623_232844_UTC/hard_tuning/source_aligned_shape_density_qd/seed_1001/openai_gpt-oss-120b/VerilogEval-Spec-to-RTL/Prob135_m2014_q6b/Gen1/Prob135_m2014_q6b_sample11_single_thought_operator,
source_aligned_shape_density_qd,VerilogEval-Spec-to-RTL,Prob135_m2014_q6b,combinational,1,84ef5eac-6ce1-4159-8c30-b8e775b74700,single_thought_operator,generation_log,0.196143497758,0.294215246637,7,2.58e-06,0,5,0.000223,0,-0.4,0.988430493274,0,/workspace/exp/useful_bd_push/t73_source_aligned_shape_density_20260623_232844_UTC/hard_tuning/source_aligned_shape_density_qd/seed_1001/openai_gpt-oss-120b/VerilogEval-Spec-to-RTL/Prob135_m2014_q6b/Gen1/Prob135_m2014_q6b_sample12_single_thought_operator,
source_aligned_shape_density_qd,VerilogEval-Spec-to-RTL,Prob135_m2014_q6b,combinational,2,02498128-fa32-4ada-9db4-56f342c766cd,single_thought_operator,generation_log,0.196143497758,0.294215246637,7,2.58e-06,0,5,0.000223,0,-0.4,0.988430493274,0,/workspace/exp/useful_bd_push/t73_source_aligned_shape_density_20260623_232844_UTC/hard_tuning/source_aligned_shape_density_qd/seed_1001/openai_gpt-oss-120b/VerilogEval-Spec-to-RTL/Prob135_m2014_q6b/Gen2/Prob135_m2014_q6b_sample1_single_thought_operator,
source_aligned_shape_density_qd,VerilogEval-Spec-to-RTL,Prob135_m2014_q6b,combinational,2,0138f3ab-fb51-4cfa-8195-d5865f7d230f,single_thought_operator,generation_log,0.196143497758,0.294215246637,7,2.58e-06,0,5,0.000223,0,-0.4,0.988430493274,0,/workspace/exp/useful_bd_push/t73_source_aligned_shape_density_20260623_232844_UTC/hard_tuning/source_aligned_shape_density_qd/seed_1001/openai_gpt-oss-120b/VerilogEval-Spec-to-RTL/Prob135_m2014_q6b/Gen2/Prob135_m2014_q6b_sample3_single_thought_operator,
source_aligned_shape_density_qd,VerilogEval-Spec-to-RTL,Prob135_m2014_q6b,combinational,2,2403d978-fb1b-4374-82d7-fae24853e2a6,single_thought_operator,generation_log,0.196143497758,0.294215246637,7,2.58e-06,0,5,0.000223,0,-0.4,0.988430493274,0,/workspace/exp/useful_bd_push/t73_source_aligned_shape_density_20260623_232844_UTC/hard_tuning/source_aligned_shape_density_qd/seed_1001/openai_gpt-oss-120b/VerilogEval-Spec-to-RTL/Prob135_m2014_q6b/Gen2/Prob135_m2014_q6b_sample4_single_thought_operator,
source_aligned_shape_density_qd,VerilogEval-Spec-to-RTL,Prob135_m2014_q6b,combinational,2,54a38b89-5242-4f52-ac38-ea9a7f4682f5,single_thought_operator,generation_log,0.196143497758,0.294215246637,7,2.58e-06,0,5,0.000223,0,-0.4,0.988430493274,0,/workspace/exp/useful_bd_push/t73_source_aligned_shape_density_20260623_232844_UTC/hard_tuning/source_aligned_shape_density_qd/seed_1001/openai_gpt-oss-120b/VerilogEval-Spec-to-RTL/Prob135_m2014_q6b/Gen2/Prob135_m2014_q6b_sample5_single_thought_operator,
source_aligned_shape_density_qd,VerilogEval-Spec-to-RTL,Prob135_m2014_q6b,combinational,2,1c7b62e8-5266-44cc-9f0e-98a2ebeeae8f,single_thought_operator,generation_log,0.196143497758,0.294215246637,7,2.58e-06,0,5,0.000223,0,-0.4,0.988430493274,0,/workspace/exp/useful_bd_push/t73_source_aligned_shape_density_20260623_232844_UTC/hard_tuning/source_aligned_shape_density_qd/seed_1001/openai_gpt-oss-120b/VerilogEval-Spec-to-RTL/Prob135_m2014_q6b/Gen2/Prob135_m2014_q6b_sample6_single_thought_operator,
source_aligned_shape_density_qd,VerilogEval-Spec-to-RTL,Prob135_m2014_q6b,combinational,2,ec1f5a27-57f7-492c-aa47-6a5a15e6566e,single_thought_operator,generation_log,0.196143497758,0.294215246637,7,2.58e-06,0,5,0.000223,0,-0.4,0.988430493274,0,/workspace/exp/useful_bd_push/t73_source_aligned_shape_density_20260623_232844_UTC/hard_tuning/source_aligned_shape_density_qd/seed_1001/openai_gpt-oss-120b/VerilogEval-Spec-to-RTL/Prob135_m2014_q6b/Gen2/Prob135_m2014_q6b_sample7_single_thought_operator,
source_aligned_shape_density_qd,VerilogEval-Spec-to-RTL,Prob135_m2014_q6b,combinational,2,3a265c3a-2362-414b-8d5a-0a69db7cf260,single_thought_operator,generation_log,0.196143497758,0.294215246637,7,2.58e-06,0,5,0.000223,0,-0.4,0.988430493274,0,/workspace/exp/useful_bd_push/t73_source_aligned_shape_density_20260623_232844_UTC/hard_tuning/source_aligned_shape_density_qd/seed_1001/openai_gpt-oss-120b/VerilogEval-Spec-to-RTL/Prob135_m2014_q6b/Gen2/Prob135_m2014_q6b_sample8_single_thought_operator,
source_aligned_shape_density_qd,VerilogEval-Spec-to-RTL,Prob135_m2014_q6b,combinational,2,15a04c94-4d20-4f8c-b4a2-dfeb16d42c5b,single_thought_operator,generation_log,0.196143497758,0.294215246637,7,2.58e-06,0,5,0.000223,0,-0.4,0.988430493274,0,/workspace/exp/useful_bd_push/t73_source_aligned_shape_density_20260623_232844_UTC/hard_tuning/source_aligned_shape_density_qd/seed_1001/openai_gpt-oss-120b/VerilogEval-Spec-to-RTL/Prob135_m2014_q6b/Gen2/Prob135_m2014_q6b_sample9_single_thought_operator,
source_aligned_shape_density_qd,VerilogEval-Spec-to-RTL,Prob135_m2014_q6b,combinational,2,2ff81554-235f-4794-bbbd-feb7eb59e9d8,single_thought_operator,generation_log,0.196143497758,0.294215246637,7,2.58e-06,0,5,0.000223,0,-0.4,0.988430493274,0,/workspace/exp/useful_bd_push/t73_source_aligned_shape_density_20260623_232844_UTC/hard_tuning/source_aligned_shape_density_qd/seed_1001/openai_gpt-oss-120b/VerilogEval-Spec-to-RTL/Prob135_m2014_q6b/Gen2/Prob135_m2014_q6b_sample10_single_thought_operator,
source_aligned_shape_density_qd,VerilogEval-Spec-to-RTL,Prob135_m2014_q6b,combinational,2,1cc88769-cbc0-43fa-b86a-f7157d5fd9f8,single_thought_operator,generation_log,0.196143497758,0.294215246637,7,2.58e-06,0,5,0.000223,0,-0.4,0.988430493274,0,/workspace/exp/useful_bd_push/t73_source_aligned_shape_density_20260623_232844_UTC/hard_tuning/source_aligned_shape_density_qd/seed_1001/openai_gpt-oss-120b/VerilogEval-Spec-to-RTL/Prob135_m2014_q6b/Gen2/Prob135_m2014_q6b_sample11_single_thought_operator,
source_aligned_shape_density_qd,VerilogEval-Spec-to-RTL,Prob135_m2014_q6b,combinational,2,bf1c53d6-897f-4b15-ab7a-0f9bded9994d,single_thought_operator,generation_log,0.196143497758,0.294215246637,7,2.58e-06,0,5,0.000223,0,-0.4,0.988430493274,0,/workspace/exp/useful_bd_push/t73_source_aligned_shape_density_20260623_232844_UTC/hard_tuning/source_aligned_shape_density_qd/seed_1001/openai_gpt-oss-120b/VerilogEval-Spec-to-RTL/Prob135_m2014_q6b/Gen2/Prob135_m2014_q6b_sample12_single_thought_operator,
source_aligned_shape_density_qd,VerilogEval-Spec-to-RTL,Prob135_m2014_q6b,combinational,3,631ac63c-d3f8-4ae0-b6e8-ce112f48e4cc,single_thought_operator,generation_log,0.196143497758,0.294215246637,7,2.58e-06,0,5,0.000223,0,-0.4,0.988430493274,0,/workspace/exp/useful_bd_push/t73_source_aligned_shape_density_20260623_232844_UTC/hard_tuning/source_aligned_shape_density_qd/seed_1001/openai_gpt-oss-120b/VerilogEval-Spec-to-RTL/Prob135_m2014_q6b/Gen3/Prob135_m2014_q6b_sample1_single_thought_operator,
source_aligned_shape_density_qd,VerilogEval-Spec-to-RTL,Prob135_m2014_q6b,combinational,3,9f7c9d74-f2da-4138-b0b4-dee86a88d112,single_thought_operator,generation_log,0.196143497758,0.294215246637,7,2.58e-06,0,5,0.000223,0,-0.4,0.988430493274,0,/workspace/exp/useful_bd_push/t73_source_aligned_shape_density_20260623_232844_UTC/hard_tuning/source_aligned_shape_density_qd/seed_1001/openai_gpt-oss-120b/VerilogEval-Spec-to-RTL/Prob135_m2014_q6b/Gen3/Prob135_m2014_q6b_sample2_single_thought_operator,
source_aligned_shape_density_qd,VerilogEval-Spec-to-RTL,Prob135_m2014_q6b,combinational,3,14653902-cb6b-481b-a258-1d7d3771c105,single_thought_operator,generation_log,0.196143497758,0.294215246637,7,2.58e-06,0,5,0.000223,0,-0.4,0.988430493274,0,/workspace/exp/useful_bd_push/t73_source_aligned_shape_density_20260623_232844_UTC/hard_tuning/source_aligned_shape_density_qd/seed_1001/openai_gpt-oss-120b/VerilogEval-Spec-to-RTL/Prob135_m2014_q6b/Gen3/Prob135_m2014_q6b_sample3_single_thought_operator,
source_aligned_shape_density_qd,VerilogEval-Spec-to-RTL,Prob135_m2014_q6b,combinational,3,bcc24ebf-e07a-4a81-b15b-4845f905d535,single_thought_operator,generation_log,0.263617339312,0.395426008969,6,2.04e-06,0,5,0.000223,0,-0.2,0.990852017937,0,/workspace/exp/useful_bd_push/t73_source_aligned_shape_density_20260623_232844_UTC/hard_tuning/source_aligned_shape_density_qd/seed_1001/openai_gpt-oss-120b/VerilogEval-Spec-to-RTL/Prob135_m2014_q6b/Gen3/Prob135_m2014_q6b_sample4_single_thought_operator,
source_aligned_shape_density_qd,VerilogEval-Spec-to-RTL,Prob135_m2014_q6b,combinational,3,7e436f04-4a57-41d9-a4c9-b7fa8e8ec5ef,single_thought_operator,generation_log,0.196143497758,0.294215246637,7,2.58e-06,0,5,0.000223,0,-0.4,0.988430493274,0,/workspace/exp/useful_bd_push/t73_source_aligned_shape_density_20260623_232844_UTC/hard_tuning/source_aligned_shape_density_qd/seed_1001/openai_gpt-oss-120b/VerilogEval-Spec-to-RTL/Prob135_m2014_q6b/Gen3/Prob135_m2014_q6b_sample5_single_thought_operator,
source_aligned_shape_density_qd,VerilogEval-Spec-to-RTL,Prob135_m2014_q6b,combinational,3,b9bb3266-a497-4e37-98cb-a3232a709c69,single_thought_operator,generation_log,0.196143497758,0.294215246637,7,2.58e-06,0,5,0.000223,0,-0.4,0.988430493274,0,/workspace/exp/useful_bd_push/t73_source_aligned_shape_density_20260623_232844_UTC/hard_tuning/source_aligned_shape_density_qd/seed_1001/openai_gpt-oss-120b/VerilogEval-Spec-to-RTL/Prob135_m2014_q6b/Gen3/Prob135_m2014_q6b_sample7_single_thought_operator,
source_aligned_shape_density_qd,VerilogEval-Spec-to-RTL,Prob135_m2014_q6b,combinational,3,d01eb5fc-de67-4601-9b3d-0599d7037939,single_thought_operator,generation_log,0.196143497758,0.294215246637,7,2.58e-06,0,5,0.000223,0,-0.4,0.988430493274,0,/workspace/exp/useful_bd_push/t73_source_aligned_shape_density_20260623_232844_UTC/hard_tuning/source_aligned_shape_density_qd/seed_1001/openai_gpt-oss-120b/VerilogEval-Spec-to-RTL/Prob135_m2014_q6b/Gen3/Prob135_m2014_q6b_sample8_single_thought_operator,
source_aligned_shape_density_qd,VerilogEval-Spec-to-RTL,Prob135_m2014_q6b,combinational,3,a8fb7d26-a2b3-45ce-8891-6ca93bfb5842,single_thought_operator,generation_log,0.263617339312,0.395426008969,6,2.04e-06,0,5,0.000223,0,-0.2,0.990852017937,0,/workspace/exp/useful_bd_push/t73_source_aligned_shape_density_20260623_232844_UTC/hard_tuning/source_aligned_shape_density_qd/seed_1001/openai_gpt-oss-120b/VerilogEval-Spec-to-RTL/Prob135_m2014_q6b/Gen3/Prob135_m2014_q6b_sample9_single_thought_operator,
source_aligned_shape_density_qd,VerilogEval-Spec-to-RTL,Prob135_m2014_q6b,combinational,3,37bb068a-8d69-4733-898a-bde6a91de4cf,single_thought_operator,generation_log,0.196143497758,0.294215246637,7,2.58e-06,0,5,0.000223,0,-0.4,0.988430493274,0,/workspace/exp/useful_bd_push/t73_source_aligned_shape_density_20260623_232844_UTC/hard_tuning/source_aligned_shape_density_qd/seed_1001/openai_gpt-oss-120b/VerilogEval-Spec-to-RTL/Prob135_m2014_q6b/Gen3/Prob135_m2014_q6b_sample10_single_thought_operator,
source_aligned_shape_density_qd,VerilogEval-Spec-to-RTL,Prob135_m2014_q6b,combinational,3,99628563-6348-49db-874b-77846490ab7d,single_thought_operator,generation_log,0.196143497758,0.294215246637,7,2.58e-06,0,5,0.000223,0,-0.4,0.988430493274,0,/workspace/exp/useful_bd_push/t73_source_aligned_shape_density_20260623_232844_UTC/hard_tuning/source_aligned_shape_density_qd/seed_1001/openai_gpt-oss-120b/VerilogEval-Spec-to-RTL/Prob135_m2014_q6b/Gen3/Prob135_m2014_q6b_sample11_single_thought_operator,
source_aligned_shape_density_qd,VerilogEval-Spec-to-RTL,Prob135_m2014_q6b,combinational,3,6039db97-91d7-4b1b-b071-a8f2a21e01d6,single_thought_operator,generation_log,0.196143497758,0.294215246637,7,2.58e-06,0,5,0.000223,0,-0.4,0.988430493274,0,/workspace/exp/useful_bd_push/t73_source_aligned_shape_density_20260623_232844_UTC/hard_tuning/source_aligned_shape_density_qd/seed_1001/openai_gpt-oss-120b/VerilogEval-Spec-to-RTL/Prob135_m2014_q6b/Gen3/Prob135_m2014_q6b_sample12_single_thought_operator,
source_aligned_shape_density_qd,VerilogEval-Spec-to-RTL,Prob150_review2015_fsmonehot,combinational,0,43a039d4-54d0-41d1-8e10-477e9ca4a629,initial,generation_log,0.32968627451,0.494529411765,13,3.72e-06,0,13,0.00034,0,0,0.989058823529,0,/workspace/exp/useful_bd_push/t73_source_aligned_shape_density_20260623_232844_UTC/hard_tuning/source_aligned_shape_density_qd/seed_1001/openai_gpt-oss-120b/VerilogEval-Spec-to-RTL/Prob150_review2015_fsmonehot/Gen0/Prob150_review2015_fsmonehot_sample1_initial,
source_aligned_shape_density_qd,VerilogEval-Spec-to-RTL,Prob150_review2015_fsmonehot,combinational,0,9b066414-8953-4b21-8a21-6d5d31d14b71,initial,generation_log,0.32968627451,0.494529411765,13,3.72e-06,0,13,0.00034,0,0,0.989058823529,0,/workspace/exp/useful_bd_push/t73_source_aligned_shape_density_20260623_232844_UTC/hard_tuning/source_aligned_shape_density_qd/seed_1001/openai_gpt-oss-120b/VerilogEval-Spec-to-RTL/Prob150_review2015_fsmonehot/Gen0/Prob150_review2015_fsmonehot_sample2_initial,
source_aligned_shape_density_qd,VerilogEval-Spec-to-RTL,Prob150_review2015_fsmonehot,combinational,1,f73d92b8-d5e2-4d2e-a986-a874d6649eb0,single_thought_operator,generation_log,0.32968627451,0.494529411765,13,3.72e-06,0,13,0.00034,0,0,0.989058823529,0,/workspace/exp/useful_bd_push/t73_source_aligned_shape_density_20260623_232844_UTC/hard_tuning/source_aligned_shape_density_qd/seed_1001/openai_gpt-oss-120b/VerilogEval-Spec-to-RTL/Prob150_review2015_fsmonehot/Gen1/Prob150_review2015_fsmonehot_sample3_single_thought_operator,
source_aligned_shape_density_qd,VerilogEval-Spec-to-RTL,Prob150_review2015_fsmonehot,combinational,1,5256af29-02c7-4d14-8d8a-22d1edd6fac4,single_thought_operator,generation_log,0.32968627451,0.494529411765,13,3.72e-06,0,13,0.00034,0,0,0.989058823529,0,/workspace/exp/useful_bd_push/t73_source_aligned_shape_density_20260623_232844_UTC/hard_tuning/source_aligned_shape_density_qd/seed_1001/openai_gpt-oss-120b/VerilogEval-Spec-to-RTL/Prob150_review2015_fsmonehot/Gen1/Prob150_review2015_fsmonehot_sample5_single_thought_operator,
source_aligned_shape_density_qd,VerilogEval-Spec-to-RTL,Prob150_review2015_fsmonehot,combinational,1,efc8ce8a-93ba-4cb1-a468-b9bb8b885366,single_thought_operator,generation_log,0.32968627451,0.494529411765,13,3.72e-06,0,13,0.00034,0,0,0.989058823529,0,/workspace/exp/useful_bd_push/t73_source_aligned_shape_density_20260623_232844_UTC/hard_tuning/source_aligned_shape_density_qd/seed_1001/openai_gpt-oss-120b/VerilogEval-Spec-to-RTL/Prob150_review2015_fsmonehot/Gen1/Prob150_review2015_fsmonehot_sample10_single_thought_operator,
source_aligned_shape_density_qd,VerilogEval-Spec-to-RTL,Prob150_review2015_fsmonehot,combinational,2,76919a18-42db-42e4-9f68-11c1b35cc4a6,single_thought_operator,generation_log,0.32968627451,0.494529411765,13,3.72e-06,0,13,0.00034,0,0,0.989058823529,0,/workspace/exp/useful_bd_push/t73_source_aligned_shape_density_20260623_232844_UTC/hard_tuning/source_aligned_shape_density_qd/seed_1001/openai_gpt-oss-120b/VerilogEval-Spec-to-RTL/Prob150_review2015_fsmonehot/Gen2/Prob150_review2015_fsmonehot_sample2_single_thought_operator,
source_aligned_shape_density_qd,VerilogEval-Spec-to-RTL,Prob150_review2015_fsmonehot,combinational,2,583ee702-3023-4220-8b21-633a5450ba1b,single_thought_operator,generation_log,0.32968627451,0.494529411765,13,3.72e-06,0,13,0.00034,0,0,0.989058823529,0,/workspace/exp/useful_bd_push/t73_source_aligned_shape_density_20260623_232844_UTC/hard_tuning/source_aligned_shape_density_qd/seed_1001/openai_gpt-oss-120b/VerilogEval-Spec-to-RTL/Prob150_review2015_fsmonehot/Gen2/Prob150_review2015_fsmonehot_sample7_single_thought_operator,
source_aligned_shape_density_qd,VerilogEval-Spec-to-RTL,Prob150_review2015_fsmonehot,combinational,3,469e9380-3204-4240-a1c5-e33dbdea078e,single_thought_operator,generation_log,0.32968627451,0.494529411765,13,3.72e-06,0,13,0.00034,0,0,0.989058823529,0,/workspace/exp/useful_bd_push/t73_source_aligned_shape_density_20260623_232844_UTC/hard_tuning/source_aligned_shape_density_qd/seed_1001/openai_gpt-oss-120b/VerilogEval-Spec-to-RTL/Prob150_review2015_fsmonehot/Gen3/Prob150_review2015_fsmonehot_sample1_single_thought_operator,
source_aligned_shape_density_qd,VerilogEval-Spec-to-RTL,Prob150_review2015_fsmonehot,combinational,3,c611c25e-9919-4541-b7a2-60f3dee6a6ff,single_thought_operator,generation_log,0.32968627451,0.494529411765,13,3.72e-06,0,13,0.00034,0,0,0.989058823529,0,/workspace/exp/useful_bd_push/t73_source_aligned_shape_density_20260623_232844_UTC/hard_tuning/source_aligned_shape_density_qd/seed_1001/openai_gpt-oss-120b/VerilogEval-Spec-to-RTL/Prob150_review2015_fsmonehot/Gen3/Prob150_review2015_fsmonehot_sample2_single_thought_operator,
source_aligned_shape_density_qd,VerilogEval-Spec-to-RTL,Prob150_review2015_fsmonehot,combinational,3,a45627cc-0b33-4856-b78f-21274a54c763,single_thought_operator,generation_log,0.32968627451,0.494529411765,13,3.72e-06,0,13,0.00034,0,0,0.989058823529,0,/workspace/exp/useful_bd_push/t73_source_aligned_shape_density_20260623_232844_UTC/hard_tuning/source_aligned_shape_density_qd/seed_1001/openai_gpt-oss-120b/VerilogEval-Spec-to-RTL/Prob150_review2015_fsmonehot/Gen3/Prob150_review2015_fsmonehot_sample3_single_thought_operator,
source_aligned_shape_density_qd,VerilogEval-Spec-to-RTL,Prob150_review2015_fsmonehot,combinational,3,2e2cd44f-94ec-49d8-ac5c-a590d13ec3c8,single_thought_operator,generation_log,0.32968627451,0.494529411765,13,3.72e-06,0,13,0.00034,0,0,0.989058823529,0,/workspace/exp/useful_bd_push/t73_source_aligned_shape_density_20260623_232844_UTC/hard_tuning/source_aligned_shape_density_qd/seed_1001/openai_gpt-oss-120b/VerilogEval-Spec-to-RTL/Prob150_review2015_fsmonehot/Gen3/Prob150_review2015_fsmonehot_sample5_single_thought_operator,
source_aligned_shape_density_qd,VerilogEval-Spec-to-RTL,Prob150_review2015_fsmonehot,combinational,3,3581b322-1fd1-4894-a7ec-7e07e7991776,single_thought_operator,generation_log,0.32968627451,0.494529411765,13,3.72e-06,0,13,0.00034,0,0,0.989058823529,0,/workspace/exp/useful_bd_push/t73_source_aligned_shape_density_20260623_232844_UTC/hard_tuning/source_aligned_shape_density_qd/seed_1001/openai_gpt-oss-120b/VerilogEval-Spec-to-RTL/Prob150_review2015_fsmonehot/Gen3/Prob150_review2015_fsmonehot_sample7_single_thought_operator,
source_aligned_shape_density_qd,VerilogEval-Spec-to-RTL,Prob150_review2015_fsmonehot,combinational,3,e8641cc1-28d2-4b7b-875c-8d2a62dbcd4e,single_thought_operator,generation_log,0.32968627451,0.494529411765,13,3.72e-06,0,13,0.00034,0,0,0.989058823529,0,/workspace/exp/useful_bd_push/t73_source_aligned_shape_density_20260623_232844_UTC/hard_tuning/source_aligned_shape_density_qd/seed_1001/openai_gpt-oss-120b/VerilogEval-Spec-to-RTL/Prob150_review2015_fsmonehot/Gen3/Prob150_review2015_fsmonehot_sample10_single_thought_operator,
source_aligned_shape_density_qd,VerilogEval-Spec-to-RTL,Prob150_review2015_fsmonehot,combinational,3,5e25c10c-50bc-459a-be7d-83a7ee6b62d4,single_thought_operator,generation_log,0.32968627451,0.494529411765,13,3.72e-06,0,13,0.00034,0,0,0.989058823529,0,/workspace/exp/useful_bd_push/t73_source_aligned_shape_density_20260623_232844_UTC/hard_tuning/source_aligned_shape_density_qd/seed_1001/openai_gpt-oss-120b/VerilogEval-Spec-to-RTL/Prob150_review2015_fsmonehot/Gen3/Prob150_review2015_fsmonehot_sample11_single_thought_operator,
source_aligned_shape_density_qd,VerilogEval-Spec-to-RTL,Prob151_review2015_fsm,sequential,1,86c2e73d-1f63-46bf-8a38-05da22b31320,single_thought_operator,generation_log,-0.350276494572,-0.350276494572,93,0.0067,0.32,66,0.00447,0.28,-0.409090909091,-0.498881431767,-0.142857142857,/workspace/exp/useful_bd_push/t73_source_aligned_shape_density_20260623_232844_UTC/hard_tuning/source_aligned_shape_density_qd/seed_1001/openai_gpt-oss-120b/VerilogEval-Spec-to-RTL/Prob151_review2015_fsm/Gen1/Prob151_review2015_fsm_sample6_single_thought_operator,
source_aligned_shape_density_qd,VerilogEval-Spec-to-RTL,Prob151_review2015_fsm,sequential,2,c6239ee5-4fb7-40fe-937d-872e862433dd,single_thought_operator,generation_log,-0.614706509002,-0.614706509002,121,0.00819,0.33,66,0.00447,0.28,-0.833333333333,-0.832214765101,-0.178571428571,/workspace/exp/useful_bd_push/t73_source_aligned_shape_density_20260623_232844_UTC/hard_tuning/source_aligned_shape_density_qd/seed_1001/openai_gpt-oss-120b/VerilogEval-Spec-to-RTL/Prob151_review2015_fsm/Gen2/Prob151_review2015_fsm_sample10_single_thought_operator,
source_aligned_shape_density_qd,VerilogEval-Spec-to-RTL,Prob151_review2015_fsm,sequential,3,94721b4f-8b46-49dd-ac40-fb83b8bcdaa4,single_thought_operator,generation_log,-0.126177886245,-0.126177886245,75,0.00667,0.21,66,0.00447,0.28,-0.136363636364,-0.492170022371,0.25,/workspace/exp/useful_bd_push/t73_source_aligned_shape_density_20260623_232844_UTC/hard_tuning/source_aligned_shape_density_qd/seed_1001/openai_gpt-oss-120b/VerilogEval-Spec-to-RTL/Prob151_review2015_fsm/Gen3/Prob151_review2015_fsm_sample9_single_thought_operator,
source_aligned_shape_density_qd,VerilogEval-Spec-to-RTL,Prob153_gshare,sequential,0,0da865ce-cf60-4ba5-909e-afde4252f553,initial,generation_log,0.0323844225488,0.0323844225488,3002,0.427,0.7,3025,0.437,0.75,0.00760330578512,0.0228832951945,0.0666666666667,/workspace/exp/useful_bd_push/t73_source_aligned_shape_density_20260623_232844_UTC/hard_tuning/source_aligned_shape_density_qd/seed_1001/openai_gpt-oss-120b/VerilogEval-Spec-to-RTL/Prob153_gshare/Gen0/Prob153_gshare_sample1_initial,
source_aligned_shape_density_qd,VerilogEval-Spec-to-RTL,Prob153_gshare,sequential,0,d0231ae5-e0e6-49c8-a699-47c0e675484a,initial,generation_log,-0.0454299600961,-0.0454299600961,3074,0.472,0.78,3025,0.437,0.75,-0.0161983471074,-0.0800915331808,-0.04,/workspace/exp/useful_bd_push/t73_source_aligned_shape_density_20260623_232844_UTC/hard_tuning/source_aligned_shape_density_qd/seed_1001/openai_gpt-oss-120b/VerilogEval-Spec-to-RTL/Prob153_gshare/Gen0/Prob153_gshare_sample9_initial,
source_aligned_shape_density_qd,VerilogEval-Spec-to-RTL,Prob153_gshare,sequential,0,062863e8-37b7-48f4-aaa9-572fb29d6057,initial,generation_log,0.11071656864,0.11071656864,2754,0.331,0.75,3025,0.437,0.75,0.0895867768595,0.242562929062,0,/workspace/exp/useful_bd_push/t73_source_aligned_shape_density_20260623_232844_UTC/hard_tuning/source_aligned_shape_density_qd/seed_1001/openai_gpt-oss-120b/VerilogEval-Spec-to-RTL/Prob153_gshare/Gen0/Prob153_gshare_sample10_initial,
source_aligned_shape_density_qd,VerilogEval-Spec-to-RTL,Prob153_gshare,sequential,1,e3850e65-1214-4b1c-813d-4845412aeb65,single_thought_operator,generation_log,-0.0454299600961,-0.0454299600961,3074,0.472,0.78,3025,0.437,0.75,-0.0161983471074,-0.0800915331808,-0.04,/workspace/exp/useful_bd_push/t73_source_aligned_shape_density_20260623_232844_UTC/hard_tuning/source_aligned_shape_density_qd/seed_1001/openai_gpt-oss-120b/VerilogEval-Spec-to-RTL/Prob153_gshare/Gen1/Prob153_gshare_sample8_single_thought_operator,
source_aligned_shape_density_qd,VerilogEval-Spec-to-RTL,Prob153_gshare,sequential,1,bc04f925-081b-4374-9f42-1d963bf6b4be,single_thought_operator,generation_log,0.000415051282536,0.000415051282536,3163,0.434,0.72,3025,0.437,0.75,-0.0456198347107,0.00686498855835,0.04,/workspace/exp/useful_bd_push/t73_source_aligned_shape_density_20260623_232844_UTC/hard_tuning/source_aligned_shape_density_qd/seed_1001/openai_gpt-oss-120b/VerilogEval-Spec-to-RTL/Prob153_gshare/Gen1/Prob153_gshare_sample10_single_thought_operator,
source_aligned_shape_density_qd,VerilogEval-Spec-to-RTL,Prob153_gshare,sequential,2,a8a647f1-066c-42f5-b4e1-0ea75dddd77c,initial,generation_log,0.0199326319152,0.0199326319152,2873,0.427,0.76,3025,0.437,0.75,0.0502479338843,0.0228832951945,-0.0133333333333,/workspace/exp/useful_bd_push/t73_source_aligned_shape_density_20260623_232844_UTC/hard_tuning/source_aligned_shape_density_qd/seed_1001/openai_gpt-oss-120b/VerilogEval-Spec-to-RTL/Prob153_gshare/Gen2/Prob153_gshare_sample1_initial,
source_aligned_shape_density_qd,VerilogEval-Spec-to-RTL,Prob153_gshare,sequential,2,f7f263aa-6980-4c6d-971b-adfc1eff751a,single_thought_operator,generation_log,-0.0177361717865,-0.0177361717865,3080,0.429,0.79,3025,0.437,0.75,-0.0181818181818,0.0183066361556,-0.0533333333333,/workspace/exp/useful_bd_push/t73_source_aligned_shape_density_20260623_232844_UTC/hard_tuning/source_aligned_shape_density_qd/seed_1001/openai_gpt-oss-120b/VerilogEval-Spec-to-RTL/Prob153_gshare/Gen2/Prob153_gshare_sample1_single_thought_operator,
source_aligned_shape_density_qd,VerilogEval-Spec-to-RTL,Prob153_gshare,sequential,2,5654b00e-2773-4a22-9149-2e628029d443,single_thought_operator,generation_log,0.135602919144,0.135602919144,2790,0.299,0.74,3025,0.437,0.75,0.0776859504132,0.315789473684,0.0133333333333,/workspace/exp/useful_bd_push/t73_source_aligned_shape_density_20260623_232844_UTC/hard_tuning/source_aligned_shape_density_qd/seed_1001/openai_gpt-oss-120b/VerilogEval-Spec-to-RTL/Prob153_gshare/Gen2/Prob153_gshare_sample2_single_thought_operator,
source_aligned_shape_density_qd,VerilogEval-Spec-to-RTL,Prob153_gshare,sequential,2,9e16f6c2-56ed-4264-8be3-578e33e6666e,single_thought_operator,generation_log,-0.0454299600961,-0.0454299600961,3074,0.472,0.78,3025,0.437,0.75,-0.0161983471074,-0.0800915331808,-0.04,/workspace/exp/useful_bd_push/t73_source_aligned_shape_density_20260623_232844_UTC/hard_tuning/source_aligned_shape_density_qd/seed_1001/openai_gpt-oss-120b/VerilogEval-Spec-to-RTL/Prob153_gshare/Gen2/Prob153_gshare_sample4_single_thought_operator,
source_aligned_shape_density_qd,VerilogEval-Spec-to-RTL,Prob153_gshare,sequential,2,6ecef6ca-0332-456a-8b17-28168d5f802e,single_thought_operator,generation_log,-0.0177361717865,-0.0177361717865,3080,0.429,0.79,3025,0.437,0.75,-0.0181818181818,0.0183066361556,-0.0533333333333,/workspace/exp/useful_bd_push/t73_source_aligned_shape_density_20260623_232844_UTC/hard_tuning/source_aligned_shape_density_qd/seed_1001/openai_gpt-oss-120b/VerilogEval-Spec-to-RTL/Prob153_gshare/Gen2/Prob153_gshare_sample6_single_thought_operator,
source_aligned_shape_density_qd,VerilogEval-Spec-to-RTL,Prob153_gshare,sequential,2,13b20858-888c-4034-a534-bb632f933472,single_thought_operator,generation_log,-0.0454299600961,-0.0454299600961,3074,0.472,0.78,3025,0.437,0.75,-0.0161983471074,-0.0800915331808,-0.04,/workspace/exp/useful_bd_push/t73_source_aligned_shape_density_20260623_232844_UTC/hard_tuning/source_aligned_shape_density_qd/seed_1001/openai_gpt-oss-120b/VerilogEval-Spec-to-RTL/Prob153_gshare/Gen2/Prob153_gshare_sample11_single_thought_operator,
source_aligned_shape_density_qd,VerilogEval-Spec-to-RTL,Prob153_gshare,sequential,3,5fed9122-796a-45d5-a38c-e35b6f702c9e,initial,generation_log,-0.0240035470158,-0.0240035470158,3133,0.482,0.7,3025,0.437,0.75,-0.0357024793388,-0.102974828375,0.0666666666667,/workspace/exp/useful_bd_push/t73_source_aligned_shape_density_20260623_232844_UTC/hard_tuning/source_aligned_shape_density_qd/seed_1001/openai_gpt-oss-120b/VerilogEval-Spec-to-RTL/Prob153_gshare/Gen3/Prob153_gshare_sample1_initial,
source_aligned_shape_density_qd,VerilogEval-Spec-to-RTL,Prob153_gshare,sequential,3,81ee7254-e0c9-4351-8c2a-9a16365562c3,single_thought_operator,generation_log,0.135602919144,0.135602919144,2790,0.299,0.74,3025,0.437,0.75,0.0776859504132,0.315789473684,0.0133333333333,/workspace/exp/useful_bd_push/t73_source_aligned_shape_density_20260623_232844_UTC/hard_tuning/source_aligned_shape_density_qd/seed_1001/openai_gpt-oss-120b/VerilogEval-Spec-to-RTL/Prob153_gshare/Gen3/Prob153_gshare_sample5_single_thought_operator,
shape_density_front_slot_hybrid_qd,RTLLM,Prob004_adder_8bit,combinational,1,15f20cc4-1538-42ed-8c7f-30d399494340,single_thought_operator,generation_log,0.381544128268,0.572316192402,39,2.27e-05,0,46,0.00301,0,0.152173913043,0.992458471761,0,/workspace/exp/useful_bd_push/t74_shape_density_front_slot_hybrid_20260624_010922_UTC/hard_tuning/shape_density_front_slot_hybrid_qd/seed_1001/openai_gpt-oss-120b/RTLLM/Prob004_adder_8bit/Gen1/Prob004_adder_8bit_sample1_single_thought_operator,
shape_density_front_slot_hybrid_qd,RTLLM,Prob004_adder_8bit,combinational,1,10b15ba3-d255-4ec1-8c05-1a0955518840,single_thought_operator,generation_log,0.381544128268,0.572316192402,39,2.27e-05,0,46,0.00301,0,0.152173913043,0.992458471761,0,/workspace/exp/useful_bd_push/t74_shape_density_front_slot_hybrid_20260624_010922_UTC/hard_tuning/shape_density_front_slot_hybrid_qd/seed_1001/openai_gpt-oss-120b/RTLLM/Prob004_adder_8bit/Gen1/Prob004_adder_8bit_sample2_single_thought_operator,
shape_density_front_slot_hybrid_qd,RTLLM,Prob004_adder_8bit,combinational,1,0dde806d-9cbd-47a2-9811-925da40ff624,single_thought_operator,generation_log,0.381544128268,0.572316192402,39,2.27e-05,0,46,0.00301,0,0.152173913043,0.992458471761,0,/workspace/exp/useful_bd_push/t74_shape_density_front_slot_hybrid_20260624_010922_UTC/hard_tuning/shape_density_front_slot_hybrid_qd/seed_1001/openai_gpt-oss-120b/RTLLM/Prob004_adder_8bit/Gen1/Prob004_adder_8bit_sample3_single_thought_operator,
shape_density_front_slot_hybrid_qd,RTLLM,Prob004_adder_8bit,combinational,1,76feded2-0f2e-4412-b7cd-49747b3967d4,single_thought_operator,generation_log,0.381544128268,0.572316192402,39,2.27e-05,0,46,0.00301,0,0.152173913043,0.992458471761,0,/workspace/exp/useful_bd_push/t74_shape_density_front_slot_hybrid_20260624_010922_UTC/hard_tuning/shape_density_front_slot_hybrid_qd/seed_1001/openai_gpt-oss-120b/RTLLM/Prob004_adder_8bit/Gen1/Prob004_adder_8bit_sample4_single_thought_operator,
shape_density_front_slot_hybrid_qd,RTLLM,Prob004_adder_8bit,combinational,1,50fa0442-e7fd-405e-ac44-9b280f523137,single_thought_operator,generation_log,0.381544128268,0.572316192402,39,2.27e-05,0,46,0.00301,0,0.152173913043,0.992458471761,0,/workspace/exp/useful_bd_push/t74_shape_density_front_slot_hybrid_20260624_010922_UTC/hard_tuning/shape_density_front_slot_hybrid_qd/seed_1001/openai_gpt-oss-120b/RTLLM/Prob004_adder_8bit/Gen1/Prob004_adder_8bit_sample5_single_thought_operator,
shape_density_front_slot_hybrid_qd,RTLLM,Prob004_adder_8bit,combinational,1,9a2e0bc8-e62a-406e-8dd3-01d57e0f7c00,single_thought_operator,generation_log,0.381544128268,0.572316192402,39,2.27e-05,0,46,0.00301,0,0.152173913043,0.992458471761,0,/workspace/exp/useful_bd_push/t74_shape_density_front_slot_hybrid_20260624_010922_UTC/hard_tuning/shape_density_front_slot_hybrid_qd/seed_1001/openai_gpt-oss-120b/RTLLM/Prob004_adder_8bit/Gen1/Prob004_adder_8bit_sample6_single_thought_operator,
shape_density_front_slot_hybrid_qd,RTLLM,Prob004_adder_8bit,combinational,1,3bcfb928-2234-40a6-8d14-713a8cf5d5e9,single_thought_operator,generation_log,0.381544128268,0.572316192402,39,2.27e-05,0,46,0.00301,0,0.152173913043,0.992458471761,0,/workspace/exp/useful_bd_push/t74_shape_density_front_slot_hybrid_20260624_010922_UTC/hard_tuning/shape_density_front_slot_hybrid_qd/seed_1001/openai_gpt-oss-120b/RTLLM/Prob004_adder_8bit/Gen1/Prob004_adder_8bit_sample7_single_thought_operator,
shape_density_front_slot_hybrid_qd,RTLLM,Prob004_adder_8bit,combinational,1,8ddcfec0-9338-4162-bc84-83e88d9bdf06,single_thought_operator,generation_log,0.381544128268,0.572316192402,39,2.27e-05,0,46,0.00301,0,0.152173913043,0.992458471761,0,/workspace/exp/useful_bd_push/t74_shape_density_front_slot_hybrid_20260624_010922_UTC/hard_tuning/shape_density_front_slot_hybrid_qd/seed_1001/openai_gpt-oss-120b/RTLLM/Prob004_adder_8bit/Gen1/Prob004_adder_8bit_sample8_single_thought_operator,
shape_density_front_slot_hybrid_qd,RTLLM,Prob004_adder_8bit,combinational,1,ed6d9a11-89cd-4846-abf6-3ffa55e06e36,single_thought_operator,generation_log,0.381544128268,0.572316192402,39,2.27e-05,0,46,0.00301,0,0.152173913043,0.992458471761,0,/workspace/exp/useful_bd_push/t74_shape_density_front_slot_hybrid_20260624_010922_UTC/hard_tuning/shape_density_front_slot_hybrid_qd/seed_1001/openai_gpt-oss-120b/RTLLM/Prob004_adder_8bit/Gen1/Prob004_adder_8bit_sample9_single_thought_operator,
shape_density_front_slot_hybrid_qd,RTLLM,Prob004_adder_8bit,combinational,1,650be31d-5230-4fa0-b63c-2d1b40ecf717,single_thought_operator,generation_log,0.381544128268,0.572316192402,39,2.27e-05,0,46,0.00301,0,0.152173913043,0.992458471761,0,/workspace/exp/useful_bd_push/t74_shape_density_front_slot_hybrid_20260624_010922_UTC/hard_tuning/shape_density_front_slot_hybrid_qd/seed_1001/openai_gpt-oss-120b/RTLLM/Prob004_adder_8bit/Gen1/Prob004_adder_8bit_sample10_single_thought_operator,
shape_density_front_slot_hybrid_qd,RTLLM,Prob004_adder_8bit,combinational,1,a32ca270-15ed-4b88-b414-d06d8f36b314,single_thought_operator,generation_log,0.381544128268,0.572316192402,39,2.27e-05,0,46,0.00301,0,0.152173913043,0.992458471761,0,/workspace/exp/useful_bd_push/t74_shape_density_front_slot_hybrid_20260624_010922_UTC/hard_tuning/shape_density_front_slot_hybrid_qd/seed_1001/openai_gpt-oss-120b/RTLLM/Prob004_adder_8bit/Gen1/Prob004_adder_8bit_sample11_single_thought_operator,
shape_density_front_slot_hybrid_qd,RTLLM,Prob004_adder_8bit,combinational,1,b868b855-2069-49c0-821d-3f72af0d43ed,single_thought_operator,generation_log,0.381544128268,0.572316192402,39,2.27e-05,0,46,0.00301,0,0.152173913043,0.992458471761,0,/workspace/exp/useful_bd_push/t74_shape_density_front_slot_hybrid_20260624_010922_UTC/hard_tuning/shape_density_front_slot_hybrid_qd/seed_1001/openai_gpt-oss-120b/RTLLM/Prob004_adder_8bit/Gen1/Prob004_adder_8bit_sample12_single_thought_operator,
shape_density_front_slot_hybrid_qd,RTLLM,Prob004_adder_8bit,combinational,2,ca78575e-b422-4ae1-8f3d-4c484f4486a3,single_thought_operator,generation_log,0.381544128268,0.572316192402,39,2.27e-05,0,46,0.00301,0,0.152173913043,0.992458471761,0,/workspace/exp/useful_bd_push/t74_shape_density_front_slot_hybrid_20260624_010922_UTC/hard_tuning/shape_density_front_slot_hybrid_qd/seed_1001/openai_gpt-oss-120b/RTLLM/Prob004_adder_8bit/Gen2/Prob004_adder_8bit_sample1_single_thought_operator,
shape_density_front_slot_hybrid_qd,RTLLM,Prob004_adder_8bit,combinational,2,d61b03b2-baa2-4fb5-b369-df1017bfaa49,single_thought_operator,generation_log,0.381544128268,0.572316192402,39,2.27e-05,0,46,0.00301,0,0.152173913043,0.992458471761,0,/workspace/exp/useful_bd_push/t74_shape_density_front_slot_hybrid_20260624_010922_UTC/hard_tuning/shape_density_front_slot_hybrid_qd/seed_1001/openai_gpt-oss-120b/RTLLM/Prob004_adder_8bit/Gen2/Prob004_adder_8bit_sample2_single_thought_operator,
shape_density_front_slot_hybrid_qd,RTLLM,Prob004_adder_8bit,combinational,2,23ba547e-681a-4f64-add4-1d5046ba2321,single_thought_operator,generation_log,0.381544128268,0.572316192402,39,2.27e-05,0,46,0.00301,0,0.152173913043,0.992458471761,0,/workspace/exp/useful_bd_push/t74_shape_density_front_slot_hybrid_20260624_010922_UTC/hard_tuning/shape_density_front_slot_hybrid_qd/seed_1001/openai_gpt-oss-120b/RTLLM/Prob004_adder_8bit/Gen2/Prob004_adder_8bit_sample3_single_thought_operator,
shape_density_front_slot_hybrid_qd,RTLLM,Prob004_adder_8bit,combinational,2,8be6f4ee-b7d4-430f-b653-db5cea17aedc,single_thought_operator,generation_log,0.381544128268,0.572316192402,39,2.27e-05,0,46,0.00301,0,0.152173913043,0.992458471761,0,/workspace/exp/useful_bd_push/t74_shape_density_front_slot_hybrid_20260624_010922_UTC/hard_tuning/shape_density_front_slot_hybrid_qd/seed_1001/openai_gpt-oss-120b/RTLLM/Prob004_adder_8bit/Gen2/Prob004_adder_8bit_sample4_single_thought_operator,
shape_density_front_slot_hybrid_qd,RTLLM,Prob004_adder_8bit,combinational,2,448ccce9-3dfa-4d19-82fe-d164ea98c08e,single_thought_operator,generation_log,0.381544128268,0.572316192402,39,2.27e-05,0,46,0.00301,0,0.152173913043,0.992458471761,0,/workspace/exp/useful_bd_push/t74_shape_density_front_slot_hybrid_20260624_010922_UTC/hard_tuning/shape_density_front_slot_hybrid_qd/seed_1001/openai_gpt-oss-120b/RTLLM/Prob004_adder_8bit/Gen2/Prob004_adder_8bit_sample5_single_thought_operator,
shape_density_front_slot_hybrid_qd,RTLLM,Prob004_adder_8bit,combinational,2,cf346766-6689-43d4-9b8e-dbe438caeef9,single_thought_operator,generation_log,0.381544128268,0.572316192402,39,2.27e-05,0,46,0.00301,0,0.152173913043,0.992458471761,0,/workspace/exp/useful_bd_push/t74_shape_density_front_slot_hybrid_20260624_010922_UTC/hard_tuning/shape_density_front_slot_hybrid_qd/seed_1001/openai_gpt-oss-120b/RTLLM/Prob004_adder_8bit/Gen2/Prob004_adder_8bit_sample6_single_thought_operator,
shape_density_front_slot_hybrid_qd,RTLLM,Prob004_adder_8bit,combinational,2,6aadfe88-9f2e-4946-b192-e073a467ee4b,single_thought_operator,generation_log,0.381544128268,0.572316192402,39,2.27e-05,0,46,0.00301,0,0.152173913043,0.992458471761,0,/workspace/exp/useful_bd_push/t74_shape_density_front_slot_hybrid_20260624_010922_UTC/hard_tuning/shape_density_front_slot_hybrid_qd/seed_1001/openai_gpt-oss-120b/RTLLM/Prob004_adder_8bit/Gen2/Prob004_adder_8bit_sample7_single_thought_operator,
shape_density_front_slot_hybrid_qd,RTLLM,Prob004_adder_8bit,combinational,2,8470bef1-f7c4-440e-aea9-31e3c7ecfb83,single_thought_operator,generation_log,0.381544128268,0.572316192402,39,2.27e-05,0,46,0.00301,0,0.152173913043,0.992458471761,0,/workspace/exp/useful_bd_push/t74_shape_density_front_slot_hybrid_20260624_010922_UTC/hard_tuning/shape_density_front_slot_hybrid_qd/seed_1001/openai_gpt-oss-120b/RTLLM/Prob004_adder_8bit/Gen2/Prob004_adder_8bit_sample8_single_thought_operator,
shape_density_front_slot_hybrid_qd,RTLLM,Prob004_adder_8bit,combinational,2,045470de-4529-4daf-9984-792bd8ed9f06,single_thought_operator,generation_log,0.381544128268,0.572316192402,39,2.27e-05,0,46,0.00301,0,0.152173913043,0.992458471761,0,/workspace/exp/useful_bd_push/t74_shape_density_front_slot_hybrid_20260624_010922_UTC/hard_tuning/shape_density_front_slot_hybrid_qd/seed_1001/openai_gpt-oss-120b/RTLLM/Prob004_adder_8bit/Gen2/Prob004_adder_8bit_sample9_single_thought_operator,
shape_density_front_slot_hybrid_qd,RTLLM,Prob004_adder_8bit,combinational,2,efe3624b-6357-46e7-85d5-62e7458ec80c,single_thought_operator,generation_log,0.381544128268,0.572316192402,39,2.27e-05,0,46,0.00301,0,0.152173913043,0.992458471761,0,/workspace/exp/useful_bd_push/t74_shape_density_front_slot_hybrid_20260624_010922_UTC/hard_tuning/shape_density_front_slot_hybrid_qd/seed_1001/openai_gpt-oss-120b/RTLLM/Prob004_adder_8bit/Gen2/Prob004_adder_8bit_sample10_single_thought_operator,
shape_density_front_slot_hybrid_qd,RTLLM,Prob004_adder_8bit,combinational,2,1832100b-8980-46b4-bbdd-59000a77c3a2,single_thought_operator,generation_log,0.381544128268,0.572316192402,39,2.27e-05,0,46,0.00301,0,0.152173913043,0.992458471761,0,/workspace/exp/useful_bd_push/t74_shape_density_front_slot_hybrid_20260624_010922_UTC/hard_tuning/shape_density_front_slot_hybrid_qd/seed_1001/openai_gpt-oss-120b/RTLLM/Prob004_adder_8bit/Gen2/Prob004_adder_8bit_sample11_single_thought_operator,
shape_density_front_slot_hybrid_qd,RTLLM,Prob004_adder_8bit,combinational,2,6c4f4644-4493-431f-aaa4-1a08cad619c8,single_thought_operator,generation_log,0.381544128268,0.572316192402,39,2.27e-05,0,46,0.00301,0,0.152173913043,0.992458471761,0,/workspace/exp/useful_bd_push/t74_shape_density_front_slot_hybrid_20260624_010922_UTC/hard_tuning/shape_density_front_slot_hybrid_qd/seed_1001/openai_gpt-oss-120b/RTLLM/Prob004_adder_8bit/Gen2/Prob004_adder_8bit_sample12_single_thought_operator,
shape_density_front_slot_hybrid_qd,RTLLM,Prob004_adder_8bit,combinational,3,8f85dd60-6b09-458e-90d0-891272fc6310,single_thought_operator,generation_log,0.381544128268,0.572316192402,39,2.27e-05,0,46,0.00301,0,0.152173913043,0.992458471761,0,/workspace/exp/useful_bd_push/t74_shape_density_front_slot_hybrid_20260624_010922_UTC/hard_tuning/shape_density_front_slot_hybrid_qd/seed_1001/openai_gpt-oss-120b/RTLLM/Prob004_adder_8bit/Gen3/Prob004_adder_8bit_sample1_single_thought_operator,
shape_density_front_slot_hybrid_qd,RTLLM,Prob004_adder_8bit,combinational,3,82d9b785-9a5d-4d35-b714-d78566bd57d2,single_thought_operator,generation_log,0.381544128268,0.572316192402,39,2.27e-05,0,46,0.00301,0,0.152173913043,0.992458471761,0,/workspace/exp/useful_bd_push/t74_shape_density_front_slot_hybrid_20260624_010922_UTC/hard_tuning/shape_density_front_slot_hybrid_qd/seed_1001/openai_gpt-oss-120b/RTLLM/Prob004_adder_8bit/Gen3/Prob004_adder_8bit_sample2_single_thought_operator,
shape_density_front_slot_hybrid_qd,RTLLM,Prob004_adder_8bit,combinational,3,4e15f4d9-3385-488e-960f-009ec94d107b,single_thought_operator,generation_log,0.381544128268,0.572316192402,39,2.27e-05,0,46,0.00301,0,0.152173913043,0.992458471761,0,/workspace/exp/useful_bd_push/t74_shape_density_front_slot_hybrid_20260624_010922_UTC/hard_tuning/shape_density_front_slot_hybrid_qd/seed_1001/openai_gpt-oss-120b/RTLLM/Prob004_adder_8bit/Gen3/Prob004_adder_8bit_sample3_single_thought_operator,
shape_density_front_slot_hybrid_qd,RTLLM,Prob004_adder_8bit,combinational,3,87465c5b-1ba2-4918-9c03-ccc763e50284,single_thought_operator,generation_log,0.381544128268,0.572316192402,39,2.27e-05,0,46,0.00301,0,0.152173913043,0.992458471761,0,/workspace/exp/useful_bd_push/t74_shape_density_front_slot_hybrid_20260624_010922_UTC/hard_tuning/shape_density_front_slot_hybrid_qd/seed_1001/openai_gpt-oss-120b/RTLLM/Prob004_adder_8bit/Gen3/Prob004_adder_8bit_sample4_single_thought_operator,
shape_density_front_slot_hybrid_qd,RTLLM,Prob004_adder_8bit,combinational,3,e43a005d-97ed-4503-a0b1-57832cd0fa75,single_thought_operator,generation_log,0.381544128268,0.572316192402,39,2.27e-05,0,46,0.00301,0,0.152173913043,0.992458471761,0,/workspace/exp/useful_bd_push/t74_shape_density_front_slot_hybrid_20260624_010922_UTC/hard_tuning/shape_density_front_slot_hybrid_qd/seed_1001/openai_gpt-oss-120b/RTLLM/Prob004_adder_8bit/Gen3/Prob004_adder_8bit_sample5_single_thought_operator,
shape_density_front_slot_hybrid_qd,RTLLM,Prob004_adder_8bit,combinational,3,26b86aaa-6bd0-468e-8cf2-9194babeee6b,single_thought_operator,generation_log,0.381544128268,0.572316192402,39,2.27e-05,0,46,0.00301,0,0.152173913043,0.992458471761,0,/workspace/exp/useful_bd_push/t74_shape_density_front_slot_hybrid_20260624_010922_UTC/hard_tuning/shape_density_front_slot_hybrid_qd/seed_1001/openai_gpt-oss-120b/RTLLM/Prob004_adder_8bit/Gen3/Prob004_adder_8bit_sample6_single_thought_operator,
shape_density_front_slot_hybrid_qd,RTLLM,Prob004_adder_8bit,combinational,3,ad89d71a-c91e-4075-af85-89122969e537,single_thought_operator,generation_log,0.381544128268,0.572316192402,39,2.27e-05,0,46,0.00301,0,0.152173913043,0.992458471761,0,/workspace/exp/useful_bd_push/t74_shape_density_front_slot_hybrid_20260624_010922_UTC/hard_tuning/shape_density_front_slot_hybrid_qd/seed_1001/openai_gpt-oss-120b/RTLLM/Prob004_adder_8bit/Gen3/Prob004_adder_8bit_sample7_single_thought_operator,
shape_density_front_slot_hybrid_qd,RTLLM,Prob004_adder_8bit,combinational,3,17a58d63-ec5f-4db0-914d-08e8e0b91322,single_thought_operator,generation_log,0.381544128268,0.572316192402,39,2.27e-05,0,46,0.00301,0,0.152173913043,0.992458471761,0,/workspace/exp/useful_bd_push/t74_shape_density_front_slot_hybrid_20260624_010922_UTC/hard_tuning/shape_density_front_slot_hybrid_qd/seed_1001/openai_gpt-oss-120b/RTLLM/Prob004_adder_8bit/Gen3/Prob004_adder_8bit_sample8_single_thought_operator,
shape_density_front_slot_hybrid_qd,RTLLM,Prob004_adder_8bit,combinational,3,27a351f7-c795-4903-8872-6c4357079ed2,single_thought_operator,generation_log,0.381544128268,0.572316192402,39,2.27e-05,0,46,0.00301,0,0.152173913043,0.992458471761,0,/workspace/exp/useful_bd_push/t74_shape_density_front_slot_hybrid_20260624_010922_UTC/hard_tuning/shape_density_front_slot_hybrid_qd/seed_1001/openai_gpt-oss-120b/RTLLM/Prob004_adder_8bit/Gen3/Prob004_adder_8bit_sample9_single_thought_operator,
shape_density_front_slot_hybrid_qd,RTLLM,Prob004_adder_8bit,combinational,3,6f0b779d-0275-45bc-a078-f1980a616f17,single_thought_operator,generation_log,0.381544128268,0.572316192402,39,2.27e-05,0,46,0.00301,0,0.152173913043,0.992458471761,0,/workspace/exp/useful_bd_push/t74_shape_density_front_slot_hybrid_20260624_010922_UTC/hard_tuning/shape_density_front_slot_hybrid_qd/seed_1001/openai_gpt-oss-120b/RTLLM/Prob004_adder_8bit/Gen3/Prob004_adder_8bit_sample10_single_thought_operator,
shape_density_front_slot_hybrid_qd,RTLLM,Prob004_adder_8bit,combinational,3,8c4a9d53-41fa-4c53-a8fa-aaebfa8c578c,single_thought_operator,generation_log,0.381544128268,0.572316192402,39,2.27e-05,0,46,0.00301,0,0.152173913043,0.992458471761,0,/workspace/exp/useful_bd_push/t74_shape_density_front_slot_hybrid_20260624_010922_UTC/hard_tuning/shape_density_front_slot_hybrid_qd/seed_1001/openai_gpt-oss-120b/RTLLM/Prob004_adder_8bit/Gen3/Prob004_adder_8bit_sample11_single_thought_operator,
shape_density_front_slot_hybrid_qd,RTLLM,Prob004_adder_8bit,combinational,3,f35e1ed4-2071-4ff1-b36c-a601b9fa7627,single_thought_operator,generation_log,0.381544128268,0.572316192402,39,2.27e-05,0,46,0.00301,0,0.152173913043,0.992458471761,0,/workspace/exp/useful_bd_push/t74_shape_density_front_slot_hybrid_20260624_010922_UTC/hard_tuning/shape_density_front_slot_hybrid_qd/seed_1001/openai_gpt-oss-120b/RTLLM/Prob004_adder_8bit/Gen3/Prob004_adder_8bit_sample12_single_thought_operator,
shape_density_front_slot_hybrid_qd,RTLLM,Prob015_multi_pipe_8bit,sequential,0,d2e77f2a-00b9-4e73-a381-788d728ffe6a,initial,generation_log,0.0231070982361,0.0231070982361,623,0.0911,1.05,980,0.0898,0.82,0.364285714286,-0.0144766146993,-0.280487804878,/workspace/exp/useful_bd_push/t74_shape_density_front_slot_hybrid_20260624_010922_UTC/hard_tuning/shape_density_front_slot_hybrid_qd/seed_1001/openai_gpt-oss-120b/RTLLM/Prob015_multi_pipe_8bit/Gen0/Prob015_multi_pipe_8bit_sample2_initial,
shape_density_front_slot_hybrid_qd,RTLLM,Prob015_multi_pipe_8bit,sequential,0,d4b6cc76-160a-432f-9fef-67f2b65f3452,initial,generation_log,-0.16932838973,-0.16932838973,771,0.125,1.09,980,0.0898,0.82,0.213265306122,-0.391982182628,-0.329268292683,/workspace/exp/useful_bd_push/t74_shape_density_front_slot_hybrid_20260624_010922_UTC/hard_tuning/shape_density_front_slot_hybrid_qd/seed_1001/openai_gpt-oss-120b/RTLLM/Prob015_multi_pipe_8bit/Gen0/Prob015_multi_pipe_8bit_sample4_initial,
shape_density_front_slot_hybrid_qd,RTLLM,Prob015_multi_pipe_8bit,sequential,0,9738936f-38f2-4fea-b1c0-9751dc296ceb,initial,generation_log,-0.253181156215,-0.253181156215,1043,0.115,1.16,980,0.0898,0.82,-0.0642857142857,-0.280623608018,-0.414634146341,/workspace/exp/useful_bd_push/t74_shape_density_front_slot_hybrid_20260624_010922_UTC/hard_tuning/shape_density_front_slot_hybrid_qd/seed_1001/openai_gpt-oss-120b/RTLLM/Prob015_multi_pipe_8bit/Gen0/Prob015_multi_pipe_8bit_sample7_initial,
shape_density_front_slot_hybrid_qd,RTLLM,Prob015_multi_pipe_8bit,sequential,0,b85f2422-c8c1-42c4-b90f-f42903c9936b,initial,generation_log,0.0227359029874,0.0227359029874,623,0.0912,1.05,980,0.0898,0.82,0.364285714286,-0.0155902004454,-0.280487804878,/workspace/exp/useful_bd_push/t74_shape_density_front_slot_hybrid_20260624_010922_UTC/hard_tuning/shape_density_front_slot_hybrid_qd/seed_1001/openai_gpt-oss-120b/RTLLM/Prob015_multi_pipe_8bit/Gen0/Prob015_multi_pipe_8bit_sample9_initial,
shape_density_front_slot_hybrid_qd,RTLLM,Prob015_multi_pipe_8bit,sequential,0,abbaebd9-1f95-497e-aa71-bed806a596fd,initial,generation_log,0.0236154823709,0.0236154823709,628,0.0916,1.04,980,0.0898,0.82,0.359183673469,-0.0200445434298,-0.268292682927,/workspace/exp/useful_bd_push/t74_shape_density_front_slot_hybrid_20260624_010922_UTC/hard_tuning/shape_density_front_slot_hybrid_qd/seed_1001/openai_gpt-oss-120b/RTLLM/Prob015_multi_pipe_8bit/Gen0/Prob015_multi_pipe_8bit_sample12_initial,
shape_density_front_slot_hybrid_qd,RTLLM,Prob015_multi_pipe_8bit,sequential,1,6ed97159-2f2d-4dfe-9987-66f4a4cbd4b7,initial,generation_log,0.0227359029874,0.0227359029874,623,0.0912,1.05,980,0.0898,0.82,0.364285714286,-0.0155902004454,-0.280487804878,/workspace/exp/useful_bd_push/t74_shape_density_front_slot_hybrid_20260624_010922_UTC/hard_tuning/shape_density_front_slot_hybrid_qd/seed_1001/openai_gpt-oss-120b/RTLLM/Prob015_multi_pipe_8bit/Gen1/Prob015_multi_pipe_8bit_sample2_initial,
shape_density_front_slot_hybrid_qd,RTLLM,Prob015_multi_pipe_8bit,sequential,1,b7fd937c-f0d8-45ed-84d0-dbe7f2b8bf1d,single_thought_operator,generation_log,-0.0451593478936,-0.0451593478936,685,0.106,1.03,980,0.0898,0.82,0.301020408163,-0.180400890869,-0.256097560976,/workspace/exp/useful_bd_push/t74_shape_density_front_slot_hybrid_20260624_010922_UTC/hard_tuning/shape_density_front_slot_hybrid_qd/seed_1001/openai_gpt-oss-120b/RTLLM/Prob015_multi_pipe_8bit/Gen1/Prob015_multi_pipe_8bit_sample2_single_thought_operator,
shape_density_front_slot_hybrid_qd,RTLLM,Prob015_multi_pipe_8bit,sequential,1,57da25ba-794a-4c97-ab28-fbe80d5c7819,single_thought_operator,generation_log,0.0527945329906,0.0527945329906,600,0.0874,1.03,980,0.0898,0.82,0.387755102041,0.0267260579065,-0.256097560976,/workspace/exp/useful_bd_push/t74_shape_density_front_slot_hybrid_20260624_010922_UTC/hard_tuning/shape_density_front_slot_hybrid_qd/seed_1001/openai_gpt-oss-120b/RTLLM/Prob015_multi_pipe_8bit/Gen1/Prob015_multi_pipe_8bit_sample3_single_thought_operator,
shape_density_front_slot_hybrid_qd,RTLLM,Prob015_multi_pipe_8bit,sequential,1,384957ab-393e-432e-90b1-c65c6d0a8f8b,single_thought_operator,generation_log,-0.0340234904326,-0.0340234904326,685,0.103,1.03,980,0.0898,0.82,0.301020408163,-0.146993318486,-0.256097560976,/workspace/exp/useful_bd_push/t74_shape_density_front_slot_hybrid_20260624_010922_UTC/hard_tuning/shape_density_front_slot_hybrid_qd/seed_1001/openai_gpt-oss-120b/RTLLM/Prob015_multi_pipe_8bit/Gen1/Prob015_multi_pipe_8bit_sample4_single_thought_operator,
shape_density_front_slot_hybrid_qd,RTLLM,Prob015_multi_pipe_8bit,sequential,1,f280d5ef-ca89-4d75-8dbf-673a3285a51b,single_thought_operator,generation_log,-0.0377354429196,-0.0377354429196,685,0.104,1.03,980,0.0898,0.82,0.301020408163,-0.158129175947,-0.256097560976,/workspace/exp/useful_bd_push/t74_shape_density_front_slot_hybrid_20260624_010922_UTC/hard_tuning/shape_density_front_slot_hybrid_qd/seed_1001/openai_gpt-oss-120b/RTLLM/Prob015_multi_pipe_8bit/Gen1/Prob015_multi_pipe_8bit_sample9_single_thought_operator,
shape_density_front_slot_hybrid_qd,RTLLM,Prob015_multi_pipe_8bit,sequential,1,f2d7a4a9-e6f8-4a5a-bb1b-5c5c3aa866e3,single_thought_operator,generation_log,0.0527945329906,0.0527945329906,600,0.0874,1.03,980,0.0898,0.82,0.387755102041,0.0267260579065,-0.256097560976,/workspace/exp/useful_bd_push/t74_shape_density_front_slot_hybrid_20260624_010922_UTC/hard_tuning/shape_density_front_slot_hybrid_qd/seed_1001/openai_gpt-oss-120b/RTLLM/Prob015_multi_pipe_8bit/Gen1/Prob015_multi_pipe_8bit_sample10_single_thought_operator,
shape_density_front_slot_hybrid_qd,RTLLM,Prob015_multi_pipe_8bit,sequential,2,3208b074-27d7-4594-ba52-85db228db66f,single_thought_operator,generation_log,-0.0377354429196,-0.0377354429196,685,0.104,1.03,980,0.0898,0.82,0.301020408163,-0.158129175947,-0.256097560976,/workspace/exp/useful_bd_push/t74_shape_density_front_slot_hybrid_20260624_010922_UTC/hard_tuning/shape_density_front_slot_hybrid_qd/seed_1001/openai_gpt-oss-120b/RTLLM/Prob015_multi_pipe_8bit/Gen2/Prob015_multi_pipe_8bit_sample3_single_thought_operator,
shape_density_front_slot_hybrid_qd,RTLLM,Prob015_multi_pipe_8bit,sequential,2,5d7ca611-3c05-416c-981b-0cc8c135a6db,single_thought_operator,generation_log,0.0716892765037,0.0716892765037,600,0.0845,1.01,980,0.0898,0.82,0.387755102041,0.0590200445434,-0.231707317073,/workspace/exp/useful_bd_push/t74_shape_density_front_slot_hybrid_20260624_010922_UTC/hard_tuning/shape_density_front_slot_hybrid_qd/seed_1001/openai_gpt-oss-120b/RTLLM/Prob015_multi_pipe_8bit/Gen2/Prob015_multi_pipe_8bit_sample4_single_thought_operator,
shape_density_front_slot_hybrid_qd,RTLLM,Prob015_multi_pipe_8bit,sequential,3,1e571fa8-f868-45f5-8352-48d329b2319a,initial,generation_log,-0.0416150891885,-0.0416150891885,779,0.126,0.76,980,0.0898,0.82,0.205102040816,-0.403118040089,0.0731707317073,/workspace/exp/useful_bd_push/t74_shape_density_front_slot_hybrid_20260624_010922_UTC/hard_tuning/shape_density_front_slot_hybrid_qd/seed_1001/openai_gpt-oss-120b/RTLLM/Prob015_multi_pipe_8bit/Gen3/Prob015_multi_pipe_8bit_sample2_initial,
shape_density_front_slot_hybrid_qd,RTLLM,Prob015_multi_pipe_8bit,sequential,3,15fe7696-2eff-4d64-8ce0-6e31f7033154,single_thought_operator,generation_log,-0.0377354429196,-0.0377354429196,685,0.104,1.03,980,0.0898,0.82,0.301020408163,-0.158129175947,-0.256097560976,/workspace/exp/useful_bd_push/t74_shape_density_front_slot_hybrid_20260624_010922_UTC/hard_tuning/shape_density_front_slot_hybrid_qd/seed_1001/openai_gpt-oss-120b/RTLLM/Prob015_multi_pipe_8bit/Gen3/Prob015_multi_pipe_8bit_sample3_single_thought_operator,
shape_density_front_slot_hybrid_qd,RTLLM,Prob024_fsm,combinational,0,231e4b7d-b39f-4855-bcc6-22a1667254b6,initial,generation_log,0.148762381399,-0.146856427901,38,0.0102,0.26,46,0.00695,0,0.173913043478,-0.467625899281,-260000000000,/workspace/exp/useful_bd_push/t74_shape_density_front_slot_hybrid_20260624_010922_UTC/hard_tuning/shape_density_front_slot_hybrid_qd/seed_1001/openai_gpt-oss-120b/RTLLM/Prob024_fsm/Gen0/Prob024_fsm_sample5_initial,
shape_density_front_slot_hybrid_qd,RTLLM,Prob024_fsm,combinational,1,8182b685-6385-4dec-b899-60c269b86773,single_thought_operator,generation_log,0.148762381399,-0.146856427901,38,0.0102,0.26,46,0.00695,0,0.173913043478,-0.467625899281,-260000000000,/workspace/exp/useful_bd_push/t74_shape_density_front_slot_hybrid_20260624_010922_UTC/hard_tuning/shape_density_front_slot_hybrid_qd/seed_1001/openai_gpt-oss-120b/RTLLM/Prob024_fsm/Gen1/Prob024_fsm_sample2_single_thought_operator,
shape_density_front_slot_hybrid_qd,RTLLM,Prob024_fsm,combinational,1,fb88cd01-dab1-40ae-8dfb-e0aa315a8670,single_thought_operator,generation_log,0.469591283495,0.329386925242,29,0.00494,0.25,46,0.00695,0,0.369565217391,0.289208633094,-250000000000,/workspace/exp/useful_bd_push/t74_shape_density_front_slot_hybrid_20260624_010922_UTC/hard_tuning/shape_density_front_slot_hybrid_qd/seed_1001/openai_gpt-oss-120b/RTLLM/Prob024_fsm/Gen1/Prob024_fsm_sample4_single_thought_operator,
shape_density_front_slot_hybrid_qd,RTLLM,Prob024_fsm,combinational,1,01d82785-0912-45df-816f-76efff283497,single_thought_operator,generation_log,0.168958398499,-0.116562402252,37,0.00993,0.26,46,0.00695,0,0.195652173913,-0.428776978417,-260000000000,/workspace/exp/useful_bd_push/t74_shape_density_front_slot_hybrid_20260624_010922_UTC/hard_tuning/shape_density_front_slot_hybrid_qd/seed_1001/openai_gpt-oss-120b/RTLLM/Prob024_fsm/Gen1/Prob024_fsm_sample7_single_thought_operator,
shape_density_front_slot_hybrid_qd,RTLLM,Prob024_fsm,combinational,1,a1ad8f31-cf79-4d47-bf77-c545cb801208,single_thought_operator,generation_log,0.265517672818,0.0282765092274,34,0.00837,0.26,46,0.00695,0,0.260869565217,-0.204316546763,-260000000000,/workspace/exp/useful_bd_push/t74_shape_density_front_slot_hybrid_20260624_010922_UTC/hard_tuning/shape_density_front_slot_hybrid_qd/seed_1001/openai_gpt-oss-120b/RTLLM/Prob024_fsm/Gen1/Prob024_fsm_sample9_single_thought_operator,
shape_density_front_slot_hybrid_qd,RTLLM,Prob024_fsm,combinational,1,1cbfe0a9-b621-452f-82ba-5fd5319ce033,single_thought_operator,generation_log,0.148762381399,-0.146856427901,38,0.0102,0.26,46,0.00695,0,0.173913043478,-0.467625899281,-260000000000,/workspace/exp/useful_bd_push/t74_shape_density_front_slot_hybrid_20260624_010922_UTC/hard_tuning/shape_density_front_slot_hybrid_qd/seed_1001/openai_gpt-oss-120b/RTLLM/Prob024_fsm/Gen1/Prob024_fsm_sample10_single_thought_operator,
shape_density_front_slot_hybrid_qd,RTLLM,Prob024_fsm,combinational,1,81082578-fa62-47d9-b511-eb2e6be6689c,single_thought_operator,generation_log,0.491192784903,0.341789177354,36,0.00371,0.21,46,0.00695,0,0.217391304348,0.46618705036,-210000000000,/workspace/exp/useful_bd_push/t74_shape_density_front_slot_hybrid_20260624_010922_UTC/hard_tuning/shape_density_front_slot_hybrid_qd/seed_1001/openai_gpt-oss-120b/RTLLM/Prob024_fsm/Gen1/Prob024_fsm_sample11_single_thought_operator,
shape_density_front_slot_hybrid_qd,RTLLM,Prob024_fsm,combinational,1,bd180d8d-301d-4a22-8be4-7bc6ff9dbefc,single_thought_operator,generation_log,0.148762381399,-0.146856427901,38,0.0102,0.26,46,0.00695,0,0.173913043478,-0.467625899281,-260000000000,/workspace/exp/useful_bd_push/t74_shape_density_front_slot_hybrid_20260624_010922_UTC/hard_tuning/shape_density_front_slot_hybrid_qd/seed_1001/openai_gpt-oss-120b/RTLLM/Prob024_fsm/Gen1/Prob024_fsm_sample12_single_thought_operator,
shape_density_front_slot_hybrid_qd,RTLLM,Prob024_fsm,combinational,2,e001bfc8-ca0a-4d2b-9b2e-9c3ed261ae58,single_thought_operator,generation_log,0.500233552289,0.340350328433,36,0.00373,0.18,46,0.00695,0,0.217391304348,0.463309352518,-180000000000,/workspace/exp/useful_bd_push/t74_shape_density_front_slot_hybrid_20260624_010922_UTC/hard_tuning/shape_density_front_slot_hybrid_qd/seed_1001/openai_gpt-oss-120b/RTLLM/Prob024_fsm/Gen2/Prob024_fsm_sample4_single_thought_operator,
shape_density_front_slot_hybrid_qd,RTLLM,Prob024_fsm,combinational,2,fa6d73cb-2ad9-4ef2-bd74-4a1db66a4fe7,single_thought_operator,generation_log,0.470070899802,0.330106349703,29,0.00493,0.25,46,0.00695,0,0.369565217391,0.290647482014,-250000000000,/workspace/exp/useful_bd_push/t74_shape_density_front_slot_hybrid_20260624_010922_UTC/hard_tuning/shape_density_front_slot_hybrid_qd/seed_1001/openai_gpt-oss-120b/RTLLM/Prob024_fsm/Gen2/Prob024_fsm_sample5_single_thought_operator,
shape_density_front_slot_hybrid_qd,RTLLM,Prob024_fsm,combinational,2,aa4bd600-7bd6-402f-b96d-d17aae25cd15,single_thought_operator,generation_log,0.168958398499,-0.116562402252,37,0.00993,0.26,46,0.00695,0,0.195652173913,-0.428776978417,-260000000000,/workspace/exp/useful_bd_push/t74_shape_density_front_slot_hybrid_20260624_010922_UTC/hard_tuning/shape_density_front_slot_hybrid_qd/seed_1001/openai_gpt-oss-120b/RTLLM/Prob024_fsm/Gen2/Prob024_fsm_sample6_single_thought_operator,
shape_density_front_slot_hybrid_qd,RTLLM,Prob024_fsm,combinational,2,da94acba-d3e7-4a17-bd40-a424759ee6f5,single_thought_operator,generation_log,0.469591283495,0.329386925242,29,0.00494,0.25,46,0.00695,0,0.369565217391,0.289208633094,-250000000000,/workspace/exp/useful_bd_push/t74_shape_density_front_slot_hybrid_20260624_010922_UTC/hard_tuning/shape_density_front_slot_hybrid_qd/seed_1001/openai_gpt-oss-120b/RTLLM/Prob024_fsm/Gen2/Prob024_fsm_sample7_single_thought_operator,
shape_density_front_slot_hybrid_qd,RTLLM,Prob024_fsm,combinational,2,60c2f74d-aeb9-4ccc-a8aa-3aecb39aab5b,single_thought_operator,generation_log,0.469591283495,0.329386925242,29,0.00494,0.25,46,0.00695,0,0.369565217391,0.289208633094,-250000000000,/workspace/exp/useful_bd_push/t74_shape_density_front_slot_hybrid_20260624_010922_UTC/hard_tuning/shape_density_front_slot_hybrid_qd/seed_1001/openai_gpt-oss-120b/RTLLM/Prob024_fsm/Gen2/Prob024_fsm_sample8_single_thought_operator,
shape_density_front_slot_hybrid_qd,RTLLM,Prob024_fsm,combinational,2,2a403638-9629-41f2-b46a-adb7c8fd34d5,single_thought_operator,generation_log,0.491192784903,0.341789177354,36,0.00371,0.21,46,0.00695,0,0.217391304348,0.46618705036,-210000000000,/workspace/exp/useful_bd_push/t74_shape_density_front_slot_hybrid_20260624_010922_UTC/hard_tuning/shape_density_front_slot_hybrid_qd/seed_1001/openai_gpt-oss-120b/RTLLM/Prob024_fsm/Gen2/Prob024_fsm_sample9_single_thought_operator,
shape_density_front_slot_hybrid_qd,RTLLM,Prob024_fsm,combinational,2,c8ea20d9-ba4c-4946-bbd5-8b66f4ddadd2,single_thought_operator,generation_log,0.491192784903,0.341789177354,36,0.00371,0.21,46,0.00695,0,0.217391304348,0.46618705036,-210000000000,/workspace/exp/useful_bd_push/t74_shape_density_front_slot_hybrid_20260624_010922_UTC/hard_tuning/shape_density_front_slot_hybrid_qd/seed_1001/openai_gpt-oss-120b/RTLLM/Prob024_fsm/Gen2/Prob024_fsm_sample10_single_thought_operator,
shape_density_front_slot_hybrid_qd,RTLLM,Prob024_fsm,combinational,3,e13a157c-a35b-4a99-9117-799fb4cca0d2,single_thought_operator,generation_log,0.441028047128,0.261542070691,41,0.00407,0.2,46,0.00695,0,0.108695652174,0.414388489209,-200000000000,/workspace/exp/useful_bd_push/t74_shape_density_front_slot_hybrid_20260624_010922_UTC/hard_tuning/shape_density_front_slot_hybrid_qd/seed_1001/openai_gpt-oss-120b/RTLLM/Prob024_fsm/Gen3/Prob024_fsm_sample1_single_thought_operator,
shape_density_front_slot_hybrid_qd,RTLLM,Prob024_fsm,combinational,3,a5fb799c-ecc2-456c-9fe0-8d4c927981fb,single_thought_operator,generation_log,0.265517672818,0.0282765092274,34,0.00837,0.26,46,0.00695,0,0.260869565217,-0.204316546763,-260000000000,/workspace/exp/useful_bd_push/t74_shape_density_front_slot_hybrid_20260624_010922_UTC/hard_tuning/shape_density_front_slot_hybrid_qd/seed_1001/openai_gpt-oss-120b/RTLLM/Prob024_fsm/Gen3/Prob024_fsm_sample4_single_thought_operator,
shape_density_front_slot_hybrid_qd,RTLLM,Prob024_fsm,combinational,3,0c781176-234f-4771-b961-a89c4b02f229,single_thought_operator,generation_log,0.168958398499,-0.116562402252,37,0.00993,0.26,46,0.00695,0,0.195652173913,-0.428776978417,-260000000000,/workspace/exp/useful_bd_push/t74_shape_density_front_slot_hybrid_20260624_010922_UTC/hard_tuning/shape_density_front_slot_hybrid_qd/seed_1001/openai_gpt-oss-120b/RTLLM/Prob024_fsm/Gen3/Prob024_fsm_sample6_single_thought_operator,
shape_density_front_slot_hybrid_qd,RTLLM,Prob024_fsm,combinational,3,9c88345e-a606-4476-838e-ec7ee256634d,single_thought_operator,generation_log,0.265517672818,0.0282765092274,34,0.00837,0.26,46,0.00695,0,0.260869565217,-0.204316546763,-260000000000,/workspace/exp/useful_bd_push/t74_shape_density_front_slot_hybrid_20260624_010922_UTC/hard_tuning/shape_density_front_slot_hybrid_qd/seed_1001/openai_gpt-oss-120b/RTLLM/Prob024_fsm/Gen3/Prob024_fsm_sample7_single_thought_operator,
shape_density_front_slot_hybrid_qd,RTLLM,Prob024_fsm,combinational,3,5b4da0cd-bbaa-498f-8b81-97c128d8b340,single_thought_operator,generation_log,0.500233552289,0.340350328433,36,0.00373,0.18,46,0.00695,0,0.217391304348,0.463309352518,-180000000000,/workspace/exp/useful_bd_push/t74_shape_density_front_slot_hybrid_20260624_010922_UTC/hard_tuning/shape_density_front_slot_hybrid_qd/seed_1001/openai_gpt-oss-120b/RTLLM/Prob024_fsm/Gen3/Prob024_fsm_sample9_single_thought_operator,
shape_density_front_slot_hybrid_qd,RTLLM,Prob037_parallel2serial,sequential,0,ab19ace6-75f3-4663-881d-072f590fa1ed,initial,generation_log,-0,0,50,0.00453,0.27,50,0.00453,0.27,0,0,0,/workspace/exp/useful_bd_push/t74_shape_density_front_slot_hybrid_20260624_010922_UTC/hard_tuning/shape_density_front_slot_hybrid_qd/seed_1001/openai_gpt-oss-120b/RTLLM/Prob037_parallel2serial/Gen0/Prob037_parallel2serial_sample1_initial,
shape_density_front_slot_hybrid_qd,RTLLM,Prob037_parallel2serial,sequential,0,e69932b4-3b64-4acc-b4a5-23c8b3922552,initial,generation_log,-0,0,50,0.00453,0.27,50,0.00453,0.27,0,0,0,/workspace/exp/useful_bd_push/t74_shape_density_front_slot_hybrid_20260624_010922_UTC/hard_tuning/shape_density_front_slot_hybrid_qd/seed_1001/openai_gpt-oss-120b/RTLLM/Prob037_parallel2serial/Gen0/Prob037_parallel2serial_sample2_initial,
shape_density_front_slot_hybrid_qd,RTLLM,Prob037_parallel2serial,sequential,0,92a448a6-b21f-4543-9af8-942784e3ba37,initial,generation_log,-0.015408388521,-0.015408388521,49,0.00483,0.27,50,0.00453,0.27,0.02,-0.0662251655629,0,/workspace/exp/useful_bd_push/t74_shape_density_front_slot_hybrid_20260624_010922_UTC/hard_tuning/shape_density_front_slot_hybrid_qd/seed_1001/openai_gpt-oss-120b/RTLLM/Prob037_parallel2serial/Gen0/Prob037_parallel2serial_sample3_initial,
shape_density_front_slot_hybrid_qd,RTLLM,Prob037_parallel2serial,sequential,0,66fdde86-65bf-4284-bf96-0c3d7bb1ccc1,initial,generation_log,-0,0,50,0.00453,0.27,50,0.00453,0.27,0,0,0,/workspace/exp/useful_bd_push/t74_shape_density_front_slot_hybrid_20260624_010922_UTC/hard_tuning/shape_density_front_slot_hybrid_qd/seed_1001/openai_gpt-oss-120b/RTLLM/Prob037_parallel2serial/Gen0/Prob037_parallel2serial_sample7_initial,
shape_density_front_slot_hybrid_qd,RTLLM,Prob037_parallel2serial,sequential,0,a909ade3-7ead-4aa5-b980-5926b4072c43,initial,generation_log,-0,0,50,0.00453,0.27,50,0.00453,0.27,0,0,0,/workspace/exp/useful_bd_push/t74_shape_density_front_slot_hybrid_20260624_010922_UTC/hard_tuning/shape_density_front_slot_hybrid_qd/seed_1001/openai_gpt-oss-120b/RTLLM/Prob037_parallel2serial/Gen0/Prob037_parallel2serial_sample8_initial,
shape_density_front_slot_hybrid_qd,RTLLM,Prob037_parallel2serial,sequential,0,8f912f9b-2963-4378-b3fd-8558718bae14,initial,generation_log,-0,0,50,0.00453,0.27,50,0.00453,0.27,0,0,0,/workspace/exp/useful_bd_push/t74_shape_density_front_slot_hybrid_20260624_010922_UTC/hard_tuning/shape_density_front_slot_hybrid_qd/seed_1001/openai_gpt-oss-120b/RTLLM/Prob037_parallel2serial/Gen0/Prob037_parallel2serial_sample9_initial,
shape_density_front_slot_hybrid_qd,RTLLM,Prob037_parallel2serial,sequential,0,9dc846ef-cd67-4abc-a213-98d04692e1f6,initial,generation_log,-0,0,50,0.00453,0.27,50,0.00453,0.27,0,0,0,/workspace/exp/useful_bd_push/t74_shape_density_front_slot_hybrid_20260624_010922_UTC/hard_tuning/shape_density_front_slot_hybrid_qd/seed_1001/openai_gpt-oss-120b/RTLLM/Prob037_parallel2serial/Gen0/Prob037_parallel2serial_sample11_initial,
shape_density_front_slot_hybrid_qd,RTLLM,Prob037_parallel2serial,sequential,0,e30068ac-35a0-45e3-a8d3-a35e5522dfbf,initial,generation_log,-0,0,50,0.00453,0.27,50,0.00453,0.27,0,0,0,/workspace/exp/useful_bd_push/t74_shape_density_front_slot_hybrid_20260624_010922_UTC/hard_tuning/shape_density_front_slot_hybrid_qd/seed_1001/openai_gpt-oss-120b/RTLLM/Prob037_parallel2serial/Gen0/Prob037_parallel2serial_sample12_initial,
shape_density_front_slot_hybrid_qd,RTLLM,Prob037_parallel2serial,sequential,1,6a877628-2a9f-4954-804b-c731a5e0c6e1,single_thought_operator,generation_log,-0.00972937617529,-0.00972937617529,50,0.00483,0.26,50,0.00453,0.27,0,-0.0662251655629,0.037037037037,/workspace/exp/useful_bd_push/t74_shape_density_front_slot_hybrid_20260624_010922_UTC/hard_tuning/shape_density_front_slot_hybrid_qd/seed_1001/openai_gpt-oss-120b/RTLLM/Prob037_parallel2serial/Gen1/Prob037_parallel2serial_sample4_single_thought_operator,
shape_density_front_slot_hybrid_qd,RTLLM,Prob037_parallel2serial,sequential,1,680a9dca-998d-434a-9f0a-e3909eaa649a,single_thought_operator,generation_log,0.0308674679094,0.0308674679094,49,0.00353,0.31,50,0.00453,0.27,0.02,0.220750551876,-0.148148148148,/workspace/exp/useful_bd_push/t74_shape_density_front_slot_hybrid_20260624_010922_UTC/hard_tuning/shape_density_front_slot_hybrid_qd/seed_1001/openai_gpt-oss-120b/RTLLM/Prob037_parallel2serial/Gen1/Prob037_parallel2serial_sample5_single_thought_operator,
shape_density_front_slot_hybrid_qd,RTLLM,Prob037_parallel2serial,sequential,1,21611ba3-efe4-48f2-b475-72680417ebc0,single_thought_operator,generation_log,-0,0,50,0.00453,0.27,50,0.00453,0.27,0,0,0,/workspace/exp/useful_bd_push/t74_shape_density_front_slot_hybrid_20260624_010922_UTC/hard_tuning/shape_density_front_slot_hybrid_qd/seed_1001/openai_gpt-oss-120b/RTLLM/Prob037_parallel2serial/Gen1/Prob037_parallel2serial_sample6_single_thought_operator,
shape_density_front_slot_hybrid_qd,RTLLM,Prob037_parallel2serial,sequential,2,7dd16290-fc99-47d9-9ca1-ffb130497062,single_thought_operator,generation_log,-0,0,50,0.00453,0.27,50,0.00453,0.27,0,0,0,/workspace/exp/useful_bd_push/t74_shape_density_front_slot_hybrid_20260624_010922_UTC/hard_tuning/shape_density_front_slot_hybrid_qd/seed_1001/openai_gpt-oss-120b/RTLLM/Prob037_parallel2serial/Gen2/Prob037_parallel2serial_sample4_single_thought_operator,
shape_density_front_slot_hybrid_qd,RTLLM,Prob041_traffic_light,combinational,1,339b231a-3f48-4d76-9720-b37747799c4b,single_thought_operator,generation_log,0.389132171387,0.583698257081,140,0.000294,0,170,0.0324,0,0.176470588235,0.990925925926,0,/workspace/exp/useful_bd_push/t74_shape_density_front_slot_hybrid_20260624_010922_UTC/hard_tuning/shape_density_front_slot_hybrid_qd/seed_1001/openai_gpt-oss-120b/RTLLM/Prob041_traffic_light/Gen1/Prob041_traffic_light_sample1_single_thought_operator,
shape_density_front_slot_hybrid_qd,RTLLM,Prob041_traffic_light,combinational,1,69cbc754-b265-449d-a3e1-7a163d70efbc,single_thought_operator,generation_log,0.0333091261196,0.0499636891794,174,0.0284,0,170,0.0324,0,-0.0235294117647,0.123456790123,0,/workspace/exp/useful_bd_push/t74_shape_density_front_slot_hybrid_20260624_010922_UTC/hard_tuning/shape_density_front_slot_hybrid_qd/seed_1001/openai_gpt-oss-120b/RTLLM/Prob041_traffic_light/Gen1/Prob041_traffic_light_sample3_single_thought_operator,
shape_density_front_slot_hybrid_qd,RTLLM,Prob041_traffic_light,combinational,1,c316e8ae-cbb4-44dc-93e1-a8c6c914ef5d,single_thought_operator,generation_log,-0.0623940934398,-0.0935911401598,195,0.0337,0,170,0.0324,0,-0.147058823529,-0.0401234567901,0,/workspace/exp/useful_bd_push/t74_shape_density_front_slot_hybrid_20260624_010922_UTC/hard_tuning/shape_density_front_slot_hybrid_qd/seed_1001/openai_gpt-oss-120b/RTLLM/Prob041_traffic_light/Gen1/Prob041_traffic_light_sample4_single_thought_operator,
shape_density_front_slot_hybrid_qd,RTLLM,Prob041_traffic_light,combinational,1,a0a96254-3491-4b56-bf7b-2472718ff219,single_thought_operator,generation_log,0.0536916000968,0.0805374001452,172,0.0268,0,170,0.0324,0,-0.0117647058824,0.172839506173,0,/workspace/exp/useful_bd_push/t74_shape_density_front_slot_hybrid_20260624_010922_UTC/hard_tuning/shape_density_front_slot_hybrid_qd/seed_1001/openai_gpt-oss-120b/RTLLM/Prob041_traffic_light/Gen1/Prob041_traffic_light_sample7_single_thought_operator,
shape_density_front_slot_hybrid_qd,RTLLM,Prob041_traffic_light,combinational,1,be75761a-2786-4d6a-af70-bcdad8739c22,single_thought_operator,generation_log,0.31649661099,0.474744916485,176,0.000493,0,170,0.0324,0,-0.0352941176471,0.984783950617,0,/workspace/exp/useful_bd_push/t74_shape_density_front_slot_hybrid_20260624_010922_UTC/hard_tuning/shape_density_front_slot_hybrid_qd/seed_1001/openai_gpt-oss-120b/RTLLM/Prob041_traffic_light/Gen1/Prob041_traffic_light_sample10_single_thought_operator,
shape_density_front_slot_hybrid_qd,RTLLM,Prob041_traffic_light,combinational,2,6b46d47e-06d2-46d9-8d8d-bb49f55148c2,single_thought_operator,generation_log,0.364970951344,0.547456427015,151,0.000546,0,170,0.0324,0,0.111764705882,0.983148148148,0,/workspace/exp/useful_bd_push/t74_shape_density_front_slot_hybrid_20260624_010922_UTC/hard_tuning/shape_density_front_slot_hybrid_qd/seed_1001/openai_gpt-oss-120b/RTLLM/Prob041_traffic_light/Gen2/Prob041_traffic_light_sample1_single_thought_operator,
shape_density_front_slot_hybrid_qd,RTLLM,Prob041_traffic_light,combinational,2,fd0cc430-5d5b-4b19-b870-03a35ac467c0,single_thought_operator,generation_log,0.0619462599855,0.0929193899782,151,0.03,0,170,0.0324,0,0.111764705882,0.0740740740741,0,/workspace/exp/useful_bd_push/t74_shape_density_front_slot_hybrid_20260624_010922_UTC/hard_tuning/shape_density_front_slot_hybrid_qd/seed_1001/openai_gpt-oss-120b/RTLLM/Prob041_traffic_light/Gen2/Prob041_traffic_light_sample2_single_thought_operator,
shape_density_front_slot_hybrid_qd,RTLLM,Prob041_traffic_light,combinational,2,84aeef43-614f-4687-9157-a2f822ed9ca8,single_thought_operator,generation_log,0.0201282982329,0.0301924473493,176,0.0293,0,170,0.0324,0,-0.0352941176471,0.0956790123457,0,/workspace/exp/useful_bd_push/t74_shape_density_front_slot_hybrid_20260624_010922_UTC/hard_tuning/shape_density_front_slot_hybrid_qd/seed_1001/openai_gpt-oss-120b/RTLLM/Prob041_traffic_light/Gen2/Prob041_traffic_light_sample3_single_thought_operator,
shape_density_front_slot_hybrid_qd,RTLLM,Prob041_traffic_light,combinational,2,a74b9a63-d224-4588-a660-0c902d7afde6,single_thought_operator,generation_log,0.40382050351,0.605730755265,132,0.000391,0,170,0.0324,0,0.223529411765,0.987932098765,0,/workspace/exp/useful_bd_push/t74_shape_density_front_slot_hybrid_20260624_010922_UTC/hard_tuning/shape_density_front_slot_hybrid_qd/seed_1001/openai_gpt-oss-120b/RTLLM/Prob041_traffic_light/Gen2/Prob041_traffic_light_sample5_single_thought_operator,
shape_density_front_slot_hybrid_qd,RTLLM,Prob041_traffic_light,combinational,2,56d3ebc3-6472-44fc-98f9-044e8e244a97,single_thought_operator,generation_log,0.306394335512,0.459591503268,181,0.000522,0,170,0.0324,0,-0.0647058823529,0.983888888889,0,/workspace/exp/useful_bd_push/t74_shape_density_front_slot_hybrid_20260624_010922_UTC/hard_tuning/shape_density_front_slot_hybrid_qd/seed_1001/openai_gpt-oss-120b/RTLLM/Prob041_traffic_light/Gen2/Prob041_traffic_light_sample7_single_thought_operator,
shape_density_front_slot_hybrid_qd,RTLLM,Prob041_traffic_light,combinational,2,5fb7e51e-1340-49d3-8b11-2cf23d54f933,single_thought_operator,generation_log,0.389132171387,0.583698257081,140,0.000294,0,170,0.0324,0,0.176470588235,0.990925925926,0,/workspace/exp/useful_bd_push/t74_shape_density_front_slot_hybrid_20260624_010922_UTC/hard_tuning/shape_density_front_slot_hybrid_qd/seed_1001/openai_gpt-oss-120b/RTLLM/Prob041_traffic_light/Gen2/Prob041_traffic_light_sample9_single_thought_operator,
shape_density_front_slot_hybrid_qd,RTLLM,Prob041_traffic_light,combinational,2,35d54be3-e7fd-4f54-84f3-ce1b065494cb,single_thought_operator,generation_log,0.389132171387,0.583698257081,140,0.000294,0,170,0.0324,0,0.176470588235,0.990925925926,0,/workspace/exp/useful_bd_push/t74_shape_density_front_slot_hybrid_20260624_010922_UTC/hard_tuning/shape_density_front_slot_hybrid_qd/seed_1001/openai_gpt-oss-120b/RTLLM/Prob041_traffic_light/Gen2/Prob041_traffic_light_sample11_single_thought_operator,
shape_density_front_slot_hybrid_qd,RTLLM,Prob041_traffic_light,combinational,3,ea06bde2-8cec-47c4-bc0c-990227d3d02b,initial,generation_log,0.399337327524,0.599005991285,135,0.000255,0,170,0.0324,0,0.205882352941,0.99212962963,0,/workspace/exp/useful_bd_push/t74_shape_density_front_slot_hybrid_20260624_010922_UTC/hard_tuning/shape_density_front_slot_hybrid_qd/seed_1001/openai_gpt-oss-120b/RTLLM/Prob041_traffic_light/Gen3/Prob041_traffic_light_sample1_initial,
shape_density_front_slot_hybrid_qd,RTLLM,Prob041_traffic_light,combinational,3,38d6b780-374c-4794-b8ff-846c5d7e5f12,single_thought_operator,generation_log,0.131517792302,0.197276688453,147,0.024,0,170,0.0324,0,0.135294117647,0.259259259259,0,/workspace/exp/useful_bd_push/t74_shape_density_front_slot_hybrid_20260624_010922_UTC/hard_tuning/shape_density_front_slot_hybrid_qd/seed_1001/openai_gpt-oss-120b/RTLLM/Prob041_traffic_light/Gen3/Prob041_traffic_light_sample4_single_thought_operator,
shape_density_front_slot_hybrid_qd,RTLLM,Prob041_traffic_light,combinational,3,75ac1642-2b8b-4abc-a902-a9b90f997223,single_thought_operator,generation_log,0.331658194142,0.497487291213,168,0.000544,0,170,0.0324,0,0.0117647058824,0.983209876543,0,/workspace/exp/useful_bd_push/t74_shape_density_front_slot_hybrid_20260624_010922_UTC/hard_tuning/shape_density_front_slot_hybrid_qd/seed_1001/openai_gpt-oss-120b/RTLLM/Prob041_traffic_light/Gen3/Prob041_traffic_light_sample5_single_thought_operator,
shape_density_front_slot_hybrid_qd,RTLLM,Prob041_traffic_light,combinational,3,fd981d43-8a42-45b1-9c17-b4eb37e5d491,single_thought_operator,generation_log,0.387171387073,0.58075708061,141,0.000294,0,170,0.0324,0,0.170588235294,0.990925925926,0,/workspace/exp/useful_bd_push/t74_shape_density_front_slot_hybrid_20260624_010922_UTC/hard_tuning/shape_density_front_slot_hybrid_qd/seed_1001/openai_gpt-oss-120b/RTLLM/Prob041_traffic_light/Gen3/Prob041_traffic_light_sample8_single_thought_operator,
shape_density_front_slot_hybrid_qd,RTLLM,Prob041_traffic_light,combinational,3,ccd2eed4-e3d6-4a11-b7e1-13d9a6d9e723,single_thought_operator,generation_log,0.355438755749,0.533158133624,157,0.000329,0,170,0.0324,0,0.0764705882353,0.989845679012,0,/workspace/exp/useful_bd_push/t74_shape_density_front_slot_hybrid_20260624_010922_UTC/hard_tuning/shape_density_front_slot_hybrid_qd/seed_1001/openai_gpt-oss-120b/RTLLM/Prob041_traffic_light/Gen3/Prob041_traffic_light_sample10_single_thought_operator,
shape_density_front_slot_hybrid_qd,RTLLM,Prob045_alu,combinational,0,0d1c61d2-f097-403f-b9ca-90ffc0baa15e,initial,generation_log,0.377158157566,0.565737236349,1911,0.0011,0,2225,0.114,0,0.141123595506,0.990350877193,0,/workspace/exp/useful_bd_push/t74_shape_density_front_slot_hybrid_20260624_010922_UTC/hard_tuning/shape_density_front_slot_hybrid_qd/seed_1001/openai_gpt-oss-120b/RTLLM/Prob045_alu/Gen0/Prob045_alu_sample4_initial,
shape_density_front_slot_hybrid_qd,RTLLM,Prob045_alu,combinational,0,5af8e807-61ef-40ad-90cd-9088c517496a,initial,generation_log,0.373803797884,0.560705696826,1933,0.00112,0,2225,0.114,0,0.131235955056,0.990175438596,0,/workspace/exp/useful_bd_push/t74_shape_density_front_slot_hybrid_20260624_010922_UTC/hard_tuning/shape_density_front_slot_hybrid_qd/seed_1001/openai_gpt-oss-120b/RTLLM/Prob045_alu/Gen0/Prob045_alu_sample6_initial,
shape_density_front_slot_hybrid_qd,RTLLM,Prob045_alu,combinational,1,9250b226-ef1e-4a83-8336-f571047655b4,single_thought_operator,generation_log,0.382518562323,0.573777843485,1876,0.00106,0,2225,0.114,0,0.156853932584,0.990701754386,0,/workspace/exp/useful_bd_push/t74_shape_density_front_slot_hybrid_20260624_010922_UTC/hard_tuning/shape_density_front_slot_hybrid_qd/seed_1001/openai_gpt-oss-120b/RTLLM/Prob045_alu/Gen1/Prob045_alu_sample1_single_thought_operator,
shape_density_front_slot_hybrid_qd,RTLLM,Prob045_alu,combinational,1,5b817172-d44f-4e8e-9b42-114a8f016fbf,single_thought_operator,generation_log,0.392119817334,0.588179726,1814,0.000953,0,2225,0.114,0,0.184719101124,0.991640350877,0,/workspace/exp/useful_bd_push/t74_shape_density_front_slot_hybrid_20260624_010922_UTC/hard_tuning/shape_density_front_slot_hybrid_qd/seed_1001/openai_gpt-oss-120b/RTLLM/Prob045_alu/Gen1/Prob045_alu_sample8_single_thought_operator,
shape_density_front_slot_hybrid_qd,RTLLM,Prob045_alu,combinational,1,49c85206-7a4e-41f3-b748-2710fb6eedfa,single_thought_operator,generation_log,0.372784348512,0.559176522768,1940,0.00111,0,2225,0.114,0,0.12808988764,0.990263157895,0,/workspace/exp/useful_bd_push/t74_shape_density_front_slot_hybrid_20260624_010922_UTC/hard_tuning/shape_density_front_slot_hybrid_qd/seed_1001/openai_gpt-oss-120b/RTLLM/Prob045_alu/Gen1/Prob045_alu_sample10_single_thought_operator,
shape_density_front_slot_hybrid_qd,RTLLM,Prob045_alu,combinational,1,55e3ee33-ec19-4c02-9647-a1bf1d3c95ce,single_thought_operator,generation_log,0.385902161771,0.578853242657,1854,0.00103,0,2225,0.114,0,0.166741573034,0.990964912281,0,/workspace/exp/useful_bd_push/t74_shape_density_front_slot_hybrid_20260624_010922_UTC/hard_tuning/shape_density_front_slot_hybrid_qd/seed_1001/openai_gpt-oss-120b/RTLLM/Prob045_alu/Gen1/Prob045_alu_sample11_single_thought_operator,
shape_density_front_slot_hybrid_qd,RTLLM,Prob045_alu,combinational,1,95da4895-295e-48cf-ae52-079a1f74bfd5,single_thought_operator,generation_log,0.381020434983,0.571530652474,1886,0.00106,0,2225,0.114,0,0.152359550562,0.990701754386,0,/workspace/exp/useful_bd_push/t74_shape_density_front_slot_hybrid_20260624_010922_UTC/hard_tuning/shape_density_front_slot_hybrid_qd/seed_1001/openai_gpt-oss-120b/RTLLM/Prob045_alu/Gen1/Prob045_alu_sample12_single_thought_operator,
shape_density_front_slot_hybrid_qd,RTLLM,Prob045_alu,combinational,2,066db95c-c836-4158-a28f-6be889ae58d2,single_thought_operator,generation_log,0.388215914318,0.582323871476,1840,0.000956,0,2225,0.114,0,0.173033707865,0.991614035088,0,/workspace/exp/useful_bd_push/t74_shape_density_front_slot_hybrid_20260624_010922_UTC/hard_tuning/shape_density_front_slot_hybrid_qd/seed_1001/openai_gpt-oss-120b/RTLLM/Prob045_alu/Gen2/Prob045_alu_sample3_single_thought_operator,
shape_density_front_slot_hybrid_qd,RTLLM,Prob045_alu,combinational,2,31488359-989b-454b-8a51-b250e0ae559a,single_thought_operator,generation_log,0.386114067941,0.579171101912,1852,0.00106,0,2225,0.114,0,0.167640449438,0.990701754386,0,/workspace/exp/useful_bd_push/t74_shape_density_front_slot_hybrid_20260624_010922_UTC/hard_tuning/shape_density_front_slot_hybrid_qd/seed_1001/openai_gpt-oss-120b/RTLLM/Prob045_alu/Gen2/Prob045_alu_sample7_single_thought_operator,
shape_density_front_slot_hybrid_qd,RTLLM,Prob045_alu,combinational,2,0217f543-6f64-4858-a8e8-28cbdf68514d,single_thought_operator,generation_log,0.387970300283,0.581955450424,1840,0.00104,0,2225,0.114,0,0.173033707865,0.990877192982,0,/workspace/exp/useful_bd_push/t74_shape_density_front_slot_hybrid_20260624_010922_UTC/hard_tuning/shape_density_front_slot_hybrid_qd/seed_1001/openai_gpt-oss-120b/RTLLM/Prob045_alu/Gen2/Prob045_alu_sample8_single_thought_operator,
shape_density_front_slot_hybrid_qd,RTLLM,Prob045_alu,combinational,2,4d14c4e7-6686-473e-ab4d-7cb9bc349651,single_thought_operator,generation_log,0.378619817334,0.567929726,1903,0.00101,0,2225,0.114,0,0.144719101124,0.991140350877,0,/workspace/exp/useful_bd_push/t74_shape_density_front_slot_hybrid_20260624_010922_UTC/hard_tuning/shape_density_front_slot_hybrid_qd/seed_1001/openai_gpt-oss-120b/RTLLM/Prob045_alu/Gen2/Prob045_alu_sample10_single_thought_operator,
shape_density_front_slot_hybrid_qd,RTLLM,Prob045_alu,combinational,2,6e1e2437-42f6-4aaf-9c06-5e56e9f880a1,single_thought_operator,generation_log,0.379222682174,0.56883402326,1898,0.00106,0,2225,0.114,0,0.146966292135,0.990701754386,0,/workspace/exp/useful_bd_push/t74_shape_density_front_slot_hybrid_20260624_010922_UTC/hard_tuning/shape_density_front_slot_hybrid_qd/seed_1001/openai_gpt-oss-120b/RTLLM/Prob045_alu/Gen2/Prob045_alu_sample11_single_thought_operator,
shape_density_front_slot_hybrid_qd,RTLLM,Prob045_alu,combinational,3,a2b5377b-66dc-4858-b872-3afee82f2e84,single_thought_operator,generation_log,0.392275478021,0.588413217031,1813,0.000951,0,2225,0.114,0,0.185168539326,0.991657894737,0,/workspace/exp/useful_bd_push/t74_shape_density_front_slot_hybrid_20260624_010922_UTC/hard_tuning/shape_density_front_slot_hybrid_qd/seed_1001/openai_gpt-oss-120b/RTLLM/Prob045_alu/Gen3/Prob045_alu_sample4_single_thought_operator,
shape_density_front_slot_hybrid_qd,RTLLM,Prob045_alu,combinational,3,447137a5-74c5-417d-9368-fe51a01e805e,single_thought_operator,generation_log,0.381020434983,0.571530652474,1886,0.00106,0,2225,0.114,0,0.152359550562,0.990701754386,0,/workspace/exp/useful_bd_push/t74_shape_density_front_slot_hybrid_20260624_010922_UTC/hard_tuning/shape_density_front_slot_hybrid_qd/seed_1001/openai_gpt-oss-120b/RTLLM/Prob045_alu/Gen3/Prob045_alu_sample6_single_thought_operator,
shape_density_front_slot_hybrid_qd,RTLLM,Prob045_alu,combinational,3,d5a8ba70-a112-43fd-8207-173501cc4ab1,single_thought_operator,generation_log,0.380691569748,0.571037354623,1888,0.00107,0,2225,0.114,0,0.151460674157,0.990614035088,0,/workspace/exp/useful_bd_push/t74_shape_density_front_slot_hybrid_20260624_010922_UTC/hard_tuning/shape_density_front_slot_hybrid_qd/seed_1001/openai_gpt-oss-120b/RTLLM/Prob045_alu/Gen3/Prob045_alu_sample9_single_thought_operator,
shape_density_front_slot_hybrid_qd,RTLLM,Prob045_alu,combinational,3,b18fadb9-bfb4-4396-84c3-3b3067f0edef,single_thought_operator,generation_log,0.382310270057,0.573465405086,1877,0.00108,0,2225,0.114,0,0.156404494382,0.990526315789,0,/workspace/exp/useful_bd_push/t74_shape_density_front_slot_hybrid_20260624_010922_UTC/hard_tuning/shape_density_front_slot_hybrid_qd/seed_1001/openai_gpt-oss-120b/RTLLM/Prob045_alu/Gen3/Prob045_alu_sample10_single_thought_operator,
shape_density_front_slot_hybrid_qd,RTLLM,Prob045_alu,combinational,3,bcb867dc-354b-4d85-af80-bb7a41aed783,single_thought_operator,generation_log,0.376284907024,0.564427360536,1918,0.00104,0,2225,0.114,0,0.13797752809,0.990877192982,0,/workspace/exp/useful_bd_push/t74_shape_density_front_slot_hybrid_20260624_010922_UTC/hard_tuning/shape_density_front_slot_hybrid_qd/seed_1001/openai_gpt-oss-120b/RTLLM/Prob045_alu/Gen3/Prob045_alu_sample11_single_thought_operator,
shape_density_front_slot_hybrid_qd,RTLLM,Prob049_signal_generator,sequential,0,54f30fec-cb4c-410d-9033-b1395bc37eae,initial,generation_log,0.234774694403,0.234774694403,82,0.00252,0.38,94,0.00467,0.43,0.127659574468,0.460385438972,0.116279069767,/workspace/exp/useful_bd_push/t74_shape_density_front_slot_hybrid_20260624_010922_UTC/hard_tuning/shape_density_front_slot_hybrid_qd/seed_1001/openai_gpt-oss-120b/RTLLM/Prob049_signal_generator/Gen0/Prob049_signal_generator_sample1_initial,
shape_density_front_slot_hybrid_qd,RTLLM,Prob049_signal_generator,sequential,0,3f1cfec0-32f6-4b5d-abee-efa4904b2bd8,initial,generation_log,0.234774694403,0.234774694403,82,0.00252,0.38,94,0.00467,0.43,0.127659574468,0.460385438972,0.116279069767,/workspace/exp/useful_bd_push/t74_shape_density_front_slot_hybrid_20260624_010922_UTC/hard_tuning/shape_density_front_slot_hybrid_qd/seed_1001/openai_gpt-oss-120b/RTLLM/Prob049_signal_generator/Gen0/Prob049_signal_generator_sample2_initial,
shape_density_front_slot_hybrid_qd,RTLLM,Prob049_signal_generator,sequential,0,3a9cf425-e44d-4557-9f57-c7a4eaa4debb,initial,generation_log,0.234774694403,0.234774694403,82,0.00252,0.38,94,0.00467,0.43,0.127659574468,0.460385438972,0.116279069767,/workspace/exp/useful_bd_push/t74_shape_density_front_slot_hybrid_20260624_010922_UTC/hard_tuning/shape_density_front_slot_hybrid_qd/seed_1001/openai_gpt-oss-120b/RTLLM/Prob049_signal_generator/Gen0/Prob049_signal_generator_sample3_initial,
shape_density_front_slot_hybrid_qd,RTLLM,Prob049_signal_generator,sequential,0,d5350ba4-cc8a-4b6c-b9bb-9f246ff90203,initial,generation_log,0.234774694403,0.234774694403,82,0.00252,0.38,94,0.00467,0.43,0.127659574468,0.460385438972,0.116279069767,/workspace/exp/useful_bd_push/t74_shape_density_front_slot_hybrid_20260624_010922_UTC/hard_tuning/shape_density_front_slot_hybrid_qd/seed_1001/openai_gpt-oss-120b/RTLLM/Prob049_signal_generator/Gen0/Prob049_signal_generator_sample4_initial,
shape_density_front_slot_hybrid_qd,RTLLM,Prob049_signal_generator,sequential,0,61f8dae9-3954-441d-9ebc-178f477804ef,initial,generation_log,0.234774694403,0.234774694403,82,0.00252,0.38,94,0.00467,0.43,0.127659574468,0.460385438972,0.116279069767,/workspace/exp/useful_bd_push/t74_shape_density_front_slot_hybrid_20260624_010922_UTC/hard_tuning/shape_density_front_slot_hybrid_qd/seed_1001/openai_gpt-oss-120b/RTLLM/Prob049_signal_generator/Gen0/Prob049_signal_generator_sample5_initial,
shape_density_front_slot_hybrid_qd,RTLLM,Prob049_signal_generator,sequential,0,7b6dbb74-eb02-42cc-9ca1-b13699ab1b6b,initial,generation_log,0.234774694403,0.234774694403,82,0.00252,0.38,94,0.00467,0.43,0.127659574468,0.460385438972,0.116279069767,/workspace/exp/useful_bd_push/t74_shape_density_front_slot_hybrid_20260624_010922_UTC/hard_tuning/shape_density_front_slot_hybrid_qd/seed_1001/openai_gpt-oss-120b/RTLLM/Prob049_signal_generator/Gen0/Prob049_signal_generator_sample6_initial,
shape_density_front_slot_hybrid_qd,RTLLM,Prob049_signal_generator,sequential,0,3b15f11e-eef6-4ea9-b162-c1a0ad4e993c,initial,generation_log,0.234774694403,0.234774694403,82,0.00252,0.38,94,0.00467,0.43,0.127659574468,0.460385438972,0.116279069767,/workspace/exp/useful_bd_push/t74_shape_density_front_slot_hybrid_20260624_010922_UTC/hard_tuning/shape_density_front_slot_hybrid_qd/seed_1001/openai_gpt-oss-120b/RTLLM/Prob049_signal_generator/Gen0/Prob049_signal_generator_sample7_initial,
shape_density_front_slot_hybrid_qd,RTLLM,Prob049_signal_generator,sequential,0,1f793455-3495-4fa3-8587-c0668c0206db,initial,generation_log,0.234774694403,0.234774694403,82,0.00252,0.38,94,0.00467,0.43,0.127659574468,0.460385438972,0.116279069767,/workspace/exp/useful_bd_push/t74_shape_density_front_slot_hybrid_20260624_010922_UTC/hard_tuning/shape_density_front_slot_hybrid_qd/seed_1001/openai_gpt-oss-120b/RTLLM/Prob049_signal_generator/Gen0/Prob049_signal_generator_sample8_initial,
shape_density_front_slot_hybrid_qd,RTLLM,Prob049_signal_generator,sequential,0,549fd3cd-00ff-422e-b4e5-aacfe90881a4,initial,generation_log,0.234774694403,0.234774694403,82,0.00252,0.38,94,0.00467,0.43,0.127659574468,0.460385438972,0.116279069767,/workspace/exp/useful_bd_push/t74_shape_density_front_slot_hybrid_20260624_010922_UTC/hard_tuning/shape_density_front_slot_hybrid_qd/seed_1001/openai_gpt-oss-120b/RTLLM/Prob049_signal_generator/Gen0/Prob049_signal_generator_sample9_initial,
shape_density_front_slot_hybrid_qd,RTLLM,Prob049_signal_generator,sequential,0,801d6ae1-9cd1-471a-bec5-21ab4d0145f9,initial,generation_log,0.234774694403,0.234774694403,82,0.00252,0.38,94,0.00467,0.43,0.127659574468,0.460385438972,0.116279069767,/workspace/exp/useful_bd_push/t74_shape_density_front_slot_hybrid_20260624_010922_UTC/hard_tuning/shape_density_front_slot_hybrid_qd/seed_1001/openai_gpt-oss-120b/RTLLM/Prob049_signal_generator/Gen0/Prob049_signal_generator_sample10_initial,
shape_density_front_slot_hybrid_qd,RTLLM,Prob049_signal_generator,sequential,0,5a10a631-5833-47ac-9b8a-2bd243e2bfff,initial,generation_log,0.234774694403,0.234774694403,82,0.00252,0.38,94,0.00467,0.43,0.127659574468,0.460385438972,0.116279069767,/workspace/exp/useful_bd_push/t74_shape_density_front_slot_hybrid_20260624_010922_UTC/hard_tuning/shape_density_front_slot_hybrid_qd/seed_1001/openai_gpt-oss-120b/RTLLM/Prob049_signal_generator/Gen0/Prob049_signal_generator_sample12_initial,
shape_density_front_slot_hybrid_qd,RTLLM,Prob049_signal_generator,sequential,1,efda67bd-95dc-48ef-b243-4ff401ccb7d7,single_thought_operator,generation_log,0.234774694403,0.234774694403,82,0.00252,0.38,94,0.00467,0.43,0.127659574468,0.460385438972,0.116279069767,/workspace/exp/useful_bd_push/t74_shape_density_front_slot_hybrid_20260624_010922_UTC/hard_tuning/shape_density_front_slot_hybrid_qd/seed_1001/openai_gpt-oss-120b/RTLLM/Prob049_signal_generator/Gen1/Prob049_signal_generator_sample1_single_thought_operator,
shape_density_front_slot_hybrid_qd,RTLLM,Prob049_signal_generator,sequential,1,1695b879-6377-4844-aedf-048846bebb7c,single_thought_operator,generation_log,0.234774694403,0.234774694403,82,0.00252,0.38,94,0.00467,0.43,0.127659574468,0.460385438972,0.116279069767,/workspace/exp/useful_bd_push/t74_shape_density_front_slot_hybrid_20260624_010922_UTC/hard_tuning/shape_density_front_slot_hybrid_qd/seed_1001/openai_gpt-oss-120b/RTLLM/Prob049_signal_generator/Gen1/Prob049_signal_generator_sample2_single_thought_operator,
shape_density_front_slot_hybrid_qd,RTLLM,Prob049_signal_generator,sequential,1,04616a3f-5e3d-4dac-aceb-5568be4de1c5,single_thought_operator,generation_log,0.234774694403,0.234774694403,82,0.00252,0.38,94,0.00467,0.43,0.127659574468,0.460385438972,0.116279069767,/workspace/exp/useful_bd_push/t74_shape_density_front_slot_hybrid_20260624_010922_UTC/hard_tuning/shape_density_front_slot_hybrid_qd/seed_1001/openai_gpt-oss-120b/RTLLM/Prob049_signal_generator/Gen1/Prob049_signal_generator_sample3_single_thought_operator,
shape_density_front_slot_hybrid_qd,RTLLM,Prob049_signal_generator,sequential,1,f7b7e11b-d878-445f-84fd-31305054782c,single_thought_operator,generation_log,0.234774694403,0.234774694403,82,0.00252,0.38,94,0.00467,0.43,0.127659574468,0.460385438972,0.116279069767,/workspace/exp/useful_bd_push/t74_shape_density_front_slot_hybrid_20260624_010922_UTC/hard_tuning/shape_density_front_slot_hybrid_qd/seed_1001/openai_gpt-oss-120b/RTLLM/Prob049_signal_generator/Gen1/Prob049_signal_generator_sample4_single_thought_operator,
shape_density_front_slot_hybrid_qd,RTLLM,Prob049_signal_generator,sequential,1,25ae3304-863a-4dda-a740-6384116b3f4c,single_thought_operator,generation_log,0.234774694403,0.234774694403,82,0.00252,0.38,94,0.00467,0.43,0.127659574468,0.460385438972,0.116279069767,/workspace/exp/useful_bd_push/t74_shape_density_front_slot_hybrid_20260624_010922_UTC/hard_tuning/shape_density_front_slot_hybrid_qd/seed_1001/openai_gpt-oss-120b/RTLLM/Prob049_signal_generator/Gen1/Prob049_signal_generator_sample5_single_thought_operator,
shape_density_front_slot_hybrid_qd,RTLLM,Prob049_signal_generator,sequential,1,d209c496-bb13-4ef0-b16d-1047c886e438,single_thought_operator,generation_log,0.234774694403,0.234774694403,82,0.00252,0.38,94,0.00467,0.43,0.127659574468,0.460385438972,0.116279069767,/workspace/exp/useful_bd_push/t74_shape_density_front_slot_hybrid_20260624_010922_UTC/hard_tuning/shape_density_front_slot_hybrid_qd/seed_1001/openai_gpt-oss-120b/RTLLM/Prob049_signal_generator/Gen1/Prob049_signal_generator_sample6_single_thought_operator,
shape_density_front_slot_hybrid_qd,RTLLM,Prob049_signal_generator,sequential,1,6d074510-e480-47cd-ad86-22e04e2bdc70,single_thought_operator,generation_log,0.234774694403,0.234774694403,82,0.00252,0.38,94,0.00467,0.43,0.127659574468,0.460385438972,0.116279069767,/workspace/exp/useful_bd_push/t74_shape_density_front_slot_hybrid_20260624_010922_UTC/hard_tuning/shape_density_front_slot_hybrid_qd/seed_1001/openai_gpt-oss-120b/RTLLM/Prob049_signal_generator/Gen1/Prob049_signal_generator_sample7_single_thought_operator,
shape_density_front_slot_hybrid_qd,RTLLM,Prob049_signal_generator,sequential,1,a7b7f74e-1ca2-4752-af09-5698032b21ec,single_thought_operator,generation_log,0.234774694403,0.234774694403,82,0.00252,0.38,94,0.00467,0.43,0.127659574468,0.460385438972,0.116279069767,/workspace/exp/useful_bd_push/t74_shape_density_front_slot_hybrid_20260624_010922_UTC/hard_tuning/shape_density_front_slot_hybrid_qd/seed_1001/openai_gpt-oss-120b/RTLLM/Prob049_signal_generator/Gen1/Prob049_signal_generator_sample8_single_thought_operator,
shape_density_front_slot_hybrid_qd,RTLLM,Prob049_signal_generator,sequential,1,b0deedb4-b645-46e5-b7d3-6a98901b0845,single_thought_operator,generation_log,0.234774694403,0.234774694403,82,0.00252,0.38,94,0.00467,0.43,0.127659574468,0.460385438972,0.116279069767,/workspace/exp/useful_bd_push/t74_shape_density_front_slot_hybrid_20260624_010922_UTC/hard_tuning/shape_density_front_slot_hybrid_qd/seed_1001/openai_gpt-oss-120b/RTLLM/Prob049_signal_generator/Gen1/Prob049_signal_generator_sample9_single_thought_operator,
shape_density_front_slot_hybrid_qd,RTLLM,Prob049_signal_generator,sequential,1,f1005207-7600-44a7-b682-e8263d7b3763,single_thought_operator,generation_log,0.234774694403,0.234774694403,82,0.00252,0.38,94,0.00467,0.43,0.127659574468,0.460385438972,0.116279069767,/workspace/exp/useful_bd_push/t74_shape_density_front_slot_hybrid_20260624_010922_UTC/hard_tuning/shape_density_front_slot_hybrid_qd/seed_1001/openai_gpt-oss-120b/RTLLM/Prob049_signal_generator/Gen1/Prob049_signal_generator_sample10_single_thought_operator,
shape_density_front_slot_hybrid_qd,RTLLM,Prob049_signal_generator,sequential,1,dfb61acd-6002-4fed-b407-f20952cb5467,single_thought_operator,generation_log,0.234774694403,0.234774694403,82,0.00252,0.38,94,0.00467,0.43,0.127659574468,0.460385438972,0.116279069767,/workspace/exp/useful_bd_push/t74_shape_density_front_slot_hybrid_20260624_010922_UTC/hard_tuning/shape_density_front_slot_hybrid_qd/seed_1001/openai_gpt-oss-120b/RTLLM/Prob049_signal_generator/Gen1/Prob049_signal_generator_sample11_single_thought_operator,
shape_density_front_slot_hybrid_qd,RTLLM,Prob049_signal_generator,sequential,1,bded95a3-73be-470a-b3f6-3fa5387b8a72,single_thought_operator,generation_log,0.234774694403,0.234774694403,82,0.00252,0.38,94,0.00467,0.43,0.127659574468,0.460385438972,0.116279069767,/workspace/exp/useful_bd_push/t74_shape_density_front_slot_hybrid_20260624_010922_UTC/hard_tuning/shape_density_front_slot_hybrid_qd/seed_1001/openai_gpt-oss-120b/RTLLM/Prob049_signal_generator/Gen1/Prob049_signal_generator_sample12_single_thought_operator,
shape_density_front_slot_hybrid_qd,RTLLM,Prob049_signal_generator,sequential,2,8d0df603-38bb-4d85-8a2c-63720bee983c,single_thought_operator,generation_log,0.234774694403,0.234774694403,82,0.00252,0.38,94,0.00467,0.43,0.127659574468,0.460385438972,0.116279069767,/workspace/exp/useful_bd_push/t74_shape_density_front_slot_hybrid_20260624_010922_UTC/hard_tuning/shape_density_front_slot_hybrid_qd/seed_1001/openai_gpt-oss-120b/RTLLM/Prob049_signal_generator/Gen2/Prob049_signal_generator_sample1_single_thought_operator,
shape_density_front_slot_hybrid_qd,RTLLM,Prob049_signal_generator,sequential,2,fe410281-11a4-41c4-8210-58bf480c74f7,single_thought_operator,generation_log,0.234774694403,0.234774694403,82,0.00252,0.38,94,0.00467,0.43,0.127659574468,0.460385438972,0.116279069767,/workspace/exp/useful_bd_push/t74_shape_density_front_slot_hybrid_20260624_010922_UTC/hard_tuning/shape_density_front_slot_hybrid_qd/seed_1001/openai_gpt-oss-120b/RTLLM/Prob049_signal_generator/Gen2/Prob049_signal_generator_sample2_single_thought_operator,
shape_density_front_slot_hybrid_qd,RTLLM,Prob049_signal_generator,sequential,2,76b1a5e1-30fb-4dac-a36c-a7c717f105d3,single_thought_operator,generation_log,0.234774694403,0.234774694403,82,0.00252,0.38,94,0.00467,0.43,0.127659574468,0.460385438972,0.116279069767,/workspace/exp/useful_bd_push/t74_shape_density_front_slot_hybrid_20260624_010922_UTC/hard_tuning/shape_density_front_slot_hybrid_qd/seed_1001/openai_gpt-oss-120b/RTLLM/Prob049_signal_generator/Gen2/Prob049_signal_generator_sample3_single_thought_operator,
shape_density_front_slot_hybrid_qd,RTLLM,Prob049_signal_generator,sequential,2,ea91dbfb-99b9-4e56-98cd-c0de0ac43791,single_thought_operator,generation_log,0.234774694403,0.234774694403,82,0.00252,0.38,94,0.00467,0.43,0.127659574468,0.460385438972,0.116279069767,/workspace/exp/useful_bd_push/t74_shape_density_front_slot_hybrid_20260624_010922_UTC/hard_tuning/shape_density_front_slot_hybrid_qd/seed_1001/openai_gpt-oss-120b/RTLLM/Prob049_signal_generator/Gen2/Prob049_signal_generator_sample4_single_thought_operator,
shape_density_front_slot_hybrid_qd,RTLLM,Prob049_signal_generator,sequential,2,ca8ece68-b8ab-4e38-b1ef-27e018782aed,single_thought_operator,generation_log,0.234774694403,0.234774694403,82,0.00252,0.38,94,0.00467,0.43,0.127659574468,0.460385438972,0.116279069767,/workspace/exp/useful_bd_push/t74_shape_density_front_slot_hybrid_20260624_010922_UTC/hard_tuning/shape_density_front_slot_hybrid_qd/seed_1001/openai_gpt-oss-120b/RTLLM/Prob049_signal_generator/Gen2/Prob049_signal_generator_sample5_single_thought_operator,
shape_density_front_slot_hybrid_qd,RTLLM,Prob049_signal_generator,sequential,2,d6efc5f5-2953-4a7c-9029-d34e5790dd28,single_thought_operator,generation_log,0.234774694403,0.234774694403,82,0.00252,0.38,94,0.00467,0.43,0.127659574468,0.460385438972,0.116279069767,/workspace/exp/useful_bd_push/t74_shape_density_front_slot_hybrid_20260624_010922_UTC/hard_tuning/shape_density_front_slot_hybrid_qd/seed_1001/openai_gpt-oss-120b/RTLLM/Prob049_signal_generator/Gen2/Prob049_signal_generator_sample6_single_thought_operator,
shape_density_front_slot_hybrid_qd,RTLLM,Prob049_signal_generator,sequential,2,68f16e66-5dca-4dce-acfa-f52a73b92020,single_thought_operator,generation_log,0.234774694403,0.234774694403,82,0.00252,0.38,94,0.00467,0.43,0.127659574468,0.460385438972,0.116279069767,/workspace/exp/useful_bd_push/t74_shape_density_front_slot_hybrid_20260624_010922_UTC/hard_tuning/shape_density_front_slot_hybrid_qd/seed_1001/openai_gpt-oss-120b/RTLLM/Prob049_signal_generator/Gen2/Prob049_signal_generator_sample8_single_thought_operator,
shape_density_front_slot_hybrid_qd,RTLLM,Prob049_signal_generator,sequential,2,a5c8ab3a-e4a0-4433-b53d-4ddc120ff799,single_thought_operator,generation_log,0.234774694403,0.234774694403,82,0.00252,0.38,94,0.00467,0.43,0.127659574468,0.460385438972,0.116279069767,/workspace/exp/useful_bd_push/t74_shape_density_front_slot_hybrid_20260624_010922_UTC/hard_tuning/shape_density_front_slot_hybrid_qd/seed_1001/openai_gpt-oss-120b/RTLLM/Prob049_signal_generator/Gen2/Prob049_signal_generator_sample9_single_thought_operator,
shape_density_front_slot_hybrid_qd,RTLLM,Prob049_signal_generator,sequential,2,ffda530a-22c1-480e-8cd7-bf7190ceb2f6,single_thought_operator,generation_log,0.234774694403,0.234774694403,82,0.00252,0.38,94,0.00467,0.43,0.127659574468,0.460385438972,0.116279069767,/workspace/exp/useful_bd_push/t74_shape_density_front_slot_hybrid_20260624_010922_UTC/hard_tuning/shape_density_front_slot_hybrid_qd/seed_1001/openai_gpt-oss-120b/RTLLM/Prob049_signal_generator/Gen2/Prob049_signal_generator_sample10_single_thought_operator,
shape_density_front_slot_hybrid_qd,RTLLM,Prob049_signal_generator,sequential,2,7fe96ea4-8e36-4574-ada0-14f4eb13b56f,single_thought_operator,generation_log,0.234774694403,0.234774694403,82,0.00252,0.38,94,0.00467,0.43,0.127659574468,0.460385438972,0.116279069767,/workspace/exp/useful_bd_push/t74_shape_density_front_slot_hybrid_20260624_010922_UTC/hard_tuning/shape_density_front_slot_hybrid_qd/seed_1001/openai_gpt-oss-120b/RTLLM/Prob049_signal_generator/Gen2/Prob049_signal_generator_sample11_single_thought_operator,
shape_density_front_slot_hybrid_qd,RTLLM,Prob049_signal_generator,sequential,2,9b57f6ad-7a7e-42af-9808-8c99252cddfa,single_thought_operator,generation_log,0.234774694403,0.234774694403,82,0.00252,0.38,94,0.00467,0.43,0.127659574468,0.460385438972,0.116279069767,/workspace/exp/useful_bd_push/t74_shape_density_front_slot_hybrid_20260624_010922_UTC/hard_tuning/shape_density_front_slot_hybrid_qd/seed_1001/openai_gpt-oss-120b/RTLLM/Prob049_signal_generator/Gen2/Prob049_signal_generator_sample12_single_thought_operator,
shape_density_front_slot_hybrid_qd,RTLLM,Prob049_signal_generator,sequential,3,84ac7c23-c80f-4b83-9484-32cee739979c,single_thought_operator,generation_log,0.234774694403,0.234774694403,82,0.00252,0.38,94,0.00467,0.43,0.127659574468,0.460385438972,0.116279069767,/workspace/exp/useful_bd_push/t74_shape_density_front_slot_hybrid_20260624_010922_UTC/hard_tuning/shape_density_front_slot_hybrid_qd/seed_1001/openai_gpt-oss-120b/RTLLM/Prob049_signal_generator/Gen3/Prob049_signal_generator_sample1_single_thought_operator,
shape_density_front_slot_hybrid_qd,RTLLM,Prob049_signal_generator,sequential,3,e0039c8a-69b7-485c-b995-59a8dcd70dad,single_thought_operator,generation_log,0.234774694403,0.234774694403,82,0.00252,0.38,94,0.00467,0.43,0.127659574468,0.460385438972,0.116279069767,/workspace/exp/useful_bd_push/t74_shape_density_front_slot_hybrid_20260624_010922_UTC/hard_tuning/shape_density_front_slot_hybrid_qd/seed_1001/openai_gpt-oss-120b/RTLLM/Prob049_signal_generator/Gen3/Prob049_signal_generator_sample2_single_thought_operator,
shape_density_front_slot_hybrid_qd,RTLLM,Prob049_signal_generator,sequential,3,f2ba4ed9-a0d1-4c0f-bfde-7c90a179e89f,single_thought_operator,generation_log,0.234774694403,0.234774694403,82,0.00252,0.38,94,0.00467,0.43,0.127659574468,0.460385438972,0.116279069767,/workspace/exp/useful_bd_push/t74_shape_density_front_slot_hybrid_20260624_010922_UTC/hard_tuning/shape_density_front_slot_hybrid_qd/seed_1001/openai_gpt-oss-120b/RTLLM/Prob049_signal_generator/Gen3/Prob049_signal_generator_sample3_single_thought_operator,
shape_density_front_slot_hybrid_qd,RTLLM,Prob049_signal_generator,sequential,3,6cd82388-f360-4369-839d-8cac28b3b487,single_thought_operator,generation_log,0.234774694403,0.234774694403,82,0.00252,0.38,94,0.00467,0.43,0.127659574468,0.460385438972,0.116279069767,/workspace/exp/useful_bd_push/t74_shape_density_front_slot_hybrid_20260624_010922_UTC/hard_tuning/shape_density_front_slot_hybrid_qd/seed_1001/openai_gpt-oss-120b/RTLLM/Prob049_signal_generator/Gen3/Prob049_signal_generator_sample4_single_thought_operator,
shape_density_front_slot_hybrid_qd,RTLLM,Prob049_signal_generator,sequential,3,27b40fe7-83c4-4523-bcb3-13fef6ba565a,single_thought_operator,generation_log,0.234774694403,0.234774694403,82,0.00252,0.38,94,0.00467,0.43,0.127659574468,0.460385438972,0.116279069767,/workspace/exp/useful_bd_push/t74_shape_density_front_slot_hybrid_20260624_010922_UTC/hard_tuning/shape_density_front_slot_hybrid_qd/seed_1001/openai_gpt-oss-120b/RTLLM/Prob049_signal_generator/Gen3/Prob049_signal_generator_sample5_single_thought_operator,
shape_density_front_slot_hybrid_qd,RTLLM,Prob049_signal_generator,sequential,3,f789b202-f5b1-4a3a-8a04-e4f6ca044585,single_thought_operator,generation_log,0.234774694403,0.234774694403,82,0.00252,0.38,94,0.00467,0.43,0.127659574468,0.460385438972,0.116279069767,/workspace/exp/useful_bd_push/t74_shape_density_front_slot_hybrid_20260624_010922_UTC/hard_tuning/shape_density_front_slot_hybrid_qd/seed_1001/openai_gpt-oss-120b/RTLLM/Prob049_signal_generator/Gen3/Prob049_signal_generator_sample6_single_thought_operator,
shape_density_front_slot_hybrid_qd,RTLLM,Prob049_signal_generator,sequential,3,ac7553be-bc1c-4cd5-b003-762e8af75995,single_thought_operator,generation_log,0.234774694403,0.234774694403,82,0.00252,0.38,94,0.00467,0.43,0.127659574468,0.460385438972,0.116279069767,/workspace/exp/useful_bd_push/t74_shape_density_front_slot_hybrid_20260624_010922_UTC/hard_tuning/shape_density_front_slot_hybrid_qd/seed_1001/openai_gpt-oss-120b/RTLLM/Prob049_signal_generator/Gen3/Prob049_signal_generator_sample7_single_thought_operator,
shape_density_front_slot_hybrid_qd,RTLLM,Prob049_signal_generator,sequential,3,29b163f2-8534-4600-919c-0ff065631263,single_thought_operator,generation_log,0.234774694403,0.234774694403,82,0.00252,0.38,94,0.00467,0.43,0.127659574468,0.460385438972,0.116279069767,/workspace/exp/useful_bd_push/t74_shape_density_front_slot_hybrid_20260624_010922_UTC/hard_tuning/shape_density_front_slot_hybrid_qd/seed_1001/openai_gpt-oss-120b/RTLLM/Prob049_signal_generator/Gen3/Prob049_signal_generator_sample8_single_thought_operator,
shape_density_front_slot_hybrid_qd,RTLLM,Prob049_signal_generator,sequential,3,af52cc0f-c4e5-43e9-8eab-34e874ed74e6,single_thought_operator,generation_log,0.234774694403,0.234774694403,82,0.00252,0.38,94,0.00467,0.43,0.127659574468,0.460385438972,0.116279069767,/workspace/exp/useful_bd_push/t74_shape_density_front_slot_hybrid_20260624_010922_UTC/hard_tuning/shape_density_front_slot_hybrid_qd/seed_1001/openai_gpt-oss-120b/RTLLM/Prob049_signal_generator/Gen3/Prob049_signal_generator_sample9_single_thought_operator,
shape_density_front_slot_hybrid_qd,RTLLM,Prob049_signal_generator,sequential,3,fbb96380-151c-4b2c-9a88-a4ffdf3aa55e,single_thought_operator,generation_log,0.234774694403,0.234774694403,82,0.00252,0.38,94,0.00467,0.43,0.127659574468,0.460385438972,0.116279069767,/workspace/exp/useful_bd_push/t74_shape_density_front_slot_hybrid_20260624_010922_UTC/hard_tuning/shape_density_front_slot_hybrid_qd/seed_1001/openai_gpt-oss-120b/RTLLM/Prob049_signal_generator/Gen3/Prob049_signal_generator_sample10_single_thought_operator,
shape_density_front_slot_hybrid_qd,RTLLM,Prob049_signal_generator,sequential,3,91aa4a01-4c7b-4e13-9e6a-e679d6187d4f,single_thought_operator,generation_log,0.234774694403,0.234774694403,82,0.00252,0.38,94,0.00467,0.43,0.127659574468,0.460385438972,0.116279069767,/workspace/exp/useful_bd_push/t74_shape_density_front_slot_hybrid_20260624_010922_UTC/hard_tuning/shape_density_front_slot_hybrid_qd/seed_1001/openai_gpt-oss-120b/RTLLM/Prob049_signal_generator/Gen3/Prob049_signal_generator_sample11_single_thought_operator,
shape_density_front_slot_hybrid_qd,RTLLM,Prob049_signal_generator,sequential,3,af58bddb-5e96-43f7-a3bb-2df332bfa49a,single_thought_operator,generation_log,0.234774694403,0.234774694403,82,0.00252,0.38,94,0.00467,0.43,0.127659574468,0.460385438972,0.116279069767,/workspace/exp/useful_bd_push/t74_shape_density_front_slot_hybrid_20260624_010922_UTC/hard_tuning/shape_density_front_slot_hybrid_qd/seed_1001/openai_gpt-oss-120b/RTLLM/Prob049_signal_generator/Gen3/Prob049_signal_generator_sample12_single_thought_operator,
shape_density_front_slot_hybrid_qd,VerilogEval-Spec-to-RTL,Prob098_circuit7,combinational,0,ad14048a-b1f5-4ba7-aa40-e9ea93dd2c8a,initial,generation_log,0.0120056497175,0.0180084745763,5,0.000455,0,5,0.000472,0,0,0.0360169491525,0,/workspace/exp/useful_bd_push/t74_shape_density_front_slot_hybrid_20260624_010922_UTC/hard_tuning/shape_density_front_slot_hybrid_qd/seed_1001/openai_gpt-oss-120b/VerilogEval-Spec-to-RTL/Prob098_circuit7/Gen0/Prob098_circuit7_sample3_initial,
shape_density_front_slot_hybrid_qd,VerilogEval-Spec-to-RTL,Prob098_circuit7,combinational,0,fb76a319-7b46-4f0c-a2b6-10c6c2ba7254,initial,generation_log,-0,0,5,0.000472,0,5,0.000472,0,0,0,0,/workspace/exp/useful_bd_push/t74_shape_density_front_slot_hybrid_20260624_010922_UTC/hard_tuning/shape_density_front_slot_hybrid_qd/seed_1001/openai_gpt-oss-120b/VerilogEval-Spec-to-RTL/Prob098_circuit7/Gen0/Prob098_circuit7_sample4_initial,
shape_density_front_slot_hybrid_qd,VerilogEval-Spec-to-RTL,Prob098_circuit7,combinational,0,4c0cd3ea-5cf8-492b-9615-075f2a206e68,initial,generation_log,-0,0,5,0.000472,0,5,0.000472,0,0,0,0,/workspace/exp/useful_bd_push/t74_shape_density_front_slot_hybrid_20260624_010922_UTC/hard_tuning/shape_density_front_slot_hybrid_qd/seed_1001/openai_gpt-oss-120b/VerilogEval-Spec-to-RTL/Prob098_circuit7/Gen0/Prob098_circuit7_sample6_initial,
shape_density_front_slot_hybrid_qd,VerilogEval-Spec-to-RTL,Prob098_circuit7,combinational,1,bf0b8d88-6b1e-4a71-b6e0-88a502eba0c8,single_thought_operator,generation_log,-0,0,5,0.000472,0,5,0.000472,0,0,0,0,/workspace/exp/useful_bd_push/t74_shape_density_front_slot_hybrid_20260624_010922_UTC/hard_tuning/shape_density_front_slot_hybrid_qd/seed_1001/openai_gpt-oss-120b/VerilogEval-Spec-to-RTL/Prob098_circuit7/Gen1/Prob098_circuit7_sample6_single_thought_operator,
shape_density_front_slot_hybrid_qd,VerilogEval-Spec-to-RTL,Prob098_circuit7,combinational,1,b0158b39-c8c0-4ee3-ab82-5b4a15041dfb,single_thought_operator,generation_log,-0,0,5,0.000472,0,5,0.000472,0,0,0,0,/workspace/exp/useful_bd_push/t74_shape_density_front_slot_hybrid_20260624_010922_UTC/hard_tuning/shape_density_front_slot_hybrid_qd/seed_1001/openai_gpt-oss-120b/VerilogEval-Spec-to-RTL/Prob098_circuit7/Gen1/Prob098_circuit7_sample7_single_thought_operator,
shape_density_front_slot_hybrid_qd,VerilogEval-Spec-to-RTL,Prob098_circuit7,combinational,1,904e52cc-40bc-4b8e-8b66-785d33197e02,single_thought_operator,generation_log,-0,0,5,0.000472,0,5,0.000472,0,0,0,0,/workspace/exp/useful_bd_push/t74_shape_density_front_slot_hybrid_20260624_010922_UTC/hard_tuning/shape_density_front_slot_hybrid_qd/seed_1001/openai_gpt-oss-120b/VerilogEval-Spec-to-RTL/Prob098_circuit7/Gen1/Prob098_circuit7_sample9_single_thought_operator,
shape_density_front_slot_hybrid_qd,VerilogEval-Spec-to-RTL,Prob098_circuit7,combinational,2,2808d920-27f3-4a13-a6a1-1bcca5cca95c,single_thought_operator,generation_log,-0,0,5,0.000472,0,5,0.000472,0,0,0,0,/workspace/exp/useful_bd_push/t74_shape_density_front_slot_hybrid_20260624_010922_UTC/hard_tuning/shape_density_front_slot_hybrid_qd/seed_1001/openai_gpt-oss-120b/VerilogEval-Spec-to-RTL/Prob098_circuit7/Gen2/Prob098_circuit7_sample2_single_thought_operator,
shape_density_front_slot_hybrid_qd,VerilogEval-Spec-to-RTL,Prob098_circuit7,combinational,2,dbce2dda-8062-4b43-9bc6-ffa832d6a9df,single_thought_operator,generation_log,0.0120056497175,0.0180084745763,5,0.000455,0,5,0.000472,0,0,0.0360169491525,0,/workspace/exp/useful_bd_push/t74_shape_density_front_slot_hybrid_20260624_010922_UTC/hard_tuning/shape_density_front_slot_hybrid_qd/seed_1001/openai_gpt-oss-120b/VerilogEval-Spec-to-RTL/Prob098_circuit7/Gen2/Prob098_circuit7_sample4_single_thought_operator,
shape_density_front_slot_hybrid_qd,VerilogEval-Spec-to-RTL,Prob098_circuit7,combinational,2,0f9a808e-161d-40a1-935f-d17695a58609,single_thought_operator,generation_log,0.0120056497175,0.0180084745763,5,0.000455,0,5,0.000472,0,0,0.0360169491525,0,/workspace/exp/useful_bd_push/t74_shape_density_front_slot_hybrid_20260624_010922_UTC/hard_tuning/shape_density_front_slot_hybrid_qd/seed_1001/openai_gpt-oss-120b/VerilogEval-Spec-to-RTL/Prob098_circuit7/Gen2/Prob098_circuit7_sample6_single_thought_operator,
shape_density_front_slot_hybrid_qd,VerilogEval-Spec-to-RTL,Prob098_circuit7,combinational,2,798ce0e8-1909-42a3-9f42-9278773c916a,single_thought_operator,generation_log,0.0120056497175,0.0180084745763,5,0.000455,0,5,0.000472,0,0,0.0360169491525,0,/workspace/exp/useful_bd_push/t74_shape_density_front_slot_hybrid_20260624_010922_UTC/hard_tuning/shape_density_front_slot_hybrid_qd/seed_1001/openai_gpt-oss-120b/VerilogEval-Spec-to-RTL/Prob098_circuit7/Gen2/Prob098_circuit7_sample10_single_thought_operator,
shape_density_front_slot_hybrid_qd,VerilogEval-Spec-to-RTL,Prob098_circuit7,combinational,3,37a7e544-57fa-4d19-be84-5b6c63f0ebd7,initial,generation_log,-0,0,5,0.000472,0,5,0.000472,0,0,0,0,/workspace/exp/useful_bd_push/t74_shape_density_front_slot_hybrid_20260624_010922_UTC/hard_tuning/shape_density_front_slot_hybrid_qd/seed_1001/openai_gpt-oss-120b/VerilogEval-Spec-to-RTL/Prob098_circuit7/Gen3/Prob098_circuit7_sample1_initial,
shape_density_front_slot_hybrid_qd,VerilogEval-Spec-to-RTL,Prob098_circuit7,combinational,3,52548dce-2956-4f03-9266-a12d4ffb2ce6,initial,generation_log,-0,0,5,0.000472,0,5,0.000472,0,0,0,0,/workspace/exp/useful_bd_push/t74_shape_density_front_slot_hybrid_20260624_010922_UTC/hard_tuning/shape_density_front_slot_hybrid_qd/seed_1001/openai_gpt-oss-120b/VerilogEval-Spec-to-RTL/Prob098_circuit7/Gen3/Prob098_circuit7_sample2_initial,
shape_density_front_slot_hybrid_qd,VerilogEval-Spec-to-RTL,Prob098_circuit7,combinational,3,2dfdedde-2e5e-46e7-9ea0-596ff1abb1b5,single_thought_operator,generation_log,0.0120056497175,0.0180084745763,5,0.000455,0,5,0.000472,0,0,0.0360169491525,0,/workspace/exp/useful_bd_push/t74_shape_density_front_slot_hybrid_20260624_010922_UTC/hard_tuning/shape_density_front_slot_hybrid_qd/seed_1001/openai_gpt-oss-120b/VerilogEval-Spec-to-RTL/Prob098_circuit7/Gen3/Prob098_circuit7_sample2_single_thought_operator,
shape_density_front_slot_hybrid_qd,VerilogEval-Spec-to-RTL,Prob098_circuit7,combinational,3,bbeb7d3e-28c8-4e07-bd69-d38a13eb0d83,single_thought_operator,generation_log,0.0120056497175,0.0180084745763,5,0.000455,0,5,0.000472,0,0,0.0360169491525,0,/workspace/exp/useful_bd_push/t74_shape_density_front_slot_hybrid_20260624_010922_UTC/hard_tuning/shape_density_front_slot_hybrid_qd/seed_1001/openai_gpt-oss-120b/VerilogEval-Spec-to-RTL/Prob098_circuit7/Gen3/Prob098_circuit7_sample3_single_thought_operator,
shape_density_front_slot_hybrid_qd,VerilogEval-Spec-to-RTL,Prob098_circuit7,combinational,3,c13634a3-4890-4e06-8603-cce3795cb6ec,single_thought_operator,generation_log,0.0120056497175,0.0180084745763,5,0.000455,0,5,0.000472,0,0,0.0360169491525,0,/workspace/exp/useful_bd_push/t74_shape_density_front_slot_hybrid_20260624_010922_UTC/hard_tuning/shape_density_front_slot_hybrid_qd/seed_1001/openai_gpt-oss-120b/VerilogEval-Spec-to-RTL/Prob098_circuit7/Gen3/Prob098_circuit7_sample6_single_thought_operator,
shape_density_front_slot_hybrid_qd,VerilogEval-Spec-to-RTL,Prob098_circuit7,combinational,3,e6ec842b-5275-4d28-aa94-f7f2570902d1,single_thought_operator,generation_log,0.0120056497175,0.0180084745763,5,0.000455,0,5,0.000472,0,0,0.0360169491525,0,/workspace/exp/useful_bd_push/t74_shape_density_front_slot_hybrid_20260624_010922_UTC/hard_tuning/shape_density_front_slot_hybrid_qd/seed_1001/openai_gpt-oss-120b/VerilogEval-Spec-to-RTL/Prob098_circuit7/Gen3/Prob098_circuit7_sample7_single_thought_operator,
shape_density_front_slot_hybrid_qd,VerilogEval-Spec-to-RTL,Prob098_circuit7,combinational,3,acac4137-c040-4acf-bf35-fd9c6e2d7d06,single_thought_operator,generation_log,0.0120056497175,0.0180084745763,5,0.000455,0,5,0.000472,0,0,0.0360169491525,0,/workspace/exp/useful_bd_push/t74_shape_density_front_slot_hybrid_20260624_010922_UTC/hard_tuning/shape_density_front_slot_hybrid_qd/seed_1001/openai_gpt-oss-120b/VerilogEval-Spec-to-RTL/Prob098_circuit7/Gen3/Prob098_circuit7_sample10_single_thought_operator,
shape_density_front_slot_hybrid_qd,VerilogEval-Spec-to-RTL,Prob116_m2014_q3,combinational,0,8a76d359-2c7f-404c-88b0-f51e1be7567e,initial,generation_log,0.464369602763,0.696554404145,3,1.33e-06,0,5,0.000193,0,0.4,0.99310880829,0,/workspace/exp/useful_bd_push/t74_shape_density_front_slot_hybrid_20260624_010922_UTC/hard_tuning/shape_density_front_slot_hybrid_qd/seed_1001/openai_gpt-oss-120b/VerilogEval-Spec-to-RTL/Prob116_m2014_q3/Gen0/Prob116_m2014_q3_sample2_initial,
shape_density_front_slot_hybrid_qd,VerilogEval-Spec-to-RTL,Prob116_m2014_q3,combinational,0,333b5053-ab46-4705-8ca4-76523c554630,initial,generation_log,0.396908462867,0.595362694301,4,1.79e-06,0,5,0.000193,0,0.2,0.990725388601,0,/workspace/exp/useful_bd_push/t74_shape_density_front_slot_hybrid_20260624_010922_UTC/hard_tuning/shape_density_front_slot_hybrid_qd/seed_1001/openai_gpt-oss-120b/VerilogEval-Spec-to-RTL/Prob116_m2014_q3/Gen0/Prob116_m2014_q3_sample5_initial,
shape_density_front_slot_hybrid_qd,VerilogEval-Spec-to-RTL,Prob116_m2014_q3,combinational,0,c8c6111d-9bae-4776-bce8-88e5db381929,initial,generation_log,0.396908462867,0.595362694301,4,1.79e-06,0,5,0.000193,0,0.2,0.990725388601,0,/workspace/exp/useful_bd_push/t74_shape_density_front_slot_hybrid_20260624_010922_UTC/hard_tuning/shape_density_front_slot_hybrid_qd/seed_1001/openai_gpt-oss-120b/VerilogEval-Spec-to-RTL/Prob116_m2014_q3/Gen0/Prob116_m2014_q3_sample7_initial,
shape_density_front_slot_hybrid_qd,VerilogEval-Spec-to-RTL,Prob116_m2014_q3,combinational,0,d4da4b2a-f76b-448a-add8-d66c07f92272,initial,generation_log,0.465352331606,0.698028497409,3,7.61e-07,0,5,0.000193,0,0.4,0.996056994819,0,/workspace/exp/useful_bd_push/t74_shape_density_front_slot_hybrid_20260624_010922_UTC/hard_tuning/shape_density_front_slot_hybrid_qd/seed_1001/openai_gpt-oss-120b/VerilogEval-Spec-to-RTL/Prob116_m2014_q3/Gen0/Prob116_m2014_q3_sample9_initial,
shape_density_front_slot_hybrid_qd,VerilogEval-Spec-to-RTL,Prob116_m2014_q3,combinational,0,f01f1b42-2dae-4ef3-b275-117e9aa8ded5,initial,generation_log,0.396908462867,0.595362694301,4,1.79e-06,0,5,0.000193,0,0.2,0.990725388601,0,/workspace/exp/useful_bd_push/t74_shape_density_front_slot_hybrid_20260624_010922_UTC/hard_tuning/shape_density_front_slot_hybrid_qd/seed_1001/openai_gpt-oss-120b/VerilogEval-Spec-to-RTL/Prob116_m2014_q3/Gen0/Prob116_m2014_q3_sample10_initial,
shape_density_front_slot_hybrid_qd,VerilogEval-Spec-to-RTL,Prob116_m2014_q3,combinational,0,e37a00f9-e951-4971-8fb1-4572fece2c98,initial,generation_log,0.465352331606,0.698028497409,3,7.61e-07,0,5,0.000193,0,0.4,0.996056994819,0,/workspace/exp/useful_bd_push/t74_shape_density_front_slot_hybrid_20260624_010922_UTC/hard_tuning/shape_density_front_slot_hybrid_qd/seed_1001/openai_gpt-oss-120b/VerilogEval-Spec-to-RTL/Prob116_m2014_q3/Gen0/Prob116_m2014_q3_sample12_initial,
shape_density_front_slot_hybrid_qd,VerilogEval-Spec-to-RTL,Prob116_m2014_q3,combinational,1,79f29bc6-0126-4966-aee4-ea47909cf91d,single_thought_operator,generation_log,0.464369602763,0.696554404145,3,1.33e-06,0,5,0.000193,0,0.4,0.99310880829,0,/workspace/exp/useful_bd_push/t74_shape_density_front_slot_hybrid_20260624_010922_UTC/hard_tuning/shape_density_front_slot_hybrid_qd/seed_1001/openai_gpt-oss-120b/VerilogEval-Spec-to-RTL/Prob116_m2014_q3/Gen1/Prob116_m2014_q3_sample2_single_thought_operator,
shape_density_front_slot_hybrid_qd,VerilogEval-Spec-to-RTL,Prob116_m2014_q3,combinational,1,bacc887d-7b8c-4668-95fc-d7946dabfe77,single_thought_operator,generation_log,0.464369602763,0.696554404145,3,1.33e-06,0,5,0.000193,0,0.4,0.99310880829,0,/workspace/exp/useful_bd_push/t74_shape_density_front_slot_hybrid_20260624_010922_UTC/hard_tuning/shape_density_front_slot_hybrid_qd/seed_1001/openai_gpt-oss-120b/VerilogEval-Spec-to-RTL/Prob116_m2014_q3/Gen1/Prob116_m2014_q3_sample3_single_thought_operator,
shape_density_front_slot_hybrid_qd,VerilogEval-Spec-to-RTL,Prob116_m2014_q3,combinational,2,50caec33-cfe9-4460-8f95-3b8933c1193e,initial,generation_log,0.465352331606,0.698028497409,3,7.61e-07,0,5,0.000193,0,0.4,0.996056994819,0,/workspace/exp/useful_bd_push/t74_shape_density_front_slot_hybrid_20260624_010922_UTC/hard_tuning/shape_density_front_slot_hybrid_qd/seed_1001/openai_gpt-oss-120b/VerilogEval-Spec-to-RTL/Prob116_m2014_q3/Gen2/Prob116_m2014_q3_sample1_initial,
shape_density_front_slot_hybrid_qd,VerilogEval-Spec-to-RTL,Prob116_m2014_q3,combinational,2,8d5acfc7-8f8d-4316-9643-9987da369f98,single_thought_operator,generation_log,0.397858376511,0.596787564767,4,1.24e-06,0,5,0.000193,0,0.2,0.993575129534,0,/workspace/exp/useful_bd_push/t74_shape_density_front_slot_hybrid_20260624_010922_UTC/hard_tuning/shape_density_front_slot_hybrid_qd/seed_1001/openai_gpt-oss-120b/VerilogEval-Spec-to-RTL/Prob116_m2014_q3/Gen2/Prob116_m2014_q3_sample5_single_thought_operator,
shape_density_front_slot_hybrid_qd,VerilogEval-Spec-to-RTL,Prob116_m2014_q3,combinational,2,de8f22b9-d4a6-4b23-8a30-07854b7fa5f5,single_thought_operator,generation_log,0.464369602763,0.696554404145,3,1.33e-06,0,5,0.000193,0,0.4,0.99310880829,0,/workspace/exp/useful_bd_push/t74_shape_density_front_slot_hybrid_20260624_010922_UTC/hard_tuning/shape_density_front_slot_hybrid_qd/seed_1001/openai_gpt-oss-120b/VerilogEval-Spec-to-RTL/Prob116_m2014_q3/Gen2/Prob116_m2014_q3_sample8_single_thought_operator,
shape_density_front_slot_hybrid_qd,VerilogEval-Spec-to-RTL,Prob116_m2014_q3,combinational,2,4422584d-b999-41c6-8bb6-5f1cffa44c23,single_thought_operator,generation_log,0.465352331606,0.698028497409,3,7.61e-07,0,5,0.000193,0,0.4,0.996056994819,0,/workspace/exp/useful_bd_push/t74_shape_density_front_slot_hybrid_20260624_010922_UTC/hard_tuning/shape_density_front_slot_hybrid_qd/seed_1001/openai_gpt-oss-120b/VerilogEval-Spec-to-RTL/Prob116_m2014_q3/Gen2/Prob116_m2014_q3_sample9_single_thought_operator,
shape_density_front_slot_hybrid_qd,VerilogEval-Spec-to-RTL,Prob116_m2014_q3,combinational,3,0707cdd3-cd64-4245-8ee8-7058d3350c17,initial,generation_log,0.396908462867,0.595362694301,4,1.79e-06,0,5,0.000193,0,0.2,0.990725388601,0,/workspace/exp/useful_bd_push/t74_shape_density_front_slot_hybrid_20260624_010922_UTC/hard_tuning/shape_density_front_slot_hybrid_qd/seed_1001/openai_gpt-oss-120b/VerilogEval-Spec-to-RTL/Prob116_m2014_q3/Gen3/Prob116_m2014_q3_sample1_initial,
shape_density_front_slot_hybrid_qd,VerilogEval-Spec-to-RTL,Prob116_m2014_q3,combinational,3,5573b7da-e46c-460a-85a4-b4c735cbb378,initial,generation_log,0.330535405872,0.495803108808,5,1.62e-06,0,5,0.000193,0,0,0.991606217617,0,/workspace/exp/useful_bd_push/t74_shape_density_front_slot_hybrid_20260624_010922_UTC/hard_tuning/shape_density_front_slot_hybrid_qd/seed_1001/openai_gpt-oss-120b/VerilogEval-Spec-to-RTL/Prob116_m2014_q3/Gen3/Prob116_m2014_q3_sample3_initial,
shape_density_front_slot_hybrid_qd,VerilogEval-Spec-to-RTL,Prob116_m2014_q3,combinational,3,14daf60a-16e0-4c3a-bef5-9dfd2812a82f,single_thought_operator,generation_log,0.463834196891,0.695751295337,3,1.64e-06,0,5,0.000193,0,0.4,0.991502590674,0,/workspace/exp/useful_bd_push/t74_shape_density_front_slot_hybrid_20260624_010922_UTC/hard_tuning/shape_density_front_slot_hybrid_qd/seed_1001/openai_gpt-oss-120b/VerilogEval-Spec-to-RTL/Prob116_m2014_q3/Gen3/Prob116_m2014_q3_sample6_single_thought_operator,
shape_density_front_slot_hybrid_qd,VerilogEval-Spec-to-RTL,Prob135_m2014_q6b,combinational,0,5b51bed5-f717-45b4-b072-8c7c080060e1,initial,generation_log,0.196143497758,0.294215246637,7,2.58e-06,0,5,0.000223,0,-0.4,0.988430493274,0,/workspace/exp/useful_bd_push/t74_shape_density_front_slot_hybrid_20260624_010922_UTC/hard_tuning/shape_density_front_slot_hybrid_qd/seed_1001/openai_gpt-oss-120b/VerilogEval-Spec-to-RTL/Prob135_m2014_q6b/Gen0/Prob135_m2014_q6b_sample3_initial,
shape_density_front_slot_hybrid_qd,VerilogEval-Spec-to-RTL,Prob135_m2014_q6b,combinational,0,b99cd3a3-0a99-4d64-91cd-faf941d19e5c,initial,generation_log,0.196143497758,0.294215246637,7,2.58e-06,0,5,0.000223,0,-0.4,0.988430493274,0,/workspace/exp/useful_bd_push/t74_shape_density_front_slot_hybrid_20260624_010922_UTC/hard_tuning/shape_density_front_slot_hybrid_qd/seed_1001/openai_gpt-oss-120b/VerilogEval-Spec-to-RTL/Prob135_m2014_q6b/Gen0/Prob135_m2014_q6b_sample5_initial,
shape_density_front_slot_hybrid_qd,VerilogEval-Spec-to-RTL,Prob135_m2014_q6b,combinational,0,a3bc06b9-104e-4fbd-8cb2-06896369df9b,initial,generation_log,0.196143497758,0.294215246637,7,2.58e-06,0,5,0.000223,0,-0.4,0.988430493274,0,/workspace/exp/useful_bd_push/t74_shape_density_front_slot_hybrid_20260624_010922_UTC/hard_tuning/shape_density_front_slot_hybrid_qd/seed_1001/openai_gpt-oss-120b/VerilogEval-Spec-to-RTL/Prob135_m2014_q6b/Gen0/Prob135_m2014_q6b_sample7_initial,
shape_density_front_slot_hybrid_qd,VerilogEval-Spec-to-RTL,Prob135_m2014_q6b,combinational,1,536b7711-9ead-40a7-b262-8002fd9f4f7a,single_thought_operator,generation_log,0.196143497758,0.294215246637,7,2.58e-06,0,5,0.000223,0,-0.4,0.988430493274,0,/workspace/exp/useful_bd_push/t74_shape_density_front_slot_hybrid_20260624_010922_UTC/hard_tuning/shape_density_front_slot_hybrid_qd/seed_1001/openai_gpt-oss-120b/VerilogEval-Spec-to-RTL/Prob135_m2014_q6b/Gen1/Prob135_m2014_q6b_sample5_single_thought_operator,
shape_density_front_slot_hybrid_qd,VerilogEval-Spec-to-RTL,Prob135_m2014_q6b,combinational,1,cb599287-7934-4957-88c7-49fcdcd602d4,single_thought_operator,generation_log,0.196143497758,0.294215246637,7,2.58e-06,0,5,0.000223,0,-0.4,0.988430493274,0,/workspace/exp/useful_bd_push/t74_shape_density_front_slot_hybrid_20260624_010922_UTC/hard_tuning/shape_density_front_slot_hybrid_qd/seed_1001/openai_gpt-oss-120b/VerilogEval-Spec-to-RTL/Prob135_m2014_q6b/Gen1/Prob135_m2014_q6b_sample8_single_thought_operator,
shape_density_front_slot_hybrid_qd,VerilogEval-Spec-to-RTL,Prob135_m2014_q6b,combinational,1,9de5ff1c-2301-498b-affb-e1325c093865,single_thought_operator,generation_log,0.196143497758,0.294215246637,7,2.58e-06,0,5,0.000223,0,-0.4,0.988430493274,0,/workspace/exp/useful_bd_push/t74_shape_density_front_slot_hybrid_20260624_010922_UTC/hard_tuning/shape_density_front_slot_hybrid_qd/seed_1001/openai_gpt-oss-120b/VerilogEval-Spec-to-RTL/Prob135_m2014_q6b/Gen1/Prob135_m2014_q6b_sample9_single_thought_operator,
shape_density_front_slot_hybrid_qd,VerilogEval-Spec-to-RTL,Prob135_m2014_q6b,combinational,1,f9d08f7a-eb36-4b87-874b-4dc1801248df,single_thought_operator,generation_log,0.196143497758,0.294215246637,7,2.58e-06,0,5,0.000223,0,-0.4,0.988430493274,0,/workspace/exp/useful_bd_push/t74_shape_density_front_slot_hybrid_20260624_010922_UTC/hard_tuning/shape_density_front_slot_hybrid_qd/seed_1001/openai_gpt-oss-120b/VerilogEval-Spec-to-RTL/Prob135_m2014_q6b/Gen1/Prob135_m2014_q6b_sample10_single_thought_operator,
shape_density_front_slot_hybrid_qd,VerilogEval-Spec-to-RTL,Prob135_m2014_q6b,combinational,1,9fe07e39-cb50-43e7-b4fb-67c53a714261,single_thought_operator,generation_log,0.196143497758,0.294215246637,7,2.58e-06,0,5,0.000223,0,-0.4,0.988430493274,0,/workspace/exp/useful_bd_push/t74_shape_density_front_slot_hybrid_20260624_010922_UTC/hard_tuning/shape_density_front_slot_hybrid_qd/seed_1001/openai_gpt-oss-120b/VerilogEval-Spec-to-RTL/Prob135_m2014_q6b/Gen1/Prob135_m2014_q6b_sample11_single_thought_operator,
shape_density_front_slot_hybrid_qd,VerilogEval-Spec-to-RTL,Prob135_m2014_q6b,combinational,1,f60bdc64-4b86-442c-8eb8-768a3bc350b3,single_thought_operator,generation_log,0.196143497758,0.294215246637,7,2.58e-06,0,5,0.000223,0,-0.4,0.988430493274,0,/workspace/exp/useful_bd_push/t74_shape_density_front_slot_hybrid_20260624_010922_UTC/hard_tuning/shape_density_front_slot_hybrid_qd/seed_1001/openai_gpt-oss-120b/VerilogEval-Spec-to-RTL/Prob135_m2014_q6b/Gen1/Prob135_m2014_q6b_sample12_single_thought_operator,
shape_density_front_slot_hybrid_qd,VerilogEval-Spec-to-RTL,Prob135_m2014_q6b,combinational,2,8352a3bb-f170-45ea-8de3-932d7612d637,single_thought_operator,generation_log,0.196143497758,0.294215246637,7,2.58e-06,0,5,0.000223,0,-0.4,0.988430493274,0,/workspace/exp/useful_bd_push/t74_shape_density_front_slot_hybrid_20260624_010922_UTC/hard_tuning/shape_density_front_slot_hybrid_qd/seed_1001/openai_gpt-oss-120b/VerilogEval-Spec-to-RTL/Prob135_m2014_q6b/Gen2/Prob135_m2014_q6b_sample7_single_thought_operator,
shape_density_front_slot_hybrid_qd,VerilogEval-Spec-to-RTL,Prob135_m2014_q6b,combinational,2,50e62cb9-43f9-41a1-84f7-3dcf2d3d0fb6,single_thought_operator,generation_log,0.196143497758,0.294215246637,7,2.58e-06,0,5,0.000223,0,-0.4,0.988430493274,0,/workspace/exp/useful_bd_push/t74_shape_density_front_slot_hybrid_20260624_010922_UTC/hard_tuning/shape_density_front_slot_hybrid_qd/seed_1001/openai_gpt-oss-120b/VerilogEval-Spec-to-RTL/Prob135_m2014_q6b/Gen2/Prob135_m2014_q6b_sample9_single_thought_operator,
shape_density_front_slot_hybrid_qd,VerilogEval-Spec-to-RTL,Prob135_m2014_q6b,combinational,2,29e5c3c7-4c2c-4526-abdf-cf7844a339bc,single_thought_operator,generation_log,0.196143497758,0.294215246637,7,2.58e-06,0,5,0.000223,0,-0.4,0.988430493274,0,/workspace/exp/useful_bd_push/t74_shape_density_front_slot_hybrid_20260624_010922_UTC/hard_tuning/shape_density_front_slot_hybrid_qd/seed_1001/openai_gpt-oss-120b/VerilogEval-Spec-to-RTL/Prob135_m2014_q6b/Gen2/Prob135_m2014_q6b_sample10_single_thought_operator,
shape_density_front_slot_hybrid_qd,VerilogEval-Spec-to-RTL,Prob135_m2014_q6b,combinational,3,40c3300c-e106-453e-ac8c-e1c90738fb9d,single_thought_operator,generation_log,0.196143497758,0.294215246637,7,2.58e-06,0,5,0.000223,0,-0.4,0.988430493274,0,/workspace/exp/useful_bd_push/t74_shape_density_front_slot_hybrid_20260624_010922_UTC/hard_tuning/shape_density_front_slot_hybrid_qd/seed_1001/openai_gpt-oss-120b/VerilogEval-Spec-to-RTL/Prob135_m2014_q6b/Gen3/Prob135_m2014_q6b_sample9_single_thought_operator,
shape_density_front_slot_hybrid_qd,VerilogEval-Spec-to-RTL,Prob135_m2014_q6b,combinational,3,17ced83d-34fa-485e-bd4e-3e8df5583f1d,single_thought_operator,generation_log,0.196143497758,0.294215246637,7,2.58e-06,0,5,0.000223,0,-0.4,0.988430493274,0,/workspace/exp/useful_bd_push/t74_shape_density_front_slot_hybrid_20260624_010922_UTC/hard_tuning/shape_density_front_slot_hybrid_qd/seed_1001/openai_gpt-oss-120b/VerilogEval-Spec-to-RTL/Prob135_m2014_q6b/Gen3/Prob135_m2014_q6b_sample10_single_thought_operator,
shape_density_front_slot_hybrid_qd,VerilogEval-Spec-to-RTL,Prob135_m2014_q6b,combinational,3,9cfe9741-6c0c-4b19-a437-01e149104a11,single_thought_operator,generation_log,0.196143497758,0.294215246637,7,2.58e-06,0,5,0.000223,0,-0.4,0.988430493274,0,/workspace/exp/useful_bd_push/t74_shape_density_front_slot_hybrid_20260624_010922_UTC/hard_tuning/shape_density_front_slot_hybrid_qd/seed_1001/openai_gpt-oss-120b/VerilogEval-Spec-to-RTL/Prob135_m2014_q6b/Gen3/Prob135_m2014_q6b_sample11_single_thought_operator,
shape_density_front_slot_hybrid_qd,VerilogEval-Spec-to-RTL,Prob135_m2014_q6b,combinational,3,62f55167-4a42-4222-a9e7-81ab5ed42fcd,single_thought_operator,generation_log,0.196143497758,0.294215246637,7,2.58e-06,0,5,0.000223,0,-0.4,0.988430493274,0,/workspace/exp/useful_bd_push/t74_shape_density_front_slot_hybrid_20260624_010922_UTC/hard_tuning/shape_density_front_slot_hybrid_qd/seed_1001/openai_gpt-oss-120b/VerilogEval-Spec-to-RTL/Prob135_m2014_q6b/Gen3/Prob135_m2014_q6b_sample12_single_thought_operator,
shape_density_front_slot_hybrid_qd,VerilogEval-Spec-to-RTL,Prob150_review2015_fsmonehot,combinational,0,e2cea15e-45c1-46a2-a7e5-13839388fa60,initial,generation_log,0.32968627451,0.494529411765,13,3.72e-06,0,13,0.00034,0,0,0.989058823529,0,/workspace/exp/useful_bd_push/t74_shape_density_front_slot_hybrid_20260624_010922_UTC/hard_tuning/shape_density_front_slot_hybrid_qd/seed_1001/openai_gpt-oss-120b/VerilogEval-Spec-to-RTL/Prob150_review2015_fsmonehot/Gen0/Prob150_review2015_fsmonehot_sample1_initial,
shape_density_front_slot_hybrid_qd,VerilogEval-Spec-to-RTL,Prob150_review2015_fsmonehot,combinational,0,1408a1a4-f38d-4c5e-b034-64c035286784,initial,generation_log,0.32968627451,0.494529411765,13,3.72e-06,0,13,0.00034,0,0,0.989058823529,0,/workspace/exp/useful_bd_push/t74_shape_density_front_slot_hybrid_20260624_010922_UTC/hard_tuning/shape_density_front_slot_hybrid_qd/seed_1001/openai_gpt-oss-120b/VerilogEval-Spec-to-RTL/Prob150_review2015_fsmonehot/Gen0/Prob150_review2015_fsmonehot_sample4_initial,
shape_density_front_slot_hybrid_qd,VerilogEval-Spec-to-RTL,Prob150_review2015_fsmonehot,combinational,0,93f98e55-bc71-4277-8cda-4e2a1f495dee,initial,generation_log,0.32968627451,0.494529411765,13,3.72e-06,0,13,0.00034,0,0,0.989058823529,0,/workspace/exp/useful_bd_push/t74_shape_density_front_slot_hybrid_20260624_010922_UTC/hard_tuning/shape_density_front_slot_hybrid_qd/seed_1001/openai_gpt-oss-120b/VerilogEval-Spec-to-RTL/Prob150_review2015_fsmonehot/Gen0/Prob150_review2015_fsmonehot_sample7_initial,
shape_density_front_slot_hybrid_qd,VerilogEval-Spec-to-RTL,Prob150_review2015_fsmonehot,combinational,1,6730ae51-414f-4cf3-a924-87d7aab15f03,single_thought_operator,generation_log,0.32968627451,0.494529411765,13,3.72e-06,0,13,0.00034,0,0,0.989058823529,0,/workspace/exp/useful_bd_push/t74_shape_density_front_slot_hybrid_20260624_010922_UTC/hard_tuning/shape_density_front_slot_hybrid_qd/seed_1001/openai_gpt-oss-120b/VerilogEval-Spec-to-RTL/Prob150_review2015_fsmonehot/Gen1/Prob150_review2015_fsmonehot_sample1_single_thought_operator,
shape_density_front_slot_hybrid_qd,VerilogEval-Spec-to-RTL,Prob150_review2015_fsmonehot,combinational,1,49506a9d-0a01-48b5-b265-f46ae4199e12,single_thought_operator,generation_log,0.32968627451,0.494529411765,13,3.72e-06,0,13,0.00034,0,0,0.989058823529,0,/workspace/exp/useful_bd_push/t74_shape_density_front_slot_hybrid_20260624_010922_UTC/hard_tuning/shape_density_front_slot_hybrid_qd/seed_1001/openai_gpt-oss-120b/VerilogEval-Spec-to-RTL/Prob150_review2015_fsmonehot/Gen1/Prob150_review2015_fsmonehot_sample3_single_thought_operator,
shape_density_front_slot_hybrid_qd,VerilogEval-Spec-to-RTL,Prob150_review2015_fsmonehot,combinational,1,28698894-14d6-464a-b13d-35de934e6830,single_thought_operator,generation_log,0.32968627451,0.494529411765,13,3.72e-06,0,13,0.00034,0,0,0.989058823529,0,/workspace/exp/useful_bd_push/t74_shape_density_front_slot_hybrid_20260624_010922_UTC/hard_tuning/shape_density_front_slot_hybrid_qd/seed_1001/openai_gpt-oss-120b/VerilogEval-Spec-to-RTL/Prob150_review2015_fsmonehot/Gen1/Prob150_review2015_fsmonehot_sample4_single_thought_operator,
shape_density_front_slot_hybrid_qd,VerilogEval-Spec-to-RTL,Prob150_review2015_fsmonehot,combinational,1,5b390fa7-d610-4833-ba6d-4d770971b9f5,single_thought_operator,generation_log,0.32968627451,0.494529411765,13,3.72e-06,0,13,0.00034,0,0,0.989058823529,0,/workspace/exp/useful_bd_push/t74_shape_density_front_slot_hybrid_20260624_010922_UTC/hard_tuning/shape_density_front_slot_hybrid_qd/seed_1001/openai_gpt-oss-120b/VerilogEval-Spec-to-RTL/Prob150_review2015_fsmonehot/Gen1/Prob150_review2015_fsmonehot_sample10_single_thought_operator,
shape_density_front_slot_hybrid_qd,VerilogEval-Spec-to-RTL,Prob150_review2015_fsmonehot,combinational,1,d8ff7995-0ab9-451a-b967-706aa1a28dc8,single_thought_operator,generation_log,0.32968627451,0.494529411765,13,3.72e-06,0,13,0.00034,0,0,0.989058823529,0,/workspace/exp/useful_bd_push/t74_shape_density_front_slot_hybrid_20260624_010922_UTC/hard_tuning/shape_density_front_slot_hybrid_qd/seed_1001/openai_gpt-oss-120b/VerilogEval-Spec-to-RTL/Prob150_review2015_fsmonehot/Gen1/Prob150_review2015_fsmonehot_sample11_single_thought_operator,
shape_density_front_slot_hybrid_qd,VerilogEval-Spec-to-RTL,Prob150_review2015_fsmonehot,combinational,2,4ec6b1db-d27e-4f23-a010-eb2b206577dd,single_thought_operator,generation_log,0.32968627451,0.494529411765,13,3.72e-06,0,13,0.00034,0,0,0.989058823529,0,/workspace/exp/useful_bd_push/t74_shape_density_front_slot_hybrid_20260624_010922_UTC/hard_tuning/shape_density_front_slot_hybrid_qd/seed_1001/openai_gpt-oss-120b/VerilogEval-Spec-to-RTL/Prob150_review2015_fsmonehot/Gen2/Prob150_review2015_fsmonehot_sample2_single_thought_operator,
shape_density_front_slot_hybrid_qd,VerilogEval-Spec-to-RTL,Prob150_review2015_fsmonehot,combinational,2,34eed8f2-dae3-4c84-8ae7-16aa70e91f43,single_thought_operator,generation_log,0.32968627451,0.494529411765,13,3.72e-06,0,13,0.00034,0,0,0.989058823529,0,/workspace/exp/useful_bd_push/t74_shape_density_front_slot_hybrid_20260624_010922_UTC/hard_tuning/shape_density_front_slot_hybrid_qd/seed_1001/openai_gpt-oss-120b/VerilogEval-Spec-to-RTL/Prob150_review2015_fsmonehot/Gen2/Prob150_review2015_fsmonehot_sample9_single_thought_operator,
shape_density_front_slot_hybrid_qd,VerilogEval-Spec-to-RTL,Prob150_review2015_fsmonehot,combinational,2,0ff1de57-4039-49df-b36c-ea1268b5df37,single_thought_operator,generation_log,0.32968627451,0.494529411765,13,3.72e-06,0,13,0.00034,0,0,0.989058823529,0,/workspace/exp/useful_bd_push/t74_shape_density_front_slot_hybrid_20260624_010922_UTC/hard_tuning/shape_density_front_slot_hybrid_qd/seed_1001/openai_gpt-oss-120b/VerilogEval-Spec-to-RTL/Prob150_review2015_fsmonehot/Gen2/Prob150_review2015_fsmonehot_sample11_single_thought_operator,
shape_density_front_slot_hybrid_qd,VerilogEval-Spec-to-RTL,Prob150_review2015_fsmonehot,combinational,3,45cfc64a-00d1-44f0-a07f-e1c5e5f7031d,single_thought_operator,generation_log,0.32968627451,0.494529411765,13,3.72e-06,0,13,0.00034,0,0,0.989058823529,0,/workspace/exp/useful_bd_push/t74_shape_density_front_slot_hybrid_20260624_010922_UTC/hard_tuning/shape_density_front_slot_hybrid_qd/seed_1001/openai_gpt-oss-120b/VerilogEval-Spec-to-RTL/Prob150_review2015_fsmonehot/Gen3/Prob150_review2015_fsmonehot_sample1_single_thought_operator,
shape_density_front_slot_hybrid_qd,VerilogEval-Spec-to-RTL,Prob150_review2015_fsmonehot,combinational,3,fadc825e-6738-4b66-8ec0-0f1779f0a69b,single_thought_operator,generation_log,0.32968627451,0.494529411765,13,3.72e-06,0,13,0.00034,0,0,0.989058823529,0,/workspace/exp/useful_bd_push/t74_shape_density_front_slot_hybrid_20260624_010922_UTC/hard_tuning/shape_density_front_slot_hybrid_qd/seed_1001/openai_gpt-oss-120b/VerilogEval-Spec-to-RTL/Prob150_review2015_fsmonehot/Gen3/Prob150_review2015_fsmonehot_sample5_single_thought_operator,
shape_density_front_slot_hybrid_qd,VerilogEval-Spec-to-RTL,Prob150_review2015_fsmonehot,combinational,3,1cb207e4-3daf-4173-bb8b-ff38155d0dc2,single_thought_operator,generation_log,0.32968627451,0.494529411765,13,3.72e-06,0,13,0.00034,0,0,0.989058823529,0,/workspace/exp/useful_bd_push/t74_shape_density_front_slot_hybrid_20260624_010922_UTC/hard_tuning/shape_density_front_slot_hybrid_qd/seed_1001/openai_gpt-oss-120b/VerilogEval-Spec-to-RTL/Prob150_review2015_fsmonehot/Gen3/Prob150_review2015_fsmonehot_sample7_single_thought_operator,
shape_density_front_slot_hybrid_qd,VerilogEval-Spec-to-RTL,Prob150_review2015_fsmonehot,combinational,3,73b381f2-c679-4a95-aa66-cf89aff4f64a,single_thought_operator,generation_log,0.32968627451,0.494529411765,13,3.72e-06,0,13,0.00034,0,0,0.989058823529,0,/workspace/exp/useful_bd_push/t74_shape_density_front_slot_hybrid_20260624_010922_UTC/hard_tuning/shape_density_front_slot_hybrid_qd/seed_1001/openai_gpt-oss-120b/VerilogEval-Spec-to-RTL/Prob150_review2015_fsmonehot/Gen3/Prob150_review2015_fsmonehot_sample8_single_thought_operator,
shape_density_front_slot_hybrid_qd,VerilogEval-Spec-to-RTL,Prob151_review2015_fsm,sequential,0,7f8ba831-6506-4ea8-b6c3-0cf0fd924b62,initial,generation_log,-0.350276494572,-0.350276494572,93,0.0067,0.32,66,0.00447,0.28,-0.409090909091,-0.498881431767,-0.142857142857,/workspace/exp/useful_bd_push/t74_shape_density_front_slot_hybrid_20260624_010922_UTC/hard_tuning/shape_density_front_slot_hybrid_qd/seed_1001/openai_gpt-oss-120b/VerilogEval-Spec-to-RTL/Prob151_review2015_fsm/Gen0/Prob151_review2015_fsm_sample2_initial,
shape_density_front_slot_hybrid_qd,VerilogEval-Spec-to-RTL,Prob153_gshare,sequential,0,592a9218-6bc9-47f5-8331-1db40fb2ed09,initial,generation_log,-0.0454299600961,-0.0454299600961,3074,0.472,0.78,3025,0.437,0.75,-0.0161983471074,-0.0800915331808,-0.04,/workspace/exp/useful_bd_push/t74_shape_density_front_slot_hybrid_20260624_010922_UTC/hard_tuning/shape_density_front_slot_hybrid_qd/seed_1001/openai_gpt-oss-120b/VerilogEval-Spec-to-RTL/Prob153_gshare/Gen0/Prob153_gshare_sample10_initial,
shape_density_front_slot_hybrid_qd,VerilogEval-Spec-to-RTL,Prob153_gshare,sequential,0,60e30a4f-5f4b-44d8-b8bf-a720ae4e4126,initial,generation_log,-0.0454299600961,-0.0454299600961,3074,0.472,0.78,3025,0.437,0.75,-0.0161983471074,-0.0800915331808,-0.04,/workspace/exp/useful_bd_push/t74_shape_density_front_slot_hybrid_20260624_010922_UTC/hard_tuning/shape_density_front_slot_hybrid_qd/seed_1001/openai_gpt-oss-120b/VerilogEval-Spec-to-RTL/Prob153_gshare/Gen0/Prob153_gshare_sample12_initial,
shape_density_front_slot_hybrid_qd,VerilogEval-Spec-to-RTL,Prob153_gshare,sequential,1,11d9373d-ad56-40b4-a33b-0f9e44d559fe,single_thought_operator,generation_log,-0.0532167525053,-0.0532167525053,3173,0.532,0.67,3025,0.437,0.75,-0.0489256198347,-0.217391304348,0.106666666667,/workspace/exp/useful_bd_push/t74_shape_density_front_slot_hybrid_20260624_010922_UTC/hard_tuning/shape_density_front_slot_hybrid_qd/seed_1001/openai_gpt-oss-120b/VerilogEval-Spec-to-RTL/Prob153_gshare/Gen1/Prob153_gshare_sample7_single_thought_operator,
shape_density_front_slot_hybrid_qd,VerilogEval-Spec-to-RTL,Prob153_gshare,sequential,2,be666fed-32d1-4e71-8f2b-ef8051fd9f25,single_thought_operator,generation_log,0.135602919144,0.135602919144,2790,0.299,0.74,3025,0.437,0.75,0.0776859504132,0.315789473684,0.0133333333333,/workspace/exp/useful_bd_push/t74_shape_density_front_slot_hybrid_20260624_010922_UTC/hard_tuning/shape_density_front_slot_hybrid_qd/seed_1001/openai_gpt-oss-120b/VerilogEval-Spec-to-RTL/Prob153_gshare/Gen2/Prob153_gshare_sample1_single_thought_operator,
shape_density_front_slot_hybrid_qd,VerilogEval-Spec-to-RTL,Prob153_gshare,sequential,2,038d8a63-d369-469e-b62b-38a6e07683b0,single_thought_operator,generation_log,0.135602919144,0.135602919144,2790,0.299,0.74,3025,0.437,0.75,0.0776859504132,0.315789473684,0.0133333333333,/workspace/exp/useful_bd_push/t74_shape_density_front_slot_hybrid_20260624_010922_UTC/hard_tuning/shape_density_front_slot_hybrid_qd/seed_1001/openai_gpt-oss-120b/VerilogEval-Spec-to-RTL/Prob153_gshare/Gen2/Prob153_gshare_sample9_single_thought_operator,
shape_density_front_slot_hybrid_qd,VerilogEval-Spec-to-RTL,Prob153_gshare,sequential,2,92de739a-4ba6-4bfb-87f1-4b6fabdbf9f9,single_thought_operator,generation_log,-0.0177361717865,-0.0177361717865,3080,0.429,0.79,3025,0.437,0.75,-0.0181818181818,0.0183066361556,-0.0533333333333,/workspace/exp/useful_bd_push/t74_shape_density_front_slot_hybrid_20260624_010922_UTC/hard_tuning/shape_density_front_slot_hybrid_qd/seed_1001/openai_gpt-oss-120b/VerilogEval-Spec-to-RTL/Prob153_gshare/Gen2/Prob153_gshare_sample10_single_thought_operator,
shape_density_front_slot_hybrid_qd,VerilogEval-Spec-to-RTL,Prob153_gshare,sequential,3,4e052eb4-953a-4b07-a42f-9795edf9319f,single_thought_operator,generation_log,-0.0280832035773,-0.0280832035773,2987,0.456,0.79,3025,0.437,0.75,0.0125619834711,-0.0434782608696,-0.0533333333333,/workspace/exp/useful_bd_push/t74_shape_density_front_slot_hybrid_20260624_010922_UTC/hard_tuning/shape_density_front_slot_hybrid_qd/seed_1001/openai_gpt-oss-120b/VerilogEval-Spec-to-RTL/Prob153_gshare/Gen3/Prob153_gshare_sample1_single_thought_operator,
shape_density_front_slot_hybrid_qd,VerilogEval-Spec-to-RTL,Prob153_gshare,sequential,3,8447a33a-2e5f-47ae-a1b9-e3b2b8265167,single_thought_operator,generation_log,-0.0446854229837,-0.0446854229837,3166,0.516,0.68,3025,0.437,0.75,-0.0466115702479,-0.180778032037,0.0933333333333,/workspace/exp/useful_bd_push/t74_shape_density_front_slot_hybrid_20260624_010922_UTC/hard_tuning/shape_density_front_slot_hybrid_qd/seed_1001/openai_gpt-oss-120b/VerilogEval-Spec-to-RTL/Prob153_gshare/Gen3/Prob153_gshare_sample2_single_thought_operator,
shape_density_front_slot_hybrid_qd,VerilogEval-Spec-to-RTL,Prob153_gshare,sequential,3,9a939122-a389-42b4-800d-58c3a4625b00,single_thought_operator,generation_log,-0.0280832035773,-0.0280832035773,2987,0.456,0.79,3025,0.437,0.75,0.0125619834711,-0.0434782608696,-0.0533333333333,/workspace/exp/useful_bd_push/t74_shape_density_front_slot_hybrid_20260624_010922_UTC/hard_tuning/shape_density_front_slot_hybrid_qd/seed_1001/openai_gpt-oss-120b/VerilogEval-Spec-to-RTL/Prob153_gshare/Gen3/Prob153_gshare_sample3_single_thought_operator,
shape_density_front_slot_hybrid_qd,VerilogEval-Spec-to-RTL,Prob153_gshare,sequential,3,a7f79ca1-b11b-4b43-ad95-0eee28d630b8,single_thought_operator,generation_log,-0.329819854463,-0.329819854463,4141,0.714,0.74,3025,0.437,0.75,-0.368925619835,-0.633867276888,0.0133333333333,/workspace/exp/useful_bd_push/t74_shape_density_front_slot_hybrid_20260624_010922_UTC/hard_tuning/shape_density_front_slot_hybrid_qd/seed_1001/openai_gpt-oss-120b/VerilogEval-Spec-to-RTL/Prob153_gshare/Gen3/Prob153_gshare_sample6_single_thought_operator,
