backend,benchmark,problem,circuit_type,generation,candidate_id,strategy,source,score_from_run,ppa_score,area,power,eff_clk_period,ref_area,ref_power,ref_eff_clk_period,g_A,g_P,g_T,candidate_dir,report_path
classic_revolution_8x5,RTLLM,Prob015_multi_pipe_8bit,sequential,0,9578b202-895c-4404-8e9c-eac5e9363e44,initial,generation_log,-0.854668671749,-0.854668671749,909,0.159,2.35,980,0.0898,0.82,0.0724489795918,-0.770601336303,-1.86585365854,,
classic_revolution_8x5,RTLLM,Prob015_multi_pipe_8bit,sequential,0,30385121-6f9f-4cf7-b9a4-f7c274a02fae,initial,generation_log,-0.0451593478936,-0.0451593478936,685,0.106,1.03,980,0.0898,0.82,0.301020408163,-0.180400890869,-0.256097560976,,
classic_revolution_8x5,RTLLM,Prob015_multi_pipe_8bit,sequential,1,9f07b5aa-c559-494d-8710-2abeff5ec637,M-E,generation_log,-0.0197264315037,-0.0197264315037,697,0.109,0.93,980,0.0898,0.82,0.288775510204,-0.213808463252,-0.134146341463,,
classic_revolution_8x5,RTLLM,Prob015_multi_pipe_8bit,sequential,1,7e300b92-40f5-4d95-b74c-793104eda26e,M-I,generation_log,-0.0451593478936,-0.0451593478936,685,0.106,1.03,980,0.0898,0.82,0.301020408163,-0.180400890869,-0.256097560976,,
classic_revolution_8x5,RTLLM,Prob015_multi_pipe_8bit,sequential,1,add293ac-3938-4e14-977c-5fa87e780d56,M-E,generation_log,-0.0759603683942,-0.0759603683942,708,0.11,1.05,980,0.0898,0.82,0.277551020408,-0.224944320713,-0.280487804878,,
classic_revolution_8x5,RTLLM,Prob015_multi_pipe_8bit,sequential,2,aa76343b-ccab-4e5f-a6e7-ac5ffa4fb0a4,M-R,generation_log,-0.0451593478936,-0.0451593478936,685,0.106,1.03,980,0.0898,0.82,0.301020408163,-0.180400890869,-0.256097560976,,
classic_revolution_8x5,RTLLM,Prob015_multi_pipe_8bit,sequential,2,93b92fd4-6206-41c2-b8eb-4b6ed488e40b,C-F,generation_log,-0.14176923961,-0.14176923961,850,0.141,0.81,980,0.0898,0.82,0.132653061224,-0.570155902004,0.0121951219512,,
classic_revolution_8x5,RTLLM,Prob015_multi_pipe_8bit,sequential,2,228d1ab4-a2db-4af4-94ef-0a42404663a9,M-R,generation_log,-0.0197264315037,-0.0197264315037,697,0.109,0.93,980,0.0898,0.82,0.288775510204,-0.213808463252,-0.134146341463,,
classic_revolution_8x5,RTLLM,Prob015_multi_pipe_8bit,sequential,3,cbb3601d-7cc5-4356-ac3e-5269904a3f35,M-E,generation_log,-0.309557215249,-0.309557215249,992,0.171,0.83,980,0.0898,0.82,-0.0122448979592,-0.904231625835,-0.0121951219512,,
classic_revolution_8x5,RTLLM,Prob015_multi_pipe_8bit,sequential,3,197d6cd4-22ca-458c-8a6f-a751e9b2fbd8,M-E,generation_log,-0.790055496369,-0.790055496369,1503,0.281,0.58,980,0.0898,0.82,-0.533673469388,-2.12917594655,0.292682926829,,
classic_revolution_8x5,RTLLM,Prob015_multi_pipe_8bit,sequential,3,8e49f26e-bcba-4591-bcfa-15270ce78bb6,C-F,generation_log,-0.128629814683,-0.128629814683,788,0.13,0.93,980,0.0898,0.82,0.195918367347,-0.447661469933,-0.134146341463,,
classic_revolution_8x5,RTLLM,Prob015_multi_pipe_8bit,sequential,3,d65c5618-f567-46da-a79a-ad073e17c052,M-E,generation_log,-0.0368509857091,-0.0368509857091,884,0.114,0.77,980,0.0898,0.82,0.0979591836735,-0.269487750557,0.0609756097561,,
classic_revolution_8x5,RTLLM,Prob015_multi_pipe_8bit,sequential,3,e726a782-e3ac-4c26-944d-5ee0d8d9598e,M-E,generation_log,-0.221227656688,-0.221227656688,1095,0.175,0.49,980,0.0898,0.82,-0.117346938776,-0.948775055679,0.40243902439,,
classic_revolution_8x5,RTLLM,Prob015_multi_pipe_8bit,sequential,4,deecbf24-2123-47f0-a084-6211574e07aa,M-R,generation_log,-0.0451593478936,-0.0451593478936,685,0.106,1.03,980,0.0898,0.82,0.301020408163,-0.180400890869,-0.256097560976,,
classic_revolution_8x5,RTLLM,Prob015_multi_pipe_8bit,sequential,4,0f28a9a0-2736-4141-a82f-5ff47533345e,M-E,generation_log,-0.157562368747,-0.157562368747,647,0.154,0.9,980,0.0898,0.82,0.339795918367,-0.714922048998,-0.0975609756098,,
classic_revolution_8x5,RTLLM,Prob015_multi_pipe_8bit,sequential,4,2fc4541c-4cdf-452e-86ea-461ab3d64c31,M-R,generation_log,-0.165505965546,-0.165505965546,1150,0.121,0.8,980,0.0898,0.82,-0.173469387755,-0.347438752784,0.0243902439024,,
classic_revolution_8x5,RTLLM,Prob015_multi_pipe_8bit,sequential,4,76e5890b-6bdf-4dc7-9150-0040b48062f8,C-F,generation_log,-0.0965718668368,-0.0965718668368,753,0.118,0.99,980,0.0898,0.82,0.231632653061,-0.314031180401,-0.207317073171,,
classic_revolution_8x5,RTLLM,Prob015_multi_pipe_8bit,sequential,4,af1946e5-6477-4938-8837-aa9f91b485d0,C-F,generation_log,-0.0451593478936,-0.0451593478936,685,0.106,1.03,980,0.0898,0.82,0.301020408163,-0.180400890869,-0.256097560976,,
classic_revolution_8x5,RTLLM,Prob015_multi_pipe_8bit,sequential,4,d77d0daf-9181-41cd-87ee-01a9c4439244,C-F,generation_log,-0.0965718668368,-0.0965718668368,753,0.118,0.99,980,0.0898,0.82,0.231632653061,-0.314031180401,-0.207317073171,,
classic_revolution_8x5,RTLLM,Prob015_multi_pipe_8bit,sequential,5,e8630af6-5cdc-4fb4-a294-00528c8cde7c,M-R,generation_log,-0.0197264315037,-0.0197264315037,697,0.109,0.93,980,0.0898,0.82,0.288775510204,-0.213808463252,-0.134146341463,,
classic_revolution_8x5,RTLLM,Prob015_multi_pipe_8bit,sequential,5,40bac0aa-ba6f-4c1f-b077-3132d453e369,M-I,generation_log,-0.0321467279943,-0.0321467279943,760,0.123,0.78,980,0.0898,0.82,0.224489795918,-0.369710467706,0.0487804878049,,
classic_revolution_8x5,RTLLM,Prob015_multi_pipe_8bit,sequential,5,fbc87b93-b222-434d-a4e4-2fed8d35a934,M-R,generation_log,-0.138874785071,-0.138874785071,775,0.123,1.03,980,0.0898,0.82,0.209183673469,-0.369710467706,-0.256097560976,,
classic_revolution_8x5,RTLLM,Prob015_multi_pipe_8bit,sequential,5,65a387a6-ecbe-4d74-a0d9-71e0fa2e4af1,M-I,generation_log,-0.0500763269075,-0.0500763269075,636,0.16,0.59,980,0.0898,0.82,0.351020408163,-0.781737193764,0.280487804878,,
classic_revolution_8x5,RTLLM,Prob015_multi_pipe_8bit,sequential,5,7013c4fe-1691-480f-879b-9e8df9a00fb1,C-F,generation_log,-0.0147684713518,-0.0147684713518,724,0.103,0.95,980,0.0898,0.82,0.261224489796,-0.146993318486,-0.158536585366,,
classic_revolution_8x5,RTLLM,Prob024_fsm,combinational,1,977fa12f-4bc7-4dd6-878d-eb473dc7fc75,M-S,generation_log,0.420803878636,0.236205817954,43,0.00412,0.21,46,0.00695,0,0.0652173913043,0.407194244604,-210000000000,,
classic_revolution_8x5,RTLLM,Prob024_fsm,combinational,1,c5fa9230-5ba2-4ebd-867b-05d1aa67fcdf,M-F,generation_log,0.420803878636,0.236205817954,43,0.00412,0.21,46,0.00695,0,0.0652173913043,0.407194244604,-210000000000,,
classic_revolution_8x5,RTLLM,Prob024_fsm,combinational,1,fe4bc3ce-0097-404c-b733-4d63d4698a3d,M-I,generation_log,0.265517672818,0.0282765092274,34,0.00837,0.26,46,0.00695,0,0.260869565217,-0.204316546763,-260000000000,,
classic_revolution_8x5,RTLLM,Prob024_fsm,combinational,1,70ef141f-5730-4220-afe7-ca88e5f06cef,M-I,generation_log,0.469591283495,0.329386925242,29,0.00494,0.25,46,0.00695,0,0.369565217391,0.289208633094,-250000000000,,
classic_revolution_8x5,RTLLM,Prob024_fsm,combinational,2,46b1be03-269f-420f-951c-ae169bf7196b,M-S,generation_log,0.500233552289,0.340350328433,36,0.00373,0.18,46,0.00695,0,0.217391304348,0.463309352518,-180000000000,,
classic_revolution_8x5,RTLLM,Prob024_fsm,combinational,2,2a19a8f0-6a61-44d0-aa52-6d16e1887b1b,M-F,generation_log,0.500233552289,0.340350328433,36,0.00373,0.18,46,0.00695,0,0.217391304348,0.463309352518,-180000000000,,
classic_revolution_8x5,RTLLM,Prob024_fsm,combinational,2,7e833287-fbce-453c-8ac5-03a57d5966d2,M-S,generation_log,0.420803878636,0.236205817954,43,0.00412,0.21,46,0.00695,0,0.0652173913043,0.407194244604,-210000000000,,
classic_revolution_8x5,RTLLM,Prob024_fsm,combinational,3,a071620a-ee7d-48e3-979e-b801d6370383,M-I,generation_log,0.420803878636,0.236205817954,43,0.00412,0.21,46,0.00695,0,0.0652173913043,0.407194244604,-210000000000,,
classic_revolution_8x5,RTLLM,Prob024_fsm,combinational,3,9d843184-9af2-45d8-85f5-23aff89efedd,M-R,generation_log,0.420803878636,0.236205817954,43,0.00412,0.21,46,0.00695,0,0.0652173913043,0.407194244604,-210000000000,,
classic_revolution_8x5,RTLLM,Prob024_fsm,combinational,4,e7abb82b-5bb7-4611-9815-7772f24b38a9,M-S,generation_log,0.500233552289,0.340350328433,36,0.00373,0.18,46,0.00695,0,0.217391304348,0.463309352518,-180000000000,,
classic_revolution_8x5,RTLLM,Prob041_traffic_light,combinational,0,228810c1-5c79-49cc-aa8f-53ffe894be5b,initial,generation_log,0.0868675865408,0.130301379811,164,0.0251,0,170,0.0324,0,0.0352941176471,0.225308641975,0,,
classic_revolution_8x5,RTLLM,Prob041_traffic_light,combinational,1,0486e42c-ad6d-49a1-bd3f-f2ebb4f3376a,M-I,generation_log,0.389132171387,0.583698257081,140,0.000294,0,170,0.0324,0,0.176470588235,0.990925925926,0,,
classic_revolution_8x5,RTLLM,Prob041_traffic_light,combinational,2,a767d2b8-4a02-4a5d-8333-4aeb36f1b697,M-I,generation_log,0.0488259501331,0.0732389251997,143,0.0328,0,170,0.0324,0,0.158823529412,-0.0123456790123,0,,
classic_revolution_8x5,RTLLM,Prob041_traffic_light,combinational,2,09cfa0cf-9977-4b9a-aaee-c2e4a2bf267b,M-R,generation_log,0.122355361898,0.183533042847,148,0.0247,0,170,0.0324,0,0.129411764706,0.237654320988,0,,
classic_revolution_8x5,RTLLM,Prob041_traffic_light,combinational,2,ae802e04-53ba-4a4c-9fdc-5c716dbb03de,M-I,generation_log,0.34591503268,0.51887254902,114,0.00945,0,170,0.0324,0,0.329411764706,0.708333333333,0,,
classic_revolution_8x5,RTLLM,Prob041_traffic_light,combinational,3,0dd1d0fd-f5d2-4139-819d-419588927249,M-F,generation_log,0.169644153958,0.254466230937,137,0.0222,0,170,0.0324,0,0.194117647059,0.314814814815,0,,
classic_revolution_8x5,RTLLM,Prob041_traffic_light,combinational,3,4206fe76-1007-42d8-a5c7-d421464b9493,M-S,generation_log,0.122355361898,0.183533042847,148,0.0247,0,170,0.0324,0,0.129411764706,0.237654320988,0,,
classic_revolution_8x5,RTLLM,Prob041_traffic_light,combinational,3,c6c15e4f-86f5-46d8-83d0-f78e0b0ec30c,C-F,generation_log,0.420875090777,0.631312636166,124,0.000258,0,170,0.0324,0,0.270588235294,0.992037037037,0,,
classic_revolution_8x5,RTLLM,Prob041_traffic_light,combinational,3,5719cc59-8e5c-4c2b-9600-a67f7482198f,M-S,generation_log,0.420875090777,0.631312636166,124,0.000258,0,170,0.0324,0,0.270588235294,0.992037037037,0,,
classic_revolution_8x5,RTLLM,Prob041_traffic_light,combinational,3,da17e224-18dc-46a8-a371-92dd296c970e,M-S,generation_log,0.420875090777,0.631312636166,124,0.000258,0,170,0.0324,0,0.270588235294,0.992037037037,0,,
classic_revolution_8x5,RTLLM,Prob041_traffic_light,combinational,3,0d15d2ec-26be-4495-8aab-9d47630044fe,M-S,generation_log,0.420875090777,0.631312636166,124,0.000258,0,170,0.0324,0,0.270588235294,0.992037037037,0,,
classic_revolution_8x5,RTLLM,Prob041_traffic_light,combinational,4,3a11f182-04a9-46a7-96ca-4cdbb9ae8214,C-F,generation_log,0.420875090777,0.631312636166,124,0.000258,0,170,0.0324,0,0.270588235294,0.992037037037,0,,
classic_revolution_8x5,RTLLM,Prob041_traffic_light,combinational,4,60e318ba-33d7-4719-a1c1-56dc58add15c,M-I,generation_log,0.34591503268,0.51887254902,114,0.00945,0,170,0.0324,0,0.329411764706,0.708333333333,0,,
classic_revolution_8x5,RTLLM,Prob041_traffic_light,combinational,4,890f3588-0c49-4301-bff7-27fb33232122,M-E,generation_log,0.0938392641007,0.140758896151,151,0.0269,0,170,0.0324,0,0.111764705882,0.16975308642,0,,
classic_revolution_8x5,RTLLM,Prob041_traffic_light,combinational,4,0fbbb4a1-b5e8-47e4-9d8a-ed5e47300c6f,C-F,generation_log,0.308012587751,0.462018881627,121,0.0118,0,170,0.0324,0,0.288235294118,0.635802469136,0,,
classic_revolution_8x5,RTLLM,Prob041_traffic_light,combinational,4,f2b73330-23b7-4bac-aa73-5d9e584f0400,M-S,generation_log,0.364970951344,0.547456427015,151,0.000546,0,170,0.0324,0,0.111764705882,0.983148148148,0,,
classic_revolution_8x5,RTLLM,Prob041_traffic_light,combinational,4,fa9097fd-4c46-4e96-903e-88cc546b4ea6,M-E,generation_log,0.0715323166304,0.107298474946,165,0.0264,0,170,0.0324,0,0.0294117647059,0.185185185185,0,,
classic_revolution_8x5,RTLLM,Prob041_traffic_light,combinational,5,524ff828-3e4b-440b-8d4c-c01eb5f16ef2,C-F,generation_log,0.420875090777,0.631312636166,124,0.000258,0,170,0.0324,0,0.270588235294,0.992037037037,0,,
classic_revolution_8x5,RTLLM,Prob041_traffic_light,combinational,5,ab99d4c7-2c07-446f-beda-1e9a164a6153,M-R,generation_log,0.393053740015,0.589580610022,138,0.000294,0,170,0.0324,0,0.188235294118,0.990925925926,0,,
classic_revolution_8x5,RTLLM,Prob041_traffic_light,combinational,5,5c864b6b-a94f-44b3-a3f0-06751b53b72b,C-F,generation_log,0.160058097313,0.240087145969,123,0.0258,0,170,0.0324,0,0.276470588235,0.203703703704,0,,
classic_revolution_8x5,RTLLM,Prob045_alu,combinational,0,29ccad1b-10d7-4967-b09b-c91fbab649fe,initial,generation_log,0.384404034431,0.576606051646,1864,0.00103,0,2225,0.114,0,0.162247191011,0.990964912281,0,,
classic_revolution_8x5,RTLLM,Prob045_alu,combinational,0,8635989f-2669-44ea-a1be-b0d867939fce,initial,generation_log,0.373591891714,0.560387837571,1935,0.00109,0,2225,0.114,0,0.130337078652,0.990438596491,0,,
classic_revolution_8x5,RTLLM,Prob045_alu,combinational,0,8f81afa7-37e0-48c7-838f-916e5ccecde3,initial,generation_log,0.376617386162,0.564926079243,1915,0.00108,0,2225,0.114,0,0.139325842697,0.990526315789,0,,
classic_revolution_8x5,RTLLM,Prob045_alu,combinational,1,a2b68d78-81ec-41d8-882f-215ee8fb4ec0,M-I,generation_log,0.375864708588,0.563797062882,1921,0.00103,0,2225,0.114,0,0.136629213483,0.990964912281,0,,
classic_revolution_8x5,RTLLM,Prob045_alu,combinational,1,773212b6-7f08-4781-b76d-a81182157964,M-R,generation_log,0.353732505421,0.530598758131,2066,0.00117,0,2225,0.114,0,0.0714606741573,0.989736842105,0,,
classic_revolution_8x5,RTLLM,Prob045_alu,combinational,1,4820495f-a622-431f-86c8-8cab6099e751,C-F,generation_log,0.370113345161,0.555170017741,1959,0.00105,0,2225,0.114,0,0.119550561798,0.990789473684,0,,
classic_revolution_8x5,RTLLM,Prob045_alu,combinational,1,ccb5b02e-38f1-47e2-84e4-13c3269f7709,M-R,generation_log,0.378532098035,0.567798147053,1903,0.00104,0,2225,0.114,0,0.144719101124,0.990877192982,0,,
classic_revolution_8x5,RTLLM,Prob045_alu,combinational,1,e7abbc8a-bed9-487e-9de2-9d4130092b44,M-S,generation_log,0.380538143111,0.570807214666,1890,0.00102,0,2225,0.114,0,0.150561797753,0.991052631579,0,,
classic_revolution_8x5,RTLLM,Prob045_alu,combinational,2,6fe9c9b9-978d-4f3b-ab93-59ea51464395,M-E,generation_log,0.379310401472,0.568965602208,1898,0.00103,0,2225,0.114,0,0.146966292135,0.990964912281,0,,
classic_revolution_8x5,RTLLM,Prob045_alu,combinational,2,62756fba-3a7f-4b05-8140-f1908e947002,M-I,generation_log,0.380763979236,0.571145968855,1889,0.000994,0,2225,0.114,0,0.151011235955,0.991280701754,0,,
classic_revolution_8x5,RTLLM,Prob045_alu,combinational,2,4dd0da5a-4797-4bfa-83c5-b3540d385f05,M-E,generation_log,0.384254221697,0.576381332545,1865,0.00103,0,2225,0.114,0,0.161797752809,0.990964912281,0,,
classic_revolution_8x5,RTLLM,Prob045_alu,combinational,2,8f710d76-cd52-454c-962e-793e22a2a849,M-I,generation_log,0.390125468165,0.585188202247,1827,0.000969,0,2225,0.114,0,0.178876404494,0.9915,0,,
classic_revolution_8x5,RTLLM,Prob045_alu,combinational,2,24ff008f-3493-4008-96bb-b8122e104c08,M-E,generation_log,0.415413890532,0.623120835797,1659,0.000928,0,2225,0.114,0,0.254382022472,0.991859649123,0,,
classic_revolution_8x5,RTLLM,Prob045_alu,combinational,3,e47169b1-e1d0-42c3-815c-b5d372637388,M-R,generation_log,0.384083251199,0.576124876799,1867,0.000986,0,2225,0.114,0,0.160898876404,0.991350877193,0,,
classic_revolution_8x5,RTLLM,Prob045_alu,combinational,3,52e2c15b-d20f-488a-9c49-70953c18943d,M-S,generation_log,0.371790525002,0.557685787502,1948,0.00104,0,2225,0.114,0,0.124494382022,0.990877192982,0,,
classic_revolution_8x5,RTLLM,Prob045_alu,combinational,3,b3a0c754-2fba-4b0b-8494-4087191f9737,M-S,generation_log,0.384702969972,0.577054454958,1863,0.000979,0,2225,0.114,0,0.162696629213,0.991412280702,0,,
classic_revolution_8x5,RTLLM,Prob045_alu,combinational,3,b76aca44-3b5d-4f18-8a00-5db951d4d5eb,M-R,generation_log,0.386293120442,0.579439680662,1851,0.00105,0,2225,0.114,0,0.16808988764,0.990789473684,0,,
classic_revolution_8x5,RTLLM,Prob045_alu,combinational,3,32bf53b5-0363-4c61-828e-3e3317da354c,M-R,generation_log,0.380147184441,0.570220776661,1893,0.001,0,2225,0.114,0,0.149213483146,0.991228070175,0,,
classic_revolution_8x5,RTLLM,Prob045_alu,combinational,3,ce58a920-b70b-4f51-ba90-0b2a53c6776c,M-S,generation_log,0.389608778501,0.584413167751,1830,0.000992,0,2225,0.114,0,0.177528089888,0.991298245614,0,,
classic_revolution_8x5,RTLLM,Prob045_alu,combinational,3,ff3bd414-b6a0-40ff-b2aa-ceb3d9d48491,M-S,generation_log,0.378532098035,0.567798147053,1903,0.00104,0,2225,0.114,0,0.144719101124,0.990877192982,0,,
classic_revolution_8x5,RTLLM,Prob045_alu,combinational,3,f5c8d1aa-641f-4511-be34-79bd811f67ad,M-R,generation_log,0.38251494842,0.57377242263,1877,0.00101,0,2225,0.114,0,0.156404494382,0.991140350877,0,,
classic_revolution_8x5,RTLLM,Prob045_alu,combinational,4,0e92ac5d-a4da-4a68-8733-e22403e3fb7a,C-F,generation_log,0.386920921217,0.580381381825,1848,0.000989,0,2225,0.114,0,0.169438202247,0.991324561404,0,,
classic_revolution_8x5,RTLLM,Prob045_alu,combinational,4,5d82e0b6-96d0-48cb-b790-1e9b0fe73b82,C-F,generation_log,0.413043202576,0.619564803864,1675,0.000919,0,2225,0.114,0,0.247191011236,0.991938596491,0,,
classic_revolution_8x5,RTLLM,Prob045_alu,combinational,4,02a08fa1-e790-433a-bb2b-02517c2da7fc,M-E,generation_log,0.373698009068,0.560547013601,1938,0.0009,0,2225,0.114,0,0.128988764045,0.992105263158,0,,
classic_revolution_8x5,RTLLM,Prob045_alu,combinational,4,36dea8a9-1321-445a-82c2-a55d6ab15b05,M-R,generation_log,0.379697746238,0.569546619357,1896,0.001,0,2225,0.114,0,0.147865168539,0.991228070175,0,,
classic_revolution_8x5,RTLLM,Prob045_alu,combinational,4,9ed1b9f7-8f79-4160-b0d7-28179db261c7,C-F,generation_log,0.38960224062,0.58440336093,1831,0.000943,0,2225,0.114,0,0.177078651685,0.991728070175,0,,
classic_revolution_8x5,RTLLM,Prob045_alu,combinational,4,d2903b03-33d9-4e41-b759-9e464bce50f5,M-I,generation_log,0.399727413102,0.599591119653,1764,0.000913,0,2225,0.114,0,0.207191011236,0.99199122807,0,,
classic_revolution_8x5,RTLLM,Prob045_alu,combinational,4,6c9323c1-85eb-43c7-9de0-d9edf1d0a04a,C-F,generation_log,0.391030192523,0.586545288784,1821,0.000967,0,2225,0.114,0,0.181573033708,0.99151754386,0,,
classic_revolution_8x5,RTLLM,Prob045_alu,combinational,5,fec1bff1-ed2f-43c3-b97b-b0a466119ef3,C-F,generation_log,0.38716275708,0.58074413562,1845,0.00106,0,2225,0.114,0,0.170786516854,0.990701754386,0,,
classic_revolution_8x5,RTLLM,Prob045_alu,combinational,5,8794dc24-2d10-4233-960d-18ade924be04,M-S,generation_log,0.369514094224,0.554271141336,1963,0.00105,0,2225,0.114,0,0.117752808989,0.990789473684,0,,
classic_revolution_8x5,RTLLM,Prob045_alu,combinational,5,88bf23c6-1bb5-4f8f-a288-e9837e711e9c,M-S,generation_log,0.373288652342,0.559932978514,1938,0.00104,0,2225,0.114,0,0.128988764045,0.990877192982,0,,
classic_revolution_8x5,RTLLM,Prob045_alu,combinational,5,90d082de-13da-4c91-bc4d-ea9972b923fc,M-I,generation_log,0.373288652342,0.559932978514,1938,0.00104,0,2225,0.114,0,0.128988764045,0.990877192982,0,,
classic_revolution_8x5,RTLLM,Prob045_alu,combinational,5,055db26b-1876-428b-b221-b7d9977fdd14,C-F,generation_log,0.391116367698,0.586674551547,1819,0.00104,0,2225,0.114,0,0.182471910112,0.990877192982,0,,
classic_revolution_8x5,RTLLM,Prob045_alu,combinational,5,5e06853e-f27d-4b7b-9678-f942bde783a7,C-F,generation_log,0.36825711282,0.552385669229,1971,0.00107,0,2225,0.114,0,0.114157303371,0.990614035088,0,,
classic_revolution_8x5,RTLLM,Prob045_alu,combinational,5,d2ff32c2-2e77-4800-bfab-62a65a20273a,C-F,generation_log,0.391685688941,0.587528533412,1816,0.000999,0,2225,0.114,0,0.183820224719,0.991236842105,0,,
classic_revolution_8x5,RTLLM,Prob045_alu,combinational,5,6d0551dd-bc7f-4688-8651-b6e9ac6e5601,C-F,generation_log,0.378199618897,0.567299428346,1906,0.001,0,2225,0.114,0,0.143370786517,0.991228070175,0,,
classic_revolution_8x5,RTLLM,Prob049_signal_generator,sequential,0,e0f5f45c-43d9-44a8-9c4c-af583e035bbc,initial,generation_log,0.234774694403,0.234774694403,82,0.00252,0.38,94,0.00467,0.43,0.127659574468,0.460385438972,0.116279069767,,
classic_revolution_8x5,RTLLM,Prob049_signal_generator,sequential,0,7357ba0e-a987-43db-9d39-a79e20e01e31,initial,generation_log,0.234774694403,0.234774694403,82,0.00252,0.38,94,0.00467,0.43,0.127659574468,0.460385438972,0.116279069767,,
classic_revolution_8x5,RTLLM,Prob049_signal_generator,sequential,0,48275430-431e-49d2-a494-58f97d156607,initial,generation_log,0.234774694403,0.234774694403,82,0.00252,0.38,94,0.00467,0.43,0.127659574468,0.460385438972,0.116279069767,,
classic_revolution_8x5,RTLLM,Prob049_signal_generator,sequential,0,2b07a26c-1b8b-4de8-bdba-61a269226fe9,initial,generation_log,0.234774694403,0.234774694403,82,0.00252,0.38,94,0.00467,0.43,0.127659574468,0.460385438972,0.116279069767,,
classic_revolution_8x5,RTLLM,Prob049_signal_generator,sequential,0,183ae0e8-a211-41c8-acc4-b8b742128ab1,initial,generation_log,0.234774694403,0.234774694403,82,0.00252,0.38,94,0.00467,0.43,0.127659574468,0.460385438972,0.116279069767,,
classic_revolution_8x5,RTLLM,Prob049_signal_generator,sequential,0,b59be1b6-8b6c-4a6a-86bc-54884096ff02,initial,generation_log,0.234774694403,0.234774694403,82,0.00252,0.38,94,0.00467,0.43,0.127659574468,0.460385438972,0.116279069767,,
classic_revolution_8x5,RTLLM,Prob049_signal_generator,sequential,1,f340ccdd-990b-473f-b9e6-b774e81272a8,M-E,generation_log,0.259849383048,0.259849383048,54,0.00432,0.31,94,0.00467,0.43,0.425531914894,0.0749464668094,0.279069767442,,
classic_revolution_8x5,RTLLM,Prob049_signal_generator,sequential,1,16c12de8-2d44-4247-91e8-8ce33370ecc1,C-F,generation_log,0.234774694403,0.234774694403,82,0.00252,0.38,94,0.00467,0.43,0.127659574468,0.460385438972,0.116279069767,,
classic_revolution_8x5,RTLLM,Prob049_signal_generator,sequential,2,dce11e57-3861-4f33-a0cf-f70378ea705a,C-F,generation_log,0.234774694403,0.234774694403,82,0.00252,0.38,94,0.00467,0.43,0.127659574468,0.460385438972,0.116279069767,,
classic_revolution_8x5,RTLLM,Prob049_signal_generator,sequential,2,c2c790ff-0db3-43b7-9262-56a045b2faee,M-S,generation_log,0.234774694403,0.234774694403,82,0.00252,0.38,94,0.00467,0.43,0.127659574468,0.460385438972,0.116279069767,,
classic_revolution_8x5,RTLLM,Prob049_signal_generator,sequential,3,6f121abf-b02e-4ebf-b3ad-21d5679bc399,C-F,generation_log,0.263803228132,0.263803228132,76,0.00252,0.37,94,0.00467,0.43,0.191489361702,0.460385438972,0.139534883721,,
classic_revolution_8x5,RTLLM,Prob049_signal_generator,sequential,3,d024ffd2-7c64-4db7-b106-de95f7596ff5,C-F,generation_log,0.0474607979527,0.0474607979527,73,0.0057,0.37,94,0.00467,0.43,0.223404255319,-0.220556745182,0.139534883721,,
classic_revolution_8x5,RTLLM,Prob049_signal_generator,sequential,4,9776f3af-7844-4a44-96df-3363e8ffbf69,C-F,generation_log,0.234774694403,0.234774694403,82,0.00252,0.38,94,0.00467,0.43,0.127659574468,0.460385438972,0.116279069767,,
classic_revolution_8x5,RTLLM,Prob049_signal_generator,sequential,4,c2b6cd25-4e41-4016-a936-36697d1b795e,M-E,generation_log,0.259849383048,0.259849383048,54,0.00432,0.31,94,0.00467,0.43,0.425531914894,0.0749464668094,0.279069767442,,
classic_revolution_8x5,RTLLM,Prob049_signal_generator,sequential,4,5069ed15-9c57-47f8-b519-a4f53a045971,M-E,generation_log,0.259849383048,0.259849383048,54,0.00432,0.31,94,0.00467,0.43,0.425531914894,0.0749464668094,0.279069767442,,
classic_revolution_8x5,RTLLM,Prob049_signal_generator,sequential,5,bb6d7d87-a0a5-46f6-8e8b-6fe9b157fac2,M-S,generation_log,0.207437714137,0.207437714137,77,0.00326,0.37,94,0.00467,0.43,0.18085106383,0.301927194861,0.139534883721,,
classic_revolution_8x5,VerilogEval-Spec-to-RTL,Prob116_m2014_q3,combinational,0,e581a4ab-ee8e-4582-8ec4-b8b3ea752d9b,initial,generation_log,0.396908462867,0.595362694301,4,1.79e-06,0,5,0.000193,0,0.2,0.990725388601,0,,
classic_revolution_8x5,VerilogEval-Spec-to-RTL,Prob116_m2014_q3,combinational,0,5963ae67-3eef-41ae-a81d-827a3d3adfa0,initial,generation_log,0.330535405872,0.495803108808,5,1.62e-06,0,5,0.000193,0,0,0.991606217617,0,,
classic_revolution_8x5,VerilogEval-Spec-to-RTL,Prob116_m2014_q3,combinational,0,18facc69-1e69-4b8b-b2ac-d3772e3012d1,initial,generation_log,0.397184801382,0.595777202073,4,1.63e-06,0,5,0.000193,0,0.2,0.991554404145,0,,
classic_revolution_8x5,VerilogEval-Spec-to-RTL,Prob116_m2014_q3,combinational,1,83c5fa80-5ef1-46d4-b6b2-ecb1a2351705,M-F,generation_log,0.464369602763,0.696554404145,3,1.33e-06,0,5,0.000193,0,0.4,0.99310880829,0,,
classic_revolution_8x5,VerilogEval-Spec-to-RTL,Prob116_m2014_q3,combinational,1,b13490d4-57aa-48ce-8b7d-9314ae22dee4,M-I,generation_log,0.396908462867,0.595362694301,4,1.79e-06,0,5,0.000193,0,0.2,0.990725388601,0,,
classic_revolution_8x5,VerilogEval-Spec-to-RTL,Prob116_m2014_q3,combinational,1,c6ab0872-f7b7-4026-ad07-c7f6496134e0,M-S,generation_log,0.396908462867,0.595362694301,4,1.79e-06,0,5,0.000193,0,0.2,0.990725388601,0,,
classic_revolution_8x5,VerilogEval-Spec-to-RTL,Prob116_m2014_q3,combinational,1,f9ad1d33-1b48-487b-9953-f4c459377cd6,M-R,generation_log,0.397184801382,0.595777202073,4,1.63e-06,0,5,0.000193,0,0.2,0.991554404145,0,,
classic_revolution_8x5,VerilogEval-Spec-to-RTL,Prob116_m2014_q3,combinational,2,d0c2a817-1f3f-48d0-9dcf-6e1968566b64,M-F,generation_log,0.465352331606,0.698028497409,3,7.61e-07,0,5,0.000193,0,0.4,0.996056994819,0,,
classic_revolution_8x5,VerilogEval-Spec-to-RTL,Prob116_m2014_q3,combinational,2,63c9c15e-077d-4b72-ad00-64c1360da0fc,C-F,generation_log,0.396908462867,0.595362694301,4,1.79e-06,0,5,0.000193,0,0.2,0.990725388601,0,,
classic_revolution_8x5,VerilogEval-Spec-to-RTL,Prob116_m2014_q3,combinational,2,6ac113eb-7a8c-4891-b48a-306d65f50dfe,M-E,generation_log,0.396908462867,0.595362694301,4,1.79e-06,0,5,0.000193,0,0.2,0.990725388601,0,,
classic_revolution_8x5,VerilogEval-Spec-to-RTL,Prob116_m2014_q3,combinational,2,10768610-48b2-465a-9f81-ded29318330a,C-F,generation_log,0.396908462867,0.595362694301,4,1.79e-06,0,5,0.000193,0,0.2,0.990725388601,0,,
classic_revolution_8x5,VerilogEval-Spec-to-RTL,Prob116_m2014_q3,combinational,2,7954fae9-1048-427b-a93d-cc609cc36ebb,C-F,generation_log,0.396908462867,0.595362694301,4,1.79e-06,0,5,0.000193,0,0.2,0.990725388601,0,,
classic_revolution_8x5,VerilogEval-Spec-to-RTL,Prob116_m2014_q3,combinational,2,dec61105-a70b-4b05-b9f8-d84c6d0d2dc6,C-F,generation_log,0.464369602763,0.696554404145,3,1.33e-06,0,5,0.000193,0,0.4,0.99310880829,0,,
classic_revolution_8x5,VerilogEval-Spec-to-RTL,Prob116_m2014_q3,combinational,2,47a6b5de-6499-448a-b653-749fc233c3a4,C-F,generation_log,0.396908462867,0.595362694301,4,1.79e-06,0,5,0.000193,0,0.2,0.990725388601,0,,
classic_revolution_8x5,VerilogEval-Spec-to-RTL,Prob116_m2014_q3,combinational,2,c11d6ab9-a4d1-48b2-939c-f4e933df38b7,C-F,generation_log,0.464369602763,0.696554404145,3,1.33e-06,0,5,0.000193,0,0.4,0.99310880829,0,,
classic_revolution_8x5,VerilogEval-Spec-to-RTL,Prob116_m2014_q3,combinational,3,e3026518-5869-4876-b156-f1562354f4af,M-E,generation_log,0.464404145078,0.696606217617,3,1.31e-06,0,5,0.000193,0,0.4,0.993212435233,0,,
classic_revolution_8x5,VerilogEval-Spec-to-RTL,Prob116_m2014_q3,combinational,3,edfddab7-b883-4015-8717-d1049c905104,M-S,generation_log,0.464369602763,0.696554404145,3,1.33e-06,0,5,0.000193,0,0.4,0.99310880829,0,,
classic_revolution_8x5,VerilogEval-Spec-to-RTL,Prob116_m2014_q3,combinational,3,99964e42-27bb-4fd8-9453-289af2372222,M-R,generation_log,0.464369602763,0.696554404145,3,1.33e-06,0,5,0.000193,0,0.4,0.99310880829,0,,
classic_revolution_8x5,VerilogEval-Spec-to-RTL,Prob116_m2014_q3,combinational,3,ff3d15be-fed1-420a-a3f2-a9188f794bf5,M-E,generation_log,0.396908462867,0.595362694301,4,1.79e-06,0,5,0.000193,0,0.2,0.990725388601,0,,
classic_revolution_8x5,VerilogEval-Spec-to-RTL,Prob116_m2014_q3,combinational,3,d00f46b6-4c1e-4241-af01-a86596dfccde,M-R,generation_log,0.396908462867,0.595362694301,4,1.79e-06,0,5,0.000193,0,0.2,0.990725388601,0,,
classic_revolution_8x5,VerilogEval-Spec-to-RTL,Prob116_m2014_q3,combinational,3,77dcdee5-2e5c-4f5c-91bd-97f3eb195ed0,M-R,generation_log,0.465352331606,0.698028497409,3,7.61e-07,0,5,0.000193,0,0.4,0.996056994819,0,,
classic_revolution_8x5,VerilogEval-Spec-to-RTL,Prob116_m2014_q3,combinational,4,dbc92daf-3b54-4dd7-ac8e-eb4eca44e8d3,M-I,generation_log,0.465352331606,0.698028497409,3,7.61e-07,0,5,0.000193,0,0.4,0.996056994819,0,,
classic_revolution_8x5,VerilogEval-Spec-to-RTL,Prob116_m2014_q3,combinational,4,a75a5215-7880-476e-a080-881e3495cf3b,M-R,generation_log,0.465352331606,0.698028497409,3,7.61e-07,0,5,0.000193,0,0.4,0.996056994819,0,,
classic_revolution_8x5,VerilogEval-Spec-to-RTL,Prob116_m2014_q3,combinational,4,4c5fbf43-c98a-45d0-ae01-8546ec949b2f,M-R,generation_log,0.465352331606,0.698028497409,3,7.61e-07,0,5,0.000193,0,0.4,0.996056994819,0,,
classic_revolution_8x5,VerilogEval-Spec-to-RTL,Prob116_m2014_q3,combinational,5,6651e006-4428-4af0-8a87-47124adee267,C-F,generation_log,0.465352331606,0.698028497409,3,7.61e-07,0,5,0.000193,0,0.4,0.996056994819,0,,
classic_revolution_8x5,VerilogEval-Spec-to-RTL,Prob116_m2014_q3,combinational,5,a454f604-1179-4243-ae0f-564252f71bf4,C-F,generation_log,0.465352331606,0.698028497409,3,7.61e-07,0,5,0.000193,0,0.4,0.996056994819,0,,
classic_revolution_8x5,VerilogEval-Spec-to-RTL,Prob116_m2014_q3,combinational,5,3ee9136f-dbfa-4b26-9adc-3ec02f121d6d,M-S,generation_log,0.465352331606,0.698028497409,3,7.61e-07,0,5,0.000193,0,0.4,0.996056994819,0,,
classic_revolution_8x5,VerilogEval-Spec-to-RTL,Prob116_m2014_q3,combinational,5,c33f3516-c84e-4ab2-a302-9e96994d6af5,M-R,generation_log,0.465352331606,0.698028497409,3,7.61e-07,0,5,0.000193,0,0.4,0.996056994819,0,,
classic_revolution_8x5,VerilogEval-Spec-to-RTL,Prob116_m2014_q3,combinational,5,329b51d3-4c91-4f82-823f-750e7262532a,M-S,generation_log,0.465352331606,0.698028497409,3,7.61e-07,0,5,0.000193,0,0.4,0.996056994819,0,,
classic_revolution_8x5,VerilogEval-Spec-to-RTL,Prob116_m2014_q3,combinational,5,c9f8e216-192c-498e-83cf-423912b55ee8,M-S,generation_log,0.465352331606,0.698028497409,3,7.61e-07,0,5,0.000193,0,0.4,0.996056994819,0,,
classic_revolution_8x5,VerilogEval-Spec-to-RTL,Prob116_m2014_q3,combinational,5,4164b9c4-6b82-4439-b0aa-fd163862eaa5,M-S,generation_log,0.465352331606,0.698028497409,3,7.61e-07,0,5,0.000193,0,0.4,0.996056994819,0,,
classic_revolution_8x5,VerilogEval-Spec-to-RTL,Prob135_m2014_q6b,combinational,0,f32b0f5f-797f-441d-8043-c499188e436e,initial,generation_log,0.196143497758,0.294215246637,7,2.58e-06,0,5,0.000223,0,-0.4,0.988430493274,0,,
classic_revolution_8x5,VerilogEval-Spec-to-RTL,Prob135_m2014_q6b,combinational,0,b76c7825-4891-4107-b6dd-1ea18b0c0972,initial,generation_log,0.196143497758,0.294215246637,7,2.58e-06,0,5,0.000223,0,-0.4,0.988430493274,0,,
classic_revolution_8x5,VerilogEval-Spec-to-RTL,Prob135_m2014_q6b,combinational,0,e7f9f9bd-2707-4fc3-af37-ebf132fb6682,initial,generation_log,0.196143497758,0.294215246637,7,2.58e-06,0,5,0.000223,0,-0.4,0.988430493274,0,,
classic_revolution_8x5,VerilogEval-Spec-to-RTL,Prob135_m2014_q6b,combinational,1,ddf68436-bf2d-4b92-8d27-58051ed5fffd,M-E,generation_log,0.196143497758,0.294215246637,7,2.58e-06,0,5,0.000223,0,-0.4,0.988430493274,0,,
classic_revolution_8x5,VerilogEval-Spec-to-RTL,Prob135_m2014_q6b,combinational,1,5ff4bc89-85d5-48be-9a93-ac56aa92096f,M-S,generation_log,0.196143497758,0.294215246637,7,2.58e-06,0,5,0.000223,0,-0.4,0.988430493274,0,,
classic_revolution_8x5,VerilogEval-Spec-to-RTL,Prob135_m2014_q6b,combinational,1,beff10ee-0651-4d47-9407-5371545fc070,M-F,generation_log,0.263617339312,0.395426008969,6,2.04e-06,0,5,0.000223,0,-0.2,0.990852017937,0,,
classic_revolution_8x5,VerilogEval-Spec-to-RTL,Prob135_m2014_q6b,combinational,1,e5d02fe2-4819-4d3a-becb-a3dcbf2952ef,M-R,generation_log,0.196143497758,0.294215246637,7,2.58e-06,0,5,0.000223,0,-0.4,0.988430493274,0,,
classic_revolution_8x5,VerilogEval-Spec-to-RTL,Prob135_m2014_q6b,combinational,1,9619b30d-0c9f-4e92-8e8d-72871c0eddb3,M-I,generation_log,0.196143497758,0.294215246637,7,2.58e-06,0,5,0.000223,0,-0.4,0.988430493274,0,,
classic_revolution_8x5,VerilogEval-Spec-to-RTL,Prob135_m2014_q6b,combinational,1,a11e3bf4-c92b-468b-8143-343650ff016d,M-E,generation_log,0.26312406577,0.394686098655,6,2.37e-06,0,5,0.000223,0,-0.2,0.989372197309,0,,
classic_revolution_8x5,VerilogEval-Spec-to-RTL,Prob135_m2014_q6b,combinational,1,c5945933-7443-42e4-aad8-571eee461244,M-R,generation_log,0.196143497758,0.294215246637,7,2.58e-06,0,5,0.000223,0,-0.4,0.988430493274,0,,
classic_revolution_8x5,VerilogEval-Spec-to-RTL,Prob135_m2014_q6b,combinational,2,b799b9c4-8e57-47ad-90bd-ef893c3a74ea,M-I,generation_log,0.196143497758,0.294215246637,7,2.58e-06,0,5,0.000223,0,-0.4,0.988430493274,0,,
classic_revolution_8x5,VerilogEval-Spec-to-RTL,Prob135_m2014_q6b,combinational,2,f7fcf90b-5829-498b-b642-1b0a620e2e29,C-F,generation_log,0.196143497758,0.294215246637,7,2.58e-06,0,5,0.000223,0,-0.4,0.988430493274,0,,
classic_revolution_8x5,VerilogEval-Spec-to-RTL,Prob135_m2014_q6b,combinational,2,77c0d609-2912-4b70-87f4-ea955c639bae,C-F,generation_log,0.196143497758,0.294215246637,7,2.58e-06,0,5,0.000223,0,-0.4,0.988430493274,0,,
classic_revolution_8x5,VerilogEval-Spec-to-RTL,Prob135_m2014_q6b,combinational,2,315cadb4-416b-4a36-9055-f77aea64f339,M-I,generation_log,0.263617339312,0.395426008969,6,2.04e-06,0,5,0.000223,0,-0.2,0.990852017937,0,,
classic_revolution_8x5,VerilogEval-Spec-to-RTL,Prob135_m2014_q6b,combinational,2,e756c2fc-68ae-4b37-be7d-b4c50013ff38,M-I,generation_log,0.263617339312,0.395426008969,6,2.04e-06,0,5,0.000223,0,-0.2,0.990852017937,0,,
classic_revolution_8x5,VerilogEval-Spec-to-RTL,Prob135_m2014_q6b,combinational,2,76f7605a-1184-468f-8f0b-e468c0748293,C-F,generation_log,0.331046337818,0.496569506726,5,1.53e-06,0,5,0.000223,0,0,0.993139013453,0,,
classic_revolution_8x5,VerilogEval-Spec-to-RTL,Prob135_m2014_q6b,combinational,2,6c4f6e7b-dea8-443f-a31f-fcc44ee14610,M-I,generation_log,0.196143497758,0.294215246637,7,2.58e-06,0,5,0.000223,0,-0.4,0.988430493274,0,,
classic_revolution_8x5,VerilogEval-Spec-to-RTL,Prob135_m2014_q6b,combinational,2,9650e766-19af-43d2-8a14-65bfac6646a4,C-F,generation_log,0.196143497758,0.294215246637,7,2.58e-06,0,5,0.000223,0,-0.4,0.988430493274,0,,
classic_revolution_8x5,VerilogEval-Spec-to-RTL,Prob135_m2014_q6b,combinational,3,0eadc1e3-a860-4f96-a1ae-7dbdfc473a96,M-E,generation_log,0.26312406577,0.394686098655,6,2.37e-06,0,5,0.000223,0,-0.2,0.989372197309,0,,
classic_revolution_8x5,VerilogEval-Spec-to-RTL,Prob135_m2014_q6b,combinational,3,fae2183d-a38e-4476-82a1-c76179f07347,M-I,generation_log,0.263617339312,0.395426008969,6,2.04e-06,0,5,0.000223,0,-0.2,0.990852017937,0,,
classic_revolution_8x5,VerilogEval-Spec-to-RTL,Prob135_m2014_q6b,combinational,3,27dac796-8c66-4259-b433-fc7b017cd8a5,M-E,generation_log,0.26312406577,0.394686098655,6,2.37e-06,0,5,0.000223,0,-0.2,0.989372197309,0,,
classic_revolution_8x5,VerilogEval-Spec-to-RTL,Prob135_m2014_q6b,combinational,3,01fa1980-999b-4e13-ba02-2e0cb98c45a2,M-E,generation_log,0.263617339312,0.395426008969,6,2.04e-06,0,5,0.000223,0,-0.2,0.990852017937,0,,
classic_revolution_8x5,VerilogEval-Spec-to-RTL,Prob135_m2014_q6b,combinational,3,705a4db2-927d-4176-b6e7-7b8978c103d7,M-R,generation_log,0.26312406577,0.394686098655,6,2.37e-06,0,5,0.000223,0,-0.2,0.989372197309,0,,
classic_revolution_8x5,VerilogEval-Spec-to-RTL,Prob135_m2014_q6b,combinational,3,777c17da-a3ba-44d2-ade0-71fcce828c16,M-E,generation_log,0.26312406577,0.394686098655,6,2.37e-06,0,5,0.000223,0,-0.2,0.989372197309,0,,
classic_revolution_8x5,VerilogEval-Spec-to-RTL,Prob135_m2014_q6b,combinational,3,ccbfd35e-4b61-470b-af00-ad1ae5bdeaac,M-E,generation_log,0.26312406577,0.394686098655,6,2.37e-06,0,5,0.000223,0,-0.2,0.989372197309,0,,
classic_revolution_8x5,VerilogEval-Spec-to-RTL,Prob135_m2014_q6b,combinational,3,a4d8a421-1d60-48d8-9308-895874748f1a,M-R,generation_log,0.196143497758,0.294215246637,7,2.58e-06,0,5,0.000223,0,-0.4,0.988430493274,0,,
classic_revolution_8x5,VerilogEval-Spec-to-RTL,Prob135_m2014_q6b,combinational,4,82824b3e-f56d-4874-9f7e-b96ebc02a8e6,M-S,generation_log,0.196143497758,0.294215246637,7,2.58e-06,0,5,0.000223,0,-0.4,0.988430493274,0,,
classic_revolution_8x5,VerilogEval-Spec-to-RTL,Prob135_m2014_q6b,combinational,4,b7df6828-775b-4ca6-9188-f89469734ce9,C-F,generation_log,0.263617339312,0.395426008969,6,2.04e-06,0,5,0.000223,0,-0.2,0.990852017937,0,,
classic_revolution_8x5,VerilogEval-Spec-to-RTL,Prob135_m2014_q6b,combinational,4,b7ade635-655f-4e7e-8f4e-9cc8656619c1,C-F,generation_log,0.196143497758,0.294215246637,7,2.58e-06,0,5,0.000223,0,-0.4,0.988430493274,0,,
classic_revolution_8x5,VerilogEval-Spec-to-RTL,Prob135_m2014_q6b,combinational,4,c3903172-3ada-4993-9154-7b05f54b0e2b,M-I,generation_log,0.196143497758,0.294215246637,7,2.58e-06,0,5,0.000223,0,-0.4,0.988430493274,0,,
classic_revolution_8x5,VerilogEval-Spec-to-RTL,Prob135_m2014_q6b,combinational,4,7b15b37d-9bfe-4595-bdc9-93bd726968b6,M-I,generation_log,0.263617339312,0.395426008969,6,2.04e-06,0,5,0.000223,0,-0.2,0.990852017937,0,,
classic_revolution_8x5,VerilogEval-Spec-to-RTL,Prob135_m2014_q6b,combinational,4,69b04af7-14de-4b77-8141-44eb2088d7f8,C-F,generation_log,0.196143497758,0.294215246637,7,2.58e-06,0,5,0.000223,0,-0.4,0.988430493274,0,,
classic_revolution_8x5,VerilogEval-Spec-to-RTL,Prob135_m2014_q6b,combinational,4,4035585f-c6e7-46a4-a7c4-06beb190310c,M-S,generation_log,0.196143497758,0.294215246637,7,2.58e-06,0,5,0.000223,0,-0.4,0.988430493274,0,,
classic_revolution_8x5,VerilogEval-Spec-to-RTL,Prob135_m2014_q6b,combinational,4,46ed9f6b-50af-4f95-b887-354b97e42ef1,M-R,generation_log,0.196143497758,0.294215246637,7,2.58e-06,0,5,0.000223,0,-0.4,0.988430493274,0,,
classic_revolution_8x5,VerilogEval-Spec-to-RTL,Prob135_m2014_q6b,combinational,5,064096c8-ee7e-4b66-8f2c-f5628ad6355b,M-R,generation_log,0.263617339312,0.395426008969,6,2.04e-06,0,5,0.000223,0,-0.2,0.990852017937,0,,
classic_revolution_8x5,VerilogEval-Spec-to-RTL,Prob135_m2014_q6b,combinational,5,70f507ba-9ea9-4623-8641-8e5d3d14b6d3,M-R,generation_log,0.196143497758,0.294215246637,7,2.58e-06,0,5,0.000223,0,-0.4,0.988430493274,0,,
classic_revolution_8x5,VerilogEval-Spec-to-RTL,Prob135_m2014_q6b,combinational,5,d7c12195-66bd-4607-8291-599d3ed5ad27,M-R,generation_log,0.196143497758,0.294215246637,7,2.58e-06,0,5,0.000223,0,-0.4,0.988430493274,0,,
classic_revolution_8x5,VerilogEval-Spec-to-RTL,Prob135_m2014_q6b,combinational,5,8909b564-1184-4471-b40f-68a05242b40d,M-R,generation_log,0.196143497758,0.294215246637,7,2.58e-06,0,5,0.000223,0,-0.4,0.988430493274,0,,
classic_revolution_8x5,VerilogEval-Spec-to-RTL,Prob135_m2014_q6b,combinational,5,d9cc10db-20a7-4340-b41f-88de20487943,M-S,generation_log,0.331046337818,0.496569506726,5,1.53e-06,0,5,0.000223,0,0,0.993139013453,0,,
classic_revolution_8x5,VerilogEval-Spec-to-RTL,Prob135_m2014_q6b,combinational,5,6864b9ed-7093-4a37-8743-5f026e9378a7,M-I,generation_log,0.263617339312,0.395426008969,6,2.04e-06,0,5,0.000223,0,-0.2,0.990852017937,0,,
classic_revolution_8x5,VerilogEval-Spec-to-RTL,Prob135_m2014_q6b,combinational,5,2002bfc4-46ab-488e-8a2a-6dc9193f6bee,M-S,generation_log,0.196143497758,0.294215246637,7,2.58e-06,0,5,0.000223,0,-0.4,0.988430493274,0,,
classic_revolution_8x5,VerilogEval-Spec-to-RTL,Prob153_gshare,sequential,0,8b092328-e7c4-429c-a1df-5e56c611b933,initial,generation_log,-0.0196682027262,-0.0196682027262,2935,0.435,0.82,3025,0.437,0.75,0.0297520661157,0.0045766590389,-0.0933333333333,,
classic_revolution_8x5,VerilogEval-Spec-to-RTL,Prob153_gshare,sequential,0,009b38bf-7615-4b22-8d92-fd9b644f268d,initial,generation_log,0.0336981632426,0.0336981632426,2876,0.426,0.73,3025,0.437,0.75,0.0492561983471,0.025171624714,0.0266666666667,,
classic_revolution_8x5,VerilogEval-Spec-to-RTL,Prob153_gshare,sequential,1,8984032d-438c-46ed-ba67-f3ed4a75d5c4,M-E,generation_log,0.123061696642,0.123061696642,2753,0.28,0.81,3025,0.437,0.75,0.0899173553719,0.359267734554,-0.08,,
classic_revolution_8x5,VerilogEval-Spec-to-RTL,Prob153_gshare,sequential,1,c0ef2604-e8b5-4e64-af13-576551f5d7b4,M-S,generation_log,-0.0177361717865,-0.0177361717865,3080,0.429,0.79,3025,0.437,0.75,-0.0181818181818,0.0183066361556,-0.0533333333333,,
classic_revolution_8x5,VerilogEval-Spec-to-RTL,Prob153_gshare,sequential,2,57d4fcca-2b28-4cba-8fa1-ed5b241001f1,C-F,generation_log,-0.0454299600961,-0.0454299600961,3074,0.472,0.78,3025,0.437,0.75,-0.0161983471074,-0.0800915331808,-0.04,,
classic_revolution_8x5,VerilogEval-Spec-to-RTL,Prob153_gshare,sequential,2,a41a1305-177e-4ccd-bbd7-0318776b3a34,M-R,generation_log,-0.0578227458693,-0.0578227458693,3089,0.556,0.66,3025,0.437,0.75,-0.0211570247934,-0.272311212815,0.12,,
classic_revolution_8x5,VerilogEval-Spec-to-RTL,Prob153_gshare,sequential,3,5ac6574d-9851-469b-aa9c-1118754e54c1,M-R,generation_log,0.0341914674097,0.0341914674097,3115,0.385,0.74,3025,0.437,0.75,-0.0297520661157,0.118993135011,0.0133333333333,,
classic_revolution_8x5,VerilogEval-Spec-to-RTL,Prob153_gshare,sequential,3,4d696a16-25e2-4813-a8cd-a4387803d64a,M-E,generation_log,0.0323844225488,0.0323844225488,3002,0.427,0.7,3025,0.437,0.75,0.00760330578512,0.0228832951945,0.0666666666667,,
classic_revolution_8x5,VerilogEval-Spec-to-RTL,Prob153_gshare,sequential,3,6a4fe970-772f-4778-babb-8966bba98c86,M-S,generation_log,0.11071656864,0.11071656864,2754,0.331,0.75,3025,0.437,0.75,0.0895867768595,0.242562929062,0,,
classic_revolution_8x5,VerilogEval-Spec-to-RTL,Prob153_gshare,sequential,4,0e879240-c200-4a89-9952-95a5ac3f567b,C-F,generation_log,0.135602919144,0.135602919144,2790,0.299,0.74,3025,0.437,0.75,0.0776859504132,0.315789473684,0.0133333333333,,
classic_revolution_8x5,VerilogEval-Spec-to-RTL,Prob153_gshare,sequential,4,1d1040cd-1817-4365-ae71-c7ba48600af8,C-F,generation_log,0.0341914674097,0.0341914674097,3115,0.385,0.74,3025,0.437,0.75,-0.0297520661157,0.118993135011,0.0133333333333,,
classic_revolution_8x5,VerilogEval-Spec-to-RTL,Prob153_gshare,sequential,4,8a8c25c7-07ad-4025-b026-b073097bedd2,M-E,generation_log,-0.058736228522,-0.058736228522,3199,0.518,0.7,3025,0.437,0.75,-0.057520661157,-0.185354691076,0.0666666666667,,
classic_revolution_8x5,VerilogEval-Spec-to-RTL,Prob153_gshare,sequential,5,9db69775-41c4-466e-92b8-7e37a3efad35,M-S,generation_log,-0.0177361717865,-0.0177361717865,3080,0.429,0.79,3025,0.437,0.75,-0.0181818181818,0.0183066361556,-0.0533333333333,,
smooth_qd_v2_8x5,RTLLM,Prob015_multi_pipe_8bit,sequential,0,35ae8de0-dd82-4b36-8751-021a4097ff41,initial,generation_log,-0.0759603683942,-0.0759603683942,708,0.11,1.05,980,0.0898,0.82,0.277551020408,-0.224944320713,-0.280487804878,/workspace/exp/natural_qd_push/p0_v2_anchor_20260703_041511_UTC/live/smooth_qd_v2_8x5/seed_1001/openai_gpt-oss-120b/RTLLM/Prob015_multi_pipe_8bit/Gen0/Prob015_multi_pipe_8bit_sample1_initial,
smooth_qd_v2_8x5,RTLLM,Prob015_multi_pipe_8bit,sequential,0,f3ef0687-fee9-473c-8f41-0e5d0e1ed354,initial,generation_log,-0.0866131916398,-0.0866131916398,811,0.133,0.78,980,0.0898,0.82,0.172448979592,-0.481069042316,0.0487804878049,/workspace/exp/natural_qd_push/p0_v2_anchor_20260703_041511_UTC/live/smooth_qd_v2_8x5/seed_1001/openai_gpt-oss-120b/RTLLM/Prob015_multi_pipe_8bit/Gen0/Prob015_multi_pipe_8bit_sample2_initial,
smooth_qd_v2_8x5,RTLLM,Prob015_multi_pipe_8bit,sequential,0,36e096c8-f37f-4dde-9783-f291e86da76f,initial,generation_log,0.0227359029874,0.0227359029874,623,0.0912,1.05,980,0.0898,0.82,0.364285714286,-0.0155902004454,-0.280487804878,/workspace/exp/natural_qd_push/p0_v2_anchor_20260703_041511_UTC/live/smooth_qd_v2_8x5/seed_1001/openai_gpt-oss-120b/RTLLM/Prob015_multi_pipe_8bit/Gen0/Prob015_multi_pipe_8bit_sample5_initial,
smooth_qd_v2_8x5,RTLLM,Prob015_multi_pipe_8bit,sequential,0,11113e68-8e8e-457c-8f14-bfa5c3f1e1ba,initial,generation_log,-0.0648245109332,-0.0648245109332,708,0.107,1.05,980,0.0898,0.82,0.277551020408,-0.19153674833,-0.280487804878,/workspace/exp/natural_qd_push/p0_v2_anchor_20260703_041511_UTC/live/smooth_qd_v2_8x5/seed_1001/openai_gpt-oss-120b/RTLLM/Prob015_multi_pipe_8bit/Gen0/Prob015_multi_pipe_8bit_sample7_initial,
smooth_qd_v2_8x5,RTLLM,Prob015_multi_pipe_8bit,sequential,0,07b1601a-3034-4946-ac4a-cc927e4e9147,initial,generation_log,-0.0759603683942,-0.0759603683942,708,0.11,1.05,980,0.0898,0.82,0.277551020408,-0.224944320713,-0.280487804878,/workspace/exp/natural_qd_push/p0_v2_anchor_20260703_041511_UTC/live/smooth_qd_v2_8x5/seed_1001/openai_gpt-oss-120b/RTLLM/Prob015_multi_pipe_8bit/Gen0/Prob015_multi_pipe_8bit_sample8_initial,
smooth_qd_v2_8x5,RTLLM,Prob015_multi_pipe_8bit,sequential,1,02db1843-5933-4866-9ab0-e75b73e82979,M-R,generation_log,-0.00173539783668,-0.00173539783668,716,0.0827,1.11,980,0.0898,0.82,0.269387755102,0.0790645879733,-0.353658536585,/workspace/exp/natural_qd_push/p0_v2_anchor_20260703_041511_UTC/live/smooth_qd_v2_8x5/seed_1001/openai_gpt-oss-120b/RTLLM/Prob015_multi_pipe_8bit/Gen1/Prob015_multi_pipe_8bit_sample4_M-R,
smooth_qd_v2_8x5,RTLLM,Prob015_multi_pipe_8bit,sequential,1,a338d902-3543-4ae7-97f1-4dee545b8e69,M-I,generation_log,-0.223610641497,-0.223610641497,1062,0.171,0.56,980,0.0898,0.82,-0.0836734693878,-0.904231625835,0.317073170732,/workspace/exp/natural_qd_push/p0_v2_anchor_20260703_041511_UTC/live/smooth_qd_v2_8x5/seed_1001/openai_gpt-oss-120b/RTLLM/Prob015_multi_pipe_8bit/Gen1/Prob015_multi_pipe_8bit_sample5_M-I,
smooth_qd_v2_8x5,RTLLM,Prob015_multi_pipe_8bit,sequential,1,9e16f81c-b94d-4714-8740-88f3d91f121a,M-E,generation_log,-0.575901686657,-0.575901686657,1364,0.201,0.9,980,0.0898,0.82,-0.391836734694,-1.23830734967,-0.0975609756098,/workspace/exp/natural_qd_push/p0_v2_anchor_20260703_041511_UTC/live/smooth_qd_v2_8x5/seed_1001/openai_gpt-oss-120b/RTLLM/Prob015_multi_pipe_8bit/Gen1/Prob015_multi_pipe_8bit_sample7_M-E,
smooth_qd_v2_8x5,RTLLM,Prob015_multi_pipe_8bit,sequential,2,4a59789e-8f89-4f18-baf0-1141b8a852fe,M-S,generation_log,-0.0340234904326,-0.0340234904326,685,0.103,1.03,980,0.0898,0.82,0.301020408163,-0.146993318486,-0.256097560976,/workspace/exp/natural_qd_push/p0_v2_anchor_20260703_041511_UTC/live/smooth_qd_v2_8x5/seed_1001/openai_gpt-oss-120b/RTLLM/Prob015_multi_pipe_8bit/Gen2/Prob015_multi_pipe_8bit_sample4_M-S,
smooth_qd_v2_8x5,RTLLM,Prob015_multi_pipe_8bit,sequential,2,42a28255-e02e-43e3-983d-b0d29fb16027,C-F,generation_log,0.0267395458373,0.0267395458373,800,0.0969,0.84,980,0.0898,0.82,0.183673469388,-0.0790645879733,-0.0243902439024,/workspace/exp/natural_qd_push/p0_v2_anchor_20260703_041511_UTC/live/smooth_qd_v2_8x5/seed_1001/openai_gpt-oss-120b/RTLLM/Prob015_multi_pipe_8bit/Gen2/Prob015_multi_pipe_8bit_sample5_C-F,
smooth_qd_v2_8x5,RTLLM,Prob015_multi_pipe_8bit,sequential,2,aad04a43-fa49-4869-a354-aa2369abcdf7,C-F,generation_log,-0.0218164325864,-0.0218164325864,911,0.102,0.82,980,0.0898,0.82,0.0704081632653,-0.135857461024,0,/workspace/exp/natural_qd_push/p0_v2_anchor_20260703_041511_UTC/live/smooth_qd_v2_8x5/seed_1001/openai_gpt-oss-120b/RTLLM/Prob015_multi_pipe_8bit/Gen2/Prob015_multi_pipe_8bit_sample6_C-F,
smooth_qd_v2_8x5,RTLLM,Prob015_multi_pipe_8bit,sequential,3,1b858b26-0b41-43f8-a70c-6dd8968320ac,initial,generation_log,-0.223610641497,-0.223610641497,1062,0.171,0.56,980,0.0898,0.82,-0.0836734693878,-0.904231625835,0.317073170732,/workspace/exp/natural_qd_push/p0_v2_anchor_20260703_041511_UTC/live/smooth_qd_v2_8x5/seed_1001/openai_gpt-oss-120b/RTLLM/Prob015_multi_pipe_8bit/Gen3/Prob015_multi_pipe_8bit_sample1_initial,
smooth_qd_v2_8x5,RTLLM,Prob015_multi_pipe_8bit,sequential,3,2f12c9f6-c36a-49d1-b82f-10dd06e6d369,M-R,generation_log,-0.000993007339282,-0.000993007339282,716,0.0825,1.11,980,0.0898,0.82,0.269387755102,0.0812917594655,-0.353658536585,/workspace/exp/natural_qd_push/p0_v2_anchor_20260703_041511_UTC/live/smooth_qd_v2_8x5/seed_1001/openai_gpt-oss-120b/RTLLM/Prob015_multi_pipe_8bit/Gen3/Prob015_multi_pipe_8bit_sample2_M-R,
smooth_qd_v2_8x5,RTLLM,Prob015_multi_pipe_8bit,sequential,3,a318bc95-7042-4d34-8bf3-e652fe08835d,C-F,generation_log,-0.108310875005,-0.108310875005,1079,0.134,0.6,980,0.0898,0.82,-0.101020408163,-0.492204899777,0.268292682927,/workspace/exp/natural_qd_push/p0_v2_anchor_20260703_041511_UTC/live/smooth_qd_v2_8x5/seed_1001/openai_gpt-oss-120b/RTLLM/Prob015_multi_pipe_8bit/Gen3/Prob015_multi_pipe_8bit_sample6_C-F,
smooth_qd_v2_8x5,RTLLM,Prob015_multi_pipe_8bit,sequential,4,83b7f0eb-e5a7-4c6d-addb-7c40014acc93,M-I,generation_log,-0.524512355869,-0.524512355869,1441,0.225,0.49,980,0.0898,0.82,-0.470408163265,-1.50556792873,0.40243902439,/workspace/exp/natural_qd_push/p0_v2_anchor_20260703_041511_UTC/live/smooth_qd_v2_8x5/seed_1001/openai_gpt-oss-120b/RTLLM/Prob015_multi_pipe_8bit/Gen4/Prob015_multi_pipe_8bit_sample5_M-I,
smooth_qd_v2_8x5,RTLLM,Prob015_multi_pipe_8bit,sequential,4,9d0c873e-c391-4c4f-83b3-77dff547eaaa,C-F,generation_log,-0.223610641497,-0.223610641497,1062,0.171,0.56,980,0.0898,0.82,-0.0836734693878,-0.904231625835,0.317073170732,/workspace/exp/natural_qd_push/p0_v2_anchor_20260703_041511_UTC/live/smooth_qd_v2_8x5/seed_1001/openai_gpt-oss-120b/RTLLM/Prob015_multi_pipe_8bit/Gen4/Prob015_multi_pipe_8bit_sample6_C-F,
smooth_qd_v2_8x5,RTLLM,Prob015_multi_pipe_8bit,sequential,5,6dae91c6-46e7-4ecf-9120-7da72cca3f3c,M-R,generation_log,0.0267395458373,0.0267395458373,800,0.0969,0.84,980,0.0898,0.82,0.183673469388,-0.0790645879733,-0.0243902439024,/workspace/exp/natural_qd_push/p0_v2_anchor_20260703_041511_UTC/live/smooth_qd_v2_8x5/seed_1001/openai_gpt-oss-120b/RTLLM/Prob015_multi_pipe_8bit/Gen5/Prob015_multi_pipe_8bit_sample4_M-R,
smooth_qd_v2_8x5,RTLLM,Prob015_multi_pipe_8bit,sequential,5,88a798f3-f880-49c0-a4bd-29c17fae4dd1,C-F,generation_log,-0.301539046821,-0.301539046821,1235,0.163,0.68,980,0.0898,0.82,-0.260204081633,-0.815144766147,0.170731707317,/workspace/exp/natural_qd_push/p0_v2_anchor_20260703_041511_UTC/live/smooth_qd_v2_8x5/seed_1001/openai_gpt-oss-120b/RTLLM/Prob015_multi_pipe_8bit/Gen5/Prob015_multi_pipe_8bit_sample5_C-F,
smooth_qd_v2_8x5,RTLLM,Prob015_multi_pipe_8bit,sequential,5,76017182-738e-451c-90d4-60221116c057,M-E,generation_log,-0.106610194732,-0.106610194732,1074,0.134,0.6,980,0.0898,0.82,-0.0959183673469,-0.492204899777,0.268292682927,/workspace/exp/natural_qd_push/p0_v2_anchor_20260703_041511_UTC/live/smooth_qd_v2_8x5/seed_1001/openai_gpt-oss-120b/RTLLM/Prob015_multi_pipe_8bit/Gen5/Prob015_multi_pipe_8bit_sample6_M-E,
smooth_qd_v2_8x5,RTLLM,Prob024_fsm,combinational,0,1a479bfd-04b7-47ba-892b-60e4778fb4cb,initial,generation_log,0.265517672818,0.0282765092274,34,0.00837,0.26,46,0.00695,0,0.260869565217,-0.204316546763,-260000000000,/workspace/exp/natural_qd_push/p0_v2_anchor_20260703_041511_UTC/live/smooth_qd_v2_8x5/seed_1001/openai_gpt-oss-120b/RTLLM/Prob024_fsm/Gen0/Prob024_fsm_sample5_initial,
smooth_qd_v2_8x5,RTLLM,Prob024_fsm,combinational,2,f59bb4b9-aca4-417f-9935-74e54cf07184,M-E,generation_log,0.683497028464,0.595245542696,24,0.002,0.14,46,0.00695,0,0.478260869565,0.712230215827,-140000000000,/workspace/exp/natural_qd_push/p0_v2_anchor_20260703_041511_UTC/live/smooth_qd_v2_8x5/seed_1001/openai_gpt-oss-120b/RTLLM/Prob024_fsm/Gen2/Prob024_fsm_sample2_M-E,
smooth_qd_v2_8x5,RTLLM,Prob024_fsm,combinational,2,87fe4cd1-5fa3-4a00-969b-6e75551866e8,M-S,generation_log,0.469591283495,0.329386925242,29,0.00494,0.25,46,0.00695,0,0.369565217391,0.289208633094,-250000000000,/workspace/exp/natural_qd_push/p0_v2_anchor_20260703_041511_UTC/live/smooth_qd_v2_8x5/seed_1001/openai_gpt-oss-120b/RTLLM/Prob024_fsm/Gen2/Prob024_fsm_sample3_M-S,
smooth_qd_v2_8x5,RTLLM,Prob024_fsm,combinational,2,825e2cea-eca3-4b59-abbb-69666139bd7c,M-I,generation_log,0.168958398499,-0.116562402252,37,0.00993,0.26,46,0.00695,0,0.195652173913,-0.428776978417,-260000000000,/workspace/exp/natural_qd_push/p0_v2_anchor_20260703_041511_UTC/live/smooth_qd_v2_8x5/seed_1001/openai_gpt-oss-120b/RTLLM/Prob024_fsm/Gen2/Prob024_fsm_sample4_M-I,
smooth_qd_v2_8x5,RTLLM,Prob024_fsm,combinational,4,f4af2c55-5a65-4cae-9aa1-331122b90673,M-E,generation_log,0.491672401209,0.342508601814,36,0.0037,0.21,46,0.00695,0,0.217391304348,0.467625899281,-210000000000,/workspace/exp/natural_qd_push/p0_v2_anchor_20260703_041511_UTC/live/smooth_qd_v2_8x5/seed_1001/openai_gpt-oss-120b/RTLLM/Prob024_fsm/Gen4/Prob024_fsm_sample1_M-E,
smooth_qd_v2_8x5,RTLLM,Prob024_fsm,combinational,4,23f7c5ab-570e-4762-ba24-c6262eb73841,M-F,generation_log,0.353844228965,0.150766343447,50,0.00425,0.24,46,0.00695,0,-0.0869565217391,0.388489208633,-240000000000,/workspace/exp/natural_qd_push/p0_v2_anchor_20260703_041511_UTC/live/smooth_qd_v2_8x5/seed_1001/openai_gpt-oss-120b/RTLLM/Prob024_fsm/Gen4/Prob024_fsm_sample3_M-F,
smooth_qd_v2_8x5,RTLLM,Prob024_fsm,combinational,4,387b2843-f543-444f-a548-5cd1c95bcc61,M-I,generation_log,0.491672401209,0.342508601814,36,0.0037,0.21,46,0.00695,0,0.217391304348,0.467625899281,-210000000000,/workspace/exp/natural_qd_push/p0_v2_anchor_20260703_041511_UTC/live/smooth_qd_v2_8x5/seed_1001/openai_gpt-oss-120b/RTLLM/Prob024_fsm/Gen4/Prob024_fsm_sample4_M-I,
smooth_qd_v2_8x5,RTLLM,Prob024_fsm,combinational,4,0a99d0d7-2d29-4b4b-890a-50a46cbc210f,M-E,generation_log,-0.0849921801689,-0.487488270253,70,0.0101,0.28,46,0.00695,0,-0.521739130435,-0.453237410072,-280000000000,/workspace/exp/natural_qd_push/p0_v2_anchor_20260703_041511_UTC/live/smooth_qd_v2_8x5/seed_1001/openai_gpt-oss-120b/RTLLM/Prob024_fsm/Gen4/Prob024_fsm_sample6_M-E,
smooth_qd_v2_8x5,RTLLM,Prob024_fsm,combinational,4,b26881ad-22fb-43c4-a70f-2f72029c5e30,M-I,generation_log,0.622932957981,0.509399436972,27,0.00274,0.15,46,0.00695,0,0.413043478261,0.605755395683,-150000000000,/workspace/exp/natural_qd_push/p0_v2_anchor_20260703_041511_UTC/live/smooth_qd_v2_8x5/seed_1001/openai_gpt-oss-120b/RTLLM/Prob024_fsm/Gen4/Prob024_fsm_sample8_M-I,
smooth_qd_v2_8x5,RTLLM,Prob024_fsm,combinational,5,77635272-fff1-4e97-b6ec-84561ee6ad13,C-F,generation_log,0.666126576999,0.569189865499,26,0.00206,0.14,46,0.00695,0,0.434782608696,0.703597122302,-140000000000,/workspace/exp/natural_qd_push/p0_v2_anchor_20260703_041511_UTC/live/smooth_qd_v2_8x5/seed_1001/openai_gpt-oss-120b/RTLLM/Prob024_fsm/Gen5/Prob024_fsm_sample1_C-F,
smooth_qd_v2_8x5,RTLLM,Prob024_fsm,combinational,5,9f524dd0-d941-4ec3-b246-d9ca6dfb1401,C-F,generation_log,0.666126576999,0.569189865499,26,0.00206,0.14,46,0.00695,0,0.434782608696,0.703597122302,-140000000000,/workspace/exp/natural_qd_push/p0_v2_anchor_20260703_041511_UTC/live/smooth_qd_v2_8x5/seed_1001/openai_gpt-oss-120b/RTLLM/Prob024_fsm/Gen5/Prob024_fsm_sample2_C-F,
smooth_qd_v2_8x5,RTLLM,Prob024_fsm,combinational,5,8ccb1ae5-3f06-43f5-a02e-84b41d7c7608,M-E,generation_log,0.469591283495,0.329386925242,29,0.00494,0.25,46,0.00695,0,0.369565217391,0.289208633094,-250000000000,/workspace/exp/natural_qd_push/p0_v2_anchor_20260703_041511_UTC/live/smooth_qd_v2_8x5/seed_1001/openai_gpt-oss-120b/RTLLM/Prob024_fsm/Gen5/Prob024_fsm_sample3_M-E,
smooth_qd_v2_8x5,RTLLM,Prob024_fsm,combinational,5,1bed3b32-e41a-48bb-87b2-968478a042e3,C-F,generation_log,0.622932957981,0.509399436972,27,0.00274,0.15,46,0.00695,0,0.413043478261,0.605755395683,-150000000000,/workspace/exp/natural_qd_push/p0_v2_anchor_20260703_041511_UTC/live/smooth_qd_v2_8x5/seed_1001/openai_gpt-oss-120b/RTLLM/Prob024_fsm/Gen5/Prob024_fsm_sample5_C-F,
smooth_qd_v2_8x5,RTLLM,Prob024_fsm,combinational,5,9b46708e-b741-44c7-93de-4b4c41d67ff5,C-F,generation_log,0.631618183714,0.522427275571,26,0.00271,0.15,46,0.00695,0,0.434782608696,0.610071942446,-150000000000,/workspace/exp/natural_qd_push/p0_v2_anchor_20260703_041511_UTC/live/smooth_qd_v2_8x5/seed_1001/openai_gpt-oss-120b/RTLLM/Prob024_fsm/Gen5/Prob024_fsm_sample7_C-F,
smooth_qd_v2_8x5,RTLLM,Prob041_traffic_light,combinational,0,334e83f5-8802-4743-ad53-17b2fcdaf5a2,initial,generation_log,0.0201282982329,0.0301924473493,176,0.0293,0,170,0.0324,0,-0.0352941176471,0.0956790123457,0,/workspace/exp/natural_qd_push/p0_v2_anchor_20260703_041511_UTC/live/smooth_qd_v2_8x5/seed_1001/openai_gpt-oss-120b/RTLLM/Prob041_traffic_light/Gen0/Prob041_traffic_light_sample1_initial,
smooth_qd_v2_8x5,RTLLM,Prob041_traffic_light,combinational,0,2c0f5caf-cdbf-44df-a67f-fefda430d3d8,initial,generation_log,-0.0130234809973,-0.019535221496,163,0.035,0,170,0.0324,0,0.0411764705882,-0.0802469135802,0,/workspace/exp/natural_qd_push/p0_v2_anchor_20260703_041511_UTC/live/smooth_qd_v2_8x5/seed_1001/openai_gpt-oss-120b/RTLLM/Prob041_traffic_light/Gen0/Prob041_traffic_light_sample8_initial,
smooth_qd_v2_8x5,RTLLM,Prob041_traffic_light,combinational,1,72efc077-b62d-4026-9d6b-ba7f81088e4e,M-I,generation_log,0.0316993464052,0.0475490196078,168,0.0297,0,170,0.0324,0,0.0117647058824,0.0833333333333,0,/workspace/exp/natural_qd_push/p0_v2_anchor_20260703_041511_UTC/live/smooth_qd_v2_8x5/seed_1001/openai_gpt-oss-120b/RTLLM/Prob041_traffic_light/Gen1/Prob041_traffic_light_sample3_M-I,
smooth_qd_v2_8x5,RTLLM,Prob041_traffic_light,combinational,1,2207ef73-5b6f-4137-b6ce-e9cabf148b96,M-S,generation_log,0.426757443718,0.640136165577,121,0.000258,0,170,0.0324,0,0.288235294118,0.992037037037,0,/workspace/exp/natural_qd_push/p0_v2_anchor_20260703_041511_UTC/live/smooth_qd_v2_8x5/seed_1001/openai_gpt-oss-120b/RTLLM/Prob041_traffic_light/Gen1/Prob041_traffic_light_sample5_M-S,
smooth_qd_v2_8x5,RTLLM,Prob041_traffic_light,combinational,1,ce333633-5d62-4f56-80ff-99a621bd2624,M-R,generation_log,0.154914064391,0.232371096587,123,0.0263,0,170,0.0324,0,0.276470588235,0.188271604938,0,/workspace/exp/natural_qd_push/p0_v2_anchor_20260703_041511_UTC/live/smooth_qd_v2_8x5/seed_1001/openai_gpt-oss-120b/RTLLM/Prob041_traffic_light/Gen1/Prob041_traffic_light_sample7_M-R,
smooth_qd_v2_8x5,RTLLM,Prob041_traffic_light,combinational,1,78a9a0f2-90f6-4ad4-8a85-94b054a3a998,M-I,generation_log,0.361661825224,0.542492737836,130,0.00487,0,170,0.0324,0,0.235294117647,0.849691358025,0,/workspace/exp/natural_qd_push/p0_v2_anchor_20260703_041511_UTC/live/smooth_qd_v2_8x5/seed_1001/openai_gpt-oss-120b/RTLLM/Prob041_traffic_light/Gen1/Prob041_traffic_light_sample8_M-I,
smooth_qd_v2_8x5,RTLLM,Prob041_traffic_light,combinational,2,2cfe80ff-46bd-4c7f-a0a1-0a5ef2f44d6b,M-S,generation_log,0.389132171387,0.583698257081,140,0.000294,0,170,0.0324,0,0.176470588235,0.990925925926,0,/workspace/exp/natural_qd_push/p0_v2_anchor_20260703_041511_UTC/live/smooth_qd_v2_8x5/seed_1001/openai_gpt-oss-120b/RTLLM/Prob041_traffic_light/Gen2/Prob041_traffic_light_sample1_M-S,
smooth_qd_v2_8x5,RTLLM,Prob041_traffic_light,combinational,2,4aa78443-d3ec-4ce2-a9c0-5a7ee41b2699,M-S,generation_log,0.154914064391,0.232371096587,123,0.0263,0,170,0.0324,0,0.276470588235,0.188271604938,0,/workspace/exp/natural_qd_push/p0_v2_anchor_20260703_041511_UTC/live/smooth_qd_v2_8x5/seed_1001/openai_gpt-oss-120b/RTLLM/Prob041_traffic_light/Gen2/Prob041_traffic_light_sample5_M-S,
smooth_qd_v2_8x5,RTLLM,Prob041_traffic_light,combinational,2,9cef57fc-29b8-4446-8435-cda96834d71d,M-R,generation_log,0.0153594771242,0.0230392156863,148,0.0351,0,170,0.0324,0,0.129411764706,-0.0833333333333,0,/workspace/exp/natural_qd_push/p0_v2_anchor_20260703_041511_UTC/live/smooth_qd_v2_8x5/seed_1001/openai_gpt-oss-120b/RTLLM/Prob041_traffic_light/Gen2/Prob041_traffic_light_sample8_M-R,
smooth_qd_v2_8x5,RTLLM,Prob041_traffic_light,combinational,3,e6f2e736-db96-4a57-b2db-0fb0717eb638,M-S,generation_log,0.0992737835875,0.148910675381,154,0.0258,0,170,0.0324,0,0.0941176470588,0.203703703704,0,/workspace/exp/natural_qd_push/p0_v2_anchor_20260703_041511_UTC/live/smooth_qd_v2_8x5/seed_1001/openai_gpt-oss-120b/RTLLM/Prob041_traffic_light/Gen3/Prob041_traffic_light_sample1_M-S,
smooth_qd_v2_8x5,RTLLM,Prob041_traffic_light,combinational,3,fabf9b9c-f872-4d4f-8002-c41a1cf747fc,M-F,generation_log,0.217828612927,0.32674291939,114,0.0219,0,170,0.0324,0,0.329411764706,0.324074074074,0,/workspace/exp/natural_qd_push/p0_v2_anchor_20260703_041511_UTC/live/smooth_qd_v2_8x5/seed_1001/openai_gpt-oss-120b/RTLLM/Prob041_traffic_light/Gen3/Prob041_traffic_light_sample2_M-F,
smooth_qd_v2_8x5,RTLLM,Prob041_traffic_light,combinational,3,94a90449-db2d-4e67-98cc-3e01823b3957,M-I,generation_log,0.217828612927,0.32674291939,114,0.0219,0,170,0.0324,0,0.329411764706,0.324074074074,0,/workspace/exp/natural_qd_push/p0_v2_anchor_20260703_041511_UTC/live/smooth_qd_v2_8x5/seed_1001/openai_gpt-oss-120b/RTLLM/Prob041_traffic_light/Gen3/Prob041_traffic_light_sample5_M-I,
smooth_qd_v2_8x5,RTLLM,Prob041_traffic_light,combinational,3,adf8b040-00fd-471a-baf7-5e3f1d03af5e,C-F,generation_log,0.192277898814,0.288416848221,137,0.02,0,170,0.0324,0,0.194117647059,0.382716049383,0,/workspace/exp/natural_qd_push/p0_v2_anchor_20260703_041511_UTC/live/smooth_qd_v2_8x5/seed_1001/openai_gpt-oss-120b/RTLLM/Prob041_traffic_light/Gen3/Prob041_traffic_light_sample7_C-F,
smooth_qd_v2_8x5,RTLLM,Prob041_traffic_light,combinational,4,6eab2bc6-f5ff-48c1-b9ef-e1ad294561ac,M-E,generation_log,-0.0739288307916,-0.110893246187,214,0.0312,0,170,0.0324,0,-0.258823529412,0.037037037037,0,/workspace/exp/natural_qd_push/p0_v2_anchor_20260703_041511_UTC/live/smooth_qd_v2_8x5/seed_1001/openai_gpt-oss-120b/RTLLM/Prob041_traffic_light/Gen4/Prob041_traffic_light_sample3_M-E,
smooth_qd_v2_8x5,RTLLM,Prob041_traffic_light,combinational,4,c2917616-3c5a-4ba2-b839-402d48d59ee8,C-F,generation_log,0.426757443718,0.640136165577,121,0.000258,0,170,0.0324,0,0.288235294118,0.992037037037,0,/workspace/exp/natural_qd_push/p0_v2_anchor_20260703_041511_UTC/live/smooth_qd_v2_8x5/seed_1001/openai_gpt-oss-120b/RTLLM/Prob041_traffic_light/Gen4/Prob041_traffic_light_sample4_C-F,
smooth_qd_v2_8x5,RTLLM,Prob041_traffic_light,combinational,4,27c736e7-772c-4727-8313-2cbcf20326cb,C-F,generation_log,0.226894214476,0.340341321714,112,0.0214,0,170,0.0324,0,0.341176470588,0.33950617284,0,/workspace/exp/natural_qd_push/p0_v2_anchor_20260703_041511_UTC/live/smooth_qd_v2_8x5/seed_1001/openai_gpt-oss-120b/RTLLM/Prob041_traffic_light/Gen4/Prob041_traffic_light_sample5_C-F,
smooth_qd_v2_8x5,RTLLM,Prob041_traffic_light,combinational,4,c366c562-fbe3-4a1c-9693-acff6646c5d7,M-R,generation_log,0.467748729121,0.701623093682,100,0.000276,0,170,0.0324,0,0.411764705882,0.991481481481,0,/workspace/exp/natural_qd_push/p0_v2_anchor_20260703_041511_UTC/live/smooth_qd_v2_8x5/seed_1001/openai_gpt-oss-120b/RTLLM/Prob041_traffic_light/Gen4/Prob041_traffic_light_sample6_M-R,
smooth_qd_v2_8x5,RTLLM,Prob041_traffic_light,combinational,5,512f86ae-07f6-4fb1-b338-b3623098e903,M-R,generation_log,0.119886226095,0.179829339143,165,0.0217,0,170,0.0324,0,0.0294117647059,0.33024691358,0,/workspace/exp/natural_qd_push/p0_v2_anchor_20260703_041511_UTC/live/smooth_qd_v2_8x5/seed_1001/openai_gpt-oss-120b/RTLLM/Prob041_traffic_light/Gen5/Prob041_traffic_light_sample3_M-R,
smooth_qd_v2_8x5,RTLLM,Prob041_traffic_light,combinational,5,914df9d9-7760-414e-8143-23a4f7d1c702,M-I,generation_log,0.283514887436,0.425272331155,123,0.0138,0,170,0.0324,0,0.276470588235,0.574074074074,0,/workspace/exp/natural_qd_push/p0_v2_anchor_20260703_041511_UTC/live/smooth_qd_v2_8x5/seed_1001/openai_gpt-oss-120b/RTLLM/Prob041_traffic_light/Gen5/Prob041_traffic_light_sample4_M-I,
smooth_qd_v2_8x5,RTLLM,Prob041_traffic_light,combinational,5,4d237e94-4ea5-40fa-81f8-b78a5de20d80,M-R,generation_log,0.239978213508,0.359967320261,109,0.0207,0,170,0.0324,0,0.358823529412,0.361111111111,0,/workspace/exp/natural_qd_push/p0_v2_anchor_20260703_041511_UTC/live/smooth_qd_v2_8x5/seed_1001/openai_gpt-oss-120b/RTLLM/Prob041_traffic_light/Gen5/Prob041_traffic_light_sample5_M-R,
smooth_qd_v2_8x5,RTLLM,Prob041_traffic_light,combinational,5,67d6fc51-d18b-4127-adbf-73db342f65db,C-F,generation_log,0.420875090777,0.631312636166,124,0.000258,0,170,0.0324,0,0.270588235294,0.992037037037,0,/workspace/exp/natural_qd_push/p0_v2_anchor_20260703_041511_UTC/live/smooth_qd_v2_8x5/seed_1001/openai_gpt-oss-120b/RTLLM/Prob041_traffic_light/Gen5/Prob041_traffic_light_sample6_C-F,
smooth_qd_v2_8x5,RTLLM,Prob045_alu,combinational,0,f62879ed-826a-4c5a-9a09-26ed133b977e,initial,generation_log,0.372155857809,0.558233786714,1944,0.00112,0,2225,0.114,0,0.126292134831,0.990175438596,0,/workspace/exp/natural_qd_push/p0_v2_anchor_20260703_041511_UTC/live/smooth_qd_v2_8x5/seed_1001/openai_gpt-oss-120b/RTLLM/Prob045_alu/Gen0/Prob045_alu_sample6_initial,
smooth_qd_v2_8x5,RTLLM,Prob045_alu,combinational,0,3373697e-0abb-4b78-a64e-41059e1fadca,initial,generation_log,0.372334910309,0.558502365464,1943,0.00111,0,2225,0.114,0,0.126741573034,0.990263157895,0,/workspace/exp/natural_qd_push/p0_v2_anchor_20260703_041511_UTC/live/smooth_qd_v2_8x5/seed_1001/openai_gpt-oss-120b/RTLLM/Prob045_alu/Gen0/Prob045_alu_sample7_initial,
smooth_qd_v2_8x5,RTLLM,Prob045_alu,combinational,0,587b5b5f-3d29-4680-807e-09d7dc29c151,initial,generation_log,0.380454037716,0.570681056574,1889,0.0011,0,2225,0.114,0,0.151011235955,0.990350877193,0,/workspace/exp/natural_qd_push/p0_v2_anchor_20260703_041511_UTC/live/smooth_qd_v2_8x5/seed_1001/openai_gpt-oss-120b/RTLLM/Prob045_alu/Gen0/Prob045_alu_sample8_initial,
smooth_qd_v2_8x5,RTLLM,Prob045_alu,combinational,1,bb6a0e8a-c226-4fae-81cf-810d551b8d6e,M-E,generation_log,0.373288652342,0.559932978514,1938,0.00104,0,2225,0.114,0,0.128988764045,0.990877192982,0,/workspace/exp/natural_qd_push/p0_v2_anchor_20260703_041511_UTC/live/smooth_qd_v2_8x5/seed_1001/openai_gpt-oss-120b/RTLLM/Prob045_alu/Gen1/Prob045_alu_sample4_M-E,
smooth_qd_v2_8x5,RTLLM,Prob045_alu,combinational,1,1e3b1c61-d0b6-4708-9d63-e8afa9c307d6,M-R,generation_log,0.369963532427,0.55494529864,1960,0.00105,0,2225,0.114,0,0.119101123596,0.990789473684,0,/workspace/exp/natural_qd_push/p0_v2_anchor_20260703_041511_UTC/live/smooth_qd_v2_8x5/seed_1001/openai_gpt-oss-120b/RTLLM/Prob045_alu/Gen1/Prob045_alu_sample5_M-R,
smooth_qd_v2_8x5,RTLLM,Prob045_alu,combinational,1,0f108772-b508-42f6-a9ae-086c1b04b6c8,M-E,generation_log,0.384228595834,0.576342893751,1864,0.00109,0,2225,0.114,0,0.162247191011,0.990438596491,0,/workspace/exp/natural_qd_push/p0_v2_anchor_20260703_041511_UTC/live/smooth_qd_v2_8x5/seed_1001/openai_gpt-oss-120b/RTLLM/Prob045_alu/Gen1/Prob045_alu_sample6_M-E,
smooth_qd_v2_8x5,RTLLM,Prob045_alu,combinational,1,d1e514ab-fba2-4078-bf9a-ddf7ec19f6d1,M-I,generation_log,0.385182337867,0.577773506801,1859,0.00102,0,2225,0.114,0,0.164494382022,0.991052631579,0,/workspace/exp/natural_qd_push/p0_v2_anchor_20260703_041511_UTC/live/smooth_qd_v2_8x5/seed_1001/openai_gpt-oss-120b/RTLLM/Prob045_alu/Gen1/Prob045_alu_sample7_M-I,
smooth_qd_v2_8x5,RTLLM,Prob045_alu,combinational,1,457ec3d9-b5ef-4ecf-8730-88d057a69480,M-S,generation_log,0.389152802418,0.583729203627,1834,0.000943,0,2225,0.114,0,0.175730337079,0.991728070175,0,/workspace/exp/natural_qd_push/p0_v2_anchor_20260703_041511_UTC/live/smooth_qd_v2_8x5/seed_1001/openai_gpt-oss-120b/RTLLM/Prob045_alu/Gen1/Prob045_alu_sample8_M-S,
smooth_qd_v2_8x5,RTLLM,Prob045_alu,combinational,2,485296e0-eeb5-4c26-aa71-34392991e7b1,M-R,generation_log,0.389302615152,0.583953922728,1833,0.000943,0,2225,0.114,0,0.176179775281,0.991728070175,0,/workspace/exp/natural_qd_push/p0_v2_anchor_20260703_041511_UTC/live/smooth_qd_v2_8x5/seed_1001/openai_gpt-oss-120b/RTLLM/Prob045_alu/Gen2/Prob045_alu_sample1_M-R,
smooth_qd_v2_8x5,RTLLM,Prob045_alu,combinational,2,9da451b3-2d69-4293-805f-71c6309aff73,M-I,generation_log,0.385153098101,0.577729647152,1859,0.00103,0,2225,0.114,0,0.164494382022,0.990964912281,0,/workspace/exp/natural_qd_push/p0_v2_anchor_20260703_041511_UTC/live/smooth_qd_v2_8x5/seed_1001/openai_gpt-oss-120b/RTLLM/Prob045_alu/Gen2/Prob045_alu_sample2_M-I,
smooth_qd_v2_8x5,RTLLM,Prob045_alu,combinational,2,4ae5b649-7065-4566-b7b2-5343a8b0a670,M-S,generation_log,0.382406071358,0.573609107037,1878,0.000996,0,2225,0.114,0,0.15595505618,0.991263157895,0,/workspace/exp/natural_qd_push/p0_v2_anchor_20260703_041511_UTC/live/smooth_qd_v2_8x5/seed_1001/openai_gpt-oss-120b/RTLLM/Prob045_alu/Gen2/Prob045_alu_sample3_M-S,
smooth_qd_v2_8x5,RTLLM,Prob045_alu,combinational,2,493b180a-8987-40a5-9358-245953e62e3e,M-E,generation_log,0.397695052237,0.596542578356,1777,0.000942,0,2225,0.114,0,0.201348314607,0.991736842105,0,/workspace/exp/natural_qd_push/p0_v2_anchor_20260703_041511_UTC/live/smooth_qd_v2_8x5/seed_1001/openai_gpt-oss-120b/RTLLM/Prob045_alu/Gen2/Prob045_alu_sample5_M-E,
smooth_qd_v2_8x5,RTLLM,Prob045_alu,combinational,2,9cda8e3d-c771-4c0d-8d32-79fa4c3b3b6d,C-F,generation_log,0.383413824824,0.575120737236,1871,0.00101,0,2225,0.114,0,0.159101123596,0.991140350877,0,/workspace/exp/natural_qd_push/p0_v2_anchor_20260703_041511_UTC/live/smooth_qd_v2_8x5/seed_1001/openai_gpt-oss-120b/RTLLM/Prob045_alu/Gen2/Prob045_alu_sample6_C-F,
smooth_qd_v2_8x5,RTLLM,Prob045_alu,combinational,2,280ad241-24d7-4661-b494-368c4564827b,C-F,generation_log,0.389152802418,0.583729203627,1834,0.000943,0,2225,0.114,0,0.175730337079,0.991728070175,0,/workspace/exp/natural_qd_push/p0_v2_anchor_20260703_041511_UTC/live/smooth_qd_v2_8x5/seed_1001/openai_gpt-oss-120b/RTLLM/Prob045_alu/Gen2/Prob045_alu_sample7_C-F,
smooth_qd_v2_8x5,RTLLM,Prob045_alu,combinational,2,01606f86-0390-4392-bb46-568606d5274b,C-F,generation_log,0.37631414679,0.564471220185,1918,0.00103,0,2225,0.114,0,0.13797752809,0.990964912281,0,/workspace/exp/natural_qd_push/p0_v2_anchor_20260703_041511_UTC/live/smooth_qd_v2_8x5/seed_1001/openai_gpt-oss-120b/RTLLM/Prob045_alu/Gen2/Prob045_alu_sample8_C-F,
smooth_qd_v2_8x5,RTLLM,Prob045_alu,combinational,3,1dced6fb-290d-42e8-bc53-1e72f0166e72,C-F,generation_log,0.382406071358,0.573609107037,1878,0.000996,0,2225,0.114,0,0.15595505618,0.991263157895,0,/workspace/exp/natural_qd_push/p0_v2_anchor_20260703_041511_UTC/live/smooth_qd_v2_8x5/seed_1001/openai_gpt-oss-120b/RTLLM/Prob045_alu/Gen3/Prob045_alu_sample1_C-F,
smooth_qd_v2_8x5,RTLLM,Prob045_alu,combinational,3,f209e568-cd77-4b9b-b3f7-b4d3c43fa349,C-F,generation_log,0.374395821013,0.56159373152,1931,0.00102,0,2225,0.114,0,0.132134831461,0.991052631579,0,/workspace/exp/natural_qd_push/p0_v2_anchor_20260703_041511_UTC/live/smooth_qd_v2_8x5/seed_1001/openai_gpt-oss-120b/RTLLM/Prob045_alu/Gen3/Prob045_alu_sample2_C-F,
smooth_qd_v2_8x5,RTLLM,Prob045_alu,combinational,3,02454a11-7947-4041-8018-70405a55e879,C-F,generation_log,0.408545896577,0.612818844865,1705,0.00092,0,2225,0.114,0,0.233707865169,0.991929824561,0,/workspace/exp/natural_qd_push/p0_v2_anchor_20260703_041511_UTC/live/smooth_qd_v2_8x5/seed_1001/openai_gpt-oss-120b/RTLLM/Prob045_alu/Gen3/Prob045_alu_sample3_C-F,
smooth_qd_v2_8x5,RTLLM,Prob045_alu,combinational,3,74e6d508-d4ce-4e18-a832-1afa5485b411,M-R,generation_log,0.382406071358,0.573609107037,1878,0.000996,0,2225,0.114,0,0.15595505618,0.991263157895,0,/workspace/exp/natural_qd_push/p0_v2_anchor_20260703_041511_UTC/live/smooth_qd_v2_8x5/seed_1001/openai_gpt-oss-120b/RTLLM/Prob045_alu/Gen3/Prob045_alu_sample4_M-R,
smooth_qd_v2_8x5,RTLLM,Prob045_alu,combinational,3,f7eb5134-e373-461d-bc4e-40583eddb4da,C-F,generation_log,0.396088737762,0.594133106643,1787,0.000979,0,2225,0.114,0,0.196853932584,0.991412280702,0,/workspace/exp/natural_qd_push/p0_v2_anchor_20260703_041511_UTC/live/smooth_qd_v2_8x5/seed_1001/openai_gpt-oss-120b/RTLLM/Prob045_alu/Gen3/Prob045_alu_sample5_C-F,
smooth_qd_v2_8x5,RTLLM,Prob045_alu,combinational,3,2776af5e-e614-496f-b2c0-f590a7b88c31,M-I,generation_log,0.378554799921,0.567832199882,1904,0.000981,0,2225,0.114,0,0.144269662921,0.991394736842,0,/workspace/exp/natural_qd_push/p0_v2_anchor_20260703_041511_UTC/live/smooth_qd_v2_8x5/seed_1001/openai_gpt-oss-120b/RTLLM/Prob045_alu/Gen3/Prob045_alu_sample6_M-I,
smooth_qd_v2_8x5,RTLLM,Prob045_alu,combinational,3,08f46ad0-863a-45b7-8969-c9ed1c5955fd,M-E,generation_log,0.401555095604,0.602332643406,1751,0.000954,0,2225,0.114,0,0.213033707865,0.991631578947,0,/workspace/exp/natural_qd_push/p0_v2_anchor_20260703_041511_UTC/live/smooth_qd_v2_8x5/seed_1001/openai_gpt-oss-120b/RTLLM/Prob045_alu/Gen3/Prob045_alu_sample7_M-E,
smooth_qd_v2_8x5,RTLLM,Prob045_alu,combinational,3,1730afe1-d421-4b82-8624-0e4388c51d43,M-S,generation_log,0.387550101846,0.58132515277,1843,0.00103,0,2225,0.114,0,0.171685393258,0.990964912281,0,/workspace/exp/natural_qd_push/p0_v2_anchor_20260703_041511_UTC/live/smooth_qd_v2_8x5/seed_1001/openai_gpt-oss-120b/RTLLM/Prob045_alu/Gen3/Prob045_alu_sample8_M-S,
smooth_qd_v2_8x5,RTLLM,Prob045_alu,combinational,4,8575ab6d-8176-461f-a8b0-fd54f06739f0,M-S,generation_log,0.378349431632,0.567524147447,1905,0.001,0,2225,0.114,0,0.143820224719,0.991228070175,0,/workspace/exp/natural_qd_push/p0_v2_anchor_20260703_041511_UTC/live/smooth_qd_v2_8x5/seed_1001/openai_gpt-oss-120b/RTLLM/Prob045_alu/Gen4/Prob045_alu_sample1_M-S,
smooth_qd_v2_8x5,RTLLM,Prob045_alu,combinational,4,c8814f75-dc8e-4fc7-a1de-890b5e682847,C-F,generation_log,0.383331263552,0.574996895328,1872,0.000987,0,2225,0.114,0,0.158651685393,0.991342105263,0,/workspace/exp/natural_qd_push/p0_v2_anchor_20260703_041511_UTC/live/smooth_qd_v2_8x5/seed_1001/openai_gpt-oss-120b/RTLLM/Prob045_alu/Gen4/Prob045_alu_sample3_C-F,
smooth_qd_v2_8x5,RTLLM,Prob045_alu,combinational,4,bd4049ea-3bf8-4211-a0a3-79c5efe8a312,C-F,generation_log,0.398943951639,0.598415927459,1768,0.000976,0,2225,0.114,0,0.205393258427,0.991438596491,0,/workspace/exp/natural_qd_push/p0_v2_anchor_20260703_041511_UTC/live/smooth_qd_v2_8x5/seed_1001/openai_gpt-oss-120b/RTLLM/Prob045_alu/Gen4/Prob045_alu_sample4_C-F,
smooth_qd_v2_8x5,RTLLM,Prob045_alu,combinational,4,a550a921-554f-4197-88fc-390740cc3bb3,C-F,generation_log,0.39060483606,0.58590725409,1823,0.00101,0,2225,0.114,0,0.180674157303,0.991140350877,0,/workspace/exp/natural_qd_push/p0_v2_anchor_20260703_041511_UTC/live/smooth_qd_v2_8x5/seed_1001/openai_gpt-oss-120b/RTLLM/Prob045_alu/Gen4/Prob045_alu_sample5_C-F,
smooth_qd_v2_8x5,RTLLM,Prob045_alu,combinational,4,927a7082-bdcb-44e4-b013-172b64718c0c,C-F,generation_log,0.397107497207,0.595661245811,1781,0.000938,0,2225,0.114,0,0.199550561798,0.991771929825,0,/workspace/exp/natural_qd_push/p0_v2_anchor_20260703_041511_UTC/live/smooth_qd_v2_8x5/seed_1001/openai_gpt-oss-120b/RTLLM/Prob045_alu/Gen4/Prob045_alu_sample6_C-F,
smooth_qd_v2_8x5,RTLLM,Prob045_alu,combinational,4,94b0aecb-19f1-47e3-b6d3-6d194f4cc5a6,C-F,generation_log,0.401070569683,0.601605854524,1754,0.000966,0,2225,0.114,0,0.211685393258,0.991526315789,0,/workspace/exp/natural_qd_push/p0_v2_anchor_20260703_041511_UTC/live/smooth_qd_v2_8x5/seed_1001/openai_gpt-oss-120b/RTLLM/Prob045_alu/Gen4/Prob045_alu_sample7_C-F,
smooth_qd_v2_8x5,RTLLM,Prob045_alu,combinational,5,b70895cd-98b3-471e-a07c-11d417681332,M-R,generation_log,0.395689007162,0.593533510743,1790,0.000962,0,2225,0.114,0,0.195505617978,0.991561403509,0,/workspace/exp/natural_qd_push/p0_v2_anchor_20260703_041511_UTC/live/smooth_qd_v2_8x5/seed_1001/openai_gpt-oss-120b/RTLLM/Prob045_alu/Gen5/Prob045_alu_sample1_M-R,
smooth_qd_v2_8x5,RTLLM,Prob045_alu,combinational,5,88632330-4fa9-49da-a04e-a663d9506c64,M-I,generation_log,0.408545896577,0.612818844865,1705,0.00092,0,2225,0.114,0,0.233707865169,0.991929824561,0,/workspace/exp/natural_qd_push/p0_v2_anchor_20260703_041511_UTC/live/smooth_qd_v2_8x5/seed_1001/openai_gpt-oss-120b/RTLLM/Prob045_alu/Gen5/Prob045_alu_sample2_M-I,
smooth_qd_v2_8x5,RTLLM,Prob045_alu,combinational,5,df5164d5-e42e-48ad-a396-d0e711aed46b,C-F,generation_log,0.408545896577,0.612818844865,1705,0.00092,0,2225,0.114,0,0.233707865169,0.991929824561,0,/workspace/exp/natural_qd_push/p0_v2_anchor_20260703_041511_UTC/live/smooth_qd_v2_8x5/seed_1001/openai_gpt-oss-120b/RTLLM/Prob045_alu/Gen5/Prob045_alu_sample3_C-F,
smooth_qd_v2_8x5,RTLLM,Prob045_alu,combinational,5,a28cdc84-9484-4a32-91da-bd73f2aa6853,M-S,generation_log,0.408545896577,0.612818844865,1705,0.00092,0,2225,0.114,0,0.233707865169,0.991929824561,0,/workspace/exp/natural_qd_push/p0_v2_anchor_20260703_041511_UTC/live/smooth_qd_v2_8x5/seed_1001/openai_gpt-oss-120b/RTLLM/Prob045_alu/Gen5/Prob045_alu_sample4_M-S,
smooth_qd_v2_8x5,RTLLM,Prob045_alu,combinational,5,34f9c310-8681-4e70-a8cf-db2a0e5d4b49,C-F,generation_log,0.399945857152,0.599918785728,1761,0.000992,0,2225,0.114,0,0.208539325843,0.991298245614,0,/workspace/exp/natural_qd_push/p0_v2_anchor_20260703_041511_UTC/live/smooth_qd_v2_8x5/seed_1001/openai_gpt-oss-120b/RTLLM/Prob045_alu/Gen5/Prob045_alu_sample5_C-F,
smooth_qd_v2_8x5,RTLLM,Prob045_alu,combinational,5,3cd01595-e37b-400b-a49b-6c9890a66986,C-F,generation_log,0.401484920166,0.602227380248,1751,0.000978,0,2225,0.114,0,0.213033707865,0.991421052632,0,/workspace/exp/natural_qd_push/p0_v2_anchor_20260703_041511_UTC/live/smooth_qd_v2_8x5/seed_1001/openai_gpt-oss-120b/RTLLM/Prob045_alu/Gen5/Prob045_alu_sample6_C-F,
smooth_qd_v2_8x5,RTLLM,Prob045_alu,combinational,5,88799455-7993-4d17-975a-ea0908ca862c,C-F,generation_log,0.408545896577,0.612818844865,1705,0.00092,0,2225,0.114,0,0.233707865169,0.991929824561,0,/workspace/exp/natural_qd_push/p0_v2_anchor_20260703_041511_UTC/live/smooth_qd_v2_8x5/seed_1001/openai_gpt-oss-120b/RTLLM/Prob045_alu/Gen5/Prob045_alu_sample7_C-F,
smooth_qd_v2_8x5,RTLLM,Prob049_signal_generator,sequential,0,69a59402-bf62-4b30-a867-41fd2922d91c,initial,generation_log,0.234774694403,0.234774694403,82,0.00252,0.38,94,0.00467,0.43,0.127659574468,0.460385438972,0.116279069767,/workspace/exp/natural_qd_push/p0_v2_anchor_20260703_041511_UTC/live/smooth_qd_v2_8x5/seed_1001/openai_gpt-oss-120b/RTLLM/Prob049_signal_generator/Gen0/Prob049_signal_generator_sample2_initial,
smooth_qd_v2_8x5,RTLLM,Prob049_signal_generator,sequential,0,ee5e9e7d-0581-4f82-a135-7e1179540df7,initial,generation_log,0.234774694403,0.234774694403,82,0.00252,0.38,94,0.00467,0.43,0.127659574468,0.460385438972,0.116279069767,/workspace/exp/natural_qd_push/p0_v2_anchor_20260703_041511_UTC/live/smooth_qd_v2_8x5/seed_1001/openai_gpt-oss-120b/RTLLM/Prob049_signal_generator/Gen0/Prob049_signal_generator_sample3_initial,
smooth_qd_v2_8x5,RTLLM,Prob049_signal_generator,sequential,0,88189a0b-f83a-4604-8277-11772f193506,initial,generation_log,0.234774694403,0.234774694403,82,0.00252,0.38,94,0.00467,0.43,0.127659574468,0.460385438972,0.116279069767,/workspace/exp/natural_qd_push/p0_v2_anchor_20260703_041511_UTC/live/smooth_qd_v2_8x5/seed_1001/openai_gpt-oss-120b/RTLLM/Prob049_signal_generator/Gen0/Prob049_signal_generator_sample5_initial,
smooth_qd_v2_8x5,RTLLM,Prob049_signal_generator,sequential,0,f9022dc1-1706-4ec0-9f5c-f93ab0e2d59f,initial,generation_log,0.234774694403,0.234774694403,82,0.00252,0.38,94,0.00467,0.43,0.127659574468,0.460385438972,0.116279069767,/workspace/exp/natural_qd_push/p0_v2_anchor_20260703_041511_UTC/live/smooth_qd_v2_8x5/seed_1001/openai_gpt-oss-120b/RTLLM/Prob049_signal_generator/Gen0/Prob049_signal_generator_sample6_initial,
smooth_qd_v2_8x5,RTLLM,Prob049_signal_generator,sequential,0,20ef5727-3e91-46b0-a773-073791e1d2a6,initial,generation_log,0.234774694403,0.234774694403,82,0.00252,0.38,94,0.00467,0.43,0.127659574468,0.460385438972,0.116279069767,/workspace/exp/natural_qd_push/p0_v2_anchor_20260703_041511_UTC/live/smooth_qd_v2_8x5/seed_1001/openai_gpt-oss-120b/RTLLM/Prob049_signal_generator/Gen0/Prob049_signal_generator_sample7_initial,
smooth_qd_v2_8x5,RTLLM,Prob049_signal_generator,sequential,0,ca5fd27c-6624-42b9-a2e6-c1ea48dd56e2,initial,generation_log,0.234774694403,0.234774694403,82,0.00252,0.38,94,0.00467,0.43,0.127659574468,0.460385438972,0.116279069767,/workspace/exp/natural_qd_push/p0_v2_anchor_20260703_041511_UTC/live/smooth_qd_v2_8x5/seed_1001/openai_gpt-oss-120b/RTLLM/Prob049_signal_generator/Gen0/Prob049_signal_generator_sample8_initial,
smooth_qd_v2_8x5,RTLLM,Prob049_signal_generator,sequential,1,3cff613f-ff8c-4f07-9da8-4850790f8a1e,M-R,generation_log,0.207437714137,0.207437714137,77,0.00326,0.37,94,0.00467,0.43,0.18085106383,0.301927194861,0.139534883721,/workspace/exp/natural_qd_push/p0_v2_anchor_20260703_041511_UTC/live/smooth_qd_v2_8x5/seed_1001/openai_gpt-oss-120b/RTLLM/Prob049_signal_generator/Gen1/Prob049_signal_generator_sample4_M-R,
smooth_qd_v2_8x5,RTLLM,Prob049_signal_generator,sequential,1,ca1123ee-8846-49c2-beb2-8835a31f80fb,M-I,generation_log,0.234774694403,0.234774694403,82,0.00252,0.38,94,0.00467,0.43,0.127659574468,0.460385438972,0.116279069767,/workspace/exp/natural_qd_push/p0_v2_anchor_20260703_041511_UTC/live/smooth_qd_v2_8x5/seed_1001/openai_gpt-oss-120b/RTLLM/Prob049_signal_generator/Gen1/Prob049_signal_generator_sample6_M-I,
smooth_qd_v2_8x5,RTLLM,Prob049_signal_generator,sequential,1,66bca23d-aa5d-4581-a5a1-f3cf0a3a1a9c,M-I,generation_log,0.234774694403,0.234774694403,82,0.00252,0.38,94,0.00467,0.43,0.127659574468,0.460385438972,0.116279069767,/workspace/exp/natural_qd_push/p0_v2_anchor_20260703_041511_UTC/live/smooth_qd_v2_8x5/seed_1001/openai_gpt-oss-120b/RTLLM/Prob049_signal_generator/Gen1/Prob049_signal_generator_sample7_M-I,
smooth_qd_v2_8x5,RTLLM,Prob049_signal_generator,sequential,2,1de951a0-b911-46cb-b1cc-60d433f43dbb,M-S,generation_log,0.234774694403,0.234774694403,82,0.00252,0.38,94,0.00467,0.43,0.127659574468,0.460385438972,0.116279069767,/workspace/exp/natural_qd_push/p0_v2_anchor_20260703_041511_UTC/live/smooth_qd_v2_8x5/seed_1001/openai_gpt-oss-120b/RTLLM/Prob049_signal_generator/Gen2/Prob049_signal_generator_sample4_M-S,
smooth_qd_v2_8x5,RTLLM,Prob049_signal_generator,sequential,2,bf6355ea-49c0-4fc7-8a8e-daebf6c11d43,M-R,generation_log,0.234774694403,0.234774694403,82,0.00252,0.38,94,0.00467,0.43,0.127659574468,0.460385438972,0.116279069767,/workspace/exp/natural_qd_push/p0_v2_anchor_20260703_041511_UTC/live/smooth_qd_v2_8x5/seed_1001/openai_gpt-oss-120b/RTLLM/Prob049_signal_generator/Gen2/Prob049_signal_generator_sample6_M-R,
smooth_qd_v2_8x5,RTLLM,Prob049_signal_generator,sequential,3,0d94f0e5-7d2a-4ec0-abe7-b7b81fec397f,M-R,generation_log,0.234774694403,0.234774694403,82,0.00252,0.38,94,0.00467,0.43,0.127659574468,0.460385438972,0.116279069767,/workspace/exp/natural_qd_push/p0_v2_anchor_20260703_041511_UTC/live/smooth_qd_v2_8x5/seed_1001/openai_gpt-oss-120b/RTLLM/Prob049_signal_generator/Gen3/Prob049_signal_generator_sample1_M-R,
smooth_qd_v2_8x5,RTLLM,Prob049_signal_generator,sequential,3,47c4094e-246f-4edf-8e6c-efbc6c23e667,M-R,generation_log,0.234774694403,0.234774694403,82,0.00252,0.38,94,0.00467,0.43,0.127659574468,0.460385438972,0.116279069767,/workspace/exp/natural_qd_push/p0_v2_anchor_20260703_041511_UTC/live/smooth_qd_v2_8x5/seed_1001/openai_gpt-oss-120b/RTLLM/Prob049_signal_generator/Gen3/Prob049_signal_generator_sample6_M-R,
smooth_qd_v2_8x5,RTLLM,Prob049_signal_generator,sequential,3,77c9d0e4-1d17-4fe5-8ad3-c1a13cf107bb,M-R,generation_log,0.207437714137,0.207437714137,77,0.00326,0.37,94,0.00467,0.43,0.18085106383,0.301927194861,0.139534883721,/workspace/exp/natural_qd_push/p0_v2_anchor_20260703_041511_UTC/live/smooth_qd_v2_8x5/seed_1001/openai_gpt-oss-120b/RTLLM/Prob049_signal_generator/Gen3/Prob049_signal_generator_sample8_M-R,
smooth_qd_v2_8x5,RTLLM,Prob049_signal_generator,sequential,4,1506579f-5592-401c-b96b-807f55867ba1,M-E,generation_log,0.234774694403,0.234774694403,82,0.00252,0.38,94,0.00467,0.43,0.127659574468,0.460385438972,0.116279069767,/workspace/exp/natural_qd_push/p0_v2_anchor_20260703_041511_UTC/live/smooth_qd_v2_8x5/seed_1001/openai_gpt-oss-120b/RTLLM/Prob049_signal_generator/Gen4/Prob049_signal_generator_sample3_M-E,
smooth_qd_v2_8x5,RTLLM,Prob049_signal_generator,sequential,4,8f348683-81ee-4132-aa61-bebdb3142682,M-R,generation_log,0.234774694403,0.234774694403,82,0.00252,0.38,94,0.00467,0.43,0.127659574468,0.460385438972,0.116279069767,/workspace/exp/natural_qd_push/p0_v2_anchor_20260703_041511_UTC/live/smooth_qd_v2_8x5/seed_1001/openai_gpt-oss-120b/RTLLM/Prob049_signal_generator/Gen4/Prob049_signal_generator_sample4_M-R,
smooth_qd_v2_8x5,RTLLM,Prob049_signal_generator,sequential,4,fe133b22-6d60-4564-ae1f-c6a169f547ad,M-S,generation_log,0.207437714137,0.207437714137,77,0.00326,0.37,94,0.00467,0.43,0.18085106383,0.301927194861,0.139534883721,/workspace/exp/natural_qd_push/p0_v2_anchor_20260703_041511_UTC/live/smooth_qd_v2_8x5/seed_1001/openai_gpt-oss-120b/RTLLM/Prob049_signal_generator/Gen4/Prob049_signal_generator_sample7_M-S,
smooth_qd_v2_8x5,RTLLM,Prob049_signal_generator,sequential,5,40ddbace-9a62-44e7-bad4-355fbc932abb,M-R,generation_log,0.234774694403,0.234774694403,82,0.00252,0.38,94,0.00467,0.43,0.127659574468,0.460385438972,0.116279069767,/workspace/exp/natural_qd_push/p0_v2_anchor_20260703_041511_UTC/live/smooth_qd_v2_8x5/seed_1001/openai_gpt-oss-120b/RTLLM/Prob049_signal_generator/Gen5/Prob049_signal_generator_sample4_M-R,
smooth_qd_v2_8x5,RTLLM,Prob049_signal_generator,sequential,5,294e825e-4fad-4a86-aa8d-4a1e9b0db15e,M-S,generation_log,0.234774694403,0.234774694403,82,0.00252,0.38,94,0.00467,0.43,0.127659574468,0.460385438972,0.116279069767,/workspace/exp/natural_qd_push/p0_v2_anchor_20260703_041511_UTC/live/smooth_qd_v2_8x5/seed_1001/openai_gpt-oss-120b/RTLLM/Prob049_signal_generator/Gen5/Prob049_signal_generator_sample5_M-S,
smooth_qd_v2_8x5,RTLLM,Prob049_signal_generator,sequential,5,cfb1a781-d3cb-46d5-95d1-aed94a974253,M-E,generation_log,0.234774694403,0.234774694403,82,0.00252,0.38,94,0.00467,0.43,0.127659574468,0.460385438972,0.116279069767,/workspace/exp/natural_qd_push/p0_v2_anchor_20260703_041511_UTC/live/smooth_qd_v2_8x5/seed_1001/openai_gpt-oss-120b/RTLLM/Prob049_signal_generator/Gen5/Prob049_signal_generator_sample8_M-E,
smooth_qd_v2_8x5,VerilogEval-Spec-to-RTL,Prob116_m2014_q3,combinational,0,0a16e16e-3c37-4a5c-ac6b-7ea9c88126a5,initial,generation_log,0.464369602763,0.696554404145,3,1.33e-06,0,5,0.000193,0,0.4,0.99310880829,0,/workspace/exp/natural_qd_push/p0_v2_anchor_20260703_041511_UTC/live/smooth_qd_v2_8x5/seed_1001/openai_gpt-oss-120b/VerilogEval-Spec-to-RTL/Prob116_m2014_q3/Gen0/Prob116_m2014_q3_sample1_initial,
smooth_qd_v2_8x5,VerilogEval-Spec-to-RTL,Prob116_m2014_q3,combinational,0,2583d77b-3a39-475b-a0d5-12397a759650,initial,generation_log,0.464369602763,0.696554404145,3,1.33e-06,0,5,0.000193,0,0.4,0.99310880829,0,/workspace/exp/natural_qd_push/p0_v2_anchor_20260703_041511_UTC/live/smooth_qd_v2_8x5/seed_1001/openai_gpt-oss-120b/VerilogEval-Spec-to-RTL/Prob116_m2014_q3/Gen0/Prob116_m2014_q3_sample4_initial,
smooth_qd_v2_8x5,VerilogEval-Spec-to-RTL,Prob116_m2014_q3,combinational,0,432052c2-4773-42d4-a919-645d85499616,initial,generation_log,0.330535405872,0.495803108808,5,1.62e-06,0,5,0.000193,0,0,0.991606217617,0,/workspace/exp/natural_qd_push/p0_v2_anchor_20260703_041511_UTC/live/smooth_qd_v2_8x5/seed_1001/openai_gpt-oss-120b/VerilogEval-Spec-to-RTL/Prob116_m2014_q3/Gen0/Prob116_m2014_q3_sample5_initial,
smooth_qd_v2_8x5,VerilogEval-Spec-to-RTL,Prob116_m2014_q3,combinational,0,9d8513f7-7488-4a2a-8eb2-8debce79e0d9,initial,generation_log,0.396908462867,0.595362694301,4,1.79e-06,0,5,0.000193,0,0.2,0.990725388601,0,/workspace/exp/natural_qd_push/p0_v2_anchor_20260703_041511_UTC/live/smooth_qd_v2_8x5/seed_1001/openai_gpt-oss-120b/VerilogEval-Spec-to-RTL/Prob116_m2014_q3/Gen0/Prob116_m2014_q3_sample8_initial,
smooth_qd_v2_8x5,VerilogEval-Spec-to-RTL,Prob116_m2014_q3,combinational,1,f0891a7e-05a3-4cd4-8dc4-18297f804a2a,M-E,generation_log,0.464404145078,0.696606217617,3,1.31e-06,0,5,0.000193,0,0.4,0.993212435233,0,/workspace/exp/natural_qd_push/p0_v2_anchor_20260703_041511_UTC/live/smooth_qd_v2_8x5/seed_1001/openai_gpt-oss-120b/VerilogEval-Spec-to-RTL/Prob116_m2014_q3/Gen1/Prob116_m2014_q3_sample5_M-E,
smooth_qd_v2_8x5,VerilogEval-Spec-to-RTL,Prob116_m2014_q3,combinational,1,1bf8d228-8c16-41d3-9761-d0a272f00ce6,M-R,generation_log,0.396908462867,0.595362694301,4,1.79e-06,0,5,0.000193,0,0.2,0.990725388601,0,/workspace/exp/natural_qd_push/p0_v2_anchor_20260703_041511_UTC/live/smooth_qd_v2_8x5/seed_1001/openai_gpt-oss-120b/VerilogEval-Spec-to-RTL/Prob116_m2014_q3/Gen1/Prob116_m2014_q3_sample6_M-R,
smooth_qd_v2_8x5,VerilogEval-Spec-to-RTL,Prob116_m2014_q3,combinational,1,927981b0-367c-48d2-8797-5c022fc929e7,M-I,generation_log,0.464369602763,0.696554404145,3,1.33e-06,0,5,0.000193,0,0.4,0.99310880829,0,/workspace/exp/natural_qd_push/p0_v2_anchor_20260703_041511_UTC/live/smooth_qd_v2_8x5/seed_1001/openai_gpt-oss-120b/VerilogEval-Spec-to-RTL/Prob116_m2014_q3/Gen1/Prob116_m2014_q3_sample7_M-I,
smooth_qd_v2_8x5,VerilogEval-Spec-to-RTL,Prob116_m2014_q3,combinational,1,fa34b6d6-cb34-4c8f-b17c-0478d14fadf9,M-S,generation_log,0.464369602763,0.696554404145,3,1.33e-06,0,5,0.000193,0,0.4,0.99310880829,0,/workspace/exp/natural_qd_push/p0_v2_anchor_20260703_041511_UTC/live/smooth_qd_v2_8x5/seed_1001/openai_gpt-oss-120b/VerilogEval-Spec-to-RTL/Prob116_m2014_q3/Gen1/Prob116_m2014_q3_sample8_M-S,
smooth_qd_v2_8x5,VerilogEval-Spec-to-RTL,Prob116_m2014_q3,combinational,2,5ced61de-bcdc-44d2-9f2a-ec6bfc510207,initial,generation_log,0.465352331606,0.698028497409,3,7.61e-07,0,5,0.000193,0,0.4,0.996056994819,0,/workspace/exp/natural_qd_push/p0_v2_anchor_20260703_041511_UTC/live/smooth_qd_v2_8x5/seed_1001/openai_gpt-oss-120b/VerilogEval-Spec-to-RTL/Prob116_m2014_q3/Gen2/Prob116_m2014_q3_sample1_initial,
smooth_qd_v2_8x5,VerilogEval-Spec-to-RTL,Prob116_m2014_q3,combinational,2,ac3bb02e-bca8-486e-aead-a09f474ac60c,initial,generation_log,0.330535405872,0.495803108808,5,1.62e-06,0,5,0.000193,0,0,0.991606217617,0,/workspace/exp/natural_qd_push/p0_v2_anchor_20260703_041511_UTC/live/smooth_qd_v2_8x5/seed_1001/openai_gpt-oss-120b/VerilogEval-Spec-to-RTL/Prob116_m2014_q3/Gen2/Prob116_m2014_q3_sample2_initial,
smooth_qd_v2_8x5,VerilogEval-Spec-to-RTL,Prob116_m2014_q3,combinational,2,65229e20-6ee4-4c2f-97f0-07088d656e69,M-F,generation_log,0.397858376511,0.596787564767,4,1.24e-06,0,5,0.000193,0,0.2,0.993575129534,0,/workspace/exp/natural_qd_push/p0_v2_anchor_20260703_041511_UTC/live/smooth_qd_v2_8x5/seed_1001/openai_gpt-oss-120b/VerilogEval-Spec-to-RTL/Prob116_m2014_q3/Gen2/Prob116_m2014_q3_sample2_M-F,
smooth_qd_v2_8x5,VerilogEval-Spec-to-RTL,Prob116_m2014_q3,combinational,2,d426c18b-9b6b-45b7-a066-4568da61ab14,C-F,generation_log,0.464369602763,0.696554404145,3,1.33e-06,0,5,0.000193,0,0.4,0.99310880829,0,/workspace/exp/natural_qd_push/p0_v2_anchor_20260703_041511_UTC/live/smooth_qd_v2_8x5/seed_1001/openai_gpt-oss-120b/VerilogEval-Spec-to-RTL/Prob116_m2014_q3/Gen2/Prob116_m2014_q3_sample4_C-F,
smooth_qd_v2_8x5,VerilogEval-Spec-to-RTL,Prob116_m2014_q3,combinational,2,4a523204-9a3c-43c9-9315-7a582b42ee99,M-R,generation_log,0.396908462867,0.595362694301,4,1.79e-06,0,5,0.000193,0,0.2,0.990725388601,0,/workspace/exp/natural_qd_push/p0_v2_anchor_20260703_041511_UTC/live/smooth_qd_v2_8x5/seed_1001/openai_gpt-oss-120b/VerilogEval-Spec-to-RTL/Prob116_m2014_q3/Gen2/Prob116_m2014_q3_sample6_M-R,
smooth_qd_v2_8x5,VerilogEval-Spec-to-RTL,Prob116_m2014_q3,combinational,3,ad6458c8-7828-4bd6-b9e8-14af297cb62b,M-R,generation_log,0.397858376511,0.596787564767,4,1.24e-06,0,5,0.000193,0,0.2,0.993575129534,0,/workspace/exp/natural_qd_push/p0_v2_anchor_20260703_041511_UTC/live/smooth_qd_v2_8x5/seed_1001/openai_gpt-oss-120b/VerilogEval-Spec-to-RTL/Prob116_m2014_q3/Gen3/Prob116_m2014_q3_sample2_M-R,
smooth_qd_v2_8x5,VerilogEval-Spec-to-RTL,Prob116_m2014_q3,combinational,3,96678ef8-fdc6-460c-afba-433f90dc7ef5,C-F,generation_log,0.397858376511,0.596787564767,4,1.24e-06,0,5,0.000193,0,0.2,0.993575129534,0,/workspace/exp/natural_qd_push/p0_v2_anchor_20260703_041511_UTC/live/smooth_qd_v2_8x5/seed_1001/openai_gpt-oss-120b/VerilogEval-Spec-to-RTL/Prob116_m2014_q3/Gen3/Prob116_m2014_q3_sample3_C-F,
smooth_qd_v2_8x5,VerilogEval-Spec-to-RTL,Prob116_m2014_q3,combinational,3,49a4362b-2ab1-469e-9ef9-2f97bdc9f540,C-F,generation_log,0.464369602763,0.696554404145,3,1.33e-06,0,5,0.000193,0,0.4,0.99310880829,0,/workspace/exp/natural_qd_push/p0_v2_anchor_20260703_041511_UTC/live/smooth_qd_v2_8x5/seed_1001/openai_gpt-oss-120b/VerilogEval-Spec-to-RTL/Prob116_m2014_q3/Gen3/Prob116_m2014_q3_sample4_C-F,
smooth_qd_v2_8x5,VerilogEval-Spec-to-RTL,Prob116_m2014_q3,combinational,3,c52b3db3-d134-4d08-ad64-fcb5e129de45,C-F,generation_log,0.397962003454,0.596943005181,4,1.18e-06,0,5,0.000193,0,0.2,0.993886010363,0,/workspace/exp/natural_qd_push/p0_v2_anchor_20260703_041511_UTC/live/smooth_qd_v2_8x5/seed_1001/openai_gpt-oss-120b/VerilogEval-Spec-to-RTL/Prob116_m2014_q3/Gen3/Prob116_m2014_q3_sample5_C-F,
smooth_qd_v2_8x5,VerilogEval-Spec-to-RTL,Prob116_m2014_q3,combinational,3,da1d20ef-5e35-426a-94e8-88265c932bbe,C-F,generation_log,0.464369602763,0.696554404145,3,1.33e-06,0,5,0.000193,0,0.4,0.99310880829,0,/workspace/exp/natural_qd_push/p0_v2_anchor_20260703_041511_UTC/live/smooth_qd_v2_8x5/seed_1001/openai_gpt-oss-120b/VerilogEval-Spec-to-RTL/Prob116_m2014_q3/Gen3/Prob116_m2014_q3_sample6_C-F,
smooth_qd_v2_8x5,VerilogEval-Spec-to-RTL,Prob116_m2014_q3,combinational,4,6d007af6-37e0-4c2a-b3f4-504b9f88ae49,C-F,generation_log,0.464369602763,0.696554404145,3,1.33e-06,0,5,0.000193,0,0.4,0.99310880829,0,/workspace/exp/natural_qd_push/p0_v2_anchor_20260703_041511_UTC/live/smooth_qd_v2_8x5/seed_1001/openai_gpt-oss-120b/VerilogEval-Spec-to-RTL/Prob116_m2014_q3/Gen4/Prob116_m2014_q3_sample1_C-F,
smooth_qd_v2_8x5,VerilogEval-Spec-to-RTL,Prob116_m2014_q3,combinational,4,3d13b7b1-ec28-40f8-b9e5-7dd251729ffc,C-F,generation_log,0.465352331606,0.698028497409,3,7.61e-07,0,5,0.000193,0,0.4,0.996056994819,0,/workspace/exp/natural_qd_push/p0_v2_anchor_20260703_041511_UTC/live/smooth_qd_v2_8x5/seed_1001/openai_gpt-oss-120b/VerilogEval-Spec-to-RTL/Prob116_m2014_q3/Gen4/Prob116_m2014_q3_sample2_C-F,
smooth_qd_v2_8x5,VerilogEval-Spec-to-RTL,Prob116_m2014_q3,combinational,4,80292c7d-6f90-48c2-bf32-c104b0491462,M-I,generation_log,0.397996545769,0.596994818653,4,1.16e-06,0,5,0.000193,0,0.2,0.993989637306,0,/workspace/exp/natural_qd_push/p0_v2_anchor_20260703_041511_UTC/live/smooth_qd_v2_8x5/seed_1001/openai_gpt-oss-120b/VerilogEval-Spec-to-RTL/Prob116_m2014_q3/Gen4/Prob116_m2014_q3_sample3_M-I,
smooth_qd_v2_8x5,VerilogEval-Spec-to-RTL,Prob116_m2014_q3,combinational,4,ba505c9d-a02f-4749-8397-9c36d443f5bd,C-F,generation_log,0.465352331606,0.698028497409,3,7.61e-07,0,5,0.000193,0,0.4,0.996056994819,0,/workspace/exp/natural_qd_push/p0_v2_anchor_20260703_041511_UTC/live/smooth_qd_v2_8x5/seed_1001/openai_gpt-oss-120b/VerilogEval-Spec-to-RTL/Prob116_m2014_q3/Gen4/Prob116_m2014_q3_sample4_C-F,
smooth_qd_v2_8x5,VerilogEval-Spec-to-RTL,Prob116_m2014_q3,combinational,4,ba92b505-b1ce-441e-90d9-ac91a0b269cc,C-F,generation_log,0.465352331606,0.698028497409,3,7.61e-07,0,5,0.000193,0,0.4,0.996056994819,0,/workspace/exp/natural_qd_push/p0_v2_anchor_20260703_041511_UTC/live/smooth_qd_v2_8x5/seed_1001/openai_gpt-oss-120b/VerilogEval-Spec-to-RTL/Prob116_m2014_q3/Gen4/Prob116_m2014_q3_sample7_C-F,
smooth_qd_v2_8x5,VerilogEval-Spec-to-RTL,Prob116_m2014_q3,combinational,4,cfa16582-c75c-46df-be03-ad8634b7114c,C-F,generation_log,0.465352331606,0.698028497409,3,7.61e-07,0,5,0.000193,0,0.4,0.996056994819,0,/workspace/exp/natural_qd_push/p0_v2_anchor_20260703_041511_UTC/live/smooth_qd_v2_8x5/seed_1001/openai_gpt-oss-120b/VerilogEval-Spec-to-RTL/Prob116_m2014_q3/Gen4/Prob116_m2014_q3_sample8_C-F,
smooth_qd_v2_8x5,VerilogEval-Spec-to-RTL,Prob116_m2014_q3,combinational,5,1aa8755b-8cac-44e9-a698-2c848f77520f,M-R,generation_log,0.465352331606,0.698028497409,3,7.61e-07,0,5,0.000193,0,0.4,0.996056994819,0,/workspace/exp/natural_qd_push/p0_v2_anchor_20260703_041511_UTC/live/smooth_qd_v2_8x5/seed_1001/openai_gpt-oss-120b/VerilogEval-Spec-to-RTL/Prob116_m2014_q3/Gen5/Prob116_m2014_q3_sample1_M-R,
smooth_qd_v2_8x5,VerilogEval-Spec-to-RTL,Prob116_m2014_q3,combinational,5,86b1625b-56be-44b6-aa59-7b458a59c856,M-S,generation_log,0.465352331606,0.698028497409,3,7.61e-07,0,5,0.000193,0,0.4,0.996056994819,0,/workspace/exp/natural_qd_push/p0_v2_anchor_20260703_041511_UTC/live/smooth_qd_v2_8x5/seed_1001/openai_gpt-oss-120b/VerilogEval-Spec-to-RTL/Prob116_m2014_q3/Gen5/Prob116_m2014_q3_sample3_M-S,
smooth_qd_v2_8x5,VerilogEval-Spec-to-RTL,Prob116_m2014_q3,combinational,5,245f6574-643a-4547-8d80-8d8b2b60f259,C-F,generation_log,0.397858376511,0.596787564767,4,1.24e-06,0,5,0.000193,0,0.2,0.993575129534,0,/workspace/exp/natural_qd_push/p0_v2_anchor_20260703_041511_UTC/live/smooth_qd_v2_8x5/seed_1001/openai_gpt-oss-120b/VerilogEval-Spec-to-RTL/Prob116_m2014_q3/Gen5/Prob116_m2014_q3_sample4_C-F,
smooth_qd_v2_8x5,VerilogEval-Spec-to-RTL,Prob116_m2014_q3,combinational,5,cb4b8925-56a8-4ca9-8cc8-dd83419dbd61,C-F,generation_log,0.465352331606,0.698028497409,3,7.61e-07,0,5,0.000193,0,0.4,0.996056994819,0,/workspace/exp/natural_qd_push/p0_v2_anchor_20260703_041511_UTC/live/smooth_qd_v2_8x5/seed_1001/openai_gpt-oss-120b/VerilogEval-Spec-to-RTL/Prob116_m2014_q3/Gen5/Prob116_m2014_q3_sample5_C-F,
smooth_qd_v2_8x5,VerilogEval-Spec-to-RTL,Prob116_m2014_q3,combinational,5,6337f45f-f304-4c2d-9ce8-f8cd0c8b60f0,M-I,generation_log,0.397858376511,0.596787564767,4,1.24e-06,0,5,0.000193,0,0.2,0.993575129534,0,/workspace/exp/natural_qd_push/p0_v2_anchor_20260703_041511_UTC/live/smooth_qd_v2_8x5/seed_1001/openai_gpt-oss-120b/VerilogEval-Spec-to-RTL/Prob116_m2014_q3/Gen5/Prob116_m2014_q3_sample6_M-I,
smooth_qd_v2_8x5,VerilogEval-Spec-to-RTL,Prob116_m2014_q3,combinational,5,3cd94c84-591d-4df8-a715-352575bd9363,C-F,generation_log,0.465352331606,0.698028497409,3,7.61e-07,0,5,0.000193,0,0.4,0.996056994819,0,/workspace/exp/natural_qd_push/p0_v2_anchor_20260703_041511_UTC/live/smooth_qd_v2_8x5/seed_1001/openai_gpt-oss-120b/VerilogEval-Spec-to-RTL/Prob116_m2014_q3/Gen5/Prob116_m2014_q3_sample7_C-F,
smooth_qd_v2_8x5,VerilogEval-Spec-to-RTL,Prob135_m2014_q6b,combinational,0,c05f0d24-406b-46dd-86eb-aea82803510b,initial,generation_log,0.196143497758,0.294215246637,7,2.58e-06,0,5,0.000223,0,-0.4,0.988430493274,0,/workspace/exp/natural_qd_push/p0_v2_anchor_20260703_041511_UTC/live/smooth_qd_v2_8x5/seed_1001/openai_gpt-oss-120b/VerilogEval-Spec-to-RTL/Prob135_m2014_q6b/Gen0/Prob135_m2014_q6b_sample2_initial,
smooth_qd_v2_8x5,VerilogEval-Spec-to-RTL,Prob135_m2014_q6b,combinational,0,e0001ccb-1073-495e-9738-bd338de15618,initial,generation_log,0.196143497758,0.294215246637,7,2.58e-06,0,5,0.000223,0,-0.4,0.988430493274,0,/workspace/exp/natural_qd_push/p0_v2_anchor_20260703_041511_UTC/live/smooth_qd_v2_8x5/seed_1001/openai_gpt-oss-120b/VerilogEval-Spec-to-RTL/Prob135_m2014_q6b/Gen0/Prob135_m2014_q6b_sample4_initial,
smooth_qd_v2_8x5,VerilogEval-Spec-to-RTL,Prob135_m2014_q6b,combinational,0,f5e9e410-4ccf-4feb-a4da-8b7a99ba85e7,initial,generation_log,0.263617339312,0.395426008969,6,2.04e-06,0,5,0.000223,0,-0.2,0.990852017937,0,/workspace/exp/natural_qd_push/p0_v2_anchor_20260703_041511_UTC/live/smooth_qd_v2_8x5/seed_1001/openai_gpt-oss-120b/VerilogEval-Spec-to-RTL/Prob135_m2014_q6b/Gen0/Prob135_m2014_q6b_sample6_initial,
smooth_qd_v2_8x5,VerilogEval-Spec-to-RTL,Prob135_m2014_q6b,combinational,0,52b837d7-e6e4-4912-9be1-dc0264b7feb6,initial,generation_log,0.263617339312,0.395426008969,6,2.04e-06,0,5,0.000223,0,-0.2,0.990852017937,0,/workspace/exp/natural_qd_push/p0_v2_anchor_20260703_041511_UTC/live/smooth_qd_v2_8x5/seed_1001/openai_gpt-oss-120b/VerilogEval-Spec-to-RTL/Prob135_m2014_q6b/Gen0/Prob135_m2014_q6b_sample7_initial,
smooth_qd_v2_8x5,VerilogEval-Spec-to-RTL,Prob135_m2014_q6b,combinational,0,43a0e6fc-3f8d-4f19-be05-aad03c5f6545,initial,generation_log,0.196143497758,0.294215246637,7,2.58e-06,0,5,0.000223,0,-0.4,0.988430493274,0,/workspace/exp/natural_qd_push/p0_v2_anchor_20260703_041511_UTC/live/smooth_qd_v2_8x5/seed_1001/openai_gpt-oss-120b/VerilogEval-Spec-to-RTL/Prob135_m2014_q6b/Gen0/Prob135_m2014_q6b_sample8_initial,
smooth_qd_v2_8x5,VerilogEval-Spec-to-RTL,Prob135_m2014_q6b,combinational,1,392e45e5-6887-40fc-beb3-082f6e70f708,M-S,generation_log,0.196143497758,0.294215246637,7,2.58e-06,0,5,0.000223,0,-0.4,0.988430493274,0,/workspace/exp/natural_qd_push/p0_v2_anchor_20260703_041511_UTC/live/smooth_qd_v2_8x5/seed_1001/openai_gpt-oss-120b/VerilogEval-Spec-to-RTL/Prob135_m2014_q6b/Gen1/Prob135_m2014_q6b_sample2_M-S,
smooth_qd_v2_8x5,VerilogEval-Spec-to-RTL,Prob135_m2014_q6b,combinational,1,e98931bb-8d25-4c2d-9f57-c958dab97f51,M-E,generation_log,0.26312406577,0.394686098655,6,2.37e-06,0,5,0.000223,0,-0.2,0.989372197309,0,/workspace/exp/natural_qd_push/p0_v2_anchor_20260703_041511_UTC/live/smooth_qd_v2_8x5/seed_1001/openai_gpt-oss-120b/VerilogEval-Spec-to-RTL/Prob135_m2014_q6b/Gen1/Prob135_m2014_q6b_sample4_M-E,
smooth_qd_v2_8x5,VerilogEval-Spec-to-RTL,Prob135_m2014_q6b,combinational,1,597bed15-0da1-4b48-8b19-c6bbe9b5bd39,M-S,generation_log,0.263617339312,0.395426008969,6,2.04e-06,0,5,0.000223,0,-0.2,0.990852017937,0,/workspace/exp/natural_qd_push/p0_v2_anchor_20260703_041511_UTC/live/smooth_qd_v2_8x5/seed_1001/openai_gpt-oss-120b/VerilogEval-Spec-to-RTL/Prob135_m2014_q6b/Gen1/Prob135_m2014_q6b_sample5_M-S,
smooth_qd_v2_8x5,VerilogEval-Spec-to-RTL,Prob135_m2014_q6b,combinational,1,4a0d7424-bd35-4423-bb86-112ac77e83f3,M-R,generation_log,0.196143497758,0.294215246637,7,2.58e-06,0,5,0.000223,0,-0.4,0.988430493274,0,/workspace/exp/natural_qd_push/p0_v2_anchor_20260703_041511_UTC/live/smooth_qd_v2_8x5/seed_1001/openai_gpt-oss-120b/VerilogEval-Spec-to-RTL/Prob135_m2014_q6b/Gen1/Prob135_m2014_q6b_sample6_M-R,
smooth_qd_v2_8x5,VerilogEval-Spec-to-RTL,Prob135_m2014_q6b,combinational,1,a9a7342f-9ba3-4819-bacd-e70a54bbfc43,M-I,generation_log,0.196143497758,0.294215246637,7,2.58e-06,0,5,0.000223,0,-0.4,0.988430493274,0,/workspace/exp/natural_qd_push/p0_v2_anchor_20260703_041511_UTC/live/smooth_qd_v2_8x5/seed_1001/openai_gpt-oss-120b/VerilogEval-Spec-to-RTL/Prob135_m2014_q6b/Gen1/Prob135_m2014_q6b_sample7_M-I,
smooth_qd_v2_8x5,VerilogEval-Spec-to-RTL,Prob135_m2014_q6b,combinational,1,74d06303-e484-466c-9023-2601bb4742c4,M-E,generation_log,0.26312406577,0.394686098655,6,2.37e-06,0,5,0.000223,0,-0.2,0.989372197309,0,/workspace/exp/natural_qd_push/p0_v2_anchor_20260703_041511_UTC/live/smooth_qd_v2_8x5/seed_1001/openai_gpt-oss-120b/VerilogEval-Spec-to-RTL/Prob135_m2014_q6b/Gen1/Prob135_m2014_q6b_sample8_M-E,
smooth_qd_v2_8x5,VerilogEval-Spec-to-RTL,Prob135_m2014_q6b,combinational,2,46509943-05a5-46f4-9d55-366601876d5a,M-S,generation_log,0.264140508221,0.396210762332,6,1.69e-06,0,5,0.000223,0,-0.2,0.992421524664,0,/workspace/exp/natural_qd_push/p0_v2_anchor_20260703_041511_UTC/live/smooth_qd_v2_8x5/seed_1001/openai_gpt-oss-120b/VerilogEval-Spec-to-RTL/Prob135_m2014_q6b/Gen2/Prob135_m2014_q6b_sample1_M-S,
smooth_qd_v2_8x5,VerilogEval-Spec-to-RTL,Prob135_m2014_q6b,combinational,2,1d738348-aa2d-497e-91a3-178ce9329f4e,C-F,generation_log,0.263617339312,0.395426008969,6,2.04e-06,0,5,0.000223,0,-0.2,0.990852017937,0,/workspace/exp/natural_qd_push/p0_v2_anchor_20260703_041511_UTC/live/smooth_qd_v2_8x5/seed_1001/openai_gpt-oss-120b/VerilogEval-Spec-to-RTL/Prob135_m2014_q6b/Gen2/Prob135_m2014_q6b_sample2_C-F,
smooth_qd_v2_8x5,VerilogEval-Spec-to-RTL,Prob135_m2014_q6b,combinational,2,b26f08b4-bd56-48d2-a60d-2be89a81a9e3,C-F,generation_log,0.196143497758,0.294215246637,7,2.58e-06,0,5,0.000223,0,-0.4,0.988430493274,0,/workspace/exp/natural_qd_push/p0_v2_anchor_20260703_041511_UTC/live/smooth_qd_v2_8x5/seed_1001/openai_gpt-oss-120b/VerilogEval-Spec-to-RTL/Prob135_m2014_q6b/Gen2/Prob135_m2014_q6b_sample3_C-F,
smooth_qd_v2_8x5,VerilogEval-Spec-to-RTL,Prob135_m2014_q6b,combinational,2,da313537-2f4f-4845-a481-fcba7a9e1011,C-F,generation_log,0.263617339312,0.395426008969,6,2.04e-06,0,5,0.000223,0,-0.2,0.990852017937,0,/workspace/exp/natural_qd_push/p0_v2_anchor_20260703_041511_UTC/live/smooth_qd_v2_8x5/seed_1001/openai_gpt-oss-120b/VerilogEval-Spec-to-RTL/Prob135_m2014_q6b/Gen2/Prob135_m2014_q6b_sample4_C-F,
smooth_qd_v2_8x5,VerilogEval-Spec-to-RTL,Prob135_m2014_q6b,combinational,2,3c524597-85b9-4f14-bbd6-c69993e18a99,M-I,generation_log,0.264140508221,0.396210762332,6,1.69e-06,0,5,0.000223,0,-0.2,0.992421524664,0,/workspace/exp/natural_qd_push/p0_v2_anchor_20260703_041511_UTC/live/smooth_qd_v2_8x5/seed_1001/openai_gpt-oss-120b/VerilogEval-Spec-to-RTL/Prob135_m2014_q6b/Gen2/Prob135_m2014_q6b_sample5_M-I,
smooth_qd_v2_8x5,VerilogEval-Spec-to-RTL,Prob135_m2014_q6b,combinational,2,2ab77b4e-92e1-450c-aabf-7d3471139af3,M-E,generation_log,0.26312406577,0.394686098655,6,2.37e-06,0,5,0.000223,0,-0.2,0.989372197309,0,/workspace/exp/natural_qd_push/p0_v2_anchor_20260703_041511_UTC/live/smooth_qd_v2_8x5/seed_1001/openai_gpt-oss-120b/VerilogEval-Spec-to-RTL/Prob135_m2014_q6b/Gen2/Prob135_m2014_q6b_sample6_M-E,
smooth_qd_v2_8x5,VerilogEval-Spec-to-RTL,Prob135_m2014_q6b,combinational,2,95fb8ac1-6fca-4c88-8b09-0b0d23c26824,C-F,generation_log,0.264140508221,0.396210762332,6,1.69e-06,0,5,0.000223,0,-0.2,0.992421524664,0,/workspace/exp/natural_qd_push/p0_v2_anchor_20260703_041511_UTC/live/smooth_qd_v2_8x5/seed_1001/openai_gpt-oss-120b/VerilogEval-Spec-to-RTL/Prob135_m2014_q6b/Gen2/Prob135_m2014_q6b_sample7_C-F,
smooth_qd_v2_8x5,VerilogEval-Spec-to-RTL,Prob135_m2014_q6b,combinational,2,a71c56e7-f871-4cad-bf13-d18ade25b642,C-F,generation_log,0.263617339312,0.395426008969,6,2.04e-06,0,5,0.000223,0,-0.2,0.990852017937,0,/workspace/exp/natural_qd_push/p0_v2_anchor_20260703_041511_UTC/live/smooth_qd_v2_8x5/seed_1001/openai_gpt-oss-120b/VerilogEval-Spec-to-RTL/Prob135_m2014_q6b/Gen2/Prob135_m2014_q6b_sample8_C-F,
smooth_qd_v2_8x5,VerilogEval-Spec-to-RTL,Prob135_m2014_q6b,combinational,3,e5f6fb45-ff7d-498a-844b-57e572c52c4d,M-E,generation_log,0.263617339312,0.395426008969,6,2.04e-06,0,5,0.000223,0,-0.2,0.990852017937,0,/workspace/exp/natural_qd_push/p0_v2_anchor_20260703_041511_UTC/live/smooth_qd_v2_8x5/seed_1001/openai_gpt-oss-120b/VerilogEval-Spec-to-RTL/Prob135_m2014_q6b/Gen3/Prob135_m2014_q6b_sample1_M-E,
smooth_qd_v2_8x5,VerilogEval-Spec-to-RTL,Prob135_m2014_q6b,combinational,3,6c2aa973-d263-4346-b6d8-d376742e1405,C-F,generation_log,0.196143497758,0.294215246637,7,2.58e-06,0,5,0.000223,0,-0.4,0.988430493274,0,/workspace/exp/natural_qd_push/p0_v2_anchor_20260703_041511_UTC/live/smooth_qd_v2_8x5/seed_1001/openai_gpt-oss-120b/VerilogEval-Spec-to-RTL/Prob135_m2014_q6b/Gen3/Prob135_m2014_q6b_sample2_C-F,
smooth_qd_v2_8x5,VerilogEval-Spec-to-RTL,Prob135_m2014_q6b,combinational,3,82cffff9-2ad8-4a62-9cda-731dfcaf3c03,M-I,generation_log,0.263617339312,0.395426008969,6,2.04e-06,0,5,0.000223,0,-0.2,0.990852017937,0,/workspace/exp/natural_qd_push/p0_v2_anchor_20260703_041511_UTC/live/smooth_qd_v2_8x5/seed_1001/openai_gpt-oss-120b/VerilogEval-Spec-to-RTL/Prob135_m2014_q6b/Gen3/Prob135_m2014_q6b_sample3_M-I,
smooth_qd_v2_8x5,VerilogEval-Spec-to-RTL,Prob135_m2014_q6b,combinational,3,a1567466-b56c-415d-8e5d-fc8f13424bd5,M-S,generation_log,0.196143497758,0.294215246637,7,2.58e-06,0,5,0.000223,0,-0.4,0.988430493274,0,/workspace/exp/natural_qd_push/p0_v2_anchor_20260703_041511_UTC/live/smooth_qd_v2_8x5/seed_1001/openai_gpt-oss-120b/VerilogEval-Spec-to-RTL/Prob135_m2014_q6b/Gen3/Prob135_m2014_q6b_sample4_M-S,
smooth_qd_v2_8x5,VerilogEval-Spec-to-RTL,Prob135_m2014_q6b,combinational,3,aa4e310b-5edb-4802-bd21-ee64adcb72b2,C-F,generation_log,0.196143497758,0.294215246637,7,2.58e-06,0,5,0.000223,0,-0.4,0.988430493274,0,/workspace/exp/natural_qd_push/p0_v2_anchor_20260703_041511_UTC/live/smooth_qd_v2_8x5/seed_1001/openai_gpt-oss-120b/VerilogEval-Spec-to-RTL/Prob135_m2014_q6b/Gen3/Prob135_m2014_q6b_sample5_C-F,
smooth_qd_v2_8x5,VerilogEval-Spec-to-RTL,Prob135_m2014_q6b,combinational,3,6ac0a401-99a4-42ef-9401-340942f395e6,M-R,generation_log,0.263617339312,0.395426008969,6,2.04e-06,0,5,0.000223,0,-0.2,0.990852017937,0,/workspace/exp/natural_qd_push/p0_v2_anchor_20260703_041511_UTC/live/smooth_qd_v2_8x5/seed_1001/openai_gpt-oss-120b/VerilogEval-Spec-to-RTL/Prob135_m2014_q6b/Gen3/Prob135_m2014_q6b_sample6_M-R,
smooth_qd_v2_8x5,VerilogEval-Spec-to-RTL,Prob135_m2014_q6b,combinational,3,f9583a4f-9e04-4ea9-af66-33f6b29a0a62,M-I,generation_log,0.263617339312,0.395426008969,6,2.04e-06,0,5,0.000223,0,-0.2,0.990852017937,0,/workspace/exp/natural_qd_push/p0_v2_anchor_20260703_041511_UTC/live/smooth_qd_v2_8x5/seed_1001/openai_gpt-oss-120b/VerilogEval-Spec-to-RTL/Prob135_m2014_q6b/Gen3/Prob135_m2014_q6b_sample7_M-I,
smooth_qd_v2_8x5,VerilogEval-Spec-to-RTL,Prob135_m2014_q6b,combinational,3,fc392a59-e8c1-4632-9553-18153820b82f,C-F,generation_log,0.264140508221,0.396210762332,6,1.69e-06,0,5,0.000223,0,-0.2,0.992421524664,0,/workspace/exp/natural_qd_push/p0_v2_anchor_20260703_041511_UTC/live/smooth_qd_v2_8x5/seed_1001/openai_gpt-oss-120b/VerilogEval-Spec-to-RTL/Prob135_m2014_q6b/Gen3/Prob135_m2014_q6b_sample8_C-F,
smooth_qd_v2_8x5,VerilogEval-Spec-to-RTL,Prob135_m2014_q6b,combinational,4,0adfe93f-99bd-4768-9e03-e2bbef1b1c92,M-I,generation_log,0.264140508221,0.396210762332,6,1.69e-06,0,5,0.000223,0,-0.2,0.992421524664,0,/workspace/exp/natural_qd_push/p0_v2_anchor_20260703_041511_UTC/live/smooth_qd_v2_8x5/seed_1001/openai_gpt-oss-120b/VerilogEval-Spec-to-RTL/Prob135_m2014_q6b/Gen4/Prob135_m2014_q6b_sample1_M-I,
smooth_qd_v2_8x5,VerilogEval-Spec-to-RTL,Prob135_m2014_q6b,combinational,4,06544197-4b6d-49f8-a290-9a943187ad96,M-S,generation_log,0.263617339312,0.395426008969,6,2.04e-06,0,5,0.000223,0,-0.2,0.990852017937,0,/workspace/exp/natural_qd_push/p0_v2_anchor_20260703_041511_UTC/live/smooth_qd_v2_8x5/seed_1001/openai_gpt-oss-120b/VerilogEval-Spec-to-RTL/Prob135_m2014_q6b/Gen4/Prob135_m2014_q6b_sample2_M-S,
smooth_qd_v2_8x5,VerilogEval-Spec-to-RTL,Prob135_m2014_q6b,combinational,4,49c5c4d3-f9b5-4233-9124-b3c3a056d74c,C-F,generation_log,0.196143497758,0.294215246637,7,2.58e-06,0,5,0.000223,0,-0.4,0.988430493274,0,/workspace/exp/natural_qd_push/p0_v2_anchor_20260703_041511_UTC/live/smooth_qd_v2_8x5/seed_1001/openai_gpt-oss-120b/VerilogEval-Spec-to-RTL/Prob135_m2014_q6b/Gen4/Prob135_m2014_q6b_sample3_C-F,
smooth_qd_v2_8x5,VerilogEval-Spec-to-RTL,Prob135_m2014_q6b,combinational,4,78f501e7-fa4a-4610-91c1-87ea54da7763,C-F,generation_log,0.264140508221,0.396210762332,6,1.69e-06,0,5,0.000223,0,-0.2,0.992421524664,0,/workspace/exp/natural_qd_push/p0_v2_anchor_20260703_041511_UTC/live/smooth_qd_v2_8x5/seed_1001/openai_gpt-oss-120b/VerilogEval-Spec-to-RTL/Prob135_m2014_q6b/Gen4/Prob135_m2014_q6b_sample4_C-F,
smooth_qd_v2_8x5,VerilogEval-Spec-to-RTL,Prob135_m2014_q6b,combinational,4,be41aafc-c887-4884-b652-6af026d1b498,C-F,generation_log,0.196143497758,0.294215246637,7,2.58e-06,0,5,0.000223,0,-0.4,0.988430493274,0,/workspace/exp/natural_qd_push/p0_v2_anchor_20260703_041511_UTC/live/smooth_qd_v2_8x5/seed_1001/openai_gpt-oss-120b/VerilogEval-Spec-to-RTL/Prob135_m2014_q6b/Gen4/Prob135_m2014_q6b_sample5_C-F,
smooth_qd_v2_8x5,VerilogEval-Spec-to-RTL,Prob135_m2014_q6b,combinational,4,2c0d71c1-d60b-402e-89b6-e4d16a94767f,M-E,generation_log,0.196143497758,0.294215246637,7,2.58e-06,0,5,0.000223,0,-0.4,0.988430493274,0,/workspace/exp/natural_qd_push/p0_v2_anchor_20260703_041511_UTC/live/smooth_qd_v2_8x5/seed_1001/openai_gpt-oss-120b/VerilogEval-Spec-to-RTL/Prob135_m2014_q6b/Gen4/Prob135_m2014_q6b_sample6_M-E,
smooth_qd_v2_8x5,VerilogEval-Spec-to-RTL,Prob135_m2014_q6b,combinational,4,0f36da47-6989-4e94-b546-a504c678e815,M-R,generation_log,0.264140508221,0.396210762332,6,1.69e-06,0,5,0.000223,0,-0.2,0.992421524664,0,/workspace/exp/natural_qd_push/p0_v2_anchor_20260703_041511_UTC/live/smooth_qd_v2_8x5/seed_1001/openai_gpt-oss-120b/VerilogEval-Spec-to-RTL/Prob135_m2014_q6b/Gen4/Prob135_m2014_q6b_sample7_M-R,
smooth_qd_v2_8x5,VerilogEval-Spec-to-RTL,Prob135_m2014_q6b,combinational,4,c5d01075-a1a5-474e-a8e8-824c5bcb3999,M-S,generation_log,0.263617339312,0.395426008969,6,2.04e-06,0,5,0.000223,0,-0.2,0.990852017937,0,/workspace/exp/natural_qd_push/p0_v2_anchor_20260703_041511_UTC/live/smooth_qd_v2_8x5/seed_1001/openai_gpt-oss-120b/VerilogEval-Spec-to-RTL/Prob135_m2014_q6b/Gen4/Prob135_m2014_q6b_sample8_M-S,
smooth_qd_v2_8x5,VerilogEval-Spec-to-RTL,Prob135_m2014_q6b,combinational,5,ce118308-0eca-4c92-8c4f-6d8aa0f3d00d,C-F,generation_log,0.196143497758,0.294215246637,7,2.58e-06,0,5,0.000223,0,-0.4,0.988430493274,0,/workspace/exp/natural_qd_push/p0_v2_anchor_20260703_041511_UTC/live/smooth_qd_v2_8x5/seed_1001/openai_gpt-oss-120b/VerilogEval-Spec-to-RTL/Prob135_m2014_q6b/Gen5/Prob135_m2014_q6b_sample1_C-F,
smooth_qd_v2_8x5,VerilogEval-Spec-to-RTL,Prob135_m2014_q6b,combinational,5,f8818376-28ad-4286-86c0-ab1a4383c17d,M-E,generation_log,0.26312406577,0.394686098655,6,2.37e-06,0,5,0.000223,0,-0.2,0.989372197309,0,/workspace/exp/natural_qd_push/p0_v2_anchor_20260703_041511_UTC/live/smooth_qd_v2_8x5/seed_1001/openai_gpt-oss-120b/VerilogEval-Spec-to-RTL/Prob135_m2014_q6b/Gen5/Prob135_m2014_q6b_sample2_M-E,
smooth_qd_v2_8x5,VerilogEval-Spec-to-RTL,Prob135_m2014_q6b,combinational,5,5fa15fa5-9c72-44b9-a583-4b41977c73de,C-F,generation_log,0.263617339312,0.395426008969,6,2.04e-06,0,5,0.000223,0,-0.2,0.990852017937,0,/workspace/exp/natural_qd_push/p0_v2_anchor_20260703_041511_UTC/live/smooth_qd_v2_8x5/seed_1001/openai_gpt-oss-120b/VerilogEval-Spec-to-RTL/Prob135_m2014_q6b/Gen5/Prob135_m2014_q6b_sample3_C-F,
smooth_qd_v2_8x5,VerilogEval-Spec-to-RTL,Prob135_m2014_q6b,combinational,5,2bf5dddf-dc2d-49c1-8329-dc0e654be1bb,C-F,generation_log,0.196143497758,0.294215246637,7,2.58e-06,0,5,0.000223,0,-0.4,0.988430493274,0,/workspace/exp/natural_qd_push/p0_v2_anchor_20260703_041511_UTC/live/smooth_qd_v2_8x5/seed_1001/openai_gpt-oss-120b/VerilogEval-Spec-to-RTL/Prob135_m2014_q6b/Gen5/Prob135_m2014_q6b_sample4_C-F,
smooth_qd_v2_8x5,VerilogEval-Spec-to-RTL,Prob135_m2014_q6b,combinational,5,40a2360f-6d8e-4ec9-a91c-73087987233c,M-I,generation_log,0.264140508221,0.396210762332,6,1.69e-06,0,5,0.000223,0,-0.2,0.992421524664,0,/workspace/exp/natural_qd_push/p0_v2_anchor_20260703_041511_UTC/live/smooth_qd_v2_8x5/seed_1001/openai_gpt-oss-120b/VerilogEval-Spec-to-RTL/Prob135_m2014_q6b/Gen5/Prob135_m2014_q6b_sample5_M-I,
smooth_qd_v2_8x5,VerilogEval-Spec-to-RTL,Prob135_m2014_q6b,combinational,5,8be63547-7dda-4c98-993f-4df6b84003fb,C-F,generation_log,0.264140508221,0.396210762332,6,1.69e-06,0,5,0.000223,0,-0.2,0.992421524664,0,/workspace/exp/natural_qd_push/p0_v2_anchor_20260703_041511_UTC/live/smooth_qd_v2_8x5/seed_1001/openai_gpt-oss-120b/VerilogEval-Spec-to-RTL/Prob135_m2014_q6b/Gen5/Prob135_m2014_q6b_sample6_C-F,
smooth_qd_v2_8x5,VerilogEval-Spec-to-RTL,Prob135_m2014_q6b,combinational,5,74315b26-d323-4787-ac2d-568782dc8567,M-R,generation_log,0.263617339312,0.395426008969,6,2.04e-06,0,5,0.000223,0,-0.2,0.990852017937,0,/workspace/exp/natural_qd_push/p0_v2_anchor_20260703_041511_UTC/live/smooth_qd_v2_8x5/seed_1001/openai_gpt-oss-120b/VerilogEval-Spec-to-RTL/Prob135_m2014_q6b/Gen5/Prob135_m2014_q6b_sample7_M-R,
smooth_qd_v2_8x5,VerilogEval-Spec-to-RTL,Prob135_m2014_q6b,combinational,5,58e5fa9c-4519-451f-a9d8-ca9c146ea528,M-S,generation_log,0.264140508221,0.396210762332,6,1.69e-06,0,5,0.000223,0,-0.2,0.992421524664,0,/workspace/exp/natural_qd_push/p0_v2_anchor_20260703_041511_UTC/live/smooth_qd_v2_8x5/seed_1001/openai_gpt-oss-120b/VerilogEval-Spec-to-RTL/Prob135_m2014_q6b/Gen5/Prob135_m2014_q6b_sample8_M-S,
smooth_qd_v2_8x5,VerilogEval-Spec-to-RTL,Prob153_gshare,sequential,0,fa7f31d8-979a-4f1b-b672-f07a7e6e58d3,initial,generation_log,-0.0177361717865,-0.0177361717865,3080,0.429,0.79,3025,0.437,0.75,-0.0181818181818,0.0183066361556,-0.0533333333333,/workspace/exp/natural_qd_push/p0_v2_anchor_20260703_041511_UTC/live/smooth_qd_v2_8x5/seed_1001/openai_gpt-oss-120b/VerilogEval-Spec-to-RTL/Prob153_gshare/Gen0/Prob153_gshare_sample8_initial,
smooth_qd_v2_8x5,VerilogEval-Spec-to-RTL,Prob153_gshare,sequential,1,e0ab3225-bbe9-457b-ac44-57f1e2330a8d,M-S,generation_log,0.1309222031,0.1309222031,2837,0.31,0.72,3025,0.437,0.75,0.0621487603306,0.29061784897,0.04,/workspace/exp/natural_qd_push/p0_v2_anchor_20260703_041511_UTC/live/smooth_qd_v2_8x5/seed_1001/openai_gpt-oss-120b/VerilogEval-Spec-to-RTL/Prob153_gshare/Gen1/Prob153_gshare_sample8_M-S,
smooth_qd_v2_8x5,VerilogEval-Spec-to-RTL,Prob153_gshare,sequential,2,8a69e151-5ef3-480d-b401-c96a948841e9,M-S,generation_log,-0.0177361717865,-0.0177361717865,3080,0.429,0.79,3025,0.437,0.75,-0.0181818181818,0.0183066361556,-0.0533333333333,/workspace/exp/natural_qd_push/p0_v2_anchor_20260703_041511_UTC/live/smooth_qd_v2_8x5/seed_1001/openai_gpt-oss-120b/VerilogEval-Spec-to-RTL/Prob153_gshare/Gen2/Prob153_gshare_sample5_M-S,
smooth_qd_v2_8x5,VerilogEval-Spec-to-RTL,Prob153_gshare,sequential,2,9028f431-8cf0-46d5-9493-5431e6b47423,M-I,generation_log,0.044478653815,0.044478653815,3124,0.411,0.67,3025,0.437,0.75,-0.0327272727273,0.0594965675057,0.106666666667,/workspace/exp/natural_qd_push/p0_v2_anchor_20260703_041511_UTC/live/smooth_qd_v2_8x5/seed_1001/openai_gpt-oss-120b/VerilogEval-Spec-to-RTL/Prob153_gshare/Gen2/Prob153_gshare_sample6_M-I,
smooth_qd_v2_8x5,VerilogEval-Spec-to-RTL,Prob153_gshare,sequential,4,915e6baa-ac1a-4e11-8147-058c8e588ffd,M-I,generation_log,0.0867044482688,0.0867044482688,2990,0.375,0.67,3025,0.437,0.75,0.0115702479339,0.141876430206,0.106666666667,/workspace/exp/natural_qd_push/p0_v2_anchor_20260703_041511_UTC/live/smooth_qd_v2_8x5/seed_1001/openai_gpt-oss-120b/VerilogEval-Spec-to-RTL/Prob153_gshare/Gen4/Prob153_gshare_sample2_M-I,
smooth_qd_v2_8x5,VerilogEval-Spec-to-RTL,Prob153_gshare,sequential,4,aa7e584e-3bc4-401a-a0da-67a595bc1eb0,M-S,generation_log,-0.0177361717865,-0.0177361717865,3080,0.429,0.79,3025,0.437,0.75,-0.0181818181818,0.0183066361556,-0.0533333333333,/workspace/exp/natural_qd_push/p0_v2_anchor_20260703_041511_UTC/live/smooth_qd_v2_8x5/seed_1001/openai_gpt-oss-120b/VerilogEval-Spec-to-RTL/Prob153_gshare/Gen4/Prob153_gshare_sample5_M-S,
smooth_qd_v2_8x5,VerilogEval-Spec-to-RTL,Prob153_gshare,sequential,4,74eb446c-3cad-4933-9af4-91acebb4edf7,M-I,generation_log,-0.0177361717865,-0.0177361717865,3080,0.429,0.79,3025,0.437,0.75,-0.0181818181818,0.0183066361556,-0.0533333333333,/workspace/exp/natural_qd_push/p0_v2_anchor_20260703_041511_UTC/live/smooth_qd_v2_8x5/seed_1001/openai_gpt-oss-120b/VerilogEval-Spec-to-RTL/Prob153_gshare/Gen4/Prob153_gshare_sample6_M-I,
smooth_qd_v2_8x5,VerilogEval-Spec-to-RTL,Prob153_gshare,sequential,4,7b4b2868-55b3-4893-8f93-8fdbbc2a2cd4,M-R,generation_log,0.0812021189637,0.0812021189637,3002,0.363,0.7,3025,0.437,0.75,0.00760330578512,0.169336384439,0.0666666666667,/workspace/exp/natural_qd_push/p0_v2_anchor_20260703_041511_UTC/live/smooth_qd_v2_8x5/seed_1001/openai_gpt-oss-120b/VerilogEval-Spec-to-RTL/Prob153_gshare/Gen4/Prob153_gshare_sample7_M-R,
smooth_qd_v2_8x5,VerilogEval-Spec-to-RTL,Prob153_gshare,sequential,5,592b2ff2-4f07-4483-90d2-01fef4311a51,C-F,generation_log,0.044478653815,0.044478653815,3124,0.411,0.67,3025,0.437,0.75,-0.0327272727273,0.0594965675057,0.106666666667,/workspace/exp/natural_qd_push/p0_v2_anchor_20260703_041511_UTC/live/smooth_qd_v2_8x5/seed_1001/openai_gpt-oss-120b/VerilogEval-Spec-to-RTL/Prob153_gshare/Gen5/Prob153_gshare_sample2_C-F,
smooth_qd_v2_8x5,VerilogEval-Spec-to-RTL,Prob153_gshare,sequential,5,c4209dea-4b4c-45ec-9fe3-5fb4e247dd77,C-F,generation_log,0.0812021189637,0.0812021189637,3002,0.363,0.7,3025,0.437,0.75,0.00760330578512,0.169336384439,0.0666666666667,/workspace/exp/natural_qd_push/p0_v2_anchor_20260703_041511_UTC/live/smooth_qd_v2_8x5/seed_1001/openai_gpt-oss-120b/VerilogEval-Spec-to-RTL/Prob153_gshare/Gen5/Prob153_gshare_sample3_C-F,
smooth_qd_v2_8x5,VerilogEval-Spec-to-RTL,Prob153_gshare,sequential,5,02840092-22fd-4565-87e6-c2475c513da7,C-F,generation_log,0.0812021189637,0.0812021189637,3002,0.363,0.7,3025,0.437,0.75,0.00760330578512,0.169336384439,0.0666666666667,/workspace/exp/natural_qd_push/p0_v2_anchor_20260703_041511_UTC/live/smooth_qd_v2_8x5/seed_1001/openai_gpt-oss-120b/VerilogEval-Spec-to-RTL/Prob153_gshare/Gen5/Prob153_gshare_sample5_C-F,
smooth_qd_v2_8x5,VerilogEval-Spec-to-RTL,Prob153_gshare,sequential,5,15ce213f-2c53-4c19-bf54-f9ca7d914d37,C-F,generation_log,0.044478653815,0.044478653815,3124,0.411,0.67,3025,0.437,0.75,-0.0327272727273,0.0594965675057,0.106666666667,/workspace/exp/natural_qd_push/p0_v2_anchor_20260703_041511_UTC/live/smooth_qd_v2_8x5/seed_1001/openai_gpt-oss-120b/VerilogEval-Spec-to-RTL/Prob153_gshare/Gen5/Prob153_gshare_sample7_C-F,
smooth_qd_v2_8x5,VerilogEval-Spec-to-RTL,Prob153_gshare,sequential,5,4a4d9a03-ed6d-471d-8eb8-bdd4686b1bc1,M-R,generation_log,0.128003311669,0.128003311669,2837,0.308,0.73,3025,0.437,0.75,0.0621487603306,0.295194508009,0.0266666666667,/workspace/exp/natural_qd_push/p0_v2_anchor_20260703_041511_UTC/live/smooth_qd_v2_8x5/seed_1001/openai_gpt-oss-120b/VerilogEval-Spec-to-RTL/Prob153_gshare/Gen5/Prob153_gshare_sample8_M-R,
curiosity_g05,RTLLM,Prob015_multi_pipe_8bit,sequential,0,85772f17-e0b0-470e-95d9-981cc206e2de,initial,generation_log,0.0231070982361,0.0231070982361,623,0.0911,1.05,980,0.0898,0.82,0.364285714286,-0.0144766146993,-0.280487804878,/workspace/exp/natural_qd_push/n02b_curiosity_20260707_120427_UTC/live/curiosity_g05/seed_1001/openai_gpt-oss-120b/RTLLM/Prob015_multi_pipe_8bit/Gen0/Prob015_multi_pipe_8bit_sample1_initial,
curiosity_g05,RTLLM,Prob015_multi_pipe_8bit,sequential,0,b4737dd4-92e4-47f1-a05d-89920122306e,initial,generation_log,0.0271721388865,0.0271721388865,623,0.0911,1.04,980,0.0898,0.82,0.364285714286,-0.0144766146993,-0.268292682927,/workspace/exp/natural_qd_push/n02b_curiosity_20260707_120427_UTC/live/curiosity_g05/seed_1001/openai_gpt-oss-120b/RTLLM/Prob015_multi_pipe_8bit/Gen0/Prob015_multi_pipe_8bit_sample2_initial,
curiosity_g05,RTLLM,Prob015_multi_pipe_8bit,sequential,0,2de9c39b-e479-4ab3-b0cf-a0b9b5f89cd4,initial,generation_log,-0.16932838973,-0.16932838973,771,0.125,1.09,980,0.0898,0.82,0.213265306122,-0.391982182628,-0.329268292683,/workspace/exp/natural_qd_push/n02b_curiosity_20260707_120427_UTC/live/curiosity_g05/seed_1001/openai_gpt-oss-120b/RTLLM/Prob015_multi_pipe_8bit/Gen0/Prob015_multi_pipe_8bit_sample3_initial,
curiosity_g05,RTLLM,Prob015_multi_pipe_8bit,sequential,0,e4ee935c-2fde-41d1-8231-10aeddc0b860,initial,generation_log,-0.0607594702828,-0.0607594702828,708,0.107,1.04,980,0.0898,0.82,0.277551020408,-0.19153674833,-0.268292682927,/workspace/exp/natural_qd_push/n02b_curiosity_20260707_120427_UTC/live/curiosity_g05/seed_1001/openai_gpt-oss-120b/RTLLM/Prob015_multi_pipe_8bit/Gen0/Prob015_multi_pipe_8bit_sample5_initial,
curiosity_g05,RTLLM,Prob015_multi_pipe_8bit,sequential,0,6bc1536a-281c-403c-adb0-e3b57fea91e3,initial,generation_log,0.0527945329906,0.0527945329906,600,0.0874,1.03,980,0.0898,0.82,0.387755102041,0.0267260579065,-0.256097560976,/workspace/exp/natural_qd_push/n02b_curiosity_20260707_120427_UTC/live/curiosity_g05/seed_1001/openai_gpt-oss-120b/RTLLM/Prob015_multi_pipe_8bit/Gen0/Prob015_multi_pipe_8bit_sample8_initial,
curiosity_g05,RTLLM,Prob015_multi_pipe_8bit,sequential,1,8078905d-fd55-4891-8a6b-c66f0357aed5,M-F,generation_log,-0.23410872307,-0.23410872307,1070,0.172,0.57,980,0.0898,0.82,-0.0918367346939,-0.915367483296,0.30487804878,/workspace/exp/natural_qd_push/n02b_curiosity_20260707_120427_UTC/live/curiosity_g05/seed_1001/openai_gpt-oss-120b/RTLLM/Prob015_multi_pipe_8bit/Gen1/Prob015_multi_pipe_8bit_sample1_M-F,
curiosity_g05,RTLLM,Prob015_multi_pipe_8bit,sequential,1,5cb832f9-7e41-46c5-b192-bcdd10047bac,M-R,generation_log,-0.23410872307,-0.23410872307,1070,0.172,0.57,980,0.0898,0.82,-0.0918367346939,-0.915367483296,0.30487804878,/workspace/exp/natural_qd_push/n02b_curiosity_20260707_120427_UTC/live/curiosity_g05/seed_1001/openai_gpt-oss-120b/RTLLM/Prob015_multi_pipe_8bit/Gen1/Prob015_multi_pipe_8bit_sample3_M-R,
curiosity_g05,RTLLM,Prob015_multi_pipe_8bit,sequential,1,d43725f2-20f9-4fc5-871a-74c6caa4a485,M-E,generation_log,0.056783893415,0.056783893415,1124,0.0854,0.6,980,0.0898,0.82,-0.14693877551,0.0489977728285,0.268292682927,/workspace/exp/natural_qd_push/n02b_curiosity_20260707_120427_UTC/live/curiosity_g05/seed_1001/openai_gpt-oss-120b/RTLLM/Prob015_multi_pipe_8bit/Gen1/Prob015_multi_pipe_8bit_sample8_M-E,
curiosity_g05,RTLLM,Prob015_multi_pipe_8bit,sequential,2,b39e04d9-4a80-4f2c-b05b-8823afc5b1f5,initial,generation_log,-0.138528385443,-0.138528385443,973,0.119,0.9,980,0.0898,0.82,0.00714285714286,-0.325167037862,-0.0975609756098,/workspace/exp/natural_qd_push/n02b_curiosity_20260707_120427_UTC/live/curiosity_g05/seed_1001/openai_gpt-oss-120b/RTLLM/Prob015_multi_pipe_8bit/Gen2/Prob015_multi_pipe_8bit_sample1_initial,
curiosity_g05,RTLLM,Prob015_multi_pipe_8bit,sequential,2,6c98a5f4-b41b-4a0f-895e-d886de7ffab9,M-E,generation_log,0.0495162267199,0.0495162267199,760,0.101,0.78,980,0.0898,0.82,0.224489795918,-0.124721603563,0.0487804878049,/workspace/exp/natural_qd_push/n02b_curiosity_20260707_120427_UTC/live/curiosity_g05/seed_1001/openai_gpt-oss-120b/RTLLM/Prob015_multi_pipe_8bit/Gen2/Prob015_multi_pipe_8bit_sample5_M-E,
curiosity_g05,RTLLM,Prob015_multi_pipe_8bit,sequential,2,099dce00-de81-40e8-a744-2cde565e86ed,C-F,generation_log,0.0606806859851,0.0606806859851,1118,0.0849,0.6,980,0.0898,0.82,-0.140816326531,0.054565701559,0.268292682927,/workspace/exp/natural_qd_push/n02b_curiosity_20260707_120427_UTC/live/curiosity_g05/seed_1001/openai_gpt-oss-120b/RTLLM/Prob015_multi_pipe_8bit/Gen2/Prob015_multi_pipe_8bit_sample6_C-F,
curiosity_g05,RTLLM,Prob015_multi_pipe_8bit,sequential,3,d6350168-f423-47f3-8f9e-47adb3251574,initial,generation_log,-0.0759603683942,-0.0759603683942,708,0.11,1.05,980,0.0898,0.82,0.277551020408,-0.224944320713,-0.280487804878,/workspace/exp/natural_qd_push/n02b_curiosity_20260707_120427_UTC/live/curiosity_g05/seed_1001/openai_gpt-oss-120b/RTLLM/Prob015_multi_pipe_8bit/Gen3/Prob015_multi_pipe_8bit_sample1_initial,
curiosity_g05,RTLLM,Prob015_multi_pipe_8bit,sequential,3,3a03ae57-2d5b-49b4-85f4-577b9df13df3,initial,generation_log,0.0231070982361,0.0231070982361,623,0.0911,1.05,980,0.0898,0.82,0.364285714286,-0.0144766146993,-0.280487804878,/workspace/exp/natural_qd_push/n02b_curiosity_20260707_120427_UTC/live/curiosity_g05/seed_1001/openai_gpt-oss-120b/RTLLM/Prob015_multi_pipe_8bit/Gen3/Prob015_multi_pipe_8bit_sample2_initial,
curiosity_g05,RTLLM,Prob015_multi_pipe_8bit,sequential,3,7c11291a-2439-4d99-943d-c28626e0570c,C-F,generation_log,0.0606806859851,0.0606806859851,1118,0.0849,0.6,980,0.0898,0.82,-0.140816326531,0.054565701559,0.268292682927,/workspace/exp/natural_qd_push/n02b_curiosity_20260707_120427_UTC/live/curiosity_g05/seed_1001/openai_gpt-oss-120b/RTLLM/Prob015_multi_pipe_8bit/Gen3/Prob015_multi_pipe_8bit_sample4_C-F,
curiosity_g05,RTLLM,Prob015_multi_pipe_8bit,sequential,3,ac371815-4861-41a2-8485-24aec972495b,C-F,generation_log,0.0606806859851,0.0606806859851,1118,0.0849,0.6,980,0.0898,0.82,-0.140816326531,0.054565701559,0.268292682927,/workspace/exp/natural_qd_push/n02b_curiosity_20260707_120427_UTC/live/curiosity_g05/seed_1001/openai_gpt-oss-120b/RTLLM/Prob015_multi_pipe_8bit/Gen3/Prob015_multi_pipe_8bit_sample5_C-F,
curiosity_g05,RTLLM,Prob015_multi_pipe_8bit,sequential,4,a6eef1ef-e96d-4769-965b-def58b02e06a,initial,generation_log,0.0231070982361,0.0231070982361,623,0.0911,1.05,980,0.0898,0.82,0.364285714286,-0.0144766146993,-0.280487804878,/workspace/exp/natural_qd_push/n02b_curiosity_20260707_120427_UTC/live/curiosity_g05/seed_1001/openai_gpt-oss-120b/RTLLM/Prob015_multi_pipe_8bit/Gen4/Prob015_multi_pipe_8bit_sample2_initial,
curiosity_g05,RTLLM,Prob015_multi_pipe_8bit,sequential,4,9166ce33-1757-4cc9-bb39-4f8c078b5e30,C-F,generation_log,0.0606806859851,0.0606806859851,1118,0.0849,0.6,980,0.0898,0.82,-0.140816326531,0.054565701559,0.268292682927,/workspace/exp/natural_qd_push/n02b_curiosity_20260707_120427_UTC/live/curiosity_g05/seed_1001/openai_gpt-oss-120b/RTLLM/Prob015_multi_pipe_8bit/Gen4/Prob015_multi_pipe_8bit_sample4_C-F,
curiosity_g05,RTLLM,Prob015_multi_pipe_8bit,sequential,4,b9561417-b753-4647-ac9a-db2230588efd,M-S,generation_log,0.0675977219069,0.0675977219069,635,0.0813,1.02,980,0.0898,0.82,0.352040816327,0.0946547884187,-0.243902439024,/workspace/exp/natural_qd_push/n02b_curiosity_20260707_120427_UTC/live/curiosity_g05/seed_1001/openai_gpt-oss-120b/RTLLM/Prob015_multi_pipe_8bit/Gen4/Prob015_multi_pipe_8bit_sample6_M-S,
curiosity_g05,RTLLM,Prob015_multi_pipe_8bit,sequential,5,583d689f-35e4-4611-8ff3-e3224f90a93a,initial,generation_log,-0.0759603683942,-0.0759603683942,708,0.11,1.05,980,0.0898,0.82,0.277551020408,-0.224944320713,-0.280487804878,/workspace/exp/natural_qd_push/n02b_curiosity_20260707_120427_UTC/live/curiosity_g05/seed_1001/openai_gpt-oss-120b/RTLLM/Prob015_multi_pipe_8bit/Gen5/Prob015_multi_pipe_8bit_sample2_initial,
curiosity_g05,RTLLM,Prob015_multi_pipe_8bit,sequential,5,d9b3fdf1-5771-4977-9112-1ba3339c644f,M-F,generation_log,-0.910242568427,-0.910242568427,943,0.161,2.44,980,0.0898,0.82,0.0377551020408,-0.792873051225,-1.9756097561,/workspace/exp/natural_qd_push/n02b_curiosity_20260707_120427_UTC/live/curiosity_g05/seed_1001/openai_gpt-oss-120b/RTLLM/Prob015_multi_pipe_8bit/Gen5/Prob015_multi_pipe_8bit_sample2_M-F,
curiosity_g05,RTLLM,Prob015_multi_pipe_8bit,sequential,5,c94f3c32-43b1-4ae7-b1b9-5d5d2654fc91,M-E,generation_log,-0.455374423114,-0.455374423114,1786,0.166,0.57,980,0.0898,0.82,-0.822448979592,-0.84855233853,0.30487804878,/workspace/exp/natural_qd_push/n02b_curiosity_20260707_120427_UTC/live/curiosity_g05/seed_1001/openai_gpt-oss-120b/RTLLM/Prob015_multi_pipe_8bit/Gen5/Prob015_multi_pipe_8bit_sample4_M-E,
curiosity_g05,RTLLM,Prob015_multi_pipe_8bit,sequential,5,b820440f-a164-470e-8953-db9eba30f9de,C-F,generation_log,0.157570221309,0.157570221309,688,0.0533,1.01,980,0.0898,0.82,0.297959183673,0.406458797327,-0.231707317073,/workspace/exp/natural_qd_push/n02b_curiosity_20260707_120427_UTC/live/curiosity_g05/seed_1001/openai_gpt-oss-120b/RTLLM/Prob015_multi_pipe_8bit/Gen5/Prob015_multi_pipe_8bit_sample5_C-F,
curiosity_g05,RTLLM,Prob024_fsm,combinational,0,cb53594a-5897-4cdf-b905-9f7557f4577d,initial,generation_log,0.168958398499,-0.116562402252,37,0.00993,0.26,46,0.00695,0,0.195652173913,-0.428776978417,-260000000000,/workspace/exp/natural_qd_push/n02b_curiosity_20260707_120427_UTC/live/curiosity_g05/seed_1001/openai_gpt-oss-120b/RTLLM/Prob024_fsm/Gen0/Prob024_fsm_sample6_initial,
curiosity_g05,RTLLM,Prob024_fsm,combinational,0,99e2b7c8-34c3-4cc4-b62b-c1fc039e64a9,initial,generation_log,0.439133562715,0.263700344073,41,0.00404,0.21,46,0.00695,0,0.108695652174,0.418705035971,-210000000000,/workspace/exp/natural_qd_push/n02b_curiosity_20260707_120427_UTC/live/curiosity_g05/seed_1001/openai_gpt-oss-120b/RTLLM/Prob024_fsm/Gen0/Prob024_fsm_sample8_initial,
curiosity_g05,RTLLM,Prob024_fsm,combinational,1,df59022f-ccdb-40a0-9d2e-507733167a91,M-E,generation_log,0.322345949327,0.103518923991,47,0.00536,0.24,46,0.00695,0,-0.0217391304348,0.228776978417,-240000000000,/workspace/exp/natural_qd_push/n02b_curiosity_20260707_120427_UTC/live/curiosity_g05/seed_1001/openai_gpt-oss-120b/RTLLM/Prob024_fsm/Gen1/Prob024_fsm_sample2_M-E,
curiosity_g05,RTLLM,Prob024_fsm,combinational,1,8725eca2-a918-4880-9149-c16de466e32a,M-F,generation_log,0.168958398499,-0.116562402252,37,0.00993,0.26,46,0.00695,0,0.195652173913,-0.428776978417,-260000000000,/workspace/exp/natural_qd_push/n02b_curiosity_20260707_120427_UTC/live/curiosity_g05/seed_1001/openai_gpt-oss-120b/RTLLM/Prob024_fsm/Gen1/Prob024_fsm_sample3_M-F,
curiosity_g05,RTLLM,Prob024_fsm,combinational,1,befe6dc9-603b-4bb6-a828-8a805c68a2fb,M-I,generation_log,0.352429360859,0.153644041289,50,0.00421,0.25,46,0.00695,0,-0.0869565217391,0.394244604317,-250000000000,/workspace/exp/natural_qd_push/n02b_curiosity_20260707_120427_UTC/live/curiosity_g05/seed_1001/openai_gpt-oss-120b/RTLLM/Prob024_fsm/Gen1/Prob024_fsm_sample7_M-I,
curiosity_g05,RTLLM,Prob024_fsm,combinational,2,3bb24b7c-80f7-45c6-baec-7214d3e51ffd,M-I,generation_log,0.353844228965,0.150766343447,50,0.00425,0.24,46,0.00695,0,-0.0869565217391,0.388489208633,-240000000000,/workspace/exp/natural_qd_push/n02b_curiosity_20260707_120427_UTC/live/curiosity_g05/seed_1001/openai_gpt-oss-120b/RTLLM/Prob024_fsm/Gen2/Prob024_fsm_sample4_M-I,
curiosity_g05,RTLLM,Prob024_fsm,combinational,3,3ea0ac61-a34e-49a0-931d-fe0ff24e25f0,M-R,generation_log,0.491192784903,0.341789177354,36,0.00371,0.21,46,0.00695,0,0.217391304348,0.46618705036,-210000000000,/workspace/exp/natural_qd_push/n02b_curiosity_20260707_120427_UTC/live/curiosity_g05/seed_1001/openai_gpt-oss-120b/RTLLM/Prob024_fsm/Gen3/Prob024_fsm_sample1_M-R,
curiosity_g05,RTLLM,Prob024_fsm,combinational,3,8252ef5f-6d88-4f27-aa58-5015391b7dc9,M-I,generation_log,0.500233552289,0.340350328433,36,0.00373,0.18,46,0.00695,0,0.217391304348,0.463309352518,-180000000000,/workspace/exp/natural_qd_push/n02b_curiosity_20260707_120427_UTC/live/curiosity_g05/seed_1001/openai_gpt-oss-120b/RTLLM/Prob024_fsm/Gen3/Prob024_fsm_sample2_M-I,
curiosity_g05,RTLLM,Prob024_fsm,combinational,3,064fc1df-6803-4d38-b146-49ecc4224760,M-S,generation_log,0.265517672818,0.0282765092274,34,0.00837,0.26,46,0.00695,0,0.260869565217,-0.204316546763,-260000000000,/workspace/exp/natural_qd_push/n02b_curiosity_20260707_120427_UTC/live/curiosity_g05/seed_1001/openai_gpt-oss-120b/RTLLM/Prob024_fsm/Gen3/Prob024_fsm_sample4_M-S,
curiosity_g05,RTLLM,Prob024_fsm,combinational,3,0ce48007-481e-47e5-9016-ab9395df1976,M-I,generation_log,0.491192784903,0.341789177354,36,0.00371,0.21,46,0.00695,0,0.217391304348,0.46618705036,-210000000000,/workspace/exp/natural_qd_push/n02b_curiosity_20260707_120427_UTC/live/curiosity_g05/seed_1001/openai_gpt-oss-120b/RTLLM/Prob024_fsm/Gen3/Prob024_fsm_sample5_M-I,
curiosity_g05,RTLLM,Prob024_fsm,combinational,3,4b81c6d4-be47-403e-9a1b-221a33077778,M-E,generation_log,0.500233552289,0.340350328433,36,0.00373,0.18,46,0.00695,0,0.217391304348,0.463309352518,-180000000000,/workspace/exp/natural_qd_push/n02b_curiosity_20260707_120427_UTC/live/curiosity_g05/seed_1001/openai_gpt-oss-120b/RTLLM/Prob024_fsm/Gen3/Prob024_fsm_sample7_M-E,
curiosity_g05,RTLLM,Prob024_fsm,combinational,4,dd9669ce-a5ff-492b-a00a-a22b7bac175f,M-E,generation_log,0.0753372953811,-0.226994056928,60,0.00799,0.32,46,0.00695,0,-0.304347826087,-0.14964028777,-320000000000,/workspace/exp/natural_qd_push/n02b_curiosity_20260707_120427_UTC/live/curiosity_g05/seed_1001/openai_gpt-oss-120b/RTLLM/Prob024_fsm/Gen4/Prob024_fsm_sample1_M-E,
curiosity_g05,RTLLM,Prob024_fsm,combinational,4,5c113a42-cfd9-4452-a848-5775c5a84a9d,C-F,generation_log,0.442699405693,0.269049108539,37,0.00457,0.21,46,0.00695,0,0.195652173913,0.342446043165,-210000000000,/workspace/exp/natural_qd_push/n02b_curiosity_20260707_120427_UTC/live/curiosity_g05/seed_1001/openai_gpt-oss-120b/RTLLM/Prob024_fsm/Gen4/Prob024_fsm_sample3_C-F,
curiosity_g05,RTLLM,Prob024_fsm,combinational,4,aee20f09-c9e2-4f79-aa8c-fe7f33c5fca6,M-R,generation_log,0.387847982484,0.206771973725,33,0.00604,0.25,46,0.00695,0,0.282608695652,0.130935251799,-250000000000,/workspace/exp/natural_qd_push/n02b_curiosity_20260707_120427_UTC/live/curiosity_g05/seed_1001/openai_gpt-oss-120b/RTLLM/Prob024_fsm/Gen4/Prob024_fsm_sample4_M-R,
curiosity_g05,RTLLM,Prob024_fsm,combinational,4,0b209e4d-3d59-486a-8fb3-a4e8ab9422a4,C-F,generation_log,0.353844228965,0.150766343447,50,0.00425,0.24,46,0.00695,0,-0.0869565217391,0.388489208633,-240000000000,/workspace/exp/natural_qd_push/n02b_curiosity_20260707_120427_UTC/live/curiosity_g05/seed_1001/openai_gpt-oss-120b/RTLLM/Prob024_fsm/Gen4/Prob024_fsm_sample6_C-F,
curiosity_g05,RTLLM,Prob024_fsm,combinational,5,33cc0736-dbad-47f0-b1df-6c295eb6fa5e,initial,generation_log,0.22928578876,-0.0260713168596,39,0.00837,0.26,46,0.00695,0,0.152173913043,-0.204316546763,-260000000000,/workspace/exp/natural_qd_push/n02b_curiosity_20260707_120427_UTC/live/curiosity_g05/seed_1001/openai_gpt-oss-120b/RTLLM/Prob024_fsm/Gen5/Prob024_fsm_sample2_initial,
curiosity_g05,RTLLM,Prob024_fsm,combinational,5,a1971f4f-59f1-4014-ba1a-7021a0cc88a8,M-I,generation_log,0.500233552289,0.340350328433,36,0.00373,0.18,46,0.00695,0,0.217391304348,0.463309352518,-180000000000,/workspace/exp/natural_qd_push/n02b_curiosity_20260707_120427_UTC/live/curiosity_g05/seed_1001/openai_gpt-oss-120b/RTLLM/Prob024_fsm/Gen5/Prob024_fsm_sample2_M-I,
curiosity_g05,RTLLM,Prob024_fsm,combinational,5,ddcaffe9-e37d-4b22-819c-69da95c90b0e,M-I,generation_log,0.500233552289,0.340350328433,36,0.00373,0.18,46,0.00695,0,0.217391304348,0.463309352518,-180000000000,/workspace/exp/natural_qd_push/n02b_curiosity_20260707_120427_UTC/live/curiosity_g05/seed_1001/openai_gpt-oss-120b/RTLLM/Prob024_fsm/Gen5/Prob024_fsm_sample4_M-I,
curiosity_g05,RTLLM,Prob024_fsm,combinational,5,0693a26b-89f8-4ec1-a5cd-a29619cf6b85,M-S,generation_log,0.265517672818,0.0282765092274,34,0.00837,0.26,46,0.00695,0,0.260869565217,-0.204316546763,-260000000000,/workspace/exp/natural_qd_push/n02b_curiosity_20260707_120427_UTC/live/curiosity_g05/seed_1001/openai_gpt-oss-120b/RTLLM/Prob024_fsm/Gen5/Prob024_fsm_sample6_M-S,
curiosity_g05,RTLLM,Prob041_traffic_light,combinational,1,fc224f87-6751-4936-9fe8-0744cdfe2956,M-F,generation_log,0.306394335512,0.459591503268,181,0.000522,0,170,0.0324,0,-0.0647058823529,0.983888888889,0,/workspace/exp/natural_qd_push/n02b_curiosity_20260707_120427_UTC/live/curiosity_g05/seed_1001/openai_gpt-oss-120b/RTLLM/Prob041_traffic_light/Gen1/Prob041_traffic_light_sample2_M-F,
curiosity_g05,RTLLM,Prob041_traffic_light,combinational,1,ebaf824f-7c4e-4fc4-874d-a30623e21120,M-E,generation_log,0.40382050351,0.605730755265,132,0.000391,0,170,0.0324,0,0.223529411765,0.987932098765,0,/workspace/exp/natural_qd_push/n02b_curiosity_20260707_120427_UTC/live/curiosity_g05/seed_1001/openai_gpt-oss-120b/RTLLM/Prob041_traffic_light/Gen1/Prob041_traffic_light_sample3_M-E,
curiosity_g05,RTLLM,Prob041_traffic_light,combinational,1,110d31c1-332b-47a0-8ecd-c0e38dc5c0f4,M-I,generation_log,0.362716049383,0.544074074074,153,0.000384,0,170,0.0324,0,0.1,0.988148148148,0,/workspace/exp/natural_qd_push/n02b_curiosity_20260707_120427_UTC/live/curiosity_g05/seed_1001/openai_gpt-oss-120b/RTLLM/Prob041_traffic_light/Gen1/Prob041_traffic_light_sample4_M-I,
curiosity_g05,RTLLM,Prob041_traffic_light,combinational,1,da1a68a6-9216-4b4f-96d9-807efef70705,M-I,generation_log,0.131517792302,0.197276688453,147,0.024,0,170,0.0324,0,0.135294117647,0.259259259259,0,/workspace/exp/natural_qd_push/n02b_curiosity_20260707_120427_UTC/live/curiosity_g05/seed_1001/openai_gpt-oss-120b/RTLLM/Prob041_traffic_light/Gen1/Prob041_traffic_light_sample7_M-I,
curiosity_g05,RTLLM,Prob041_traffic_light,combinational,1,daacdfb3-16b6-4628-bcee-a72b17b18d44,M-S,generation_log,0.389132171387,0.583698257081,140,0.000294,0,170,0.0324,0,0.176470588235,0.990925925926,0,/workspace/exp/natural_qd_push/n02b_curiosity_20260707_120427_UTC/live/curiosity_g05/seed_1001/openai_gpt-oss-120b/RTLLM/Prob041_traffic_light/Gen1/Prob041_traffic_light_sample8_M-S,
curiosity_g05,RTLLM,Prob041_traffic_light,combinational,2,00e0c099-80f7-40cb-bc35-8603b6a1bcb0,M-S,generation_log,0.389132171387,0.583698257081,140,0.000294,0,170,0.0324,0,0.176470588235,0.990925925926,0,/workspace/exp/natural_qd_push/n02b_curiosity_20260707_120427_UTC/live/curiosity_g05/seed_1001/openai_gpt-oss-120b/RTLLM/Prob041_traffic_light/Gen2/Prob041_traffic_light_sample1_M-S,
curiosity_g05,RTLLM,Prob041_traffic_light,combinational,2,e7e3f9f5-48bd-47ee-a0bb-8c0f568d4b5c,M-I,generation_log,0.285378842895,0.428068264343,121,0.014,0,170,0.0324,0,0.288235294118,0.567901234568,0,/workspace/exp/natural_qd_push/n02b_curiosity_20260707_120427_UTC/live/curiosity_g05/seed_1001/openai_gpt-oss-120b/RTLLM/Prob041_traffic_light/Gen2/Prob041_traffic_light_sample6_M-I,
curiosity_g05,RTLLM,Prob041_traffic_light,combinational,3,fcb3964e-5ec3-4512-a6b5-adefd9543611,M-I,generation_log,0.309041394336,0.463562091503,121,0.0117,0,170,0.0324,0,0.288235294118,0.638888888889,0,/workspace/exp/natural_qd_push/n02b_curiosity_20260707_120427_UTC/live/curiosity_g05/seed_1001/openai_gpt-oss-120b/RTLLM/Prob041_traffic_light/Gen3/Prob041_traffic_light_sample5_M-I,
curiosity_g05,RTLLM,Prob041_traffic_light,combinational,3,744790d8-c74f-474f-8cdf-78ebb5a91139,M-S,generation_log,0.319874122489,0.479811183733,116,0.0116,0,170,0.0324,0,0.317647058824,0.641975308642,0,/workspace/exp/natural_qd_push/n02b_curiosity_20260707_120427_UTC/live/curiosity_g05/seed_1001/openai_gpt-oss-120b/RTLLM/Prob041_traffic_light/Gen3/Prob041_traffic_light_sample8_M-S,
curiosity_g05,RTLLM,Prob041_traffic_light,combinational,4,042c4844-67c2-4fe9-8d51-0ade62d30234,M-F,generation_log,0.389132171387,0.583698257081,140,0.000294,0,170,0.0324,0,0.176470588235,0.990925925926,0,/workspace/exp/natural_qd_push/n02b_curiosity_20260707_120427_UTC/live/curiosity_g05/seed_1001/openai_gpt-oss-120b/RTLLM/Prob041_traffic_light/Gen4/Prob041_traffic_light_sample1_M-F,
curiosity_g05,RTLLM,Prob041_traffic_light,combinational,4,7854fb27-962b-4bb1-be7d-a59f65048645,C-F,generation_log,0.285378842895,0.428068264343,121,0.014,0,170,0.0324,0,0.288235294118,0.567901234568,0,/workspace/exp/natural_qd_push/n02b_curiosity_20260707_120427_UTC/live/curiosity_g05/seed_1001/openai_gpt-oss-120b/RTLLM/Prob041_traffic_light/Gen4/Prob041_traffic_light_sample6_C-F,
curiosity_g05,RTLLM,Prob041_traffic_light,combinational,5,22c9fa69-f575-4fed-9b29-d8a500853b14,C-F,generation_log,0.262139917695,0.393209876543,136,0.0134,0,170,0.0324,0,0.2,0.586419753086,0,/workspace/exp/natural_qd_push/n02b_curiosity_20260707_120427_UTC/live/curiosity_g05/seed_1001/openai_gpt-oss-120b/RTLLM/Prob041_traffic_light/Gen5/Prob041_traffic_light_sample7_C-F,
curiosity_g05,RTLLM,Prob045_alu,combinational,1,342b8629-67fe-4d7b-8593-9d26e970e8be,M-F,generation_log,0.39483106643,0.592246599645,1796,0.000948,0,2225,0.114,0,0.192808988764,0.991684210526,0,/workspace/exp/natural_qd_push/n02b_curiosity_20260707_120427_UTC/live/curiosity_g05/seed_1001/openai_gpt-oss-120b/RTLLM/Prob045_alu/Gen1/Prob045_alu_sample1_M-F,
curiosity_g05,RTLLM,Prob045_alu,combinational,2,088edc03-ad0b-433b-89c4-1f179b357516,M-I,generation_log,0.36825711282,0.552385669229,1971,0.00107,0,2225,0.114,0,0.114157303371,0.990614035088,0,/workspace/exp/natural_qd_push/n02b_curiosity_20260707_120427_UTC/live/curiosity_g05/seed_1001/openai_gpt-oss-120b/RTLLM/Prob045_alu/Gen2/Prob045_alu_sample5_M-I,
curiosity_g05,RTLLM,Prob045_alu,combinational,2,645b5223-bd3a-4022-b868-babf364938c1,M-S,generation_log,0.396497240292,0.594745860438,1784,0.000993,0,2225,0.114,0,0.198202247191,0.991289473684,0,/workspace/exp/natural_qd_push/n02b_curiosity_20260707_120427_UTC/live/curiosity_g05/seed_1001/openai_gpt-oss-120b/RTLLM/Prob045_alu/Gen2/Prob045_alu_sample6_M-S,
curiosity_g05,RTLLM,Prob045_alu,combinational,2,6dac17b8-cd89-4c35-9e07-9457d2907b49,M-E,generation_log,0.404472402917,0.606708604376,1731,0.000981,0,2225,0.114,0,0.22202247191,0.991394736842,0,/workspace/exp/natural_qd_push/n02b_curiosity_20260707_120427_UTC/live/curiosity_g05/seed_1001/openai_gpt-oss-120b/RTLLM/Prob045_alu/Gen2/Prob045_alu_sample7_M-E,
curiosity_g05,RTLLM,Prob045_alu,combinational,2,40bc83bf-913a-49a1-aadf-0350299a0ec6,M-R,generation_log,0.376913397727,0.56537009659,1914,0.00103,0,2225,0.114,0,0.139775280899,0.990964912281,0,/workspace/exp/natural_qd_push/n02b_curiosity_20260707_120427_UTC/live/curiosity_g05/seed_1001/openai_gpt-oss-120b/RTLLM/Prob045_alu/Gen2/Prob045_alu_sample8_M-R,
curiosity_g05,RTLLM,Prob045_alu,combinational,3,823581f2-e5dc-4aaa-8244-dd8e0d331602,M-R,generation_log,0.383948058348,0.575922087522,1868,0.000981,0,2225,0.114,0,0.160449438202,0.991394736842,0,/workspace/exp/natural_qd_push/n02b_curiosity_20260707_120427_UTC/live/curiosity_g05/seed_1001/openai_gpt-oss-120b/RTLLM/Prob045_alu/Gen3/Prob045_alu_sample7_M-R,
curiosity_g05,RTLLM,Prob045_alu,combinational,3,77046318-4d1d-42c6-aefc-c4b2f6e9bd1a,M-S,generation_log,0.391329817991,0.586994726986,1819,0.000967,0,2225,0.114,0,0.182471910112,0.99151754386,0,/workspace/exp/natural_qd_push/n02b_curiosity_20260707_120427_UTC/live/curiosity_g05/seed_1001/openai_gpt-oss-120b/RTLLM/Prob045_alu/Gen3/Prob045_alu_sample8_M-S,
curiosity_g05,RTLLM,Prob045_alu,combinational,4,06127a59-5a09-40f1-af20-0aca1ab0b025,M-I,generation_log,0.386826664038,0.580239996058,1849,0.00097,0,2225,0.114,0,0.168988764045,0.99149122807,0,/workspace/exp/natural_qd_push/n02b_curiosity_20260707_120427_UTC/live/curiosity_g05/seed_1001/openai_gpt-oss-120b/RTLLM/Prob045_alu/Gen4/Prob045_alu_sample1_M-I,
curiosity_g05,RTLLM,Prob045_alu,combinational,4,c4e4ebe5-a92d-4e3d-9bac-c77b4a7d44a8,M-E,generation_log,0.385522209081,0.578283313621,1858,0.000955,0,2225,0.114,0,0.164943820225,0.991622807018,0,/workspace/exp/natural_qd_push/n02b_curiosity_20260707_120427_UTC/live/curiosity_g05/seed_1001/openai_gpt-oss-120b/RTLLM/Prob045_alu/Gen4/Prob045_alu_sample5_M-E,
curiosity_g05,RTLLM,Prob045_alu,combinational,4,5c7cecfe-6502-4ba5-b7ed-ca559c79e25b,M-S,generation_log,0.398966653525,0.598449980288,1769,0.000917,0,2225,0.114,0,0.204943820225,0.991956140351,0,/workspace/exp/natural_qd_push/n02b_curiosity_20260707_120427_UTC/live/curiosity_g05/seed_1001/openai_gpt-oss-120b/RTLLM/Prob045_alu/Gen4/Prob045_alu_sample7_M-S,
curiosity_g05,RTLLM,Prob045_alu,combinational,4,8dc19aca-e341-4718-8800-2d8b3f033609,M-I,generation_log,0.380819534792,0.571229302188,1889,0.000975,0,2225,0.114,0,0.151011235955,0.991447368421,0,/workspace/exp/natural_qd_push/n02b_curiosity_20260707_120427_UTC/live/curiosity_g05/seed_1001/openai_gpt-oss-120b/RTLLM/Prob045_alu/Gen4/Prob045_alu_sample8_M-I,
curiosity_g05,RTLLM,Prob045_alu,combinational,5,98d3f918-8079-48db-af20-6c1c756eed63,C-F,generation_log,0.386826664038,0.580239996058,1849,0.00097,0,2225,0.114,0,0.168988764045,0.99149122807,0,/workspace/exp/natural_qd_push/n02b_curiosity_20260707_120427_UTC/live/curiosity_g05/seed_1001/openai_gpt-oss-120b/RTLLM/Prob045_alu/Gen5/Prob045_alu_sample1_C-F,
curiosity_g05,RTLLM,Prob045_alu,combinational,5,203a78f5-43a7-4b74-8d21-04aa8ce9e8f5,C-F,generation_log,0.383948058348,0.575922087522,1868,0.000981,0,2225,0.114,0,0.160449438202,0.991394736842,0,/workspace/exp/natural_qd_push/n02b_curiosity_20260707_120427_UTC/live/curiosity_g05/seed_1001/openai_gpt-oss-120b/RTLLM/Prob045_alu/Gen5/Prob045_alu_sample2_C-F,
curiosity_g05,RTLLM,Prob045_alu,combinational,5,462c457e-c10b-4b06-8706-884242940476,C-F,generation_log,0.404472402917,0.606708604376,1731,0.000981,0,2225,0.114,0,0.22202247191,0.991394736842,0,/workspace/exp/natural_qd_push/n02b_curiosity_20260707_120427_UTC/live/curiosity_g05/seed_1001/openai_gpt-oss-120b/RTLLM/Prob045_alu/Gen5/Prob045_alu_sample3_C-F,
curiosity_g05,RTLLM,Prob045_alu,combinational,5,5f4487bd-14f2-4697-9327-7e7efcc4a242,M-I,generation_log,0.374578487417,0.561867731126,1929,0.00106,0,2225,0.114,0,0.133033707865,0.990701754386,0,/workspace/exp/natural_qd_push/n02b_curiosity_20260707_120427_UTC/live/curiosity_g05/seed_1001/openai_gpt-oss-120b/RTLLM/Prob045_alu/Gen5/Prob045_alu_sample4_M-I,
curiosity_g05,RTLLM,Prob045_alu,combinational,5,ad9a86f2-9f15-4678-8b7f-68f11504d89e,C-F,generation_log,0.378369899468,0.567554849202,1905,0.000993,0,2225,0.114,0,0.143820224719,0.991289473684,0,/workspace/exp/natural_qd_push/n02b_curiosity_20260707_120427_UTC/live/curiosity_g05/seed_1001/openai_gpt-oss-120b/RTLLM/Prob045_alu/Gen5/Prob045_alu_sample5_C-F,
curiosity_g05,RTLLM,Prob045_alu,combinational,5,2a25a816-c5af-464d-a9e3-bed86fd09398,C-F,generation_log,0.376913397727,0.56537009659,1914,0.00103,0,2225,0.114,0,0.139775280899,0.990964912281,0,/workspace/exp/natural_qd_push/n02b_curiosity_20260707_120427_UTC/live/curiosity_g05/seed_1001/openai_gpt-oss-120b/RTLLM/Prob045_alu/Gen5/Prob045_alu_sample6_C-F,
curiosity_g05,RTLLM,Prob045_alu,combinational,5,ee872ad1-a908-493b-8f50-4b30d7792d14,M-R,generation_log,0.404472402917,0.606708604376,1731,0.000981,0,2225,0.114,0,0.22202247191,0.991394736842,0,/workspace/exp/natural_qd_push/n02b_curiosity_20260707_120427_UTC/live/curiosity_g05/seed_1001/openai_gpt-oss-120b/RTLLM/Prob045_alu/Gen5/Prob045_alu_sample7_M-R,
curiosity_g05,RTLLM,Prob045_alu,combinational,5,00a539f7-41f3-4c86-ab06-a53470bbec31,C-F,generation_log,0.383948058348,0.575922087522,1868,0.000981,0,2225,0.114,0,0.160449438202,0.991394736842,0,/workspace/exp/natural_qd_push/n02b_curiosity_20260707_120427_UTC/live/curiosity_g05/seed_1001/openai_gpt-oss-120b/RTLLM/Prob045_alu/Gen5/Prob045_alu_sample8_C-F,
curiosity_g05,RTLLM,Prob049_signal_generator,sequential,0,9d101206-ee9a-4194-8473-1bb2e5b9251f,initial,generation_log,0.234774694403,0.234774694403,82,0.00252,0.38,94,0.00467,0.43,0.127659574468,0.460385438972,0.116279069767,/workspace/exp/natural_qd_push/n02b_curiosity_20260707_120427_UTC/live/curiosity_g05/seed_1001/openai_gpt-oss-120b/RTLLM/Prob049_signal_generator/Gen0/Prob049_signal_generator_sample2_initial,
curiosity_g05,RTLLM,Prob049_signal_generator,sequential,0,7b2f6e96-810f-4093-a26d-9a69f77071ea,initial,generation_log,0.234774694403,0.234774694403,82,0.00252,0.38,94,0.00467,0.43,0.127659574468,0.460385438972,0.116279069767,/workspace/exp/natural_qd_push/n02b_curiosity_20260707_120427_UTC/live/curiosity_g05/seed_1001/openai_gpt-oss-120b/RTLLM/Prob049_signal_generator/Gen0/Prob049_signal_generator_sample3_initial,
curiosity_g05,RTLLM,Prob049_signal_generator,sequential,0,18786834-2009-4d74-902d-d718db047ae2,initial,generation_log,0.234774694403,0.234774694403,82,0.00252,0.38,94,0.00467,0.43,0.127659574468,0.460385438972,0.116279069767,/workspace/exp/natural_qd_push/n02b_curiosity_20260707_120427_UTC/live/curiosity_g05/seed_1001/openai_gpt-oss-120b/RTLLM/Prob049_signal_generator/Gen0/Prob049_signal_generator_sample4_initial,
curiosity_g05,RTLLM,Prob049_signal_generator,sequential,0,62622c31-32a2-4f83-82db-d4014afe8e44,initial,generation_log,0.234774694403,0.234774694403,82,0.00252,0.38,94,0.00467,0.43,0.127659574468,0.460385438972,0.116279069767,/workspace/exp/natural_qd_push/n02b_curiosity_20260707_120427_UTC/live/curiosity_g05/seed_1001/openai_gpt-oss-120b/RTLLM/Prob049_signal_generator/Gen0/Prob049_signal_generator_sample8_initial,
curiosity_g05,RTLLM,Prob049_signal_generator,sequential,1,125cbebf-9ec7-47e2-831f-b90526914d26,M-E,generation_log,0.234774694403,0.234774694403,82,0.00252,0.38,94,0.00467,0.43,0.127659574468,0.460385438972,0.116279069767,/workspace/exp/natural_qd_push/n02b_curiosity_20260707_120427_UTC/live/curiosity_g05/seed_1001/openai_gpt-oss-120b/RTLLM/Prob049_signal_generator/Gen1/Prob049_signal_generator_sample1_M-E,
curiosity_g05,RTLLM,Prob049_signal_generator,sequential,1,813173e6-f16a-460f-9cb6-e700818050ad,M-F,generation_log,0.234774694403,0.234774694403,82,0.00252,0.38,94,0.00467,0.43,0.127659574468,0.460385438972,0.116279069767,/workspace/exp/natural_qd_push/n02b_curiosity_20260707_120427_UTC/live/curiosity_g05/seed_1001/openai_gpt-oss-120b/RTLLM/Prob049_signal_generator/Gen1/Prob049_signal_generator_sample3_M-F,
curiosity_g05,RTLLM,Prob049_signal_generator,sequential,2,af8398ba-e250-479a-9acb-8c0681f76c38,M-S,generation_log,0.207437714137,0.207437714137,77,0.00326,0.37,94,0.00467,0.43,0.18085106383,0.301927194861,0.139534883721,/workspace/exp/natural_qd_push/n02b_curiosity_20260707_120427_UTC/live/curiosity_g05/seed_1001/openai_gpt-oss-120b/RTLLM/Prob049_signal_generator/Gen2/Prob049_signal_generator_sample4_M-S,
curiosity_g05,RTLLM,Prob049_signal_generator,sequential,2,b0a28881-7925-4192-8a7d-3bc73b786d16,M-S,generation_log,0.234774694403,0.234774694403,82,0.00252,0.38,94,0.00467,0.43,0.127659574468,0.460385438972,0.116279069767,/workspace/exp/natural_qd_push/n02b_curiosity_20260707_120427_UTC/live/curiosity_g05/seed_1001/openai_gpt-oss-120b/RTLLM/Prob049_signal_generator/Gen2/Prob049_signal_generator_sample7_M-S,
curiosity_g05,RTLLM,Prob049_signal_generator,sequential,3,0cda2294-2f9f-442c-91ac-0af23254eb63,M-E,generation_log,0.259849383048,0.259849383048,54,0.00432,0.31,94,0.00467,0.43,0.425531914894,0.0749464668094,0.279069767442,/workspace/exp/natural_qd_push/n02b_curiosity_20260707_120427_UTC/live/curiosity_g05/seed_1001/openai_gpt-oss-120b/RTLLM/Prob049_signal_generator/Gen3/Prob049_signal_generator_sample6_M-E,
curiosity_g05,RTLLM,Prob049_signal_generator,sequential,3,60b721de-d474-4899-92e2-35bbd47f7163,M-I,generation_log,0.207437714137,0.207437714137,77,0.00326,0.37,94,0.00467,0.43,0.18085106383,0.301927194861,0.139534883721,/workspace/exp/natural_qd_push/n02b_curiosity_20260707_120427_UTC/live/curiosity_g05/seed_1001/openai_gpt-oss-120b/RTLLM/Prob049_signal_generator/Gen3/Prob049_signal_generator_sample7_M-I,
curiosity_g05,RTLLM,Prob049_signal_generator,sequential,4,356307f2-a19b-43bc-964b-6b60c76aa8e2,M-I,generation_log,0.234774694403,0.234774694403,82,0.00252,0.38,94,0.00467,0.43,0.127659574468,0.460385438972,0.116279069767,/workspace/exp/natural_qd_push/n02b_curiosity_20260707_120427_UTC/live/curiosity_g05/seed_1001/openai_gpt-oss-120b/RTLLM/Prob049_signal_generator/Gen4/Prob049_signal_generator_sample1_M-I,
curiosity_g05,RTLLM,Prob049_signal_generator,sequential,4,bdc2edff-9a3b-40fc-80ba-74c42bfb566a,C-F,generation_log,0.207437714137,0.207437714137,77,0.00326,0.37,94,0.00467,0.43,0.18085106383,0.301927194861,0.139534883721,/workspace/exp/natural_qd_push/n02b_curiosity_20260707_120427_UTC/live/curiosity_g05/seed_1001/openai_gpt-oss-120b/RTLLM/Prob049_signal_generator/Gen4/Prob049_signal_generator_sample2_C-F,
curiosity_g05,RTLLM,Prob049_signal_generator,sequential,4,fa4f5fcc-6f06-4504-bf31-00029eb5c758,C-F,generation_log,0.207437714137,0.207437714137,77,0.00326,0.37,94,0.00467,0.43,0.18085106383,0.301927194861,0.139534883721,/workspace/exp/natural_qd_push/n02b_curiosity_20260707_120427_UTC/live/curiosity_g05/seed_1001/openai_gpt-oss-120b/RTLLM/Prob049_signal_generator/Gen4/Prob049_signal_generator_sample3_C-F,
curiosity_g05,RTLLM,Prob049_signal_generator,sequential,4,1a879e26-b7a9-4597-91c5-21d602f827aa,C-F,generation_log,0.207437714137,0.207437714137,77,0.00326,0.37,94,0.00467,0.43,0.18085106383,0.301927194861,0.139534883721,/workspace/exp/natural_qd_push/n02b_curiosity_20260707_120427_UTC/live/curiosity_g05/seed_1001/openai_gpt-oss-120b/RTLLM/Prob049_signal_generator/Gen4/Prob049_signal_generator_sample6_C-F,
curiosity_g05,RTLLM,Prob049_signal_generator,sequential,4,1689952c-c49d-4b89-83d1-87080edae2f6,C-F,generation_log,0.234774694403,0.234774694403,82,0.00252,0.38,94,0.00467,0.43,0.127659574468,0.460385438972,0.116279069767,/workspace/exp/natural_qd_push/n02b_curiosity_20260707_120427_UTC/live/curiosity_g05/seed_1001/openai_gpt-oss-120b/RTLLM/Prob049_signal_generator/Gen4/Prob049_signal_generator_sample8_C-F,
curiosity_g05,RTLLM,Prob049_signal_generator,sequential,5,5fa9a073-bed5-4413-b2a9-afe871cacb31,M-S,generation_log,0.234774694403,0.234774694403,82,0.00252,0.38,94,0.00467,0.43,0.127659574468,0.460385438972,0.116279069767,/workspace/exp/natural_qd_push/n02b_curiosity_20260707_120427_UTC/live/curiosity_g05/seed_1001/openai_gpt-oss-120b/RTLLM/Prob049_signal_generator/Gen5/Prob049_signal_generator_sample1_M-S,
curiosity_g05,RTLLM,Prob049_signal_generator,sequential,5,007ca866-04aa-424b-9c94-fb47b33ddff2,C-F,generation_log,0.234774694403,0.234774694403,82,0.00252,0.38,94,0.00467,0.43,0.127659574468,0.460385438972,0.116279069767,/workspace/exp/natural_qd_push/n02b_curiosity_20260707_120427_UTC/live/curiosity_g05/seed_1001/openai_gpt-oss-120b/RTLLM/Prob049_signal_generator/Gen5/Prob049_signal_generator_sample2_C-F,
curiosity_g05,RTLLM,Prob049_signal_generator,sequential,5,875f0fcd-ee67-40e1-b280-b94d4716c905,C-F,generation_log,0.234774694403,0.234774694403,82,0.00252,0.38,94,0.00467,0.43,0.127659574468,0.460385438972,0.116279069767,/workspace/exp/natural_qd_push/n02b_curiosity_20260707_120427_UTC/live/curiosity_g05/seed_1001/openai_gpt-oss-120b/RTLLM/Prob049_signal_generator/Gen5/Prob049_signal_generator_sample6_C-F,
curiosity_g05,RTLLM,Prob049_signal_generator,sequential,5,f7e0cd1b-709e-49f5-a244-ea013358c60d,C-F,generation_log,0.234774694403,0.234774694403,82,0.00252,0.38,94,0.00467,0.43,0.127659574468,0.460385438972,0.116279069767,/workspace/exp/natural_qd_push/n02b_curiosity_20260707_120427_UTC/live/curiosity_g05/seed_1001/openai_gpt-oss-120b/RTLLM/Prob049_signal_generator/Gen5/Prob049_signal_generator_sample7_C-F,
curiosity_g05,RTLLM,Prob049_signal_generator,sequential,5,02041fa7-6b01-409c-a8f2-f50784da88e4,C-F,generation_log,0.260257128841,0.260257128841,77,0.00252,0.37,94,0.00467,0.43,0.18085106383,0.460385438972,0.139534883721,/workspace/exp/natural_qd_push/n02b_curiosity_20260707_120427_UTC/live/curiosity_g05/seed_1001/openai_gpt-oss-120b/RTLLM/Prob049_signal_generator/Gen5/Prob049_signal_generator_sample8_C-F,
curiosity_g05,VerilogEval-Spec-to-RTL,Prob116_m2014_q3,combinational,0,da4e883f-37ae-4857-a7d7-6124ffb05feb,initial,generation_log,0.330535405872,0.495803108808,5,1.62e-06,0,5,0.000193,0,0,0.991606217617,0,/workspace/exp/natural_qd_push/n02b_curiosity_20260707_120427_UTC/live/curiosity_g05/seed_1001/openai_gpt-oss-120b/VerilogEval-Spec-to-RTL/Prob116_m2014_q3/Gen0/Prob116_m2014_q3_sample2_initial,
curiosity_g05,VerilogEval-Spec-to-RTL,Prob116_m2014_q3,combinational,0,73390e53-a016-4bb2-b77d-db777d6880a2,initial,generation_log,0.396908462867,0.595362694301,4,1.79e-06,0,5,0.000193,0,0.2,0.990725388601,0,/workspace/exp/natural_qd_push/n02b_curiosity_20260707_120427_UTC/live/curiosity_g05/seed_1001/openai_gpt-oss-120b/VerilogEval-Spec-to-RTL/Prob116_m2014_q3/Gen0/Prob116_m2014_q3_sample3_initial,
curiosity_g05,VerilogEval-Spec-to-RTL,Prob116_m2014_q3,combinational,0,e7ee230c-ec3f-4543-9c9e-e63c6fe0c595,initial,generation_log,0.465352331606,0.698028497409,3,7.61e-07,0,5,0.000193,0,0.4,0.996056994819,0,/workspace/exp/natural_qd_push/n02b_curiosity_20260707_120427_UTC/live/curiosity_g05/seed_1001/openai_gpt-oss-120b/VerilogEval-Spec-to-RTL/Prob116_m2014_q3/Gen0/Prob116_m2014_q3_sample5_initial,
curiosity_g05,VerilogEval-Spec-to-RTL,Prob116_m2014_q3,combinational,1,1fc873ec-a6de-40d2-86f4-e85453f3741f,M-E,generation_log,0.465341968912,0.698012953368,3,7.67e-07,0,5,0.000193,0,0.4,0.996025906736,0,/workspace/exp/natural_qd_push/n02b_curiosity_20260707_120427_UTC/live/curiosity_g05/seed_1001/openai_gpt-oss-120b/VerilogEval-Spec-to-RTL/Prob116_m2014_q3/Gen1/Prob116_m2014_q3_sample5_M-E,
curiosity_g05,VerilogEval-Spec-to-RTL,Prob116_m2014_q3,combinational,1,205c275d-06ef-425c-ba55-0137a300ec55,M-R,generation_log,0.396908462867,0.595362694301,4,1.79e-06,0,5,0.000193,0,0.2,0.990725388601,0,/workspace/exp/natural_qd_push/n02b_curiosity_20260707_120427_UTC/live/curiosity_g05/seed_1001/openai_gpt-oss-120b/VerilogEval-Spec-to-RTL/Prob116_m2014_q3/Gen1/Prob116_m2014_q3_sample6_M-R,
curiosity_g05,VerilogEval-Spec-to-RTL,Prob116_m2014_q3,combinational,1,5d2b8816-3330-47db-96c8-173a58673147,M-I,generation_log,0.465352331606,0.698028497409,3,7.61e-07,0,5,0.000193,0,0.4,0.996056994819,0,/workspace/exp/natural_qd_push/n02b_curiosity_20260707_120427_UTC/live/curiosity_g05/seed_1001/openai_gpt-oss-120b/VerilogEval-Spec-to-RTL/Prob116_m2014_q3/Gen1/Prob116_m2014_q3_sample7_M-I,
curiosity_g05,VerilogEval-Spec-to-RTL,Prob116_m2014_q3,combinational,1,9261c5ac-6638-4453-befd-38475b8b2d16,M-S,generation_log,0.465352331606,0.698028497409,3,7.61e-07,0,5,0.000193,0,0.4,0.996056994819,0,/workspace/exp/natural_qd_push/n02b_curiosity_20260707_120427_UTC/live/curiosity_g05/seed_1001/openai_gpt-oss-120b/VerilogEval-Spec-to-RTL/Prob116_m2014_q3/Gen1/Prob116_m2014_q3_sample8_M-S,
curiosity_g05,VerilogEval-Spec-to-RTL,Prob116_m2014_q3,combinational,2,b7084cc2-5636-4a03-ab43-a09060995f7f,M-I,generation_log,0.465352331606,0.698028497409,3,7.61e-07,0,5,0.000193,0,0.4,0.996056994819,0,/workspace/exp/natural_qd_push/n02b_curiosity_20260707_120427_UTC/live/curiosity_g05/seed_1001/openai_gpt-oss-120b/VerilogEval-Spec-to-RTL/Prob116_m2014_q3/Gen2/Prob116_m2014_q3_sample5_M-I,
curiosity_g05,VerilogEval-Spec-to-RTL,Prob116_m2014_q3,combinational,2,bad55d39-d59a-4edb-ae33-611377783712,M-R,generation_log,0.396908462867,0.595362694301,4,1.79e-06,0,5,0.000193,0,0.2,0.990725388601,0,/workspace/exp/natural_qd_push/n02b_curiosity_20260707_120427_UTC/live/curiosity_g05/seed_1001/openai_gpt-oss-120b/VerilogEval-Spec-to-RTL/Prob116_m2014_q3/Gen2/Prob116_m2014_q3_sample6_M-R,
curiosity_g05,VerilogEval-Spec-to-RTL,Prob116_m2014_q3,combinational,2,587926d5-2b5e-4369-821c-477fce3a9155,M-S,generation_log,0.465352331606,0.698028497409,3,7.61e-07,0,5,0.000193,0,0.4,0.996056994819,0,/workspace/exp/natural_qd_push/n02b_curiosity_20260707_120427_UTC/live/curiosity_g05/seed_1001/openai_gpt-oss-120b/VerilogEval-Spec-to-RTL/Prob116_m2014_q3/Gen2/Prob116_m2014_q3_sample7_M-S,
curiosity_g05,VerilogEval-Spec-to-RTL,Prob116_m2014_q3,combinational,2,cc5af081-45a0-4794-9a21-7a5db649c0dc,M-E,generation_log,0.396908462867,0.595362694301,4,1.79e-06,0,5,0.000193,0,0.2,0.990725388601,0,/workspace/exp/natural_qd_push/n02b_curiosity_20260707_120427_UTC/live/curiosity_g05/seed_1001/openai_gpt-oss-120b/VerilogEval-Spec-to-RTL/Prob116_m2014_q3/Gen2/Prob116_m2014_q3_sample8_M-E,
curiosity_g05,VerilogEval-Spec-to-RTL,Prob116_m2014_q3,combinational,3,b8817753-595b-4dba-a522-e01825f870a5,M-R,generation_log,0.465352331606,0.698028497409,3,7.61e-07,0,5,0.000193,0,0.4,0.996056994819,0,/workspace/exp/natural_qd_push/n02b_curiosity_20260707_120427_UTC/live/curiosity_g05/seed_1001/openai_gpt-oss-120b/VerilogEval-Spec-to-RTL/Prob116_m2014_q3/Gen3/Prob116_m2014_q3_sample2_M-R,
curiosity_g05,VerilogEval-Spec-to-RTL,Prob116_m2014_q3,combinational,3,90bd4524-c1c3-4b36-aba4-66a37ec42043,C-F,generation_log,0.465352331606,0.698028497409,3,7.61e-07,0,5,0.000193,0,0.4,0.996056994819,0,/workspace/exp/natural_qd_push/n02b_curiosity_20260707_120427_UTC/live/curiosity_g05/seed_1001/openai_gpt-oss-120b/VerilogEval-Spec-to-RTL/Prob116_m2014_q3/Gen3/Prob116_m2014_q3_sample3_C-F,
curiosity_g05,VerilogEval-Spec-to-RTL,Prob116_m2014_q3,combinational,3,8a71065e-4828-4547-9479-bedd9c572a35,M-I,generation_log,0.465352331606,0.698028497409,3,7.61e-07,0,5,0.000193,0,0.4,0.996056994819,0,/workspace/exp/natural_qd_push/n02b_curiosity_20260707_120427_UTC/live/curiosity_g05/seed_1001/openai_gpt-oss-120b/VerilogEval-Spec-to-RTL/Prob116_m2014_q3/Gen3/Prob116_m2014_q3_sample4_M-I,
curiosity_g05,VerilogEval-Spec-to-RTL,Prob116_m2014_q3,combinational,3,ac9cec7a-7d0b-4af7-94f7-da0cc5322b25,M-I,generation_log,0.396908462867,0.595362694301,4,1.79e-06,0,5,0.000193,0,0.2,0.990725388601,0,/workspace/exp/natural_qd_push/n02b_curiosity_20260707_120427_UTC/live/curiosity_g05/seed_1001/openai_gpt-oss-120b/VerilogEval-Spec-to-RTL/Prob116_m2014_q3/Gen3/Prob116_m2014_q3_sample7_M-I,
curiosity_g05,VerilogEval-Spec-to-RTL,Prob116_m2014_q3,combinational,3,4f180a0c-6ecb-41c1-90a3-ad237594bd76,C-F,generation_log,0.465352331606,0.698028497409,3,7.61e-07,0,5,0.000193,0,0.4,0.996056994819,0,/workspace/exp/natural_qd_push/n02b_curiosity_20260707_120427_UTC/live/curiosity_g05/seed_1001/openai_gpt-oss-120b/VerilogEval-Spec-to-RTL/Prob116_m2014_q3/Gen3/Prob116_m2014_q3_sample8_C-F,
curiosity_g05,VerilogEval-Spec-to-RTL,Prob116_m2014_q3,combinational,4,0fb5f3df-ce2e-4101-bf49-6fdcf10d53c4,C-F,generation_log,0.465352331606,0.698028497409,3,7.61e-07,0,5,0.000193,0,0.4,0.996056994819,0,/workspace/exp/natural_qd_push/n02b_curiosity_20260707_120427_UTC/live/curiosity_g05/seed_1001/openai_gpt-oss-120b/VerilogEval-Spec-to-RTL/Prob116_m2014_q3/Gen4/Prob116_m2014_q3_sample1_C-F,
curiosity_g05,VerilogEval-Spec-to-RTL,Prob116_m2014_q3,combinational,4,b3a7775e-bd40-49e1-aaff-78ab8966d686,C-F,generation_log,0.465352331606,0.698028497409,3,7.61e-07,0,5,0.000193,0,0.4,0.996056994819,0,/workspace/exp/natural_qd_push/n02b_curiosity_20260707_120427_UTC/live/curiosity_g05/seed_1001/openai_gpt-oss-120b/VerilogEval-Spec-to-RTL/Prob116_m2014_q3/Gen4/Prob116_m2014_q3_sample2_C-F,
curiosity_g05,VerilogEval-Spec-to-RTL,Prob116_m2014_q3,combinational,4,2472e335-cde9-41c1-baf9-ddbf90b1389d,M-R,generation_log,0.465352331606,0.698028497409,3,7.61e-07,0,5,0.000193,0,0.4,0.996056994819,0,/workspace/exp/natural_qd_push/n02b_curiosity_20260707_120427_UTC/live/curiosity_g05/seed_1001/openai_gpt-oss-120b/VerilogEval-Spec-to-RTL/Prob116_m2014_q3/Gen4/Prob116_m2014_q3_sample3_M-R,
curiosity_g05,VerilogEval-Spec-to-RTL,Prob116_m2014_q3,combinational,4,2aa6efbc-39b2-44c6-8145-dc2caf645ad8,C-F,generation_log,0.465352331606,0.698028497409,3,7.61e-07,0,5,0.000193,0,0.4,0.996056994819,0,/workspace/exp/natural_qd_push/n02b_curiosity_20260707_120427_UTC/live/curiosity_g05/seed_1001/openai_gpt-oss-120b/VerilogEval-Spec-to-RTL/Prob116_m2014_q3/Gen4/Prob116_m2014_q3_sample4_C-F,
curiosity_g05,VerilogEval-Spec-to-RTL,Prob116_m2014_q3,combinational,4,b2ec7144-e1a7-4001-b0f7-6ff6bdd0f01d,C-F,generation_log,0.465352331606,0.698028497409,3,7.61e-07,0,5,0.000193,0,0.4,0.996056994819,0,/workspace/exp/natural_qd_push/n02b_curiosity_20260707_120427_UTC/live/curiosity_g05/seed_1001/openai_gpt-oss-120b/VerilogEval-Spec-to-RTL/Prob116_m2014_q3/Gen4/Prob116_m2014_q3_sample7_C-F,
curiosity_g05,VerilogEval-Spec-to-RTL,Prob116_m2014_q3,combinational,5,4a5884d5-55fd-4d83-b9c9-aabf5d64261f,M-E,generation_log,0.396908462867,0.595362694301,4,1.79e-06,0,5,0.000193,0,0.2,0.990725388601,0,/workspace/exp/natural_qd_push/n02b_curiosity_20260707_120427_UTC/live/curiosity_g05/seed_1001/openai_gpt-oss-120b/VerilogEval-Spec-to-RTL/Prob116_m2014_q3/Gen5/Prob116_m2014_q3_sample1_M-E,
curiosity_g05,VerilogEval-Spec-to-RTL,Prob116_m2014_q3,combinational,5,ab84eb12-56a0-4f54-a0e3-7431c34cc718,C-F,generation_log,0.465352331606,0.698028497409,3,7.61e-07,0,5,0.000193,0,0.4,0.996056994819,0,/workspace/exp/natural_qd_push/n02b_curiosity_20260707_120427_UTC/live/curiosity_g05/seed_1001/openai_gpt-oss-120b/VerilogEval-Spec-to-RTL/Prob116_m2014_q3/Gen5/Prob116_m2014_q3_sample2_C-F,
curiosity_g05,VerilogEval-Spec-to-RTL,Prob116_m2014_q3,combinational,5,3c2e3b7a-3a65-4d3b-8ea7-63b66d0749b8,C-F,generation_log,0.465352331606,0.698028497409,3,7.61e-07,0,5,0.000193,0,0.4,0.996056994819,0,/workspace/exp/natural_qd_push/n02b_curiosity_20260707_120427_UTC/live/curiosity_g05/seed_1001/openai_gpt-oss-120b/VerilogEval-Spec-to-RTL/Prob116_m2014_q3/Gen5/Prob116_m2014_q3_sample3_C-F,
curiosity_g05,VerilogEval-Spec-to-RTL,Prob116_m2014_q3,combinational,5,a830b71d-b6d5-49de-a0a5-1f427ec194ff,C-F,generation_log,0.465352331606,0.698028497409,3,7.61e-07,0,5,0.000193,0,0.4,0.996056994819,0,/workspace/exp/natural_qd_push/n02b_curiosity_20260707_120427_UTC/live/curiosity_g05/seed_1001/openai_gpt-oss-120b/VerilogEval-Spec-to-RTL/Prob116_m2014_q3/Gen5/Prob116_m2014_q3_sample4_C-F,
curiosity_g05,VerilogEval-Spec-to-RTL,Prob116_m2014_q3,combinational,5,eca9976d-717e-4a0e-9f0c-3cd2db6be392,M-R,generation_log,0.396908462867,0.595362694301,4,1.79e-06,0,5,0.000193,0,0.2,0.990725388601,0,/workspace/exp/natural_qd_push/n02b_curiosity_20260707_120427_UTC/live/curiosity_g05/seed_1001/openai_gpt-oss-120b/VerilogEval-Spec-to-RTL/Prob116_m2014_q3/Gen5/Prob116_m2014_q3_sample5_M-R,
curiosity_g05,VerilogEval-Spec-to-RTL,Prob116_m2014_q3,combinational,5,f251844a-ff15-49e9-a004-9fd99a87c3d6,C-F,generation_log,0.465352331606,0.698028497409,3,7.61e-07,0,5,0.000193,0,0.4,0.996056994819,0,/workspace/exp/natural_qd_push/n02b_curiosity_20260707_120427_UTC/live/curiosity_g05/seed_1001/openai_gpt-oss-120b/VerilogEval-Spec-to-RTL/Prob116_m2014_q3/Gen5/Prob116_m2014_q3_sample6_C-F,
curiosity_g05,VerilogEval-Spec-to-RTL,Prob116_m2014_q3,combinational,5,81751b8a-9180-44bb-a86e-9f9812f0ee80,M-S,generation_log,0.396666666667,0.595,4,1.93e-06,0,5,0.000193,0,0.2,0.99,0,/workspace/exp/natural_qd_push/n02b_curiosity_20260707_120427_UTC/live/curiosity_g05/seed_1001/openai_gpt-oss-120b/VerilogEval-Spec-to-RTL/Prob116_m2014_q3/Gen5/Prob116_m2014_q3_sample7_M-S,
curiosity_g05,VerilogEval-Spec-to-RTL,Prob116_m2014_q3,combinational,5,4c6c5912-f32c-4d57-b9c9-f507a6ecebc1,C-F,generation_log,0.465352331606,0.698028497409,3,7.61e-07,0,5,0.000193,0,0.4,0.996056994819,0,/workspace/exp/natural_qd_push/n02b_curiosity_20260707_120427_UTC/live/curiosity_g05/seed_1001/openai_gpt-oss-120b/VerilogEval-Spec-to-RTL/Prob116_m2014_q3/Gen5/Prob116_m2014_q3_sample8_C-F,
curiosity_g05,VerilogEval-Spec-to-RTL,Prob135_m2014_q6b,combinational,0,3f6662f4-94cc-4794-b73c-6cdc7e3e59f4,initial,generation_log,0.196143497758,0.294215246637,7,2.58e-06,0,5,0.000223,0,-0.4,0.988430493274,0,/workspace/exp/natural_qd_push/n02b_curiosity_20260707_120427_UTC/live/curiosity_g05/seed_1001/openai_gpt-oss-120b/VerilogEval-Spec-to-RTL/Prob135_m2014_q6b/Gen0/Prob135_m2014_q6b_sample4_initial,
curiosity_g05,VerilogEval-Spec-to-RTL,Prob135_m2014_q6b,combinational,0,e0b25a62-9e9b-4322-9b4d-aa25dd129cb0,initial,generation_log,0.263617339312,0.395426008969,6,2.04e-06,0,5,0.000223,0,-0.2,0.990852017937,0,/workspace/exp/natural_qd_push/n02b_curiosity_20260707_120427_UTC/live/curiosity_g05/seed_1001/openai_gpt-oss-120b/VerilogEval-Spec-to-RTL/Prob135_m2014_q6b/Gen0/Prob135_m2014_q6b_sample5_initial,
curiosity_g05,VerilogEval-Spec-to-RTL,Prob135_m2014_q6b,combinational,0,4aad2759-ac7c-48bc-9003-c34365168573,initial,generation_log,0.196143497758,0.294215246637,7,2.58e-06,0,5,0.000223,0,-0.4,0.988430493274,0,/workspace/exp/natural_qd_push/n02b_curiosity_20260707_120427_UTC/live/curiosity_g05/seed_1001/openai_gpt-oss-120b/VerilogEval-Spec-to-RTL/Prob135_m2014_q6b/Gen0/Prob135_m2014_q6b_sample6_initial,
curiosity_g05,VerilogEval-Spec-to-RTL,Prob135_m2014_q6b,combinational,0,7ac40e42-5e08-4399-8651-60562f871aef,initial,generation_log,0.196143497758,0.294215246637,7,2.58e-06,0,5,0.000223,0,-0.4,0.988430493274,0,/workspace/exp/natural_qd_push/n02b_curiosity_20260707_120427_UTC/live/curiosity_g05/seed_1001/openai_gpt-oss-120b/VerilogEval-Spec-to-RTL/Prob135_m2014_q6b/Gen0/Prob135_m2014_q6b_sample8_initial,
curiosity_g05,VerilogEval-Spec-to-RTL,Prob135_m2014_q6b,combinational,1,6aacf9d5-4de5-4c19-a8c8-90b85eb2d48d,M-E,generation_log,0.26312406577,0.394686098655,6,2.37e-06,0,5,0.000223,0,-0.2,0.989372197309,0,/workspace/exp/natural_qd_push/n02b_curiosity_20260707_120427_UTC/live/curiosity_g05/seed_1001/openai_gpt-oss-120b/VerilogEval-Spec-to-RTL/Prob135_m2014_q6b/Gen1/Prob135_m2014_q6b_sample1_M-E,
curiosity_g05,VerilogEval-Spec-to-RTL,Prob135_m2014_q6b,combinational,1,df229c16-a913-4483-b74c-d4e83d10b77c,M-F,generation_log,0.196143497758,0.294215246637,7,2.58e-06,0,5,0.000223,0,-0.4,0.988430493274,0,/workspace/exp/natural_qd_push/n02b_curiosity_20260707_120427_UTC/live/curiosity_g05/seed_1001/openai_gpt-oss-120b/VerilogEval-Spec-to-RTL/Prob135_m2014_q6b/Gen1/Prob135_m2014_q6b_sample4_M-F,
curiosity_g05,VerilogEval-Spec-to-RTL,Prob135_m2014_q6b,combinational,1,5ce5c4f1-f2e5-4d9f-9b9a-5e7052ce8063,M-S,generation_log,0.196143497758,0.294215246637,7,2.58e-06,0,5,0.000223,0,-0.4,0.988430493274,0,/workspace/exp/natural_qd_push/n02b_curiosity_20260707_120427_UTC/live/curiosity_g05/seed_1001/openai_gpt-oss-120b/VerilogEval-Spec-to-RTL/Prob135_m2014_q6b/Gen1/Prob135_m2014_q6b_sample5_M-S,
curiosity_g05,VerilogEval-Spec-to-RTL,Prob135_m2014_q6b,combinational,1,d34b254b-8eb0-4e5d-931e-6acb9d969129,M-I,generation_log,0.196143497758,0.294215246637,7,2.58e-06,0,5,0.000223,0,-0.4,0.988430493274,0,/workspace/exp/natural_qd_push/n02b_curiosity_20260707_120427_UTC/live/curiosity_g05/seed_1001/openai_gpt-oss-120b/VerilogEval-Spec-to-RTL/Prob135_m2014_q6b/Gen1/Prob135_m2014_q6b_sample6_M-I,
curiosity_g05,VerilogEval-Spec-to-RTL,Prob135_m2014_q6b,combinational,1,5e917540-da61-4592-bb64-45c4190f0efd,M-R,generation_log,0.196143497758,0.294215246637,7,2.58e-06,0,5,0.000223,0,-0.4,0.988430493274,0,/workspace/exp/natural_qd_push/n02b_curiosity_20260707_120427_UTC/live/curiosity_g05/seed_1001/openai_gpt-oss-120b/VerilogEval-Spec-to-RTL/Prob135_m2014_q6b/Gen1/Prob135_m2014_q6b_sample7_M-R,
curiosity_g05,VerilogEval-Spec-to-RTL,Prob135_m2014_q6b,combinational,1,8f5ae037-6232-4c59-9811-1fb89ef24fe7,M-E,generation_log,0.196143497758,0.294215246637,7,2.58e-06,0,5,0.000223,0,-0.4,0.988430493274,0,/workspace/exp/natural_qd_push/n02b_curiosity_20260707_120427_UTC/live/curiosity_g05/seed_1001/openai_gpt-oss-120b/VerilogEval-Spec-to-RTL/Prob135_m2014_q6b/Gen1/Prob135_m2014_q6b_sample8_M-E,
curiosity_g05,VerilogEval-Spec-to-RTL,Prob135_m2014_q6b,combinational,2,7cd05ff6-5fa3-427a-82bf-649289a82e41,C-F,generation_log,0.196143497758,0.294215246637,7,2.58e-06,0,5,0.000223,0,-0.4,0.988430493274,0,/workspace/exp/natural_qd_push/n02b_curiosity_20260707_120427_UTC/live/curiosity_g05/seed_1001/openai_gpt-oss-120b/VerilogEval-Spec-to-RTL/Prob135_m2014_q6b/Gen2/Prob135_m2014_q6b_sample1_C-F,
curiosity_g05,VerilogEval-Spec-to-RTL,Prob135_m2014_q6b,combinational,2,8064d52f-deba-4fcf-aa6f-efe5d58fe009,M-R,generation_log,0.263617339312,0.395426008969,6,2.04e-06,0,5,0.000223,0,-0.2,0.990852017937,0,/workspace/exp/natural_qd_push/n02b_curiosity_20260707_120427_UTC/live/curiosity_g05/seed_1001/openai_gpt-oss-120b/VerilogEval-Spec-to-RTL/Prob135_m2014_q6b/Gen2/Prob135_m2014_q6b_sample2_M-R,
curiosity_g05,VerilogEval-Spec-to-RTL,Prob135_m2014_q6b,combinational,2,31156cd0-b279-4256-af0b-3234080eecb3,C-F,generation_log,0.196143497758,0.294215246637,7,2.58e-06,0,5,0.000223,0,-0.4,0.988430493274,0,/workspace/exp/natural_qd_push/n02b_curiosity_20260707_120427_UTC/live/curiosity_g05/seed_1001/openai_gpt-oss-120b/VerilogEval-Spec-to-RTL/Prob135_m2014_q6b/Gen2/Prob135_m2014_q6b_sample3_C-F,
curiosity_g05,VerilogEval-Spec-to-RTL,Prob135_m2014_q6b,combinational,2,61580fc2-c83f-405e-af09-ba894141b72a,C-F,generation_log,0.196143497758,0.294215246637,7,2.58e-06,0,5,0.000223,0,-0.4,0.988430493274,0,/workspace/exp/natural_qd_push/n02b_curiosity_20260707_120427_UTC/live/curiosity_g05/seed_1001/openai_gpt-oss-120b/VerilogEval-Spec-to-RTL/Prob135_m2014_q6b/Gen2/Prob135_m2014_q6b_sample4_C-F,
curiosity_g05,VerilogEval-Spec-to-RTL,Prob135_m2014_q6b,combinational,2,052a5096-e030-4c96-a209-ed0fbe0a0bc5,M-I,generation_log,0.196143497758,0.294215246637,7,2.58e-06,0,5,0.000223,0,-0.4,0.988430493274,0,/workspace/exp/natural_qd_push/n02b_curiosity_20260707_120427_UTC/live/curiosity_g05/seed_1001/openai_gpt-oss-120b/VerilogEval-Spec-to-RTL/Prob135_m2014_q6b/Gen2/Prob135_m2014_q6b_sample5_M-I,
curiosity_g05,VerilogEval-Spec-to-RTL,Prob135_m2014_q6b,combinational,2,4974c413-64d0-45a6-9676-daef1c2e4c25,M-S,generation_log,0.196143497758,0.294215246637,7,2.58e-06,0,5,0.000223,0,-0.4,0.988430493274,0,/workspace/exp/natural_qd_push/n02b_curiosity_20260707_120427_UTC/live/curiosity_g05/seed_1001/openai_gpt-oss-120b/VerilogEval-Spec-to-RTL/Prob135_m2014_q6b/Gen2/Prob135_m2014_q6b_sample6_M-S,
curiosity_g05,VerilogEval-Spec-to-RTL,Prob135_m2014_q6b,combinational,2,1cf8f88b-602d-4f8b-8d1b-147e4dae2711,M-E,generation_log,0.263617339312,0.395426008969,6,2.04e-06,0,5,0.000223,0,-0.2,0.990852017937,0,/workspace/exp/natural_qd_push/n02b_curiosity_20260707_120427_UTC/live/curiosity_g05/seed_1001/openai_gpt-oss-120b/VerilogEval-Spec-to-RTL/Prob135_m2014_q6b/Gen2/Prob135_m2014_q6b_sample7_M-E,
curiosity_g05,VerilogEval-Spec-to-RTL,Prob135_m2014_q6b,combinational,2,d00552ab-60cc-4966-bffa-dc1120a2ac2d,C-F,generation_log,0.196143497758,0.294215246637,7,2.58e-06,0,5,0.000223,0,-0.4,0.988430493274,0,/workspace/exp/natural_qd_push/n02b_curiosity_20260707_120427_UTC/live/curiosity_g05/seed_1001/openai_gpt-oss-120b/VerilogEval-Spec-to-RTL/Prob135_m2014_q6b/Gen2/Prob135_m2014_q6b_sample8_C-F,
curiosity_g05,VerilogEval-Spec-to-RTL,Prob135_m2014_q6b,combinational,3,e064f785-939b-443b-a68e-7a198abea904,C-F,generation_log,0.196143497758,0.294215246637,7,2.58e-06,0,5,0.000223,0,-0.4,0.988430493274,0,/workspace/exp/natural_qd_push/n02b_curiosity_20260707_120427_UTC/live/curiosity_g05/seed_1001/openai_gpt-oss-120b/VerilogEval-Spec-to-RTL/Prob135_m2014_q6b/Gen3/Prob135_m2014_q6b_sample1_C-F,
curiosity_g05,VerilogEval-Spec-to-RTL,Prob135_m2014_q6b,combinational,3,13e8eb64-7981-4e70-91ff-61f0ebcd1258,M-R,generation_log,0.196143497758,0.294215246637,7,2.58e-06,0,5,0.000223,0,-0.4,0.988430493274,0,/workspace/exp/natural_qd_push/n02b_curiosity_20260707_120427_UTC/live/curiosity_g05/seed_1001/openai_gpt-oss-120b/VerilogEval-Spec-to-RTL/Prob135_m2014_q6b/Gen3/Prob135_m2014_q6b_sample2_M-R,
curiosity_g05,VerilogEval-Spec-to-RTL,Prob135_m2014_q6b,combinational,3,8e41b283-2027-4d20-b409-a8086db0e62f,C-F,generation_log,0.196143497758,0.294215246637,7,2.58e-06,0,5,0.000223,0,-0.4,0.988430493274,0,/workspace/exp/natural_qd_push/n02b_curiosity_20260707_120427_UTC/live/curiosity_g05/seed_1001/openai_gpt-oss-120b/VerilogEval-Spec-to-RTL/Prob135_m2014_q6b/Gen3/Prob135_m2014_q6b_sample4_C-F,
curiosity_g05,VerilogEval-Spec-to-RTL,Prob135_m2014_q6b,combinational,3,3c733650-e5b9-4ef0-942a-2b412b77e3c7,C-F,generation_log,0.196143497758,0.294215246637,7,2.58e-06,0,5,0.000223,0,-0.4,0.988430493274,0,/workspace/exp/natural_qd_push/n02b_curiosity_20260707_120427_UTC/live/curiosity_g05/seed_1001/openai_gpt-oss-120b/VerilogEval-Spec-to-RTL/Prob135_m2014_q6b/Gen3/Prob135_m2014_q6b_sample6_C-F,
curiosity_g05,VerilogEval-Spec-to-RTL,Prob135_m2014_q6b,combinational,3,fc215c9e-2d94-4ebf-9564-2dace790636e,M-I,generation_log,0.196143497758,0.294215246637,7,2.58e-06,0,5,0.000223,0,-0.4,0.988430493274,0,/workspace/exp/natural_qd_push/n02b_curiosity_20260707_120427_UTC/live/curiosity_g05/seed_1001/openai_gpt-oss-120b/VerilogEval-Spec-to-RTL/Prob135_m2014_q6b/Gen3/Prob135_m2014_q6b_sample7_M-I,
curiosity_g05,VerilogEval-Spec-to-RTL,Prob135_m2014_q6b,combinational,3,7c98241a-72b7-4205-aecf-5e0c0b4c0aaa,C-F,generation_log,0.196143497758,0.294215246637,7,2.58e-06,0,5,0.000223,0,-0.4,0.988430493274,0,/workspace/exp/natural_qd_push/n02b_curiosity_20260707_120427_UTC/live/curiosity_g05/seed_1001/openai_gpt-oss-120b/VerilogEval-Spec-to-RTL/Prob135_m2014_q6b/Gen3/Prob135_m2014_q6b_sample8_C-F,
curiosity_g05,VerilogEval-Spec-to-RTL,Prob135_m2014_q6b,combinational,4,5e19c343-be80-4e69-8c9f-e2fef54da3bd,C-F,generation_log,0.196143497758,0.294215246637,7,2.58e-06,0,5,0.000223,0,-0.4,0.988430493274,0,/workspace/exp/natural_qd_push/n02b_curiosity_20260707_120427_UTC/live/curiosity_g05/seed_1001/openai_gpt-oss-120b/VerilogEval-Spec-to-RTL/Prob135_m2014_q6b/Gen4/Prob135_m2014_q6b_sample1_C-F,
curiosity_g05,VerilogEval-Spec-to-RTL,Prob135_m2014_q6b,combinational,4,c2482033-7831-4bd3-bd81-e2d223354344,M-S,generation_log,0.196143497758,0.294215246637,7,2.58e-06,0,5,0.000223,0,-0.4,0.988430493274,0,/workspace/exp/natural_qd_push/n02b_curiosity_20260707_120427_UTC/live/curiosity_g05/seed_1001/openai_gpt-oss-120b/VerilogEval-Spec-to-RTL/Prob135_m2014_q6b/Gen4/Prob135_m2014_q6b_sample2_M-S,
curiosity_g05,VerilogEval-Spec-to-RTL,Prob135_m2014_q6b,combinational,4,4bb0aa5b-c460-4f88-ace0-6a57b4b9df1f,C-F,generation_log,0.196143497758,0.294215246637,7,2.58e-06,0,5,0.000223,0,-0.4,0.988430493274,0,/workspace/exp/natural_qd_push/n02b_curiosity_20260707_120427_UTC/live/curiosity_g05/seed_1001/openai_gpt-oss-120b/VerilogEval-Spec-to-RTL/Prob135_m2014_q6b/Gen4/Prob135_m2014_q6b_sample4_C-F,
curiosity_g05,VerilogEval-Spec-to-RTL,Prob135_m2014_q6b,combinational,4,104dfef1-c5fb-442a-b9f6-667d3b1ca7b5,M-R,generation_log,0.196143497758,0.294215246637,7,2.58e-06,0,5,0.000223,0,-0.4,0.988430493274,0,/workspace/exp/natural_qd_push/n02b_curiosity_20260707_120427_UTC/live/curiosity_g05/seed_1001/openai_gpt-oss-120b/VerilogEval-Spec-to-RTL/Prob135_m2014_q6b/Gen4/Prob135_m2014_q6b_sample5_M-R,
curiosity_g05,VerilogEval-Spec-to-RTL,Prob135_m2014_q6b,combinational,4,e0b54853-b414-4d55-9c6f-cd5aeeda0e6f,C-F,generation_log,0.196143497758,0.294215246637,7,2.58e-06,0,5,0.000223,0,-0.4,0.988430493274,0,/workspace/exp/natural_qd_push/n02b_curiosity_20260707_120427_UTC/live/curiosity_g05/seed_1001/openai_gpt-oss-120b/VerilogEval-Spec-to-RTL/Prob135_m2014_q6b/Gen4/Prob135_m2014_q6b_sample6_C-F,
curiosity_g05,VerilogEval-Spec-to-RTL,Prob135_m2014_q6b,combinational,4,34481594-8513-4e84-bb34-100577282145,C-F,generation_log,0.196143497758,0.294215246637,7,2.58e-06,0,5,0.000223,0,-0.4,0.988430493274,0,/workspace/exp/natural_qd_push/n02b_curiosity_20260707_120427_UTC/live/curiosity_g05/seed_1001/openai_gpt-oss-120b/VerilogEval-Spec-to-RTL/Prob135_m2014_q6b/Gen4/Prob135_m2014_q6b_sample8_C-F,
curiosity_g05,VerilogEval-Spec-to-RTL,Prob135_m2014_q6b,combinational,5,a5d6c38c-6310-4ec1-8c7b-d60b0edf4aec,M-I,generation_log,0.196143497758,0.294215246637,7,2.58e-06,0,5,0.000223,0,-0.4,0.988430493274,0,/workspace/exp/natural_qd_push/n02b_curiosity_20260707_120427_UTC/live/curiosity_g05/seed_1001/openai_gpt-oss-120b/VerilogEval-Spec-to-RTL/Prob135_m2014_q6b/Gen5/Prob135_m2014_q6b_sample1_M-I,
curiosity_g05,VerilogEval-Spec-to-RTL,Prob135_m2014_q6b,combinational,5,122c0d05-0ff1-4d97-acbc-751025b229a0,M-R,generation_log,0.263617339312,0.395426008969,6,2.04e-06,0,5,0.000223,0,-0.2,0.990852017937,0,/workspace/exp/natural_qd_push/n02b_curiosity_20260707_120427_UTC/live/curiosity_g05/seed_1001/openai_gpt-oss-120b/VerilogEval-Spec-to-RTL/Prob135_m2014_q6b/Gen5/Prob135_m2014_q6b_sample2_M-R,
curiosity_g05,VerilogEval-Spec-to-RTL,Prob135_m2014_q6b,combinational,5,f49aaf42-9aa4-476e-9c82-d424d2fa1cf2,M-E,generation_log,0.196143497758,0.294215246637,7,2.58e-06,0,5,0.000223,0,-0.4,0.988430493274,0,/workspace/exp/natural_qd_push/n02b_curiosity_20260707_120427_UTC/live/curiosity_g05/seed_1001/openai_gpt-oss-120b/VerilogEval-Spec-to-RTL/Prob135_m2014_q6b/Gen5/Prob135_m2014_q6b_sample3_M-E,
curiosity_g05,VerilogEval-Spec-to-RTL,Prob135_m2014_q6b,combinational,5,0367d689-0b85-45e6-865e-63d3d80ca7d4,M-S,generation_log,0.196143497758,0.294215246637,7,2.58e-06,0,5,0.000223,0,-0.4,0.988430493274,0,/workspace/exp/natural_qd_push/n02b_curiosity_20260707_120427_UTC/live/curiosity_g05/seed_1001/openai_gpt-oss-120b/VerilogEval-Spec-to-RTL/Prob135_m2014_q6b/Gen5/Prob135_m2014_q6b_sample4_M-S,
curiosity_g05,VerilogEval-Spec-to-RTL,Prob135_m2014_q6b,combinational,5,abacc956-a664-49c6-a341-a4790d29974e,M-I,generation_log,0.196143497758,0.294215246637,7,2.58e-06,0,5,0.000223,0,-0.4,0.988430493274,0,/workspace/exp/natural_qd_push/n02b_curiosity_20260707_120427_UTC/live/curiosity_g05/seed_1001/openai_gpt-oss-120b/VerilogEval-Spec-to-RTL/Prob135_m2014_q6b/Gen5/Prob135_m2014_q6b_sample5_M-I,
curiosity_g05,VerilogEval-Spec-to-RTL,Prob135_m2014_q6b,combinational,5,b0edad2d-b69e-4dbb-acc5-f2ce74721aca,M-I,generation_log,0.196143497758,0.294215246637,7,2.58e-06,0,5,0.000223,0,-0.4,0.988430493274,0,/workspace/exp/natural_qd_push/n02b_curiosity_20260707_120427_UTC/live/curiosity_g05/seed_1001/openai_gpt-oss-120b/VerilogEval-Spec-to-RTL/Prob135_m2014_q6b/Gen5/Prob135_m2014_q6b_sample6_M-I,
curiosity_g05,VerilogEval-Spec-to-RTL,Prob135_m2014_q6b,combinational,5,12f8f206-2ad6-4637-b189-69bbe337f2c1,C-F,generation_log,0.196143497758,0.294215246637,7,2.58e-06,0,5,0.000223,0,-0.4,0.988430493274,0,/workspace/exp/natural_qd_push/n02b_curiosity_20260707_120427_UTC/live/curiosity_g05/seed_1001/openai_gpt-oss-120b/VerilogEval-Spec-to-RTL/Prob135_m2014_q6b/Gen5/Prob135_m2014_q6b_sample7_C-F,
curiosity_g05,VerilogEval-Spec-to-RTL,Prob135_m2014_q6b,combinational,5,cb527521-6c0c-4ac9-8997-bd1ac08bb515,M-I,generation_log,0.264140508221,0.396210762332,6,1.69e-06,0,5,0.000223,0,-0.2,0.992421524664,0,/workspace/exp/natural_qd_push/n02b_curiosity_20260707_120427_UTC/live/curiosity_g05/seed_1001/openai_gpt-oss-120b/VerilogEval-Spec-to-RTL/Prob135_m2014_q6b/Gen5/Prob135_m2014_q6b_sample8_M-I,
curiosity_g05,VerilogEval-Spec-to-RTL,Prob153_gshare,sequential,0,c86ab519-86c7-4f8b-b87a-5accfc4dd20b,initial,generation_log,0.0149017531252,0.0149017531252,2990,0.44,0.72,3025,0.437,0.75,0.0115702479339,-0.00686498855835,0.04,/workspace/exp/natural_qd_push/n02b_curiosity_20260707_120427_UTC/live/curiosity_g05/seed_1001/openai_gpt-oss-120b/VerilogEval-Spec-to-RTL/Prob153_gshare/Gen0/Prob153_gshare_sample6_initial,
curiosity_g05,VerilogEval-Spec-to-RTL,Prob153_gshare,sequential,0,c22bd8c0-a879-4074-a2e5-510517d3fc65,initial,generation_log,-0.0177361717865,-0.0177361717865,3080,0.429,0.79,3025,0.437,0.75,-0.0181818181818,0.0183066361556,-0.0533333333333,/workspace/exp/natural_qd_push/n02b_curiosity_20260707_120427_UTC/live/curiosity_g05/seed_1001/openai_gpt-oss-120b/VerilogEval-Spec-to-RTL/Prob153_gshare/Gen0/Prob153_gshare_sample8_initial,
curiosity_g05,VerilogEval-Spec-to-RTL,Prob153_gshare,sequential,1,53cb18eb-6e28-4627-a467-d9ed50da3fb7,M-I,generation_log,-0.170539932296,-0.170539932296,3029,0.66,0.75,3025,0.437,0.75,-0.00132231404959,-0.510297482838,0,/workspace/exp/natural_qd_push/n02b_curiosity_20260707_120427_UTC/live/curiosity_g05/seed_1001/openai_gpt-oss-120b/VerilogEval-Spec-to-RTL/Prob153_gshare/Gen1/Prob153_gshare_sample5_M-I,
curiosity_g05,VerilogEval-Spec-to-RTL,Prob153_gshare,sequential,1,59aafb79-32a3-4816-914f-0e323f70729c,M-R,generation_log,0.0637513054405,0.0637513054405,3015,0.384,0.7,3025,0.437,0.75,0.00330578512397,0.121281464531,0.0666666666667,/workspace/exp/natural_qd_push/n02b_curiosity_20260707_120427_UTC/live/curiosity_g05/seed_1001/openai_gpt-oss-120b/VerilogEval-Spec-to-RTL/Prob153_gshare/Gen1/Prob153_gshare_sample7_M-R,
curiosity_g05,VerilogEval-Spec-to-RTL,Prob153_gshare,sequential,1,745d11df-10cf-4231-b2cc-dbfddeabfec7,M-S,generation_log,0.0149017531252,0.0149017531252,2990,0.44,0.72,3025,0.437,0.75,0.0115702479339,-0.00686498855835,0.04,/workspace/exp/natural_qd_push/n02b_curiosity_20260707_120427_UTC/live/curiosity_g05/seed_1001/openai_gpt-oss-120b/VerilogEval-Spec-to-RTL/Prob153_gshare/Gen1/Prob153_gshare_sample8_M-S,
curiosity_g05,VerilogEval-Spec-to-RTL,Prob153_gshare,sequential,2,10203abc-b65d-4b1a-a225-d11b95e975af,M-S,generation_log,0.0149017531252,0.0149017531252,2990,0.44,0.72,3025,0.437,0.75,0.0115702479339,-0.00686498855835,0.04,/workspace/exp/natural_qd_push/n02b_curiosity_20260707_120427_UTC/live/curiosity_g05/seed_1001/openai_gpt-oss-120b/VerilogEval-Spec-to-RTL/Prob153_gshare/Gen2/Prob153_gshare_sample5_M-S,
curiosity_g05,VerilogEval-Spec-to-RTL,Prob153_gshare,sequential,2,e0b5ed49-e4d3-4965-bef9-eb0c1a57e91d,M-R,generation_log,0.0149017531252,0.0149017531252,2990,0.44,0.72,3025,0.437,0.75,0.0115702479339,-0.00686498855835,0.04,/workspace/exp/natural_qd_push/n02b_curiosity_20260707_120427_UTC/live/curiosity_g05/seed_1001/openai_gpt-oss-120b/VerilogEval-Spec-to-RTL/Prob153_gshare/Gen2/Prob153_gshare_sample8_M-R,
curiosity_g05,VerilogEval-Spec-to-RTL,Prob153_gshare,sequential,3,14916a00-6009-485d-91e9-dd9bc1ce8697,M-S,generation_log,0.0149017531252,0.0149017531252,2990,0.44,0.72,3025,0.437,0.75,0.0115702479339,-0.00686498855835,0.04,/workspace/exp/natural_qd_push/n02b_curiosity_20260707_120427_UTC/live/curiosity_g05/seed_1001/openai_gpt-oss-120b/VerilogEval-Spec-to-RTL/Prob153_gshare/Gen3/Prob153_gshare_sample7_M-S,
curiosity_g05,VerilogEval-Spec-to-RTL,Prob153_gshare,sequential,4,5c56441b-de10-4f81-928b-8579695f03a9,C-F,generation_log,0.0915981533664,0.0915981533664,2985,0.346,0.71,3025,0.437,0.75,0.0132231404959,0.20823798627,0.0533333333333,/workspace/exp/natural_qd_push/n02b_curiosity_20260707_120427_UTC/live/curiosity_g05/seed_1001/openai_gpt-oss-120b/VerilogEval-Spec-to-RTL/Prob153_gshare/Gen4/Prob153_gshare_sample1_C-F,
curiosity_g05,VerilogEval-Spec-to-RTL,Prob153_gshare,sequential,4,0715b043-f7e8-4942-b14c-e0ef4f64a797,M-S,generation_log,0.0149017531252,0.0149017531252,2990,0.44,0.72,3025,0.437,0.75,0.0115702479339,-0.00686498855835,0.04,/workspace/exp/natural_qd_push/n02b_curiosity_20260707_120427_UTC/live/curiosity_g05/seed_1001/openai_gpt-oss-120b/VerilogEval-Spec-to-RTL/Prob153_gshare/Gen4/Prob153_gshare_sample2_M-S,
curiosity_g05,VerilogEval-Spec-to-RTL,Prob153_gshare,sequential,4,88267a42-ac96-4c8a-85c9-881fbfa39c99,C-F,generation_log,0.0608813325685,0.0608813325685,2911,0.362,0.77,3025,0.437,0.75,0.0376859504132,0.171624713959,-0.0266666666667,/workspace/exp/natural_qd_push/n02b_curiosity_20260707_120427_UTC/live/curiosity_g05/seed_1001/openai_gpt-oss-120b/VerilogEval-Spec-to-RTL/Prob153_gshare/Gen4/Prob153_gshare_sample3_C-F,
curiosity_g05,VerilogEval-Spec-to-RTL,Prob153_gshare,sequential,4,e969392d-4842-4149-bf37-4507bc0528fa,C-F,generation_log,0.0608813325685,0.0608813325685,2911,0.362,0.77,3025,0.437,0.75,0.0376859504132,0.171624713959,-0.0266666666667,/workspace/exp/natural_qd_push/n02b_curiosity_20260707_120427_UTC/live/curiosity_g05/seed_1001/openai_gpt-oss-120b/VerilogEval-Spec-to-RTL/Prob153_gshare/Gen4/Prob153_gshare_sample4_C-F,
curiosity_g05,VerilogEval-Spec-to-RTL,Prob153_gshare,sequential,4,9a51ef10-097f-4eca-8482-31322a7792ef,M-I,generation_log,0.0323844225488,0.0323844225488,3002,0.427,0.7,3025,0.437,0.75,0.00760330578512,0.0228832951945,0.0666666666667,/workspace/exp/natural_qd_push/n02b_curiosity_20260707_120427_UTC/live/curiosity_g05/seed_1001/openai_gpt-oss-120b/VerilogEval-Spec-to-RTL/Prob153_gshare/Gen4/Prob153_gshare_sample5_M-I,
curiosity_g05,VerilogEval-Spec-to-RTL,Prob153_gshare,sequential,4,847d1d97-1e46-4806-a397-58adaf92a522,C-F,generation_log,0.0687846217532,0.0687846217532,2966,0.367,0.73,3025,0.437,0.75,0.0195041322314,0.160183066362,0.0266666666667,/workspace/exp/natural_qd_push/n02b_curiosity_20260707_120427_UTC/live/curiosity_g05/seed_1001/openai_gpt-oss-120b/VerilogEval-Spec-to-RTL/Prob153_gshare/Gen4/Prob153_gshare_sample7_C-F,
curiosity_g05,VerilogEval-Spec-to-RTL,Prob153_gshare,sequential,4,e1afeb19-600a-4d3b-a471-c49a82849ddf,C-F,generation_log,-0.180205214197,-0.180205214197,3396,0.608,0.77,3025,0.437,0.75,-0.122644628099,-0.391304347826,-0.0266666666667,/workspace/exp/natural_qd_push/n02b_curiosity_20260707_120427_UTC/live/curiosity_g05/seed_1001/openai_gpt-oss-120b/VerilogEval-Spec-to-RTL/Prob153_gshare/Gen4/Prob153_gshare_sample8_C-F,
curiosity_g05,VerilogEval-Spec-to-RTL,Prob153_gshare,sequential,5,745aa21b-cc48-4cf7-ba9e-a917dfc4ad2e,M-S,generation_log,0.0341914674097,0.0341914674097,3115,0.385,0.74,3025,0.437,0.75,-0.0297520661157,0.118993135011,0.0133333333333,/workspace/exp/natural_qd_push/n02b_curiosity_20260707_120427_UTC/live/curiosity_g05/seed_1001/openai_gpt-oss-120b/VerilogEval-Spec-to-RTL/Prob153_gshare/Gen5/Prob153_gshare_sample1_M-S,
curiosity_g05,VerilogEval-Spec-to-RTL,Prob153_gshare,sequential,5,7fc675d0-4382-41b9-b5ef-9487dc4d9342,M-S,generation_log,0.00865623154785,0.00865623154785,3298,0.427,0.68,3025,0.437,0.75,-0.0902479338843,0.0228832951945,0.0933333333333,/workspace/exp/natural_qd_push/n02b_curiosity_20260707_120427_UTC/live/curiosity_g05/seed_1001/openai_gpt-oss-120b/VerilogEval-Spec-to-RTL/Prob153_gshare/Gen5/Prob153_gshare_sample6_M-S,
curiosity_g05,VerilogEval-Spec-to-RTL,Prob153_gshare,sequential,5,65e72d49-0f98-490d-a3c1-375e1e7c677b,M-S,generation_log,-0.170539932296,-0.170539932296,3029,0.66,0.75,3025,0.437,0.75,-0.00132231404959,-0.510297482838,0,/workspace/exp/natural_qd_push/n02b_curiosity_20260707_120427_UTC/live/curiosity_g05/seed_1001/openai_gpt-oss-120b/VerilogEval-Spec-to-RTL/Prob153_gshare/Gen5/Prob153_gshare_sample7_M-S,
curiosity_g05,VerilogEval-Spec-to-RTL,Prob153_gshare,sequential,5,ef5f65e4-63bb-48ac-8f3f-5e0e973372ee,M-S,generation_log,-0.251534021303,-0.251534021303,3206,0.694,0.83,3025,0.437,0.75,-0.0598347107438,-0.588100686499,-0.106666666667,/workspace/exp/natural_qd_push/n02b_curiosity_20260707_120427_UTC/live/curiosity_g05/seed_1001/openai_gpt-oss-120b/VerilogEval-Spec-to-RTL/Prob153_gshare/Gen5/Prob153_gshare_sample8_M-S,
