benchmark,best_fitness,budget_fraction,candidate_count,corpus,descriptor_family,funnel,mean_fitness,method,model,pareto_member_count,prefix_candidate_count,problem_id,seed,unique_canonical_netlists,unique_motif_signatures,unique_style_clusters
RTLLM,-0.08418150190130695,0.25,53,aspdac2026_release,lexical_structural_posthoc,generated,-0.11352954882472847,classic_revolution,deepseek-chat,0,53,aspdac2026/deepseek_clean_results/RTLLM/Prob001_accu,0,0,0,2
RTLLM,-0.08418150190130695,0.25,15,aspdac2026_release,lexical_structural_posthoc,functional,-0.11352954882472847,classic_revolution,deepseek-chat,0,53,aspdac2026/deepseek_clean_results/RTLLM/Prob001_accu,0,0,0,1
RTLLM,-0.08418150190130695,0.25,15,aspdac2026_release,lexical_structural_posthoc,synthesis_valid,-0.11352954882472847,classic_revolution,deepseek-chat,0,53,aspdac2026/deepseek_clean_results/RTLLM/Prob001_accu,0,0,0,1
RTLLM,-0.08418150190130695,0.25,15,aspdac2026_release,lexical_structural_posthoc,valid_ppa,-0.11352954882472847,classic_revolution,deepseek-chat,0,53,aspdac2026/deepseek_clean_results/RTLLM/Prob001_accu,0,0,0,1
RTLLM,,0.25,0,aspdac2026_release,lexical_structural_posthoc,pareto_front,,classic_revolution,deepseek-chat,0,53,aspdac2026/deepseek_clean_results/RTLLM/Prob001_accu,0,0,0,0
RTLLM,-0.08418150190130695,0.5,105,aspdac2026_release,lexical_structural_posthoc,generated,-0.18576290438455317,classic_revolution,deepseek-chat,0,105,aspdac2026/deepseek_clean_results/RTLLM/Prob001_accu,0,0,0,3
RTLLM,-0.08418150190130695,0.5,32,aspdac2026_release,lexical_structural_posthoc,functional,-0.18576290438455317,classic_revolution,deepseek-chat,0,105,aspdac2026/deepseek_clean_results/RTLLM/Prob001_accu,0,0,0,2
RTLLM,-0.08418150190130695,0.5,32,aspdac2026_release,lexical_structural_posthoc,synthesis_valid,-0.18576290438455317,classic_revolution,deepseek-chat,0,105,aspdac2026/deepseek_clean_results/RTLLM/Prob001_accu,0,0,0,2
RTLLM,-0.08418150190130695,0.5,32,aspdac2026_release,lexical_structural_posthoc,valid_ppa,-0.18576290438455317,classic_revolution,deepseek-chat,0,105,aspdac2026/deepseek_clean_results/RTLLM/Prob001_accu,0,0,0,2
RTLLM,,0.5,0,aspdac2026_release,lexical_structural_posthoc,pareto_front,,classic_revolution,deepseek-chat,0,105,aspdac2026/deepseek_clean_results/RTLLM/Prob001_accu,0,0,0,0
RTLLM,0.18901235939509997,0.75,158,aspdac2026_release,lexical_structural_posthoc,generated,-0.16366874845612073,classic_revolution,deepseek-chat,4,158,aspdac2026/deepseek_clean_results/RTLLM/Prob001_accu,0,0,0,3
RTLLM,0.18901235939509997,0.75,51,aspdac2026_release,lexical_structural_posthoc,functional,-0.16366874845612073,classic_revolution,deepseek-chat,4,158,aspdac2026/deepseek_clean_results/RTLLM/Prob001_accu,0,0,0,2
RTLLM,0.18901235939509997,0.75,51,aspdac2026_release,lexical_structural_posthoc,synthesis_valid,-0.16366874845612073,classic_revolution,deepseek-chat,4,158,aspdac2026/deepseek_clean_results/RTLLM/Prob001_accu,0,0,0,2
RTLLM,0.18901235939509997,0.75,51,aspdac2026_release,lexical_structural_posthoc,valid_ppa,-0.16366874845612073,classic_revolution,deepseek-chat,4,158,aspdac2026/deepseek_clean_results/RTLLM/Prob001_accu,0,0,0,2
RTLLM,0.18901235939509997,0.75,4,aspdac2026_release,lexical_structural_posthoc,pareto_front,0.029193695931825574,classic_revolution,deepseek-chat,4,158,aspdac2026/deepseek_clean_results/RTLLM/Prob001_accu,0,0,0,2
RTLLM,0.18901235939509997,1.0,210,aspdac2026_release,lexical_structural_posthoc,generated,-0.12817975739092508,classic_revolution,deepseek-chat,13,210,aspdac2026/deepseek_clean_results/RTLLM/Prob001_accu,0,0,0,3
RTLLM,0.18901235939509997,1.0,76,aspdac2026_release,lexical_structural_posthoc,functional,-0.12817975739092508,classic_revolution,deepseek-chat,13,210,aspdac2026/deepseek_clean_results/RTLLM/Prob001_accu,0,0,0,2
RTLLM,0.18901235939509997,1.0,76,aspdac2026_release,lexical_structural_posthoc,synthesis_valid,-0.12817975739092508,classic_revolution,deepseek-chat,13,210,aspdac2026/deepseek_clean_results/RTLLM/Prob001_accu,0,0,0,2
RTLLM,0.18901235939509997,1.0,76,aspdac2026_release,lexical_structural_posthoc,valid_ppa,-0.12817975739092508,classic_revolution,deepseek-chat,13,210,aspdac2026/deepseek_clean_results/RTLLM/Prob001_accu,0,0,0,2
RTLLM,0.18901235939509997,1.0,13,aspdac2026_release,lexical_structural_posthoc,pareto_front,0.07656278233791533,classic_revolution,deepseek-chat,13,210,aspdac2026/deepseek_clean_results/RTLLM/Prob001_accu,0,0,0,2
RTLLM,0.6273615342010523,0.25,53,aspdac2026_release,lexical_structural_posthoc,generated,0.3100750888488876,classic_revolution,deepseek-chat,1,53,aspdac2026/deepseek_clean_results/RTLLM/Prob002_adder_16bit,0,0,0,3
RTLLM,0.6273615342010523,0.25,48,aspdac2026_release,lexical_structural_posthoc,functional,0.3100750888488876,classic_revolution,deepseek-chat,1,53,aspdac2026/deepseek_clean_results/RTLLM/Prob002_adder_16bit,0,0,0,2
RTLLM,0.6273615342010523,0.25,48,aspdac2026_release,lexical_structural_posthoc,synthesis_valid,0.3100750888488876,classic_revolution,deepseek-chat,1,53,aspdac2026/deepseek_clean_results/RTLLM/Prob002_adder_16bit,0,0,0,2
RTLLM,0.6273615342010523,0.25,48,aspdac2026_release,lexical_structural_posthoc,valid_ppa,0.3100750888488876,classic_revolution,deepseek-chat,1,53,aspdac2026/deepseek_clean_results/RTLLM/Prob002_adder_16bit,0,0,0,2
RTLLM,0.6273615342010523,0.25,1,aspdac2026_release,lexical_structural_posthoc,pareto_front,0.6273615342010523,classic_revolution,deepseek-chat,1,53,aspdac2026/deepseek_clean_results/RTLLM/Prob002_adder_16bit,0,0,0,1
RTLLM,0.6273615342010523,0.5,105,aspdac2026_release,lexical_structural_posthoc,generated,0.3038015969231132,classic_revolution,deepseek-chat,5,105,aspdac2026/deepseek_clean_results/RTLLM/Prob002_adder_16bit,0,0,0,4
RTLLM,0.6273615342010523,0.5,94,aspdac2026_release,lexical_structural_posthoc,functional,0.3038015969231132,classic_revolution,deepseek-chat,5,105,aspdac2026/deepseek_clean_results/RTLLM/Prob002_adder_16bit,0,0,0,3
RTLLM,0.6273615342010523,0.5,94,aspdac2026_release,lexical_structural_posthoc,synthesis_valid,0.3038015969231132,classic_revolution,deepseek-chat,5,105,aspdac2026/deepseek_clean_results/RTLLM/Prob002_adder_16bit,0,0,0,3
RTLLM,0.6273615342010523,0.5,94,aspdac2026_release,lexical_structural_posthoc,valid_ppa,0.3038015969231132,classic_revolution,deepseek-chat,5,105,aspdac2026/deepseek_clean_results/RTLLM/Prob002_adder_16bit,0,0,0,3
RTLLM,0.6273615342010523,0.5,5,aspdac2026_release,lexical_structural_posthoc,pareto_front,0.6273615342010523,classic_revolution,deepseek-chat,5,105,aspdac2026/deepseek_clean_results/RTLLM/Prob002_adder_16bit,0,0,0,1
RTLLM,0.6273615342010523,0.75,158,aspdac2026_release,lexical_structural_posthoc,generated,0.3046290189210585,classic_revolution,deepseek-chat,17,158,aspdac2026/deepseek_clean_results/RTLLM/Prob002_adder_16bit,0,0,0,5
RTLLM,0.6273615342010523,0.75,142,aspdac2026_release,lexical_structural_posthoc,functional,0.3046290189210585,classic_revolution,deepseek-chat,17,158,aspdac2026/deepseek_clean_results/RTLLM/Prob002_adder_16bit,0,0,0,4
RTLLM,0.6273615342010523,0.75,142,aspdac2026_release,lexical_structural_posthoc,synthesis_valid,0.3046290189210585,classic_revolution,deepseek-chat,17,158,aspdac2026/deepseek_clean_results/RTLLM/Prob002_adder_16bit,0,0,0,4
RTLLM,0.6273615342010523,0.75,142,aspdac2026_release,lexical_structural_posthoc,valid_ppa,0.3046290189210585,classic_revolution,deepseek-chat,17,158,aspdac2026/deepseek_clean_results/RTLLM/Prob002_adder_16bit,0,0,0,4
RTLLM,0.6273615342010523,0.75,17,aspdac2026_release,lexical_structural_posthoc,pareto_front,0.6273615342010521,classic_revolution,deepseek-chat,17,158,aspdac2026/deepseek_clean_results/RTLLM/Prob002_adder_16bit,0,0,0,1
RTLLM,0.6273615342010523,1.0,210,aspdac2026_release,lexical_structural_posthoc,generated,0.31516325576698523,classic_revolution,deepseek-chat,23,210,aspdac2026/deepseek_clean_results/RTLLM/Prob002_adder_16bit,0,0,0,6
RTLLM,0.6273615342010523,1.0,181,aspdac2026_release,lexical_structural_posthoc,functional,0.31516325576698523,classic_revolution,deepseek-chat,23,210,aspdac2026/deepseek_clean_results/RTLLM/Prob002_adder_16bit,0,0,0,5
RTLLM,0.6273615342010523,1.0,181,aspdac2026_release,lexical_structural_posthoc,synthesis_valid,0.31516325576698523,classic_revolution,deepseek-chat,23,210,aspdac2026/deepseek_clean_results/RTLLM/Prob002_adder_16bit,0,0,0,5
RTLLM,0.6273615342010523,1.0,181,aspdac2026_release,lexical_structural_posthoc,valid_ppa,0.31516325576698523,classic_revolution,deepseek-chat,23,210,aspdac2026/deepseek_clean_results/RTLLM/Prob002_adder_16bit,0,0,0,5
RTLLM,0.6273615342010523,1.0,23,aspdac2026_release,lexical_structural_posthoc,pareto_front,0.627361534201052,classic_revolution,deepseek-chat,23,210,aspdac2026/deepseek_clean_results/RTLLM/Prob002_adder_16bit,0,0,0,1
RTLLM,0.8368315274494352,0.25,53,aspdac2026_release,lexical_structural_posthoc,generated,0.6726868218463962,classic_revolution,deepseek-chat,6,53,aspdac2026/deepseek_clean_results/RTLLM/Prob003_adder_32bit,0,0,0,4
RTLLM,0.8368315274494352,0.25,26,aspdac2026_release,lexical_structural_posthoc,functional,0.6726868218463962,classic_revolution,deepseek-chat,6,53,aspdac2026/deepseek_clean_results/RTLLM/Prob003_adder_32bit,0,0,0,3
RTLLM,0.8368315274494352,0.25,26,aspdac2026_release,lexical_structural_posthoc,synthesis_valid,0.6726868218463962,classic_revolution,deepseek-chat,6,53,aspdac2026/deepseek_clean_results/RTLLM/Prob003_adder_32bit,0,0,0,3
RTLLM,0.8368315274494352,0.25,26,aspdac2026_release,lexical_structural_posthoc,valid_ppa,0.6726868218463962,classic_revolution,deepseek-chat,6,53,aspdac2026/deepseek_clean_results/RTLLM/Prob003_adder_32bit,0,0,0,3
RTLLM,0.8368315274494352,0.25,6,aspdac2026_release,lexical_structural_posthoc,pareto_front,0.8368315274494352,classic_revolution,deepseek-chat,6,53,aspdac2026/deepseek_clean_results/RTLLM/Prob003_adder_32bit,0,0,0,1
RTLLM,0.8368315274494352,0.5,105,aspdac2026_release,lexical_structural_posthoc,generated,0.7124795703015311,classic_revolution,deepseek-chat,22,105,aspdac2026/deepseek_clean_results/RTLLM/Prob003_adder_32bit,0,0,0,6
RTLLM,0.8368315274494352,0.5,58,aspdac2026_release,lexical_structural_posthoc,functional,0.7124795703015311,classic_revolution,deepseek-chat,22,105,aspdac2026/deepseek_clean_results/RTLLM/Prob003_adder_32bit,0,0,0,5
RTLLM,0.8368315274494352,0.5,58,aspdac2026_release,lexical_structural_posthoc,synthesis_valid,0.7124795703015311,classic_revolution,deepseek-chat,22,105,aspdac2026/deepseek_clean_results/RTLLM/Prob003_adder_32bit,0,0,0,5
RTLLM,0.8368315274494352,0.5,58,aspdac2026_release,lexical_structural_posthoc,valid_ppa,0.7124795703015311,classic_revolution,deepseek-chat,22,105,aspdac2026/deepseek_clean_results/RTLLM/Prob003_adder_32bit,0,0,0,5
RTLLM,0.8368315274494352,0.5,22,aspdac2026_release,lexical_structural_posthoc,pareto_front,0.836831527449435,classic_revolution,deepseek-chat,22,105,aspdac2026/deepseek_clean_results/RTLLM/Prob003_adder_32bit,0,0,0,1
RTLLM,0.8368315274494352,0.75,158,aspdac2026_release,lexical_structural_posthoc,generated,0.7138366351175387,classic_revolution,deepseek-chat,36,158,aspdac2026/deepseek_clean_results/RTLLM/Prob003_adder_32bit,0,0,0,6
RTLLM,0.8368315274494352,0.75,93,aspdac2026_release,lexical_structural_posthoc,functional,0.7138366351175387,classic_revolution,deepseek-chat,36,158,aspdac2026/deepseek_clean_results/RTLLM/Prob003_adder_32bit,0,0,0,5
RTLLM,0.8368315274494352,0.75,93,aspdac2026_release,lexical_structural_posthoc,synthesis_valid,0.7138366351175387,classic_revolution,deepseek-chat,36,158,aspdac2026/deepseek_clean_results/RTLLM/Prob003_adder_32bit,0,0,0,5
RTLLM,0.8368315274494352,0.75,93,aspdac2026_release,lexical_structural_posthoc,valid_ppa,0.7138366351175387,classic_revolution,deepseek-chat,36,158,aspdac2026/deepseek_clean_results/RTLLM/Prob003_adder_32bit,0,0,0,5
RTLLM,0.8368315274494352,0.75,36,aspdac2026_release,lexical_structural_posthoc,pareto_front,0.8368315274494345,classic_revolution,deepseek-chat,36,158,aspdac2026/deepseek_clean_results/RTLLM/Prob003_adder_32bit,0,0,0,1
RTLLM,0.8368315274494352,1.0,210,aspdac2026_release,lexical_structural_posthoc,generated,0.7242260977318198,classic_revolution,deepseek-chat,54,210,aspdac2026/deepseek_clean_results/RTLLM/Prob003_adder_32bit,0,0,0,6
RTLLM,0.8368315274494352,1.0,123,aspdac2026_release,lexical_structural_posthoc,functional,0.7242260977318198,classic_revolution,deepseek-chat,54,210,aspdac2026/deepseek_clean_results/RTLLM/Prob003_adder_32bit,0,0,0,5
RTLLM,0.8368315274494352,1.0,123,aspdac2026_release,lexical_structural_posthoc,synthesis_valid,0.7242260977318198,classic_revolution,deepseek-chat,54,210,aspdac2026/deepseek_clean_results/RTLLM/Prob003_adder_32bit,0,0,0,5
RTLLM,0.8368315274494352,1.0,123,aspdac2026_release,lexical_structural_posthoc,valid_ppa,0.7242260977318198,classic_revolution,deepseek-chat,54,210,aspdac2026/deepseek_clean_results/RTLLM/Prob003_adder_32bit,0,0,0,5
RTLLM,0.8368315274494352,1.0,54,aspdac2026_release,lexical_structural_posthoc,pareto_front,0.8368315274494342,classic_revolution,deepseek-chat,54,210,aspdac2026/deepseek_clean_results/RTLLM/Prob003_adder_32bit,0,0,0,2
RTLLM,0.33143146034955945,0.25,53,aspdac2026_release,lexical_structural_posthoc,generated,0.058977321970244086,classic_revolution,deepseek-chat,4,53,aspdac2026/deepseek_clean_results/RTLLM/Prob004_adder_8bit,0,0,0,4
RTLLM,0.33143146034955945,0.25,30,aspdac2026_release,lexical_structural_posthoc,functional,0.058977321970244086,classic_revolution,deepseek-chat,4,53,aspdac2026/deepseek_clean_results/RTLLM/Prob004_adder_8bit,0,0,0,3
RTLLM,0.33143146034955945,0.25,30,aspdac2026_release,lexical_structural_posthoc,synthesis_valid,0.058977321970244086,classic_revolution,deepseek-chat,4,53,aspdac2026/deepseek_clean_results/RTLLM/Prob004_adder_8bit,0,0,0,3
RTLLM,0.33143146034955945,0.25,30,aspdac2026_release,lexical_structural_posthoc,valid_ppa,0.058977321970244086,classic_revolution,deepseek-chat,4,53,aspdac2026/deepseek_clean_results/RTLLM/Prob004_adder_8bit,0,0,0,3
RTLLM,0.33143146034955945,0.25,4,aspdac2026_release,lexical_structural_posthoc,pareto_front,0.33143146034955945,classic_revolution,deepseek-chat,4,53,aspdac2026/deepseek_clean_results/RTLLM/Prob004_adder_8bit,0,0,0,1
RTLLM,0.33143146034955945,0.5,105,aspdac2026_release,lexical_structural_posthoc,generated,0.10754214729370008,classic_revolution,deepseek-chat,25,105,aspdac2026/deepseek_clean_results/RTLLM/Prob004_adder_8bit,0,0,0,4
RTLLM,0.33143146034955945,0.5,70,aspdac2026_release,lexical_structural_posthoc,functional,0.10754214729370008,classic_revolution,deepseek-chat,25,105,aspdac2026/deepseek_clean_results/RTLLM/Prob004_adder_8bit,0,0,0,3
RTLLM,0.33143146034955945,0.5,70,aspdac2026_release,lexical_structural_posthoc,synthesis_valid,0.10754214729370008,classic_revolution,deepseek-chat,25,105,aspdac2026/deepseek_clean_results/RTLLM/Prob004_adder_8bit,0,0,0,3
RTLLM,0.33143146034955945,0.5,70,aspdac2026_release,lexical_structural_posthoc,valid_ppa,0.10754214729370008,classic_revolution,deepseek-chat,25,105,aspdac2026/deepseek_clean_results/RTLLM/Prob004_adder_8bit,0,0,0,3
RTLLM,0.33143146034955945,0.5,25,aspdac2026_release,lexical_structural_posthoc,pareto_front,0.33143146034955956,classic_revolution,deepseek-chat,25,105,aspdac2026/deepseek_clean_results/RTLLM/Prob004_adder_8bit,0,0,0,1
RTLLM,0.33143146034955945,0.75,158,aspdac2026_release,lexical_structural_posthoc,generated,0.08136375126390298,classic_revolution,deepseek-chat,47,158,aspdac2026/deepseek_clean_results/RTLLM/Prob004_adder_8bit,0,0,0,5
RTLLM,0.33143146034955945,0.75,112,aspdac2026_release,lexical_structural_posthoc,functional,0.08136375126390298,classic_revolution,deepseek-chat,47,158,aspdac2026/deepseek_clean_results/RTLLM/Prob004_adder_8bit,0,0,0,4
RTLLM,0.33143146034955945,0.75,112,aspdac2026_release,lexical_structural_posthoc,synthesis_valid,0.08136375126390298,classic_revolution,deepseek-chat,47,158,aspdac2026/deepseek_clean_results/RTLLM/Prob004_adder_8bit,0,0,0,4
RTLLM,0.33143146034955945,0.75,112,aspdac2026_release,lexical_structural_posthoc,valid_ppa,0.08136375126390298,classic_revolution,deepseek-chat,47,158,aspdac2026/deepseek_clean_results/RTLLM/Prob004_adder_8bit,0,0,0,4
RTLLM,0.33143146034955945,0.75,47,aspdac2026_release,lexical_structural_posthoc,pareto_front,0.33143146034955956,classic_revolution,deepseek-chat,47,158,aspdac2026/deepseek_clean_results/RTLLM/Prob004_adder_8bit,0,0,0,2
RTLLM,0.33143146034955945,1.0,210,aspdac2026_release,lexical_structural_posthoc,generated,0.1113199868887433,classic_revolution,deepseek-chat,75,210,aspdac2026/deepseek_clean_results/RTLLM/Prob004_adder_8bit,0,0,0,5
RTLLM,0.33143146034955945,1.0,156,aspdac2026_release,lexical_structural_posthoc,functional,0.1113199868887433,classic_revolution,deepseek-chat,75,210,aspdac2026/deepseek_clean_results/RTLLM/Prob004_adder_8bit,0,0,0,4
RTLLM,0.33143146034955945,1.0,156,aspdac2026_release,lexical_structural_posthoc,synthesis_valid,0.1113199868887433,classic_revolution,deepseek-chat,75,210,aspdac2026/deepseek_clean_results/RTLLM/Prob004_adder_8bit,0,0,0,4
RTLLM,0.33143146034955945,1.0,156,aspdac2026_release,lexical_structural_posthoc,valid_ppa,0.1113199868887433,classic_revolution,deepseek-chat,75,210,aspdac2026/deepseek_clean_results/RTLLM/Prob004_adder_8bit,0,0,0,4
RTLLM,0.33143146034955945,1.0,75,aspdac2026_release,lexical_structural_posthoc,pareto_front,0.33143146034955956,classic_revolution,deepseek-chat,75,210,aspdac2026/deepseek_clean_results/RTLLM/Prob004_adder_8bit,0,0,0,3
RTLLM,0.21265636497424578,0.25,53,aspdac2026_release,lexical_structural_posthoc,generated,-0.08203254026653585,classic_revolution,deepseek-chat,1,53,aspdac2026/deepseek_clean_results/RTLLM/Prob005_adder_bcd,0,0,0,5
RTLLM,0.21265636497424578,0.25,45,aspdac2026_release,lexical_structural_posthoc,functional,-0.08203254026653585,classic_revolution,deepseek-chat,1,53,aspdac2026/deepseek_clean_results/RTLLM/Prob005_adder_bcd,0,0,0,4
RTLLM,0.21265636497424578,0.25,45,aspdac2026_release,lexical_structural_posthoc,synthesis_valid,-0.08203254026653585,classic_revolution,deepseek-chat,1,53,aspdac2026/deepseek_clean_results/RTLLM/Prob005_adder_bcd,0,0,0,4
RTLLM,0.21265636497424578,0.25,45,aspdac2026_release,lexical_structural_posthoc,valid_ppa,-0.08203254026653585,classic_revolution,deepseek-chat,1,53,aspdac2026/deepseek_clean_results/RTLLM/Prob005_adder_bcd,0,0,0,4
RTLLM,0.21265636497424578,0.25,1,aspdac2026_release,lexical_structural_posthoc,pareto_front,0.21265636497424578,classic_revolution,deepseek-chat,1,53,aspdac2026/deepseek_clean_results/RTLLM/Prob005_adder_bcd,0,0,0,1
RTLLM,0.21265636497424578,0.5,105,aspdac2026_release,lexical_structural_posthoc,generated,-0.08917245463845365,classic_revolution,deepseek-chat,3,105,aspdac2026/deepseek_clean_results/RTLLM/Prob005_adder_bcd,0,0,0,6
RTLLM,0.21265636497424578,0.5,82,aspdac2026_release,lexical_structural_posthoc,functional,-0.08917245463845365,classic_revolution,deepseek-chat,3,105,aspdac2026/deepseek_clean_results/RTLLM/Prob005_adder_bcd,0,0,0,5
RTLLM,0.21265636497424578,0.5,82,aspdac2026_release,lexical_structural_posthoc,synthesis_valid,-0.08917245463845365,classic_revolution,deepseek-chat,3,105,aspdac2026/deepseek_clean_results/RTLLM/Prob005_adder_bcd,0,0,0,5
RTLLM,0.21265636497424578,0.5,82,aspdac2026_release,lexical_structural_posthoc,valid_ppa,-0.08917245463845365,classic_revolution,deepseek-chat,3,105,aspdac2026/deepseek_clean_results/RTLLM/Prob005_adder_bcd,0,0,0,5
RTLLM,0.21265636497424578,0.5,3,aspdac2026_release,lexical_structural_posthoc,pareto_front,0.21265636497424578,classic_revolution,deepseek-chat,3,105,aspdac2026/deepseek_clean_results/RTLLM/Prob005_adder_bcd,0,0,0,1
RTLLM,0.21265636497424578,0.75,158,aspdac2026_release,lexical_structural_posthoc,generated,-0.08205798875841724,classic_revolution,deepseek-chat,4,158,aspdac2026/deepseek_clean_results/RTLLM/Prob005_adder_bcd,0,0,0,6
RTLLM,0.21265636497424578,0.75,119,aspdac2026_release,lexical_structural_posthoc,functional,-0.08205798875841724,classic_revolution,deepseek-chat,4,158,aspdac2026/deepseek_clean_results/RTLLM/Prob005_adder_bcd,0,0,0,5
RTLLM,0.21265636497424578,0.75,119,aspdac2026_release,lexical_structural_posthoc,synthesis_valid,-0.08205798875841724,classic_revolution,deepseek-chat,4,158,aspdac2026/deepseek_clean_results/RTLLM/Prob005_adder_bcd,0,0,0,5
RTLLM,0.21265636497424578,0.75,119,aspdac2026_release,lexical_structural_posthoc,valid_ppa,-0.08205798875841724,classic_revolution,deepseek-chat,4,158,aspdac2026/deepseek_clean_results/RTLLM/Prob005_adder_bcd,0,0,0,5
RTLLM,0.21265636497424578,0.75,4,aspdac2026_release,lexical_structural_posthoc,pareto_front,0.21265636497424578,classic_revolution,deepseek-chat,4,158,aspdac2026/deepseek_clean_results/RTLLM/Prob005_adder_bcd,0,0,0,1
RTLLM,0.21265636497424578,1.0,210,aspdac2026_release,lexical_structural_posthoc,generated,-0.07573595385601366,classic_revolution,deepseek-chat,8,210,aspdac2026/deepseek_clean_results/RTLLM/Prob005_adder_bcd,0,0,0,6
RTLLM,0.21265636497424578,1.0,155,aspdac2026_release,lexical_structural_posthoc,functional,-0.07573595385601366,classic_revolution,deepseek-chat,8,210,aspdac2026/deepseek_clean_results/RTLLM/Prob005_adder_bcd,0,0,0,5
RTLLM,0.21265636497424578,1.0,155,aspdac2026_release,lexical_structural_posthoc,synthesis_valid,-0.07573595385601366,classic_revolution,deepseek-chat,8,210,aspdac2026/deepseek_clean_results/RTLLM/Prob005_adder_bcd,0,0,0,5
RTLLM,0.21265636497424578,1.0,155,aspdac2026_release,lexical_structural_posthoc,valid_ppa,-0.07573595385601366,classic_revolution,deepseek-chat,8,210,aspdac2026/deepseek_clean_results/RTLLM/Prob005_adder_bcd,0,0,0,5
RTLLM,0.21265636497424578,1.0,8,aspdac2026_release,lexical_structural_posthoc,pareto_front,0.21265636497424584,classic_revolution,deepseek-chat,8,210,aspdac2026/deepseek_clean_results/RTLLM/Prob005_adder_bcd,0,0,0,1
RTLLM,,0.25,53,aspdac2026_release,lexical_structural_posthoc,generated,,classic_revolution,deepseek-chat,0,53,aspdac2026/deepseek_clean_results/RTLLM/Prob006_adder_pipe_64bit,0,0,0,1
RTLLM,,0.25,0,aspdac2026_release,lexical_structural_posthoc,functional,,classic_revolution,deepseek-chat,0,53,aspdac2026/deepseek_clean_results/RTLLM/Prob006_adder_pipe_64bit,0,0,0,0
RTLLM,,0.25,0,aspdac2026_release,lexical_structural_posthoc,synthesis_valid,,classic_revolution,deepseek-chat,0,53,aspdac2026/deepseek_clean_results/RTLLM/Prob006_adder_pipe_64bit,0,0,0,0
RTLLM,,0.25,0,aspdac2026_release,lexical_structural_posthoc,valid_ppa,,classic_revolution,deepseek-chat,0,53,aspdac2026/deepseek_clean_results/RTLLM/Prob006_adder_pipe_64bit,0,0,0,0
RTLLM,,0.25,0,aspdac2026_release,lexical_structural_posthoc,pareto_front,,classic_revolution,deepseek-chat,0,53,aspdac2026/deepseek_clean_results/RTLLM/Prob006_adder_pipe_64bit,0,0,0,0
RTLLM,,0.5,105,aspdac2026_release,lexical_structural_posthoc,generated,,classic_revolution,deepseek-chat,0,105,aspdac2026/deepseek_clean_results/RTLLM/Prob006_adder_pipe_64bit,0,0,0,1
RTLLM,,0.5,0,aspdac2026_release,lexical_structural_posthoc,functional,,classic_revolution,deepseek-chat,0,105,aspdac2026/deepseek_clean_results/RTLLM/Prob006_adder_pipe_64bit,0,0,0,0
RTLLM,,0.5,0,aspdac2026_release,lexical_structural_posthoc,synthesis_valid,,classic_revolution,deepseek-chat,0,105,aspdac2026/deepseek_clean_results/RTLLM/Prob006_adder_pipe_64bit,0,0,0,0
RTLLM,,0.5,0,aspdac2026_release,lexical_structural_posthoc,valid_ppa,,classic_revolution,deepseek-chat,0,105,aspdac2026/deepseek_clean_results/RTLLM/Prob006_adder_pipe_64bit,0,0,0,0
RTLLM,,0.5,0,aspdac2026_release,lexical_structural_posthoc,pareto_front,,classic_revolution,deepseek-chat,0,105,aspdac2026/deepseek_clean_results/RTLLM/Prob006_adder_pipe_64bit,0,0,0,0
RTLLM,,0.75,158,aspdac2026_release,lexical_structural_posthoc,generated,,classic_revolution,deepseek-chat,0,158,aspdac2026/deepseek_clean_results/RTLLM/Prob006_adder_pipe_64bit,0,0,0,1
RTLLM,,0.75,0,aspdac2026_release,lexical_structural_posthoc,functional,,classic_revolution,deepseek-chat,0,158,aspdac2026/deepseek_clean_results/RTLLM/Prob006_adder_pipe_64bit,0,0,0,0
RTLLM,,0.75,0,aspdac2026_release,lexical_structural_posthoc,synthesis_valid,,classic_revolution,deepseek-chat,0,158,aspdac2026/deepseek_clean_results/RTLLM/Prob006_adder_pipe_64bit,0,0,0,0
RTLLM,,0.75,0,aspdac2026_release,lexical_structural_posthoc,valid_ppa,,classic_revolution,deepseek-chat,0,158,aspdac2026/deepseek_clean_results/RTLLM/Prob006_adder_pipe_64bit,0,0,0,0
RTLLM,,0.75,0,aspdac2026_release,lexical_structural_posthoc,pareto_front,,classic_revolution,deepseek-chat,0,158,aspdac2026/deepseek_clean_results/RTLLM/Prob006_adder_pipe_64bit,0,0,0,0
RTLLM,,1.0,210,aspdac2026_release,lexical_structural_posthoc,generated,,classic_revolution,deepseek-chat,0,210,aspdac2026/deepseek_clean_results/RTLLM/Prob006_adder_pipe_64bit,0,0,0,1
RTLLM,,1.0,0,aspdac2026_release,lexical_structural_posthoc,functional,,classic_revolution,deepseek-chat,0,210,aspdac2026/deepseek_clean_results/RTLLM/Prob006_adder_pipe_64bit,0,0,0,0
RTLLM,,1.0,0,aspdac2026_release,lexical_structural_posthoc,synthesis_valid,,classic_revolution,deepseek-chat,0,210,aspdac2026/deepseek_clean_results/RTLLM/Prob006_adder_pipe_64bit,0,0,0,0
RTLLM,,1.0,0,aspdac2026_release,lexical_structural_posthoc,valid_ppa,,classic_revolution,deepseek-chat,0,210,aspdac2026/deepseek_clean_results/RTLLM/Prob006_adder_pipe_64bit,0,0,0,0
RTLLM,,1.0,0,aspdac2026_release,lexical_structural_posthoc,pareto_front,,classic_revolution,deepseek-chat,0,210,aspdac2026/deepseek_clean_results/RTLLM/Prob006_adder_pipe_64bit,0,0,0,0
RTLLM,0.1526053846615099,0.25,53,aspdac2026_release,lexical_structural_posthoc,generated,-0.32752203068060065,classic_revolution,deepseek-chat,1,53,aspdac2026/deepseek_clean_results/RTLLM/Prob007_comparator_3bit,0,0,0,4
RTLLM,0.1526053846615099,0.25,53,aspdac2026_release,lexical_structural_posthoc,functional,-0.32752203068060065,classic_revolution,deepseek-chat,1,53,aspdac2026/deepseek_clean_results/RTLLM/Prob007_comparator_3bit,0,0,0,4
RTLLM,0.1526053846615099,0.25,53,aspdac2026_release,lexical_structural_posthoc,synthesis_valid,-0.32752203068060065,classic_revolution,deepseek-chat,1,53,aspdac2026/deepseek_clean_results/RTLLM/Prob007_comparator_3bit,0,0,0,4
RTLLM,0.1526053846615099,0.25,53,aspdac2026_release,lexical_structural_posthoc,valid_ppa,-0.32752203068060065,classic_revolution,deepseek-chat,1,53,aspdac2026/deepseek_clean_results/RTLLM/Prob007_comparator_3bit,0,0,0,4
RTLLM,0.1526053846615099,0.25,1,aspdac2026_release,lexical_structural_posthoc,pareto_front,0.1526053846615099,classic_revolution,deepseek-chat,1,53,aspdac2026/deepseek_clean_results/RTLLM/Prob007_comparator_3bit,0,0,0,1
RTLLM,0.1526053846615099,0.5,105,aspdac2026_release,lexical_structural_posthoc,generated,-0.3909106161871947,classic_revolution,deepseek-chat,1,105,aspdac2026/deepseek_clean_results/RTLLM/Prob007_comparator_3bit,0,0,0,5
RTLLM,0.1526053846615099,0.5,104,aspdac2026_release,lexical_structural_posthoc,functional,-0.3909106161871947,classic_revolution,deepseek-chat,1,105,aspdac2026/deepseek_clean_results/RTLLM/Prob007_comparator_3bit,0,0,0,4
RTLLM,0.1526053846615099,0.5,104,aspdac2026_release,lexical_structural_posthoc,synthesis_valid,-0.3909106161871947,classic_revolution,deepseek-chat,1,105,aspdac2026/deepseek_clean_results/RTLLM/Prob007_comparator_3bit,0,0,0,4
RTLLM,0.1526053846615099,0.5,104,aspdac2026_release,lexical_structural_posthoc,valid_ppa,-0.3909106161871947,classic_revolution,deepseek-chat,1,105,aspdac2026/deepseek_clean_results/RTLLM/Prob007_comparator_3bit,0,0,0,4
RTLLM,0.1526053846615099,0.5,1,aspdac2026_release,lexical_structural_posthoc,pareto_front,0.1526053846615099,classic_revolution,deepseek-chat,1,105,aspdac2026/deepseek_clean_results/RTLLM/Prob007_comparator_3bit,0,0,0,1
RTLLM,0.1526053846615099,0.75,158,aspdac2026_release,lexical_structural_posthoc,generated,-0.3182482344817182,classic_revolution,deepseek-chat,1,158,aspdac2026/deepseek_clean_results/RTLLM/Prob007_comparator_3bit,0,0,0,5
RTLLM,0.1526053846615099,0.75,155,aspdac2026_release,lexical_structural_posthoc,functional,-0.3182482344817182,classic_revolution,deepseek-chat,1,158,aspdac2026/deepseek_clean_results/RTLLM/Prob007_comparator_3bit,0,0,0,4
RTLLM,0.1526053846615099,0.75,155,aspdac2026_release,lexical_structural_posthoc,synthesis_valid,-0.3182482344817182,classic_revolution,deepseek-chat,1,158,aspdac2026/deepseek_clean_results/RTLLM/Prob007_comparator_3bit,0,0,0,4
RTLLM,0.1526053846615099,0.75,155,aspdac2026_release,lexical_structural_posthoc,valid_ppa,-0.3182482344817182,classic_revolution,deepseek-chat,1,158,aspdac2026/deepseek_clean_results/RTLLM/Prob007_comparator_3bit,0,0,0,4
RTLLM,0.1526053846615099,0.75,1,aspdac2026_release,lexical_structural_posthoc,pareto_front,0.1526053846615099,classic_revolution,deepseek-chat,1,158,aspdac2026/deepseek_clean_results/RTLLM/Prob007_comparator_3bit,0,0,0,1
RTLLM,0.1526053846615099,1.0,210,aspdac2026_release,lexical_structural_posthoc,generated,-0.3486223907031299,classic_revolution,deepseek-chat,1,210,aspdac2026/deepseek_clean_results/RTLLM/Prob007_comparator_3bit,0,0,0,5
RTLLM,0.1526053846615099,1.0,205,aspdac2026_release,lexical_structural_posthoc,functional,-0.3486223907031299,classic_revolution,deepseek-chat,1,210,aspdac2026/deepseek_clean_results/RTLLM/Prob007_comparator_3bit,0,0,0,4
RTLLM,0.1526053846615099,1.0,205,aspdac2026_release,lexical_structural_posthoc,synthesis_valid,-0.3486223907031299,classic_revolution,deepseek-chat,1,210,aspdac2026/deepseek_clean_results/RTLLM/Prob007_comparator_3bit,0,0,0,4
RTLLM,0.1526053846615099,1.0,205,aspdac2026_release,lexical_structural_posthoc,valid_ppa,-0.3486223907031299,classic_revolution,deepseek-chat,1,210,aspdac2026/deepseek_clean_results/RTLLM/Prob007_comparator_3bit,0,0,0,4
RTLLM,0.1526053846615099,1.0,1,aspdac2026_release,lexical_structural_posthoc,pareto_front,0.1526053846615099,classic_revolution,deepseek-chat,1,210,aspdac2026/deepseek_clean_results/RTLLM/Prob007_comparator_3bit,0,0,0,1
RTLLM,0.5885757575757575,0.25,53,aspdac2026_release,lexical_structural_posthoc,generated,0.046730606060606014,classic_revolution,deepseek-chat,1,53,aspdac2026/deepseek_clean_results/RTLLM/Prob008_comparator_4bit,0,0,0,3
RTLLM,0.5885757575757575,0.25,50,aspdac2026_release,lexical_structural_posthoc,functional,0.046730606060606014,classic_revolution,deepseek-chat,1,53,aspdac2026/deepseek_clean_results/RTLLM/Prob008_comparator_4bit,0,0,0,2
RTLLM,0.5885757575757575,0.25,50,aspdac2026_release,lexical_structural_posthoc,synthesis_valid,0.046730606060606014,classic_revolution,deepseek-chat,1,53,aspdac2026/deepseek_clean_results/RTLLM/Prob008_comparator_4bit,0,0,0,2
RTLLM,0.5885757575757575,0.25,50,aspdac2026_release,lexical_structural_posthoc,valid_ppa,0.046730606060606014,classic_revolution,deepseek-chat,1,53,aspdac2026/deepseek_clean_results/RTLLM/Prob008_comparator_4bit,0,0,0,2
RTLLM,0.5885757575757575,0.25,1,aspdac2026_release,lexical_structural_posthoc,pareto_front,0.5885757575757575,classic_revolution,deepseek-chat,1,53,aspdac2026/deepseek_clean_results/RTLLM/Prob008_comparator_4bit,0,0,0,1
RTLLM,0.5885757575757575,0.5,105,aspdac2026_release,lexical_structural_posthoc,generated,0.08280084348641048,classic_revolution,deepseek-chat,1,105,aspdac2026/deepseek_clean_results/RTLLM/Prob008_comparator_4bit,0,0,0,4
RTLLM,0.5885757575757575,0.5,97,aspdac2026_release,lexical_structural_posthoc,functional,0.08280084348641048,classic_revolution,deepseek-chat,1,105,aspdac2026/deepseek_clean_results/RTLLM/Prob008_comparator_4bit,0,0,0,3
RTLLM,0.5885757575757575,0.5,97,aspdac2026_release,lexical_structural_posthoc,synthesis_valid,0.08280084348641048,classic_revolution,deepseek-chat,1,105,aspdac2026/deepseek_clean_results/RTLLM/Prob008_comparator_4bit,0,0,0,3
RTLLM,0.5885757575757575,0.5,97,aspdac2026_release,lexical_structural_posthoc,valid_ppa,0.08280084348641048,classic_revolution,deepseek-chat,1,105,aspdac2026/deepseek_clean_results/RTLLM/Prob008_comparator_4bit,0,0,0,3
RTLLM,0.5885757575757575,0.5,1,aspdac2026_release,lexical_structural_posthoc,pareto_front,0.5885757575757575,classic_revolution,deepseek-chat,1,105,aspdac2026/deepseek_clean_results/RTLLM/Prob008_comparator_4bit,0,0,0,1
RTLLM,0.5885757575757575,0.75,158,aspdac2026_release,lexical_structural_posthoc,generated,0.141755500207555,classic_revolution,deepseek-chat,1,158,aspdac2026/deepseek_clean_results/RTLLM/Prob008_comparator_4bit,0,0,0,5
RTLLM,0.5885757575757575,0.75,146,aspdac2026_release,lexical_structural_posthoc,functional,0.141755500207555,classic_revolution,deepseek-chat,1,158,aspdac2026/deepseek_clean_results/RTLLM/Prob008_comparator_4bit,0,0,0,4
RTLLM,0.5885757575757575,0.75,146,aspdac2026_release,lexical_structural_posthoc,synthesis_valid,0.141755500207555,classic_revolution,deepseek-chat,1,158,aspdac2026/deepseek_clean_results/RTLLM/Prob008_comparator_4bit,0,0,0,4
RTLLM,0.5885757575757575,0.75,146,aspdac2026_release,lexical_structural_posthoc,valid_ppa,0.141755500207555,classic_revolution,deepseek-chat,1,158,aspdac2026/deepseek_clean_results/RTLLM/Prob008_comparator_4bit,0,0,0,4
RTLLM,0.5885757575757575,0.75,1,aspdac2026_release,lexical_structural_posthoc,pareto_front,0.5885757575757575,classic_revolution,deepseek-chat,1,158,aspdac2026/deepseek_clean_results/RTLLM/Prob008_comparator_4bit,0,0,0,1
RTLLM,0.5885757575757575,1.0,210,aspdac2026_release,lexical_structural_posthoc,generated,0.16888245860668552,classic_revolution,deepseek-chat,1,210,aspdac2026/deepseek_clean_results/RTLLM/Prob008_comparator_4bit,0,0,0,5
RTLLM,0.5885757575757575,1.0,194,aspdac2026_release,lexical_structural_posthoc,functional,0.16888245860668552,classic_revolution,deepseek-chat,1,210,aspdac2026/deepseek_clean_results/RTLLM/Prob008_comparator_4bit,0,0,0,4
RTLLM,0.5885757575757575,1.0,194,aspdac2026_release,lexical_structural_posthoc,synthesis_valid,0.16888245860668552,classic_revolution,deepseek-chat,1,210,aspdac2026/deepseek_clean_results/RTLLM/Prob008_comparator_4bit,0,0,0,4
RTLLM,0.5885757575757575,1.0,194,aspdac2026_release,lexical_structural_posthoc,valid_ppa,0.16888245860668552,classic_revolution,deepseek-chat,1,210,aspdac2026/deepseek_clean_results/RTLLM/Prob008_comparator_4bit,0,0,0,4
RTLLM,0.5885757575757575,1.0,1,aspdac2026_release,lexical_structural_posthoc,pareto_front,0.5885757575757575,classic_revolution,deepseek-chat,1,210,aspdac2026/deepseek_clean_results/RTLLM/Prob008_comparator_4bit,0,0,0,1
RTLLM,0.7749496981891348,0.25,53,aspdac2026_release,lexical_structural_posthoc,generated,0.6920507661352732,classic_revolution,deepseek-chat,0,53,aspdac2026/deepseek_clean_results/RTLLM/Prob009_div_16bit,0,0,0,4
RTLLM,0.7749496981891348,0.25,13,aspdac2026_release,lexical_structural_posthoc,functional,0.6920507661352732,classic_revolution,deepseek-chat,0,53,aspdac2026/deepseek_clean_results/RTLLM/Prob009_div_16bit,0,0,0,3
RTLLM,0.7749496981891348,0.25,13,aspdac2026_release,lexical_structural_posthoc,synthesis_valid,0.6920507661352732,classic_revolution,deepseek-chat,0,53,aspdac2026/deepseek_clean_results/RTLLM/Prob009_div_16bit,0,0,0,3
RTLLM,0.7749496981891348,0.25,13,aspdac2026_release,lexical_structural_posthoc,valid_ppa,0.6920507661352732,classic_revolution,deepseek-chat,0,53,aspdac2026/deepseek_clean_results/RTLLM/Prob009_div_16bit,0,0,0,3
RTLLM,,0.25,0,aspdac2026_release,lexical_structural_posthoc,pareto_front,,classic_revolution,deepseek-chat,0,53,aspdac2026/deepseek_clean_results/RTLLM/Prob009_div_16bit,0,0,0,0
RTLLM,0.7817057902973397,0.5,105,aspdac2026_release,lexical_structural_posthoc,generated,0.7342024102285671,classic_revolution,deepseek-chat,0,105,aspdac2026/deepseek_clean_results/RTLLM/Prob009_div_16bit,0,0,0,4
RTLLM,0.7817057902973397,0.5,42,aspdac2026_release,lexical_structural_posthoc,functional,0.7342024102285671,classic_revolution,deepseek-chat,0,105,aspdac2026/deepseek_clean_results/RTLLM/Prob009_div_16bit,0,0,0,3
RTLLM,0.7817057902973397,0.5,42,aspdac2026_release,lexical_structural_posthoc,synthesis_valid,0.7342024102285671,classic_revolution,deepseek-chat,0,105,aspdac2026/deepseek_clean_results/RTLLM/Prob009_div_16bit,0,0,0,3
RTLLM,0.7817057902973397,0.5,42,aspdac2026_release,lexical_structural_posthoc,valid_ppa,0.7342024102285671,classic_revolution,deepseek-chat,0,105,aspdac2026/deepseek_clean_results/RTLLM/Prob009_div_16bit,0,0,0,3
RTLLM,,0.5,0,aspdac2026_release,lexical_structural_posthoc,pareto_front,,classic_revolution,deepseek-chat,0,105,aspdac2026/deepseek_clean_results/RTLLM/Prob009_div_16bit,0,0,0,0
RTLLM,0.7817057902973397,0.75,158,aspdac2026_release,lexical_structural_posthoc,generated,0.745547819078212,classic_revolution,deepseek-chat,0,158,aspdac2026/deepseek_clean_results/RTLLM/Prob009_div_16bit,0,0,0,5
RTLLM,0.7817057902973397,0.75,76,aspdac2026_release,lexical_structural_posthoc,functional,0.745547819078212,classic_revolution,deepseek-chat,0,158,aspdac2026/deepseek_clean_results/RTLLM/Prob009_div_16bit,0,0,0,4
RTLLM,0.7817057902973397,0.75,76,aspdac2026_release,lexical_structural_posthoc,synthesis_valid,0.745547819078212,classic_revolution,deepseek-chat,0,158,aspdac2026/deepseek_clean_results/RTLLM/Prob009_div_16bit,0,0,0,4
RTLLM,0.7817057902973397,0.75,76,aspdac2026_release,lexical_structural_posthoc,valid_ppa,0.745547819078212,classic_revolution,deepseek-chat,0,158,aspdac2026/deepseek_clean_results/RTLLM/Prob009_div_16bit,0,0,0,4
RTLLM,,0.75,0,aspdac2026_release,lexical_structural_posthoc,pareto_front,,classic_revolution,deepseek-chat,0,158,aspdac2026/deepseek_clean_results/RTLLM/Prob009_div_16bit,0,0,0,0
RTLLM,0.7836105522021015,1.0,210,aspdac2026_release,lexical_structural_posthoc,generated,0.7499841986113012,classic_revolution,deepseek-chat,1,210,aspdac2026/deepseek_clean_results/RTLLM/Prob009_div_16bit,0,0,0,5
RTLLM,0.7836105522021015,1.0,103,aspdac2026_release,lexical_structural_posthoc,functional,0.7499841986113012,classic_revolution,deepseek-chat,1,210,aspdac2026/deepseek_clean_results/RTLLM/Prob009_div_16bit,0,0,0,4
RTLLM,0.7836105522021015,1.0,103,aspdac2026_release,lexical_structural_posthoc,synthesis_valid,0.7499841986113012,classic_revolution,deepseek-chat,1,210,aspdac2026/deepseek_clean_results/RTLLM/Prob009_div_16bit,0,0,0,4
RTLLM,0.7836105522021015,1.0,103,aspdac2026_release,lexical_structural_posthoc,valid_ppa,0.7499841986113012,classic_revolution,deepseek-chat,1,210,aspdac2026/deepseek_clean_results/RTLLM/Prob009_div_16bit,0,0,0,4
RTLLM,0.7836105522021015,1.0,1,aspdac2026_release,lexical_structural_posthoc,pareto_front,0.7836105522021015,classic_revolution,deepseek-chat,1,210,aspdac2026/deepseek_clean_results/RTLLM/Prob009_div_16bit,0,0,0,1
RTLLM,,0.25,53,aspdac2026_release,lexical_structural_posthoc,generated,,classic_revolution,deepseek-chat,0,53,aspdac2026/deepseek_clean_results/RTLLM/Prob010_radix2_div,0,0,0,1
RTLLM,,0.25,0,aspdac2026_release,lexical_structural_posthoc,functional,,classic_revolution,deepseek-chat,0,53,aspdac2026/deepseek_clean_results/RTLLM/Prob010_radix2_div,0,0,0,0
RTLLM,,0.25,0,aspdac2026_release,lexical_structural_posthoc,synthesis_valid,,classic_revolution,deepseek-chat,0,53,aspdac2026/deepseek_clean_results/RTLLM/Prob010_radix2_div,0,0,0,0
RTLLM,,0.25,0,aspdac2026_release,lexical_structural_posthoc,valid_ppa,,classic_revolution,deepseek-chat,0,53,aspdac2026/deepseek_clean_results/RTLLM/Prob010_radix2_div,0,0,0,0
RTLLM,,0.25,0,aspdac2026_release,lexical_structural_posthoc,pareto_front,,classic_revolution,deepseek-chat,0,53,aspdac2026/deepseek_clean_results/RTLLM/Prob010_radix2_div,0,0,0,0
RTLLM,,0.5,105,aspdac2026_release,lexical_structural_posthoc,generated,,classic_revolution,deepseek-chat,0,105,aspdac2026/deepseek_clean_results/RTLLM/Prob010_radix2_div,0,0,0,1
RTLLM,,0.5,0,aspdac2026_release,lexical_structural_posthoc,functional,,classic_revolution,deepseek-chat,0,105,aspdac2026/deepseek_clean_results/RTLLM/Prob010_radix2_div,0,0,0,0
RTLLM,,0.5,0,aspdac2026_release,lexical_structural_posthoc,synthesis_valid,,classic_revolution,deepseek-chat,0,105,aspdac2026/deepseek_clean_results/RTLLM/Prob010_radix2_div,0,0,0,0
RTLLM,,0.5,0,aspdac2026_release,lexical_structural_posthoc,valid_ppa,,classic_revolution,deepseek-chat,0,105,aspdac2026/deepseek_clean_results/RTLLM/Prob010_radix2_div,0,0,0,0
RTLLM,,0.5,0,aspdac2026_release,lexical_structural_posthoc,pareto_front,,classic_revolution,deepseek-chat,0,105,aspdac2026/deepseek_clean_results/RTLLM/Prob010_radix2_div,0,0,0,0
RTLLM,,0.75,158,aspdac2026_release,lexical_structural_posthoc,generated,,classic_revolution,deepseek-chat,0,158,aspdac2026/deepseek_clean_results/RTLLM/Prob010_radix2_div,0,0,0,1
RTLLM,,0.75,0,aspdac2026_release,lexical_structural_posthoc,functional,,classic_revolution,deepseek-chat,0,158,aspdac2026/deepseek_clean_results/RTLLM/Prob010_radix2_div,0,0,0,0
RTLLM,,0.75,0,aspdac2026_release,lexical_structural_posthoc,synthesis_valid,,classic_revolution,deepseek-chat,0,158,aspdac2026/deepseek_clean_results/RTLLM/Prob010_radix2_div,0,0,0,0
RTLLM,,0.75,0,aspdac2026_release,lexical_structural_posthoc,valid_ppa,,classic_revolution,deepseek-chat,0,158,aspdac2026/deepseek_clean_results/RTLLM/Prob010_radix2_div,0,0,0,0
RTLLM,,0.75,0,aspdac2026_release,lexical_structural_posthoc,pareto_front,,classic_revolution,deepseek-chat,0,158,aspdac2026/deepseek_clean_results/RTLLM/Prob010_radix2_div,0,0,0,0
RTLLM,,1.0,210,aspdac2026_release,lexical_structural_posthoc,generated,,classic_revolution,deepseek-chat,0,210,aspdac2026/deepseek_clean_results/RTLLM/Prob010_radix2_div,0,0,0,1
RTLLM,,1.0,0,aspdac2026_release,lexical_structural_posthoc,functional,,classic_revolution,deepseek-chat,0,210,aspdac2026/deepseek_clean_results/RTLLM/Prob010_radix2_div,0,0,0,0
RTLLM,,1.0,0,aspdac2026_release,lexical_structural_posthoc,synthesis_valid,,classic_revolution,deepseek-chat,0,210,aspdac2026/deepseek_clean_results/RTLLM/Prob010_radix2_div,0,0,0,0
RTLLM,,1.0,0,aspdac2026_release,lexical_structural_posthoc,valid_ppa,,classic_revolution,deepseek-chat,0,210,aspdac2026/deepseek_clean_results/RTLLM/Prob010_radix2_div,0,0,0,0
RTLLM,,1.0,0,aspdac2026_release,lexical_structural_posthoc,pareto_front,,classic_revolution,deepseek-chat,0,210,aspdac2026/deepseek_clean_results/RTLLM/Prob010_radix2_div,0,0,0,0
RTLLM,0.11473247294481413,0.25,53,aspdac2026_release,lexical_structural_posthoc,generated,-0.13449300934328162,classic_revolution,deepseek-chat,1,53,aspdac2026/deepseek_clean_results/RTLLM/Prob011_multi_16bit,0,0,0,3
RTLLM,0.11473247294481413,0.25,20,aspdac2026_release,lexical_structural_posthoc,functional,-0.13449300934328162,classic_revolution,deepseek-chat,1,53,aspdac2026/deepseek_clean_results/RTLLM/Prob011_multi_16bit,0,0,0,2
RTLLM,0.11473247294481413,0.25,20,aspdac2026_release,lexical_structural_posthoc,synthesis_valid,-0.13449300934328162,classic_revolution,deepseek-chat,1,53,aspdac2026/deepseek_clean_results/RTLLM/Prob011_multi_16bit,0,0,0,2
RTLLM,0.11473247294481413,0.25,20,aspdac2026_release,lexical_structural_posthoc,valid_ppa,-0.13449300934328162,classic_revolution,deepseek-chat,1,53,aspdac2026/deepseek_clean_results/RTLLM/Prob011_multi_16bit,0,0,0,2
RTLLM,0.11473247294481413,0.25,1,aspdac2026_release,lexical_structural_posthoc,pareto_front,0.11473247294481413,classic_revolution,deepseek-chat,1,53,aspdac2026/deepseek_clean_results/RTLLM/Prob011_multi_16bit,0,0,0,1
RTLLM,0.1837131142031323,0.5,105,aspdac2026_release,lexical_structural_posthoc,generated,-0.12446409766433969,classic_revolution,deepseek-chat,2,105,aspdac2026/deepseek_clean_results/RTLLM/Prob011_multi_16bit,0,0,0,3
RTLLM,0.1837131142031323,0.5,36,aspdac2026_release,lexical_structural_posthoc,functional,-0.12446409766433969,classic_revolution,deepseek-chat,2,105,aspdac2026/deepseek_clean_results/RTLLM/Prob011_multi_16bit,0,0,0,2
RTLLM,0.1837131142031323,0.5,36,aspdac2026_release,lexical_structural_posthoc,synthesis_valid,-0.12446409766433969,classic_revolution,deepseek-chat,2,105,aspdac2026/deepseek_clean_results/RTLLM/Prob011_multi_16bit,0,0,0,2
RTLLM,0.1837131142031323,0.5,36,aspdac2026_release,lexical_structural_posthoc,valid_ppa,-0.12446409766433969,classic_revolution,deepseek-chat,2,105,aspdac2026/deepseek_clean_results/RTLLM/Prob011_multi_16bit,0,0,0,2
RTLLM,0.1837131142031323,0.5,2,aspdac2026_release,lexical_structural_posthoc,pareto_front,0.14922279357397322,classic_revolution,deepseek-chat,2,105,aspdac2026/deepseek_clean_results/RTLLM/Prob011_multi_16bit,0,0,0,2
RTLLM,0.2755963183821623,0.75,158,aspdac2026_release,lexical_structural_posthoc,generated,-0.0861481769557995,classic_revolution,deepseek-chat,6,158,aspdac2026/deepseek_clean_results/RTLLM/Prob011_multi_16bit,0,0,0,3
RTLLM,0.2755963183821623,0.75,55,aspdac2026_release,lexical_structural_posthoc,functional,-0.0861481769557995,classic_revolution,deepseek-chat,6,158,aspdac2026/deepseek_clean_results/RTLLM/Prob011_multi_16bit,0,0,0,2
RTLLM,0.2755963183821623,0.75,55,aspdac2026_release,lexical_structural_posthoc,synthesis_valid,-0.0861481769557995,classic_revolution,deepseek-chat,6,158,aspdac2026/deepseek_clean_results/RTLLM/Prob011_multi_16bit,0,0,0,2
RTLLM,0.2755963183821623,0.75,55,aspdac2026_release,lexical_structural_posthoc,valid_ppa,-0.0861481769557995,classic_revolution,deepseek-chat,6,158,aspdac2026/deepseek_clean_results/RTLLM/Prob011_multi_16bit,0,0,0,2
RTLLM,0.2755963183821623,0.75,6,aspdac2026_release,lexical_structural_posthoc,pareto_front,0.18483513221111525,classic_revolution,deepseek-chat,6,158,aspdac2026/deepseek_clean_results/RTLLM/Prob011_multi_16bit,0,0,0,2
RTLLM,0.2755963183821623,1.0,210,aspdac2026_release,lexical_structural_posthoc,generated,-0.059941290547614566,classic_revolution,deepseek-chat,9,210,aspdac2026/deepseek_clean_results/RTLLM/Prob011_multi_16bit,0,0,0,3
RTLLM,0.2755963183821623,1.0,71,aspdac2026_release,lexical_structural_posthoc,functional,-0.059941290547614566,classic_revolution,deepseek-chat,9,210,aspdac2026/deepseek_clean_results/RTLLM/Prob011_multi_16bit,0,0,0,2
RTLLM,0.2755963183821623,1.0,71,aspdac2026_release,lexical_structural_posthoc,synthesis_valid,-0.059941290547614566,classic_revolution,deepseek-chat,9,210,aspdac2026/deepseek_clean_results/RTLLM/Prob011_multi_16bit,0,0,0,2
RTLLM,0.2755963183821623,1.0,71,aspdac2026_release,lexical_structural_posthoc,valid_ppa,-0.059941290547614566,classic_revolution,deepseek-chat,9,210,aspdac2026/deepseek_clean_results/RTLLM/Prob011_multi_16bit,0,0,0,2
RTLLM,0.2755963183821623,1.0,9,aspdac2026_release,lexical_structural_posthoc,pareto_front,0.1650773645480239,classic_revolution,deepseek-chat,9,210,aspdac2026/deepseek_clean_results/RTLLM/Prob011_multi_16bit,0,0,0,2
RTLLM,0.48547691911463936,0.25,53,aspdac2026_release,lexical_structural_posthoc,generated,0.2165705618634854,classic_revolution,deepseek-chat,1,53,aspdac2026/deepseek_clean_results/RTLLM/Prob012_multi_8bit,0,0,0,3
RTLLM,0.48547691911463936,0.25,26,aspdac2026_release,lexical_structural_posthoc,functional,0.2165705618634854,classic_revolution,deepseek-chat,1,53,aspdac2026/deepseek_clean_results/RTLLM/Prob012_multi_8bit,0,0,0,2
RTLLM,0.48547691911463936,0.25,26,aspdac2026_release,lexical_structural_posthoc,synthesis_valid,0.2165705618634854,classic_revolution,deepseek-chat,1,53,aspdac2026/deepseek_clean_results/RTLLM/Prob012_multi_8bit,0,0,0,2
RTLLM,0.48547691911463936,0.25,26,aspdac2026_release,lexical_structural_posthoc,valid_ppa,0.2165705618634854,classic_revolution,deepseek-chat,1,53,aspdac2026/deepseek_clean_results/RTLLM/Prob012_multi_8bit,0,0,0,2
RTLLM,0.48547691911463936,0.25,1,aspdac2026_release,lexical_structural_posthoc,pareto_front,0.48547691911463936,classic_revolution,deepseek-chat,1,53,aspdac2026/deepseek_clean_results/RTLLM/Prob012_multi_8bit,0,0,0,1
RTLLM,0.48547691911463936,0.5,105,aspdac2026_release,lexical_structural_posthoc,generated,0.2644282867654689,classic_revolution,deepseek-chat,4,105,aspdac2026/deepseek_clean_results/RTLLM/Prob012_multi_8bit,0,0,0,3
RTLLM,0.48547691911463936,0.5,53,aspdac2026_release,lexical_structural_posthoc,functional,0.2644282867654689,classic_revolution,deepseek-chat,4,105,aspdac2026/deepseek_clean_results/RTLLM/Prob012_multi_8bit,0,0,0,2
RTLLM,0.48547691911463936,0.5,53,aspdac2026_release,lexical_structural_posthoc,synthesis_valid,0.2644282867654689,classic_revolution,deepseek-chat,4,105,aspdac2026/deepseek_clean_results/RTLLM/Prob012_multi_8bit,0,0,0,2
RTLLM,0.48547691911463936,0.5,53,aspdac2026_release,lexical_structural_posthoc,valid_ppa,0.2644282867654689,classic_revolution,deepseek-chat,4,105,aspdac2026/deepseek_clean_results/RTLLM/Prob012_multi_8bit,0,0,0,2
RTLLM,0.48547691911463936,0.5,4,aspdac2026_release,lexical_structural_posthoc,pareto_front,0.4850991182753345,classic_revolution,deepseek-chat,4,105,aspdac2026/deepseek_clean_results/RTLLM/Prob012_multi_8bit,0,0,0,2
RTLLM,0.5061735876497947,0.75,158,aspdac2026_release,lexical_structural_posthoc,generated,0.2606838173340589,classic_revolution,deepseek-chat,5,158,aspdac2026/deepseek_clean_results/RTLLM/Prob012_multi_8bit,0,0,0,4
RTLLM,0.5061735876497947,0.75,78,aspdac2026_release,lexical_structural_posthoc,functional,0.2606838173340589,classic_revolution,deepseek-chat,5,158,aspdac2026/deepseek_clean_results/RTLLM/Prob012_multi_8bit,0,0,0,3
RTLLM,0.5061735876497947,0.75,78,aspdac2026_release,lexical_structural_posthoc,synthesis_valid,0.2606838173340589,classic_revolution,deepseek-chat,5,158,aspdac2026/deepseek_clean_results/RTLLM/Prob012_multi_8bit,0,0,0,3
RTLLM,0.5061735876497947,0.75,78,aspdac2026_release,lexical_structural_posthoc,valid_ppa,0.2606838173340589,classic_revolution,deepseek-chat,5,158,aspdac2026/deepseek_clean_results/RTLLM/Prob012_multi_8bit,0,0,0,3
RTLLM,0.5061735876497947,0.75,5,aspdac2026_release,lexical_structural_posthoc,pareto_front,0.4893140121502265,classic_revolution,deepseek-chat,5,158,aspdac2026/deepseek_clean_results/RTLLM/Prob012_multi_8bit,0,0,0,2
RTLLM,0.5061735876497947,1.0,210,aspdac2026_release,lexical_structural_posthoc,generated,0.25174404215287177,classic_revolution,deepseek-chat,5,210,aspdac2026/deepseek_clean_results/RTLLM/Prob012_multi_8bit,0,0,0,5
RTLLM,0.5061735876497947,1.0,104,aspdac2026_release,lexical_structural_posthoc,functional,0.25174404215287177,classic_revolution,deepseek-chat,5,210,aspdac2026/deepseek_clean_results/RTLLM/Prob012_multi_8bit,0,0,0,4
RTLLM,0.5061735876497947,1.0,104,aspdac2026_release,lexical_structural_posthoc,synthesis_valid,0.25174404215287177,classic_revolution,deepseek-chat,5,210,aspdac2026/deepseek_clean_results/RTLLM/Prob012_multi_8bit,0,0,0,4
RTLLM,0.5061735876497947,1.0,104,aspdac2026_release,lexical_structural_posthoc,valid_ppa,0.25174404215287177,classic_revolution,deepseek-chat,5,210,aspdac2026/deepseek_clean_results/RTLLM/Prob012_multi_8bit,0,0,0,4
RTLLM,0.5061735876497947,1.0,5,aspdac2026_release,lexical_structural_posthoc,pareto_front,0.4893140121502265,classic_revolution,deepseek-chat,5,210,aspdac2026/deepseek_clean_results/RTLLM/Prob012_multi_8bit,0,0,0,2
RTLLM,,0.25,53,aspdac2026_release,lexical_structural_posthoc,generated,,classic_revolution,deepseek-chat,0,53,aspdac2026/deepseek_clean_results/RTLLM/Prob013_multi_booth_8bit,0,0,0,1
RTLLM,,0.25,0,aspdac2026_release,lexical_structural_posthoc,functional,,classic_revolution,deepseek-chat,0,53,aspdac2026/deepseek_clean_results/RTLLM/Prob013_multi_booth_8bit,0,0,0,0
RTLLM,,0.25,0,aspdac2026_release,lexical_structural_posthoc,synthesis_valid,,classic_revolution,deepseek-chat,0,53,aspdac2026/deepseek_clean_results/RTLLM/Prob013_multi_booth_8bit,0,0,0,0
RTLLM,,0.25,0,aspdac2026_release,lexical_structural_posthoc,valid_ppa,,classic_revolution,deepseek-chat,0,53,aspdac2026/deepseek_clean_results/RTLLM/Prob013_multi_booth_8bit,0,0,0,0
RTLLM,,0.25,0,aspdac2026_release,lexical_structural_posthoc,pareto_front,,classic_revolution,deepseek-chat,0,53,aspdac2026/deepseek_clean_results/RTLLM/Prob013_multi_booth_8bit,0,0,0,0
RTLLM,0.0,0.5,105,aspdac2026_release,lexical_structural_posthoc,generated,0.0,classic_revolution,deepseek-chat,3,105,aspdac2026/deepseek_clean_results/RTLLM/Prob013_multi_booth_8bit,0,0,0,2
RTLLM,0.0,0.5,3,aspdac2026_release,lexical_structural_posthoc,functional,0.0,classic_revolution,deepseek-chat,3,105,aspdac2026/deepseek_clean_results/RTLLM/Prob013_multi_booth_8bit,0,0,0,1
RTLLM,0.0,0.5,3,aspdac2026_release,lexical_structural_posthoc,synthesis_valid,0.0,classic_revolution,deepseek-chat,3,105,aspdac2026/deepseek_clean_results/RTLLM/Prob013_multi_booth_8bit,0,0,0,1
RTLLM,0.0,0.5,3,aspdac2026_release,lexical_structural_posthoc,valid_ppa,0.0,classic_revolution,deepseek-chat,3,105,aspdac2026/deepseek_clean_results/RTLLM/Prob013_multi_booth_8bit,0,0,0,1
RTLLM,0.0,0.5,3,aspdac2026_release,lexical_structural_posthoc,pareto_front,0.0,classic_revolution,deepseek-chat,3,105,aspdac2026/deepseek_clean_results/RTLLM/Prob013_multi_booth_8bit,0,0,0,1
RTLLM,0.0,0.75,158,aspdac2026_release,lexical_structural_posthoc,generated,0.0,classic_revolution,deepseek-chat,7,158,aspdac2026/deepseek_clean_results/RTLLM/Prob013_multi_booth_8bit,0,0,0,2
RTLLM,0.0,0.75,7,aspdac2026_release,lexical_structural_posthoc,functional,0.0,classic_revolution,deepseek-chat,7,158,aspdac2026/deepseek_clean_results/RTLLM/Prob013_multi_booth_8bit,0,0,0,1
RTLLM,0.0,0.75,7,aspdac2026_release,lexical_structural_posthoc,synthesis_valid,0.0,classic_revolution,deepseek-chat,7,158,aspdac2026/deepseek_clean_results/RTLLM/Prob013_multi_booth_8bit,0,0,0,1
RTLLM,0.0,0.75,7,aspdac2026_release,lexical_structural_posthoc,valid_ppa,0.0,classic_revolution,deepseek-chat,7,158,aspdac2026/deepseek_clean_results/RTLLM/Prob013_multi_booth_8bit,0,0,0,1
RTLLM,0.0,0.75,7,aspdac2026_release,lexical_structural_posthoc,pareto_front,0.0,classic_revolution,deepseek-chat,7,158,aspdac2026/deepseek_clean_results/RTLLM/Prob013_multi_booth_8bit,0,0,0,1
RTLLM,0.0,1.0,210,aspdac2026_release,lexical_structural_posthoc,generated,0.0,classic_revolution,deepseek-chat,20,210,aspdac2026/deepseek_clean_results/RTLLM/Prob013_multi_booth_8bit,0,0,0,2
RTLLM,0.0,1.0,20,aspdac2026_release,lexical_structural_posthoc,functional,0.0,classic_revolution,deepseek-chat,20,210,aspdac2026/deepseek_clean_results/RTLLM/Prob013_multi_booth_8bit,0,0,0,1
RTLLM,0.0,1.0,20,aspdac2026_release,lexical_structural_posthoc,synthesis_valid,0.0,classic_revolution,deepseek-chat,20,210,aspdac2026/deepseek_clean_results/RTLLM/Prob013_multi_booth_8bit,0,0,0,1
RTLLM,0.0,1.0,20,aspdac2026_release,lexical_structural_posthoc,valid_ppa,0.0,classic_revolution,deepseek-chat,20,210,aspdac2026/deepseek_clean_results/RTLLM/Prob013_multi_booth_8bit,0,0,0,1
RTLLM,0.0,1.0,20,aspdac2026_release,lexical_structural_posthoc,pareto_front,0.0,classic_revolution,deepseek-chat,20,210,aspdac2026/deepseek_clean_results/RTLLM/Prob013_multi_booth_8bit,0,0,0,1
RTLLM,,0.25,53,aspdac2026_release,lexical_structural_posthoc,generated,,classic_revolution,deepseek-chat,0,53,aspdac2026/deepseek_clean_results/RTLLM/Prob014_multi_pipe_4bit,0,0,0,1
RTLLM,,0.25,0,aspdac2026_release,lexical_structural_posthoc,functional,,classic_revolution,deepseek-chat,0,53,aspdac2026/deepseek_clean_results/RTLLM/Prob014_multi_pipe_4bit,0,0,0,0
RTLLM,,0.25,0,aspdac2026_release,lexical_structural_posthoc,synthesis_valid,,classic_revolution,deepseek-chat,0,53,aspdac2026/deepseek_clean_results/RTLLM/Prob014_multi_pipe_4bit,0,0,0,0
RTLLM,,0.25,0,aspdac2026_release,lexical_structural_posthoc,valid_ppa,,classic_revolution,deepseek-chat,0,53,aspdac2026/deepseek_clean_results/RTLLM/Prob014_multi_pipe_4bit,0,0,0,0
RTLLM,,0.25,0,aspdac2026_release,lexical_structural_posthoc,pareto_front,,classic_revolution,deepseek-chat,0,53,aspdac2026/deepseek_clean_results/RTLLM/Prob014_multi_pipe_4bit,0,0,0,0
RTLLM,,0.5,105,aspdac2026_release,lexical_structural_posthoc,generated,,classic_revolution,deepseek-chat,0,105,aspdac2026/deepseek_clean_results/RTLLM/Prob014_multi_pipe_4bit,0,0,0,1
RTLLM,,0.5,0,aspdac2026_release,lexical_structural_posthoc,functional,,classic_revolution,deepseek-chat,0,105,aspdac2026/deepseek_clean_results/RTLLM/Prob014_multi_pipe_4bit,0,0,0,0
RTLLM,,0.5,0,aspdac2026_release,lexical_structural_posthoc,synthesis_valid,,classic_revolution,deepseek-chat,0,105,aspdac2026/deepseek_clean_results/RTLLM/Prob014_multi_pipe_4bit,0,0,0,0
RTLLM,,0.5,0,aspdac2026_release,lexical_structural_posthoc,valid_ppa,,classic_revolution,deepseek-chat,0,105,aspdac2026/deepseek_clean_results/RTLLM/Prob014_multi_pipe_4bit,0,0,0,0
RTLLM,,0.5,0,aspdac2026_release,lexical_structural_posthoc,pareto_front,,classic_revolution,deepseek-chat,0,105,aspdac2026/deepseek_clean_results/RTLLM/Prob014_multi_pipe_4bit,0,0,0,0
RTLLM,,0.75,158,aspdac2026_release,lexical_structural_posthoc,generated,,classic_revolution,deepseek-chat,0,158,aspdac2026/deepseek_clean_results/RTLLM/Prob014_multi_pipe_4bit,0,0,0,1
RTLLM,,0.75,0,aspdac2026_release,lexical_structural_posthoc,functional,,classic_revolution,deepseek-chat,0,158,aspdac2026/deepseek_clean_results/RTLLM/Prob014_multi_pipe_4bit,0,0,0,0
RTLLM,,0.75,0,aspdac2026_release,lexical_structural_posthoc,synthesis_valid,,classic_revolution,deepseek-chat,0,158,aspdac2026/deepseek_clean_results/RTLLM/Prob014_multi_pipe_4bit,0,0,0,0
RTLLM,,0.75,0,aspdac2026_release,lexical_structural_posthoc,valid_ppa,,classic_revolution,deepseek-chat,0,158,aspdac2026/deepseek_clean_results/RTLLM/Prob014_multi_pipe_4bit,0,0,0,0
RTLLM,,0.75,0,aspdac2026_release,lexical_structural_posthoc,pareto_front,,classic_revolution,deepseek-chat,0,158,aspdac2026/deepseek_clean_results/RTLLM/Prob014_multi_pipe_4bit,0,0,0,0
RTLLM,,1.0,210,aspdac2026_release,lexical_structural_posthoc,generated,,classic_revolution,deepseek-chat,0,210,aspdac2026/deepseek_clean_results/RTLLM/Prob014_multi_pipe_4bit,0,0,0,1
RTLLM,,1.0,0,aspdac2026_release,lexical_structural_posthoc,functional,,classic_revolution,deepseek-chat,0,210,aspdac2026/deepseek_clean_results/RTLLM/Prob014_multi_pipe_4bit,0,0,0,0
RTLLM,,1.0,0,aspdac2026_release,lexical_structural_posthoc,synthesis_valid,,classic_revolution,deepseek-chat,0,210,aspdac2026/deepseek_clean_results/RTLLM/Prob014_multi_pipe_4bit,0,0,0,0
RTLLM,,1.0,0,aspdac2026_release,lexical_structural_posthoc,valid_ppa,,classic_revolution,deepseek-chat,0,210,aspdac2026/deepseek_clean_results/RTLLM/Prob014_multi_pipe_4bit,0,0,0,0
RTLLM,,1.0,0,aspdac2026_release,lexical_structural_posthoc,pareto_front,,classic_revolution,deepseek-chat,0,210,aspdac2026/deepseek_clean_results/RTLLM/Prob014_multi_pipe_4bit,0,0,0,0
RTLLM,0.08527997433967345,0.25,53,aspdac2026_release,lexical_structural_posthoc,generated,-0.15290337680025706,classic_revolution,deepseek-chat,1,53,aspdac2026/deepseek_clean_results/RTLLM/Prob015_multi_pipe_8bit,0,0,0,2
RTLLM,0.08527997433967345,0.25,19,aspdac2026_release,lexical_structural_posthoc,functional,-0.15290337680025706,classic_revolution,deepseek-chat,1,53,aspdac2026/deepseek_clean_results/RTLLM/Prob015_multi_pipe_8bit,0,0,0,1
RTLLM,0.08527997433967345,0.25,19,aspdac2026_release,lexical_structural_posthoc,synthesis_valid,-0.15290337680025706,classic_revolution,deepseek-chat,1,53,aspdac2026/deepseek_clean_results/RTLLM/Prob015_multi_pipe_8bit,0,0,0,1
RTLLM,0.08527997433967345,0.25,19,aspdac2026_release,lexical_structural_posthoc,valid_ppa,-0.15290337680025706,classic_revolution,deepseek-chat,1,53,aspdac2026/deepseek_clean_results/RTLLM/Prob015_multi_pipe_8bit,0,0,0,1
RTLLM,0.08527997433967345,0.25,1,aspdac2026_release,lexical_structural_posthoc,pareto_front,0.08527997433967345,classic_revolution,deepseek-chat,1,53,aspdac2026/deepseek_clean_results/RTLLM/Prob015_multi_pipe_8bit,0,0,0,1
RTLLM,0.2636037238514288,0.5,105,aspdac2026_release,lexical_structural_posthoc,generated,-0.1146757908350623,classic_revolution,deepseek-chat,4,105,aspdac2026/deepseek_clean_results/RTLLM/Prob015_multi_pipe_8bit,0,0,0,2
RTLLM,0.2636037238514288,0.5,41,aspdac2026_release,lexical_structural_posthoc,functional,-0.1146757908350623,classic_revolution,deepseek-chat,4,105,aspdac2026/deepseek_clean_results/RTLLM/Prob015_multi_pipe_8bit,0,0,0,1
RTLLM,0.2636037238514288,0.5,41,aspdac2026_release,lexical_structural_posthoc,synthesis_valid,-0.1146757908350623,classic_revolution,deepseek-chat,4,105,aspdac2026/deepseek_clean_results/RTLLM/Prob015_multi_pipe_8bit,0,0,0,1
RTLLM,0.2636037238514288,0.5,41,aspdac2026_release,lexical_structural_posthoc,valid_ppa,-0.1146757908350623,classic_revolution,deepseek-chat,4,105,aspdac2026/deepseek_clean_results/RTLLM/Prob015_multi_pipe_8bit,0,0,0,1
RTLLM,0.2636037238514288,0.5,4,aspdac2026_release,lexical_structural_posthoc,pareto_front,0.12986091171761227,classic_revolution,deepseek-chat,4,105,aspdac2026/deepseek_clean_results/RTLLM/Prob015_multi_pipe_8bit,0,0,0,1
RTLLM,0.2636037238514288,0.75,158,aspdac2026_release,lexical_structural_posthoc,generated,-0.08600879684084327,classic_revolution,deepseek-chat,9,158,aspdac2026/deepseek_clean_results/RTLLM/Prob015_multi_pipe_8bit,0,0,0,2
RTLLM,0.2636037238514288,0.75,60,aspdac2026_release,lexical_structural_posthoc,functional,-0.08600879684084327,classic_revolution,deepseek-chat,9,158,aspdac2026/deepseek_clean_results/RTLLM/Prob015_multi_pipe_8bit,0,0,0,1
RTLLM,0.2636037238514288,0.75,60,aspdac2026_release,lexical_structural_posthoc,synthesis_valid,-0.08600879684084327,classic_revolution,deepseek-chat,9,158,aspdac2026/deepseek_clean_results/RTLLM/Prob015_multi_pipe_8bit,0,0,0,1
RTLLM,0.2636037238514288,0.75,60,aspdac2026_release,lexical_structural_posthoc,valid_ppa,-0.08600879684084327,classic_revolution,deepseek-chat,9,158,aspdac2026/deepseek_clean_results/RTLLM/Prob015_multi_pipe_8bit,0,0,0,1
RTLLM,0.2636037238514288,0.75,9,aspdac2026_release,lexical_structural_posthoc,pareto_front,0.08408021364882533,classic_revolution,deepseek-chat,9,158,aspdac2026/deepseek_clean_results/RTLLM/Prob015_multi_pipe_8bit,0,0,0,1
RTLLM,0.2636037238514288,1.0,210,aspdac2026_release,lexical_structural_posthoc,generated,-0.06648105449197986,classic_revolution,deepseek-chat,17,210,aspdac2026/deepseek_clean_results/RTLLM/Prob015_multi_pipe_8bit,0,0,0,2
RTLLM,0.2636037238514288,1.0,80,aspdac2026_release,lexical_structural_posthoc,functional,-0.06648105449197986,classic_revolution,deepseek-chat,17,210,aspdac2026/deepseek_clean_results/RTLLM/Prob015_multi_pipe_8bit,0,0,0,1
RTLLM,0.2636037238514288,1.0,80,aspdac2026_release,lexical_structural_posthoc,synthesis_valid,-0.06648105449197986,classic_revolution,deepseek-chat,17,210,aspdac2026/deepseek_clean_results/RTLLM/Prob015_multi_pipe_8bit,0,0,0,1
RTLLM,0.2636037238514288,1.0,80,aspdac2026_release,lexical_structural_posthoc,valid_ppa,-0.06648105449197986,classic_revolution,deepseek-chat,17,210,aspdac2026/deepseek_clean_results/RTLLM/Prob015_multi_pipe_8bit,0,0,0,1
RTLLM,0.2636037238514288,1.0,17,aspdac2026_release,lexical_structural_posthoc,pareto_front,0.096759795775554,classic_revolution,deepseek-chat,17,210,aspdac2026/deepseek_clean_results/RTLLM/Prob015_multi_pipe_8bit,0,0,0,1
RTLLM,,0.25,53,aspdac2026_release,lexical_structural_posthoc,generated,,classic_revolution,deepseek-chat,0,53,aspdac2026/deepseek_clean_results/RTLLM/Prob016_fixed_point_adder,0,0,0,1
RTLLM,,0.25,0,aspdac2026_release,lexical_structural_posthoc,functional,,classic_revolution,deepseek-chat,0,53,aspdac2026/deepseek_clean_results/RTLLM/Prob016_fixed_point_adder,0,0,0,0
RTLLM,,0.25,0,aspdac2026_release,lexical_structural_posthoc,synthesis_valid,,classic_revolution,deepseek-chat,0,53,aspdac2026/deepseek_clean_results/RTLLM/Prob016_fixed_point_adder,0,0,0,0
RTLLM,,0.25,0,aspdac2026_release,lexical_structural_posthoc,valid_ppa,,classic_revolution,deepseek-chat,0,53,aspdac2026/deepseek_clean_results/RTLLM/Prob016_fixed_point_adder,0,0,0,0
RTLLM,,0.25,0,aspdac2026_release,lexical_structural_posthoc,pareto_front,,classic_revolution,deepseek-chat,0,53,aspdac2026/deepseek_clean_results/RTLLM/Prob016_fixed_point_adder,0,0,0,0
RTLLM,,0.5,105,aspdac2026_release,lexical_structural_posthoc,generated,,classic_revolution,deepseek-chat,0,105,aspdac2026/deepseek_clean_results/RTLLM/Prob016_fixed_point_adder,0,0,0,1
RTLLM,,0.5,0,aspdac2026_release,lexical_structural_posthoc,functional,,classic_revolution,deepseek-chat,0,105,aspdac2026/deepseek_clean_results/RTLLM/Prob016_fixed_point_adder,0,0,0,0
RTLLM,,0.5,0,aspdac2026_release,lexical_structural_posthoc,synthesis_valid,,classic_revolution,deepseek-chat,0,105,aspdac2026/deepseek_clean_results/RTLLM/Prob016_fixed_point_adder,0,0,0,0
RTLLM,,0.5,0,aspdac2026_release,lexical_structural_posthoc,valid_ppa,,classic_revolution,deepseek-chat,0,105,aspdac2026/deepseek_clean_results/RTLLM/Prob016_fixed_point_adder,0,0,0,0
RTLLM,,0.5,0,aspdac2026_release,lexical_structural_posthoc,pareto_front,,classic_revolution,deepseek-chat,0,105,aspdac2026/deepseek_clean_results/RTLLM/Prob016_fixed_point_adder,0,0,0,0
RTLLM,,0.75,158,aspdac2026_release,lexical_structural_posthoc,generated,,classic_revolution,deepseek-chat,0,158,aspdac2026/deepseek_clean_results/RTLLM/Prob016_fixed_point_adder,0,0,0,1
RTLLM,,0.75,0,aspdac2026_release,lexical_structural_posthoc,functional,,classic_revolution,deepseek-chat,0,158,aspdac2026/deepseek_clean_results/RTLLM/Prob016_fixed_point_adder,0,0,0,0
RTLLM,,0.75,0,aspdac2026_release,lexical_structural_posthoc,synthesis_valid,,classic_revolution,deepseek-chat,0,158,aspdac2026/deepseek_clean_results/RTLLM/Prob016_fixed_point_adder,0,0,0,0
RTLLM,,0.75,0,aspdac2026_release,lexical_structural_posthoc,valid_ppa,,classic_revolution,deepseek-chat,0,158,aspdac2026/deepseek_clean_results/RTLLM/Prob016_fixed_point_adder,0,0,0,0
RTLLM,,0.75,0,aspdac2026_release,lexical_structural_posthoc,pareto_front,,classic_revolution,deepseek-chat,0,158,aspdac2026/deepseek_clean_results/RTLLM/Prob016_fixed_point_adder,0,0,0,0
RTLLM,,1.0,210,aspdac2026_release,lexical_structural_posthoc,generated,,classic_revolution,deepseek-chat,0,210,aspdac2026/deepseek_clean_results/RTLLM/Prob016_fixed_point_adder,0,0,0,1
RTLLM,,1.0,0,aspdac2026_release,lexical_structural_posthoc,functional,,classic_revolution,deepseek-chat,0,210,aspdac2026/deepseek_clean_results/RTLLM/Prob016_fixed_point_adder,0,0,0,0
RTLLM,,1.0,0,aspdac2026_release,lexical_structural_posthoc,synthesis_valid,,classic_revolution,deepseek-chat,0,210,aspdac2026/deepseek_clean_results/RTLLM/Prob016_fixed_point_adder,0,0,0,0
RTLLM,,1.0,0,aspdac2026_release,lexical_structural_posthoc,valid_ppa,,classic_revolution,deepseek-chat,0,210,aspdac2026/deepseek_clean_results/RTLLM/Prob016_fixed_point_adder,0,0,0,0
RTLLM,,1.0,0,aspdac2026_release,lexical_structural_posthoc,pareto_front,,classic_revolution,deepseek-chat,0,210,aspdac2026/deepseek_clean_results/RTLLM/Prob016_fixed_point_adder,0,0,0,0
RTLLM,,0.25,53,aspdac2026_release,lexical_structural_posthoc,generated,,classic_revolution,deepseek-chat,0,53,aspdac2026/deepseek_clean_results/RTLLM/Prob017_fixed_point_substractor,0,0,0,1
RTLLM,,0.25,0,aspdac2026_release,lexical_structural_posthoc,functional,,classic_revolution,deepseek-chat,0,53,aspdac2026/deepseek_clean_results/RTLLM/Prob017_fixed_point_substractor,0,0,0,0
RTLLM,,0.25,0,aspdac2026_release,lexical_structural_posthoc,synthesis_valid,,classic_revolution,deepseek-chat,0,53,aspdac2026/deepseek_clean_results/RTLLM/Prob017_fixed_point_substractor,0,0,0,0
RTLLM,,0.25,0,aspdac2026_release,lexical_structural_posthoc,valid_ppa,,classic_revolution,deepseek-chat,0,53,aspdac2026/deepseek_clean_results/RTLLM/Prob017_fixed_point_substractor,0,0,0,0
RTLLM,,0.25,0,aspdac2026_release,lexical_structural_posthoc,pareto_front,,classic_revolution,deepseek-chat,0,53,aspdac2026/deepseek_clean_results/RTLLM/Prob017_fixed_point_substractor,0,0,0,0
RTLLM,,0.5,105,aspdac2026_release,lexical_structural_posthoc,generated,,classic_revolution,deepseek-chat,0,105,aspdac2026/deepseek_clean_results/RTLLM/Prob017_fixed_point_substractor,0,0,0,1
RTLLM,,0.5,0,aspdac2026_release,lexical_structural_posthoc,functional,,classic_revolution,deepseek-chat,0,105,aspdac2026/deepseek_clean_results/RTLLM/Prob017_fixed_point_substractor,0,0,0,0
RTLLM,,0.5,0,aspdac2026_release,lexical_structural_posthoc,synthesis_valid,,classic_revolution,deepseek-chat,0,105,aspdac2026/deepseek_clean_results/RTLLM/Prob017_fixed_point_substractor,0,0,0,0
RTLLM,,0.5,0,aspdac2026_release,lexical_structural_posthoc,valid_ppa,,classic_revolution,deepseek-chat,0,105,aspdac2026/deepseek_clean_results/RTLLM/Prob017_fixed_point_substractor,0,0,0,0
RTLLM,,0.5,0,aspdac2026_release,lexical_structural_posthoc,pareto_front,,classic_revolution,deepseek-chat,0,105,aspdac2026/deepseek_clean_results/RTLLM/Prob017_fixed_point_substractor,0,0,0,0
RTLLM,,0.75,158,aspdac2026_release,lexical_structural_posthoc,generated,,classic_revolution,deepseek-chat,0,158,aspdac2026/deepseek_clean_results/RTLLM/Prob017_fixed_point_substractor,0,0,0,1
RTLLM,,0.75,0,aspdac2026_release,lexical_structural_posthoc,functional,,classic_revolution,deepseek-chat,0,158,aspdac2026/deepseek_clean_results/RTLLM/Prob017_fixed_point_substractor,0,0,0,0
RTLLM,,0.75,0,aspdac2026_release,lexical_structural_posthoc,synthesis_valid,,classic_revolution,deepseek-chat,0,158,aspdac2026/deepseek_clean_results/RTLLM/Prob017_fixed_point_substractor,0,0,0,0
RTLLM,,0.75,0,aspdac2026_release,lexical_structural_posthoc,valid_ppa,,classic_revolution,deepseek-chat,0,158,aspdac2026/deepseek_clean_results/RTLLM/Prob017_fixed_point_substractor,0,0,0,0
RTLLM,,0.75,0,aspdac2026_release,lexical_structural_posthoc,pareto_front,,classic_revolution,deepseek-chat,0,158,aspdac2026/deepseek_clean_results/RTLLM/Prob017_fixed_point_substractor,0,0,0,0
RTLLM,,1.0,210,aspdac2026_release,lexical_structural_posthoc,generated,,classic_revolution,deepseek-chat,0,210,aspdac2026/deepseek_clean_results/RTLLM/Prob017_fixed_point_substractor,0,0,0,1
RTLLM,,1.0,0,aspdac2026_release,lexical_structural_posthoc,functional,,classic_revolution,deepseek-chat,0,210,aspdac2026/deepseek_clean_results/RTLLM/Prob017_fixed_point_substractor,0,0,0,0
RTLLM,,1.0,0,aspdac2026_release,lexical_structural_posthoc,synthesis_valid,,classic_revolution,deepseek-chat,0,210,aspdac2026/deepseek_clean_results/RTLLM/Prob017_fixed_point_substractor,0,0,0,0
RTLLM,,1.0,0,aspdac2026_release,lexical_structural_posthoc,valid_ppa,,classic_revolution,deepseek-chat,0,210,aspdac2026/deepseek_clean_results/RTLLM/Prob017_fixed_point_substractor,0,0,0,0
RTLLM,,1.0,0,aspdac2026_release,lexical_structural_posthoc,pareto_front,,classic_revolution,deepseek-chat,0,210,aspdac2026/deepseek_clean_results/RTLLM/Prob017_fixed_point_substractor,0,0,0,0
RTLLM,0.0,0.25,53,aspdac2026_release,lexical_structural_posthoc,generated,0.0,classic_revolution,deepseek-chat,0,53,aspdac2026/deepseek_clean_results/RTLLM/Prob018_float_multi,0,0,0,2
RTLLM,0.0,0.25,3,aspdac2026_release,lexical_structural_posthoc,functional,0.0,classic_revolution,deepseek-chat,0,53,aspdac2026/deepseek_clean_results/RTLLM/Prob018_float_multi,0,0,0,1
RTLLM,0.0,0.25,3,aspdac2026_release,lexical_structural_posthoc,synthesis_valid,0.0,classic_revolution,deepseek-chat,0,53,aspdac2026/deepseek_clean_results/RTLLM/Prob018_float_multi,0,0,0,1
RTLLM,0.0,0.25,3,aspdac2026_release,lexical_structural_posthoc,valid_ppa,0.0,classic_revolution,deepseek-chat,0,53,aspdac2026/deepseek_clean_results/RTLLM/Prob018_float_multi,0,0,0,1
RTLLM,,0.25,0,aspdac2026_release,lexical_structural_posthoc,pareto_front,,classic_revolution,deepseek-chat,0,53,aspdac2026/deepseek_clean_results/RTLLM/Prob018_float_multi,0,0,0,0
RTLLM,0.0,0.5,105,aspdac2026_release,lexical_structural_posthoc,generated,0.0,classic_revolution,deepseek-chat,0,105,aspdac2026/deepseek_clean_results/RTLLM/Prob018_float_multi,0,0,0,3
RTLLM,0.0,0.5,21,aspdac2026_release,lexical_structural_posthoc,functional,0.0,classic_revolution,deepseek-chat,0,105,aspdac2026/deepseek_clean_results/RTLLM/Prob018_float_multi,0,0,0,2
RTLLM,0.0,0.5,21,aspdac2026_release,lexical_structural_posthoc,synthesis_valid,0.0,classic_revolution,deepseek-chat,0,105,aspdac2026/deepseek_clean_results/RTLLM/Prob018_float_multi,0,0,0,2
RTLLM,0.0,0.5,21,aspdac2026_release,lexical_structural_posthoc,valid_ppa,0.0,classic_revolution,deepseek-chat,0,105,aspdac2026/deepseek_clean_results/RTLLM/Prob018_float_multi,0,0,0,2
RTLLM,,0.5,0,aspdac2026_release,lexical_structural_posthoc,pareto_front,,classic_revolution,deepseek-chat,0,105,aspdac2026/deepseek_clean_results/RTLLM/Prob018_float_multi,0,0,0,0
RTLLM,0.0,0.75,158,aspdac2026_release,lexical_structural_posthoc,generated,0.0,classic_revolution,deepseek-chat,5,158,aspdac2026/deepseek_clean_results/RTLLM/Prob018_float_multi,0,0,0,3
RTLLM,0.0,0.75,37,aspdac2026_release,lexical_structural_posthoc,functional,0.0,classic_revolution,deepseek-chat,5,158,aspdac2026/deepseek_clean_results/RTLLM/Prob018_float_multi,0,0,0,2
RTLLM,0.0,0.75,37,aspdac2026_release,lexical_structural_posthoc,synthesis_valid,0.0,classic_revolution,deepseek-chat,5,158,aspdac2026/deepseek_clean_results/RTLLM/Prob018_float_multi,0,0,0,2
RTLLM,0.0,0.75,37,aspdac2026_release,lexical_structural_posthoc,valid_ppa,0.0,classic_revolution,deepseek-chat,5,158,aspdac2026/deepseek_clean_results/RTLLM/Prob018_float_multi,0,0,0,2
RTLLM,0.0,0.75,5,aspdac2026_release,lexical_structural_posthoc,pareto_front,0.0,classic_revolution,deepseek-chat,5,158,aspdac2026/deepseek_clean_results/RTLLM/Prob018_float_multi,0,0,0,2
RTLLM,0.0,1.0,210,aspdac2026_release,lexical_structural_posthoc,generated,0.0,classic_revolution,deepseek-chat,11,210,aspdac2026/deepseek_clean_results/RTLLM/Prob018_float_multi,0,0,0,3
RTLLM,0.0,1.0,55,aspdac2026_release,lexical_structural_posthoc,functional,0.0,classic_revolution,deepseek-chat,11,210,aspdac2026/deepseek_clean_results/RTLLM/Prob018_float_multi,0,0,0,2
RTLLM,0.0,1.0,55,aspdac2026_release,lexical_structural_posthoc,synthesis_valid,0.0,classic_revolution,deepseek-chat,11,210,aspdac2026/deepseek_clean_results/RTLLM/Prob018_float_multi,0,0,0,2
RTLLM,0.0,1.0,55,aspdac2026_release,lexical_structural_posthoc,valid_ppa,0.0,classic_revolution,deepseek-chat,11,210,aspdac2026/deepseek_clean_results/RTLLM/Prob018_float_multi,0,0,0,2
RTLLM,0.0,1.0,11,aspdac2026_release,lexical_structural_posthoc,pareto_front,0.0,classic_revolution,deepseek-chat,11,210,aspdac2026/deepseek_clean_results/RTLLM/Prob018_float_multi,0,0,0,2
RTLLM,0.002018745212075766,0.25,53,aspdac2026_release,lexical_structural_posthoc,generated,-0.055182393106271,classic_revolution,deepseek-chat,0,53,aspdac2026/deepseek_clean_results/RTLLM/Prob019_sub_64bit,0,0,0,5
RTLLM,0.002018745212075766,0.25,39,aspdac2026_release,lexical_structural_posthoc,functional,-0.055182393106271,classic_revolution,deepseek-chat,0,53,aspdac2026/deepseek_clean_results/RTLLM/Prob019_sub_64bit,0,0,0,4
RTLLM,0.002018745212075766,0.25,39,aspdac2026_release,lexical_structural_posthoc,synthesis_valid,-0.055182393106271,classic_revolution,deepseek-chat,0,53,aspdac2026/deepseek_clean_results/RTLLM/Prob019_sub_64bit,0,0,0,4
RTLLM,0.002018745212075766,0.25,39,aspdac2026_release,lexical_structural_posthoc,valid_ppa,-0.055182393106271,classic_revolution,deepseek-chat,0,53,aspdac2026/deepseek_clean_results/RTLLM/Prob019_sub_64bit,0,0,0,4
RTLLM,,0.25,0,aspdac2026_release,lexical_structural_posthoc,pareto_front,,classic_revolution,deepseek-chat,0,53,aspdac2026/deepseek_clean_results/RTLLM/Prob019_sub_64bit,0,0,0,0
RTLLM,0.44834709128715033,0.5,105,aspdac2026_release,lexical_structural_posthoc,generated,-0.043032821058007535,classic_revolution,deepseek-chat,0,105,aspdac2026/deepseek_clean_results/RTLLM/Prob019_sub_64bit,0,0,0,7
RTLLM,0.44834709128715033,0.5,75,aspdac2026_release,lexical_structural_posthoc,functional,-0.043032821058007535,classic_revolution,deepseek-chat,0,105,aspdac2026/deepseek_clean_results/RTLLM/Prob019_sub_64bit,0,0,0,6
RTLLM,0.44834709128715033,0.5,75,aspdac2026_release,lexical_structural_posthoc,synthesis_valid,-0.043032821058007535,classic_revolution,deepseek-chat,0,105,aspdac2026/deepseek_clean_results/RTLLM/Prob019_sub_64bit,0,0,0,6
RTLLM,0.44834709128715033,0.5,75,aspdac2026_release,lexical_structural_posthoc,valid_ppa,-0.043032821058007535,classic_revolution,deepseek-chat,0,105,aspdac2026/deepseek_clean_results/RTLLM/Prob019_sub_64bit,0,0,0,6
RTLLM,,0.5,0,aspdac2026_release,lexical_structural_posthoc,pareto_front,,classic_revolution,deepseek-chat,0,105,aspdac2026/deepseek_clean_results/RTLLM/Prob019_sub_64bit,0,0,0,0
RTLLM,0.4531897346903679,0.75,158,aspdac2026_release,lexical_structural_posthoc,generated,0.015520781294575807,classic_revolution,deepseek-chat,6,158,aspdac2026/deepseek_clean_results/RTLLM/Prob019_sub_64bit,0,0,0,7
RTLLM,0.4531897346903679,0.75,109,aspdac2026_release,lexical_structural_posthoc,functional,0.015520781294575807,classic_revolution,deepseek-chat,6,158,aspdac2026/deepseek_clean_results/RTLLM/Prob019_sub_64bit,0,0,0,6
RTLLM,0.4531897346903679,0.75,109,aspdac2026_release,lexical_structural_posthoc,synthesis_valid,0.015520781294575807,classic_revolution,deepseek-chat,6,158,aspdac2026/deepseek_clean_results/RTLLM/Prob019_sub_64bit,0,0,0,6
RTLLM,0.4531897346903679,0.75,109,aspdac2026_release,lexical_structural_posthoc,valid_ppa,0.015520781294575807,classic_revolution,deepseek-chat,6,158,aspdac2026/deepseek_clean_results/RTLLM/Prob019_sub_64bit,0,0,0,6
RTLLM,0.4531897346903679,0.75,6,aspdac2026_release,lexical_structural_posthoc,pareto_front,0.4531897346903679,classic_revolution,deepseek-chat,6,158,aspdac2026/deepseek_clean_results/RTLLM/Prob019_sub_64bit,0,0,0,2
RTLLM,0.4531897346903679,1.0,210,aspdac2026_release,lexical_structural_posthoc,generated,0.04091869989554021,classic_revolution,deepseek-chat,16,210,aspdac2026/deepseek_clean_results/RTLLM/Prob019_sub_64bit,0,0,0,8
RTLLM,0.4531897346903679,1.0,141,aspdac2026_release,lexical_structural_posthoc,functional,0.04091869989554021,classic_revolution,deepseek-chat,16,210,aspdac2026/deepseek_clean_results/RTLLM/Prob019_sub_64bit,0,0,0,7
RTLLM,0.4531897346903679,1.0,141,aspdac2026_release,lexical_structural_posthoc,synthesis_valid,0.04091869989554021,classic_revolution,deepseek-chat,16,210,aspdac2026/deepseek_clean_results/RTLLM/Prob019_sub_64bit,0,0,0,7
RTLLM,0.4531897346903679,1.0,141,aspdac2026_release,lexical_structural_posthoc,valid_ppa,0.04091869989554021,classic_revolution,deepseek-chat,16,210,aspdac2026/deepseek_clean_results/RTLLM/Prob019_sub_64bit,0,0,0,7
RTLLM,0.4531897346903679,1.0,16,aspdac2026_release,lexical_structural_posthoc,pareto_front,0.453189734690368,classic_revolution,deepseek-chat,16,210,aspdac2026/deepseek_clean_results/RTLLM/Prob019_sub_64bit,0,0,0,3
RTLLM,-0.0,0.25,53,aspdac2026_release,lexical_structural_posthoc,generated,-0.05467946722848683,classic_revolution,deepseek-chat,28,53,aspdac2026/deepseek_clean_results/RTLLM/Prob020_JC_counter,0,0,0,2
RTLLM,-0.0,0.25,35,aspdac2026_release,lexical_structural_posthoc,functional,-0.05467946722848683,classic_revolution,deepseek-chat,28,53,aspdac2026/deepseek_clean_results/RTLLM/Prob020_JC_counter,0,0,0,1
RTLLM,-0.0,0.25,35,aspdac2026_release,lexical_structural_posthoc,synthesis_valid,-0.05467946722848683,classic_revolution,deepseek-chat,28,53,aspdac2026/deepseek_clean_results/RTLLM/Prob020_JC_counter,0,0,0,1
RTLLM,-0.0,0.25,35,aspdac2026_release,lexical_structural_posthoc,valid_ppa,-0.05467946722848683,classic_revolution,deepseek-chat,28,53,aspdac2026/deepseek_clean_results/RTLLM/Prob020_JC_counter,0,0,0,1
RTLLM,-0.0,0.25,28,aspdac2026_release,lexical_structural_posthoc,pareto_front,0.0,classic_revolution,deepseek-chat,28,53,aspdac2026/deepseek_clean_results/RTLLM/Prob020_JC_counter,0,0,0,1
RTLLM,-0.0,0.5,105,aspdac2026_release,lexical_structural_posthoc,generated,-0.05095374648751554,classic_revolution,deepseek-chat,47,105,aspdac2026/deepseek_clean_results/RTLLM/Prob020_JC_counter,0,0,0,2
RTLLM,-0.0,0.5,63,aspdac2026_release,lexical_structural_posthoc,functional,-0.05095374648751554,classic_revolution,deepseek-chat,47,105,aspdac2026/deepseek_clean_results/RTLLM/Prob020_JC_counter,0,0,0,1
RTLLM,-0.0,0.5,63,aspdac2026_release,lexical_structural_posthoc,synthesis_valid,-0.05095374648751554,classic_revolution,deepseek-chat,47,105,aspdac2026/deepseek_clean_results/RTLLM/Prob020_JC_counter,0,0,0,1
RTLLM,-0.0,0.5,63,aspdac2026_release,lexical_structural_posthoc,valid_ppa,-0.05095374648751554,classic_revolution,deepseek-chat,47,105,aspdac2026/deepseek_clean_results/RTLLM/Prob020_JC_counter,0,0,0,1
RTLLM,-0.0,0.5,47,aspdac2026_release,lexical_structural_posthoc,pareto_front,0.0,classic_revolution,deepseek-chat,47,105,aspdac2026/deepseek_clean_results/RTLLM/Prob020_JC_counter,0,0,0,1
RTLLM,-0.0,0.75,158,aspdac2026_release,lexical_structural_posthoc,generated,-0.058366354455679045,classic_revolution,deepseek-chat,61,158,aspdac2026/deepseek_clean_results/RTLLM/Prob020_JC_counter,0,0,0,2
RTLLM,-0.0,0.75,90,aspdac2026_release,lexical_structural_posthoc,functional,-0.058366354455679045,classic_revolution,deepseek-chat,61,158,aspdac2026/deepseek_clean_results/RTLLM/Prob020_JC_counter,0,0,0,1
RTLLM,-0.0,0.75,90,aspdac2026_release,lexical_structural_posthoc,synthesis_valid,-0.058366354455679045,classic_revolution,deepseek-chat,61,158,aspdac2026/deepseek_clean_results/RTLLM/Prob020_JC_counter,0,0,0,1
RTLLM,-0.0,0.75,90,aspdac2026_release,lexical_structural_posthoc,valid_ppa,-0.058366354455679045,classic_revolution,deepseek-chat,61,158,aspdac2026/deepseek_clean_results/RTLLM/Prob020_JC_counter,0,0,0,1
RTLLM,-0.0,0.75,61,aspdac2026_release,lexical_structural_posthoc,pareto_front,0.0,classic_revolution,deepseek-chat,61,158,aspdac2026/deepseek_clean_results/RTLLM/Prob020_JC_counter,0,0,0,1
RTLLM,-0.0,1.0,210,aspdac2026_release,lexical_structural_posthoc,generated,-0.05522253605307963,classic_revolution,deepseek-chat,82,210,aspdac2026/deepseek_clean_results/RTLLM/Prob020_JC_counter,0,0,0,2
RTLLM,-0.0,1.0,123,aspdac2026_release,lexical_structural_posthoc,functional,-0.05522253605307963,classic_revolution,deepseek-chat,82,210,aspdac2026/deepseek_clean_results/RTLLM/Prob020_JC_counter,0,0,0,1
RTLLM,-0.0,1.0,123,aspdac2026_release,lexical_structural_posthoc,synthesis_valid,-0.05522253605307963,classic_revolution,deepseek-chat,82,210,aspdac2026/deepseek_clean_results/RTLLM/Prob020_JC_counter,0,0,0,1
RTLLM,-0.0,1.0,123,aspdac2026_release,lexical_structural_posthoc,valid_ppa,-0.05522253605307963,classic_revolution,deepseek-chat,82,210,aspdac2026/deepseek_clean_results/RTLLM/Prob020_JC_counter,0,0,0,1
RTLLM,-0.0,1.0,82,aspdac2026_release,lexical_structural_posthoc,pareto_front,0.0,classic_revolution,deepseek-chat,82,210,aspdac2026/deepseek_clean_results/RTLLM/Prob020_JC_counter,0,0,0,1
RTLLM,0.33267251958840743,0.25,53,aspdac2026_release,lexical_structural_posthoc,generated,0.04894777773282449,classic_revolution,deepseek-chat,4,53,aspdac2026/deepseek_clean_results/RTLLM/Prob021_counter_12,0,0,0,3
RTLLM,0.33267251958840743,0.25,50,aspdac2026_release,lexical_structural_posthoc,functional,0.04894777773282449,classic_revolution,deepseek-chat,4,53,aspdac2026/deepseek_clean_results/RTLLM/Prob021_counter_12,0,0,0,2
RTLLM,0.33267251958840743,0.25,50,aspdac2026_release,lexical_structural_posthoc,synthesis_valid,0.04894777773282449,classic_revolution,deepseek-chat,4,53,aspdac2026/deepseek_clean_results/RTLLM/Prob021_counter_12,0,0,0,2
RTLLM,0.33267251958840743,0.25,50,aspdac2026_release,lexical_structural_posthoc,valid_ppa,0.04894777773282449,classic_revolution,deepseek-chat,4,53,aspdac2026/deepseek_clean_results/RTLLM/Prob021_counter_12,0,0,0,2
RTLLM,0.33267251958840743,0.25,4,aspdac2026_release,lexical_structural_posthoc,pareto_front,-0.023025088445649197,classic_revolution,deepseek-chat,4,53,aspdac2026/deepseek_clean_results/RTLLM/Prob021_counter_12,0,0,0,2
RTLLM,0.33267251958840743,0.5,105,aspdac2026_release,lexical_structural_posthoc,generated,0.07329149183891683,classic_revolution,deepseek-chat,6,105,aspdac2026/deepseek_clean_results/RTLLM/Prob021_counter_12,0,0,0,3
RTLLM,0.33267251958840743,0.5,94,aspdac2026_release,lexical_structural_posthoc,functional,0.07329149183891683,classic_revolution,deepseek-chat,6,105,aspdac2026/deepseek_clean_results/RTLLM/Prob021_counter_12,0,0,0,2
RTLLM,0.33267251958840743,0.5,94,aspdac2026_release,lexical_structural_posthoc,synthesis_valid,0.07329149183891683,classic_revolution,deepseek-chat,6,105,aspdac2026/deepseek_clean_results/RTLLM/Prob021_counter_12,0,0,0,2
RTLLM,0.33267251958840743,0.5,94,aspdac2026_release,lexical_structural_posthoc,valid_ppa,0.07329149183891683,classic_revolution,deepseek-chat,6,105,aspdac2026/deepseek_clean_results/RTLLM/Prob021_counter_12,0,0,0,2
RTLLM,0.33267251958840743,0.5,6,aspdac2026_release,lexical_structural_posthoc,pareto_front,0.08816450366294604,classic_revolution,deepseek-chat,6,105,aspdac2026/deepseek_clean_results/RTLLM/Prob021_counter_12,0,0,0,2
RTLLM,0.33267251958840743,0.75,158,aspdac2026_release,lexical_structural_posthoc,generated,0.06594858018117203,classic_revolution,deepseek-chat,9,158,aspdac2026/deepseek_clean_results/RTLLM/Prob021_counter_12,0,0,0,3
RTLLM,0.33267251958840743,0.75,142,aspdac2026_release,lexical_structural_posthoc,functional,0.06594858018117203,classic_revolution,deepseek-chat,9,158,aspdac2026/deepseek_clean_results/RTLLM/Prob021_counter_12,0,0,0,2
RTLLM,0.33267251958840743,0.75,142,aspdac2026_release,lexical_structural_posthoc,synthesis_valid,0.06594858018117203,classic_revolution,deepseek-chat,9,158,aspdac2026/deepseek_clean_results/RTLLM/Prob021_counter_12,0,0,0,2
RTLLM,0.33267251958840743,0.75,142,aspdac2026_release,lexical_structural_posthoc,valid_ppa,0.06594858018117203,classic_revolution,deepseek-chat,9,158,aspdac2026/deepseek_clean_results/RTLLM/Prob021_counter_12,0,0,0,2
RTLLM,0.33267251958840743,0.75,9,aspdac2026_release,lexical_structural_posthoc,pareto_front,0.011579349845185778,classic_revolution,deepseek-chat,9,158,aspdac2026/deepseek_clean_results/RTLLM/Prob021_counter_12,0,0,0,2
RTLLM,0.33267251958840743,1.0,210,aspdac2026_release,lexical_structural_posthoc,generated,0.0539852815232334,classic_revolution,deepseek-chat,12,210,aspdac2026/deepseek_clean_results/RTLLM/Prob021_counter_12,0,0,0,3
RTLLM,0.33267251958840743,1.0,189,aspdac2026_release,lexical_structural_posthoc,functional,0.0539852815232334,classic_revolution,deepseek-chat,12,210,aspdac2026/deepseek_clean_results/RTLLM/Prob021_counter_12,0,0,0,2
RTLLM,0.33267251958840743,1.0,189,aspdac2026_release,lexical_structural_posthoc,synthesis_valid,0.0539852815232334,classic_revolution,deepseek-chat,12,210,aspdac2026/deepseek_clean_results/RTLLM/Prob021_counter_12,0,0,0,2
RTLLM,0.33267251958840743,1.0,189,aspdac2026_release,lexical_structural_posthoc,valid_ppa,0.0539852815232334,classic_revolution,deepseek-chat,12,210,aspdac2026/deepseek_clean_results/RTLLM/Prob021_counter_12,0,0,0,2
RTLLM,0.33267251958840743,1.0,12,aspdac2026_release,lexical_structural_posthoc,pareto_front,-0.05680750540563625,classic_revolution,deepseek-chat,12,210,aspdac2026/deepseek_clean_results/RTLLM/Prob021_counter_12,0,0,0,2
RTLLM,,0.25,53,aspdac2026_release,lexical_structural_posthoc,generated,,classic_revolution,deepseek-chat,0,53,aspdac2026/deepseek_clean_results/RTLLM/Prob022_ring_counter,0,0,0,1
RTLLM,,0.25,0,aspdac2026_release,lexical_structural_posthoc,functional,,classic_revolution,deepseek-chat,0,53,aspdac2026/deepseek_clean_results/RTLLM/Prob022_ring_counter,0,0,0,0
RTLLM,,0.25,0,aspdac2026_release,lexical_structural_posthoc,synthesis_valid,,classic_revolution,deepseek-chat,0,53,aspdac2026/deepseek_clean_results/RTLLM/Prob022_ring_counter,0,0,0,0
RTLLM,,0.25,0,aspdac2026_release,lexical_structural_posthoc,valid_ppa,,classic_revolution,deepseek-chat,0,53,aspdac2026/deepseek_clean_results/RTLLM/Prob022_ring_counter,0,0,0,0
RTLLM,,0.25,0,aspdac2026_release,lexical_structural_posthoc,pareto_front,,classic_revolution,deepseek-chat,0,53,aspdac2026/deepseek_clean_results/RTLLM/Prob022_ring_counter,0,0,0,0
RTLLM,,0.5,105,aspdac2026_release,lexical_structural_posthoc,generated,,classic_revolution,deepseek-chat,0,105,aspdac2026/deepseek_clean_results/RTLLM/Prob022_ring_counter,0,0,0,1
RTLLM,,0.5,0,aspdac2026_release,lexical_structural_posthoc,functional,,classic_revolution,deepseek-chat,0,105,aspdac2026/deepseek_clean_results/RTLLM/Prob022_ring_counter,0,0,0,0
RTLLM,,0.5,0,aspdac2026_release,lexical_structural_posthoc,synthesis_valid,,classic_revolution,deepseek-chat,0,105,aspdac2026/deepseek_clean_results/RTLLM/Prob022_ring_counter,0,0,0,0
RTLLM,,0.5,0,aspdac2026_release,lexical_structural_posthoc,valid_ppa,,classic_revolution,deepseek-chat,0,105,aspdac2026/deepseek_clean_results/RTLLM/Prob022_ring_counter,0,0,0,0
RTLLM,,0.5,0,aspdac2026_release,lexical_structural_posthoc,pareto_front,,classic_revolution,deepseek-chat,0,105,aspdac2026/deepseek_clean_results/RTLLM/Prob022_ring_counter,0,0,0,0
RTLLM,,0.75,158,aspdac2026_release,lexical_structural_posthoc,generated,,classic_revolution,deepseek-chat,0,158,aspdac2026/deepseek_clean_results/RTLLM/Prob022_ring_counter,0,0,0,1
RTLLM,,0.75,0,aspdac2026_release,lexical_structural_posthoc,functional,,classic_revolution,deepseek-chat,0,158,aspdac2026/deepseek_clean_results/RTLLM/Prob022_ring_counter,0,0,0,0
RTLLM,,0.75,0,aspdac2026_release,lexical_structural_posthoc,synthesis_valid,,classic_revolution,deepseek-chat,0,158,aspdac2026/deepseek_clean_results/RTLLM/Prob022_ring_counter,0,0,0,0
RTLLM,,0.75,0,aspdac2026_release,lexical_structural_posthoc,valid_ppa,,classic_revolution,deepseek-chat,0,158,aspdac2026/deepseek_clean_results/RTLLM/Prob022_ring_counter,0,0,0,0
RTLLM,,0.75,0,aspdac2026_release,lexical_structural_posthoc,pareto_front,,classic_revolution,deepseek-chat,0,158,aspdac2026/deepseek_clean_results/RTLLM/Prob022_ring_counter,0,0,0,0
RTLLM,,1.0,210,aspdac2026_release,lexical_structural_posthoc,generated,,classic_revolution,deepseek-chat,0,210,aspdac2026/deepseek_clean_results/RTLLM/Prob022_ring_counter,0,0,0,1
RTLLM,,1.0,0,aspdac2026_release,lexical_structural_posthoc,functional,,classic_revolution,deepseek-chat,0,210,aspdac2026/deepseek_clean_results/RTLLM/Prob022_ring_counter,0,0,0,0
RTLLM,,1.0,0,aspdac2026_release,lexical_structural_posthoc,synthesis_valid,,classic_revolution,deepseek-chat,0,210,aspdac2026/deepseek_clean_results/RTLLM/Prob022_ring_counter,0,0,0,0
RTLLM,,1.0,0,aspdac2026_release,lexical_structural_posthoc,valid_ppa,,classic_revolution,deepseek-chat,0,210,aspdac2026/deepseek_clean_results/RTLLM/Prob022_ring_counter,0,0,0,0
RTLLM,,1.0,0,aspdac2026_release,lexical_structural_posthoc,pareto_front,,classic_revolution,deepseek-chat,0,210,aspdac2026/deepseek_clean_results/RTLLM/Prob022_ring_counter,0,0,0,0
RTLLM,-0.048317271780958994,0.25,53,aspdac2026_release,lexical_structural_posthoc,generated,-0.060896743343082725,classic_revolution,deepseek-chat,0,53,aspdac2026/deepseek_clean_results/RTLLM/Prob023_up_down_counter,0,0,0,2
RTLLM,-0.048317271780958994,0.25,38,aspdac2026_release,lexical_structural_posthoc,functional,-0.060896743343082725,classic_revolution,deepseek-chat,0,53,aspdac2026/deepseek_clean_results/RTLLM/Prob023_up_down_counter,0,0,0,1
RTLLM,-0.048317271780958994,0.25,38,aspdac2026_release,lexical_structural_posthoc,synthesis_valid,-0.060896743343082725,classic_revolution,deepseek-chat,0,53,aspdac2026/deepseek_clean_results/RTLLM/Prob023_up_down_counter,0,0,0,1
RTLLM,-0.048317271780958994,0.25,38,aspdac2026_release,lexical_structural_posthoc,valid_ppa,-0.060896743343082725,classic_revolution,deepseek-chat,0,53,aspdac2026/deepseek_clean_results/RTLLM/Prob023_up_down_counter,0,0,0,1
RTLLM,,0.25,0,aspdac2026_release,lexical_structural_posthoc,pareto_front,,classic_revolution,deepseek-chat,0,53,aspdac2026/deepseek_clean_results/RTLLM/Prob023_up_down_counter,0,0,0,0
RTLLM,0.24191270280655755,0.5,105,aspdac2026_release,lexical_structural_posthoc,generated,-0.08028616538858617,classic_revolution,deepseek-chat,2,105,aspdac2026/deepseek_clean_results/RTLLM/Prob023_up_down_counter,0,0,0,3
RTLLM,0.24191270280655755,0.5,70,aspdac2026_release,lexical_structural_posthoc,functional,-0.08028616538858617,classic_revolution,deepseek-chat,2,105,aspdac2026/deepseek_clean_results/RTLLM/Prob023_up_down_counter,0,0,0,2
RTLLM,0.24191270280655755,0.5,70,aspdac2026_release,lexical_structural_posthoc,synthesis_valid,-0.08028616538858617,classic_revolution,deepseek-chat,2,105,aspdac2026/deepseek_clean_results/RTLLM/Prob023_up_down_counter,0,0,0,2
RTLLM,0.24191270280655755,0.5,70,aspdac2026_release,lexical_structural_posthoc,valid_ppa,-0.08028616538858617,classic_revolution,deepseek-chat,2,105,aspdac2026/deepseek_clean_results/RTLLM/Prob023_up_down_counter,0,0,0,2
RTLLM,0.11337820928137499,0.5,2,aspdac2026_release,lexical_structural_posthoc,pareto_front,-0.06292312530673798,classic_revolution,deepseek-chat,2,105,aspdac2026/deepseek_clean_results/RTLLM/Prob023_up_down_counter,0,0,0,1
RTLLM,0.253222496239256,0.75,158,aspdac2026_release,lexical_structural_posthoc,generated,-0.0581626759466609,classic_revolution,deepseek-chat,4,158,aspdac2026/deepseek_clean_results/RTLLM/Prob023_up_down_counter,0,0,0,3
RTLLM,0.253222496239256,0.75,104,aspdac2026_release,lexical_structural_posthoc,functional,-0.0581626759466609,classic_revolution,deepseek-chat,4,158,aspdac2026/deepseek_clean_results/RTLLM/Prob023_up_down_counter,0,0,0,2
RTLLM,0.253222496239256,0.75,104,aspdac2026_release,lexical_structural_posthoc,synthesis_valid,-0.0581626759466609,classic_revolution,deepseek-chat,4,158,aspdac2026/deepseek_clean_results/RTLLM/Prob023_up_down_counter,0,0,0,2
RTLLM,0.253222496239256,0.75,104,aspdac2026_release,lexical_structural_posthoc,valid_ppa,-0.0581626759466609,classic_revolution,deepseek-chat,4,158,aspdac2026/deepseek_clean_results/RTLLM/Prob023_up_down_counter,0,0,0,2
RTLLM,0.253222496239256,0.75,4,aspdac2026_release,lexical_structural_posthoc,pareto_front,0.03400034778060848,classic_revolution,deepseek-chat,4,158,aspdac2026/deepseek_clean_results/RTLLM/Prob023_up_down_counter,0,0,0,1
RTLLM,0.253222496239256,1.0,210,aspdac2026_release,lexical_structural_posthoc,generated,-0.03417176322204237,classic_revolution,deepseek-chat,7,210,aspdac2026/deepseek_clean_results/RTLLM/Prob023_up_down_counter,0,0,0,3
RTLLM,0.253222496239256,1.0,143,aspdac2026_release,lexical_structural_posthoc,functional,-0.03417176322204237,classic_revolution,deepseek-chat,7,210,aspdac2026/deepseek_clean_results/RTLLM/Prob023_up_down_counter,0,0,0,2
RTLLM,0.253222496239256,1.0,143,aspdac2026_release,lexical_structural_posthoc,synthesis_valid,-0.03417176322204237,classic_revolution,deepseek-chat,7,210,aspdac2026/deepseek_clean_results/RTLLM/Prob023_up_down_counter,0,0,0,2
RTLLM,0.253222496239256,1.0,143,aspdac2026_release,lexical_structural_posthoc,valid_ppa,-0.03417176322204237,classic_revolution,deepseek-chat,7,210,aspdac2026/deepseek_clean_results/RTLLM/Prob023_up_down_counter,0,0,0,2
RTLLM,0.253222496239256,1.0,7,aspdac2026_release,lexical_structural_posthoc,pareto_front,0.12795269712002885,classic_revolution,deepseek-chat,7,210,aspdac2026/deepseek_clean_results/RTLLM/Prob023_up_down_counter,0,0,0,1
RTLLM,0.5877228651861119,0.25,53,aspdac2026_release,lexical_structural_posthoc,generated,0.22269232668784875,classic_revolution,deepseek-chat,1,53,aspdac2026/deepseek_clean_results/RTLLM/Prob024_fsm,0,0,0,3
RTLLM,0.5877228651861119,0.25,19,aspdac2026_release,lexical_structural_posthoc,functional,0.22269232668784875,classic_revolution,deepseek-chat,1,53,aspdac2026/deepseek_clean_results/RTLLM/Prob024_fsm,0,0,0,2
RTLLM,0.5877228651861119,0.25,19,aspdac2026_release,lexical_structural_posthoc,synthesis_valid,0.22269232668784875,classic_revolution,deepseek-chat,1,53,aspdac2026/deepseek_clean_results/RTLLM/Prob024_fsm,0,0,0,2
RTLLM,0.5877228651861119,0.25,19,aspdac2026_release,lexical_structural_posthoc,valid_ppa,0.22269232668784875,classic_revolution,deepseek-chat,1,53,aspdac2026/deepseek_clean_results/RTLLM/Prob024_fsm,0,0,0,2
RTLLM,0.5877228651861119,0.25,1,aspdac2026_release,lexical_structural_posthoc,pareto_front,0.5877228651861119,classic_revolution,deepseek-chat,1,53,aspdac2026/deepseek_clean_results/RTLLM/Prob024_fsm,0,0,0,1
RTLLM,0.6047544573037222,0.5,105,aspdac2026_release,lexical_structural_posthoc,generated,0.27801205675775575,classic_revolution,deepseek-chat,1,105,aspdac2026/deepseek_clean_results/RTLLM/Prob024_fsm,0,0,0,3
RTLLM,0.6047544573037222,0.5,33,aspdac2026_release,lexical_structural_posthoc,functional,0.27801205675775575,classic_revolution,deepseek-chat,1,105,aspdac2026/deepseek_clean_results/RTLLM/Prob024_fsm,0,0,0,2
RTLLM,0.6047544573037222,0.5,33,aspdac2026_release,lexical_structural_posthoc,synthesis_valid,0.27801205675775575,classic_revolution,deepseek-chat,1,105,aspdac2026/deepseek_clean_results/RTLLM/Prob024_fsm,0,0,0,2
RTLLM,0.6047544573037222,0.5,33,aspdac2026_release,lexical_structural_posthoc,valid_ppa,0.27801205675775575,classic_revolution,deepseek-chat,1,105,aspdac2026/deepseek_clean_results/RTLLM/Prob024_fsm,0,0,0,2
RTLLM,0.5877228651861119,0.5,1,aspdac2026_release,lexical_structural_posthoc,pareto_front,0.5877228651861119,classic_revolution,deepseek-chat,1,105,aspdac2026/deepseek_clean_results/RTLLM/Prob024_fsm,0,0,0,1
RTLLM,0.6451986237097278,0.75,158,aspdac2026_release,lexical_structural_posthoc,generated,0.32005977826434495,classic_revolution,deepseek-chat,2,158,aspdac2026/deepseek_clean_results/RTLLM/Prob024_fsm,0,0,0,3
RTLLM,0.6451986237097278,0.75,45,aspdac2026_release,lexical_structural_posthoc,functional,0.32005977826434495,classic_revolution,deepseek-chat,2,158,aspdac2026/deepseek_clean_results/RTLLM/Prob024_fsm,0,0,0,2
RTLLM,0.6451986237097278,0.75,45,aspdac2026_release,lexical_structural_posthoc,synthesis_valid,0.32005977826434495,classic_revolution,deepseek-chat,2,158,aspdac2026/deepseek_clean_results/RTLLM/Prob024_fsm,0,0,0,2
RTLLM,0.6451986237097278,0.75,45,aspdac2026_release,lexical_structural_posthoc,valid_ppa,0.32005977826434495,classic_revolution,deepseek-chat,2,158,aspdac2026/deepseek_clean_results/RTLLM/Prob024_fsm,0,0,0,2
RTLLM,0.6451986237097278,0.75,2,aspdac2026_release,lexical_structural_posthoc,pareto_front,0.6164607444479199,classic_revolution,deepseek-chat,2,158,aspdac2026/deepseek_clean_results/RTLLM/Prob024_fsm,0,0,0,1
RTLLM,0.6451986237097278,1.0,210,aspdac2026_release,lexical_structural_posthoc,generated,0.3410039149605982,classic_revolution,deepseek-chat,2,210,aspdac2026/deepseek_clean_results/RTLLM/Prob024_fsm,0,0,0,3
RTLLM,0.6451986237097278,1.0,62,aspdac2026_release,lexical_structural_posthoc,functional,0.3410039149605982,classic_revolution,deepseek-chat,2,210,aspdac2026/deepseek_clean_results/RTLLM/Prob024_fsm,0,0,0,2
RTLLM,0.6451986237097278,1.0,62,aspdac2026_release,lexical_structural_posthoc,synthesis_valid,0.3410039149605982,classic_revolution,deepseek-chat,2,210,aspdac2026/deepseek_clean_results/RTLLM/Prob024_fsm,0,0,0,2
RTLLM,0.6451986237097278,1.0,62,aspdac2026_release,lexical_structural_posthoc,valid_ppa,0.3410039149605982,classic_revolution,deepseek-chat,2,210,aspdac2026/deepseek_clean_results/RTLLM/Prob024_fsm,0,0,0,2
RTLLM,0.6451986237097278,1.0,2,aspdac2026_release,lexical_structural_posthoc,pareto_front,0.6164607444479199,classic_revolution,deepseek-chat,2,210,aspdac2026/deepseek_clean_results/RTLLM/Prob024_fsm,0,0,0,1
RTLLM,0.3624073069271116,0.25,53,aspdac2026_release,lexical_structural_posthoc,generated,-0.14146997648761073,classic_revolution,deepseek-chat,1,53,aspdac2026/deepseek_clean_results/RTLLM/Prob025_sequence_detector,0,0,0,3
RTLLM,0.3624073069271116,0.25,4,aspdac2026_release,lexical_structural_posthoc,functional,-0.14146997648761073,classic_revolution,deepseek-chat,1,53,aspdac2026/deepseek_clean_results/RTLLM/Prob025_sequence_detector,0,0,0,2
RTLLM,0.3624073069271116,0.25,4,aspdac2026_release,lexical_structural_posthoc,synthesis_valid,-0.14146997648761073,classic_revolution,deepseek-chat,1,53,aspdac2026/deepseek_clean_results/RTLLM/Prob025_sequence_detector,0,0,0,2
RTLLM,0.3624073069271116,0.25,4,aspdac2026_release,lexical_structural_posthoc,valid_ppa,-0.14146997648761073,classic_revolution,deepseek-chat,1,53,aspdac2026/deepseek_clean_results/RTLLM/Prob025_sequence_detector,0,0,0,2
RTLLM,0.3624073069271116,0.25,1,aspdac2026_release,lexical_structural_posthoc,pareto_front,0.3624073069271116,classic_revolution,deepseek-chat,1,53,aspdac2026/deepseek_clean_results/RTLLM/Prob025_sequence_detector,0,0,0,1
RTLLM,0.3624073069271116,0.5,105,aspdac2026_release,lexical_structural_posthoc,generated,-0.024197587545390028,classic_revolution,deepseek-chat,3,105,aspdac2026/deepseek_clean_results/RTLLM/Prob025_sequence_detector,0,0,0,3
RTLLM,0.3624073069271116,0.5,13,aspdac2026_release,lexical_structural_posthoc,functional,-0.024197587545390028,classic_revolution,deepseek-chat,3,105,aspdac2026/deepseek_clean_results/RTLLM/Prob025_sequence_detector,0,0,0,2
RTLLM,0.3624073069271116,0.5,13,aspdac2026_release,lexical_structural_posthoc,synthesis_valid,-0.024197587545390028,classic_revolution,deepseek-chat,3,105,aspdac2026/deepseek_clean_results/RTLLM/Prob025_sequence_detector,0,0,0,2
RTLLM,0.3624073069271116,0.5,13,aspdac2026_release,lexical_structural_posthoc,valid_ppa,-0.024197587545390028,classic_revolution,deepseek-chat,3,105,aspdac2026/deepseek_clean_results/RTLLM/Prob025_sequence_detector,0,0,0,2
RTLLM,0.3624073069271116,0.5,3,aspdac2026_release,lexical_structural_posthoc,pareto_front,0.3624073069271116,classic_revolution,deepseek-chat,3,105,aspdac2026/deepseek_clean_results/RTLLM/Prob025_sequence_detector,0,0,0,1
RTLLM,0.3624073069271116,0.75,158,aspdac2026_release,lexical_structural_posthoc,generated,0.0011009145454402508,classic_revolution,deepseek-chat,4,158,aspdac2026/deepseek_clean_results/RTLLM/Prob025_sequence_detector,0,0,0,3
RTLLM,0.3624073069271116,0.75,23,aspdac2026_release,lexical_structural_posthoc,functional,0.0011009145454402508,classic_revolution,deepseek-chat,4,158,aspdac2026/deepseek_clean_results/RTLLM/Prob025_sequence_detector,0,0,0,2
RTLLM,0.3624073069271116,0.75,23,aspdac2026_release,lexical_structural_posthoc,synthesis_valid,0.0011009145454402508,classic_revolution,deepseek-chat,4,158,aspdac2026/deepseek_clean_results/RTLLM/Prob025_sequence_detector,0,0,0,2
RTLLM,0.3624073069271116,0.75,23,aspdac2026_release,lexical_structural_posthoc,valid_ppa,0.0011009145454402508,classic_revolution,deepseek-chat,4,158,aspdac2026/deepseek_clean_results/RTLLM/Prob025_sequence_detector,0,0,0,2
RTLLM,0.3624073069271116,0.75,4,aspdac2026_release,lexical_structural_posthoc,pareto_front,0.33794537891119547,classic_revolution,deepseek-chat,4,158,aspdac2026/deepseek_clean_results/RTLLM/Prob025_sequence_detector,0,0,0,1
RTLLM,0.3624073069271116,1.0,210,aspdac2026_release,lexical_structural_posthoc,generated,0.00778847892928197,classic_revolution,deepseek-chat,4,210,aspdac2026/deepseek_clean_results/RTLLM/Prob025_sequence_detector,0,0,0,3
RTLLM,0.3624073069271116,1.0,28,aspdac2026_release,lexical_structural_posthoc,functional,0.00778847892928197,classic_revolution,deepseek-chat,4,210,aspdac2026/deepseek_clean_results/RTLLM/Prob025_sequence_detector,0,0,0,2
RTLLM,0.3624073069271116,1.0,28,aspdac2026_release,lexical_structural_posthoc,synthesis_valid,0.00778847892928197,classic_revolution,deepseek-chat,4,210,aspdac2026/deepseek_clean_results/RTLLM/Prob025_sequence_detector,0,0,0,2
RTLLM,0.3624073069271116,1.0,28,aspdac2026_release,lexical_structural_posthoc,valid_ppa,0.00778847892928197,classic_revolution,deepseek-chat,4,210,aspdac2026/deepseek_clean_results/RTLLM/Prob025_sequence_detector,0,0,0,2
RTLLM,0.3624073069271116,1.0,4,aspdac2026_release,lexical_structural_posthoc,pareto_front,0.33794537891119547,classic_revolution,deepseek-chat,4,210,aspdac2026/deepseek_clean_results/RTLLM/Prob025_sequence_detector,0,0,0,1
RTLLM,,0.25,53,aspdac2026_release,lexical_structural_posthoc,generated,,classic_revolution,deepseek-chat,0,53,aspdac2026/deepseek_clean_results/RTLLM/Prob026_asyn_fifo,0,0,0,1
RTLLM,,0.25,0,aspdac2026_release,lexical_structural_posthoc,functional,,classic_revolution,deepseek-chat,0,53,aspdac2026/deepseek_clean_results/RTLLM/Prob026_asyn_fifo,0,0,0,0
RTLLM,,0.25,0,aspdac2026_release,lexical_structural_posthoc,synthesis_valid,,classic_revolution,deepseek-chat,0,53,aspdac2026/deepseek_clean_results/RTLLM/Prob026_asyn_fifo,0,0,0,0
RTLLM,,0.25,0,aspdac2026_release,lexical_structural_posthoc,valid_ppa,,classic_revolution,deepseek-chat,0,53,aspdac2026/deepseek_clean_results/RTLLM/Prob026_asyn_fifo,0,0,0,0
RTLLM,,0.25,0,aspdac2026_release,lexical_structural_posthoc,pareto_front,,classic_revolution,deepseek-chat,0,53,aspdac2026/deepseek_clean_results/RTLLM/Prob026_asyn_fifo,0,0,0,0
RTLLM,,0.5,105,aspdac2026_release,lexical_structural_posthoc,generated,,classic_revolution,deepseek-chat,0,105,aspdac2026/deepseek_clean_results/RTLLM/Prob026_asyn_fifo,0,0,0,1
RTLLM,,0.5,0,aspdac2026_release,lexical_structural_posthoc,functional,,classic_revolution,deepseek-chat,0,105,aspdac2026/deepseek_clean_results/RTLLM/Prob026_asyn_fifo,0,0,0,0
RTLLM,,0.5,0,aspdac2026_release,lexical_structural_posthoc,synthesis_valid,,classic_revolution,deepseek-chat,0,105,aspdac2026/deepseek_clean_results/RTLLM/Prob026_asyn_fifo,0,0,0,0
RTLLM,,0.5,0,aspdac2026_release,lexical_structural_posthoc,valid_ppa,,classic_revolution,deepseek-chat,0,105,aspdac2026/deepseek_clean_results/RTLLM/Prob026_asyn_fifo,0,0,0,0
RTLLM,,0.5,0,aspdac2026_release,lexical_structural_posthoc,pareto_front,,classic_revolution,deepseek-chat,0,105,aspdac2026/deepseek_clean_results/RTLLM/Prob026_asyn_fifo,0,0,0,0
RTLLM,,0.75,158,aspdac2026_release,lexical_structural_posthoc,generated,,classic_revolution,deepseek-chat,0,158,aspdac2026/deepseek_clean_results/RTLLM/Prob026_asyn_fifo,0,0,0,1
RTLLM,,0.75,0,aspdac2026_release,lexical_structural_posthoc,functional,,classic_revolution,deepseek-chat,0,158,aspdac2026/deepseek_clean_results/RTLLM/Prob026_asyn_fifo,0,0,0,0
RTLLM,,0.75,0,aspdac2026_release,lexical_structural_posthoc,synthesis_valid,,classic_revolution,deepseek-chat,0,158,aspdac2026/deepseek_clean_results/RTLLM/Prob026_asyn_fifo,0,0,0,0
RTLLM,,0.75,0,aspdac2026_release,lexical_structural_posthoc,valid_ppa,,classic_revolution,deepseek-chat,0,158,aspdac2026/deepseek_clean_results/RTLLM/Prob026_asyn_fifo,0,0,0,0
RTLLM,,0.75,0,aspdac2026_release,lexical_structural_posthoc,pareto_front,,classic_revolution,deepseek-chat,0,158,aspdac2026/deepseek_clean_results/RTLLM/Prob026_asyn_fifo,0,0,0,0
RTLLM,,1.0,210,aspdac2026_release,lexical_structural_posthoc,generated,,classic_revolution,deepseek-chat,0,210,aspdac2026/deepseek_clean_results/RTLLM/Prob026_asyn_fifo,0,0,0,1
RTLLM,,1.0,0,aspdac2026_release,lexical_structural_posthoc,functional,,classic_revolution,deepseek-chat,0,210,aspdac2026/deepseek_clean_results/RTLLM/Prob026_asyn_fifo,0,0,0,0
RTLLM,,1.0,0,aspdac2026_release,lexical_structural_posthoc,synthesis_valid,,classic_revolution,deepseek-chat,0,210,aspdac2026/deepseek_clean_results/RTLLM/Prob026_asyn_fifo,0,0,0,0
RTLLM,,1.0,0,aspdac2026_release,lexical_structural_posthoc,valid_ppa,,classic_revolution,deepseek-chat,0,210,aspdac2026/deepseek_clean_results/RTLLM/Prob026_asyn_fifo,0,0,0,0
RTLLM,,1.0,0,aspdac2026_release,lexical_structural_posthoc,pareto_front,,classic_revolution,deepseek-chat,0,210,aspdac2026/deepseek_clean_results/RTLLM/Prob026_asyn_fifo,0,0,0,0
RTLLM,0.2104220822701678,0.25,53,aspdac2026_release,lexical_structural_posthoc,generated,0.12630376504261692,classic_revolution,deepseek-chat,0,53,aspdac2026/deepseek_clean_results/RTLLM/Prob027_LIFObuffer,0,0,0,2
RTLLM,0.2104220822701678,0.25,19,aspdac2026_release,lexical_structural_posthoc,functional,0.12630376504261692,classic_revolution,deepseek-chat,0,53,aspdac2026/deepseek_clean_results/RTLLM/Prob027_LIFObuffer,0,0,0,1
RTLLM,0.2104220822701678,0.25,19,aspdac2026_release,lexical_structural_posthoc,synthesis_valid,0.12630376504261692,classic_revolution,deepseek-chat,0,53,aspdac2026/deepseek_clean_results/RTLLM/Prob027_LIFObuffer,0,0,0,1
RTLLM,0.2104220822701678,0.25,19,aspdac2026_release,lexical_structural_posthoc,valid_ppa,0.12630376504261692,classic_revolution,deepseek-chat,0,53,aspdac2026/deepseek_clean_results/RTLLM/Prob027_LIFObuffer,0,0,0,1
RTLLM,,0.25,0,aspdac2026_release,lexical_structural_posthoc,pareto_front,,classic_revolution,deepseek-chat,0,53,aspdac2026/deepseek_clean_results/RTLLM/Prob027_LIFObuffer,0,0,0,0
RTLLM,0.26600646191805266,0.5,105,aspdac2026_release,lexical_structural_posthoc,generated,0.1456320477281357,classic_revolution,deepseek-chat,4,105,aspdac2026/deepseek_clean_results/RTLLM/Prob027_LIFObuffer,0,0,0,2
RTLLM,0.26600646191805266,0.5,42,aspdac2026_release,lexical_structural_posthoc,functional,0.1456320477281357,classic_revolution,deepseek-chat,4,105,aspdac2026/deepseek_clean_results/RTLLM/Prob027_LIFObuffer,0,0,0,1
RTLLM,0.26600646191805266,0.5,42,aspdac2026_release,lexical_structural_posthoc,synthesis_valid,0.1456320477281357,classic_revolution,deepseek-chat,4,105,aspdac2026/deepseek_clean_results/RTLLM/Prob027_LIFObuffer,0,0,0,1
RTLLM,0.26600646191805266,0.5,42,aspdac2026_release,lexical_structural_posthoc,valid_ppa,0.1456320477281357,classic_revolution,deepseek-chat,4,105,aspdac2026/deepseek_clean_results/RTLLM/Prob027_LIFObuffer,0,0,0,1
RTLLM,0.23997874999223967,0.5,4,aspdac2026_release,lexical_structural_posthoc,pareto_front,0.21642658414994204,classic_revolution,deepseek-chat,4,105,aspdac2026/deepseek_clean_results/RTLLM/Prob027_LIFObuffer,0,0,0,1
RTLLM,0.28507382071769327,0.75,158,aspdac2026_release,lexical_structural_posthoc,generated,0.152766531872133,classic_revolution,deepseek-chat,9,158,aspdac2026/deepseek_clean_results/RTLLM/Prob027_LIFObuffer,0,0,0,3
RTLLM,0.28507382071769327,0.75,59,aspdac2026_release,lexical_structural_posthoc,functional,0.152766531872133,classic_revolution,deepseek-chat,9,158,aspdac2026/deepseek_clean_results/RTLLM/Prob027_LIFObuffer,0,0,0,2
RTLLM,0.28507382071769327,0.75,59,aspdac2026_release,lexical_structural_posthoc,synthesis_valid,0.152766531872133,classic_revolution,deepseek-chat,9,158,aspdac2026/deepseek_clean_results/RTLLM/Prob027_LIFObuffer,0,0,0,2
RTLLM,0.28507382071769327,0.75,59,aspdac2026_release,lexical_structural_posthoc,valid_ppa,0.152766531872133,classic_revolution,deepseek-chat,9,158,aspdac2026/deepseek_clean_results/RTLLM/Prob027_LIFObuffer,0,0,0,2
RTLLM,0.28507382071769327,0.75,9,aspdac2026_release,lexical_structural_posthoc,pareto_front,0.24067663793027838,classic_revolution,deepseek-chat,9,158,aspdac2026/deepseek_clean_results/RTLLM/Prob027_LIFObuffer,0,0,0,2
RTLLM,0.28507382071769327,1.0,210,aspdac2026_release,lexical_structural_posthoc,generated,0.1426424742208755,classic_revolution,deepseek-chat,11,210,aspdac2026/deepseek_clean_results/RTLLM/Prob027_LIFObuffer,0,0,0,3
RTLLM,0.28507382071769327,1.0,76,aspdac2026_release,lexical_structural_posthoc,functional,0.1426424742208755,classic_revolution,deepseek-chat,11,210,aspdac2026/deepseek_clean_results/RTLLM/Prob027_LIFObuffer,0,0,0,2
RTLLM,0.28507382071769327,1.0,76,aspdac2026_release,lexical_structural_posthoc,synthesis_valid,0.1426424742208755,classic_revolution,deepseek-chat,11,210,aspdac2026/deepseek_clean_results/RTLLM/Prob027_LIFObuffer,0,0,0,2
RTLLM,0.28507382071769327,1.0,76,aspdac2026_release,lexical_structural_posthoc,valid_ppa,0.1426424742208755,classic_revolution,deepseek-chat,11,210,aspdac2026/deepseek_clean_results/RTLLM/Prob027_LIFObuffer,0,0,0,2
RTLLM,0.28507382071769327,1.0,11,aspdac2026_release,lexical_structural_posthoc,pareto_front,0.239737998272812,classic_revolution,deepseek-chat,11,210,aspdac2026/deepseek_clean_results/RTLLM/Prob027_LIFObuffer,0,0,0,2
RTLLM,,0.25,53,aspdac2026_release,lexical_structural_posthoc,generated,,classic_revolution,deepseek-chat,0,53,aspdac2026/deepseek_clean_results/RTLLM/Prob028_LFSR,0,0,0,1
RTLLM,,0.25,0,aspdac2026_release,lexical_structural_posthoc,functional,,classic_revolution,deepseek-chat,0,53,aspdac2026/deepseek_clean_results/RTLLM/Prob028_LFSR,0,0,0,0
RTLLM,,0.25,0,aspdac2026_release,lexical_structural_posthoc,synthesis_valid,,classic_revolution,deepseek-chat,0,53,aspdac2026/deepseek_clean_results/RTLLM/Prob028_LFSR,0,0,0,0
RTLLM,,0.25,0,aspdac2026_release,lexical_structural_posthoc,valid_ppa,,classic_revolution,deepseek-chat,0,53,aspdac2026/deepseek_clean_results/RTLLM/Prob028_LFSR,0,0,0,0
RTLLM,,0.25,0,aspdac2026_release,lexical_structural_posthoc,pareto_front,,classic_revolution,deepseek-chat,0,53,aspdac2026/deepseek_clean_results/RTLLM/Prob028_LFSR,0,0,0,0
RTLLM,,0.5,105,aspdac2026_release,lexical_structural_posthoc,generated,,classic_revolution,deepseek-chat,0,105,aspdac2026/deepseek_clean_results/RTLLM/Prob028_LFSR,0,0,0,1
RTLLM,,0.5,0,aspdac2026_release,lexical_structural_posthoc,functional,,classic_revolution,deepseek-chat,0,105,aspdac2026/deepseek_clean_results/RTLLM/Prob028_LFSR,0,0,0,0
RTLLM,,0.5,0,aspdac2026_release,lexical_structural_posthoc,synthesis_valid,,classic_revolution,deepseek-chat,0,105,aspdac2026/deepseek_clean_results/RTLLM/Prob028_LFSR,0,0,0,0
RTLLM,,0.5,0,aspdac2026_release,lexical_structural_posthoc,valid_ppa,,classic_revolution,deepseek-chat,0,105,aspdac2026/deepseek_clean_results/RTLLM/Prob028_LFSR,0,0,0,0
RTLLM,,0.5,0,aspdac2026_release,lexical_structural_posthoc,pareto_front,,classic_revolution,deepseek-chat,0,105,aspdac2026/deepseek_clean_results/RTLLM/Prob028_LFSR,0,0,0,0
RTLLM,,0.75,158,aspdac2026_release,lexical_structural_posthoc,generated,,classic_revolution,deepseek-chat,0,158,aspdac2026/deepseek_clean_results/RTLLM/Prob028_LFSR,0,0,0,1
RTLLM,,0.75,0,aspdac2026_release,lexical_structural_posthoc,functional,,classic_revolution,deepseek-chat,0,158,aspdac2026/deepseek_clean_results/RTLLM/Prob028_LFSR,0,0,0,0
RTLLM,,0.75,0,aspdac2026_release,lexical_structural_posthoc,synthesis_valid,,classic_revolution,deepseek-chat,0,158,aspdac2026/deepseek_clean_results/RTLLM/Prob028_LFSR,0,0,0,0
RTLLM,,0.75,0,aspdac2026_release,lexical_structural_posthoc,valid_ppa,,classic_revolution,deepseek-chat,0,158,aspdac2026/deepseek_clean_results/RTLLM/Prob028_LFSR,0,0,0,0
RTLLM,,0.75,0,aspdac2026_release,lexical_structural_posthoc,pareto_front,,classic_revolution,deepseek-chat,0,158,aspdac2026/deepseek_clean_results/RTLLM/Prob028_LFSR,0,0,0,0
RTLLM,,1.0,210,aspdac2026_release,lexical_structural_posthoc,generated,,classic_revolution,deepseek-chat,0,210,aspdac2026/deepseek_clean_results/RTLLM/Prob028_LFSR,0,0,0,1
RTLLM,,1.0,0,aspdac2026_release,lexical_structural_posthoc,functional,,classic_revolution,deepseek-chat,0,210,aspdac2026/deepseek_clean_results/RTLLM/Prob028_LFSR,0,0,0,0
RTLLM,,1.0,0,aspdac2026_release,lexical_structural_posthoc,synthesis_valid,,classic_revolution,deepseek-chat,0,210,aspdac2026/deepseek_clean_results/RTLLM/Prob028_LFSR,0,0,0,0
RTLLM,,1.0,0,aspdac2026_release,lexical_structural_posthoc,valid_ppa,,classic_revolution,deepseek-chat,0,210,aspdac2026/deepseek_clean_results/RTLLM/Prob028_LFSR,0,0,0,0
RTLLM,,1.0,0,aspdac2026_release,lexical_structural_posthoc,pareto_front,,classic_revolution,deepseek-chat,0,210,aspdac2026/deepseek_clean_results/RTLLM/Prob028_LFSR,0,0,0,0
RTLLM,,0.25,53,aspdac2026_release,lexical_structural_posthoc,generated,,classic_revolution,deepseek-chat,0,53,aspdac2026/deepseek_clean_results/RTLLM/Prob029_barrel_shifter,0,0,0,1
RTLLM,,0.25,0,aspdac2026_release,lexical_structural_posthoc,functional,,classic_revolution,deepseek-chat,0,53,aspdac2026/deepseek_clean_results/RTLLM/Prob029_barrel_shifter,0,0,0,0
RTLLM,,0.25,0,aspdac2026_release,lexical_structural_posthoc,synthesis_valid,,classic_revolution,deepseek-chat,0,53,aspdac2026/deepseek_clean_results/RTLLM/Prob029_barrel_shifter,0,0,0,0
RTLLM,,0.25,0,aspdac2026_release,lexical_structural_posthoc,valid_ppa,,classic_revolution,deepseek-chat,0,53,aspdac2026/deepseek_clean_results/RTLLM/Prob029_barrel_shifter,0,0,0,0
RTLLM,,0.25,0,aspdac2026_release,lexical_structural_posthoc,pareto_front,,classic_revolution,deepseek-chat,0,53,aspdac2026/deepseek_clean_results/RTLLM/Prob029_barrel_shifter,0,0,0,0
RTLLM,,0.5,105,aspdac2026_release,lexical_structural_posthoc,generated,,classic_revolution,deepseek-chat,0,105,aspdac2026/deepseek_clean_results/RTLLM/Prob029_barrel_shifter,0,0,0,1
RTLLM,,0.5,0,aspdac2026_release,lexical_structural_posthoc,functional,,classic_revolution,deepseek-chat,0,105,aspdac2026/deepseek_clean_results/RTLLM/Prob029_barrel_shifter,0,0,0,0
RTLLM,,0.5,0,aspdac2026_release,lexical_structural_posthoc,synthesis_valid,,classic_revolution,deepseek-chat,0,105,aspdac2026/deepseek_clean_results/RTLLM/Prob029_barrel_shifter,0,0,0,0
RTLLM,,0.5,0,aspdac2026_release,lexical_structural_posthoc,valid_ppa,,classic_revolution,deepseek-chat,0,105,aspdac2026/deepseek_clean_results/RTLLM/Prob029_barrel_shifter,0,0,0,0
RTLLM,,0.5,0,aspdac2026_release,lexical_structural_posthoc,pareto_front,,classic_revolution,deepseek-chat,0,105,aspdac2026/deepseek_clean_results/RTLLM/Prob029_barrel_shifter,0,0,0,0
RTLLM,,0.75,158,aspdac2026_release,lexical_structural_posthoc,generated,,classic_revolution,deepseek-chat,0,158,aspdac2026/deepseek_clean_results/RTLLM/Prob029_barrel_shifter,0,0,0,1
RTLLM,,0.75,0,aspdac2026_release,lexical_structural_posthoc,functional,,classic_revolution,deepseek-chat,0,158,aspdac2026/deepseek_clean_results/RTLLM/Prob029_barrel_shifter,0,0,0,0
RTLLM,,0.75,0,aspdac2026_release,lexical_structural_posthoc,synthesis_valid,,classic_revolution,deepseek-chat,0,158,aspdac2026/deepseek_clean_results/RTLLM/Prob029_barrel_shifter,0,0,0,0
RTLLM,,0.75,0,aspdac2026_release,lexical_structural_posthoc,valid_ppa,,classic_revolution,deepseek-chat,0,158,aspdac2026/deepseek_clean_results/RTLLM/Prob029_barrel_shifter,0,0,0,0
RTLLM,,0.75,0,aspdac2026_release,lexical_structural_posthoc,pareto_front,,classic_revolution,deepseek-chat,0,158,aspdac2026/deepseek_clean_results/RTLLM/Prob029_barrel_shifter,0,0,0,0
RTLLM,0.11960408684546614,1.0,210,aspdac2026_release,lexical_structural_posthoc,generated,0.10265006385696042,classic_revolution,deepseek-chat,1,210,aspdac2026/deepseek_clean_results/RTLLM/Prob029_barrel_shifter,0,0,0,3
RTLLM,0.11960408684546614,1.0,2,aspdac2026_release,lexical_structural_posthoc,functional,0.10265006385696042,classic_revolution,deepseek-chat,1,210,aspdac2026/deepseek_clean_results/RTLLM/Prob029_barrel_shifter,0,0,0,2
RTLLM,0.11960408684546614,1.0,2,aspdac2026_release,lexical_structural_posthoc,synthesis_valid,0.10265006385696042,classic_revolution,deepseek-chat,1,210,aspdac2026/deepseek_clean_results/RTLLM/Prob029_barrel_shifter,0,0,0,2
RTLLM,0.11960408684546614,1.0,2,aspdac2026_release,lexical_structural_posthoc,valid_ppa,0.10265006385696042,classic_revolution,deepseek-chat,1,210,aspdac2026/deepseek_clean_results/RTLLM/Prob029_barrel_shifter,0,0,0,2
RTLLM,0.11960408684546614,1.0,1,aspdac2026_release,lexical_structural_posthoc,pareto_front,0.11960408684546614,classic_revolution,deepseek-chat,1,210,aspdac2026/deepseek_clean_results/RTLLM/Prob029_barrel_shifter,0,0,0,1
RTLLM,0.023938572719060514,0.25,53,aspdac2026_release,lexical_structural_posthoc,generated,-0.006506506506506507,classic_revolution,deepseek-chat,34,53,aspdac2026/deepseek_clean_results/RTLLM/Prob030_right_shifter,0,0,0,2
RTLLM,0.023938572719060514,0.25,37,aspdac2026_release,lexical_structural_posthoc,functional,-0.006506506506506507,classic_revolution,deepseek-chat,34,53,aspdac2026/deepseek_clean_results/RTLLM/Prob030_right_shifter,0,0,0,1
RTLLM,0.023938572719060514,0.25,37,aspdac2026_release,lexical_structural_posthoc,synthesis_valid,-0.006506506506506507,classic_revolution,deepseek-chat,34,53,aspdac2026/deepseek_clean_results/RTLLM/Prob030_right_shifter,0,0,0,1
RTLLM,0.023938572719060514,0.25,37,aspdac2026_release,lexical_structural_posthoc,valid_ppa,-0.006506506506506507,classic_revolution,deepseek-chat,34,53,aspdac2026/deepseek_clean_results/RTLLM/Prob030_right_shifter,0,0,0,1
RTLLM,0.023938572719060514,0.25,34,aspdac2026_release,lexical_structural_posthoc,pareto_front,0.0014081513364153243,classic_revolution,deepseek-chat,34,53,aspdac2026/deepseek_clean_results/RTLLM/Prob030_right_shifter,0,0,0,1
RTLLM,0.023938572719060514,0.5,105,aspdac2026_release,lexical_structural_posthoc,generated,-0.006214121280997758,classic_revolution,deepseek-chat,57,105,aspdac2026/deepseek_clean_results/RTLLM/Prob030_right_shifter,0,0,0,2
RTLLM,0.023938572719060514,0.5,62,aspdac2026_release,lexical_structural_posthoc,functional,-0.006214121280997758,classic_revolution,deepseek-chat,57,105,aspdac2026/deepseek_clean_results/RTLLM/Prob030_right_shifter,0,0,0,1
RTLLM,0.023938572719060514,0.5,62,aspdac2026_release,lexical_structural_posthoc,synthesis_valid,-0.006214121280997758,classic_revolution,deepseek-chat,57,105,aspdac2026/deepseek_clean_results/RTLLM/Prob030_right_shifter,0,0,0,1
RTLLM,0.023938572719060514,0.5,62,aspdac2026_release,lexical_structural_posthoc,valid_ppa,-0.006214121280997758,classic_revolution,deepseek-chat,57,105,aspdac2026/deepseek_clean_results/RTLLM/Prob030_right_shifter,0,0,0,1
RTLLM,0.023938572719060514,0.5,57,aspdac2026_release,lexical_structural_posthoc,pareto_front,0.0016798998399340712,classic_revolution,deepseek-chat,57,105,aspdac2026/deepseek_clean_results/RTLLM/Prob030_right_shifter,0,0,0,1
RTLLM,0.023938572719060514,0.75,158,aspdac2026_release,lexical_structural_posthoc,generated,-0.006234003312255345,classic_revolution,deepseek-chat,89,158,aspdac2026/deepseek_clean_results/RTLLM/Prob030_right_shifter,0,0,0,2
RTLLM,0.023938572719060514,0.75,96,aspdac2026_release,lexical_structural_posthoc,functional,-0.006234003312255345,classic_revolution,deepseek-chat,89,158,aspdac2026/deepseek_clean_results/RTLLM/Prob030_right_shifter,0,0,0,1
RTLLM,0.023938572719060514,0.75,96,aspdac2026_release,lexical_structural_posthoc,synthesis_valid,-0.006234003312255345,classic_revolution,deepseek-chat,89,158,aspdac2026/deepseek_clean_results/RTLLM/Prob030_right_shifter,0,0,0,1
RTLLM,0.023938572719060514,0.75,96,aspdac2026_release,lexical_structural_posthoc,valid_ppa,-0.006234003312255345,classic_revolution,deepseek-chat,89,158,aspdac2026/deepseek_clean_results/RTLLM/Prob030_right_shifter,0,0,0,1
RTLLM,0.023938572719060514,0.75,89,aspdac2026_release,lexical_structural_posthoc,pareto_front,0.0003400221268130272,classic_revolution,deepseek-chat,89,158,aspdac2026/deepseek_clean_results/RTLLM/Prob030_right_shifter,0,0,0,1
RTLLM,0.023938572719060514,1.0,210,aspdac2026_release,lexical_structural_posthoc,generated,-0.005472032233549849,classic_revolution,deepseek-chat,116,210,aspdac2026/deepseek_clean_results/RTLLM/Prob030_right_shifter,0,0,0,2
RTLLM,0.023938572719060514,1.0,126,aspdac2026_release,lexical_structural_posthoc,functional,-0.005472032233549849,classic_revolution,deepseek-chat,116,210,aspdac2026/deepseek_clean_results/RTLLM/Prob030_right_shifter,0,0,0,1
RTLLM,0.023938572719060514,1.0,126,aspdac2026_release,lexical_structural_posthoc,synthesis_valid,-0.005472032233549849,classic_revolution,deepseek-chat,116,210,aspdac2026/deepseek_clean_results/RTLLM/Prob030_right_shifter,0,0,0,1
RTLLM,0.023938572719060514,1.0,126,aspdac2026_release,lexical_structural_posthoc,valid_ppa,-0.005472032233549849,classic_revolution,deepseek-chat,116,210,aspdac2026/deepseek_clean_results/RTLLM/Prob030_right_shifter,0,0,0,1
RTLLM,0.023938572719060514,1.0,116,aspdac2026_release,lexical_structural_posthoc,pareto_front,0.0004672460517708615,classic_revolution,deepseek-chat,116,210,aspdac2026/deepseek_clean_results/RTLLM/Prob030_right_shifter,0,0,0,1
RTLLM,0.2068315946348733,0.25,53,aspdac2026_release,lexical_structural_posthoc,generated,0.07400645802285145,classic_revolution,deepseek-chat,1,53,aspdac2026/deepseek_clean_results/RTLLM/Prob031_freq_div,0,0,0,2
RTLLM,0.2068315946348733,0.25,24,aspdac2026_release,lexical_structural_posthoc,functional,0.07400645802285145,classic_revolution,deepseek-chat,1,53,aspdac2026/deepseek_clean_results/RTLLM/Prob031_freq_div,0,0,0,1
RTLLM,0.2068315946348733,0.25,24,aspdac2026_release,lexical_structural_posthoc,synthesis_valid,0.07400645802285145,classic_revolution,deepseek-chat,1,53,aspdac2026/deepseek_clean_results/RTLLM/Prob031_freq_div,0,0,0,1
RTLLM,0.2068315946348733,0.25,24,aspdac2026_release,lexical_structural_posthoc,valid_ppa,0.07400645802285145,classic_revolution,deepseek-chat,1,53,aspdac2026/deepseek_clean_results/RTLLM/Prob031_freq_div,0,0,0,1
RTLLM,0.2068315946348733,0.25,1,aspdac2026_release,lexical_structural_posthoc,pareto_front,0.2068315946348733,classic_revolution,deepseek-chat,1,53,aspdac2026/deepseek_clean_results/RTLLM/Prob031_freq_div,0,0,0,1
RTLLM,0.2068315946348733,0.5,105,aspdac2026_release,lexical_structural_posthoc,generated,0.09320502448371301,classic_revolution,deepseek-chat,3,105,aspdac2026/deepseek_clean_results/RTLLM/Prob031_freq_div,0,0,0,2
RTLLM,0.2068315946348733,0.5,35,aspdac2026_release,lexical_structural_posthoc,functional,0.09320502448371301,classic_revolution,deepseek-chat,3,105,aspdac2026/deepseek_clean_results/RTLLM/Prob031_freq_div,0,0,0,1
RTLLM,0.2068315946348733,0.5,35,aspdac2026_release,lexical_structural_posthoc,synthesis_valid,0.09320502448371301,classic_revolution,deepseek-chat,3,105,aspdac2026/deepseek_clean_results/RTLLM/Prob031_freq_div,0,0,0,1
RTLLM,0.2068315946348733,0.5,35,aspdac2026_release,lexical_structural_posthoc,valid_ppa,0.09320502448371301,classic_revolution,deepseek-chat,3,105,aspdac2026/deepseek_clean_results/RTLLM/Prob031_freq_div,0,0,0,1
RTLLM,0.2068315946348733,0.5,3,aspdac2026_release,lexical_structural_posthoc,pareto_front,0.2068315946348733,classic_revolution,deepseek-chat,3,105,aspdac2026/deepseek_clean_results/RTLLM/Prob031_freq_div,0,0,0,1
RTLLM,0.23099254843517142,0.75,158,aspdac2026_release,lexical_structural_posthoc,generated,0.0254138625251654,classic_revolution,deepseek-chat,10,158,aspdac2026/deepseek_clean_results/RTLLM/Prob031_freq_div,0,0,0,2
RTLLM,0.23099254843517142,0.75,57,aspdac2026_release,lexical_structural_posthoc,functional,0.0254138625251654,classic_revolution,deepseek-chat,10,158,aspdac2026/deepseek_clean_results/RTLLM/Prob031_freq_div,0,0,0,1
RTLLM,0.23099254843517142,0.75,57,aspdac2026_release,lexical_structural_posthoc,synthesis_valid,0.0254138625251654,classic_revolution,deepseek-chat,10,158,aspdac2026/deepseek_clean_results/RTLLM/Prob031_freq_div,0,0,0,1
RTLLM,0.23099254843517142,0.75,57,aspdac2026_release,lexical_structural_posthoc,valid_ppa,0.0254138625251654,classic_revolution,deepseek-chat,10,158,aspdac2026/deepseek_clean_results/RTLLM/Prob031_freq_div,0,0,0,1
RTLLM,0.23099254843517142,0.75,10,aspdac2026_release,lexical_structural_posthoc,pareto_front,0.21166378539493294,classic_revolution,deepseek-chat,10,158,aspdac2026/deepseek_clean_results/RTLLM/Prob031_freq_div,0,0,0,1
RTLLM,0.23099254843517142,1.0,210,aspdac2026_release,lexical_structural_posthoc,generated,0.02756953873893767,classic_revolution,deepseek-chat,17,210,aspdac2026/deepseek_clean_results/RTLLM/Prob031_freq_div,0,0,0,2
RTLLM,0.23099254843517142,1.0,81,aspdac2026_release,lexical_structural_posthoc,functional,0.02756953873893767,classic_revolution,deepseek-chat,17,210,aspdac2026/deepseek_clean_results/RTLLM/Prob031_freq_div,0,0,0,1
RTLLM,0.23099254843517142,1.0,81,aspdac2026_release,lexical_structural_posthoc,synthesis_valid,0.02756953873893767,classic_revolution,deepseek-chat,17,210,aspdac2026/deepseek_clean_results/RTLLM/Prob031_freq_div,0,0,0,1
RTLLM,0.23099254843517142,1.0,81,aspdac2026_release,lexical_structural_posthoc,valid_ppa,0.02756953873893767,classic_revolution,deepseek-chat,17,210,aspdac2026/deepseek_clean_results/RTLLM/Prob031_freq_div,0,0,0,1
RTLLM,0.23099254843517142,1.0,17,aspdac2026_release,lexical_structural_posthoc,pareto_front,0.21109529236433763,classic_revolution,deepseek-chat,17,210,aspdac2026/deepseek_clean_results/RTLLM/Prob031_freq_div,0,0,0,1
RTLLM,,0.25,53,aspdac2026_release,lexical_structural_posthoc,generated,,classic_revolution,deepseek-chat,0,53,aspdac2026/deepseek_clean_results/RTLLM/Prob032_freq_divbyeven,0,0,0,1
RTLLM,,0.25,0,aspdac2026_release,lexical_structural_posthoc,functional,,classic_revolution,deepseek-chat,0,53,aspdac2026/deepseek_clean_results/RTLLM/Prob032_freq_divbyeven,0,0,0,0
RTLLM,,0.25,0,aspdac2026_release,lexical_structural_posthoc,synthesis_valid,,classic_revolution,deepseek-chat,0,53,aspdac2026/deepseek_clean_results/RTLLM/Prob032_freq_divbyeven,0,0,0,0
RTLLM,,0.25,0,aspdac2026_release,lexical_structural_posthoc,valid_ppa,,classic_revolution,deepseek-chat,0,53,aspdac2026/deepseek_clean_results/RTLLM/Prob032_freq_divbyeven,0,0,0,0
RTLLM,,0.25,0,aspdac2026_release,lexical_structural_posthoc,pareto_front,,classic_revolution,deepseek-chat,0,53,aspdac2026/deepseek_clean_results/RTLLM/Prob032_freq_divbyeven,0,0,0,0
RTLLM,,0.5,105,aspdac2026_release,lexical_structural_posthoc,generated,,classic_revolution,deepseek-chat,0,105,aspdac2026/deepseek_clean_results/RTLLM/Prob032_freq_divbyeven,0,0,0,1
RTLLM,,0.5,0,aspdac2026_release,lexical_structural_posthoc,functional,,classic_revolution,deepseek-chat,0,105,aspdac2026/deepseek_clean_results/RTLLM/Prob032_freq_divbyeven,0,0,0,0
RTLLM,,0.5,0,aspdac2026_release,lexical_structural_posthoc,synthesis_valid,,classic_revolution,deepseek-chat,0,105,aspdac2026/deepseek_clean_results/RTLLM/Prob032_freq_divbyeven,0,0,0,0
RTLLM,,0.5,0,aspdac2026_release,lexical_structural_posthoc,valid_ppa,,classic_revolution,deepseek-chat,0,105,aspdac2026/deepseek_clean_results/RTLLM/Prob032_freq_divbyeven,0,0,0,0
RTLLM,,0.5,0,aspdac2026_release,lexical_structural_posthoc,pareto_front,,classic_revolution,deepseek-chat,0,105,aspdac2026/deepseek_clean_results/RTLLM/Prob032_freq_divbyeven,0,0,0,0
RTLLM,,0.75,158,aspdac2026_release,lexical_structural_posthoc,generated,,classic_revolution,deepseek-chat,0,158,aspdac2026/deepseek_clean_results/RTLLM/Prob032_freq_divbyeven,0,0,0,1
RTLLM,,0.75,0,aspdac2026_release,lexical_structural_posthoc,functional,,classic_revolution,deepseek-chat,0,158,aspdac2026/deepseek_clean_results/RTLLM/Prob032_freq_divbyeven,0,0,0,0
RTLLM,,0.75,0,aspdac2026_release,lexical_structural_posthoc,synthesis_valid,,classic_revolution,deepseek-chat,0,158,aspdac2026/deepseek_clean_results/RTLLM/Prob032_freq_divbyeven,0,0,0,0
RTLLM,,0.75,0,aspdac2026_release,lexical_structural_posthoc,valid_ppa,,classic_revolution,deepseek-chat,0,158,aspdac2026/deepseek_clean_results/RTLLM/Prob032_freq_divbyeven,0,0,0,0
RTLLM,,0.75,0,aspdac2026_release,lexical_structural_posthoc,pareto_front,,classic_revolution,deepseek-chat,0,158,aspdac2026/deepseek_clean_results/RTLLM/Prob032_freq_divbyeven,0,0,0,0
RTLLM,,1.0,210,aspdac2026_release,lexical_structural_posthoc,generated,,classic_revolution,deepseek-chat,0,210,aspdac2026/deepseek_clean_results/RTLLM/Prob032_freq_divbyeven,0,0,0,1
RTLLM,,1.0,0,aspdac2026_release,lexical_structural_posthoc,functional,,classic_revolution,deepseek-chat,0,210,aspdac2026/deepseek_clean_results/RTLLM/Prob032_freq_divbyeven,0,0,0,0
RTLLM,,1.0,0,aspdac2026_release,lexical_structural_posthoc,synthesis_valid,,classic_revolution,deepseek-chat,0,210,aspdac2026/deepseek_clean_results/RTLLM/Prob032_freq_divbyeven,0,0,0,0
RTLLM,,1.0,0,aspdac2026_release,lexical_structural_posthoc,valid_ppa,,classic_revolution,deepseek-chat,0,210,aspdac2026/deepseek_clean_results/RTLLM/Prob032_freq_divbyeven,0,0,0,0
RTLLM,,1.0,0,aspdac2026_release,lexical_structural_posthoc,pareto_front,,classic_revolution,deepseek-chat,0,210,aspdac2026/deepseek_clean_results/RTLLM/Prob032_freq_divbyeven,0,0,0,0
RTLLM,,0.25,53,aspdac2026_release,lexical_structural_posthoc,generated,,classic_revolution,deepseek-chat,0,53,aspdac2026/deepseek_clean_results/RTLLM/Prob033_freq_divbyfrac,0,0,0,1
RTLLM,,0.25,0,aspdac2026_release,lexical_structural_posthoc,functional,,classic_revolution,deepseek-chat,0,53,aspdac2026/deepseek_clean_results/RTLLM/Prob033_freq_divbyfrac,0,0,0,0
RTLLM,,0.25,0,aspdac2026_release,lexical_structural_posthoc,synthesis_valid,,classic_revolution,deepseek-chat,0,53,aspdac2026/deepseek_clean_results/RTLLM/Prob033_freq_divbyfrac,0,0,0,0
RTLLM,,0.25,0,aspdac2026_release,lexical_structural_posthoc,valid_ppa,,classic_revolution,deepseek-chat,0,53,aspdac2026/deepseek_clean_results/RTLLM/Prob033_freq_divbyfrac,0,0,0,0
RTLLM,,0.25,0,aspdac2026_release,lexical_structural_posthoc,pareto_front,,classic_revolution,deepseek-chat,0,53,aspdac2026/deepseek_clean_results/RTLLM/Prob033_freq_divbyfrac,0,0,0,0
RTLLM,,0.5,105,aspdac2026_release,lexical_structural_posthoc,generated,,classic_revolution,deepseek-chat,0,105,aspdac2026/deepseek_clean_results/RTLLM/Prob033_freq_divbyfrac,0,0,0,1
RTLLM,,0.5,0,aspdac2026_release,lexical_structural_posthoc,functional,,classic_revolution,deepseek-chat,0,105,aspdac2026/deepseek_clean_results/RTLLM/Prob033_freq_divbyfrac,0,0,0,0
RTLLM,,0.5,0,aspdac2026_release,lexical_structural_posthoc,synthesis_valid,,classic_revolution,deepseek-chat,0,105,aspdac2026/deepseek_clean_results/RTLLM/Prob033_freq_divbyfrac,0,0,0,0
RTLLM,,0.5,0,aspdac2026_release,lexical_structural_posthoc,valid_ppa,,classic_revolution,deepseek-chat,0,105,aspdac2026/deepseek_clean_results/RTLLM/Prob033_freq_divbyfrac,0,0,0,0
RTLLM,,0.5,0,aspdac2026_release,lexical_structural_posthoc,pareto_front,,classic_revolution,deepseek-chat,0,105,aspdac2026/deepseek_clean_results/RTLLM/Prob033_freq_divbyfrac,0,0,0,0
RTLLM,,0.75,158,aspdac2026_release,lexical_structural_posthoc,generated,,classic_revolution,deepseek-chat,0,158,aspdac2026/deepseek_clean_results/RTLLM/Prob033_freq_divbyfrac,0,0,0,1
RTLLM,,0.75,0,aspdac2026_release,lexical_structural_posthoc,functional,,classic_revolution,deepseek-chat,0,158,aspdac2026/deepseek_clean_results/RTLLM/Prob033_freq_divbyfrac,0,0,0,0
RTLLM,,0.75,0,aspdac2026_release,lexical_structural_posthoc,synthesis_valid,,classic_revolution,deepseek-chat,0,158,aspdac2026/deepseek_clean_results/RTLLM/Prob033_freq_divbyfrac,0,0,0,0
RTLLM,,0.75,0,aspdac2026_release,lexical_structural_posthoc,valid_ppa,,classic_revolution,deepseek-chat,0,158,aspdac2026/deepseek_clean_results/RTLLM/Prob033_freq_divbyfrac,0,0,0,0
RTLLM,,0.75,0,aspdac2026_release,lexical_structural_posthoc,pareto_front,,classic_revolution,deepseek-chat,0,158,aspdac2026/deepseek_clean_results/RTLLM/Prob033_freq_divbyfrac,0,0,0,0
RTLLM,,1.0,210,aspdac2026_release,lexical_structural_posthoc,generated,,classic_revolution,deepseek-chat,0,210,aspdac2026/deepseek_clean_results/RTLLM/Prob033_freq_divbyfrac,0,0,0,1
RTLLM,,1.0,0,aspdac2026_release,lexical_structural_posthoc,functional,,classic_revolution,deepseek-chat,0,210,aspdac2026/deepseek_clean_results/RTLLM/Prob033_freq_divbyfrac,0,0,0,0
RTLLM,,1.0,0,aspdac2026_release,lexical_structural_posthoc,synthesis_valid,,classic_revolution,deepseek-chat,0,210,aspdac2026/deepseek_clean_results/RTLLM/Prob033_freq_divbyfrac,0,0,0,0
RTLLM,,1.0,0,aspdac2026_release,lexical_structural_posthoc,valid_ppa,,classic_revolution,deepseek-chat,0,210,aspdac2026/deepseek_clean_results/RTLLM/Prob033_freq_divbyfrac,0,0,0,0
RTLLM,,1.0,0,aspdac2026_release,lexical_structural_posthoc,pareto_front,,classic_revolution,deepseek-chat,0,210,aspdac2026/deepseek_clean_results/RTLLM/Prob033_freq_divbyfrac,0,0,0,0
RTLLM,,0.25,53,aspdac2026_release,lexical_structural_posthoc,generated,,classic_revolution,deepseek-chat,0,53,aspdac2026/deepseek_clean_results/RTLLM/Prob034_freq_divbyodd,0,0,0,1
RTLLM,,0.25,0,aspdac2026_release,lexical_structural_posthoc,functional,,classic_revolution,deepseek-chat,0,53,aspdac2026/deepseek_clean_results/RTLLM/Prob034_freq_divbyodd,0,0,0,0
RTLLM,,0.25,0,aspdac2026_release,lexical_structural_posthoc,synthesis_valid,,classic_revolution,deepseek-chat,0,53,aspdac2026/deepseek_clean_results/RTLLM/Prob034_freq_divbyodd,0,0,0,0
RTLLM,,0.25,0,aspdac2026_release,lexical_structural_posthoc,valid_ppa,,classic_revolution,deepseek-chat,0,53,aspdac2026/deepseek_clean_results/RTLLM/Prob034_freq_divbyodd,0,0,0,0
RTLLM,,0.25,0,aspdac2026_release,lexical_structural_posthoc,pareto_front,,classic_revolution,deepseek-chat,0,53,aspdac2026/deepseek_clean_results/RTLLM/Prob034_freq_divbyodd,0,0,0,0
RTLLM,,0.5,105,aspdac2026_release,lexical_structural_posthoc,generated,,classic_revolution,deepseek-chat,0,105,aspdac2026/deepseek_clean_results/RTLLM/Prob034_freq_divbyodd,0,0,0,1
RTLLM,,0.5,0,aspdac2026_release,lexical_structural_posthoc,functional,,classic_revolution,deepseek-chat,0,105,aspdac2026/deepseek_clean_results/RTLLM/Prob034_freq_divbyodd,0,0,0,0
RTLLM,,0.5,0,aspdac2026_release,lexical_structural_posthoc,synthesis_valid,,classic_revolution,deepseek-chat,0,105,aspdac2026/deepseek_clean_results/RTLLM/Prob034_freq_divbyodd,0,0,0,0
RTLLM,,0.5,0,aspdac2026_release,lexical_structural_posthoc,valid_ppa,,classic_revolution,deepseek-chat,0,105,aspdac2026/deepseek_clean_results/RTLLM/Prob034_freq_divbyodd,0,0,0,0
RTLLM,,0.5,0,aspdac2026_release,lexical_structural_posthoc,pareto_front,,classic_revolution,deepseek-chat,0,105,aspdac2026/deepseek_clean_results/RTLLM/Prob034_freq_divbyodd,0,0,0,0
RTLLM,,0.75,158,aspdac2026_release,lexical_structural_posthoc,generated,,classic_revolution,deepseek-chat,0,158,aspdac2026/deepseek_clean_results/RTLLM/Prob034_freq_divbyodd,0,0,0,1
RTLLM,,0.75,0,aspdac2026_release,lexical_structural_posthoc,functional,,classic_revolution,deepseek-chat,0,158,aspdac2026/deepseek_clean_results/RTLLM/Prob034_freq_divbyodd,0,0,0,0
RTLLM,,0.75,0,aspdac2026_release,lexical_structural_posthoc,synthesis_valid,,classic_revolution,deepseek-chat,0,158,aspdac2026/deepseek_clean_results/RTLLM/Prob034_freq_divbyodd,0,0,0,0
RTLLM,,0.75,0,aspdac2026_release,lexical_structural_posthoc,valid_ppa,,classic_revolution,deepseek-chat,0,158,aspdac2026/deepseek_clean_results/RTLLM/Prob034_freq_divbyodd,0,0,0,0
RTLLM,,0.75,0,aspdac2026_release,lexical_structural_posthoc,pareto_front,,classic_revolution,deepseek-chat,0,158,aspdac2026/deepseek_clean_results/RTLLM/Prob034_freq_divbyodd,0,0,0,0
RTLLM,-0.20849144805587638,1.0,210,aspdac2026_release,lexical_structural_posthoc,generated,-3.54120148856991,classic_revolution,deepseek-chat,1,210,aspdac2026/deepseek_clean_results/RTLLM/Prob034_freq_divbyodd,0,0,0,2
RTLLM,-0.20849144805587638,1.0,2,aspdac2026_release,lexical_structural_posthoc,functional,-3.54120148856991,classic_revolution,deepseek-chat,1,210,aspdac2026/deepseek_clean_results/RTLLM/Prob034_freq_divbyodd,0,0,0,1
RTLLM,-0.20849144805587638,1.0,2,aspdac2026_release,lexical_structural_posthoc,synthesis_valid,-3.54120148856991,classic_revolution,deepseek-chat,1,210,aspdac2026/deepseek_clean_results/RTLLM/Prob034_freq_divbyodd,0,0,0,1
RTLLM,-0.20849144805587638,1.0,2,aspdac2026_release,lexical_structural_posthoc,valid_ppa,-3.54120148856991,classic_revolution,deepseek-chat,1,210,aspdac2026/deepseek_clean_results/RTLLM/Prob034_freq_divbyodd,0,0,0,1
RTLLM,-0.20849144805587638,1.0,1,aspdac2026_release,lexical_structural_posthoc,pareto_front,-0.20849144805587638,classic_revolution,deepseek-chat,1,210,aspdac2026/deepseek_clean_results/RTLLM/Prob034_freq_divbyodd,0,0,0,1
RTLLM,0.046296617118833934,0.25,53,aspdac2026_release,lexical_structural_posthoc,generated,-0.10901044338394601,classic_revolution,deepseek-chat,6,53,aspdac2026/deepseek_clean_results/RTLLM/Prob035_calendar,0,0,0,2
RTLLM,0.046296617118833934,0.25,41,aspdac2026_release,lexical_structural_posthoc,functional,-0.10901044338394601,classic_revolution,deepseek-chat,6,53,aspdac2026/deepseek_clean_results/RTLLM/Prob035_calendar,0,0,0,1
RTLLM,0.046296617118833934,0.25,41,aspdac2026_release,lexical_structural_posthoc,synthesis_valid,-0.10901044338394601,classic_revolution,deepseek-chat,6,53,aspdac2026/deepseek_clean_results/RTLLM/Prob035_calendar,0,0,0,1
RTLLM,0.046296617118833934,0.25,41,aspdac2026_release,lexical_structural_posthoc,valid_ppa,-0.10901044338394601,classic_revolution,deepseek-chat,6,53,aspdac2026/deepseek_clean_results/RTLLM/Prob035_calendar,0,0,0,1
RTLLM,0.046296617118833934,0.25,6,aspdac2026_release,lexical_structural_posthoc,pareto_front,0.028379801269687244,classic_revolution,deepseek-chat,6,53,aspdac2026/deepseek_clean_results/RTLLM/Prob035_calendar,0,0,0,1
RTLLM,0.046296617118833934,0.5,105,aspdac2026_release,lexical_structural_posthoc,generated,-0.26930706021325723,classic_revolution,deepseek-chat,17,105,aspdac2026/deepseek_clean_results/RTLLM/Prob035_calendar,0,0,0,2
RTLLM,0.046296617118833934,0.5,72,aspdac2026_release,lexical_structural_posthoc,functional,-0.26930706021325723,classic_revolution,deepseek-chat,17,105,aspdac2026/deepseek_clean_results/RTLLM/Prob035_calendar,0,0,0,1
RTLLM,0.046296617118833934,0.5,72,aspdac2026_release,lexical_structural_posthoc,synthesis_valid,-0.26930706021325723,classic_revolution,deepseek-chat,17,105,aspdac2026/deepseek_clean_results/RTLLM/Prob035_calendar,0,0,0,1
RTLLM,0.046296617118833934,0.5,72,aspdac2026_release,lexical_structural_posthoc,valid_ppa,-0.26930706021325723,classic_revolution,deepseek-chat,17,105,aspdac2026/deepseek_clean_results/RTLLM/Prob035_calendar,0,0,0,1
RTLLM,0.046296617118833934,0.5,17,aspdac2026_release,lexical_structural_posthoc,pareto_front,0.008324212537306919,classic_revolution,deepseek-chat,17,105,aspdac2026/deepseek_clean_results/RTLLM/Prob035_calendar,0,0,0,1
RTLLM,0.046296617118833934,0.75,158,aspdac2026_release,lexical_structural_posthoc,generated,-0.235852043968629,classic_revolution,deepseek-chat,25,158,aspdac2026/deepseek_clean_results/RTLLM/Prob035_calendar,0,0,0,2
RTLLM,0.046296617118833934,0.75,109,aspdac2026_release,lexical_structural_posthoc,functional,-0.235852043968629,classic_revolution,deepseek-chat,25,158,aspdac2026/deepseek_clean_results/RTLLM/Prob035_calendar,0,0,0,1
RTLLM,0.046296617118833934,0.75,109,aspdac2026_release,lexical_structural_posthoc,synthesis_valid,-0.235852043968629,classic_revolution,deepseek-chat,25,158,aspdac2026/deepseek_clean_results/RTLLM/Prob035_calendar,0,0,0,1
RTLLM,0.046296617118833934,0.75,109,aspdac2026_release,lexical_structural_posthoc,valid_ppa,-0.235852043968629,classic_revolution,deepseek-chat,25,158,aspdac2026/deepseek_clean_results/RTLLM/Prob035_calendar,0,0,0,1
RTLLM,0.046296617118833934,0.75,25,aspdac2026_release,lexical_structural_posthoc,pareto_front,0.006063545961678364,classic_revolution,deepseek-chat,25,158,aspdac2026/deepseek_clean_results/RTLLM/Prob035_calendar,0,0,0,1
RTLLM,0.046296617118833934,1.0,210,aspdac2026_release,lexical_structural_posthoc,generated,-0.4013397020493081,classic_revolution,deepseek-chat,29,210,aspdac2026/deepseek_clean_results/RTLLM/Prob035_calendar,0,0,0,2
RTLLM,0.046296617118833934,1.0,142,aspdac2026_release,lexical_structural_posthoc,functional,-0.4013397020493081,classic_revolution,deepseek-chat,29,210,aspdac2026/deepseek_clean_results/RTLLM/Prob035_calendar,0,0,0,1
RTLLM,0.046296617118833934,1.0,142,aspdac2026_release,lexical_structural_posthoc,synthesis_valid,-0.4013397020493081,classic_revolution,deepseek-chat,29,210,aspdac2026/deepseek_clean_results/RTLLM/Prob035_calendar,0,0,0,1
RTLLM,0.046296617118833934,1.0,142,aspdac2026_release,lexical_structural_posthoc,valid_ppa,-0.4013397020493081,classic_revolution,deepseek-chat,29,210,aspdac2026/deepseek_clean_results/RTLLM/Prob035_calendar,0,0,0,1
RTLLM,0.046296617118833934,1.0,29,aspdac2026_release,lexical_structural_posthoc,pareto_front,0.008452324199980297,classic_revolution,deepseek-chat,29,210,aspdac2026/deepseek_clean_results/RTLLM/Prob035_calendar,0,0,0,1
RTLLM,0.7525944490856772,0.25,53,aspdac2026_release,lexical_structural_posthoc,generated,0.2229297848156897,classic_revolution,deepseek-chat,0,53,aspdac2026/deepseek_clean_results/RTLLM/Prob036_edge_detect,0,0,0,3
RTLLM,0.7525944490856772,0.25,43,aspdac2026_release,lexical_structural_posthoc,functional,0.2229297848156897,classic_revolution,deepseek-chat,0,53,aspdac2026/deepseek_clean_results/RTLLM/Prob036_edge_detect,0,0,0,2
RTLLM,0.7525944490856772,0.25,43,aspdac2026_release,lexical_structural_posthoc,synthesis_valid,0.2229297848156897,classic_revolution,deepseek-chat,0,53,aspdac2026/deepseek_clean_results/RTLLM/Prob036_edge_detect,0,0,0,2
RTLLM,0.7525944490856772,0.25,43,aspdac2026_release,lexical_structural_posthoc,valid_ppa,0.2229297848156897,classic_revolution,deepseek-chat,0,53,aspdac2026/deepseek_clean_results/RTLLM/Prob036_edge_detect,0,0,0,2
RTLLM,,0.25,0,aspdac2026_release,lexical_structural_posthoc,pareto_front,,classic_revolution,deepseek-chat,0,53,aspdac2026/deepseek_clean_results/RTLLM/Prob036_edge_detect,0,0,0,0
RTLLM,0.7525944490856772,0.5,105,aspdac2026_release,lexical_structural_posthoc,generated,0.26433212998336764,classic_revolution,deepseek-chat,0,105,aspdac2026/deepseek_clean_results/RTLLM/Prob036_edge_detect,0,0,0,4
RTLLM,0.7525944490856772,0.5,81,aspdac2026_release,lexical_structural_posthoc,functional,0.26433212998336764,classic_revolution,deepseek-chat,0,105,aspdac2026/deepseek_clean_results/RTLLM/Prob036_edge_detect,0,0,0,3
RTLLM,0.7525944490856772,0.5,81,aspdac2026_release,lexical_structural_posthoc,synthesis_valid,0.26433212998336764,classic_revolution,deepseek-chat,0,105,aspdac2026/deepseek_clean_results/RTLLM/Prob036_edge_detect,0,0,0,3
RTLLM,0.7525944490856772,0.5,81,aspdac2026_release,lexical_structural_posthoc,valid_ppa,0.26433212998336764,classic_revolution,deepseek-chat,0,105,aspdac2026/deepseek_clean_results/RTLLM/Prob036_edge_detect,0,0,0,3
RTLLM,,0.5,0,aspdac2026_release,lexical_structural_posthoc,pareto_front,,classic_revolution,deepseek-chat,0,105,aspdac2026/deepseek_clean_results/RTLLM/Prob036_edge_detect,0,0,0,0
RTLLM,0.7525944490856772,0.75,158,aspdac2026_release,lexical_structural_posthoc,generated,0.2554815225723552,classic_revolution,deepseek-chat,0,158,aspdac2026/deepseek_clean_results/RTLLM/Prob036_edge_detect,0,0,0,4
RTLLM,0.7525944490856772,0.75,118,aspdac2026_release,lexical_structural_posthoc,functional,0.2554815225723552,classic_revolution,deepseek-chat,0,158,aspdac2026/deepseek_clean_results/RTLLM/Prob036_edge_detect,0,0,0,3
RTLLM,0.7525944490856772,0.75,118,aspdac2026_release,lexical_structural_posthoc,synthesis_valid,0.2554815225723552,classic_revolution,deepseek-chat,0,158,aspdac2026/deepseek_clean_results/RTLLM/Prob036_edge_detect,0,0,0,3
RTLLM,0.7525944490856772,0.75,118,aspdac2026_release,lexical_structural_posthoc,valid_ppa,0.2554815225723552,classic_revolution,deepseek-chat,0,158,aspdac2026/deepseek_clean_results/RTLLM/Prob036_edge_detect,0,0,0,3
RTLLM,,0.75,0,aspdac2026_release,lexical_structural_posthoc,pareto_front,,classic_revolution,deepseek-chat,0,158,aspdac2026/deepseek_clean_results/RTLLM/Prob036_edge_detect,0,0,0,0
RTLLM,0.9611909403137474,1.0,210,aspdac2026_release,lexical_structural_posthoc,generated,0.2785205559706765,classic_revolution,deepseek-chat,1,210,aspdac2026/deepseek_clean_results/RTLLM/Prob036_edge_detect,0,0,0,5
RTLLM,0.9611909403137474,1.0,156,aspdac2026_release,lexical_structural_posthoc,functional,0.2785205559706765,classic_revolution,deepseek-chat,1,210,aspdac2026/deepseek_clean_results/RTLLM/Prob036_edge_detect,0,0,0,4
RTLLM,0.9611909403137474,1.0,156,aspdac2026_release,lexical_structural_posthoc,synthesis_valid,0.2785205559706765,classic_revolution,deepseek-chat,1,210,aspdac2026/deepseek_clean_results/RTLLM/Prob036_edge_detect,0,0,0,4
RTLLM,0.9611909403137474,1.0,156,aspdac2026_release,lexical_structural_posthoc,valid_ppa,0.2785205559706765,classic_revolution,deepseek-chat,1,210,aspdac2026/deepseek_clean_results/RTLLM/Prob036_edge_detect,0,0,0,4
RTLLM,0.9611909403137474,1.0,1,aspdac2026_release,lexical_structural_posthoc,pareto_front,0.9611909403137474,classic_revolution,deepseek-chat,1,210,aspdac2026/deepseek_clean_results/RTLLM/Prob036_edge_detect,0,0,0,1
RTLLM,0.2180541247649416,0.25,53,aspdac2026_release,lexical_structural_posthoc,generated,-0.07448941214945629,classic_revolution,deepseek-chat,1,53,aspdac2026/deepseek_clean_results/RTLLM/Prob037_parallel2serial,0,0,0,3
RTLLM,0.2180541247649416,0.25,17,aspdac2026_release,lexical_structural_posthoc,functional,-0.07448941214945629,classic_revolution,deepseek-chat,1,53,aspdac2026/deepseek_clean_results/RTLLM/Prob037_parallel2serial,0,0,0,2
RTLLM,0.2180541247649416,0.25,17,aspdac2026_release,lexical_structural_posthoc,synthesis_valid,-0.07448941214945629,classic_revolution,deepseek-chat,1,53,aspdac2026/deepseek_clean_results/RTLLM/Prob037_parallel2serial,0,0,0,2
RTLLM,0.2180541247649416,0.25,17,aspdac2026_release,lexical_structural_posthoc,valid_ppa,-0.07448941214945629,classic_revolution,deepseek-chat,1,53,aspdac2026/deepseek_clean_results/RTLLM/Prob037_parallel2serial,0,0,0,2
RTLLM,0.2180541247649416,0.25,1,aspdac2026_release,lexical_structural_posthoc,pareto_front,0.2180541247649416,classic_revolution,deepseek-chat,1,53,aspdac2026/deepseek_clean_results/RTLLM/Prob037_parallel2serial,0,0,0,1
RTLLM,0.2180541247649416,0.5,105,aspdac2026_release,lexical_structural_posthoc,generated,-0.04019740157016198,classic_revolution,deepseek-chat,3,105,aspdac2026/deepseek_clean_results/RTLLM/Prob037_parallel2serial,0,0,0,3
RTLLM,0.2180541247649416,0.5,43,aspdac2026_release,lexical_structural_posthoc,functional,-0.04019740157016198,classic_revolution,deepseek-chat,3,105,aspdac2026/deepseek_clean_results/RTLLM/Prob037_parallel2serial,0,0,0,2
RTLLM,0.2180541247649416,0.5,43,aspdac2026_release,lexical_structural_posthoc,synthesis_valid,-0.04019740157016198,classic_revolution,deepseek-chat,3,105,aspdac2026/deepseek_clean_results/RTLLM/Prob037_parallel2serial,0,0,0,2
RTLLM,0.2180541247649416,0.5,43,aspdac2026_release,lexical_structural_posthoc,valid_ppa,-0.04019740157016198,classic_revolution,deepseek-chat,3,105,aspdac2026/deepseek_clean_results/RTLLM/Prob037_parallel2serial,0,0,0,2
RTLLM,0.2180541247649416,0.5,3,aspdac2026_release,lexical_structural_posthoc,pareto_front,0.17315891314419649,classic_revolution,deepseek-chat,3,105,aspdac2026/deepseek_clean_results/RTLLM/Prob037_parallel2serial,0,0,0,2
RTLLM,0.2180541247649416,0.75,158,aspdac2026_release,lexical_structural_posthoc,generated,-0.030717518612480885,classic_revolution,deepseek-chat,4,158,aspdac2026/deepseek_clean_results/RTLLM/Prob037_parallel2serial,0,0,0,3
RTLLM,0.2180541247649416,0.75,67,aspdac2026_release,lexical_structural_posthoc,functional,-0.030717518612480885,classic_revolution,deepseek-chat,4,158,aspdac2026/deepseek_clean_results/RTLLM/Prob037_parallel2serial,0,0,0,2
RTLLM,0.2180541247649416,0.75,67,aspdac2026_release,lexical_structural_posthoc,synthesis_valid,-0.030717518612480885,classic_revolution,deepseek-chat,4,158,aspdac2026/deepseek_clean_results/RTLLM/Prob037_parallel2serial,0,0,0,2
RTLLM,0.2180541247649416,0.75,67,aspdac2026_release,lexical_structural_posthoc,valid_ppa,-0.030717518612480885,classic_revolution,deepseek-chat,4,158,aspdac2026/deepseek_clean_results/RTLLM/Prob037_parallel2serial,0,0,0,2
RTLLM,0.2180541247649416,0.75,4,aspdac2026_release,lexical_structural_posthoc,pareto_front,0.13423391382552533,classic_revolution,deepseek-chat,4,158,aspdac2026/deepseek_clean_results/RTLLM/Prob037_parallel2serial,0,0,0,2
RTLLM,0.2180541247649416,1.0,210,aspdac2026_release,lexical_structural_posthoc,generated,-0.02822994315939895,classic_revolution,deepseek-chat,4,210,aspdac2026/deepseek_clean_results/RTLLM/Prob037_parallel2serial,0,0,0,3
RTLLM,0.2180541247649416,1.0,92,aspdac2026_release,lexical_structural_posthoc,functional,-0.02822994315939895,classic_revolution,deepseek-chat,4,210,aspdac2026/deepseek_clean_results/RTLLM/Prob037_parallel2serial,0,0,0,2
RTLLM,0.2180541247649416,1.0,92,aspdac2026_release,lexical_structural_posthoc,synthesis_valid,-0.02822994315939895,classic_revolution,deepseek-chat,4,210,aspdac2026/deepseek_clean_results/RTLLM/Prob037_parallel2serial,0,0,0,2
RTLLM,0.2180541247649416,1.0,92,aspdac2026_release,lexical_structural_posthoc,valid_ppa,-0.02822994315939895,classic_revolution,deepseek-chat,4,210,aspdac2026/deepseek_clean_results/RTLLM/Prob037_parallel2serial,0,0,0,2
RTLLM,0.2180541247649416,1.0,4,aspdac2026_release,lexical_structural_posthoc,pareto_front,0.13423391382552533,classic_revolution,deepseek-chat,4,210,aspdac2026/deepseek_clean_results/RTLLM/Prob037_parallel2serial,0,0,0,2
RTLLM,,0.25,53,aspdac2026_release,lexical_structural_posthoc,generated,,classic_revolution,deepseek-chat,0,53,aspdac2026/deepseek_clean_results/RTLLM/Prob038_pulse_detect,0,0,0,1
RTLLM,,0.25,0,aspdac2026_release,lexical_structural_posthoc,functional,,classic_revolution,deepseek-chat,0,53,aspdac2026/deepseek_clean_results/RTLLM/Prob038_pulse_detect,0,0,0,0
RTLLM,,0.25,0,aspdac2026_release,lexical_structural_posthoc,synthesis_valid,,classic_revolution,deepseek-chat,0,53,aspdac2026/deepseek_clean_results/RTLLM/Prob038_pulse_detect,0,0,0,0
RTLLM,,0.25,0,aspdac2026_release,lexical_structural_posthoc,valid_ppa,,classic_revolution,deepseek-chat,0,53,aspdac2026/deepseek_clean_results/RTLLM/Prob038_pulse_detect,0,0,0,0
RTLLM,,0.25,0,aspdac2026_release,lexical_structural_posthoc,pareto_front,,classic_revolution,deepseek-chat,0,53,aspdac2026/deepseek_clean_results/RTLLM/Prob038_pulse_detect,0,0,0,0
RTLLM,,0.5,105,aspdac2026_release,lexical_structural_posthoc,generated,,classic_revolution,deepseek-chat,0,105,aspdac2026/deepseek_clean_results/RTLLM/Prob038_pulse_detect,0,0,0,1
RTLLM,,0.5,0,aspdac2026_release,lexical_structural_posthoc,functional,,classic_revolution,deepseek-chat,0,105,aspdac2026/deepseek_clean_results/RTLLM/Prob038_pulse_detect,0,0,0,0
RTLLM,,0.5,0,aspdac2026_release,lexical_structural_posthoc,synthesis_valid,,classic_revolution,deepseek-chat,0,105,aspdac2026/deepseek_clean_results/RTLLM/Prob038_pulse_detect,0,0,0,0
RTLLM,,0.5,0,aspdac2026_release,lexical_structural_posthoc,valid_ppa,,classic_revolution,deepseek-chat,0,105,aspdac2026/deepseek_clean_results/RTLLM/Prob038_pulse_detect,0,0,0,0
RTLLM,,0.5,0,aspdac2026_release,lexical_structural_posthoc,pareto_front,,classic_revolution,deepseek-chat,0,105,aspdac2026/deepseek_clean_results/RTLLM/Prob038_pulse_detect,0,0,0,0
RTLLM,0.27891446433645917,0.75,158,aspdac2026_release,lexical_structural_posthoc,generated,0.27891446433645917,classic_revolution,deepseek-chat,1,158,aspdac2026/deepseek_clean_results/RTLLM/Prob038_pulse_detect,0,0,0,2
RTLLM,0.27891446433645917,0.75,1,aspdac2026_release,lexical_structural_posthoc,functional,0.27891446433645917,classic_revolution,deepseek-chat,1,158,aspdac2026/deepseek_clean_results/RTLLM/Prob038_pulse_detect,0,0,0,1
RTLLM,0.27891446433645917,0.75,1,aspdac2026_release,lexical_structural_posthoc,synthesis_valid,0.27891446433645917,classic_revolution,deepseek-chat,1,158,aspdac2026/deepseek_clean_results/RTLLM/Prob038_pulse_detect,0,0,0,1
RTLLM,0.27891446433645917,0.75,1,aspdac2026_release,lexical_structural_posthoc,valid_ppa,0.27891446433645917,classic_revolution,deepseek-chat,1,158,aspdac2026/deepseek_clean_results/RTLLM/Prob038_pulse_detect,0,0,0,1
RTLLM,0.27891446433645917,0.75,1,aspdac2026_release,lexical_structural_posthoc,pareto_front,0.27891446433645917,classic_revolution,deepseek-chat,1,158,aspdac2026/deepseek_clean_results/RTLLM/Prob038_pulse_detect,0,0,0,1
RTLLM,0.27891446433645917,1.0,210,aspdac2026_release,lexical_structural_posthoc,generated,0.21658953436447037,classic_revolution,deepseek-chat,3,210,aspdac2026/deepseek_clean_results/RTLLM/Prob038_pulse_detect,0,0,0,3
RTLLM,0.27891446433645917,1.0,4,aspdac2026_release,lexical_structural_posthoc,functional,0.21658953436447037,classic_revolution,deepseek-chat,3,210,aspdac2026/deepseek_clean_results/RTLLM/Prob038_pulse_detect,0,0,0,2
RTLLM,0.27891446433645917,1.0,4,aspdac2026_release,lexical_structural_posthoc,synthesis_valid,0.21658953436447037,classic_revolution,deepseek-chat,3,210,aspdac2026/deepseek_clean_results/RTLLM/Prob038_pulse_detect,0,0,0,2
RTLLM,0.27891446433645917,1.0,4,aspdac2026_release,lexical_structural_posthoc,valid_ppa,0.21658953436447037,classic_revolution,deepseek-chat,3,210,aspdac2026/deepseek_clean_results/RTLLM/Prob038_pulse_detect,0,0,0,2
RTLLM,0.27891446433645917,1.0,3,aspdac2026_release,lexical_structural_posthoc,pareto_front,0.27891446433645917,classic_revolution,deepseek-chat,3,210,aspdac2026/deepseek_clean_results/RTLLM/Prob038_pulse_detect,0,0,0,1
RTLLM,-0.19589169000933712,0.25,53,aspdac2026_release,lexical_structural_posthoc,generated,-0.19589169000933712,classic_revolution,deepseek-chat,1,53,aspdac2026/deepseek_clean_results/RTLLM/Prob039_serial2parallel,0,0,0,2
RTLLM,-0.19589169000933712,0.25,1,aspdac2026_release,lexical_structural_posthoc,functional,-0.19589169000933712,classic_revolution,deepseek-chat,1,53,aspdac2026/deepseek_clean_results/RTLLM/Prob039_serial2parallel,0,0,0,1
RTLLM,-0.19589169000933712,0.25,1,aspdac2026_release,lexical_structural_posthoc,synthesis_valid,-0.19589169000933712,classic_revolution,deepseek-chat,1,53,aspdac2026/deepseek_clean_results/RTLLM/Prob039_serial2parallel,0,0,0,1
RTLLM,-0.19589169000933712,0.25,1,aspdac2026_release,lexical_structural_posthoc,valid_ppa,-0.19589169000933712,classic_revolution,deepseek-chat,1,53,aspdac2026/deepseek_clean_results/RTLLM/Prob039_serial2parallel,0,0,0,1
RTLLM,-0.19589169000933712,0.25,1,aspdac2026_release,lexical_structural_posthoc,pareto_front,-0.19589169000933712,classic_revolution,deepseek-chat,1,53,aspdac2026/deepseek_clean_results/RTLLM/Prob039_serial2parallel,0,0,0,1
RTLLM,-0.1455882352941176,0.5,105,aspdac2026_release,lexical_structural_posthoc,generated,-0.18955026455026455,classic_revolution,deepseek-chat,2,105,aspdac2026/deepseek_clean_results/RTLLM/Prob039_serial2parallel,0,0,0,2
RTLLM,-0.1455882352941176,0.5,3,aspdac2026_release,lexical_structural_posthoc,functional,-0.18955026455026455,classic_revolution,deepseek-chat,2,105,aspdac2026/deepseek_clean_results/RTLLM/Prob039_serial2parallel,0,0,0,1
RTLLM,-0.1455882352941176,0.5,3,aspdac2026_release,lexical_structural_posthoc,synthesis_valid,-0.18955026455026455,classic_revolution,deepseek-chat,2,105,aspdac2026/deepseek_clean_results/RTLLM/Prob039_serial2parallel,0,0,0,1
RTLLM,-0.1455882352941176,0.5,3,aspdac2026_release,lexical_structural_posthoc,valid_ppa,-0.18955026455026455,classic_revolution,deepseek-chat,2,105,aspdac2026/deepseek_clean_results/RTLLM/Prob039_serial2parallel,0,0,0,1
RTLLM,-0.1455882352941176,0.5,2,aspdac2026_release,lexical_structural_posthoc,pareto_front,-0.17073996265172736,classic_revolution,deepseek-chat,2,105,aspdac2026/deepseek_clean_results/RTLLM/Prob039_serial2parallel,0,0,0,1
RTLLM,-0.1455882352941176,0.75,158,aspdac2026_release,lexical_structural_posthoc,generated,-0.24730625583566757,classic_revolution,deepseek-chat,2,158,aspdac2026/deepseek_clean_results/RTLLM/Prob039_serial2parallel,0,0,0,2
RTLLM,-0.1455882352941176,0.75,5,aspdac2026_release,lexical_structural_posthoc,functional,-0.24730625583566757,classic_revolution,deepseek-chat,2,158,aspdac2026/deepseek_clean_results/RTLLM/Prob039_serial2parallel,0,0,0,1
RTLLM,-0.1455882352941176,0.75,5,aspdac2026_release,lexical_structural_posthoc,synthesis_valid,-0.24730625583566757,classic_revolution,deepseek-chat,2,158,aspdac2026/deepseek_clean_results/RTLLM/Prob039_serial2parallel,0,0,0,1
RTLLM,-0.1455882352941176,0.75,5,aspdac2026_release,lexical_structural_posthoc,valid_ppa,-0.24730625583566757,classic_revolution,deepseek-chat,2,158,aspdac2026/deepseek_clean_results/RTLLM/Prob039_serial2parallel,0,0,0,1
RTLLM,-0.1455882352941176,0.75,2,aspdac2026_release,lexical_structural_posthoc,pareto_front,-0.17073996265172736,classic_revolution,deepseek-chat,2,158,aspdac2026/deepseek_clean_results/RTLLM/Prob039_serial2parallel,0,0,0,1
RTLLM,-0.1455882352941176,1.0,210,aspdac2026_release,lexical_structural_posthoc,generated,-0.24155328798185938,classic_revolution,deepseek-chat,2,210,aspdac2026/deepseek_clean_results/RTLLM/Prob039_serial2parallel,0,0,0,2
RTLLM,-0.1455882352941176,1.0,7,aspdac2026_release,lexical_structural_posthoc,functional,-0.24155328798185938,classic_revolution,deepseek-chat,2,210,aspdac2026/deepseek_clean_results/RTLLM/Prob039_serial2parallel,0,0,0,1
RTLLM,-0.1455882352941176,1.0,7,aspdac2026_release,lexical_structural_posthoc,synthesis_valid,-0.24155328798185938,classic_revolution,deepseek-chat,2,210,aspdac2026/deepseek_clean_results/RTLLM/Prob039_serial2parallel,0,0,0,1
RTLLM,-0.1455882352941176,1.0,7,aspdac2026_release,lexical_structural_posthoc,valid_ppa,-0.24155328798185938,classic_revolution,deepseek-chat,2,210,aspdac2026/deepseek_clean_results/RTLLM/Prob039_serial2parallel,0,0,0,1
RTLLM,-0.1455882352941176,1.0,2,aspdac2026_release,lexical_structural_posthoc,pareto_front,-0.17073996265172736,classic_revolution,deepseek-chat,2,210,aspdac2026/deepseek_clean_results/RTLLM/Prob039_serial2parallel,0,0,0,1
RTLLM,0.0,0.25,53,aspdac2026_release,lexical_structural_posthoc,generated,0.0,classic_revolution,deepseek-chat,40,53,aspdac2026/deepseek_clean_results/RTLLM/Prob040_synchronizer,0,0,0,2
RTLLM,0.0,0.25,40,aspdac2026_release,lexical_structural_posthoc,functional,0.0,classic_revolution,deepseek-chat,40,53,aspdac2026/deepseek_clean_results/RTLLM/Prob040_synchronizer,0,0,0,1
RTLLM,0.0,0.25,40,aspdac2026_release,lexical_structural_posthoc,synthesis_valid,0.0,classic_revolution,deepseek-chat,40,53,aspdac2026/deepseek_clean_results/RTLLM/Prob040_synchronizer,0,0,0,1
RTLLM,0.0,0.25,40,aspdac2026_release,lexical_structural_posthoc,valid_ppa,0.0,classic_revolution,deepseek-chat,40,53,aspdac2026/deepseek_clean_results/RTLLM/Prob040_synchronizer,0,0,0,1
RTLLM,0.0,0.25,40,aspdac2026_release,lexical_structural_posthoc,pareto_front,0.0,classic_revolution,deepseek-chat,40,53,aspdac2026/deepseek_clean_results/RTLLM/Prob040_synchronizer,0,0,0,1
RTLLM,0.0,0.5,105,aspdac2026_release,lexical_structural_posthoc,generated,0.0,classic_revolution,deepseek-chat,78,105,aspdac2026/deepseek_clean_results/RTLLM/Prob040_synchronizer,0,0,0,2
RTLLM,0.0,0.5,78,aspdac2026_release,lexical_structural_posthoc,functional,0.0,classic_revolution,deepseek-chat,78,105,aspdac2026/deepseek_clean_results/RTLLM/Prob040_synchronizer,0,0,0,1
RTLLM,0.0,0.5,78,aspdac2026_release,lexical_structural_posthoc,synthesis_valid,0.0,classic_revolution,deepseek-chat,78,105,aspdac2026/deepseek_clean_results/RTLLM/Prob040_synchronizer,0,0,0,1
RTLLM,0.0,0.5,78,aspdac2026_release,lexical_structural_posthoc,valid_ppa,0.0,classic_revolution,deepseek-chat,78,105,aspdac2026/deepseek_clean_results/RTLLM/Prob040_synchronizer,0,0,0,1
RTLLM,0.0,0.5,78,aspdac2026_release,lexical_structural_posthoc,pareto_front,0.0,classic_revolution,deepseek-chat,78,105,aspdac2026/deepseek_clean_results/RTLLM/Prob040_synchronizer,0,0,0,1
RTLLM,0.0,0.75,158,aspdac2026_release,lexical_structural_posthoc,generated,0.0,classic_revolution,deepseek-chat,113,158,aspdac2026/deepseek_clean_results/RTLLM/Prob040_synchronizer,0,0,0,2
RTLLM,0.0,0.75,113,aspdac2026_release,lexical_structural_posthoc,functional,0.0,classic_revolution,deepseek-chat,113,158,aspdac2026/deepseek_clean_results/RTLLM/Prob040_synchronizer,0,0,0,1
RTLLM,0.0,0.75,113,aspdac2026_release,lexical_structural_posthoc,synthesis_valid,0.0,classic_revolution,deepseek-chat,113,158,aspdac2026/deepseek_clean_results/RTLLM/Prob040_synchronizer,0,0,0,1
RTLLM,0.0,0.75,113,aspdac2026_release,lexical_structural_posthoc,valid_ppa,0.0,classic_revolution,deepseek-chat,113,158,aspdac2026/deepseek_clean_results/RTLLM/Prob040_synchronizer,0,0,0,1
RTLLM,0.0,0.75,113,aspdac2026_release,lexical_structural_posthoc,pareto_front,0.0,classic_revolution,deepseek-chat,113,158,aspdac2026/deepseek_clean_results/RTLLM/Prob040_synchronizer,0,0,0,1
RTLLM,0.0,1.0,210,aspdac2026_release,lexical_structural_posthoc,generated,0.0,classic_revolution,deepseek-chat,157,210,aspdac2026/deepseek_clean_results/RTLLM/Prob040_synchronizer,0,0,0,2
RTLLM,0.0,1.0,157,aspdac2026_release,lexical_structural_posthoc,functional,0.0,classic_revolution,deepseek-chat,157,210,aspdac2026/deepseek_clean_results/RTLLM/Prob040_synchronizer,0,0,0,1
RTLLM,0.0,1.0,157,aspdac2026_release,lexical_structural_posthoc,synthesis_valid,0.0,classic_revolution,deepseek-chat,157,210,aspdac2026/deepseek_clean_results/RTLLM/Prob040_synchronizer,0,0,0,1
RTLLM,0.0,1.0,157,aspdac2026_release,lexical_structural_posthoc,valid_ppa,0.0,classic_revolution,deepseek-chat,157,210,aspdac2026/deepseek_clean_results/RTLLM/Prob040_synchronizer,0,0,0,1
RTLLM,0.0,1.0,157,aspdac2026_release,lexical_structural_posthoc,pareto_front,0.0,classic_revolution,deepseek-chat,157,210,aspdac2026/deepseek_clean_results/RTLLM/Prob040_synchronizer,0,0,0,1
RTLLM,0.5488144517066086,0.25,53,aspdac2026_release,lexical_structural_posthoc,generated,0.19302968409586058,classic_revolution,deepseek-chat,0,53,aspdac2026/deepseek_clean_results/RTLLM/Prob041_traffic_light,0,0,0,2
RTLLM,0.5488144517066086,0.25,16,aspdac2026_release,lexical_structural_posthoc,functional,0.19302968409586058,classic_revolution,deepseek-chat,0,53,aspdac2026/deepseek_clean_results/RTLLM/Prob041_traffic_light,0,0,0,1
RTLLM,0.5488144517066086,0.25,16,aspdac2026_release,lexical_structural_posthoc,synthesis_valid,0.19302968409586058,classic_revolution,deepseek-chat,0,53,aspdac2026/deepseek_clean_results/RTLLM/Prob041_traffic_light,0,0,0,1
RTLLM,0.5488144517066086,0.25,16,aspdac2026_release,lexical_structural_posthoc,valid_ppa,0.19302968409586058,classic_revolution,deepseek-chat,0,53,aspdac2026/deepseek_clean_results/RTLLM/Prob041_traffic_light,0,0,0,1
RTLLM,,0.25,0,aspdac2026_release,lexical_structural_posthoc,pareto_front,,classic_revolution,deepseek-chat,0,53,aspdac2026/deepseek_clean_results/RTLLM/Prob041_traffic_light,0,0,0,0
RTLLM,0.6454320987654322,0.5,105,aspdac2026_release,lexical_structural_posthoc,generated,0.31205614799526044,classic_revolution,deepseek-chat,0,105,aspdac2026/deepseek_clean_results/RTLLM/Prob041_traffic_light,0,0,0,2
RTLLM,0.6454320987654322,0.5,38,aspdac2026_release,lexical_structural_posthoc,functional,0.31205614799526044,classic_revolution,deepseek-chat,0,105,aspdac2026/deepseek_clean_results/RTLLM/Prob041_traffic_light,0,0,0,1
RTLLM,0.6454320987654322,0.5,38,aspdac2026_release,lexical_structural_posthoc,synthesis_valid,0.31205614799526044,classic_revolution,deepseek-chat,0,105,aspdac2026/deepseek_clean_results/RTLLM/Prob041_traffic_light,0,0,0,1
RTLLM,0.6454320987654322,0.5,38,aspdac2026_release,lexical_structural_posthoc,valid_ppa,0.31205614799526044,classic_revolution,deepseek-chat,0,105,aspdac2026/deepseek_clean_results/RTLLM/Prob041_traffic_light,0,0,0,1
RTLLM,,0.5,0,aspdac2026_release,lexical_structural_posthoc,pareto_front,,classic_revolution,deepseek-chat,0,105,aspdac2026/deepseek_clean_results/RTLLM/Prob041_traffic_light,0,0,0,0
RTLLM,0.6813280682643428,0.75,158,aspdac2026_release,lexical_structural_posthoc,generated,0.4067680684689108,classic_revolution,deepseek-chat,2,158,aspdac2026/deepseek_clean_results/RTLLM/Prob041_traffic_light,0,0,0,3
RTLLM,0.6813280682643428,0.75,71,aspdac2026_release,lexical_structural_posthoc,functional,0.4067680684689108,classic_revolution,deepseek-chat,2,158,aspdac2026/deepseek_clean_results/RTLLM/Prob041_traffic_light,0,0,0,2
RTLLM,0.6813280682643428,0.75,71,aspdac2026_release,lexical_structural_posthoc,synthesis_valid,0.4067680684689108,classic_revolution,deepseek-chat,2,158,aspdac2026/deepseek_clean_results/RTLLM/Prob041_traffic_light,0,0,0,2
RTLLM,0.6813280682643428,0.75,71,aspdac2026_release,lexical_structural_posthoc,valid_ppa,0.4067680684689108,classic_revolution,deepseek-chat,2,158,aspdac2026/deepseek_clean_results/RTLLM/Prob041_traffic_light,0,0,0,2
RTLLM,0.6813280682643428,0.75,2,aspdac2026_release,lexical_structural_posthoc,pareto_front,0.6623493100944081,classic_revolution,deepseek-chat,2,158,aspdac2026/deepseek_clean_results/RTLLM/Prob041_traffic_light,0,0,0,1
RTLLM,0.6813280682643428,1.0,210,aspdac2026_release,lexical_structural_posthoc,generated,0.4226438386270687,classic_revolution,deepseek-chat,5,210,aspdac2026/deepseek_clean_results/RTLLM/Prob041_traffic_light,0,0,0,3
RTLLM,0.6813280682643428,1.0,95,aspdac2026_release,lexical_structural_posthoc,functional,0.4226438386270687,classic_revolution,deepseek-chat,5,210,aspdac2026/deepseek_clean_results/RTLLM/Prob041_traffic_light,0,0,0,2
RTLLM,0.6813280682643428,1.0,95,aspdac2026_release,lexical_structural_posthoc,synthesis_valid,0.4226438386270687,classic_revolution,deepseek-chat,5,210,aspdac2026/deepseek_clean_results/RTLLM/Prob041_traffic_light,0,0,0,2
RTLLM,0.6813280682643428,1.0,95,aspdac2026_release,lexical_structural_posthoc,valid_ppa,0.4226438386270687,classic_revolution,deepseek-chat,5,210,aspdac2026/deepseek_clean_results/RTLLM/Prob041_traffic_light,0,0,0,2
RTLLM,0.6813280682643428,1.0,5,aspdac2026_release,lexical_structural_posthoc,pareto_front,0.6036459694989106,classic_revolution,deepseek-chat,5,210,aspdac2026/deepseek_clean_results/RTLLM/Prob041_traffic_light,0,0,0,1
RTLLM,,0.25,53,aspdac2026_release,lexical_structural_posthoc,generated,,classic_revolution,deepseek-chat,0,53,aspdac2026/deepseek_clean_results/RTLLM/Prob042_width_8to16,0,0,0,1
RTLLM,,0.25,0,aspdac2026_release,lexical_structural_posthoc,functional,,classic_revolution,deepseek-chat,0,53,aspdac2026/deepseek_clean_results/RTLLM/Prob042_width_8to16,0,0,0,0
RTLLM,,0.25,0,aspdac2026_release,lexical_structural_posthoc,synthesis_valid,,classic_revolution,deepseek-chat,0,53,aspdac2026/deepseek_clean_results/RTLLM/Prob042_width_8to16,0,0,0,0
RTLLM,,0.25,0,aspdac2026_release,lexical_structural_posthoc,valid_ppa,,classic_revolution,deepseek-chat,0,53,aspdac2026/deepseek_clean_results/RTLLM/Prob042_width_8to16,0,0,0,0
RTLLM,,0.25,0,aspdac2026_release,lexical_structural_posthoc,pareto_front,,classic_revolution,deepseek-chat,0,53,aspdac2026/deepseek_clean_results/RTLLM/Prob042_width_8to16,0,0,0,0
RTLLM,,0.5,105,aspdac2026_release,lexical_structural_posthoc,generated,,classic_revolution,deepseek-chat,0,105,aspdac2026/deepseek_clean_results/RTLLM/Prob042_width_8to16,0,0,0,1
RTLLM,,0.5,0,aspdac2026_release,lexical_structural_posthoc,functional,,classic_revolution,deepseek-chat,0,105,aspdac2026/deepseek_clean_results/RTLLM/Prob042_width_8to16,0,0,0,0
RTLLM,,0.5,0,aspdac2026_release,lexical_structural_posthoc,synthesis_valid,,classic_revolution,deepseek-chat,0,105,aspdac2026/deepseek_clean_results/RTLLM/Prob042_width_8to16,0,0,0,0
RTLLM,,0.5,0,aspdac2026_release,lexical_structural_posthoc,valid_ppa,,classic_revolution,deepseek-chat,0,105,aspdac2026/deepseek_clean_results/RTLLM/Prob042_width_8to16,0,0,0,0
RTLLM,,0.5,0,aspdac2026_release,lexical_structural_posthoc,pareto_front,,classic_revolution,deepseek-chat,0,105,aspdac2026/deepseek_clean_results/RTLLM/Prob042_width_8to16,0,0,0,0
RTLLM,,0.75,158,aspdac2026_release,lexical_structural_posthoc,generated,,classic_revolution,deepseek-chat,0,158,aspdac2026/deepseek_clean_results/RTLLM/Prob042_width_8to16,0,0,0,1
RTLLM,,0.75,0,aspdac2026_release,lexical_structural_posthoc,functional,,classic_revolution,deepseek-chat,0,158,aspdac2026/deepseek_clean_results/RTLLM/Prob042_width_8to16,0,0,0,0
RTLLM,,0.75,0,aspdac2026_release,lexical_structural_posthoc,synthesis_valid,,classic_revolution,deepseek-chat,0,158,aspdac2026/deepseek_clean_results/RTLLM/Prob042_width_8to16,0,0,0,0
RTLLM,,0.75,0,aspdac2026_release,lexical_structural_posthoc,valid_ppa,,classic_revolution,deepseek-chat,0,158,aspdac2026/deepseek_clean_results/RTLLM/Prob042_width_8to16,0,0,0,0
RTLLM,,0.75,0,aspdac2026_release,lexical_structural_posthoc,pareto_front,,classic_revolution,deepseek-chat,0,158,aspdac2026/deepseek_clean_results/RTLLM/Prob042_width_8to16,0,0,0,0
RTLLM,,1.0,210,aspdac2026_release,lexical_structural_posthoc,generated,,classic_revolution,deepseek-chat,0,210,aspdac2026/deepseek_clean_results/RTLLM/Prob042_width_8to16,0,0,0,1
RTLLM,,1.0,0,aspdac2026_release,lexical_structural_posthoc,functional,,classic_revolution,deepseek-chat,0,210,aspdac2026/deepseek_clean_results/RTLLM/Prob042_width_8to16,0,0,0,0
RTLLM,,1.0,0,aspdac2026_release,lexical_structural_posthoc,synthesis_valid,,classic_revolution,deepseek-chat,0,210,aspdac2026/deepseek_clean_results/RTLLM/Prob042_width_8to16,0,0,0,0
RTLLM,,1.0,0,aspdac2026_release,lexical_structural_posthoc,valid_ppa,,classic_revolution,deepseek-chat,0,210,aspdac2026/deepseek_clean_results/RTLLM/Prob042_width_8to16,0,0,0,0
RTLLM,,1.0,0,aspdac2026_release,lexical_structural_posthoc,pareto_front,,classic_revolution,deepseek-chat,0,210,aspdac2026/deepseek_clean_results/RTLLM/Prob042_width_8to16,0,0,0,0
RTLLM,0.4065966020290413,0.25,53,aspdac2026_release,lexical_structural_posthoc,generated,0.30553225682506313,classic_revolution,deepseek-chat,0,53,aspdac2026/deepseek_clean_results/RTLLM/Prob043_RAM,0,0,0,2
RTLLM,0.4065966020290413,0.25,18,aspdac2026_release,lexical_structural_posthoc,functional,0.30553225682506313,classic_revolution,deepseek-chat,0,53,aspdac2026/deepseek_clean_results/RTLLM/Prob043_RAM,0,0,0,1
RTLLM,0.4065966020290413,0.25,18,aspdac2026_release,lexical_structural_posthoc,synthesis_valid,0.30553225682506313,classic_revolution,deepseek-chat,0,53,aspdac2026/deepseek_clean_results/RTLLM/Prob043_RAM,0,0,0,1
RTLLM,0.4065966020290413,0.25,18,aspdac2026_release,lexical_structural_posthoc,valid_ppa,0.30553225682506313,classic_revolution,deepseek-chat,0,53,aspdac2026/deepseek_clean_results/RTLLM/Prob043_RAM,0,0,0,1
RTLLM,,0.25,0,aspdac2026_release,lexical_structural_posthoc,pareto_front,,classic_revolution,deepseek-chat,0,53,aspdac2026/deepseek_clean_results/RTLLM/Prob043_RAM,0,0,0,0
RTLLM,0.4884037998225401,0.5,105,aspdac2026_release,lexical_structural_posthoc,generated,0.31739984380994324,classic_revolution,deepseek-chat,2,105,aspdac2026/deepseek_clean_results/RTLLM/Prob043_RAM,0,0,0,3
RTLLM,0.4884037998225401,0.5,34,aspdac2026_release,lexical_structural_posthoc,functional,0.31739984380994324,classic_revolution,deepseek-chat,2,105,aspdac2026/deepseek_clean_results/RTLLM/Prob043_RAM,0,0,0,2
RTLLM,0.4884037998225401,0.5,34,aspdac2026_release,lexical_structural_posthoc,synthesis_valid,0.31739984380994324,classic_revolution,deepseek-chat,2,105,aspdac2026/deepseek_clean_results/RTLLM/Prob043_RAM,0,0,0,2
RTLLM,0.4884037998225401,0.5,34,aspdac2026_release,lexical_structural_posthoc,valid_ppa,0.31739984380994324,classic_revolution,deepseek-chat,2,105,aspdac2026/deepseek_clean_results/RTLLM/Prob043_RAM,0,0,0,2
RTLLM,0.4884037998225401,0.5,2,aspdac2026_release,lexical_structural_posthoc,pareto_front,0.45726321869945774,classic_revolution,deepseek-chat,2,105,aspdac2026/deepseek_clean_results/RTLLM/Prob043_RAM,0,0,0,2
RTLLM,0.4884037998225401,0.75,158,aspdac2026_release,lexical_structural_posthoc,generated,0.32899066811131417,classic_revolution,deepseek-chat,8,158,aspdac2026/deepseek_clean_results/RTLLM/Prob043_RAM,0,0,0,3
RTLLM,0.4884037998225401,0.75,61,aspdac2026_release,lexical_structural_posthoc,functional,0.32899066811131417,classic_revolution,deepseek-chat,8,158,aspdac2026/deepseek_clean_results/RTLLM/Prob043_RAM,0,0,0,2
RTLLM,0.4884037998225401,0.75,61,aspdac2026_release,lexical_structural_posthoc,synthesis_valid,0.32899066811131417,classic_revolution,deepseek-chat,8,158,aspdac2026/deepseek_clean_results/RTLLM/Prob043_RAM,0,0,0,2
RTLLM,0.4884037998225401,0.75,61,aspdac2026_release,lexical_structural_posthoc,valid_ppa,0.32899066811131417,classic_revolution,deepseek-chat,8,158,aspdac2026/deepseek_clean_results/RTLLM/Prob043_RAM,0,0,0,2
RTLLM,0.4884037998225401,0.75,8,aspdac2026_release,lexical_structural_posthoc,pareto_front,0.4382202719204661,classic_revolution,deepseek-chat,8,158,aspdac2026/deepseek_clean_results/RTLLM/Prob043_RAM,0,0,0,2
RTLLM,0.4884037998225401,1.0,210,aspdac2026_release,lexical_structural_posthoc,generated,0.32257465098719756,classic_revolution,deepseek-chat,10,210,aspdac2026/deepseek_clean_results/RTLLM/Prob043_RAM,0,0,0,3
RTLLM,0.4884037998225401,1.0,82,aspdac2026_release,lexical_structural_posthoc,functional,0.32257465098719756,classic_revolution,deepseek-chat,10,210,aspdac2026/deepseek_clean_results/RTLLM/Prob043_RAM,0,0,0,2
RTLLM,0.4884037998225401,1.0,82,aspdac2026_release,lexical_structural_posthoc,synthesis_valid,0.32257465098719756,classic_revolution,deepseek-chat,10,210,aspdac2026/deepseek_clean_results/RTLLM/Prob043_RAM,0,0,0,2
RTLLM,0.4884037998225401,1.0,82,aspdac2026_release,lexical_structural_posthoc,valid_ppa,0.32257465098719756,classic_revolution,deepseek-chat,10,210,aspdac2026/deepseek_clean_results/RTLLM/Prob043_RAM,0,0,0,2
RTLLM,0.4884037998225401,1.0,10,aspdac2026_release,lexical_structural_posthoc,pareto_front,0.4358007450516479,classic_revolution,deepseek-chat,10,210,aspdac2026/deepseek_clean_results/RTLLM/Prob043_RAM,0,0,0,2
RTLLM,-0.0,0.25,53,aspdac2026_release,lexical_structural_posthoc,generated,-0.18210283454185888,classic_revolution,deepseek-chat,7,53,aspdac2026/deepseek_clean_results/RTLLM/Prob044_ROM,0,0,0,5
RTLLM,-0.0,0.25,37,aspdac2026_release,lexical_structural_posthoc,functional,-0.18210283454185888,classic_revolution,deepseek-chat,7,53,aspdac2026/deepseek_clean_results/RTLLM/Prob044_ROM,0,0,0,4
RTLLM,-0.0,0.25,37,aspdac2026_release,lexical_structural_posthoc,synthesis_valid,-0.18210283454185888,classic_revolution,deepseek-chat,7,53,aspdac2026/deepseek_clean_results/RTLLM/Prob044_ROM,0,0,0,4
RTLLM,-0.0,0.25,37,aspdac2026_release,lexical_structural_posthoc,valid_ppa,-0.18210283454185888,classic_revolution,deepseek-chat,7,53,aspdac2026/deepseek_clean_results/RTLLM/Prob044_ROM,0,0,0,4
RTLLM,-0.0,0.25,7,aspdac2026_release,lexical_structural_posthoc,pareto_front,-0.013539074166251866,classic_revolution,deepseek-chat,7,53,aspdac2026/deepseek_clean_results/RTLLM/Prob044_ROM,0,0,0,2
RTLLM,-0.0,0.5,105,aspdac2026_release,lexical_structural_posthoc,generated,-0.16915320451905805,classic_revolution,deepseek-chat,21,105,aspdac2026/deepseek_clean_results/RTLLM/Prob044_ROM,0,0,0,6
RTLLM,-0.0,0.5,66,aspdac2026_release,lexical_structural_posthoc,functional,-0.16915320451905805,classic_revolution,deepseek-chat,21,105,aspdac2026/deepseek_clean_results/RTLLM/Prob044_ROM,0,0,0,5
RTLLM,-0.0,0.5,66,aspdac2026_release,lexical_structural_posthoc,synthesis_valid,-0.16915320451905805,classic_revolution,deepseek-chat,21,105,aspdac2026/deepseek_clean_results/RTLLM/Prob044_ROM,0,0,0,5
RTLLM,-0.0,0.5,66,aspdac2026_release,lexical_structural_posthoc,valid_ppa,-0.16915320451905805,classic_revolution,deepseek-chat,21,105,aspdac2026/deepseek_clean_results/RTLLM/Prob044_ROM,0,0,0,5
RTLLM,-0.0,0.5,21,aspdac2026_release,lexical_structural_posthoc,pareto_front,-0.027078148332503733,classic_revolution,deepseek-chat,21,105,aspdac2026/deepseek_clean_results/RTLLM/Prob044_ROM,0,0,0,3
RTLLM,-0.0,0.75,158,aspdac2026_release,lexical_structural_posthoc,generated,-0.16821173406539242,classic_revolution,deepseek-chat,38,158,aspdac2026/deepseek_clean_results/RTLLM/Prob044_ROM,0,0,0,6
RTLLM,-0.0,0.75,99,aspdac2026_release,lexical_structural_posthoc,functional,-0.16821173406539242,classic_revolution,deepseek-chat,38,158,aspdac2026/deepseek_clean_results/RTLLM/Prob044_ROM,0,0,0,5
RTLLM,-0.0,0.75,99,aspdac2026_release,lexical_structural_posthoc,synthesis_valid,-0.16821173406539242,classic_revolution,deepseek-chat,38,158,aspdac2026/deepseek_clean_results/RTLLM/Prob044_ROM,0,0,0,5
RTLLM,-0.0,0.75,99,aspdac2026_release,lexical_structural_posthoc,valid_ppa,-0.16821173406539242,classic_revolution,deepseek-chat,38,158,aspdac2026/deepseek_clean_results/RTLLM/Prob044_ROM,0,0,0,5
RTLLM,-0.0,0.75,38,aspdac2026_release,lexical_structural_posthoc,pareto_front,-0.02992847973592518,classic_revolution,deepseek-chat,38,158,aspdac2026/deepseek_clean_results/RTLLM/Prob044_ROM,0,0,0,3
RTLLM,-0.0,1.0,210,aspdac2026_release,lexical_structural_posthoc,generated,-0.2295895927343347,classic_revolution,deepseek-chat,50,210,aspdac2026/deepseek_clean_results/RTLLM/Prob044_ROM,0,0,0,6
RTLLM,-0.0,1.0,122,aspdac2026_release,lexical_structural_posthoc,functional,-0.2295895927343347,classic_revolution,deepseek-chat,50,210,aspdac2026/deepseek_clean_results/RTLLM/Prob044_ROM,0,0,0,5
RTLLM,-0.0,1.0,122,aspdac2026_release,lexical_structural_posthoc,synthesis_valid,-0.2295895927343347,classic_revolution,deepseek-chat,50,210,aspdac2026/deepseek_clean_results/RTLLM/Prob044_ROM,0,0,0,5
RTLLM,-0.0,1.0,122,aspdac2026_release,lexical_structural_posthoc,valid_ppa,-0.2295895927343347,classic_revolution,deepseek-chat,50,210,aspdac2026/deepseek_clean_results/RTLLM/Prob044_ROM,0,0,0,5
RTLLM,-0.0,1.0,50,aspdac2026_release,lexical_structural_posthoc,pareto_front,-0.028432055749128923,classic_revolution,deepseek-chat,50,210,aspdac2026/deepseek_clean_results/RTLLM/Prob044_ROM,0,0,0,4
RTLLM,,0.25,53,aspdac2026_release,lexical_structural_posthoc,generated,,classic_revolution,deepseek-chat,0,53,aspdac2026/deepseek_clean_results/RTLLM/Prob045_alu,0,0,0,1
RTLLM,,0.25,0,aspdac2026_release,lexical_structural_posthoc,functional,,classic_revolution,deepseek-chat,0,53,aspdac2026/deepseek_clean_results/RTLLM/Prob045_alu,0,0,0,0
RTLLM,,0.25,0,aspdac2026_release,lexical_structural_posthoc,synthesis_valid,,classic_revolution,deepseek-chat,0,53,aspdac2026/deepseek_clean_results/RTLLM/Prob045_alu,0,0,0,0
RTLLM,,0.25,0,aspdac2026_release,lexical_structural_posthoc,valid_ppa,,classic_revolution,deepseek-chat,0,53,aspdac2026/deepseek_clean_results/RTLLM/Prob045_alu,0,0,0,0
RTLLM,,0.25,0,aspdac2026_release,lexical_structural_posthoc,pareto_front,,classic_revolution,deepseek-chat,0,53,aspdac2026/deepseek_clean_results/RTLLM/Prob045_alu,0,0,0,0
RTLLM,,0.5,105,aspdac2026_release,lexical_structural_posthoc,generated,,classic_revolution,deepseek-chat,0,105,aspdac2026/deepseek_clean_results/RTLLM/Prob045_alu,0,0,0,1
RTLLM,,0.5,0,aspdac2026_release,lexical_structural_posthoc,functional,,classic_revolution,deepseek-chat,0,105,aspdac2026/deepseek_clean_results/RTLLM/Prob045_alu,0,0,0,0
RTLLM,,0.5,0,aspdac2026_release,lexical_structural_posthoc,synthesis_valid,,classic_revolution,deepseek-chat,0,105,aspdac2026/deepseek_clean_results/RTLLM/Prob045_alu,0,0,0,0
RTLLM,,0.5,0,aspdac2026_release,lexical_structural_posthoc,valid_ppa,,classic_revolution,deepseek-chat,0,105,aspdac2026/deepseek_clean_results/RTLLM/Prob045_alu,0,0,0,0
RTLLM,,0.5,0,aspdac2026_release,lexical_structural_posthoc,pareto_front,,classic_revolution,deepseek-chat,0,105,aspdac2026/deepseek_clean_results/RTLLM/Prob045_alu,0,0,0,0
RTLLM,,0.75,158,aspdac2026_release,lexical_structural_posthoc,generated,,classic_revolution,deepseek-chat,0,158,aspdac2026/deepseek_clean_results/RTLLM/Prob045_alu,0,0,0,1
RTLLM,,0.75,0,aspdac2026_release,lexical_structural_posthoc,functional,,classic_revolution,deepseek-chat,0,158,aspdac2026/deepseek_clean_results/RTLLM/Prob045_alu,0,0,0,0
RTLLM,,0.75,0,aspdac2026_release,lexical_structural_posthoc,synthesis_valid,,classic_revolution,deepseek-chat,0,158,aspdac2026/deepseek_clean_results/RTLLM/Prob045_alu,0,0,0,0
RTLLM,,0.75,0,aspdac2026_release,lexical_structural_posthoc,valid_ppa,,classic_revolution,deepseek-chat,0,158,aspdac2026/deepseek_clean_results/RTLLM/Prob045_alu,0,0,0,0
RTLLM,,0.75,0,aspdac2026_release,lexical_structural_posthoc,pareto_front,,classic_revolution,deepseek-chat,0,158,aspdac2026/deepseek_clean_results/RTLLM/Prob045_alu,0,0,0,0
RTLLM,,1.0,210,aspdac2026_release,lexical_structural_posthoc,generated,,classic_revolution,deepseek-chat,0,210,aspdac2026/deepseek_clean_results/RTLLM/Prob045_alu,0,0,0,1
RTLLM,,1.0,0,aspdac2026_release,lexical_structural_posthoc,functional,,classic_revolution,deepseek-chat,0,210,aspdac2026/deepseek_clean_results/RTLLM/Prob045_alu,0,0,0,0
RTLLM,,1.0,0,aspdac2026_release,lexical_structural_posthoc,synthesis_valid,,classic_revolution,deepseek-chat,0,210,aspdac2026/deepseek_clean_results/RTLLM/Prob045_alu,0,0,0,0
RTLLM,,1.0,0,aspdac2026_release,lexical_structural_posthoc,valid_ppa,,classic_revolution,deepseek-chat,0,210,aspdac2026/deepseek_clean_results/RTLLM/Prob045_alu,0,0,0,0
RTLLM,,1.0,0,aspdac2026_release,lexical_structural_posthoc,pareto_front,,classic_revolution,deepseek-chat,0,210,aspdac2026/deepseek_clean_results/RTLLM/Prob045_alu,0,0,0,0
RTLLM,,0.25,53,aspdac2026_release,lexical_structural_posthoc,generated,,classic_revolution,deepseek-chat,0,53,aspdac2026/deepseek_clean_results/RTLLM/Prob046_clkgenerator,0,0,0,1
RTLLM,,0.25,0,aspdac2026_release,lexical_structural_posthoc,functional,,classic_revolution,deepseek-chat,0,53,aspdac2026/deepseek_clean_results/RTLLM/Prob046_clkgenerator,0,0,0,0
RTLLM,,0.25,0,aspdac2026_release,lexical_structural_posthoc,synthesis_valid,,classic_revolution,deepseek-chat,0,53,aspdac2026/deepseek_clean_results/RTLLM/Prob046_clkgenerator,0,0,0,0
RTLLM,,0.25,0,aspdac2026_release,lexical_structural_posthoc,valid_ppa,,classic_revolution,deepseek-chat,0,53,aspdac2026/deepseek_clean_results/RTLLM/Prob046_clkgenerator,0,0,0,0
RTLLM,,0.25,0,aspdac2026_release,lexical_structural_posthoc,pareto_front,,classic_revolution,deepseek-chat,0,53,aspdac2026/deepseek_clean_results/RTLLM/Prob046_clkgenerator,0,0,0,0
RTLLM,,0.5,105,aspdac2026_release,lexical_structural_posthoc,generated,,classic_revolution,deepseek-chat,0,105,aspdac2026/deepseek_clean_results/RTLLM/Prob046_clkgenerator,0,0,0,1
RTLLM,,0.5,0,aspdac2026_release,lexical_structural_posthoc,functional,,classic_revolution,deepseek-chat,0,105,aspdac2026/deepseek_clean_results/RTLLM/Prob046_clkgenerator,0,0,0,0
RTLLM,,0.5,0,aspdac2026_release,lexical_structural_posthoc,synthesis_valid,,classic_revolution,deepseek-chat,0,105,aspdac2026/deepseek_clean_results/RTLLM/Prob046_clkgenerator,0,0,0,0
RTLLM,,0.5,0,aspdac2026_release,lexical_structural_posthoc,valid_ppa,,classic_revolution,deepseek-chat,0,105,aspdac2026/deepseek_clean_results/RTLLM/Prob046_clkgenerator,0,0,0,0
RTLLM,,0.5,0,aspdac2026_release,lexical_structural_posthoc,pareto_front,,classic_revolution,deepseek-chat,0,105,aspdac2026/deepseek_clean_results/RTLLM/Prob046_clkgenerator,0,0,0,0
RTLLM,,0.75,158,aspdac2026_release,lexical_structural_posthoc,generated,,classic_revolution,deepseek-chat,0,158,aspdac2026/deepseek_clean_results/RTLLM/Prob046_clkgenerator,0,0,0,1
RTLLM,,0.75,0,aspdac2026_release,lexical_structural_posthoc,functional,,classic_revolution,deepseek-chat,0,158,aspdac2026/deepseek_clean_results/RTLLM/Prob046_clkgenerator,0,0,0,0
RTLLM,,0.75,0,aspdac2026_release,lexical_structural_posthoc,synthesis_valid,,classic_revolution,deepseek-chat,0,158,aspdac2026/deepseek_clean_results/RTLLM/Prob046_clkgenerator,0,0,0,0
RTLLM,,0.75,0,aspdac2026_release,lexical_structural_posthoc,valid_ppa,,classic_revolution,deepseek-chat,0,158,aspdac2026/deepseek_clean_results/RTLLM/Prob046_clkgenerator,0,0,0,0
RTLLM,,0.75,0,aspdac2026_release,lexical_structural_posthoc,pareto_front,,classic_revolution,deepseek-chat,0,158,aspdac2026/deepseek_clean_results/RTLLM/Prob046_clkgenerator,0,0,0,0
RTLLM,,1.0,210,aspdac2026_release,lexical_structural_posthoc,generated,,classic_revolution,deepseek-chat,0,210,aspdac2026/deepseek_clean_results/RTLLM/Prob046_clkgenerator,0,0,0,1
RTLLM,,1.0,0,aspdac2026_release,lexical_structural_posthoc,functional,,classic_revolution,deepseek-chat,0,210,aspdac2026/deepseek_clean_results/RTLLM/Prob046_clkgenerator,0,0,0,0
RTLLM,,1.0,0,aspdac2026_release,lexical_structural_posthoc,synthesis_valid,,classic_revolution,deepseek-chat,0,210,aspdac2026/deepseek_clean_results/RTLLM/Prob046_clkgenerator,0,0,0,0
RTLLM,,1.0,0,aspdac2026_release,lexical_structural_posthoc,valid_ppa,,classic_revolution,deepseek-chat,0,210,aspdac2026/deepseek_clean_results/RTLLM/Prob046_clkgenerator,0,0,0,0
RTLLM,,1.0,0,aspdac2026_release,lexical_structural_posthoc,pareto_front,,classic_revolution,deepseek-chat,0,210,aspdac2026/deepseek_clean_results/RTLLM/Prob046_clkgenerator,0,0,0,0
RTLLM,0.05684754521963826,0.25,53,aspdac2026_release,lexical_structural_posthoc,generated,-0.02845513743826557,classic_revolution,deepseek-chat,0,53,aspdac2026/deepseek_clean_results/RTLLM/Prob047_instr_reg,0,0,0,3
RTLLM,0.05684754521963826,0.25,36,aspdac2026_release,lexical_structural_posthoc,functional,-0.02845513743826557,classic_revolution,deepseek-chat,0,53,aspdac2026/deepseek_clean_results/RTLLM/Prob047_instr_reg,0,0,0,2
RTLLM,0.05684754521963826,0.25,36,aspdac2026_release,lexical_structural_posthoc,synthesis_valid,-0.02845513743826557,classic_revolution,deepseek-chat,0,53,aspdac2026/deepseek_clean_results/RTLLM/Prob047_instr_reg,0,0,0,2
RTLLM,0.05684754521963826,0.25,36,aspdac2026_release,lexical_structural_posthoc,valid_ppa,-0.02845513743826557,classic_revolution,deepseek-chat,0,53,aspdac2026/deepseek_clean_results/RTLLM/Prob047_instr_reg,0,0,0,2
RTLLM,,0.25,0,aspdac2026_release,lexical_structural_posthoc,pareto_front,,classic_revolution,deepseek-chat,0,53,aspdac2026/deepseek_clean_results/RTLLM/Prob047_instr_reg,0,0,0,0
RTLLM,0.2544676785442859,0.5,105,aspdac2026_release,lexical_structural_posthoc,generated,-0.049893661168171004,classic_revolution,deepseek-chat,0,105,aspdac2026/deepseek_clean_results/RTLLM/Prob047_instr_reg,0,0,0,3
RTLLM,0.2544676785442859,0.5,72,aspdac2026_release,lexical_structural_posthoc,functional,-0.049893661168171004,classic_revolution,deepseek-chat,0,105,aspdac2026/deepseek_clean_results/RTLLM/Prob047_instr_reg,0,0,0,2
RTLLM,0.2544676785442859,0.5,72,aspdac2026_release,lexical_structural_posthoc,synthesis_valid,-0.049893661168171004,classic_revolution,deepseek-chat,0,105,aspdac2026/deepseek_clean_results/RTLLM/Prob047_instr_reg,0,0,0,2
RTLLM,0.2544676785442859,0.5,72,aspdac2026_release,lexical_structural_posthoc,valid_ppa,-0.049893661168171004,classic_revolution,deepseek-chat,0,105,aspdac2026/deepseek_clean_results/RTLLM/Prob047_instr_reg,0,0,0,2
RTLLM,,0.5,0,aspdac2026_release,lexical_structural_posthoc,pareto_front,,classic_revolution,deepseek-chat,0,105,aspdac2026/deepseek_clean_results/RTLLM/Prob047_instr_reg,0,0,0,0
RTLLM,0.2544676785442859,0.75,158,aspdac2026_release,lexical_structural_posthoc,generated,-0.056066053710072505,classic_revolution,deepseek-chat,0,158,aspdac2026/deepseek_clean_results/RTLLM/Prob047_instr_reg,0,0,0,3
RTLLM,0.2544676785442859,0.75,117,aspdac2026_release,lexical_structural_posthoc,functional,-0.056066053710072505,classic_revolution,deepseek-chat,0,158,aspdac2026/deepseek_clean_results/RTLLM/Prob047_instr_reg,0,0,0,2
RTLLM,0.2544676785442859,0.75,117,aspdac2026_release,lexical_structural_posthoc,synthesis_valid,-0.056066053710072505,classic_revolution,deepseek-chat,0,158,aspdac2026/deepseek_clean_results/RTLLM/Prob047_instr_reg,0,0,0,2
RTLLM,0.2544676785442859,0.75,117,aspdac2026_release,lexical_structural_posthoc,valid_ppa,-0.056066053710072505,classic_revolution,deepseek-chat,0,158,aspdac2026/deepseek_clean_results/RTLLM/Prob047_instr_reg,0,0,0,2
RTLLM,,0.75,0,aspdac2026_release,lexical_structural_posthoc,pareto_front,,classic_revolution,deepseek-chat,0,158,aspdac2026/deepseek_clean_results/RTLLM/Prob047_instr_reg,0,0,0,0
RTLLM,0.805969209389182,1.0,210,aspdac2026_release,lexical_structural_posthoc,generated,-0.045364687594856,classic_revolution,deepseek-chat,2,210,aspdac2026/deepseek_clean_results/RTLLM/Prob047_instr_reg,0,0,0,4
RTLLM,0.805969209389182,1.0,158,aspdac2026_release,lexical_structural_posthoc,functional,-0.045364687594856,classic_revolution,deepseek-chat,2,210,aspdac2026/deepseek_clean_results/RTLLM/Prob047_instr_reg,0,0,0,3
RTLLM,0.805969209389182,1.0,158,aspdac2026_release,lexical_structural_posthoc,synthesis_valid,-0.045364687594856,classic_revolution,deepseek-chat,2,210,aspdac2026/deepseek_clean_results/RTLLM/Prob047_instr_reg,0,0,0,3
RTLLM,0.805969209389182,1.0,158,aspdac2026_release,lexical_structural_posthoc,valid_ppa,-0.045364687594856,classic_revolution,deepseek-chat,2,210,aspdac2026/deepseek_clean_results/RTLLM/Prob047_instr_reg,0,0,0,3
RTLLM,0.805969209389182,1.0,2,aspdac2026_release,lexical_structural_posthoc,pareto_front,0.805969209389182,classic_revolution,deepseek-chat,2,210,aspdac2026/deepseek_clean_results/RTLLM/Prob047_instr_reg,0,0,0,1
RTLLM,0.10206222253964753,0.25,53,aspdac2026_release,lexical_structural_posthoc,generated,0.015119681423801322,classic_revolution,deepseek-chat,0,53,aspdac2026/deepseek_clean_results/RTLLM/Prob048_pe,0,0,0,2
RTLLM,0.10206222253964753,0.25,32,aspdac2026_release,lexical_structural_posthoc,functional,0.015119681423801322,classic_revolution,deepseek-chat,0,53,aspdac2026/deepseek_clean_results/RTLLM/Prob048_pe,0,0,0,1
RTLLM,0.10206222253964753,0.25,32,aspdac2026_release,lexical_structural_posthoc,synthesis_valid,0.015119681423801322,classic_revolution,deepseek-chat,0,53,aspdac2026/deepseek_clean_results/RTLLM/Prob048_pe,0,0,0,1
RTLLM,0.10206222253964753,0.25,32,aspdac2026_release,lexical_structural_posthoc,valid_ppa,0.015119681423801322,classic_revolution,deepseek-chat,0,53,aspdac2026/deepseek_clean_results/RTLLM/Prob048_pe,0,0,0,1
RTLLM,,0.25,0,aspdac2026_release,lexical_structural_posthoc,pareto_front,,classic_revolution,deepseek-chat,0,53,aspdac2026/deepseek_clean_results/RTLLM/Prob048_pe,0,0,0,0
RTLLM,0.10206222253964753,0.5,105,aspdac2026_release,lexical_structural_posthoc,generated,0.013568508848488054,classic_revolution,deepseek-chat,0,105,aspdac2026/deepseek_clean_results/RTLLM/Prob048_pe,0,0,0,2
RTLLM,0.10206222253964753,0.5,53,aspdac2026_release,lexical_structural_posthoc,functional,0.013568508848488054,classic_revolution,deepseek-chat,0,105,aspdac2026/deepseek_clean_results/RTLLM/Prob048_pe,0,0,0,1
RTLLM,0.10206222253964753,0.5,53,aspdac2026_release,lexical_structural_posthoc,synthesis_valid,0.013568508848488054,classic_revolution,deepseek-chat,0,105,aspdac2026/deepseek_clean_results/RTLLM/Prob048_pe,0,0,0,1
RTLLM,0.10206222253964753,0.5,53,aspdac2026_release,lexical_structural_posthoc,valid_ppa,0.013568508848488054,classic_revolution,deepseek-chat,0,105,aspdac2026/deepseek_clean_results/RTLLM/Prob048_pe,0,0,0,1
RTLLM,,0.5,0,aspdac2026_release,lexical_structural_posthoc,pareto_front,,classic_revolution,deepseek-chat,0,105,aspdac2026/deepseek_clean_results/RTLLM/Prob048_pe,0,0,0,0
RTLLM,0.11193580574671953,0.75,158,aspdac2026_release,lexical_structural_posthoc,generated,0.013608210250148897,classic_revolution,deepseek-chat,1,158,aspdac2026/deepseek_clean_results/RTLLM/Prob048_pe,0,0,0,2
RTLLM,0.11193580574671953,0.75,83,aspdac2026_release,lexical_structural_posthoc,functional,0.013608210250148897,classic_revolution,deepseek-chat,1,158,aspdac2026/deepseek_clean_results/RTLLM/Prob048_pe,0,0,0,1
RTLLM,0.11193580574671953,0.75,83,aspdac2026_release,lexical_structural_posthoc,synthesis_valid,0.013608210250148897,classic_revolution,deepseek-chat,1,158,aspdac2026/deepseek_clean_results/RTLLM/Prob048_pe,0,0,0,1
RTLLM,0.11193580574671953,0.75,83,aspdac2026_release,lexical_structural_posthoc,valid_ppa,0.013608210250148897,classic_revolution,deepseek-chat,1,158,aspdac2026/deepseek_clean_results/RTLLM/Prob048_pe,0,0,0,1
RTLLM,0.11193580574671953,0.75,1,aspdac2026_release,lexical_structural_posthoc,pareto_front,0.11193580574671953,classic_revolution,deepseek-chat,1,158,aspdac2026/deepseek_clean_results/RTLLM/Prob048_pe,0,0,0,1
RTLLM,0.11193580574671953,1.0,210,aspdac2026_release,lexical_structural_posthoc,generated,0.014565344300984042,classic_revolution,deepseek-chat,1,210,aspdac2026/deepseek_clean_results/RTLLM/Prob048_pe,0,0,0,2
RTLLM,0.11193580574671953,1.0,112,aspdac2026_release,lexical_structural_posthoc,functional,0.014565344300984042,classic_revolution,deepseek-chat,1,210,aspdac2026/deepseek_clean_results/RTLLM/Prob048_pe,0,0,0,1
RTLLM,0.11193580574671953,1.0,112,aspdac2026_release,lexical_structural_posthoc,synthesis_valid,0.014565344300984042,classic_revolution,deepseek-chat,1,210,aspdac2026/deepseek_clean_results/RTLLM/Prob048_pe,0,0,0,1
RTLLM,0.11193580574671953,1.0,112,aspdac2026_release,lexical_structural_posthoc,valid_ppa,0.014565344300984042,classic_revolution,deepseek-chat,1,210,aspdac2026/deepseek_clean_results/RTLLM/Prob048_pe,0,0,0,1
RTLLM,0.11193580574671953,1.0,1,aspdac2026_release,lexical_structural_posthoc,pareto_front,0.11193580574671953,classic_revolution,deepseek-chat,1,210,aspdac2026/deepseek_clean_results/RTLLM/Prob048_pe,0,0,0,1
RTLLM,0.25984938304829974,0.25,53,aspdac2026_release,lexical_structural_posthoc,generated,0.24462222325821553,classic_revolution,deepseek-chat,5,53,aspdac2026/deepseek_clean_results/RTLLM/Prob049_signal_generator,0,0,0,3
RTLLM,0.25984938304829974,0.25,5,aspdac2026_release,lexical_structural_posthoc,functional,0.24462222325821553,classic_revolution,deepseek-chat,5,53,aspdac2026/deepseek_clean_results/RTLLM/Prob049_signal_generator,0,0,0,2
RTLLM,0.25984938304829974,0.25,5,aspdac2026_release,lexical_structural_posthoc,synthesis_valid,0.24462222325821553,classic_revolution,deepseek-chat,5,53,aspdac2026/deepseek_clean_results/RTLLM/Prob049_signal_generator,0,0,0,2
RTLLM,0.25984938304829974,0.25,5,aspdac2026_release,lexical_structural_posthoc,valid_ppa,0.24462222325821553,classic_revolution,deepseek-chat,5,53,aspdac2026/deepseek_clean_results/RTLLM/Prob049_signal_generator,0,0,0,2
RTLLM,0.25984938304829974,0.25,5,aspdac2026_release,lexical_structural_posthoc,pareto_front,0.24462222325821553,classic_revolution,deepseek-chat,5,53,aspdac2026/deepseek_clean_results/RTLLM/Prob049_signal_generator,0,0,0,2
RTLLM,0.2741941237279797,0.5,105,aspdac2026_release,lexical_structural_posthoc,generated,0.19907347633169753,classic_revolution,deepseek-chat,11,105,aspdac2026/deepseek_clean_results/RTLLM/Prob049_signal_generator,0,0,0,3
RTLLM,0.2741941237279797,0.5,14,aspdac2026_release,lexical_structural_posthoc,functional,0.19907347633169753,classic_revolution,deepseek-chat,11,105,aspdac2026/deepseek_clean_results/RTLLM/Prob049_signal_generator,0,0,0,2
RTLLM,0.2741941237279797,0.5,14,aspdac2026_release,lexical_structural_posthoc,synthesis_valid,0.19907347633169753,classic_revolution,deepseek-chat,11,105,aspdac2026/deepseek_clean_results/RTLLM/Prob049_signal_generator,0,0,0,2
RTLLM,0.2741941237279797,0.5,14,aspdac2026_release,lexical_structural_posthoc,valid_ppa,0.19907347633169753,classic_revolution,deepseek-chat,11,105,aspdac2026/deepseek_clean_results/RTLLM/Prob049_signal_generator,0,0,0,2
RTLLM,0.2741941237279797,0.5,11,aspdac2026_release,lexical_structural_posthoc,pareto_front,0.242834428366534,classic_revolution,deepseek-chat,11,105,aspdac2026/deepseek_clean_results/RTLLM/Prob049_signal_generator,0,0,0,2
RTLLM,0.2741941237279797,0.75,158,aspdac2026_release,lexical_structural_posthoc,generated,0.21446596199273382,classic_revolution,deepseek-chat,23,158,aspdac2026/deepseek_clean_results/RTLLM/Prob049_signal_generator,0,0,0,3
RTLLM,0.2741941237279797,0.75,28,aspdac2026_release,lexical_structural_posthoc,functional,0.21446596199273382,classic_revolution,deepseek-chat,23,158,aspdac2026/deepseek_clean_results/RTLLM/Prob049_signal_generator,0,0,0,2
RTLLM,0.2741941237279797,0.75,28,aspdac2026_release,lexical_structural_posthoc,synthesis_valid,0.21446596199273382,classic_revolution,deepseek-chat,23,158,aspdac2026/deepseek_clean_results/RTLLM/Prob049_signal_generator,0,0,0,2
RTLLM,0.2741941237279797,0.75,28,aspdac2026_release,lexical_structural_posthoc,valid_ppa,0.21446596199273382,classic_revolution,deepseek-chat,23,158,aspdac2026/deepseek_clean_results/RTLLM/Prob049_signal_generator,0,0,0,2
RTLLM,0.2741941237279797,0.75,23,aspdac2026_release,lexical_structural_posthoc,pareto_front,0.24396144735007305,classic_revolution,deepseek-chat,23,158,aspdac2026/deepseek_clean_results/RTLLM/Prob049_signal_generator,0,0,0,2
RTLLM,0.2741941237279797,1.0,210,aspdac2026_release,lexical_structural_posthoc,generated,0.20771361800311566,classic_revolution,deepseek-chat,29,210,aspdac2026/deepseek_clean_results/RTLLM/Prob049_signal_generator,0,0,0,3
RTLLM,0.2741941237279797,1.0,35,aspdac2026_release,lexical_structural_posthoc,functional,0.20771361800311566,classic_revolution,deepseek-chat,29,210,aspdac2026/deepseek_clean_results/RTLLM/Prob049_signal_generator,0,0,0,2
RTLLM,0.2741941237279797,1.0,35,aspdac2026_release,lexical_structural_posthoc,synthesis_valid,0.20771361800311566,classic_revolution,deepseek-chat,29,210,aspdac2026/deepseek_clean_results/RTLLM/Prob049_signal_generator,0,0,0,2
RTLLM,0.2741941237279797,1.0,35,aspdac2026_release,lexical_structural_posthoc,valid_ppa,0.20771361800311566,classic_revolution,deepseek-chat,29,210,aspdac2026/deepseek_clean_results/RTLLM/Prob049_signal_generator,0,0,0,2
RTLLM,0.2741941237279797,1.0,29,aspdac2026_release,lexical_structural_posthoc,pareto_front,0.24542500037966794,classic_revolution,deepseek-chat,29,210,aspdac2026/deepseek_clean_results/RTLLM/Prob049_signal_generator,0,0,0,2
RTLLM,0.5892684199185747,0.25,53,aspdac2026_release,lexical_structural_posthoc,generated,-0.9006643490247459,classic_revolution,deepseek-chat,0,53,aspdac2026/deepseek_clean_results/RTLLM/Prob050_square_wave,0,0,0,2
RTLLM,0.5892684199185747,0.25,49,aspdac2026_release,lexical_structural_posthoc,functional,-0.9006643490247459,classic_revolution,deepseek-chat,0,53,aspdac2026/deepseek_clean_results/RTLLM/Prob050_square_wave,0,0,0,1
RTLLM,0.5892684199185747,0.25,49,aspdac2026_release,lexical_structural_posthoc,synthesis_valid,-0.9006643490247459,classic_revolution,deepseek-chat,0,53,aspdac2026/deepseek_clean_results/RTLLM/Prob050_square_wave,0,0,0,1
RTLLM,0.5892684199185747,0.25,49,aspdac2026_release,lexical_structural_posthoc,valid_ppa,-0.9006643490247459,classic_revolution,deepseek-chat,0,53,aspdac2026/deepseek_clean_results/RTLLM/Prob050_square_wave,0,0,0,1
RTLLM,,0.25,0,aspdac2026_release,lexical_structural_posthoc,pareto_front,,classic_revolution,deepseek-chat,0,53,aspdac2026/deepseek_clean_results/RTLLM/Prob050_square_wave,0,0,0,0
RTLLM,0.9971985610632917,0.5,105,aspdac2026_release,lexical_structural_posthoc,generated,-0.48576653060277364,classic_revolution,deepseek-chat,1,105,aspdac2026/deepseek_clean_results/RTLLM/Prob050_square_wave,0,0,0,2
RTLLM,0.9971985610632917,0.5,91,aspdac2026_release,lexical_structural_posthoc,functional,-0.48576653060277364,classic_revolution,deepseek-chat,1,105,aspdac2026/deepseek_clean_results/RTLLM/Prob050_square_wave,0,0,0,1
RTLLM,0.9971985610632917,0.5,91,aspdac2026_release,lexical_structural_posthoc,synthesis_valid,-0.48576653060277364,classic_revolution,deepseek-chat,1,105,aspdac2026/deepseek_clean_results/RTLLM/Prob050_square_wave,0,0,0,1
RTLLM,0.9971985610632917,0.5,91,aspdac2026_release,lexical_structural_posthoc,valid_ppa,-0.48576653060277364,classic_revolution,deepseek-chat,1,105,aspdac2026/deepseek_clean_results/RTLLM/Prob050_square_wave,0,0,0,1
RTLLM,0.9971985610632917,0.5,1,aspdac2026_release,lexical_structural_posthoc,pareto_front,0.9971985610632917,classic_revolution,deepseek-chat,1,105,aspdac2026/deepseek_clean_results/RTLLM/Prob050_square_wave,0,0,0,1
RTLLM,0.9971985610632917,0.75,158,aspdac2026_release,lexical_structural_posthoc,generated,-0.33711477404785684,classic_revolution,deepseek-chat,2,158,aspdac2026/deepseek_clean_results/RTLLM/Prob050_square_wave,0,0,0,3
RTLLM,0.9971985610632917,0.75,141,aspdac2026_release,lexical_structural_posthoc,functional,-0.33711477404785684,classic_revolution,deepseek-chat,2,158,aspdac2026/deepseek_clean_results/RTLLM/Prob050_square_wave,0,0,0,2
RTLLM,0.9971985610632917,0.75,141,aspdac2026_release,lexical_structural_posthoc,synthesis_valid,-0.33711477404785684,classic_revolution,deepseek-chat,2,158,aspdac2026/deepseek_clean_results/RTLLM/Prob050_square_wave,0,0,0,2
RTLLM,0.9971985610632917,0.75,141,aspdac2026_release,lexical_structural_posthoc,valid_ppa,-0.33711477404785684,classic_revolution,deepseek-chat,2,158,aspdac2026/deepseek_clean_results/RTLLM/Prob050_square_wave,0,0,0,2
RTLLM,0.9971985610632917,0.75,2,aspdac2026_release,lexical_structural_posthoc,pareto_front,0.9971985610632917,classic_revolution,deepseek-chat,2,158,aspdac2026/deepseek_clean_results/RTLLM/Prob050_square_wave,0,0,0,1
RTLLM,0.9971985610632917,1.0,210,aspdac2026_release,lexical_structural_posthoc,generated,-0.2631382063056733,classic_revolution,deepseek-chat,3,210,aspdac2026/deepseek_clean_results/RTLLM/Prob050_square_wave,0,0,0,3
RTLLM,0.9971985610632917,1.0,186,aspdac2026_release,lexical_structural_posthoc,functional,-0.2631382063056733,classic_revolution,deepseek-chat,3,210,aspdac2026/deepseek_clean_results/RTLLM/Prob050_square_wave,0,0,0,2
RTLLM,0.9971985610632917,1.0,186,aspdac2026_release,lexical_structural_posthoc,synthesis_valid,-0.2631382063056733,classic_revolution,deepseek-chat,3,210,aspdac2026/deepseek_clean_results/RTLLM/Prob050_square_wave,0,0,0,2
RTLLM,0.9971985610632917,1.0,186,aspdac2026_release,lexical_structural_posthoc,valid_ppa,-0.2631382063056733,classic_revolution,deepseek-chat,3,210,aspdac2026/deepseek_clean_results/RTLLM/Prob050_square_wave,0,0,0,2
RTLLM,0.9971985610632917,1.0,3,aspdac2026_release,lexical_structural_posthoc,pareto_front,0.9971985610632917,classic_revolution,deepseek-chat,3,210,aspdac2026/deepseek_clean_results/RTLLM/Prob050_square_wave,0,0,0,1
