backend,benchmark,problem,circuit_type,search_mode,archive_type,descriptor_profile,generation,generation_views_available,source,candidate_id,strategy,score,quality_score,color_score,origin_pool,generated_mode,decision,inserted,replaced,cell_id,is_final_elite,area,power,eff_clk_period,tns,wns,g_A,g_P,g_T,report_path,candidate_dir,code_file_path,metrics_json_path,qd_event_path,vcd_file_path,has_qd_event,has_metrics_json,has_code_file,has_vcd_file,has_structural_metrics,has_rtl_metrics,has_graph_metrics,has_dynamic_metrics,has_physical_metrics,warning_messages,adder_ratio,always_count,arith_count,arithmetic_cells,assign_count,ast_depth_est,case_count,cell_count_log,comb_ratio,comb_width_log,combinational_cells,compare_count,control_count,control_pipeline_ratio,ctrl_depth_est,edge_per_node,ff_depth,for_count,fsm_state_count_est,hyper_cell_count,hyper_directed_edge_count,hyper_driven_net_count,hyper_fanout_entropy,hyper_max_fanout,hyper_max_level,hyper_max_level_delta,hyper_mean_fanout,hyper_net_count,hyper_sink_net_count,if_count,laplacian_lambda2,laplacian_spectral_entropy,log_edge_count,log_max_level,log_net_count,log_node_count,logic_depth,logic_depth_ltp,logic_depth_ltp_delta,logic_op_count,ltp_noff,math_op_ast_count,max_identifier_fanout,max_rhs_operator_count,mul_count,mux_cells,mux_ratio,operator_mix_score,pipeline_event_count,reconv_sink_ratio,reconv_source_ratio,rent_clamped_flag,rent_confidence,rent_exponent,rent_exponent_confidence_gated,rent_graph_node_count,rent_k,rent_r2,rent_raw_sample_count,rent_retained_sample_ratio,rent_sample_count,resource_sharing_ratio_est,rtl_char_count,rtl_cyclomatic_max_log,rtl_cyclomatic_total_log,rtl_instance_count_est,rtl_line_count,rtl_nonempty_line_count,scoap_cc0_bin_0_pct,scoap_cc0_bin_1_pct,scoap_cc0_bin_2_pct,scoap_cc0_bin_3_pct,scoap_cc1_bin_0_pct,scoap_cc1_bin_1_pct,scoap_cc1_bin_2_pct,scoap_cc1_bin_3_pct,scoap_co_bin_0_pct,scoap_co_bin_1_pct,scoap_co_bin_2_pct,scoap_co_bin_3_pct,scoap_signal_smoothness,seq_ratio,sequential_cells,share_family_inv,shift_op_count,sog_complexity_score,sog_entropy,state_control_ratio,ternary_count,timing_risk_entropy,timing_risk_score,total_cells,unique_identifier_count,utilization,wire_cell_ratio_est,wire_count_log_est
classic,RTLLM,Prob004_adder_8bit,combinational,revolution,,,1,True,generation_log,7da0c8d8-4ee3-48b5-8c42-8be80b8c10cb,M-E,0.38154412826809186,,0.38154412826809186,,,,False,False,,False,39.0,2.27e-05,0.0,0.0,0.0,0.15217391304347827,0.9924584717607973,,,,,,,,False,False,False,False,False,False,False,False,False,,,,,,,,,,,,,,,,,,,,,,,,,,,,,,,,,,,,,,,,,,,,,,,,,,,,,,,,,,,,,,,,,,,,,,,,,,,,,,,,,,,,,,,,,,,,,,,,,
classic,RTLLM,Prob004_adder_8bit,combinational,revolution,,,1,True,generation_log,6b2e0882-b0dc-419c-87db-847634eed2df,M-S,0.38154412826809186,,0.38154412826809186,,,,False,False,,False,39.0,2.27e-05,0.0,0.0,0.0,0.15217391304347827,0.9924584717607973,,,,,,,,False,False,False,False,False,False,False,False,False,,,,,,,,,,,,,,,,,,,,,,,,,,,,,,,,,,,,,,,,,,,,,,,,,,,,,,,,,,,,,,,,,,,,,,,,,,,,,,,,,,,,,,,,,,,,,,,,,
classic,RTLLM,Prob004_adder_8bit,combinational,revolution,,,1,True,generation_log,00a6fbae-b68f-4df9-b993-83a743ba83b3,M-I,0.3299003322259136,,0.3299003322259136,,,,False,False,,False,46.0,3.1e-05,0.0,0.0,0.0,0.0,0.9897009966777408,,,,,,,,False,False,False,False,False,False,False,False,False,,,,,,,,,,,,,,,,,,,,,,,,,,,,,,,,,,,,,,,,,,,,,,,,,,,,,,,,,,,,,,,,,,,,,,,,,,,,,,,,,,,,,,,,,,,,,,,,,
classic,RTLLM,Prob004_adder_8bit,combinational,revolution,,,1,True,generation_log,535c1a0c-f66d-4ab7-a2bf-8433b3bc1399,M-I,0.38154412826809186,,0.38154412826809186,,,,False,False,,False,39.0,2.27e-05,0.0,0.0,0.0,0.15217391304347827,0.9924584717607973,,,,,,,,False,False,False,False,False,False,False,False,False,,,,,,,,,,,,,,,,,,,,,,,,,,,,,,,,,,,,,,,,,,,,,,,,,,,,,,,,,,,,,,,,,,,,,,,,,,,,,,,,,,,,,,,,,,,,,,,,,
classic,RTLLM,Prob004_adder_8bit,combinational,revolution,,,1,True,generation_log,41760b61-1f85-4115-be0c-558c3fa17db6,M-R,0.3299003322259136,,0.3299003322259136,,,,False,False,,False,46.0,3.1e-05,0.0,0.0,0.0,0.0,0.9897009966777408,,,,,,,,False,False,False,False,False,False,False,False,False,,,,,,,,,,,,,,,,,,,,,,,,,,,,,,,,,,,,,,,,,,,,,,,,,,,,,,,,,,,,,,,,,,,,,,,,,,,,,,,,,,,,,,,,,,,,,,,,,
classic,RTLLM,Prob004_adder_8bit,combinational,revolution,,,1,True,generation_log,693d92e8-b28e-47cf-9fc0-a21ee1be9288,M-S,0.20567095189946558,,0.20567095189946558,,,,False,False,,False,63.0,4.04e-05,0.0,0.0,0.0,-0.3695652173913043,0.986578073089701,,,,,,,,False,False,False,False,False,False,False,False,False,,,,,,,,,,,,,,,,,,,,,,,,,,,,,,,,,,,,,,,,,,,,,,,,,,,,,,,,,,,,,,,,,,,,,,,,,,,,,,,,,,,,,,,,,,,,,,,,,
classic,RTLLM,Prob004_adder_8bit,combinational,revolution,,,1,True,generation_log,b78aa0a0-0389-4ccc-9f54-055d84cb4da9,M-F,0.3299003322259136,,0.3299003322259136,,,,False,False,,False,46.0,3.1e-05,0.0,0.0,0.0,0.0,0.9897009966777408,,,,,,,,False,False,False,False,False,False,False,False,False,,,,,,,,,,,,,,,,,,,,,,,,,,,,,,,,,,,,,,,,,,,,,,,,,,,,,,,,,,,,,,,,,,,,,,,,,,,,,,,,,,,,,,,,,,,,,,,,,
classic,RTLLM,Prob004_adder_8bit,combinational,revolution,,,1,True,generation_log,619a800f-bfe7-4c45-9564-27eeb33ccf13,M-S,0.20567095189946558,,0.20567095189946558,,,,False,False,,False,63.0,4.04e-05,0.0,0.0,0.0,-0.3695652173913043,0.986578073089701,,,,,,,,False,False,False,False,False,False,False,False,False,,,,,,,,,,,,,,,,,,,,,,,,,,,,,,,,,,,,,,,,,,,,,,,,,,,,,,,,,,,,,,,,,,,,,,,,,,,,,,,,,,,,,,,,,,,,,,,,,
classic,RTLLM,Prob004_adder_8bit,combinational,revolution,,,2,True,generation_log,ae737d4d-54e4-42bd-ba60-9e041b4c24fe,M-E,0.38154412826809186,,0.38154412826809186,,,,False,False,,False,39.0,2.27e-05,0.0,0.0,0.0,0.15217391304347827,0.9924584717607973,,,,,,,,False,False,False,False,False,False,False,False,False,,,,,,,,,,,,,,,,,,,,,,,,,,,,,,,,,,,,,,,,,,,,,,,,,,,,,,,,,,,,,,,,,,,,,,,,,,,,,,,,,,,,,,,,,,,,,,,,,
classic,RTLLM,Prob004_adder_8bit,combinational,revolution,,,2,True,generation_log,f66df93f-c8ab-4c07-b62c-8402e22a9bfc,M-E,-0.022798401463719958,,-0.022798401463719958,,,,False,False,,False,94.0,7.5e-05,0.0,0.0,0.0,-1.0434782608695652,0.9750830564784053,,,,,,,,False,False,False,False,False,False,False,False,False,,,,,,,,,,,,,,,,,,,,,,,,,,,,,,,,,,,,,,,,,,,,,,,,,,,,,,,,,,,,,,,,,,,,,,,,,,,,,,,,,,,,,,,,,,,,,,,,,
classic,RTLLM,Prob004_adder_8bit,combinational,revolution,,,2,True,generation_log,f5a85f8c-19a3-41ce-bf1d-b646a91358f3,M-E,0.38154412826809186,,0.38154412826809186,,,,False,False,,False,39.0,2.27e-05,0.0,0.0,0.0,0.15217391304347827,0.9924584717607973,,,,,,,,False,False,False,False,False,False,False,False,False,,,,,,,,,,,,,,,,,,,,,,,,,,,,,,,,,,,,,,,,,,,,,,,,,,,,,,,,,,,,,,,,,,,,,,,,,,,,,,,,,,,,,,,,,,,,,,,,,
classic,RTLLM,Prob004_adder_8bit,combinational,revolution,,,2,True,generation_log,1a750536-4848-46ec-b83f-187c49480922,M-F,0.3299003322259136,,0.3299003322259136,,,,False,False,,False,46.0,3.1e-05,0.0,0.0,0.0,0.0,0.9897009966777408,,,,,,,,False,False,False,False,False,False,False,False,False,,,,,,,,,,,,,,,,,,,,,,,,,,,,,,,,,,,,,,,,,,,,,,,,,,,,,,,,,,,,,,,,,,,,,,,,,,,,,,,,,,,,,,,,,,,,,,,,,
classic,RTLLM,Prob004_adder_8bit,combinational,revolution,,,2,True,generation_log,b8cd632a-5086-4cb6-af45-a6dc709c8a25,C-F,0.20567095189946558,,0.20567095189946558,,,,False,False,,False,63.0,4.04e-05,0.0,0.0,0.0,-0.3695652173913043,0.986578073089701,,,,,,,,False,False,False,False,False,False,False,False,False,,,,,,,,,,,,,,,,,,,,,,,,,,,,,,,,,,,,,,,,,,,,,,,,,,,,,,,,,,,,,,,,,,,,,,,,,,,,,,,,,,,,,,,,,,,,,,,,,
classic,RTLLM,Prob004_adder_8bit,combinational,revolution,,,2,True,generation_log,a7e860b9-4f25-4a43-a81d-5fd329a2cd5c,M-R,0.20567095189946558,,0.20567095189946558,,,,False,False,,False,63.0,4.04e-05,0.0,0.0,0.0,-0.3695652173913043,0.986578073089701,,,,,,,,False,False,False,False,False,False,False,False,False,,,,,,,,,,,,,,,,,,,,,,,,,,,,,,,,,,,,,,,,,,,,,,,,,,,,,,,,,,,,,,,,,,,,,,,,,,,,,,,,,,,,,,,,,,,,,,,,,
classic,RTLLM,Prob004_adder_8bit,combinational,revolution,,,2,True,generation_log,23150dc3-17ca-48b6-b8e9-92a99048ba89,M-S,0.20567095189946558,,0.20567095189946558,,,,False,False,,False,63.0,4.04e-05,0.0,0.0,0.0,-0.3695652173913043,0.986578073089701,,,,,,,,False,False,False,False,False,False,False,False,False,,,,,,,,,,,,,,,,,,,,,,,,,,,,,,,,,,,,,,,,,,,,,,,,,,,,,,,,,,,,,,,,,,,,,,,,,,,,,,,,,,,,,,,,,,,,,,,,,
classic,RTLLM,Prob004_adder_8bit,combinational,revolution,,,2,True,generation_log,de435ee1-d2db-4a2e-bc09-7a611d108429,M-E,0.14599451105012282,,0.14599451105012282,,,,False,False,,False,71.0,5.58e-05,0.0,0.0,0.0,-0.5434782608695652,0.9814617940199336,,,,,,,,False,False,False,False,False,False,False,False,False,,,,,,,,,,,,,,,,,,,,,,,,,,,,,,,,,,,,,,,,,,,,,,,,,,,,,,,,,,,,,,,,,,,,,,,,,,,,,,,,,,,,,,,,,,,,,,,,,
classic,RTLLM,Prob004_adder_8bit,combinational,revolution,,,2,True,generation_log,49d33079-469e-46a2-92d2-44d55dcf65c1,M-I,0.19046944966055177,,0.19046944966055177,,,,False,False,,False,65.0,4.68e-05,0.0,0.0,0.0,-0.41304347826086957,0.9844518272425249,,,,,,,,False,False,False,False,False,False,False,False,False,,,,,,,,,,,,,,,,,,,,,,,,,,,,,,,,,,,,,,,,,,,,,,,,,,,,,,,,,,,,,,,,,,,,,,,,,,,,,,,,,,,,,,,,,,,,,,,,,
classic,RTLLM,Prob004_adder_8bit,combinational,revolution,,,2,True,generation_log,e0305588-2746-4f1e-9feb-0804148e7e0f,M-S,0.20567095189946558,,0.20567095189946558,,,,False,False,,False,63.0,4.04e-05,0.0,0.0,0.0,-0.3695652173913043,0.986578073089701,,,,,,,,False,False,False,False,False,False,False,False,False,,,,,,,,,,,,,,,,,,,,,,,,,,,,,,,,,,,,,,,,,,,,,,,,,,,,,,,,,,,,,,,,,,,,,,,,,,,,,,,,,,,,,,,,,,,,,,,,,
classic,RTLLM,Prob004_adder_8bit,combinational,revolution,,,2,True,generation_log,842e8937-cd88-421e-966d-86a41f22471d,C-F,0.38154412826809186,,0.38154412826809186,,,,False,False,,False,39.0,2.27e-05,0.0,0.0,0.0,0.15217391304347827,0.9924584717607973,,,,,,,,False,False,False,False,False,False,False,False,False,,,,,,,,,,,,,,,,,,,,,,,,,,,,,,,,,,,,,,,,,,,,,,,,,,,,,,,,,,,,,,,,,,,,,,,,,,,,,,,,,,,,,,,,,,,,,,,,,
classic,RTLLM,Prob004_adder_8bit,combinational,revolution,,,3,True,generation_log,618cd626-e577-4492-bfca-c0d448ed8df9,M-E,0.19046944966055177,,0.19046944966055177,,,,False,False,,False,65.0,4.68e-05,0.0,0.0,0.0,-0.41304347826086957,0.9844518272425249,,,,,,,,False,False,False,False,False,False,False,False,False,,,,,,,,,,,,,,,,,,,,,,,,,,,,,,,,,,,,,,,,,,,,,,,,,,,,,,,,,,,,,,,,,,,,,,,,,,,,,,,,,,,,,,,,,,,,,,,,,
classic,RTLLM,Prob004_adder_8bit,combinational,revolution,,,3,True,generation_log,9854ee07-dfd8-4a8d-8f18-eb13a3bb2ffa,C-F,0.38154412826809186,,0.38154412826809186,,,,False,False,,False,39.0,2.27e-05,0.0,0.0,0.0,0.15217391304347827,0.9924584717607973,,,,,,,,False,False,False,False,False,False,False,False,False,,,,,,,,,,,,,,,,,,,,,,,,,,,,,,,,,,,,,,,,,,,,,,,,,,,,,,,,,,,,,,,,,,,,,,,,,,,,,,,,,,,,,,,,,,,,,,,,,
classic,RTLLM,Prob004_adder_8bit,combinational,revolution,,,3,True,generation_log,a85d7b15-fb8b-4ec7-9ef7-170fed6cbc06,M-I,0.20567095189946558,,0.20567095189946558,,,,False,False,,False,63.0,4.04e-05,0.0,0.0,0.0,-0.3695652173913043,0.986578073089701,,,,,,,,False,False,False,False,False,False,False,False,False,,,,,,,,,,,,,,,,,,,,,,,,,,,,,,,,,,,,,,,,,,,,,,,,,,,,,,,,,,,,,,,,,,,,,,,,,,,,,,,,,,,,,,,,,,,,,,,,,
classic,RTLLM,Prob004_adder_8bit,combinational,revolution,,,3,True,generation_log,e101c296-eb8a-4685-932b-5ee2ca8f0107,M-R,0.3299003322259136,,0.3299003322259136,,,,False,False,,False,46.0,3.1e-05,0.0,0.0,0.0,0.0,0.9897009966777408,,,,,,,,False,False,False,False,False,False,False,False,False,,,,,,,,,,,,,,,,,,,,,,,,,,,,,,,,,,,,,,,,,,,,,,,,,,,,,,,,,,,,,,,,,,,,,,,,,,,,,,,,,,,,,,,,,,,,,,,,,
classic,RTLLM,Prob004_adder_8bit,combinational,revolution,,,3,True,generation_log,9440094b-60aa-4f83-b0d6-4d3b3672af3c,M-I,0.3299003322259136,,0.3299003322259136,,,,False,False,,False,46.0,3.1e-05,0.0,0.0,0.0,0.0,0.9897009966777408,,,,,,,,False,False,False,False,False,False,False,False,False,,,,,,,,,,,,,,,,,,,,,,,,,,,,,,,,,,,,,,,,,,,,,,,,,,,,,,,,,,,,,,,,,,,,,,,,,,,,,,,,,,,,,,,,,,,,,,,,,
classic,RTLLM,Prob004_adder_8bit,combinational,revolution,,,3,True,generation_log,e8e5a2fa-01e2-4430-bd0a-55e4801a2753,M-S,0.20567095189946558,,0.20567095189946558,,,,False,False,,False,63.0,4.04e-05,0.0,0.0,0.0,-0.3695652173913043,0.986578073089701,,,,,,,,False,False,False,False,False,False,False,False,False,,,,,,,,,,,,,,,,,,,,,,,,,,,,,,,,,,,,,,,,,,,,,,,,,,,,,,,,,,,,,,,,,,,,,,,,,,,,,,,,,,,,,,,,,,,,,,,,,
classic,RTLLM,Prob004_adder_8bit,combinational,revolution,,,3,True,generation_log,251bd7eb-1acd-456f-8d28-da250eb5c861,M-I,0.20567095189946558,,0.20567095189946558,,,,False,False,,False,63.0,4.04e-05,0.0,0.0,0.0,-0.3695652173913043,0.986578073089701,,,,,,,,False,False,False,False,False,False,False,False,False,,,,,,,,,,,,,,,,,,,,,,,,,,,,,,,,,,,,,,,,,,,,,,,,,,,,,,,,,,,,,,,,,,,,,,,,,,,,,,,,,,,,,,,,,,,,,,,,,
classic,RTLLM,Prob004_adder_8bit,combinational,revolution,,,3,True,generation_log,f3b726bf-f049-4696-bb1e-1bbdaffbe701,M-E,0.24246762001059272,,0.24246762001059272,,,,False,False,,False,58.0,3.53e-05,0.0,0.0,0.0,-0.2608695652173913,0.9882724252491695,,,,,,,,False,False,False,False,False,False,False,False,False,,,,,,,,,,,,,,,,,,,,,,,,,,,,,,,,,,,,,,,,,,,,,,,,,,,,,,,,,,,,,,,,,,,,,,,,,,,,,,,,,,,,,,,,,,,,,,,,,
classic,RTLLM,Prob004_adder_8bit,combinational,revolution,,,3,True,generation_log,9903e628-54bc-4b80-8553-267d36b68378,M-I,0.20567095189946558,,0.20567095189946558,,,,False,False,,False,63.0,4.04e-05,0.0,0.0,0.0,-0.3695652173913043,0.986578073089701,,,,,,,,False,False,False,False,False,False,False,False,False,,,,,,,,,,,,,,,,,,,,,,,,,,,,,,,,,,,,,,,,,,,,,,,,,,,,,,,,,,,,,,,,,,,,,,,,,,,,,,,,,,,,,,,,,,,,,,,,,
classic,RTLLM,Prob015_multi_pipe_8bit,sequential,revolution,,,0,True,generation_log,8c8d45b4-ffda-4ff4-b266-4d95c4efc131,initial,-0.23410872306986774,,-0.23410872306986774,,,,False,False,,False,1070.0,0.172,0.5700000000000001,-33.59,-0.56,-0.09183673469387756,-0.9153674832962135,0.3048780487804878,,,,,,,False,False,False,False,False,False,False,False,False,,,,,,,,,,,,,,,,,,,,,,,,,,,,,,,,,,,,,,,,,,,,,,,,,,,,,,,,,,,,,,,,,,,,,,,,,,,,,,,,,,,,,,,,,,,,,,,,,
classic,RTLLM,Prob015_multi_pipe_8bit,sequential,revolution,,,0,True,generation_log,1b687041-a196-4103-8d69-90e040d36bde,initial,0.09704161636407514,,0.09704161636407514,,,,False,False,,False,661.0,0.0677,1.05,-15.84,-1.04,0.32551020408163267,0.2461024498886415,-0.28048780487804875,,,,,,,False,False,False,False,False,False,False,False,False,,,,,,,,,,,,,,,,,,,,,,,,,,,,,,,,,,,,,,,,,,,,,,,,,,,,,,,,,,,,,,,,,,,,,,,,,,,,,,,,,,,,,,,,,,,,,,,,,
classic,RTLLM,Prob015_multi_pipe_8bit,sequential,revolution,,,0,True,generation_log,0a91fd10-c73b-4b91-92c8-b99b7030847f,initial,-0.23986149188340655,,-0.23986149188340655,,,,False,False,,False,1076.0,0.173,0.5700000000000001,-33.71,-0.56,-0.09795918367346938,-0.9265033407572381,0.3048780487804878,,,,,,,False,False,False,False,False,False,False,False,False,,,,,,,,,,,,,,,,,,,,,,,,,,,,,,,,,,,,,,,,,,,,,,,,,,,,,,,,,,,,,,,,,,,,,,,,,,,,,,,,,,,,,,,,,,,,,,,,,
classic,RTLLM,Prob015_multi_pipe_8bit,sequential,revolution,,,0,True,generation_log,6e4959ba-1caf-49a1-ad39-c3a9fbffefcf,initial,0.05279453299055512,,0.05279453299055512,,,,False,False,,False,600.0,0.0874,1.03,-15.36,-1.02,0.3877551020408163,0.026726057906458787,-0.2560975609756097,,,,,,,False,False,False,False,False,False,False,False,False,,,,,,,,,,,,,,,,,,,,,,,,,,,,,,,,,,,,,,,,,,,,,,,,,,,,,,,,,,,,,,,,,,,,,,,,,,,,,,,,,,,,,,,,,,,,,,,,,
classic,RTLLM,Prob015_multi_pipe_8bit,sequential,revolution,,,1,True,generation_log,e0bfe7b0-98d6-415d-abd8-fe227cfcc2d5,M-F,-0.07596036839419344,,-0.07596036839419344,,,,False,False,,False,708.0,0.11,1.05,-17.1,-1.04,0.27755102040816326,-0.22494432071269482,-0.28048780487804875,,,,,,,False,False,False,False,False,False,False,False,False,,,,,,,,,,,,,,,,,,,,,,,,,,,,,,,,,,,,,,,,,,,,,,,,,,,,,,,,,,,,,,,,,,,,,,,,,,,,,,,,,,,,,,,,,,,,,,,,,
classic,RTLLM,Prob015_multi_pipe_8bit,sequential,revolution,,,1,True,generation_log,4b5f33a6-29fa-426b-a9dc-f9e377b8c43c,M-E,-0.24933984892778338,,-0.24933984892778338,,,,False,False,,False,974.0,0.14,0.98,-26.18,-0.97,0.006122448979591836,-0.5590200445434299,-0.1951219512195121,,,,,,,False,False,False,False,False,False,False,False,False,,,,,,,,,,,,,,,,,,,,,,,,,,,,,,,,,,,,,,,,,,,,,,,,,,,,,,,,,,,,,,,,,,,,,,,,,,,,,,,,,,,,,,,,,,,,,,,,,
classic,RTLLM,Prob015_multi_pipe_8bit,sequential,revolution,,,1,True,generation_log,7cab530c-1c91-40ce-a864-4a4725faf556,C-F,0.04819385519431311,,0.04819385519431311,,,,False,False,,False,660.0,0.07,1.15,-16.36,-1.14,0.32653061224489793,0.22048997772828505,-0.4024390243902437,,,,,,,False,False,False,False,False,False,False,False,False,,,,,,,,,,,,,,,,,,,,,,,,,,,,,,,,,,,,,,,,,,,,,,,,,,,,,,,,,,,,,,,,,,,,,,,,,,,,,,,,,,,,,,,,,,,,,,,,,
classic,RTLLM,Prob015_multi_pipe_8bit,sequential,revolution,,,2,True,generation_log,11ec6904-c86c-4262-afd0-a492880f2149,M-F,0.13523010594862098,,0.13523010594862098,,,,False,False,,False,696.0,0.0553,1.04,-13.67,-1.03,0.2897959183673469,0.3841870824053452,-0.26829268292682923,,,,,,,False,False,False,False,False,False,False,False,False,,,,,,,,,,,,,,,,,,,,,,,,,,,,,,,,,,,,,,,,,,,,,,,,,,,,,,,,,,,,,,,,,,,,,,,,,,,,,,,,,,,,,,,,,,,,,,,,,
classic,RTLLM,Prob015_multi_pipe_8bit,sequential,revolution,,,2,True,generation_log,2ca60989-10ff-49dd-99f9-55172b86cd4d,M-F,-0.17909176707784527,,-0.17909176707784527,,,,False,False,,False,1483.0,0.127,0.5,-44.91,-0.49,-0.513265306122449,-0.4142538975501113,0.39024390243902446,,,,,,,False,False,False,False,False,False,False,False,False,,,,,,,,,,,,,,,,,,,,,,,,,,,,,,,,,,,,,,,,,,,,,,,,,,,,,,,,,,,,,,,,,,,,,,,,,,,,,,,,,,,,,,,,,,,,,,,,,
classic,RTLLM,Prob015_multi_pipe_8bit,sequential,revolution,,,3,True,generation_log,b380eeef-71f9-47b6-a8f0-855d05d1844c,C-F,0.045999387315358575,,0.045999387315358575,,,,False,False,,False,1170.0,0.0819,0.62,-34.19,-0.61,-0.19387755102040816,0.08797327394209359,0.2439024390243903,,,,,,,False,False,False,False,False,False,False,False,False,,,,,,,,,,,,,,,,,,,,,,,,,,,,,,,,,,,,,,,,,,,,,,,,,,,,,,,,,,,,,,,,,,,,,,,,,,,,,,,,,,,,,,,,,,,,,,,,,
classic,RTLLM,Prob015_multi_pipe_8bit,sequential,revolution,,,3,True,generation_log,fc795a99-afad-4a35-ab9a-8d723eb83ff2,M-R,-0.07596036839419344,,-0.07596036839419344,,,,False,False,,False,708.0,0.11,1.05,-17.1,-1.04,0.27755102040816326,-0.22494432071269482,-0.28048780487804875,,,,,,,False,False,False,False,False,False,False,False,False,,,,,,,,,,,,,,,,,,,,,,,,,,,,,,,,,,,,,,,,,,,,,,,,,,,,,,,,,,,,,,,,,,,,,,,,,,,,,,,,,,,,,,,,,,,,,,,,,
classic,RTLLM,Prob015_multi_pipe_8bit,sequential,revolution,,,3,True,generation_log,b1470ebe-6743-46ed-bf17-ef9a1fcd9112,M-R,-0.17909176707784527,,-0.17909176707784527,,,,False,False,,False,1483.0,0.127,0.5,-44.91,-0.49,-0.513265306122449,-0.4142538975501113,0.39024390243902446,,,,,,,False,False,False,False,False,False,False,False,False,,,,,,,,,,,,,,,,,,,,,,,,,,,,,,,,,,,,,,,,,,,,,,,,,,,,,,,,,,,,,,,,,,,,,,,,,,,,,,,,,,,,,,,,,,,,,,,,,
classic,RTLLM,Prob015_multi_pipe_8bit,sequential,revolution,,,3,True,generation_log,3c130930-a8bc-4dc2-ac98-de28ea9e3cf2,M-E,-0.2887496614159814,,-0.2887496614159814,,,,False,False,,False,1478.0,0.157,0.5,-46.88,-0.49,-0.5081632653061224,-0.7483296213808462,0.39024390243902446,,,,,,,False,False,False,False,False,False,False,False,False,,,,,,,,,,,,,,,,,,,,,,,,,,,,,,,,,,,,,,,,,,,,,,,,,,,,,,,,,,,,,,,,,,,,,,,,,,,,,,,,,,,,,,,,,,,,,,,,,
classic,RTLLM,Prob024_fsm,combinational,revolution,,,0,True,generation_log,2a6ebec4-843b-4ba4-8964-3f813c654bc9,initial,0.3537389219059535,,0.3537389219059535,,,,False,False,,False,35.0,0.00631,0.27,-0.69,-0.26,0.2391304347826087,0.0920863309352518,,,,,,,,False,False,False,False,False,False,False,False,False,,,,,,,,,,,,,,,,,,,,,,,,,,,,,,,,,,,,,,,,,,,,,,,,,,,,,,,,,,,,,,,,,,,,,,,,,,,,,,,,,,,,,,,,,,,,,,,,,
classic,RTLLM,Prob024_fsm,combinational,revolution,,,0,True,generation_log,05cbedcd-558f-4cbc-ae71-0203936083ae,initial,0.46959128349494317,,0.46959128349494317,,,,False,False,,False,29.0,0.00494,0.25,-0.67,-0.24,0.3695652173913043,0.2892086330935251,,,,,,,,False,False,False,False,False,False,False,False,False,,,,,,,,,,,,,,,,,,,,,,,,,,,,,,,,,,,,,,,,,,,,,,,,,,,,,,,,,,,,,,,,,,,,,,,,,,,,,,,,,,,,,,,,,,,,,,,,,
classic,RTLLM,Prob024_fsm,combinational,revolution,,,0,True,generation_log,a99cb40b-551c-4d41-86d4-a1e18323256a,initial,0.4700708998018976,,0.4700708998018976,,,,False,False,,False,29.0,0.00493,0.25,-0.67,-0.24,0.3695652173913043,0.2906474820143884,,,,,,,,False,False,False,False,False,False,False,False,False,,,,,,,,,,,,,,,,,,,,,,,,,,,,,,,,,,,,,,,,,,,,,,,,,,,,,,,,,,,,,,,,,,,,,,,,,,,,,,,,,,,,,,,,,,,,,,,,,
classic,RTLLM,Prob024_fsm,combinational,revolution,,,1,True,generation_log,2e7a6d2c-e279-4612-aa04-934149300424,M-F,0.4041028047127515,,0.4041028047127515,,,,False,False,,False,34.0,0.00555,0.25,-0.65,-0.24,0.2608695652173913,0.20143884892086322,,,,,,,,False,False,False,False,False,False,False,False,False,,,,,,,,,,,,,,,,,,,,,,,,,,,,,,,,,,,,,,,,,,,,,,,,,,,,,,,,,,,,,,,,,,,,,,,,,,,,,,,,,,,,,,,,,,,,,,,,,
classic,RTLLM,Prob024_fsm,combinational,revolution,,,1,True,generation_log,981f4748-771b-436c-9b20-d7b046746743,M-I,0.26551767281826705,,0.26551767281826705,,,,False,False,,False,34.0,0.00837,0.26,-0.66,-0.25,0.2608695652173913,-0.2043165467625901,,,,,,,,False,False,False,False,False,False,False,False,False,,,,,,,,,,,,,,,,,,,,,,,,,,,,,,,,,,,,,,,,,,,,,,,,,,,,,,,,,,,,,,,,,,,,,,,,,,,,,,,,,,,,,,,,,,,,,,,,,
classic,RTLLM,Prob024_fsm,combinational,revolution,,,1,True,generation_log,5a1b40c6-2095-4852-a3ba-634580950d19,M-I,0.14876238139922837,,0.14876238139922837,,,,False,False,,False,38.0,0.0102,0.26,-0.69,-0.25,0.17391304347826086,-0.46762589928057574,,,,,,,,False,False,False,False,False,False,False,False,False,,,,,,,,,,,,,,,,,,,,,,,,,,,,,,,,,,,,,,,,,,,,,,,,,,,,,,,,,,,,,,,,,,,,,,,,,,,,,,,,,,,,,,,,,,,,,,,,,
classic,RTLLM,Prob024_fsm,combinational,revolution,,,1,True,generation_log,611b2302-133f-4978-9f56-5aa95cd161eb,M-S,0.4700708998018976,,0.4700708998018976,,,,False,False,,False,29.0,0.00493,0.25,-0.67,-0.24,0.3695652173913043,0.2906474820143884,,,,,,,,False,False,False,False,False,False,False,False,False,,,,,,,,,,,,,,,,,,,,,,,,,,,,,,,,,,,,,,,,,,,,,,,,,,,,,,,,,,,,,,,,,,,,,,,,,,,,,,,,,,,,,,,,,,,,,,,,,
classic,RTLLM,Prob024_fsm,combinational,revolution,,,2,True,generation_log,09a5c7b5-1529-490d-a12a-967a95719629,M-I,0.14876238139922837,,0.14876238139922837,,,,False,False,,False,38.0,0.0102,0.26,-0.69,-0.25,0.17391304347826086,-0.46762589928057574,,,,,,,,False,False,False,False,False,False,False,False,False,,,,,,,,,,,,,,,,,,,,,,,,,,,,,,,,,,,,,,,,,,,,,,,,,,,,,,,,,,,,,,,,,,,,,,,,,,,,,,,,,,,,,,,,,,,,,,,,,
classic,RTLLM,Prob024_fsm,combinational,revolution,,,2,True,generation_log,8c00d806-4dce-4b9e-b403-994e478d5e99,M-F,0.5002335522886039,,0.5002335522886039,,,,False,False,,False,36.0,0.00373,0.18000000000000002,-0.79,-0.17,0.21739130434782608,0.4633093525179856,,,,,,,,False,False,False,False,False,False,False,False,False,,,,,,,,,,,,,,,,,,,,,,,,,,,,,,,,,,,,,,,,,,,,,,,,,,,,,,,,,,,,,,,,,,,,,,,,,,,,,,,,,,,,,,,,,,,,,,,,,
classic,RTLLM,Prob024_fsm,combinational,revolution,,,2,True,generation_log,06bacdf7-2028-4400-80ca-f2b59f87861d,M-F,0.4700708998018976,,0.4700708998018976,,,,False,False,,False,29.0,0.00493,0.25,-0.67,-0.24,0.3695652173913043,0.2906474820143884,,,,,,,,False,False,False,False,False,False,False,False,False,,,,,,,,,,,,,,,,,,,,,,,,,,,,,,,,,,,,,,,,,,,,,,,,,,,,,,,,,,,,,,,,,,,,,,,,,,,,,,,,,,,,,,,,,,,,,,,,,
classic,RTLLM,Prob024_fsm,combinational,revolution,,,2,True,generation_log,a62c031e-25bc-47b9-9971-bc85428aa976,M-R,0.44309456782400164,,0.44309456782400164,,,,False,False,,False,40.0,0.0039,0.24000000000000002,-1.04,-0.23,0.13043478260869565,0.43884892086330934,,,,,,,,False,False,False,False,False,False,False,False,False,,,,,,,,,,,,,,,,,,,,,,,,,,,,,,,,,,,,,,,,,,,,,,,,,,,,,,,,,,,,,,,,,,,,,,,,,,,,,,,,,,,,,,,,,,,,,,,,,
classic,RTLLM,Prob024_fsm,combinational,revolution,,,3,True,generation_log,ce66629d-c9d6-4196-8416-a6ff50ef0569,M-E,0.14876238139922837,,0.14876238139922837,,,,False,False,,False,38.0,0.0102,0.26,-0.69,-0.25,0.17391304347826086,-0.46762589928057574,,,,,,,,False,False,False,False,False,False,False,False,False,,,,,,,,,,,,,,,,,,,,,,,,,,,,,,,,,,,,,,,,,,,,,,,,,,,,,,,,,,,,,,,,,,,,,,,,,,,,,,,,,,,,,,,,,,,,,,,,,
classic,RTLLM,Prob024_fsm,combinational,revolution,,,3,True,generation_log,ba0ffaf8-812d-4f31-a44b-71849e5990d5,M-S,0.4407809404650192,,0.4407809404650192,,,,False,False,,False,37.0,0.00461,0.21000000000000002,-0.85,-0.2,0.1956521739130435,0.33669064748201427,,,,,,,,False,False,False,False,False,False,False,False,False,,,,,,,,,,,,,,,,,,,,,,,,,,,,,,,,,,,,,,,,,,,,,,,,,,,,,,,,,,,,,,,,,,,,,,,,,,,,,,,,,,,,,,,,,,,,,,,,,
classic,RTLLM,Prob024_fsm,combinational,revolution,,,3,True,generation_log,4fce44ba-acae-4e1b-83cc-81a9910e55d0,M-I,0.21440204358252526,,0.21440204358252526,,,,False,False,,False,60.0,0.00516,0.31,-1.3,-0.3,-0.30434782608695654,0.25755395683453236,,,,,,,,False,False,False,False,False,False,False,False,False,,,,,,,,,,,,,,,,,,,,,,,,,,,,,,,,,,,,,,,,,,,,,,,,,,,,,,,,,,,,,,,,,,,,,,,,,,,,,,,,,,,,,,,,,,,,,,,,,
classic,RTLLM,Prob024_fsm,combinational,revolution,,,3,True,generation_log,9f94bf98-38bd-4c8c-923b-a11e8c5075fa,M-I,0.5002335522886039,,0.5002335522886039,,,,False,False,,False,36.0,0.00373,0.18000000000000002,-0.79,-0.17,0.21739130434782608,0.4633093525179856,,,,,,,,False,False,False,False,False,False,False,False,False,,,,,,,,,,,,,,,,,,,,,,,,,,,,,,,,,,,,,,,,,,,,,,,,,,,,,,,,,,,,,,,,,,,,,,,,,,,,,,,,,,,,,,,,,,,,,,,,,
classic,RTLLM,Prob024_fsm,combinational,revolution,,,3,True,generation_log,9481e896-f524-482a-b607-e66dc5d87b93,M-S,0.41339589198206655,,0.41339589198206655,,,,False,False,,False,31.0,0.00574,0.26,-0.63,-0.25,0.32608695652173914,0.17410071942446034,,,,,,,,False,False,False,False,False,False,False,False,False,,,,,,,,,,,,,,,,,,,,,,,,,,,,,,,,,,,,,,,,,,,,,,,,,,,,,,,,,,,,,,,,,,,,,,,,,,,,,,,,,,,,,,,,,,,,,,,,,
classic,RTLLM,Prob037_parallel2serial,sequential,revolution,,,0,True,generation_log,5fa9f9c7-2800-41e4-8fc3-2bca0ff0eaed,initial,-0.0,,-0.0,,,,False,False,,False,50.0,0.00453,0.27,-1.59,-0.26,0.0,0.0,0.0,,,,,,,False,False,False,False,False,False,False,False,False,,,,,,,,,,,,,,,,,,,,,,,,,,,,,,,,,,,,,,,,,,,,,,,,,,,,,,,,,,,,,,,,,,,,,,,,,,,,,,,,,,,,,,,,,,,,,,,,,
classic,RTLLM,Prob037_parallel2serial,sequential,revolution,,,0,True,generation_log,2fbc58d4-53c0-4623-bc1d-17aba19c885b,initial,-0.009729376175292272,,-0.009729376175292272,,,,False,False,,False,50.0,0.00483,0.26,-1.52,-0.25,0.0,-0.06622516556291388,0.03703703703703707,,,,,,,False,False,False,False,False,False,False,False,False,,,,,,,,,,,,,,,,,,,,,,,,,,,,,,,,,,,,,,,,,,,,,,,,,,,,,,,,,,,,,,,,,,,,,,,,,,,,,,,,,,,,,,,,,,,,,,,,,
classic,RTLLM,Prob037_parallel2serial,sequential,revolution,,,0,True,generation_log,c643a292-3087-492b-baa5-5b21aa549134,initial,-0.0,,-0.0,,,,False,False,,False,50.0,0.00453,0.27,-1.59,-0.26,0.0,0.0,0.0,,,,,,,False,False,False,False,False,False,False,False,False,,,,,,,,,,,,,,,,,,,,,,,,,,,,,,,,,,,,,,,,,,,,,,,,,,,,,,,,,,,,,,,,,,,,,,,,,,,,,,,,,,,,,,,,,,,,,,,,,
classic,RTLLM,Prob037_parallel2serial,sequential,revolution,,,0,True,generation_log,6660c87e-acd5-4e11-961b-ebf3d837848b,initial,-0.009729376175292272,,-0.009729376175292272,,,,False,False,,False,50.0,0.00483,0.26,-1.52,-0.25,0.0,-0.06622516556291388,0.03703703703703707,,,,,,,False,False,False,False,False,False,False,False,False,,,,,,,,,,,,,,,,,,,,,,,,,,,,,,,,,,,,,,,,,,,,,,,,,,,,,,,,,,,,,,,,,,,,,,,,,,,,,,,,,,,,,,,,,,,,,,,,,
classic,RTLLM,Prob037_parallel2serial,sequential,revolution,,,0,True,generation_log,51166d61-1127-480c-aae7-d5898159be45,initial,-0.0,,-0.0,,,,False,False,,False,50.0,0.00453,0.27,-1.59,-0.26,0.0,0.0,0.0,,,,,,,False,False,False,False,False,False,False,False,False,,,,,,,,,,,,,,,,,,,,,,,,,,,,,,,,,,,,,,,,,,,,,,,,,,,,,,,,,,,,,,,,,,,,,,,,,,,,,,,,,,,,,,,,,,,,,,,,,
classic,RTLLM,Prob037_parallel2serial,sequential,revolution,,,0,True,generation_log,ba961b86-027a-4382-8d5d-0df06b6de3ac,initial,-0.0,,-0.0,,,,False,False,,False,50.0,0.00453,0.27,-1.59,-0.26,0.0,0.0,0.0,,,,,,,False,False,False,False,False,False,False,False,False,,,,,,,,,,,,,,,,,,,,,,,,,,,,,,,,,,,,,,,,,,,,,,,,,,,,,,,,,,,,,,,,,,,,,,,,,,,,,,,,,,,,,,,,,,,,,,,,,
classic,RTLLM,Prob037_parallel2serial,sequential,revolution,,,0,True,generation_log,da0e31f1-1989-45a7-b118-03035fd3d786,initial,-0.0,,-0.0,,,,False,False,,False,50.0,0.00453,0.27,-1.59,-0.26,0.0,0.0,0.0,,,,,,,False,False,False,False,False,False,False,False,False,,,,,,,,,,,,,,,,,,,,,,,,,,,,,,,,,,,,,,,,,,,,,,,,,,,,,,,,,,,,,,,,,,,,,,,,,,,,,,,,,,,,,,,,,,,,,,,,,
classic,RTLLM,Prob037_parallel2serial,sequential,revolution,,,0,True,generation_log,6bf8fa73-4c14-4bd2-a761-3cd528f094b0,initial,-0.0,,-0.0,,,,False,False,,False,50.0,0.00453,0.27,-1.59,-0.26,0.0,0.0,0.0,,,,,,,False,False,False,False,False,False,False,False,False,,,,,,,,,,,,,,,,,,,,,,,,,,,,,,,,,,,,,,,,,,,,,,,,,,,,,,,,,,,,,,,,,,,,,,,,,,,,,,,,,,,,,,,,,,,,,,,,,
classic,RTLLM,Prob037_parallel2serial,sequential,revolution,,,0,True,generation_log,b1f0816e-8c51-4c73-8542-afecd0834c10,initial,-0.009729376175292272,,-0.009729376175292272,,,,False,False,,False,50.0,0.00483,0.26,-1.52,-0.25,0.0,-0.06622516556291388,0.03703703703703707,,,,,,,False,False,False,False,False,False,False,False,False,,,,,,,,,,,,,,,,,,,,,,,,,,,,,,,,,,,,,,,,,,,,,,,,,,,,,,,,,,,,,,,,,,,,,,,,,,,,,,,,,,,,,,,,,,,,,,,,,
classic,RTLLM,Prob037_parallel2serial,sequential,revolution,,,0,True,generation_log,a8c837dd-1cdc-45b8-8c69-25cd38a68289,initial,-0.0,,-0.0,,,,False,False,,False,50.0,0.00453,0.27,-1.59,-0.26,0.0,0.0,0.0,,,,,,,False,False,False,False,False,False,False,False,False,,,,,,,,,,,,,,,,,,,,,,,,,,,,,,,,,,,,,,,,,,,,,,,,,,,,,,,,,,,,,,,,,,,,,,,,,,,,,,,,,,,,,,,,,,,,,,,,,
classic,RTLLM,Prob037_parallel2serial,sequential,revolution,,,1,True,generation_log,b6ff5d55-b7c6-4913-a0ed-35b41c077ced,M-S,0.00886109067124523,,0.00886109067124523,,,,False,False,,False,53.0,0.00397,0.28,-1.45,-0.27,-0.06,0.12362030905077276,-0.03703703703703707,,,,,,,False,False,False,False,False,False,False,False,False,,,,,,,,,,,,,,,,,,,,,,,,,,,,,,,,,,,,,,,,,,,,,,,,,,,,,,,,,,,,,,,,,,,,,,,,,,,,,,,,,,,,,,,,,,,,,,,,,
classic,RTLLM,Prob037_parallel2serial,sequential,revolution,,,1,True,generation_log,87cdecd5-92f2-4f50-893b-8ed507fb37cb,M-R,0.00886109067124523,,0.00886109067124523,,,,False,False,,False,53.0,0.00397,0.28,-1.45,-0.27,-0.06,0.12362030905077276,-0.03703703703703707,,,,,,,False,False,False,False,False,False,False,False,False,,,,,,,,,,,,,,,,,,,,,,,,,,,,,,,,,,,,,,,,,,,,,,,,,,,,,,,,,,,,,,,,,,,,,,,,,,,,,,,,,,,,,,,,,,,,,,,,,
classic,RTLLM,Prob037_parallel2serial,sequential,revolution,,,1,True,generation_log,82081b0d-651e-4662-8255-94a4d083e2d1,M-E,-0.05745237511241924,,-0.05745237511241924,,,,False,False,,False,55.0,0.00469,0.28,-1.67,-0.27,-0.1,-0.03532008830022065,-0.03703703703703707,,,,,,,False,False,False,False,False,False,False,False,False,,,,,,,,,,,,,,,,,,,,,,,,,,,,,,,,,,,,,,,,,,,,,,,,,,,,,,,,,,,,,,,,,,,,,,,,,,,,,,,,,,,,,,,,,,,,,,,,,
classic,RTLLM,Prob037_parallel2serial,sequential,revolution,,,1,True,generation_log,d62ddf1a-eba8-4866-8462-a5f452cade07,M-E,0.00886109067124523,,0.00886109067124523,,,,False,False,,False,53.0,0.00397,0.28,-1.45,-0.27,-0.06,0.12362030905077276,-0.03703703703703707,,,,,,,False,False,False,False,False,False,False,False,False,,,,,,,,,,,,,,,,,,,,,,,,,,,,,,,,,,,,,,,,,,,,,,,,,,,,,,,,,,,,,,,,,,,,,,,,,,,,,,,,,,,,,,,,,,,,,,,,,
classic,RTLLM,Prob037_parallel2serial,sequential,revolution,,,2,True,generation_log,df68f571-163c-4a0e-bcdc-8506fee0a8da,M-S,0.015527757337911894,,0.015527757337911894,,,,False,False,,False,52.0,0.00397,0.28,-1.34,-0.27,-0.04,0.12362030905077276,-0.03703703703703707,,,,,,,False,False,False,False,False,False,False,False,False,,,,,,,,,,,,,,,,,,,,,,,,,,,,,,,,,,,,,,,,,,,,,,,,,,,,,,,,,,,,,,,,,,,,,,,,,,,,,,,,,,,,,,,,,,,,,,,,,
classic,RTLLM,Prob037_parallel2serial,sequential,revolution,,,2,True,generation_log,7ca6d411-01f2-432d-9eb1-d3e25a43ee1a,M-S,0.00886109067124523,,0.00886109067124523,,,,False,False,,False,53.0,0.00397,0.28,-1.45,-0.27,-0.06,0.12362030905077276,-0.03703703703703707,,,,,,,False,False,False,False,False,False,False,False,False,,,,,,,,,,,,,,,,,,,,,,,,,,,,,,,,,,,,,,,,,,,,,,,,,,,,,,,,,,,,,,,,,,,,,,,,,,,,,,,,,,,,,,,,,,,,,,,,,
classic,RTLLM,Prob037_parallel2serial,sequential,revolution,,,3,True,generation_log,f9b07d95-b8f7-455f-a68b-802f6a4430b7,C-F,0.08458997628975556,,0.08458997628975556,,,,False,False,,False,47.0,0.00382,0.26,-1.38,-0.25,0.06,0.1567328918322296,0.03703703703703707,,,,,,,False,False,False,False,False,False,False,False,False,,,,,,,,,,,,,,,,,,,,,,,,,,,,,,,,,,,,,,,,,,,,,,,,,,,,,,,,,,,,,,,,,,,,,,,,,,,,,,,,,,,,,,,,,,,,,,,,,
classic,RTLLM,Prob037_parallel2serial,sequential,revolution,,,3,True,generation_log,95d242e9-e6d1-4fb9-93a9-00513feac0af,C-F,0.00886109067124523,,0.00886109067124523,,,,False,False,,False,53.0,0.00397,0.28,-1.45,-0.27,-0.06,0.12362030905077276,-0.03703703703703707,,,,,,,False,False,False,False,False,False,False,False,False,,,,,,,,,,,,,,,,,,,,,,,,,,,,,,,,,,,,,,,,,,,,,,,,,,,,,,,,,,,,,,,,,,,,,,,,,,,,,,,,,,,,,,,,,,,,,,,,,
classic,RTLLM,Prob041_traffic_light,combinational,revolution,,,0,True,generation_log,0a26e9ac-473f-4496-8633-f75851eb86b7,initial,0.3086056644880174,,0.3086056644880174,,,,False,False,,False,159.0,0.0045,0.0,0.0,0.0,0.06470588235294118,0.861111111111111,,,,,,,,False,False,False,False,False,False,False,False,False,,,,,,,,,,,,,,,,,,,,,,,,,,,,,,,,,,,,,,,,,,,,,,,,,,,,,,,,,,,,,,,,,,,,,,,,,,,,,,,,,,,,,,,,,,,,,,,,,
classic,RTLLM,Prob041_traffic_light,combinational,revolution,,,0,True,generation_log,41e96333-239c-4061-ae66-a5a25255586f,initial,0.10869038973614137,,0.10869038973614137,,,,False,False,,False,145.0,0.0266,0.0,0.0,0.0,0.14705882352941177,0.17901234567901234,,,,,,,,False,False,False,False,False,False,False,False,False,,,,,,,,,,,,,,,,,,,,,,,,,,,,,,,,,,,,,,,,,,,,,,,,,,,,,,,,,,,,,,,,,,,,,,,,,,,,,,,,,,,,,,,,,,,,,,,,,
classic,RTLLM,Prob041_traffic_light,combinational,revolution,,,1,True,generation_log,25a83d3e-a448-466d-9c0b-69b84f8ac01c,M-F,-0.06239409343984511,,-0.06239409343984511,,,,False,False,,False,195.0,0.0337,0.0,0.0,0.0,-0.14705882352941177,-0.04012345679012354,,,,,,,,False,False,False,False,False,False,False,False,False,,,,,,,,,,,,,,,,,,,,,,,,,,,,,,,,,,,,,,,,,,,,,,,,,,,,,,,,,,,,,,,,,,,,,,,,,,,,,,,,,,,,,,,,,,,,,,,,,
classic,RTLLM,Prob041_traffic_light,combinational,revolution,,,1,True,generation_log,0262ed7d-e06e-4a2b-96b6-cac4c2a67e24,M-S,0.33917634955216647,,0.33917634955216647,,,,False,False,,False,165.0,0.000385,0.0,0.0,0.0,0.029411764705882353,0.9881172839506172,,,,,,,,False,False,False,False,False,False,False,False,False,,,,,,,,,,,,,,,,,,,,,,,,,,,,,,,,,,,,,,,,,,,,,,,,,,,,,,,,,,,,,,,,,,,,,,,,,,,,,,,,,,,,,,,,,,,,,,,,,
classic,RTLLM,Prob041_traffic_light,combinational,revolution,,,1,True,generation_log,0764e4e7-2a04-47d0-accf-ec132a26d3c0,M-I,0.41677862503025903,,0.41677862503025903,,,,False,False,,False,126.0,0.000275,0.0,0.0,0.0,0.25882352941176473,0.9915123456790125,,,,,,,,False,False,False,False,False,False,False,False,False,,,,,,,,,,,,,,,,,,,,,,,,,,,,,,,,,,,,,,,,,,,,,,,,,,,,,,,,,,,,,,,,,,,,,,,,,,,,,,,,,,,,,,,,,,,,,,,,,
classic,RTLLM,Prob041_traffic_light,combinational,revolution,,,1,True,generation_log,6a29abc5-8895-4e58-b1de-8ceb90246a55,C-F,0.19540062938755745,,0.19540062938755745,,,,False,False,,False,148.0,0.0176,0.0,0.0,0.0,0.12941176470588237,0.45679012345679004,,,,,,,,False,False,False,False,False,False,False,False,False,,,,,,,,,,,,,,,,,,,,,,,,,,,,,,,,,,,,,,,,,,,,,,,,,,,,,,,,,,,,,,,,,,,,,,,,,,,,,,,,,,,,,,,,,,,,,,,,,
classic,RTLLM,Prob041_traffic_light,combinational,revolution,,,1,True,generation_log,77f6904d-e200-4b00-bd35-d066c1ada71b,M-S,0.3891321713870733,,0.3891321713870733,,,,False,False,,False,140.0,0.000294,0.0,0.0,0.0,0.17647058823529413,0.9909259259259259,,,,,,,,False,False,False,False,False,False,False,False,False,,,,,,,,,,,,,,,,,,,,,,,,,,,,,,,,,,,,,,,,,,,,,,,,,,,,,,,,,,,,,,,,,,,,,,,,,,,,,,,,,,,,,,,,,,,,,,,,,
classic,RTLLM,Prob041_traffic_light,combinational,revolution,,,2,True,generation_log,691ff346-3d91-4a7f-bdf1-734f41e3be0f,M-I,0.32917695473251024,,0.32917695473251024,,,,False,False,,False,170.0,0.000404,0.0,0.0,0.0,0.0,0.9875308641975308,,,,,,,,False,False,False,False,False,False,False,False,False,,,,,,,,,,,,,,,,,,,,,,,,,,,,,,,,,,,,,,,,,,,,,,,,,,,,,,,,,,,,,,,,,,,,,,,,,,,,,,,,,,,,,,,,,,,,,,,,,
classic,RTLLM,Prob041_traffic_light,combinational,revolution,,,2,True,generation_log,7412c0f8-637b-4eca-8475-cffc1ccd6f71,M-R,0.38343500363108207,,0.38343500363108207,,,,False,False,,False,143.0,0.000276,0.0,0.0,0.0,0.1588235294117647,0.9914814814814815,,,,,,,,False,False,False,False,False,False,False,False,False,,,,,,,,,,,,,,,,,,,,,,,,,,,,,,,,,,,,,,,,,,,,,,,,,,,,,,,,,,,,,,,,,,,,,,,,,,,,,,,,,,,,,,,,,,,,,,,,,
classic,RTLLM,Prob041_traffic_light,combinational,revolution,,,2,True,generation_log,13212857-996f-4ac8-aeec-e5d03113e5f2,M-E,0.3871713870733478,,0.3871713870733478,,,,False,False,,False,141.0,0.000294,0.0,0.0,0.0,0.17058823529411765,0.9909259259259259,,,,,,,,False,False,False,False,False,False,False,False,False,,,,,,,,,,,,,,,,,,,,,,,,,,,,,,,,,,,,,,,,,,,,,,,,,,,,,,,,,,,,,,,,,,,,,,,,,,,,,,,,,,,,,,,,,,,,,,,,,
classic,RTLLM,Prob041_traffic_light,combinational,revolution,,,2,True,generation_log,bba744b4-04b3-40b0-af5b-bdbb97f24bdc,M-I,0.34622367465504716,,0.34622367465504716,,,,False,False,,False,114.0,0.00942,0.0,0.0,0.0,0.32941176470588235,0.7092592592592593,,,,,,,,False,False,False,False,False,False,False,False,False,,,,,,,,,,,,,,,,,,,,,,,,,,,,,,,,,,,,,,,,,,,,,,,,,,,,,,,,,,,,,,,,,,,,,,,,,,,,,,,,,,,,,,,,,,,,,,,,,
classic,RTLLM,Prob041_traffic_light,combinational,revolution,,,2,True,generation_log,a3e818cd-17f5-4694-b8b7-0730e68345b5,M-I,0.30801258775114987,,0.30801258775114987,,,,False,False,,False,121.0,0.0118,0.0,0.0,0.0,0.28823529411764703,0.6358024691358025,,,,,,,,False,False,False,False,False,False,False,False,False,,,,,,,,,,,,,,,,,,,,,,,,,,,,,,,,,,,,,,,,,,,,,,,,,,,,,,,,,,,,,,,,,,,,,,,,,,,,,,,,,,,,,,,,,,,,,,,,,
classic,RTLLM,Prob041_traffic_light,combinational,revolution,,,2,True,generation_log,ba6b3889-212a-4a50-a70d-d963d5c0a8b8,M-I,0.34622367465504716,,0.34622367465504716,,,,False,False,,False,114.0,0.00942,0.0,0.0,0.0,0.32941176470588235,0.7092592592592593,,,,,,,,False,False,False,False,False,False,False,False,False,,,,,,,,,,,,,,,,,,,,,,,,,,,,,,,,,,,,,,,,,,,,,,,,,,,,,,,,,,,,,,,,,,,,,,,,,,,,,,,,,,,,,,,,,,,,,,,,,
classic,RTLLM,Prob041_traffic_light,combinational,revolution,,,2,True,generation_log,20864bd1-72df-49e2-ac0a-e11805654049,M-I,0.21782861292665215,,0.21782861292665215,,,,False,False,,False,114.0,0.0219,0.0,0.0,0.0,0.32941176470588235,0.32407407407407407,,,,,,,,False,False,False,False,False,False,False,False,False,,,,,,,,,,,,,,,,,,,,,,,,,,,,,,,,,,,,,,,,,,,,,,,,,,,,,,,,,,,,,,,,,,,,,,,,,,,,,,,,,,,,,,,,,,,,,,,,,
classic,RTLLM,Prob041_traffic_light,combinational,revolution,,,3,True,generation_log,834938db-cc1b-4577-942d-37ade8222f0d,M-S,0.3891321713870733,,0.3891321713870733,,,,False,False,,False,140.0,0.000294,0.0,0.0,0.0,0.17647058823529413,0.9909259259259259,,,,,,,,False,False,False,False,False,False,False,False,False,,,,,,,,,,,,,,,,,,,,,,,,,,,,,,,,,,,,,,,,,,,,,,,,,,,,,,,,,,,,,,,,,,,,,,,,,,,,,,,,,,,,,,,,,,,,,,,,,
classic,RTLLM,Prob041_traffic_light,combinational,revolution,,,3,True,generation_log,466fcb41-a755-4174-b059-aa445f4c88f1,M-S,0.21782861292665215,,0.21782861292665215,,,,False,False,,False,114.0,0.0219,0.0,0.0,0.0,0.32941176470588235,0.32407407407407407,,,,,,,,False,False,False,False,False,False,False,False,False,,,,,,,,,,,,,,,,,,,,,,,,,,,,,,,,,,,,,,,,,,,,,,,,,,,,,,,,,,,,,,,,,,,,,,,,,,,,,,,,,,,,,,,,,,,,,,,,,
classic,RTLLM,Prob041_traffic_light,combinational,revolution,,,3,True,generation_log,73964f5b-a61c-4d98-8442-12e4a9ff0ea5,M-E,0.399898934882595,,0.399898934882595,,,,False,False,,False,134.0,0.000391,0.0,0.0,0.0,0.21176470588235294,0.987932098765432,,,,,,,,False,False,False,False,False,False,False,False,False,,,,,,,,,,,,,,,,,,,,,,,,,,,,,,,,,,,,,,,,,,,,,,,,,,,,,,,,,,,,,,,,,,,,,,,,,,,,,,,,,,,,,,,,,,,,,,,,,
classic,RTLLM,Prob041_traffic_light,combinational,revolution,,,3,True,generation_log,0c20dd66-d2e2-491b-90f2-423cf3f8c35c,M-I,0.30801258775114987,,0.30801258775114987,,,,False,False,,False,121.0,0.0118,0.0,0.0,0.0,0.28823529411764703,0.6358024691358025,,,,,,,,False,False,False,False,False,False,False,False,False,,,,,,,,,,,,,,,,,,,,,,,,,,,,,,,,,,,,,,,,,,,,,,,,,,,,,,,,,,,,,,,,,,,,,,,,,,,,,,,,,,,,,,,,,,,,,,,,,
classic,RTLLM,Prob041_traffic_light,combinational,revolution,,,3,True,generation_log,b899e1d3-ac89-4885-ac07-6bc136579116,M-S,0.37484083756959574,,0.37484083756959574,,,,False,False,,False,147.0,0.000349,0.0,0.0,0.0,0.13529411764705881,0.9892283950617283,,,,,,,,False,False,False,False,False,False,False,False,False,,,,,,,,,,,,,,,,,,,,,,,,,,,,,,,,,,,,,,,,,,,,,,,,,,,,,,,,,,,,,,,,,,,,,,,,,,,,,,,,,,,,,,,,,,,,,,,,,
classic,RTLLM,Prob041_traffic_light,combinational,revolution,,,3,True,generation_log,ce561df1-d332-4e8f-9d96-eabcbd8ce86d,M-S,0.3891321713870733,,0.3891321713870733,,,,False,False,,False,140.0,0.000294,0.0,0.0,0.0,0.17647058823529413,0.9909259259259259,,,,,,,,False,False,False,False,False,False,False,False,False,,,,,,,,,,,,,,,,,,,,,,,,,,,,,,,,,,,,,,,,,,,,,,,,,,,,,,,,,,,,,,,,,,,,,,,,,,,,,,,,,,,,,,,,,,,,,,,,,
classic,RTLLM,Prob045_alu,combinational,revolution,,,0,True,generation_log,5af09860-4f49-4d66-8fbe-89bcb8a7928a,initial,0.37739568959852815,,0.37739568959852815,,,,False,False,,False,1910.0,0.00107,0.0,0.0,0.0,0.14157303370786517,0.9906140350877193,,,,,,,,False,False,False,False,False,False,False,False,False,,,,,,,,,,,,,,,,,,,,,,,,,,,,,,,,,,,,,,,,,,,,,,,,,,,,,,,,,,,,,,,,,,,,,,,,,,,,,,,,,,,,,,,,,,,,,,,,,
classic,RTLLM,Prob045_alu,combinational,revolution,,,1,True,generation_log,76b791f6-daec-47a4-8be6-b16b7ce65f5f,M-F,0.37062126289506536,,0.37062126289506536,,,,False,False,,False,1956.0,0.00103,0.0,0.0,0.0,0.12089887640449438,0.9909649122807017,,,,,,,,False,False,False,False,False,False,False,False,False,,,,,,,,,,,,,,,,,,,,,,,,,,,,,,,,,,,,,,,,,,,,,,,,,,,,,,,,,,,,,,,,,,,,,,,,,,,,,,,,,,,,,,,,,,,,,,,,,
classic,RTLLM,Prob045_alu,combinational,revolution,,,2,True,generation_log,53cd0ab3-24f4-4dae-8e2f-f8ab86996162,M-I,0.3763141467901965,,0.3763141467901965,,,,False,False,,False,1918.0,0.00103,0.0,0.0,0.0,0.13797752808988764,0.9909649122807017,,,,,,,,False,False,False,False,False,False,False,False,False,,,,,,,,,,,,,,,,,,,,,,,,,,,,,,,,,,,,,,,,,,,,,,,,,,,,,,,,,,,,,,,,,,,,,,,,,,,,,,,,,,,,,,,,,,,,,,,,,
classic,RTLLM,Prob045_alu,combinational,revolution,,,2,True,generation_log,6183d89a-62a4-4558-b837-0dae4b20464e,M-I,0.3851962678231158,,0.3851962678231158,,,,False,False,,False,1860.0,0.000964,0.0,0.0,0.0,0.16404494382022472,0.9915438596491227,,,,,,,,False,False,False,False,False,False,False,False,False,,,,,,,,,,,,,,,,,,,,,,,,,,,,,,,,,,,,,,,,,,,,,,,,,,,,,,,,,,,,,,,,,,,,,,,,,,,,,,,,,,,,,,,,,,,,,,,,,
classic,RTLLM,Prob045_alu,combinational,revolution,,,2,True,generation_log,0264cb25-97bb-4a8a-915d-0852ab363315,M-E,0.37724226296077273,,0.37724226296077273,,,,False,False,,False,1912.0,0.00102,0.0,0.0,0.0,0.1406741573033708,0.9910526315789473,,,,,,,,False,False,False,False,False,False,False,False,False,,,,,,,,,,,,,,,,,,,,,,,,,,,,,,,,,,,,,,,,,,,,,,,,,,,,,,,,,,,,,,,,,,,,,,,,,,,,,,,,,,,,,,,,,,,,,,,,,
classic,RTLLM,Prob045_alu,combinational,revolution,,,3,True,generation_log,0b9b5145-f689-4cf1-be29-f203a4006d01,C-F,0.37724226296077273,,0.37724226296077273,,,,False,False,,False,1912.0,0.00102,0.0,0.0,0.0,0.1406741573033708,0.9910526315789473,,,,,,,,False,False,False,False,False,False,False,False,False,,,,,,,,,,,,,,,,,,,,,,,,,,,,,,,,,,,,,,,,,,,,,,,,,,,,,,,,,,,,,,,,,,,,,,,,,,,,,,,,,,,,,,,,,,,,,,,,,
classic,RTLLM,Prob045_alu,combinational,revolution,,,3,True,generation_log,26f1c4c2-63fe-4f71-8d22-f01f37d6deca,M-R,0.3811958735790788,,0.3811958735790788,,,,False,False,,False,1886.0,0.001,0.0,0.0,0.0,0.15235955056179776,0.9912280701754386,,,,,,,,False,False,False,False,False,False,False,False,False,,,,,,,,,,,,,,,,,,,,,,,,,,,,,,,,,,,,,,,,,,,,,,,,,,,,,,,,,,,,,,,,,,,,,,,,,,,,,,,,,,,,,,,,,,,,,,,,,
classic,RTLLM,Prob045_alu,combinational,revolution,,,3,True,generation_log,02ef32de-5b20-4b76-9819-a4ca433af583,M-R,0.38939102437742296,,0.38939102437742296,,,,False,False,,False,1832.0,0.000964,0.0,0.0,0.0,0.17662921348314606,0.9915438596491227,,,,,,,,False,False,False,False,False,False,False,False,False,,,,,,,,,,,,,,,,,,,,,,,,,,,,,,,,,,,,,,,,,,,,,,,,,,,,,,,,,,,,,,,,,,,,,,,,,,,,,,,,,,,,,,,,,,,,,,,,,
classic,RTLLM,Prob045_alu,combinational,revolution,,,3,True,generation_log,fe41abd3-296b-4c62-84c6-c12555055963,M-R,0.39459576844733557,,0.39459576844733557,,,,False,False,,False,1798.0,0.000926,0.0,0.0,0.0,0.19191011235955055,0.9918771929824561,,,,,,,,False,False,False,False,False,False,False,False,False,,,,,,,,,,,,,,,,,,,,,,,,,,,,,,,,,,,,,,,,,,,,,,,,,,,,,,,,,,,,,,,,,,,,,,,,,,,,,,,,,,,,,,,,,,,,,,,,,
classic,RTLLM,Prob045_alu,combinational,revolution,,,3,True,generation_log,9c63690d-71a4-4782-9c51-4c1395601e0d,C-F,0.3818214403048821,,0.3818214403048821,,,,False,False,,False,1882.0,0.000991,0.0,0.0,0.0,0.1541573033707865,0.9913070175438596,,,,,,,,False,False,False,False,False,False,False,False,False,,,,,,,,,,,,,,,,,,,,,,,,,,,,,,,,,,,,,,,,,,,,,,,,,,,,,,,,,,,,,,,,,,,,,,,,,,,,,,,,,,,,,,,,,,,,,,,,,
classic,RTLLM,Prob049_signal_generator,sequential,revolution,,,0,True,generation_log,c5325a46-f7c0-404f-8381-37013b8ae175,initial,0.23477469440256318,,0.23477469440256318,,,,False,False,,False,82.0,0.00252,0.38,-1.99,-0.37,0.1276595744680851,0.46038543897216266,0.11627906976744183,,,,,,,False,False,False,False,False,False,False,False,False,,,,,,,,,,,,,,,,,,,,,,,,,,,,,,,,,,,,,,,,,,,,,,,,,,,,,,,,,,,,,,,,,,,,,,,,,,,,,,,,,,,,,,,,,,,,,,,,,
classic,RTLLM,Prob049_signal_generator,sequential,revolution,,,0,True,generation_log,0fe40c19-b2e3-4363-ab51-41343ae7f8aa,initial,0.23477469440256318,,0.23477469440256318,,,,False,False,,False,82.0,0.00252,0.38,-1.99,-0.37,0.1276595744680851,0.46038543897216266,0.11627906976744183,,,,,,,False,False,False,False,False,False,False,False,False,,,,,,,,,,,,,,,,,,,,,,,,,,,,,,,,,,,,,,,,,,,,,,,,,,,,,,,,,,,,,,,,,,,,,,,,,,,,,,,,,,,,,,,,,,,,,,,,,
classic,RTLLM,Prob049_signal_generator,sequential,revolution,,,0,True,generation_log,03fb45d1-a799-46d6-a173-5ad169e9229b,initial,0.23477469440256318,,0.23477469440256318,,,,False,False,,False,82.0,0.00252,0.38,-1.99,-0.37,0.1276595744680851,0.46038543897216266,0.11627906976744183,,,,,,,False,False,False,False,False,False,False,False,False,,,,,,,,,,,,,,,,,,,,,,,,,,,,,,,,,,,,,,,,,,,,,,,,,,,,,,,,,,,,,,,,,,,,,,,,,,,,,,,,,,,,,,,,,,,,,,,,,
classic,RTLLM,Prob049_signal_generator,sequential,revolution,,,0,True,generation_log,78cd66c6-b0e5-4b92-ac4d-e3ab2af185f4,initial,0.23477469440256318,,0.23477469440256318,,,,False,False,,False,82.0,0.00252,0.38,-1.99,-0.37,0.1276595744680851,0.46038543897216266,0.11627906976744183,,,,,,,False,False,False,False,False,False,False,False,False,,,,,,,,,,,,,,,,,,,,,,,,,,,,,,,,,,,,,,,,,,,,,,,,,,,,,,,,,,,,,,,,,,,,,,,,,,,,,,,,,,,,,,,,,,,,,,,,,
classic,RTLLM,Prob049_signal_generator,sequential,revolution,,,0,True,generation_log,136f646d-097a-4501-9e24-4ec64b348e7c,initial,0.23477469440256318,,0.23477469440256318,,,,False,False,,False,82.0,0.00252,0.38,-1.99,-0.37,0.1276595744680851,0.46038543897216266,0.11627906976744183,,,,,,,False,False,False,False,False,False,False,False,False,,,,,,,,,,,,,,,,,,,,,,,,,,,,,,,,,,,,,,,,,,,,,,,,,,,,,,,,,,,,,,,,,,,,,,,,,,,,,,,,,,,,,,,,,,,,,,,,,
classic,RTLLM,Prob049_signal_generator,sequential,revolution,,,1,True,generation_log,e2ae6cb7-487d-452e-a19c-f4a1f0a23094,M-S,0.20743771413717707,,0.20743771413717707,,,,False,False,,False,77.0,0.00326,0.37,-1.89,-0.36,0.18085106382978725,0.3019271948608137,0.13953488372093023,,,,,,,False,False,False,False,False,False,False,False,False,,,,,,,,,,,,,,,,,,,,,,,,,,,,,,,,,,,,,,,,,,,,,,,,,,,,,,,,,,,,,,,,,,,,,,,,,,,,,,,,,,,,,,,,,,,,,,,,,
classic,RTLLM,Prob049_signal_generator,sequential,revolution,,,1,True,generation_log,27d196e1-de4a-4f42-be92-7a6e6d0e1b7f,M-F,0.23477469440256318,,0.23477469440256318,,,,False,False,,False,82.0,0.00252,0.38,-1.98,-0.37,0.1276595744680851,0.46038543897216266,0.11627906976744183,,,,,,,False,False,False,False,False,False,False,False,False,,,,,,,,,,,,,,,,,,,,,,,,,,,,,,,,,,,,,,,,,,,,,,,,,,,,,,,,,,,,,,,,,,,,,,,,,,,,,,,,,,,,,,,,,,,,,,,,,
classic,RTLLM,Prob049_signal_generator,sequential,revolution,,,1,True,generation_log,26f9f517-47ca-4c3e-8dc6-6d7c4710b01b,M-I,0.23477469440256318,,0.23477469440256318,,,,False,False,,False,82.0,0.00252,0.38,-1.98,-0.37,0.1276595744680851,0.46038543897216266,0.11627906976744183,,,,,,,False,False,False,False,False,False,False,False,False,,,,,,,,,,,,,,,,,,,,,,,,,,,,,,,,,,,,,,,,,,,,,,,,,,,,,,,,,,,,,,,,,,,,,,,,,,,,,,,,,,,,,,,,,,,,,,,,,
classic,RTLLM,Prob049_signal_generator,sequential,revolution,,,1,True,generation_log,3da8f1fe-5500-41bd-a5fe-1ae3642eab59,M-R,0.23477469440256318,,0.23477469440256318,,,,False,False,,False,82.0,0.00252,0.38,-1.98,-0.37,0.1276595744680851,0.46038543897216266,0.11627906976744183,,,,,,,False,False,False,False,False,False,False,False,False,,,,,,,,,,,,,,,,,,,,,,,,,,,,,,,,,,,,,,,,,,,,,,,,,,,,,,,,,,,,,,,,,,,,,,,,,,,,,,,,,,,,,,,,,,,,,,,,,
classic,RTLLM,Prob049_signal_generator,sequential,revolution,,,2,True,generation_log,a2c78844-ea92-4958-9036-8fd950996389,C-F,0.23477469440256318,,0.23477469440256318,,,,False,False,,False,82.0,0.00252,0.38,-1.99,-0.37,0.1276595744680851,0.46038543897216266,0.11627906976744183,,,,,,,False,False,False,False,False,False,False,False,False,,,,,,,,,,,,,,,,,,,,,,,,,,,,,,,,,,,,,,,,,,,,,,,,,,,,,,,,,,,,,,,,,,,,,,,,,,,,,,,,,,,,,,,,,,,,,,,,,
classic,RTLLM,Prob049_signal_generator,sequential,revolution,,,2,True,generation_log,d957adc2-a5ef-4fb7-aa55-6b2baafd3569,C-F,0.20743771413717707,,0.20743771413717707,,,,False,False,,False,77.0,0.00326,0.37,-1.89,-0.36,0.18085106382978725,0.3019271948608137,0.13953488372093023,,,,,,,False,False,False,False,False,False,False,False,False,,,,,,,,,,,,,,,,,,,,,,,,,,,,,,,,,,,,,,,,,,,,,,,,,,,,,,,,,,,,,,,,,,,,,,,,,,,,,,,,,,,,,,,,,,,,,,,,,
classic,RTLLM,Prob049_signal_generator,sequential,revolution,,,2,True,generation_log,9135b55f-efc6-4acd-a3ac-b19363b93dd6,C-F,0.047460797952688726,,0.047460797952688726,,,,False,False,,False,73.0,0.0057,0.37,-1.96,-0.36,0.22340425531914893,-0.220556745182013,0.13953488372093023,,,,,,,False,False,False,False,False,False,False,False,False,,,,,,,,,,,,,,,,,,,,,,,,,,,,,,,,,,,,,,,,,,,,,,,,,,,,,,,,,,,,,,,,,,,,,,,,,,,,,,,,,,,,,,,,,,,,,,,,,
classic,RTLLM,Prob049_signal_generator,sequential,revolution,,,2,True,generation_log,4cfb8dfe-95c6-4537-941c-7bebc16dba42,M-R,0.20743771413717707,,0.20743771413717707,,,,False,False,,False,77.0,0.00326,0.37,-1.89,-0.36,0.18085106382978725,0.3019271948608137,0.13953488372093023,,,,,,,False,False,False,False,False,False,False,False,False,,,,,,,,,,,,,,,,,,,,,,,,,,,,,,,,,,,,,,,,,,,,,,,,,,,,,,,,,,,,,,,,,,,,,,,,,,,,,,,,,,,,,,,,,,,,,,,,,
classic,RTLLM,Prob049_signal_generator,sequential,revolution,,,2,True,generation_log,3881ae62-4489-4e20-b87b-e3d7b6391919,C-F,0.20743771413717707,,0.20743771413717707,,,,False,False,,False,77.0,0.00326,0.37,-1.89,-0.36,0.18085106382978725,0.3019271948608137,0.13953488372093023,,,,,,,False,False,False,False,False,False,False,False,False,,,,,,,,,,,,,,,,,,,,,,,,,,,,,,,,,,,,,,,,,,,,,,,,,,,,,,,,,,,,,,,,,,,,,,,,,,,,,,,,,,,,,,,,,,,,,,,,,
classic,RTLLM,Prob049_signal_generator,sequential,revolution,,,3,True,generation_log,6280b433-329a-459d-a9f8-b32b09619f2d,M-I,0.2258279499940136,,0.2258279499940136,,,,False,False,,False,74.0,0.00326,0.36,-1.97,-0.35,0.2127659574468085,0.3019271948608137,0.16279069767441862,,,,,,,False,False,False,False,False,False,False,False,False,,,,,,,,,,,,,,,,,,,,,,,,,,,,,,,,,,,,,,,,,,,,,,,,,,,,,,,,,,,,,,,,,,,,,,,,,,,,,,,,,,,,,,,,,,,,,,,,,
classic,RTLLM,Prob049_signal_generator,sequential,revolution,,,3,True,generation_log,a3fa4ce5-82ad-44e5-8afb-975a7dafe896,C-F,0.23477469440256318,,0.23477469440256318,,,,False,False,,False,82.0,0.00252,0.38,-1.98,-0.37,0.1276595744680851,0.46038543897216266,0.11627906976744183,,,,,,,False,False,False,False,False,False,False,False,False,,,,,,,,,,,,,,,,,,,,,,,,,,,,,,,,,,,,,,,,,,,,,,,,,,,,,,,,,,,,,,,,,,,,,,,,,,,,,,,,,,,,,,,,,,,,,,,,,
classic,RTLLM,Prob049_signal_generator,sequential,revolution,,,3,True,generation_log,1cad94e2-1615-4717-9622-4937b50fca12,M-I,0.0005936948267318276,,0.0005936948267318276,,,,False,False,,False,88.0,0.00572,0.36,-1.8,-0.35,0.06382978723404255,-0.22483940042826567,0.16279069767441862,,,,,,,False,False,False,False,False,False,False,False,False,,,,,,,,,,,,,,,,,,,,,,,,,,,,,,,,,,,,,,,,,,,,,,,,,,,,,,,,,,,,,,,,,,,,,,,,,,,,,,,,,,,,,,,,,,,,,,,,,
classic,VerilogEval-Spec-to-RTL,Prob098_circuit7,combinational,revolution,,,0,True,generation_log,ce491ee4-7dac-471c-a0fb-b1908a2e4efd,initial,-0.0,,-0.0,,,,False,False,,False,5.0,0.000472,0.0,0.0,0.0,0.0,0.0,,,,,,,,False,False,False,False,False,False,False,False,False,,,,,,,,,,,,,,,,,,,,,,,,,,,,,,,,,,,,,,,,,,,,,,,,,,,,,,,,,,,,,,,,,,,,,,,,,,,,,,,,,,,,,,,,,,,,,,,,,
classic,VerilogEval-Spec-to-RTL,Prob098_circuit7,combinational,revolution,,,0,True,generation_log,0e664c39-a9ee-47e8-9b71-4f91940ff28a,initial,-0.0,,-0.0,,,,False,False,,False,5.0,0.000472,0.0,0.0,0.0,0.0,0.0,,,,,,,,False,False,False,False,False,False,False,False,False,,,,,,,,,,,,,,,,,,,,,,,,,,,,,,,,,,,,,,,,,,,,,,,,,,,,,,,,,,,,,,,,,,,,,,,,,,,,,,,,,,,,,,,,,,,,,,,,,
classic,VerilogEval-Spec-to-RTL,Prob098_circuit7,combinational,revolution,,,0,True,generation_log,1e574196-7f82-4089-b2ed-9d917b02def6,initial,-0.0,,-0.0,,,,False,False,,False,5.0,0.000472,0.0,0.0,0.0,0.0,0.0,,,,,,,,False,False,False,False,False,False,False,False,False,,,,,,,,,,,,,,,,,,,,,,,,,,,,,,,,,,,,,,,,,,,,,,,,,,,,,,,,,,,,,,,,,,,,,,,,,,,,,,,,,,,,,,,,,,,,,,,,,
classic,VerilogEval-Spec-to-RTL,Prob098_circuit7,combinational,revolution,,,0,True,generation_log,ec26bbb3-2417-4cf5-9e5d-05ad3078818f,initial,-0.0,,-0.0,,,,False,False,,False,5.0,0.000472,0.0,0.0,0.0,0.0,0.0,,,,,,,,False,False,False,False,False,False,False,False,False,,,,,,,,,,,,,,,,,,,,,,,,,,,,,,,,,,,,,,,,,,,,,,,,,,,,,,,,,,,,,,,,,,,,,,,,,,,,,,,,,,,,,,,,,,,,,,,,,
classic,VerilogEval-Spec-to-RTL,Prob098_circuit7,combinational,revolution,,,0,True,generation_log,31b313f3-6fae-46a3-86c9-282c5ce12f38,initial,0.01200564971751411,,0.01200564971751411,,,,False,False,,False,5.0,0.000455,0.0,0.0,0.0,0.0,0.03601694915254233,,,,,,,,False,False,False,False,False,False,False,False,False,,,,,,,,,,,,,,,,,,,,,,,,,,,,,,,,,,,,,,,,,,,,,,,,,,,,,,,,,,,,,,,,,,,,,,,,,,,,,,,,,,,,,,,,,,,,,,,,,
classic,VerilogEval-Spec-to-RTL,Prob098_circuit7,combinational,revolution,,,0,True,generation_log,df8fc9ce-b178-4484-aad3-6adfd2402b19,initial,-0.0,,-0.0,,,,False,False,,False,5.0,0.000472,0.0,0.0,0.0,0.0,0.0,,,,,,,,False,False,False,False,False,False,False,False,False,,,,,,,,,,,,,,,,,,,,,,,,,,,,,,,,,,,,,,,,,,,,,,,,,,,,,,,,,,,,,,,,,,,,,,,,,,,,,,,,,,,,,,,,,,,,,,,,,
classic,VerilogEval-Spec-to-RTL,Prob098_circuit7,combinational,revolution,,,0,True,generation_log,bca0f1d6-6dc6-4313-94c5-91a620f871e9,initial,-0.0,,-0.0,,,,False,False,,False,5.0,0.000472,0.0,0.0,0.0,0.0,0.0,,,,,,,,False,False,False,False,False,False,False,False,False,,,,,,,,,,,,,,,,,,,,,,,,,,,,,,,,,,,,,,,,,,,,,,,,,,,,,,,,,,,,,,,,,,,,,,,,,,,,,,,,,,,,,,,,,,,,,,,,,
classic,VerilogEval-Spec-to-RTL,Prob098_circuit7,combinational,revolution,,,0,True,generation_log,f23efb79-abb4-45d3-ad5e-3b5eb10ea810,initial,-0.0,,-0.0,,,,False,False,,False,5.0,0.000472,0.0,0.0,0.0,0.0,0.0,,,,,,,,False,False,False,False,False,False,False,False,False,,,,,,,,,,,,,,,,,,,,,,,,,,,,,,,,,,,,,,,,,,,,,,,,,,,,,,,,,,,,,,,,,,,,,,,,,,,,,,,,,,,,,,,,,,,,,,,,,
classic,VerilogEval-Spec-to-RTL,Prob098_circuit7,combinational,revolution,,,1,True,generation_log,92cc60c6-87f3-4dc3-96bb-68cbc6886544,M-I,0.01200564971751411,,0.01200564971751411,,,,False,False,,False,5.0,0.000455,0.0,0.0,0.0,0.0,0.03601694915254233,,,,,,,,False,False,False,False,False,False,False,False,False,,,,,,,,,,,,,,,,,,,,,,,,,,,,,,,,,,,,,,,,,,,,,,,,,,,,,,,,,,,,,,,,,,,,,,,,,,,,,,,,,,,,,,,,,,,,,,,,,
classic,VerilogEval-Spec-to-RTL,Prob098_circuit7,combinational,revolution,,,1,True,generation_log,4aa8938a-f81c-4010-bb27-42cbf7d06f5e,M-E,0.01200564971751411,,0.01200564971751411,,,,False,False,,False,5.0,0.000455,0.0,0.0,0.0,0.0,0.03601694915254233,,,,,,,,False,False,False,False,False,False,False,False,False,,,,,,,,,,,,,,,,,,,,,,,,,,,,,,,,,,,,,,,,,,,,,,,,,,,,,,,,,,,,,,,,,,,,,,,,,,,,,,,,,,,,,,,,,,,,,,,,,
classic,VerilogEval-Spec-to-RTL,Prob098_circuit7,combinational,revolution,,,1,True,generation_log,c8222308-3ec8-4fc9-bd1d-20638697afe8,M-S,0.01200564971751411,,0.01200564971751411,,,,False,False,,False,5.0,0.000455,0.0,0.0,0.0,0.0,0.03601694915254233,,,,,,,,False,False,False,False,False,False,False,False,False,,,,,,,,,,,,,,,,,,,,,,,,,,,,,,,,,,,,,,,,,,,,,,,,,,,,,,,,,,,,,,,,,,,,,,,,,,,,,,,,,,,,,,,,,,,,,,,,,
classic,VerilogEval-Spec-to-RTL,Prob098_circuit7,combinational,revolution,,,1,True,generation_log,267e7b09-6105-42cb-ae3f-58753ea07ed1,M-R,-0.0,,-0.0,,,,False,False,,False,5.0,0.000472,0.0,0.0,0.0,0.0,0.0,,,,,,,,False,False,False,False,False,False,False,False,False,,,,,,,,,,,,,,,,,,,,,,,,,,,,,,,,,,,,,,,,,,,,,,,,,,,,,,,,,,,,,,,,,,,,,,,,,,,,,,,,,,,,,,,,,,,,,,,,,
classic,VerilogEval-Spec-to-RTL,Prob098_circuit7,combinational,revolution,,,1,True,generation_log,c46ec1c9-782f-47d1-810e-5800e297b995,C-F,-0.0,,-0.0,,,,False,False,,False,5.0,0.000472,0.0,0.0,0.0,0.0,0.0,,,,,,,,False,False,False,False,False,False,False,False,False,,,,,,,,,,,,,,,,,,,,,,,,,,,,,,,,,,,,,,,,,,,,,,,,,,,,,,,,,,,,,,,,,,,,,,,,,,,,,,,,,,,,,,,,,,,,,,,,,
classic,VerilogEval-Spec-to-RTL,Prob098_circuit7,combinational,revolution,,,1,True,generation_log,7603f4bf-1a36-4852-9301-6fbc87b34dfd,M-R,-0.0,,-0.0,,,,False,False,,False,5.0,0.000472,0.0,0.0,0.0,0.0,0.0,,,,,,,,False,False,False,False,False,False,False,False,False,,,,,,,,,,,,,,,,,,,,,,,,,,,,,,,,,,,,,,,,,,,,,,,,,,,,,,,,,,,,,,,,,,,,,,,,,,,,,,,,,,,,,,,,,,,,,,,,,
classic,VerilogEval-Spec-to-RTL,Prob098_circuit7,combinational,revolution,,,1,True,generation_log,e4fe722f-aa67-440d-8606-7a75d71b1dc2,M-S,-0.0,,-0.0,,,,False,False,,False,5.0,0.000472,0.0,0.0,0.0,0.0,0.0,,,,,,,,False,False,False,False,False,False,False,False,False,,,,,,,,,,,,,,,,,,,,,,,,,,,,,,,,,,,,,,,,,,,,,,,,,,,,,,,,,,,,,,,,,,,,,,,,,,,,,,,,,,,,,,,,,,,,,,,,,
classic,VerilogEval-Spec-to-RTL,Prob098_circuit7,combinational,revolution,,,2,True,generation_log,6e6f9be6-45d7-4cc5-8e58-0cf1019185a9,M-I,-0.0,,-0.0,,,,False,False,,False,5.0,0.000472,0.0,0.0,0.0,0.0,0.0,,,,,,,,False,False,False,False,False,False,False,False,False,,,,,,,,,,,,,,,,,,,,,,,,,,,,,,,,,,,,,,,,,,,,,,,,,,,,,,,,,,,,,,,,,,,,,,,,,,,,,,,,,,,,,,,,,,,,,,,,,
classic,VerilogEval-Spec-to-RTL,Prob098_circuit7,combinational,revolution,,,2,True,generation_log,4412059e-00df-41f7-a584-977e156f0b1f,C-F,0.01200564971751411,,0.01200564971751411,,,,False,False,,False,5.0,0.000455,0.0,0.0,0.0,0.0,0.03601694915254233,,,,,,,,False,False,False,False,False,False,False,False,False,,,,,,,,,,,,,,,,,,,,,,,,,,,,,,,,,,,,,,,,,,,,,,,,,,,,,,,,,,,,,,,,,,,,,,,,,,,,,,,,,,,,,,,,,,,,,,,,,
classic,VerilogEval-Spec-to-RTL,Prob098_circuit7,combinational,revolution,,,2,True,generation_log,d823555c-3203-45a8-9139-5e2b7aeb2545,M-E,0.01200564971751411,,0.01200564971751411,,,,False,False,,False,5.0,0.000455,0.0,0.0,0.0,0.0,0.03601694915254233,,,,,,,,False,False,False,False,False,False,False,False,False,,,,,,,,,,,,,,,,,,,,,,,,,,,,,,,,,,,,,,,,,,,,,,,,,,,,,,,,,,,,,,,,,,,,,,,,,,,,,,,,,,,,,,,,,,,,,,,,,
classic,VerilogEval-Spec-to-RTL,Prob098_circuit7,combinational,revolution,,,2,True,generation_log,45870440-0528-46f6-b16f-1d0ac54d153e,M-I,-0.0,,-0.0,,,,False,False,,False,5.0,0.000472,0.0,0.0,0.0,0.0,0.0,,,,,,,,False,False,False,False,False,False,False,False,False,,,,,,,,,,,,,,,,,,,,,,,,,,,,,,,,,,,,,,,,,,,,,,,,,,,,,,,,,,,,,,,,,,,,,,,,,,,,,,,,,,,,,,,,,,,,,,,,,
classic,VerilogEval-Spec-to-RTL,Prob098_circuit7,combinational,revolution,,,2,True,generation_log,b31f82fa-eb01-4d6d-bf82-005ebc46dcb0,M-S,-0.0,,-0.0,,,,False,False,,False,5.0,0.000472,0.0,0.0,0.0,0.0,0.0,,,,,,,,False,False,False,False,False,False,False,False,False,,,,,,,,,,,,,,,,,,,,,,,,,,,,,,,,,,,,,,,,,,,,,,,,,,,,,,,,,,,,,,,,,,,,,,,,,,,,,,,,,,,,,,,,,,,,,,,,,
classic,VerilogEval-Spec-to-RTL,Prob098_circuit7,combinational,revolution,,,2,True,generation_log,02c33193-fadd-4663-ad35-1eea62b1a367,M-I,-0.0,,-0.0,,,,False,False,,False,5.0,0.000472,0.0,0.0,0.0,0.0,0.0,,,,,,,,False,False,False,False,False,False,False,False,False,,,,,,,,,,,,,,,,,,,,,,,,,,,,,,,,,,,,,,,,,,,,,,,,,,,,,,,,,,,,,,,,,,,,,,,,,,,,,,,,,,,,,,,,,,,,,,,,,
classic,VerilogEval-Spec-to-RTL,Prob098_circuit7,combinational,revolution,,,2,True,generation_log,cb65d96e-e7bb-4fdb-9ca3-8ca7647d8822,C-F,0.01200564971751411,,0.01200564971751411,,,,False,False,,False,5.0,0.000455,0.0,0.0,0.0,0.0,0.03601694915254233,,,,,,,,False,False,False,False,False,False,False,False,False,,,,,,,,,,,,,,,,,,,,,,,,,,,,,,,,,,,,,,,,,,,,,,,,,,,,,,,,,,,,,,,,,,,,,,,,,,,,,,,,,,,,,,,,,,,,,,,,,
classic,VerilogEval-Spec-to-RTL,Prob098_circuit7,combinational,revolution,,,2,True,generation_log,87b35a55-19a7-4e70-98dc-b4fcb5770633,M-E,0.01200564971751411,,0.01200564971751411,,,,False,False,,False,5.0,0.000455,0.0,0.0,0.0,0.0,0.03601694915254233,,,,,,,,False,False,False,False,False,False,False,False,False,,,,,,,,,,,,,,,,,,,,,,,,,,,,,,,,,,,,,,,,,,,,,,,,,,,,,,,,,,,,,,,,,,,,,,,,,,,,,,,,,,,,,,,,,,,,,,,,,
classic,VerilogEval-Spec-to-RTL,Prob098_circuit7,combinational,revolution,,,2,True,generation_log,8a78698a-ae2e-4074-898b-c8a6d6990712,M-E,-0.0,,-0.0,,,,False,False,,False,5.0,0.000472,0.0,0.0,0.0,0.0,0.0,,,,,,,,False,False,False,False,False,False,False,False,False,,,,,,,,,,,,,,,,,,,,,,,,,,,,,,,,,,,,,,,,,,,,,,,,,,,,,,,,,,,,,,,,,,,,,,,,,,,,,,,,,,,,,,,,,,,,,,,,,
classic,VerilogEval-Spec-to-RTL,Prob098_circuit7,combinational,revolution,,,2,True,generation_log,5e1c7f91-4336-4cfa-9f1d-0151ed8a92e7,C-F,0.01200564971751411,,0.01200564971751411,,,,False,False,,False,5.0,0.000455,0.0,0.0,0.0,0.0,0.03601694915254233,,,,,,,,False,False,False,False,False,False,False,False,False,,,,,,,,,,,,,,,,,,,,,,,,,,,,,,,,,,,,,,,,,,,,,,,,,,,,,,,,,,,,,,,,,,,,,,,,,,,,,,,,,,,,,,,,,,,,,,,,,
classic,VerilogEval-Spec-to-RTL,Prob098_circuit7,combinational,revolution,,,2,True,generation_log,687e24dc-db4a-4e85-9b86-fc32ac0ff157,M-S,-0.0,,-0.0,,,,False,False,,False,5.0,0.000472,0.0,0.0,0.0,0.0,0.0,,,,,,,,False,False,False,False,False,False,False,False,False,,,,,,,,,,,,,,,,,,,,,,,,,,,,,,,,,,,,,,,,,,,,,,,,,,,,,,,,,,,,,,,,,,,,,,,,,,,,,,,,,,,,,,,,,,,,,,,,,
classic,VerilogEval-Spec-to-RTL,Prob098_circuit7,combinational,revolution,,,2,True,generation_log,1be627c7-2f88-4892-9603-46a3e1cffc7a,M-I,-0.0,,-0.0,,,,False,False,,False,5.0,0.000472,0.0,0.0,0.0,0.0,0.0,,,,,,,,False,False,False,False,False,False,False,False,False,,,,,,,,,,,,,,,,,,,,,,,,,,,,,,,,,,,,,,,,,,,,,,,,,,,,,,,,,,,,,,,,,,,,,,,,,,,,,,,,,,,,,,,,,,,,,,,,,
classic,VerilogEval-Spec-to-RTL,Prob098_circuit7,combinational,revolution,,,3,True,generation_log,c58d4bf4-bf17-4d9e-ac13-f8df5c09a9bb,M-R,-0.0,,-0.0,,,,False,False,,False,5.0,0.000472,0.0,0.0,0.0,0.0,0.0,,,,,,,,False,False,False,False,False,False,False,False,False,,,,,,,,,,,,,,,,,,,,,,,,,,,,,,,,,,,,,,,,,,,,,,,,,,,,,,,,,,,,,,,,,,,,,,,,,,,,,,,,,,,,,,,,,,,,,,,,,
classic,VerilogEval-Spec-to-RTL,Prob098_circuit7,combinational,revolution,,,3,True,generation_log,9ee46fe8-5958-468c-bf26-1e9108010179,M-S,-0.0,,-0.0,,,,False,False,,False,5.0,0.000472,0.0,0.0,0.0,0.0,0.0,,,,,,,,False,False,False,False,False,False,False,False,False,,,,,,,,,,,,,,,,,,,,,,,,,,,,,,,,,,,,,,,,,,,,,,,,,,,,,,,,,,,,,,,,,,,,,,,,,,,,,,,,,,,,,,,,,,,,,,,,,
classic,VerilogEval-Spec-to-RTL,Prob098_circuit7,combinational,revolution,,,3,True,generation_log,f5e08ccf-d16b-46fd-a321-d0ad9b0698df,C-F,0.01200564971751411,,0.01200564971751411,,,,False,False,,False,5.0,0.000455,0.0,0.0,0.0,0.0,0.03601694915254233,,,,,,,,False,False,False,False,False,False,False,False,False,,,,,,,,,,,,,,,,,,,,,,,,,,,,,,,,,,,,,,,,,,,,,,,,,,,,,,,,,,,,,,,,,,,,,,,,,,,,,,,,,,,,,,,,,,,,,,,,,
classic,VerilogEval-Spec-to-RTL,Prob098_circuit7,combinational,revolution,,,3,True,generation_log,f18b957f-36f7-4a11-917c-16a65de92303,C-F,0.01200564971751411,,0.01200564971751411,,,,False,False,,False,5.0,0.000455,0.0,0.0,0.0,0.0,0.03601694915254233,,,,,,,,False,False,False,False,False,False,False,False,False,,,,,,,,,,,,,,,,,,,,,,,,,,,,,,,,,,,,,,,,,,,,,,,,,,,,,,,,,,,,,,,,,,,,,,,,,,,,,,,,,,,,,,,,,,,,,,,,,
classic,VerilogEval-Spec-to-RTL,Prob098_circuit7,combinational,revolution,,,3,True,generation_log,5c8fcc0f-da26-4cd5-82bd-f78652cd2692,M-I,0.01200564971751411,,0.01200564971751411,,,,False,False,,False,5.0,0.000455,0.0,0.0,0.0,0.0,0.03601694915254233,,,,,,,,False,False,False,False,False,False,False,False,False,,,,,,,,,,,,,,,,,,,,,,,,,,,,,,,,,,,,,,,,,,,,,,,,,,,,,,,,,,,,,,,,,,,,,,,,,,,,,,,,,,,,,,,,,,,,,,,,,
classic,VerilogEval-Spec-to-RTL,Prob098_circuit7,combinational,revolution,,,3,True,generation_log,12408e4d-23e4-42e2-926a-51d96c94ef24,M-E,0.01200564971751411,,0.01200564971751411,,,,False,False,,False,5.0,0.000455,0.0,0.0,0.0,0.0,0.03601694915254233,,,,,,,,False,False,False,False,False,False,False,False,False,,,,,,,,,,,,,,,,,,,,,,,,,,,,,,,,,,,,,,,,,,,,,,,,,,,,,,,,,,,,,,,,,,,,,,,,,,,,,,,,,,,,,,,,,,,,,,,,,
classic,VerilogEval-Spec-to-RTL,Prob098_circuit7,combinational,revolution,,,3,True,generation_log,853ae715-e8d6-49de-80ae-517b7a4b23a2,C-F,-0.0,,-0.0,,,,False,False,,False,5.0,0.000472,0.0,0.0,0.0,0.0,0.0,,,,,,,,False,False,False,False,False,False,False,False,False,,,,,,,,,,,,,,,,,,,,,,,,,,,,,,,,,,,,,,,,,,,,,,,,,,,,,,,,,,,,,,,,,,,,,,,,,,,,,,,,,,,,,,,,,,,,,,,,,
classic,VerilogEval-Spec-to-RTL,Prob116_m2014_q3,combinational,revolution,,,0,True,generation_log,13357455-3e09-4941-b1f1-24c22c7097da,initial,0.3980310880829015,,0.3980310880829015,,,,False,False,,False,4.0,1.14e-06,0.0,0.0,0.0,0.2,0.9940932642487046,,,,,,,,False,False,False,False,False,False,False,False,False,,,,,,,,,,,,,,,,,,,,,,,,,,,,,,,,,,,,,,,,,,,,,,,,,,,,,,,,,,,,,,,,,,,,,,,,,,,,,,,,,,,,,,,,,,,,,,,,,
classic,VerilogEval-Spec-to-RTL,Prob116_m2014_q3,combinational,revolution,,,0,True,generation_log,e9ff14cb-b10e-4f7f-a40d-0df6606d1a58,initial,0.3969084628670121,,0.3969084628670121,,,,False,False,,False,4.0,1.79e-06,0.0,0.0,0.0,0.2,0.9907253886010363,,,,,,,,False,False,False,False,False,False,False,False,False,,,,,,,,,,,,,,,,,,,,,,,,,,,,,,,,,,,,,,,,,,,,,,,,,,,,,,,,,,,,,,,,,,,,,,,,,,,,,,,,,,,,,,,,,,,,,,,,,
classic,VerilogEval-Spec-to-RTL,Prob116_m2014_q3,combinational,revolution,,,0,True,generation_log,a5f9164e-ca9e-403e-b0a5-e756e1878b8b,initial,0.4643696027633852,,0.4643696027633852,,,,False,False,,False,3.0,1.33e-06,0.0,0.0,0.0,0.4,0.9931088082901555,,,,,,,,False,False,False,False,False,False,False,False,False,,,,,,,,,,,,,,,,,,,,,,,,,,,,,,,,,,,,,,,,,,,,,,,,,,,,,,,,,,,,,,,,,,,,,,,,,,,,,,,,,,,,,,,,,,,,,,,,,
classic,VerilogEval-Spec-to-RTL,Prob116_m2014_q3,combinational,revolution,,,1,True,generation_log,a6fbea13-309b-4859-816a-3246dd125943,M-F,0.3969084628670121,,0.3969084628670121,,,,False,False,,False,4.0,1.79e-06,0.0,0.0,0.0,0.2,0.9907253886010363,,,,,,,,False,False,False,False,False,False,False,False,False,,,,,,,,,,,,,,,,,,,,,,,,,,,,,,,,,,,,,,,,,,,,,,,,,,,,,,,,,,,,,,,,,,,,,,,,,,,,,,,,,,,,,,,,,,,,,,,,,
classic,VerilogEval-Spec-to-RTL,Prob116_m2014_q3,combinational,revolution,,,1,True,generation_log,82f19877-2513-4ca9-bb61-b5b368fd97b6,M-I,0.3969084628670121,,0.3969084628670121,,,,False,False,,False,4.0,1.79e-06,0.0,0.0,0.0,0.2,0.9907253886010363,,,,,,,,False,False,False,False,False,False,False,False,False,,,,,,,,,,,,,,,,,,,,,,,,,,,,,,,,,,,,,,,,,,,,,,,,,,,,,,,,,,,,,,,,,,,,,,,,,,,,,,,,,,,,,,,,,,,,,,,,,
classic,VerilogEval-Spec-to-RTL,Prob116_m2014_q3,combinational,revolution,,,1,True,generation_log,81f8a721-e85e-4921-8cd0-89f27d0fe41d,M-I,0.3969084628670121,,0.3969084628670121,,,,False,False,,False,4.0,1.79e-06,0.0,0.0,0.0,0.2,0.9907253886010363,,,,,,,,False,False,False,False,False,False,False,False,False,,,,,,,,,,,,,,,,,,,,,,,,,,,,,,,,,,,,,,,,,,,,,,,,,,,,,,,,,,,,,,,,,,,,,,,,,,,,,,,,,,,,,,,,,,,,,,,,,
classic,VerilogEval-Spec-to-RTL,Prob116_m2014_q3,combinational,revolution,,,1,True,generation_log,be98c582-8c51-46df-9dd3-26a411b3455c,C-F,0.4643696027633852,,0.4643696027633852,,,,False,False,,False,3.0,1.33e-06,0.0,0.0,0.0,0.4,0.9931088082901555,,,,,,,,False,False,False,False,False,False,False,False,False,,,,,,,,,,,,,,,,,,,,,,,,,,,,,,,,,,,,,,,,,,,,,,,,,,,,,,,,,,,,,,,,,,,,,,,,,,,,,,,,,,,,,,,,,,,,,,,,,
classic,VerilogEval-Spec-to-RTL,Prob116_m2014_q3,combinational,revolution,,,1,True,generation_log,55ffe273-5b87-4f60-968d-92ec29ce52c2,M-I,0.4643696027633852,,0.4643696027633852,,,,False,False,,False,3.0,1.33e-06,0.0,0.0,0.0,0.4,0.9931088082901555,,,,,,,,False,False,False,False,False,False,False,False,False,,,,,,,,,,,,,,,,,,,,,,,,,,,,,,,,,,,,,,,,,,,,,,,,,,,,,,,,,,,,,,,,,,,,,,,,,,,,,,,,,,,,,,,,,,,,,,,,,
classic,VerilogEval-Spec-to-RTL,Prob116_m2014_q3,combinational,revolution,,,2,True,generation_log,aae7056a-8255-4691-a759-f41bcf51e20f,M-F,0.3969084628670121,,0.3969084628670121,,,,False,False,,False,4.0,1.79e-06,0.0,0.0,0.0,0.2,0.9907253886010363,,,,,,,,False,False,False,False,False,False,False,False,False,,,,,,,,,,,,,,,,,,,,,,,,,,,,,,,,,,,,,,,,,,,,,,,,,,,,,,,,,,,,,,,,,,,,,,,,,,,,,,,,,,,,,,,,,,,,,,,,,
classic,VerilogEval-Spec-to-RTL,Prob116_m2014_q3,combinational,revolution,,,2,True,generation_log,8631cfae-4fa5-4b1e-9358-91944a686f1f,M-R,0.4643696027633852,,0.4643696027633852,,,,False,False,,False,3.0,1.33e-06,0.0,0.0,0.0,0.4,0.9931088082901555,,,,,,,,False,False,False,False,False,False,False,False,False,,,,,,,,,,,,,,,,,,,,,,,,,,,,,,,,,,,,,,,,,,,,,,,,,,,,,,,,,,,,,,,,,,,,,,,,,,,,,,,,,,,,,,,,,,,,,,,,,
classic,VerilogEval-Spec-to-RTL,Prob116_m2014_q3,combinational,revolution,,,2,True,generation_log,15f51eb3-3328-47da-9dcb-f7923efbb0ca,M-S,0.4643696027633852,,0.4643696027633852,,,,False,False,,False,3.0,1.33e-06,0.0,0.0,0.0,0.4,0.9931088082901555,,,,,,,,False,False,False,False,False,False,False,False,False,,,,,,,,,,,,,,,,,,,,,,,,,,,,,,,,,,,,,,,,,,,,,,,,,,,,,,,,,,,,,,,,,,,,,,,,,,,,,,,,,,,,,,,,,,,,,,,,,
classic,VerilogEval-Spec-to-RTL,Prob116_m2014_q3,combinational,revolution,,,2,True,generation_log,99a38fa2-79c4-4eeb-997c-967809f407ad,M-R,0.4643696027633852,,0.4643696027633852,,,,False,False,,False,3.0,1.33e-06,0.0,0.0,0.0,0.4,0.9931088082901555,,,,,,,,False,False,False,False,False,False,False,False,False,,,,,,,,,,,,,,,,,,,,,,,,,,,,,,,,,,,,,,,,,,,,,,,,,,,,,,,,,,,,,,,,,,,,,,,,,,,,,,,,,,,,,,,,,,,,,,,,,
classic,VerilogEval-Spec-to-RTL,Prob116_m2014_q3,combinational,revolution,,,2,True,generation_log,b9aa4b72-2383-4543-9c3a-2e4798db1e48,M-R,0.4643696027633852,,0.4643696027633852,,,,False,False,,False,3.0,1.33e-06,0.0,0.0,0.0,0.4,0.9931088082901555,,,,,,,,False,False,False,False,False,False,False,False,False,,,,,,,,,,,,,,,,,,,,,,,,,,,,,,,,,,,,,,,,,,,,,,,,,,,,,,,,,,,,,,,,,,,,,,,,,,,,,,,,,,,,,,,,,,,,,,,,,
classic,VerilogEval-Spec-to-RTL,Prob116_m2014_q3,combinational,revolution,,,2,True,generation_log,4e81b362-c66f-482a-addb-0214e41005f4,M-S,0.4643696027633852,,0.4643696027633852,,,,False,False,,False,3.0,1.33e-06,0.0,0.0,0.0,0.4,0.9931088082901555,,,,,,,,False,False,False,False,False,False,False,False,False,,,,,,,,,,,,,,,,,,,,,,,,,,,,,,,,,,,,,,,,,,,,,,,,,,,,,,,,,,,,,,,,,,,,,,,,,,,,,,,,,,,,,,,,,,,,,,,,,
classic,VerilogEval-Spec-to-RTL,Prob116_m2014_q3,combinational,revolution,,,2,True,generation_log,34d675ed-893e-434a-ba46-b0b4cb811baf,M-S,0.3969084628670121,,0.3969084628670121,,,,False,False,,False,4.0,1.79e-06,0.0,0.0,0.0,0.2,0.9907253886010363,,,,,,,,False,False,False,False,False,False,False,False,False,,,,,,,,,,,,,,,,,,,,,,,,,,,,,,,,,,,,,,,,,,,,,,,,,,,,,,,,,,,,,,,,,,,,,,,,,,,,,,,,,,,,,,,,,,,,,,,,,
classic,VerilogEval-Spec-to-RTL,Prob116_m2014_q3,combinational,revolution,,,2,True,generation_log,a8abba25-b789-4574-a73f-6e478a43ab8a,M-R,0.3969084628670121,,0.3969084628670121,,,,False,False,,False,4.0,1.79e-06,0.0,0.0,0.0,0.2,0.9907253886010363,,,,,,,,False,False,False,False,False,False,False,False,False,,,,,,,,,,,,,,,,,,,,,,,,,,,,,,,,,,,,,,,,,,,,,,,,,,,,,,,,,,,,,,,,,,,,,,,,,,,,,,,,,,,,,,,,,,,,,,,,,
classic,VerilogEval-Spec-to-RTL,Prob116_m2014_q3,combinational,revolution,,,2,True,generation_log,ebd8f4b5-0859-4c2a-9a54-7630c3814122,M-S,0.3969084628670121,,0.3969084628670121,,,,False,False,,False,4.0,1.79e-06,0.0,0.0,0.0,0.2,0.9907253886010363,,,,,,,,False,False,False,False,False,False,False,False,False,,,,,,,,,,,,,,,,,,,,,,,,,,,,,,,,,,,,,,,,,,,,,,,,,,,,,,,,,,,,,,,,,,,,,,,,,,,,,,,,,,,,,,,,,,,,,,,,,
classic,VerilogEval-Spec-to-RTL,Prob116_m2014_q3,combinational,revolution,,,3,True,generation_log,4081915c-ffbe-4887-ba91-1cd18e602974,M-E,0.3979965457685665,,0.3979965457685665,,,,False,False,,False,4.0,1.16e-06,0.0,0.0,0.0,0.2,0.9939896373056996,,,,,,,,False,False,False,False,False,False,False,False,False,,,,,,,,,,,,,,,,,,,,,,,,,,,,,,,,,,,,,,,,,,,,,,,,,,,,,,,,,,,,,,,,,,,,,,,,,,,,,,,,,,,,,,,,,,,,,,,,,
classic,VerilogEval-Spec-to-RTL,Prob116_m2014_q3,combinational,revolution,,,3,True,generation_log,f70224ea-14bd-4d54-8e5c-741e9b274e8b,M-E,0.46440414507772027,,0.46440414507772027,,,,False,False,,False,3.0,1.31e-06,0.0,0.0,0.0,0.4,0.9932124352331606,,,,,,,,False,False,False,False,False,False,False,False,False,,,,,,,,,,,,,,,,,,,,,,,,,,,,,,,,,,,,,,,,,,,,,,,,,,,,,,,,,,,,,,,,,,,,,,,,,,,,,,,,,,,,,,,,,,,,,,,,,
classic,VerilogEval-Spec-to-RTL,Prob116_m2014_q3,combinational,revolution,,,3,True,generation_log,54cd7d10-3231-404e-bb44-9849194bab0b,M-I,0.4643696027633852,,0.4643696027633852,,,,False,False,,False,3.0,1.33e-06,0.0,0.0,0.0,0.4,0.9931088082901555,,,,,,,,False,False,False,False,False,False,False,False,False,,,,,,,,,,,,,,,,,,,,,,,,,,,,,,,,,,,,,,,,,,,,,,,,,,,,,,,,,,,,,,,,,,,,,,,,,,,,,,,,,,,,,,,,,,,,,,,,,
classic,VerilogEval-Spec-to-RTL,Prob116_m2014_q3,combinational,revolution,,,3,True,generation_log,8ced78bf-1932-4cea-982a-462465aad810,M-I,0.4643696027633852,,0.4643696027633852,,,,False,False,,False,3.0,1.33e-06,0.0,0.0,0.0,0.4,0.9931088082901555,,,,,,,,False,False,False,False,False,False,False,False,False,,,,,,,,,,,,,,,,,,,,,,,,,,,,,,,,,,,,,,,,,,,,,,,,,,,,,,,,,,,,,,,,,,,,,,,,,,,,,,,,,,,,,,,,,,,,,,,,,
classic,VerilogEval-Spec-to-RTL,Prob116_m2014_q3,combinational,revolution,,,3,True,generation_log,7eb482ce-4db6-4961-ab35-3a29b6898b27,C-F,0.4643696027633852,,0.4643696027633852,,,,False,False,,False,3.0,1.33e-06,0.0,0.0,0.0,0.4,0.9931088082901555,,,,,,,,False,False,False,False,False,False,False,False,False,,,,,,,,,,,,,,,,,,,,,,,,,,,,,,,,,,,,,,,,,,,,,,,,,,,,,,,,,,,,,,,,,,,,,,,,,,,,,,,,,,,,,,,,,,,,,,,,,
classic,VerilogEval-Spec-to-RTL,Prob116_m2014_q3,combinational,revolution,,,3,True,generation_log,516cd341-7f5e-4a0e-9ad7-65fae67877a6,M-I,0.4643696027633852,,0.4643696027633852,,,,False,False,,False,3.0,1.33e-06,0.0,0.0,0.0,0.4,0.9931088082901555,,,,,,,,False,False,False,False,False,False,False,False,False,,,,,,,,,,,,,,,,,,,,,,,,,,,,,,,,,,,,,,,,,,,,,,,,,,,,,,,,,,,,,,,,,,,,,,,,,,,,,,,,,,,,,,,,,,,,,,,,,
classic,VerilogEval-Spec-to-RTL,Prob116_m2014_q3,combinational,revolution,,,3,True,generation_log,d62c900b-0e5d-4914-8c47-c19992af6db9,C-F,0.4643696027633852,,0.4643696027633852,,,,False,False,,False,3.0,1.33e-06,0.0,0.0,0.0,0.4,0.9931088082901555,,,,,,,,False,False,False,False,False,False,False,False,False,,,,,,,,,,,,,,,,,,,,,,,,,,,,,,,,,,,,,,,,,,,,,,,,,,,,,,,,,,,,,,,,,,,,,,,,,,,,,,,,,,,,,,,,,,,,,,,,,
classic,VerilogEval-Spec-to-RTL,Prob116_m2014_q3,combinational,revolution,,,3,True,generation_log,ec1122db-3f9a-4fe8-9e81-e93f95faf184,C-F,0.4643696027633852,,0.4643696027633852,,,,False,False,,False,3.0,1.33e-06,0.0,0.0,0.0,0.4,0.9931088082901555,,,,,,,,False,False,False,False,False,False,False,False,False,,,,,,,,,,,,,,,,,,,,,,,,,,,,,,,,,,,,,,,,,,,,,,,,,,,,,,,,,,,,,,,,,,,,,,,,,,,,,,,,,,,,,,,,,,,,,,,,,
classic,VerilogEval-Spec-to-RTL,Prob116_m2014_q3,combinational,revolution,,,3,True,generation_log,505beb3c-d9f1-4ea9-aace-40031cf71bf3,M-E,0.4643696027633852,,0.4643696027633852,,,,False,False,,False,3.0,1.33e-06,0.0,0.0,0.0,0.4,0.9931088082901555,,,,,,,,False,False,False,False,False,False,False,False,False,,,,,,,,,,,,,,,,,,,,,,,,,,,,,,,,,,,,,,,,,,,,,,,,,,,,,,,,,,,,,,,,,,,,,,,,,,,,,,,,,,,,,,,,,,,,,,,,,
classic,VerilogEval-Spec-to-RTL,Prob116_m2014_q3,combinational,revolution,,,3,True,generation_log,4f1230b0-08c4-4830-838c-17e4a0fbde09,M-I,0.4643696027633852,,0.4643696027633852,,,,False,False,,False,3.0,1.33e-06,0.0,0.0,0.0,0.4,0.9931088082901555,,,,,,,,False,False,False,False,False,False,False,False,False,,,,,,,,,,,,,,,,,,,,,,,,,,,,,,,,,,,,,,,,,,,,,,,,,,,,,,,,,,,,,,,,,,,,,,,,,,,,,,,,,,,,,,,,,,,,,,,,,
classic,VerilogEval-Spec-to-RTL,Prob116_m2014_q3,combinational,revolution,,,3,True,generation_log,ab634be3-ee80-451d-bc23-f8ea7bc171ab,M-E,0.4643696027633852,,0.4643696027633852,,,,False,False,,False,3.0,1.33e-06,0.0,0.0,0.0,0.4,0.9931088082901555,,,,,,,,False,False,False,False,False,False,False,False,False,,,,,,,,,,,,,,,,,,,,,,,,,,,,,,,,,,,,,,,,,,,,,,,,,,,,,,,,,,,,,,,,,,,,,,,,,,,,,,,,,,,,,,,,,,,,,,,,,
classic,VerilogEval-Spec-to-RTL,Prob135_m2014_q6b,combinational,revolution,,,0,True,generation_log,4dcb7457-edf3-49ab-85ad-4a2e1872c13b,initial,0.19614349775784753,,0.19614349775784753,,,,False,False,,False,7.0,2.58e-06,0.0,0.0,0.0,-0.4,0.9884304932735426,,,,,,,,False,False,False,False,False,False,False,False,False,,,,,,,,,,,,,,,,,,,,,,,,,,,,,,,,,,,,,,,,,,,,,,,,,,,,,,,,,,,,,,,,,,,,,,,,,,,,,,,,,,,,,,,,,,,,,,,,,
classic,VerilogEval-Spec-to-RTL,Prob135_m2014_q6b,combinational,revolution,,,0,True,generation_log,4f692d07-5ce3-49b0-ae27-e0f251832588,initial,0.19614349775784753,,0.19614349775784753,,,,False,False,,False,7.0,2.58e-06,0.0,0.0,0.0,-0.4,0.9884304932735426,,,,,,,,False,False,False,False,False,False,False,False,False,,,,,,,,,,,,,,,,,,,,,,,,,,,,,,,,,,,,,,,,,,,,,,,,,,,,,,,,,,,,,,,,,,,,,,,,,,,,,,,,,,,,,,,,,,,,,,,,,
classic,VerilogEval-Spec-to-RTL,Prob135_m2014_q6b,combinational,revolution,,,0,True,generation_log,f38e9729-70f9-4b5c-9b95-f6f0d38c102a,initial,0.19614349775784753,,0.19614349775784753,,,,False,False,,False,7.0,2.58e-06,0.0,0.0,0.0,-0.4,0.9884304932735426,,,,,,,,False,False,False,False,False,False,False,False,False,,,,,,,,,,,,,,,,,,,,,,,,,,,,,,,,,,,,,,,,,,,,,,,,,,,,,,,,,,,,,,,,,,,,,,,,,,,,,,,,,,,,,,,,,,,,,,,,,
classic,VerilogEval-Spec-to-RTL,Prob135_m2014_q6b,combinational,revolution,,,0,True,generation_log,8707e75d-47ed-4b74-9cf1-abdd0d95d547,initial,0.19614349775784753,,0.19614349775784753,,,,False,False,,False,7.0,2.58e-06,0.0,0.0,0.0,-0.4,0.9884304932735426,,,,,,,,False,False,False,False,False,False,False,False,False,,,,,,,,,,,,,,,,,,,,,,,,,,,,,,,,,,,,,,,,,,,,,,,,,,,,,,,,,,,,,,,,,,,,,,,,,,,,,,,,,,,,,,,,,,,,,,,,,
classic,VerilogEval-Spec-to-RTL,Prob135_m2014_q6b,combinational,revolution,,,0,True,generation_log,8fd7c6ab-bb51-4dd5-82b4-36c1e6de626d,initial,0.2636173393124066,,0.2636173393124066,,,,False,False,,False,6.0,2.04e-06,0.0,0.0,0.0,-0.2,0.9908520179372198,,,,,,,,False,False,False,False,False,False,False,False,False,,,,,,,,,,,,,,,,,,,,,,,,,,,,,,,,,,,,,,,,,,,,,,,,,,,,,,,,,,,,,,,,,,,,,,,,,,,,,,,,,,,,,,,,,,,,,,,,,
classic,VerilogEval-Spec-to-RTL,Prob135_m2014_q6b,combinational,revolution,,,0,True,generation_log,c648ebe0-bc06-4056-a12e-0d141efaf024,initial,0.2636173393124066,,0.2636173393124066,,,,False,False,,False,6.0,2.04e-06,0.0,0.0,0.0,-0.2,0.9908520179372198,,,,,,,,False,False,False,False,False,False,False,False,False,,,,,,,,,,,,,,,,,,,,,,,,,,,,,,,,,,,,,,,,,,,,,,,,,,,,,,,,,,,,,,,,,,,,,,,,,,,,,,,,,,,,,,,,,,,,,,,,,
classic,VerilogEval-Spec-to-RTL,Prob135_m2014_q6b,combinational,revolution,,,1,True,generation_log,d0c042bf-f340-49ed-9605-9b03bd94ce49,M-R,0.19614349775784753,,0.19614349775784753,,,,False,False,,False,7.0,2.58e-06,0.0,0.0,0.0,-0.4,0.9884304932735426,,,,,,,,False,False,False,False,False,False,False,False,False,,,,,,,,,,,,,,,,,,,,,,,,,,,,,,,,,,,,,,,,,,,,,,,,,,,,,,,,,,,,,,,,,,,,,,,,,,,,,,,,,,,,,,,,,,,,,,,,,
classic,VerilogEval-Spec-to-RTL,Prob135_m2014_q6b,combinational,revolution,,,1,True,generation_log,15e4444b-8930-47b1-92a4-8f50a3c33882,M-I,0.19614349775784753,,0.19614349775784753,,,,False,False,,False,7.0,2.58e-06,0.0,0.0,0.0,-0.4,0.9884304932735426,,,,,,,,False,False,False,False,False,False,False,False,False,,,,,,,,,,,,,,,,,,,,,,,,,,,,,,,,,,,,,,,,,,,,,,,,,,,,,,,,,,,,,,,,,,,,,,,,,,,,,,,,,,,,,,,,,,,,,,,,,
classic,VerilogEval-Spec-to-RTL,Prob135_m2014_q6b,combinational,revolution,,,1,True,generation_log,3159f645-27d1-4a7c-9ca5-05dfae7eae13,M-F,0.19614349775784753,,0.19614349775784753,,,,False,False,,False,7.0,2.58e-06,0.0,0.0,0.0,-0.4,0.9884304932735426,,,,,,,,False,False,False,False,False,False,False,False,False,,,,,,,,,,,,,,,,,,,,,,,,,,,,,,,,,,,,,,,,,,,,,,,,,,,,,,,,,,,,,,,,,,,,,,,,,,,,,,,,,,,,,,,,,,,,,,,,,
classic,VerilogEval-Spec-to-RTL,Prob135_m2014_q6b,combinational,revolution,,,1,True,generation_log,121581e8-b9d1-42f2-9922-71e2d8f10826,M-R,0.2636173393124066,,0.2636173393124066,,,,False,False,,False,6.0,2.04e-06,0.0,0.0,0.0,-0.2,0.9908520179372198,,,,,,,,False,False,False,False,False,False,False,False,False,,,,,,,,,,,,,,,,,,,,,,,,,,,,,,,,,,,,,,,,,,,,,,,,,,,,,,,,,,,,,,,,,,,,,,,,,,,,,,,,,,,,,,,,,,,,,,,,,
classic,VerilogEval-Spec-to-RTL,Prob135_m2014_q6b,combinational,revolution,,,1,True,generation_log,812c80c3-2437-427f-a147-983b914edef5,C-F,0.19614349775784753,,0.19614349775784753,,,,False,False,,False,7.0,2.58e-06,0.0,0.0,0.0,-0.4,0.9884304932735426,,,,,,,,False,False,False,False,False,False,False,False,False,,,,,,,,,,,,,,,,,,,,,,,,,,,,,,,,,,,,,,,,,,,,,,,,,,,,,,,,,,,,,,,,,,,,,,,,,,,,,,,,,,,,,,,,,,,,,,,,,
classic,VerilogEval-Spec-to-RTL,Prob135_m2014_q6b,combinational,revolution,,,1,True,generation_log,86790e24-8d2f-4a5a-adb8-c7b8417f7f52,M-S,0.19614349775784753,,0.19614349775784753,,,,False,False,,False,7.0,2.58e-06,0.0,0.0,0.0,-0.4,0.9884304932735426,,,,,,,,False,False,False,False,False,False,False,False,False,,,,,,,,,,,,,,,,,,,,,,,,,,,,,,,,,,,,,,,,,,,,,,,,,,,,,,,,,,,,,,,,,,,,,,,,,,,,,,,,,,,,,,,,,,,,,,,,,
classic,VerilogEval-Spec-to-RTL,Prob135_m2014_q6b,combinational,revolution,,,1,True,generation_log,63013452-3f35-4da4-8318-5272ea083d09,M-E,0.2636173393124066,,0.2636173393124066,,,,False,False,,False,6.0,2.04e-06,0.0,0.0,0.0,-0.2,0.9908520179372198,,,,,,,,False,False,False,False,False,False,False,False,False,,,,,,,,,,,,,,,,,,,,,,,,,,,,,,,,,,,,,,,,,,,,,,,,,,,,,,,,,,,,,,,,,,,,,,,,,,,,,,,,,,,,,,,,,,,,,,,,,
classic,VerilogEval-Spec-to-RTL,Prob135_m2014_q6b,combinational,revolution,,,1,True,generation_log,7058797f-c537-4f2c-863e-e063183f89ac,M-I,0.19614349775784753,,0.19614349775784753,,,,False,False,,False,7.0,2.58e-06,0.0,0.0,0.0,-0.4,0.9884304932735426,,,,,,,,False,False,False,False,False,False,False,False,False,,,,,,,,,,,,,,,,,,,,,,,,,,,,,,,,,,,,,,,,,,,,,,,,,,,,,,,,,,,,,,,,,,,,,,,,,,,,,,,,,,,,,,,,,,,,,,,,,
classic,VerilogEval-Spec-to-RTL,Prob135_m2014_q6b,combinational,revolution,,,1,True,generation_log,4e10f144-b374-4357-99c5-f6b9aa6b82c0,M-E,0.2631240657698057,,0.2631240657698057,,,,False,False,,False,6.0,2.37e-06,0.0,0.0,0.0,-0.2,0.9893721973094171,,,,,,,,False,False,False,False,False,False,False,False,False,,,,,,,,,,,,,,,,,,,,,,,,,,,,,,,,,,,,,,,,,,,,,,,,,,,,,,,,,,,,,,,,,,,,,,,,,,,,,,,,,,,,,,,,,,,,,,,,,
classic,VerilogEval-Spec-to-RTL,Prob135_m2014_q6b,combinational,revolution,,,2,True,generation_log,2b271258-db53-43cf-824c-6e2da4adaf14,M-R,0.19614349775784753,,0.19614349775784753,,,,False,False,,False,7.0,2.58e-06,0.0,0.0,0.0,-0.4,0.9884304932735426,,,,,,,,False,False,False,False,False,False,False,False,False,,,,,,,,,,,,,,,,,,,,,,,,,,,,,,,,,,,,,,,,,,,,,,,,,,,,,,,,,,,,,,,,,,,,,,,,,,,,,,,,,,,,,,,,,,,,,,,,,
classic,VerilogEval-Spec-to-RTL,Prob135_m2014_q6b,combinational,revolution,,,2,True,generation_log,49c7aea5-aa55-4da2-95bd-82c98965d8f2,M-I,0.19614349775784753,,0.19614349775784753,,,,False,False,,False,7.0,2.58e-06,0.0,0.0,0.0,-0.4,0.9884304932735426,,,,,,,,False,False,False,False,False,False,False,False,False,,,,,,,,,,,,,,,,,,,,,,,,,,,,,,,,,,,,,,,,,,,,,,,,,,,,,,,,,,,,,,,,,,,,,,,,,,,,,,,,,,,,,,,,,,,,,,,,,
classic,VerilogEval-Spec-to-RTL,Prob135_m2014_q6b,combinational,revolution,,,2,True,generation_log,b4d21a5e-da5b-49aa-b3d9-8c6ca20c4d10,M-S,0.19614349775784753,,0.19614349775784753,,,,False,False,,False,7.0,2.58e-06,0.0,0.0,0.0,-0.4,0.9884304932735426,,,,,,,,False,False,False,False,False,False,False,False,False,,,,,,,,,,,,,,,,,,,,,,,,,,,,,,,,,,,,,,,,,,,,,,,,,,,,,,,,,,,,,,,,,,,,,,,,,,,,,,,,,,,,,,,,,,,,,,,,,
classic,VerilogEval-Spec-to-RTL,Prob135_m2014_q6b,combinational,revolution,,,2,True,generation_log,36b2a5e5-d6a6-45b3-8bf5-2a31c6176c73,M-S,0.19614349775784753,,0.19614349775784753,,,,False,False,,False,7.0,2.58e-06,0.0,0.0,0.0,-0.4,0.9884304932735426,,,,,,,,False,False,False,False,False,False,False,False,False,,,,,,,,,,,,,,,,,,,,,,,,,,,,,,,,,,,,,,,,,,,,,,,,,,,,,,,,,,,,,,,,,,,,,,,,,,,,,,,,,,,,,,,,,,,,,,,,,
classic,VerilogEval-Spec-to-RTL,Prob135_m2014_q6b,combinational,revolution,,,2,True,generation_log,6665737d-ee6a-4585-93c4-bbdf19748e01,M-S,0.19614349775784753,,0.19614349775784753,,,,False,False,,False,7.0,2.58e-06,0.0,0.0,0.0,-0.4,0.9884304932735426,,,,,,,,False,False,False,False,False,False,False,False,False,,,,,,,,,,,,,,,,,,,,,,,,,,,,,,,,,,,,,,,,,,,,,,,,,,,,,,,,,,,,,,,,,,,,,,,,,,,,,,,,,,,,,,,,,,,,,,,,,
classic,VerilogEval-Spec-to-RTL,Prob135_m2014_q6b,combinational,revolution,,,2,True,generation_log,99de156f-4c1f-4fce-b3a7-1374cd28cde6,M-I,0.19614349775784753,,0.19614349775784753,,,,False,False,,False,7.0,2.58e-06,0.0,0.0,0.0,-0.4,0.9884304932735426,,,,,,,,False,False,False,False,False,False,False,False,False,,,,,,,,,,,,,,,,,,,,,,,,,,,,,,,,,,,,,,,,,,,,,,,,,,,,,,,,,,,,,,,,,,,,,,,,,,,,,,,,,,,,,,,,,,,,,,,,,
classic,VerilogEval-Spec-to-RTL,Prob135_m2014_q6b,combinational,revolution,,,2,True,generation_log,3df57cf2-3884-4c3e-974e-99a95d2619bc,C-F,0.19614349775784753,,0.19614349775784753,,,,False,False,,False,7.0,2.58e-06,0.0,0.0,0.0,-0.4,0.9884304932735426,,,,,,,,False,False,False,False,False,False,False,False,False,,,,,,,,,,,,,,,,,,,,,,,,,,,,,,,,,,,,,,,,,,,,,,,,,,,,,,,,,,,,,,,,,,,,,,,,,,,,,,,,,,,,,,,,,,,,,,,,,
classic,VerilogEval-Spec-to-RTL,Prob135_m2014_q6b,combinational,revolution,,,2,True,generation_log,62ede886-030b-4c6c-babf-5456b27887ac,C-F,0.19614349775784753,,0.19614349775784753,,,,False,False,,False,7.0,2.58e-06,0.0,0.0,0.0,-0.4,0.9884304932735426,,,,,,,,False,False,False,False,False,False,False,False,False,,,,,,,,,,,,,,,,,,,,,,,,,,,,,,,,,,,,,,,,,,,,,,,,,,,,,,,,,,,,,,,,,,,,,,,,,,,,,,,,,,,,,,,,,,,,,,,,,
classic,VerilogEval-Spec-to-RTL,Prob135_m2014_q6b,combinational,revolution,,,2,True,generation_log,1d5d0479-48f0-4322-a933-1a423202eb9b,M-I,0.2636173393124066,,0.2636173393124066,,,,False,False,,False,6.0,2.04e-06,0.0,0.0,0.0,-0.2,0.9908520179372198,,,,,,,,False,False,False,False,False,False,False,False,False,,,,,,,,,,,,,,,,,,,,,,,,,,,,,,,,,,,,,,,,,,,,,,,,,,,,,,,,,,,,,,,,,,,,,,,,,,,,,,,,,,,,,,,,,,,,,,,,,
classic,VerilogEval-Spec-to-RTL,Prob135_m2014_q6b,combinational,revolution,,,2,True,generation_log,26841718-51f2-4886-b4e0-264ad8cad941,M-R,0.19614349775784753,,0.19614349775784753,,,,False,False,,False,7.0,2.58e-06,0.0,0.0,0.0,-0.4,0.9884304932735426,,,,,,,,False,False,False,False,False,False,False,False,False,,,,,,,,,,,,,,,,,,,,,,,,,,,,,,,,,,,,,,,,,,,,,,,,,,,,,,,,,,,,,,,,,,,,,,,,,,,,,,,,,,,,,,,,,,,,,,,,,
classic,VerilogEval-Spec-to-RTL,Prob135_m2014_q6b,combinational,revolution,,,2,True,generation_log,83202b27-b5c8-41f7-a25a-02118e6d9919,C-F,0.2636173393124066,,0.2636173393124066,,,,False,False,,False,6.0,2.04e-06,0.0,0.0,0.0,-0.2,0.9908520179372198,,,,,,,,False,False,False,False,False,False,False,False,False,,,,,,,,,,,,,,,,,,,,,,,,,,,,,,,,,,,,,,,,,,,,,,,,,,,,,,,,,,,,,,,,,,,,,,,,,,,,,,,,,,,,,,,,,,,,,,,,,
classic,VerilogEval-Spec-to-RTL,Prob135_m2014_q6b,combinational,revolution,,,3,True,generation_log,37c14ff3-bfac-4de5-9233-f647a27f0667,M-E,0.2631240657698057,,0.2631240657698057,,,,False,False,,False,6.0,2.37e-06,0.0,0.0,0.0,-0.2,0.9893721973094171,,,,,,,,False,False,False,False,False,False,False,False,False,,,,,,,,,,,,,,,,,,,,,,,,,,,,,,,,,,,,,,,,,,,,,,,,,,,,,,,,,,,,,,,,,,,,,,,,,,,,,,,,,,,,,,,,,,,,,,,,,
classic,VerilogEval-Spec-to-RTL,Prob135_m2014_q6b,combinational,revolution,,,3,True,generation_log,54604b74-1996-4722-a66a-6cea9d772d87,C-F,0.2636173393124066,,0.2636173393124066,,,,False,False,,False,6.0,2.04e-06,0.0,0.0,0.0,-0.2,0.9908520179372198,,,,,,,,False,False,False,False,False,False,False,False,False,,,,,,,,,,,,,,,,,,,,,,,,,,,,,,,,,,,,,,,,,,,,,,,,,,,,,,,,,,,,,,,,,,,,,,,,,,,,,,,,,,,,,,,,,,,,,,,,,
classic,VerilogEval-Spec-to-RTL,Prob135_m2014_q6b,combinational,revolution,,,3,True,generation_log,36b9b226-5825-48b7-bc4d-77638974ad64,M-S,0.19614349775784753,,0.19614349775784753,,,,False,False,,False,7.0,2.58e-06,0.0,0.0,0.0,-0.4,0.9884304932735426,,,,,,,,False,False,False,False,False,False,False,False,False,,,,,,,,,,,,,,,,,,,,,,,,,,,,,,,,,,,,,,,,,,,,,,,,,,,,,,,,,,,,,,,,,,,,,,,,,,,,,,,,,,,,,,,,,,,,,,,,,
classic,VerilogEval-Spec-to-RTL,Prob135_m2014_q6b,combinational,revolution,,,3,True,generation_log,364f3839-7ce5-47fd-97ca-b735aa50d271,M-E,0.2636173393124066,,0.2636173393124066,,,,False,False,,False,6.0,2.04e-06,0.0,0.0,0.0,-0.2,0.9908520179372198,,,,,,,,False,False,False,False,False,False,False,False,False,,,,,,,,,,,,,,,,,,,,,,,,,,,,,,,,,,,,,,,,,,,,,,,,,,,,,,,,,,,,,,,,,,,,,,,,,,,,,,,,,,,,,,,,,,,,,,,,,
classic,VerilogEval-Spec-to-RTL,Prob135_m2014_q6b,combinational,revolution,,,3,True,generation_log,376756b3-b7e0-4d84-9033-d277f4e5070b,M-I,0.19614349775784753,,0.19614349775784753,,,,False,False,,False,7.0,2.58e-06,0.0,0.0,0.0,-0.4,0.9884304932735426,,,,,,,,False,False,False,False,False,False,False,False,False,,,,,,,,,,,,,,,,,,,,,,,,,,,,,,,,,,,,,,,,,,,,,,,,,,,,,,,,,,,,,,,,,,,,,,,,,,,,,,,,,,,,,,,,,,,,,,,,,
classic,VerilogEval-Spec-to-RTL,Prob135_m2014_q6b,combinational,revolution,,,3,True,generation_log,7d4cc145-397c-428e-b668-58d76bc866e7,C-F,0.2636173393124066,,0.2636173393124066,,,,False,False,,False,6.0,2.04e-06,0.0,0.0,0.0,-0.2,0.9908520179372198,,,,,,,,False,False,False,False,False,False,False,False,False,,,,,,,,,,,,,,,,,,,,,,,,,,,,,,,,,,,,,,,,,,,,,,,,,,,,,,,,,,,,,,,,,,,,,,,,,,,,,,,,,,,,,,,,,,,,,,,,,
classic,VerilogEval-Spec-to-RTL,Prob135_m2014_q6b,combinational,revolution,,,3,True,generation_log,9304acb7-bd30-4ac1-92e1-452e26130468,M-I,0.2636173393124066,,0.2636173393124066,,,,False,False,,False,6.0,2.04e-06,0.0,0.0,0.0,-0.2,0.9908520179372198,,,,,,,,False,False,False,False,False,False,False,False,False,,,,,,,,,,,,,,,,,,,,,,,,,,,,,,,,,,,,,,,,,,,,,,,,,,,,,,,,,,,,,,,,,,,,,,,,,,,,,,,,,,,,,,,,,,,,,,,,,
classic,VerilogEval-Spec-to-RTL,Prob135_m2014_q6b,combinational,revolution,,,3,True,generation_log,252f8d1b-9372-42e1-8554-c9b972c49c3f,M-I,0.19614349775784753,,0.19614349775784753,,,,False,False,,False,7.0,2.58e-06,0.0,0.0,0.0,-0.4,0.9884304932735426,,,,,,,,False,False,False,False,False,False,False,False,False,,,,,,,,,,,,,,,,,,,,,,,,,,,,,,,,,,,,,,,,,,,,,,,,,,,,,,,,,,,,,,,,,,,,,,,,,,,,,,,,,,,,,,,,,,,,,,,,,
classic,VerilogEval-Spec-to-RTL,Prob135_m2014_q6b,combinational,revolution,,,3,True,generation_log,a567c076-ba17-447d-92fc-e9498ad9e8bf,M-E,0.2631240657698057,,0.2631240657698057,,,,False,False,,False,6.0,2.37e-06,0.0,0.0,0.0,-0.2,0.9893721973094171,,,,,,,,False,False,False,False,False,False,False,False,False,,,,,,,,,,,,,,,,,,,,,,,,,,,,,,,,,,,,,,,,,,,,,,,,,,,,,,,,,,,,,,,,,,,,,,,,,,,,,,,,,,,,,,,,,,,,,,,,,
classic,VerilogEval-Spec-to-RTL,Prob135_m2014_q6b,combinational,revolution,,,3,True,generation_log,7605983d-3194-489c-96d1-5e49f4e16241,C-F,0.19614349775784753,,0.19614349775784753,,,,False,False,,False,7.0,2.58e-06,0.0,0.0,0.0,-0.4,0.9884304932735426,,,,,,,,False,False,False,False,False,False,False,False,False,,,,,,,,,,,,,,,,,,,,,,,,,,,,,,,,,,,,,,,,,,,,,,,,,,,,,,,,,,,,,,,,,,,,,,,,,,,,,,,,,,,,,,,,,,,,,,,,,
classic,VerilogEval-Spec-to-RTL,Prob135_m2014_q6b,combinational,revolution,,,3,True,generation_log,6e129613-7470-4872-a971-44b9a74b42c2,M-E,0.2636173393124066,,0.2636173393124066,,,,False,False,,False,6.0,2.04e-06,0.0,0.0,0.0,-0.2,0.9908520179372198,,,,,,,,False,False,False,False,False,False,False,False,False,,,,,,,,,,,,,,,,,,,,,,,,,,,,,,,,,,,,,,,,,,,,,,,,,,,,,,,,,,,,,,,,,,,,,,,,,,,,,,,,,,,,,,,,,,,,,,,,,
classic,VerilogEval-Spec-to-RTL,Prob150_review2015_fsmonehot,combinational,revolution,,,0,True,generation_log,ff63c70a-660e-4922-aa3d-73616d3772c8,initial,0.32968627450980387,,0.32968627450980387,,,,False,False,,False,13.0,3.72e-06,0.0,0.0,0.0,0.0,0.9890588235294117,,,,,,,,False,False,False,False,False,False,False,False,False,,,,,,,,,,,,,,,,,,,,,,,,,,,,,,,,,,,,,,,,,,,,,,,,,,,,,,,,,,,,,,,,,,,,,,,,,,,,,,,,,,,,,,,,,,,,,,,,,
classic,VerilogEval-Spec-to-RTL,Prob150_review2015_fsmonehot,combinational,revolution,,,0,True,generation_log,299da4b3-9934-4fee-9ca3-0cb6dce19a76,initial,-0.3692684766214178,,-0.3692684766214178,,,,False,False,,False,40.0,1.05e-05,0.0,0.0,0.0,-2.076923076923077,0.9691176470588235,,,,,,,,False,False,False,False,False,False,False,False,False,,,,,,,,,,,,,,,,,,,,,,,,,,,,,,,,,,,,,,,,,,,,,,,,,,,,,,,,,,,,,,,,,,,,,,,,,,,,,,,,,,,,,,,,,,,,,,,,,
classic,VerilogEval-Spec-to-RTL,Prob150_review2015_fsmonehot,combinational,revolution,,,0,True,generation_log,b68a6790-92c9-4c55-a9db-602fc8425563,initial,0.32968627450980387,,0.32968627450980387,,,,False,False,,False,13.0,3.72e-06,0.0,0.0,0.0,0.0,0.9890588235294117,,,,,,,,False,False,False,False,False,False,False,False,False,,,,,,,,,,,,,,,,,,,,,,,,,,,,,,,,,,,,,,,,,,,,,,,,,,,,,,,,,,,,,,,,,,,,,,,,,,,,,,,,,,,,,,,,,,,,,,,,,
classic,VerilogEval-Spec-to-RTL,Prob150_review2015_fsmonehot,combinational,revolution,,,0,True,generation_log,b65a6cdf-69e6-4106-b974-a42af0672122,initial,0.32968627450980387,,0.32968627450980387,,,,False,False,,False,13.0,3.72e-06,0.0,0.0,0.0,0.0,0.9890588235294117,,,,,,,,False,False,False,False,False,False,False,False,False,,,,,,,,,,,,,,,,,,,,,,,,,,,,,,,,,,,,,,,,,,,,,,,,,,,,,,,,,,,,,,,,,,,,,,,,,,,,,,,,,,,,,,,,,,,,,,,,,
classic,VerilogEval-Spec-to-RTL,Prob150_review2015_fsmonehot,combinational,revolution,,,0,True,generation_log,24c5694a-7865-47e4-82a3-d630af377386,initial,0.32968627450980387,,0.32968627450980387,,,,False,False,,False,13.0,3.72e-06,0.0,0.0,0.0,0.0,0.9890588235294117,,,,,,,,False,False,False,False,False,False,False,False,False,,,,,,,,,,,,,,,,,,,,,,,,,,,,,,,,,,,,,,,,,,,,,,,,,,,,,,,,,,,,,,,,,,,,,,,,,,,,,,,,,,,,,,,,,,,,,,,,,
classic,VerilogEval-Spec-to-RTL,Prob150_review2015_fsmonehot,combinational,revolution,,,0,True,generation_log,d81d13cb-54b1-4fdd-ad5c-ecef8c91887b,initial,0.32968627450980387,,0.32968627450980387,,,,False,False,,False,13.0,3.72e-06,0.0,0.0,0.0,0.0,0.9890588235294117,,,,,,,,False,False,False,False,False,False,False,False,False,,,,,,,,,,,,,,,,,,,,,,,,,,,,,,,,,,,,,,,,,,,,,,,,,,,,,,,,,,,,,,,,,,,,,,,,,,,,,,,,,,,,,,,,,,,,,,,,,
classic,VerilogEval-Spec-to-RTL,Prob150_review2015_fsmonehot,combinational,revolution,,,0,True,generation_log,aeb6d22d-6299-496b-ab7d-a98591fee5f2,initial,0.32968627450980387,,0.32968627450980387,,,,False,False,,False,13.0,3.72e-06,0.0,0.0,0.0,0.0,0.9890588235294117,,,,,,,,False,False,False,False,False,False,False,False,False,,,,,,,,,,,,,,,,,,,,,,,,,,,,,,,,,,,,,,,,,,,,,,,,,,,,,,,,,,,,,,,,,,,,,,,,,,,,,,,,,,,,,,,,,,,,,,,,,
classic,VerilogEval-Spec-to-RTL,Prob150_review2015_fsmonehot,combinational,revolution,,,1,True,generation_log,f280f655-6f28-4f97-9737-553385c008a5,M-E,0.32968627450980387,,0.32968627450980387,,,,False,False,,False,13.0,3.72e-06,0.0,0.0,0.0,0.0,0.9890588235294117,,,,,,,,False,False,False,False,False,False,False,False,False,,,,,,,,,,,,,,,,,,,,,,,,,,,,,,,,,,,,,,,,,,,,,,,,,,,,,,,,,,,,,,,,,,,,,,,,,,,,,,,,,,,,,,,,,,,,,,,,,
classic,VerilogEval-Spec-to-RTL,Prob150_review2015_fsmonehot,combinational,revolution,,,1,True,generation_log,4f96f921-9231-4fa5-bd29-38e799336644,M-F,0.32968627450980387,,0.32968627450980387,,,,False,False,,False,13.0,3.72e-06,0.0,0.0,0.0,0.0,0.9890588235294117,,,,,,,,False,False,False,False,False,False,False,False,False,,,,,,,,,,,,,,,,,,,,,,,,,,,,,,,,,,,,,,,,,,,,,,,,,,,,,,,,,,,,,,,,,,,,,,,,,,,,,,,,,,,,,,,,,,,,,,,,,
classic,VerilogEval-Spec-to-RTL,Prob150_review2015_fsmonehot,combinational,revolution,,,1,True,generation_log,6f1d35ac-13a7-4b14-a37f-4301d3940b1a,M-S,0.32968627450980387,,0.32968627450980387,,,,False,False,,False,13.0,3.72e-06,0.0,0.0,0.0,0.0,0.9890588235294117,,,,,,,,False,False,False,False,False,False,False,False,False,,,,,,,,,,,,,,,,,,,,,,,,,,,,,,,,,,,,,,,,,,,,,,,,,,,,,,,,,,,,,,,,,,,,,,,,,,,,,,,,,,,,,,,,,,,,,,,,,
classic,VerilogEval-Spec-to-RTL,Prob150_review2015_fsmonehot,combinational,revolution,,,1,True,generation_log,0b2d85c9-c9de-42d5-b079-223d45c2aca3,M-R,0.32968627450980387,,0.32968627450980387,,,,False,False,,False,13.0,3.72e-06,0.0,0.0,0.0,0.0,0.9890588235294117,,,,,,,,False,False,False,False,False,False,False,False,False,,,,,,,,,,,,,,,,,,,,,,,,,,,,,,,,,,,,,,,,,,,,,,,,,,,,,,,,,,,,,,,,,,,,,,,,,,,,,,,,,,,,,,,,,,,,,,,,,
classic,VerilogEval-Spec-to-RTL,Prob150_review2015_fsmonehot,combinational,revolution,,,1,True,generation_log,ee959829-1215-479a-acff-6cf22dd9dc8f,M-I,0.32968627450980387,,0.32968627450980387,,,,False,False,,False,13.0,3.72e-06,0.0,0.0,0.0,0.0,0.9890588235294117,,,,,,,,False,False,False,False,False,False,False,False,False,,,,,,,,,,,,,,,,,,,,,,,,,,,,,,,,,,,,,,,,,,,,,,,,,,,,,,,,,,,,,,,,,,,,,,,,,,,,,,,,,,,,,,,,,,,,,,,,,
classic,VerilogEval-Spec-to-RTL,Prob150_review2015_fsmonehot,combinational,revolution,,,1,True,generation_log,bc88b570-70e6-4651-b87c-bb3c1550d07e,M-S,0.3296764705882353,,0.3296764705882353,,,,False,False,,False,13.0,3.73e-06,0.0,0.0,0.0,0.0,0.9890294117647058,,,,,,,,False,False,False,False,False,False,False,False,False,,,,,,,,,,,,,,,,,,,,,,,,,,,,,,,,,,,,,,,,,,,,,,,,,,,,,,,,,,,,,,,,,,,,,,,,,,,,,,,,,,,,,,,,,,,,,,,,,
classic,VerilogEval-Spec-to-RTL,Prob150_review2015_fsmonehot,combinational,revolution,,,2,True,generation_log,043f1797-9624-4b34-9d6e-b7656693787c,M-R,0.3296764705882353,,0.3296764705882353,,,,False,False,,False,13.0,3.73e-06,0.0,0.0,0.0,0.0,0.9890294117647058,,,,,,,,False,False,False,False,False,False,False,False,False,,,,,,,,,,,,,,,,,,,,,,,,,,,,,,,,,,,,,,,,,,,,,,,,,,,,,,,,,,,,,,,,,,,,,,,,,,,,,,,,,,,,,,,,,,,,,,,,,
classic,VerilogEval-Spec-to-RTL,Prob150_review2015_fsmonehot,combinational,revolution,,,2,True,generation_log,f3547ccd-5c82-4712-95ab-cfecb1785517,M-S,0.3296764705882353,,0.3296764705882353,,,,False,False,,False,13.0,3.73e-06,0.0,0.0,0.0,0.0,0.9890294117647058,,,,,,,,False,False,False,False,False,False,False,False,False,,,,,,,,,,,,,,,,,,,,,,,,,,,,,,,,,,,,,,,,,,,,,,,,,,,,,,,,,,,,,,,,,,,,,,,,,,,,,,,,,,,,,,,,,,,,,,,,,
classic,VerilogEval-Spec-to-RTL,Prob150_review2015_fsmonehot,combinational,revolution,,,2,True,generation_log,f3ef235b-a4be-459a-9559-f50c6ad86eea,M-R,0.32968627450980387,,0.32968627450980387,,,,False,False,,False,13.0,3.72e-06,0.0,0.0,0.0,0.0,0.9890588235294117,,,,,,,,False,False,False,False,False,False,False,False,False,,,,,,,,,,,,,,,,,,,,,,,,,,,,,,,,,,,,,,,,,,,,,,,,,,,,,,,,,,,,,,,,,,,,,,,,,,,,,,,,,,,,,,,,,,,,,,,,,
classic,VerilogEval-Spec-to-RTL,Prob150_review2015_fsmonehot,combinational,revolution,,,2,True,generation_log,61777402-ef58-4754-8894-d886269d3ef8,M-I,0.32968627450980387,,0.32968627450980387,,,,False,False,,False,13.0,3.72e-06,0.0,0.0,0.0,0.0,0.9890588235294117,,,,,,,,False,False,False,False,False,False,False,False,False,,,,,,,,,,,,,,,,,,,,,,,,,,,,,,,,,,,,,,,,,,,,,,,,,,,,,,,,,,,,,,,,,,,,,,,,,,,,,,,,,,,,,,,,,,,,,,,,,
classic,VerilogEval-Spec-to-RTL,Prob150_review2015_fsmonehot,combinational,revolution,,,3,True,generation_log,003fec26-17ce-4175-aafc-affa8d704b0c,C-F,0.3296764705882353,,0.3296764705882353,,,,False,False,,False,13.0,3.73e-06,0.0,0.0,0.0,0.0,0.9890294117647058,,,,,,,,False,False,False,False,False,False,False,False,False,,,,,,,,,,,,,,,,,,,,,,,,,,,,,,,,,,,,,,,,,,,,,,,,,,,,,,,,,,,,,,,,,,,,,,,,,,,,,,,,,,,,,,,,,,,,,,,,,
classic,VerilogEval-Spec-to-RTL,Prob150_review2015_fsmonehot,combinational,revolution,,,3,True,generation_log,fdb6f4dd-50a8-4b19-9a11-c06371272dcb,M-S,0.32968627450980387,,0.32968627450980387,,,,False,False,,False,13.0,3.72e-06,0.0,0.0,0.0,0.0,0.9890588235294117,,,,,,,,False,False,False,False,False,False,False,False,False,,,,,,,,,,,,,,,,,,,,,,,,,,,,,,,,,,,,,,,,,,,,,,,,,,,,,,,,,,,,,,,,,,,,,,,,,,,,,,,,,,,,,,,,,,,,,,,,,
classic,VerilogEval-Spec-to-RTL,Prob150_review2015_fsmonehot,combinational,revolution,,,3,True,generation_log,d7811c6d-ea4f-4254-8e71-2077b7bb8236,M-S,0.32968627450980387,,0.32968627450980387,,,,False,False,,False,13.0,3.72e-06,0.0,0.0,0.0,0.0,0.9890588235294117,,,,,,,,False,False,False,False,False,False,False,False,False,,,,,,,,,,,,,,,,,,,,,,,,,,,,,,,,,,,,,,,,,,,,,,,,,,,,,,,,,,,,,,,,,,,,,,,,,,,,,,,,,,,,,,,,,,,,,,,,,
classic,VerilogEval-Spec-to-RTL,Prob150_review2015_fsmonehot,combinational,revolution,,,3,True,generation_log,c4f4cb91-167c-4055-8d4e-1fbf2e0b946d,M-E,0.32968627450980387,,0.32968627450980387,,,,False,False,,False,13.0,3.72e-06,0.0,0.0,0.0,0.0,0.9890588235294117,,,,,,,,False,False,False,False,False,False,False,False,False,,,,,,,,,,,,,,,,,,,,,,,,,,,,,,,,,,,,,,,,,,,,,,,,,,,,,,,,,,,,,,,,,,,,,,,,,,,,,,,,,,,,,,,,,,,,,,,,,
classic,VerilogEval-Spec-to-RTL,Prob151_review2015_fsm,sequential,revolution,,,2,True,generation_log,288db1f4-d3a1-4197-accc-84c7d095b491,M-R,-0.40997946870430096,,-0.40997946870430096,,,,False,False,,False,102.0,0.00737,0.29000000000000004,-2.46,-0.28,-0.5454545454545454,-0.6487695749440715,-0.03571428571428574,,,,,,,False,False,False,False,False,False,False,False,False,,,,,,,,,,,,,,,,,,,,,,,,,,,,,,,,,,,,,,,,,,,,,,,,,,,,,,,,,,,,,,,,,,,,,,,,,,,,,,,,,,,,,,,,,,,,,,,,,
classic,VerilogEval-Spec-to-RTL,Prob151_review2015_fsm,sequential,revolution,,,3,True,generation_log,c2b6ca03-cad2-4de1-b90a-1423b2251690,M-S,-0.3630480257997037,,-0.3630480257997037,,,,False,False,,False,97.0,0.00676,0.31,-2.25,-0.3,-0.4696969696969697,-0.5123042505592842,-0.10714285714285703,,,,,,,False,False,False,False,False,False,False,False,False,,,,,,,,,,,,,,,,,,,,,,,,,,,,,,,,,,,,,,,,,,,,,,,,,,,,,,,,,,,,,,,,,,,,,,,,,,,,,,,,,,,,,,,,,,,,,,,,,
classic,VerilogEval-Spec-to-RTL,Prob153_gshare,sequential,revolution,,,0,True,generation_log,36612826-103f-459f-a273-c3fed7b67862,initial,0.05371509982285935,,0.05371509982285935,,,,False,False,,False,3119.0,0.353,0.75,-155.57,-0.74,-0.031074380165289257,0.19221967963386732,0.0,,,,,,,False,False,False,False,False,False,False,False,False,,,,,,,,,,,,,,,,,,,,,,,,,,,,,,,,,,,,,,,,,,,,,,,,,,,,,,,,,,,,,,,,,,,,,,,,,,,,,,,,,,,,,,,,,,,,,,,,,
classic,VerilogEval-Spec-to-RTL,Prob153_gshare,sequential,revolution,,,0,True,generation_log,92ad8748-17a8-4afc-89aa-f1dceddde7a2,initial,-0.03371035085617987,,-0.03371035085617987,,,,False,False,,False,3197.0,0.468,0.73,-161.73,-0.72,-0.056859504132231405,-0.07093821510297489,0.02666666666666669,,,,,,,False,False,False,False,False,False,False,False,False,,,,,,,,,,,,,,,,,,,,,,,,,,,,,,,,,,,,,,,,,,,,,,,,,,,,,,,,,,,,,,,,,,,,,,,,,,,,,,,,,,,,,,,,,,,,,,,,,
classic,VerilogEval-Spec-to-RTL,Prob153_gshare,sequential,revolution,,,1,True,generation_log,5c95fb00-7c17-4fa4-a023-58b91f140cfb,M-S,-0.017736171786515046,,-0.017736171786515046,,,,False,False,,False,3080.0,0.429,0.79,-198.35,-0.78,-0.01818181818181818,0.018306636155606425,-0.05333333333333338,,,,,,,False,False,False,False,False,False,False,False,False,,,,,,,,,,,,,,,,,,,,,,,,,,,,,,,,,,,,,,,,,,,,,,,,,,,,,,,,,,,,,,,,,,,,,,,,,,,,,,,,,,,,,,,,,,,,,,,,,
classic,VerilogEval-Spec-to-RTL,Prob153_gshare,sequential,revolution,,,1,True,generation_log,f8615a10-80fb-40e7-a3b2-5e473ef46d1e,M-E,0.10864727995578838,,0.10864727995578838,,,,False,False,,False,2848.0,0.291,0.8,-201.57,-0.79,0.058512396694214874,0.33409610983981697,-0.06666666666666672,,,,,,,False,False,False,False,False,False,False,False,False,,,,,,,,,,,,,,,,,,,,,,,,,,,,,,,,,,,,,,,,,,,,,,,,,,,,,,,,,,,,,,,,,,,,,,,,,,,,,,,,,,,,,,,,,,,,,,,,,
classic,VerilogEval-Spec-to-RTL,Prob153_gshare,sequential,revolution,,,1,True,generation_log,04d17425-992c-48c2-815a-2188296e4a72,M-S,0.05371509982285935,,0.05371509982285935,,,,False,False,,False,3119.0,0.353,0.75,-155.57,-0.74,-0.031074380165289257,0.19221967963386732,0.0,,,,,,,False,False,False,False,False,False,False,False,False,,,,,,,,,,,,,,,,,,,,,,,,,,,,,,,,,,,,,,,,,,,,,,,,,,,,,,,,,,,,,,,,,,,,,,,,,,,,,,,,,,,,,,,,,,,,,,,,,
classic,VerilogEval-Spec-to-RTL,Prob153_gshare,sequential,revolution,,,2,True,generation_log,9610d5d9-0f56-4741-baaf-37159518d898,C-F,-0.05048042312032325,,-0.05048042312032325,,,,False,False,,False,3258.0,0.487,0.72,-150.78,-0.71,-0.07702479338842975,-0.11441647597254002,0.040000000000000036,,,,,,,False,False,False,False,False,False,False,False,False,,,,,,,,,,,,,,,,,,,,,,,,,,,,,,,,,,,,,,,,,,,,,,,,,,,,,,,,,,,,,,,,,,,,,,,,,,,,,,,,,,,,,,,,,,,,,,,,,
classic,VerilogEval-Spec-to-RTL,Prob153_gshare,sequential,revolution,,,2,True,generation_log,65d3d660-6d50-49e6-a501-c4a5b970b131,M-R,0.07724131264801123,,0.07724131264801123,,,,False,False,,False,2963.0,0.368,0.71,-159.6,-0.7,0.020495867768595043,0.15789473684210528,0.05333333333333338,,,,,,,False,False,False,False,False,False,False,False,False,,,,,,,,,,,,,,,,,,,,,,,,,,,,,,,,,,,,,,,,,,,,,,,,,,,,,,,,,,,,,,,,,,,,,,,,,,,,,,,,,,,,,,,,,,,,,,,,,
classic,VerilogEval-Spec-to-RTL,Prob153_gshare,sequential,revolution,,,2,True,generation_log,ff3fa70e-9e3f-4703-8489-773d99f338db,M-E,0.05407887907575859,,0.05407887907575859,,,,False,False,,False,3045.0,0.404,0.68,-151.05,-0.67,-0.006611570247933884,0.07551487414187637,0.09333333333333327,,,,,,,False,False,False,False,False,False,False,False,False,,,,,,,,,,,,,,,,,,,,,,,,,,,,,,,,,,,,,,,,,,,,,,,,,,,,,,,,,,,,,,,,,,,,,,,,,,,,,,,,,,,,,,,,,,,,,,,,,
classic,VerilogEval-Spec-to-RTL,Prob153_gshare,sequential,revolution,,,3,True,generation_log,f59210d7-52ac-4515-87d1-6ab9a7621375,M-I,-0.04542996009607201,,-0.04542996009607201,,,,False,False,,False,3074.0,0.472,0.78,-175.2,-0.77,-0.016198347107438015,-0.08009153318077798,-0.040000000000000036,,,,,,,False,False,False,False,False,False,False,False,False,,,,,,,,,,,,,,,,,,,,,,,,,,,,,,,,,,,,,,,,,,,,,,,,,,,,,,,,,,,,,,,,,,,,,,,,,,,,,,,,,,,,,,,,,,,,,,,,,
classic,VerilogEval-Spec-to-RTL,Prob153_gshare,sequential,revolution,,,3,True,generation_log,8102bc06-8e19-4e85-980f-815e4b786837,C-F,0.07724131264801123,,0.07724131264801123,,,,False,False,,False,2963.0,0.368,0.71,-159.6,-0.7,0.020495867768595043,0.15789473684210528,0.05333333333333338,,,,,,,False,False,False,False,False,False,False,False,False,,,,,,,,,,,,,,,,,,,,,,,,,,,,,,,,,,,,,,,,,,,,,,,,,,,,,,,,,,,,,,,,,,,,,,,,,,,,,,,,,,,,,,,,,,,,,,,,,
classic,VerilogEval-Spec-to-RTL,Prob153_gshare,sequential,revolution,,,3,True,generation_log,6ae5f720-af70-4849-a828-a499811cb0fa,M-R,0.05371509982285935,,0.05371509982285935,,,,False,False,,False,3119.0,0.353,0.75,-155.57,-0.74,-0.031074380165289257,0.19221967963386732,0.0,,,,,,,False,False,False,False,False,False,False,False,False,,,,,,,,,,,,,,,,,,,,,,,,,,,,,,,,,,,,,,,,,,,,,,,,,,,,,,,,,,,,,,,,,,,,,,,,,,,,,,,,,,,,,,,,,,,,,,,,,
classic,VerilogEval-Spec-to-RTL,Prob153_gshare,sequential,revolution,,,3,True,generation_log,d30c7366-7aee-49c7-9fa9-90c277a59903,M-S,-0.017736171786515046,,-0.017736171786515046,,,,False,False,,False,3080.0,0.429,0.79,-198.35,-0.78,-0.01818181818181818,0.018306636155606425,-0.05333333333333338,,,,,,,False,False,False,False,False,False,False,False,False,,,,,,,,,,,,,,,,,,,,,,,,,,,,,,,,,,,,,,,,,,,,,,,,,,,,,,,,,,,,,,,,,,,,,,,,,,,,,,,,,,,,,,,,,,,,,,,,,
classic,VerilogEval-Spec-to-RTL,Prob153_gshare,sequential,revolution,,,3,True,generation_log,10fdc7a0-f353-44f8-a8b7-4d993db76ab8,M-S,-0.04542996009607201,,-0.04542996009607201,,,,False,False,,False,3074.0,0.472,0.78,-175.2,-0.77,-0.016198347107438015,-0.08009153318077798,-0.040000000000000036,,,,,,,False,False,False,False,False,False,False,False,False,,,,,,,,,,,,,,,,,,,,,,,,,,,,,,,,,,,,,,,,,,,,,,,,,,,,,,,,,,,,,,,,,,,,,,,,,,,,,,,,,,,,,,,,,,,,,,,,,
fused_rtl_state_pipeline_qd,RTLLM,Prob004_adder_8bit,combinational,revolution_qd,grid_quantile,fused_rtl_state_pipeline_2d,1,True,generation_log,0fbfb73e-22bd-4fa9-adcb-5f7b4d3dc935,single_thought_operator,0.38154412826809186,0.38154412826809186,0.38154412826809186,fail_pool,whole,warmup_buffered,False,False,warmup:1,True,39.0,2.27e-05,0.0,0.0,0.0,0.15217391304347827,0.9924584717607973,0.0,,/workspace/exp/useful_bd_push/t63_fused_rtl_native_20260623_133903_UTC/hard_tuning/fused_rtl_state_pipeline_qd/seed_1001/openai_gpt-oss-120b/RTLLM/Prob004_adder_8bit/Gen1/Prob004_adder_8bit_sample1_single_thought_operator,/workspace/exp/useful_bd_push/t63_fused_rtl_native_20260623_133903_UTC/hard_tuning/fused_rtl_state_pipeline_qd/seed_1001/openai_gpt-oss-120b/RTLLM/Prob004_adder_8bit/Gen1/Prob004_adder_8bit_sample1_single_thought_operator/code.sv,/workspace/exp/useful_bd_push/t63_fused_rtl_native_20260623_133903_UTC/hard_tuning/fused_rtl_state_pipeline_qd/seed_1001/openai_gpt-oss-120b/RTLLM/Prob004_adder_8bit/Gen1/Prob004_adder_8bit_sample1_single_thought_operator/code_synthesis_report.metrics.json,/workspace/exp/useful_bd_push/t63_fused_rtl_native_20260623_133903_UTC/hard_tuning/fused_rtl_state_pipeline_qd/seed_1001/openai_gpt-oss-120b/RTLLM/Prob004_adder_8bit/Gen1/Prob004_adder_8bit_sample1_single_thought_operator/qd_archive_event.json,,True,True,True,False,True,True,True,False,True,,0.42105263157894735,0.0,2.0,8.0,4.0,7.0,0.0,2.995732273553991,1.0,4.04305126783455,56.0,1.0,0.0,1.0,1.0,1.0892857142857142,0.0,1.0,0.0,56.0,61.0,73.0,5.975745055027299,3.0,23.0,22.0,1.6575342465753424,73.0,73.0,0.0,0.0,0.9420829634381678,4.127134385045092,3.1780538303479458,4.304065093204169,4.04305126783455,24.0,24.0,0.0,7.0,0.0,0.0,16.0,5.0,0.0,0.0,0.0,0.49122807017543857,0.0,0.5535714285714286,1.0,0.0,0.9701030548288897,0.6895549008903413,0.6838877884115075,56.0,2.8245869990971886,0.9895031284064684,11.0,0.8181818181818182,9.0,0.0,457.0,0.0,0.0,0.0,18.0,18.0,0.2328767123287671,0.4383561643835616,0.1232876712328767,0.2054794520547945,0.2328767123287671,0.2465753424657534,0.4246575342465753,0.0958904109589041,0.1232876712328767,0.0273972602739726,0.3972602739726027,0.4520547945205479,0.0797100453161797,0.0,0.0,0.0,0.0,56.0,0.0,1.0,0.0,1.4061518545101988,17.4,19.0,10.0,1.0,1.1578947368421053,3.1354942159291497
fused_rtl_state_pipeline_qd,RTLLM,Prob004_adder_8bit,combinational,revolution_qd,grid_quantile,fused_rtl_state_pipeline_2d,1,True,generation_log,ec5f2d78-6df6-45e2-9652-f7dbafe848a5,single_thought_operator,0.38154412826809186,0.38154412826809186,0.38154412826809186,fail_pool,whole,warmup_buffered,False,False,warmup:2,False,39.0,2.27e-05,0.0,0.0,0.0,0.15217391304347827,0.9924584717607973,0.0,,/workspace/exp/useful_bd_push/t63_fused_rtl_native_20260623_133903_UTC/hard_tuning/fused_rtl_state_pipeline_qd/seed_1001/openai_gpt-oss-120b/RTLLM/Prob004_adder_8bit/Gen1/Prob004_adder_8bit_sample2_single_thought_operator,/workspace/exp/useful_bd_push/t63_fused_rtl_native_20260623_133903_UTC/hard_tuning/fused_rtl_state_pipeline_qd/seed_1001/openai_gpt-oss-120b/RTLLM/Prob004_adder_8bit/Gen1/Prob004_adder_8bit_sample2_single_thought_operator/code.sv,/workspace/exp/useful_bd_push/t63_fused_rtl_native_20260623_133903_UTC/hard_tuning/fused_rtl_state_pipeline_qd/seed_1001/openai_gpt-oss-120b/RTLLM/Prob004_adder_8bit/Gen1/Prob004_adder_8bit_sample2_single_thought_operator/code_synthesis_report.metrics.json,/workspace/exp/useful_bd_push/t63_fused_rtl_native_20260623_133903_UTC/hard_tuning/fused_rtl_state_pipeline_qd/seed_1001/openai_gpt-oss-120b/RTLLM/Prob004_adder_8bit/Gen1/Prob004_adder_8bit_sample2_single_thought_operator/qd_archive_event.json,,True,True,True,False,True,True,True,False,True,,0.42105263157894735,0.0,2.0,8.0,4.0,7.0,0.0,2.995732273553991,1.0,4.04305126783455,56.0,1.0,0.0,1.0,1.0,1.0892857142857142,0.0,1.0,0.0,56.0,61.0,73.0,5.975745055027299,3.0,23.0,22.0,1.6575342465753424,73.0,73.0,0.0,0.0,0.9420829634381678,4.127134385045092,3.1780538303479458,4.304065093204169,4.04305126783455,24.0,24.0,0.0,7.0,0.0,0.0,16.0,5.0,0.0,0.0,0.0,0.49122807017543857,0.0,0.5535714285714286,1.0,0.0,0.9708803285620357,0.6971329480217946,0.6913925013458027,56.0,2.761985910488775,0.9926122233390517,11.0,0.8181818181818182,9.0,0.0,553.0,0.0,0.0,0.0,22.0,20.0,0.2328767123287671,0.4383561643835616,0.1232876712328767,0.2054794520547945,0.2328767123287671,0.2465753424657534,0.4246575342465753,0.0958904109589041,0.1232876712328767,0.0273972602739726,0.3972602739726027,0.4520547945205479,0.07971004531617971,0.0,0.0,0.0,0.0,56.0,0.0,1.0,0.0,1.4061518545101988,17.4,19.0,10.0,1.0,1.1578947368421053,3.1354942159291497
fused_rtl_state_pipeline_qd,RTLLM,Prob004_adder_8bit,combinational,revolution_qd,grid_quantile,fused_rtl_state_pipeline_2d,1,True,generation_log,6fdbc861-2eb2-4e4e-87e2-c245bd6a8ae0,single_thought_operator,0.38154412826809186,0.38154412826809186,0.38154412826809186,fail_pool,whole,warmup_buffered,False,False,warmup:3,False,39.0,2.27e-05,0.0,0.0,0.0,0.15217391304347827,0.9924584717607973,0.0,,/workspace/exp/useful_bd_push/t63_fused_rtl_native_20260623_133903_UTC/hard_tuning/fused_rtl_state_pipeline_qd/seed_1001/openai_gpt-oss-120b/RTLLM/Prob004_adder_8bit/Gen1/Prob004_adder_8bit_sample3_single_thought_operator,/workspace/exp/useful_bd_push/t63_fused_rtl_native_20260623_133903_UTC/hard_tuning/fused_rtl_state_pipeline_qd/seed_1001/openai_gpt-oss-120b/RTLLM/Prob004_adder_8bit/Gen1/Prob004_adder_8bit_sample3_single_thought_operator/code.sv,/workspace/exp/useful_bd_push/t63_fused_rtl_native_20260623_133903_UTC/hard_tuning/fused_rtl_state_pipeline_qd/seed_1001/openai_gpt-oss-120b/RTLLM/Prob004_adder_8bit/Gen1/Prob004_adder_8bit_sample3_single_thought_operator/code_synthesis_report.metrics.json,/workspace/exp/useful_bd_push/t63_fused_rtl_native_20260623_133903_UTC/hard_tuning/fused_rtl_state_pipeline_qd/seed_1001/openai_gpt-oss-120b/RTLLM/Prob004_adder_8bit/Gen1/Prob004_adder_8bit_sample3_single_thought_operator/qd_archive_event.json,,True,True,True,False,True,True,True,False,True,,0.42105263157894735,0.0,2.0,8.0,4.0,7.0,0.0,2.995732273553991,1.0,4.04305126783455,56.0,1.0,0.0,1.0,1.0,1.0892857142857142,0.0,3.0,0.0,56.0,61.0,73.0,5.975745055027299,3.0,23.0,22.0,1.6575342465753424,73.0,73.0,0.0,0.0,0.9420829634381678,4.127134385045092,3.1780538303479458,4.304065093204169,4.04305126783455,24.0,24.0,0.0,7.0,0.0,0.0,16.0,5.0,0.0,0.0,0.0,0.49122807017543857,0.0,0.5535714285714286,1.0,0.0,0.9701030548288897,0.6895549008903413,0.6838877884115075,56.0,2.8245869990971886,0.9895031284064684,11.0,0.8181818181818182,9.0,0.0,616.0,0.0,0.0,0.0,23.0,21.0,0.2328767123287671,0.4383561643835616,0.1232876712328767,0.2054794520547945,0.2328767123287671,0.2465753424657534,0.4246575342465753,0.0958904109589041,0.1232876712328767,0.0273972602739726,0.3972602739726027,0.4520547945205479,0.0797100453161797,0.0,0.0,0.0,0.0,56.0,0.0,1.0,0.0,1.4061518545101988,17.4,19.0,10.0,1.0,1.1578947368421053,3.1354942159291497
fused_rtl_state_pipeline_qd,RTLLM,Prob004_adder_8bit,combinational,revolution_qd,grid_quantile,fused_rtl_state_pipeline_2d,1,True,generation_log,5012afb6-b0bf-4148-bf91-e00a41d56aae,single_thought_operator,0.38154412826809186,0.38154412826809186,0.38154412826809186,fail_pool,whole,warmup_buffered,False,False,warmup:4,False,39.0,2.27e-05,0.0,0.0,0.0,0.15217391304347827,0.9924584717607973,0.0,,/workspace/exp/useful_bd_push/t63_fused_rtl_native_20260623_133903_UTC/hard_tuning/fused_rtl_state_pipeline_qd/seed_1001/openai_gpt-oss-120b/RTLLM/Prob004_adder_8bit/Gen1/Prob004_adder_8bit_sample4_single_thought_operator,/workspace/exp/useful_bd_push/t63_fused_rtl_native_20260623_133903_UTC/hard_tuning/fused_rtl_state_pipeline_qd/seed_1001/openai_gpt-oss-120b/RTLLM/Prob004_adder_8bit/Gen1/Prob004_adder_8bit_sample4_single_thought_operator/code.sv,/workspace/exp/useful_bd_push/t63_fused_rtl_native_20260623_133903_UTC/hard_tuning/fused_rtl_state_pipeline_qd/seed_1001/openai_gpt-oss-120b/RTLLM/Prob004_adder_8bit/Gen1/Prob004_adder_8bit_sample4_single_thought_operator/code_synthesis_report.metrics.json,/workspace/exp/useful_bd_push/t63_fused_rtl_native_20260623_133903_UTC/hard_tuning/fused_rtl_state_pipeline_qd/seed_1001/openai_gpt-oss-120b/RTLLM/Prob004_adder_8bit/Gen1/Prob004_adder_8bit_sample4_single_thought_operator/qd_archive_event.json,,True,True,True,False,True,True,True,False,True,,0.42105263157894735,0.0,2.0,8.0,4.0,7.0,0.0,2.995732273553991,1.0,4.04305126783455,56.0,1.0,0.0,1.0,1.0,1.0892857142857142,0.0,1.0,0.0,56.0,61.0,73.0,5.975745055027299,3.0,23.0,22.0,1.6575342465753424,73.0,73.0,0.0,0.0,0.9420829634381678,4.127134385045092,3.1780538303479458,4.304065093204169,4.04305126783455,24.0,24.0,0.0,7.0,0.0,0.0,16.0,5.0,0.0,0.0,0.0,0.49122807017543857,0.0,0.5535714285714286,1.0,0.0,0.9701030548288897,0.6895549008903413,0.6838877884115075,56.0,2.8245869990971886,0.9895031284064684,11.0,0.8181818181818182,9.0,0.0,522.0,0.0,0.0,0.0,19.0,19.0,0.2328767123287671,0.4383561643835616,0.1232876712328767,0.2054794520547945,0.2328767123287671,0.2465753424657534,0.4246575342465753,0.0958904109589041,0.1232876712328767,0.0273972602739726,0.3972602739726027,0.4520547945205479,0.0797100453161797,0.0,0.0,0.0,0.0,56.0,0.0,1.0,0.0,1.4061518545101988,17.4,19.0,10.0,1.0,1.1578947368421053,3.1354942159291497
fused_rtl_state_pipeline_qd,RTLLM,Prob004_adder_8bit,combinational,revolution_qd,grid_quantile,fused_rtl_state_pipeline_2d,1,True,generation_log,cce34ea8-1fc8-43ae-a31b-c4e05b7bb64a,single_thought_operator,0.38154412826809186,0.38154412826809186,0.38154412826809186,fail_pool,whole,warmup_buffered,False,False,warmup:5,False,39.0,2.27e-05,0.0,0.0,0.0,0.15217391304347827,0.9924584717607973,0.0,,/workspace/exp/useful_bd_push/t63_fused_rtl_native_20260623_133903_UTC/hard_tuning/fused_rtl_state_pipeline_qd/seed_1001/openai_gpt-oss-120b/RTLLM/Prob004_adder_8bit/Gen1/Prob004_adder_8bit_sample6_single_thought_operator,/workspace/exp/useful_bd_push/t63_fused_rtl_native_20260623_133903_UTC/hard_tuning/fused_rtl_state_pipeline_qd/seed_1001/openai_gpt-oss-120b/RTLLM/Prob004_adder_8bit/Gen1/Prob004_adder_8bit_sample6_single_thought_operator/code.sv,/workspace/exp/useful_bd_push/t63_fused_rtl_native_20260623_133903_UTC/hard_tuning/fused_rtl_state_pipeline_qd/seed_1001/openai_gpt-oss-120b/RTLLM/Prob004_adder_8bit/Gen1/Prob004_adder_8bit_sample6_single_thought_operator/code_synthesis_report.metrics.json,/workspace/exp/useful_bd_push/t63_fused_rtl_native_20260623_133903_UTC/hard_tuning/fused_rtl_state_pipeline_qd/seed_1001/openai_gpt-oss-120b/RTLLM/Prob004_adder_8bit/Gen1/Prob004_adder_8bit_sample6_single_thought_operator/qd_archive_event.json,,True,True,True,False,True,True,True,False,True,,0.42105263157894735,0.0,2.0,8.0,4.0,7.0,0.0,2.995732273553991,1.0,4.04305126783455,56.0,1.0,0.0,1.0,1.0,1.0892857142857142,0.0,1.0,0.0,56.0,61.0,73.0,5.975745055027299,3.0,23.0,22.0,1.6575342465753424,73.0,73.0,0.0,0.0,0.9420829634381678,4.127134385045092,3.1780538303479458,4.304065093204169,4.04305126783455,24.0,24.0,0.0,7.0,0.0,0.0,16.0,5.0,0.0,0.0,0.0,0.49122807017543857,0.0,0.5535714285714286,1.0,0.0,0.9701030548288897,0.6895549008903413,0.6838877884115075,56.0,2.8245869990971886,0.9895031284064684,11.0,0.8181818181818182,9.0,0.0,449.0,0.0,0.0,0.0,18.0,18.0,0.2328767123287671,0.4383561643835616,0.1232876712328767,0.2054794520547945,0.2328767123287671,0.2465753424657534,0.4246575342465753,0.0958904109589041,0.1232876712328767,0.0273972602739726,0.3972602739726027,0.4520547945205479,0.0797100453161797,0.0,0.0,0.0,0.0,56.0,0.0,1.0,0.0,1.4061518545101988,17.4,19.0,10.0,1.0,1.1578947368421053,3.1354942159291497
fused_rtl_state_pipeline_qd,RTLLM,Prob004_adder_8bit,combinational,revolution_qd,grid_quantile,fused_rtl_state_pipeline_2d,1,True,generation_log,2e68215a-b920-4060-ad7d-29bc2e984910,single_thought_operator,0.38154412826809186,0.38154412826809186,0.38154412826809186,fail_pool,whole,warmup_buffered,False,False,warmup:6,False,39.0,2.27e-05,0.0,0.0,0.0,0.15217391304347827,0.9924584717607973,0.0,,/workspace/exp/useful_bd_push/t63_fused_rtl_native_20260623_133903_UTC/hard_tuning/fused_rtl_state_pipeline_qd/seed_1001/openai_gpt-oss-120b/RTLLM/Prob004_adder_8bit/Gen1/Prob004_adder_8bit_sample7_single_thought_operator,/workspace/exp/useful_bd_push/t63_fused_rtl_native_20260623_133903_UTC/hard_tuning/fused_rtl_state_pipeline_qd/seed_1001/openai_gpt-oss-120b/RTLLM/Prob004_adder_8bit/Gen1/Prob004_adder_8bit_sample7_single_thought_operator/code.sv,/workspace/exp/useful_bd_push/t63_fused_rtl_native_20260623_133903_UTC/hard_tuning/fused_rtl_state_pipeline_qd/seed_1001/openai_gpt-oss-120b/RTLLM/Prob004_adder_8bit/Gen1/Prob004_adder_8bit_sample7_single_thought_operator/code_synthesis_report.metrics.json,/workspace/exp/useful_bd_push/t63_fused_rtl_native_20260623_133903_UTC/hard_tuning/fused_rtl_state_pipeline_qd/seed_1001/openai_gpt-oss-120b/RTLLM/Prob004_adder_8bit/Gen1/Prob004_adder_8bit_sample7_single_thought_operator/qd_archive_event.json,,True,True,True,False,True,True,True,False,True,,0.42105263157894735,0.0,2.0,8.0,4.0,7.0,0.0,2.995732273553991,1.0,4.04305126783455,56.0,1.0,0.0,1.0,1.0,1.0892857142857142,0.0,1.0,0.0,56.0,61.0,73.0,5.975745055027299,3.0,23.0,22.0,1.6575342465753424,73.0,73.0,0.0,0.0,0.9420829634381678,4.127134385045092,3.1780538303479458,4.304065093204169,4.04305126783455,24.0,24.0,0.0,7.0,0.0,0.0,16.0,5.0,0.0,0.0,0.0,0.49122807017543857,0.0,0.5535714285714286,1.0,0.0,0.9701030548288897,0.6895549008903413,0.6838877884115075,56.0,2.8245869990971886,0.9895031284064684,11.0,0.8181818181818182,9.0,0.0,483.0,0.0,0.0,0.0,18.0,18.0,0.2328767123287671,0.4383561643835616,0.1232876712328767,0.2054794520547945,0.2328767123287671,0.2465753424657534,0.4246575342465753,0.0958904109589041,0.1232876712328767,0.0273972602739726,0.3972602739726027,0.4520547945205479,0.0797100453161797,0.0,0.0,0.0,0.0,56.0,0.0,1.0,0.0,1.4061518545101988,17.4,19.0,10.0,1.0,1.1578947368421053,3.1354942159291497
fused_rtl_state_pipeline_qd,RTLLM,Prob004_adder_8bit,combinational,revolution_qd,grid_quantile,fused_rtl_state_pipeline_2d,1,True,generation_log,db77eddd-6dc9-4857-933a-85809d8624ff,single_thought_operator,0.38154412826809186,0.38154412826809186,0.38154412826809186,fail_pool,whole,warmup_buffered,False,False,warmup:7,False,39.0,2.27e-05,0.0,0.0,0.0,0.15217391304347827,0.9924584717607973,0.0,,/workspace/exp/useful_bd_push/t63_fused_rtl_native_20260623_133903_UTC/hard_tuning/fused_rtl_state_pipeline_qd/seed_1001/openai_gpt-oss-120b/RTLLM/Prob004_adder_8bit/Gen1/Prob004_adder_8bit_sample8_single_thought_operator,/workspace/exp/useful_bd_push/t63_fused_rtl_native_20260623_133903_UTC/hard_tuning/fused_rtl_state_pipeline_qd/seed_1001/openai_gpt-oss-120b/RTLLM/Prob004_adder_8bit/Gen1/Prob004_adder_8bit_sample8_single_thought_operator/code.sv,/workspace/exp/useful_bd_push/t63_fused_rtl_native_20260623_133903_UTC/hard_tuning/fused_rtl_state_pipeline_qd/seed_1001/openai_gpt-oss-120b/RTLLM/Prob004_adder_8bit/Gen1/Prob004_adder_8bit_sample8_single_thought_operator/code_synthesis_report.metrics.json,/workspace/exp/useful_bd_push/t63_fused_rtl_native_20260623_133903_UTC/hard_tuning/fused_rtl_state_pipeline_qd/seed_1001/openai_gpt-oss-120b/RTLLM/Prob004_adder_8bit/Gen1/Prob004_adder_8bit_sample8_single_thought_operator/qd_archive_event.json,,True,True,True,False,True,True,True,False,True,,0.42105263157894735,0.0,2.0,8.0,4.0,7.0,0.0,2.995732273553991,1.0,4.04305126783455,56.0,1.0,0.0,1.0,1.0,1.0892857142857142,0.0,1.0,0.0,56.0,61.0,73.0,5.975745055027299,3.0,23.0,22.0,1.6575342465753424,73.0,73.0,0.0,0.0,0.9420829634381678,4.127134385045092,3.1780538303479458,4.304065093204169,4.04305126783455,24.0,24.0,0.0,7.0,0.0,0.0,16.0,5.0,0.0,0.0,0.0,0.49122807017543857,0.0,0.5535714285714286,1.0,0.0,0.9701030548288897,0.6895549008903413,0.6838877884115075,56.0,2.8245869990971886,0.9895031284064684,11.0,0.8181818181818182,9.0,0.0,449.0,0.0,0.0,0.0,18.0,18.0,0.2328767123287671,0.4383561643835616,0.1232876712328767,0.2054794520547945,0.2328767123287671,0.2465753424657534,0.4246575342465753,0.0958904109589041,0.1232876712328767,0.0273972602739726,0.3972602739726027,0.4520547945205479,0.0797100453161797,0.0,0.0,0.0,0.0,56.0,0.0,1.0,0.0,1.4061518545101988,17.4,19.0,10.0,1.0,1.1578947368421053,3.1354942159291497
fused_rtl_state_pipeline_qd,RTLLM,Prob004_adder_8bit,combinational,revolution_qd,grid_quantile,fused_rtl_state_pipeline_2d,1,True,generation_log,d61e20a4-6529-4f4c-b4b1-950b0034ce97,single_thought_operator,0.38154412826809186,0.38154412826809186,0.38154412826809186,fail_pool,whole,warmup_buffered,False,False,warmup:8,False,39.0,2.27e-05,0.0,0.0,0.0,0.15217391304347827,0.9924584717607973,0.0,,/workspace/exp/useful_bd_push/t63_fused_rtl_native_20260623_133903_UTC/hard_tuning/fused_rtl_state_pipeline_qd/seed_1001/openai_gpt-oss-120b/RTLLM/Prob004_adder_8bit/Gen1/Prob004_adder_8bit_sample9_single_thought_operator,/workspace/exp/useful_bd_push/t63_fused_rtl_native_20260623_133903_UTC/hard_tuning/fused_rtl_state_pipeline_qd/seed_1001/openai_gpt-oss-120b/RTLLM/Prob004_adder_8bit/Gen1/Prob004_adder_8bit_sample9_single_thought_operator/code.sv,/workspace/exp/useful_bd_push/t63_fused_rtl_native_20260623_133903_UTC/hard_tuning/fused_rtl_state_pipeline_qd/seed_1001/openai_gpt-oss-120b/RTLLM/Prob004_adder_8bit/Gen1/Prob004_adder_8bit_sample9_single_thought_operator/code_synthesis_report.metrics.json,/workspace/exp/useful_bd_push/t63_fused_rtl_native_20260623_133903_UTC/hard_tuning/fused_rtl_state_pipeline_qd/seed_1001/openai_gpt-oss-120b/RTLLM/Prob004_adder_8bit/Gen1/Prob004_adder_8bit_sample9_single_thought_operator/qd_archive_event.json,,True,True,True,False,True,True,True,False,True,,0.42105263157894735,0.0,2.0,8.0,4.0,7.0,0.0,2.995732273553991,1.0,4.04305126783455,56.0,1.0,0.0,1.0,1.0,1.0892857142857142,0.0,1.0,0.0,56.0,61.0,73.0,5.975745055027299,3.0,23.0,22.0,1.6575342465753424,73.0,73.0,0.0,0.0,0.9420829634381678,4.127134385045092,3.1780538303479458,4.304065093204169,4.04305126783455,24.0,24.0,0.0,7.0,0.0,0.0,16.0,5.0,0.0,0.0,0.0,0.49122807017543857,0.0,0.5535714285714286,1.0,0.0,0.9701030548288897,0.6895549008903413,0.6838877884115075,56.0,2.8245869990971886,0.9895031284064684,11.0,0.8181818181818182,9.0,0.0,438.0,0.0,0.0,0.0,20.0,18.0,0.2328767123287671,0.4383561643835616,0.1232876712328767,0.2054794520547945,0.2328767123287671,0.2465753424657534,0.4246575342465753,0.0958904109589041,0.1232876712328767,0.0273972602739726,0.3972602739726027,0.4520547945205479,0.0797100453161797,0.0,0.0,0.0,0.0,56.0,0.0,1.0,0.0,1.4061518545101988,17.4,19.0,10.0,1.0,1.1578947368421053,3.1354942159291497
fused_rtl_state_pipeline_qd,RTLLM,Prob004_adder_8bit,combinational,revolution_qd,grid_quantile,fused_rtl_state_pipeline_2d,1,True,generation_log,45a45021-bfae-4880-9e57-3ead32393272,single_thought_operator,0.38154412826809186,0.38154412826809186,0.38154412826809186,fail_pool,whole,warmup_buffered,False,False,warmup:9,False,39.0,2.27e-05,0.0,0.0,0.0,0.15217391304347827,0.9924584717607973,0.0,,/workspace/exp/useful_bd_push/t63_fused_rtl_native_20260623_133903_UTC/hard_tuning/fused_rtl_state_pipeline_qd/seed_1001/openai_gpt-oss-120b/RTLLM/Prob004_adder_8bit/Gen1/Prob004_adder_8bit_sample10_single_thought_operator,/workspace/exp/useful_bd_push/t63_fused_rtl_native_20260623_133903_UTC/hard_tuning/fused_rtl_state_pipeline_qd/seed_1001/openai_gpt-oss-120b/RTLLM/Prob004_adder_8bit/Gen1/Prob004_adder_8bit_sample10_single_thought_operator/code.sv,/workspace/exp/useful_bd_push/t63_fused_rtl_native_20260623_133903_UTC/hard_tuning/fused_rtl_state_pipeline_qd/seed_1001/openai_gpt-oss-120b/RTLLM/Prob004_adder_8bit/Gen1/Prob004_adder_8bit_sample10_single_thought_operator/code_synthesis_report.metrics.json,/workspace/exp/useful_bd_push/t63_fused_rtl_native_20260623_133903_UTC/hard_tuning/fused_rtl_state_pipeline_qd/seed_1001/openai_gpt-oss-120b/RTLLM/Prob004_adder_8bit/Gen1/Prob004_adder_8bit_sample10_single_thought_operator/qd_archive_event.json,,True,True,True,False,True,True,True,False,True,,0.42105263157894735,0.0,2.0,8.0,4.0,7.0,0.0,2.995732273553991,1.0,4.04305126783455,56.0,1.0,0.0,1.0,1.0,1.0892857142857142,0.0,1.0,0.0,56.0,61.0,73.0,5.975745055027299,3.0,23.0,22.0,1.6575342465753424,73.0,73.0,0.0,0.0,0.9420829634381678,4.127134385045092,3.1780538303479458,4.304065093204169,4.04305126783455,24.0,24.0,0.0,7.0,0.0,0.0,16.0,5.0,0.0,0.0,0.0,0.49122807017543857,0.0,0.5535714285714286,1.0,0.0,0.9701030548288897,0.6895549008903413,0.6838877884115075,56.0,2.8245869990971886,0.9895031284064684,11.0,0.8181818181818182,9.0,0.0,421.0,0.0,0.0,0.0,18.0,18.0,0.2328767123287671,0.4383561643835616,0.1232876712328767,0.2054794520547945,0.2328767123287671,0.2465753424657534,0.4246575342465753,0.0958904109589041,0.1232876712328767,0.0273972602739726,0.3972602739726027,0.4520547945205479,0.0797100453161797,0.0,0.0,0.0,0.0,56.0,0.0,1.0,0.0,1.4061518545101988,17.4,19.0,10.0,1.0,1.1578947368421053,3.1354942159291497
fused_rtl_state_pipeline_qd,RTLLM,Prob004_adder_8bit,combinational,revolution_qd,grid_quantile,fused_rtl_state_pipeline_2d,1,True,generation_log,56a37377-e0b3-4f6a-b5f4-5b756e67039e,single_thought_operator,0.38154412826809186,0.38154412826809186,0.38154412826809186,fail_pool,whole,warmup_buffered,False,False,warmup:10,False,39.0,2.27e-05,0.0,0.0,0.0,0.15217391304347827,0.9924584717607973,0.0,,/workspace/exp/useful_bd_push/t63_fused_rtl_native_20260623_133903_UTC/hard_tuning/fused_rtl_state_pipeline_qd/seed_1001/openai_gpt-oss-120b/RTLLM/Prob004_adder_8bit/Gen1/Prob004_adder_8bit_sample11_single_thought_operator,/workspace/exp/useful_bd_push/t63_fused_rtl_native_20260623_133903_UTC/hard_tuning/fused_rtl_state_pipeline_qd/seed_1001/openai_gpt-oss-120b/RTLLM/Prob004_adder_8bit/Gen1/Prob004_adder_8bit_sample11_single_thought_operator/code.sv,/workspace/exp/useful_bd_push/t63_fused_rtl_native_20260623_133903_UTC/hard_tuning/fused_rtl_state_pipeline_qd/seed_1001/openai_gpt-oss-120b/RTLLM/Prob004_adder_8bit/Gen1/Prob004_adder_8bit_sample11_single_thought_operator/code_synthesis_report.metrics.json,/workspace/exp/useful_bd_push/t63_fused_rtl_native_20260623_133903_UTC/hard_tuning/fused_rtl_state_pipeline_qd/seed_1001/openai_gpt-oss-120b/RTLLM/Prob004_adder_8bit/Gen1/Prob004_adder_8bit_sample11_single_thought_operator/qd_archive_event.json,,True,True,True,False,True,True,True,False,True,,0.42105263157894735,0.0,2.0,8.0,4.0,7.0,0.0,2.995732273553991,1.0,4.04305126783455,56.0,1.0,0.0,1.0,1.0,1.0892857142857142,0.0,1.0,0.0,56.0,61.0,73.0,5.975745055027299,3.0,23.0,22.0,1.6575342465753424,73.0,73.0,0.0,0.0,0.9420829634381678,4.127134385045092,3.1780538303479458,4.304065093204169,4.04305126783455,24.0,24.0,0.0,7.0,0.0,0.0,16.0,5.0,0.0,0.0,0.0,0.49122807017543857,0.0,0.5535714285714286,1.0,0.0,0.9701030548288897,0.6895549008903413,0.6838877884115075,56.0,2.8245869990971886,0.9895031284064684,11.0,0.8181818181818182,9.0,0.0,496.0,0.0,0.0,0.0,21.0,19.0,0.2328767123287671,0.4383561643835616,0.1232876712328767,0.2054794520547945,0.2328767123287671,0.2465753424657534,0.4246575342465753,0.0958904109589041,0.1232876712328767,0.0273972602739726,0.3972602739726027,0.4520547945205479,0.0797100453161797,0.0,0.0,0.0,0.0,56.0,0.0,1.0,0.0,1.4061518545101988,17.4,19.0,10.0,1.0,1.1578947368421053,3.1354942159291497
fused_rtl_state_pipeline_qd,RTLLM,Prob004_adder_8bit,combinational,revolution_qd,grid_quantile,fused_rtl_state_pipeline_2d,1,True,generation_log,fbfb0147-b31a-4d3c-a917-779799a248d1,single_thought_operator,0.38154412826809186,0.38154412826809186,0.38154412826809186,fail_pool,whole,warmup_buffered,False,False,warmup:11,False,39.0,2.27e-05,0.0,0.0,0.0,0.15217391304347827,0.9924584717607973,0.0,,/workspace/exp/useful_bd_push/t63_fused_rtl_native_20260623_133903_UTC/hard_tuning/fused_rtl_state_pipeline_qd/seed_1001/openai_gpt-oss-120b/RTLLM/Prob004_adder_8bit/Gen1/Prob004_adder_8bit_sample12_single_thought_operator,/workspace/exp/useful_bd_push/t63_fused_rtl_native_20260623_133903_UTC/hard_tuning/fused_rtl_state_pipeline_qd/seed_1001/openai_gpt-oss-120b/RTLLM/Prob004_adder_8bit/Gen1/Prob004_adder_8bit_sample12_single_thought_operator/code.sv,/workspace/exp/useful_bd_push/t63_fused_rtl_native_20260623_133903_UTC/hard_tuning/fused_rtl_state_pipeline_qd/seed_1001/openai_gpt-oss-120b/RTLLM/Prob004_adder_8bit/Gen1/Prob004_adder_8bit_sample12_single_thought_operator/code_synthesis_report.metrics.json,/workspace/exp/useful_bd_push/t63_fused_rtl_native_20260623_133903_UTC/hard_tuning/fused_rtl_state_pipeline_qd/seed_1001/openai_gpt-oss-120b/RTLLM/Prob004_adder_8bit/Gen1/Prob004_adder_8bit_sample12_single_thought_operator/qd_archive_event.json,,True,True,True,False,True,True,True,False,True,,0.42105263157894735,0.0,2.0,8.0,3.0,7.0,0.0,2.995732273553991,1.0,4.04305126783455,56.0,2.0,1.0,2.0,1.0,1.0892857142857142,0.0,1.0,0.0,56.0,61.0,73.0,5.975745055027299,3.0,23.0,22.0,1.6575342465753424,73.0,73.0,0.0,0.0,0.9420829634381678,4.127134385045092,3.1780538303479458,4.304065093204169,4.04305126783455,24.0,24.0,0.0,7.0,0.0,0.0,15.0,6.0,0.0,0.0,0.0,0.49122807017543857,0.0,0.5535714285714286,1.0,0.0,0.9701030548288897,0.6895549008903413,0.6838877884115075,56.0,2.8245869990971886,0.9895031284064684,11.0,0.8181818181818182,9.0,0.0,480.0,0.0,0.0,0.0,18.0,18.0,0.2328767123287671,0.4383561643835616,0.1232876712328767,0.2054794520547945,0.2328767123287671,0.2465753424657534,0.4246575342465753,0.0958904109589041,0.1232876712328767,0.0273972602739726,0.3972602739726027,0.4520547945205479,0.0797100453161797,0.0,0.0,0.0,0.0,56.0,0.0,1.0,1.0,1.7084118211067647,21.75,19.0,11.0,1.0,1.1578947368421053,3.1354942159291497
fused_rtl_state_pipeline_qd,RTLLM,Prob004_adder_8bit,combinational,revolution_qd,grid_quantile,fused_rtl_state_pipeline_2d,2,True,generation_log,30611045-4a95-4b3a-9c93-514122ddf9b6,single_thought_operator,0.38154412826809186,0.38154412826809186,0.38154412826809186,fail_pool,whole,warmup_buffered,False,False,warmup:12,False,39.0,2.27e-05,0.0,0.0,0.0,0.15217391304347827,0.9924584717607973,0.0,,/workspace/exp/useful_bd_push/t63_fused_rtl_native_20260623_133903_UTC/hard_tuning/fused_rtl_state_pipeline_qd/seed_1001/openai_gpt-oss-120b/RTLLM/Prob004_adder_8bit/Gen2/Prob004_adder_8bit_sample1_single_thought_operator,/workspace/exp/useful_bd_push/t63_fused_rtl_native_20260623_133903_UTC/hard_tuning/fused_rtl_state_pipeline_qd/seed_1001/openai_gpt-oss-120b/RTLLM/Prob004_adder_8bit/Gen2/Prob004_adder_8bit_sample1_single_thought_operator/code.sv,/workspace/exp/useful_bd_push/t63_fused_rtl_native_20260623_133903_UTC/hard_tuning/fused_rtl_state_pipeline_qd/seed_1001/openai_gpt-oss-120b/RTLLM/Prob004_adder_8bit/Gen2/Prob004_adder_8bit_sample1_single_thought_operator/code_synthesis_report.metrics.json,/workspace/exp/useful_bd_push/t63_fused_rtl_native_20260623_133903_UTC/hard_tuning/fused_rtl_state_pipeline_qd/seed_1001/openai_gpt-oss-120b/RTLLM/Prob004_adder_8bit/Gen2/Prob004_adder_8bit_sample1_single_thought_operator/qd_archive_event.json,,True,True,True,False,True,True,True,False,True,,0.42105263157894735,0.0,2.0,8.0,4.0,7.0,0.0,2.995732273553991,1.0,4.04305126783455,56.0,1.0,0.0,1.0,1.0,1.0892857142857142,0.0,1.0,0.0,56.0,61.0,73.0,5.975745055027299,3.0,23.0,22.0,1.6575342465753424,73.0,73.0,0.0,0.0,0.9420829634381678,4.127134385045092,3.1780538303479458,4.304065093204169,4.04305126783455,24.0,24.0,0.0,7.0,0.0,0.0,16.0,5.0,0.0,0.0,0.0,0.49122807017543857,0.0,0.5535714285714286,1.0,0.0,0.9701030548288897,0.6895549008903413,0.6838877884115075,56.0,2.8245869990971886,0.9895031284064684,11.0,0.8181818181818182,9.0,0.0,459.0,0.0,0.0,0.0,20.0,18.0,0.2328767123287671,0.4383561643835616,0.1232876712328767,0.2054794520547945,0.2328767123287671,0.2465753424657534,0.4246575342465753,0.0958904109589041,0.1232876712328767,0.0273972602739726,0.3972602739726027,0.4520547945205479,0.0797100453161797,0.0,0.0,0.0,0.0,56.0,0.0,1.0,0.0,1.4061518545101988,17.4,19.0,10.0,1.0,1.1578947368421053,3.1354942159291497
fused_rtl_state_pipeline_qd,RTLLM,Prob004_adder_8bit,combinational,revolution_qd,grid_quantile,fused_rtl_state_pipeline_2d,2,True,generation_log,0330c846-9336-4e23-82ad-f9692572ab6b,single_thought_operator,0.38154412826809186,0.38154412826809186,0.38154412826809186,fail_pool,whole,warmup_buffered,False,False,warmup:13,False,39.0,2.27e-05,0.0,0.0,0.0,0.15217391304347827,0.9924584717607973,0.0,,/workspace/exp/useful_bd_push/t63_fused_rtl_native_20260623_133903_UTC/hard_tuning/fused_rtl_state_pipeline_qd/seed_1001/openai_gpt-oss-120b/RTLLM/Prob004_adder_8bit/Gen2/Prob004_adder_8bit_sample2_single_thought_operator,/workspace/exp/useful_bd_push/t63_fused_rtl_native_20260623_133903_UTC/hard_tuning/fused_rtl_state_pipeline_qd/seed_1001/openai_gpt-oss-120b/RTLLM/Prob004_adder_8bit/Gen2/Prob004_adder_8bit_sample2_single_thought_operator/code.sv,/workspace/exp/useful_bd_push/t63_fused_rtl_native_20260623_133903_UTC/hard_tuning/fused_rtl_state_pipeline_qd/seed_1001/openai_gpt-oss-120b/RTLLM/Prob004_adder_8bit/Gen2/Prob004_adder_8bit_sample2_single_thought_operator/code_synthesis_report.metrics.json,/workspace/exp/useful_bd_push/t63_fused_rtl_native_20260623_133903_UTC/hard_tuning/fused_rtl_state_pipeline_qd/seed_1001/openai_gpt-oss-120b/RTLLM/Prob004_adder_8bit/Gen2/Prob004_adder_8bit_sample2_single_thought_operator/qd_archive_event.json,,True,True,True,False,True,True,True,False,True,,0.42105263157894735,0.0,2.0,8.0,4.0,7.0,0.0,2.995732273553991,1.0,4.04305126783455,56.0,1.0,0.0,1.0,1.0,1.0892857142857142,0.0,3.0,0.0,56.0,61.0,73.0,5.975745055027299,3.0,23.0,22.0,1.6575342465753424,73.0,73.0,0.0,0.0,0.9420829634381678,4.127134385045092,3.1780538303479458,4.304065093204169,4.04305126783455,24.0,24.0,0.0,7.0,0.0,0.0,16.0,5.0,0.0,0.0,0.0,0.49122807017543857,0.0,0.5535714285714286,1.0,0.0,0.9701030548288897,0.6895549008903413,0.6838877884115075,56.0,2.8245869990971886,0.9895031284064684,11.0,0.8181818181818182,9.0,0.0,560.0,0.0,0.0,0.0,20.0,20.0,0.2328767123287671,0.4383561643835616,0.1232876712328767,0.2054794520547945,0.2328767123287671,0.2465753424657534,0.4246575342465753,0.0958904109589041,0.1232876712328767,0.0273972602739726,0.3972602739726027,0.4520547945205479,0.0797100453161797,0.0,0.0,0.0,0.0,56.0,0.0,1.0,0.0,1.4061518545101988,17.4,19.0,10.0,1.0,1.1578947368421053,3.1354942159291497
fused_rtl_state_pipeline_qd,RTLLM,Prob004_adder_8bit,combinational,revolution_qd,grid_quantile,fused_rtl_state_pipeline_2d,2,True,generation_log,955c0559-47b1-4d0c-8a6e-bb27ac76655d,single_thought_operator,0.38154412826809186,0.38154412826809186,0.38154412826809186,fail_pool,whole,warmup_buffered,False,False,warmup:14,False,39.0,2.27e-05,0.0,0.0,0.0,0.15217391304347827,0.9924584717607973,0.0,,/workspace/exp/useful_bd_push/t63_fused_rtl_native_20260623_133903_UTC/hard_tuning/fused_rtl_state_pipeline_qd/seed_1001/openai_gpt-oss-120b/RTLLM/Prob004_adder_8bit/Gen2/Prob004_adder_8bit_sample3_single_thought_operator,/workspace/exp/useful_bd_push/t63_fused_rtl_native_20260623_133903_UTC/hard_tuning/fused_rtl_state_pipeline_qd/seed_1001/openai_gpt-oss-120b/RTLLM/Prob004_adder_8bit/Gen2/Prob004_adder_8bit_sample3_single_thought_operator/code.sv,/workspace/exp/useful_bd_push/t63_fused_rtl_native_20260623_133903_UTC/hard_tuning/fused_rtl_state_pipeline_qd/seed_1001/openai_gpt-oss-120b/RTLLM/Prob004_adder_8bit/Gen2/Prob004_adder_8bit_sample3_single_thought_operator/code_synthesis_report.metrics.json,/workspace/exp/useful_bd_push/t63_fused_rtl_native_20260623_133903_UTC/hard_tuning/fused_rtl_state_pipeline_qd/seed_1001/openai_gpt-oss-120b/RTLLM/Prob004_adder_8bit/Gen2/Prob004_adder_8bit_sample3_single_thought_operator/qd_archive_event.json,,True,True,True,False,True,True,True,False,True,,0.42105263157894735,0.0,2.0,8.0,4.0,7.0,0.0,2.995732273553991,1.0,4.04305126783455,56.0,1.0,0.0,1.0,1.0,1.0892857142857142,0.0,1.0,0.0,56.0,61.0,73.0,5.975745055027299,3.0,23.0,22.0,1.6575342465753424,73.0,73.0,0.0,0.0,0.9420829634381678,4.127134385045092,3.1780538303479458,4.304065093204169,4.04305126783455,24.0,24.0,0.0,7.0,0.0,0.0,16.0,5.0,0.0,0.0,0.0,0.49122807017543857,0.0,0.5535714285714286,1.0,0.0,0.9701030548288897,0.6895549008903413,0.6838877884115075,56.0,2.8245869990971886,0.9895031284064684,11.0,0.8181818181818182,9.0,0.0,422.0,0.0,0.0,0.0,18.0,18.0,0.2328767123287671,0.4383561643835616,0.1232876712328767,0.2054794520547945,0.2328767123287671,0.2465753424657534,0.4246575342465753,0.0958904109589041,0.1232876712328767,0.0273972602739726,0.3972602739726027,0.4520547945205479,0.0797100453161797,0.0,0.0,0.0,0.0,56.0,0.0,1.0,0.0,1.4061518545101988,17.4,19.0,10.0,1.0,1.1578947368421053,3.1354942159291497
fused_rtl_state_pipeline_qd,RTLLM,Prob004_adder_8bit,combinational,revolution_qd,grid_quantile,fused_rtl_state_pipeline_2d,2,True,generation_log,03cae61a-6f28-4cd9-a35c-af391f30bf05,single_thought_operator,0.38154412826809186,0.38154412826809186,0.38154412826809186,fail_pool,whole,warmup_buffered,False,False,warmup:15,False,39.0,2.27e-05,0.0,0.0,0.0,0.15217391304347827,0.9924584717607973,0.0,,/workspace/exp/useful_bd_push/t63_fused_rtl_native_20260623_133903_UTC/hard_tuning/fused_rtl_state_pipeline_qd/seed_1001/openai_gpt-oss-120b/RTLLM/Prob004_adder_8bit/Gen2/Prob004_adder_8bit_sample5_single_thought_operator,/workspace/exp/useful_bd_push/t63_fused_rtl_native_20260623_133903_UTC/hard_tuning/fused_rtl_state_pipeline_qd/seed_1001/openai_gpt-oss-120b/RTLLM/Prob004_adder_8bit/Gen2/Prob004_adder_8bit_sample5_single_thought_operator/code.sv,/workspace/exp/useful_bd_push/t63_fused_rtl_native_20260623_133903_UTC/hard_tuning/fused_rtl_state_pipeline_qd/seed_1001/openai_gpt-oss-120b/RTLLM/Prob004_adder_8bit/Gen2/Prob004_adder_8bit_sample5_single_thought_operator/code_synthesis_report.metrics.json,/workspace/exp/useful_bd_push/t63_fused_rtl_native_20260623_133903_UTC/hard_tuning/fused_rtl_state_pipeline_qd/seed_1001/openai_gpt-oss-120b/RTLLM/Prob004_adder_8bit/Gen2/Prob004_adder_8bit_sample5_single_thought_operator/qd_archive_event.json,,True,True,True,False,True,True,True,False,True,,0.42105263157894735,0.0,2.0,8.0,4.0,7.0,0.0,2.995732273553991,1.0,4.04305126783455,56.0,1.0,0.0,1.0,1.0,1.0892857142857142,0.0,1.0,0.0,56.0,61.0,73.0,5.975745055027299,3.0,23.0,22.0,1.6575342465753424,73.0,73.0,0.0,0.0,0.9420829634381678,4.127134385045092,3.1780538303479458,4.304065093204169,4.04305126783455,24.0,24.0,0.0,7.0,0.0,0.0,16.0,5.0,0.0,0.0,0.0,0.49122807017543857,0.0,0.5535714285714286,1.0,0.0,0.9701030548288897,0.6895549008903413,0.6838877884115075,56.0,2.8245869990971886,0.9895031284064684,11.0,0.8181818181818182,9.0,0.0,447.0,0.0,0.0,0.0,18.0,18.0,0.2328767123287671,0.4383561643835616,0.1232876712328767,0.2054794520547945,0.2328767123287671,0.2465753424657534,0.4246575342465753,0.0958904109589041,0.1232876712328767,0.0273972602739726,0.3972602739726027,0.4520547945205479,0.0797100453161797,0.0,0.0,0.0,0.0,56.0,0.0,1.0,0.0,1.4061518545101988,17.4,19.0,10.0,1.0,1.1578947368421053,3.1354942159291497
fused_rtl_state_pipeline_qd,RTLLM,Prob004_adder_8bit,combinational,revolution_qd,grid_quantile,fused_rtl_state_pipeline_2d,2,True,generation_log,744d0554-6ae5-4431-aea4-8fabb01855b7,single_thought_operator,0.38154412826809186,0.38154412826809186,0.38154412826809186,fail_pool,whole,warmup_buffered,False,False,warmup:16,False,39.0,2.27e-05,0.0,0.0,0.0,0.15217391304347827,0.9924584717607973,0.0,,/workspace/exp/useful_bd_push/t63_fused_rtl_native_20260623_133903_UTC/hard_tuning/fused_rtl_state_pipeline_qd/seed_1001/openai_gpt-oss-120b/RTLLM/Prob004_adder_8bit/Gen2/Prob004_adder_8bit_sample6_single_thought_operator,/workspace/exp/useful_bd_push/t63_fused_rtl_native_20260623_133903_UTC/hard_tuning/fused_rtl_state_pipeline_qd/seed_1001/openai_gpt-oss-120b/RTLLM/Prob004_adder_8bit/Gen2/Prob004_adder_8bit_sample6_single_thought_operator/code.sv,/workspace/exp/useful_bd_push/t63_fused_rtl_native_20260623_133903_UTC/hard_tuning/fused_rtl_state_pipeline_qd/seed_1001/openai_gpt-oss-120b/RTLLM/Prob004_adder_8bit/Gen2/Prob004_adder_8bit_sample6_single_thought_operator/code_synthesis_report.metrics.json,/workspace/exp/useful_bd_push/t63_fused_rtl_native_20260623_133903_UTC/hard_tuning/fused_rtl_state_pipeline_qd/seed_1001/openai_gpt-oss-120b/RTLLM/Prob004_adder_8bit/Gen2/Prob004_adder_8bit_sample6_single_thought_operator/qd_archive_event.json,,True,True,True,False,True,True,True,False,True,,0.42105263157894735,0.0,2.0,8.0,4.0,7.0,0.0,2.995732273553991,1.0,4.04305126783455,56.0,1.0,0.0,1.0,1.0,1.0892857142857142,0.0,1.0,0.0,56.0,61.0,73.0,5.975745055027299,3.0,23.0,22.0,1.6575342465753424,73.0,73.0,0.0,0.0,0.9420829634381678,4.127134385045092,3.1780538303479458,4.304065093204169,4.04305126783455,24.0,24.0,0.0,7.0,0.0,0.0,16.0,5.0,0.0,0.0,0.0,0.49122807017543857,0.0,0.5535714285714286,1.0,0.0,0.9701030548288897,0.6895549008903413,0.6838877884115075,56.0,2.8245869990971886,0.9895031284064684,11.0,0.8181818181818182,9.0,0.0,422.0,0.0,0.0,0.0,18.0,18.0,0.2328767123287671,0.4383561643835616,0.1232876712328767,0.2054794520547945,0.2328767123287671,0.2465753424657534,0.4246575342465753,0.0958904109589041,0.1232876712328767,0.0273972602739726,0.3972602739726027,0.4520547945205479,0.0797100453161797,0.0,0.0,0.0,0.0,56.0,0.0,1.0,0.0,1.4061518545101988,17.4,19.0,10.0,1.0,1.1578947368421053,3.1354942159291497
fused_rtl_state_pipeline_qd,RTLLM,Prob004_adder_8bit,combinational,revolution_qd,grid_quantile,fused_rtl_state_pipeline_2d,2,True,generation_log,37e15465-46b7-4703-ab99-f04089ab17e0,single_thought_operator,0.38154412826809186,0.38154412826809186,0.38154412826809186,success_pool,whole,warmup_buffered,False,False,warmup:17,False,39.0,2.27e-05,0.0,0.0,0.0,0.15217391304347827,0.9924584717607973,0.0,,/workspace/exp/useful_bd_push/t63_fused_rtl_native_20260623_133903_UTC/hard_tuning/fused_rtl_state_pipeline_qd/seed_1001/openai_gpt-oss-120b/RTLLM/Prob004_adder_8bit/Gen2/Prob004_adder_8bit_sample7_single_thought_operator,/workspace/exp/useful_bd_push/t63_fused_rtl_native_20260623_133903_UTC/hard_tuning/fused_rtl_state_pipeline_qd/seed_1001/openai_gpt-oss-120b/RTLLM/Prob004_adder_8bit/Gen2/Prob004_adder_8bit_sample7_single_thought_operator/code.sv,/workspace/exp/useful_bd_push/t63_fused_rtl_native_20260623_133903_UTC/hard_tuning/fused_rtl_state_pipeline_qd/seed_1001/openai_gpt-oss-120b/RTLLM/Prob004_adder_8bit/Gen2/Prob004_adder_8bit_sample7_single_thought_operator/code_synthesis_report.metrics.json,/workspace/exp/useful_bd_push/t63_fused_rtl_native_20260623_133903_UTC/hard_tuning/fused_rtl_state_pipeline_qd/seed_1001/openai_gpt-oss-120b/RTLLM/Prob004_adder_8bit/Gen2/Prob004_adder_8bit_sample7_single_thought_operator/qd_archive_event.json,,True,True,True,False,True,True,True,False,True,,0.42105263157894735,0.0,4.0,8.0,3.0,6.0,0.0,2.995732273553991,1.0,2.833213344056216,16.0,1.0,0.0,1.0,1.0,0.9375,0.0,1.0,0.0,16.0,15.0,49.0,5.614709844115208,1.0,8.0,8.0,1.0,49.0,49.0,0.0,0.0272825367448301,0.8882347308839714,2.772588722239781,2.1972245773362196,3.912023005428146,2.833213344056216,9.0,9.0,0.0,0.0,0.0,16.0,10.0,5.0,0.0,0.0,0.0,0.9411764705882353,0.0,0.0,0.0,0.0,0.6618703430834256,0.7427134135851207,0.6606448103205331,16.0,2.9437752141489697,0.9974813723337024,4.0,0.75,3.0,0.8421052631578947,365.0,0.0,0.0,0.0,17.0,17.0,0.3469387755102041,0.32653061224489793,0.0,0.32653061224489793,0.3469387755102041,0.32653061224489793,0.0,0.32653061224489793,0.1836734693877551,0.04081632653061224,0.20408163265306123,0.5714285714285714,0.008129384901513985,0.0,0.0,0.0,0.0,48.0,0.0,1.0,0.0,1.1589385323502772,20.5,19.0,10.0,1.0,1.1578947368421053,3.1354942159291497
fused_rtl_state_pipeline_qd,RTLLM,Prob004_adder_8bit,combinational,revolution_qd,grid_quantile,fused_rtl_state_pipeline_2d,2,True,generation_log,6963c072-8f4d-4718-b44c-a4c49126d279,single_thought_operator,0.38154412826809186,0.38154412826809186,0.38154412826809186,success_pool,whole,warmup_buffered,False,False,warmup:18,False,39.0,2.27e-05,0.0,0.0,0.0,0.15217391304347827,0.9924584717607973,0.0,,/workspace/exp/useful_bd_push/t63_fused_rtl_native_20260623_133903_UTC/hard_tuning/fused_rtl_state_pipeline_qd/seed_1001/openai_gpt-oss-120b/RTLLM/Prob004_adder_8bit/Gen2/Prob004_adder_8bit_sample8_single_thought_operator,/workspace/exp/useful_bd_push/t63_fused_rtl_native_20260623_133903_UTC/hard_tuning/fused_rtl_state_pipeline_qd/seed_1001/openai_gpt-oss-120b/RTLLM/Prob004_adder_8bit/Gen2/Prob004_adder_8bit_sample8_single_thought_operator/code.sv,/workspace/exp/useful_bd_push/t63_fused_rtl_native_20260623_133903_UTC/hard_tuning/fused_rtl_state_pipeline_qd/seed_1001/openai_gpt-oss-120b/RTLLM/Prob004_adder_8bit/Gen2/Prob004_adder_8bit_sample8_single_thought_operator/code_synthesis_report.metrics.json,/workspace/exp/useful_bd_push/t63_fused_rtl_native_20260623_133903_UTC/hard_tuning/fused_rtl_state_pipeline_qd/seed_1001/openai_gpt-oss-120b/RTLLM/Prob004_adder_8bit/Gen2/Prob004_adder_8bit_sample8_single_thought_operator/qd_archive_event.json,,True,True,True,False,True,True,True,False,True,,0.42105263157894735,0.0,4.0,8.0,5.0,7.0,0.0,2.995732273553991,1.0,4.04305126783455,56.0,1.0,0.0,1.0,1.0,1.0892857142857142,0.0,1.0,0.0,56.0,61.0,73.0,5.975745055027298,3.0,23.0,22.0,1.6575342465753424,73.0,73.0,0.0,2.433327208555499e-16,0.9420829634381679,4.127134385045092,3.1780538303479458,4.304065093204169,4.04305126783455,24.0,24.0,0.0,14.0,0.0,0.0,16.0,7.0,0.0,0.0,0.0,0.49122807017543857,0.0,0.5535714285714286,1.0,0.0,0.9701030548288897,0.6895549008903413,0.6838877884115075,56.0,2.8245869990971886,0.9895031284064684,11.0,0.8181818181818182,9.0,0.0,566.0,0.0,0.0,0.0,25.0,20.0,0.2328767123287671,0.4383561643835616,0.1232876712328767,0.2054794520547945,0.2328767123287671,0.2465753424657534,0.4246575342465753,0.0958904109589041,0.1232876712328767,0.0273972602739726,0.3972602739726027,0.4520547945205479,0.07971004531617971,0.0,0.0,0.0,0.0,56.0,0.0,1.0,0.0,1.5491981909790675,25.4,19.0,10.0,1.0,1.1578947368421053,3.1354942159291497
fused_rtl_state_pipeline_qd,RTLLM,Prob004_adder_8bit,combinational,revolution_qd,grid_quantile,fused_rtl_state_pipeline_2d,2,True,generation_log,f6e0f4ae-f251-4eb3-b84f-c68587f99e8f,single_thought_operator,0.38154412826809186,0.38154412826809186,0.38154412826809186,success_pool,whole,warmup_buffered,False,False,warmup:19,False,39.0,2.27e-05,0.0,0.0,0.0,0.15217391304347827,0.9924584717607973,0.0,,/workspace/exp/useful_bd_push/t63_fused_rtl_native_20260623_133903_UTC/hard_tuning/fused_rtl_state_pipeline_qd/seed_1001/openai_gpt-oss-120b/RTLLM/Prob004_adder_8bit/Gen2/Prob004_adder_8bit_sample9_single_thought_operator,/workspace/exp/useful_bd_push/t63_fused_rtl_native_20260623_133903_UTC/hard_tuning/fused_rtl_state_pipeline_qd/seed_1001/openai_gpt-oss-120b/RTLLM/Prob004_adder_8bit/Gen2/Prob004_adder_8bit_sample9_single_thought_operator/code.sv,/workspace/exp/useful_bd_push/t63_fused_rtl_native_20260623_133903_UTC/hard_tuning/fused_rtl_state_pipeline_qd/seed_1001/openai_gpt-oss-120b/RTLLM/Prob004_adder_8bit/Gen2/Prob004_adder_8bit_sample9_single_thought_operator/code_synthesis_report.metrics.json,/workspace/exp/useful_bd_push/t63_fused_rtl_native_20260623_133903_UTC/hard_tuning/fused_rtl_state_pipeline_qd/seed_1001/openai_gpt-oss-120b/RTLLM/Prob004_adder_8bit/Gen2/Prob004_adder_8bit_sample9_single_thought_operator/qd_archive_event.json,,True,True,True,False,True,True,True,False,True,,0.42105263157894735,0.0,2.0,8.0,4.0,7.0,0.0,2.995732273553991,1.0,4.04305126783455,56.0,1.0,0.0,1.0,1.0,1.0892857142857142,0.0,1.0,0.0,56.0,61.0,73.0,5.975745055027299,3.0,23.0,22.0,1.6575342465753424,73.0,73.0,0.0,0.0,0.9420829634381678,4.127134385045092,3.1780538303479458,4.304065093204169,4.04305126783455,24.0,24.0,0.0,7.0,0.0,0.0,16.0,5.0,0.0,0.0,0.0,0.49122807017543857,0.0,0.5535714285714286,1.0,0.0,0.9708803285620357,0.6971329480217946,0.6913925013458027,56.0,2.761985910488775,0.9926122233390517,11.0,0.8181818181818182,9.0,0.0,514.0,0.0,0.0,0.0,20.0,20.0,0.2328767123287671,0.4383561643835616,0.1232876712328767,0.2054794520547945,0.2328767123287671,0.2465753424657534,0.4246575342465753,0.0958904109589041,0.1232876712328767,0.0273972602739726,0.3972602739726027,0.4520547945205479,0.07971004531617971,0.0,0.0,0.0,0.0,56.0,0.0,1.0,0.0,1.4061518545101988,17.4,19.0,10.0,1.0,1.1578947368421053,3.1354942159291497
fused_rtl_state_pipeline_qd,RTLLM,Prob004_adder_8bit,combinational,revolution_qd,grid_quantile,fused_rtl_state_pipeline_2d,2,True,generation_log,551654a8-170f-4b0c-af3d-76f2cd3abcd7,single_thought_operator,0.38154412826809186,0.38154412826809186,0.38154412826809186,success_pool,whole,warmup_buffered,False,False,warmup:20,False,39.0,2.27e-05,0.0,0.0,0.0,0.15217391304347827,0.9924584717607973,0.0,,/workspace/exp/useful_bd_push/t63_fused_rtl_native_20260623_133903_UTC/hard_tuning/fused_rtl_state_pipeline_qd/seed_1001/openai_gpt-oss-120b/RTLLM/Prob004_adder_8bit/Gen2/Prob004_adder_8bit_sample10_single_thought_operator,/workspace/exp/useful_bd_push/t63_fused_rtl_native_20260623_133903_UTC/hard_tuning/fused_rtl_state_pipeline_qd/seed_1001/openai_gpt-oss-120b/RTLLM/Prob004_adder_8bit/Gen2/Prob004_adder_8bit_sample10_single_thought_operator/code.sv,/workspace/exp/useful_bd_push/t63_fused_rtl_native_20260623_133903_UTC/hard_tuning/fused_rtl_state_pipeline_qd/seed_1001/openai_gpt-oss-120b/RTLLM/Prob004_adder_8bit/Gen2/Prob004_adder_8bit_sample10_single_thought_operator/code_synthesis_report.metrics.json,/workspace/exp/useful_bd_push/t63_fused_rtl_native_20260623_133903_UTC/hard_tuning/fused_rtl_state_pipeline_qd/seed_1001/openai_gpt-oss-120b/RTLLM/Prob004_adder_8bit/Gen2/Prob004_adder_8bit_sample10_single_thought_operator/qd_archive_event.json,,True,True,True,False,True,True,True,False,True,,0.42105263157894735,0.0,2.0,8.0,4.0,7.0,0.0,2.995732273553991,1.0,4.04305126783455,56.0,1.0,0.0,1.0,1.0,1.0892857142857142,0.0,1.0,0.0,56.0,61.0,73.0,5.975745055027299,3.0,23.0,22.0,1.6575342465753424,73.0,73.0,0.0,0.0,0.9420829634381678,4.127134385045092,3.1780538303479458,4.304065093204169,4.04305126783455,24.0,24.0,0.0,7.0,0.0,0.0,16.0,5.0,0.0,0.0,0.0,0.49122807017543857,0.0,0.5535714285714286,1.0,0.0,0.9701030548288897,0.6895549008903413,0.6838877884115075,56.0,2.8245869990971886,0.9895031284064684,11.0,0.8181818181818182,9.0,0.0,442.0,0.0,0.0,0.0,22.0,18.0,0.2328767123287671,0.4383561643835616,0.1232876712328767,0.2054794520547945,0.2328767123287671,0.2465753424657534,0.4246575342465753,0.0958904109589041,0.1232876712328767,0.0273972602739726,0.3972602739726027,0.4520547945205479,0.0797100453161797,0.0,0.0,0.0,0.0,56.0,0.0,1.0,0.0,1.4061518545101988,17.4,19.0,10.0,1.0,1.1578947368421053,3.1354942159291497
fused_rtl_state_pipeline_qd,RTLLM,Prob004_adder_8bit,combinational,revolution_qd,grid_quantile,fused_rtl_state_pipeline_2d,2,True,generation_log,0dd228a7-9e63-495e-b53b-5e5a498cc46b,single_thought_operator,0.38154412826809186,0.38154412826809186,0.38154412826809186,success_pool,whole,warmup_buffered,False,False,warmup:21,False,39.0,2.27e-05,0.0,0.0,0.0,0.15217391304347827,0.9924584717607973,0.0,,/workspace/exp/useful_bd_push/t63_fused_rtl_native_20260623_133903_UTC/hard_tuning/fused_rtl_state_pipeline_qd/seed_1001/openai_gpt-oss-120b/RTLLM/Prob004_adder_8bit/Gen2/Prob004_adder_8bit_sample11_single_thought_operator,/workspace/exp/useful_bd_push/t63_fused_rtl_native_20260623_133903_UTC/hard_tuning/fused_rtl_state_pipeline_qd/seed_1001/openai_gpt-oss-120b/RTLLM/Prob004_adder_8bit/Gen2/Prob004_adder_8bit_sample11_single_thought_operator/code.sv,/workspace/exp/useful_bd_push/t63_fused_rtl_native_20260623_133903_UTC/hard_tuning/fused_rtl_state_pipeline_qd/seed_1001/openai_gpt-oss-120b/RTLLM/Prob004_adder_8bit/Gen2/Prob004_adder_8bit_sample11_single_thought_operator/code_synthesis_report.metrics.json,/workspace/exp/useful_bd_push/t63_fused_rtl_native_20260623_133903_UTC/hard_tuning/fused_rtl_state_pipeline_qd/seed_1001/openai_gpt-oss-120b/RTLLM/Prob004_adder_8bit/Gen2/Prob004_adder_8bit_sample11_single_thought_operator/qd_archive_event.json,,True,True,True,False,True,True,True,False,True,,0.42105263157894735,0.0,2.0,8.0,4.0,7.0,0.0,2.995732273553991,1.0,4.04305126783455,56.0,1.0,0.0,1.0,1.0,1.0892857142857142,0.0,2.0,0.0,56.0,61.0,73.0,5.975745055027299,3.0,23.0,22.0,1.6575342465753424,73.0,73.0,0.0,0.0,0.9420829634381678,4.127134385045092,3.1780538303479458,4.304065093204169,4.04305126783455,24.0,24.0,0.0,7.0,0.0,0.0,16.0,5.0,0.0,0.0,0.0,0.49122807017543857,0.0,0.5535714285714286,1.0,0.0,0.9701030548288897,0.6895549008903413,0.6838877884115075,56.0,2.8245869990971886,0.9895031284064684,11.0,0.8181818181818182,9.0,0.0,604.0,0.0,0.0,0.0,23.0,21.0,0.2328767123287671,0.4383561643835616,0.1232876712328767,0.2054794520547945,0.2328767123287671,0.2465753424657534,0.4246575342465753,0.0958904109589041,0.1232876712328767,0.0273972602739726,0.3972602739726027,0.4520547945205479,0.0797100453161797,0.0,0.0,0.0,0.0,56.0,0.0,1.0,0.0,1.4061518545101988,17.4,19.0,10.0,1.0,1.1578947368421053,3.1354942159291497
fused_rtl_state_pipeline_qd,RTLLM,Prob004_adder_8bit,combinational,revolution_qd,grid_quantile,fused_rtl_state_pipeline_2d,2,True,generation_log,f6d8cdb0-3a67-4b47-92bf-5a47eb0716ce,single_thought_operator,0.38154412826809186,0.38154412826809186,0.38154412826809186,success_pool,whole,warmup_buffered,False,False,warmup:22,False,39.0,2.27e-05,0.0,0.0,0.0,0.15217391304347827,0.9924584717607973,0.0,,/workspace/exp/useful_bd_push/t63_fused_rtl_native_20260623_133903_UTC/hard_tuning/fused_rtl_state_pipeline_qd/seed_1001/openai_gpt-oss-120b/RTLLM/Prob004_adder_8bit/Gen2/Prob004_adder_8bit_sample12_single_thought_operator,/workspace/exp/useful_bd_push/t63_fused_rtl_native_20260623_133903_UTC/hard_tuning/fused_rtl_state_pipeline_qd/seed_1001/openai_gpt-oss-120b/RTLLM/Prob004_adder_8bit/Gen2/Prob004_adder_8bit_sample12_single_thought_operator/code.sv,/workspace/exp/useful_bd_push/t63_fused_rtl_native_20260623_133903_UTC/hard_tuning/fused_rtl_state_pipeline_qd/seed_1001/openai_gpt-oss-120b/RTLLM/Prob004_adder_8bit/Gen2/Prob004_adder_8bit_sample12_single_thought_operator/code_synthesis_report.metrics.json,/workspace/exp/useful_bd_push/t63_fused_rtl_native_20260623_133903_UTC/hard_tuning/fused_rtl_state_pipeline_qd/seed_1001/openai_gpt-oss-120b/RTLLM/Prob004_adder_8bit/Gen2/Prob004_adder_8bit_sample12_single_thought_operator/qd_archive_event.json,,True,True,True,False,True,True,True,False,True,,0.42105263157894735,0.0,2.0,8.0,4.0,7.0,0.0,2.995732273553991,1.0,4.04305126783455,56.0,2.0,1.0,2.0,1.0,1.0892857142857142,0.0,1.0,0.0,56.0,61.0,73.0,5.975745055027299,3.0,23.0,22.0,1.6575342465753424,73.0,73.0,1.0,3.1273514335273193e-16,0.9420829634381679,4.127134385045092,3.1780538303479458,4.304065093204169,4.04305126783455,24.0,24.0,0.0,12.0,0.0,0.0,23.0,5.0,0.0,0.0,0.0,0.49122807017543857,0.0,0.5535714285714286,1.0,0.0,0.9701030548288897,0.6895549008903413,0.6838877884115075,56.0,2.8245869990971886,0.9895031284064684,11.0,0.8181818181818182,9.0,0.0,561.0,0.0,0.0,0.0,23.0,21.0,0.2328767123287671,0.4383561643835616,0.1232876712328767,0.2054794520547945,0.2328767123287671,0.2465753424657534,0.4246575342465753,0.0958904109589041,0.1232876712328767,0.0273972602739726,0.3972602739726027,0.4520547945205479,0.07971004531617971,0.0,0.0,0.0,0.0,56.0,0.0,1.0,0.0,1.5453912199382331,20.95,19.0,10.0,1.0,1.1578947368421053,3.1354942159291497
fused_rtl_state_pipeline_qd,RTLLM,Prob004_adder_8bit,combinational,revolution_qd,grid_quantile,fused_rtl_state_pipeline_2d,3,True,generation_log,271e1350-c5bf-4759-a6e8-fb39a600fe25,single_thought_operator,0.38154412826809186,0.38154412826809186,0.38154412826809186,fail_pool,whole,warmup_buffered,False,False,warmup:23,False,39.0,2.27e-05,0.0,0.0,0.0,0.15217391304347827,0.9924584717607973,0.0,,/workspace/exp/useful_bd_push/t63_fused_rtl_native_20260623_133903_UTC/hard_tuning/fused_rtl_state_pipeline_qd/seed_1001/openai_gpt-oss-120b/RTLLM/Prob004_adder_8bit/Gen3/Prob004_adder_8bit_sample1_single_thought_operator,/workspace/exp/useful_bd_push/t63_fused_rtl_native_20260623_133903_UTC/hard_tuning/fused_rtl_state_pipeline_qd/seed_1001/openai_gpt-oss-120b/RTLLM/Prob004_adder_8bit/Gen3/Prob004_adder_8bit_sample1_single_thought_operator/code.sv,/workspace/exp/useful_bd_push/t63_fused_rtl_native_20260623_133903_UTC/hard_tuning/fused_rtl_state_pipeline_qd/seed_1001/openai_gpt-oss-120b/RTLLM/Prob004_adder_8bit/Gen3/Prob004_adder_8bit_sample1_single_thought_operator/code_synthesis_report.metrics.json,/workspace/exp/useful_bd_push/t63_fused_rtl_native_20260623_133903_UTC/hard_tuning/fused_rtl_state_pipeline_qd/seed_1001/openai_gpt-oss-120b/RTLLM/Prob004_adder_8bit/Gen3/Prob004_adder_8bit_sample1_single_thought_operator/qd_archive_event.json,,True,True,True,False,True,True,True,False,True,,0.42105263157894735,0.0,2.0,8.0,4.0,7.0,0.0,2.995732273553991,1.0,4.04305126783455,56.0,1.0,0.0,1.0,1.0,1.0892857142857142,0.0,2.0,0.0,56.0,61.0,73.0,5.975745055027299,3.0,23.0,22.0,1.6575342465753424,73.0,73.0,0.0,0.0,0.9420829634381678,4.127134385045092,3.1780538303479458,4.304065093204169,4.04305126783455,24.0,24.0,0.0,7.0,0.0,0.0,16.0,5.0,0.0,0.0,0.0,0.49122807017543857,0.0,0.5535714285714286,1.0,0.0,0.9708803285620357,0.6971329480217946,0.6913925013458027,56.0,2.761985910488775,0.9926122233390517,11.0,0.8181818181818182,9.0,0.0,668.0,0.0,0.0,0.0,25.0,23.0,0.2328767123287671,0.4383561643835616,0.1232876712328767,0.2054794520547945,0.2328767123287671,0.2465753424657534,0.4246575342465753,0.0958904109589041,0.1232876712328767,0.0273972602739726,0.3972602739726027,0.4520547945205479,0.07971004531617971,0.0,0.0,0.0,0.0,56.0,0.0,1.0,0.0,1.4061518545101988,17.4,19.0,10.0,1.0,1.1578947368421053,3.1354942159291497
fused_rtl_state_pipeline_qd,RTLLM,Prob004_adder_8bit,combinational,revolution_qd,grid_quantile,fused_rtl_state_pipeline_2d,3,True,generation_log,6583f0b2-25ce-4505-8812-7335974239bc,single_thought_operator,0.38154412826809186,0.38154412826809186,0.38154412826809186,fail_pool,whole,warmup_buffered,False,False,warmup:24,False,39.0,2.27e-05,0.0,0.0,0.0,0.15217391304347827,0.9924584717607973,0.0,,/workspace/exp/useful_bd_push/t63_fused_rtl_native_20260623_133903_UTC/hard_tuning/fused_rtl_state_pipeline_qd/seed_1001/openai_gpt-oss-120b/RTLLM/Prob004_adder_8bit/Gen3/Prob004_adder_8bit_sample2_single_thought_operator,/workspace/exp/useful_bd_push/t63_fused_rtl_native_20260623_133903_UTC/hard_tuning/fused_rtl_state_pipeline_qd/seed_1001/openai_gpt-oss-120b/RTLLM/Prob004_adder_8bit/Gen3/Prob004_adder_8bit_sample2_single_thought_operator/code.sv,/workspace/exp/useful_bd_push/t63_fused_rtl_native_20260623_133903_UTC/hard_tuning/fused_rtl_state_pipeline_qd/seed_1001/openai_gpt-oss-120b/RTLLM/Prob004_adder_8bit/Gen3/Prob004_adder_8bit_sample2_single_thought_operator/code_synthesis_report.metrics.json,/workspace/exp/useful_bd_push/t63_fused_rtl_native_20260623_133903_UTC/hard_tuning/fused_rtl_state_pipeline_qd/seed_1001/openai_gpt-oss-120b/RTLLM/Prob004_adder_8bit/Gen3/Prob004_adder_8bit_sample2_single_thought_operator/qd_archive_event.json,,True,True,True,False,True,True,True,False,True,,0.42105263157894735,0.0,2.0,8.0,4.0,7.0,0.0,2.995732273553991,1.0,4.04305126783455,56.0,1.0,0.0,1.0,1.0,1.0892857142857142,0.0,1.0,0.0,56.0,61.0,73.0,5.975745055027299,3.0,23.0,22.0,1.6575342465753424,73.0,73.0,0.0,0.0,0.9420829634381678,4.127134385045092,3.1780538303479458,4.304065093204169,4.04305126783455,24.0,24.0,0.0,7.0,0.0,0.0,16.0,5.0,0.0,0.0,0.0,0.49122807017543857,0.0,0.5535714285714286,1.0,0.0,0.9701030548288897,0.6895549008903413,0.6838877884115075,56.0,2.8245869990971886,0.9895031284064684,11.0,0.8181818181818182,9.0,0.0,460.0,0.0,0.0,0.0,18.0,18.0,0.2328767123287671,0.4383561643835616,0.1232876712328767,0.2054794520547945,0.2328767123287671,0.2465753424657534,0.4246575342465753,0.0958904109589041,0.1232876712328767,0.0273972602739726,0.3972602739726027,0.4520547945205479,0.0797100453161797,0.0,0.0,0.0,0.0,56.0,0.0,1.0,0.0,1.4061518545101988,17.4,19.0,10.0,1.0,1.1578947368421053,3.1354942159291497
fused_rtl_state_pipeline_qd,RTLLM,Prob004_adder_8bit,combinational,revolution_qd,grid_quantile,fused_rtl_state_pipeline_2d,3,True,generation_log,c2f22fcc-6530-4ef7-88cf-c8e343d41014,single_thought_operator,0.38154412826809186,0.38154412826809186,0.38154412826809186,fail_pool,whole,warmup_buffered,False,False,warmup:25,False,39.0,2.27e-05,0.0,0.0,0.0,0.15217391304347827,0.9924584717607973,0.0,,/workspace/exp/useful_bd_push/t63_fused_rtl_native_20260623_133903_UTC/hard_tuning/fused_rtl_state_pipeline_qd/seed_1001/openai_gpt-oss-120b/RTLLM/Prob004_adder_8bit/Gen3/Prob004_adder_8bit_sample3_single_thought_operator,/workspace/exp/useful_bd_push/t63_fused_rtl_native_20260623_133903_UTC/hard_tuning/fused_rtl_state_pipeline_qd/seed_1001/openai_gpt-oss-120b/RTLLM/Prob004_adder_8bit/Gen3/Prob004_adder_8bit_sample3_single_thought_operator/code.sv,/workspace/exp/useful_bd_push/t63_fused_rtl_native_20260623_133903_UTC/hard_tuning/fused_rtl_state_pipeline_qd/seed_1001/openai_gpt-oss-120b/RTLLM/Prob004_adder_8bit/Gen3/Prob004_adder_8bit_sample3_single_thought_operator/code_synthesis_report.metrics.json,/workspace/exp/useful_bd_push/t63_fused_rtl_native_20260623_133903_UTC/hard_tuning/fused_rtl_state_pipeline_qd/seed_1001/openai_gpt-oss-120b/RTLLM/Prob004_adder_8bit/Gen3/Prob004_adder_8bit_sample3_single_thought_operator/qd_archive_event.json,,True,True,True,False,True,True,True,False,True,,0.42105263157894735,0.0,4.0,8.0,3.0,6.0,0.0,2.995732273553991,1.0,2.833213344056216,16.0,1.0,0.0,1.0,1.0,0.9375,0.0,1.0,0.0,16.0,15.0,49.0,5.614709844115208,1.0,8.0,8.0,1.0,49.0,49.0,0.0,0.0272825367448301,0.8882347308839714,2.772588722239781,2.1972245773362196,3.912023005428146,2.833213344056216,9.0,9.0,0.0,0.0,0.0,16.0,10.0,5.0,0.0,0.0,0.0,0.9411764705882353,0.0,0.0,0.0,0.0,0.6618703430834256,0.7427134135851207,0.6606448103205331,16.0,2.9437752141489697,0.9974813723337024,4.0,0.75,3.0,0.8421052631578947,393.0,0.0,0.0,0.0,17.0,17.0,0.3469387755102041,0.32653061224489793,0.0,0.32653061224489793,0.3469387755102041,0.32653061224489793,0.0,0.32653061224489793,0.1836734693877551,0.04081632653061224,0.20408163265306123,0.5714285714285714,0.008129384901513985,0.0,0.0,0.0,0.0,48.0,0.0,1.0,0.0,1.1589385323502772,20.5,19.0,10.0,1.0,1.1578947368421053,3.1354942159291497
fused_rtl_state_pipeline_qd,RTLLM,Prob004_adder_8bit,combinational,revolution_qd,grid_quantile,fused_rtl_state_pipeline_2d,3,True,generation_log,ba138284-a237-40b2-8e08-cbd0a4d98826,single_thought_operator,0.38154412826809186,0.38154412826809186,0.38154412826809186,fail_pool,whole,warmup_buffered,False,False,warmup:26,False,39.0,2.27e-05,0.0,0.0,0.0,0.15217391304347827,0.9924584717607973,0.0,,/workspace/exp/useful_bd_push/t63_fused_rtl_native_20260623_133903_UTC/hard_tuning/fused_rtl_state_pipeline_qd/seed_1001/openai_gpt-oss-120b/RTLLM/Prob004_adder_8bit/Gen3/Prob004_adder_8bit_sample4_single_thought_operator,/workspace/exp/useful_bd_push/t63_fused_rtl_native_20260623_133903_UTC/hard_tuning/fused_rtl_state_pipeline_qd/seed_1001/openai_gpt-oss-120b/RTLLM/Prob004_adder_8bit/Gen3/Prob004_adder_8bit_sample4_single_thought_operator/code.sv,/workspace/exp/useful_bd_push/t63_fused_rtl_native_20260623_133903_UTC/hard_tuning/fused_rtl_state_pipeline_qd/seed_1001/openai_gpt-oss-120b/RTLLM/Prob004_adder_8bit/Gen3/Prob004_adder_8bit_sample4_single_thought_operator/code_synthesis_report.metrics.json,/workspace/exp/useful_bd_push/t63_fused_rtl_native_20260623_133903_UTC/hard_tuning/fused_rtl_state_pipeline_qd/seed_1001/openai_gpt-oss-120b/RTLLM/Prob004_adder_8bit/Gen3/Prob004_adder_8bit_sample4_single_thought_operator/qd_archive_event.json,,True,True,True,False,True,True,True,False,True,,0.42105263157894735,0.0,2.0,8.0,4.0,7.0,0.0,2.995732273553991,1.0,4.04305126783455,56.0,1.0,0.0,1.0,1.0,1.0892857142857142,0.0,1.0,0.0,56.0,61.0,73.0,5.975745055027299,3.0,23.0,22.0,1.6575342465753424,73.0,73.0,0.0,0.0,0.9420829634381678,4.127134385045092,3.1780538303479458,4.304065093204169,4.04305126783455,24.0,24.0,0.0,7.0,0.0,0.0,16.0,5.0,0.0,0.0,0.0,0.49122807017543857,0.0,0.5535714285714286,1.0,0.0,0.9701030548288897,0.6895549008903413,0.6838877884115075,56.0,2.8245869990971886,0.9895031284064684,11.0,0.8181818181818182,9.0,0.0,539.0,0.0,0.0,0.0,19.0,19.0,0.2328767123287671,0.4383561643835616,0.1232876712328767,0.2054794520547945,0.2328767123287671,0.2465753424657534,0.4246575342465753,0.0958904109589041,0.1232876712328767,0.0273972602739726,0.3972602739726027,0.4520547945205479,0.0797100453161797,0.0,0.0,0.0,0.0,56.0,0.0,1.0,0.0,1.4061518545101988,17.4,19.0,10.0,1.0,1.1578947368421053,3.1354942159291497
fused_rtl_state_pipeline_qd,RTLLM,Prob004_adder_8bit,combinational,revolution_qd,grid_quantile,fused_rtl_state_pipeline_2d,3,True,generation_log,3db55f7e-9af9-4f55-9113-a53451c52fff,single_thought_operator,0.38154412826809186,0.38154412826809186,0.38154412826809186,success_pool,whole,warmup_buffered,False,False,warmup:27,False,39.0,2.27e-05,0.0,0.0,0.0,0.15217391304347827,0.9924584717607973,0.0,,/workspace/exp/useful_bd_push/t63_fused_rtl_native_20260623_133903_UTC/hard_tuning/fused_rtl_state_pipeline_qd/seed_1001/openai_gpt-oss-120b/RTLLM/Prob004_adder_8bit/Gen3/Prob004_adder_8bit_sample5_single_thought_operator,/workspace/exp/useful_bd_push/t63_fused_rtl_native_20260623_133903_UTC/hard_tuning/fused_rtl_state_pipeline_qd/seed_1001/openai_gpt-oss-120b/RTLLM/Prob004_adder_8bit/Gen3/Prob004_adder_8bit_sample5_single_thought_operator/code.sv,/workspace/exp/useful_bd_push/t63_fused_rtl_native_20260623_133903_UTC/hard_tuning/fused_rtl_state_pipeline_qd/seed_1001/openai_gpt-oss-120b/RTLLM/Prob004_adder_8bit/Gen3/Prob004_adder_8bit_sample5_single_thought_operator/code_synthesis_report.metrics.json,/workspace/exp/useful_bd_push/t63_fused_rtl_native_20260623_133903_UTC/hard_tuning/fused_rtl_state_pipeline_qd/seed_1001/openai_gpt-oss-120b/RTLLM/Prob004_adder_8bit/Gen3/Prob004_adder_8bit_sample5_single_thought_operator/qd_archive_event.json,,True,True,True,False,True,True,True,False,True,,0.42105263157894735,0.0,2.0,8.0,4.0,7.0,0.0,2.995732273553991,1.0,4.04305126783455,56.0,1.0,0.0,1.0,1.0,1.0892857142857142,0.0,1.0,0.0,56.0,61.0,73.0,5.975745055027299,3.0,23.0,22.0,1.6575342465753424,73.0,73.0,0.0,0.0,0.9420829634381678,4.127134385045092,3.1780538303479458,4.304065093204169,4.04305126783455,24.0,24.0,0.0,7.0,0.0,0.0,16.0,5.0,0.0,0.0,0.0,0.49122807017543857,0.0,0.5535714285714286,1.0,0.0,0.9701030548288897,0.6895549008903413,0.6838877884115075,56.0,2.8245869990971886,0.9895031284064684,11.0,0.8181818181818182,9.0,0.0,481.0,0.0,0.0,0.0,19.0,19.0,0.2328767123287671,0.4383561643835616,0.1232876712328767,0.2054794520547945,0.2328767123287671,0.2465753424657534,0.4246575342465753,0.0958904109589041,0.1232876712328767,0.0273972602739726,0.3972602739726027,0.4520547945205479,0.0797100453161797,0.0,0.0,0.0,0.0,56.0,0.0,1.0,0.0,1.4061518545101988,17.4,19.0,10.0,1.0,1.1578947368421053,3.1354942159291497
fused_rtl_state_pipeline_qd,RTLLM,Prob004_adder_8bit,combinational,revolution_qd,grid_quantile,fused_rtl_state_pipeline_2d,3,True,generation_log,a650f509-9b37-421d-96d7-31719800f04e,single_thought_operator,0.38154412826809186,0.38154412826809186,0.38154412826809186,success_pool,whole,warmup_buffered,False,False,warmup:28,False,39.0,2.27e-05,0.0,0.0,0.0,0.15217391304347827,0.9924584717607973,0.0,,/workspace/exp/useful_bd_push/t63_fused_rtl_native_20260623_133903_UTC/hard_tuning/fused_rtl_state_pipeline_qd/seed_1001/openai_gpt-oss-120b/RTLLM/Prob004_adder_8bit/Gen3/Prob004_adder_8bit_sample6_single_thought_operator,/workspace/exp/useful_bd_push/t63_fused_rtl_native_20260623_133903_UTC/hard_tuning/fused_rtl_state_pipeline_qd/seed_1001/openai_gpt-oss-120b/RTLLM/Prob004_adder_8bit/Gen3/Prob004_adder_8bit_sample6_single_thought_operator/code.sv,/workspace/exp/useful_bd_push/t63_fused_rtl_native_20260623_133903_UTC/hard_tuning/fused_rtl_state_pipeline_qd/seed_1001/openai_gpt-oss-120b/RTLLM/Prob004_adder_8bit/Gen3/Prob004_adder_8bit_sample6_single_thought_operator/code_synthesis_report.metrics.json,/workspace/exp/useful_bd_push/t63_fused_rtl_native_20260623_133903_UTC/hard_tuning/fused_rtl_state_pipeline_qd/seed_1001/openai_gpt-oss-120b/RTLLM/Prob004_adder_8bit/Gen3/Prob004_adder_8bit_sample6_single_thought_operator/qd_archive_event.json,,True,True,True,False,True,True,True,False,True,,0.42105263157894735,0.0,4.0,8.0,3.0,6.0,0.0,2.995732273553991,1.0,2.833213344056216,16.0,1.0,0.0,1.0,1.0,0.9375,0.0,1.0,0.0,16.0,15.0,49.0,5.614709844115208,1.0,8.0,8.0,1.0,49.0,49.0,0.0,0.0272825367448301,0.8882347308839714,2.772588722239781,2.1972245773362196,3.912023005428146,2.833213344056216,9.0,9.0,0.0,0.0,0.0,16.0,10.0,5.0,0.0,0.0,0.0,0.9411764705882353,0.0,0.0,0.0,0.0,0.6618703430834256,0.7427134135851207,0.6606448103205331,16.0,2.9437752141489697,0.9974813723337024,4.0,0.75,3.0,0.8421052631578947,376.0,0.0,0.0,0.0,17.0,17.0,0.3469387755102041,0.32653061224489793,0.0,0.32653061224489793,0.3469387755102041,0.32653061224489793,0.0,0.32653061224489793,0.1836734693877551,0.04081632653061224,0.20408163265306123,0.5714285714285714,0.008129384901513985,0.0,0.0,0.0,0.0,48.0,0.0,1.0,0.0,1.1589385323502772,20.5,19.0,10.0,1.0,1.1578947368421053,3.1354942159291497
fused_rtl_state_pipeline_qd,RTLLM,Prob004_adder_8bit,combinational,revolution_qd,grid_quantile,fused_rtl_state_pipeline_2d,3,True,generation_log,30bce3d2-9203-4fc2-9893-3d736e5b2bd2,single_thought_operator,0.38154412826809186,0.38154412826809186,0.38154412826809186,success_pool,whole,warmup_buffered,False,False,warmup:29,False,39.0,2.27e-05,0.0,0.0,0.0,0.15217391304347827,0.9924584717607973,0.0,,/workspace/exp/useful_bd_push/t63_fused_rtl_native_20260623_133903_UTC/hard_tuning/fused_rtl_state_pipeline_qd/seed_1001/openai_gpt-oss-120b/RTLLM/Prob004_adder_8bit/Gen3/Prob004_adder_8bit_sample7_single_thought_operator,/workspace/exp/useful_bd_push/t63_fused_rtl_native_20260623_133903_UTC/hard_tuning/fused_rtl_state_pipeline_qd/seed_1001/openai_gpt-oss-120b/RTLLM/Prob004_adder_8bit/Gen3/Prob004_adder_8bit_sample7_single_thought_operator/code.sv,/workspace/exp/useful_bd_push/t63_fused_rtl_native_20260623_133903_UTC/hard_tuning/fused_rtl_state_pipeline_qd/seed_1001/openai_gpt-oss-120b/RTLLM/Prob004_adder_8bit/Gen3/Prob004_adder_8bit_sample7_single_thought_operator/code_synthesis_report.metrics.json,/workspace/exp/useful_bd_push/t63_fused_rtl_native_20260623_133903_UTC/hard_tuning/fused_rtl_state_pipeline_qd/seed_1001/openai_gpt-oss-120b/RTLLM/Prob004_adder_8bit/Gen3/Prob004_adder_8bit_sample7_single_thought_operator/qd_archive_event.json,,True,True,True,False,True,True,True,False,True,,0.42105263157894735,0.0,2.0,8.0,4.0,7.0,0.0,2.995732273553991,1.0,4.04305126783455,56.0,1.0,0.0,1.0,1.0,1.0892857142857142,0.0,1.0,0.0,56.0,61.0,73.0,5.975745055027299,3.0,23.0,22.0,1.6575342465753424,73.0,73.0,0.0,0.0,0.9420829634381678,4.127134385045092,3.1780538303479458,4.304065093204169,4.04305126783455,24.0,24.0,0.0,7.0,0.0,0.0,16.0,5.0,0.0,0.0,0.0,0.49122807017543857,0.0,0.5535714285714286,1.0,0.0,0.9708803285620357,0.6971329480217946,0.6913925013458027,56.0,2.761985910488775,0.9926122233390517,11.0,0.8181818181818182,9.0,0.0,516.0,0.0,0.0,0.0,20.0,20.0,0.2328767123287671,0.4383561643835616,0.1232876712328767,0.2054794520547945,0.2328767123287671,0.2465753424657534,0.4246575342465753,0.0958904109589041,0.1232876712328767,0.0273972602739726,0.3972602739726027,0.4520547945205479,0.07971004531617971,0.0,0.0,0.0,0.0,56.0,0.0,1.0,0.0,1.4061518545101988,17.4,19.0,10.0,1.0,1.1578947368421053,3.1354942159291497
fused_rtl_state_pipeline_qd,RTLLM,Prob004_adder_8bit,combinational,revolution_qd,grid_quantile,fused_rtl_state_pipeline_2d,3,True,generation_log,793dfae5-397e-45e3-85be-96f3fc6d49d1,single_thought_operator,0.38154412826809186,0.38154412826809186,0.38154412826809186,success_pool,whole,warmup_buffered,False,False,warmup:30,False,39.0,2.27e-05,0.0,0.0,0.0,0.15217391304347827,0.9924584717607973,0.0,,/workspace/exp/useful_bd_push/t63_fused_rtl_native_20260623_133903_UTC/hard_tuning/fused_rtl_state_pipeline_qd/seed_1001/openai_gpt-oss-120b/RTLLM/Prob004_adder_8bit/Gen3/Prob004_adder_8bit_sample8_single_thought_operator,/workspace/exp/useful_bd_push/t63_fused_rtl_native_20260623_133903_UTC/hard_tuning/fused_rtl_state_pipeline_qd/seed_1001/openai_gpt-oss-120b/RTLLM/Prob004_adder_8bit/Gen3/Prob004_adder_8bit_sample8_single_thought_operator/code.sv,/workspace/exp/useful_bd_push/t63_fused_rtl_native_20260623_133903_UTC/hard_tuning/fused_rtl_state_pipeline_qd/seed_1001/openai_gpt-oss-120b/RTLLM/Prob004_adder_8bit/Gen3/Prob004_adder_8bit_sample8_single_thought_operator/code_synthesis_report.metrics.json,/workspace/exp/useful_bd_push/t63_fused_rtl_native_20260623_133903_UTC/hard_tuning/fused_rtl_state_pipeline_qd/seed_1001/openai_gpt-oss-120b/RTLLM/Prob004_adder_8bit/Gen3/Prob004_adder_8bit_sample8_single_thought_operator/qd_archive_event.json,,True,True,True,False,True,True,True,False,True,,0.42105263157894735,0.0,2.0,8.0,4.0,7.0,0.0,2.995732273553991,1.0,4.04305126783455,56.0,1.0,0.0,1.0,1.0,1.0892857142857142,0.0,1.0,0.0,56.0,61.0,73.0,5.975745055027299,3.0,23.0,22.0,1.6575342465753424,73.0,73.0,0.0,0.0,0.9420829634381678,4.127134385045092,3.1780538303479458,4.304065093204169,4.04305126783455,24.0,24.0,0.0,7.0,0.0,0.0,16.0,5.0,0.0,0.0,0.0,0.49122807017543857,0.0,0.5535714285714286,1.0,0.0,0.9701030548288897,0.6895549008903413,0.6838877884115075,56.0,2.8245869990971886,0.9895031284064684,11.0,0.8181818181818182,9.0,0.0,488.0,0.0,0.0,0.0,19.0,19.0,0.2328767123287671,0.4383561643835616,0.1232876712328767,0.2054794520547945,0.2328767123287671,0.2465753424657534,0.4246575342465753,0.0958904109589041,0.1232876712328767,0.0273972602739726,0.3972602739726027,0.4520547945205479,0.0797100453161797,0.0,0.0,0.0,0.0,56.0,0.0,1.0,0.0,1.4061518545101988,17.4,19.0,10.0,1.0,1.1578947368421053,3.1354942159291497
fused_rtl_state_pipeline_qd,RTLLM,Prob004_adder_8bit,combinational,revolution_qd,grid_quantile,fused_rtl_state_pipeline_2d,3,True,generation_log,ded125ad-2610-46c7-90aa-623b2c717a67,single_thought_operator,0.38154412826809186,0.38154412826809186,0.38154412826809186,success_pool,whole,warmup_buffered,False,False,warmup:31,False,39.0,2.27e-05,0.0,0.0,0.0,0.15217391304347827,0.9924584717607973,0.0,,/workspace/exp/useful_bd_push/t63_fused_rtl_native_20260623_133903_UTC/hard_tuning/fused_rtl_state_pipeline_qd/seed_1001/openai_gpt-oss-120b/RTLLM/Prob004_adder_8bit/Gen3/Prob004_adder_8bit_sample9_single_thought_operator,/workspace/exp/useful_bd_push/t63_fused_rtl_native_20260623_133903_UTC/hard_tuning/fused_rtl_state_pipeline_qd/seed_1001/openai_gpt-oss-120b/RTLLM/Prob004_adder_8bit/Gen3/Prob004_adder_8bit_sample9_single_thought_operator/code.sv,/workspace/exp/useful_bd_push/t63_fused_rtl_native_20260623_133903_UTC/hard_tuning/fused_rtl_state_pipeline_qd/seed_1001/openai_gpt-oss-120b/RTLLM/Prob004_adder_8bit/Gen3/Prob004_adder_8bit_sample9_single_thought_operator/code_synthesis_report.metrics.json,/workspace/exp/useful_bd_push/t63_fused_rtl_native_20260623_133903_UTC/hard_tuning/fused_rtl_state_pipeline_qd/seed_1001/openai_gpt-oss-120b/RTLLM/Prob004_adder_8bit/Gen3/Prob004_adder_8bit_sample9_single_thought_operator/qd_archive_event.json,,True,True,True,False,True,True,True,False,True,,0.42105263157894735,0.0,2.0,8.0,4.0,7.0,0.0,2.995732273553991,1.0,4.04305126783455,56.0,1.0,0.0,1.0,1.0,1.0892857142857142,0.0,1.0,0.0,56.0,61.0,73.0,5.975745055027299,3.0,23.0,22.0,1.6575342465753424,73.0,73.0,0.0,0.0,0.9420829634381678,4.127134385045092,3.1780538303479458,4.304065093204169,4.04305126783455,24.0,24.0,0.0,7.0,0.0,0.0,16.0,5.0,0.0,0.0,0.0,0.49122807017543857,0.0,0.5535714285714286,1.0,0.0,0.9701030548288897,0.6895549008903413,0.6838877884115075,56.0,2.8245869990971886,0.9895031284064684,11.0,0.8181818181818182,9.0,0.0,436.0,0.0,0.0,0.0,18.0,18.0,0.2328767123287671,0.4383561643835616,0.1232876712328767,0.2054794520547945,0.2328767123287671,0.2465753424657534,0.4246575342465753,0.0958904109589041,0.1232876712328767,0.0273972602739726,0.3972602739726027,0.4520547945205479,0.0797100453161797,0.0,0.0,0.0,0.0,56.0,0.0,1.0,0.0,1.4061518545101988,17.4,19.0,10.0,1.0,1.1578947368421053,3.1354942159291497
fused_rtl_state_pipeline_qd,RTLLM,Prob004_adder_8bit,combinational,revolution_qd,grid_quantile,fused_rtl_state_pipeline_2d,3,True,generation_log,1bf7ec62-c7a0-4700-85cf-4e3e0482ea71,single_thought_operator,0.38154412826809186,0.38154412826809186,0.38154412826809186,success_pool,whole,warmup_buffered,False,False,warmup:32,False,39.0,2.27e-05,0.0,0.0,0.0,0.15217391304347827,0.9924584717607973,0.0,,/workspace/exp/useful_bd_push/t63_fused_rtl_native_20260623_133903_UTC/hard_tuning/fused_rtl_state_pipeline_qd/seed_1001/openai_gpt-oss-120b/RTLLM/Prob004_adder_8bit/Gen3/Prob004_adder_8bit_sample10_single_thought_operator,/workspace/exp/useful_bd_push/t63_fused_rtl_native_20260623_133903_UTC/hard_tuning/fused_rtl_state_pipeline_qd/seed_1001/openai_gpt-oss-120b/RTLLM/Prob004_adder_8bit/Gen3/Prob004_adder_8bit_sample10_single_thought_operator/code.sv,/workspace/exp/useful_bd_push/t63_fused_rtl_native_20260623_133903_UTC/hard_tuning/fused_rtl_state_pipeline_qd/seed_1001/openai_gpt-oss-120b/RTLLM/Prob004_adder_8bit/Gen3/Prob004_adder_8bit_sample10_single_thought_operator/code_synthesis_report.metrics.json,/workspace/exp/useful_bd_push/t63_fused_rtl_native_20260623_133903_UTC/hard_tuning/fused_rtl_state_pipeline_qd/seed_1001/openai_gpt-oss-120b/RTLLM/Prob004_adder_8bit/Gen3/Prob004_adder_8bit_sample10_single_thought_operator/qd_archive_event.json,,True,True,True,False,True,True,True,False,True,,0.42105263157894735,0.0,4.0,8.0,5.0,7.0,0.0,2.995732273553991,1.0,4.04305126783455,56.0,1.0,0.0,1.0,1.0,1.0892857142857142,0.0,1.0,0.0,56.0,61.0,73.0,5.975745055027298,3.0,23.0,22.0,1.6575342465753424,73.0,73.0,0.0,2.433327208555499e-16,0.9420829634381679,4.127134385045092,3.1780538303479458,4.304065093204169,4.04305126783455,24.0,24.0,0.0,14.0,0.0,0.0,16.0,7.0,0.0,0.0,0.0,0.49122807017543857,0.0,0.5535714285714286,1.0,0.0,0.9701030548288897,0.6895549008903413,0.6838877884115075,56.0,2.8245869990971886,0.9895031284064684,11.0,0.8181818181818182,9.0,0.0,651.0,0.0,0.0,0.0,24.0,21.0,0.2328767123287671,0.4383561643835616,0.1232876712328767,0.2054794520547945,0.2328767123287671,0.2465753424657534,0.4246575342465753,0.0958904109589041,0.1232876712328767,0.0273972602739726,0.3972602739726027,0.4520547945205479,0.07971004531617971,0.0,0.0,0.0,0.0,56.0,0.0,1.0,0.0,1.5491981909790675,25.4,19.0,10.0,1.0,1.1578947368421053,3.1354942159291497
fused_rtl_state_pipeline_qd,RTLLM,Prob004_adder_8bit,combinational,revolution_qd,grid_quantile,fused_rtl_state_pipeline_2d,3,True,generation_log,e1a203d8-ea72-4dd4-a867-e6b7524f304e,single_thought_operator,0.38154412826809186,0.38154412826809186,0.38154412826809186,success_pool,whole,warmup_buffered,False,False,warmup:33,False,39.0,2.27e-05,0.0,0.0,0.0,0.15217391304347827,0.9924584717607973,0.0,,/workspace/exp/useful_bd_push/t63_fused_rtl_native_20260623_133903_UTC/hard_tuning/fused_rtl_state_pipeline_qd/seed_1001/openai_gpt-oss-120b/RTLLM/Prob004_adder_8bit/Gen3/Prob004_adder_8bit_sample11_single_thought_operator,/workspace/exp/useful_bd_push/t63_fused_rtl_native_20260623_133903_UTC/hard_tuning/fused_rtl_state_pipeline_qd/seed_1001/openai_gpt-oss-120b/RTLLM/Prob004_adder_8bit/Gen3/Prob004_adder_8bit_sample11_single_thought_operator/code.sv,/workspace/exp/useful_bd_push/t63_fused_rtl_native_20260623_133903_UTC/hard_tuning/fused_rtl_state_pipeline_qd/seed_1001/openai_gpt-oss-120b/RTLLM/Prob004_adder_8bit/Gen3/Prob004_adder_8bit_sample11_single_thought_operator/code_synthesis_report.metrics.json,/workspace/exp/useful_bd_push/t63_fused_rtl_native_20260623_133903_UTC/hard_tuning/fused_rtl_state_pipeline_qd/seed_1001/openai_gpt-oss-120b/RTLLM/Prob004_adder_8bit/Gen3/Prob004_adder_8bit_sample11_single_thought_operator/qd_archive_event.json,,True,True,True,False,True,True,True,False,True,,0.42105263157894735,0.0,4.0,8.0,5.0,7.0,0.0,2.995732273553991,1.0,4.04305126783455,56.0,1.0,0.0,1.0,1.0,1.0892857142857142,0.0,1.0,0.0,56.0,61.0,73.0,5.975745055027298,3.0,23.0,22.0,1.6575342465753424,73.0,73.0,0.0,2.433327208555499e-16,0.9420829634381679,4.127134385045092,3.1780538303479458,4.304065093204169,4.04305126783455,24.0,24.0,0.0,14.0,0.0,0.0,16.0,7.0,0.0,0.0,0.0,0.49122807017543857,0.0,0.5535714285714286,1.0,0.0,0.9701030548288897,0.6895549008903413,0.6838877884115075,56.0,2.8245869990971886,0.9895031284064684,11.0,0.8181818181818182,9.0,0.0,554.0,0.0,0.0,0.0,23.0,20.0,0.2328767123287671,0.4383561643835616,0.1232876712328767,0.2054794520547945,0.2328767123287671,0.2465753424657534,0.4246575342465753,0.0958904109589041,0.1232876712328767,0.0273972602739726,0.3972602739726027,0.4520547945205479,0.07971004531617971,0.0,0.0,0.0,0.0,56.0,0.0,1.0,0.0,1.5491981909790675,25.4,19.0,10.0,1.0,1.1578947368421053,3.1354942159291497
fused_rtl_state_pipeline_qd,RTLLM,Prob004_adder_8bit,combinational,revolution_qd,grid_quantile,fused_rtl_state_pipeline_2d,3,True,generation_log,03e4cb56-1561-4269-9759-f7e441abe88b,single_thought_operator,0.38154412826809186,0.38154412826809186,0.38154412826809186,success_pool,whole,warmup_buffered,False,False,warmup:34,False,39.0,2.27e-05,0.0,0.0,0.0,0.15217391304347827,0.9924584717607973,0.0,,/workspace/exp/useful_bd_push/t63_fused_rtl_native_20260623_133903_UTC/hard_tuning/fused_rtl_state_pipeline_qd/seed_1001/openai_gpt-oss-120b/RTLLM/Prob004_adder_8bit/Gen3/Prob004_adder_8bit_sample12_single_thought_operator,/workspace/exp/useful_bd_push/t63_fused_rtl_native_20260623_133903_UTC/hard_tuning/fused_rtl_state_pipeline_qd/seed_1001/openai_gpt-oss-120b/RTLLM/Prob004_adder_8bit/Gen3/Prob004_adder_8bit_sample12_single_thought_operator/code.sv,/workspace/exp/useful_bd_push/t63_fused_rtl_native_20260623_133903_UTC/hard_tuning/fused_rtl_state_pipeline_qd/seed_1001/openai_gpt-oss-120b/RTLLM/Prob004_adder_8bit/Gen3/Prob004_adder_8bit_sample12_single_thought_operator/code_synthesis_report.metrics.json,/workspace/exp/useful_bd_push/t63_fused_rtl_native_20260623_133903_UTC/hard_tuning/fused_rtl_state_pipeline_qd/seed_1001/openai_gpt-oss-120b/RTLLM/Prob004_adder_8bit/Gen3/Prob004_adder_8bit_sample12_single_thought_operator/qd_archive_event.json,,True,True,True,False,True,True,True,False,True,,0.42105263157894735,0.0,2.0,8.0,4.0,7.0,0.0,2.995732273553991,1.0,4.04305126783455,56.0,1.0,0.0,1.0,1.0,1.0892857142857142,0.0,1.0,0.0,56.0,61.0,73.0,5.975745055027299,3.0,23.0,22.0,1.6575342465753424,73.0,73.0,0.0,0.0,0.9420829634381678,4.127134385045092,3.1780538303479458,4.304065093204169,4.04305126783455,24.0,24.0,0.0,7.0,0.0,0.0,16.0,5.0,0.0,0.0,0.0,0.49122807017543857,0.0,0.5535714285714286,1.0,0.0,0.9701030548288897,0.6895549008903413,0.6838877884115075,56.0,2.8245869990971886,0.9895031284064684,11.0,0.8181818181818182,9.0,0.0,463.0,0.0,0.0,0.0,18.0,18.0,0.2328767123287671,0.4383561643835616,0.1232876712328767,0.2054794520547945,0.2328767123287671,0.2465753424657534,0.4246575342465753,0.0958904109589041,0.1232876712328767,0.0273972602739726,0.3972602739726027,0.4520547945205479,0.0797100453161797,0.0,0.0,0.0,0.0,56.0,0.0,1.0,0.0,1.4061518545101988,17.4,19.0,10.0,1.0,1.1578947368421053,3.1354942159291497
fused_rtl_state_pipeline_qd,RTLLM,Prob015_multi_pipe_8bit,sequential,revolution_qd,grid_quantile,fused_rtl_state_pipeline_2d,0,True,generation_log,13a51044-7c3b-4e87-8ca9-445f6f4375a8,initial,-0.0903380962358326,-0.0903380962358326,-0.0903380962358326,initial,whole,warmup_buffered,False,False,warmup:3,True,810.0,0.133,0.79,-23.21,-0.78,0.17346938775510204,-0.48106904231625836,0.03658536585365857,,/workspace/exp/useful_bd_push/t63_fused_rtl_native_20260623_133903_UTC/hard_tuning/fused_rtl_state_pipeline_qd/seed_1001/openai_gpt-oss-120b/RTLLM/Prob015_multi_pipe_8bit/Gen0/Prob015_multi_pipe_8bit_sample2_initial,/workspace/exp/useful_bd_push/t63_fused_rtl_native_20260623_133903_UTC/hard_tuning/fused_rtl_state_pipeline_qd/seed_1001/openai_gpt-oss-120b/RTLLM/Prob015_multi_pipe_8bit/Gen0/Prob015_multi_pipe_8bit_sample2_initial/code.sv,/workspace/exp/useful_bd_push/t63_fused_rtl_native_20260623_133903_UTC/hard_tuning/fused_rtl_state_pipeline_qd/seed_1001/openai_gpt-oss-120b/RTLLM/Prob015_multi_pipe_8bit/Gen0/Prob015_multi_pipe_8bit_sample2_initial/code_synthesis_report.metrics.json,/workspace/exp/useful_bd_push/t63_fused_rtl_native_20260623_133903_UTC/hard_tuning/fused_rtl_state_pipeline_qd/seed_1001/openai_gpt-oss-120b/RTLLM/Prob015_multi_pipe_8bit/Gen0/Prob015_multi_pipe_8bit_sample2_initial/qd_archive_event.json,,True,True,True,False,True,True,True,False,True,,0.2050561797752809,5.0,9.0,73.0,3.0,12.0,0.0,5.877735781779639,0.8314606741573034,2.833213344056216,16.0,13.0,8.0,0.391304347826087,4.0,1.5909090909090908,3.0,1.0,0.0,22.0,35.0,342.0,8.123932691927845,8.0,8.0,8.0,1.2017543859649122,342.0,342.0,6.0,0.10072359423514918,0.9458441684483887,3.58351893845611,2.1972245773362196,5.83773044716594,3.1354942159291497,4.0,4.0,0.0,0.0,0.0,7.0,11.0,5.0,0.0,16.0,0.0449438202247191,0.30434782608695654,22.0,0.5,1.0,0.0,0.732534225833735,0.11965554679608587,0.22138467042211551,22.0,44.82350713774628,0.3283511890492258,7.0,0.8571428571428571,6.0,0.019662921348314606,2600.0,1.6094379124341003,2.8903717578961645,0.0,80.0,72.0,0.25146198830409355,0.42105263157894735,0.0,0.32748538011695905,0.25146198830409355,0.42105263157894735,0.0,0.32748538011695905,0.24561403508771928,0.04678362573099415,0.0,0.7076023391812866,0.12259428805257906,0.16853932584269662,60.0,0.0,1.0,51.0,1.5644050517413437,0.7,2.0,1.9748986106223452,45.15,356.0,23.0,1.0,1.3426966292134832,6.171700597410915
fused_rtl_state_pipeline_qd,RTLLM,Prob015_multi_pipe_8bit,sequential,revolution_qd,grid_quantile,fused_rtl_state_pipeline_2d,0,True,generation_log,61fe856f-bebb-4dcd-81ed-dd073121f73b,initial,0.027172138886517743,0.027172138886517743,0.027172138886517743,initial,whole,warmup_buffered,False,False,warmup:1,True,623.0,0.0911,1.04,-15.17,-1.03,0.36428571428571427,-0.0144766146993318,-0.26829268292682923,,/workspace/exp/useful_bd_push/t63_fused_rtl_native_20260623_133903_UTC/hard_tuning/fused_rtl_state_pipeline_qd/seed_1001/openai_gpt-oss-120b/RTLLM/Prob015_multi_pipe_8bit/Gen0/Prob015_multi_pipe_8bit_sample6_initial,/workspace/exp/useful_bd_push/t63_fused_rtl_native_20260623_133903_UTC/hard_tuning/fused_rtl_state_pipeline_qd/seed_1001/openai_gpt-oss-120b/RTLLM/Prob015_multi_pipe_8bit/Gen0/Prob015_multi_pipe_8bit_sample6_initial/code.sv,/workspace/exp/useful_bd_push/t63_fused_rtl_native_20260623_133903_UTC/hard_tuning/fused_rtl_state_pipeline_qd/seed_1001/openai_gpt-oss-120b/RTLLM/Prob015_multi_pipe_8bit/Gen0/Prob015_multi_pipe_8bit_sample6_initial/code_synthesis_report.metrics.json,/workspace/exp/useful_bd_push/t63_fused_rtl_native_20260623_133903_UTC/hard_tuning/fused_rtl_state_pipeline_qd/seed_1001/openai_gpt-oss-120b/RTLLM/Prob015_multi_pipe_8bit/Gen0/Prob015_multi_pipe_8bit_sample6_initial/qd_archive_event.json,,True,True,True,False,True,True,True,False,True,,0.24324324324324326,1.0,14.0,72.0,2.0,13.0,0.0,5.6937321388027,0.8817567567567568,2.833213344056216,16.0,8.0,3.0,0.36363636363636365,4.0,1.65,2.0,1.0,0.0,20.0,33.0,310.0,7.483093023043432,16.0,10.0,10.0,1.596774193548387,310.0,310.0,2.0,0.13740396040310315,0.955823898409426,3.5263605246161616,2.3978952727983707,5.739792912179234,3.044522437723423,8.0,8.0,0.0,8.0,0.0,7.0,13.0,7.0,0.0,16.0,0.05405405405405406,0.5238095238095238,10.0,0.45,1.0,1.0,0.18098459004543122,0.0,0.4095077049772844,20.0,167.42814309953235,0.27075344072689933,10.0,1.0,10.0,0.02364864864864865,2753.0,1.6094379124341003,1.6094379124341003,0.0,66.0,58.0,0.5870967741935483,0.05161290322580645,0.0,0.36129032258064514,0.17419354838709677,0.05161290322580645,0.0,0.7741935483870968,0.16774193548387098,0.05161290322580645,0.0,0.7806451612903226,0.21160578750461528,0.11824324324324324,35.0,0.0,7.0,39.0,1.7393538721672006,2.5,1.0,2.172179939822141,61.95,296.0,25.0,1.0,1.3243243243243243,5.973809611869261
fused_rtl_state_pipeline_qd,RTLLM,Prob015_multi_pipe_8bit,sequential,revolution_qd,grid_quantile,fused_rtl_state_pipeline_2d,0,True,generation_log,8eda3086-9d33-42ee-bfe9-2ae0d3f21458,initial,-0.07596036839419344,-0.07596036839419344,-0.07596036839419344,initial,whole,warmup_buffered,False,False,warmup:2,True,708.0,0.11,1.05,-17.11,-1.04,0.27755102040816326,-0.22494432071269482,-0.28048780487804875,,/workspace/exp/useful_bd_push/t63_fused_rtl_native_20260623_133903_UTC/hard_tuning/fused_rtl_state_pipeline_qd/seed_1001/openai_gpt-oss-120b/RTLLM/Prob015_multi_pipe_8bit/Gen0/Prob015_multi_pipe_8bit_sample11_initial,/workspace/exp/useful_bd_push/t63_fused_rtl_native_20260623_133903_UTC/hard_tuning/fused_rtl_state_pipeline_qd/seed_1001/openai_gpt-oss-120b/RTLLM/Prob015_multi_pipe_8bit/Gen0/Prob015_multi_pipe_8bit_sample11_initial/code.sv,/workspace/exp/useful_bd_push/t63_fused_rtl_native_20260623_133903_UTC/hard_tuning/fused_rtl_state_pipeline_qd/seed_1001/openai_gpt-oss-120b/RTLLM/Prob015_multi_pipe_8bit/Gen0/Prob015_multi_pipe_8bit_sample11_initial/code_synthesis_report.metrics.json,/workspace/exp/useful_bd_push/t63_fused_rtl_native_20260623_133903_UTC/hard_tuning/fused_rtl_state_pipeline_qd/seed_1001/openai_gpt-oss-120b/RTLLM/Prob015_multi_pipe_8bit/Gen0/Prob015_multi_pipe_8bit_sample11_initial/qd_archive_event.json,,True,True,True,False,True,True,True,False,True,,0.23076923076923078,4.0,9.0,72.0,4.0,12.0,0.0,5.746203190540153,0.8365384615384616,2.833213344056216,16.0,11.0,7.0,0.42105263157894735,4.0,1.619047619047619,3.0,1.0,0.0,21.0,34.0,326.0,8.053565735207659,8.0,11.0,11.0,1.205521472392638,326.0,326.0,5.0,0.07630838539760368,0.9459374559420382,3.5553480614894135,2.4849066497880004,5.7899601708972535,3.091042453358316,8.0,8.0,0.0,0.0,0.0,7.0,10.0,7.0,0.0,16.0,0.05128205128205128,0.3181818181818182,18.0,0.47619047619047616,1.0,0.0,0.7890776171807095,0.23395705388897056,0.290071466014973,21.0,39.981587681439066,0.650060468722838,8.0,0.75,6.0,0.022435897435897436,2642.0,1.6094379124341003,2.70805020110221,0.0,78.0,70.0,0.2147239263803681,0.44171779141104295,0.0,0.34355828220858897,0.2147239263803681,0.44171779141104295,0.0,0.34355828220858897,0.2085889570552147,0.049079754601226995,0.0,0.7423312883435583,0.13105891948796025,0.16346153846153846,51.0,0.0,1.0,49.0,1.54515313983491,0.6,2.0,1.9809712515406273,47.5,312.0,23.0,1.0,1.358974358974359,6.052089168924417
fused_rtl_state_pipeline_qd,RTLLM,Prob015_multi_pipe_8bit,sequential,revolution_qd,grid_quantile,fused_rtl_state_pipeline_2d,1,True,generation_log,f89e9557-4d8c-4d82-a281-934a80d5db57,single_thought_operator,-0.04515934789364706,-0.04515934789364706,-0.04515934789364706,success_pool,whole,warmup_buffered,False,False,warmup:4,True,685.0,0.106,1.03,-17.29,-1.02,0.3010204081632653,-0.18040089086859679,-0.2560975609756097,,/workspace/exp/useful_bd_push/t63_fused_rtl_native_20260623_133903_UTC/hard_tuning/fused_rtl_state_pipeline_qd/seed_1001/openai_gpt-oss-120b/RTLLM/Prob015_multi_pipe_8bit/Gen1/Prob015_multi_pipe_8bit_sample8_single_thought_operator,/workspace/exp/useful_bd_push/t63_fused_rtl_native_20260623_133903_UTC/hard_tuning/fused_rtl_state_pipeline_qd/seed_1001/openai_gpt-oss-120b/RTLLM/Prob015_multi_pipe_8bit/Gen1/Prob015_multi_pipe_8bit_sample8_single_thought_operator/code.sv,/workspace/exp/useful_bd_push/t63_fused_rtl_native_20260623_133903_UTC/hard_tuning/fused_rtl_state_pipeline_qd/seed_1001/openai_gpt-oss-120b/RTLLM/Prob015_multi_pipe_8bit/Gen1/Prob015_multi_pipe_8bit_sample8_single_thought_operator/code_synthesis_report.metrics.json,/workspace/exp/useful_bd_push/t63_fused_rtl_native_20260623_133903_UTC/hard_tuning/fused_rtl_state_pipeline_qd/seed_1001/openai_gpt-oss-120b/RTLLM/Prob015_multi_pipe_8bit/Gen1/Prob015_multi_pipe_8bit_sample8_single_thought_operator/qd_archive_event.json,,True,True,True,False,True,True,True,False,True,,0.22866894197952217,1.0,1.0,67.0,2.0,13.0,0.0,5.683579767338681,0.825938566552901,1.3862943611198906,3.0,15.0,3.0,0.2222222222222222,4.0,0.9,3.0,1.0,0.0,10.0,9.0,103.0,6.492322232319715,7.0,4.0,1.0,1.145631067961165,103.0,103.0,2.0,0.07612046748871329,0.9044669343985181,2.302585092994046,1.6094379124341003,4.6443908991413725,2.3978952727983707,1.0,1.0,0.0,0.0,0.0,1.0,5.0,2.0,1.0,16.0,0.05460750853242321,0.09090909090909091,17.0,0.0,0.0,0.0,0.5782946158913507,0.5487413526248885,0.5281868617942348,10.0,12.24245167611013,0.23401179689873586,5.0,1.0,5.0,0.0034129692832764505,2380.0,1.791759469228055,1.791759469228055,0.0,63.0,55.0,0.6796116504854369,0.1650485436893204,0.0,0.1553398058252427,0.6796116504854369,0.1650485436893204,0.0,0.1553398058252427,0.6699029126213593,0.1553398058252427,0.0,0.17475728155339806,0.13921501226571545,0.17406143344709898,51.0,0.0,0.0,24.0,1.1567796494470395,2.6666666666666665,1.0,1.461300546107487,20.75,293.0,21.0,1.0,1.3651877133105803,5.993961427306569
fused_rtl_state_pipeline_qd,RTLLM,Prob015_multi_pipe_8bit,sequential,revolution_qd,grid_quantile,fused_rtl_state_pipeline_2d,1,True,generation_log,b0425536-0d25-4173-a047-f37b7b4c56b3,single_thought_operator,0.05279453299055512,0.05279453299055512,0.05279453299055512,success_pool,whole,replaced_elite,True,True,"2,1",True,600.0,0.0874,1.03,-15.36,-1.02,0.3877551020408163,0.026726057906458787,-0.2560975609756097,,/workspace/exp/useful_bd_push/t63_fused_rtl_native_20260623_133903_UTC/hard_tuning/fused_rtl_state_pipeline_qd/seed_1001/openai_gpt-oss-120b/RTLLM/Prob015_multi_pipe_8bit/Gen1/Prob015_multi_pipe_8bit_sample9_single_thought_operator,/workspace/exp/useful_bd_push/t63_fused_rtl_native_20260623_133903_UTC/hard_tuning/fused_rtl_state_pipeline_qd/seed_1001/openai_gpt-oss-120b/RTLLM/Prob015_multi_pipe_8bit/Gen1/Prob015_multi_pipe_8bit_sample9_single_thought_operator/code.sv,/workspace/exp/useful_bd_push/t63_fused_rtl_native_20260623_133903_UTC/hard_tuning/fused_rtl_state_pipeline_qd/seed_1001/openai_gpt-oss-120b/RTLLM/Prob015_multi_pipe_8bit/Gen1/Prob015_multi_pipe_8bit_sample9_single_thought_operator/code_synthesis_report.metrics.json,/workspace/exp/useful_bd_push/t63_fused_rtl_native_20260623_133903_UTC/hard_tuning/fused_rtl_state_pipeline_qd/seed_1001/openai_gpt-oss-120b/RTLLM/Prob015_multi_pipe_8bit/Gen1/Prob015_multi_pipe_8bit_sample9_single_thought_operator/qd_archive_event.json,,True,True,True,False,True,True,True,False,True,,0.24187725631768953,1.0,1.0,67.0,3.0,13.0,0.0,5.627621113690637,0.8736462093862816,1.0986122886681096,2.0,8.0,3.0,0.36363636363636365,4.0,0.8333333333333334,2.0,0.0,0.0,6.0,5.0,86.0,6.330330476729227,4.0,3.0,3.0,1.1046511627906976,86.0,86.0,2.0,0.47140586012907565,0.9392637371634215,1.791759469228055,1.3862943611198906,4.465908118654584,1.9459101490553132,1.0,1.0,0.0,0.0,0.0,1.0,5.0,2.0,1.0,16.0,0.05776173285198556,0.14285714285714285,10.0,0.0,0.0,0.0,0.6218451050146767,0.2086455384637986,0.3188226542695263,6.0,30.259581320937258,0.9998804200587067,3.0,1.0,3.0,0.0036101083032490976,1641.0,1.6094379124341003,1.6094379124341003,0.0,47.0,42.0,0.627906976744186,0.18604651162790697,0.0,0.18604651162790697,0.627906976744186,0.18604651162790697,0.0,0.18604651162790697,0.6046511627906976,0.18604651162790697,0.0,0.20930232558139536,0.11547275543690184,0.1263537906137184,35.0,0.0,0.0,16.0,1.2516291673878228,2.5,1.0,1.7130788426267936,17.25,277.0,17.0,1.0,1.3285198555956679,5.910796644040527
fused_rtl_state_pipeline_qd,RTLLM,Prob015_multi_pipe_8bit,sequential,revolution_qd,grid_quantile,fused_rtl_state_pipeline_2d,1,True,generation_log,fca37028-5319-4d56-9de7-99d459a8c3f5,single_thought_operator,-0.04515934789364706,-0.04515934789364706,-0.04515934789364706,success_pool,whole,duplicate_objectives,False,False,"3,0",False,685.0,0.106,1.03,-17.29,-1.02,0.3010204081632653,-0.18040089086859679,-0.2560975609756097,,/workspace/exp/useful_bd_push/t63_fused_rtl_native_20260623_133903_UTC/hard_tuning/fused_rtl_state_pipeline_qd/seed_1001/openai_gpt-oss-120b/RTLLM/Prob015_multi_pipe_8bit/Gen1/Prob015_multi_pipe_8bit_sample10_single_thought_operator,/workspace/exp/useful_bd_push/t63_fused_rtl_native_20260623_133903_UTC/hard_tuning/fused_rtl_state_pipeline_qd/seed_1001/openai_gpt-oss-120b/RTLLM/Prob015_multi_pipe_8bit/Gen1/Prob015_multi_pipe_8bit_sample8_single_thought_operator/code.sv,/workspace/exp/useful_bd_push/t63_fused_rtl_native_20260623_133903_UTC/hard_tuning/fused_rtl_state_pipeline_qd/seed_1001/openai_gpt-oss-120b/RTLLM/Prob015_multi_pipe_8bit/Gen1/Prob015_multi_pipe_8bit_sample10_single_thought_operator/code_synthesis_report.metrics.json,/workspace/exp/useful_bd_push/t63_fused_rtl_native_20260623_133903_UTC/hard_tuning/fused_rtl_state_pipeline_qd/seed_1001/openai_gpt-oss-120b/RTLLM/Prob015_multi_pipe_8bit/Gen1/Prob015_multi_pipe_8bit_sample10_single_thought_operator/qd_archive_event.json,,True,True,True,False,True,True,True,False,True,,0.22866894197952217,3.0,1.0,67.0,2.0,13.0,0.0,5.683579767338681,0.825938566552901,1.3862943611198906,3.0,15.0,5.0,0.2727272727272727,4.0,0.9,3.0,0.0,0.0,10.0,9.0,103.0,6.492322232319715,7.0,4.0,1.0,1.145631067961165,103.0,103.0,4.0,0.07612046748871328,0.9044669343985183,2.302585092994046,1.6094379124341003,4.6443908991413725,2.3978952727983707,1.0,1.0,0.0,0.0,0.0,1.0,7.0,2.0,1.0,16.0,0.05460750853242321,0.09090909090909091,21.0,0.0,0.0,0.0,0.5793802046383055,0.5547917875832474,0.5317452771024804,10.0,12.10544442823581,0.2383541518865553,5.0,1.0,5.0,0.0034129692832764505,1971.0,1.791759469228055,2.4849066497880004,0.0,64.0,58.0,0.6796116504854369,0.1650485436893204,0.0,0.1553398058252427,0.6796116504854369,0.1650485436893204,0.0,0.1553398058252427,0.6699029126213593,0.1553398058252427,0.0,0.17475728155339806,0.1392150122657155,0.17406143344709898,51.0,0.0,0.0,24.0,1.1567796494470395,2.6666666666666665,1.0,1.5979090698087535,22.049999999999997,293.0,22.0,1.0,1.3651877133105803,5.993961427306569
fused_rtl_state_pipeline_qd,RTLLM,Prob015_multi_pipe_8bit,sequential,revolution_qd,grid_quantile,fused_rtl_state_pipeline_2d,1,True,generation_log,c96e33e7-6b0f-43ec-991d-97bdecb00e92,single_thought_operator,-0.03773544291963072,-0.03773544291963072,-0.03773544291963072,success_pool,whole,replaced_elite,True,True,"3,0",True,685.0,0.104,1.03,-18.85,-1.02,0.3010204081632653,-0.15812917594654777,-0.2560975609756097,,/workspace/exp/useful_bd_push/t63_fused_rtl_native_20260623_133903_UTC/hard_tuning/fused_rtl_state_pipeline_qd/seed_1001/openai_gpt-oss-120b/RTLLM/Prob015_multi_pipe_8bit/Gen1/Prob015_multi_pipe_8bit_sample12_single_thought_operator,/workspace/exp/useful_bd_push/t63_fused_rtl_native_20260623_133903_UTC/hard_tuning/fused_rtl_state_pipeline_qd/seed_1001/openai_gpt-oss-120b/RTLLM/Prob015_multi_pipe_8bit/Gen1/Prob015_multi_pipe_8bit_sample12_single_thought_operator/code.sv,/workspace/exp/useful_bd_push/t63_fused_rtl_native_20260623_133903_UTC/hard_tuning/fused_rtl_state_pipeline_qd/seed_1001/openai_gpt-oss-120b/RTLLM/Prob015_multi_pipe_8bit/Gen1/Prob015_multi_pipe_8bit_sample12_single_thought_operator/code_synthesis_report.metrics.json,/workspace/exp/useful_bd_push/t63_fused_rtl_native_20260623_133903_UTC/hard_tuning/fused_rtl_state_pipeline_qd/seed_1001/openai_gpt-oss-120b/RTLLM/Prob015_multi_pipe_8bit/Gen1/Prob015_multi_pipe_8bit_sample12_single_thought_operator/qd_archive_event.json,,True,True,True,False,True,True,True,False,True,,0.22866894197952217,1.0,1.0,67.0,0.0,13.0,0.0,5.683579767338681,0.825938566552901,1.0986122886681096,2.0,12.0,3.0,0.26666666666666666,4.0,0.875,3.0,0.0,0.0,8.0,7.0,102.0,6.517016681285106,6.0,4.0,3.0,1.1274509803921569,102.0,102.0,2.0,0.25309015240139493,0.908907230503859,2.0794415416798357,1.6094379124341003,4.634728988229636,2.1972245773362196,1.0,1.0,0.0,0.0,0.0,1.0,6.0,2.0,1.0,16.0,0.05460750853242321,0.1111111111111111,14.0,0.0,0.0,0.0,0.6682053882475538,0.40616993671383667,0.4373022461325767,8.0,21.124905993751444,0.8894882196568822,4.0,1.0,4.0,0.0034129692832764505,796.0,1.6094379124341003,1.6094379124341003,0.0,35.0,32.0,0.6862745098039216,0.1568627450980392,0.0,0.1568627450980392,0.6862745098039216,0.1568627450980392,0.0,0.1568627450980392,0.6666666666666666,0.1568627450980392,0.0,0.17647058823529413,0.0943738176952877,0.17406143344709898,51.0,0.0,0.0,20.0,1.061278124459133,3.5,1.0,1.5828765043125572,19.4,293.0,18.0,1.0,1.3651877133105803,5.993961427306569
fused_rtl_state_pipeline_qd,RTLLM,Prob015_multi_pipe_8bit,sequential,revolution_qd,grid_quantile,fused_rtl_state_pipeline_2d,2,True,generation_log,13d7c1c5-8614-4235-9a1a-ed69cd2df86a,single_thought_operator,0.05279453299055512,0.05279453299055512,0.05279453299055512,success_pool,whole,filled_empty,True,False,"2,0",True,600.0,0.0874,1.03,-15.36,-1.02,0.3877551020408163,0.026726057906458787,-0.2560975609756097,,/workspace/exp/useful_bd_push/t63_fused_rtl_native_20260623_133903_UTC/hard_tuning/fused_rtl_state_pipeline_qd/seed_1001/openai_gpt-oss-120b/RTLLM/Prob015_multi_pipe_8bit/Gen2/Prob015_multi_pipe_8bit_sample6_single_thought_operator,/workspace/exp/useful_bd_push/t63_fused_rtl_native_20260623_133903_UTC/hard_tuning/fused_rtl_state_pipeline_qd/seed_1001/openai_gpt-oss-120b/RTLLM/Prob015_multi_pipe_8bit/Gen2/Prob015_multi_pipe_8bit_sample6_single_thought_operator/code.sv,/workspace/exp/useful_bd_push/t63_fused_rtl_native_20260623_133903_UTC/hard_tuning/fused_rtl_state_pipeline_qd/seed_1001/openai_gpt-oss-120b/RTLLM/Prob015_multi_pipe_8bit/Gen2/Prob015_multi_pipe_8bit_sample6_single_thought_operator/code_synthesis_report.metrics.json,/workspace/exp/useful_bd_push/t63_fused_rtl_native_20260623_133903_UTC/hard_tuning/fused_rtl_state_pipeline_qd/seed_1001/openai_gpt-oss-120b/RTLLM/Prob015_multi_pipe_8bit/Gen2/Prob015_multi_pipe_8bit_sample6_single_thought_operator/qd_archive_event.json,,True,True,True,False,True,True,True,False,True,,0.24187725631768953,1.0,1.0,67.0,3.0,13.0,0.0,5.627621113690637,0.8736462093862816,1.3862943611198906,3.0,11.0,3.0,0.2857142857142857,4.0,0.875,2.0,1.0,0.0,8.0,7.0,87.0,6.308850982369941,5.0,3.0,1.0,1.1264367816091954,87.0,87.0,2.0,0.13397459621556168,0.9052878340435763,2.0794415416798357,1.3862943611198906,4.477336814478207,2.1972245773362196,1.0,1.0,0.0,0.0,0.0,1.0,5.0,2.0,1.0,16.0,0.05776173285198556,0.1111111111111111,13.0,0.0,0.0,0.0,0.6517810469135213,0.5387710363909651,0.5252702266888255,8.0,15.288379286127507,0.8237908543207522,4.0,1.0,4.0,0.0036101083032490976,1634.0,1.791759469228055,1.791759469228055,0.0,54.0,47.0,0.6206896551724138,0.19540229885057472,0.0,0.1839080459770115,0.6206896551724138,0.19540229885057472,0.0,0.1839080459770115,0.6091954022988506,0.1839080459770115,0.0,0.20689655172413793,0.11354340299928974,0.1263537906137184,35.0,0.0,0.0,20.0,1.2987949406953985,2.0,1.0,1.6010143058068347,18.75,277.0,20.0,1.0,1.3285198555956679,5.910796644040527
fused_rtl_state_pipeline_qd,RTLLM,Prob015_multi_pipe_8bit,sequential,revolution_qd,grid_quantile,fused_rtl_state_pipeline_2d,2,True,generation_log,8385cdee-9690-4b82-a185-3b2a18581fd6,single_thought_operator,0.05279453299055512,0.05279453299055512,0.05279453299055512,success_pool,whole,duplicate_objectives,False,False,"2,0",False,600.0,0.0874,1.03,-15.36,-1.02,0.3877551020408163,0.026726057906458787,-0.2560975609756097,,/workspace/exp/useful_bd_push/t63_fused_rtl_native_20260623_133903_UTC/hard_tuning/fused_rtl_state_pipeline_qd/seed_1001/openai_gpt-oss-120b/RTLLM/Prob015_multi_pipe_8bit/Gen2/Prob015_multi_pipe_8bit_sample8_single_thought_operator,/workspace/exp/useful_bd_push/t63_fused_rtl_native_20260623_133903_UTC/hard_tuning/fused_rtl_state_pipeline_qd/seed_1001/openai_gpt-oss-120b/RTLLM/Prob015_multi_pipe_8bit/Gen2/Prob015_multi_pipe_8bit_sample6_single_thought_operator/code.sv,/workspace/exp/useful_bd_push/t63_fused_rtl_native_20260623_133903_UTC/hard_tuning/fused_rtl_state_pipeline_qd/seed_1001/openai_gpt-oss-120b/RTLLM/Prob015_multi_pipe_8bit/Gen2/Prob015_multi_pipe_8bit_sample8_single_thought_operator/code_synthesis_report.metrics.json,/workspace/exp/useful_bd_push/t63_fused_rtl_native_20260623_133903_UTC/hard_tuning/fused_rtl_state_pipeline_qd/seed_1001/openai_gpt-oss-120b/RTLLM/Prob015_multi_pipe_8bit/Gen2/Prob015_multi_pipe_8bit_sample8_single_thought_operator/qd_archive_event.json,,True,True,True,False,True,True,True,False,True,,0.24187725631768953,1.0,1.0,67.0,2.0,13.0,0.0,5.627621113690637,0.8736462093862816,1.3862943611198906,3.0,11.0,3.0,0.2857142857142857,4.0,0.875,2.0,1.0,0.0,8.0,7.0,87.0,6.308850982369941,5.0,3.0,1.0,1.1264367816091954,87.0,87.0,2.0,0.13397459621556168,0.9052878340435763,2.0794415416798357,1.3862943611198906,4.477336814478207,2.1972245773362196,1.0,1.0,0.0,0.0,0.0,1.0,5.0,2.0,1.0,16.0,0.05776173285198556,0.1111111111111111,13.0,0.0,0.0,0.0,0.6517810469135213,0.5387710363909651,0.5252702266888255,8.0,15.288379286127507,0.8237908543207522,4.0,1.0,4.0,0.0036101083032490976,1422.0,1.791759469228055,1.791759469228055,0.0,48.0,41.0,0.6206896551724138,0.19540229885057472,0.0,0.1839080459770115,0.6206896551724138,0.19540229885057472,0.0,0.1839080459770115,0.6091954022988506,0.1839080459770115,0.0,0.20689655172413793,0.11354340299928974,0.1263537906137184,35.0,0.0,0.0,20.0,1.2987949406953985,2.0,1.0,1.6010143058068347,18.75,277.0,20.0,1.0,1.3285198555956679,5.910796644040527
fused_rtl_state_pipeline_qd,RTLLM,Prob015_multi_pipe_8bit,sequential,revolution_qd,grid_quantile,fused_rtl_state_pipeline_2d,2,True,generation_log,a84c73fc-5029-47b9-95a5-81b4c3d2ed4c,single_thought_operator,0.027172138886517743,0.027172138886517743,0.027172138886517743,success_pool,whole,replaced_elite,True,True,"0,3",True,623.0,0.0911,1.04,-15.17,-1.03,0.36428571428571427,-0.0144766146993318,-0.26829268292682923,,/workspace/exp/useful_bd_push/t63_fused_rtl_native_20260623_133903_UTC/hard_tuning/fused_rtl_state_pipeline_qd/seed_1001/openai_gpt-oss-120b/RTLLM/Prob015_multi_pipe_8bit/Gen2/Prob015_multi_pipe_8bit_sample10_single_thought_operator,/workspace/exp/useful_bd_push/t63_fused_rtl_native_20260623_133903_UTC/hard_tuning/fused_rtl_state_pipeline_qd/seed_1001/openai_gpt-oss-120b/RTLLM/Prob015_multi_pipe_8bit/Gen2/Prob015_multi_pipe_8bit_sample10_single_thought_operator/code.sv,/workspace/exp/useful_bd_push/t63_fused_rtl_native_20260623_133903_UTC/hard_tuning/fused_rtl_state_pipeline_qd/seed_1001/openai_gpt-oss-120b/RTLLM/Prob015_multi_pipe_8bit/Gen2/Prob015_multi_pipe_8bit_sample10_single_thought_operator/code_synthesis_report.metrics.json,/workspace/exp/useful_bd_push/t63_fused_rtl_native_20260623_133903_UTC/hard_tuning/fused_rtl_state_pipeline_qd/seed_1001/openai_gpt-oss-120b/RTLLM/Prob015_multi_pipe_8bit/Gen2/Prob015_multi_pipe_8bit_sample10_single_thought_operator/qd_archive_event.json,,True,True,True,False,True,True,True,False,True,,0.24324324324324326,1.0,7.0,72.0,2.0,13.0,0.0,5.6937321388027,0.8817567567567568,2.833213344056216,16.0,8.0,11.0,1.0909090909090908,4.0,1.65,2.0,1.0,0.0,20.0,33.0,310.0,7.978067085377485,8.0,10.0,10.0,1.2096774193548387,310.0,310.0,2.0,0.10772248276186175,0.9476891149875069,3.5263605246161616,2.3978952727983707,5.739792912179234,3.044522437723423,8.0,8.0,0.0,0.0,0.0,7.0,25.0,7.0,0.0,16.0,0.05405405405405406,0.3333333333333333,10.0,0.45,1.0,0.0,0.7257155947861302,0.38087377704467495,0.41354824225335113,20.0,32.759370854299604,0.42786237914452085,8.0,0.75,6.0,0.02364864864864865,1920.0,1.6094379124341003,1.6094379124341003,0.0,53.0,47.0,0.17419354838709677,0.4645161290322581,0.0,0.36129032258064514,0.17419354838709677,0.4645161290322581,0.0,0.36129032258064514,0.16774193548387098,0.05161290322580645,0.0,0.7806451612903226,0.12850215020391842,0.11824324324324324,35.0,0.0,0.0,47.0,1.5128876215181604,0.5,9.0,1.793961871309111,51.25,296.0,26.0,1.0,1.3243243243243243,5.973809611869261
fused_rtl_state_pipeline_qd,RTLLM,Prob015_multi_pipe_8bit,sequential,revolution_qd,grid_quantile,fused_rtl_state_pipeline_2d,2,True,generation_log,d859d2f0-327b-4465-9ecf-503ed9cf7a05,single_thought_operator,0.05279453299055512,0.05279453299055512,0.05279453299055512,success_pool,whole,duplicate_objectives,False,False,"2,1",False,600.0,0.0874,1.03,-15.36,-1.02,0.3877551020408163,0.026726057906458787,-0.2560975609756097,,/workspace/exp/useful_bd_push/t63_fused_rtl_native_20260623_133903_UTC/hard_tuning/fused_rtl_state_pipeline_qd/seed_1001/openai_gpt-oss-120b/RTLLM/Prob015_multi_pipe_8bit/Gen2/Prob015_multi_pipe_8bit_sample11_single_thought_operator,/workspace/exp/useful_bd_push/t63_fused_rtl_native_20260623_133903_UTC/hard_tuning/fused_rtl_state_pipeline_qd/seed_1001/openai_gpt-oss-120b/RTLLM/Prob015_multi_pipe_8bit/Gen1/Prob015_multi_pipe_8bit_sample9_single_thought_operator/code.sv,/workspace/exp/useful_bd_push/t63_fused_rtl_native_20260623_133903_UTC/hard_tuning/fused_rtl_state_pipeline_qd/seed_1001/openai_gpt-oss-120b/RTLLM/Prob015_multi_pipe_8bit/Gen2/Prob015_multi_pipe_8bit_sample11_single_thought_operator/code_synthesis_report.metrics.json,/workspace/exp/useful_bd_push/t63_fused_rtl_native_20260623_133903_UTC/hard_tuning/fused_rtl_state_pipeline_qd/seed_1001/openai_gpt-oss-120b/RTLLM/Prob015_multi_pipe_8bit/Gen2/Prob015_multi_pipe_8bit_sample11_single_thought_operator/qd_archive_event.json,,True,True,True,False,True,True,True,False,True,,0.24187725631768953,1.0,1.0,67.0,2.0,13.0,0.0,5.627621113690637,0.8736462093862816,1.0986122886681096,2.0,8.0,3.0,0.36363636363636365,4.0,0.8333333333333334,2.0,0.0,0.0,6.0,5.0,86.0,6.330330476729227,4.0,3.0,3.0,1.1046511627906976,86.0,86.0,2.0,0.47140586012907526,0.9392637371634215,1.791759469228055,1.3862943611198906,4.465908118654584,1.9459101490553132,1.0,1.0,0.0,0.0,0.0,1.0,5.0,2.0,1.0,16.0,0.05776173285198556,0.14285714285714285,10.0,0.0,0.0,0.0,0.6218451050146767,0.2086455384637986,0.3188226542695263,6.0,30.259581320937258,0.9998804200587067,3.0,1.0,3.0,0.0036101083032490976,1096.0,1.6094379124341003,1.6094379124341003,0.0,39.0,36.0,0.627906976744186,0.18604651162790697,0.0,0.18604651162790697,0.627906976744186,0.18604651162790697,0.0,0.18604651162790697,0.6046511627906976,0.18604651162790697,0.0,0.20930232558139536,0.11547275543690183,0.1263537906137184,35.0,0.0,0.0,16.0,1.2516291673878228,2.5,1.0,1.7130788426267936,17.25,277.0,17.0,1.0,1.3285198555956679,5.910796644040527
fused_rtl_state_pipeline_qd,RTLLM,Prob015_multi_pipe_8bit,sequential,revolution_qd,grid_quantile,fused_rtl_state_pipeline_2d,2,True,generation_log,817e7e1d-f379-4f59-8933-bfbece368668,single_thought_operator,0.05279453299055512,0.05279453299055512,0.05279453299055512,success_pool,whole,duplicate_objectives,False,False,"2,0",False,600.0,0.0874,1.03,-15.36,-1.02,0.3877551020408163,0.026726057906458787,-0.2560975609756097,,/workspace/exp/useful_bd_push/t63_fused_rtl_native_20260623_133903_UTC/hard_tuning/fused_rtl_state_pipeline_qd/seed_1001/openai_gpt-oss-120b/RTLLM/Prob015_multi_pipe_8bit/Gen2/Prob015_multi_pipe_8bit_sample12_single_thought_operator,/workspace/exp/useful_bd_push/t63_fused_rtl_native_20260623_133903_UTC/hard_tuning/fused_rtl_state_pipeline_qd/seed_1001/openai_gpt-oss-120b/RTLLM/Prob015_multi_pipe_8bit/Gen2/Prob015_multi_pipe_8bit_sample6_single_thought_operator/code.sv,/workspace/exp/useful_bd_push/t63_fused_rtl_native_20260623_133903_UTC/hard_tuning/fused_rtl_state_pipeline_qd/seed_1001/openai_gpt-oss-120b/RTLLM/Prob015_multi_pipe_8bit/Gen2/Prob015_multi_pipe_8bit_sample12_single_thought_operator/code_synthesis_report.metrics.json,/workspace/exp/useful_bd_push/t63_fused_rtl_native_20260623_133903_UTC/hard_tuning/fused_rtl_state_pipeline_qd/seed_1001/openai_gpt-oss-120b/RTLLM/Prob015_multi_pipe_8bit/Gen2/Prob015_multi_pipe_8bit_sample12_single_thought_operator/qd_archive_event.json,,True,True,True,False,True,True,True,False,True,,0.24187725631768953,2.0,1.0,67.0,2.0,13.0,0.0,5.627621113690637,0.8736462093862816,1.3862943611198906,3.0,11.0,4.0,0.3125,4.0,0.875,2.0,1.0,0.0,8.0,7.0,87.0,6.308850982369941,5.0,3.0,1.0,1.1264367816091954,87.0,87.0,3.0,0.13397459621556151,0.905287834043576,2.0794415416798357,1.3862943611198906,4.477336814478207,2.1972245773362196,1.0,1.0,0.0,0.0,0.0,1.0,5.0,2.0,1.0,16.0,0.05776173285198556,0.1111111111111111,15.0,0.0,0.0,0.0,0.6433733299300347,0.5141424757353003,0.5090988917072748,8.0,15.970977362059292,0.7901599863868058,4.0,1.0,4.0,0.0036101083032490976,1418.0,1.791759469228055,2.1972245773362196,0.0,51.0,45.0,0.6206896551724138,0.19540229885057472,0.0,0.1839080459770115,0.6206896551724138,0.19540229885057472,0.0,0.1839080459770115,0.6091954022988506,0.1839080459770115,0.0,0.20689655172413793,0.11354340299928974,0.1263537906137184,35.0,0.0,0.0,20.0,1.2987949406953985,2.0,1.0,1.6464417904241373,19.25,277.0,21.0,1.0,1.3285198555956679,5.910796644040527
fused_rtl_state_pipeline_qd,RTLLM,Prob015_multi_pipe_8bit,sequential,revolution_qd,grid_quantile,fused_rtl_state_pipeline_2d,3,True,generation_log,07700c1f-5b0d-45ab-8921-db6c053cb7f1,single_thought_operator,-0.03773544291963072,-0.03773544291963072,-0.03773544291963072,success_pool,whole,duplicate_objectives,False,False,"3,0",False,685.0,0.104,1.03,-18.84,-1.02,0.3010204081632653,-0.15812917594654777,-0.2560975609756097,,/workspace/exp/useful_bd_push/t63_fused_rtl_native_20260623_133903_UTC/hard_tuning/fused_rtl_state_pipeline_qd/seed_1001/openai_gpt-oss-120b/RTLLM/Prob015_multi_pipe_8bit/Gen3/Prob015_multi_pipe_8bit_sample4_single_thought_operator,/workspace/exp/useful_bd_push/t63_fused_rtl_native_20260623_133903_UTC/hard_tuning/fused_rtl_state_pipeline_qd/seed_1001/openai_gpt-oss-120b/RTLLM/Prob015_multi_pipe_8bit/Gen1/Prob015_multi_pipe_8bit_sample12_single_thought_operator/code.sv,/workspace/exp/useful_bd_push/t63_fused_rtl_native_20260623_133903_UTC/hard_tuning/fused_rtl_state_pipeline_qd/seed_1001/openai_gpt-oss-120b/RTLLM/Prob015_multi_pipe_8bit/Gen3/Prob015_multi_pipe_8bit_sample4_single_thought_operator/code_synthesis_report.metrics.json,/workspace/exp/useful_bd_push/t63_fused_rtl_native_20260623_133903_UTC/hard_tuning/fused_rtl_state_pipeline_qd/seed_1001/openai_gpt-oss-120b/RTLLM/Prob015_multi_pipe_8bit/Gen3/Prob015_multi_pipe_8bit_sample4_single_thought_operator/qd_archive_event.json,,True,True,True,False,True,True,True,False,True,,0.22866894197952217,1.0,1.0,67.0,0.0,13.0,0.0,5.683579767338681,0.825938566552901,1.0986122886681096,2.0,14.0,3.0,0.23529411764705882,4.0,0.8888888888888888,3.0,0.0,0.0,9.0,8.0,102.0,6.4767078271819365,7.0,4.0,2.0,1.1470588235294117,102.0,102.0,2.0,0.17804488369888105,0.9124449250907108,2.1972245773362196,1.6094379124341003,4.634728988229636,2.302585092994046,1.0,1.0,0.0,0.0,0.0,1.0,5.0,2.0,1.0,16.0,0.05460750853242321,0.1,16.0,0.0,0.0,0.0,0.6979975203128999,0.4741021495041378,0.481923364572454,9.0,17.76960581800181,0.9774067479182662,4.0,1.0,4.0,0.0034129692832764505,1189.0,1.6094379124341003,1.6094379124341003,0.0,45.0,40.0,0.6862745098039216,0.1568627450980392,0.0,0.1568627450980392,0.6862745098039216,0.1568627450980392,0.0,0.1568627450980392,0.6666666666666666,0.1568627450980392,0.0,0.17647058823529413,0.0972241459581836,0.17406143344709898,51.0,0.0,0.0,22.0,0.9864267287308425,4.0,1.0,1.4945403523436764,20.25,293.0,18.0,1.0,1.3651877133105803,5.993961427306569
fused_rtl_state_pipeline_qd,RTLLM,Prob024_fsm,combinational,revolution_qd,grid_quantile,fused_rtl_state_pipeline_2d,0,True,generation_log,7a99531c-d04c-4d00-9bfd-7b3d8b41ce78,initial,0.16895839849859243,0.16895839849859243,0.16895839849859243,initial,whole,warmup_buffered,False,False,warmup:1,True,37.0,0.00993,0.26,-0.69,-0.25,0.1956521739130435,-0.4287769784172662,0.0,,/workspace/exp/useful_bd_push/t63_fused_rtl_native_20260623_133903_UTC/hard_tuning/fused_rtl_state_pipeline_qd/seed_1001/openai_gpt-oss-120b/RTLLM/Prob024_fsm/Gen0/Prob024_fsm_sample4_initial,/workspace/exp/useful_bd_push/t63_fused_rtl_native_20260623_133903_UTC/hard_tuning/fused_rtl_state_pipeline_qd/seed_1001/openai_gpt-oss-120b/RTLLM/Prob024_fsm/Gen0/Prob024_fsm_sample4_initial/code.sv,/workspace/exp/useful_bd_push/t63_fused_rtl_native_20260623_133903_UTC/hard_tuning/fused_rtl_state_pipeline_qd/seed_1001/openai_gpt-oss-120b/RTLLM/Prob024_fsm/Gen0/Prob024_fsm_sample4_initial/code_synthesis_report.metrics.json,/workspace/exp/useful_bd_push/t63_fused_rtl_native_20260623_133903_UTC/hard_tuning/fused_rtl_state_pipeline_qd/seed_1001/openai_gpt-oss-120b/RTLLM/Prob024_fsm/Gen0/Prob024_fsm_sample4_initial/qd_archive_event.json,,True,True,True,False,True,True,True,False,True,,0.0,2.0,1.0,0.0,1.0,12.0,1.0,3.1354942159291497,0.8636363636363636,2.639057329615259,13.0,3.0,8.0,1.8,4.0,1.2857142857142858,1.0,1.0,1.0,14.0,18.0,29.0,4.470549740888592,5.0,1.0,1.0,1.5862068965517242,29.0,29.0,6.0,0.21607583330131908,0.9570237013834426,2.9444389791664403,0.6931471805599453,3.4011973816621555,2.70805020110221,3.0,3.0,0.0,1.0,0.0,0.0,13.0,4.0,1.0,1.0,0.045454545454545456,0.36666666666666664,4.0,0.14285714285714285,0.5,1.0,0.2016184865043856,0.0,0.3991907567478072,14.0,20.098894017697717,0.7883957840701694,8.0,1.0,8.0,0.0,1726.0,2.8903717578961645,3.044522437723423,0.0,54.0,49.0,0.20689655172413793,0.7586206896551724,0.034482758620689655,0.0,0.20689655172413793,0.4482758620689655,0.3448275862068966,0.0,0.1724137931034483,0.034482758620689655,0.13793103448275862,0.6551724137931034,0.380048899129469,0.13636363636363635,3.0,0.0,0.0,25.0,1.7884504573082896,0.18181818181818182,1.0,1.744262647448874,27.95,22.0,22.0,1.0,1.2272727272727273,3.332204510175204
fused_rtl_state_pipeline_qd,RTLLM,Prob024_fsm,combinational,revolution_qd,grid_quantile,fused_rtl_state_pipeline_2d,1,True,generation_log,f2b4794b-d258-41b3-86c8-1b87f7bb198e,single_thought_operator,0.14876238139922837,0.14876238139922837,0.14876238139922837,fail_pool,whole,warmup_buffered,False,False,warmup:2,True,38.0,0.0102,0.26,-0.69,-0.25,0.17391304347826086,-0.46762589928057574,0.0,,/workspace/exp/useful_bd_push/t63_fused_rtl_native_20260623_133903_UTC/hard_tuning/fused_rtl_state_pipeline_qd/seed_1001/openai_gpt-oss-120b/RTLLM/Prob024_fsm/Gen1/Prob024_fsm_sample3_single_thought_operator,/workspace/exp/useful_bd_push/t63_fused_rtl_native_20260623_133903_UTC/hard_tuning/fused_rtl_state_pipeline_qd/seed_1001/openai_gpt-oss-120b/RTLLM/Prob024_fsm/Gen1/Prob024_fsm_sample3_single_thought_operator/code.sv,/workspace/exp/useful_bd_push/t63_fused_rtl_native_20260623_133903_UTC/hard_tuning/fused_rtl_state_pipeline_qd/seed_1001/openai_gpt-oss-120b/RTLLM/Prob024_fsm/Gen1/Prob024_fsm_sample3_single_thought_operator/code_synthesis_report.metrics.json,/workspace/exp/useful_bd_push/t63_fused_rtl_native_20260623_133903_UTC/hard_tuning/fused_rtl_state_pipeline_qd/seed_1001/openai_gpt-oss-120b/RTLLM/Prob024_fsm/Gen1/Prob024_fsm_sample3_single_thought_operator/qd_archive_event.json,,True,True,True,False,True,True,True,False,True,,0.0,2.0,1.0,0.0,0.0,13.0,1.0,3.1354942159291497,0.8636363636363636,2.639057329615259,13.0,2.0,7.0,1.6,4.0,1.2857142857142858,1.0,2.0,5.0,14.0,18.0,29.0,4.470549740888592,5.0,1.0,1.0,1.5862068965517242,29.0,29.0,6.0,0.2160758333013198,0.9570237013834427,2.9444389791664403,0.6931471805599453,3.4011973816621555,2.70805020110221,3.0,3.0,0.0,0.0,0.0,0.0,14.0,0.0,1.0,1.0,0.045454545454545456,0.3333333333333333,4.0,0.14285714285714285,0.5,1.0,0.20212118589504993,0.0,0.39893940705247505,14.0,20.998635576502966,0.7964389743207987,8.0,1.0,8.0,0.0,1929.0,2.8903717578961645,3.044522437723423,0.0,69.0,64.0,0.20689655172413793,0.7586206896551724,0.034482758620689655,0.0,0.20689655172413793,0.4827586206896552,0.3103448275862069,0.0,0.13793103448275862,0.06896551724137931,0.13793103448275862,0.6551724137931034,0.38014919644432094,0.13636363636363635,3.0,0.0,0.0,26.0,1.6893917467430877,0.16666666666666666,0.0,1.4618602772540858,17.6,22.0,22.0,1.0,1.2272727272727273,3.332204510175204
fused_rtl_state_pipeline_qd,RTLLM,Prob024_fsm,combinational,revolution_qd,grid_quantile,fused_rtl_state_pipeline_2d,1,True,generation_log,88c9e9fb-78de-41c7-ac22-c5b18341eb72,single_thought_operator,0.4911927849025128,0.4911927849025128,0.4911927849025128,fail_pool,whole,warmup_buffered,False,False,warmup:3,True,36.0,0.00371,0.21000000000000002,-0.81,-0.2,0.21739130434782608,0.4661870503597122,0.0,,/workspace/exp/useful_bd_push/t63_fused_rtl_native_20260623_133903_UTC/hard_tuning/fused_rtl_state_pipeline_qd/seed_1001/openai_gpt-oss-120b/RTLLM/Prob024_fsm/Gen1/Prob024_fsm_sample6_single_thought_operator,/workspace/exp/useful_bd_push/t63_fused_rtl_native_20260623_133903_UTC/hard_tuning/fused_rtl_state_pipeline_qd/seed_1001/openai_gpt-oss-120b/RTLLM/Prob024_fsm/Gen1/Prob024_fsm_sample6_single_thought_operator/code.sv,/workspace/exp/useful_bd_push/t63_fused_rtl_native_20260623_133903_UTC/hard_tuning/fused_rtl_state_pipeline_qd/seed_1001/openai_gpt-oss-120b/RTLLM/Prob024_fsm/Gen1/Prob024_fsm_sample6_single_thought_operator/code_synthesis_report.metrics.json,/workspace/exp/useful_bd_push/t63_fused_rtl_native_20260623_133903_UTC/hard_tuning/fused_rtl_state_pipeline_qd/seed_1001/openai_gpt-oss-120b/RTLLM/Prob024_fsm/Gen1/Prob024_fsm_sample6_single_thought_operator/qd_archive_event.json,,True,True,True,False,True,True,True,False,True,,0.0,2.0,1.0,0.0,0.0,13.0,1.0,2.9444389791664403,0.7222222222222222,2.639057329615259,13.0,2.0,7.0,2.0,4.0,1.2857142857142858,1.0,0.0,5.0,14.0,18.0,29.0,4.470549740888593,5.0,1.0,1.0,1.5862068965517242,29.0,29.0,6.0,0.21607583330131933,0.957023701383443,2.9444389791664403,0.6931471805599453,3.4011973816621555,2.70805020110221,3.0,3.0,0.0,0.0,0.0,0.0,14.0,0.0,1.0,0.0,0.0,0.3333333333333333,3.0,0.14285714285714285,0.5,1.0,0.20212118589504993,0.0,0.39893940705247505,14.0,20.998635576502966,0.7964389743207987,8.0,1.0,8.0,0.0,2093.0,2.8903717578961645,3.044522437723423,0.0,76.0,71.0,0.20689655172413793,0.7586206896551724,0.034482758620689655,0.0,0.20689655172413793,0.5172413793103449,0.27586206896551724,0.0,0.13793103448275862,0.06896551724137931,0.13793103448275862,0.6551724137931034,0.3715174668640895,0.2777777777777778,5.0,0.0,0.0,26.0,1.6893917467430877,0.16666666666666666,0.0,1.4618602772540858,18.1,18.0,21.0,1.0,1.3888888888888888,3.258096538021482
fused_rtl_state_pipeline_qd,RTLLM,Prob024_fsm,combinational,revolution_qd,grid_quantile,fused_rtl_state_pipeline_2d,1,True,generation_log,52fab891-78cd-4e06-9337-4c38ca9f759f,single_thought_operator,0.5002335522886039,0.5002335522886039,0.5002335522886039,success_pool,whole,warmup_buffered,False,False,warmup:4,True,36.0,0.00373,0.18000000000000002,-0.79,-0.17,0.21739130434782608,0.4633093525179856,0.0,,/workspace/exp/useful_bd_push/t63_fused_rtl_native_20260623_133903_UTC/hard_tuning/fused_rtl_state_pipeline_qd/seed_1001/openai_gpt-oss-120b/RTLLM/Prob024_fsm/Gen1/Prob024_fsm_sample7_single_thought_operator,/workspace/exp/useful_bd_push/t63_fused_rtl_native_20260623_133903_UTC/hard_tuning/fused_rtl_state_pipeline_qd/seed_1001/openai_gpt-oss-120b/RTLLM/Prob024_fsm/Gen1/Prob024_fsm_sample7_single_thought_operator/code.sv,/workspace/exp/useful_bd_push/t63_fused_rtl_native_20260623_133903_UTC/hard_tuning/fused_rtl_state_pipeline_qd/seed_1001/openai_gpt-oss-120b/RTLLM/Prob024_fsm/Gen1/Prob024_fsm_sample7_single_thought_operator/code_synthesis_report.metrics.json,/workspace/exp/useful_bd_push/t63_fused_rtl_native_20260623_133903_UTC/hard_tuning/fused_rtl_state_pipeline_qd/seed_1001/openai_gpt-oss-120b/RTLLM/Prob024_fsm/Gen1/Prob024_fsm_sample7_single_thought_operator/qd_archive_event.json,,True,True,True,False,True,True,True,False,True,,0.0,2.0,1.0,0.0,1.0,12.0,1.0,2.9444389791664403,0.7222222222222222,2.5649493574615367,12.0,3.0,7.0,2.0,4.0,1.3076923076923077,1.0,0.0,1.0,13.0,17.0,28.0,4.41544060971307,5.0,1.0,1.0,1.6071428571428572,28.0,28.0,6.0,0.31510263339650446,0.9667869499488747,2.8903717578961645,0.6931471805599453,3.367295829986474,2.639057329615259,3.0,3.0,0.0,1.0,0.0,0.0,13.0,2.0,1.0,0.0,0.0,0.39285714285714285,3.0,0.15384615384615385,0.5,1.0,0.17578880639533195,0.0,0.41210559680233405,13.0,15.44343957072451,0.7397042356586445,6.0,0.8333333333333334,5.0,0.0,1429.0,2.8903717578961645,3.044522437723423,0.0,52.0,46.0,0.21428571428571427,0.75,0.03571428571428571,0.0,0.21428571428571427,0.4642857142857143,0.32142857142857145,0.0,0.14285714285714285,0.14285714285714285,0.03571428571428571,0.6785714285714286,0.42069639369024003,0.2777777777777778,5.0,0.0,0.0,23.0,1.8262452584026092,0.2,0.0,1.743372658078689,22.95,18.0,19.0,1.0,1.3888888888888888,3.258096538021482
fused_rtl_state_pipeline_qd,RTLLM,Prob024_fsm,combinational,revolution_qd,grid_quantile,fused_rtl_state_pipeline_2d,1,True,generation_log,25126d60-0583-4051-a55e-900172c59018,single_thought_operator,0.26551767281826705,0.26551767281826705,0.26551767281826705,success_pool,whole,filled_empty,True,False,"3,0",True,34.0,0.00837,0.26,-0.66,-0.25,0.2608695652173913,-0.2043165467625901,0.0,,/workspace/exp/useful_bd_push/t63_fused_rtl_native_20260623_133903_UTC/hard_tuning/fused_rtl_state_pipeline_qd/seed_1001/openai_gpt-oss-120b/RTLLM/Prob024_fsm/Gen1/Prob024_fsm_sample8_single_thought_operator,/workspace/exp/useful_bd_push/t63_fused_rtl_native_20260623_133903_UTC/hard_tuning/fused_rtl_state_pipeline_qd/seed_1001/openai_gpt-oss-120b/RTLLM/Prob024_fsm/Gen1/Prob024_fsm_sample8_single_thought_operator/code.sv,/workspace/exp/useful_bd_push/t63_fused_rtl_native_20260623_133903_UTC/hard_tuning/fused_rtl_state_pipeline_qd/seed_1001/openai_gpt-oss-120b/RTLLM/Prob024_fsm/Gen1/Prob024_fsm_sample8_single_thought_operator/code_synthesis_report.metrics.json,/workspace/exp/useful_bd_push/t63_fused_rtl_native_20260623_133903_UTC/hard_tuning/fused_rtl_state_pipeline_qd/seed_1001/openai_gpt-oss-120b/RTLLM/Prob024_fsm/Gen1/Prob024_fsm_sample8_single_thought_operator/qd_archive_event.json,,True,True,True,False,True,True,True,False,True,,0.0,2.0,1.0,0.0,1.0,9.0,1.0,2.833213344056216,0.8125,2.5649493574615367,12.0,3.0,7.0,1.6,2.0,1.3076923076923077,1.0,0.0,1.0,13.0,17.0,28.0,4.41544060971307,5.0,1.0,1.0,1.6071428571428572,28.0,28.0,1.0,0.31510263339650485,0.9667869499488747,2.8903717578961645,0.6931471805599453,3.367295829986474,2.639057329615259,3.0,3.0,0.0,1.0,0.0,0.0,8.0,2.0,1.0,1.0,0.0625,0.39285714285714285,4.0,0.15384615384615385,0.5,1.0,0.17578880639533195,0.0,0.41210559680233405,13.0,15.44343957072451,0.7397042356586445,6.0,0.8333333333333334,5.0,0.0,1072.0,2.0794415416798357,2.3978952727983707,0.0,39.0,34.0,0.21428571428571427,0.75,0.03571428571428571,0.0,0.21428571428571427,0.4642857142857143,0.32142857142857145,0.0,0.14285714285714285,0.14285714285714285,0.03571428571428571,0.6785714285714286,0.42069639369024,0.1875,3.0,0.0,0.0,23.0,1.8262452584026092,0.2,5.0,1.9016094970590274,21.7,16.0,20.0,1.0,1.3125,3.091042453358316
fused_rtl_state_pipeline_qd,RTLLM,Prob024_fsm,combinational,revolution_qd,grid_quantile,fused_rtl_state_pipeline_2d,1,True,generation_log,344b01a3-f03f-4c52-908d-fda010923c1c,single_thought_operator,0.26551767281826705,0.26551767281826705,0.26551767281826705,success_pool,whole,duplicate_objectives,False,False,"3,0",False,34.0,0.00837,0.26,-0.66,-0.25,0.2608695652173913,-0.2043165467625901,0.0,,/workspace/exp/useful_bd_push/t63_fused_rtl_native_20260623_133903_UTC/hard_tuning/fused_rtl_state_pipeline_qd/seed_1001/openai_gpt-oss-120b/RTLLM/Prob024_fsm/Gen1/Prob024_fsm_sample11_single_thought_operator,/workspace/exp/useful_bd_push/t63_fused_rtl_native_20260623_133903_UTC/hard_tuning/fused_rtl_state_pipeline_qd/seed_1001/openai_gpt-oss-120b/RTLLM/Prob024_fsm/Gen1/Prob024_fsm_sample8_single_thought_operator/code.sv,/workspace/exp/useful_bd_push/t63_fused_rtl_native_20260623_133903_UTC/hard_tuning/fused_rtl_state_pipeline_qd/seed_1001/openai_gpt-oss-120b/RTLLM/Prob024_fsm/Gen1/Prob024_fsm_sample11_single_thought_operator/code_synthesis_report.metrics.json,/workspace/exp/useful_bd_push/t63_fused_rtl_native_20260623_133903_UTC/hard_tuning/fused_rtl_state_pipeline_qd/seed_1001/openai_gpt-oss-120b/RTLLM/Prob024_fsm/Gen1/Prob024_fsm_sample11_single_thought_operator/qd_archive_event.json,,True,True,True,False,True,True,True,False,True,,0.0,2.0,1.0,0.0,1.0,9.0,1.0,2.833213344056216,0.8125,2.5649493574615367,12.0,3.0,7.0,1.6,2.0,1.3076923076923077,1.0,0.0,1.0,13.0,17.0,28.0,4.41544060971307,5.0,1.0,1.0,1.6071428571428572,28.0,28.0,1.0,0.31510263339650485,0.9667869499488747,2.8903717578961645,0.6931471805599453,3.367295829986474,2.639057329615259,3.0,3.0,0.0,1.0,0.0,0.0,8.0,2.0,1.0,1.0,0.0625,0.39285714285714285,4.0,0.15384615384615385,0.5,1.0,0.17578880639533195,0.0,0.41210559680233405,13.0,15.44343957072451,0.7397042356586445,6.0,0.8333333333333334,5.0,0.0,871.0,2.0794415416798357,2.3978952727983707,0.0,41.0,35.0,0.21428571428571427,0.75,0.03571428571428571,0.0,0.21428571428571427,0.4642857142857143,0.32142857142857145,0.0,0.14285714285714285,0.14285714285714285,0.03571428571428571,0.6785714285714286,0.42069639369024,0.1875,3.0,0.0,0.0,23.0,1.8262452584026092,0.2,5.0,1.9016094970590274,21.7,16.0,20.0,1.0,1.3125,3.091042453358316
fused_rtl_state_pipeline_qd,RTLLM,Prob024_fsm,combinational,revolution_qd,grid_quantile,fused_rtl_state_pipeline_2d,1,True,generation_log,46554c58-e76a-4cdb-b31f-07352e451f83,single_thought_operator,0.14876238139922837,0.14876238139922837,0.14876238139922837,success_pool,whole,duplicate_objectives,False,False,"1,0",False,38.0,0.0102,0.26,-0.69,-0.25,0.17391304347826086,-0.46762589928057574,0.0,,/workspace/exp/useful_bd_push/t63_fused_rtl_native_20260623_133903_UTC/hard_tuning/fused_rtl_state_pipeline_qd/seed_1001/openai_gpt-oss-120b/RTLLM/Prob024_fsm/Gen1/Prob024_fsm_sample12_single_thought_operator,/workspace/exp/useful_bd_push/t63_fused_rtl_native_20260623_133903_UTC/hard_tuning/fused_rtl_state_pipeline_qd/seed_1001/openai_gpt-oss-120b/RTLLM/Prob024_fsm/Gen1/Prob024_fsm_sample3_single_thought_operator/code.sv,/workspace/exp/useful_bd_push/t63_fused_rtl_native_20260623_133903_UTC/hard_tuning/fused_rtl_state_pipeline_qd/seed_1001/openai_gpt-oss-120b/RTLLM/Prob024_fsm/Gen1/Prob024_fsm_sample12_single_thought_operator/code_synthesis_report.metrics.json,/workspace/exp/useful_bd_push/t63_fused_rtl_native_20260623_133903_UTC/hard_tuning/fused_rtl_state_pipeline_qd/seed_1001/openai_gpt-oss-120b/RTLLM/Prob024_fsm/Gen1/Prob024_fsm_sample12_single_thought_operator/qd_archive_event.json,,True,True,True,False,True,True,True,False,True,,0.0,2.0,1.0,0.0,0.0,13.0,1.0,3.1354942159291497,0.8636363636363636,2.639057329615259,13.0,2.0,7.0,1.6,4.0,1.2857142857142858,1.0,0.0,5.0,14.0,18.0,29.0,4.470549740888592,5.0,1.0,1.0,1.5862068965517242,29.0,29.0,6.0,0.2160758333013198,0.9570237013834427,2.9444389791664403,0.6931471805599453,3.4011973816621555,2.70805020110221,3.0,3.0,0.0,0.0,0.0,0.0,14.0,0.0,1.0,1.0,0.045454545454545456,0.3333333333333333,4.0,0.14285714285714285,0.5,1.0,0.20212118589504993,0.0,0.39893940705247505,14.0,20.998635576502966,0.7964389743207987,8.0,1.0,8.0,0.0,2104.0,2.8903717578961645,3.044522437723423,0.0,73.0,70.0,0.20689655172413793,0.7586206896551724,0.034482758620689655,0.0,0.20689655172413793,0.4827586206896552,0.3103448275862069,0.0,0.13793103448275862,0.06896551724137931,0.13793103448275862,0.6551724137931034,0.38014919644432094,0.13636363636363635,3.0,0.0,0.0,26.0,1.6893917467430877,0.16666666666666666,0.0,1.4618602772540858,17.6,22.0,22.0,1.0,1.2272727272727273,3.332204510175204
fused_rtl_state_pipeline_qd,RTLLM,Prob024_fsm,combinational,revolution_qd,grid_quantile,fused_rtl_state_pipeline_2d,2,True,generation_log,71e61acf-f45a-4db7-a293-3f9f4d59f719,single_thought_operator,0.46959128349494317,0.46959128349494317,0.46959128349494317,success_pool,whole,replaced_elite,True,True,"3,0",True,29.0,0.00494,0.25,-0.67,-0.24,0.3695652173913043,0.2892086330935251,0.0,,/workspace/exp/useful_bd_push/t63_fused_rtl_native_20260623_133903_UTC/hard_tuning/fused_rtl_state_pipeline_qd/seed_1001/openai_gpt-oss-120b/RTLLM/Prob024_fsm/Gen2/Prob024_fsm_sample2_single_thought_operator,/workspace/exp/useful_bd_push/t63_fused_rtl_native_20260623_133903_UTC/hard_tuning/fused_rtl_state_pipeline_qd/seed_1001/openai_gpt-oss-120b/RTLLM/Prob024_fsm/Gen2/Prob024_fsm_sample2_single_thought_operator/code.sv,/workspace/exp/useful_bd_push/t63_fused_rtl_native_20260623_133903_UTC/hard_tuning/fused_rtl_state_pipeline_qd/seed_1001/openai_gpt-oss-120b/RTLLM/Prob024_fsm/Gen2/Prob024_fsm_sample2_single_thought_operator/code_synthesis_report.metrics.json,/workspace/exp/useful_bd_push/t63_fused_rtl_native_20260623_133903_UTC/hard_tuning/fused_rtl_state_pipeline_qd/seed_1001/openai_gpt-oss-120b/RTLLM/Prob024_fsm/Gen2/Prob024_fsm_sample2_single_thought_operator/qd_archive_event.json,,True,True,True,False,True,True,True,False,True,,0.0,2.0,1.0,0.0,1.0,9.0,1.0,2.833213344056216,0.8125,2.5649493574615367,12.0,3.0,7.0,1.6,2.0,1.3076923076923077,1.0,0.0,1.0,13.0,17.0,28.0,4.41544060971307,5.0,1.0,1.0,1.6071428571428572,28.0,28.0,1.0,0.31510263339650446,0.9667869499488745,2.8903717578961645,0.6931471805599453,3.367295829986474,2.639057329615259,3.0,3.0,0.0,1.0,0.0,0.0,8.0,2.0,1.0,0.0,0.0,0.39285714285714285,4.0,0.15384615384615385,0.5,1.0,0.17578880639533195,0.0,0.41210559680233405,13.0,15.44343957072451,0.7397042356586445,6.0,0.8333333333333334,5.0,0.0,1105.0,2.0794415416798357,2.3978952727983707,0.0,40.0,35.0,0.21428571428571427,0.75,0.03571428571428571,0.0,0.21428571428571427,0.5,0.2857142857142857,0.0,0.14285714285714285,0.14285714285714285,0.03571428571428571,0.6785714285714286,0.4115660462134843,0.1875,3.0,0.0,0.0,23.0,1.8262452584026092,0.2,5.0,1.9016094970590274,21.7,16.0,20.0,1.0,1.3125,3.091042453358316
fused_rtl_state_pipeline_qd,RTLLM,Prob024_fsm,combinational,revolution_qd,grid_quantile,fused_rtl_state_pipeline_2d,2,True,generation_log,3018b8d8-70dd-4a74-aa15-3f0e203953f5,single_thought_operator,0.5002335522886039,0.5002335522886039,0.5002335522886039,success_pool,whole,replaced_elite,True,True,"1,3",True,36.0,0.00373,0.18000000000000002,-0.8,-0.17,0.21739130434782608,0.4633093525179856,0.0,,/workspace/exp/useful_bd_push/t63_fused_rtl_native_20260623_133903_UTC/hard_tuning/fused_rtl_state_pipeline_qd/seed_1001/openai_gpt-oss-120b/RTLLM/Prob024_fsm/Gen2/Prob024_fsm_sample3_single_thought_operator,/workspace/exp/useful_bd_push/t63_fused_rtl_native_20260623_133903_UTC/hard_tuning/fused_rtl_state_pipeline_qd/seed_1001/openai_gpt-oss-120b/RTLLM/Prob024_fsm/Gen2/Prob024_fsm_sample3_single_thought_operator/code.sv,/workspace/exp/useful_bd_push/t63_fused_rtl_native_20260623_133903_UTC/hard_tuning/fused_rtl_state_pipeline_qd/seed_1001/openai_gpt-oss-120b/RTLLM/Prob024_fsm/Gen2/Prob024_fsm_sample3_single_thought_operator/code_synthesis_report.metrics.json,/workspace/exp/useful_bd_push/t63_fused_rtl_native_20260623_133903_UTC/hard_tuning/fused_rtl_state_pipeline_qd/seed_1001/openai_gpt-oss-120b/RTLLM/Prob024_fsm/Gen2/Prob024_fsm_sample3_single_thought_operator/qd_archive_event.json,,True,True,True,False,True,True,True,False,True,,0.0,2.0,1.0,0.0,0.0,13.0,1.0,2.9444389791664403,0.7222222222222222,2.639057329615259,13.0,2.0,7.0,2.0,4.0,1.2857142857142858,1.0,0.0,0.0,14.0,18.0,29.0,4.470549740888593,5.0,1.0,1.0,1.5862068965517242,29.0,29.0,6.0,0.21607583330131955,0.9570237013834427,2.9444389791664403,0.6931471805599453,3.4011973816621555,2.70805020110221,3.0,3.0,0.0,0.0,0.0,0.0,14.0,0.0,1.0,0.0,0.0,0.3333333333333333,3.0,0.14285714285714285,0.5,1.0,0.20212118589504993,0.0,0.39893940705247505,14.0,20.998635576502966,0.7964389743207987,8.0,1.0,8.0,0.0,2017.0,2.8903717578961645,3.044522437723423,0.0,66.0,62.0,0.20689655172413793,0.7586206896551724,0.034482758620689655,0.0,0.20689655172413793,0.4827586206896552,0.3103448275862069,0.0,0.13793103448275862,0.06896551724137931,0.13793103448275862,0.6551724137931034,0.38014919644432094,0.2777777777777778,5.0,0.0,0.0,26.0,1.6893917467430877,0.16666666666666666,0.0,1.4618602772540858,18.1,18.0,16.0,1.0,1.3888888888888888,3.258096538021482
fused_rtl_state_pipeline_qd,RTLLM,Prob024_fsm,combinational,revolution_qd,grid_quantile,fused_rtl_state_pipeline_2d,2,True,generation_log,46881da5-7766-48c5-bbd9-5a560955b31e,single_thought_operator,0.49167240120946715,0.49167240120946715,0.49167240120946715,success_pool,whole,pareto_inserted,True,False,"3,3",True,36.0,0.0037,0.21000000000000002,-0.81,-0.2,0.21739130434782608,0.46762589928057546,0.0,,/workspace/exp/useful_bd_push/t63_fused_rtl_native_20260623_133903_UTC/hard_tuning/fused_rtl_state_pipeline_qd/seed_1001/openai_gpt-oss-120b/RTLLM/Prob024_fsm/Gen2/Prob024_fsm_sample4_single_thought_operator,/workspace/exp/useful_bd_push/t63_fused_rtl_native_20260623_133903_UTC/hard_tuning/fused_rtl_state_pipeline_qd/seed_1001/openai_gpt-oss-120b/RTLLM/Prob024_fsm/Gen2/Prob024_fsm_sample4_single_thought_operator/code.sv,/workspace/exp/useful_bd_push/t63_fused_rtl_native_20260623_133903_UTC/hard_tuning/fused_rtl_state_pipeline_qd/seed_1001/openai_gpt-oss-120b/RTLLM/Prob024_fsm/Gen2/Prob024_fsm_sample4_single_thought_operator/code_synthesis_report.metrics.json,/workspace/exp/useful_bd_push/t63_fused_rtl_native_20260623_133903_UTC/hard_tuning/fused_rtl_state_pipeline_qd/seed_1001/openai_gpt-oss-120b/RTLLM/Prob024_fsm/Gen2/Prob024_fsm_sample4_single_thought_operator/qd_archive_event.json,,True,True,True,False,True,True,True,False,True,,0.0,2.0,1.0,0.0,1.0,12.0,1.0,2.9444389791664403,0.7222222222222222,2.5649493574615367,12.0,3.0,7.0,2.0,4.0,1.3076923076923077,1.0,0.0,1.0,13.0,17.0,28.0,4.41544060971307,5.0,1.0,1.0,1.6071428571428572,28.0,28.0,6.0,0.31510263339650524,0.9667869499488745,2.8903717578961645,0.6931471805599453,3.367295829986474,2.639057329615259,3.0,3.0,0.0,1.0,0.0,0.0,13.0,2.0,1.0,0.0,0.0,0.39285714285714285,3.0,0.15384615384615385,0.5,1.0,0.17578880639533195,0.0,0.41210559680233405,13.0,15.44343957072451,0.7397042356586445,6.0,0.8333333333333334,5.0,0.0,1538.0,2.8903717578961645,3.044522437723423,0.0,56.0,50.0,0.21428571428571427,0.75,0.03571428571428571,0.0,0.21428571428571427,0.5,0.2857142857142857,0.0,0.14285714285714285,0.14285714285714285,0.03571428571428571,0.6785714285714286,0.4115660462134844,0.2777777777777778,5.0,0.0,0.0,23.0,1.8262452584026092,0.2,0.0,1.743372658078689,22.95,18.0,19.0,1.0,1.3888888888888888,3.258096538021482
fused_rtl_state_pipeline_qd,RTLLM,Prob024_fsm,combinational,revolution_qd,grid_quantile,fused_rtl_state_pipeline_2d,2,True,generation_log,804529a0-ccd3-4c8a-b398-56845d471837,single_thought_operator,0.26551767281826705,0.26551767281826705,0.26551767281826705,success_pool,whole,duplicate_objectives,False,False,"3,0",False,34.0,0.00837,0.26,-0.66,-0.25,0.2608695652173913,-0.2043165467625901,0.0,,/workspace/exp/useful_bd_push/t63_fused_rtl_native_20260623_133903_UTC/hard_tuning/fused_rtl_state_pipeline_qd/seed_1001/openai_gpt-oss-120b/RTLLM/Prob024_fsm/Gen2/Prob024_fsm_sample5_single_thought_operator,/workspace/exp/useful_bd_push/t63_fused_rtl_native_20260623_133903_UTC/hard_tuning/fused_rtl_state_pipeline_qd/seed_1001/openai_gpt-oss-120b/RTLLM/Prob024_fsm/Gen1/Prob024_fsm_sample8_single_thought_operator/code.sv,/workspace/exp/useful_bd_push/t63_fused_rtl_native_20260623_133903_UTC/hard_tuning/fused_rtl_state_pipeline_qd/seed_1001/openai_gpt-oss-120b/RTLLM/Prob024_fsm/Gen2/Prob024_fsm_sample5_single_thought_operator/code_synthesis_report.metrics.json,/workspace/exp/useful_bd_push/t63_fused_rtl_native_20260623_133903_UTC/hard_tuning/fused_rtl_state_pipeline_qd/seed_1001/openai_gpt-oss-120b/RTLLM/Prob024_fsm/Gen2/Prob024_fsm_sample5_single_thought_operator/qd_archive_event.json,,True,True,True,False,True,True,True,False,True,,0.0,2.0,1.0,0.0,1.0,9.0,1.0,2.833213344056216,0.8125,2.5649493574615367,12.0,3.0,7.0,1.6,2.0,1.3076923076923077,1.0,0.0,1.0,13.0,17.0,28.0,4.41544060971307,5.0,1.0,1.0,1.6071428571428572,28.0,28.0,1.0,0.31510263339650485,0.9667869499488747,2.8903717578961645,0.6931471805599453,3.367295829986474,2.639057329615259,3.0,3.0,0.0,1.0,0.0,0.0,8.0,2.0,1.0,1.0,0.0625,0.39285714285714285,4.0,0.15384615384615385,0.5,1.0,0.17578880639533195,0.0,0.41210559680233405,13.0,15.44343957072451,0.7397042356586445,6.0,0.8333333333333334,5.0,0.0,900.0,2.0794415416798357,2.3978952727983707,0.0,38.0,34.0,0.21428571428571427,0.75,0.03571428571428571,0.0,0.21428571428571427,0.4642857142857143,0.32142857142857145,0.0,0.14285714285714285,0.14285714285714285,0.03571428571428571,0.6785714285714286,0.42069639369024,0.1875,3.0,0.0,0.0,23.0,1.8262452584026092,0.2,5.0,1.9016094970590274,21.7,16.0,20.0,1.0,1.3125,3.091042453358316
fused_rtl_state_pipeline_qd,RTLLM,Prob024_fsm,combinational,revolution_qd,grid_quantile,fused_rtl_state_pipeline_2d,2,True,generation_log,653bbf92-3cfb-4433-b13a-ca67735b35fa,single_thought_operator,0.26551767281826705,0.26551767281826705,0.26551767281826705,success_pool,whole,duplicate_objectives,False,False,"3,0",False,34.0,0.00837,0.26,-0.66,-0.25,0.2608695652173913,-0.2043165467625901,0.0,,/workspace/exp/useful_bd_push/t63_fused_rtl_native_20260623_133903_UTC/hard_tuning/fused_rtl_state_pipeline_qd/seed_1001/openai_gpt-oss-120b/RTLLM/Prob024_fsm/Gen2/Prob024_fsm_sample6_single_thought_operator,/workspace/exp/useful_bd_push/t63_fused_rtl_native_20260623_133903_UTC/hard_tuning/fused_rtl_state_pipeline_qd/seed_1001/openai_gpt-oss-120b/RTLLM/Prob024_fsm/Gen1/Prob024_fsm_sample8_single_thought_operator/code.sv,/workspace/exp/useful_bd_push/t63_fused_rtl_native_20260623_133903_UTC/hard_tuning/fused_rtl_state_pipeline_qd/seed_1001/openai_gpt-oss-120b/RTLLM/Prob024_fsm/Gen2/Prob024_fsm_sample6_single_thought_operator/code_synthesis_report.metrics.json,/workspace/exp/useful_bd_push/t63_fused_rtl_native_20260623_133903_UTC/hard_tuning/fused_rtl_state_pipeline_qd/seed_1001/openai_gpt-oss-120b/RTLLM/Prob024_fsm/Gen2/Prob024_fsm_sample6_single_thought_operator/qd_archive_event.json,,True,True,True,False,True,True,True,False,True,,0.0,2.0,1.0,0.0,1.0,9.0,1.0,2.833213344056216,0.8125,2.5649493574615367,12.0,3.0,7.0,1.6,2.0,1.3076923076923077,1.0,0.0,5.0,13.0,17.0,28.0,4.41544060971307,5.0,1.0,1.0,1.6071428571428572,28.0,28.0,1.0,0.31510263339650485,0.9667869499488747,2.8903717578961645,0.6931471805599453,3.367295829986474,2.639057329615259,3.0,3.0,0.0,1.0,0.0,0.0,8.0,2.0,1.0,1.0,0.0625,0.39285714285714285,4.0,0.15384615384615385,0.5,1.0,0.17578880639533195,0.0,0.41210559680233405,13.0,15.44343957072451,0.7397042356586445,6.0,0.8333333333333334,5.0,0.0,991.0,2.0794415416798357,2.3978952727983707,0.0,40.0,34.0,0.21428571428571427,0.75,0.03571428571428571,0.0,0.21428571428571427,0.4642857142857143,0.32142857142857145,0.0,0.14285714285714285,0.14285714285714285,0.03571428571428571,0.6785714285714286,0.42069639369024,0.1875,3.0,0.0,0.0,23.0,1.8262452584026092,0.2,5.0,1.9016094970590274,21.7,16.0,20.0,1.0,1.3125,3.091042453358316
fused_rtl_state_pipeline_qd,RTLLM,Prob024_fsm,combinational,revolution_qd,grid_quantile,fused_rtl_state_pipeline_2d,2,True,generation_log,cd404938-174a-452f-b4db-e8d82721c195,single_thought_operator,0.26551767281826705,0.26551767281826705,0.26551767281826705,success_pool,whole,duplicate_objectives,False,False,"3,0",False,34.0,0.00837,0.26,-0.66,-0.25,0.2608695652173913,-0.2043165467625901,0.0,,/workspace/exp/useful_bd_push/t63_fused_rtl_native_20260623_133903_UTC/hard_tuning/fused_rtl_state_pipeline_qd/seed_1001/openai_gpt-oss-120b/RTLLM/Prob024_fsm/Gen2/Prob024_fsm_sample7_single_thought_operator,/workspace/exp/useful_bd_push/t63_fused_rtl_native_20260623_133903_UTC/hard_tuning/fused_rtl_state_pipeline_qd/seed_1001/openai_gpt-oss-120b/RTLLM/Prob024_fsm/Gen1/Prob024_fsm_sample8_single_thought_operator/code.sv,/workspace/exp/useful_bd_push/t63_fused_rtl_native_20260623_133903_UTC/hard_tuning/fused_rtl_state_pipeline_qd/seed_1001/openai_gpt-oss-120b/RTLLM/Prob024_fsm/Gen2/Prob024_fsm_sample7_single_thought_operator/code_synthesis_report.metrics.json,/workspace/exp/useful_bd_push/t63_fused_rtl_native_20260623_133903_UTC/hard_tuning/fused_rtl_state_pipeline_qd/seed_1001/openai_gpt-oss-120b/RTLLM/Prob024_fsm/Gen2/Prob024_fsm_sample7_single_thought_operator/qd_archive_event.json,,True,True,True,False,True,True,True,False,True,,0.0,2.0,1.0,0.0,1.0,9.0,1.0,2.833213344056216,0.8125,2.5649493574615367,12.0,3.0,7.0,1.6,2.0,1.3076923076923077,1.0,1.0,1.0,13.0,17.0,28.0,4.41544060971307,5.0,1.0,1.0,1.6071428571428572,28.0,28.0,1.0,0.31510263339650485,0.9667869499488747,2.8903717578961645,0.6931471805599453,3.367295829986474,2.639057329615259,3.0,3.0,0.0,1.0,0.0,0.0,8.0,2.0,1.0,1.0,0.0625,0.39285714285714285,4.0,0.15384615384615385,0.5,1.0,0.17578880639533195,0.0,0.41210559680233405,13.0,15.44343957072451,0.7397042356586445,6.0,0.8333333333333334,5.0,0.0,1201.0,2.0794415416798357,2.3978952727983707,0.0,38.0,34.0,0.21428571428571427,0.75,0.03571428571428571,0.0,0.21428571428571427,0.4642857142857143,0.32142857142857145,0.0,0.14285714285714285,0.14285714285714285,0.03571428571428571,0.6785714285714286,0.42069639369024,0.1875,3.0,0.0,0.0,23.0,1.8262452584026092,0.2,5.0,1.9016094970590274,21.7,16.0,20.0,1.0,1.3125,3.091042453358316
fused_rtl_state_pipeline_qd,RTLLM,Prob024_fsm,combinational,revolution_qd,grid_quantile,fused_rtl_state_pipeline_2d,2,True,generation_log,bc7414ba-e699-415f-ac69-c13e42d0a822,single_thought_operator,0.49167240120946715,0.49167240120946715,0.49167240120946715,success_pool,whole,duplicate_objectives,False,False,"3,3",False,36.0,0.0037,0.21000000000000002,-0.81,-0.2,0.21739130434782608,0.46762589928057546,0.0,,/workspace/exp/useful_bd_push/t63_fused_rtl_native_20260623_133903_UTC/hard_tuning/fused_rtl_state_pipeline_qd/seed_1001/openai_gpt-oss-120b/RTLLM/Prob024_fsm/Gen2/Prob024_fsm_sample9_single_thought_operator,/workspace/exp/useful_bd_push/t63_fused_rtl_native_20260623_133903_UTC/hard_tuning/fused_rtl_state_pipeline_qd/seed_1001/openai_gpt-oss-120b/RTLLM/Prob024_fsm/Gen2/Prob024_fsm_sample4_single_thought_operator/code.sv,/workspace/exp/useful_bd_push/t63_fused_rtl_native_20260623_133903_UTC/hard_tuning/fused_rtl_state_pipeline_qd/seed_1001/openai_gpt-oss-120b/RTLLM/Prob024_fsm/Gen2/Prob024_fsm_sample9_single_thought_operator/code_synthesis_report.metrics.json,/workspace/exp/useful_bd_push/t63_fused_rtl_native_20260623_133903_UTC/hard_tuning/fused_rtl_state_pipeline_qd/seed_1001/openai_gpt-oss-120b/RTLLM/Prob024_fsm/Gen2/Prob024_fsm_sample9_single_thought_operator/qd_archive_event.json,,True,True,True,False,True,True,True,False,True,,0.0,2.0,1.0,0.0,1.0,9.0,1.0,2.9444389791664403,0.7222222222222222,2.5649493574615367,12.0,3.0,7.0,2.0,2.0,1.3076923076923077,1.0,0.0,5.0,13.0,17.0,28.0,4.41544060971307,5.0,1.0,1.0,1.6071428571428572,28.0,28.0,1.0,0.31510263339650435,0.9667869499488747,2.8903717578961645,0.6931471805599453,3.367295829986474,2.639057329615259,3.0,3.0,0.0,1.0,0.0,0.0,8.0,2.0,1.0,0.0,0.0,0.39285714285714285,3.0,0.15384615384615385,0.5,1.0,0.17578880639533195,0.0,0.41210559680233405,13.0,15.44343957072451,0.7397042356586445,6.0,0.8333333333333334,5.0,0.0,973.0,2.0794415416798357,2.3978952727983707,0.0,40.0,34.0,0.21428571428571427,0.75,0.03571428571428571,0.0,0.21428571428571427,0.5,0.2857142857142857,0.0,0.14285714285714285,0.14285714285714285,0.03571428571428571,0.6785714285714286,0.4115660462134843,0.2777777777777778,5.0,0.0,0.0,23.0,1.8262452584026092,0.2,5.0,1.9016094970590274,22.2,18.0,19.0,1.0,1.3888888888888888,3.258096538021482
fused_rtl_state_pipeline_qd,RTLLM,Prob024_fsm,combinational,revolution_qd,grid_quantile,fused_rtl_state_pipeline_2d,2,True,generation_log,19deea01-49c0-46de-b458-4b4cfaf37b46,single_thought_operator,0.5002335522886039,0.5002335522886039,0.5002335522886039,success_pool,whole,filled_empty,True,False,"2,3",True,36.0,0.00373,0.18000000000000002,-0.79,-0.17,0.21739130434782608,0.4633093525179856,0.0,,/workspace/exp/useful_bd_push/t63_fused_rtl_native_20260623_133903_UTC/hard_tuning/fused_rtl_state_pipeline_qd/seed_1001/openai_gpt-oss-120b/RTLLM/Prob024_fsm/Gen2/Prob024_fsm_sample10_single_thought_operator,/workspace/exp/useful_bd_push/t63_fused_rtl_native_20260623_133903_UTC/hard_tuning/fused_rtl_state_pipeline_qd/seed_1001/openai_gpt-oss-120b/RTLLM/Prob024_fsm/Gen2/Prob024_fsm_sample10_single_thought_operator/code.sv,/workspace/exp/useful_bd_push/t63_fused_rtl_native_20260623_133903_UTC/hard_tuning/fused_rtl_state_pipeline_qd/seed_1001/openai_gpt-oss-120b/RTLLM/Prob024_fsm/Gen2/Prob024_fsm_sample10_single_thought_operator/code_synthesis_report.metrics.json,/workspace/exp/useful_bd_push/t63_fused_rtl_native_20260623_133903_UTC/hard_tuning/fused_rtl_state_pipeline_qd/seed_1001/openai_gpt-oss-120b/RTLLM/Prob024_fsm/Gen2/Prob024_fsm_sample10_single_thought_operator/qd_archive_event.json,,True,True,True,False,True,True,True,False,True,,0.0,2.0,1.0,0.0,1.0,12.0,1.0,2.9444389791664403,0.7222222222222222,2.639057329615259,13.0,3.0,8.0,2.25,4.0,1.2857142857142858,1.0,0.0,0.0,14.0,18.0,29.0,4.470549740888593,5.0,1.0,1.0,1.5862068965517242,29.0,29.0,6.0,0.2160758333013197,0.9570237013834427,2.9444389791664403,0.6931471805599453,3.4011973816621555,2.70805020110221,3.0,3.0,0.0,1.0,0.0,0.0,13.0,4.0,1.0,0.0,0.0,0.36666666666666664,3.0,0.14285714285714285,0.5,1.0,0.2016184865043856,0.0,0.3991907567478072,14.0,20.098894017697717,0.7883957840701694,8.0,1.0,8.0,0.0,1400.0,2.8903717578961645,3.044522437723423,0.0,52.0,47.0,0.20689655172413793,0.7586206896551724,0.034482758620689655,0.0,0.20689655172413793,0.4482758620689655,0.3448275862068966,0.0,0.1724137931034483,0.034482758620689655,0.13793103448275862,0.6551724137931034,0.380048899129469,0.2777777777777778,5.0,0.0,0.0,25.0,1.7884504573082896,0.18181818181818182,1.0,1.744262647448874,28.45,18.0,24.0,1.0,1.3888888888888888,3.258096538021482
fused_rtl_state_pipeline_qd,RTLLM,Prob024_fsm,combinational,revolution_qd,grid_quantile,fused_rtl_state_pipeline_2d,2,True,generation_log,e2985283-35d4-4359-b133-025339d76f11,single_thought_operator,0.49167240120946715,0.49167240120946715,0.49167240120946715,success_pool,whole,duplicate_objectives,False,False,"3,3",False,36.0,0.0037,0.21000000000000002,-0.81,-0.2,0.21739130434782608,0.46762589928057546,0.0,,/workspace/exp/useful_bd_push/t63_fused_rtl_native_20260623_133903_UTC/hard_tuning/fused_rtl_state_pipeline_qd/seed_1001/openai_gpt-oss-120b/RTLLM/Prob024_fsm/Gen2/Prob024_fsm_sample11_single_thought_operator,/workspace/exp/useful_bd_push/t63_fused_rtl_native_20260623_133903_UTC/hard_tuning/fused_rtl_state_pipeline_qd/seed_1001/openai_gpt-oss-120b/RTLLM/Prob024_fsm/Gen2/Prob024_fsm_sample4_single_thought_operator/code.sv,/workspace/exp/useful_bd_push/t63_fused_rtl_native_20260623_133903_UTC/hard_tuning/fused_rtl_state_pipeline_qd/seed_1001/openai_gpt-oss-120b/RTLLM/Prob024_fsm/Gen2/Prob024_fsm_sample11_single_thought_operator/code_synthesis_report.metrics.json,/workspace/exp/useful_bd_push/t63_fused_rtl_native_20260623_133903_UTC/hard_tuning/fused_rtl_state_pipeline_qd/seed_1001/openai_gpt-oss-120b/RTLLM/Prob024_fsm/Gen2/Prob024_fsm_sample11_single_thought_operator/qd_archive_event.json,,True,True,True,False,True,True,True,False,True,,0.0,2.0,1.0,0.0,1.0,12.0,1.0,2.9444389791664403,0.7222222222222222,2.5649493574615367,12.0,3.0,7.0,2.0,4.0,1.3076923076923077,1.0,1.0,0.0,13.0,17.0,28.0,4.41544060971307,5.0,1.0,1.0,1.6071428571428572,28.0,28.0,6.0,0.31510263339650524,0.9667869499488745,2.8903717578961645,0.6931471805599453,3.367295829986474,2.639057329615259,3.0,3.0,0.0,1.0,0.0,0.0,13.0,2.0,1.0,0.0,0.0,0.39285714285714285,3.0,0.15384615384615385,0.5,1.0,0.17578880639533195,0.0,0.41210559680233405,13.0,15.44343957072451,0.7397042356586445,6.0,0.8333333333333334,5.0,0.0,1324.0,2.8903717578961645,3.044522437723423,0.0,56.0,51.0,0.21428571428571427,0.75,0.03571428571428571,0.0,0.21428571428571427,0.5,0.2857142857142857,0.0,0.14285714285714285,0.14285714285714285,0.03571428571428571,0.6785714285714286,0.4115660462134844,0.2777777777777778,5.0,0.0,0.0,23.0,1.8262452584026092,0.2,0.0,1.743372658078689,22.95,18.0,22.0,1.0,1.3888888888888888,3.258096538021482
fused_rtl_state_pipeline_qd,RTLLM,Prob024_fsm,combinational,revolution_qd,grid_quantile,fused_rtl_state_pipeline_2d,2,True,generation_log,256f8ecd-adb6-405f-bf01-0862c975878e,single_thought_operator,0.4911927849025128,0.4911927849025128,0.4911927849025128,success_pool,whole,duplicate_objectives,False,False,"1,3",False,36.0,0.00371,0.21000000000000002,-0.81,-0.2,0.21739130434782608,0.4661870503597122,0.0,,/workspace/exp/useful_bd_push/t63_fused_rtl_native_20260623_133903_UTC/hard_tuning/fused_rtl_state_pipeline_qd/seed_1001/openai_gpt-oss-120b/RTLLM/Prob024_fsm/Gen2/Prob024_fsm_sample12_single_thought_operator,/workspace/exp/useful_bd_push/t63_fused_rtl_native_20260623_133903_UTC/hard_tuning/fused_rtl_state_pipeline_qd/seed_1001/openai_gpt-oss-120b/RTLLM/Prob024_fsm/Gen1/Prob024_fsm_sample6_single_thought_operator/code.sv,/workspace/exp/useful_bd_push/t63_fused_rtl_native_20260623_133903_UTC/hard_tuning/fused_rtl_state_pipeline_qd/seed_1001/openai_gpt-oss-120b/RTLLM/Prob024_fsm/Gen2/Prob024_fsm_sample12_single_thought_operator/code_synthesis_report.metrics.json,/workspace/exp/useful_bd_push/t63_fused_rtl_native_20260623_133903_UTC/hard_tuning/fused_rtl_state_pipeline_qd/seed_1001/openai_gpt-oss-120b/RTLLM/Prob024_fsm/Gen2/Prob024_fsm_sample12_single_thought_operator/qd_archive_event.json,,True,True,True,False,True,True,True,False,True,,0.0,2.0,1.0,0.0,1.0,13.0,1.0,2.9444389791664403,0.7222222222222222,2.639057329615259,13.0,2.0,7.0,2.0,4.0,1.2857142857142858,1.0,0.0,1.0,14.0,18.0,29.0,4.470549740888593,5.0,1.0,1.0,1.5862068965517242,29.0,29.0,7.0,0.21607583330131933,0.957023701383443,2.9444389791664403,0.6931471805599453,3.4011973816621555,2.70805020110221,3.0,3.0,0.0,0.0,0.0,0.0,13.0,0.0,1.0,0.0,0.0,0.3333333333333333,3.0,0.14285714285714285,0.5,1.0,0.20212118589504993,0.0,0.39893940705247505,14.0,20.998635576502966,0.7964389743207987,8.0,1.0,8.0,0.0,1766.0,2.8903717578961645,3.044522437723423,0.0,69.0,64.0,0.20689655172413793,0.7586206896551724,0.034482758620689655,0.0,0.20689655172413793,0.5172413793103449,0.27586206896551724,0.0,0.13793103448275862,0.06896551724137931,0.13793103448275862,0.6551724137931034,0.3715174668640895,0.2777777777777778,5.0,0.0,0.0,26.0,1.6893917467430877,0.16666666666666666,0.0,1.4906401825684292,17.95,18.0,22.0,1.0,1.3888888888888888,3.258096538021482
fused_rtl_state_pipeline_qd,RTLLM,Prob024_fsm,combinational,revolution_qd,grid_quantile,fused_rtl_state_pipeline_2d,3,True,generation_log,464d63f6-28e8-427f-a56d-358a91f05cd2,single_thought_operator,0.26551767281826705,0.26551767281826705,0.26551767281826705,success_pool,whole,duplicate_objectives,False,False,"3,0",False,34.0,0.00837,0.26,-0.66,-0.25,0.2608695652173913,-0.2043165467625901,0.0,,/workspace/exp/useful_bd_push/t63_fused_rtl_native_20260623_133903_UTC/hard_tuning/fused_rtl_state_pipeline_qd/seed_1001/openai_gpt-oss-120b/RTLLM/Prob024_fsm/Gen3/Prob024_fsm_sample1_single_thought_operator,/workspace/exp/useful_bd_push/t63_fused_rtl_native_20260623_133903_UTC/hard_tuning/fused_rtl_state_pipeline_qd/seed_1001/openai_gpt-oss-120b/RTLLM/Prob024_fsm/Gen1/Prob024_fsm_sample8_single_thought_operator/code.sv,/workspace/exp/useful_bd_push/t63_fused_rtl_native_20260623_133903_UTC/hard_tuning/fused_rtl_state_pipeline_qd/seed_1001/openai_gpt-oss-120b/RTLLM/Prob024_fsm/Gen3/Prob024_fsm_sample1_single_thought_operator/code_synthesis_report.metrics.json,/workspace/exp/useful_bd_push/t63_fused_rtl_native_20260623_133903_UTC/hard_tuning/fused_rtl_state_pipeline_qd/seed_1001/openai_gpt-oss-120b/RTLLM/Prob024_fsm/Gen3/Prob024_fsm_sample1_single_thought_operator/qd_archive_event.json,,True,True,True,False,True,True,True,False,True,,0.0,2.0,1.0,0.0,1.0,9.0,1.0,2.833213344056216,0.8125,2.5649493574615367,12.0,3.0,7.0,1.6,2.0,1.3076923076923077,1.0,0.0,5.0,13.0,17.0,28.0,4.41544060971307,5.0,1.0,1.0,1.6071428571428572,28.0,28.0,1.0,0.31510263339650485,0.9667869499488747,2.8903717578961645,0.6931471805599453,3.367295829986474,2.639057329615259,3.0,3.0,0.0,1.0,0.0,0.0,8.0,2.0,1.0,1.0,0.0625,0.39285714285714285,4.0,0.15384615384615385,0.5,1.0,0.17578880639533195,0.0,0.41210559680233405,13.0,15.44343957072451,0.7397042356586445,6.0,0.8333333333333334,5.0,0.0,1098.0,2.0794415416798357,2.3978952727983707,0.0,40.0,34.0,0.21428571428571427,0.75,0.03571428571428571,0.0,0.21428571428571427,0.4642857142857143,0.32142857142857145,0.0,0.14285714285714285,0.14285714285714285,0.03571428571428571,0.6785714285714286,0.42069639369024,0.1875,3.0,0.0,0.0,23.0,1.8262452584026092,0.2,5.0,1.9016094970590274,21.7,16.0,20.0,1.0,1.3125,3.091042453358316
fused_rtl_state_pipeline_qd,RTLLM,Prob024_fsm,combinational,revolution_qd,grid_quantile,fused_rtl_state_pipeline_2d,3,True,generation_log,e2ba3bcc-5d3e-4a02-acc8-ed91b95df897,single_thought_operator,0.26551767281826705,0.26551767281826705,0.26551767281826705,success_pool,whole,duplicate_objectives,False,False,"3,0",False,34.0,0.00837,0.26,-0.66,-0.25,0.2608695652173913,-0.2043165467625901,0.0,,/workspace/exp/useful_bd_push/t63_fused_rtl_native_20260623_133903_UTC/hard_tuning/fused_rtl_state_pipeline_qd/seed_1001/openai_gpt-oss-120b/RTLLM/Prob024_fsm/Gen3/Prob024_fsm_sample2_single_thought_operator,/workspace/exp/useful_bd_push/t63_fused_rtl_native_20260623_133903_UTC/hard_tuning/fused_rtl_state_pipeline_qd/seed_1001/openai_gpt-oss-120b/RTLLM/Prob024_fsm/Gen1/Prob024_fsm_sample8_single_thought_operator/code.sv,/workspace/exp/useful_bd_push/t63_fused_rtl_native_20260623_133903_UTC/hard_tuning/fused_rtl_state_pipeline_qd/seed_1001/openai_gpt-oss-120b/RTLLM/Prob024_fsm/Gen3/Prob024_fsm_sample2_single_thought_operator/code_synthesis_report.metrics.json,/workspace/exp/useful_bd_push/t63_fused_rtl_native_20260623_133903_UTC/hard_tuning/fused_rtl_state_pipeline_qd/seed_1001/openai_gpt-oss-120b/RTLLM/Prob024_fsm/Gen3/Prob024_fsm_sample2_single_thought_operator/qd_archive_event.json,,True,True,True,False,True,True,True,False,True,,0.0,2.0,1.0,0.0,1.0,9.0,1.0,2.833213344056216,0.8125,2.5649493574615367,12.0,3.0,7.0,1.6,2.0,1.3076923076923077,1.0,0.0,1.0,13.0,17.0,28.0,4.41544060971307,5.0,1.0,1.0,1.6071428571428572,28.0,28.0,1.0,0.31510263339650485,0.9667869499488747,2.8903717578961645,0.6931471805599453,3.367295829986474,2.639057329615259,3.0,3.0,0.0,1.0,0.0,0.0,8.0,2.0,1.0,1.0,0.0625,0.39285714285714285,4.0,0.15384615384615385,0.5,1.0,0.17578880639533195,0.0,0.41210559680233405,13.0,15.44343957072451,0.7397042356586445,6.0,0.8333333333333334,5.0,0.0,963.0,2.0794415416798357,2.3978952727983707,0.0,39.0,35.0,0.21428571428571427,0.75,0.03571428571428571,0.0,0.21428571428571427,0.4642857142857143,0.32142857142857145,0.0,0.14285714285714285,0.14285714285714285,0.03571428571428571,0.6785714285714286,0.42069639369024,0.1875,3.0,0.0,0.0,23.0,1.8262452584026092,0.2,5.0,1.9016094970590274,21.7,16.0,20.0,1.0,1.3125,3.091042453358316
fused_rtl_state_pipeline_qd,RTLLM,Prob024_fsm,combinational,revolution_qd,grid_quantile,fused_rtl_state_pipeline_2d,3,True,generation_log,0dc3248c-4c61-4c4c-bb70-f0bbde194aa9,single_thought_operator,0.46959128349494317,0.46959128349494317,0.46959128349494317,success_pool,whole,duplicate_objectives,False,False,"3,0",False,29.0,0.00494,0.25,-0.67,-0.24,0.3695652173913043,0.2892086330935251,0.0,,/workspace/exp/useful_bd_push/t63_fused_rtl_native_20260623_133903_UTC/hard_tuning/fused_rtl_state_pipeline_qd/seed_1001/openai_gpt-oss-120b/RTLLM/Prob024_fsm/Gen3/Prob024_fsm_sample3_single_thought_operator,/workspace/exp/useful_bd_push/t63_fused_rtl_native_20260623_133903_UTC/hard_tuning/fused_rtl_state_pipeline_qd/seed_1001/openai_gpt-oss-120b/RTLLM/Prob024_fsm/Gen2/Prob024_fsm_sample2_single_thought_operator/code.sv,/workspace/exp/useful_bd_push/t63_fused_rtl_native_20260623_133903_UTC/hard_tuning/fused_rtl_state_pipeline_qd/seed_1001/openai_gpt-oss-120b/RTLLM/Prob024_fsm/Gen3/Prob024_fsm_sample3_single_thought_operator/code_synthesis_report.metrics.json,/workspace/exp/useful_bd_push/t63_fused_rtl_native_20260623_133903_UTC/hard_tuning/fused_rtl_state_pipeline_qd/seed_1001/openai_gpt-oss-120b/RTLLM/Prob024_fsm/Gen3/Prob024_fsm_sample3_single_thought_operator/qd_archive_event.json,,True,True,True,False,True,True,True,False,True,,0.0,2.0,1.0,0.0,1.0,9.0,1.0,2.833213344056216,0.8125,2.5649493574615367,12.0,3.0,7.0,1.6,2.0,1.3076923076923077,1.0,0.0,1.0,13.0,17.0,28.0,4.41544060971307,5.0,1.0,1.0,1.6071428571428572,28.0,28.0,1.0,0.31510263339650446,0.9667869499488745,2.8903717578961645,0.6931471805599453,3.367295829986474,2.639057329615259,3.0,3.0,0.0,1.0,0.0,0.0,8.0,2.0,1.0,0.0,0.0,0.39285714285714285,4.0,0.15384615384615385,0.5,1.0,0.17578880639533195,0.0,0.41210559680233405,13.0,15.44343957072451,0.7397042356586445,6.0,0.8333333333333334,5.0,0.0,912.0,2.0794415416798357,2.3978952727983707,0.0,40.0,34.0,0.21428571428571427,0.75,0.03571428571428571,0.0,0.21428571428571427,0.5,0.2857142857142857,0.0,0.14285714285714285,0.14285714285714285,0.03571428571428571,0.6785714285714286,0.4115660462134843,0.1875,3.0,0.0,0.0,23.0,1.8262452584026092,0.2,5.0,1.9016094970590274,21.7,16.0,20.0,1.0,1.3125,3.091042453358316
fused_rtl_state_pipeline_qd,RTLLM,Prob024_fsm,combinational,revolution_qd,grid_quantile,fused_rtl_state_pipeline_2d,3,True,generation_log,30bca53a-bc21-4ba2-81fb-c7d64d593547,single_thought_operator,0.5002335522886039,0.5002335522886039,0.5002335522886039,success_pool,whole,duplicate_objectives,False,False,"3,3",False,36.0,0.00373,0.18000000000000002,-0.79,-0.17,0.21739130434782608,0.4633093525179856,0.0,,/workspace/exp/useful_bd_push/t63_fused_rtl_native_20260623_133903_UTC/hard_tuning/fused_rtl_state_pipeline_qd/seed_1001/openai_gpt-oss-120b/RTLLM/Prob024_fsm/Gen3/Prob024_fsm_sample5_single_thought_operator,/workspace/exp/useful_bd_push/t63_fused_rtl_native_20260623_133903_UTC/hard_tuning/fused_rtl_state_pipeline_qd/seed_1001/openai_gpt-oss-120b/RTLLM/Prob024_fsm/Gen1/Prob024_fsm_sample7_single_thought_operator/code.sv,/workspace/exp/useful_bd_push/t63_fused_rtl_native_20260623_133903_UTC/hard_tuning/fused_rtl_state_pipeline_qd/seed_1001/openai_gpt-oss-120b/RTLLM/Prob024_fsm/Gen3/Prob024_fsm_sample5_single_thought_operator/code_synthesis_report.metrics.json,/workspace/exp/useful_bd_push/t63_fused_rtl_native_20260623_133903_UTC/hard_tuning/fused_rtl_state_pipeline_qd/seed_1001/openai_gpt-oss-120b/RTLLM/Prob024_fsm/Gen3/Prob024_fsm_sample5_single_thought_operator/qd_archive_event.json,,True,True,True,False,True,True,True,False,True,,0.0,2.0,1.0,0.0,1.0,12.0,1.0,2.9444389791664403,0.7222222222222222,2.5649493574615367,12.0,3.0,7.0,2.0,4.0,1.3076923076923077,1.0,1.0,5.0,13.0,17.0,28.0,4.41544060971307,5.0,1.0,1.0,1.6071428571428572,28.0,28.0,6.0,0.31510263339650446,0.9667869499488747,2.8903717578961645,0.6931471805599453,3.367295829986474,2.639057329615259,3.0,3.0,0.0,1.0,0.0,0.0,13.0,2.0,1.0,0.0,0.0,0.39285714285714285,3.0,0.15384615384615385,0.5,1.0,0.17578880639533195,0.0,0.41210559680233405,13.0,15.44343957072451,0.7397042356586445,6.0,0.8333333333333334,5.0,0.0,1586.0,2.8903717578961645,3.044522437723423,0.0,55.0,49.0,0.21428571428571427,0.75,0.03571428571428571,0.0,0.21428571428571427,0.4642857142857143,0.32142857142857145,0.0,0.14285714285714285,0.14285714285714285,0.03571428571428571,0.6785714285714286,0.42069639369024003,0.2777777777777778,5.0,0.0,0.0,23.0,1.8262452584026092,0.2,0.0,1.743372658078689,22.95,18.0,19.0,1.0,1.3888888888888888,3.258096538021482
fused_rtl_state_pipeline_qd,RTLLM,Prob024_fsm,combinational,revolution_qd,grid_quantile,fused_rtl_state_pipeline_2d,3,True,generation_log,dccd8c80-7e33-404f-a6df-84a763a04fa7,single_thought_operator,0.4911927849025128,0.4911927849025128,0.4911927849025128,success_pool,whole,duplicate_objectives,False,False,"1,3",False,36.0,0.00371,0.21000000000000002,-0.81,-0.2,0.21739130434782608,0.4661870503597122,0.0,,/workspace/exp/useful_bd_push/t63_fused_rtl_native_20260623_133903_UTC/hard_tuning/fused_rtl_state_pipeline_qd/seed_1001/openai_gpt-oss-120b/RTLLM/Prob024_fsm/Gen3/Prob024_fsm_sample7_single_thought_operator,/workspace/exp/useful_bd_push/t63_fused_rtl_native_20260623_133903_UTC/hard_tuning/fused_rtl_state_pipeline_qd/seed_1001/openai_gpt-oss-120b/RTLLM/Prob024_fsm/Gen1/Prob024_fsm_sample6_single_thought_operator/code.sv,/workspace/exp/useful_bd_push/t63_fused_rtl_native_20260623_133903_UTC/hard_tuning/fused_rtl_state_pipeline_qd/seed_1001/openai_gpt-oss-120b/RTLLM/Prob024_fsm/Gen3/Prob024_fsm_sample7_single_thought_operator/code_synthesis_report.metrics.json,/workspace/exp/useful_bd_push/t63_fused_rtl_native_20260623_133903_UTC/hard_tuning/fused_rtl_state_pipeline_qd/seed_1001/openai_gpt-oss-120b/RTLLM/Prob024_fsm/Gen3/Prob024_fsm_sample7_single_thought_operator/qd_archive_event.json,,True,True,True,False,True,True,True,False,True,,0.0,2.0,1.0,0.0,0.0,13.0,1.0,2.9444389791664403,0.7222222222222222,2.639057329615259,13.0,2.0,7.0,2.0,4.0,1.2857142857142858,1.0,0.0,5.0,14.0,18.0,29.0,4.470549740888593,5.0,1.0,1.0,1.5862068965517242,29.0,29.0,6.0,0.21607583330131933,0.957023701383443,2.9444389791664403,0.6931471805599453,3.4011973816621555,2.70805020110221,3.0,3.0,0.0,0.0,0.0,0.0,14.0,0.0,1.0,0.0,0.0,0.3333333333333333,3.0,0.14285714285714285,0.5,1.0,0.20212118589504993,0.0,0.39893940705247505,14.0,20.998635576502966,0.7964389743207987,8.0,1.0,8.0,0.0,1972.0,2.8903717578961645,3.044522437723423,0.0,65.0,59.0,0.20689655172413793,0.7586206896551724,0.034482758620689655,0.0,0.20689655172413793,0.5172413793103449,0.27586206896551724,0.0,0.13793103448275862,0.06896551724137931,0.13793103448275862,0.6551724137931034,0.3715174668640895,0.2777777777777778,5.0,0.0,0.0,26.0,1.6893917467430877,0.16666666666666666,0.0,1.4618602772540858,18.1,18.0,21.0,1.0,1.3888888888888888,3.258096538021482
fused_rtl_state_pipeline_qd,RTLLM,Prob024_fsm,combinational,revolution_qd,grid_quantile,fused_rtl_state_pipeline_2d,3,True,generation_log,93f3c933-fa8d-4496-9291-ed4ea60ab8e7,single_thought_operator,0.14876238139922837,0.14876238139922837,0.14876238139922837,success_pool,whole,duplicate_objectives,False,False,"1,0",False,38.0,0.0102,0.26,-0.69,-0.25,0.17391304347826086,-0.46762589928057574,0.0,,/workspace/exp/useful_bd_push/t63_fused_rtl_native_20260623_133903_UTC/hard_tuning/fused_rtl_state_pipeline_qd/seed_1001/openai_gpt-oss-120b/RTLLM/Prob024_fsm/Gen3/Prob024_fsm_sample10_single_thought_operator,/workspace/exp/useful_bd_push/t63_fused_rtl_native_20260623_133903_UTC/hard_tuning/fused_rtl_state_pipeline_qd/seed_1001/openai_gpt-oss-120b/RTLLM/Prob024_fsm/Gen1/Prob024_fsm_sample3_single_thought_operator/code.sv,/workspace/exp/useful_bd_push/t63_fused_rtl_native_20260623_133903_UTC/hard_tuning/fused_rtl_state_pipeline_qd/seed_1001/openai_gpt-oss-120b/RTLLM/Prob024_fsm/Gen3/Prob024_fsm_sample10_single_thought_operator/code_synthesis_report.metrics.json,/workspace/exp/useful_bd_push/t63_fused_rtl_native_20260623_133903_UTC/hard_tuning/fused_rtl_state_pipeline_qd/seed_1001/openai_gpt-oss-120b/RTLLM/Prob024_fsm/Gen3/Prob024_fsm_sample10_single_thought_operator/qd_archive_event.json,,True,True,True,False,True,True,True,False,True,,0.0,2.0,1.0,0.0,0.0,13.0,1.0,3.1354942159291497,0.8636363636363636,2.639057329615259,13.0,2.0,7.0,1.6,4.0,1.2857142857142858,1.0,0.0,1.0,14.0,18.0,29.0,4.470549740888592,5.0,1.0,1.0,1.5862068965517242,29.0,29.0,6.0,0.2160758333013198,0.9570237013834427,2.9444389791664403,0.6931471805599453,3.4011973816621555,2.70805020110221,3.0,3.0,0.0,0.0,0.0,0.0,14.0,0.0,1.0,1.0,0.045454545454545456,0.3333333333333333,4.0,0.14285714285714285,0.5,1.0,0.20212118589504993,0.0,0.39893940705247505,14.0,20.998635576502966,0.7964389743207987,8.0,1.0,8.0,0.0,1898.0,2.8903717578961645,3.044522437723423,0.0,74.0,71.0,0.20689655172413793,0.7586206896551724,0.034482758620689655,0.0,0.20689655172413793,0.4827586206896552,0.3103448275862069,0.0,0.13793103448275862,0.06896551724137931,0.13793103448275862,0.6551724137931034,0.38014919644432094,0.13636363636363635,3.0,0.0,0.0,26.0,1.6893917467430877,0.16666666666666666,0.0,1.4618602772540858,17.6,22.0,22.0,1.0,1.2272727272727273,3.332204510175204
fused_rtl_state_pipeline_qd,RTLLM,Prob024_fsm,combinational,revolution_qd,grid_quantile,fused_rtl_state_pipeline_2d,3,True,generation_log,537ca3f6-b833-47d5-a8d3-06e1e2bf8c38,single_thought_operator,0.5002335522886039,0.5002335522886039,0.5002335522886039,success_pool,whole,duplicate_objectives,False,False,"3,3",False,36.0,0.00373,0.18000000000000002,-0.79,-0.17,0.21739130434782608,0.4633093525179856,0.0,,/workspace/exp/useful_bd_push/t63_fused_rtl_native_20260623_133903_UTC/hard_tuning/fused_rtl_state_pipeline_qd/seed_1001/openai_gpt-oss-120b/RTLLM/Prob024_fsm/Gen3/Prob024_fsm_sample11_single_thought_operator,/workspace/exp/useful_bd_push/t63_fused_rtl_native_20260623_133903_UTC/hard_tuning/fused_rtl_state_pipeline_qd/seed_1001/openai_gpt-oss-120b/RTLLM/Prob024_fsm/Gen1/Prob024_fsm_sample7_single_thought_operator/code.sv,/workspace/exp/useful_bd_push/t63_fused_rtl_native_20260623_133903_UTC/hard_tuning/fused_rtl_state_pipeline_qd/seed_1001/openai_gpt-oss-120b/RTLLM/Prob024_fsm/Gen3/Prob024_fsm_sample11_single_thought_operator/code_synthesis_report.metrics.json,/workspace/exp/useful_bd_push/t63_fused_rtl_native_20260623_133903_UTC/hard_tuning/fused_rtl_state_pipeline_qd/seed_1001/openai_gpt-oss-120b/RTLLM/Prob024_fsm/Gen3/Prob024_fsm_sample11_single_thought_operator/qd_archive_event.json,,True,True,True,False,True,True,True,False,True,,0.0,2.0,1.0,0.0,1.0,9.0,1.0,2.9444389791664403,0.7222222222222222,2.5649493574615367,12.0,3.0,7.0,2.0,2.0,1.3076923076923077,1.0,0.0,1.0,13.0,17.0,28.0,4.41544060971307,5.0,1.0,1.0,1.6071428571428572,28.0,28.0,1.0,0.31510263339650424,0.9667869499488745,2.8903717578961645,0.6931471805599453,3.367295829986474,2.639057329615259,3.0,3.0,0.0,1.0,0.0,0.0,8.0,2.0,1.0,0.0,0.0,0.39285714285714285,3.0,0.15384615384615385,0.5,1.0,0.17578880639533195,0.0,0.41210559680233405,13.0,15.44343957072451,0.7397042356586445,6.0,0.8333333333333334,5.0,0.0,925.0,2.0794415416798357,2.3978952727983707,0.0,37.0,33.0,0.21428571428571427,0.75,0.03571428571428571,0.0,0.21428571428571427,0.4642857142857143,0.32142857142857145,0.0,0.14285714285714285,0.14285714285714285,0.03571428571428571,0.6785714285714286,0.42069639369024,0.2777777777777778,5.0,0.0,0.0,23.0,1.8262452584026092,0.2,5.0,1.9016094970590274,22.2,18.0,19.0,1.0,1.3888888888888888,3.258096538021482
fused_rtl_state_pipeline_qd,RTLLM,Prob024_fsm,combinational,revolution_qd,grid_quantile,fused_rtl_state_pipeline_2d,3,True,generation_log,449f7331-264b-4cf3-9bf4-911d4ab60e97,single_thought_operator,0.46959128349494317,0.46959128349494317,0.46959128349494317,success_pool,whole,duplicate_objectives,False,False,"3,0",False,29.0,0.00494,0.25,-0.67,-0.24,0.3695652173913043,0.2892086330935251,0.0,,/workspace/exp/useful_bd_push/t63_fused_rtl_native_20260623_133903_UTC/hard_tuning/fused_rtl_state_pipeline_qd/seed_1001/openai_gpt-oss-120b/RTLLM/Prob024_fsm/Gen3/Prob024_fsm_sample12_single_thought_operator,/workspace/exp/useful_bd_push/t63_fused_rtl_native_20260623_133903_UTC/hard_tuning/fused_rtl_state_pipeline_qd/seed_1001/openai_gpt-oss-120b/RTLLM/Prob024_fsm/Gen2/Prob024_fsm_sample2_single_thought_operator/code.sv,/workspace/exp/useful_bd_push/t63_fused_rtl_native_20260623_133903_UTC/hard_tuning/fused_rtl_state_pipeline_qd/seed_1001/openai_gpt-oss-120b/RTLLM/Prob024_fsm/Gen3/Prob024_fsm_sample12_single_thought_operator/code_synthesis_report.metrics.json,/workspace/exp/useful_bd_push/t63_fused_rtl_native_20260623_133903_UTC/hard_tuning/fused_rtl_state_pipeline_qd/seed_1001/openai_gpt-oss-120b/RTLLM/Prob024_fsm/Gen3/Prob024_fsm_sample12_single_thought_operator/qd_archive_event.json,,True,True,True,False,True,True,True,False,True,,0.0,2.0,1.0,0.0,1.0,12.0,1.0,2.833213344056216,0.8125,2.5649493574615367,12.0,3.0,7.0,1.6,4.0,1.3076923076923077,1.0,0.0,1.0,13.0,17.0,28.0,4.41544060971307,5.0,1.0,1.0,1.6071428571428572,28.0,28.0,6.0,0.3151026333965046,0.9667869499488745,2.8903717578961645,0.6931471805599453,3.367295829986474,2.639057329615259,3.0,3.0,0.0,1.0,0.0,0.0,14.0,2.0,1.0,0.0,0.0,0.39285714285714285,4.0,0.15384615384615385,0.5,1.0,0.17578880639533195,0.0,0.41210559680233405,13.0,15.44343957072451,0.7397042356586445,6.0,0.8333333333333334,5.0,0.0,1846.0,2.8903717578961645,3.044522437723423,0.0,56.0,51.0,0.21428571428571427,0.75,0.03571428571428571,0.0,0.21428571428571427,0.5,0.2857142857142857,0.0,0.14285714285714285,0.14285714285714285,0.03571428571428571,0.6785714285714286,0.4115660462134844,0.1875,3.0,0.0,0.0,23.0,1.8262452584026092,0.2,0.0,1.7116189156267398,22.6,16.0,20.0,1.0,1.3125,3.091042453358316
fused_rtl_state_pipeline_qd,RTLLM,Prob037_parallel2serial,sequential,revolution_qd,grid_quantile,fused_rtl_state_pipeline_2d,0,True,generation_log,cd78ea99-9e8f-4359-a94d-b0796e19c379,initial,-0.0,-0.0,-0.0,initial,whole,warmup_buffered,False,False,warmup:1,True,50.0,0.00453,0.27,-1.59,-0.26,0.0,0.0,0.0,,/workspace/exp/useful_bd_push/t63_fused_rtl_native_20260623_133903_UTC/hard_tuning/fused_rtl_state_pipeline_qd/seed_1001/openai_gpt-oss-120b/RTLLM/Prob037_parallel2serial/Gen0/Prob037_parallel2serial_sample3_initial,/workspace/exp/useful_bd_push/t63_fused_rtl_native_20260623_133903_UTC/hard_tuning/fused_rtl_state_pipeline_qd/seed_1001/openai_gpt-oss-120b/RTLLM/Prob037_parallel2serial/Gen0/Prob037_parallel2serial_sample3_initial/code.sv,/workspace/exp/useful_bd_push/t63_fused_rtl_native_20260623_133903_UTC/hard_tuning/fused_rtl_state_pipeline_qd/seed_1001/openai_gpt-oss-120b/RTLLM/Prob037_parallel2serial/Gen0/Prob037_parallel2serial_sample3_initial/code_synthesis_report.metrics.json,/workspace/exp/useful_bd_push/t63_fused_rtl_native_20260623_133903_UTC/hard_tuning/fused_rtl_state_pipeline_qd/seed_1001/openai_gpt-oss-120b/RTLLM/Prob037_parallel2serial/Gen0/Prob037_parallel2serial_sample3_initial/qd_archive_event.json,,True,True,True,False,True,True,True,False,True,,0.06666666666666667,1.0,1.0,1.0,0.0,16.0,0.0,2.772588722239781,0.5333333333333333,1.9459101490553132,6.0,13.0,2.0,0.2,4.0,1.3,2.0,1.0,0.0,10.0,13.0,25.0,4.405822250285691,4.0,0.0,0.0,1.52,25.0,25.0,2.0,0.11149590017638186,0.904302352706799,2.639057329615259,0.0,3.258096538021482,2.3978952727983707,2.0,2.0,0.0,0.0,0.0,1.0,7.0,1.0,0.0,4.0,0.26666666666666666,0.18181818181818182,14.0,0.3,0.6666666666666666,0.0,0.5133860830720363,0.28592520794624193,0.39009698102306045,10.0,4.508230808689629,0.3277109989548117,5.0,0.8,4.0,0.06666666666666667,1189.0,1.791759469228055,1.791759469228055,0.0,37.0,34.0,0.56,0.16,0.28,0.0,0.56,0.12,0.32,0.0,0.44,0.48,0.0,0.08,0.06509112539613679,0.4666666666666667,7.0,0.0,0.0,21.0,1.721928094887362,0.8333333333333334,0.0,1.4906401825684292,14.05,15.0,16.0,1.0,1.6666666666666667,3.258096538021482
fused_rtl_state_pipeline_qd,RTLLM,Prob037_parallel2serial,sequential,revolution_qd,grid_quantile,fused_rtl_state_pipeline_2d,0,True,generation_log,d33000f6-adc4-43d4-a61e-0ce59992c967,initial,-0.0,-0.0,-0.0,initial,whole,warmup_buffered,False,False,warmup:2,False,50.0,0.00453,0.27,-1.59,-0.26,0.0,0.0,0.0,,/workspace/exp/useful_bd_push/t63_fused_rtl_native_20260623_133903_UTC/hard_tuning/fused_rtl_state_pipeline_qd/seed_1001/openai_gpt-oss-120b/RTLLM/Prob037_parallel2serial/Gen0/Prob037_parallel2serial_sample4_initial,/workspace/exp/useful_bd_push/t63_fused_rtl_native_20260623_133903_UTC/hard_tuning/fused_rtl_state_pipeline_qd/seed_1001/openai_gpt-oss-120b/RTLLM/Prob037_parallel2serial/Gen0/Prob037_parallel2serial_sample4_initial/code.sv,/workspace/exp/useful_bd_push/t63_fused_rtl_native_20260623_133903_UTC/hard_tuning/fused_rtl_state_pipeline_qd/seed_1001/openai_gpt-oss-120b/RTLLM/Prob037_parallel2serial/Gen0/Prob037_parallel2serial_sample4_initial/code_synthesis_report.metrics.json,/workspace/exp/useful_bd_push/t63_fused_rtl_native_20260623_133903_UTC/hard_tuning/fused_rtl_state_pipeline_qd/seed_1001/openai_gpt-oss-120b/RTLLM/Prob037_parallel2serial/Gen0/Prob037_parallel2serial_sample4_initial/qd_archive_event.json,,True,True,True,False,True,True,True,False,True,,0.06666666666666667,1.0,1.0,1.0,0.0,16.0,0.0,2.772588722239781,0.5333333333333333,1.9459101490553132,6.0,13.0,2.0,0.2,4.0,1.3,2.0,0.0,0.0,10.0,13.0,25.0,4.405822250285691,4.0,0.0,0.0,1.52,25.0,25.0,2.0,0.11149590017638232,0.9043023527067989,2.639057329615259,0.0,3.258096538021482,2.3978952727983707,2.0,2.0,0.0,0.0,0.0,1.0,7.0,1.0,0.0,4.0,0.26666666666666666,0.18181818181818182,14.0,0.3,0.6666666666666666,0.0,0.5133860830720363,0.28592520794624193,0.39009698102306045,10.0,4.508230808689629,0.3277109989548117,5.0,0.8,4.0,0.06666666666666667,1285.0,1.791759469228055,1.791759469228055,0.0,36.0,35.0,0.56,0.16,0.28,0.0,0.56,0.12,0.32,0.0,0.44,0.48,0.0,0.08,0.06509112539613679,0.4666666666666667,7.0,0.0,0.0,21.0,1.721928094887362,0.8333333333333334,0.0,1.4906401825684292,14.05,15.0,18.0,1.0,1.6666666666666667,3.258096538021482
fused_rtl_state_pipeline_qd,RTLLM,Prob037_parallel2serial,sequential,revolution_qd,grid_quantile,fused_rtl_state_pipeline_2d,0,True,generation_log,fcf2d20d-1a83-4281-afb8-b5ab8cb89546,initial,-0.0,-0.0,-0.0,initial,whole,warmup_buffered,False,False,warmup:3,True,50.0,0.00453,0.27,-1.59,-0.26,0.0,0.0,0.0,,/workspace/exp/useful_bd_push/t63_fused_rtl_native_20260623_133903_UTC/hard_tuning/fused_rtl_state_pipeline_qd/seed_1001/openai_gpt-oss-120b/RTLLM/Prob037_parallel2serial/Gen0/Prob037_parallel2serial_sample5_initial,/workspace/exp/useful_bd_push/t63_fused_rtl_native_20260623_133903_UTC/hard_tuning/fused_rtl_state_pipeline_qd/seed_1001/openai_gpt-oss-120b/RTLLM/Prob037_parallel2serial/Gen0/Prob037_parallel2serial_sample5_initial/code.sv,/workspace/exp/useful_bd_push/t63_fused_rtl_native_20260623_133903_UTC/hard_tuning/fused_rtl_state_pipeline_qd/seed_1001/openai_gpt-oss-120b/RTLLM/Prob037_parallel2serial/Gen0/Prob037_parallel2serial_sample5_initial/code_synthesis_report.metrics.json,/workspace/exp/useful_bd_push/t63_fused_rtl_native_20260623_133903_UTC/hard_tuning/fused_rtl_state_pipeline_qd/seed_1001/openai_gpt-oss-120b/RTLLM/Prob037_parallel2serial/Gen0/Prob037_parallel2serial_sample5_initial/qd_archive_event.json,,True,True,True,False,True,True,True,False,True,,0.06666666666666667,2.0,1.0,1.0,1.0,16.0,0.0,2.772588722239781,0.5333333333333333,1.791759469228055,5.0,10.0,2.0,0.25,4.0,1.25,1.0,0.0,0.0,8.0,10.0,23.0,4.366729296672174,3.0,0.0,0.0,1.391304347826087,23.0,23.0,2.0,0.08384612209234285,0.8827661908921353,2.3978952727983707,0.0,3.1780538303479458,2.1972245773362196,2.0,2.0,0.0,0.0,0.0,1.0,7.0,1.0,0.0,4.0,0.26666666666666666,0.2222222222222222,11.0,0.125,0.5,1.0,0.10395882295463083,0.0,0.44802058852268456,8.0,5.113434975156258,7.833940760093583e-06,5.0,0.8,4.0,0.06666666666666667,1205.0,1.791759469228055,1.791759469228055,0.0,36.0,34.0,0.5652173913043478,0.17391304347826086,0.2608695652173913,0.0,0.5652173913043478,0.13043478260869565,0.30434782608695654,0.0,0.43478260869565216,0.4782608695652174,0.0,0.08695652173913043,0.055922480546110924,0.4666666666666667,7.0,0.0,0.0,17.0,1.811278124459133,0.8,0.0,1.5783898247235197,12.55,15.0,17.0,1.0,1.6666666666666667,3.258096538021482
fused_rtl_state_pipeline_qd,RTLLM,Prob037_parallel2serial,sequential,revolution_qd,grid_quantile,fused_rtl_state_pipeline_2d,0,True,generation_log,c3c8ce3c-6d9a-4956-8a4c-196a8de8d695,initial,-0.0,-0.0,-0.0,initial,whole,warmup_buffered,False,False,warmup:4,False,50.0,0.00453,0.27,-1.59,-0.26,0.0,0.0,0.0,,/workspace/exp/useful_bd_push/t63_fused_rtl_native_20260623_133903_UTC/hard_tuning/fused_rtl_state_pipeline_qd/seed_1001/openai_gpt-oss-120b/RTLLM/Prob037_parallel2serial/Gen0/Prob037_parallel2serial_sample6_initial,/workspace/exp/useful_bd_push/t63_fused_rtl_native_20260623_133903_UTC/hard_tuning/fused_rtl_state_pipeline_qd/seed_1001/openai_gpt-oss-120b/RTLLM/Prob037_parallel2serial/Gen0/Prob037_parallel2serial_sample6_initial/code.sv,/workspace/exp/useful_bd_push/t63_fused_rtl_native_20260623_133903_UTC/hard_tuning/fused_rtl_state_pipeline_qd/seed_1001/openai_gpt-oss-120b/RTLLM/Prob037_parallel2serial/Gen0/Prob037_parallel2serial_sample6_initial/code_synthesis_report.metrics.json,/workspace/exp/useful_bd_push/t63_fused_rtl_native_20260623_133903_UTC/hard_tuning/fused_rtl_state_pipeline_qd/seed_1001/openai_gpt-oss-120b/RTLLM/Prob037_parallel2serial/Gen0/Prob037_parallel2serial_sample6_initial/qd_archive_event.json,,True,True,True,False,True,True,True,False,True,,0.06666666666666667,2.0,1.0,1.0,1.0,16.0,0.0,2.772588722239781,0.5333333333333333,1.791759469228055,5.0,10.0,2.0,0.25,4.0,1.25,1.0,1.0,0.0,8.0,10.0,23.0,4.366729296672174,3.0,0.0,0.0,1.391304347826087,23.0,23.0,2.0,0.0838461220923424,0.8827661908921353,2.3978952727983707,0.0,3.1780538303479458,2.1972245773362196,2.0,2.0,0.0,0.0,0.0,1.0,7.0,1.0,0.0,4.0,0.26666666666666666,0.2222222222222222,11.0,0.125,0.5,1.0,0.10395882295463083,0.0,0.44802058852268456,8.0,5.113434975156258,7.833940760093583e-06,5.0,0.8,4.0,0.06666666666666667,1172.0,1.791759469228055,1.791759469228055,0.0,36.0,34.0,0.5652173913043478,0.17391304347826086,0.2608695652173913,0.0,0.5652173913043478,0.13043478260869565,0.30434782608695654,0.0,0.43478260869565216,0.4782608695652174,0.0,0.08695652173913043,0.05592248054611096,0.4666666666666667,7.0,0.0,0.0,17.0,1.811278124459133,0.8,0.0,1.5783898247235197,12.55,15.0,16.0,1.0,1.6666666666666667,3.258096538021482
fused_rtl_state_pipeline_qd,RTLLM,Prob037_parallel2serial,sequential,revolution_qd,grid_quantile,fused_rtl_state_pipeline_2d,0,True,generation_log,4e18ac33-9602-472f-9415-22b8df50d3d7,initial,-0.0,-0.0,-0.0,initial,whole,duplicate_objectives,False,False,"1,3",False,50.0,0.00453,0.27,-1.59,-0.26,0.0,0.0,0.0,,/workspace/exp/useful_bd_push/t63_fused_rtl_native_20260623_133903_UTC/hard_tuning/fused_rtl_state_pipeline_qd/seed_1001/openai_gpt-oss-120b/RTLLM/Prob037_parallel2serial/Gen0/Prob037_parallel2serial_sample8_initial,/workspace/exp/useful_bd_push/t63_fused_rtl_native_20260623_133903_UTC/hard_tuning/fused_rtl_state_pipeline_qd/seed_1001/openai_gpt-oss-120b/RTLLM/Prob037_parallel2serial/Gen0/Prob037_parallel2serial_sample5_initial/code.sv,/workspace/exp/useful_bd_push/t63_fused_rtl_native_20260623_133903_UTC/hard_tuning/fused_rtl_state_pipeline_qd/seed_1001/openai_gpt-oss-120b/RTLLM/Prob037_parallel2serial/Gen0/Prob037_parallel2serial_sample8_initial/code_synthesis_report.metrics.json,/workspace/exp/useful_bd_push/t63_fused_rtl_native_20260623_133903_UTC/hard_tuning/fused_rtl_state_pipeline_qd/seed_1001/openai_gpt-oss-120b/RTLLM/Prob037_parallel2serial/Gen0/Prob037_parallel2serial_sample8_initial/qd_archive_event.json,,True,True,True,False,True,True,True,False,True,,0.06666666666666667,1.0,1.0,1.0,1.0,15.0,0.0,2.772588722239781,0.5333333333333333,1.791759469228055,5.0,10.0,2.0,0.25,4.0,1.25,1.0,0.0,0.0,8.0,10.0,23.0,4.366729296672174,3.0,0.0,0.0,1.391304347826087,23.0,23.0,2.0,0.08384612209234285,0.8827661908921353,2.3978952727983707,0.0,3.1780538303479458,2.1972245773362196,2.0,2.0,0.0,0.0,0.0,1.0,7.0,1.0,0.0,4.0,0.26666666666666666,0.2222222222222222,11.0,0.125,0.5,1.0,0.10395882295463083,0.0,0.44802058852268456,8.0,5.113434975156258,7.833940760093583e-06,5.0,0.8,4.0,0.06666666666666667,1277.0,1.791759469228055,1.791759469228055,0.0,35.0,31.0,0.5652173913043478,0.17391304347826086,0.2608695652173913,0.0,0.5652173913043478,0.13043478260869565,0.30434782608695654,0.0,0.43478260869565216,0.4782608695652174,0.0,0.08695652173913043,0.055922480546110924,0.4666666666666667,7.0,0.0,0.0,17.0,1.811278124459133,0.8,0.0,1.5783898247235197,12.55,15.0,15.0,1.0,1.6666666666666667,3.258096538021482
fused_rtl_state_pipeline_qd,RTLLM,Prob037_parallel2serial,sequential,revolution_qd,grid_quantile,fused_rtl_state_pipeline_2d,0,True,generation_log,4dcfa4b9-e4b1-47bb-8740-9bebf60e1f46,initial,-0.0,-0.0,-0.0,initial,whole,duplicate_objectives,False,False,"1,3",False,50.0,0.00453,0.27,-1.59,-0.26,0.0,0.0,0.0,,/workspace/exp/useful_bd_push/t63_fused_rtl_native_20260623_133903_UTC/hard_tuning/fused_rtl_state_pipeline_qd/seed_1001/openai_gpt-oss-120b/RTLLM/Prob037_parallel2serial/Gen0/Prob037_parallel2serial_sample10_initial,/workspace/exp/useful_bd_push/t63_fused_rtl_native_20260623_133903_UTC/hard_tuning/fused_rtl_state_pipeline_qd/seed_1001/openai_gpt-oss-120b/RTLLM/Prob037_parallel2serial/Gen0/Prob037_parallel2serial_sample5_initial/code.sv,/workspace/exp/useful_bd_push/t63_fused_rtl_native_20260623_133903_UTC/hard_tuning/fused_rtl_state_pipeline_qd/seed_1001/openai_gpt-oss-120b/RTLLM/Prob037_parallel2serial/Gen0/Prob037_parallel2serial_sample10_initial/code_synthesis_report.metrics.json,/workspace/exp/useful_bd_push/t63_fused_rtl_native_20260623_133903_UTC/hard_tuning/fused_rtl_state_pipeline_qd/seed_1001/openai_gpt-oss-120b/RTLLM/Prob037_parallel2serial/Gen0/Prob037_parallel2serial_sample10_initial/qd_archive_event.json,,True,True,True,False,True,True,True,False,True,,0.06666666666666667,1.0,1.0,1.0,2.0,16.0,0.0,2.772588722239781,0.5333333333333333,1.791759469228055,5.0,10.0,2.0,0.25,4.0,1.25,1.0,1.0,0.0,8.0,10.0,23.0,4.366729296672174,3.0,0.0,0.0,1.391304347826087,23.0,23.0,2.0,0.08384612209234248,0.8827661908921353,2.3978952727983707,0.0,3.1780538303479458,2.1972245773362196,2.0,2.0,0.0,0.0,0.0,1.0,7.0,1.0,0.0,4.0,0.26666666666666666,0.2222222222222222,11.0,0.125,0.5,1.0,0.10395882295463083,0.0,0.44802058852268456,8.0,5.113434975156258,7.833940760093583e-06,5.0,0.8,4.0,0.06666666666666667,1294.0,1.791759469228055,1.791759469228055,0.0,42.0,38.0,0.5652173913043478,0.17391304347826086,0.2608695652173913,0.0,0.5652173913043478,0.13043478260869565,0.30434782608695654,0.0,0.43478260869565216,0.4782608695652174,0.0,0.08695652173913043,0.055922480546110924,0.4666666666666667,7.0,0.0,0.0,17.0,1.811278124459133,0.8,0.0,1.5783898247235197,12.55,15.0,18.0,1.0,1.6666666666666667,3.258096538021482
fused_rtl_state_pipeline_qd,RTLLM,Prob037_parallel2serial,sequential,revolution_qd,grid_quantile,fused_rtl_state_pipeline_2d,0,True,generation_log,300888af-74b2-4752-9d6d-b5738bc0cd4b,initial,-0.009729376175292272,-0.009729376175292272,-0.009729376175292272,initial,whole,pareto_inserted,True,False,"3,1",True,50.0,0.00483,0.26,-1.52,-0.25,0.0,-0.06622516556291388,0.03703703703703707,,/workspace/exp/useful_bd_push/t63_fused_rtl_native_20260623_133903_UTC/hard_tuning/fused_rtl_state_pipeline_qd/seed_1001/openai_gpt-oss-120b/RTLLM/Prob037_parallel2serial/Gen0/Prob037_parallel2serial_sample12_initial,/workspace/exp/useful_bd_push/t63_fused_rtl_native_20260623_133903_UTC/hard_tuning/fused_rtl_state_pipeline_qd/seed_1001/openai_gpt-oss-120b/RTLLM/Prob037_parallel2serial/Gen0/Prob037_parallel2serial_sample12_initial/code.sv,/workspace/exp/useful_bd_push/t63_fused_rtl_native_20260623_133903_UTC/hard_tuning/fused_rtl_state_pipeline_qd/seed_1001/openai_gpt-oss-120b/RTLLM/Prob037_parallel2serial/Gen0/Prob037_parallel2serial_sample12_initial/code_synthesis_report.metrics.json,/workspace/exp/useful_bd_push/t63_fused_rtl_native_20260623_133903_UTC/hard_tuning/fused_rtl_state_pipeline_qd/seed_1001/openai_gpt-oss-120b/RTLLM/Prob037_parallel2serial/Gen0/Prob037_parallel2serial_sample12_initial/qd_archive_event.json,,True,True,True,False,True,True,True,False,True,,0.13333333333333333,1.0,1.0,2.0,0.0,16.0,0.0,2.772588722239781,0.5333333333333333,1.9459101490553132,6.0,13.0,2.0,0.2,4.0,1.3,2.0,0.0,0.0,10.0,13.0,25.0,4.344588500764085,4.0,0.0,0.0,1.48,25.0,24.0,2.0,0.11814199562489919,0.9054512761779906,2.639057329615259,0.0,3.258096538021482,2.3978952727983707,2.0,2.0,0.0,0.0,0.0,1.0,6.0,1.0,0.0,3.0,0.2,0.18181818181818182,14.0,0.3,0.6666666666666666,0.0,0.5133860830720363,0.28592520794624193,0.39009698102306045,10.0,4.508230808689629,0.3277109989548117,5.0,0.8,4.0,0.06666666666666667,1240.0,1.791759469228055,1.791759469228055,0.0,36.0,35.0,0.56,0.32,0.12,0.0,0.56,0.12,0.32,0.0,0.44,0.44,0.0,0.12,0.15019713032379892,0.4666666666666667,7.0,0.0,0.0,21.0,1.721928094887362,0.8333333333333334,0.0,1.4769092849936092,13.899999999999999,15.0,15.0,1.0,1.7333333333333334,3.295836866004329
fused_rtl_state_pipeline_qd,RTLLM,Prob037_parallel2serial,sequential,revolution_qd,grid_quantile,fused_rtl_state_pipeline_2d,1,True,generation_log,b500dd14-4515-4ff9-9396-763aca62b463,initial,-0.0,-0.0,-0.0,success_pool,whole,duplicate_objectives,False,False,"1,3",False,50.0,0.00453,0.27,-1.59,-0.26,0.0,0.0,0.0,,/workspace/exp/useful_bd_push/t63_fused_rtl_native_20260623_133903_UTC/hard_tuning/fused_rtl_state_pipeline_qd/seed_1001/openai_gpt-oss-120b/RTLLM/Prob037_parallel2serial/Gen1/Prob037_parallel2serial_sample1_initial,/workspace/exp/useful_bd_push/t63_fused_rtl_native_20260623_133903_UTC/hard_tuning/fused_rtl_state_pipeline_qd/seed_1001/openai_gpt-oss-120b/RTLLM/Prob037_parallel2serial/Gen0/Prob037_parallel2serial_sample5_initial/code.sv,/workspace/exp/useful_bd_push/t63_fused_rtl_native_20260623_133903_UTC/hard_tuning/fused_rtl_state_pipeline_qd/seed_1001/openai_gpt-oss-120b/RTLLM/Prob037_parallel2serial/Gen1/Prob037_parallel2serial_sample1_initial/code_synthesis_report.metrics.json,/workspace/exp/useful_bd_push/t63_fused_rtl_native_20260623_133903_UTC/hard_tuning/fused_rtl_state_pipeline_qd/seed_1001/openai_gpt-oss-120b/RTLLM/Prob037_parallel2serial/Gen1/Prob037_parallel2serial_sample1_initial/qd_archive_event.json,,True,True,True,False,True,True,True,False,True,,0.06666666666666667,2.0,1.0,1.0,1.0,16.0,0.0,2.772588722239781,0.5333333333333333,1.791759469228055,5.0,10.0,2.0,0.25,4.0,1.25,1.0,0.0,0.0,8.0,10.0,23.0,4.366729296672174,3.0,0.0,0.0,1.391304347826087,23.0,23.0,2.0,0.0838461220923424,0.8827661908921353,2.3978952727983707,0.0,3.1780538303479458,2.1972245773362196,2.0,2.0,0.0,0.0,0.0,1.0,7.0,1.0,0.0,4.0,0.26666666666666666,0.2222222222222222,11.0,0.125,0.5,1.0,0.10395882295463083,0.0,0.44802058852268456,8.0,5.113434975156258,7.833940760093583e-06,5.0,0.8,4.0,0.06666666666666667,1161.0,1.791759469228055,1.791759469228055,0.0,37.0,33.0,0.5652173913043478,0.17391304347826086,0.2608695652173913,0.0,0.5652173913043478,0.13043478260869565,0.30434782608695654,0.0,0.43478260869565216,0.4782608695652174,0.0,0.08695652173913043,0.05592248054611096,0.4666666666666667,7.0,0.0,0.0,17.0,1.811278124459133,0.8,0.0,1.5783898247235197,12.55,15.0,15.0,1.0,1.6666666666666667,3.258096538021482
fused_rtl_state_pipeline_qd,RTLLM,Prob037_parallel2serial,sequential,revolution_qd,grid_quantile,fused_rtl_state_pipeline_2d,1,True,generation_log,30c80ec6-02d7-480d-b3fe-cc45fdce0b13,initial,-0.0,-0.0,-0.0,success_pool,whole,duplicate_objectives,False,False,"1,3",False,50.0,0.00453,0.27,-1.59,-0.26,0.0,0.0,0.0,,/workspace/exp/useful_bd_push/t63_fused_rtl_native_20260623_133903_UTC/hard_tuning/fused_rtl_state_pipeline_qd/seed_1001/openai_gpt-oss-120b/RTLLM/Prob037_parallel2serial/Gen1/Prob037_parallel2serial_sample2_initial,/workspace/exp/useful_bd_push/t63_fused_rtl_native_20260623_133903_UTC/hard_tuning/fused_rtl_state_pipeline_qd/seed_1001/openai_gpt-oss-120b/RTLLM/Prob037_parallel2serial/Gen0/Prob037_parallel2serial_sample5_initial/code.sv,/workspace/exp/useful_bd_push/t63_fused_rtl_native_20260623_133903_UTC/hard_tuning/fused_rtl_state_pipeline_qd/seed_1001/openai_gpt-oss-120b/RTLLM/Prob037_parallel2serial/Gen1/Prob037_parallel2serial_sample2_initial/code_synthesis_report.metrics.json,/workspace/exp/useful_bd_push/t63_fused_rtl_native_20260623_133903_UTC/hard_tuning/fused_rtl_state_pipeline_qd/seed_1001/openai_gpt-oss-120b/RTLLM/Prob037_parallel2serial/Gen1/Prob037_parallel2serial_sample2_initial/qd_archive_event.json,,True,True,True,False,True,True,True,False,True,,0.06666666666666667,1.0,1.0,1.0,2.0,16.0,0.0,2.772588722239781,0.5333333333333333,1.791759469228055,5.0,10.0,2.0,0.25,4.0,1.25,1.0,1.0,0.0,8.0,10.0,23.0,4.366729296672174,3.0,0.0,0.0,1.391304347826087,23.0,23.0,2.0,0.08384612209234248,0.8827661908921353,2.3978952727983707,0.0,3.1780538303479458,2.1972245773362196,2.0,2.0,0.0,0.0,0.0,1.0,7.0,1.0,0.0,4.0,0.26666666666666666,0.2222222222222222,11.0,0.125,0.5,1.0,0.10395882295463083,0.0,0.44802058852268456,8.0,5.113434975156258,7.833940760093583e-06,5.0,0.8,4.0,0.06666666666666667,1217.0,1.791759469228055,1.791759469228055,0.0,41.0,38.0,0.5652173913043478,0.17391304347826086,0.2608695652173913,0.0,0.5652173913043478,0.13043478260869565,0.30434782608695654,0.0,0.43478260869565216,0.4782608695652174,0.0,0.08695652173913043,0.055922480546110924,0.4666666666666667,7.0,0.0,0.0,17.0,1.811278124459133,0.8,0.0,1.5783898247235197,12.55,15.0,17.0,1.0,1.6666666666666667,3.258096538021482
fused_rtl_state_pipeline_qd,RTLLM,Prob037_parallel2serial,sequential,revolution_qd,grid_quantile,fused_rtl_state_pipeline_2d,1,True,generation_log,f735aaff-a362-4301-b895-6e1c2fe92cd8,single_thought_operator,-0.0,-0.0,-0.0,fail_pool,whole,duplicate_objectives,False,False,"1,3",False,50.0,0.00453,0.27,-1.59,-0.26,0.0,0.0,0.0,,/workspace/exp/useful_bd_push/t63_fused_rtl_native_20260623_133903_UTC/hard_tuning/fused_rtl_state_pipeline_qd/seed_1001/openai_gpt-oss-120b/RTLLM/Prob037_parallel2serial/Gen1/Prob037_parallel2serial_sample5_single_thought_operator,/workspace/exp/useful_bd_push/t63_fused_rtl_native_20260623_133903_UTC/hard_tuning/fused_rtl_state_pipeline_qd/seed_1001/openai_gpt-oss-120b/RTLLM/Prob037_parallel2serial/Gen0/Prob037_parallel2serial_sample5_initial/code.sv,/workspace/exp/useful_bd_push/t63_fused_rtl_native_20260623_133903_UTC/hard_tuning/fused_rtl_state_pipeline_qd/seed_1001/openai_gpt-oss-120b/RTLLM/Prob037_parallel2serial/Gen1/Prob037_parallel2serial_sample5_single_thought_operator/code_synthesis_report.metrics.json,/workspace/exp/useful_bd_push/t63_fused_rtl_native_20260623_133903_UTC/hard_tuning/fused_rtl_state_pipeline_qd/seed_1001/openai_gpt-oss-120b/RTLLM/Prob037_parallel2serial/Gen1/Prob037_parallel2serial_sample5_single_thought_operator/qd_archive_event.json,,True,True,True,False,True,True,True,False,True,,0.06666666666666667,2.0,1.0,1.0,1.0,16.0,0.0,2.772588722239781,0.5333333333333333,1.791759469228055,5.0,10.0,2.0,0.25,4.0,1.25,1.0,0.0,0.0,8.0,10.0,23.0,4.366729296672174,3.0,0.0,0.0,1.391304347826087,23.0,23.0,2.0,0.08384612209234285,0.8827661908921353,2.3978952727983707,0.0,3.1780538303479458,2.1972245773362196,2.0,2.0,0.0,0.0,0.0,1.0,7.0,1.0,0.0,4.0,0.26666666666666666,0.2222222222222222,11.0,0.125,0.5,1.0,0.10395882295463083,0.0,0.44802058852268456,8.0,5.113434975156258,7.833940760093583e-06,5.0,0.8,4.0,0.06666666666666667,1186.0,1.791759469228055,1.791759469228055,0.0,37.0,33.0,0.5652173913043478,0.17391304347826086,0.2608695652173913,0.0,0.5652173913043478,0.13043478260869565,0.30434782608695654,0.0,0.43478260869565216,0.4782608695652174,0.0,0.08695652173913043,0.055922480546110924,0.4666666666666667,7.0,0.0,0.0,17.0,1.811278124459133,0.8,0.0,1.5783898247235197,12.55,15.0,16.0,1.0,1.6666666666666667,3.258096538021482
fused_rtl_state_pipeline_qd,RTLLM,Prob037_parallel2serial,sequential,revolution_qd,grid_quantile,fused_rtl_state_pipeline_2d,1,True,generation_log,545d38aa-1ebf-4907-9b04-2a9b0bf4507a,single_thought_operator,-0.0,-0.0,-0.0,success_pool,whole,duplicate_objectives,False,False,"3,1",False,50.0,0.00453,0.27,-1.59,-0.26,0.0,0.0,0.0,,/workspace/exp/useful_bd_push/t63_fused_rtl_native_20260623_133903_UTC/hard_tuning/fused_rtl_state_pipeline_qd/seed_1001/openai_gpt-oss-120b/RTLLM/Prob037_parallel2serial/Gen1/Prob037_parallel2serial_sample8_single_thought_operator,/workspace/exp/useful_bd_push/t63_fused_rtl_native_20260623_133903_UTC/hard_tuning/fused_rtl_state_pipeline_qd/seed_1001/openai_gpt-oss-120b/RTLLM/Prob037_parallel2serial/Gen0/Prob037_parallel2serial_sample3_initial/code.sv,/workspace/exp/useful_bd_push/t63_fused_rtl_native_20260623_133903_UTC/hard_tuning/fused_rtl_state_pipeline_qd/seed_1001/openai_gpt-oss-120b/RTLLM/Prob037_parallel2serial/Gen1/Prob037_parallel2serial_sample8_single_thought_operator/code_synthesis_report.metrics.json,/workspace/exp/useful_bd_push/t63_fused_rtl_native_20260623_133903_UTC/hard_tuning/fused_rtl_state_pipeline_qd/seed_1001/openai_gpt-oss-120b/RTLLM/Prob037_parallel2serial/Gen1/Prob037_parallel2serial_sample8_single_thought_operator/qd_archive_event.json,,True,True,True,False,True,True,True,False,True,,0.06666666666666667,1.0,1.0,1.0,0.0,16.0,0.0,2.772588722239781,0.5333333333333333,1.9459101490553132,6.0,13.0,2.0,0.2,4.0,1.3,2.0,0.0,0.0,10.0,13.0,25.0,4.405822250285691,4.0,0.0,0.0,1.52,25.0,25.0,2.0,0.11149590017638232,0.9043023527067989,2.639057329615259,0.0,3.258096538021482,2.3978952727983707,2.0,2.0,0.0,0.0,0.0,1.0,7.0,1.0,0.0,4.0,0.26666666666666666,0.18181818181818182,14.0,0.3,0.6666666666666666,0.0,0.5133860830720363,0.28592520794624193,0.39009698102306045,10.0,4.508230808689629,0.3277109989548117,5.0,0.8,4.0,0.06666666666666667,1126.0,1.791759469228055,1.791759469228055,0.0,37.0,34.0,0.56,0.16,0.28,0.0,0.56,0.12,0.32,0.0,0.44,0.48,0.0,0.08,0.06509112539613679,0.4666666666666667,7.0,0.0,0.0,21.0,1.721928094887362,0.8333333333333334,0.0,1.4906401825684292,14.05,15.0,15.0,1.0,1.6666666666666667,3.258096538021482
fused_rtl_state_pipeline_qd,RTLLM,Prob037_parallel2serial,sequential,revolution_qd,grid_quantile,fused_rtl_state_pipeline_2d,2,True,generation_log,5abe697b-7124-4616-9cca-cf349b827514,initial,-0.0,-0.0,-0.0,success_pool,whole,duplicate_objectives,False,False,"3,1",False,50.0,0.00453,0.27,-1.59,-0.26,0.0,0.0,0.0,,/workspace/exp/useful_bd_push/t63_fused_rtl_native_20260623_133903_UTC/hard_tuning/fused_rtl_state_pipeline_qd/seed_1001/openai_gpt-oss-120b/RTLLM/Prob037_parallel2serial/Gen2/Prob037_parallel2serial_sample2_initial,/workspace/exp/useful_bd_push/t63_fused_rtl_native_20260623_133903_UTC/hard_tuning/fused_rtl_state_pipeline_qd/seed_1001/openai_gpt-oss-120b/RTLLM/Prob037_parallel2serial/Gen0/Prob037_parallel2serial_sample3_initial/code.sv,/workspace/exp/useful_bd_push/t63_fused_rtl_native_20260623_133903_UTC/hard_tuning/fused_rtl_state_pipeline_qd/seed_1001/openai_gpt-oss-120b/RTLLM/Prob037_parallel2serial/Gen2/Prob037_parallel2serial_sample2_initial/code_synthesis_report.metrics.json,/workspace/exp/useful_bd_push/t63_fused_rtl_native_20260623_133903_UTC/hard_tuning/fused_rtl_state_pipeline_qd/seed_1001/openai_gpt-oss-120b/RTLLM/Prob037_parallel2serial/Gen2/Prob037_parallel2serial_sample2_initial/qd_archive_event.json,,True,True,True,False,True,True,True,False,True,,0.06666666666666667,1.0,1.0,1.0,0.0,16.0,0.0,2.772588722239781,0.5333333333333333,1.9459101490553132,6.0,13.0,2.0,0.2,4.0,1.3,2.0,1.0,0.0,10.0,13.0,25.0,4.405822250285691,4.0,0.0,0.0,1.52,25.0,25.0,2.0,0.11149590017638186,0.904302352706799,2.639057329615259,0.0,3.258096538021482,2.3978952727983707,2.0,2.0,0.0,0.0,0.0,1.0,7.0,2.0,0.0,4.0,0.26666666666666666,0.18181818181818182,14.0,0.3,0.6666666666666666,0.0,0.5133860830720363,0.28592520794624193,0.39009698102306045,10.0,4.508230808689629,0.3277109989548117,5.0,0.8,4.0,0.06666666666666667,1184.0,1.791759469228055,1.791759469228055,0.0,38.0,35.0,0.56,0.16,0.28,0.0,0.56,0.12,0.32,0.0,0.44,0.48,0.0,0.08,0.06509112539613679,0.4666666666666667,7.0,0.0,0.0,21.0,1.721928094887362,0.8333333333333334,0.0,1.4906401825684292,16.05,15.0,16.0,1.0,1.6666666666666667,3.258096538021482
fused_rtl_state_pipeline_qd,RTLLM,Prob037_parallel2serial,sequential,revolution_qd,grid_quantile,fused_rtl_state_pipeline_2d,2,True,generation_log,d951869f-92d2-4148-9aaf-7c622bee26a8,single_thought_operator,-0.009729376175292272,-0.009729376175292272,-0.009729376175292272,fail_pool,whole,duplicate_objectives,False,False,"3,1",False,50.0,0.00483,0.26,-1.52,-0.25,0.0,-0.06622516556291388,0.03703703703703707,,/workspace/exp/useful_bd_push/t63_fused_rtl_native_20260623_133903_UTC/hard_tuning/fused_rtl_state_pipeline_qd/seed_1001/openai_gpt-oss-120b/RTLLM/Prob037_parallel2serial/Gen2/Prob037_parallel2serial_sample2_single_thought_operator,/workspace/exp/useful_bd_push/t63_fused_rtl_native_20260623_133903_UTC/hard_tuning/fused_rtl_state_pipeline_qd/seed_1001/openai_gpt-oss-120b/RTLLM/Prob037_parallel2serial/Gen0/Prob037_parallel2serial_sample12_initial/code.sv,/workspace/exp/useful_bd_push/t63_fused_rtl_native_20260623_133903_UTC/hard_tuning/fused_rtl_state_pipeline_qd/seed_1001/openai_gpt-oss-120b/RTLLM/Prob037_parallel2serial/Gen2/Prob037_parallel2serial_sample2_single_thought_operator/code_synthesis_report.metrics.json,/workspace/exp/useful_bd_push/t63_fused_rtl_native_20260623_133903_UTC/hard_tuning/fused_rtl_state_pipeline_qd/seed_1001/openai_gpt-oss-120b/RTLLM/Prob037_parallel2serial/Gen2/Prob037_parallel2serial_sample2_single_thought_operator/qd_archive_event.json,,True,True,True,False,True,True,True,False,True,,0.13333333333333333,1.0,1.0,2.0,0.0,16.0,0.0,2.772588722239781,0.5333333333333333,1.9459101490553132,6.0,13.0,2.0,0.2,4.0,1.3,2.0,0.0,0.0,10.0,13.0,25.0,4.344588500764085,4.0,0.0,0.0,1.48,25.0,24.0,2.0,0.11814199562489919,0.9054512761779906,2.639057329615259,0.0,3.258096538021482,2.3978952727983707,2.0,2.0,0.0,0.0,0.0,1.0,6.0,1.0,0.0,3.0,0.2,0.18181818181818182,14.0,0.3,0.6666666666666666,0.0,0.5133860830720363,0.28592520794624193,0.39009698102306045,10.0,4.508230808689629,0.3277109989548117,5.0,0.8,4.0,0.06666666666666667,790.0,1.791759469228055,1.791759469228055,0.0,31.0,30.0,0.56,0.32,0.12,0.0,0.56,0.12,0.32,0.0,0.44,0.44,0.0,0.12,0.15019713032379892,0.4666666666666667,7.0,0.0,0.0,21.0,1.721928094887362,0.8333333333333334,0.0,1.4769092849936092,13.899999999999999,15.0,15.0,1.0,1.7333333333333334,3.295836866004329
fused_rtl_state_pipeline_qd,RTLLM,Prob037_parallel2serial,sequential,revolution_qd,grid_quantile,fused_rtl_state_pipeline_2d,2,True,generation_log,991f7a1b-dce1-4304-abf2-5be2b096050a,single_thought_operator,-0.0,-0.0,-0.0,fail_pool,whole,duplicate_objectives,False,False,"1,3",False,50.0,0.00453,0.27,-1.59,-0.26,0.0,0.0,0.0,,/workspace/exp/useful_bd_push/t63_fused_rtl_native_20260623_133903_UTC/hard_tuning/fused_rtl_state_pipeline_qd/seed_1001/openai_gpt-oss-120b/RTLLM/Prob037_parallel2serial/Gen2/Prob037_parallel2serial_sample3_single_thought_operator,/workspace/exp/useful_bd_push/t63_fused_rtl_native_20260623_133903_UTC/hard_tuning/fused_rtl_state_pipeline_qd/seed_1001/openai_gpt-oss-120b/RTLLM/Prob037_parallel2serial/Gen0/Prob037_parallel2serial_sample5_initial/code.sv,/workspace/exp/useful_bd_push/t63_fused_rtl_native_20260623_133903_UTC/hard_tuning/fused_rtl_state_pipeline_qd/seed_1001/openai_gpt-oss-120b/RTLLM/Prob037_parallel2serial/Gen2/Prob037_parallel2serial_sample3_single_thought_operator/code_synthesis_report.metrics.json,/workspace/exp/useful_bd_push/t63_fused_rtl_native_20260623_133903_UTC/hard_tuning/fused_rtl_state_pipeline_qd/seed_1001/openai_gpt-oss-120b/RTLLM/Prob037_parallel2serial/Gen2/Prob037_parallel2serial_sample3_single_thought_operator/qd_archive_event.json,,True,True,True,False,True,True,True,False,True,,0.06666666666666667,2.0,1.0,1.0,1.0,16.0,0.0,2.772588722239781,0.5333333333333333,1.791759469228055,5.0,10.0,2.0,0.25,4.0,1.25,1.0,0.0,0.0,8.0,10.0,23.0,4.366729296672174,3.0,0.0,0.0,1.391304347826087,23.0,23.0,2.0,0.08384612209234285,0.8827661908921353,2.3978952727983707,0.0,3.1780538303479458,2.1972245773362196,2.0,2.0,0.0,0.0,0.0,1.0,7.0,1.0,0.0,4.0,0.26666666666666666,0.2222222222222222,11.0,0.125,0.5,1.0,0.10395882295463083,0.0,0.44802058852268456,8.0,5.113434975156258,7.833940760093583e-06,5.0,0.8,4.0,0.06666666666666667,1113.0,1.791759469228055,1.791759469228055,0.0,35.0,33.0,0.5652173913043478,0.17391304347826086,0.2608695652173913,0.0,0.5652173913043478,0.13043478260869565,0.30434782608695654,0.0,0.43478260869565216,0.4782608695652174,0.0,0.08695652173913043,0.055922480546110924,0.4666666666666667,7.0,0.0,0.0,17.0,1.811278124459133,0.8,0.0,1.5783898247235197,12.55,15.0,14.0,1.0,1.6666666666666667,3.258096538021482
fused_rtl_state_pipeline_qd,RTLLM,Prob037_parallel2serial,sequential,revolution_qd,grid_quantile,fused_rtl_state_pipeline_2d,3,True,generation_log,0e2b890c-ab26-4679-9932-70749b163f7d,initial,-0.0,-0.0,-0.0,success_pool,whole,duplicate_objectives,False,False,"1,3",False,50.0,0.00453,0.27,-1.59,-0.26,0.0,0.0,0.0,,/workspace/exp/useful_bd_push/t63_fused_rtl_native_20260623_133903_UTC/hard_tuning/fused_rtl_state_pipeline_qd/seed_1001/openai_gpt-oss-120b/RTLLM/Prob037_parallel2serial/Gen3/Prob037_parallel2serial_sample1_initial,/workspace/exp/useful_bd_push/t63_fused_rtl_native_20260623_133903_UTC/hard_tuning/fused_rtl_state_pipeline_qd/seed_1001/openai_gpt-oss-120b/RTLLM/Prob037_parallel2serial/Gen0/Prob037_parallel2serial_sample5_initial/code.sv,/workspace/exp/useful_bd_push/t63_fused_rtl_native_20260623_133903_UTC/hard_tuning/fused_rtl_state_pipeline_qd/seed_1001/openai_gpt-oss-120b/RTLLM/Prob037_parallel2serial/Gen3/Prob037_parallel2serial_sample1_initial/code_synthesis_report.metrics.json,/workspace/exp/useful_bd_push/t63_fused_rtl_native_20260623_133903_UTC/hard_tuning/fused_rtl_state_pipeline_qd/seed_1001/openai_gpt-oss-120b/RTLLM/Prob037_parallel2serial/Gen3/Prob037_parallel2serial_sample1_initial/qd_archive_event.json,,True,True,True,False,True,True,True,False,True,,0.06666666666666667,1.0,1.0,1.0,2.0,16.0,0.0,2.772588722239781,0.5333333333333333,1.791759469228055,5.0,10.0,2.0,0.25,4.0,1.25,1.0,2.0,0.0,8.0,10.0,23.0,4.366729296672174,3.0,0.0,0.0,1.391304347826087,23.0,23.0,2.0,0.08384612209234248,0.8827661908921353,2.3978952727983707,0.0,3.1780538303479458,2.1972245773362196,2.0,2.0,0.0,0.0,0.0,1.0,7.0,1.0,0.0,4.0,0.26666666666666666,0.2222222222222222,11.0,0.125,0.5,1.0,0.10395882295463083,0.0,0.44802058852268456,8.0,5.113434975156258,7.833940760093583e-06,5.0,0.8,4.0,0.06666666666666667,1134.0,1.791759469228055,1.791759469228055,0.0,38.0,36.0,0.5652173913043478,0.17391304347826086,0.2608695652173913,0.0,0.5652173913043478,0.13043478260869565,0.30434782608695654,0.0,0.43478260869565216,0.4782608695652174,0.0,0.08695652173913043,0.055922480546110924,0.4666666666666667,7.0,0.0,0.0,17.0,1.811278124459133,0.8,0.0,1.5783898247235197,12.55,15.0,17.0,1.0,1.6666666666666667,3.258096538021482
fused_rtl_state_pipeline_qd,RTLLM,Prob037_parallel2serial,sequential,revolution_qd,grid_quantile,fused_rtl_state_pipeline_2d,3,True,generation_log,764fbd62-7c42-4b13-ae8a-f09d5eaf3241,single_thought_operator,0.019012345679012357,0.019012345679012357,0.019012345679012357,fail_pool,whole,filled_empty,True,False,"3,3",True,49.0,0.00453,0.26,-1.45,-0.25,0.02,0.0,0.03703703703703707,,/workspace/exp/useful_bd_push/t63_fused_rtl_native_20260623_133903_UTC/hard_tuning/fused_rtl_state_pipeline_qd/seed_1001/openai_gpt-oss-120b/RTLLM/Prob037_parallel2serial/Gen3/Prob037_parallel2serial_sample3_single_thought_operator,/workspace/exp/useful_bd_push/t63_fused_rtl_native_20260623_133903_UTC/hard_tuning/fused_rtl_state_pipeline_qd/seed_1001/openai_gpt-oss-120b/RTLLM/Prob037_parallel2serial/Gen3/Prob037_parallel2serial_sample3_single_thought_operator/code.sv,/workspace/exp/useful_bd_push/t63_fused_rtl_native_20260623_133903_UTC/hard_tuning/fused_rtl_state_pipeline_qd/seed_1001/openai_gpt-oss-120b/RTLLM/Prob037_parallel2serial/Gen3/Prob037_parallel2serial_sample3_single_thought_operator/code_synthesis_report.metrics.json,/workspace/exp/useful_bd_push/t63_fused_rtl_native_20260623_133903_UTC/hard_tuning/fused_rtl_state_pipeline_qd/seed_1001/openai_gpt-oss-120b/RTLLM/Prob037_parallel2serial/Gen3/Prob037_parallel2serial_sample3_single_thought_operator/qd_archive_event.json,,True,True,True,False,True,True,True,False,True,,0.07142857142857142,1.0,1.0,1.0,2.0,11.0,0.0,2.70805020110221,0.5,1.3862943611198906,3.0,9.0,2.0,0.2727272727272727,2.0,1.1428571428571428,2.0,0.0,0.0,7.0,8.0,21.0,4.180002761999778,4.0,0.0,0.0,1.4761904761904763,21.0,21.0,1.0,0.0906363909591836,0.8794587628538362,2.1972245773362196,0.0,3.091042453358316,2.0794415416798357,2.0,2.0,0.0,0.0,0.0,1.0,5.0,3.0,0.0,4.0,0.2857142857142857,0.25,10.0,0.0,0.0,0.0,0.3445707702590415,0.02495318471601258,0.33631275294849183,7.0,6.15157927220728,0.009533081036166013,4.0,0.75,3.0,0.07142857142857142,695.0,1.3862943611198906,1.3862943611198906,0.0,29.0,27.0,0.6666666666666666,0.14285714285714285,0.19047619047619047,0.0,0.6666666666666666,0.14285714285714285,0.19047619047619047,0.0,0.5238095238095238,0.38095238095238093,0.0,0.09523809523809523,0.05962458035798375,0.5,7.0,0.0,0.0,15.0,1.664497779200461,1.6666666666666667,1.0,1.608700165519891,15.75,14.0,17.0,1.0,1.7142857142857142,3.2188758248682006
fused_rtl_state_pipeline_qd,RTLLM,Prob037_parallel2serial,sequential,revolution_qd,grid_quantile,fused_rtl_state_pipeline_2d,3,True,generation_log,1470947c-45d8-455f-8263-b31f6a7e9581,single_thought_operator,0.03256479437494896,0.03256479437494896,0.03256479437494896,success_pool,whole,filled_empty,True,False,"0,3",True,55.0,0.00397,0.25,-1.31,-0.24,-0.1,0.12362030905077276,0.07407407407407414,,/workspace/exp/useful_bd_push/t63_fused_rtl_native_20260623_133903_UTC/hard_tuning/fused_rtl_state_pipeline_qd/seed_1001/openai_gpt-oss-120b/RTLLM/Prob037_parallel2serial/Gen3/Prob037_parallel2serial_sample10_single_thought_operator,/workspace/exp/useful_bd_push/t63_fused_rtl_native_20260623_133903_UTC/hard_tuning/fused_rtl_state_pipeline_qd/seed_1001/openai_gpt-oss-120b/RTLLM/Prob037_parallel2serial/Gen3/Prob037_parallel2serial_sample10_single_thought_operator/code.sv,/workspace/exp/useful_bd_push/t63_fused_rtl_native_20260623_133903_UTC/hard_tuning/fused_rtl_state_pipeline_qd/seed_1001/openai_gpt-oss-120b/RTLLM/Prob037_parallel2serial/Gen3/Prob037_parallel2serial_sample10_single_thought_operator/code_synthesis_report.metrics.json,/workspace/exp/useful_bd_push/t63_fused_rtl_native_20260623_133903_UTC/hard_tuning/fused_rtl_state_pipeline_qd/seed_1001/openai_gpt-oss-120b/RTLLM/Prob037_parallel2serial/Gen3/Prob037_parallel2serial_sample10_single_thought_operator/qd_archive_event.json,,True,True,True,False,True,True,True,False,True,,0.09090909090909091,1.0,2.0,2.0,2.0,17.0,0.0,3.1354942159291497,0.7272727272727273,2.1972245773362196,8.0,10.0,4.0,0.5555555555555556,6.0,1.4,1.0,0.0,0.0,10.0,14.0,54.0,5.589848664813006,4.0,0.0,0.0,1.2222222222222223,54.0,54.0,3.0,0.12159628852677667,0.9350129188285762,2.70805020110221,0.0,4.007333185232471,2.3978952727983707,3.0,3.0,0.0,0.0,0.0,1.0,11.0,4.0,0.0,6.0,0.2727272727272727,0.4090909090909091,8.0,0.4,1.0,1.0,0.13365832971406816,0.0,0.43317083514296595,10.0,10.496609335029905,0.1593666087584238,6.0,0.8333333333333334,5.0,0.045454545454545456,902.0,2.0794415416798357,2.0794415416798357,0.0,32.0,29.0,0.2222222222222222,0.7222222222222222,0.05555555555555555,0.0,0.2222222222222222,0.7222222222222222,0.05555555555555555,0.0,0.18518518518518517,0.05555555555555555,0.037037037037037035,0.7222222222222222,0.31899881446622663,0.2727272727272727,6.0,0.0,0.0,20.0,2.4464393446710155,0.6,1.0,1.7447753260936945,25.65,22.0,14.0,1.0,1.4545454545454546,3.4965075614664802
fused_rtl_state_pipeline_qd,RTLLM,Prob041_traffic_light,combinational,revolution_qd,grid_quantile,fused_rtl_state_pipeline_2d,1,True,generation_log,8b1d8157-1815-4165-8da2-0ed51ff43f43,single_thought_operator,0.020128298232873387,0.020128298232873387,0.020128298232873387,fail_pool,whole,warmup_buffered,False,False,warmup:1,True,176.0,0.0293,0.0,0.0,0.0,-0.03529411764705882,0.09567901234567898,0.0,,/workspace/exp/useful_bd_push/t63_fused_rtl_native_20260623_133903_UTC/hard_tuning/fused_rtl_state_pipeline_qd/seed_1001/openai_gpt-oss-120b/RTLLM/Prob041_traffic_light/Gen1/Prob041_traffic_light_sample1_single_thought_operator,/workspace/exp/useful_bd_push/t63_fused_rtl_native_20260623_133903_UTC/hard_tuning/fused_rtl_state_pipeline_qd/seed_1001/openai_gpt-oss-120b/RTLLM/Prob041_traffic_light/Gen1/Prob041_traffic_light_sample1_single_thought_operator/code.sv,/workspace/exp/useful_bd_push/t63_fused_rtl_native_20260623_133903_UTC/hard_tuning/fused_rtl_state_pipeline_qd/seed_1001/openai_gpt-oss-120b/RTLLM/Prob041_traffic_light/Gen1/Prob041_traffic_light_sample1_single_thought_operator/code_synthesis_report.metrics.json,/workspace/exp/useful_bd_push/t63_fused_rtl_native_20260623_133903_UTC/hard_tuning/fused_rtl_state_pipeline_qd/seed_1001/openai_gpt-oss-120b/RTLLM/Prob041_traffic_light/Gen1/Prob041_traffic_light_sample1_single_thought_operator/qd_archive_event.json,,True,True,True,False,True,True,True,False,True,,0.053763440860215055,2.0,4.0,5.0,0.0,21.0,1.0,4.543294782270004,0.8387096774193549,3.6888794541139363,39.0,34.0,6.0,0.21212121212121213,8.0,2.4318181818181817,3.0,1.0,1.0,44.0,107.0,102.0,6.214330218218806,14.0,0.0,0.0,2.107843137254902,102.0,102.0,5.0,0.10792951496490244,0.9725410929565284,4.68213122712422,0.0,4.634728988229636,3.8066624897703196,4.0,4.0,0.0,1.0,0.0,0.0,18.0,1.0,1.0,2.0,0.021505376344086023,0.32222222222222224,32.0,1.0,0.9444444444444444,0.0,0.8839921791481377,0.3353530155320152,0.3544533534099765,44.0,13.110760376023222,0.6282764089002432,13.0,0.8461538461538461,11.0,0.0,3066.0,2.833213344056216,2.8903717578961645,0.0,94.0,85.0,0.1568627450980392,0.49019607843137253,0.18627450980392157,0.16666666666666666,0.1568627450980392,0.5196078431372549,0.16666666666666666,0.1568627450980392,0.23529411764705882,0.0,0.0,0.7647058823529411,0.36746262487904335,0.16129032258064516,15.0,0.0,0.0,80.0,1.9342758823158044,0.2,0.0,1.6670868817094386,42.7,93.0,27.0,1.0,1.1612903225806452,4.6913478822291435
fused_rtl_state_pipeline_qd,RTLLM,Prob041_traffic_light,combinational,revolution_qd,grid_quantile,fused_rtl_state_pipeline_2d,1,True,generation_log,871da265-5232-4851-881b-eee50d2c50b8,single_thought_operator,-0.041696925683853775,-0.041696925683853775,-0.041696925683853775,fail_pool,whole,warmup_buffered,False,False,warmup:2,True,175.0,0.0355,0.0,0.0,0.0,-0.029411764705882353,-0.09567901234567898,0.0,,/workspace/exp/useful_bd_push/t63_fused_rtl_native_20260623_133903_UTC/hard_tuning/fused_rtl_state_pipeline_qd/seed_1001/openai_gpt-oss-120b/RTLLM/Prob041_traffic_light/Gen1/Prob041_traffic_light_sample3_single_thought_operator,/workspace/exp/useful_bd_push/t63_fused_rtl_native_20260623_133903_UTC/hard_tuning/fused_rtl_state_pipeline_qd/seed_1001/openai_gpt-oss-120b/RTLLM/Prob041_traffic_light/Gen1/Prob041_traffic_light_sample3_single_thought_operator/code.sv,/workspace/exp/useful_bd_push/t63_fused_rtl_native_20260623_133903_UTC/hard_tuning/fused_rtl_state_pipeline_qd/seed_1001/openai_gpt-oss-120b/RTLLM/Prob041_traffic_light/Gen1/Prob041_traffic_light_sample3_single_thought_operator/code_synthesis_report.metrics.json,/workspace/exp/useful_bd_push/t63_fused_rtl_native_20260623_133903_UTC/hard_tuning/fused_rtl_state_pipeline_qd/seed_1001/openai_gpt-oss-120b/RTLLM/Prob041_traffic_light/Gen1/Prob041_traffic_light_sample3_single_thought_operator/qd_archive_event.json,,True,True,True,False,True,True,True,False,True,,0.11494252873563218,1.0,3.0,10.0,1.0,21.0,1.0,4.477336814478207,0.8505747126436781,3.5553480614894135,34.0,33.0,6.0,0.21875,8.0,2.051282051282051,3.0,2.0,1.0,39.0,80.0,96.0,6.16222211811544,14.0,0.0,0.0,1.9375,96.0,96.0,5.0,0.09976461959436767,0.967590237294543,4.394449154672439,0.0,4.574710978503383,3.6888794541139363,5.0,5.0,0.0,1.0,0.0,0.0,18.0,1.0,0.0,0.0,0.0,0.3875,31.0,1.0,0.8666666666666667,0.0,0.8628278985721274,0.229080239635953,0.26624287248342504,39.0,12.737707217525577,0.4941687371456521,14.0,0.9285714285714286,13.0,0.0,2805.0,2.772588722239781,2.772588722239781,0.0,85.0,80.0,0.16666666666666666,0.4791666666666667,0.14583333333333334,0.20833333333333334,0.16666666666666666,0.5416666666666666,0.08333333333333333,0.20833333333333334,0.25,0.0,0.3125,0.4375,0.4247890733894833,0.14942528735632185,13.0,0.0,0.0,70.0,2.0376787484751278,0.24,0.0,1.639125559345165,37.2,87.0,27.0,1.0,1.206896551724138,4.663439094112067
fused_rtl_state_pipeline_qd,RTLLM,Prob041_traffic_light,combinational,revolution_qd,grid_quantile,fused_rtl_state_pipeline_2d,1,True,generation_log,e4c7d382-3a48-427d-aaea-a7a47dc3fa47,single_thought_operator,0.19728879206003389,0.19728879206003389,0.19728879206003389,fail_pool,whole,warmup_buffered,False,False,warmup:3,True,125.0,0.0218,0.0,0.0,0.0,0.2647058823529412,0.32716049382716045,0.0,,/workspace/exp/useful_bd_push/t63_fused_rtl_native_20260623_133903_UTC/hard_tuning/fused_rtl_state_pipeline_qd/seed_1001/openai_gpt-oss-120b/RTLLM/Prob041_traffic_light/Gen1/Prob041_traffic_light_sample4_single_thought_operator,/workspace/exp/useful_bd_push/t63_fused_rtl_native_20260623_133903_UTC/hard_tuning/fused_rtl_state_pipeline_qd/seed_1001/openai_gpt-oss-120b/RTLLM/Prob041_traffic_light/Gen1/Prob041_traffic_light_sample4_single_thought_operator/code.sv,/workspace/exp/useful_bd_push/t63_fused_rtl_native_20260623_133903_UTC/hard_tuning/fused_rtl_state_pipeline_qd/seed_1001/openai_gpt-oss-120b/RTLLM/Prob041_traffic_light/Gen1/Prob041_traffic_light_sample4_single_thought_operator/code_synthesis_report.metrics.json,/workspace/exp/useful_bd_push/t63_fused_rtl_native_20260623_133903_UTC/hard_tuning/fused_rtl_state_pipeline_qd/seed_1001/openai_gpt-oss-120b/RTLLM/Prob041_traffic_light/Gen1/Prob041_traffic_light_sample4_single_thought_operator/qd_archive_event.json,,True,True,True,False,True,True,True,False,True,,0.07692307692307693,3.0,4.0,5.0,3.0,24.0,1.0,4.189654742026425,0.8461538461538461,3.4965075614664802,32.0,17.0,10.0,1.1,10.0,2.1176470588235294,2.0,1.0,1.0,34.0,72.0,112.0,6.299758963140775,13.0,0.0,0.0,1.7946428571428572,112.0,112.0,9.0,0.12402101198415655,0.9709043590882019,4.290459441148391,0.0,4.727387818712341,3.5553480614894135,5.0,5.0,0.0,1.0,0.0,0.0,16.0,3.0,2.0,0.0,0.0,0.4142857142857143,9.0,1.0,1.0,0.0,0.7472380883541179,0.03350900121327475,0.1514201578322043,34.0,22.975923083243703,0.03895235341647174,12.0,0.9166666666666666,11.0,0.0,2755.0,2.4849066497880004,3.091042453358316,0.0,93.0,86.0,0.11607142857142858,0.4107142857142857,0.3392857142857143,0.13392857142857142,0.11607142857142858,0.48214285714285715,0.29464285714285715,0.10714285714285714,0.20535714285714285,0.0,0.2857142857142857,0.5089285714285714,0.49990616821839085,0.15384615384615385,10.0,0.0,0.0,62.0,1.9058824203067126,0.12,0.0,1.9452510580101272,49.9,65.0,31.0,1.0,1.1538461538461537,4.330733340286331
fused_rtl_state_pipeline_qd,RTLLM,Prob041_traffic_light,combinational,revolution_qd,grid_quantile,fused_rtl_state_pipeline_2d,1,True,generation_log,18f2a7a9-e32a-4c63-9af4-f30f31961c78,single_thought_operator,0.3649709513435004,0.3649709513435004,0.3649709513435004,fail_pool,whole,warmup_buffered,False,False,warmup:4,True,151.0,0.000546,0.0,0.0,0.0,0.11176470588235295,0.9831481481481482,0.0,,/workspace/exp/useful_bd_push/t63_fused_rtl_native_20260623_133903_UTC/hard_tuning/fused_rtl_state_pipeline_qd/seed_1001/openai_gpt-oss-120b/RTLLM/Prob041_traffic_light/Gen1/Prob041_traffic_light_sample6_single_thought_operator,/workspace/exp/useful_bd_push/t63_fused_rtl_native_20260623_133903_UTC/hard_tuning/fused_rtl_state_pipeline_qd/seed_1001/openai_gpt-oss-120b/RTLLM/Prob041_traffic_light/Gen1/Prob041_traffic_light_sample6_single_thought_operator/code.sv,/workspace/exp/useful_bd_push/t63_fused_rtl_native_20260623_133903_UTC/hard_tuning/fused_rtl_state_pipeline_qd/seed_1001/openai_gpt-oss-120b/RTLLM/Prob041_traffic_light/Gen1/Prob041_traffic_light_sample6_single_thought_operator/code_synthesis_report.metrics.json,/workspace/exp/useful_bd_push/t63_fused_rtl_native_20260623_133903_UTC/hard_tuning/fused_rtl_state_pipeline_qd/seed_1001/openai_gpt-oss-120b/RTLLM/Prob041_traffic_light/Gen1/Prob041_traffic_light_sample6_single_thought_operator/qd_archive_event.json,,True,True,True,False,True,True,True,False,True,,0.060240963855421686,1.0,3.0,5.0,4.0,21.0,1.0,4.430816798843313,0.8795180722891566,3.044522437723423,20.0,21.0,6.0,0.4117647058823529,8.0,1.9090909090909092,2.0,0.0,3.0,22.0,42.0,103.0,5.966097823486266,9.0,0.0,0.0,1.3786407766990292,103.0,79.0,5.0,0.13912041064886538,0.9649492408651615,3.7612001156935624,0.0,4.6443908991413725,3.1354942159291497,5.0,5.0,0.0,1.0,0.0,0.0,18.0,1.0,0.0,5.0,0.060240963855421686,0.391304347826087,16.0,1.0,1.0,1.0,0.18679922944240843,0.0,0.4066003852787958,22.0,23.5032808901661,0.3012876710785347,8.0,1.0,8.0,0.0,2014.0,2.772588722239781,2.772588722239781,0.0,66.0,62.0,0.1262135922330097,0.4368932038834951,0.038834951456310676,0.39805825242718446,0.1262135922330097,0.4174757281553398,0.019417475728155338,0.4368932038834951,0.22330097087378642,0.0,0.2912621359223301,0.4854368932038835,0.5180606324708238,0.12048192771084337,10.0,0.0,0.0,41.0,2.0031088905778542,0.1875,0.0,1.7869143663436575,32.7,83.0,23.0,1.0,1.1204819277108433,4.543294782270004
fused_rtl_state_pipeline_qd,RTLLM,Prob041_traffic_light,combinational,revolution_qd,grid_quantile,fused_rtl_state_pipeline_2d,1,True,generation_log,832ce16b-537f-4977-8592-0803c09e5b34,single_thought_operator,0.13103364802711204,0.13103364802711204,0.13103364802711204,fail_pool,whole,replaced_elite,True,True,"3,1",True,142.0,0.025,0.0,0.0,0.0,0.16470588235294117,0.22839506172839497,0.0,,/workspace/exp/useful_bd_push/t63_fused_rtl_native_20260623_133903_UTC/hard_tuning/fused_rtl_state_pipeline_qd/seed_1001/openai_gpt-oss-120b/RTLLM/Prob041_traffic_light/Gen1/Prob041_traffic_light_sample8_single_thought_operator,/workspace/exp/useful_bd_push/t63_fused_rtl_native_20260623_133903_UTC/hard_tuning/fused_rtl_state_pipeline_qd/seed_1001/openai_gpt-oss-120b/RTLLM/Prob041_traffic_light/Gen1/Prob041_traffic_light_sample8_single_thought_operator/code.sv,/workspace/exp/useful_bd_push/t63_fused_rtl_native_20260623_133903_UTC/hard_tuning/fused_rtl_state_pipeline_qd/seed_1001/openai_gpt-oss-120b/RTLLM/Prob041_traffic_light/Gen1/Prob041_traffic_light_sample8_single_thought_operator/code_synthesis_report.metrics.json,/workspace/exp/useful_bd_push/t63_fused_rtl_native_20260623_133903_UTC/hard_tuning/fused_rtl_state_pipeline_qd/seed_1001/openai_gpt-oss-120b/RTLLM/Prob041_traffic_light/Gen1/Prob041_traffic_light_sample8_single_thought_operator/qd_archive_event.json,,True,True,True,False,True,True,True,False,True,,0.07936507936507936,1.0,1.0,5.0,4.0,20.0,1.0,4.1588830833596715,0.8095238095238095,2.8903717578961645,17.0,20.0,4.0,0.29411764705882354,8.0,1.5789473684210527,1.0,0.0,1.0,19.0,30.0,83.0,5.596307314753099,4.0,0.0,0.0,1.2048192771084338,83.0,59.0,3.0,0.09542368531888418,0.9544379944838215,3.4339872044851463,0.0,4.430816798843313,2.995732273553991,5.0,5.0,0.0,2.0,0.0,0.0,13.0,4.0,0.0,3.0,0.047619047619047616,0.45,16.0,1.0,1.0,0.0,0.6484582194274077,0.0031464981794999884,0.1778112628932063,19.0,14.733899835891517,8.287770963055774e-05,7.0,1.0,7.0,0.0,2035.0,2.5649493574615367,2.5649493574615367,0.0,65.0,60.0,0.1566265060240964,0.0963855421686747,0.24096385542168675,0.5060240963855421,0.1566265060240964,0.08433734939759036,0.24096385542168675,0.5180722891566265,0.2891566265060241,0.012048192771084338,0.2891566265060241,0.40963855421686746,0.39188495639626564,0.19047619047619047,12.0,0.10526315789473684,0.0,31.0,2.0374011976541118,0.3333333333333333,0.0,1.7083211390478263,29.950000000000003,63.0,25.0,1.0,1.1904761904761905,4.330733340286331
fused_rtl_state_pipeline_qd,RTLLM,Prob041_traffic_light,combinational,revolution_qd,grid_quantile,fused_rtl_state_pipeline_2d,1,True,generation_log,df25cc22-45ba-428c-b7e3-87dc7b148c5c,single_thought_operator,0.13724279835390943,0.13724279835390943,0.13724279835390943,fail_pool,whole,filled_empty,True,False,"3,2",False,153.0,0.0223,0.0,0.0,0.0,0.1,0.31172839506172834,0.0,,/workspace/exp/useful_bd_push/t63_fused_rtl_native_20260623_133903_UTC/hard_tuning/fused_rtl_state_pipeline_qd/seed_1001/openai_gpt-oss-120b/RTLLM/Prob041_traffic_light/Gen1/Prob041_traffic_light_sample9_single_thought_operator,/workspace/exp/useful_bd_push/t63_fused_rtl_native_20260623_133903_UTC/hard_tuning/fused_rtl_state_pipeline_qd/seed_1001/openai_gpt-oss-120b/RTLLM/Prob041_traffic_light/Gen1/Prob041_traffic_light_sample9_single_thought_operator/code.sv,/workspace/exp/useful_bd_push/t63_fused_rtl_native_20260623_133903_UTC/hard_tuning/fused_rtl_state_pipeline_qd/seed_1001/openai_gpt-oss-120b/RTLLM/Prob041_traffic_light/Gen1/Prob041_traffic_light_sample9_single_thought_operator/code_synthesis_report.metrics.json,/workspace/exp/useful_bd_push/t63_fused_rtl_native_20260623_133903_UTC/hard_tuning/fused_rtl_state_pipeline_qd/seed_1001/openai_gpt-oss-120b/RTLLM/Prob041_traffic_light/Gen1/Prob041_traffic_light_sample9_single_thought_operator/qd_archive_event.json,,True,True,True,False,True,True,True,False,True,,0.06329113924050633,2.0,4.0,5.0,0.0,17.0,1.0,4.382026634673881,0.8354430379746836,3.044522437723423,20.0,19.0,6.0,0.4666666666666667,6.0,1.76,3.0,0.0,4.0,25.0,44.0,106.0,5.994804666857774,7.0,0.0,0.0,1.4811320754716981,106.0,82.0,5.0,0.09400994116067884,0.9619366532614552,3.8066624897703196,0.0,4.672828834461906,3.258096538021482,5.0,5.0,0.0,1.0,0.0,0.0,13.0,1.0,1.0,1.0,0.012658227848101266,0.36538461538461536,14.0,1.0,0.8888888888888888,1.0,0.1943529226886433,0.0,0.4028235386556783,25.0,24.947975636154176,0.39506342968495956,9.0,0.8888888888888888,8.0,0.0,2526.0,2.70805020110221,2.8903717578961645,0.0,85.0,81.0,0.1509433962264151,0.41509433962264153,0.04716981132075472,0.3867924528301887,0.1509433962264151,0.42452830188679247,0.02830188679245283,0.39622641509433965,0.22641509433962265,0.0,0.0,0.7735849056603774,0.39097293570580094,0.16455696202531644,13.0,0.0,0.0,48.0,2.062042692015352,0.35294117647058826,0.0,1.8837969850372316,35.95,79.0,30.0,1.0,1.1645569620253164,4.532599493153256
fused_rtl_state_pipeline_qd,RTLLM,Prob041_traffic_light,combinational,revolution_qd,grid_quantile,fused_rtl_state_pipeline_2d,1,True,generation_log,4072cf8f-57d4-4cd8-b721-acbeac3db54d,single_thought_operator,0.020128298232873387,0.020128298232873387,0.020128298232873387,fail_pool,whole,duplicate_objectives,False,False,"2,0",False,176.0,0.0293,0.0,0.0,0.0,-0.03529411764705882,0.09567901234567898,0.0,,/workspace/exp/useful_bd_push/t63_fused_rtl_native_20260623_133903_UTC/hard_tuning/fused_rtl_state_pipeline_qd/seed_1001/openai_gpt-oss-120b/RTLLM/Prob041_traffic_light/Gen1/Prob041_traffic_light_sample10_single_thought_operator,/workspace/exp/useful_bd_push/t63_fused_rtl_native_20260623_133903_UTC/hard_tuning/fused_rtl_state_pipeline_qd/seed_1001/openai_gpt-oss-120b/RTLLM/Prob041_traffic_light/Gen1/Prob041_traffic_light_sample1_single_thought_operator/code.sv,/workspace/exp/useful_bd_push/t63_fused_rtl_native_20260623_133903_UTC/hard_tuning/fused_rtl_state_pipeline_qd/seed_1001/openai_gpt-oss-120b/RTLLM/Prob041_traffic_light/Gen1/Prob041_traffic_light_sample10_single_thought_operator/code_synthesis_report.metrics.json,/workspace/exp/useful_bd_push/t63_fused_rtl_native_20260623_133903_UTC/hard_tuning/fused_rtl_state_pipeline_qd/seed_1001/openai_gpt-oss-120b/RTLLM/Prob041_traffic_light/Gen1/Prob041_traffic_light_sample10_single_thought_operator/qd_archive_event.json,,True,True,True,False,True,True,True,False,True,,0.053763440860215055,1.0,3.0,5.0,1.0,21.0,1.0,4.543294782270004,0.8387096774193549,3.6888794541139363,39.0,34.0,6.0,0.21212121212121213,8.0,2.4318181818181817,3.0,0.0,1.0,44.0,107.0,102.0,6.214330218218806,14.0,0.0,0.0,2.107843137254902,102.0,102.0,5.0,0.10792951496490244,0.9725410929565284,4.68213122712422,0.0,4.634728988229636,3.8066624897703196,4.0,4.0,0.0,1.0,0.0,0.0,18.0,1.0,0.0,2.0,0.021505376344086023,0.32222222222222224,32.0,1.0,0.9444444444444444,0.0,0.8839921791481377,0.3353530155320152,0.3544533534099765,44.0,13.110760376023222,0.6282764089002432,13.0,0.8461538461538461,11.0,0.0,2549.0,2.833213344056216,2.833213344056216,0.0,81.0,78.0,0.1568627450980392,0.49019607843137253,0.18627450980392157,0.16666666666666666,0.1568627450980392,0.5196078431372549,0.16666666666666666,0.1568627450980392,0.23529411764705882,0.0,0.0,0.7647058823529411,0.36746262487904335,0.16129032258064516,15.0,0.0,0.0,80.0,1.9342758823158044,0.2,0.0,1.6268245501455274,37.7,93.0,27.0,1.0,1.1612903225806452,4.6913478822291435
fused_rtl_state_pipeline_qd,RTLLM,Prob041_traffic_light,combinational,revolution_qd,grid_quantile,fused_rtl_state_pipeline_2d,1,True,generation_log,eeb6add9-157d-459d-a21f-da0e9827e11e,single_thought_operator,0.3891321713870733,0.3891321713870733,0.3891321713870733,fail_pool,whole,replaced_elite,True,True,"3,2",True,140.0,0.000294,0.0,0.0,0.0,0.17647058823529413,0.9909259259259259,0.0,,/workspace/exp/useful_bd_push/t63_fused_rtl_native_20260623_133903_UTC/hard_tuning/fused_rtl_state_pipeline_qd/seed_1001/openai_gpt-oss-120b/RTLLM/Prob041_traffic_light/Gen1/Prob041_traffic_light_sample11_single_thought_operator,/workspace/exp/useful_bd_push/t63_fused_rtl_native_20260623_133903_UTC/hard_tuning/fused_rtl_state_pipeline_qd/seed_1001/openai_gpt-oss-120b/RTLLM/Prob041_traffic_light/Gen1/Prob041_traffic_light_sample11_single_thought_operator/code.sv,/workspace/exp/useful_bd_push/t63_fused_rtl_native_20260623_133903_UTC/hard_tuning/fused_rtl_state_pipeline_qd/seed_1001/openai_gpt-oss-120b/RTLLM/Prob041_traffic_light/Gen1/Prob041_traffic_light_sample11_single_thought_operator/code_synthesis_report.metrics.json,/workspace/exp/useful_bd_push/t63_fused_rtl_native_20260623_133903_UTC/hard_tuning/fused_rtl_state_pipeline_qd/seed_1001/openai_gpt-oss-120b/RTLLM/Prob041_traffic_light/Gen1/Prob041_traffic_light_sample11_single_thought_operator/qd_archive_event.json,,True,True,True,False,True,True,True,False,True,,0.07142857142857142,2.0,3.0,5.0,1.0,21.0,2.0,4.2626798770413155,0.8428571428571429,2.5649493574615367,12.0,18.0,5.0,0.375,8.0,1.5714285714285714,1.0,1.0,1.0,14.0,22.0,61.0,5.68315349379478,4.0,0.0,0.0,1.721311475409836,61.0,61.0,3.0,0.146098429924182,0.9513906645174437,3.1354942159291497,0.0,4.127134385045092,2.70805020110221,5.0,5.0,0.0,1.0,0.0,0.0,14.0,2.0,1.0,1.0,0.014285714285714285,0.4,15.0,1.0,1.0,1.0,0.16425905178303107,0.0,0.41787047410848444,14.0,25.361949660274902,0.5239781618618304,6.0,0.8333333333333334,5.0,0.0,2336.0,2.639057329615259,2.70805020110221,0.0,72.0,66.0,0.21311475409836064,0.2459016393442623,0.13114754098360656,0.4098360655737705,0.21311475409836064,0.22950819672131148,0.13114754098360656,0.4262295081967213,0.3770491803278688,0.26229508196721313,0.26229508196721313,0.09836065573770492,0.3571689097146226,0.15714285714285714,11.0,0.0,0.0,27.0,2.120952031026403,0.3,0.0,1.827645982389587,33.1,70.0,26.0,1.0,1.1571428571428573,4.406719247264253
fused_rtl_state_pipeline_qd,RTLLM,Prob041_traffic_light,combinational,revolution_qd,grid_quantile,fused_rtl_state_pipeline_2d,1,True,generation_log,e2c69f80-7cd2-488d-aaa4-befbee5caf5b,single_thought_operator,-0.016448801742919416,-0.016448801742919416,-0.016448801742919416,fail_pool,whole,pareto_inserted,True,False,"2,0",True,202.0,0.0279,0.0,0.0,0.0,-0.18823529411764706,0.1388888888888888,0.0,,/workspace/exp/useful_bd_push/t63_fused_rtl_native_20260623_133903_UTC/hard_tuning/fused_rtl_state_pipeline_qd/seed_1001/openai_gpt-oss-120b/RTLLM/Prob041_traffic_light/Gen1/Prob041_traffic_light_sample12_single_thought_operator,/workspace/exp/useful_bd_push/t63_fused_rtl_native_20260623_133903_UTC/hard_tuning/fused_rtl_state_pipeline_qd/seed_1001/openai_gpt-oss-120b/RTLLM/Prob041_traffic_light/Gen1/Prob041_traffic_light_sample12_single_thought_operator/code.sv,/workspace/exp/useful_bd_push/t63_fused_rtl_native_20260623_133903_UTC/hard_tuning/fused_rtl_state_pipeline_qd/seed_1001/openai_gpt-oss-120b/RTLLM/Prob041_traffic_light/Gen1/Prob041_traffic_light_sample12_single_thought_operator/code_synthesis_report.metrics.json,/workspace/exp/useful_bd_push/t63_fused_rtl_native_20260623_133903_UTC/hard_tuning/fused_rtl_state_pipeline_qd/seed_1001/openai_gpt-oss-120b/RTLLM/Prob041_traffic_light/Gen1/Prob041_traffic_light_sample12_single_thought_operator/qd_archive_event.json,,True,True,True,False,True,True,True,False,True,,0.052083333333333336,1.0,6.0,5.0,0.0,21.0,1.0,4.574710978503383,0.84375,3.6888794541139363,39.0,48.0,6.0,0.14893617021276595,8.0,2.4318181818181817,3.0,0.0,1.0,44.0,107.0,102.0,6.214330218218807,14.0,0.0,0.0,2.107843137254902,102.0,102.0,6.0,0.10792951496490291,0.9725410929565284,4.68213122712422,0.0,4.634728988229636,3.8066624897703196,4.0,4.0,0.0,1.0,0.0,0.0,21.0,1.0,0.0,3.0,0.03125,0.32222222222222224,46.0,1.0,0.9444444444444444,0.0,0.8850646529590973,0.3375935819439611,0.35625981996490186,44.0,13.081351168976482,0.6325663041440814,13.0,0.8461538461538461,11.0,0.0,3065.0,2.833213344056216,2.833213344056216,0.0,93.0,91.0,0.1568627450980392,0.49019607843137253,0.20588235294117646,0.14705882352941177,0.1568627450980392,0.5196078431372549,0.16666666666666666,0.1568627450980392,0.23529411764705882,0.0,0.0,0.7647058823529411,0.39385508606320757,0.15625,15.0,0.0,0.0,80.0,1.9342758823158044,0.2,0.0,1.5851566885007258,51.150000000000006,96.0,27.0,1.0,1.15625,4.718498871295094
fused_rtl_state_pipeline_qd,RTLLM,Prob041_traffic_light,combinational,revolution_qd,grid_quantile,fused_rtl_state_pipeline_2d,2,True,generation_log,dd0b738b-5c72-46d6-b71c-72bcd277a7fb,single_thought_operator,0.131517792302106,0.131517792302106,0.131517792302106,success_pool,whole,filled_empty,True,False,"0,2",True,147.0,0.024,0.0,0.0,0.0,0.13529411764705881,0.2592592592592592,0.0,,/workspace/exp/useful_bd_push/t63_fused_rtl_native_20260623_133903_UTC/hard_tuning/fused_rtl_state_pipeline_qd/seed_1001/openai_gpt-oss-120b/RTLLM/Prob041_traffic_light/Gen2/Prob041_traffic_light_sample1_single_thought_operator,/workspace/exp/useful_bd_push/t63_fused_rtl_native_20260623_133903_UTC/hard_tuning/fused_rtl_state_pipeline_qd/seed_1001/openai_gpt-oss-120b/RTLLM/Prob041_traffic_light/Gen2/Prob041_traffic_light_sample1_single_thought_operator/code.sv,/workspace/exp/useful_bd_push/t63_fused_rtl_native_20260623_133903_UTC/hard_tuning/fused_rtl_state_pipeline_qd/seed_1001/openai_gpt-oss-120b/RTLLM/Prob041_traffic_light/Gen2/Prob041_traffic_light_sample1_single_thought_operator/code_synthesis_report.metrics.json,/workspace/exp/useful_bd_push/t63_fused_rtl_native_20260623_133903_UTC/hard_tuning/fused_rtl_state_pipeline_qd/seed_1001/openai_gpt-oss-120b/RTLLM/Prob041_traffic_light/Gen2/Prob041_traffic_light_sample1_single_thought_operator/qd_archive_event.json,,True,True,True,False,True,True,True,False,True,,0.0641025641025641,1.0,3.0,5.0,4.0,21.0,1.0,4.3694478524670215,0.8717948717948718,3.1354942159291497,22.0,21.0,6.0,0.4117647058823529,8.0,2.0,2.0,0.0,1.0,24.0,48.0,82.0,6.0132098593275884,9.0,0.0,0.0,1.8170731707317074,82.0,82.0,5.0,0.14323044504038324,0.9642042089831016,3.8918202981106265,0.0,4.418840607796598,3.2188758248682006,4.0,4.0,0.0,1.0,0.0,0.0,18.0,1.0,0.0,1.0,0.01282051282051282,0.4,16.0,1.0,1.0,1.0,0.18542223684010695,0.0,0.4072888815799465,24.0,23.131609792018736,0.21675578944171103,11.0,1.0,11.0,0.0,1974.0,2.772588722239781,2.772588722239781,0.0,66.0,62.0,0.15853658536585366,0.5487804878048781,0.15853658536585366,0.13414634146341464,0.15853658536585366,0.5365853658536586,0.14634146341463414,0.15853658536585366,0.2804878048780488,0.0,0.36585365853658536,0.35365853658536583,0.504119539819721,0.1282051282051282,10.0,0.0,0.0,45.0,1.9653472755846204,0.16666666666666666,0.0,1.7869143663436575,32.7,78.0,26.0,1.0,1.1282051282051282,4.48863636973214
fused_rtl_state_pipeline_qd,RTLLM,Prob041_traffic_light,combinational,revolution_qd,grid_quantile,fused_rtl_state_pipeline_2d,2,True,generation_log,c0266de7-5c52-4c8d-86ed-88c28f0d361f,single_thought_operator,0.40382050351004595,0.40382050351004595,0.40382050351004595,success_pool,whole,replaced_elite,True,True,"3,2",False,132.0,0.000391,0.0,0.0,0.0,0.2235294117647059,0.987932098765432,0.0,,/workspace/exp/useful_bd_push/t63_fused_rtl_native_20260623_133903_UTC/hard_tuning/fused_rtl_state_pipeline_qd/seed_1001/openai_gpt-oss-120b/RTLLM/Prob041_traffic_light/Gen2/Prob041_traffic_light_sample2_single_thought_operator,/workspace/exp/useful_bd_push/t63_fused_rtl_native_20260623_133903_UTC/hard_tuning/fused_rtl_state_pipeline_qd/seed_1001/openai_gpt-oss-120b/RTLLM/Prob041_traffic_light/Gen2/Prob041_traffic_light_sample2_single_thought_operator/code.sv,/workspace/exp/useful_bd_push/t63_fused_rtl_native_20260623_133903_UTC/hard_tuning/fused_rtl_state_pipeline_qd/seed_1001/openai_gpt-oss-120b/RTLLM/Prob041_traffic_light/Gen2/Prob041_traffic_light_sample2_single_thought_operator/code_synthesis_report.metrics.json,/workspace/exp/useful_bd_push/t63_fused_rtl_native_20260623_133903_UTC/hard_tuning/fused_rtl_state_pipeline_qd/seed_1001/openai_gpt-oss-120b/RTLLM/Prob041_traffic_light/Gen2/Prob041_traffic_light_sample2_single_thought_operator/qd_archive_event.json,,True,True,True,False,True,True,True,False,True,,0.07575757575757576,1.0,1.0,5.0,4.0,20.0,1.0,4.204692619390966,0.8333333333333334,2.70805020110221,14.0,18.0,4.0,0.3333333333333333,8.0,1.5,1.0,0.0,3.0,16.0,24.0,80.0,5.525560289532869,4.0,0.0,0.0,1.1625,80.0,56.0,3.0,0.11085992897396707,0.9501526392627461,3.2188758248682006,0.0,4.394449154672439,2.833213344056216,4.0,5.0,1.0,2.0,0.0,0.0,12.0,4.0,0.0,2.0,0.030303030303030304,0.4117647058823529,14.0,1.0,1.0,1.0,0.16418729366120852,0.0,0.41790635316939573,16.0,21.615045867533247,0.20199669857933644,8.0,0.875,7.0,0.0,1716.0,2.4849066497880004,2.4849066497880004,0.0,58.0,54.0,0.1625,0.2125,0.1,0.525,0.1625,0.175,0.1375,0.525,0.2875,0.0,0.3,0.4125,0.4721444601609262,0.16666666666666666,11.0,0.0625,0.0,27.0,2.1084585933443494,0.375,0.0,1.7478803917204229,28.799999999999997,66.0,23.0,1.0,1.1666666666666667,4.356708826689592
fused_rtl_state_pipeline_qd,RTLLM,Prob041_traffic_light,combinational,revolution_qd,grid_quantile,fused_rtl_state_pipeline_2d,2,True,generation_log,d81cdca6-1a70-468a-b3ea-363064e7d775,single_thought_operator,0.12804405712902442,0.12804405712902442,0.12804405712902442,success_pool,whole,pareto_inserted,True,False,"1,2",True,143.0,0.0251,0.0,0.0,0.0,0.1588235294117647,0.2253086419753086,0.0,,/workspace/exp/useful_bd_push/t63_fused_rtl_native_20260623_133903_UTC/hard_tuning/fused_rtl_state_pipeline_qd/seed_1001/openai_gpt-oss-120b/RTLLM/Prob041_traffic_light/Gen2/Prob041_traffic_light_sample6_single_thought_operator,/workspace/exp/useful_bd_push/t63_fused_rtl_native_20260623_133903_UTC/hard_tuning/fused_rtl_state_pipeline_qd/seed_1001/openai_gpt-oss-120b/RTLLM/Prob041_traffic_light/Gen2/Prob041_traffic_light_sample6_single_thought_operator/code.sv,/workspace/exp/useful_bd_push/t63_fused_rtl_native_20260623_133903_UTC/hard_tuning/fused_rtl_state_pipeline_qd/seed_1001/openai_gpt-oss-120b/RTLLM/Prob041_traffic_light/Gen2/Prob041_traffic_light_sample6_single_thought_operator/code_synthesis_report.metrics.json,/workspace/exp/useful_bd_push/t63_fused_rtl_native_20260623_133903_UTC/hard_tuning/fused_rtl_state_pipeline_qd/seed_1001/openai_gpt-oss-120b/RTLLM/Prob041_traffic_light/Gen2/Prob041_traffic_light_sample6_single_thought_operator/qd_archive_event.json,,True,True,True,False,True,True,True,False,True,,0.06578947368421052,2.0,4.0,5.0,3.0,22.0,1.0,4.343805421853684,0.868421052631579,3.044522437723423,20.0,21.0,6.0,0.4117647058823529,8.0,1.9090909090909092,2.0,0.0,1.0,22.0,42.0,79.0,5.966097823486266,9.0,0.0,0.0,1.7974683544303798,79.0,79.0,5.0,0.13912041064886538,0.9649492408651615,3.7612001156935624,0.0,4.382026634673881,3.1354942159291497,5.0,5.0,0.0,1.0,0.0,0.0,18.0,1.0,1.0,2.0,0.02631578947368421,0.41304347826086957,16.0,1.0,1.0,1.0,0.18679922944240843,0.0,0.4066003852787958,22.0,23.5032808901661,0.3012876710785347,8.0,1.0,8.0,0.0,2067.0,2.772588722239781,2.833213344056216,0.0,72.0,67.0,0.16455696202531644,0.5443037974683544,0.05063291139240506,0.24050632911392406,0.16455696202531644,0.5949367088607594,0.0,0.24050632911392406,0.2911392405063291,0.0,0.379746835443038,0.3291139240506329,0.5182177358555373,0.13157894736842105,10.0,0.0,0.0,42.0,1.9623544836578652,0.17647058823529413,0.0,1.827714371601874,37.7,76.0,26.0,1.0,1.131578947368421,4.465908118654584
fused_rtl_state_pipeline_qd,RTLLM,Prob041_traffic_light,combinational,revolution_qd,grid_quantile,fused_rtl_state_pipeline_2d,2,True,generation_log,603a93ca-ae17-4304-9f76-a52c6078e5fb,single_thought_operator,-0.07724521907528448,-0.07724521907528448,-0.07724521907528448,success_pool,whole,crowding_evicted,False,False,"3,1",False,201.0,0.034,0.0,0.0,0.0,-0.18235294117647058,-0.049382716049382845,0.0,,/workspace/exp/useful_bd_push/t63_fused_rtl_native_20260623_133903_UTC/hard_tuning/fused_rtl_state_pipeline_qd/seed_1001/openai_gpt-oss-120b/RTLLM/Prob041_traffic_light/Gen2/Prob041_traffic_light_sample7_single_thought_operator,/workspace/exp/useful_bd_push/t63_fused_rtl_native_20260623_133903_UTC/hard_tuning/fused_rtl_state_pipeline_qd/seed_1001/openai_gpt-oss-120b/RTLLM/Prob041_traffic_light/Gen1/Prob041_traffic_light_sample8_single_thought_operator/code.sv,/workspace/exp/useful_bd_push/t63_fused_rtl_native_20260623_133903_UTC/hard_tuning/fused_rtl_state_pipeline_qd/seed_1001/openai_gpt-oss-120b/RTLLM/Prob041_traffic_light/Gen2/Prob041_traffic_light_sample7_single_thought_operator/code_synthesis_report.metrics.json,/workspace/exp/useful_bd_push/t63_fused_rtl_native_20260623_133903_UTC/hard_tuning/fused_rtl_state_pipeline_qd/seed_1001/openai_gpt-oss-120b/RTLLM/Prob041_traffic_light/Gen2/Prob041_traffic_light_sample7_single_thought_operator/qd_archive_event.json,,True,True,True,False,True,True,True,False,True,,0.05263157894736842,1.0,3.0,5.0,1.0,21.0,1.0,4.564348191467836,0.8421052631578947,3.6375861597263857,37.0,31.0,6.0,0.23333333333333334,8.0,2.4523809523809526,3.0,1.0,1.0,42.0,103.0,100.0,6.164654265415907,11.0,0.0,0.0,2.11,100.0,100.0,6.0,0.1000823265569258,0.9722980267115504,4.6443908991413725,0.0,4.61512051684126,3.7612001156935624,4.0,4.0,0.0,1.0,0.0,0.0,18.0,1.0,0.0,7.0,0.07368421052631578,0.3372093023255814,29.0,1.0,0.8666666666666667,0.0,0.9114180530507732,0.24196522564535256,0.26482244833829166,42.0,15.626415365126492,0.7742436407745215,14.0,0.7857142857142857,11.0,0.0,2823.0,2.833213344056216,2.833213344056216,0.0,87.0,83.0,0.16,0.51,0.16,0.17,0.16,0.55,0.12,0.17,0.24,0.0,0.04,0.72,0.3739791077752036,0.15789473684210525,15.0,0.0,0.0,74.0,1.9839779803810735,0.23076923076923078,0.0,1.6639413857271776,36.2,95.0,30.0,1.0,1.1578947368421053,4.709530201312334
fused_rtl_state_pipeline_qd,RTLLM,Prob041_traffic_light,combinational,revolution_qd,grid_quantile,fused_rtl_state_pipeline_2d,2,True,generation_log,b7c5df0e-0cb4-493f-8003-45eae4b01414,single_thought_operator,0.3086056644880174,0.3086056644880174,0.3086056644880174,success_pool,whole,replaced_elite,True,True,"0,2",False,159.0,0.0045,0.0,0.0,0.0,0.06470588235294118,0.861111111111111,0.0,,/workspace/exp/useful_bd_push/t63_fused_rtl_native_20260623_133903_UTC/hard_tuning/fused_rtl_state_pipeline_qd/seed_1001/openai_gpt-oss-120b/RTLLM/Prob041_traffic_light/Gen2/Prob041_traffic_light_sample10_single_thought_operator,/workspace/exp/useful_bd_push/t63_fused_rtl_native_20260623_133903_UTC/hard_tuning/fused_rtl_state_pipeline_qd/seed_1001/openai_gpt-oss-120b/RTLLM/Prob041_traffic_light/Gen2/Prob041_traffic_light_sample10_single_thought_operator/code.sv,/workspace/exp/useful_bd_push/t63_fused_rtl_native_20260623_133903_UTC/hard_tuning/fused_rtl_state_pipeline_qd/seed_1001/openai_gpt-oss-120b/RTLLM/Prob041_traffic_light/Gen2/Prob041_traffic_light_sample10_single_thought_operator/code_synthesis_report.metrics.json,/workspace/exp/useful_bd_push/t63_fused_rtl_native_20260623_133903_UTC/hard_tuning/fused_rtl_state_pipeline_qd/seed_1001/openai_gpt-oss-120b/RTLLM/Prob041_traffic_light/Gen2/Prob041_traffic_light_sample10_single_thought_operator/qd_archive_event.json,,True,True,True,False,True,True,True,False,True,,0.0641025641025641,1.0,3.0,5.0,4.0,21.0,1.0,4.3694478524670215,0.8461538461538461,3.2188758248682006,24.0,23.0,6.0,0.3684210526315789,8.0,2.1538461538461537,2.0,0.0,4.0,26.0,56.0,84.0,6.024968289407156,9.0,0.0,0.0,1.880952380952381,84.0,84.0,6.0,0.13750047828521733,0.9672485960184403,4.04305126783455,0.0,4.442651256490317,3.295836866004329,4.0,4.0,0.0,1.0,0.0,0.0,19.0,1.0,0.0,0.0,0.0,0.42592592592592593,18.0,1.0,1.0,1.0,0.1804449141151267,0.0,0.4097775429424366,26.0,20.643304792446603,0.07461862584202705,9.0,1.0,9.0,0.0,2210.0,2.833213344056216,2.833213344056216,0.0,71.0,67.0,0.15476190476190477,0.5357142857142857,0.13095238095238096,0.17857142857142858,0.15476190476190477,0.5952380952380952,0.11904761904761904,0.13095238095238096,0.27380952380952384,0.0,0.0,0.7261904761904762,0.4500346132974886,0.15384615384615385,12.0,0.0,0.0,48.0,1.9762504326291526,0.15789473684210525,0.0,1.7578010594635955,33.85,78.0,26.0,1.0,1.1538461538461537,4.51085950651685
fused_rtl_state_pipeline_qd,RTLLM,Prob041_traffic_light,combinational,revolution_qd,grid_quantile,fused_rtl_state_pipeline_2d,2,True,generation_log,1680fcdc-4b73-4e81-a287-9dca4908a75c,single_thought_operator,0.3950042362624062,0.3950042362624062,0.3950042362624062,success_pool,whole,replaced_elite,True,True,"0,2",True,137.0,0.000295,0.0,0.0,0.0,0.19411764705882353,0.9908950617283951,0.0,,/workspace/exp/useful_bd_push/t63_fused_rtl_native_20260623_133903_UTC/hard_tuning/fused_rtl_state_pipeline_qd/seed_1001/openai_gpt-oss-120b/RTLLM/Prob041_traffic_light/Gen2/Prob041_traffic_light_sample11_single_thought_operator,/workspace/exp/useful_bd_push/t63_fused_rtl_native_20260623_133903_UTC/hard_tuning/fused_rtl_state_pipeline_qd/seed_1001/openai_gpt-oss-120b/RTLLM/Prob041_traffic_light/Gen2/Prob041_traffic_light_sample11_single_thought_operator/code.sv,/workspace/exp/useful_bd_push/t63_fused_rtl_native_20260623_133903_UTC/hard_tuning/fused_rtl_state_pipeline_qd/seed_1001/openai_gpt-oss-120b/RTLLM/Prob041_traffic_light/Gen2/Prob041_traffic_light_sample11_single_thought_operator/code_synthesis_report.metrics.json,/workspace/exp/useful_bd_push/t63_fused_rtl_native_20260623_133903_UTC/hard_tuning/fused_rtl_state_pipeline_qd/seed_1001/openai_gpt-oss-120b/RTLLM/Prob041_traffic_light/Gen2/Prob041_traffic_light_sample11_single_thought_operator/qd_archive_event.json,,True,True,True,False,True,True,True,False,True,,0.0821917808219178,2.0,4.0,6.0,1.0,21.0,1.0,4.304065093204169,0.863013698630137,3.1354942159291497,22.0,21.0,6.0,0.4117647058823529,8.0,2.0,2.0,0.0,1.0,24.0,48.0,82.0,6.0132098593275884,9.0,0.0,0.0,1.8170731707317074,82.0,82.0,5.0,0.14323044504038324,0.9642042089831016,3.8918202981106265,0.0,4.418840607796598,3.2188758248682006,4.0,4.0,0.0,1.0,0.0,0.0,18.0,1.0,1.0,2.0,0.0273972602739726,0.44,16.0,1.0,1.0,1.0,0.18542223684010695,0.0,0.4072888815799465,24.0,23.131609792018736,0.21675578944171103,11.0,1.0,11.0,0.0,2248.0,2.772588722239781,2.833213344056216,0.0,72.0,66.0,0.15853658536585366,0.18292682926829268,0.036585365853658534,0.6219512195121951,0.15853658536585366,0.2073170731707317,0.0,0.6341463414634146,0.2804878048780488,0.0,0.36585365853658536,0.35365853658536583,0.4939040063979211,0.136986301369863,10.0,0.0,0.0,47.0,1.8454372523105547,0.15,0.0,1.827714371601874,37.7,73.0,25.0,1.0,1.1506849315068493,4.442651256490317
fused_rtl_state_pipeline_qd,RTLLM,Prob041_traffic_light,combinational,revolution_qd,grid_quantile,fused_rtl_state_pipeline_2d,2,True,generation_log,e1dfea00-e934-47f1-a393-4db632a064b7,single_thought_operator,0.06194625998547567,0.06194625998547567,0.06194625998547567,success_pool,whole,filled_empty,True,False,"1,3",True,151.0,0.03,0.0,0.0,0.0,0.11176470588235295,0.07407407407407406,0.0,,/workspace/exp/useful_bd_push/t63_fused_rtl_native_20260623_133903_UTC/hard_tuning/fused_rtl_state_pipeline_qd/seed_1001/openai_gpt-oss-120b/RTLLM/Prob041_traffic_light/Gen2/Prob041_traffic_light_sample12_single_thought_operator,/workspace/exp/useful_bd_push/t63_fused_rtl_native_20260623_133903_UTC/hard_tuning/fused_rtl_state_pipeline_qd/seed_1001/openai_gpt-oss-120b/RTLLM/Prob041_traffic_light/Gen2/Prob041_traffic_light_sample12_single_thought_operator/code.sv,/workspace/exp/useful_bd_push/t63_fused_rtl_native_20260623_133903_UTC/hard_tuning/fused_rtl_state_pipeline_qd/seed_1001/openai_gpt-oss-120b/RTLLM/Prob041_traffic_light/Gen2/Prob041_traffic_light_sample12_single_thought_operator/code_synthesis_report.metrics.json,/workspace/exp/useful_bd_push/t63_fused_rtl_native_20260623_133903_UTC/hard_tuning/fused_rtl_state_pipeline_qd/seed_1001/openai_gpt-oss-120b/RTLLM/Prob041_traffic_light/Gen2/Prob041_traffic_light_sample12_single_thought_operator/qd_archive_event.json,,True,True,True,False,True,True,True,False,True,,0.136986301369863,4.0,6.0,10.0,0.0,17.0,1.0,4.304065093204169,0.863013698630137,3.091042453358316,21.0,11.0,6.0,1.0,6.0,1.9565217391304348,2.0,0.0,1.0,23.0,45.0,80.0,5.9804517846999605,9.0,0.0,0.0,1.825,80.0,80.0,5.0,0.14494767995692664,0.966873661001888,3.828641396489095,0.0,4.394449154672439,3.1780538303479458,5.0,5.0,0.0,1.0,0.0,0.0,12.0,1.0,3.0,1.0,0.0136986301369863,0.4166666666666667,6.0,1.0,1.0,1.0,0.18926595517647002,0.0,0.405367022411765,23.0,23.9464434576874,0.3095052828235203,9.0,1.0,9.0,0.0,2301.0,2.70805020110221,2.995732273553991,0.0,84.0,78.0,0.1625,0.55,0.05,0.2375,0.1625,0.6,0.0,0.2375,0.2875,0.0,0.0,0.7125,0.5171277135925384,0.136986301369863,10.0,0.0,0.0,43.0,1.9939615444316199,0.17647058823529413,0.0,2.0562347841557007,41.8,73.0,27.0,1.0,1.2054794520547945,4.48863636973214
fused_rtl_state_pipeline_qd,RTLLM,Prob041_traffic_light,combinational,revolution_qd,grid_quantile,fused_rtl_state_pipeline_2d,3,True,generation_log,6b82c14e-75c0-4357-a145-f36d277809c5,single_thought_operator,0.3891321713870733,0.3891321713870733,0.3891321713870733,success_pool,whole,duplicate_objectives,False,False,"3,2",False,140.0,0.000294,0.0,0.0,0.0,0.17647058823529413,0.9909259259259259,0.0,,/workspace/exp/useful_bd_push/t63_fused_rtl_native_20260623_133903_UTC/hard_tuning/fused_rtl_state_pipeline_qd/seed_1001/openai_gpt-oss-120b/RTLLM/Prob041_traffic_light/Gen3/Prob041_traffic_light_sample3_single_thought_operator,/workspace/exp/useful_bd_push/t63_fused_rtl_native_20260623_133903_UTC/hard_tuning/fused_rtl_state_pipeline_qd/seed_1001/openai_gpt-oss-120b/RTLLM/Prob041_traffic_light/Gen1/Prob041_traffic_light_sample11_single_thought_operator/code.sv,/workspace/exp/useful_bd_push/t63_fused_rtl_native_20260623_133903_UTC/hard_tuning/fused_rtl_state_pipeline_qd/seed_1001/openai_gpt-oss-120b/RTLLM/Prob041_traffic_light/Gen3/Prob041_traffic_light_sample3_single_thought_operator/code_synthesis_report.metrics.json,/workspace/exp/useful_bd_push/t63_fused_rtl_native_20260623_133903_UTC/hard_tuning/fused_rtl_state_pipeline_qd/seed_1001/openai_gpt-oss-120b/RTLLM/Prob041_traffic_light/Gen3/Prob041_traffic_light_sample3_single_thought_operator/qd_archive_event.json,,True,True,True,False,True,True,True,False,True,,0.07246376811594203,3.0,3.0,5.0,0.0,18.0,1.0,4.248495242049359,0.8405797101449275,2.5649493574615367,12.0,18.0,4.0,0.3333333333333333,6.0,1.5,1.0,1.0,0.0,14.0,21.0,54.0,5.466690179590885,4.0,0.0,0.0,1.6666666666666667,54.0,54.0,3.0,0.13445751251402674,0.9483652250186647,3.091042453358316,0.0,4.007333185232471,2.70805020110221,5.0,5.0,0.0,2.0,0.0,0.0,12.0,4.0,2.0,1.0,0.014492753623188406,0.4,14.0,1.0,1.0,1.0,0.1758130836533089,0.0,0.41209345817334553,14.0,30.718514959512238,0.46122362416722784,7.0,0.8571428571428571,6.0,0.0,1740.0,2.4849066497880004,2.639057329615259,0.0,57.0,51.0,0.24074074074074073,0.2962962962962963,0.14814814814814814,0.3148148148148148,0.24074074074074073,0.25925925925925924,0.16666666666666666,0.3333333333333333,0.42592592592592593,0.2962962962962963,0.14814814814814814,0.12962962962962962,0.3613433213895527,0.15942028985507245,11.0,0.0,0.0,25.0,2.1820058147602133,0.375,0.0,1.8794256153550957,38.8,69.0,23.0,1.0,1.1594202898550725,4.394449154672439
fused_rtl_state_pipeline_qd,RTLLM,Prob041_traffic_light,combinational,revolution_qd,grid_quantile,fused_rtl_state_pipeline_2d,3,True,generation_log,3337b0e9-8df3-40ca-ac13-f269997bd267,single_thought_operator,0.4077420721374969,0.4077420721374969,0.4077420721374969,success_pool,whole,replaced_elite,True,True,"3,2",True,130.0,0.000391,0.0,0.0,0.0,0.23529411764705882,0.987932098765432,0.0,,/workspace/exp/useful_bd_push/t63_fused_rtl_native_20260623_133903_UTC/hard_tuning/fused_rtl_state_pipeline_qd/seed_1001/openai_gpt-oss-120b/RTLLM/Prob041_traffic_light/Gen3/Prob041_traffic_light_sample5_single_thought_operator,/workspace/exp/useful_bd_push/t63_fused_rtl_native_20260623_133903_UTC/hard_tuning/fused_rtl_state_pipeline_qd/seed_1001/openai_gpt-oss-120b/RTLLM/Prob041_traffic_light/Gen3/Prob041_traffic_light_sample5_single_thought_operator/code.sv,/workspace/exp/useful_bd_push/t63_fused_rtl_native_20260623_133903_UTC/hard_tuning/fused_rtl_state_pipeline_qd/seed_1001/openai_gpt-oss-120b/RTLLM/Prob041_traffic_light/Gen3/Prob041_traffic_light_sample5_single_thought_operator/code_synthesis_report.metrics.json,/workspace/exp/useful_bd_push/t63_fused_rtl_native_20260623_133903_UTC/hard_tuning/fused_rtl_state_pipeline_qd/seed_1001/openai_gpt-oss-120b/RTLLM/Prob041_traffic_light/Gen3/Prob041_traffic_light_sample5_single_thought_operator/qd_archive_event.json,,True,True,True,False,True,True,True,False,True,,0.07575757575757576,1.0,1.0,5.0,4.0,20.0,1.0,4.204692619390966,0.8333333333333334,2.772588722239781,15.0,18.0,4.0,0.3333333333333333,8.0,1.4705882352941178,1.0,0.0,3.0,17.0,25.0,57.0,5.551773293097944,4.0,0.0,0.0,1.6491228070175439,57.0,57.0,3.0,0.10216668203366189,0.9496813278943161,3.258096538021482,0.0,4.060443010546419,2.8903717578961645,4.0,5.0,1.0,2.0,0.0,0.0,12.0,4.0,0.0,2.0,0.030303030303030304,0.4166666666666667,14.0,1.0,1.0,1.0,0.15820335181524062,0.0,0.4208983240923797,17.0,14.483584321900505,3.6290438499841926e-06,7.0,1.0,7.0,0.0,1913.0,2.4849066497880004,2.4849066497880004,0.0,61.0,56.0,0.22807017543859648,0.2982456140350877,0.15789473684210525,0.3157894736842105,0.22807017543859648,0.2631578947368421,0.17543859649122806,0.3333333333333333,0.40350877192982454,0.0,0.42105263157894735,0.17543859649122806,0.3339633739133745,0.16666666666666666,11.0,0.11764705882352941,0.0,28.0,2.063558608511122,0.375,0.0,1.7478803917204229,28.799999999999997,66.0,24.0,1.0,1.1666666666666667,4.356708826689592
fused_rtl_state_pipeline_qd,RTLLM,Prob041_traffic_light,combinational,revolution_qd,grid_quantile,fused_rtl_state_pipeline_2d,3,True,generation_log,d587e0b0-f10a-44ce-927c-055d5384a774,single_thought_operator,0.4077420721374969,0.4077420721374969,0.4077420721374969,success_pool,whole,duplicate_objectives,False,False,"3,2",False,130.0,0.000391,0.0,0.0,0.0,0.23529411764705882,0.987932098765432,0.0,,/workspace/exp/useful_bd_push/t63_fused_rtl_native_20260623_133903_UTC/hard_tuning/fused_rtl_state_pipeline_qd/seed_1001/openai_gpt-oss-120b/RTLLM/Prob041_traffic_light/Gen3/Prob041_traffic_light_sample6_single_thought_operator,/workspace/exp/useful_bd_push/t63_fused_rtl_native_20260623_133903_UTC/hard_tuning/fused_rtl_state_pipeline_qd/seed_1001/openai_gpt-oss-120b/RTLLM/Prob041_traffic_light/Gen3/Prob041_traffic_light_sample5_single_thought_operator/code.sv,/workspace/exp/useful_bd_push/t63_fused_rtl_native_20260623_133903_UTC/hard_tuning/fused_rtl_state_pipeline_qd/seed_1001/openai_gpt-oss-120b/RTLLM/Prob041_traffic_light/Gen3/Prob041_traffic_light_sample6_single_thought_operator/code_synthesis_report.metrics.json,/workspace/exp/useful_bd_push/t63_fused_rtl_native_20260623_133903_UTC/hard_tuning/fused_rtl_state_pipeline_qd/seed_1001/openai_gpt-oss-120b/RTLLM/Prob041_traffic_light/Gen3/Prob041_traffic_light_sample6_single_thought_operator/qd_archive_event.json,,True,True,True,False,True,True,True,False,True,,0.07575757575757576,1.0,1.0,5.0,4.0,20.0,1.0,4.204692619390966,0.8333333333333334,2.70805020110221,14.0,18.0,4.0,0.3333333333333333,8.0,1.5,1.0,1.0,0.0,16.0,24.0,56.0,5.525560289532869,4.0,0.0,0.0,1.6607142857142858,56.0,56.0,3.0,0.11085992897396707,0.9501526392627461,3.2188758248682006,0.0,4.04305126783455,2.833213344056216,4.0,5.0,1.0,2.0,0.0,0.0,12.0,4.0,0.0,2.0,0.030303030303030304,0.4117647058823529,14.0,1.0,1.0,1.0,0.16418729366120852,0.0,0.41790635316939573,16.0,21.615045867533247,0.20199669857933644,8.0,0.875,7.0,0.0,1864.0,2.4849066497880004,2.4849066497880004,0.0,61.0,56.0,0.23214285714285715,0.30357142857142855,0.14285714285714285,0.32142857142857145,0.23214285714285715,0.25,0.19642857142857142,0.32142857142857145,0.4107142857142857,0.0,0.42857142857142855,0.16071428571428573,0.4008641155641248,0.16666666666666666,11.0,0.0625,0.0,27.0,2.1084585933443494,0.375,0.0,1.7478803917204229,28.799999999999997,66.0,23.0,1.0,1.1666666666666667,4.356708826689592
fused_rtl_state_pipeline_qd,RTLLM,Prob041_traffic_light,combinational,revolution_qd,grid_quantile,fused_rtl_state_pipeline_2d,3,True,generation_log,c2e37e70-960d-4376-a638-6cd34c8c46a6,single_thought_operator,0.3891321713870733,0.3891321713870733,0.3891321713870733,success_pool,whole,duplicate_objectives,False,False,"3,2",False,140.0,0.000294,0.0,0.0,0.0,0.17647058823529413,0.9909259259259259,0.0,,/workspace/exp/useful_bd_push/t63_fused_rtl_native_20260623_133903_UTC/hard_tuning/fused_rtl_state_pipeline_qd/seed_1001/openai_gpt-oss-120b/RTLLM/Prob041_traffic_light/Gen3/Prob041_traffic_light_sample7_single_thought_operator,/workspace/exp/useful_bd_push/t63_fused_rtl_native_20260623_133903_UTC/hard_tuning/fused_rtl_state_pipeline_qd/seed_1001/openai_gpt-oss-120b/RTLLM/Prob041_traffic_light/Gen1/Prob041_traffic_light_sample11_single_thought_operator/code.sv,/workspace/exp/useful_bd_push/t63_fused_rtl_native_20260623_133903_UTC/hard_tuning/fused_rtl_state_pipeline_qd/seed_1001/openai_gpt-oss-120b/RTLLM/Prob041_traffic_light/Gen3/Prob041_traffic_light_sample7_single_thought_operator/code_synthesis_report.metrics.json,/workspace/exp/useful_bd_push/t63_fused_rtl_native_20260623_133903_UTC/hard_tuning/fused_rtl_state_pipeline_qd/seed_1001/openai_gpt-oss-120b/RTLLM/Prob041_traffic_light/Gen3/Prob041_traffic_light_sample7_single_thought_operator/qd_archive_event.json,,True,True,True,False,True,True,True,False,True,,0.07246376811594203,1.0,1.0,5.0,4.0,18.0,1.0,4.248495242049359,0.8405797101449275,2.5649493574615367,12.0,18.0,4.0,0.3333333333333333,6.0,1.5,1.0,0.0,0.0,14.0,21.0,54.0,5.466690179590885,4.0,0.0,0.0,1.6666666666666667,54.0,54.0,3.0,0.13445751251402674,0.9483652250186647,3.091042453358316,0.0,4.007333185232471,2.70805020110221,5.0,5.0,0.0,2.0,0.0,0.0,12.0,4.0,0.0,1.0,0.014492753623188406,0.4,14.0,1.0,1.0,1.0,0.1758130836533089,0.0,0.41209345817334553,14.0,30.718514959512238,0.46122362416722784,7.0,0.8571428571428571,6.0,0.0,1865.0,2.4849066497880004,2.4849066497880004,0.0,61.0,57.0,0.24074074074074073,0.2962962962962963,0.14814814814814814,0.3148148148148148,0.24074074074074073,0.25925925925925924,0.16666666666666666,0.3333333333333333,0.42592592592592593,0.2962962962962963,0.14814814814814814,0.12962962962962962,0.3613433213895527,0.15942028985507245,11.0,0.0,0.0,25.0,2.1820058147602133,0.375,0.0,1.7478803917204229,28.799999999999997,69.0,25.0,1.0,1.1594202898550725,4.394449154672439
fused_rtl_state_pipeline_qd,RTLLM,Prob041_traffic_light,combinational,revolution_qd,grid_quantile,fused_rtl_state_pipeline_2d,3,True,generation_log,b36de579-34e9-493b-9bf4-4f43cb5db0fa,single_thought_operator,0.3871713870733478,0.3871713870733478,0.3871713870733478,success_pool,whole,crowding_evicted,False,False,"3,2",False,141.0,0.000294,0.0,0.0,0.0,0.17058823529411765,0.9909259259259259,0.0,,/workspace/exp/useful_bd_push/t63_fused_rtl_native_20260623_133903_UTC/hard_tuning/fused_rtl_state_pipeline_qd/seed_1001/openai_gpt-oss-120b/RTLLM/Prob041_traffic_light/Gen3/Prob041_traffic_light_sample8_single_thought_operator,/workspace/exp/useful_bd_push/t63_fused_rtl_native_20260623_133903_UTC/hard_tuning/fused_rtl_state_pipeline_qd/seed_1001/openai_gpt-oss-120b/RTLLM/Prob041_traffic_light/Gen3/Prob041_traffic_light_sample5_single_thought_operator/code.sv,/workspace/exp/useful_bd_push/t63_fused_rtl_native_20260623_133903_UTC/hard_tuning/fused_rtl_state_pipeline_qd/seed_1001/openai_gpt-oss-120b/RTLLM/Prob041_traffic_light/Gen3/Prob041_traffic_light_sample8_single_thought_operator/code_synthesis_report.metrics.json,/workspace/exp/useful_bd_push/t63_fused_rtl_native_20260623_133903_UTC/hard_tuning/fused_rtl_state_pipeline_qd/seed_1001/openai_gpt-oss-120b/RTLLM/Prob041_traffic_light/Gen3/Prob041_traffic_light_sample8_single_thought_operator/qd_archive_event.json,,True,True,True,False,True,True,True,False,True,,0.07246376811594203,1.0,1.0,5.0,4.0,18.0,1.0,4.248495242049359,0.8405797101449275,2.5649493574615367,12.0,18.0,4.0,0.3333333333333333,6.0,1.5,1.0,1.0,0.0,14.0,21.0,54.0,5.466690179590885,4.0,0.0,0.0,1.6666666666666667,54.0,54.0,3.0,0.13445751251402696,0.9483652250186647,3.091042453358316,0.0,4.007333185232471,2.70805020110221,5.0,5.0,0.0,2.0,0.0,0.0,12.0,5.0,0.0,1.0,0.014492753623188406,0.4,14.0,1.0,1.0,1.0,0.17533689989507326,0.0,0.41233155005246336,14.0,30.338083053082354,0.45360468403545795,7.0,0.8571428571428571,6.0,0.0,1773.0,2.4849066497880004,2.4849066497880004,0.0,60.0,57.0,0.24074074074074073,0.2962962962962963,0.14814814814814814,0.3148148148148148,0.24074074074074073,0.25925925925925924,0.16666666666666666,0.3333333333333333,0.42592592592592593,0.2962962962962963,0.14814814814814814,0.12962962962962962,0.36134332138955266,0.15942028985507245,11.0,0.0,0.0,25.0,2.1820058147602133,0.375,0.0,1.7478803917204229,30.799999999999997,69.0,23.0,1.0,1.1594202898550725,4.394449154672439
fused_rtl_state_pipeline_qd,RTLLM,Prob041_traffic_light,combinational,revolution_qd,grid_quantile,fused_rtl_state_pipeline_2d,3,True,generation_log,f2227407-6739-4338-a77e-0d9625d0870b,single_thought_operator,0.362716049382716,0.362716049382716,0.362716049382716,success_pool,whole,crowding_evicted,False,False,"1,2",False,153.0,0.000384,0.0,0.0,0.0,0.1,0.9881481481481481,0.0,,/workspace/exp/useful_bd_push/t63_fused_rtl_native_20260623_133903_UTC/hard_tuning/fused_rtl_state_pipeline_qd/seed_1001/openai_gpt-oss-120b/RTLLM/Prob041_traffic_light/Gen3/Prob041_traffic_light_sample9_single_thought_operator,/workspace/exp/useful_bd_push/t63_fused_rtl_native_20260623_133903_UTC/hard_tuning/fused_rtl_state_pipeline_qd/seed_1001/openai_gpt-oss-120b/RTLLM/Prob041_traffic_light/Gen1/Prob041_traffic_light_sample6_single_thought_operator/code.sv,/workspace/exp/useful_bd_push/t63_fused_rtl_native_20260623_133903_UTC/hard_tuning/fused_rtl_state_pipeline_qd/seed_1001/openai_gpt-oss-120b/RTLLM/Prob041_traffic_light/Gen3/Prob041_traffic_light_sample9_single_thought_operator/code_synthesis_report.metrics.json,/workspace/exp/useful_bd_push/t63_fused_rtl_native_20260623_133903_UTC/hard_tuning/fused_rtl_state_pipeline_qd/seed_1001/openai_gpt-oss-120b/RTLLM/Prob041_traffic_light/Gen3/Prob041_traffic_light_sample9_single_thought_operator/qd_archive_event.json,,True,True,True,False,True,True,True,False,True,,0.06578947368421052,1.0,3.0,5.0,4.0,22.0,1.0,4.343805421853684,0.8421052631578947,3.1354942159291497,22.0,23.0,6.0,0.3684210526315789,8.0,2.0833333333333335,2.0,0.0,1.0,24.0,50.0,81.0,5.979118421737237,9.0,0.0,0.0,1.8641975308641976,81.0,81.0,5.0,0.13081397055833063,0.9682754854601132,3.9318256327243257,0.0,4.406719247264253,3.2188758248682006,5.0,5.0,0.0,1.0,0.0,0.0,19.0,1.0,0.0,1.0,0.013157894736842105,0.42,18.0,1.0,1.0,1.0,0.20247347998878376,0.0,0.39876326000560813,24.0,24.070071777289442,0.4895756798205404,8.0,1.0,8.0,0.0,2309.0,2.833213344056216,2.833213344056216,0.0,79.0,73.0,0.16049382716049382,0.5555555555555556,0.04938271604938271,0.2345679012345679,0.16049382716049382,0.6049382716049383,0.0,0.2345679012345679,0.2839506172839506,0.0,0.0,0.7160493827160493,0.5258858309374074,0.15789473684210525,12.0,0.0,0.0,44.0,2.0103604198119536,0.17647058823529413,0.0,1.7578010594635955,33.85,76.0,31.0,1.0,1.1578947368421053,4.48863636973214
fused_rtl_state_pipeline_qd,RTLLM,Prob041_traffic_light,combinational,revolution_qd,grid_quantile,fused_rtl_state_pipeline_2d,3,True,generation_log,10e45700-7263-47af-978d-05b53006f5ee,single_thought_operator,0.3891321713870733,0.3891321713870733,0.3891321713870733,success_pool,whole,filled_empty,True,False,"3,3",True,140.0,0.000294,0.0,0.0,0.0,0.17647058823529413,0.9909259259259259,0.0,,/workspace/exp/useful_bd_push/t63_fused_rtl_native_20260623_133903_UTC/hard_tuning/fused_rtl_state_pipeline_qd/seed_1001/openai_gpt-oss-120b/RTLLM/Prob041_traffic_light/Gen3/Prob041_traffic_light_sample10_single_thought_operator,/workspace/exp/useful_bd_push/t63_fused_rtl_native_20260623_133903_UTC/hard_tuning/fused_rtl_state_pipeline_qd/seed_1001/openai_gpt-oss-120b/RTLLM/Prob041_traffic_light/Gen3/Prob041_traffic_light_sample10_single_thought_operator/code.sv,/workspace/exp/useful_bd_push/t63_fused_rtl_native_20260623_133903_UTC/hard_tuning/fused_rtl_state_pipeline_qd/seed_1001/openai_gpt-oss-120b/RTLLM/Prob041_traffic_light/Gen3/Prob041_traffic_light_sample10_single_thought_operator/code_synthesis_report.metrics.json,/workspace/exp/useful_bd_push/t63_fused_rtl_native_20260623_133903_UTC/hard_tuning/fused_rtl_state_pipeline_qd/seed_1001/openai_gpt-oss-120b/RTLLM/Prob041_traffic_light/Gen3/Prob041_traffic_light_sample10_single_thought_operator/qd_archive_event.json,,True,True,True,False,True,True,True,False,True,,0.07246376811594203,3.0,3.0,5.0,0.0,14.0,1.0,4.248495242049359,0.8405797101449275,2.5649493574615367,12.0,10.0,4.0,0.7142857142857143,4.0,1.5,1.0,0.0,1.0,14.0,21.0,54.0,5.466690179590885,4.0,0.0,0.0,1.6666666666666667,54.0,54.0,3.0,0.13445751251402785,0.9483652250186647,3.091042453358316,0.0,4.007333185232471,2.70805020110221,5.0,5.0,0.0,2.0,0.0,0.0,9.0,3.0,2.0,1.0,0.014492753623188406,0.43333333333333335,6.0,1.0,1.0,1.0,0.1758130836533089,0.0,0.41209345817334553,14.0,30.718514959512238,0.46122362416722784,7.0,0.8571428571428571,6.0,0.0,1655.0,2.302585092994046,2.639057329615259,0.0,58.0,53.0,0.24074074074074073,0.2962962962962963,0.14814814814814814,0.3148148148148148,0.24074074074074073,0.25925925925925924,0.16666666666666666,0.3333333333333333,0.42592592592592593,0.2962962962962963,0.14814814814814814,0.12962962962962962,0.36074155787944423,0.15942028985507245,11.0,0.0,0.0,26.0,2.1820058147602133,0.3333333333333333,0.0,2.0750872983426794,32.35,69.0,28.0,1.0,1.1594202898550725,4.394449154672439
fused_rtl_state_pipeline_qd,RTLLM,Prob041_traffic_light,combinational,revolution_qd,grid_quantile,fused_rtl_state_pipeline_2d,3,True,generation_log,f2bf6ad0-826c-4aa6-b3be-121f17a37b29,single_thought_operator,0.362716049382716,0.362716049382716,0.362716049382716,success_pool,whole,crowding_evicted,False,False,"1,2",False,153.0,0.000384,0.0,0.0,0.0,0.1,0.9881481481481481,0.0,,/workspace/exp/useful_bd_push/t63_fused_rtl_native_20260623_133903_UTC/hard_tuning/fused_rtl_state_pipeline_qd/seed_1001/openai_gpt-oss-120b/RTLLM/Prob041_traffic_light/Gen3/Prob041_traffic_light_sample12_single_thought_operator,/workspace/exp/useful_bd_push/t63_fused_rtl_native_20260623_133903_UTC/hard_tuning/fused_rtl_state_pipeline_qd/seed_1001/openai_gpt-oss-120b/RTLLM/Prob041_traffic_light/Gen1/Prob041_traffic_light_sample6_single_thought_operator/code.sv,/workspace/exp/useful_bd_push/t63_fused_rtl_native_20260623_133903_UTC/hard_tuning/fused_rtl_state_pipeline_qd/seed_1001/openai_gpt-oss-120b/RTLLM/Prob041_traffic_light/Gen3/Prob041_traffic_light_sample12_single_thought_operator/code_synthesis_report.metrics.json,/workspace/exp/useful_bd_push/t63_fused_rtl_native_20260623_133903_UTC/hard_tuning/fused_rtl_state_pipeline_qd/seed_1001/openai_gpt-oss-120b/RTLLM/Prob041_traffic_light/Gen3/Prob041_traffic_light_sample12_single_thought_operator/qd_archive_event.json,,True,True,True,False,True,True,True,False,True,,0.06578947368421052,1.0,3.0,5.0,4.0,21.0,1.0,4.343805421853684,0.8421052631578947,3.1354942159291497,22.0,23.0,6.0,0.3684210526315789,8.0,2.0833333333333335,2.0,0.0,1.0,24.0,50.0,81.0,5.979118421737237,9.0,0.0,0.0,1.8641975308641976,81.0,81.0,5.0,0.13081397055833063,0.9682754854601132,3.9318256327243257,0.0,4.406719247264253,3.2188758248682006,5.0,5.0,0.0,1.0,0.0,0.0,19.0,1.0,0.0,1.0,0.013157894736842105,0.42,18.0,1.0,1.0,1.0,0.20247347998878376,0.0,0.39876326000560813,24.0,24.070071777289442,0.4895756798205404,8.0,1.0,8.0,0.0,2336.0,2.833213344056216,2.833213344056216,0.0,75.0,69.0,0.16049382716049382,0.5555555555555556,0.04938271604938271,0.2345679012345679,0.16049382716049382,0.6049382716049383,0.0,0.2345679012345679,0.2839506172839506,0.0,0.0,0.7160493827160493,0.5258858309374075,0.15789473684210525,12.0,0.0,0.0,44.0,2.0103604198119536,0.17647058823529413,0.0,1.7578010594635955,33.85,76.0,25.0,1.0,1.1578947368421053,4.48863636973214
fused_rtl_state_pipeline_qd,RTLLM,Prob045_alu,combinational,revolution_qd,grid_quantile,fused_rtl_state_pipeline_2d,0,True,generation_log,cfeb6a42-f2f8-41c5-a6ea-0b255a7a1a36,initial,0.37856495170510546,0.37856495170510546,0.37856495170510546,initial,whole,warmup_buffered,False,False,warmup:2,True,1902.0,0.00108,0.0,0.0,0.0,0.1451685393258427,0.9905263157894737,0.0,,/workspace/exp/useful_bd_push/t63_fused_rtl_native_20260623_133903_UTC/hard_tuning/fused_rtl_state_pipeline_qd/seed_1001/openai_gpt-oss-120b/RTLLM/Prob045_alu/Gen0/Prob045_alu_sample9_initial,/workspace/exp/useful_bd_push/t63_fused_rtl_native_20260623_133903_UTC/hard_tuning/fused_rtl_state_pipeline_qd/seed_1001/openai_gpt-oss-120b/RTLLM/Prob045_alu/Gen0/Prob045_alu_sample9_initial/code.sv,/workspace/exp/useful_bd_push/t63_fused_rtl_native_20260623_133903_UTC/hard_tuning/fused_rtl_state_pipeline_qd/seed_1001/openai_gpt-oss-120b/RTLLM/Prob045_alu/Gen0/Prob045_alu_sample9_initial/code_synthesis_report.metrics.json,/workspace/exp/useful_bd_push/t63_fused_rtl_native_20260623_133903_UTC/hard_tuning/fused_rtl_state_pipeline_qd/seed_1001/openai_gpt-oss-120b/RTLLM/Prob045_alu/Gen0/Prob045_alu_sample9_initial/qd_archive_event.json,,True,True,True,False,True,True,True,False,True,,0.09169054441260745,1.0,11.0,128.0,6.0,15.0,1.0,7.242082359256962,1.0,4.02535169073515,55.0,7.0,5.0,6.0,2.0,1.2363636363636363,0.0,0.0,0.0,55.0,68.0,499.0,8.171484494795212,17.0,4.0,4.0,2.3867735470941884,499.0,499.0,0.0,0.08307986697543285,0.9635517062772284,4.23410650459726,1.6094379124341003,6.214608098422191,4.02535169073515,5.0,5.0,0.0,21.0,0.0,2.0,25.0,8.0,1.0,210.0,0.1504297994269341,0.6339285714285714,0.0,0.09090909090909091,0.38461538461538464,0.0,0.8163242229496531,0.6417547584673718,0.6157178430552931,55.0,53.270932721234395,0.2652968917986124,19.0,1.0,19.0,0.0014326647564469914,2883.0,2.995732273553991,2.995732273553991,0.0,88.0,83.0,0.1402805611222445,0.18236472945891782,0.08216432865731463,0.5951903807615231,0.1402805611222445,0.07414829659318638,0.10420841683366733,0.6813627254509018,0.07214428857715431,0.004008016032064128,0.006012024048096192,0.9178356713426854,0.4214775491581473,0.0,0.0,0.09090909090909091,6.0,84.0,1.82569740939927,0.038461538461538464,4.0,2.084612234219149,68.25,1396.0,52.0,1.0,1.070916905444126,7.310550158534422
fused_rtl_state_pipeline_qd,RTLLM,Prob045_alu,combinational,revolution_qd,grid_quantile,fused_rtl_state_pipeline_2d,0,True,generation_log,32c9184c-dbfd-4ba7-a923-40cf770db4dc,initial,0.38752086208029435,0.38752086208029435,0.38752086208029435,initial,whole,warmup_buffered,False,False,warmup:1,True,1843.0,0.00104,0.0,0.0,0.0,0.17168539325842697,0.9908771929824561,0.0,,/workspace/exp/useful_bd_push/t63_fused_rtl_native_20260623_133903_UTC/hard_tuning/fused_rtl_state_pipeline_qd/seed_1001/openai_gpt-oss-120b/RTLLM/Prob045_alu/Gen0/Prob045_alu_sample10_initial,/workspace/exp/useful_bd_push/t63_fused_rtl_native_20260623_133903_UTC/hard_tuning/fused_rtl_state_pipeline_qd/seed_1001/openai_gpt-oss-120b/RTLLM/Prob045_alu/Gen0/Prob045_alu_sample10_initial/code.sv,/workspace/exp/useful_bd_push/t63_fused_rtl_native_20260623_133903_UTC/hard_tuning/fused_rtl_state_pipeline_qd/seed_1001/openai_gpt-oss-120b/RTLLM/Prob045_alu/Gen0/Prob045_alu_sample10_initial/code_synthesis_report.metrics.json,/workspace/exp/useful_bd_push/t63_fused_rtl_native_20260623_133903_UTC/hard_tuning/fused_rtl_state_pipeline_qd/seed_1001/openai_gpt-oss-120b/RTLLM/Prob045_alu/Gen0/Prob045_alu_sample10_initial/qd_archive_event.json,,True,True,True,False,True,True,True,False,True,,0.09379615952732644,2.0,12.0,127.0,0.0,13.0,1.0,7.2115567333138015,1.0,3.970291913552122,52.0,9.0,4.0,5.0,2.0,2.0384615384615383,0.0,1.0,0.0,52.0,106.0,434.0,8.00364716504158,17.0,3.0,3.0,2.6889400921658986,434.0,434.0,1.0,0.097880551929138,0.9739389960154307,4.672828834461906,1.3862943611198906,6.075346031088684,3.970291913552122,4.0,4.0,0.0,10.0,0.0,2.0,25.0,3.0,2.0,197.0,0.14549483013293943,0.6792452830188679,0.0,0.057692307692307696,0.125,0.0,0.7433063914071252,0.05774553156667349,0.17126942698514774,52.0,145.48867446183226,0.004804512996921861,19.0,0.9473684210526315,18.0,0.0014771048744460858,3923.0,2.995732273553991,3.1354942159291497,0.0,131.0,128.0,0.16129032258064516,0.1912442396313364,0.10138248847926268,0.5460829493087558,0.16129032258064516,0.08986175115207373,0.11290322580645161,0.6359447004608295,0.08294930875576037,0.0,0.004608294930875576,0.9124423963133641,0.37922102785899614,0.0,0.0,0.038461538461538464,6.0,85.0,1.8625066875151524,0.03333333333333333,2.0,2.092481250360578,63.75,1354.0,56.0,1.0,1.0723781388478582,7.2813856635702825
fused_rtl_state_pipeline_qd,RTLLM,Prob045_alu,combinational,revolution_qd,grid_quantile,fused_rtl_state_pipeline_2d,1,True,generation_log,e263642c-35df-4b1c-b513-605e61e47fc6,single_thought_operator,0.3840495433339904,0.3840495433339904,0.3840495433339904,fail_pool,whole,warmup_buffered,False,False,warmup:3,True,1865.0,0.0011,0.0,0.0,0.0,0.16179775280898875,0.9903508771929824,0.0,,/workspace/exp/useful_bd_push/t63_fused_rtl_native_20260623_133903_UTC/hard_tuning/fused_rtl_state_pipeline_qd/seed_1001/openai_gpt-oss-120b/RTLLM/Prob045_alu/Gen1/Prob045_alu_sample5_single_thought_operator,/workspace/exp/useful_bd_push/t63_fused_rtl_native_20260623_133903_UTC/hard_tuning/fused_rtl_state_pipeline_qd/seed_1001/openai_gpt-oss-120b/RTLLM/Prob045_alu/Gen1/Prob045_alu_sample5_single_thought_operator/code.sv,/workspace/exp/useful_bd_push/t63_fused_rtl_native_20260623_133903_UTC/hard_tuning/fused_rtl_state_pipeline_qd/seed_1001/openai_gpt-oss-120b/RTLLM/Prob045_alu/Gen1/Prob045_alu_sample5_single_thought_operator/code_synthesis_report.metrics.json,/workspace/exp/useful_bd_push/t63_fused_rtl_native_20260623_133903_UTC/hard_tuning/fused_rtl_state_pipeline_qd/seed_1001/openai_gpt-oss-120b/RTLLM/Prob045_alu/Gen1/Prob045_alu_sample5_single_thought_operator/qd_archive_event.json,,True,True,True,False,True,True,True,False,True,,0.09719058466211086,1.0,10.0,128.0,0.0,15.0,1.0,7.183870715062453,1.0,4.060443010546419,57.0,3.0,3.0,4.0,2.0,1.1929824561403508,0.0,6.0,0.0,57.0,68.0,564.0,8.351851469440945,17.0,6.0,6.0,2.223404255319149,564.0,564.0,0.0,0.08310978341898875,0.9618726137012608,4.23410650459726,1.9459101490553132,6.336825731146441,4.060443010546419,7.0,7.0,0.0,22.0,0.0,3.0,26.0,8.0,1.0,226.0,0.1716021260440395,0.646551724137931,0.0,0.08771929824561403,0.45454545454545453,0.0,0.8287891125425939,0.6145817193271246,0.5949640814747321,57.0,55.00869345048185,0.31515645017037563,21.0,1.0,21.0,0.002277904328018223,3796.0,2.995732273553991,2.995732273553991,0.0,120.0,114.0,0.12411347517730496,0.21808510638297873,0.07624113475177305,0.5815602836879432,0.12411347517730496,0.12234042553191489,0.09219858156028368,0.6613475177304965,0.06560283687943262,0.014184397163120567,0.0035460992907801418,0.9166666666666666,0.4133411765984504,0.0,0.0,0.10526315789473684,6.0,87.0,1.824816986216862,0.04,2.0,1.8898752463298516,59.4,1317.0,52.0,1.0,1.0751708428246014,7.256297239690681
fused_rtl_state_pipeline_qd,RTLLM,Prob045_alu,combinational,revolution_qd,grid_quantile,fused_rtl_state_pipeline_2d,1,True,generation_log,23e77ac2-3f58-4e7f-88b1-9b26e7fbadcb,single_thought_operator,0.38138215388658914,0.38138215388658914,0.38138215388658914,success_pool,whole,warmup_buffered,False,False,warmup:4,True,1883.0,0.00109,0.0,0.0,0.0,0.15370786516853932,0.9904385964912281,0.0,,/workspace/exp/useful_bd_push/t63_fused_rtl_native_20260623_133903_UTC/hard_tuning/fused_rtl_state_pipeline_qd/seed_1001/openai_gpt-oss-120b/RTLLM/Prob045_alu/Gen1/Prob045_alu_sample7_single_thought_operator,/workspace/exp/useful_bd_push/t63_fused_rtl_native_20260623_133903_UTC/hard_tuning/fused_rtl_state_pipeline_qd/seed_1001/openai_gpt-oss-120b/RTLLM/Prob045_alu/Gen1/Prob045_alu_sample7_single_thought_operator/code.sv,/workspace/exp/useful_bd_push/t63_fused_rtl_native_20260623_133903_UTC/hard_tuning/fused_rtl_state_pipeline_qd/seed_1001/openai_gpt-oss-120b/RTLLM/Prob045_alu/Gen1/Prob045_alu_sample7_single_thought_operator/code_synthesis_report.metrics.json,/workspace/exp/useful_bd_push/t63_fused_rtl_native_20260623_133903_UTC/hard_tuning/fused_rtl_state_pipeline_qd/seed_1001/openai_gpt-oss-120b/RTLLM/Prob045_alu/Gen1/Prob045_alu_sample7_single_thought_operator/qd_archive_event.json,,True,True,True,False,True,True,True,False,True,,0.09196234612599566,1.0,11.0,127.0,0.0,15.0,1.0,7.231287004327616,1.0,3.970291913552122,52.0,5.0,1.0,2.0,2.0,2.019230769230769,0.0,3.0,0.0,52.0,105.0,434.0,8.003114369085734,17.0,4.0,4.0,2.6889400921658986,434.0,434.0,0.0,0.0934833892502451,0.9735162861609659,4.663439094112067,1.6094379124341003,6.075346031088684,3.970291913552122,5.0,5.0,0.0,16.0,0.0,2.0,25.0,8.0,1.0,202.0,0.14627081824764662,0.6698113207547169,0.0,0.07692307692307693,0.08333333333333333,1.0,0.18405101125581413,0.0,0.40797449437209293,52.0,157.75151906464546,0.0019590372358834207,21.0,0.9047619047619048,19.0,0.001448225923244026,3249.0,2.995732273553991,2.995732273553991,0.0,102.0,96.0,0.16129032258064516,0.20046082949308755,0.09907834101382489,0.5391705069124424,0.16129032258064516,0.0944700460829493,0.1152073732718894,0.6290322580645161,0.08294930875576037,0.0,0.0,0.9170506912442397,0.3718029412982787,0.0,0.0,0.07692307692307693,6.0,78.0,1.7406331359777611,0.043478260869565216,0.0,1.896605253337655,60.25,1381.0,49.0,1.0,1.0709630702389572,7.299797366758161
fused_rtl_state_pipeline_qd,RTLLM,Prob045_alu,combinational,revolution_qd,grid_quantile,fused_rtl_state_pipeline_2d,1,True,generation_log,3aaf38da-44ae-46cf-a52f-e23aa61aff77,single_thought_operator,0.4030977725211906,0.4030977725211906,0.4030977725211906,success_pool,whole,filled_empty,True,False,"0,3",True,1740.0,0.00099,0.0,0.0,0.0,0.21797752808988763,0.9913157894736842,0.0,,/workspace/exp/useful_bd_push/t63_fused_rtl_native_20260623_133903_UTC/hard_tuning/fused_rtl_state_pipeline_qd/seed_1001/openai_gpt-oss-120b/RTLLM/Prob045_alu/Gen1/Prob045_alu_sample9_single_thought_operator,/workspace/exp/useful_bd_push/t63_fused_rtl_native_20260623_133903_UTC/hard_tuning/fused_rtl_state_pipeline_qd/seed_1001/openai_gpt-oss-120b/RTLLM/Prob045_alu/Gen1/Prob045_alu_sample9_single_thought_operator/code.sv,/workspace/exp/useful_bd_push/t63_fused_rtl_native_20260623_133903_UTC/hard_tuning/fused_rtl_state_pipeline_qd/seed_1001/openai_gpt-oss-120b/RTLLM/Prob045_alu/Gen1/Prob045_alu_sample9_single_thought_operator/code_synthesis_report.metrics.json,/workspace/exp/useful_bd_push/t63_fused_rtl_native_20260623_133903_UTC/hard_tuning/fused_rtl_state_pipeline_qd/seed_1001/openai_gpt-oss-120b/RTLLM/Prob045_alu/Gen1/Prob045_alu_sample9_single_thought_operator/qd_archive_event.json,,True,True,True,False,True,True,True,False,True,,0.10111464968152867,1.0,9.0,127.0,3.0,13.0,1.0,7.136483208590247,1.0,4.127134385045092,61.0,23.0,17.0,18.0,2.0,1.3934426229508197,0.0,0.0,0.0,61.0,85.0,877.0,9.127170991613921,17.0,8.0,7.0,1.9076396807297606,877.0,877.0,0.0,0.029409417623702652,0.9611696370964022,4.454347296253507,2.1972245773362196,6.777646593635117,4.127134385045092,9.0,9.0,0.0,9.0,0.0,1.0,22.0,26.0,1.0,188.0,0.14968152866242038,0.5564516129032258,0.0,0.13114754098360656,0.6666666666666666,0.0,0.8698176165175467,0.7340158787390509,0.7035511338720606,61.0,23.67260575582986,0.47927046607018675,20.0,1.0,20.0,0.0007961783439490446,3392.0,2.3978952727983707,2.3978952727983707,0.0,92.0,83.0,0.07981755986316989,0.24173318129988597,0.12086659064994298,0.5575826681870011,0.07981755986316989,0.04104903078677309,0.055872291904218926,0.8232611174458381,0.04104903078677309,0.0,0.0068415051311288486,0.9521094640820981,0.30625014950599977,0.0,0.0,0.01639344262295082,6.0,106.0,1.9278461113048548,0.023809523809523808,16.0,2.2132413583054973,133.8,1256.0,57.0,1.0,1.0780254777070064,7.2115567333138015
fused_rtl_state_pipeline_qd,RTLLM,Prob045_alu,combinational,revolution_qd,grid_quantile,fused_rtl_state_pipeline_2d,1,True,generation_log,3ac18a3f-e265-4146-a56a-952cb9cee32f,single_thought_operator,0.3789851501412708,0.3789851501412708,0.3789851501412708,success_pool,whole,pareto_inserted,True,False,"0,3",False,1899.0,0.00109,0.0,0.0,0.0,0.14651685393258426,0.9904385964912281,0.0,,/workspace/exp/useful_bd_push/t63_fused_rtl_native_20260623_133903_UTC/hard_tuning/fused_rtl_state_pipeline_qd/seed_1001/openai_gpt-oss-120b/RTLLM/Prob045_alu/Gen1/Prob045_alu_sample12_single_thought_operator,/workspace/exp/useful_bd_push/t63_fused_rtl_native_20260623_133903_UTC/hard_tuning/fused_rtl_state_pipeline_qd/seed_1001/openai_gpt-oss-120b/RTLLM/Prob045_alu/Gen1/Prob045_alu_sample12_single_thought_operator/code.sv,/workspace/exp/useful_bd_push/t63_fused_rtl_native_20260623_133903_UTC/hard_tuning/fused_rtl_state_pipeline_qd/seed_1001/openai_gpt-oss-120b/RTLLM/Prob045_alu/Gen1/Prob045_alu_sample12_single_thought_operator/code_synthesis_report.metrics.json,/workspace/exp/useful_bd_push/t63_fused_rtl_native_20260623_133903_UTC/hard_tuning/fused_rtl_state_pipeline_qd/seed_1001/openai_gpt-oss-120b/RTLLM/Prob045_alu/Gen1/Prob045_alu_sample12_single_thought_operator/qd_archive_event.json,,True,True,True,False,True,True,True,False,True,,0.09283625730994152,1.0,9.0,127.0,3.0,13.0,1.0,7.221835825288449,1.0,3.912023005428146,49.0,11.0,7.0,8.0,2.0,1.183673469387755,0.0,1.0,0.0,49.0,58.0,493.0,8.150257169482263,17.0,3.0,3.0,2.3955375253549698,493.0,493.0,0.0,0.10695229466348656,0.9632637836386653,4.07753744390572,1.3862943611198906,6.202535517187923,3.912023005428146,4.0,4.0,0.0,7.0,0.0,1.0,24.0,12.0,1.0,235.0,0.17178362573099415,0.67,0.0,0.04081632653061224,0.09090909090909091,0.0,0.8600060585525371,0.6961390255203895,0.6686807502661257,49.0,56.50176157977779,0.44002423421014847,17.0,1.0,17.0,0.0007309941520467836,2671.0,2.995732273553991,2.995732273553991,0.0,85.0,80.0,0.14198782961460446,0.17038539553752535,0.08316430020283976,0.6044624746450304,0.14198782961460446,0.07302231237322515,0.09939148073022312,0.6855983772819473,0.07302231237322515,0.004056795131845842,0.010141987829614604,0.9127789046653144,0.4433922010326744,0.0,0.0,0.02040816326530612,6.0,84.0,1.9106807734825753,0.03125,6.0,2.135133723677481,79.1,1368.0,52.0,1.0,1.0716374269005848,7.2909747781429814
fused_rtl_state_pipeline_qd,RTLLM,Prob045_alu,combinational,revolution_qd,grid_quantile,fused_rtl_state_pipeline_2d,2,True,generation_log,fe7d6a5f-21e4-4537-8e94-9a53f3360654,single_thought_operator,0.3726345357776464,0.3726345357776464,0.3726345357776464,success_pool,whole,filled_empty,True,False,"0,1",False,1941.0,0.00111,0.0,0.0,0.0,0.12764044943820224,0.9902631578947368,0.0,,/workspace/exp/useful_bd_push/t63_fused_rtl_native_20260623_133903_UTC/hard_tuning/fused_rtl_state_pipeline_qd/seed_1001/openai_gpt-oss-120b/RTLLM/Prob045_alu/Gen2/Prob045_alu_sample1_single_thought_operator,/workspace/exp/useful_bd_push/t63_fused_rtl_native_20260623_133903_UTC/hard_tuning/fused_rtl_state_pipeline_qd/seed_1001/openai_gpt-oss-120b/RTLLM/Prob045_alu/Gen2/Prob045_alu_sample1_single_thought_operator/code.sv,/workspace/exp/useful_bd_push/t63_fused_rtl_native_20260623_133903_UTC/hard_tuning/fused_rtl_state_pipeline_qd/seed_1001/openai_gpt-oss-120b/RTLLM/Prob045_alu/Gen2/Prob045_alu_sample1_single_thought_operator/code_synthesis_report.metrics.json,/workspace/exp/useful_bd_push/t63_fused_rtl_native_20260623_133903_UTC/hard_tuning/fused_rtl_state_pipeline_qd/seed_1001/openai_gpt-oss-120b/RTLLM/Prob045_alu/Gen2/Prob045_alu_sample1_single_thought_operator/qd_archive_event.json,,True,True,True,False,True,True,True,False,True,,0.08881118881118881,1.0,9.0,127.0,2.0,13.0,1.0,7.266128779556451,1.0,3.8501476017100584,46.0,7.0,3.0,4.0,2.0,1.1956521739130435,0.0,2.0,0.0,46.0,55.0,490.0,8.141352932166889,17.0,3.0,3.0,2.404081632653061,490.0,490.0,1.0,0.10709752994344124,0.9666922921099533,4.02535169073515,1.3862943611198906,6.19644412779452,3.8501476017100584,4.0,4.0,0.0,7.0,0.0,1.0,26.0,3.0,1.0,206.0,0.14405594405594405,0.7127659574468085,0.0,0.043478260869565216,0.09090909090909091,0.0,0.8651081063163174,0.7293664832378124,0.6984268039662973,46.0,55.04335329965914,0.46043242526526973,17.0,1.0,17.0,0.0006993006993006993,3466.0,2.995732273553991,2.995732273553991,0.0,121.0,114.0,0.14285714285714285,0.17346938775510204,0.0836734693877551,0.6,0.14285714285714285,0.07346938775510205,0.1,0.6836734693877551,0.07346938775510205,0.0,0.012244897959183673,0.9142857142857143,0.4730833136053412,0.0,0.0,0.021739130434782608,6.0,78.0,1.8609994679625532,0.034482758620689655,2.0,1.9543125239945704,51.4,1430.0,52.0,1.0,1.0685314685314686,7.332369205929062
fused_rtl_state_pipeline_qd,RTLLM,Prob045_alu,combinational,revolution_qd,grid_quantile,fused_rtl_state_pipeline_2d,2,True,generation_log,3e145bc1-4668-4ad1-9f09-2e70e85f8cee,single_thought_operator,0.38159044615283527,0.38159044615283527,0.38159044615283527,success_pool,whole,pareto_inserted,True,True,"0,3",False,1882.0,0.00107,0.0,0.0,0.0,0.1541573033707865,0.9906140350877193,0.0,,/workspace/exp/useful_bd_push/t63_fused_rtl_native_20260623_133903_UTC/hard_tuning/fused_rtl_state_pipeline_qd/seed_1001/openai_gpt-oss-120b/RTLLM/Prob045_alu/Gen2/Prob045_alu_sample3_single_thought_operator,/workspace/exp/useful_bd_push/t63_fused_rtl_native_20260623_133903_UTC/hard_tuning/fused_rtl_state_pipeline_qd/seed_1001/openai_gpt-oss-120b/RTLLM/Prob045_alu/Gen2/Prob045_alu_sample3_single_thought_operator/code.sv,/workspace/exp/useful_bd_push/t63_fused_rtl_native_20260623_133903_UTC/hard_tuning/fused_rtl_state_pipeline_qd/seed_1001/openai_gpt-oss-120b/RTLLM/Prob045_alu/Gen2/Prob045_alu_sample3_single_thought_operator/code_synthesis_report.metrics.json,/workspace/exp/useful_bd_push/t63_fused_rtl_native_20260623_133903_UTC/hard_tuning/fused_rtl_state_pipeline_qd/seed_1001/openai_gpt-oss-120b/RTLLM/Prob045_alu/Gen2/Prob045_alu_sample3_single_thought_operator/qd_archive_event.json,,True,True,True,False,True,True,True,False,True,,0.09236363636363637,1.0,13.0,127.0,5.0,13.0,1.0,7.226936018493289,1.0,3.912023005428146,49.0,11.0,5.0,6.0,2.0,1.183673469387755,0.0,1.0,0.0,49.0,58.0,556.0,8.329333382365734,17.0,5.0,5.0,2.237410071942446,556.0,556.0,0.0,0.1070551931918763,0.9619706063033415,4.07753744390572,1.791759469228055,6.322565239927284,3.912023005428146,6.0,6.0,0.0,9.0,0.0,6.0,24.0,8.0,1.0,218.0,0.15854545454545454,0.7,0.0,0.04081632653061224,0.09090909090909091,0.0,0.8975456210154926,0.6497285153104989,0.6343881732580894,49.0,67.94375784850624,0.5901824840619706,18.0,1.0,18.0,0.004363636363636364,3385.0,2.995732273553991,2.995732273553991,0.0,115.0,111.0,0.12589928057553956,0.210431654676259,0.07553956834532374,0.5881294964028777,0.12589928057553956,0.1223021582733813,0.08812949640287769,0.6636690647482014,0.06474820143884892,0.0035971223021582736,0.00539568345323741,0.9262589928057554,0.4392730367393539,0.0,0.0,0.04081632653061224,6.0,84.0,1.9295726200834296,0.03333333333333333,4.0,2.1423006709422006,76.1,1375.0,52.0,1.0,1.0712727272727274,7.295735072749282
fused_rtl_state_pipeline_qd,RTLLM,Prob045_alu,combinational,revolution_qd,grid_quantile,fused_rtl_state_pipeline_2d,2,True,generation_log,2d32ae28-4226-4bfd-a49c-199502e0d85e,single_thought_operator,0.37715815756620014,0.37715815756620014,0.37715815756620014,success_pool,whole,replaced_elite,True,True,"0,1",False,1911.0,0.0011,0.0,0.0,0.0,0.14112359550561798,0.9903508771929824,0.0,,/workspace/exp/useful_bd_push/t63_fused_rtl_native_20260623_133903_UTC/hard_tuning/fused_rtl_state_pipeline_qd/seed_1001/openai_gpt-oss-120b/RTLLM/Prob045_alu/Gen2/Prob045_alu_sample8_single_thought_operator,/workspace/exp/useful_bd_push/t63_fused_rtl_native_20260623_133903_UTC/hard_tuning/fused_rtl_state_pipeline_qd/seed_1001/openai_gpt-oss-120b/RTLLM/Prob045_alu/Gen2/Prob045_alu_sample8_single_thought_operator/code.sv,/workspace/exp/useful_bd_push/t63_fused_rtl_native_20260623_133903_UTC/hard_tuning/fused_rtl_state_pipeline_qd/seed_1001/openai_gpt-oss-120b/RTLLM/Prob045_alu/Gen2/Prob045_alu_sample8_single_thought_operator/code_synthesis_report.metrics.json,/workspace/exp/useful_bd_push/t63_fused_rtl_native_20260623_133903_UTC/hard_tuning/fused_rtl_state_pipeline_qd/seed_1001/openai_gpt-oss-120b/RTLLM/Prob045_alu/Gen2/Prob045_alu_sample8_single_thought_operator/qd_archive_event.json,,True,True,True,False,True,True,True,False,True,,0.09393491124260354,1.0,11.0,127.0,2.0,13.0,1.0,7.210079628170788,1.0,3.912023005428146,49.0,7.0,3.0,4.0,2.0,2.061224489795918,0.0,0.0,0.0,49.0,101.0,493.0,8.18009400250613,17.0,3.0,3.0,2.4827586206896552,493.0,493.0,0.0,0.10321466471695578,0.9785297675035407,4.624972813284271,1.3862943611198906,6.202535517187923,3.912023005428146,4.0,4.0,0.0,7.0,0.0,2.0,26.0,3.0,1.0,213.0,0.15754437869822485,0.7,0.0,0.04081632653061224,0.041666666666666664,1.0,0.1861869429066232,0.0,0.4069065285466884,49.0,203.0789848777199,0.00756251507739969,21.0,0.9523809523809523,20.0,0.0014792899408284023,2520.0,2.995732273553991,2.995732273553991,0.0,87.0,83.0,0.14198782961460446,0.16835699797160245,0.0872210953346856,0.6024340770791075,0.14198782961460446,0.07910750507099391,0.09939148073022312,0.6795131845841785,0.07302231237322515,0.0,0.0,0.9269776876267748,0.4422243891249874,0.0,0.0,0.02040816326530612,6.0,81.0,1.8520127396966177,0.034482758620689655,2.0,1.9711275597996059,55.4,1352.0,49.0,1.0,1.0724852071005917,7.280008252884188
fused_rtl_state_pipeline_qd,RTLLM,Prob045_alu,combinational,revolution_qd,grid_quantile,fused_rtl_state_pipeline_2d,2,True,generation_log,a8ff7cea-81ad-4140-9f59-fe88418de91c,single_thought_operator,0.38164892568499903,0.38164892568499903,0.38164892568499903,success_pool,whole,pareto_inserted,True,True,"0,3",False,1882.0,0.00105,0.0,0.0,0.0,0.1541573033707865,0.9907894736842106,0.0,,/workspace/exp/useful_bd_push/t63_fused_rtl_native_20260623_133903_UTC/hard_tuning/fused_rtl_state_pipeline_qd/seed_1001/openai_gpt-oss-120b/RTLLM/Prob045_alu/Gen2/Prob045_alu_sample10_single_thought_operator,/workspace/exp/useful_bd_push/t63_fused_rtl_native_20260623_133903_UTC/hard_tuning/fused_rtl_state_pipeline_qd/seed_1001/openai_gpt-oss-120b/RTLLM/Prob045_alu/Gen2/Prob045_alu_sample10_single_thought_operator/code.sv,/workspace/exp/useful_bd_push/t63_fused_rtl_native_20260623_133903_UTC/hard_tuning/fused_rtl_state_pipeline_qd/seed_1001/openai_gpt-oss-120b/RTLLM/Prob045_alu/Gen2/Prob045_alu_sample10_single_thought_operator/code_synthesis_report.metrics.json,/workspace/exp/useful_bd_push/t63_fused_rtl_native_20260623_133903_UTC/hard_tuning/fused_rtl_state_pipeline_qd/seed_1001/openai_gpt-oss-120b/RTLLM/Prob045_alu/Gen2/Prob045_alu_sample10_single_thought_operator/qd_archive_event.json,,True,True,True,False,True,True,True,False,True,,0.09310850439882698,1.0,11.0,127.0,1.0,13.0,1.0,7.21890970761906,1.0,3.8712010109078907,47.0,11.0,5.0,6.0,2.0,1.1914893617021276,0.0,2.0,0.0,47.0,56.0,491.0,8.144325008595109,17.0,3.0,3.0,2.4012219959266803,491.0,491.0,0.0,0.10705521504358238,0.9644658532776388,4.04305126783455,1.3862943611198906,6.198478716492308,3.8712010109078907,4.0,4.0,0.0,7.0,0.0,2.0,24.0,8.0,1.0,211.0,0.15469208211143695,0.6979166666666666,0.0,0.0425531914893617,0.09090909090909091,0.0,0.8650221682625154,0.7034804489330224,0.6760150991350731,47.0,58.38379551962955,0.4600886730500616,17.0,1.0,17.0,0.001466275659824047,2548.0,2.995732273553991,2.995732273553991,0.0,80.0,74.0,0.1425661914460285,0.1710794297352342,0.0835030549898167,0.6028513238289206,0.1425661914460285,0.07331975560081466,0.09979633401221996,0.6843177189409368,0.07331975560081466,0.004073319755600814,0.006109979633401222,0.9164969450101833,0.45409171568056306,0.0,0.0,0.02127659574468085,6.0,80.0,1.8818317473707982,0.03333333333333333,4.0,2.109572020021222,72.1,1364.0,49.0,1.0,1.0718475073313782,7.288244401020124
fused_rtl_state_pipeline_qd,RTLLM,Prob045_alu,combinational,revolution_qd,grid_quantile,fused_rtl_state_pipeline_2d,3,True,generation_log,09edca4b-f35e-4b22-85f8-4f28f2b9eabf,single_thought_operator,0.36778204875484594,0.36778204875484594,0.36778204875484594,success_pool,whole,crowding_evicted,False,False,"0,1",False,1973.0,0.00113,0.0,0.0,0.0,0.11325842696629214,0.9900877192982456,0.0,,/workspace/exp/useful_bd_push/t63_fused_rtl_native_20260623_133903_UTC/hard_tuning/fused_rtl_state_pipeline_qd/seed_1001/openai_gpt-oss-120b/RTLLM/Prob045_alu/Gen3/Prob045_alu_sample1_single_thought_operator,/workspace/exp/useful_bd_push/t63_fused_rtl_native_20260623_133903_UTC/hard_tuning/fused_rtl_state_pipeline_qd/seed_1001/openai_gpt-oss-120b/RTLLM/Prob045_alu/Gen2/Prob045_alu_sample8_single_thought_operator/code.sv,/workspace/exp/useful_bd_push/t63_fused_rtl_native_20260623_133903_UTC/hard_tuning/fused_rtl_state_pipeline_qd/seed_1001/openai_gpt-oss-120b/RTLLM/Prob045_alu/Gen3/Prob045_alu_sample1_single_thought_operator/code_synthesis_report.metrics.json,/workspace/exp/useful_bd_push/t63_fused_rtl_native_20260623_133903_UTC/hard_tuning/fused_rtl_state_pipeline_qd/seed_1001/openai_gpt-oss-120b/RTLLM/Prob045_alu/Gen3/Prob045_alu_sample1_single_thought_operator/qd_archive_event.json,,True,True,True,False,True,True,True,False,True,,0.09007092198581561,1.0,11.0,127.0,0.0,13.0,1.0,7.2520539518528135,1.0,3.8712010109078907,47.0,7.0,3.0,4.0,2.0,1.1914893617021276,0.0,2.0,0.0,47.0,56.0,491.0,8.144325008595109,17.0,3.0,3.0,2.4012219959266803,491.0,491.0,0.0,0.10519239179343966,0.9667847078545138,4.04305126783455,1.3862943611198906,6.198478716492308,3.8712010109078907,4.0,4.0,0.0,9.0,0.0,2.0,26.0,3.0,1.0,231.0,0.16382978723404254,0.7083333333333334,0.0,0.0425531914893617,0.09090909090909091,0.0,0.8619014259730474,0.7168826023060386,0.68693142419632,47.0,55.892414974459435,0.4476057038921898,17.0,1.0,17.0,0.0014184397163120568,3329.0,2.995732273553991,2.995732273553991,0.0,117.0,111.0,0.1425661914460285,0.17311608961303462,0.0835030549898167,0.6008146639511202,0.1425661914460285,0.07331975560081466,0.09979633401221996,0.6843177189409368,0.07331975560081466,0.0,0.012219959266802444,0.9144602851323829,0.47070616836120777,0.0,0.0,0.0425531914893617,6.0,79.0,1.8593733830538628,0.034482758620689655,2.0,2.0001963962321367,55.4,1410.0,51.0,1.0,1.0695035460992908,7.319202458767849
fused_rtl_state_pipeline_qd,RTLLM,Prob045_alu,combinational,revolution_qd,grid_quantile,fused_rtl_state_pipeline_2d,3,True,generation_log,c62282ad-b8e4-4180-b01c-628d75ecc397,single_thought_operator,0.3732886523424666,0.3732886523424666,0.3732886523424666,success_pool,whole,pareto_inserted,True,True,"0,1",False,1938.0,0.00104,0.0,0.0,0.0,0.12898876404494383,0.9908771929824561,0.0,,/workspace/exp/useful_bd_push/t63_fused_rtl_native_20260623_133903_UTC/hard_tuning/fused_rtl_state_pipeline_qd/seed_1001/openai_gpt-oss-120b/RTLLM/Prob045_alu/Gen3/Prob045_alu_sample2_single_thought_operator,/workspace/exp/useful_bd_push/t63_fused_rtl_native_20260623_133903_UTC/hard_tuning/fused_rtl_state_pipeline_qd/seed_1001/openai_gpt-oss-120b/RTLLM/Prob045_alu/Gen3/Prob045_alu_sample2_single_thought_operator/code.sv,/workspace/exp/useful_bd_push/t63_fused_rtl_native_20260623_133903_UTC/hard_tuning/fused_rtl_state_pipeline_qd/seed_1001/openai_gpt-oss-120b/RTLLM/Prob045_alu/Gen3/Prob045_alu_sample2_single_thought_operator/code_synthesis_report.metrics.json,/workspace/exp/useful_bd_push/t63_fused_rtl_native_20260623_133903_UTC/hard_tuning/fused_rtl_state_pipeline_qd/seed_1001/openai_gpt-oss-120b/RTLLM/Prob045_alu/Gen3/Prob045_alu_sample2_single_thought_operator/qd_archive_event.json,,True,True,True,False,True,True,True,False,True,,0.0905848787446505,2.0,12.0,127.0,2.0,13.0,1.0,7.246368080102461,1.0,3.8501476017100584,46.0,7.0,3.0,4.0,2.0,1.1956521739130435,0.0,0.0,0.0,46.0,55.0,428.0,7.948863148406575,17.0,3.0,3.0,2.607476635514019,428.0,428.0,0.0,0.10758965690730805,0.9618743975998407,4.02535169073515,1.3862943611198906,6.061456918928017,3.8501476017100584,4.0,4.0,0.0,7.0,0.0,2.0,25.0,3.0,2.0,222.0,0.15834522111269614,0.7127659574468085,0.0,0.043478260869565216,0.09090909090909091,0.0,0.8696997100003954,0.7690927253129094,0.7340298651678534,46.0,46.600337564933746,0.47879884000158146,15.0,1.0,15.0,0.0014265335235378032,2647.0,2.995732273553991,3.044522437723423,0.0,90.0,85.0,0.16355140186915887,0.2733644859813084,0.02102803738317757,0.5420560747663551,0.16355140186915887,0.08411214953271028,0.11448598130841121,0.6378504672897196,0.08411214953271028,0.0,0.014018691588785047,0.9018691588785047,0.4460895520078014,0.0,0.0,0.021739130434782608,6.0,78.0,1.8609994679625532,0.034482758620689655,2.0,1.9924095176450995,60.25,1402.0,52.0,1.0,1.0699001426533523,7.313886831633462
fused_rtl_state_pipeline_qd,RTLLM,Prob045_alu,combinational,revolution_qd,grid_quantile,fused_rtl_state_pipeline_2d,3,True,generation_log,ce2463c7-c003-4339-baab-2cd16134a479,single_thought_operator,0.382639135291412,0.382639135291412,0.382639135291412,success_pool,whole,pareto_inserted,True,False,"0,2",False,1875.0,0.00107,0.0,0.0,0.0,0.15730337078651685,0.9906140350877193,0.0,,/workspace/exp/useful_bd_push/t63_fused_rtl_native_20260623_133903_UTC/hard_tuning/fused_rtl_state_pipeline_qd/seed_1001/openai_gpt-oss-120b/RTLLM/Prob045_alu/Gen3/Prob045_alu_sample3_single_thought_operator,/workspace/exp/useful_bd_push/t63_fused_rtl_native_20260623_133903_UTC/hard_tuning/fused_rtl_state_pipeline_qd/seed_1001/openai_gpt-oss-120b/RTLLM/Prob045_alu/Gen3/Prob045_alu_sample3_single_thought_operator/code.sv,/workspace/exp/useful_bd_push/t63_fused_rtl_native_20260623_133903_UTC/hard_tuning/fused_rtl_state_pipeline_qd/seed_1001/openai_gpt-oss-120b/RTLLM/Prob045_alu/Gen3/Prob045_alu_sample3_single_thought_operator/code_synthesis_report.metrics.json,/workspace/exp/useful_bd_push/t63_fused_rtl_native_20260623_133903_UTC/hard_tuning/fused_rtl_state_pipeline_qd/seed_1001/openai_gpt-oss-120b/RTLLM/Prob045_alu/Gen3/Prob045_alu_sample3_single_thought_operator/qd_archive_event.json,,True,True,True,False,True,True,True,False,True,,0.09297218155197658,1.0,11.0,127.0,3.0,13.0,1.0,7.220373836723949,1.0,3.970291913552122,52.0,9.0,4.0,5.0,2.0,2.0576923076923075,0.0,0.0,0.0,52.0,107.0,434.0,8.005665410434856,17.0,4.0,3.0,2.6912442396313363,434.0,434.0,0.0,0.09758128501508377,0.9736043786703299,4.68213122712422,1.6094379124341003,6.075346031088684,3.970291913552122,5.0,5.0,0.0,9.0,0.0,2.0,25.0,6.0,1.0,212.0,0.15519765739385066,0.6792452830188679,0.0,0.057692307692307696,0.16,0.0,0.7430042448077875,0.03891328841946907,0.1574106160712015,52.0,152.64737144545654,0.0020169792311499624,20.0,0.95,19.0,0.0014641288433382138,3463.0,2.995732273553991,2.995732273553991,0.0,116.0,111.0,0.16129032258064516,0.1912442396313364,0.10138248847926268,0.5460829493087558,0.16129032258064516,0.08986175115207373,0.1152073732718894,0.6336405529953917,0.08294930875576037,0.0,0.004608294930875576,0.9124423963133641,0.3763287084576733,0.0,0.0,0.038461538461538464,6.0,85.0,1.8625066875151524,0.03333333333333333,3.0,2.0785188817596407,64.75,1366.0,51.0,1.0,1.0717423133235724,7.289610521451167
fused_rtl_state_pipeline_qd,RTLLM,Prob045_alu,combinational,revolution_qd,grid_quantile,fused_rtl_state_pipeline_2d,3,True,generation_log,5ae3dc2a-be17-4d8f-b959-d7288bd393fa,single_thought_operator,0.37278434851172876,0.37278434851172876,0.37278434851172876,success_pool,whole,filled_empty,True,False,"0,0",True,1940.0,0.00111,0.0,0.0,0.0,0.12808988764044943,0.9902631578947368,0.0,,/workspace/exp/useful_bd_push/t63_fused_rtl_native_20260623_133903_UTC/hard_tuning/fused_rtl_state_pipeline_qd/seed_1001/openai_gpt-oss-120b/RTLLM/Prob045_alu/Gen3/Prob045_alu_sample4_single_thought_operator,/workspace/exp/useful_bd_push/t63_fused_rtl_native_20260623_133903_UTC/hard_tuning/fused_rtl_state_pipeline_qd/seed_1001/openai_gpt-oss-120b/RTLLM/Prob045_alu/Gen3/Prob045_alu_sample4_single_thought_operator/code.sv,/workspace/exp/useful_bd_push/t63_fused_rtl_native_20260623_133903_UTC/hard_tuning/fused_rtl_state_pipeline_qd/seed_1001/openai_gpt-oss-120b/RTLLM/Prob045_alu/Gen3/Prob045_alu_sample4_single_thought_operator/code_synthesis_report.metrics.json,/workspace/exp/useful_bd_push/t63_fused_rtl_native_20260623_133903_UTC/hard_tuning/fused_rtl_state_pipeline_qd/seed_1001/openai_gpt-oss-120b/RTLLM/Prob045_alu/Gen3/Prob045_alu_sample4_single_thought_operator/qd_archive_event.json,,True,True,True,False,True,True,True,False,True,,0.08881118881118881,1.0,9.0,127.0,5.0,13.0,1.0,7.266128779556451,1.0,3.8066624897703196,44.0,7.0,1.0,2.0,2.0,1.2045454545454546,0.0,1.0,0.0,44.0,53.0,426.0,7.94237004303168,17.0,3.0,3.0,2.615023474178404,426.0,426.0,0.0,0.10764838473269123,0.9635296477430162,3.9889840465642745,1.3862943611198906,6.056784013228625,3.8066624897703196,4.0,4.0,0.0,7.0,0.0,1.0,24.0,3.0,1.0,206.0,0.14405594405594405,0.7444444444444445,0.0,0.045454545454545456,0.09090909090909091,0.0,0.8675923954534516,0.7733183971042115,0.7371289628651405,44.0,47.48565408935441,0.47036958181380606,15.0,1.0,15.0,0.0006993006993006993,3015.0,2.995732273553991,2.995732273553991,0.0,99.0,95.0,0.1643192488262911,0.19953051643192488,0.09624413145539906,0.539906103286385,0.1643192488262911,0.08450704225352113,0.11502347417840375,0.636150234741784,0.08450704225352113,0.0,0.009389671361502348,0.9061032863849765,0.4567657907413731,0.0,0.0,0.022727272727272728,6.0,74.0,1.8010657220914288,0.037037037037037035,0.0,1.8793084603233434,48.1,1430.0,53.0,1.0,1.0685314685314686,7.332369205929062
fused_rtl_state_pipeline_qd,RTLLM,Prob045_alu,combinational,revolution_qd,grid_quantile,fused_rtl_state_pipeline_2d,3,True,generation_log,1bfda5ff-0b3e-449a-9e2f-f20d8dbccfa9,single_thought_operator,0.38548196333530454,0.38548196333530454,0.38548196333530454,success_pool,whole,replaced_elite,True,True,"0,1",True,1857.0,0.00102,0.0,0.0,0.0,0.16539325842696628,0.9910526315789473,0.0,,/workspace/exp/useful_bd_push/t63_fused_rtl_native_20260623_133903_UTC/hard_tuning/fused_rtl_state_pipeline_qd/seed_1001/openai_gpt-oss-120b/RTLLM/Prob045_alu/Gen3/Prob045_alu_sample6_single_thought_operator,/workspace/exp/useful_bd_push/t63_fused_rtl_native_20260623_133903_UTC/hard_tuning/fused_rtl_state_pipeline_qd/seed_1001/openai_gpt-oss-120b/RTLLM/Prob045_alu/Gen3/Prob045_alu_sample6_single_thought_operator/code.sv,/workspace/exp/useful_bd_push/t63_fused_rtl_native_20260623_133903_UTC/hard_tuning/fused_rtl_state_pipeline_qd/seed_1001/openai_gpt-oss-120b/RTLLM/Prob045_alu/Gen3/Prob045_alu_sample6_single_thought_operator/code_synthesis_report.metrics.json,/workspace/exp/useful_bd_push/t63_fused_rtl_native_20260623_133903_UTC/hard_tuning/fused_rtl_state_pipeline_qd/seed_1001/openai_gpt-oss-120b/RTLLM/Prob045_alu/Gen3/Prob045_alu_sample6_single_thought_operator/qd_archive_event.json,,True,True,True,False,True,True,True,False,True,,0.09276844411979547,1.0,9.0,127.0,0.0,13.0,1.0,7.222566018822171,1.0,3.8712010109078907,47.0,9.0,3.0,4.0,2.0,1.1914893617021276,0.0,1.0,0.0,47.0,56.0,491.0,8.144325008595109,17.0,3.0,3.0,2.4012219959266803,491.0,491.0,0.0,0.10517719686408049,0.9653845566303952,4.04305126783455,1.3862943611198906,6.198478716492308,3.8712010109078907,4.0,4.0,0.0,9.0,0.0,1.0,24.0,3.0,1.0,216.0,0.15777940102264426,0.7083333333333334,0.0,0.0425531914893617,0.09090909090909091,0.0,0.8628880753909501,0.7103218351065249,0.6814842035077621,47.0,56.48184892585015,0.45155230156380033,17.0,1.0,17.0,0.0007304601899196494,2712.0,2.995732273553991,2.995732273553991,0.0,86.0,84.0,0.1425661914460285,0.17311608961303462,0.0835030549898167,0.6008146639511202,0.1425661914460285,0.07331975560081466,0.09979633401221996,0.6843177189409368,0.07331975560081466,0.0,0.008146639511201629,0.9185336048879837,0.46187486544056383,0.0,0.0,0.0425531914893617,6.0,79.0,1.8593733830538628,0.034482758620689655,2.0,2.0441104177484006,53.1,1369.0,51.0,1.0,1.0715850986121256,7.291656209174461
fused_rtl_state_pipeline_qd,RTLLM,Prob045_alu,combinational,revolution_qd,grid_quantile,fused_rtl_state_pipeline_2d,3,True,generation_log,2190bc65-fd11-4b06-b413-a81cf0d9f792,single_thought_operator,0.37853209803535054,0.37853209803535054,0.37853209803535054,success_pool,whole,pareto_inserted,True,True,"0,1",True,1903.0,0.00104,0.0,0.0,0.0,0.1447191011235955,0.9908771929824561,0.0,,/workspace/exp/useful_bd_push/t63_fused_rtl_native_20260623_133903_UTC/hard_tuning/fused_rtl_state_pipeline_qd/seed_1001/openai_gpt-oss-120b/RTLLM/Prob045_alu/Gen3/Prob045_alu_sample8_single_thought_operator,/workspace/exp/useful_bd_push/t63_fused_rtl_native_20260623_133903_UTC/hard_tuning/fused_rtl_state_pipeline_qd/seed_1001/openai_gpt-oss-120b/RTLLM/Prob045_alu/Gen3/Prob045_alu_sample8_single_thought_operator/code.sv,/workspace/exp/useful_bd_push/t63_fused_rtl_native_20260623_133903_UTC/hard_tuning/fused_rtl_state_pipeline_qd/seed_1001/openai_gpt-oss-120b/RTLLM/Prob045_alu/Gen3/Prob045_alu_sample8_single_thought_operator/code_synthesis_report.metrics.json,/workspace/exp/useful_bd_push/t63_fused_rtl_native_20260623_133903_UTC/hard_tuning/fused_rtl_state_pipeline_qd/seed_1001/openai_gpt-oss-120b/RTLLM/Prob045_alu/Gen3/Prob045_alu_sample8_single_thought_operator/qd_archive_event.json,,True,True,True,False,True,True,True,False,True,,0.09297218155197658,1.0,11.0,127.0,0.0,13.0,1.0,7.220373836723949,1.0,3.8712010109078907,47.0,7.0,3.0,4.0,2.0,1.1914893617021276,0.0,2.0,0.0,47.0,56.0,491.0,8.144325008595109,17.0,3.0,3.0,2.4012219959266803,491.0,491.0,0.0,0.10519239179343848,0.966784707854514,4.04305126783455,1.3862943611198906,6.198478716492308,3.8712010109078907,4.0,4.0,0.0,9.0,0.0,2.0,26.0,3.0,1.0,224.0,0.16398243045387995,0.7083333333333334,0.0,0.0425531914893617,0.09090909090909091,0.0,0.8619014259730474,0.7168826023060386,0.68693142419632,47.0,55.892414974459435,0.4476057038921898,17.0,1.0,17.0,0.0014641288433382138,3074.0,2.995732273553991,2.995732273553991,0.0,95.0,93.0,0.1425661914460285,0.23828920570264767,0.018329938900203666,0.6008146639511202,0.1425661914460285,0.07331975560081466,0.09979633401221996,0.6843177189409368,0.07331975560081466,0.0,0.012219959266802444,0.9144602851323829,0.4725084691332751,0.0,0.0,0.0425531914893617,6.0,79.0,1.8593733830538628,0.034482758620689655,2.0,2.0001963962321367,55.4,1366.0,51.0,1.0,1.0717423133235724,7.289610521451167
fused_rtl_state_pipeline_qd,RTLLM,Prob045_alu,combinational,revolution_qd,grid_quantile,fused_rtl_state_pipeline_2d,3,True,generation_log,e7c9ccf3-a533-4b91-993c-539eea94257d,single_thought_operator,0.38688875747420987,0.38688875747420987,0.38688875747420987,success_pool,whole,pareto_inserted,True,True,"0,3",True,1848.0,0.001,0.0,0.0,0.0,0.169438202247191,0.9912280701754386,0.0,,/workspace/exp/useful_bd_push/t63_fused_rtl_native_20260623_133903_UTC/hard_tuning/fused_rtl_state_pipeline_qd/seed_1001/openai_gpt-oss-120b/RTLLM/Prob045_alu/Gen3/Prob045_alu_sample9_single_thought_operator,/workspace/exp/useful_bd_push/t63_fused_rtl_native_20260623_133903_UTC/hard_tuning/fused_rtl_state_pipeline_qd/seed_1001/openai_gpt-oss-120b/RTLLM/Prob045_alu/Gen3/Prob045_alu_sample9_single_thought_operator/code.sv,/workspace/exp/useful_bd_push/t63_fused_rtl_native_20260623_133903_UTC/hard_tuning/fused_rtl_state_pipeline_qd/seed_1001/openai_gpt-oss-120b/RTLLM/Prob045_alu/Gen3/Prob045_alu_sample9_single_thought_operator/code_synthesis_report.metrics.json,/workspace/exp/useful_bd_push/t63_fused_rtl_native_20260623_133903_UTC/hard_tuning/fused_rtl_state_pipeline_qd/seed_1001/openai_gpt-oss-120b/RTLLM/Prob045_alu/Gen3/Prob045_alu_sample9_single_thought_operator/qd_archive_event.json,,True,True,True,False,True,True,True,False,True,,0.09719058466211086,1.0,11.0,128.0,2.0,15.0,1.0,7.183870715062453,1.0,4.060443010546419,57.0,5.0,5.0,6.0,2.0,1.2280701754385965,0.0,3.0,0.0,57.0,70.0,501.0,8.177335926307979,17.0,4.0,4.0,2.3812375249501,501.0,501.0,0.0,0.08269538295141365,0.9634164608464931,4.2626798770413155,1.6094379124341003,6.218600119691729,4.060443010546419,5.0,5.0,0.0,23.0,0.0,2.0,26.0,8.0,1.0,222.0,0.16856492027334852,0.6206896551724138,0.0,0.08771929824561403,0.38461538461538464,0.0,0.8278690020151523,0.683739183889251,0.6521119747974728,57.0,45.47334784552061,0.3114760080606096,19.0,1.0,19.0,0.0015186028853454822,3022.0,2.995732273553991,2.995732273553991,0.0,93.0,90.0,0.13972055888223553,0.24750499001996007,0.017964071856287425,0.5948103792415169,0.13972055888223553,0.07385229540918163,0.10379241516966067,0.6826347305389222,0.0718562874251497,0.0,0.011976047904191617,0.9161676646706587,0.420951744750197,0.0,0.0,0.10526315789473684,6.0,87.0,1.8324519404841544,0.037037037037037035,4.0,2.021763211018344,66.4,1317.0,48.0,1.0,1.0751708428246014,7.256297239690681
fused_rtl_state_pipeline_qd,RTLLM,Prob045_alu,combinational,revolution_qd,grid_quantile,fused_rtl_state_pipeline_2d,3,True,generation_log,e77edd93-01cc-47e6-8093-b53f486a2c52,single_thought_operator,0.3847657533346475,0.3847657533346475,0.3847657533346475,success_pool,whole,crowding_evicted,False,False,"0,1",False,1861.0,0.00106,0.0,0.0,0.0,0.16359550561797753,0.9907017543859649,0.0,,/workspace/exp/useful_bd_push/t63_fused_rtl_native_20260623_133903_UTC/hard_tuning/fused_rtl_state_pipeline_qd/seed_1001/openai_gpt-oss-120b/RTLLM/Prob045_alu/Gen3/Prob045_alu_sample10_single_thought_operator,/workspace/exp/useful_bd_push/t63_fused_rtl_native_20260623_133903_UTC/hard_tuning/fused_rtl_state_pipeline_qd/seed_1001/openai_gpt-oss-120b/RTLLM/Prob045_alu/Gen3/Prob045_alu_sample6_single_thought_operator/code.sv,/workspace/exp/useful_bd_push/t63_fused_rtl_native_20260623_133903_UTC/hard_tuning/fused_rtl_state_pipeline_qd/seed_1001/openai_gpt-oss-120b/RTLLM/Prob045_alu/Gen3/Prob045_alu_sample10_single_thought_operator/code_synthesis_report.metrics.json,/workspace/exp/useful_bd_push/t63_fused_rtl_native_20260623_133903_UTC/hard_tuning/fused_rtl_state_pipeline_qd/seed_1001/openai_gpt-oss-120b/RTLLM/Prob045_alu/Gen3/Prob045_alu_sample10_single_thought_operator/qd_archive_event.json,,True,True,True,False,True,True,True,False,True,,0.09584905660377359,1.0,11.0,127.0,0.0,13.0,1.0,7.189922170745808,1.0,3.912023005428146,49.0,7.0,3.0,4.0,2.0,2.061224489795918,0.0,0.0,0.0,49.0,101.0,493.0,8.18009400250613,17.0,3.0,3.0,2.4827586206896552,493.0,493.0,0.0,0.10321466471695404,0.9785297675035407,4.624972813284271,1.3862943611198906,6.202535517187923,3.912023005428146,4.0,4.0,0.0,7.0,0.0,2.0,26.0,3.0,1.0,213.0,0.16075471698113208,0.7,0.0,0.04081632653061224,0.041666666666666664,1.0,0.1861869429066232,0.0,0.4069065285466884,49.0,203.0789848777199,0.00756251507739969,21.0,0.9523809523809523,20.0,0.0015094339622641509,2933.0,2.995732273553991,2.995732273553991,0.0,98.0,94.0,0.14198782961460446,0.16835699797160245,0.0872210953346856,0.6024340770791075,0.14198782961460446,0.07910750507099391,0.09939148073022312,0.6795131845841785,0.07302231237322515,0.0,0.0,0.9269776876267748,0.4422243891249874,0.0,0.0,0.02040816326530612,6.0,81.0,1.8520127396966177,0.034482758620689655,2.0,1.9711275597996059,55.4,1325.0,52.0,1.0,1.0739622641509434,7.261225091971921
fused_rtl_state_pipeline_qd,RTLLM,Prob045_alu,combinational,revolution_qd,grid_quantile,fused_rtl_state_pipeline_2d,3,True,generation_log,0805b4d1-8231-4363-b114-e04da6208442,single_thought_operator,0.3914744726986004,0.3914744726986004,0.3914744726986004,success_pool,whole,replaced_elite,True,True,"0,2",True,1817.0,0.00102,0.0,0.0,0.0,0.18337078651685393,0.9910526315789473,0.0,,/workspace/exp/useful_bd_push/t63_fused_rtl_native_20260623_133903_UTC/hard_tuning/fused_rtl_state_pipeline_qd/seed_1001/openai_gpt-oss-120b/RTLLM/Prob045_alu/Gen3/Prob045_alu_sample12_single_thought_operator,/workspace/exp/useful_bd_push/t63_fused_rtl_native_20260623_133903_UTC/hard_tuning/fused_rtl_state_pipeline_qd/seed_1001/openai_gpt-oss-120b/RTLLM/Prob045_alu/Gen3/Prob045_alu_sample12_single_thought_operator/code.sv,/workspace/exp/useful_bd_push/t63_fused_rtl_native_20260623_133903_UTC/hard_tuning/fused_rtl_state_pipeline_qd/seed_1001/openai_gpt-oss-120b/RTLLM/Prob045_alu/Gen3/Prob045_alu_sample12_single_thought_operator/code_synthesis_report.metrics.json,/workspace/exp/useful_bd_push/t63_fused_rtl_native_20260623_133903_UTC/hard_tuning/fused_rtl_state_pipeline_qd/seed_1001/openai_gpt-oss-120b/RTLLM/Prob045_alu/Gen3/Prob045_alu_sample12_single_thought_operator/qd_archive_event.json,,True,True,True,False,True,True,True,False,True,,0.09599395313681028,1.0,11.0,127.0,0.0,13.0,1.0,7.188412736496954,1.0,3.9318256327243257,50.0,9.0,4.0,5.0,2.0,1.18,0.0,3.0,0.0,50.0,59.0,494.0,8.132030473773579,19.0,3.0,3.0,2.417004048582996,494.0,494.0,1.0,0.06385517946291876,0.9633308130875666,4.0943445622221,1.3862943611198906,6.20455776256869,3.9318256327243257,4.0,4.0,0.0,8.0,0.0,2.0,24.0,3.0,1.0,220.0,0.16628873771730915,0.7058823529411765,0.0,0.04,0.09090909090909091,0.0,0.8709426078391125,0.7209732327878449,0.6924550036268848,50.0,54.836087211494544,0.4837704313564498,18.0,1.0,18.0,0.0015117157974300832,4242.0,3.044522437723423,3.044522437723423,0.0,138.0,133.0,0.1417004048582996,0.1720647773279352,0.08906882591093117,0.597165991902834,0.1417004048582996,0.07692307692307693,0.10121457489878542,0.680161943319838,0.0728744939271255,0.0,0.012145748987854251,0.9149797570850202,0.4582313589329739,0.0,0.0,0.02,6.0,85.0,1.8488873721211068,0.03125,2.0,2.0819589785701247,58.6,1323.0,55.0,1.0,1.0740740740740742,7.259819610363186
fused_rtl_state_pipeline_qd,RTLLM,Prob049_signal_generator,sequential,revolution_qd,grid_quantile,fused_rtl_state_pipeline_2d,0,True,generation_log,9e15476b-df1a-4c60-aad2-082e34e131e5,initial,0.23477469440256318,0.23477469440256318,0.23477469440256318,initial,whole,warmup_buffered,False,False,warmup:1,True,82.0,0.00252,0.38,-1.99,-0.37,0.1276595744680851,0.46038543897216266,0.11627906976744183,,/workspace/exp/useful_bd_push/t63_fused_rtl_native_20260623_133903_UTC/hard_tuning/fused_rtl_state_pipeline_qd/seed_1001/openai_gpt-oss-120b/RTLLM/Prob049_signal_generator/Gen0/Prob049_signal_generator_sample1_initial,/workspace/exp/useful_bd_push/t63_fused_rtl_native_20260623_133903_UTC/hard_tuning/fused_rtl_state_pipeline_qd/seed_1001/openai_gpt-oss-120b/RTLLM/Prob049_signal_generator/Gen0/Prob049_signal_generator_sample1_initial/code.sv,/workspace/exp/useful_bd_push/t63_fused_rtl_native_20260623_133903_UTC/hard_tuning/fused_rtl_state_pipeline_qd/seed_1001/openai_gpt-oss-120b/RTLLM/Prob049_signal_generator/Gen0/Prob049_signal_generator_sample1_initial/code_synthesis_report.metrics.json,/workspace/exp/useful_bd_push/t63_fused_rtl_native_20260623_133903_UTC/hard_tuning/fused_rtl_state_pipeline_qd/seed_1001/openai_gpt-oss-120b/RTLLM/Prob049_signal_generator/Gen0/Prob049_signal_generator_sample1_initial/qd_archive_event.json,,True,True,True,False,True,True,True,False,True,,0.11764705882352941,1.0,2.0,4.0,0.0,18.0,1.0,3.5553480614894135,0.8235294117647058,2.70805020110221,14.0,10.0,4.0,0.45454545454545453,6.0,1.75,0.0,2.0,0.0,16.0,28.0,42.0,5.034853807117358,5.0,0.0,0.0,1.7380952380952381,42.0,42.0,3.0,0.2513307156484792,0.9588993229553239,3.367295829986474,0.0,3.7612001156935624,2.833213344056216,3.0,3.0,0.0,0.0,0.0,1.0,12.0,1.0,0.0,0.0,0.0,0.38235294117647056,10.0,1.0,1.0,0.0,0.6218237069696719,0.256691795941219,0.34870519061603544,16.0,10.036970862581722,0.07300911359297346,7.0,0.8571428571428571,6.0,0.029411764705882353,1065.0,2.302585092994046,2.302585092994046,0.0,34.0,33.0,0.19047619047619047,0.14285714285714285,0.2857142857142857,0.38095238095238093,0.19047619047619047,0.11904761904761904,0.3333333333333333,0.35714285714285715,0.2619047619047619,0.0,0.6190476190476191,0.11904761904761904,0.4077162961238085,0.17647058823529413,6.0,0.0625,0.0,31.0,2.186278124459133,0.3,0.0,1.7273966735744792,18.8,34.0,13.0,1.0,1.2058823529411764,3.7376696182833684
fused_rtl_state_pipeline_qd,RTLLM,Prob049_signal_generator,sequential,revolution_qd,grid_quantile,fused_rtl_state_pipeline_2d,0,True,generation_log,ee00546a-3b43-400f-87ff-95598277c3ed,initial,0.23477469440256318,0.23477469440256318,0.23477469440256318,initial,whole,warmup_buffered,False,False,warmup:2,True,82.0,0.00252,0.38,-1.99,-0.37,0.1276595744680851,0.46038543897216266,0.11627906976744183,,/workspace/exp/useful_bd_push/t63_fused_rtl_native_20260623_133903_UTC/hard_tuning/fused_rtl_state_pipeline_qd/seed_1001/openai_gpt-oss-120b/RTLLM/Prob049_signal_generator/Gen0/Prob049_signal_generator_sample2_initial,/workspace/exp/useful_bd_push/t63_fused_rtl_native_20260623_133903_UTC/hard_tuning/fused_rtl_state_pipeline_qd/seed_1001/openai_gpt-oss-120b/RTLLM/Prob049_signal_generator/Gen0/Prob049_signal_generator_sample2_initial/code.sv,/workspace/exp/useful_bd_push/t63_fused_rtl_native_20260623_133903_UTC/hard_tuning/fused_rtl_state_pipeline_qd/seed_1001/openai_gpt-oss-120b/RTLLM/Prob049_signal_generator/Gen0/Prob049_signal_generator_sample2_initial/code_synthesis_report.metrics.json,/workspace/exp/useful_bd_push/t63_fused_rtl_native_20260623_133903_UTC/hard_tuning/fused_rtl_state_pipeline_qd/seed_1001/openai_gpt-oss-120b/RTLLM/Prob049_signal_generator/Gen0/Prob049_signal_generator_sample2_initial/qd_archive_event.json,,True,True,True,False,True,True,True,False,True,,0.11764705882352941,1.0,2.0,4.0,0.0,18.0,1.0,3.5553480614894135,0.8235294117647058,2.70805020110221,14.0,12.0,4.0,0.38461538461538464,6.0,1.75,0.0,2.0,0.0,16.0,28.0,42.0,5.034853807117358,5.0,0.0,0.0,1.7380952380952381,42.0,42.0,3.0,0.2513307156484792,0.9588993229553239,3.367295829986474,0.0,3.7612001156935624,2.833213344056216,3.0,3.0,0.0,0.0,0.0,1.0,13.0,1.0,0.0,0.0,0.0,0.38235294117647056,12.0,1.0,1.0,0.0,0.6218237069696719,0.256691795941219,0.34870519061603544,16.0,10.036970862581722,0.07300911359297346,7.0,0.8571428571428571,6.0,0.029411764705882353,1204.0,2.3978952727983707,2.3978952727983707,0.0,40.0,37.0,0.19047619047619047,0.14285714285714285,0.2857142857142857,0.38095238095238093,0.19047619047619047,0.11904761904761904,0.3333333333333333,0.35714285714285715,0.2619047619047619,0.0,0.6190476190476191,0.11904761904761904,0.4077162961238085,0.17647058823529413,6.0,0.0625,0.0,31.0,2.186278124459133,0.3,0.0,1.6920909444356471,19.95,34.0,13.0,1.0,1.2058823529411764,3.7376696182833684
fused_rtl_state_pipeline_qd,RTLLM,Prob049_signal_generator,sequential,revolution_qd,grid_quantile,fused_rtl_state_pipeline_2d,0,True,generation_log,87729fb4-3841-43a7-b6ba-fcc19eb6c97d,initial,0.23477469440256318,0.23477469440256318,0.23477469440256318,initial,whole,warmup_buffered,False,False,warmup:3,False,82.0,0.00252,0.38,-1.99,-0.37,0.1276595744680851,0.46038543897216266,0.11627906976744183,,/workspace/exp/useful_bd_push/t63_fused_rtl_native_20260623_133903_UTC/hard_tuning/fused_rtl_state_pipeline_qd/seed_1001/openai_gpt-oss-120b/RTLLM/Prob049_signal_generator/Gen0/Prob049_signal_generator_sample3_initial,/workspace/exp/useful_bd_push/t63_fused_rtl_native_20260623_133903_UTC/hard_tuning/fused_rtl_state_pipeline_qd/seed_1001/openai_gpt-oss-120b/RTLLM/Prob049_signal_generator/Gen0/Prob049_signal_generator_sample3_initial/code.sv,/workspace/exp/useful_bd_push/t63_fused_rtl_native_20260623_133903_UTC/hard_tuning/fused_rtl_state_pipeline_qd/seed_1001/openai_gpt-oss-120b/RTLLM/Prob049_signal_generator/Gen0/Prob049_signal_generator_sample3_initial/code_synthesis_report.metrics.json,/workspace/exp/useful_bd_push/t63_fused_rtl_native_20260623_133903_UTC/hard_tuning/fused_rtl_state_pipeline_qd/seed_1001/openai_gpt-oss-120b/RTLLM/Prob049_signal_generator/Gen0/Prob049_signal_generator_sample3_initial/qd_archive_event.json,,True,True,True,False,True,True,True,False,True,,0.11764705882352941,1.0,2.0,4.0,0.0,18.0,1.0,3.5553480614894135,0.8235294117647058,2.70805020110221,14.0,10.0,4.0,0.45454545454545453,6.0,1.75,0.0,0.0,0.0,16.0,28.0,42.0,5.034853807117358,5.0,0.0,0.0,1.7380952380952381,42.0,42.0,3.0,0.251330715648479,0.9588993229553239,3.367295829986474,0.0,3.7612001156935624,2.833213344056216,3.0,3.0,0.0,0.0,0.0,1.0,9.0,1.0,0.0,0.0,0.0,0.38235294117647056,10.0,1.0,1.0,0.0,0.6218237069696719,0.256691795941219,0.34870519061603544,16.0,10.036970862581722,0.07300911359297346,7.0,0.8571428571428571,6.0,0.029411764705882353,1202.0,2.3978952727983707,2.3978952727983707,0.0,41.0,38.0,0.19047619047619047,0.14285714285714285,0.2857142857142857,0.38095238095238093,0.19047619047619047,0.11904761904761904,0.3333333333333333,0.35714285714285715,0.2619047619047619,0.0,0.6190476190476191,0.11904761904761904,0.4077162961238085,0.17647058823529413,6.0,0.0625,0.0,31.0,2.186278124459133,0.3,0.0,1.7739119513005472,18.35,34.0,13.0,1.0,1.2058823529411764,3.7376696182833684
fused_rtl_state_pipeline_qd,RTLLM,Prob049_signal_generator,sequential,revolution_qd,grid_quantile,fused_rtl_state_pipeline_2d,0,True,generation_log,a234789a-79a0-44b7-af78-8930b0aec475,initial,0.23477469440256318,0.23477469440256318,0.23477469440256318,initial,whole,warmup_buffered,False,False,warmup:4,False,82.0,0.00252,0.38,-1.99,-0.37,0.1276595744680851,0.46038543897216266,0.11627906976744183,,/workspace/exp/useful_bd_push/t63_fused_rtl_native_20260623_133903_UTC/hard_tuning/fused_rtl_state_pipeline_qd/seed_1001/openai_gpt-oss-120b/RTLLM/Prob049_signal_generator/Gen0/Prob049_signal_generator_sample5_initial,/workspace/exp/useful_bd_push/t63_fused_rtl_native_20260623_133903_UTC/hard_tuning/fused_rtl_state_pipeline_qd/seed_1001/openai_gpt-oss-120b/RTLLM/Prob049_signal_generator/Gen0/Prob049_signal_generator_sample5_initial/code.sv,/workspace/exp/useful_bd_push/t63_fused_rtl_native_20260623_133903_UTC/hard_tuning/fused_rtl_state_pipeline_qd/seed_1001/openai_gpt-oss-120b/RTLLM/Prob049_signal_generator/Gen0/Prob049_signal_generator_sample5_initial/code_synthesis_report.metrics.json,/workspace/exp/useful_bd_push/t63_fused_rtl_native_20260623_133903_UTC/hard_tuning/fused_rtl_state_pipeline_qd/seed_1001/openai_gpt-oss-120b/RTLLM/Prob049_signal_generator/Gen0/Prob049_signal_generator_sample5_initial/qd_archive_event.json,,True,True,True,False,True,True,True,False,True,,0.11764705882352941,1.0,2.0,4.0,0.0,18.0,1.0,3.5553480614894135,0.8235294117647058,2.70805020110221,14.0,12.0,4.0,0.38461538461538464,6.0,1.75,0.0,2.0,0.0,16.0,28.0,42.0,5.034853807117358,5.0,0.0,0.0,1.7380952380952381,42.0,42.0,3.0,0.2513307156484792,0.9588993229553239,3.367295829986474,0.0,3.7612001156935624,2.833213344056216,3.0,3.0,0.0,0.0,0.0,1.0,13.0,1.0,0.0,0.0,0.0,0.38235294117647056,12.0,1.0,1.0,0.0,0.6218237069696719,0.256691795941219,0.34870519061603544,16.0,10.036970862581722,0.07300911359297346,7.0,0.8571428571428571,6.0,0.029411764705882353,1245.0,2.3978952727983707,2.3978952727983707,0.0,40.0,39.0,0.19047619047619047,0.14285714285714285,0.2857142857142857,0.38095238095238093,0.19047619047619047,0.11904761904761904,0.3333333333333333,0.35714285714285715,0.2619047619047619,0.0,0.6190476190476191,0.11904761904761904,0.4077162961238085,0.17647058823529413,6.0,0.0625,0.0,31.0,2.186278124459133,0.3,0.0,1.6920909444356471,19.95,34.0,14.0,1.0,1.2058823529411764,3.7376696182833684
fused_rtl_state_pipeline_qd,RTLLM,Prob049_signal_generator,sequential,revolution_qd,grid_quantile,fused_rtl_state_pipeline_2d,0,True,generation_log,7e16c4b7-3d49-4f84-a88f-a54026eb7a51,initial,0.23477469440256318,0.23477469440256318,0.23477469440256318,initial,whole,warmup_buffered,False,False,warmup:5,False,82.0,0.00252,0.38,-1.99,-0.37,0.1276595744680851,0.46038543897216266,0.11627906976744183,,/workspace/exp/useful_bd_push/t63_fused_rtl_native_20260623_133903_UTC/hard_tuning/fused_rtl_state_pipeline_qd/seed_1001/openai_gpt-oss-120b/RTLLM/Prob049_signal_generator/Gen0/Prob049_signal_generator_sample6_initial,/workspace/exp/useful_bd_push/t63_fused_rtl_native_20260623_133903_UTC/hard_tuning/fused_rtl_state_pipeline_qd/seed_1001/openai_gpt-oss-120b/RTLLM/Prob049_signal_generator/Gen0/Prob049_signal_generator_sample6_initial/code.sv,/workspace/exp/useful_bd_push/t63_fused_rtl_native_20260623_133903_UTC/hard_tuning/fused_rtl_state_pipeline_qd/seed_1001/openai_gpt-oss-120b/RTLLM/Prob049_signal_generator/Gen0/Prob049_signal_generator_sample6_initial/code_synthesis_report.metrics.json,/workspace/exp/useful_bd_push/t63_fused_rtl_native_20260623_133903_UTC/hard_tuning/fused_rtl_state_pipeline_qd/seed_1001/openai_gpt-oss-120b/RTLLM/Prob049_signal_generator/Gen0/Prob049_signal_generator_sample6_initial/qd_archive_event.json,,True,True,True,False,True,True,True,False,True,,0.11764705882352941,1.0,2.0,4.0,0.0,18.0,1.0,3.5553480614894135,0.8235294117647058,2.70805020110221,14.0,9.0,4.0,0.5,6.0,1.75,0.0,0.0,0.0,16.0,28.0,42.0,5.034853807117358,5.0,0.0,0.0,1.7380952380952381,42.0,42.0,3.0,0.251330715648479,0.9588993229553239,3.367295829986474,0.0,3.7612001156935624,2.833213344056216,3.0,3.0,0.0,0.0,0.0,1.0,8.0,1.0,0.0,0.0,0.0,0.38235294117647056,9.0,1.0,1.0,0.0,0.6218237069696719,0.256691795941219,0.34870519061603544,16.0,10.036970862581722,0.07300911359297346,7.0,0.8571428571428571,6.0,0.029411764705882353,1035.0,2.3978952727983707,2.3978952727983707,0.0,37.0,34.0,0.19047619047619047,0.14285714285714285,0.2857142857142857,0.38095238095238093,0.19047619047619047,0.11904761904761904,0.3333333333333333,0.35714285714285715,0.2619047619047619,0.0,0.6190476190476191,0.11904761904761904,0.4077162961238085,0.17647058823529413,6.0,0.0625,0.0,31.0,2.186278124459133,0.3,0.0,1.8048956511448035,17.7,34.0,13.0,1.0,1.2058823529411764,3.7376696182833684
fused_rtl_state_pipeline_qd,RTLLM,Prob049_signal_generator,sequential,revolution_qd,grid_quantile,fused_rtl_state_pipeline_2d,0,True,generation_log,c53d7092-d598-4713-8e9b-fdea900fae05,initial,0.23477469440256318,0.23477469440256318,0.23477469440256318,initial,whole,warmup_buffered,False,False,warmup:6,False,82.0,0.00252,0.38,-1.99,-0.37,0.1276595744680851,0.46038543897216266,0.11627906976744183,,/workspace/exp/useful_bd_push/t63_fused_rtl_native_20260623_133903_UTC/hard_tuning/fused_rtl_state_pipeline_qd/seed_1001/openai_gpt-oss-120b/RTLLM/Prob049_signal_generator/Gen0/Prob049_signal_generator_sample7_initial,/workspace/exp/useful_bd_push/t63_fused_rtl_native_20260623_133903_UTC/hard_tuning/fused_rtl_state_pipeline_qd/seed_1001/openai_gpt-oss-120b/RTLLM/Prob049_signal_generator/Gen0/Prob049_signal_generator_sample7_initial/code.sv,/workspace/exp/useful_bd_push/t63_fused_rtl_native_20260623_133903_UTC/hard_tuning/fused_rtl_state_pipeline_qd/seed_1001/openai_gpt-oss-120b/RTLLM/Prob049_signal_generator/Gen0/Prob049_signal_generator_sample7_initial/code_synthesis_report.metrics.json,/workspace/exp/useful_bd_push/t63_fused_rtl_native_20260623_133903_UTC/hard_tuning/fused_rtl_state_pipeline_qd/seed_1001/openai_gpt-oss-120b/RTLLM/Prob049_signal_generator/Gen0/Prob049_signal_generator_sample7_initial/qd_archive_event.json,,True,True,True,False,True,True,True,False,True,,0.11764705882352941,1.0,2.0,4.0,0.0,18.0,1.0,3.5553480614894135,0.8235294117647058,2.70805020110221,14.0,10.0,4.0,0.45454545454545453,6.0,1.75,0.0,0.0,0.0,16.0,28.0,42.0,5.034853807117358,5.0,0.0,0.0,1.7380952380952381,42.0,42.0,3.0,0.251330715648479,0.9588993229553239,3.367295829986474,0.0,3.7612001156935624,2.833213344056216,3.0,3.0,0.0,0.0,0.0,1.0,9.0,1.0,0.0,0.0,0.0,0.38235294117647056,10.0,1.0,1.0,0.0,0.6218237069696719,0.256691795941219,0.34870519061603544,16.0,10.036970862581722,0.07300911359297346,7.0,0.8571428571428571,6.0,0.029411764705882353,1033.0,2.3978952727983707,2.3978952727983707,0.0,36.0,35.0,0.19047619047619047,0.14285714285714285,0.2857142857142857,0.38095238095238093,0.19047619047619047,0.11904761904761904,0.3333333333333333,0.35714285714285715,0.2619047619047619,0.0,0.6190476190476191,0.11904761904761904,0.4077162961238085,0.17647058823529413,6.0,0.0625,0.0,31.0,2.186278124459133,0.3,0.0,1.7739119513005472,18.35,34.0,14.0,1.0,1.2058823529411764,3.7376696182833684
fused_rtl_state_pipeline_qd,RTLLM,Prob049_signal_generator,sequential,revolution_qd,grid_quantile,fused_rtl_state_pipeline_2d,0,True,generation_log,6164bd19-62a2-4598-9873-f3865e15883f,initial,0.23477469440256318,0.23477469440256318,0.23477469440256318,initial,whole,warmup_buffered,False,False,warmup:7,False,82.0,0.00252,0.38,-1.99,-0.37,0.1276595744680851,0.46038543897216266,0.11627906976744183,,/workspace/exp/useful_bd_push/t63_fused_rtl_native_20260623_133903_UTC/hard_tuning/fused_rtl_state_pipeline_qd/seed_1001/openai_gpt-oss-120b/RTLLM/Prob049_signal_generator/Gen0/Prob049_signal_generator_sample11_initial,/workspace/exp/useful_bd_push/t63_fused_rtl_native_20260623_133903_UTC/hard_tuning/fused_rtl_state_pipeline_qd/seed_1001/openai_gpt-oss-120b/RTLLM/Prob049_signal_generator/Gen0/Prob049_signal_generator_sample11_initial/code.sv,/workspace/exp/useful_bd_push/t63_fused_rtl_native_20260623_133903_UTC/hard_tuning/fused_rtl_state_pipeline_qd/seed_1001/openai_gpt-oss-120b/RTLLM/Prob049_signal_generator/Gen0/Prob049_signal_generator_sample11_initial/code_synthesis_report.metrics.json,/workspace/exp/useful_bd_push/t63_fused_rtl_native_20260623_133903_UTC/hard_tuning/fused_rtl_state_pipeline_qd/seed_1001/openai_gpt-oss-120b/RTLLM/Prob049_signal_generator/Gen0/Prob049_signal_generator_sample11_initial/qd_archive_event.json,,True,True,True,False,True,True,True,False,True,,0.11764705882352941,1.0,2.0,4.0,0.0,18.0,1.0,3.5553480614894135,0.8235294117647058,2.70805020110221,14.0,9.0,4.0,0.5,6.0,1.75,0.0,0.0,0.0,16.0,28.0,42.0,5.034853807117358,5.0,0.0,0.0,1.7380952380952381,42.0,42.0,3.0,0.251330715648479,0.9588993229553239,3.367295829986474,0.0,3.7612001156935624,2.833213344056216,3.0,3.0,0.0,0.0,0.0,1.0,8.0,1.0,0.0,0.0,0.0,0.38235294117647056,9.0,1.0,1.0,0.0,0.6218237069696719,0.256691795941219,0.34870519061603544,16.0,10.036970862581722,0.07300911359297346,7.0,0.8571428571428571,6.0,0.029411764705882353,959.0,2.3978952727983707,2.3978952727983707,0.0,35.0,34.0,0.19047619047619047,0.14285714285714285,0.2857142857142857,0.38095238095238093,0.19047619047619047,0.11904761904761904,0.3333333333333333,0.35714285714285715,0.2619047619047619,0.0,0.6190476190476191,0.11904761904761904,0.4077162961238085,0.17647058823529413,6.0,0.0625,0.0,31.0,2.186278124459133,0.3,0.0,1.8048956511448035,17.7,34.0,13.0,1.0,1.2058823529411764,3.7376696182833684
fused_rtl_state_pipeline_qd,RTLLM,Prob049_signal_generator,sequential,revolution_qd,grid_quantile,fused_rtl_state_pipeline_2d,0,True,generation_log,3f9b2cba-2d88-4b83-859d-cd806824ab6c,initial,0.23477469440256318,0.23477469440256318,0.23477469440256318,initial,whole,warmup_buffered,False,False,warmup:8,False,82.0,0.00252,0.38,-1.99,-0.37,0.1276595744680851,0.46038543897216266,0.11627906976744183,,/workspace/exp/useful_bd_push/t63_fused_rtl_native_20260623_133903_UTC/hard_tuning/fused_rtl_state_pipeline_qd/seed_1001/openai_gpt-oss-120b/RTLLM/Prob049_signal_generator/Gen0/Prob049_signal_generator_sample12_initial,/workspace/exp/useful_bd_push/t63_fused_rtl_native_20260623_133903_UTC/hard_tuning/fused_rtl_state_pipeline_qd/seed_1001/openai_gpt-oss-120b/RTLLM/Prob049_signal_generator/Gen0/Prob049_signal_generator_sample12_initial/code.sv,/workspace/exp/useful_bd_push/t63_fused_rtl_native_20260623_133903_UTC/hard_tuning/fused_rtl_state_pipeline_qd/seed_1001/openai_gpt-oss-120b/RTLLM/Prob049_signal_generator/Gen0/Prob049_signal_generator_sample12_initial/code_synthesis_report.metrics.json,/workspace/exp/useful_bd_push/t63_fused_rtl_native_20260623_133903_UTC/hard_tuning/fused_rtl_state_pipeline_qd/seed_1001/openai_gpt-oss-120b/RTLLM/Prob049_signal_generator/Gen0/Prob049_signal_generator_sample12_initial/qd_archive_event.json,,True,True,True,False,True,True,True,False,True,,0.11764705882352941,1.0,2.0,4.0,0.0,18.0,1.0,3.5553480614894135,0.8235294117647058,2.70805020110221,14.0,12.0,4.0,0.38461538461538464,6.0,1.75,0.0,2.0,0.0,16.0,28.0,42.0,5.034853807117358,5.0,0.0,0.0,1.7380952380952381,42.0,42.0,3.0,0.2513307156484792,0.9588993229553239,3.367295829986474,0.0,3.7612001156935624,2.833213344056216,3.0,3.0,0.0,0.0,0.0,1.0,13.0,1.0,0.0,0.0,0.0,0.38235294117647056,12.0,1.0,1.0,0.0,0.6218237069696719,0.256691795941219,0.34870519061603544,16.0,10.036970862581722,0.07300911359297346,7.0,0.8571428571428571,6.0,0.029411764705882353,1202.0,2.3978952727983707,2.3978952727983707,0.0,40.0,37.0,0.19047619047619047,0.14285714285714285,0.2857142857142857,0.38095238095238093,0.19047619047619047,0.11904761904761904,0.3333333333333333,0.35714285714285715,0.2619047619047619,0.0,0.6190476190476191,0.11904761904761904,0.4077162961238085,0.17647058823529413,6.0,0.0625,0.0,31.0,2.186278124459133,0.3,0.0,1.6920909444356471,19.95,34.0,14.0,1.0,1.2058823529411764,3.7376696182833684
fused_rtl_state_pipeline_qd,RTLLM,Prob049_signal_generator,sequential,revolution_qd,grid_quantile,fused_rtl_state_pipeline_2d,1,True,generation_log,053620e9-64aa-4116-88c4-ddba8fe4de46,single_thought_operator,0.23477469440256318,0.23477469440256318,0.23477469440256318,fail_pool,whole,warmup_buffered,False,False,warmup:9,True,82.0,0.00252,0.38,-1.98,-0.37,0.1276595744680851,0.46038543897216266,0.11627906976744183,,/workspace/exp/useful_bd_push/t63_fused_rtl_native_20260623_133903_UTC/hard_tuning/fused_rtl_state_pipeline_qd/seed_1001/openai_gpt-oss-120b/RTLLM/Prob049_signal_generator/Gen1/Prob049_signal_generator_sample1_single_thought_operator,/workspace/exp/useful_bd_push/t63_fused_rtl_native_20260623_133903_UTC/hard_tuning/fused_rtl_state_pipeline_qd/seed_1001/openai_gpt-oss-120b/RTLLM/Prob049_signal_generator/Gen1/Prob049_signal_generator_sample1_single_thought_operator/code.sv,/workspace/exp/useful_bd_push/t63_fused_rtl_native_20260623_133903_UTC/hard_tuning/fused_rtl_state_pipeline_qd/seed_1001/openai_gpt-oss-120b/RTLLM/Prob049_signal_generator/Gen1/Prob049_signal_generator_sample1_single_thought_operator/code_synthesis_report.metrics.json,/workspace/exp/useful_bd_push/t63_fused_rtl_native_20260623_133903_UTC/hard_tuning/fused_rtl_state_pipeline_qd/seed_1001/openai_gpt-oss-120b/RTLLM/Prob049_signal_generator/Gen1/Prob049_signal_generator_sample1_single_thought_operator/qd_archive_event.json,,True,True,True,False,True,True,True,False,True,,0.11764705882352941,1.0,2.0,4.0,0.0,18.0,0.0,3.5553480614894135,0.8235294117647058,2.639057329615259,13.0,9.0,4.0,0.5555555555555556,6.0,1.6666666666666667,0.0,0.0,0.0,15.0,25.0,41.0,4.992740482994811,5.0,0.0,0.0,1.7073170731707317,41.0,41.0,4.0,0.24619129007158233,0.95596848296639,3.258096538021482,0.0,3.7376696182833684,2.772588722239781,3.0,3.0,0.0,0.0,0.0,1.0,8.0,2.0,0.0,0.0,0.0,0.375,8.0,1.0,1.0,0.0,0.6174809966272757,0.03454044143627888,0.21258756788838168,15.0,11.735166621226039,0.0011739865091029422,8.0,1.0,8.0,0.029411764705882353,830.0,2.302585092994046,2.302585092994046,0.0,28.0,28.0,0.1951219512195122,0.0975609756097561,0.3170731707317073,0.3902439024390244,0.1951219512195122,0.0975609756097561,0.34146341463414637,0.36585365853658536,0.2682926829268293,0.34146341463414637,0.2682926829268293,0.12195121951219512,0.41724989734487683,0.17647058823529413,6.0,0.0,0.0,30.0,2.155913095175825,0.3,0.0,1.8048956511448035,20.2,34.0,13.0,1.0,1.2058823529411764,3.7376696182833684
fused_rtl_state_pipeline_qd,RTLLM,Prob049_signal_generator,sequential,revolution_qd,grid_quantile,fused_rtl_state_pipeline_2d,1,True,generation_log,d4a04fb1-b2de-4d3c-80da-878da7640be7,single_thought_operator,0.23477469440256318,0.23477469440256318,0.23477469440256318,fail_pool,whole,warmup_buffered,False,False,warmup:10,False,82.0,0.00252,0.38,-1.98,-0.37,0.1276595744680851,0.46038543897216266,0.11627906976744183,,/workspace/exp/useful_bd_push/t63_fused_rtl_native_20260623_133903_UTC/hard_tuning/fused_rtl_state_pipeline_qd/seed_1001/openai_gpt-oss-120b/RTLLM/Prob049_signal_generator/Gen1/Prob049_signal_generator_sample2_single_thought_operator,/workspace/exp/useful_bd_push/t63_fused_rtl_native_20260623_133903_UTC/hard_tuning/fused_rtl_state_pipeline_qd/seed_1001/openai_gpt-oss-120b/RTLLM/Prob049_signal_generator/Gen1/Prob049_signal_generator_sample2_single_thought_operator/code.sv,/workspace/exp/useful_bd_push/t63_fused_rtl_native_20260623_133903_UTC/hard_tuning/fused_rtl_state_pipeline_qd/seed_1001/openai_gpt-oss-120b/RTLLM/Prob049_signal_generator/Gen1/Prob049_signal_generator_sample2_single_thought_operator/code_synthesis_report.metrics.json,/workspace/exp/useful_bd_push/t63_fused_rtl_native_20260623_133903_UTC/hard_tuning/fused_rtl_state_pipeline_qd/seed_1001/openai_gpt-oss-120b/RTLLM/Prob049_signal_generator/Gen1/Prob049_signal_generator_sample2_single_thought_operator/qd_archive_event.json,,True,True,True,False,True,True,True,False,True,,0.11764705882352941,2.0,3.0,4.0,0.0,14.0,1.0,3.5553480614894135,0.8235294117647058,2.70805020110221,14.0,6.0,4.0,0.7142857142857143,4.0,1.75,0.0,2.0,0.0,16.0,28.0,42.0,5.034853807117358,5.0,0.0,0.0,1.7380952380952381,42.0,42.0,3.0,0.25133071564847853,0.9588993229553239,3.367295829986474,0.0,3.7612001156935624,2.833213344056216,3.0,3.0,0.0,0.0,0.0,1.0,10.0,1.0,1.0,0.0,0.0,0.38235294117647056,6.0,1.0,1.0,0.0,0.6218237069696719,0.256691795941219,0.34870519061603544,16.0,10.036970862581722,0.07300911359297346,7.0,0.8571428571428571,6.0,0.029411764705882353,1456.0,2.1972245773362196,2.4849066497880004,0.0,50.0,47.0,0.19047619047619047,0.11904761904761904,0.30952380952380953,0.38095238095238093,0.19047619047619047,0.11904761904761904,0.3333333333333333,0.35714285714285715,0.2619047619047619,0.0,0.6190476190476191,0.11904761904761904,0.4060225084827572,0.17647058823529413,6.0,0.0625,0.0,31.0,2.186278124459133,0.3,0.0,1.850347023215099,21.5,34.0,16.0,1.0,1.2058823529411764,3.7376696182833684
fused_rtl_state_pipeline_qd,RTLLM,Prob049_signal_generator,sequential,revolution_qd,grid_quantile,fused_rtl_state_pipeline_2d,1,True,generation_log,51a07957-3f2b-452b-8944-5fca3d2430c4,single_thought_operator,0.23477469440256318,0.23477469440256318,0.23477469440256318,fail_pool,whole,warmup_buffered,False,False,warmup:11,False,82.0,0.00252,0.38,-1.99,-0.37,0.1276595744680851,0.46038543897216266,0.11627906976744183,,/workspace/exp/useful_bd_push/t63_fused_rtl_native_20260623_133903_UTC/hard_tuning/fused_rtl_state_pipeline_qd/seed_1001/openai_gpt-oss-120b/RTLLM/Prob049_signal_generator/Gen1/Prob049_signal_generator_sample3_single_thought_operator,/workspace/exp/useful_bd_push/t63_fused_rtl_native_20260623_133903_UTC/hard_tuning/fused_rtl_state_pipeline_qd/seed_1001/openai_gpt-oss-120b/RTLLM/Prob049_signal_generator/Gen1/Prob049_signal_generator_sample3_single_thought_operator/code.sv,/workspace/exp/useful_bd_push/t63_fused_rtl_native_20260623_133903_UTC/hard_tuning/fused_rtl_state_pipeline_qd/seed_1001/openai_gpt-oss-120b/RTLLM/Prob049_signal_generator/Gen1/Prob049_signal_generator_sample3_single_thought_operator/code_synthesis_report.metrics.json,/workspace/exp/useful_bd_push/t63_fused_rtl_native_20260623_133903_UTC/hard_tuning/fused_rtl_state_pipeline_qd/seed_1001/openai_gpt-oss-120b/RTLLM/Prob049_signal_generator/Gen1/Prob049_signal_generator_sample3_single_thought_operator/qd_archive_event.json,,True,True,True,False,True,True,True,False,True,,0.11764705882352941,1.0,2.0,4.0,0.0,18.0,1.0,3.5553480614894135,0.8235294117647058,2.70805020110221,14.0,10.0,4.0,0.45454545454545453,6.0,1.75,0.0,0.0,0.0,16.0,28.0,42.0,5.034853807117358,5.0,0.0,0.0,1.7380952380952381,42.0,42.0,3.0,0.251330715648479,0.9588993229553239,3.367295829986474,0.0,3.7612001156935624,2.833213344056216,3.0,3.0,0.0,0.0,0.0,1.0,9.0,1.0,0.0,0.0,0.0,0.38235294117647056,10.0,1.0,1.0,0.0,0.6218237069696719,0.256691795941219,0.34870519061603544,16.0,10.036970862581722,0.07300911359297346,7.0,0.8571428571428571,6.0,0.029411764705882353,1028.0,2.3978952727983707,2.3978952727983707,0.0,36.0,35.0,0.19047619047619047,0.14285714285714285,0.2857142857142857,0.38095238095238093,0.19047619047619047,0.11904761904761904,0.3333333333333333,0.35714285714285715,0.2619047619047619,0.0,0.6190476190476191,0.11904761904761904,0.4077162961238085,0.17647058823529413,6.0,0.0625,0.0,31.0,2.186278124459133,0.3,0.0,1.7739119513005472,18.35,34.0,14.0,1.0,1.2058823529411764,3.7376696182833684
fused_rtl_state_pipeline_qd,RTLLM,Prob049_signal_generator,sequential,revolution_qd,grid_quantile,fused_rtl_state_pipeline_2d,1,True,generation_log,57256bac-e5c9-4083-977b-1c5dcaafe5c7,single_thought_operator,0.23477469440256318,0.23477469440256318,0.23477469440256318,fail_pool,whole,warmup_buffered,False,False,warmup:12,False,82.0,0.00252,0.38,-1.98,-0.37,0.1276595744680851,0.46038543897216266,0.11627906976744183,,/workspace/exp/useful_bd_push/t63_fused_rtl_native_20260623_133903_UTC/hard_tuning/fused_rtl_state_pipeline_qd/seed_1001/openai_gpt-oss-120b/RTLLM/Prob049_signal_generator/Gen1/Prob049_signal_generator_sample4_single_thought_operator,/workspace/exp/useful_bd_push/t63_fused_rtl_native_20260623_133903_UTC/hard_tuning/fused_rtl_state_pipeline_qd/seed_1001/openai_gpt-oss-120b/RTLLM/Prob049_signal_generator/Gen1/Prob049_signal_generator_sample4_single_thought_operator/code.sv,/workspace/exp/useful_bd_push/t63_fused_rtl_native_20260623_133903_UTC/hard_tuning/fused_rtl_state_pipeline_qd/seed_1001/openai_gpt-oss-120b/RTLLM/Prob049_signal_generator/Gen1/Prob049_signal_generator_sample4_single_thought_operator/code_synthesis_report.metrics.json,/workspace/exp/useful_bd_push/t63_fused_rtl_native_20260623_133903_UTC/hard_tuning/fused_rtl_state_pipeline_qd/seed_1001/openai_gpt-oss-120b/RTLLM/Prob049_signal_generator/Gen1/Prob049_signal_generator_sample4_single_thought_operator/qd_archive_event.json,,True,True,True,False,True,True,True,False,True,,0.11764705882352941,1.0,2.0,4.0,0.0,18.0,0.0,3.5553480614894135,0.8235294117647058,2.639057329615259,13.0,9.0,4.0,0.5555555555555556,6.0,1.6666666666666667,0.0,0.0,0.0,15.0,25.0,41.0,4.992740482994811,5.0,0.0,0.0,1.7073170731707317,41.0,41.0,4.0,0.24619129007158233,0.95596848296639,3.258096538021482,0.0,3.7376696182833684,2.772588722239781,3.0,3.0,0.0,0.0,0.0,1.0,8.0,2.0,0.0,0.0,0.0,0.375,8.0,1.0,1.0,0.0,0.6174809966272757,0.03454044143627888,0.21258756788838168,15.0,11.735166621226039,0.0011739865091029422,8.0,1.0,8.0,0.029411764705882353,871.0,2.302585092994046,2.302585092994046,0.0,31.0,28.0,0.1951219512195122,0.0975609756097561,0.3170731707317073,0.3902439024390244,0.1951219512195122,0.0975609756097561,0.34146341463414637,0.36585365853658536,0.2682926829268293,0.34146341463414637,0.2682926829268293,0.12195121951219512,0.41724989734487683,0.17647058823529413,6.0,0.0,0.0,30.0,2.155913095175825,0.3,0.0,1.8048956511448035,20.2,34.0,13.0,1.0,1.2058823529411764,3.7376696182833684
fused_rtl_state_pipeline_qd,RTLLM,Prob049_signal_generator,sequential,revolution_qd,grid_quantile,fused_rtl_state_pipeline_2d,1,True,generation_log,190610b2-3cd3-428f-b39c-8ee46a843fc0,single_thought_operator,0.23477469440256318,0.23477469440256318,0.23477469440256318,success_pool,whole,warmup_buffered,False,False,warmup:13,False,82.0,0.00252,0.38,-1.99,-0.37,0.1276595744680851,0.46038543897216266,0.11627906976744183,,/workspace/exp/useful_bd_push/t63_fused_rtl_native_20260623_133903_UTC/hard_tuning/fused_rtl_state_pipeline_qd/seed_1001/openai_gpt-oss-120b/RTLLM/Prob049_signal_generator/Gen1/Prob049_signal_generator_sample6_single_thought_operator,/workspace/exp/useful_bd_push/t63_fused_rtl_native_20260623_133903_UTC/hard_tuning/fused_rtl_state_pipeline_qd/seed_1001/openai_gpt-oss-120b/RTLLM/Prob049_signal_generator/Gen1/Prob049_signal_generator_sample6_single_thought_operator/code.sv,/workspace/exp/useful_bd_push/t63_fused_rtl_native_20260623_133903_UTC/hard_tuning/fused_rtl_state_pipeline_qd/seed_1001/openai_gpt-oss-120b/RTLLM/Prob049_signal_generator/Gen1/Prob049_signal_generator_sample6_single_thought_operator/code_synthesis_report.metrics.json,/workspace/exp/useful_bd_push/t63_fused_rtl_native_20260623_133903_UTC/hard_tuning/fused_rtl_state_pipeline_qd/seed_1001/openai_gpt-oss-120b/RTLLM/Prob049_signal_generator/Gen1/Prob049_signal_generator_sample6_single_thought_operator/qd_archive_event.json,,True,True,True,False,True,True,True,False,True,,0.11764705882352941,1.0,2.0,4.0,0.0,18.0,1.0,3.5553480614894135,0.8235294117647058,2.70805020110221,14.0,12.0,4.0,0.38461538461538464,6.0,1.75,0.0,2.0,0.0,16.0,28.0,42.0,5.034853807117358,5.0,0.0,0.0,1.7380952380952381,42.0,42.0,3.0,0.2513307156484792,0.9588993229553239,3.367295829986474,0.0,3.7612001156935624,2.833213344056216,3.0,3.0,0.0,0.0,0.0,1.0,13.0,1.0,0.0,0.0,0.0,0.38235294117647056,12.0,1.0,1.0,0.0,0.6218237069696719,0.256691795941219,0.34870519061603544,16.0,10.036970862581722,0.07300911359297346,7.0,0.8571428571428571,6.0,0.029411764705882353,1311.0,2.3978952727983707,2.3978952727983707,0.0,40.0,39.0,0.19047619047619047,0.14285714285714285,0.2857142857142857,0.38095238095238093,0.19047619047619047,0.11904761904761904,0.3333333333333333,0.35714285714285715,0.2619047619047619,0.0,0.6190476190476191,0.11904761904761904,0.4077162961238085,0.17647058823529413,6.0,0.0625,0.0,31.0,2.186278124459133,0.3,0.0,1.6920909444356471,19.95,34.0,13.0,1.0,1.2058823529411764,3.7376696182833684
fused_rtl_state_pipeline_qd,RTLLM,Prob049_signal_generator,sequential,revolution_qd,grid_quantile,fused_rtl_state_pipeline_2d,1,True,generation_log,740aec39-2355-4258-83e5-2e086cf6dffc,single_thought_operator,0.23477469440256318,0.23477469440256318,0.23477469440256318,success_pool,whole,warmup_buffered,False,False,warmup:14,False,82.0,0.00252,0.38,-1.99,-0.37,0.1276595744680851,0.46038543897216266,0.11627906976744183,,/workspace/exp/useful_bd_push/t63_fused_rtl_native_20260623_133903_UTC/hard_tuning/fused_rtl_state_pipeline_qd/seed_1001/openai_gpt-oss-120b/RTLLM/Prob049_signal_generator/Gen1/Prob049_signal_generator_sample7_single_thought_operator,/workspace/exp/useful_bd_push/t63_fused_rtl_native_20260623_133903_UTC/hard_tuning/fused_rtl_state_pipeline_qd/seed_1001/openai_gpt-oss-120b/RTLLM/Prob049_signal_generator/Gen1/Prob049_signal_generator_sample7_single_thought_operator/code.sv,/workspace/exp/useful_bd_push/t63_fused_rtl_native_20260623_133903_UTC/hard_tuning/fused_rtl_state_pipeline_qd/seed_1001/openai_gpt-oss-120b/RTLLM/Prob049_signal_generator/Gen1/Prob049_signal_generator_sample7_single_thought_operator/code_synthesis_report.metrics.json,/workspace/exp/useful_bd_push/t63_fused_rtl_native_20260623_133903_UTC/hard_tuning/fused_rtl_state_pipeline_qd/seed_1001/openai_gpt-oss-120b/RTLLM/Prob049_signal_generator/Gen1/Prob049_signal_generator_sample7_single_thought_operator/qd_archive_event.json,,True,True,True,False,True,True,True,False,True,,0.11764705882352941,1.0,2.0,4.0,0.0,18.0,1.0,3.5553480614894135,0.8235294117647058,2.70805020110221,14.0,8.0,4.0,0.5555555555555556,6.0,1.75,0.0,0.0,0.0,16.0,28.0,42.0,5.034853807117358,5.0,0.0,0.0,1.7380952380952381,42.0,42.0,3.0,0.251330715648479,0.9588993229553239,3.367295829986474,0.0,3.7612001156935624,2.833213344056216,3.0,3.0,0.0,0.0,0.0,1.0,8.0,1.0,0.0,0.0,0.0,0.38235294117647056,8.0,1.0,1.0,0.0,0.6218237069696719,0.256691795941219,0.34870519061603544,16.0,10.036970862581722,0.07300911359297346,7.0,0.8571428571428571,6.0,0.029411764705882353,920.0,2.302585092994046,2.302585092994046,0.0,32.0,31.0,0.19047619047619047,0.14285714285714285,0.2857142857142857,0.38095238095238093,0.19047619047619047,0.11904761904761904,0.3333333333333333,0.35714285714285715,0.2619047619047619,0.0,0.6190476190476191,0.11904761904761904,0.4077162961238085,0.17647058823529413,6.0,0.0625,0.0,31.0,2.186278124459133,0.3,0.0,1.823067982273661,17.2,34.0,13.0,1.0,1.2058823529411764,3.7376696182833684
fused_rtl_state_pipeline_qd,RTLLM,Prob049_signal_generator,sequential,revolution_qd,grid_quantile,fused_rtl_state_pipeline_2d,1,True,generation_log,d3382d33-1006-4df4-afef-40642264efb0,single_thought_operator,0.23477469440256318,0.23477469440256318,0.23477469440256318,success_pool,whole,warmup_buffered,False,False,warmup:15,False,82.0,0.00252,0.38,-1.99,-0.37,0.1276595744680851,0.46038543897216266,0.11627906976744183,,/workspace/exp/useful_bd_push/t63_fused_rtl_native_20260623_133903_UTC/hard_tuning/fused_rtl_state_pipeline_qd/seed_1001/openai_gpt-oss-120b/RTLLM/Prob049_signal_generator/Gen1/Prob049_signal_generator_sample8_single_thought_operator,/workspace/exp/useful_bd_push/t63_fused_rtl_native_20260623_133903_UTC/hard_tuning/fused_rtl_state_pipeline_qd/seed_1001/openai_gpt-oss-120b/RTLLM/Prob049_signal_generator/Gen1/Prob049_signal_generator_sample8_single_thought_operator/code.sv,/workspace/exp/useful_bd_push/t63_fused_rtl_native_20260623_133903_UTC/hard_tuning/fused_rtl_state_pipeline_qd/seed_1001/openai_gpt-oss-120b/RTLLM/Prob049_signal_generator/Gen1/Prob049_signal_generator_sample8_single_thought_operator/code_synthesis_report.metrics.json,/workspace/exp/useful_bd_push/t63_fused_rtl_native_20260623_133903_UTC/hard_tuning/fused_rtl_state_pipeline_qd/seed_1001/openai_gpt-oss-120b/RTLLM/Prob049_signal_generator/Gen1/Prob049_signal_generator_sample8_single_thought_operator/qd_archive_event.json,,True,True,True,False,True,True,True,False,True,,0.11764705882352941,1.0,2.0,4.0,0.0,18.0,1.0,3.5553480614894135,0.8235294117647058,2.70805020110221,14.0,8.0,4.0,0.5555555555555556,6.0,1.75,0.0,0.0,0.0,16.0,28.0,42.0,5.034853807117358,5.0,0.0,0.0,1.7380952380952381,42.0,42.0,3.0,0.251330715648479,0.9588993229553239,3.367295829986474,0.0,3.7612001156935624,2.833213344056216,3.0,3.0,0.0,0.0,0.0,1.0,8.0,1.0,0.0,0.0,0.0,0.38235294117647056,8.0,1.0,1.0,0.0,0.6218237069696719,0.256691795941219,0.34870519061603544,16.0,10.036970862581722,0.07300911359297346,7.0,0.8571428571428571,6.0,0.029411764705882353,868.0,2.302585092994046,2.302585092994046,0.0,31.0,31.0,0.19047619047619047,0.14285714285714285,0.2857142857142857,0.38095238095238093,0.19047619047619047,0.11904761904761904,0.3333333333333333,0.35714285714285715,0.2619047619047619,0.0,0.6190476190476191,0.11904761904761904,0.4077162961238085,0.17647058823529413,6.0,0.0625,0.0,31.0,2.186278124459133,0.3,0.0,1.823067982273661,17.2,34.0,12.0,1.0,1.2058823529411764,3.7376696182833684
fused_rtl_state_pipeline_qd,RTLLM,Prob049_signal_generator,sequential,revolution_qd,grid_quantile,fused_rtl_state_pipeline_2d,1,True,generation_log,cc09a6ab-4e14-482d-8099-3b2e5b497e02,single_thought_operator,0.23477469440256318,0.23477469440256318,0.23477469440256318,success_pool,whole,warmup_buffered,False,False,warmup:16,False,82.0,0.00252,0.38,-1.99,-0.37,0.1276595744680851,0.46038543897216266,0.11627906976744183,,/workspace/exp/useful_bd_push/t63_fused_rtl_native_20260623_133903_UTC/hard_tuning/fused_rtl_state_pipeline_qd/seed_1001/openai_gpt-oss-120b/RTLLM/Prob049_signal_generator/Gen1/Prob049_signal_generator_sample9_single_thought_operator,/workspace/exp/useful_bd_push/t63_fused_rtl_native_20260623_133903_UTC/hard_tuning/fused_rtl_state_pipeline_qd/seed_1001/openai_gpt-oss-120b/RTLLM/Prob049_signal_generator/Gen1/Prob049_signal_generator_sample9_single_thought_operator/code.sv,/workspace/exp/useful_bd_push/t63_fused_rtl_native_20260623_133903_UTC/hard_tuning/fused_rtl_state_pipeline_qd/seed_1001/openai_gpt-oss-120b/RTLLM/Prob049_signal_generator/Gen1/Prob049_signal_generator_sample9_single_thought_operator/code_synthesis_report.metrics.json,/workspace/exp/useful_bd_push/t63_fused_rtl_native_20260623_133903_UTC/hard_tuning/fused_rtl_state_pipeline_qd/seed_1001/openai_gpt-oss-120b/RTLLM/Prob049_signal_generator/Gen1/Prob049_signal_generator_sample9_single_thought_operator/qd_archive_event.json,,True,True,True,False,True,True,True,False,True,,0.11764705882352941,1.0,2.0,4.0,0.0,18.0,1.0,3.5553480614894135,0.8235294117647058,2.70805020110221,14.0,10.0,4.0,0.45454545454545453,6.0,1.75,0.0,0.0,0.0,16.0,28.0,42.0,5.034853807117358,5.0,0.0,0.0,1.7380952380952381,42.0,42.0,3.0,0.251330715648479,0.9588993229553239,3.367295829986474,0.0,3.7612001156935624,2.833213344056216,3.0,3.0,0.0,0.0,0.0,1.0,9.0,1.0,0.0,0.0,0.0,0.38235294117647056,10.0,1.0,1.0,0.0,0.6218237069696719,0.256691795941219,0.34870519061603544,16.0,10.036970862581722,0.07300911359297346,7.0,0.8571428571428571,6.0,0.029411764705882353,1151.0,2.3978952727983707,2.3978952727983707,0.0,39.0,36.0,0.19047619047619047,0.14285714285714285,0.2857142857142857,0.38095238095238093,0.19047619047619047,0.11904761904761904,0.3333333333333333,0.35714285714285715,0.2619047619047619,0.0,0.6190476190476191,0.11904761904761904,0.4077162961238085,0.17647058823529413,6.0,0.0625,0.0,31.0,2.186278124459133,0.3,0.0,1.7739119513005472,18.35,34.0,13.0,1.0,1.2058823529411764,3.7376696182833684
fused_rtl_state_pipeline_qd,RTLLM,Prob049_signal_generator,sequential,revolution_qd,grid_quantile,fused_rtl_state_pipeline_2d,1,True,generation_log,78ccae16-1444-44a3-9a75-98eb7773dc46,single_thought_operator,0.23477469440256318,0.23477469440256318,0.23477469440256318,success_pool,whole,warmup_buffered,False,False,warmup:17,False,82.0,0.00252,0.38,-1.99,-0.37,0.1276595744680851,0.46038543897216266,0.11627906976744183,,/workspace/exp/useful_bd_push/t63_fused_rtl_native_20260623_133903_UTC/hard_tuning/fused_rtl_state_pipeline_qd/seed_1001/openai_gpt-oss-120b/RTLLM/Prob049_signal_generator/Gen1/Prob049_signal_generator_sample10_single_thought_operator,/workspace/exp/useful_bd_push/t63_fused_rtl_native_20260623_133903_UTC/hard_tuning/fused_rtl_state_pipeline_qd/seed_1001/openai_gpt-oss-120b/RTLLM/Prob049_signal_generator/Gen1/Prob049_signal_generator_sample10_single_thought_operator/code.sv,/workspace/exp/useful_bd_push/t63_fused_rtl_native_20260623_133903_UTC/hard_tuning/fused_rtl_state_pipeline_qd/seed_1001/openai_gpt-oss-120b/RTLLM/Prob049_signal_generator/Gen1/Prob049_signal_generator_sample10_single_thought_operator/code_synthesis_report.metrics.json,/workspace/exp/useful_bd_push/t63_fused_rtl_native_20260623_133903_UTC/hard_tuning/fused_rtl_state_pipeline_qd/seed_1001/openai_gpt-oss-120b/RTLLM/Prob049_signal_generator/Gen1/Prob049_signal_generator_sample10_single_thought_operator/qd_archive_event.json,,True,True,True,False,True,True,True,False,True,,0.11764705882352941,1.0,2.0,4.0,0.0,18.0,1.0,3.5553480614894135,0.8235294117647058,2.70805020110221,14.0,8.0,4.0,0.5555555555555556,6.0,1.75,0.0,0.0,0.0,16.0,28.0,42.0,5.034853807117358,5.0,0.0,0.0,1.7380952380952381,42.0,42.0,3.0,0.251330715648479,0.9588993229553239,3.367295829986474,0.0,3.7612001156935624,2.833213344056216,3.0,3.0,0.0,0.0,0.0,1.0,8.0,1.0,0.0,0.0,0.0,0.38235294117647056,8.0,1.0,1.0,0.0,0.6218237069696719,0.256691795941219,0.34870519061603544,16.0,10.036970862581722,0.07300911359297346,7.0,0.8571428571428571,6.0,0.029411764705882353,964.0,2.302585092994046,2.302585092994046,0.0,34.0,31.0,0.19047619047619047,0.14285714285714285,0.2857142857142857,0.38095238095238093,0.19047619047619047,0.11904761904761904,0.3333333333333333,0.35714285714285715,0.2619047619047619,0.0,0.6190476190476191,0.11904761904761904,0.4077162961238085,0.17647058823529413,6.0,0.0625,0.0,31.0,2.186278124459133,0.3,0.0,1.823067982273661,17.2,34.0,13.0,1.0,1.2058823529411764,3.7376696182833684
fused_rtl_state_pipeline_qd,RTLLM,Prob049_signal_generator,sequential,revolution_qd,grid_quantile,fused_rtl_state_pipeline_2d,1,True,generation_log,633b6c80-9f5a-43e8-bcf5-bb83c6d5e52e,single_thought_operator,0.23477469440256318,0.23477469440256318,0.23477469440256318,success_pool,whole,warmup_buffered,False,False,warmup:18,False,82.0,0.00252,0.38,-1.99,-0.37,0.1276595744680851,0.46038543897216266,0.11627906976744183,,/workspace/exp/useful_bd_push/t63_fused_rtl_native_20260623_133903_UTC/hard_tuning/fused_rtl_state_pipeline_qd/seed_1001/openai_gpt-oss-120b/RTLLM/Prob049_signal_generator/Gen1/Prob049_signal_generator_sample11_single_thought_operator,/workspace/exp/useful_bd_push/t63_fused_rtl_native_20260623_133903_UTC/hard_tuning/fused_rtl_state_pipeline_qd/seed_1001/openai_gpt-oss-120b/RTLLM/Prob049_signal_generator/Gen1/Prob049_signal_generator_sample11_single_thought_operator/code.sv,/workspace/exp/useful_bd_push/t63_fused_rtl_native_20260623_133903_UTC/hard_tuning/fused_rtl_state_pipeline_qd/seed_1001/openai_gpt-oss-120b/RTLLM/Prob049_signal_generator/Gen1/Prob049_signal_generator_sample11_single_thought_operator/code_synthesis_report.metrics.json,/workspace/exp/useful_bd_push/t63_fused_rtl_native_20260623_133903_UTC/hard_tuning/fused_rtl_state_pipeline_qd/seed_1001/openai_gpt-oss-120b/RTLLM/Prob049_signal_generator/Gen1/Prob049_signal_generator_sample11_single_thought_operator/qd_archive_event.json,,True,True,True,False,True,True,True,False,True,,0.11764705882352941,1.0,2.0,4.0,0.0,18.0,1.0,3.5553480614894135,0.8235294117647058,2.70805020110221,14.0,12.0,4.0,0.38461538461538464,6.0,1.75,0.0,2.0,0.0,16.0,28.0,42.0,5.034853807117358,5.0,0.0,0.0,1.7380952380952381,42.0,42.0,3.0,0.2513307156484792,0.9588993229553239,3.367295829986474,0.0,3.7612001156935624,2.833213344056216,3.0,3.0,0.0,0.0,0.0,1.0,13.0,1.0,0.0,0.0,0.0,0.38235294117647056,12.0,1.0,1.0,0.0,0.6218237069696719,0.256691795941219,0.34870519061603544,16.0,10.036970862581722,0.07300911359297346,7.0,0.8571428571428571,6.0,0.029411764705882353,1183.0,2.3978952727983707,2.3978952727983707,0.0,40.0,37.0,0.19047619047619047,0.14285714285714285,0.2857142857142857,0.38095238095238093,0.19047619047619047,0.11904761904761904,0.3333333333333333,0.35714285714285715,0.2619047619047619,0.0,0.6190476190476191,0.11904761904761904,0.4077162961238085,0.17647058823529413,6.0,0.0625,0.0,31.0,2.186278124459133,0.3,0.0,1.6920909444356471,19.95,34.0,14.0,1.0,1.2058823529411764,3.7376696182833684
fused_rtl_state_pipeline_qd,RTLLM,Prob049_signal_generator,sequential,revolution_qd,grid_quantile,fused_rtl_state_pipeline_2d,1,True,generation_log,40d6a408-305f-4766-b64f-56e28dcf294e,single_thought_operator,0.23477469440256318,0.23477469440256318,0.23477469440256318,success_pool,whole,warmup_buffered,False,False,warmup:19,False,82.0,0.00252,0.38,-1.98,-0.37,0.1276595744680851,0.46038543897216266,0.11627906976744183,,/workspace/exp/useful_bd_push/t63_fused_rtl_native_20260623_133903_UTC/hard_tuning/fused_rtl_state_pipeline_qd/seed_1001/openai_gpt-oss-120b/RTLLM/Prob049_signal_generator/Gen1/Prob049_signal_generator_sample12_single_thought_operator,/workspace/exp/useful_bd_push/t63_fused_rtl_native_20260623_133903_UTC/hard_tuning/fused_rtl_state_pipeline_qd/seed_1001/openai_gpt-oss-120b/RTLLM/Prob049_signal_generator/Gen1/Prob049_signal_generator_sample12_single_thought_operator/code.sv,/workspace/exp/useful_bd_push/t63_fused_rtl_native_20260623_133903_UTC/hard_tuning/fused_rtl_state_pipeline_qd/seed_1001/openai_gpt-oss-120b/RTLLM/Prob049_signal_generator/Gen1/Prob049_signal_generator_sample12_single_thought_operator/code_synthesis_report.metrics.json,/workspace/exp/useful_bd_push/t63_fused_rtl_native_20260623_133903_UTC/hard_tuning/fused_rtl_state_pipeline_qd/seed_1001/openai_gpt-oss-120b/RTLLM/Prob049_signal_generator/Gen1/Prob049_signal_generator_sample12_single_thought_operator/qd_archive_event.json,,True,True,True,False,True,True,True,False,True,,0.11764705882352941,1.0,2.0,4.0,0.0,18.0,0.0,3.5553480614894135,0.8235294117647058,2.639057329615259,13.0,11.0,4.0,0.45454545454545453,6.0,1.6666666666666667,0.0,2.0,0.0,15.0,25.0,41.0,4.992740482994811,5.0,0.0,0.0,1.7073170731707317,41.0,41.0,4.0,0.24619129007158208,0.95596848296639,3.258096538021482,0.0,3.7376696182833684,2.772588722239781,3.0,3.0,0.0,0.0,0.0,1.0,12.0,2.0,0.0,0.0,0.0,0.375,10.0,1.0,1.0,0.0,0.6174809966272757,0.03454044143627888,0.21258756788838168,15.0,11.735166621226039,0.0011739865091029422,8.0,1.0,8.0,0.029411764705882353,990.0,2.302585092994046,2.302585092994046,0.0,33.0,30.0,0.1951219512195122,0.0975609756097561,0.3170731707317073,0.3902439024390244,0.1951219512195122,0.0975609756097561,0.34146341463414637,0.36585365853658536,0.2682926829268293,0.34146341463414637,0.2682926829268293,0.12195121951219512,0.41724989734487683,0.17647058823529413,6.0,0.0,0.0,30.0,2.155913095175825,0.3,0.0,1.7175224498288084,21.8,34.0,13.0,1.0,1.2058823529411764,3.7376696182833684
fused_rtl_state_pipeline_qd,RTLLM,Prob049_signal_generator,sequential,revolution_qd,grid_quantile,fused_rtl_state_pipeline_2d,2,True,generation_log,7e0a535c-8d29-4da9-ba9f-57c2c051f1cb,single_thought_operator,0.23477469440256318,0.23477469440256318,0.23477469440256318,fail_pool,whole,warmup_buffered,False,False,warmup:20,False,82.0,0.00252,0.38,-1.99,-0.37,0.1276595744680851,0.46038543897216266,0.11627906976744183,,/workspace/exp/useful_bd_push/t63_fused_rtl_native_20260623_133903_UTC/hard_tuning/fused_rtl_state_pipeline_qd/seed_1001/openai_gpt-oss-120b/RTLLM/Prob049_signal_generator/Gen2/Prob049_signal_generator_sample2_single_thought_operator,/workspace/exp/useful_bd_push/t63_fused_rtl_native_20260623_133903_UTC/hard_tuning/fused_rtl_state_pipeline_qd/seed_1001/openai_gpt-oss-120b/RTLLM/Prob049_signal_generator/Gen2/Prob049_signal_generator_sample2_single_thought_operator/code.sv,/workspace/exp/useful_bd_push/t63_fused_rtl_native_20260623_133903_UTC/hard_tuning/fused_rtl_state_pipeline_qd/seed_1001/openai_gpt-oss-120b/RTLLM/Prob049_signal_generator/Gen2/Prob049_signal_generator_sample2_single_thought_operator/code_synthesis_report.metrics.json,/workspace/exp/useful_bd_push/t63_fused_rtl_native_20260623_133903_UTC/hard_tuning/fused_rtl_state_pipeline_qd/seed_1001/openai_gpt-oss-120b/RTLLM/Prob049_signal_generator/Gen2/Prob049_signal_generator_sample2_single_thought_operator/qd_archive_event.json,,True,True,True,False,True,True,True,False,True,,0.11764705882352941,1.0,2.0,4.0,0.0,18.0,1.0,3.5553480614894135,0.8235294117647058,2.70805020110221,14.0,12.0,4.0,0.38461538461538464,6.0,1.75,0.0,2.0,0.0,16.0,28.0,42.0,5.034853807117358,5.0,0.0,0.0,1.7380952380952381,42.0,42.0,3.0,0.2513307156484792,0.9588993229553239,3.367295829986474,0.0,3.7612001156935624,2.833213344056216,3.0,3.0,0.0,0.0,0.0,1.0,13.0,1.0,0.0,0.0,0.0,0.38235294117647056,12.0,1.0,1.0,0.0,0.6218237069696719,0.256691795941219,0.34870519061603544,16.0,10.036970862581722,0.07300911359297346,7.0,0.8571428571428571,6.0,0.029411764705882353,1118.0,2.3978952727983707,2.3978952727983707,0.0,37.0,37.0,0.19047619047619047,0.14285714285714285,0.2857142857142857,0.38095238095238093,0.19047619047619047,0.11904761904761904,0.3333333333333333,0.35714285714285715,0.2619047619047619,0.0,0.6190476190476191,0.11904761904761904,0.4077162961238085,0.17647058823529413,6.0,0.0625,0.0,31.0,2.186278124459133,0.3,0.0,1.6920909444356471,19.95,34.0,14.0,1.0,1.2058823529411764,3.7376696182833684
fused_rtl_state_pipeline_qd,RTLLM,Prob049_signal_generator,sequential,revolution_qd,grid_quantile,fused_rtl_state_pipeline_2d,2,True,generation_log,bcc2fbbd-ed32-4d3d-be77-22e81f3653e2,single_thought_operator,0.23477469440256318,0.23477469440256318,0.23477469440256318,success_pool,whole,warmup_buffered,False,False,warmup:21,False,82.0,0.00252,0.38,-1.99,-0.37,0.1276595744680851,0.46038543897216266,0.11627906976744183,,/workspace/exp/useful_bd_push/t63_fused_rtl_native_20260623_133903_UTC/hard_tuning/fused_rtl_state_pipeline_qd/seed_1001/openai_gpt-oss-120b/RTLLM/Prob049_signal_generator/Gen2/Prob049_signal_generator_sample3_single_thought_operator,/workspace/exp/useful_bd_push/t63_fused_rtl_native_20260623_133903_UTC/hard_tuning/fused_rtl_state_pipeline_qd/seed_1001/openai_gpt-oss-120b/RTLLM/Prob049_signal_generator/Gen2/Prob049_signal_generator_sample3_single_thought_operator/code.sv,/workspace/exp/useful_bd_push/t63_fused_rtl_native_20260623_133903_UTC/hard_tuning/fused_rtl_state_pipeline_qd/seed_1001/openai_gpt-oss-120b/RTLLM/Prob049_signal_generator/Gen2/Prob049_signal_generator_sample3_single_thought_operator/code_synthesis_report.metrics.json,/workspace/exp/useful_bd_push/t63_fused_rtl_native_20260623_133903_UTC/hard_tuning/fused_rtl_state_pipeline_qd/seed_1001/openai_gpt-oss-120b/RTLLM/Prob049_signal_generator/Gen2/Prob049_signal_generator_sample3_single_thought_operator/qd_archive_event.json,,True,True,True,False,True,True,True,False,True,,0.11764705882352941,1.0,2.0,4.0,0.0,18.0,1.0,3.5553480614894135,0.8235294117647058,2.70805020110221,14.0,10.0,4.0,0.45454545454545453,6.0,1.75,0.0,0.0,0.0,16.0,28.0,42.0,5.034853807117358,5.0,0.0,0.0,1.7380952380952381,42.0,42.0,3.0,0.251330715648479,0.9588993229553239,3.367295829986474,0.0,3.7612001156935624,2.833213344056216,3.0,3.0,0.0,0.0,0.0,1.0,9.0,1.0,0.0,0.0,0.0,0.38235294117647056,10.0,1.0,1.0,0.0,0.6218237069696719,0.256691795941219,0.34870519061603544,16.0,10.036970862581722,0.07300911359297346,7.0,0.8571428571428571,6.0,0.029411764705882353,951.0,2.3978952727983707,2.3978952727983707,0.0,37.0,34.0,0.19047619047619047,0.14285714285714285,0.2857142857142857,0.38095238095238093,0.19047619047619047,0.11904761904761904,0.3333333333333333,0.35714285714285715,0.2619047619047619,0.0,0.6190476190476191,0.11904761904761904,0.4077162961238085,0.17647058823529413,6.0,0.0625,0.0,31.0,2.186278124459133,0.3,0.0,1.7739119513005472,18.35,34.0,13.0,1.0,1.2058823529411764,3.7376696182833684
fused_rtl_state_pipeline_qd,RTLLM,Prob049_signal_generator,sequential,revolution_qd,grid_quantile,fused_rtl_state_pipeline_2d,2,True,generation_log,201e0529-2038-42eb-b7f0-3e4ab180bc0e,single_thought_operator,0.23477469440256318,0.23477469440256318,0.23477469440256318,success_pool,whole,warmup_buffered,False,False,warmup:22,False,82.0,0.00252,0.38,-1.99,-0.37,0.1276595744680851,0.46038543897216266,0.11627906976744183,,/workspace/exp/useful_bd_push/t63_fused_rtl_native_20260623_133903_UTC/hard_tuning/fused_rtl_state_pipeline_qd/seed_1001/openai_gpt-oss-120b/RTLLM/Prob049_signal_generator/Gen2/Prob049_signal_generator_sample4_single_thought_operator,/workspace/exp/useful_bd_push/t63_fused_rtl_native_20260623_133903_UTC/hard_tuning/fused_rtl_state_pipeline_qd/seed_1001/openai_gpt-oss-120b/RTLLM/Prob049_signal_generator/Gen2/Prob049_signal_generator_sample4_single_thought_operator/code.sv,/workspace/exp/useful_bd_push/t63_fused_rtl_native_20260623_133903_UTC/hard_tuning/fused_rtl_state_pipeline_qd/seed_1001/openai_gpt-oss-120b/RTLLM/Prob049_signal_generator/Gen2/Prob049_signal_generator_sample4_single_thought_operator/code_synthesis_report.metrics.json,/workspace/exp/useful_bd_push/t63_fused_rtl_native_20260623_133903_UTC/hard_tuning/fused_rtl_state_pipeline_qd/seed_1001/openai_gpt-oss-120b/RTLLM/Prob049_signal_generator/Gen2/Prob049_signal_generator_sample4_single_thought_operator/qd_archive_event.json,,True,True,True,False,True,True,True,False,True,,0.11764705882352941,1.0,2.0,4.0,0.0,18.0,1.0,3.5553480614894135,0.8235294117647058,2.70805020110221,14.0,8.0,4.0,0.5555555555555556,6.0,1.75,0.0,0.0,0.0,16.0,28.0,42.0,5.034853807117358,5.0,0.0,0.0,1.7380952380952381,42.0,42.0,3.0,0.251330715648479,0.9588993229553239,3.367295829986474,0.0,3.7612001156935624,2.833213344056216,3.0,3.0,0.0,0.0,0.0,1.0,8.0,1.0,0.0,0.0,0.0,0.38235294117647056,8.0,1.0,1.0,0.0,0.6218237069696719,0.256691795941219,0.34870519061603544,16.0,10.036970862581722,0.07300911359297346,7.0,0.8571428571428571,6.0,0.029411764705882353,980.0,2.302585092994046,2.302585092994046,0.0,33.0,32.0,0.19047619047619047,0.14285714285714285,0.2857142857142857,0.38095238095238093,0.19047619047619047,0.11904761904761904,0.3333333333333333,0.35714285714285715,0.2619047619047619,0.0,0.6190476190476191,0.11904761904761904,0.4077162961238085,0.17647058823529413,6.0,0.0625,0.0,31.0,2.186278124459133,0.3,0.0,1.823067982273661,17.2,34.0,13.0,1.0,1.2058823529411764,3.7376696182833684
fused_rtl_state_pipeline_qd,RTLLM,Prob049_signal_generator,sequential,revolution_qd,grid_quantile,fused_rtl_state_pipeline_2d,2,True,generation_log,1e308047-8fed-44ac-bc34-8c87896461fb,single_thought_operator,0.23477469440256318,0.23477469440256318,0.23477469440256318,success_pool,whole,warmup_buffered,False,False,warmup:23,False,82.0,0.00252,0.38,-1.99,-0.37,0.1276595744680851,0.46038543897216266,0.11627906976744183,,/workspace/exp/useful_bd_push/t63_fused_rtl_native_20260623_133903_UTC/hard_tuning/fused_rtl_state_pipeline_qd/seed_1001/openai_gpt-oss-120b/RTLLM/Prob049_signal_generator/Gen2/Prob049_signal_generator_sample5_single_thought_operator,/workspace/exp/useful_bd_push/t63_fused_rtl_native_20260623_133903_UTC/hard_tuning/fused_rtl_state_pipeline_qd/seed_1001/openai_gpt-oss-120b/RTLLM/Prob049_signal_generator/Gen2/Prob049_signal_generator_sample5_single_thought_operator/code.sv,/workspace/exp/useful_bd_push/t63_fused_rtl_native_20260623_133903_UTC/hard_tuning/fused_rtl_state_pipeline_qd/seed_1001/openai_gpt-oss-120b/RTLLM/Prob049_signal_generator/Gen2/Prob049_signal_generator_sample5_single_thought_operator/code_synthesis_report.metrics.json,/workspace/exp/useful_bd_push/t63_fused_rtl_native_20260623_133903_UTC/hard_tuning/fused_rtl_state_pipeline_qd/seed_1001/openai_gpt-oss-120b/RTLLM/Prob049_signal_generator/Gen2/Prob049_signal_generator_sample5_single_thought_operator/qd_archive_event.json,,True,True,True,False,True,True,True,False,True,,0.11764705882352941,1.0,2.0,4.0,0.0,18.0,1.0,3.5553480614894135,0.8235294117647058,2.70805020110221,14.0,10.0,4.0,0.45454545454545453,6.0,1.75,0.0,2.0,0.0,16.0,28.0,42.0,5.034853807117358,5.0,0.0,0.0,1.7380952380952381,42.0,42.0,3.0,0.2513307156484792,0.9588993229553239,3.367295829986474,0.0,3.7612001156935624,2.833213344056216,3.0,3.0,0.0,0.0,0.0,1.0,12.0,1.0,0.0,0.0,0.0,0.38235294117647056,10.0,1.0,1.0,0.0,0.6218237069696719,0.256691795941219,0.34870519061603544,16.0,10.036970862581722,0.07300911359297346,7.0,0.8571428571428571,6.0,0.029411764705882353,1103.0,2.302585092994046,2.302585092994046,0.0,34.0,33.0,0.19047619047619047,0.14285714285714285,0.2857142857142857,0.38095238095238093,0.19047619047619047,0.11904761904761904,0.3333333333333333,0.35714285714285715,0.2619047619047619,0.0,0.6190476190476191,0.11904761904761904,0.4077162961238085,0.17647058823529413,6.0,0.0625,0.0,31.0,2.186278124459133,0.3,0.0,1.7273966735744792,18.8,34.0,13.0,1.0,1.2058823529411764,3.7376696182833684
fused_rtl_state_pipeline_qd,RTLLM,Prob049_signal_generator,sequential,revolution_qd,grid_quantile,fused_rtl_state_pipeline_2d,2,True,generation_log,8fb7d8db-55b3-480a-ac6c-c16e73f5b707,single_thought_operator,0.23477469440256318,0.23477469440256318,0.23477469440256318,success_pool,whole,warmup_buffered,False,False,warmup:24,False,82.0,0.00252,0.38,-1.98,-0.37,0.1276595744680851,0.46038543897216266,0.11627906976744183,,/workspace/exp/useful_bd_push/t63_fused_rtl_native_20260623_133903_UTC/hard_tuning/fused_rtl_state_pipeline_qd/seed_1001/openai_gpt-oss-120b/RTLLM/Prob049_signal_generator/Gen2/Prob049_signal_generator_sample6_single_thought_operator,/workspace/exp/useful_bd_push/t63_fused_rtl_native_20260623_133903_UTC/hard_tuning/fused_rtl_state_pipeline_qd/seed_1001/openai_gpt-oss-120b/RTLLM/Prob049_signal_generator/Gen2/Prob049_signal_generator_sample6_single_thought_operator/code.sv,/workspace/exp/useful_bd_push/t63_fused_rtl_native_20260623_133903_UTC/hard_tuning/fused_rtl_state_pipeline_qd/seed_1001/openai_gpt-oss-120b/RTLLM/Prob049_signal_generator/Gen2/Prob049_signal_generator_sample6_single_thought_operator/code_synthesis_report.metrics.json,/workspace/exp/useful_bd_push/t63_fused_rtl_native_20260623_133903_UTC/hard_tuning/fused_rtl_state_pipeline_qd/seed_1001/openai_gpt-oss-120b/RTLLM/Prob049_signal_generator/Gen2/Prob049_signal_generator_sample6_single_thought_operator/qd_archive_event.json,,True,True,True,False,True,True,True,False,True,,0.11764705882352941,1.0,2.0,4.0,0.0,18.0,0.0,3.5553480614894135,0.8235294117647058,2.639057329615259,13.0,9.0,4.0,0.5555555555555556,6.0,1.6666666666666667,0.0,0.0,0.0,15.0,25.0,41.0,4.992740482994811,5.0,0.0,0.0,1.7073170731707317,41.0,41.0,4.0,0.24619129007158233,0.95596848296639,3.258096538021482,0.0,3.7376696182833684,2.772588722239781,3.0,3.0,0.0,0.0,0.0,1.0,8.0,2.0,0.0,0.0,0.0,0.375,8.0,1.0,1.0,0.0,0.6174809966272757,0.03454044143627888,0.21258756788838168,15.0,11.735166621226039,0.0011739865091029422,8.0,1.0,8.0,0.029411764705882353,831.0,2.302585092994046,2.302585092994046,0.0,29.0,28.0,0.1951219512195122,0.0975609756097561,0.3170731707317073,0.3902439024390244,0.1951219512195122,0.0975609756097561,0.34146341463414637,0.36585365853658536,0.2682926829268293,0.34146341463414637,0.2682926829268293,0.12195121951219512,0.41724989734487683,0.17647058823529413,6.0,0.0,0.0,30.0,2.155913095175825,0.3,0.0,1.8048956511448035,20.2,34.0,13.0,1.0,1.2058823529411764,3.7376696182833684
fused_rtl_state_pipeline_qd,RTLLM,Prob049_signal_generator,sequential,revolution_qd,grid_quantile,fused_rtl_state_pipeline_2d,2,True,generation_log,0520f632-83a3-48e3-ae73-c443ac9f8fb7,single_thought_operator,0.23477469440256318,0.23477469440256318,0.23477469440256318,success_pool,whole,warmup_buffered,False,False,warmup:25,False,82.0,0.00252,0.38,-1.99,-0.37,0.1276595744680851,0.46038543897216266,0.11627906976744183,,/workspace/exp/useful_bd_push/t63_fused_rtl_native_20260623_133903_UTC/hard_tuning/fused_rtl_state_pipeline_qd/seed_1001/openai_gpt-oss-120b/RTLLM/Prob049_signal_generator/Gen2/Prob049_signal_generator_sample7_single_thought_operator,/workspace/exp/useful_bd_push/t63_fused_rtl_native_20260623_133903_UTC/hard_tuning/fused_rtl_state_pipeline_qd/seed_1001/openai_gpt-oss-120b/RTLLM/Prob049_signal_generator/Gen2/Prob049_signal_generator_sample7_single_thought_operator/code.sv,/workspace/exp/useful_bd_push/t63_fused_rtl_native_20260623_133903_UTC/hard_tuning/fused_rtl_state_pipeline_qd/seed_1001/openai_gpt-oss-120b/RTLLM/Prob049_signal_generator/Gen2/Prob049_signal_generator_sample7_single_thought_operator/code_synthesis_report.metrics.json,/workspace/exp/useful_bd_push/t63_fused_rtl_native_20260623_133903_UTC/hard_tuning/fused_rtl_state_pipeline_qd/seed_1001/openai_gpt-oss-120b/RTLLM/Prob049_signal_generator/Gen2/Prob049_signal_generator_sample7_single_thought_operator/qd_archive_event.json,,True,True,True,False,True,True,True,False,True,,0.11764705882352941,1.0,2.0,4.0,0.0,18.0,1.0,3.5553480614894135,0.8235294117647058,2.70805020110221,14.0,8.0,4.0,0.5555555555555556,6.0,1.75,0.0,0.0,0.0,16.0,28.0,42.0,5.034853807117358,5.0,0.0,0.0,1.7380952380952381,42.0,42.0,3.0,0.251330715648479,0.9588993229553239,3.367295829986474,0.0,3.7612001156935624,2.833213344056216,3.0,3.0,0.0,0.0,0.0,1.0,8.0,1.0,0.0,0.0,0.0,0.38235294117647056,8.0,1.0,1.0,0.0,0.6218237069696719,0.256691795941219,0.34870519061603544,16.0,10.036970862581722,0.07300911359297346,7.0,0.8571428571428571,6.0,0.029411764705882353,953.0,2.302585092994046,2.302585092994046,0.0,32.0,31.0,0.19047619047619047,0.14285714285714285,0.2857142857142857,0.38095238095238093,0.19047619047619047,0.11904761904761904,0.3333333333333333,0.35714285714285715,0.2619047619047619,0.0,0.6190476190476191,0.11904761904761904,0.4077162961238085,0.17647058823529413,6.0,0.0625,0.0,31.0,2.186278124459133,0.3,0.0,1.823067982273661,17.2,34.0,13.0,1.0,1.2058823529411764,3.7376696182833684
fused_rtl_state_pipeline_qd,RTLLM,Prob049_signal_generator,sequential,revolution_qd,grid_quantile,fused_rtl_state_pipeline_2d,2,True,generation_log,e6ee0410-ac05-4900-bde7-4dd11d5ae044,single_thought_operator,0.23477469440256318,0.23477469440256318,0.23477469440256318,success_pool,whole,warmup_buffered,False,False,warmup:26,False,82.0,0.00252,0.38,-1.99,-0.37,0.1276595744680851,0.46038543897216266,0.11627906976744183,,/workspace/exp/useful_bd_push/t63_fused_rtl_native_20260623_133903_UTC/hard_tuning/fused_rtl_state_pipeline_qd/seed_1001/openai_gpt-oss-120b/RTLLM/Prob049_signal_generator/Gen2/Prob049_signal_generator_sample8_single_thought_operator,/workspace/exp/useful_bd_push/t63_fused_rtl_native_20260623_133903_UTC/hard_tuning/fused_rtl_state_pipeline_qd/seed_1001/openai_gpt-oss-120b/RTLLM/Prob049_signal_generator/Gen2/Prob049_signal_generator_sample8_single_thought_operator/code.sv,/workspace/exp/useful_bd_push/t63_fused_rtl_native_20260623_133903_UTC/hard_tuning/fused_rtl_state_pipeline_qd/seed_1001/openai_gpt-oss-120b/RTLLM/Prob049_signal_generator/Gen2/Prob049_signal_generator_sample8_single_thought_operator/code_synthesis_report.metrics.json,/workspace/exp/useful_bd_push/t63_fused_rtl_native_20260623_133903_UTC/hard_tuning/fused_rtl_state_pipeline_qd/seed_1001/openai_gpt-oss-120b/RTLLM/Prob049_signal_generator/Gen2/Prob049_signal_generator_sample8_single_thought_operator/qd_archive_event.json,,True,True,True,False,True,True,True,False,True,,0.11764705882352941,1.0,2.0,4.0,0.0,18.0,1.0,3.5553480614894135,0.8235294117647058,2.70805020110221,14.0,8.0,4.0,0.5555555555555556,6.0,1.75,0.0,0.0,0.0,16.0,28.0,42.0,5.034853807117358,5.0,0.0,0.0,1.7380952380952381,42.0,42.0,3.0,0.251330715648479,0.9588993229553239,3.367295829986474,0.0,3.7612001156935624,2.833213344056216,3.0,3.0,0.0,0.0,0.0,1.0,8.0,1.0,0.0,0.0,0.0,0.38235294117647056,8.0,1.0,1.0,0.0,0.6218237069696719,0.256691795941219,0.34870519061603544,16.0,10.036970862581722,0.07300911359297346,7.0,0.8571428571428571,6.0,0.029411764705882353,907.0,2.302585092994046,2.302585092994046,0.0,30.0,30.0,0.19047619047619047,0.14285714285714285,0.2857142857142857,0.38095238095238093,0.19047619047619047,0.11904761904761904,0.3333333333333333,0.35714285714285715,0.2619047619047619,0.0,0.6190476190476191,0.11904761904761904,0.4077162961238085,0.17647058823529413,6.0,0.0625,0.0,31.0,2.186278124459133,0.3,0.0,1.823067982273661,17.2,34.0,13.0,1.0,1.2058823529411764,3.7376696182833684
fused_rtl_state_pipeline_qd,RTLLM,Prob049_signal_generator,sequential,revolution_qd,grid_quantile,fused_rtl_state_pipeline_2d,2,True,generation_log,d1b63376-11cd-4ae0-be9e-50063300ab6b,single_thought_operator,0.23477469440256318,0.23477469440256318,0.23477469440256318,success_pool,whole,warmup_buffered,False,False,warmup:27,False,82.0,0.00252,0.38,-1.98,-0.37,0.1276595744680851,0.46038543897216266,0.11627906976744183,,/workspace/exp/useful_bd_push/t63_fused_rtl_native_20260623_133903_UTC/hard_tuning/fused_rtl_state_pipeline_qd/seed_1001/openai_gpt-oss-120b/RTLLM/Prob049_signal_generator/Gen2/Prob049_signal_generator_sample9_single_thought_operator,/workspace/exp/useful_bd_push/t63_fused_rtl_native_20260623_133903_UTC/hard_tuning/fused_rtl_state_pipeline_qd/seed_1001/openai_gpt-oss-120b/RTLLM/Prob049_signal_generator/Gen2/Prob049_signal_generator_sample9_single_thought_operator/code.sv,/workspace/exp/useful_bd_push/t63_fused_rtl_native_20260623_133903_UTC/hard_tuning/fused_rtl_state_pipeline_qd/seed_1001/openai_gpt-oss-120b/RTLLM/Prob049_signal_generator/Gen2/Prob049_signal_generator_sample9_single_thought_operator/code_synthesis_report.metrics.json,/workspace/exp/useful_bd_push/t63_fused_rtl_native_20260623_133903_UTC/hard_tuning/fused_rtl_state_pipeline_qd/seed_1001/openai_gpt-oss-120b/RTLLM/Prob049_signal_generator/Gen2/Prob049_signal_generator_sample9_single_thought_operator/qd_archive_event.json,,True,True,True,False,True,True,True,False,True,,0.11764705882352941,1.0,2.0,4.0,0.0,18.0,0.0,3.5553480614894135,0.8235294117647058,2.639057329615259,13.0,9.0,4.0,0.5555555555555556,6.0,1.6666666666666667,0.0,0.0,0.0,15.0,25.0,41.0,4.992740482994811,5.0,0.0,0.0,1.7073170731707317,41.0,41.0,4.0,0.24619129007158233,0.95596848296639,3.258096538021482,0.0,3.7376696182833684,2.772588722239781,3.0,3.0,0.0,0.0,0.0,1.0,8.0,2.0,0.0,0.0,0.0,0.375,8.0,1.0,1.0,0.0,0.6174809966272757,0.03454044143627888,0.21258756788838168,15.0,11.735166621226039,0.0011739865091029422,8.0,1.0,8.0,0.029411764705882353,969.0,2.302585092994046,2.302585092994046,0.0,32.0,30.0,0.1951219512195122,0.0975609756097561,0.3170731707317073,0.3902439024390244,0.1951219512195122,0.0975609756097561,0.34146341463414637,0.36585365853658536,0.2682926829268293,0.34146341463414637,0.2682926829268293,0.12195121951219512,0.41724989734487683,0.17647058823529413,6.0,0.0,0.0,30.0,2.155913095175825,0.3,0.0,1.8048956511448035,20.2,34.0,13.0,1.0,1.2058823529411764,3.7376696182833684
fused_rtl_state_pipeline_qd,RTLLM,Prob049_signal_generator,sequential,revolution_qd,grid_quantile,fused_rtl_state_pipeline_2d,2,True,generation_log,cdd25b37-75ce-4fa0-a510-c4336694d7ad,single_thought_operator,0.23477469440256318,0.23477469440256318,0.23477469440256318,success_pool,whole,warmup_buffered,False,False,warmup:28,False,82.0,0.00252,0.38,-1.98,-0.37,0.1276595744680851,0.46038543897216266,0.11627906976744183,,/workspace/exp/useful_bd_push/t63_fused_rtl_native_20260623_133903_UTC/hard_tuning/fused_rtl_state_pipeline_qd/seed_1001/openai_gpt-oss-120b/RTLLM/Prob049_signal_generator/Gen2/Prob049_signal_generator_sample10_single_thought_operator,/workspace/exp/useful_bd_push/t63_fused_rtl_native_20260623_133903_UTC/hard_tuning/fused_rtl_state_pipeline_qd/seed_1001/openai_gpt-oss-120b/RTLLM/Prob049_signal_generator/Gen2/Prob049_signal_generator_sample10_single_thought_operator/code.sv,/workspace/exp/useful_bd_push/t63_fused_rtl_native_20260623_133903_UTC/hard_tuning/fused_rtl_state_pipeline_qd/seed_1001/openai_gpt-oss-120b/RTLLM/Prob049_signal_generator/Gen2/Prob049_signal_generator_sample10_single_thought_operator/code_synthesis_report.metrics.json,/workspace/exp/useful_bd_push/t63_fused_rtl_native_20260623_133903_UTC/hard_tuning/fused_rtl_state_pipeline_qd/seed_1001/openai_gpt-oss-120b/RTLLM/Prob049_signal_generator/Gen2/Prob049_signal_generator_sample10_single_thought_operator/qd_archive_event.json,,True,True,True,False,True,True,True,False,True,,0.11764705882352941,1.0,2.0,4.0,0.0,18.0,0.0,3.5553480614894135,0.8235294117647058,2.639057329615259,13.0,9.0,4.0,0.5555555555555556,6.0,1.6666666666666667,0.0,0.0,0.0,15.0,25.0,41.0,4.992740482994811,5.0,0.0,0.0,1.7073170731707317,41.0,41.0,4.0,0.24619129007158233,0.95596848296639,3.258096538021482,0.0,3.7376696182833684,2.772588722239781,3.0,3.0,0.0,0.0,0.0,1.0,8.0,2.0,0.0,0.0,0.0,0.375,8.0,1.0,1.0,0.0,0.6174809966272757,0.03454044143627888,0.21258756788838168,15.0,11.735166621226039,0.0011739865091029422,8.0,1.0,8.0,0.029411764705882353,860.0,2.302585092994046,2.302585092994046,0.0,30.0,28.0,0.1951219512195122,0.0975609756097561,0.3170731707317073,0.3902439024390244,0.1951219512195122,0.0975609756097561,0.34146341463414637,0.36585365853658536,0.2682926829268293,0.34146341463414637,0.2682926829268293,0.12195121951219512,0.41724989734487683,0.17647058823529413,6.0,0.0,0.0,30.0,2.155913095175825,0.3,0.0,1.8048956511448035,20.2,34.0,13.0,1.0,1.2058823529411764,3.7376696182833684
fused_rtl_state_pipeline_qd,RTLLM,Prob049_signal_generator,sequential,revolution_qd,grid_quantile,fused_rtl_state_pipeline_2d,2,True,generation_log,b3f4f52f-649b-48e8-9473-4ee057d383aa,single_thought_operator,0.23477469440256318,0.23477469440256318,0.23477469440256318,success_pool,whole,warmup_buffered,False,False,warmup:29,False,82.0,0.00252,0.38,-1.98,-0.37,0.1276595744680851,0.46038543897216266,0.11627906976744183,,/workspace/exp/useful_bd_push/t63_fused_rtl_native_20260623_133903_UTC/hard_tuning/fused_rtl_state_pipeline_qd/seed_1001/openai_gpt-oss-120b/RTLLM/Prob049_signal_generator/Gen2/Prob049_signal_generator_sample12_single_thought_operator,/workspace/exp/useful_bd_push/t63_fused_rtl_native_20260623_133903_UTC/hard_tuning/fused_rtl_state_pipeline_qd/seed_1001/openai_gpt-oss-120b/RTLLM/Prob049_signal_generator/Gen2/Prob049_signal_generator_sample12_single_thought_operator/code.sv,/workspace/exp/useful_bd_push/t63_fused_rtl_native_20260623_133903_UTC/hard_tuning/fused_rtl_state_pipeline_qd/seed_1001/openai_gpt-oss-120b/RTLLM/Prob049_signal_generator/Gen2/Prob049_signal_generator_sample12_single_thought_operator/code_synthesis_report.metrics.json,/workspace/exp/useful_bd_push/t63_fused_rtl_native_20260623_133903_UTC/hard_tuning/fused_rtl_state_pipeline_qd/seed_1001/openai_gpt-oss-120b/RTLLM/Prob049_signal_generator/Gen2/Prob049_signal_generator_sample12_single_thought_operator/qd_archive_event.json,,True,True,True,False,True,True,True,False,True,,0.11764705882352941,1.0,2.0,4.0,0.0,18.0,0.0,3.5553480614894135,0.8235294117647058,2.639057329615259,13.0,9.0,4.0,0.5555555555555556,6.0,1.6666666666666667,0.0,0.0,0.0,15.0,25.0,41.0,4.992740482994811,5.0,0.0,0.0,1.7073170731707317,41.0,41.0,4.0,0.24619129007158233,0.95596848296639,3.258096538021482,0.0,3.7376696182833684,2.772588722239781,3.0,3.0,0.0,0.0,0.0,1.0,8.0,2.0,0.0,0.0,0.0,0.375,8.0,1.0,1.0,0.0,0.6174809966272757,0.03454044143627888,0.21258756788838168,15.0,11.735166621226039,0.0011739865091029422,8.0,1.0,8.0,0.029411764705882353,1050.0,2.302585092994046,2.302585092994046,0.0,31.0,30.0,0.1951219512195122,0.0975609756097561,0.3170731707317073,0.3902439024390244,0.1951219512195122,0.0975609756097561,0.34146341463414637,0.36585365853658536,0.2682926829268293,0.34146341463414637,0.2682926829268293,0.12195121951219512,0.41724989734487683,0.17647058823529413,6.0,0.0,0.0,30.0,2.155913095175825,0.3,0.0,1.8048956511448035,20.2,34.0,12.0,1.0,1.2058823529411764,3.7376696182833684
fused_rtl_state_pipeline_qd,RTLLM,Prob049_signal_generator,sequential,revolution_qd,grid_quantile,fused_rtl_state_pipeline_2d,3,True,generation_log,e1c50c80-cc37-4fb9-9ea6-9b781ff4ff02,single_thought_operator,0.23477469440256318,0.23477469440256318,0.23477469440256318,fail_pool,whole,warmup_buffered,False,False,warmup:30,False,82.0,0.00252,0.38,-1.98,-0.37,0.1276595744680851,0.46038543897216266,0.11627906976744183,,/workspace/exp/useful_bd_push/t63_fused_rtl_native_20260623_133903_UTC/hard_tuning/fused_rtl_state_pipeline_qd/seed_1001/openai_gpt-oss-120b/RTLLM/Prob049_signal_generator/Gen3/Prob049_signal_generator_sample1_single_thought_operator,/workspace/exp/useful_bd_push/t63_fused_rtl_native_20260623_133903_UTC/hard_tuning/fused_rtl_state_pipeline_qd/seed_1001/openai_gpt-oss-120b/RTLLM/Prob049_signal_generator/Gen3/Prob049_signal_generator_sample1_single_thought_operator/code.sv,/workspace/exp/useful_bd_push/t63_fused_rtl_native_20260623_133903_UTC/hard_tuning/fused_rtl_state_pipeline_qd/seed_1001/openai_gpt-oss-120b/RTLLM/Prob049_signal_generator/Gen3/Prob049_signal_generator_sample1_single_thought_operator/code_synthesis_report.metrics.json,/workspace/exp/useful_bd_push/t63_fused_rtl_native_20260623_133903_UTC/hard_tuning/fused_rtl_state_pipeline_qd/seed_1001/openai_gpt-oss-120b/RTLLM/Prob049_signal_generator/Gen3/Prob049_signal_generator_sample1_single_thought_operator/qd_archive_event.json,,True,True,True,False,True,True,True,False,True,,0.11764705882352941,1.0,2.0,4.0,0.0,18.0,0.0,3.5553480614894135,0.8235294117647058,2.639057329615259,13.0,9.0,4.0,0.5555555555555556,6.0,1.6666666666666667,0.0,0.0,0.0,15.0,25.0,41.0,4.992740482994811,5.0,0.0,0.0,1.7073170731707317,41.0,41.0,4.0,0.24619129007158233,0.95596848296639,3.258096538021482,0.0,3.7376696182833684,2.772588722239781,3.0,3.0,0.0,0.0,0.0,1.0,8.0,2.0,0.0,0.0,0.0,0.375,8.0,1.0,1.0,0.0,0.6174809966272757,0.03454044143627888,0.21258756788838168,15.0,11.735166621226039,0.0011739865091029422,8.0,1.0,8.0,0.029411764705882353,800.0,2.302585092994046,2.302585092994046,0.0,28.0,28.0,0.1951219512195122,0.0975609756097561,0.3170731707317073,0.3902439024390244,0.1951219512195122,0.0975609756097561,0.34146341463414637,0.36585365853658536,0.2682926829268293,0.34146341463414637,0.2682926829268293,0.12195121951219512,0.41724989734487683,0.17647058823529413,6.0,0.0,0.0,30.0,2.155913095175825,0.3,0.0,1.8048956511448035,20.2,34.0,13.0,1.0,1.2058823529411764,3.7376696182833684
fused_rtl_state_pipeline_qd,RTLLM,Prob049_signal_generator,sequential,revolution_qd,grid_quantile,fused_rtl_state_pipeline_2d,3,True,generation_log,b11c1c06-6610-4742-87c1-9efb151fbbad,single_thought_operator,0.23477469440256318,0.23477469440256318,0.23477469440256318,fail_pool,whole,warmup_buffered,False,False,warmup:31,False,82.0,0.00252,0.38,-1.99,-0.37,0.1276595744680851,0.46038543897216266,0.11627906976744183,,/workspace/exp/useful_bd_push/t63_fused_rtl_native_20260623_133903_UTC/hard_tuning/fused_rtl_state_pipeline_qd/seed_1001/openai_gpt-oss-120b/RTLLM/Prob049_signal_generator/Gen3/Prob049_signal_generator_sample2_single_thought_operator,/workspace/exp/useful_bd_push/t63_fused_rtl_native_20260623_133903_UTC/hard_tuning/fused_rtl_state_pipeline_qd/seed_1001/openai_gpt-oss-120b/RTLLM/Prob049_signal_generator/Gen3/Prob049_signal_generator_sample2_single_thought_operator/code.sv,/workspace/exp/useful_bd_push/t63_fused_rtl_native_20260623_133903_UTC/hard_tuning/fused_rtl_state_pipeline_qd/seed_1001/openai_gpt-oss-120b/RTLLM/Prob049_signal_generator/Gen3/Prob049_signal_generator_sample2_single_thought_operator/code_synthesis_report.metrics.json,/workspace/exp/useful_bd_push/t63_fused_rtl_native_20260623_133903_UTC/hard_tuning/fused_rtl_state_pipeline_qd/seed_1001/openai_gpt-oss-120b/RTLLM/Prob049_signal_generator/Gen3/Prob049_signal_generator_sample2_single_thought_operator/qd_archive_event.json,,True,True,True,False,True,True,True,False,True,,0.11764705882352941,1.0,2.0,4.0,0.0,18.0,1.0,3.5553480614894135,0.8235294117647058,2.70805020110221,14.0,8.0,4.0,0.5555555555555556,6.0,1.75,0.0,0.0,0.0,16.0,28.0,42.0,5.034853807117358,5.0,0.0,0.0,1.7380952380952381,42.0,42.0,3.0,0.251330715648479,0.9588993229553239,3.367295829986474,0.0,3.7612001156935624,2.833213344056216,3.0,3.0,0.0,0.0,0.0,1.0,8.0,1.0,0.0,0.0,0.0,0.38235294117647056,8.0,1.0,1.0,0.0,0.6218237069696719,0.256691795941219,0.34870519061603544,16.0,10.036970862581722,0.07300911359297346,7.0,0.8571428571428571,6.0,0.029411764705882353,944.0,2.302585092994046,2.302585092994046,0.0,34.0,31.0,0.19047619047619047,0.14285714285714285,0.2857142857142857,0.38095238095238093,0.19047619047619047,0.11904761904761904,0.3333333333333333,0.35714285714285715,0.2619047619047619,0.0,0.6190476190476191,0.11904761904761904,0.4077162961238085,0.17647058823529413,6.0,0.0625,0.0,31.0,2.186278124459133,0.3,0.0,1.823067982273661,17.2,34.0,13.0,1.0,1.2058823529411764,3.7376696182833684
fused_rtl_state_pipeline_qd,RTLLM,Prob049_signal_generator,sequential,revolution_qd,grid_quantile,fused_rtl_state_pipeline_2d,3,True,generation_log,ab76b2c8-96b4-45cc-a3f8-52c064eedba0,single_thought_operator,0.23477469440256318,0.23477469440256318,0.23477469440256318,success_pool,whole,warmup_buffered,False,False,warmup:32,False,82.0,0.00252,0.38,-1.99,-0.37,0.1276595744680851,0.46038543897216266,0.11627906976744183,,/workspace/exp/useful_bd_push/t63_fused_rtl_native_20260623_133903_UTC/hard_tuning/fused_rtl_state_pipeline_qd/seed_1001/openai_gpt-oss-120b/RTLLM/Prob049_signal_generator/Gen3/Prob049_signal_generator_sample3_single_thought_operator,/workspace/exp/useful_bd_push/t63_fused_rtl_native_20260623_133903_UTC/hard_tuning/fused_rtl_state_pipeline_qd/seed_1001/openai_gpt-oss-120b/RTLLM/Prob049_signal_generator/Gen3/Prob049_signal_generator_sample3_single_thought_operator/code.sv,/workspace/exp/useful_bd_push/t63_fused_rtl_native_20260623_133903_UTC/hard_tuning/fused_rtl_state_pipeline_qd/seed_1001/openai_gpt-oss-120b/RTLLM/Prob049_signal_generator/Gen3/Prob049_signal_generator_sample3_single_thought_operator/code_synthesis_report.metrics.json,/workspace/exp/useful_bd_push/t63_fused_rtl_native_20260623_133903_UTC/hard_tuning/fused_rtl_state_pipeline_qd/seed_1001/openai_gpt-oss-120b/RTLLM/Prob049_signal_generator/Gen3/Prob049_signal_generator_sample3_single_thought_operator/qd_archive_event.json,,True,True,True,False,True,True,True,False,True,,0.11764705882352941,1.0,2.0,4.0,0.0,18.0,1.0,3.5553480614894135,0.8235294117647058,2.70805020110221,14.0,8.0,4.0,0.5555555555555556,6.0,1.75,0.0,0.0,0.0,16.0,28.0,42.0,5.034853807117358,5.0,0.0,0.0,1.7380952380952381,42.0,42.0,3.0,0.251330715648479,0.9588993229553239,3.367295829986474,0.0,3.7612001156935624,2.833213344056216,3.0,3.0,0.0,0.0,0.0,1.0,8.0,1.0,0.0,0.0,0.0,0.38235294117647056,8.0,1.0,1.0,0.0,0.6218237069696719,0.256691795941219,0.34870519061603544,16.0,10.036970862581722,0.07300911359297346,7.0,0.8571428571428571,6.0,0.029411764705882353,922.0,2.302585092994046,2.302585092994046,0.0,31.0,31.0,0.19047619047619047,0.14285714285714285,0.2857142857142857,0.38095238095238093,0.19047619047619047,0.11904761904761904,0.3333333333333333,0.35714285714285715,0.2619047619047619,0.0,0.6190476190476191,0.11904761904761904,0.4077162961238085,0.17647058823529413,6.0,0.0625,0.0,31.0,2.186278124459133,0.3,0.0,1.823067982273661,17.2,34.0,13.0,1.0,1.2058823529411764,3.7376696182833684
fused_rtl_state_pipeline_qd,RTLLM,Prob049_signal_generator,sequential,revolution_qd,grid_quantile,fused_rtl_state_pipeline_2d,3,True,generation_log,1e6fcb14-e3a4-4241-9c92-a0e1ae2bb4d1,single_thought_operator,0.23477469440256318,0.23477469440256318,0.23477469440256318,success_pool,whole,warmup_buffered,False,False,warmup:33,False,82.0,0.00252,0.38,-1.98,-0.37,0.1276595744680851,0.46038543897216266,0.11627906976744183,,/workspace/exp/useful_bd_push/t63_fused_rtl_native_20260623_133903_UTC/hard_tuning/fused_rtl_state_pipeline_qd/seed_1001/openai_gpt-oss-120b/RTLLM/Prob049_signal_generator/Gen3/Prob049_signal_generator_sample5_single_thought_operator,/workspace/exp/useful_bd_push/t63_fused_rtl_native_20260623_133903_UTC/hard_tuning/fused_rtl_state_pipeline_qd/seed_1001/openai_gpt-oss-120b/RTLLM/Prob049_signal_generator/Gen3/Prob049_signal_generator_sample5_single_thought_operator/code.sv,/workspace/exp/useful_bd_push/t63_fused_rtl_native_20260623_133903_UTC/hard_tuning/fused_rtl_state_pipeline_qd/seed_1001/openai_gpt-oss-120b/RTLLM/Prob049_signal_generator/Gen3/Prob049_signal_generator_sample5_single_thought_operator/code_synthesis_report.metrics.json,/workspace/exp/useful_bd_push/t63_fused_rtl_native_20260623_133903_UTC/hard_tuning/fused_rtl_state_pipeline_qd/seed_1001/openai_gpt-oss-120b/RTLLM/Prob049_signal_generator/Gen3/Prob049_signal_generator_sample5_single_thought_operator/qd_archive_event.json,,True,True,True,False,True,True,True,False,True,,0.11764705882352941,2.0,3.0,4.0,0.0,14.0,0.0,3.5553480614894135,0.8235294117647058,2.639057329615259,13.0,7.0,4.0,0.7142857142857143,4.0,1.6666666666666667,0.0,2.0,0.0,15.0,25.0,41.0,4.992740482994811,5.0,0.0,0.0,1.7073170731707317,41.0,41.0,4.0,0.24619129007158186,0.95596848296639,3.258096538021482,0.0,3.7376696182833684,2.772588722239781,3.0,3.0,0.0,0.0,0.0,1.0,9.0,1.0,1.0,0.0,0.0,0.375,6.0,1.0,1.0,0.0,0.6174809966272757,0.03454044143627888,0.21258756788838168,15.0,11.735166621226039,0.0011739865091029422,8.0,1.0,8.0,0.029411764705882353,1278.0,2.0794415416798357,2.3978952727983707,0.0,42.0,40.0,0.1951219512195122,0.0975609756097561,0.3170731707317073,0.3902439024390244,0.1951219512195122,0.0975609756097561,0.34146341463414637,0.36585365853658536,0.2682926829268293,0.34146341463414637,0.2682926829268293,0.12195121951219512,0.41724989734487683,0.17647058823529413,6.0,0.0,0.0,30.0,2.155913095175825,0.3,0.0,1.8741838269462516,22.35,34.0,15.0,1.0,1.2058823529411764,3.7376696182833684
fused_rtl_state_pipeline_qd,RTLLM,Prob049_signal_generator,sequential,revolution_qd,grid_quantile,fused_rtl_state_pipeline_2d,3,True,generation_log,8830b8a8-65c5-4e15-8fa4-85c91bb3e875,single_thought_operator,0.23477469440256318,0.23477469440256318,0.23477469440256318,success_pool,whole,warmup_buffered,False,False,warmup:34,False,82.0,0.00252,0.38,-1.98,-0.37,0.1276595744680851,0.46038543897216266,0.11627906976744183,,/workspace/exp/useful_bd_push/t63_fused_rtl_native_20260623_133903_UTC/hard_tuning/fused_rtl_state_pipeline_qd/seed_1001/openai_gpt-oss-120b/RTLLM/Prob049_signal_generator/Gen3/Prob049_signal_generator_sample8_single_thought_operator,/workspace/exp/useful_bd_push/t63_fused_rtl_native_20260623_133903_UTC/hard_tuning/fused_rtl_state_pipeline_qd/seed_1001/openai_gpt-oss-120b/RTLLM/Prob049_signal_generator/Gen3/Prob049_signal_generator_sample8_single_thought_operator/code.sv,/workspace/exp/useful_bd_push/t63_fused_rtl_native_20260623_133903_UTC/hard_tuning/fused_rtl_state_pipeline_qd/seed_1001/openai_gpt-oss-120b/RTLLM/Prob049_signal_generator/Gen3/Prob049_signal_generator_sample8_single_thought_operator/code_synthesis_report.metrics.json,/workspace/exp/useful_bd_push/t63_fused_rtl_native_20260623_133903_UTC/hard_tuning/fused_rtl_state_pipeline_qd/seed_1001/openai_gpt-oss-120b/RTLLM/Prob049_signal_generator/Gen3/Prob049_signal_generator_sample8_single_thought_operator/qd_archive_event.json,,True,True,True,False,True,True,True,False,True,,0.11764705882352941,1.0,2.0,4.0,0.0,18.0,0.0,3.5553480614894135,0.8235294117647058,2.639057329615259,13.0,9.0,4.0,0.5555555555555556,6.0,1.6666666666666667,0.0,2.0,0.0,15.0,25.0,41.0,4.992740482994811,5.0,0.0,0.0,1.7073170731707317,41.0,41.0,4.0,0.24619129007158233,0.95596848296639,3.258096538021482,0.0,3.7376696182833684,2.772588722239781,3.0,3.0,0.0,0.0,0.0,1.0,8.0,2.0,0.0,0.0,0.0,0.375,8.0,1.0,1.0,0.0,0.6174809966272757,0.03454044143627888,0.21258756788838168,15.0,11.735166621226039,0.0011739865091029422,8.0,1.0,8.0,0.029411764705882353,900.0,2.302585092994046,2.302585092994046,0.0,29.0,28.0,0.1951219512195122,0.0975609756097561,0.3170731707317073,0.3902439024390244,0.1951219512195122,0.0975609756097561,0.34146341463414637,0.36585365853658536,0.2682926829268293,0.34146341463414637,0.2682926829268293,0.12195121951219512,0.41724989734487683,0.17647058823529413,6.0,0.0,0.0,30.0,2.155913095175825,0.3,0.0,1.8048956511448035,20.2,34.0,12.0,1.0,1.2058823529411764,3.7376696182833684
fused_rtl_state_pipeline_qd,RTLLM,Prob049_signal_generator,sequential,revolution_qd,grid_quantile,fused_rtl_state_pipeline_2d,3,True,generation_log,25b9526a-18ec-4ab2-b010-7be266898f66,single_thought_operator,0.23477469440256318,0.23477469440256318,0.23477469440256318,success_pool,whole,warmup_buffered,False,False,warmup:35,False,82.0,0.00252,0.38,-1.99,-0.37,0.1276595744680851,0.46038543897216266,0.11627906976744183,,/workspace/exp/useful_bd_push/t63_fused_rtl_native_20260623_133903_UTC/hard_tuning/fused_rtl_state_pipeline_qd/seed_1001/openai_gpt-oss-120b/RTLLM/Prob049_signal_generator/Gen3/Prob049_signal_generator_sample9_single_thought_operator,/workspace/exp/useful_bd_push/t63_fused_rtl_native_20260623_133903_UTC/hard_tuning/fused_rtl_state_pipeline_qd/seed_1001/openai_gpt-oss-120b/RTLLM/Prob049_signal_generator/Gen3/Prob049_signal_generator_sample9_single_thought_operator/code.sv,/workspace/exp/useful_bd_push/t63_fused_rtl_native_20260623_133903_UTC/hard_tuning/fused_rtl_state_pipeline_qd/seed_1001/openai_gpt-oss-120b/RTLLM/Prob049_signal_generator/Gen3/Prob049_signal_generator_sample9_single_thought_operator/code_synthesis_report.metrics.json,/workspace/exp/useful_bd_push/t63_fused_rtl_native_20260623_133903_UTC/hard_tuning/fused_rtl_state_pipeline_qd/seed_1001/openai_gpt-oss-120b/RTLLM/Prob049_signal_generator/Gen3/Prob049_signal_generator_sample9_single_thought_operator/qd_archive_event.json,,True,True,True,False,True,True,True,False,True,,0.11764705882352941,1.0,2.0,4.0,0.0,18.0,1.0,3.5553480614894135,0.8235294117647058,2.70805020110221,14.0,9.0,4.0,0.5,6.0,1.75,0.0,0.0,0.0,16.0,28.0,42.0,5.034853807117358,5.0,0.0,0.0,1.7380952380952381,42.0,42.0,3.0,0.251330715648479,0.9588993229553239,3.367295829986474,0.0,3.7612001156935624,2.833213344056216,3.0,3.0,0.0,0.0,0.0,1.0,8.0,1.0,0.0,0.0,0.0,0.38235294117647056,9.0,1.0,1.0,0.0,0.6218237069696719,0.256691795941219,0.34870519061603544,16.0,10.036970862581722,0.07300911359297346,7.0,0.8571428571428571,6.0,0.029411764705882353,1000.0,2.3978952727983707,2.3978952727983707,0.0,34.0,33.0,0.19047619047619047,0.14285714285714285,0.2857142857142857,0.38095238095238093,0.19047619047619047,0.11904761904761904,0.3333333333333333,0.35714285714285715,0.2619047619047619,0.0,0.6190476190476191,0.11904761904761904,0.4077162961238085,0.17647058823529413,6.0,0.0625,0.0,31.0,2.186278124459133,0.3,0.0,1.8048956511448035,17.7,34.0,13.0,1.0,1.2058823529411764,3.7376696182833684
fused_rtl_state_pipeline_qd,RTLLM,Prob049_signal_generator,sequential,revolution_qd,grid_quantile,fused_rtl_state_pipeline_2d,3,True,generation_log,c5f0f2e4-0c04-41ca-888d-fb85e87b463b,single_thought_operator,0.23477469440256318,0.23477469440256318,0.23477469440256318,success_pool,whole,warmup_buffered,False,False,warmup:36,False,82.0,0.00252,0.38,-1.99,-0.37,0.1276595744680851,0.46038543897216266,0.11627906976744183,,/workspace/exp/useful_bd_push/t63_fused_rtl_native_20260623_133903_UTC/hard_tuning/fused_rtl_state_pipeline_qd/seed_1001/openai_gpt-oss-120b/RTLLM/Prob049_signal_generator/Gen3/Prob049_signal_generator_sample10_single_thought_operator,/workspace/exp/useful_bd_push/t63_fused_rtl_native_20260623_133903_UTC/hard_tuning/fused_rtl_state_pipeline_qd/seed_1001/openai_gpt-oss-120b/RTLLM/Prob049_signal_generator/Gen3/Prob049_signal_generator_sample10_single_thought_operator/code.sv,/workspace/exp/useful_bd_push/t63_fused_rtl_native_20260623_133903_UTC/hard_tuning/fused_rtl_state_pipeline_qd/seed_1001/openai_gpt-oss-120b/RTLLM/Prob049_signal_generator/Gen3/Prob049_signal_generator_sample10_single_thought_operator/code_synthesis_report.metrics.json,/workspace/exp/useful_bd_push/t63_fused_rtl_native_20260623_133903_UTC/hard_tuning/fused_rtl_state_pipeline_qd/seed_1001/openai_gpt-oss-120b/RTLLM/Prob049_signal_generator/Gen3/Prob049_signal_generator_sample10_single_thought_operator/qd_archive_event.json,,True,True,True,False,True,True,True,False,True,,0.11764705882352941,1.0,2.0,4.0,0.0,18.0,1.0,3.5553480614894135,0.8235294117647058,2.70805020110221,14.0,10.0,4.0,0.45454545454545453,6.0,1.75,0.0,0.0,0.0,16.0,28.0,42.0,5.034853807117358,5.0,0.0,0.0,1.7380952380952381,42.0,42.0,3.0,0.251330715648479,0.9588993229553239,3.367295829986474,0.0,3.7612001156935624,2.833213344056216,3.0,3.0,0.0,0.0,0.0,1.0,9.0,1.0,0.0,0.0,0.0,0.38235294117647056,10.0,1.0,1.0,0.0,0.6218237069696719,0.256691795941219,0.34870519061603544,16.0,10.036970862581722,0.07300911359297346,7.0,0.8571428571428571,6.0,0.029411764705882353,1016.0,2.3978952727983707,2.3978952727983707,0.0,38.0,35.0,0.19047619047619047,0.14285714285714285,0.2857142857142857,0.38095238095238093,0.19047619047619047,0.11904761904761904,0.3333333333333333,0.35714285714285715,0.2619047619047619,0.0,0.6190476190476191,0.11904761904761904,0.4077162961238085,0.17647058823529413,6.0,0.0625,0.0,31.0,2.186278124459133,0.3,0.0,1.7739119513005472,18.35,34.0,14.0,1.0,1.2058823529411764,3.7376696182833684
fused_rtl_state_pipeline_qd,RTLLM,Prob049_signal_generator,sequential,revolution_qd,grid_quantile,fused_rtl_state_pipeline_2d,3,True,generation_log,62b0c0a0-bfb5-494c-a46d-c456b686d4f1,single_thought_operator,0.20743771413717707,0.20743771413717707,0.20743771413717707,success_pool,whole,warmup_buffered,False,False,warmup:37,True,77.0,0.00326,0.37,-1.89,-0.36,0.18085106382978725,0.3019271948608137,0.13953488372093023,,/workspace/exp/useful_bd_push/t63_fused_rtl_native_20260623_133903_UTC/hard_tuning/fused_rtl_state_pipeline_qd/seed_1001/openai_gpt-oss-120b/RTLLM/Prob049_signal_generator/Gen3/Prob049_signal_generator_sample11_single_thought_operator,/workspace/exp/useful_bd_push/t63_fused_rtl_native_20260623_133903_UTC/hard_tuning/fused_rtl_state_pipeline_qd/seed_1001/openai_gpt-oss-120b/RTLLM/Prob049_signal_generator/Gen3/Prob049_signal_generator_sample11_single_thought_operator/code.sv,/workspace/exp/useful_bd_push/t63_fused_rtl_native_20260623_133903_UTC/hard_tuning/fused_rtl_state_pipeline_qd/seed_1001/openai_gpt-oss-120b/RTLLM/Prob049_signal_generator/Gen3/Prob049_signal_generator_sample11_single_thought_operator/code_synthesis_report.metrics.json,/workspace/exp/useful_bd_push/t63_fused_rtl_native_20260623_133903_UTC/hard_tuning/fused_rtl_state_pipeline_qd/seed_1001/openai_gpt-oss-120b/RTLLM/Prob049_signal_generator/Gen3/Prob049_signal_generator_sample11_single_thought_operator/qd_archive_event.json,,True,True,True,False,True,True,True,False,True,,0.1111111111111111,1.0,2.0,4.0,0.0,18.0,0.0,3.6109179126442243,0.8333333333333334,2.639057329615259,13.0,10.0,4.0,0.45454545454545453,6.0,1.6666666666666667,0.0,0.0,0.0,15.0,25.0,41.0,4.992740482994811,5.0,0.0,0.0,1.7073170731707317,41.0,41.0,4.0,0.24619129007158244,0.9559684829663903,3.258096538021482,0.0,3.7376696182833684,2.772588722239781,3.0,3.0,0.0,0.0,0.0,1.0,12.0,1.0,0.0,0.0,0.0,0.375,10.0,1.0,1.0,0.0,0.6174809966272757,0.03454044143627888,0.21258756788838168,15.0,11.735166621226039,0.0011739865091029422,8.0,1.0,8.0,0.027777777777777776,947.0,2.302585092994046,2.302585092994046,0.0,33.0,30.0,0.1951219512195122,0.07317073170731707,0.34146341463414637,0.3902439024390244,0.1951219512195122,0.12195121951219512,0.3170731707317073,0.36585365853658536,0.2682926829268293,0.34146341463414637,0.2682926829268293,0.12195121951219512,0.41724989734487683,0.16666666666666666,6.0,0.0,0.0,30.0,2.155913095175825,0.3,0.0,1.7273966735744792,18.8,36.0,12.0,1.0,1.1944444444444444,3.784189633918261
fused_rtl_state_pipeline_qd,RTLLM,Prob049_signal_generator,sequential,revolution_qd,grid_quantile,fused_rtl_state_pipeline_2d,3,True,generation_log,806724ac-e7b1-48c7-b0fc-aef80811b3c0,single_thought_operator,0.23477469440256318,0.23477469440256318,0.23477469440256318,success_pool,whole,warmup_buffered,False,False,warmup:38,False,82.0,0.00252,0.38,-1.98,-0.37,0.1276595744680851,0.46038543897216266,0.11627906976744183,,/workspace/exp/useful_bd_push/t63_fused_rtl_native_20260623_133903_UTC/hard_tuning/fused_rtl_state_pipeline_qd/seed_1001/openai_gpt-oss-120b/RTLLM/Prob049_signal_generator/Gen3/Prob049_signal_generator_sample12_single_thought_operator,/workspace/exp/useful_bd_push/t63_fused_rtl_native_20260623_133903_UTC/hard_tuning/fused_rtl_state_pipeline_qd/seed_1001/openai_gpt-oss-120b/RTLLM/Prob049_signal_generator/Gen3/Prob049_signal_generator_sample12_single_thought_operator/code.sv,/workspace/exp/useful_bd_push/t63_fused_rtl_native_20260623_133903_UTC/hard_tuning/fused_rtl_state_pipeline_qd/seed_1001/openai_gpt-oss-120b/RTLLM/Prob049_signal_generator/Gen3/Prob049_signal_generator_sample12_single_thought_operator/code_synthesis_report.metrics.json,/workspace/exp/useful_bd_push/t63_fused_rtl_native_20260623_133903_UTC/hard_tuning/fused_rtl_state_pipeline_qd/seed_1001/openai_gpt-oss-120b/RTLLM/Prob049_signal_generator/Gen3/Prob049_signal_generator_sample12_single_thought_operator/qd_archive_event.json,,True,True,True,False,True,True,True,False,True,,0.11764705882352941,1.0,2.0,4.0,0.0,18.0,0.0,3.5553480614894135,0.8235294117647058,2.639057329615259,13.0,9.0,4.0,0.5555555555555556,6.0,1.6666666666666667,0.0,0.0,0.0,15.0,25.0,41.0,4.992740482994811,5.0,0.0,0.0,1.7073170731707317,41.0,41.0,4.0,0.24619129007158233,0.95596848296639,3.258096538021482,0.0,3.7376696182833684,2.772588722239781,3.0,3.0,0.0,0.0,0.0,1.0,8.0,2.0,0.0,0.0,0.0,0.375,8.0,1.0,1.0,0.0,0.6174809966272757,0.03454044143627888,0.21258756788838168,15.0,11.735166621226039,0.0011739865091029422,8.0,1.0,8.0,0.029411764705882353,926.0,2.302585092994046,2.302585092994046,0.0,29.0,28.0,0.1951219512195122,0.0975609756097561,0.3170731707317073,0.3902439024390244,0.1951219512195122,0.0975609756097561,0.34146341463414637,0.36585365853658536,0.2682926829268293,0.34146341463414637,0.2682926829268293,0.12195121951219512,0.41724989734487683,0.17647058823529413,6.0,0.0,0.0,30.0,2.155913095175825,0.3,0.0,1.8048956511448035,20.2,34.0,13.0,1.0,1.2058823529411764,3.7376696182833684
fused_rtl_state_pipeline_qd,VerilogEval-Spec-to-RTL,Prob098_circuit7,combinational,revolution_qd,grid_quantile,fused_rtl_state_pipeline_2d,0,True,generation_log,c0c6e289-38a4-4f92-b2e4-386bc1fcd698,initial,-0.0,-0.0,-0.0,initial,whole,warmup_buffered,False,False,warmup:1,True,5.0,0.000472,0.0,0.0,0.0,0.0,0.0,0.0,,/workspace/exp/useful_bd_push/t63_fused_rtl_native_20260623_133903_UTC/hard_tuning/fused_rtl_state_pipeline_qd/seed_1001/openai_gpt-oss-120b/VerilogEval-Spec-to-RTL/Prob098_circuit7/Gen0/Prob098_circuit7_sample1_initial,/workspace/exp/useful_bd_push/t63_fused_rtl_native_20260623_133903_UTC/hard_tuning/fused_rtl_state_pipeline_qd/seed_1001/openai_gpt-oss-120b/VerilogEval-Spec-to-RTL/Prob098_circuit7/Gen0/Prob098_circuit7_sample1_initial/code.sv,/workspace/exp/useful_bd_push/t63_fused_rtl_native_20260623_133903_UTC/hard_tuning/fused_rtl_state_pipeline_qd/seed_1001/openai_gpt-oss-120b/VerilogEval-Spec-to-RTL/Prob098_circuit7/Gen0/Prob098_circuit7_sample1_initial/code_synthesis_report.metrics.json,/workspace/exp/useful_bd_push/t63_fused_rtl_native_20260623_133903_UTC/hard_tuning/fused_rtl_state_pipeline_qd/seed_1001/openai_gpt-oss-120b/VerilogEval-Spec-to-RTL/Prob098_circuit7/Gen0/Prob098_circuit7_sample1_initial/qd_archive_event.json,/workspace/exp/useful_bd_push/t63_fused_rtl_native_20260623_133903_UTC/hard_tuning/fused_rtl_state_pipeline_qd/seed_1001/openai_gpt-oss-120b/VerilogEval-Spec-to-RTL/Prob098_circuit7/Gen0/Prob098_circuit7_sample1_initial/wave.vcd,True,True,True,True,True,True,True,False,True,,0.0,1.0,0.0,0.0,0.0,6.0,0.0,1.3862943611198906,0.6666666666666666,0.6931471805599453,1.0,1.0,0.0,0.3333333333333333,0.0,0.5,1.0,0.0,0.0,2.0,1.0,4.0,2.0,1.0,1.0,1.0,1.0,4.0,4.0,0.0,2.0,0.0,0.6931471805599453,0.6931471805599453,1.6094379124341003,1.0986122886681096,1.0,1.0,0.0,1.0,0.0,0.0,2.0,1.0,0.0,0.0,0.0,0.16666666666666666,2.0,0.0,0.0,0.0,0.0,0.0,0.5,2.0,0.0,0.0,1.0,0.0,0.0,0.0,177.0,0.6931471805599453,0.6931471805599453,0.0,11.0,9.0,0.75,0.25,0.0,0.0,0.75,0.25,0.0,0.0,0.75,0.0,0.0,0.25,0.06871908602931644,0.3333333333333333,1.0,0.5,0.0,3.0,1.0,2.0,0.0,1.5,2.3,3.0,5.0,1.0,1.6666666666666667,1.791759469228055
fused_rtl_state_pipeline_qd,VerilogEval-Spec-to-RTL,Prob098_circuit7,combinational,revolution_qd,grid_quantile,fused_rtl_state_pipeline_2d,0,True,generation_log,365b881f-555b-42f7-8f47-49dcedc00e63,initial,-0.0,-0.0,-0.0,initial,whole,warmup_buffered,False,False,warmup:2,False,5.0,0.000472,0.0,0.0,0.0,0.0,0.0,0.0,,/workspace/exp/useful_bd_push/t63_fused_rtl_native_20260623_133903_UTC/hard_tuning/fused_rtl_state_pipeline_qd/seed_1001/openai_gpt-oss-120b/VerilogEval-Spec-to-RTL/Prob098_circuit7/Gen0/Prob098_circuit7_sample2_initial,/workspace/exp/useful_bd_push/t63_fused_rtl_native_20260623_133903_UTC/hard_tuning/fused_rtl_state_pipeline_qd/seed_1001/openai_gpt-oss-120b/VerilogEval-Spec-to-RTL/Prob098_circuit7/Gen0/Prob098_circuit7_sample2_initial/code.sv,/workspace/exp/useful_bd_push/t63_fused_rtl_native_20260623_133903_UTC/hard_tuning/fused_rtl_state_pipeline_qd/seed_1001/openai_gpt-oss-120b/VerilogEval-Spec-to-RTL/Prob098_circuit7/Gen0/Prob098_circuit7_sample2_initial/code_synthesis_report.metrics.json,/workspace/exp/useful_bd_push/t63_fused_rtl_native_20260623_133903_UTC/hard_tuning/fused_rtl_state_pipeline_qd/seed_1001/openai_gpt-oss-120b/VerilogEval-Spec-to-RTL/Prob098_circuit7/Gen0/Prob098_circuit7_sample2_initial/qd_archive_event.json,/workspace/exp/useful_bd_push/t63_fused_rtl_native_20260623_133903_UTC/hard_tuning/fused_rtl_state_pipeline_qd/seed_1001/openai_gpt-oss-120b/VerilogEval-Spec-to-RTL/Prob098_circuit7/Gen0/Prob098_circuit7_sample2_initial/wave.vcd,True,True,True,True,True,True,True,False,True,,0.0,1.0,0.0,0.0,0.0,6.0,0.0,1.3862943611198906,0.6666666666666666,0.6931471805599453,1.0,1.0,0.0,0.3333333333333333,0.0,0.5,1.0,0.0,0.0,2.0,1.0,4.0,2.0,1.0,1.0,1.0,1.0,4.0,4.0,0.0,2.0,0.0,0.6931471805599453,0.6931471805599453,1.6094379124341003,1.0986122886681096,1.0,1.0,0.0,1.0,0.0,0.0,2.0,1.0,0.0,0.0,0.0,0.16666666666666666,2.0,0.0,0.0,0.0,0.0,0.0,0.5,2.0,0.0,0.0,1.0,0.0,0.0,0.0,145.0,0.6931471805599453,0.6931471805599453,0.0,9.0,9.0,0.75,0.25,0.0,0.0,0.75,0.25,0.0,0.0,0.75,0.0,0.0,0.25,0.06871908602931644,0.3333333333333333,1.0,0.5,0.0,3.0,1.0,2.0,0.0,1.5,2.3,3.0,5.0,1.0,1.6666666666666667,1.791759469228055
fused_rtl_state_pipeline_qd,VerilogEval-Spec-to-RTL,Prob098_circuit7,combinational,revolution_qd,grid_quantile,fused_rtl_state_pipeline_2d,0,True,generation_log,f4f540d5-ecac-4f4e-9e7d-8c568a8ed469,initial,-0.0,-0.0,-0.0,initial,whole,warmup_buffered,False,False,warmup:3,False,5.0,0.000472,0.0,0.0,0.0,0.0,0.0,0.0,,/workspace/exp/useful_bd_push/t63_fused_rtl_native_20260623_133903_UTC/hard_tuning/fused_rtl_state_pipeline_qd/seed_1001/openai_gpt-oss-120b/VerilogEval-Spec-to-RTL/Prob098_circuit7/Gen0/Prob098_circuit7_sample3_initial,/workspace/exp/useful_bd_push/t63_fused_rtl_native_20260623_133903_UTC/hard_tuning/fused_rtl_state_pipeline_qd/seed_1001/openai_gpt-oss-120b/VerilogEval-Spec-to-RTL/Prob098_circuit7/Gen0/Prob098_circuit7_sample3_initial/code.sv,/workspace/exp/useful_bd_push/t63_fused_rtl_native_20260623_133903_UTC/hard_tuning/fused_rtl_state_pipeline_qd/seed_1001/openai_gpt-oss-120b/VerilogEval-Spec-to-RTL/Prob098_circuit7/Gen0/Prob098_circuit7_sample3_initial/code_synthesis_report.metrics.json,/workspace/exp/useful_bd_push/t63_fused_rtl_native_20260623_133903_UTC/hard_tuning/fused_rtl_state_pipeline_qd/seed_1001/openai_gpt-oss-120b/VerilogEval-Spec-to-RTL/Prob098_circuit7/Gen0/Prob098_circuit7_sample3_initial/qd_archive_event.json,/workspace/exp/useful_bd_push/t63_fused_rtl_native_20260623_133903_UTC/hard_tuning/fused_rtl_state_pipeline_qd/seed_1001/openai_gpt-oss-120b/VerilogEval-Spec-to-RTL/Prob098_circuit7/Gen0/Prob098_circuit7_sample3_initial/wave.vcd,True,True,True,True,True,True,True,False,True,,0.0,1.0,0.0,0.0,0.0,6.0,0.0,1.3862943611198906,0.6666666666666666,0.6931471805599453,1.0,1.0,0.0,0.3333333333333333,0.0,0.5,1.0,0.0,0.0,2.0,1.0,4.0,2.0,1.0,1.0,1.0,1.0,4.0,4.0,0.0,2.0,0.0,0.6931471805599453,0.6931471805599453,1.6094379124341003,1.0986122886681096,1.0,1.0,0.0,1.0,0.0,0.0,2.0,1.0,0.0,0.0,0.0,0.16666666666666666,2.0,0.0,0.0,0.0,0.0,0.0,0.5,2.0,0.0,0.0,1.0,0.0,0.0,0.0,259.0,0.6931471805599453,0.6931471805599453,0.0,11.0,11.0,0.75,0.25,0.0,0.0,0.75,0.25,0.0,0.0,0.75,0.0,0.0,0.25,0.06871908602931644,0.3333333333333333,1.0,0.5,0.0,3.0,1.0,2.0,0.0,1.5,2.3,3.0,5.0,1.0,1.6666666666666667,1.791759469228055
fused_rtl_state_pipeline_qd,VerilogEval-Spec-to-RTL,Prob098_circuit7,combinational,revolution_qd,grid_quantile,fused_rtl_state_pipeline_2d,0,True,generation_log,ef7e7c22-542d-4680-b1dd-7da20e4a2534,initial,-0.0,-0.0,-0.0,initial,whole,warmup_buffered,False,False,warmup:4,False,5.0,0.000472,0.0,0.0,0.0,0.0,0.0,0.0,,/workspace/exp/useful_bd_push/t63_fused_rtl_native_20260623_133903_UTC/hard_tuning/fused_rtl_state_pipeline_qd/seed_1001/openai_gpt-oss-120b/VerilogEval-Spec-to-RTL/Prob098_circuit7/Gen0/Prob098_circuit7_sample4_initial,/workspace/exp/useful_bd_push/t63_fused_rtl_native_20260623_133903_UTC/hard_tuning/fused_rtl_state_pipeline_qd/seed_1001/openai_gpt-oss-120b/VerilogEval-Spec-to-RTL/Prob098_circuit7/Gen0/Prob098_circuit7_sample4_initial/code.sv,/workspace/exp/useful_bd_push/t63_fused_rtl_native_20260623_133903_UTC/hard_tuning/fused_rtl_state_pipeline_qd/seed_1001/openai_gpt-oss-120b/VerilogEval-Spec-to-RTL/Prob098_circuit7/Gen0/Prob098_circuit7_sample4_initial/code_synthesis_report.metrics.json,/workspace/exp/useful_bd_push/t63_fused_rtl_native_20260623_133903_UTC/hard_tuning/fused_rtl_state_pipeline_qd/seed_1001/openai_gpt-oss-120b/VerilogEval-Spec-to-RTL/Prob098_circuit7/Gen0/Prob098_circuit7_sample4_initial/qd_archive_event.json,/workspace/exp/useful_bd_push/t63_fused_rtl_native_20260623_133903_UTC/hard_tuning/fused_rtl_state_pipeline_qd/seed_1001/openai_gpt-oss-120b/VerilogEval-Spec-to-RTL/Prob098_circuit7/Gen0/Prob098_circuit7_sample4_initial/wave.vcd,True,True,True,True,True,True,True,False,True,,0.0,1.0,0.0,0.0,0.0,6.0,0.0,1.3862943611198906,0.6666666666666666,0.6931471805599453,1.0,1.0,0.0,0.3333333333333333,0.0,0.5,1.0,0.0,0.0,2.0,1.0,4.0,2.0,1.0,1.0,1.0,1.0,4.0,4.0,0.0,2.0,0.0,0.6931471805599453,0.6931471805599453,1.6094379124341003,1.0986122886681096,1.0,1.0,0.0,1.0,0.0,0.0,2.0,1.0,0.0,0.0,0.0,0.16666666666666666,2.0,0.0,0.0,0.0,0.0,0.0,0.5,2.0,0.0,0.0,1.0,0.0,0.0,0.0,209.0,0.6931471805599453,0.6931471805599453,0.0,10.0,10.0,0.75,0.25,0.0,0.0,0.75,0.25,0.0,0.0,0.75,0.0,0.0,0.25,0.06871908602931644,0.3333333333333333,1.0,0.5,0.0,3.0,1.0,2.0,0.0,1.5,2.3,3.0,5.0,1.0,1.6666666666666667,1.791759469228055
fused_rtl_state_pipeline_qd,VerilogEval-Spec-to-RTL,Prob098_circuit7,combinational,revolution_qd,grid_quantile,fused_rtl_state_pipeline_2d,0,True,generation_log,d5eb17ca-2f34-44fe-8d71-57c9a3693182,initial,-0.0,-0.0,-0.0,initial,whole,warmup_buffered,False,False,warmup:5,False,5.0,0.000472,0.0,0.0,0.0,0.0,0.0,0.0,,/workspace/exp/useful_bd_push/t63_fused_rtl_native_20260623_133903_UTC/hard_tuning/fused_rtl_state_pipeline_qd/seed_1001/openai_gpt-oss-120b/VerilogEval-Spec-to-RTL/Prob098_circuit7/Gen0/Prob098_circuit7_sample6_initial,/workspace/exp/useful_bd_push/t63_fused_rtl_native_20260623_133903_UTC/hard_tuning/fused_rtl_state_pipeline_qd/seed_1001/openai_gpt-oss-120b/VerilogEval-Spec-to-RTL/Prob098_circuit7/Gen0/Prob098_circuit7_sample6_initial/code.sv,/workspace/exp/useful_bd_push/t63_fused_rtl_native_20260623_133903_UTC/hard_tuning/fused_rtl_state_pipeline_qd/seed_1001/openai_gpt-oss-120b/VerilogEval-Spec-to-RTL/Prob098_circuit7/Gen0/Prob098_circuit7_sample6_initial/code_synthesis_report.metrics.json,/workspace/exp/useful_bd_push/t63_fused_rtl_native_20260623_133903_UTC/hard_tuning/fused_rtl_state_pipeline_qd/seed_1001/openai_gpt-oss-120b/VerilogEval-Spec-to-RTL/Prob098_circuit7/Gen0/Prob098_circuit7_sample6_initial/qd_archive_event.json,/workspace/exp/useful_bd_push/t63_fused_rtl_native_20260623_133903_UTC/hard_tuning/fused_rtl_state_pipeline_qd/seed_1001/openai_gpt-oss-120b/VerilogEval-Spec-to-RTL/Prob098_circuit7/Gen0/Prob098_circuit7_sample6_initial/wave.vcd,True,True,True,True,True,True,True,False,True,,0.0,1.0,0.0,0.0,0.0,6.0,0.0,1.3862943611198906,0.6666666666666666,0.6931471805599453,1.0,1.0,0.0,0.3333333333333333,0.0,0.5,1.0,0.0,0.0,2.0,1.0,4.0,2.0,1.0,1.0,1.0,1.0,4.0,4.0,0.0,2.0,0.0,0.6931471805599453,0.6931471805599453,1.6094379124341003,1.0986122886681096,1.0,1.0,0.0,1.0,0.0,0.0,2.0,1.0,0.0,0.0,0.0,0.16666666666666666,2.0,0.0,0.0,0.0,0.0,0.0,0.5,2.0,0.0,0.0,1.0,0.0,0.0,0.0,220.0,0.6931471805599453,0.6931471805599453,0.0,12.0,10.0,0.75,0.25,0.0,0.0,0.75,0.25,0.0,0.0,0.75,0.0,0.0,0.25,0.06871908602931644,0.3333333333333333,1.0,0.5,0.0,3.0,1.0,2.0,0.0,1.5,2.3,3.0,5.0,1.0,1.6666666666666667,1.791759469228055
fused_rtl_state_pipeline_qd,VerilogEval-Spec-to-RTL,Prob098_circuit7,combinational,revolution_qd,grid_quantile,fused_rtl_state_pipeline_2d,0,True,generation_log,81126269-7434-46f8-b30b-d41653d40ec6,initial,-0.0,-0.0,-0.0,initial,whole,warmup_buffered,False,False,warmup:6,False,5.0,0.000472,0.0,0.0,0.0,0.0,0.0,0.0,,/workspace/exp/useful_bd_push/t63_fused_rtl_native_20260623_133903_UTC/hard_tuning/fused_rtl_state_pipeline_qd/seed_1001/openai_gpt-oss-120b/VerilogEval-Spec-to-RTL/Prob098_circuit7/Gen0/Prob098_circuit7_sample7_initial,/workspace/exp/useful_bd_push/t63_fused_rtl_native_20260623_133903_UTC/hard_tuning/fused_rtl_state_pipeline_qd/seed_1001/openai_gpt-oss-120b/VerilogEval-Spec-to-RTL/Prob098_circuit7/Gen0/Prob098_circuit7_sample7_initial/code.sv,/workspace/exp/useful_bd_push/t63_fused_rtl_native_20260623_133903_UTC/hard_tuning/fused_rtl_state_pipeline_qd/seed_1001/openai_gpt-oss-120b/VerilogEval-Spec-to-RTL/Prob098_circuit7/Gen0/Prob098_circuit7_sample7_initial/code_synthesis_report.metrics.json,/workspace/exp/useful_bd_push/t63_fused_rtl_native_20260623_133903_UTC/hard_tuning/fused_rtl_state_pipeline_qd/seed_1001/openai_gpt-oss-120b/VerilogEval-Spec-to-RTL/Prob098_circuit7/Gen0/Prob098_circuit7_sample7_initial/qd_archive_event.json,/workspace/exp/useful_bd_push/t63_fused_rtl_native_20260623_133903_UTC/hard_tuning/fused_rtl_state_pipeline_qd/seed_1001/openai_gpt-oss-120b/VerilogEval-Spec-to-RTL/Prob098_circuit7/Gen0/Prob098_circuit7_sample7_initial/wave.vcd,True,True,True,True,True,True,True,False,True,,0.0,1.0,0.0,0.0,0.0,6.0,0.0,1.3862943611198906,0.6666666666666666,0.6931471805599453,1.0,1.0,0.0,0.3333333333333333,0.0,0.5,1.0,0.0,0.0,2.0,1.0,4.0,2.0,1.0,1.0,1.0,1.0,4.0,4.0,0.0,2.0,0.0,0.6931471805599453,0.6931471805599453,1.6094379124341003,1.0986122886681096,1.0,1.0,0.0,1.0,0.0,0.0,2.0,1.0,0.0,0.0,0.0,0.16666666666666666,2.0,0.0,0.0,0.0,0.0,0.0,0.5,2.0,0.0,0.0,1.0,0.0,0.0,0.0,134.0,0.6931471805599453,0.6931471805599453,0.0,9.0,9.0,0.75,0.25,0.0,0.0,0.75,0.25,0.0,0.0,0.75,0.0,0.0,0.25,0.06871908602931644,0.3333333333333333,1.0,0.5,0.0,3.0,1.0,2.0,0.0,1.5,2.3,3.0,5.0,1.0,1.6666666666666667,1.791759469228055
fused_rtl_state_pipeline_qd,VerilogEval-Spec-to-RTL,Prob098_circuit7,combinational,revolution_qd,grid_quantile,fused_rtl_state_pipeline_2d,0,True,generation_log,3f31c784-a486-4193-a3f6-095191d641b3,initial,-0.0,-0.0,-0.0,initial,whole,warmup_buffered,False,False,warmup:7,False,5.0,0.000472,0.0,0.0,0.0,0.0,0.0,0.0,,/workspace/exp/useful_bd_push/t63_fused_rtl_native_20260623_133903_UTC/hard_tuning/fused_rtl_state_pipeline_qd/seed_1001/openai_gpt-oss-120b/VerilogEval-Spec-to-RTL/Prob098_circuit7/Gen0/Prob098_circuit7_sample11_initial,/workspace/exp/useful_bd_push/t63_fused_rtl_native_20260623_133903_UTC/hard_tuning/fused_rtl_state_pipeline_qd/seed_1001/openai_gpt-oss-120b/VerilogEval-Spec-to-RTL/Prob098_circuit7/Gen0/Prob098_circuit7_sample11_initial/code.sv,/workspace/exp/useful_bd_push/t63_fused_rtl_native_20260623_133903_UTC/hard_tuning/fused_rtl_state_pipeline_qd/seed_1001/openai_gpt-oss-120b/VerilogEval-Spec-to-RTL/Prob098_circuit7/Gen0/Prob098_circuit7_sample11_initial/code_synthesis_report.metrics.json,/workspace/exp/useful_bd_push/t63_fused_rtl_native_20260623_133903_UTC/hard_tuning/fused_rtl_state_pipeline_qd/seed_1001/openai_gpt-oss-120b/VerilogEval-Spec-to-RTL/Prob098_circuit7/Gen0/Prob098_circuit7_sample11_initial/qd_archive_event.json,/workspace/exp/useful_bd_push/t63_fused_rtl_native_20260623_133903_UTC/hard_tuning/fused_rtl_state_pipeline_qd/seed_1001/openai_gpt-oss-120b/VerilogEval-Spec-to-RTL/Prob098_circuit7/Gen0/Prob098_circuit7_sample11_initial/wave.vcd,True,True,True,True,True,True,True,False,True,,0.0,1.0,0.0,0.0,0.0,6.0,0.0,1.3862943611198906,0.6666666666666666,0.6931471805599453,1.0,1.0,0.0,0.3333333333333333,0.0,0.5,1.0,0.0,0.0,2.0,1.0,4.0,2.0,1.0,1.0,1.0,1.0,4.0,4.0,0.0,2.0,0.0,0.6931471805599453,0.6931471805599453,1.6094379124341003,1.0986122886681096,1.0,1.0,0.0,1.0,0.0,0.0,2.0,1.0,0.0,0.0,0.0,0.16666666666666666,2.0,0.0,0.0,0.0,0.0,0.0,0.5,2.0,0.0,0.0,1.0,0.0,0.0,0.0,194.0,0.6931471805599453,0.6931471805599453,0.0,12.0,10.0,0.75,0.25,0.0,0.0,0.75,0.25,0.0,0.0,0.75,0.0,0.0,0.25,0.06871908602931644,0.3333333333333333,1.0,0.5,0.0,3.0,1.0,2.0,0.0,1.5,2.3,3.0,5.0,1.0,1.6666666666666667,1.791759469228055
fused_rtl_state_pipeline_qd,VerilogEval-Spec-to-RTL,Prob098_circuit7,combinational,revolution_qd,grid_quantile,fused_rtl_state_pipeline_2d,0,True,generation_log,77a408a6-7742-4464-b79c-47dc519752e0,initial,-0.0,-0.0,-0.0,initial,whole,warmup_buffered,False,False,warmup:8,False,5.0,0.000472,0.0,0.0,0.0,0.0,0.0,0.0,,/workspace/exp/useful_bd_push/t63_fused_rtl_native_20260623_133903_UTC/hard_tuning/fused_rtl_state_pipeline_qd/seed_1001/openai_gpt-oss-120b/VerilogEval-Spec-to-RTL/Prob098_circuit7/Gen0/Prob098_circuit7_sample12_initial,/workspace/exp/useful_bd_push/t63_fused_rtl_native_20260623_133903_UTC/hard_tuning/fused_rtl_state_pipeline_qd/seed_1001/openai_gpt-oss-120b/VerilogEval-Spec-to-RTL/Prob098_circuit7/Gen0/Prob098_circuit7_sample12_initial/code.sv,/workspace/exp/useful_bd_push/t63_fused_rtl_native_20260623_133903_UTC/hard_tuning/fused_rtl_state_pipeline_qd/seed_1001/openai_gpt-oss-120b/VerilogEval-Spec-to-RTL/Prob098_circuit7/Gen0/Prob098_circuit7_sample12_initial/code_synthesis_report.metrics.json,/workspace/exp/useful_bd_push/t63_fused_rtl_native_20260623_133903_UTC/hard_tuning/fused_rtl_state_pipeline_qd/seed_1001/openai_gpt-oss-120b/VerilogEval-Spec-to-RTL/Prob098_circuit7/Gen0/Prob098_circuit7_sample12_initial/qd_archive_event.json,/workspace/exp/useful_bd_push/t63_fused_rtl_native_20260623_133903_UTC/hard_tuning/fused_rtl_state_pipeline_qd/seed_1001/openai_gpt-oss-120b/VerilogEval-Spec-to-RTL/Prob098_circuit7/Gen0/Prob098_circuit7_sample12_initial/wave.vcd,True,True,True,True,True,True,True,False,True,,0.0,1.0,0.0,0.0,0.0,6.0,0.0,1.3862943611198906,0.6666666666666666,0.6931471805599453,1.0,1.0,0.0,0.3333333333333333,0.0,0.5,1.0,0.0,0.0,2.0,1.0,4.0,2.0,1.0,1.0,1.0,1.0,4.0,4.0,0.0,2.0,0.0,0.6931471805599453,0.6931471805599453,1.6094379124341003,1.0986122886681096,1.0,1.0,0.0,1.0,0.0,0.0,2.0,1.0,0.0,0.0,0.0,0.16666666666666666,2.0,0.0,0.0,0.0,0.0,0.0,0.5,2.0,0.0,0.0,1.0,0.0,0.0,0.0,146.0,0.6931471805599453,0.6931471805599453,0.0,9.0,9.0,0.75,0.25,0.0,0.0,0.75,0.25,0.0,0.0,0.75,0.0,0.0,0.25,0.06871908602931644,0.3333333333333333,1.0,0.5,0.0,3.0,1.0,2.0,0.0,1.5,2.3,3.0,5.0,1.0,1.6666666666666667,1.791759469228055
fused_rtl_state_pipeline_qd,VerilogEval-Spec-to-RTL,Prob098_circuit7,combinational,revolution_qd,grid_quantile,fused_rtl_state_pipeline_2d,1,True,generation_log,041928f0-eee0-4733-92bd-963caf605394,single_thought_operator,-0.0,-0.0,-0.0,success_pool,whole,warmup_buffered,False,False,warmup:9,False,5.0,0.000472,0.0,0.0,0.0,0.0,0.0,0.0,,/workspace/exp/useful_bd_push/t63_fused_rtl_native_20260623_133903_UTC/hard_tuning/fused_rtl_state_pipeline_qd/seed_1001/openai_gpt-oss-120b/VerilogEval-Spec-to-RTL/Prob098_circuit7/Gen1/Prob098_circuit7_sample5_single_thought_operator,/workspace/exp/useful_bd_push/t63_fused_rtl_native_20260623_133903_UTC/hard_tuning/fused_rtl_state_pipeline_qd/seed_1001/openai_gpt-oss-120b/VerilogEval-Spec-to-RTL/Prob098_circuit7/Gen1/Prob098_circuit7_sample5_single_thought_operator/code.sv,/workspace/exp/useful_bd_push/t63_fused_rtl_native_20260623_133903_UTC/hard_tuning/fused_rtl_state_pipeline_qd/seed_1001/openai_gpt-oss-120b/VerilogEval-Spec-to-RTL/Prob098_circuit7/Gen1/Prob098_circuit7_sample5_single_thought_operator/code_synthesis_report.metrics.json,/workspace/exp/useful_bd_push/t63_fused_rtl_native_20260623_133903_UTC/hard_tuning/fused_rtl_state_pipeline_qd/seed_1001/openai_gpt-oss-120b/VerilogEval-Spec-to-RTL/Prob098_circuit7/Gen1/Prob098_circuit7_sample5_single_thought_operator/qd_archive_event.json,/workspace/exp/useful_bd_push/t63_fused_rtl_native_20260623_133903_UTC/hard_tuning/fused_rtl_state_pipeline_qd/seed_1001/openai_gpt-oss-120b/VerilogEval-Spec-to-RTL/Prob098_circuit7/Gen1/Prob098_circuit7_sample5_single_thought_operator/wave.vcd,True,True,True,True,True,True,True,False,True,,0.0,1.0,0.0,0.0,0.0,6.0,0.0,1.3862943611198906,0.6666666666666666,0.6931471805599453,1.0,1.0,0.0,0.3333333333333333,0.0,0.5,1.0,0.0,0.0,2.0,1.0,4.0,2.0,1.0,1.0,1.0,1.0,4.0,4.0,0.0,2.0,0.0,0.6931471805599453,0.6931471805599453,1.6094379124341003,1.0986122886681096,1.0,1.0,0.0,1.0,0.0,0.0,2.0,1.0,0.0,0.0,0.0,0.16666666666666666,2.0,0.0,0.0,0.0,0.0,0.0,0.5,2.0,0.0,0.0,1.0,0.0,0.0,0.0,303.0,0.6931471805599453,0.6931471805599453,0.0,11.0,11.0,0.75,0.25,0.0,0.0,0.75,0.25,0.0,0.0,0.75,0.0,0.0,0.25,0.06871908602931644,0.3333333333333333,1.0,0.5,0.0,3.0,1.0,2.0,0.0,1.5,2.3,3.0,5.0,1.0,1.6666666666666667,1.791759469228055
fused_rtl_state_pipeline_qd,VerilogEval-Spec-to-RTL,Prob098_circuit7,combinational,revolution_qd,grid_quantile,fused_rtl_state_pipeline_2d,1,True,generation_log,a947e259-d8c5-4a1f-b29a-de49028114b3,single_thought_operator,-0.0,-0.0,-0.0,success_pool,whole,warmup_buffered,False,False,warmup:10,False,5.0,0.000472,0.0,0.0,0.0,0.0,0.0,0.0,,/workspace/exp/useful_bd_push/t63_fused_rtl_native_20260623_133903_UTC/hard_tuning/fused_rtl_state_pipeline_qd/seed_1001/openai_gpt-oss-120b/VerilogEval-Spec-to-RTL/Prob098_circuit7/Gen1/Prob098_circuit7_sample11_single_thought_operator,/workspace/exp/useful_bd_push/t63_fused_rtl_native_20260623_133903_UTC/hard_tuning/fused_rtl_state_pipeline_qd/seed_1001/openai_gpt-oss-120b/VerilogEval-Spec-to-RTL/Prob098_circuit7/Gen1/Prob098_circuit7_sample11_single_thought_operator/code.sv,/workspace/exp/useful_bd_push/t63_fused_rtl_native_20260623_133903_UTC/hard_tuning/fused_rtl_state_pipeline_qd/seed_1001/openai_gpt-oss-120b/VerilogEval-Spec-to-RTL/Prob098_circuit7/Gen1/Prob098_circuit7_sample11_single_thought_operator/code_synthesis_report.metrics.json,/workspace/exp/useful_bd_push/t63_fused_rtl_native_20260623_133903_UTC/hard_tuning/fused_rtl_state_pipeline_qd/seed_1001/openai_gpt-oss-120b/VerilogEval-Spec-to-RTL/Prob098_circuit7/Gen1/Prob098_circuit7_sample11_single_thought_operator/qd_archive_event.json,/workspace/exp/useful_bd_push/t63_fused_rtl_native_20260623_133903_UTC/hard_tuning/fused_rtl_state_pipeline_qd/seed_1001/openai_gpt-oss-120b/VerilogEval-Spec-to-RTL/Prob098_circuit7/Gen1/Prob098_circuit7_sample11_single_thought_operator/wave.vcd,True,True,True,True,True,True,True,False,True,,0.0,1.0,0.0,0.0,0.0,6.0,0.0,1.3862943611198906,0.6666666666666666,0.6931471805599453,1.0,1.0,0.0,0.3333333333333333,0.0,0.5,1.0,0.0,0.0,2.0,1.0,4.0,2.0,1.0,1.0,1.0,1.0,4.0,4.0,0.0,2.0,0.0,0.6931471805599453,0.6931471805599453,1.6094379124341003,1.0986122886681096,1.0,1.0,0.0,1.0,0.0,0.0,2.0,1.0,0.0,0.0,0.0,0.16666666666666666,2.0,0.0,0.0,0.0,0.0,0.0,0.5,2.0,0.0,0.0,1.0,0.0,0.0,0.0,132.0,0.6931471805599453,0.6931471805599453,0.0,9.0,9.0,0.75,0.25,0.0,0.0,0.75,0.25,0.0,0.0,0.75,0.0,0.0,0.25,0.06871908602931644,0.3333333333333333,1.0,0.5,0.0,3.0,1.0,2.0,0.0,1.5,2.3,3.0,5.0,1.0,1.6666666666666667,1.791759469228055
fused_rtl_state_pipeline_qd,VerilogEval-Spec-to-RTL,Prob098_circuit7,combinational,revolution_qd,grid_quantile,fused_rtl_state_pipeline_2d,2,True,generation_log,b4738f99-f367-4d2a-8504-8bf051264f1f,single_thought_operator,0.01200564971751411,0.01200564971751411,0.01200564971751411,fail_pool,whole,warmup_buffered,False,False,warmup:11,True,5.0,0.000455,0.0,0.0,0.0,0.0,0.03601694915254233,0.0,,/workspace/exp/useful_bd_push/t63_fused_rtl_native_20260623_133903_UTC/hard_tuning/fused_rtl_state_pipeline_qd/seed_1001/openai_gpt-oss-120b/VerilogEval-Spec-to-RTL/Prob098_circuit7/Gen2/Prob098_circuit7_sample4_single_thought_operator,/workspace/exp/useful_bd_push/t63_fused_rtl_native_20260623_133903_UTC/hard_tuning/fused_rtl_state_pipeline_qd/seed_1001/openai_gpt-oss-120b/VerilogEval-Spec-to-RTL/Prob098_circuit7/Gen2/Prob098_circuit7_sample4_single_thought_operator/code.sv,/workspace/exp/useful_bd_push/t63_fused_rtl_native_20260623_133903_UTC/hard_tuning/fused_rtl_state_pipeline_qd/seed_1001/openai_gpt-oss-120b/VerilogEval-Spec-to-RTL/Prob098_circuit7/Gen2/Prob098_circuit7_sample4_single_thought_operator/code_synthesis_report.metrics.json,/workspace/exp/useful_bd_push/t63_fused_rtl_native_20260623_133903_UTC/hard_tuning/fused_rtl_state_pipeline_qd/seed_1001/openai_gpt-oss-120b/VerilogEval-Spec-to-RTL/Prob098_circuit7/Gen2/Prob098_circuit7_sample4_single_thought_operator/qd_archive_event.json,/workspace/exp/useful_bd_push/t63_fused_rtl_native_20260623_133903_UTC/hard_tuning/fused_rtl_state_pipeline_qd/seed_1001/openai_gpt-oss-120b/VerilogEval-Spec-to-RTL/Prob098_circuit7/Gen2/Prob098_circuit7_sample4_single_thought_operator/wave.vcd,True,True,True,True,True,True,True,False,True,,0.0,1.0,0.0,0.0,1.0,5.0,0.0,1.0986122886681096,0.5,0.6931471805599453,1.0,1.0,0.0,0.3333333333333333,0.0,0.5,1.0,0.0,0.0,2.0,1.0,4.0,2.0,1.0,1.0,1.0,1.0,4.0,4.0,0.0,2.0,0.0,0.6931471805599453,0.6931471805599453,1.6094379124341003,1.0986122886681096,1.0,1.0,0.0,1.0,0.0,0.0,3.0,1.0,0.0,0.0,0.0,0.16666666666666666,2.0,0.0,0.0,0.0,0.0,0.0,0.5,2.0,0.0,0.0,1.0,0.0,0.0,0.0,169.0,0.6931471805599453,0.6931471805599453,0.0,11.0,11.0,0.75,0.25,0.0,0.0,0.75,0.25,0.0,0.0,0.75,0.0,0.0,0.25,0.011035441913989827,0.5,1.0,0.5,0.0,3.0,1.0,2.0,0.0,1.3709505944546687,2.45,2.0,6.0,1.0,2.0,1.6094379124341003
fused_rtl_state_pipeline_qd,VerilogEval-Spec-to-RTL,Prob098_circuit7,combinational,revolution_qd,grid_quantile,fused_rtl_state_pipeline_2d,2,True,generation_log,68062d62-f34c-4a72-8bec-fec661789252,single_thought_operator,-0.0,-0.0,-0.0,success_pool,whole,warmup_buffered,False,False,warmup:12,False,5.0,0.000472,0.0,0.0,0.0,0.0,0.0,0.0,,/workspace/exp/useful_bd_push/t63_fused_rtl_native_20260623_133903_UTC/hard_tuning/fused_rtl_state_pipeline_qd/seed_1001/openai_gpt-oss-120b/VerilogEval-Spec-to-RTL/Prob098_circuit7/Gen2/Prob098_circuit7_sample9_single_thought_operator,/workspace/exp/useful_bd_push/t63_fused_rtl_native_20260623_133903_UTC/hard_tuning/fused_rtl_state_pipeline_qd/seed_1001/openai_gpt-oss-120b/VerilogEval-Spec-to-RTL/Prob098_circuit7/Gen2/Prob098_circuit7_sample9_single_thought_operator/code.sv,/workspace/exp/useful_bd_push/t63_fused_rtl_native_20260623_133903_UTC/hard_tuning/fused_rtl_state_pipeline_qd/seed_1001/openai_gpt-oss-120b/VerilogEval-Spec-to-RTL/Prob098_circuit7/Gen2/Prob098_circuit7_sample9_single_thought_operator/code_synthesis_report.metrics.json,/workspace/exp/useful_bd_push/t63_fused_rtl_native_20260623_133903_UTC/hard_tuning/fused_rtl_state_pipeline_qd/seed_1001/openai_gpt-oss-120b/VerilogEval-Spec-to-RTL/Prob098_circuit7/Gen2/Prob098_circuit7_sample9_single_thought_operator/qd_archive_event.json,/workspace/exp/useful_bd_push/t63_fused_rtl_native_20260623_133903_UTC/hard_tuning/fused_rtl_state_pipeline_qd/seed_1001/openai_gpt-oss-120b/VerilogEval-Spec-to-RTL/Prob098_circuit7/Gen2/Prob098_circuit7_sample9_single_thought_operator/wave.vcd,True,True,True,True,True,True,True,False,True,,0.0,1.0,0.0,0.0,0.0,6.0,0.0,1.3862943611198906,0.6666666666666666,0.6931471805599453,1.0,1.0,0.0,0.3333333333333333,0.0,0.5,1.0,0.0,0.0,2.0,1.0,4.0,2.0,1.0,1.0,1.0,1.0,4.0,4.0,0.0,2.0,0.0,0.6931471805599453,0.6931471805599453,1.6094379124341003,1.0986122886681096,1.0,1.0,0.0,1.0,0.0,0.0,2.0,1.0,0.0,0.0,0.0,0.16666666666666666,2.0,0.0,0.0,0.0,0.0,0.0,0.5,2.0,0.0,0.0,1.0,0.0,0.0,0.0,214.0,0.6931471805599453,0.6931471805599453,0.0,12.0,10.0,0.75,0.25,0.0,0.0,0.75,0.25,0.0,0.0,0.75,0.0,0.0,0.25,0.06871908602931644,0.3333333333333333,1.0,0.5,0.0,3.0,1.0,2.0,0.0,1.5,2.3,3.0,5.0,1.0,1.6666666666666667,1.791759469228055
fused_rtl_state_pipeline_qd,VerilogEval-Spec-to-RTL,Prob098_circuit7,combinational,revolution_qd,grid_quantile,fused_rtl_state_pipeline_2d,3,True,generation_log,fe3eddac-478e-44f6-8641-553bfbd00a9e,single_thought_operator,0.01200564971751411,0.01200564971751411,0.01200564971751411,fail_pool,whole,warmup_buffered,False,False,warmup:13,False,5.0,0.000455,0.0,0.0,0.0,0.0,0.03601694915254233,0.0,,/workspace/exp/useful_bd_push/t63_fused_rtl_native_20260623_133903_UTC/hard_tuning/fused_rtl_state_pipeline_qd/seed_1001/openai_gpt-oss-120b/VerilogEval-Spec-to-RTL/Prob098_circuit7/Gen3/Prob098_circuit7_sample2_single_thought_operator,/workspace/exp/useful_bd_push/t63_fused_rtl_native_20260623_133903_UTC/hard_tuning/fused_rtl_state_pipeline_qd/seed_1001/openai_gpt-oss-120b/VerilogEval-Spec-to-RTL/Prob098_circuit7/Gen3/Prob098_circuit7_sample2_single_thought_operator/code.sv,/workspace/exp/useful_bd_push/t63_fused_rtl_native_20260623_133903_UTC/hard_tuning/fused_rtl_state_pipeline_qd/seed_1001/openai_gpt-oss-120b/VerilogEval-Spec-to-RTL/Prob098_circuit7/Gen3/Prob098_circuit7_sample2_single_thought_operator/code_synthesis_report.metrics.json,/workspace/exp/useful_bd_push/t63_fused_rtl_native_20260623_133903_UTC/hard_tuning/fused_rtl_state_pipeline_qd/seed_1001/openai_gpt-oss-120b/VerilogEval-Spec-to-RTL/Prob098_circuit7/Gen3/Prob098_circuit7_sample2_single_thought_operator/qd_archive_event.json,/workspace/exp/useful_bd_push/t63_fused_rtl_native_20260623_133903_UTC/hard_tuning/fused_rtl_state_pipeline_qd/seed_1001/openai_gpt-oss-120b/VerilogEval-Spec-to-RTL/Prob098_circuit7/Gen3/Prob098_circuit7_sample2_single_thought_operator/wave.vcd,True,True,True,True,True,True,True,False,True,,0.0,1.0,0.0,0.0,1.0,5.0,0.0,1.0986122886681096,0.5,0.6931471805599453,1.0,1.0,0.0,0.3333333333333333,0.0,0.5,1.0,0.0,0.0,2.0,1.0,4.0,2.0,1.0,1.0,1.0,1.0,4.0,4.0,0.0,2.0,0.0,0.6931471805599453,0.6931471805599453,1.6094379124341003,1.0986122886681096,1.0,1.0,0.0,1.0,0.0,0.0,3.0,1.0,0.0,0.0,0.0,0.16666666666666666,2.0,0.0,0.0,0.0,0.0,0.0,0.5,2.0,0.0,0.0,1.0,0.0,0.0,0.0,295.0,0.6931471805599453,0.6931471805599453,0.0,16.0,13.0,0.75,0.25,0.0,0.0,0.75,0.25,0.0,0.0,0.75,0.0,0.0,0.25,0.011035441913989827,0.5,1.0,0.5,0.0,3.0,1.0,2.0,0.0,1.3709505944546687,2.45,2.0,6.0,1.0,2.0,1.6094379124341003
fused_rtl_state_pipeline_qd,VerilogEval-Spec-to-RTL,Prob098_circuit7,combinational,revolution_qd,grid_quantile,fused_rtl_state_pipeline_2d,3,True,generation_log,d3743022-cf70-4a1f-b139-6965aa0827d4,single_thought_operator,-0.0,-0.0,-0.0,success_pool,whole,warmup_buffered,False,False,warmup:14,False,5.0,0.000472,0.0,0.0,0.0,0.0,0.0,0.0,,/workspace/exp/useful_bd_push/t63_fused_rtl_native_20260623_133903_UTC/hard_tuning/fused_rtl_state_pipeline_qd/seed_1001/openai_gpt-oss-120b/VerilogEval-Spec-to-RTL/Prob098_circuit7/Gen3/Prob098_circuit7_sample8_single_thought_operator,/workspace/exp/useful_bd_push/t63_fused_rtl_native_20260623_133903_UTC/hard_tuning/fused_rtl_state_pipeline_qd/seed_1001/openai_gpt-oss-120b/VerilogEval-Spec-to-RTL/Prob098_circuit7/Gen3/Prob098_circuit7_sample8_single_thought_operator/code.sv,/workspace/exp/useful_bd_push/t63_fused_rtl_native_20260623_133903_UTC/hard_tuning/fused_rtl_state_pipeline_qd/seed_1001/openai_gpt-oss-120b/VerilogEval-Spec-to-RTL/Prob098_circuit7/Gen3/Prob098_circuit7_sample8_single_thought_operator/code_synthesis_report.metrics.json,/workspace/exp/useful_bd_push/t63_fused_rtl_native_20260623_133903_UTC/hard_tuning/fused_rtl_state_pipeline_qd/seed_1001/openai_gpt-oss-120b/VerilogEval-Spec-to-RTL/Prob098_circuit7/Gen3/Prob098_circuit7_sample8_single_thought_operator/qd_archive_event.json,/workspace/exp/useful_bd_push/t63_fused_rtl_native_20260623_133903_UTC/hard_tuning/fused_rtl_state_pipeline_qd/seed_1001/openai_gpt-oss-120b/VerilogEval-Spec-to-RTL/Prob098_circuit7/Gen3/Prob098_circuit7_sample8_single_thought_operator/wave.vcd,True,True,True,True,True,True,True,False,True,,0.0,1.0,0.0,0.0,0.0,6.0,0.0,1.3862943611198906,0.6666666666666666,0.6931471805599453,1.0,1.0,0.0,0.3333333333333333,0.0,0.5,1.0,0.0,0.0,2.0,1.0,4.0,2.0,1.0,1.0,1.0,1.0,4.0,4.0,0.0,2.0,0.0,0.6931471805599453,0.6931471805599453,1.6094379124341003,1.0986122886681096,1.0,1.0,0.0,1.0,0.0,0.0,2.0,1.0,0.0,0.0,0.0,0.16666666666666666,2.0,0.0,0.0,0.0,0.0,0.0,0.5,2.0,0.0,0.0,1.0,0.0,0.0,0.0,132.0,0.6931471805599453,0.6931471805599453,0.0,9.0,9.0,0.75,0.25,0.0,0.0,0.75,0.25,0.0,0.0,0.75,0.0,0.0,0.25,0.06871908602931644,0.3333333333333333,1.0,0.5,0.0,3.0,1.0,2.0,0.0,1.5,2.3,3.0,5.0,1.0,1.6666666666666667,1.791759469228055
fused_rtl_state_pipeline_qd,VerilogEval-Spec-to-RTL,Prob098_circuit7,combinational,revolution_qd,grid_quantile,fused_rtl_state_pipeline_2d,3,True,generation_log,2e1d6b62-9b18-4680-be50-8c604309ed97,single_thought_operator,-0.0,-0.0,-0.0,success_pool,whole,warmup_buffered,False,False,warmup:15,False,5.0,0.000472,0.0,0.0,0.0,0.0,0.0,0.0,,/workspace/exp/useful_bd_push/t63_fused_rtl_native_20260623_133903_UTC/hard_tuning/fused_rtl_state_pipeline_qd/seed_1001/openai_gpt-oss-120b/VerilogEval-Spec-to-RTL/Prob098_circuit7/Gen3/Prob098_circuit7_sample9_single_thought_operator,/workspace/exp/useful_bd_push/t63_fused_rtl_native_20260623_133903_UTC/hard_tuning/fused_rtl_state_pipeline_qd/seed_1001/openai_gpt-oss-120b/VerilogEval-Spec-to-RTL/Prob098_circuit7/Gen3/Prob098_circuit7_sample9_single_thought_operator/code.sv,/workspace/exp/useful_bd_push/t63_fused_rtl_native_20260623_133903_UTC/hard_tuning/fused_rtl_state_pipeline_qd/seed_1001/openai_gpt-oss-120b/VerilogEval-Spec-to-RTL/Prob098_circuit7/Gen3/Prob098_circuit7_sample9_single_thought_operator/code_synthesis_report.metrics.json,/workspace/exp/useful_bd_push/t63_fused_rtl_native_20260623_133903_UTC/hard_tuning/fused_rtl_state_pipeline_qd/seed_1001/openai_gpt-oss-120b/VerilogEval-Spec-to-RTL/Prob098_circuit7/Gen3/Prob098_circuit7_sample9_single_thought_operator/qd_archive_event.json,/workspace/exp/useful_bd_push/t63_fused_rtl_native_20260623_133903_UTC/hard_tuning/fused_rtl_state_pipeline_qd/seed_1001/openai_gpt-oss-120b/VerilogEval-Spec-to-RTL/Prob098_circuit7/Gen3/Prob098_circuit7_sample9_single_thought_operator/wave.vcd,True,True,True,True,True,True,True,False,True,,0.0,1.0,0.0,0.0,0.0,6.0,0.0,1.3862943611198906,0.6666666666666666,0.6931471805599453,1.0,1.0,0.0,0.3333333333333333,0.0,0.5,1.0,0.0,0.0,2.0,1.0,4.0,2.0,1.0,1.0,1.0,1.0,4.0,4.0,0.0,2.0,0.0,0.6931471805599453,0.6931471805599453,1.6094379124341003,1.0986122886681096,1.0,1.0,0.0,1.0,0.0,0.0,2.0,1.0,0.0,0.0,0.0,0.16666666666666666,2.0,0.0,0.0,0.0,0.0,0.0,0.5,2.0,0.0,0.0,1.0,0.0,0.0,0.0,124.0,0.6931471805599453,0.6931471805599453,0.0,11.0,9.0,0.75,0.25,0.0,0.0,0.75,0.25,0.0,0.0,0.75,0.0,0.0,0.25,0.06871908602931644,0.3333333333333333,1.0,0.5,0.0,3.0,1.0,2.0,0.0,1.5,2.3,3.0,5.0,1.0,1.6666666666666667,1.791759469228055
fused_rtl_state_pipeline_qd,VerilogEval-Spec-to-RTL,Prob098_circuit7,combinational,revolution_qd,grid_quantile,fused_rtl_state_pipeline_2d,3,True,generation_log,6c867e49-bf46-417a-9c43-fcd6e9c6b2d3,single_thought_operator,-0.0,-0.0,-0.0,success_pool,whole,warmup_buffered,False,False,warmup:16,False,5.0,0.000472,0.0,0.0,0.0,0.0,0.0,0.0,,/workspace/exp/useful_bd_push/t63_fused_rtl_native_20260623_133903_UTC/hard_tuning/fused_rtl_state_pipeline_qd/seed_1001/openai_gpt-oss-120b/VerilogEval-Spec-to-RTL/Prob098_circuit7/Gen3/Prob098_circuit7_sample11_single_thought_operator,/workspace/exp/useful_bd_push/t63_fused_rtl_native_20260623_133903_UTC/hard_tuning/fused_rtl_state_pipeline_qd/seed_1001/openai_gpt-oss-120b/VerilogEval-Spec-to-RTL/Prob098_circuit7/Gen3/Prob098_circuit7_sample11_single_thought_operator/code.sv,/workspace/exp/useful_bd_push/t63_fused_rtl_native_20260623_133903_UTC/hard_tuning/fused_rtl_state_pipeline_qd/seed_1001/openai_gpt-oss-120b/VerilogEval-Spec-to-RTL/Prob098_circuit7/Gen3/Prob098_circuit7_sample11_single_thought_operator/code_synthesis_report.metrics.json,/workspace/exp/useful_bd_push/t63_fused_rtl_native_20260623_133903_UTC/hard_tuning/fused_rtl_state_pipeline_qd/seed_1001/openai_gpt-oss-120b/VerilogEval-Spec-to-RTL/Prob098_circuit7/Gen3/Prob098_circuit7_sample11_single_thought_operator/qd_archive_event.json,/workspace/exp/useful_bd_push/t63_fused_rtl_native_20260623_133903_UTC/hard_tuning/fused_rtl_state_pipeline_qd/seed_1001/openai_gpt-oss-120b/VerilogEval-Spec-to-RTL/Prob098_circuit7/Gen3/Prob098_circuit7_sample11_single_thought_operator/wave.vcd,True,True,True,True,True,True,True,False,True,,0.0,1.0,0.0,0.0,0.0,6.0,0.0,1.3862943611198906,0.6666666666666666,0.6931471805599453,1.0,1.0,0.0,0.3333333333333333,0.0,0.5,1.0,0.0,0.0,2.0,1.0,4.0,2.0,1.0,1.0,1.0,1.0,4.0,4.0,0.0,2.0,0.0,0.6931471805599453,0.6931471805599453,1.6094379124341003,1.0986122886681096,1.0,1.0,0.0,1.0,0.0,0.0,2.0,1.0,0.0,0.0,0.0,0.16666666666666666,2.0,0.0,0.0,0.0,0.0,0.0,0.5,2.0,0.0,0.0,1.0,0.0,0.0,0.0,142.0,0.6931471805599453,0.6931471805599453,0.0,9.0,9.0,0.75,0.25,0.0,0.0,0.75,0.25,0.0,0.0,0.75,0.0,0.0,0.25,0.06871908602931644,0.3333333333333333,1.0,0.5,0.0,3.0,1.0,2.0,0.0,1.5,2.3,3.0,5.0,1.0,1.6666666666666667,1.791759469228055
fused_rtl_state_pipeline_qd,VerilogEval-Spec-to-RTL,Prob116_m2014_q3,combinational,revolution_qd,grid_quantile,fused_rtl_state_pipeline_2d,0,True,generation_log,377e3fdf-af40-4f1f-928b-cc5081224570,initial,0.4643696027633852,0.4643696027633852,0.4643696027633852,initial,whole,warmup_buffered,False,False,warmup:2,True,3.0,1.33e-06,0.0,0.0,0.0,0.4,0.9931088082901555,0.0,,/workspace/exp/useful_bd_push/t63_fused_rtl_native_20260623_133903_UTC/hard_tuning/fused_rtl_state_pipeline_qd/seed_1001/openai_gpt-oss-120b/VerilogEval-Spec-to-RTL/Prob116_m2014_q3/Gen0/Prob116_m2014_q3_sample3_initial,/workspace/exp/useful_bd_push/t63_fused_rtl_native_20260623_133903_UTC/hard_tuning/fused_rtl_state_pipeline_qd/seed_1001/openai_gpt-oss-120b/VerilogEval-Spec-to-RTL/Prob116_m2014_q3/Gen0/Prob116_m2014_q3_sample3_initial/code.sv,/workspace/exp/useful_bd_push/t63_fused_rtl_native_20260623_133903_UTC/hard_tuning/fused_rtl_state_pipeline_qd/seed_1001/openai_gpt-oss-120b/VerilogEval-Spec-to-RTL/Prob116_m2014_q3/Gen0/Prob116_m2014_q3_sample3_initial/code_synthesis_report.metrics.json,/workspace/exp/useful_bd_push/t63_fused_rtl_native_20260623_133903_UTC/hard_tuning/fused_rtl_state_pipeline_qd/seed_1001/openai_gpt-oss-120b/VerilogEval-Spec-to-RTL/Prob116_m2014_q3/Gen0/Prob116_m2014_q3_sample3_initial/qd_archive_event.json,/workspace/exp/useful_bd_push/t63_fused_rtl_native_20260623_133903_UTC/hard_tuning/fused_rtl_state_pipeline_qd/seed_1001/openai_gpt-oss-120b/VerilogEval-Spec-to-RTL/Prob116_m2014_q3/Gen0/Prob116_m2014_q3_sample3_initial/wave.vcd,True,True,True,True,True,True,True,False,True,,0.0,0.0,0.0,0.0,1.0,7.0,0.0,1.6094379124341003,1.0,1.6094379124341003,4.0,0.0,0.0,1.0,0.0,0.75,0.0,0.0,0.0,4.0,3.0,8.0,3.0,1.0,2.0,2.0,1.0,8.0,8.0,0.0,0.5,0.886859507142915,1.3862943611198906,1.0986122886681096,2.1972245773362196,1.6094379124341003,3.0,3.0,0.0,4.0,0.0,0.0,5.0,4.0,0.0,0.0,0.0,0.4,0.0,0.0,0.0,0.0,0.5479166666666666,0.5145731728297585,0.5079848842796385,4.0,2.449999999999997,1.0,2.0,1.0,2.0,0.0,192.0,0.0,0.0,0.0,7.0,7.0,0.5,0.375,0.125,0.0,0.5,0.25,0.25,0.0,0.125,0.25,0.625,0.0,0.037555184171708084,0.0,0.0,0.25,0.0,4.0,0.0,1.0,0.0,0.9910760598382222,8.75,4.0,3.0,1.0,1.0,1.6094379124341003
fused_rtl_state_pipeline_qd,VerilogEval-Spec-to-RTL,Prob116_m2014_q3,combinational,revolution_qd,grid_quantile,fused_rtl_state_pipeline_2d,0,True,generation_log,5cb697ea-f12f-4812-a194-4883287fa10e,initial,0.3969084628670121,0.3969084628670121,0.3969084628670121,initial,whole,warmup_buffered,False,False,warmup:3,False,4.0,1.79e-06,0.0,0.0,0.0,0.2,0.9907253886010363,0.0,,/workspace/exp/useful_bd_push/t63_fused_rtl_native_20260623_133903_UTC/hard_tuning/fused_rtl_state_pipeline_qd/seed_1001/openai_gpt-oss-120b/VerilogEval-Spec-to-RTL/Prob116_m2014_q3/Gen0/Prob116_m2014_q3_sample7_initial,/workspace/exp/useful_bd_push/t63_fused_rtl_native_20260623_133903_UTC/hard_tuning/fused_rtl_state_pipeline_qd/seed_1001/openai_gpt-oss-120b/VerilogEval-Spec-to-RTL/Prob116_m2014_q3/Gen0/Prob116_m2014_q3_sample7_initial/code.sv,/workspace/exp/useful_bd_push/t63_fused_rtl_native_20260623_133903_UTC/hard_tuning/fused_rtl_state_pipeline_qd/seed_1001/openai_gpt-oss-120b/VerilogEval-Spec-to-RTL/Prob116_m2014_q3/Gen0/Prob116_m2014_q3_sample7_initial/code_synthesis_report.metrics.json,/workspace/exp/useful_bd_push/t63_fused_rtl_native_20260623_133903_UTC/hard_tuning/fused_rtl_state_pipeline_qd/seed_1001/openai_gpt-oss-120b/VerilogEval-Spec-to-RTL/Prob116_m2014_q3/Gen0/Prob116_m2014_q3_sample7_initial/qd_archive_event.json,/workspace/exp/useful_bd_push/t63_fused_rtl_native_20260623_133903_UTC/hard_tuning/fused_rtl_state_pipeline_qd/seed_1001/openai_gpt-oss-120b/VerilogEval-Spec-to-RTL/Prob116_m2014_q3/Gen0/Prob116_m2014_q3_sample7_initial/wave.vcd,True,True,True,True,True,True,True,False,True,,0.0,0.0,0.0,0.0,1.0,7.0,0.0,1.6094379124341003,1.0,1.9459101490553132,6.0,0.0,0.0,1.0,0.0,0.8333333333333334,0.0,0.0,0.0,6.0,5.0,10.0,3.277613436819116,2.0,3.0,2.0,1.1,10.0,10.0,0.0,0.19098300562505244,0.8813657024373378,1.791759469228055,1.3862943611198906,2.3978952727983707,1.9459101490553132,4.0,4.0,0.0,6.0,0.0,0.0,6.0,3.0,0.0,1.0,0.25,0.42857142857142855,0.0,0.0,0.0,0.0,0.6174529001520029,0.5007752073353012,0.5004786540174009,6.0,2.4079115293841484,0.9823116006080119,3.0,1.0,3.0,0.0,351.0,0.0,0.0,0.0,9.0,9.0,0.4,0.5,0.1,0.0,0.4,0.2,0.4,0.0,0.1,0.2,0.5,0.2,0.028466934687241187,0.0,0.0,0.3333333333333333,0.0,6.0,0.0,1.0,0.0,1.0,6.9,4.0,5.0,1.0,1.0,1.6094379124341003
fused_rtl_state_pipeline_qd,VerilogEval-Spec-to-RTL,Prob116_m2014_q3,combinational,revolution_qd,grid_quantile,fused_rtl_state_pipeline_2d,0,True,generation_log,6ad0ce58-21b2-46ed-b904-d85992d7e29f,initial,0.46535233160621764,0.46535233160621764,0.46535233160621764,initial,whole,warmup_buffered,False,False,warmup:1,True,3.0,7.61e-07,0.0,0.0,0.0,0.4,0.9960569948186528,0.0,,/workspace/exp/useful_bd_push/t63_fused_rtl_native_20260623_133903_UTC/hard_tuning/fused_rtl_state_pipeline_qd/seed_1001/openai_gpt-oss-120b/VerilogEval-Spec-to-RTL/Prob116_m2014_q3/Gen0/Prob116_m2014_q3_sample8_initial,/workspace/exp/useful_bd_push/t63_fused_rtl_native_20260623_133903_UTC/hard_tuning/fused_rtl_state_pipeline_qd/seed_1001/openai_gpt-oss-120b/VerilogEval-Spec-to-RTL/Prob116_m2014_q3/Gen0/Prob116_m2014_q3_sample8_initial/code.sv,/workspace/exp/useful_bd_push/t63_fused_rtl_native_20260623_133903_UTC/hard_tuning/fused_rtl_state_pipeline_qd/seed_1001/openai_gpt-oss-120b/VerilogEval-Spec-to-RTL/Prob116_m2014_q3/Gen0/Prob116_m2014_q3_sample8_initial/code_synthesis_report.metrics.json,/workspace/exp/useful_bd_push/t63_fused_rtl_native_20260623_133903_UTC/hard_tuning/fused_rtl_state_pipeline_qd/seed_1001/openai_gpt-oss-120b/VerilogEval-Spec-to-RTL/Prob116_m2014_q3/Gen0/Prob116_m2014_q3_sample8_initial/qd_archive_event.json,/workspace/exp/useful_bd_push/t63_fused_rtl_native_20260623_133903_UTC/hard_tuning/fused_rtl_state_pipeline_qd/seed_1001/openai_gpt-oss-120b/VerilogEval-Spec-to-RTL/Prob116_m2014_q3/Gen0/Prob116_m2014_q3_sample8_initial/wave.vcd,True,True,True,True,True,True,True,False,True,,0.0,0.0,0.0,0.0,1.0,5.0,0.0,1.6094379124341003,1.0,1.791759469228055,5.0,0.0,0.0,1.0,0.0,0.8,0.0,0.0,0.0,5.0,4.0,9.0,3.121928094887362,2.0,2.0,1.0,1.1111111111111112,9.0,9.0,0.0,0.2928932188134526,0.8811392547822525,1.6094379124341003,1.0986122886681096,2.302585092994046,1.791759469228055,3.0,3.0,0.0,5.0,0.0,0.0,5.0,5.0,0.0,0.0,0.0,0.4166666666666667,0.0,0.0,0.0,0.0,0.5653241799020056,0.45745163512133125,0.4759463805187953,5.0,2.7259626431820188,0.8050467196080222,3.0,1.0,3.0,0.0,356.0,0.0,0.0,0.0,13.0,12.0,0.4444444444444444,0.4444444444444444,0.1111111111111111,0.0,0.4444444444444444,0.2222222222222222,0.3333333333333333,0.0,0.1111111111111111,0.2222222222222222,0.6666666666666666,0.0,0.034201680379620285,0.0,0.0,0.2,0.0,5.0,0.0,1.0,0.0,1.0,10.75,4.0,7.0,1.0,1.0,1.6094379124341003
fused_rtl_state_pipeline_qd,VerilogEval-Spec-to-RTL,Prob116_m2014_q3,combinational,revolution_qd,grid_quantile,fused_rtl_state_pipeline_2d,0,True,generation_log,5f717478-efd1-4a09-81ab-fb98142c5410,initial,0.3969084628670121,0.3969084628670121,0.3969084628670121,initial,whole,warmup_buffered,False,False,warmup:4,False,4.0,1.79e-06,0.0,0.0,0.0,0.2,0.9907253886010363,0.0,,/workspace/exp/useful_bd_push/t63_fused_rtl_native_20260623_133903_UTC/hard_tuning/fused_rtl_state_pipeline_qd/seed_1001/openai_gpt-oss-120b/VerilogEval-Spec-to-RTL/Prob116_m2014_q3/Gen0/Prob116_m2014_q3_sample10_initial,/workspace/exp/useful_bd_push/t63_fused_rtl_native_20260623_133903_UTC/hard_tuning/fused_rtl_state_pipeline_qd/seed_1001/openai_gpt-oss-120b/VerilogEval-Spec-to-RTL/Prob116_m2014_q3/Gen0/Prob116_m2014_q3_sample10_initial/code.sv,/workspace/exp/useful_bd_push/t63_fused_rtl_native_20260623_133903_UTC/hard_tuning/fused_rtl_state_pipeline_qd/seed_1001/openai_gpt-oss-120b/VerilogEval-Spec-to-RTL/Prob116_m2014_q3/Gen0/Prob116_m2014_q3_sample10_initial/code_synthesis_report.metrics.json,/workspace/exp/useful_bd_push/t63_fused_rtl_native_20260623_133903_UTC/hard_tuning/fused_rtl_state_pipeline_qd/seed_1001/openai_gpt-oss-120b/VerilogEval-Spec-to-RTL/Prob116_m2014_q3/Gen0/Prob116_m2014_q3_sample10_initial/qd_archive_event.json,/workspace/exp/useful_bd_push/t63_fused_rtl_native_20260623_133903_UTC/hard_tuning/fused_rtl_state_pipeline_qd/seed_1001/openai_gpt-oss-120b/VerilogEval-Spec-to-RTL/Prob116_m2014_q3/Gen0/Prob116_m2014_q3_sample10_initial/wave.vcd,True,True,True,True,True,True,True,False,True,,0.0,0.0,0.0,0.0,1.0,6.0,0.0,1.6094379124341003,1.0,1.9459101490553132,6.0,0.0,0.0,1.0,0.0,0.8333333333333334,0.0,0.0,0.0,6.0,5.0,10.0,3.277613436819116,2.0,3.0,2.0,1.1,10.0,10.0,0.0,0.19098300562505244,0.8813657024373378,1.791759469228055,1.3862943611198906,2.3978952727983707,1.9459101490553132,4.0,4.0,0.0,6.0,0.0,0.0,5.0,6.0,0.0,1.0,0.25,0.42857142857142855,0.0,0.0,0.0,0.0,0.6174529001520029,0.5007752073353012,0.5004786540174009,6.0,2.4079115293841484,0.9823116006080119,3.0,1.0,3.0,0.0,343.0,0.0,0.0,0.0,13.0,12.0,0.4,0.5,0.1,0.0,0.4,0.2,0.4,0.0,0.1,0.2,0.5,0.2,0.028466934687241187,0.0,0.0,0.3333333333333333,0.0,6.0,0.0,1.0,0.0,0.9940302114769565,12.75,4.0,7.0,1.0,1.0,1.6094379124341003
fused_rtl_state_pipeline_qd,VerilogEval-Spec-to-RTL,Prob116_m2014_q3,combinational,revolution_qd,grid_quantile,fused_rtl_state_pipeline_2d,1,True,generation_log,d62627b4-d05e-4339-a9f2-fd01e39853f9,single_thought_operator,0.4643696027633852,0.4643696027633852,0.4643696027633852,fail_pool,whole,warmup_buffered,False,False,warmup:5,False,3.0,1.33e-06,0.0,0.0,0.0,0.4,0.9931088082901555,0.0,,/workspace/exp/useful_bd_push/t63_fused_rtl_native_20260623_133903_UTC/hard_tuning/fused_rtl_state_pipeline_qd/seed_1001/openai_gpt-oss-120b/VerilogEval-Spec-to-RTL/Prob116_m2014_q3/Gen1/Prob116_m2014_q3_sample1_single_thought_operator,/workspace/exp/useful_bd_push/t63_fused_rtl_native_20260623_133903_UTC/hard_tuning/fused_rtl_state_pipeline_qd/seed_1001/openai_gpt-oss-120b/VerilogEval-Spec-to-RTL/Prob116_m2014_q3/Gen1/Prob116_m2014_q3_sample1_single_thought_operator/code.sv,/workspace/exp/useful_bd_push/t63_fused_rtl_native_20260623_133903_UTC/hard_tuning/fused_rtl_state_pipeline_qd/seed_1001/openai_gpt-oss-120b/VerilogEval-Spec-to-RTL/Prob116_m2014_q3/Gen1/Prob116_m2014_q3_sample1_single_thought_operator/code_synthesis_report.metrics.json,/workspace/exp/useful_bd_push/t63_fused_rtl_native_20260623_133903_UTC/hard_tuning/fused_rtl_state_pipeline_qd/seed_1001/openai_gpt-oss-120b/VerilogEval-Spec-to-RTL/Prob116_m2014_q3/Gen1/Prob116_m2014_q3_sample1_single_thought_operator/qd_archive_event.json,/workspace/exp/useful_bd_push/t63_fused_rtl_native_20260623_133903_UTC/hard_tuning/fused_rtl_state_pipeline_qd/seed_1001/openai_gpt-oss-120b/VerilogEval-Spec-to-RTL/Prob116_m2014_q3/Gen1/Prob116_m2014_q3_sample1_single_thought_operator/wave.vcd,True,True,True,True,True,True,True,False,True,,0.0,0.0,0.0,0.0,1.0,7.0,0.0,1.6094379124341003,1.0,1.6094379124341003,4.0,0.0,0.0,1.0,0.0,0.75,0.0,0.0,0.0,4.0,3.0,8.0,3.0,1.0,2.0,2.0,1.0,8.0,8.0,0.0,0.5,0.886859507142915,1.3862943611198906,1.0986122886681096,2.1972245773362196,1.6094379124341003,3.0,3.0,0.0,4.0,0.0,0.0,5.0,4.0,0.0,0.0,0.0,0.4,0.0,0.0,0.0,0.0,0.5479166666666666,0.5145731728297585,0.5079848842796385,4.0,2.449999999999997,1.0,2.0,1.0,2.0,0.0,98.0,0.0,0.0,0.0,3.0,3.0,0.5,0.375,0.125,0.0,0.5,0.25,0.25,0.0,0.125,0.25,0.625,0.0,0.037555184171708084,0.0,0.0,0.25,0.0,4.0,0.0,1.0,0.0,0.9910760598382222,8.75,4.0,3.0,1.0,1.0,1.6094379124341003
fused_rtl_state_pipeline_qd,VerilogEval-Spec-to-RTL,Prob116_m2014_q3,combinational,revolution_qd,grid_quantile,fused_rtl_state_pipeline_2d,1,True,generation_log,8b40caae-1647-4dc1-87f6-23f08ca3672a,single_thought_operator,0.4643696027633852,0.4643696027633852,0.4643696027633852,fail_pool,whole,warmup_buffered,False,False,warmup:6,False,3.0,1.33e-06,0.0,0.0,0.0,0.4,0.9931088082901555,0.0,,/workspace/exp/useful_bd_push/t63_fused_rtl_native_20260623_133903_UTC/hard_tuning/fused_rtl_state_pipeline_qd/seed_1001/openai_gpt-oss-120b/VerilogEval-Spec-to-RTL/Prob116_m2014_q3/Gen1/Prob116_m2014_q3_sample6_single_thought_operator,/workspace/exp/useful_bd_push/t63_fused_rtl_native_20260623_133903_UTC/hard_tuning/fused_rtl_state_pipeline_qd/seed_1001/openai_gpt-oss-120b/VerilogEval-Spec-to-RTL/Prob116_m2014_q3/Gen1/Prob116_m2014_q3_sample6_single_thought_operator/code.sv,/workspace/exp/useful_bd_push/t63_fused_rtl_native_20260623_133903_UTC/hard_tuning/fused_rtl_state_pipeline_qd/seed_1001/openai_gpt-oss-120b/VerilogEval-Spec-to-RTL/Prob116_m2014_q3/Gen1/Prob116_m2014_q3_sample6_single_thought_operator/code_synthesis_report.metrics.json,/workspace/exp/useful_bd_push/t63_fused_rtl_native_20260623_133903_UTC/hard_tuning/fused_rtl_state_pipeline_qd/seed_1001/openai_gpt-oss-120b/VerilogEval-Spec-to-RTL/Prob116_m2014_q3/Gen1/Prob116_m2014_q3_sample6_single_thought_operator/qd_archive_event.json,/workspace/exp/useful_bd_push/t63_fused_rtl_native_20260623_133903_UTC/hard_tuning/fused_rtl_state_pipeline_qd/seed_1001/openai_gpt-oss-120b/VerilogEval-Spec-to-RTL/Prob116_m2014_q3/Gen1/Prob116_m2014_q3_sample6_single_thought_operator/wave.vcd,True,True,True,True,True,True,True,False,True,,0.0,0.0,0.0,0.0,1.0,7.0,0.0,1.6094379124341003,1.0,1.6094379124341003,4.0,0.0,0.0,1.0,0.0,0.75,0.0,0.0,0.0,4.0,3.0,8.0,3.0,1.0,2.0,2.0,1.0,8.0,8.0,0.0,0.5,0.886859507142915,1.3862943611198906,1.0986122886681096,2.1972245773362196,1.6094379124341003,3.0,3.0,0.0,4.0,0.0,0.0,5.0,4.0,0.0,0.0,0.0,0.4,0.0,0.0,0.0,0.0,0.5479166666666666,0.5145731728297585,0.5079848842796385,4.0,2.449999999999997,1.0,2.0,1.0,2.0,0.0,158.0,0.0,0.0,0.0,7.0,7.0,0.5,0.375,0.125,0.0,0.5,0.25,0.25,0.0,0.125,0.25,0.625,0.0,0.037555184171708084,0.0,0.0,0.25,0.0,4.0,0.0,1.0,0.0,0.9910760598382222,8.75,4.0,3.0,1.0,1.0,1.6094379124341003
fused_rtl_state_pipeline_qd,VerilogEval-Spec-to-RTL,Prob116_m2014_q3,combinational,revolution_qd,grid_quantile,fused_rtl_state_pipeline_2d,1,True,generation_log,314e5b61-d53f-4eff-8428-972c9073ed27,single_thought_operator,0.46535233160621764,0.46535233160621764,0.46535233160621764,success_pool,whole,warmup_buffered,False,False,warmup:7,False,3.0,7.61e-07,0.0,0.0,0.0,0.4,0.9960569948186528,0.0,,/workspace/exp/useful_bd_push/t63_fused_rtl_native_20260623_133903_UTC/hard_tuning/fused_rtl_state_pipeline_qd/seed_1001/openai_gpt-oss-120b/VerilogEval-Spec-to-RTL/Prob116_m2014_q3/Gen1/Prob116_m2014_q3_sample7_single_thought_operator,/workspace/exp/useful_bd_push/t63_fused_rtl_native_20260623_133903_UTC/hard_tuning/fused_rtl_state_pipeline_qd/seed_1001/openai_gpt-oss-120b/VerilogEval-Spec-to-RTL/Prob116_m2014_q3/Gen1/Prob116_m2014_q3_sample7_single_thought_operator/code.sv,/workspace/exp/useful_bd_push/t63_fused_rtl_native_20260623_133903_UTC/hard_tuning/fused_rtl_state_pipeline_qd/seed_1001/openai_gpt-oss-120b/VerilogEval-Spec-to-RTL/Prob116_m2014_q3/Gen1/Prob116_m2014_q3_sample7_single_thought_operator/code_synthesis_report.metrics.json,/workspace/exp/useful_bd_push/t63_fused_rtl_native_20260623_133903_UTC/hard_tuning/fused_rtl_state_pipeline_qd/seed_1001/openai_gpt-oss-120b/VerilogEval-Spec-to-RTL/Prob116_m2014_q3/Gen1/Prob116_m2014_q3_sample7_single_thought_operator/qd_archive_event.json,/workspace/exp/useful_bd_push/t63_fused_rtl_native_20260623_133903_UTC/hard_tuning/fused_rtl_state_pipeline_qd/seed_1001/openai_gpt-oss-120b/VerilogEval-Spec-to-RTL/Prob116_m2014_q3/Gen1/Prob116_m2014_q3_sample7_single_thought_operator/wave.vcd,True,True,True,True,True,True,True,False,True,,0.0,0.0,0.0,0.0,1.0,7.0,0.0,1.6094379124341003,1.0,1.791759469228055,5.0,0.0,0.0,1.0,0.0,0.8,0.0,0.0,0.0,5.0,4.0,9.0,3.121928094887362,2.0,2.0,1.0,1.1111111111111112,9.0,9.0,0.0,0.2928932188134526,0.8811392547822525,1.6094379124341003,1.0986122886681096,2.302585092994046,1.791759469228055,3.0,3.0,0.0,5.0,0.0,0.0,6.0,5.0,0.0,0.0,0.0,0.4166666666666667,0.0,0.0,0.0,0.0,0.5653241799020056,0.45745163512133125,0.4759463805187953,5.0,2.7259626431820188,0.8050467196080222,3.0,1.0,3.0,0.0,105.0,0.0,0.0,0.0,3.0,3.0,0.4444444444444444,0.4444444444444444,0.1111111111111111,0.0,0.4444444444444444,0.2222222222222222,0.3333333333333333,0.0,0.1111111111111111,0.2222222222222222,0.6666666666666666,0.0,0.034201680379620285,0.0,0.0,0.2,0.0,5.0,0.0,1.0,0.0,0.9940302114769565,10.9,4.0,3.0,1.0,1.0,1.6094379124341003
fused_rtl_state_pipeline_qd,VerilogEval-Spec-to-RTL,Prob116_m2014_q3,combinational,revolution_qd,grid_quantile,fused_rtl_state_pipeline_2d,1,True,generation_log,813ae012-bdba-4a98-8092-ace6139f3d6d,single_thought_operator,0.4643696027633852,0.4643696027633852,0.4643696027633852,success_pool,whole,warmup_buffered,False,False,warmup:8,False,3.0,1.33e-06,0.0,0.0,0.0,0.4,0.9931088082901555,0.0,,/workspace/exp/useful_bd_push/t63_fused_rtl_native_20260623_133903_UTC/hard_tuning/fused_rtl_state_pipeline_qd/seed_1001/openai_gpt-oss-120b/VerilogEval-Spec-to-RTL/Prob116_m2014_q3/Gen1/Prob116_m2014_q3_sample10_single_thought_operator,/workspace/exp/useful_bd_push/t63_fused_rtl_native_20260623_133903_UTC/hard_tuning/fused_rtl_state_pipeline_qd/seed_1001/openai_gpt-oss-120b/VerilogEval-Spec-to-RTL/Prob116_m2014_q3/Gen1/Prob116_m2014_q3_sample10_single_thought_operator/code.sv,/workspace/exp/useful_bd_push/t63_fused_rtl_native_20260623_133903_UTC/hard_tuning/fused_rtl_state_pipeline_qd/seed_1001/openai_gpt-oss-120b/VerilogEval-Spec-to-RTL/Prob116_m2014_q3/Gen1/Prob116_m2014_q3_sample10_single_thought_operator/code_synthesis_report.metrics.json,/workspace/exp/useful_bd_push/t63_fused_rtl_native_20260623_133903_UTC/hard_tuning/fused_rtl_state_pipeline_qd/seed_1001/openai_gpt-oss-120b/VerilogEval-Spec-to-RTL/Prob116_m2014_q3/Gen1/Prob116_m2014_q3_sample10_single_thought_operator/qd_archive_event.json,/workspace/exp/useful_bd_push/t63_fused_rtl_native_20260623_133903_UTC/hard_tuning/fused_rtl_state_pipeline_qd/seed_1001/openai_gpt-oss-120b/VerilogEval-Spec-to-RTL/Prob116_m2014_q3/Gen1/Prob116_m2014_q3_sample10_single_thought_operator/wave.vcd,True,True,True,True,True,True,True,False,True,,0.0,0.0,0.0,0.0,1.0,7.0,0.0,1.6094379124341003,1.0,1.6094379124341003,4.0,0.0,0.0,1.0,0.0,0.75,0.0,0.0,0.0,4.0,3.0,8.0,3.0,1.0,2.0,2.0,1.0,8.0,8.0,0.0,0.5,0.886859507142915,1.3862943611198906,1.0986122886681096,2.1972245773362196,1.6094379124341003,3.0,3.0,0.0,4.0,0.0,0.0,5.0,4.0,0.0,0.0,0.0,0.4,0.0,0.0,0.0,0.0,0.5479166666666666,0.5145731728297585,0.5079848842796385,4.0,2.449999999999997,1.0,2.0,1.0,2.0,0.0,97.0,0.0,0.0,0.0,3.0,3.0,0.5,0.375,0.125,0.0,0.5,0.25,0.25,0.0,0.125,0.25,0.625,0.0,0.037555184171708084,0.0,0.0,0.25,0.0,4.0,0.0,1.0,0.0,0.9910760598382222,8.75,4.0,3.0,1.0,1.0,1.6094379124341003
fused_rtl_state_pipeline_qd,VerilogEval-Spec-to-RTL,Prob116_m2014_q3,combinational,revolution_qd,grid_quantile,fused_rtl_state_pipeline_2d,2,True,generation_log,3a944180-e994-4c8e-b86a-ef9216eb3282,single_thought_operator,0.4643696027633852,0.4643696027633852,0.4643696027633852,fail_pool,whole,warmup_buffered,False,False,warmup:9,False,3.0,1.33e-06,0.0,0.0,0.0,0.4,0.9931088082901555,0.0,,/workspace/exp/useful_bd_push/t63_fused_rtl_native_20260623_133903_UTC/hard_tuning/fused_rtl_state_pipeline_qd/seed_1001/openai_gpt-oss-120b/VerilogEval-Spec-to-RTL/Prob116_m2014_q3/Gen2/Prob116_m2014_q3_sample2_single_thought_operator,/workspace/exp/useful_bd_push/t63_fused_rtl_native_20260623_133903_UTC/hard_tuning/fused_rtl_state_pipeline_qd/seed_1001/openai_gpt-oss-120b/VerilogEval-Spec-to-RTL/Prob116_m2014_q3/Gen2/Prob116_m2014_q3_sample2_single_thought_operator/code.sv,/workspace/exp/useful_bd_push/t63_fused_rtl_native_20260623_133903_UTC/hard_tuning/fused_rtl_state_pipeline_qd/seed_1001/openai_gpt-oss-120b/VerilogEval-Spec-to-RTL/Prob116_m2014_q3/Gen2/Prob116_m2014_q3_sample2_single_thought_operator/code_synthesis_report.metrics.json,/workspace/exp/useful_bd_push/t63_fused_rtl_native_20260623_133903_UTC/hard_tuning/fused_rtl_state_pipeline_qd/seed_1001/openai_gpt-oss-120b/VerilogEval-Spec-to-RTL/Prob116_m2014_q3/Gen2/Prob116_m2014_q3_sample2_single_thought_operator/qd_archive_event.json,/workspace/exp/useful_bd_push/t63_fused_rtl_native_20260623_133903_UTC/hard_tuning/fused_rtl_state_pipeline_qd/seed_1001/openai_gpt-oss-120b/VerilogEval-Spec-to-RTL/Prob116_m2014_q3/Gen2/Prob116_m2014_q3_sample2_single_thought_operator/wave.vcd,True,True,True,True,True,True,True,False,True,,0.0,0.0,0.0,0.0,1.0,7.0,0.0,1.6094379124341003,1.0,1.6094379124341003,4.0,0.0,0.0,1.0,0.0,0.75,0.0,0.0,0.0,4.0,3.0,8.0,3.0,1.0,2.0,2.0,1.0,8.0,8.0,0.0,0.5,0.886859507142915,1.3862943611198906,1.0986122886681096,2.1972245773362196,1.6094379124341003,3.0,3.0,0.0,4.0,0.0,0.0,5.0,4.0,0.0,0.0,0.0,0.4,0.0,0.0,0.0,0.0,0.5479166666666666,0.5145731728297585,0.5079848842796385,4.0,2.449999999999997,1.0,2.0,1.0,2.0,0.0,97.0,0.0,0.0,0.0,3.0,3.0,0.5,0.375,0.125,0.0,0.5,0.25,0.25,0.0,0.125,0.25,0.625,0.0,0.037555184171708084,0.0,0.0,0.25,0.0,4.0,0.0,1.0,0.0,0.9910760598382222,8.75,4.0,3.0,1.0,1.0,1.6094379124341003
fused_rtl_state_pipeline_qd,VerilogEval-Spec-to-RTL,Prob116_m2014_q3,combinational,revolution_qd,grid_quantile,fused_rtl_state_pipeline_2d,2,True,generation_log,2d73661f-ffd8-4c8c-bf7d-07ba3410e75c,single_thought_operator,0.3980310880829015,0.3980310880829015,0.3980310880829015,fail_pool,whole,warmup_buffered,False,False,warmup:10,False,4.0,1.14e-06,0.0,0.0,0.0,0.2,0.9940932642487046,0.0,,/workspace/exp/useful_bd_push/t63_fused_rtl_native_20260623_133903_UTC/hard_tuning/fused_rtl_state_pipeline_qd/seed_1001/openai_gpt-oss-120b/VerilogEval-Spec-to-RTL/Prob116_m2014_q3/Gen2/Prob116_m2014_q3_sample5_single_thought_operator,/workspace/exp/useful_bd_push/t63_fused_rtl_native_20260623_133903_UTC/hard_tuning/fused_rtl_state_pipeline_qd/seed_1001/openai_gpt-oss-120b/VerilogEval-Spec-to-RTL/Prob116_m2014_q3/Gen2/Prob116_m2014_q3_sample5_single_thought_operator/code.sv,/workspace/exp/useful_bd_push/t63_fused_rtl_native_20260623_133903_UTC/hard_tuning/fused_rtl_state_pipeline_qd/seed_1001/openai_gpt-oss-120b/VerilogEval-Spec-to-RTL/Prob116_m2014_q3/Gen2/Prob116_m2014_q3_sample5_single_thought_operator/code_synthesis_report.metrics.json,/workspace/exp/useful_bd_push/t63_fused_rtl_native_20260623_133903_UTC/hard_tuning/fused_rtl_state_pipeline_qd/seed_1001/openai_gpt-oss-120b/VerilogEval-Spec-to-RTL/Prob116_m2014_q3/Gen2/Prob116_m2014_q3_sample5_single_thought_operator/qd_archive_event.json,/workspace/exp/useful_bd_push/t63_fused_rtl_native_20260623_133903_UTC/hard_tuning/fused_rtl_state_pipeline_qd/seed_1001/openai_gpt-oss-120b/VerilogEval-Spec-to-RTL/Prob116_m2014_q3/Gen2/Prob116_m2014_q3_sample5_single_thought_operator/wave.vcd,True,True,True,True,True,True,True,False,True,,0.0,0.0,0.0,0.0,1.0,9.0,0.0,1.6094379124341003,1.0,2.0794415416798357,7.0,0.0,0.0,1.0,0.0,0.8571428571428571,0.0,0.0,0.0,7.0,6.0,11.0,3.3927474104487847,2.0,4.0,3.0,1.1818181818181819,11.0,11.0,0.0,0.1339745962155615,0.8833064588084254,1.9459101490553132,1.6094379124341003,2.4849066497880004,2.0794415416798357,5.0,5.0,0.0,7.0,0.0,0.0,7.0,7.0,0.0,0.0,0.0,0.4375,0.0,0.0,0.0,0.0,0.5634375078413829,0.43217509725211106,0.4617849058261453,7.0,2.6481108831349327,0.8850000313655317,4.0,0.75,3.0,0.0,112.0,0.0,0.0,0.0,3.0,3.0,0.36363636363636365,0.5454545454545454,0.09090909090909091,0.0,0.36363636363636365,0.18181818181818182,0.36363636363636365,0.09090909090909091,0.09090909090909091,0.18181818181818182,0.45454545454545453,0.2727272727272727,0.024561613568372383,0.0,0.0,0.2857142857142857,0.0,7.0,0.0,1.0,0.0,1.0,15.05,4.0,3.0,1.0,1.0,1.6094379124341003
fused_rtl_state_pipeline_qd,VerilogEval-Spec-to-RTL,Prob116_m2014_q3,combinational,revolution_qd,grid_quantile,fused_rtl_state_pipeline_2d,2,True,generation_log,d6d9cfb8-3a6d-4e6c-94d8-9a208a6c7128,single_thought_operator,0.33053540587219343,0.33053540587219343,0.33053540587219343,fail_pool,whole,warmup_buffered,False,False,warmup:11,False,5.0,1.62e-06,0.0,0.0,0.0,0.0,0.9916062176165803,0.0,,/workspace/exp/useful_bd_push/t63_fused_rtl_native_20260623_133903_UTC/hard_tuning/fused_rtl_state_pipeline_qd/seed_1001/openai_gpt-oss-120b/VerilogEval-Spec-to-RTL/Prob116_m2014_q3/Gen2/Prob116_m2014_q3_sample6_single_thought_operator,/workspace/exp/useful_bd_push/t63_fused_rtl_native_20260623_133903_UTC/hard_tuning/fused_rtl_state_pipeline_qd/seed_1001/openai_gpt-oss-120b/VerilogEval-Spec-to-RTL/Prob116_m2014_q3/Gen2/Prob116_m2014_q3_sample6_single_thought_operator/code.sv,/workspace/exp/useful_bd_push/t63_fused_rtl_native_20260623_133903_UTC/hard_tuning/fused_rtl_state_pipeline_qd/seed_1001/openai_gpt-oss-120b/VerilogEval-Spec-to-RTL/Prob116_m2014_q3/Gen2/Prob116_m2014_q3_sample6_single_thought_operator/code_synthesis_report.metrics.json,/workspace/exp/useful_bd_push/t63_fused_rtl_native_20260623_133903_UTC/hard_tuning/fused_rtl_state_pipeline_qd/seed_1001/openai_gpt-oss-120b/VerilogEval-Spec-to-RTL/Prob116_m2014_q3/Gen2/Prob116_m2014_q3_sample6_single_thought_operator/qd_archive_event.json,/workspace/exp/useful_bd_push/t63_fused_rtl_native_20260623_133903_UTC/hard_tuning/fused_rtl_state_pipeline_qd/seed_1001/openai_gpt-oss-120b/VerilogEval-Spec-to-RTL/Prob116_m2014_q3/Gen2/Prob116_m2014_q3_sample6_single_thought_operator/wave.vcd,True,True,True,True,True,True,True,False,True,,0.0,0.0,0.0,0.0,1.0,9.0,0.0,1.6094379124341003,1.0,2.0794415416798357,7.0,0.0,0.0,1.0,0.0,0.8571428571428571,0.0,0.0,0.0,7.0,6.0,11.0,3.3927474104487847,2.0,4.0,3.0,1.1818181818181819,11.0,11.0,0.0,0.1339745962155612,0.8833064588084255,1.9459101490553132,1.6094379124341003,2.4849066497880004,2.0794415416798357,5.0,5.0,0.0,7.0,0.0,0.0,7.0,7.0,0.0,1.0,0.25,0.4375,0.0,0.0,0.0,0.0,0.5634375078413829,0.43217509725211106,0.4617849058261453,7.0,2.6481108831349327,0.8850000313655317,4.0,0.75,3.0,0.0,112.0,0.0,0.0,0.0,3.0,3.0,0.36363636363636365,0.5454545454545454,0.09090909090909091,0.0,0.36363636363636365,0.18181818181818182,0.36363636363636365,0.09090909090909091,0.09090909090909091,0.18181818181818182,0.45454545454545453,0.2727272727272727,0.024561613568372394,0.0,0.0,0.2857142857142857,0.0,7.0,0.0,1.0,0.0,1.0,15.05,4.0,3.0,1.0,1.0,1.6094379124341003
fused_rtl_state_pipeline_qd,VerilogEval-Spec-to-RTL,Prob116_m2014_q3,combinational,revolution_qd,grid_quantile,fused_rtl_state_pipeline_2d,2,True,generation_log,a86801bd-cabd-4b02-9253-f12e2a514b0e,single_thought_operator,0.4643696027633852,0.4643696027633852,0.4643696027633852,success_pool,whole,warmup_buffered,False,False,warmup:12,False,3.0,1.33e-06,0.0,0.0,0.0,0.4,0.9931088082901555,0.0,,/workspace/exp/useful_bd_push/t63_fused_rtl_native_20260623_133903_UTC/hard_tuning/fused_rtl_state_pipeline_qd/seed_1001/openai_gpt-oss-120b/VerilogEval-Spec-to-RTL/Prob116_m2014_q3/Gen2/Prob116_m2014_q3_sample9_single_thought_operator,/workspace/exp/useful_bd_push/t63_fused_rtl_native_20260623_133903_UTC/hard_tuning/fused_rtl_state_pipeline_qd/seed_1001/openai_gpt-oss-120b/VerilogEval-Spec-to-RTL/Prob116_m2014_q3/Gen2/Prob116_m2014_q3_sample9_single_thought_operator/code.sv,/workspace/exp/useful_bd_push/t63_fused_rtl_native_20260623_133903_UTC/hard_tuning/fused_rtl_state_pipeline_qd/seed_1001/openai_gpt-oss-120b/VerilogEval-Spec-to-RTL/Prob116_m2014_q3/Gen2/Prob116_m2014_q3_sample9_single_thought_operator/code_synthesis_report.metrics.json,/workspace/exp/useful_bd_push/t63_fused_rtl_native_20260623_133903_UTC/hard_tuning/fused_rtl_state_pipeline_qd/seed_1001/openai_gpt-oss-120b/VerilogEval-Spec-to-RTL/Prob116_m2014_q3/Gen2/Prob116_m2014_q3_sample9_single_thought_operator/qd_archive_event.json,/workspace/exp/useful_bd_push/t63_fused_rtl_native_20260623_133903_UTC/hard_tuning/fused_rtl_state_pipeline_qd/seed_1001/openai_gpt-oss-120b/VerilogEval-Spec-to-RTL/Prob116_m2014_q3/Gen2/Prob116_m2014_q3_sample9_single_thought_operator/wave.vcd,True,True,True,True,True,True,True,False,True,,0.0,0.0,0.0,0.0,1.0,7.0,0.0,1.6094379124341003,1.0,1.6094379124341003,4.0,0.0,0.0,1.0,0.0,0.75,0.0,0.0,0.0,4.0,3.0,8.0,3.0,1.0,2.0,2.0,1.0,8.0,8.0,0.0,0.5,0.886859507142915,1.3862943611198906,1.0986122886681096,2.1972245773362196,1.6094379124341003,3.0,3.0,0.0,4.0,0.0,0.0,5.0,4.0,0.0,0.0,0.0,0.4,0.0,0.0,0.0,0.0,0.5479166666666666,0.5145731728297585,0.5079848842796385,4.0,2.449999999999997,1.0,2.0,1.0,2.0,0.0,201.0,0.0,0.0,0.0,7.0,7.0,0.5,0.375,0.125,0.0,0.5,0.25,0.25,0.0,0.125,0.25,0.625,0.0,0.037555184171708084,0.0,0.0,0.25,0.0,4.0,0.0,1.0,0.0,0.9910760598382222,8.75,4.0,3.0,1.0,1.0,1.6094379124341003
fused_rtl_state_pipeline_qd,VerilogEval-Spec-to-RTL,Prob116_m2014_q3,combinational,revolution_qd,grid_quantile,fused_rtl_state_pipeline_2d,2,True,generation_log,8a777448-de0c-40f0-a151-08d5692882b8,single_thought_operator,0.4643696027633852,0.4643696027633852,0.4643696027633852,success_pool,whole,warmup_buffered,False,False,warmup:13,False,3.0,1.33e-06,0.0,0.0,0.0,0.4,0.9931088082901555,0.0,,/workspace/exp/useful_bd_push/t63_fused_rtl_native_20260623_133903_UTC/hard_tuning/fused_rtl_state_pipeline_qd/seed_1001/openai_gpt-oss-120b/VerilogEval-Spec-to-RTL/Prob116_m2014_q3/Gen2/Prob116_m2014_q3_sample10_single_thought_operator,/workspace/exp/useful_bd_push/t63_fused_rtl_native_20260623_133903_UTC/hard_tuning/fused_rtl_state_pipeline_qd/seed_1001/openai_gpt-oss-120b/VerilogEval-Spec-to-RTL/Prob116_m2014_q3/Gen2/Prob116_m2014_q3_sample10_single_thought_operator/code.sv,/workspace/exp/useful_bd_push/t63_fused_rtl_native_20260623_133903_UTC/hard_tuning/fused_rtl_state_pipeline_qd/seed_1001/openai_gpt-oss-120b/VerilogEval-Spec-to-RTL/Prob116_m2014_q3/Gen2/Prob116_m2014_q3_sample10_single_thought_operator/code_synthesis_report.metrics.json,/workspace/exp/useful_bd_push/t63_fused_rtl_native_20260623_133903_UTC/hard_tuning/fused_rtl_state_pipeline_qd/seed_1001/openai_gpt-oss-120b/VerilogEval-Spec-to-RTL/Prob116_m2014_q3/Gen2/Prob116_m2014_q3_sample10_single_thought_operator/qd_archive_event.json,/workspace/exp/useful_bd_push/t63_fused_rtl_native_20260623_133903_UTC/hard_tuning/fused_rtl_state_pipeline_qd/seed_1001/openai_gpt-oss-120b/VerilogEval-Spec-to-RTL/Prob116_m2014_q3/Gen2/Prob116_m2014_q3_sample10_single_thought_operator/wave.vcd,True,True,True,True,True,True,True,False,True,,0.0,0.0,0.0,0.0,1.0,7.0,0.0,1.6094379124341003,1.0,1.6094379124341003,4.0,0.0,0.0,1.0,0.0,0.75,0.0,0.0,0.0,4.0,3.0,8.0,3.0,1.0,2.0,2.0,1.0,8.0,8.0,0.0,0.5,0.886859507142915,1.3862943611198906,1.0986122886681096,2.1972245773362196,1.6094379124341003,3.0,3.0,0.0,4.0,0.0,0.0,5.0,4.0,0.0,0.0,0.0,0.4,0.0,0.0,0.0,0.0,0.5479166666666666,0.5145731728297585,0.5079848842796385,4.0,2.449999999999997,1.0,2.0,1.0,2.0,0.0,116.0,0.0,0.0,0.0,6.0,6.0,0.5,0.375,0.125,0.0,0.5,0.25,0.25,0.0,0.125,0.25,0.625,0.0,0.037555184171708084,0.0,0.0,0.25,0.0,4.0,0.0,1.0,0.0,0.9910760598382222,8.75,4.0,3.0,1.0,1.0,1.6094379124341003
fused_rtl_state_pipeline_qd,VerilogEval-Spec-to-RTL,Prob116_m2014_q3,combinational,revolution_qd,grid_quantile,fused_rtl_state_pipeline_2d,2,True,generation_log,a3e2a958-8b78-4c2b-be71-b062952d5eee,single_thought_operator,0.4643696027633852,0.4643696027633852,0.4643696027633852,success_pool,whole,warmup_buffered,False,False,warmup:14,False,3.0,1.33e-06,0.0,0.0,0.0,0.4,0.9931088082901555,0.0,,/workspace/exp/useful_bd_push/t63_fused_rtl_native_20260623_133903_UTC/hard_tuning/fused_rtl_state_pipeline_qd/seed_1001/openai_gpt-oss-120b/VerilogEval-Spec-to-RTL/Prob116_m2014_q3/Gen2/Prob116_m2014_q3_sample12_single_thought_operator,/workspace/exp/useful_bd_push/t63_fused_rtl_native_20260623_133903_UTC/hard_tuning/fused_rtl_state_pipeline_qd/seed_1001/openai_gpt-oss-120b/VerilogEval-Spec-to-RTL/Prob116_m2014_q3/Gen2/Prob116_m2014_q3_sample12_single_thought_operator/code.sv,/workspace/exp/useful_bd_push/t63_fused_rtl_native_20260623_133903_UTC/hard_tuning/fused_rtl_state_pipeline_qd/seed_1001/openai_gpt-oss-120b/VerilogEval-Spec-to-RTL/Prob116_m2014_q3/Gen2/Prob116_m2014_q3_sample12_single_thought_operator/code_synthesis_report.metrics.json,/workspace/exp/useful_bd_push/t63_fused_rtl_native_20260623_133903_UTC/hard_tuning/fused_rtl_state_pipeline_qd/seed_1001/openai_gpt-oss-120b/VerilogEval-Spec-to-RTL/Prob116_m2014_q3/Gen2/Prob116_m2014_q3_sample12_single_thought_operator/qd_archive_event.json,/workspace/exp/useful_bd_push/t63_fused_rtl_native_20260623_133903_UTC/hard_tuning/fused_rtl_state_pipeline_qd/seed_1001/openai_gpt-oss-120b/VerilogEval-Spec-to-RTL/Prob116_m2014_q3/Gen2/Prob116_m2014_q3_sample12_single_thought_operator/wave.vcd,True,True,True,True,True,True,True,False,True,,0.0,0.0,0.0,0.0,1.0,7.0,0.0,1.6094379124341003,1.0,1.6094379124341003,4.0,0.0,0.0,1.0,0.0,0.75,0.0,0.0,0.0,4.0,3.0,8.0,3.0,1.0,2.0,2.0,1.0,8.0,8.0,0.0,0.5,0.886859507142915,1.3862943611198906,1.0986122886681096,2.1972245773362196,1.6094379124341003,3.0,3.0,0.0,4.0,0.0,0.0,5.0,4.0,0.0,0.0,0.0,0.4,0.0,0.0,0.0,0.0,0.5479166666666666,0.5145731728297585,0.5079848842796385,4.0,2.449999999999997,1.0,2.0,1.0,2.0,0.0,116.0,0.0,0.0,0.0,6.0,6.0,0.5,0.375,0.125,0.0,0.5,0.25,0.25,0.0,0.125,0.25,0.625,0.0,0.037555184171708084,0.0,0.0,0.25,0.0,4.0,0.0,1.0,0.0,0.9910760598382222,8.75,4.0,3.0,1.0,1.0,1.6094379124341003
fused_rtl_state_pipeline_qd,VerilogEval-Spec-to-RTL,Prob116_m2014_q3,combinational,revolution_qd,grid_quantile,fused_rtl_state_pipeline_2d,3,True,generation_log,7ef1a939-8499-4584-a227-11f512e2be59,single_thought_operator,0.4643696027633852,0.4643696027633852,0.4643696027633852,fail_pool,whole,warmup_buffered,False,False,warmup:15,False,3.0,1.33e-06,0.0,0.0,0.0,0.4,0.9931088082901555,0.0,,/workspace/exp/useful_bd_push/t63_fused_rtl_native_20260623_133903_UTC/hard_tuning/fused_rtl_state_pipeline_qd/seed_1001/openai_gpt-oss-120b/VerilogEval-Spec-to-RTL/Prob116_m2014_q3/Gen3/Prob116_m2014_q3_sample4_single_thought_operator,/workspace/exp/useful_bd_push/t63_fused_rtl_native_20260623_133903_UTC/hard_tuning/fused_rtl_state_pipeline_qd/seed_1001/openai_gpt-oss-120b/VerilogEval-Spec-to-RTL/Prob116_m2014_q3/Gen3/Prob116_m2014_q3_sample4_single_thought_operator/code.sv,/workspace/exp/useful_bd_push/t63_fused_rtl_native_20260623_133903_UTC/hard_tuning/fused_rtl_state_pipeline_qd/seed_1001/openai_gpt-oss-120b/VerilogEval-Spec-to-RTL/Prob116_m2014_q3/Gen3/Prob116_m2014_q3_sample4_single_thought_operator/code_synthesis_report.metrics.json,/workspace/exp/useful_bd_push/t63_fused_rtl_native_20260623_133903_UTC/hard_tuning/fused_rtl_state_pipeline_qd/seed_1001/openai_gpt-oss-120b/VerilogEval-Spec-to-RTL/Prob116_m2014_q3/Gen3/Prob116_m2014_q3_sample4_single_thought_operator/qd_archive_event.json,/workspace/exp/useful_bd_push/t63_fused_rtl_native_20260623_133903_UTC/hard_tuning/fused_rtl_state_pipeline_qd/seed_1001/openai_gpt-oss-120b/VerilogEval-Spec-to-RTL/Prob116_m2014_q3/Gen3/Prob116_m2014_q3_sample4_single_thought_operator/wave.vcd,True,True,True,True,True,True,True,False,True,,0.0,0.0,0.0,0.0,1.0,7.0,0.0,1.6094379124341003,1.0,1.6094379124341003,4.0,0.0,0.0,1.0,0.0,0.75,0.0,0.0,0.0,4.0,3.0,8.0,3.0,1.0,2.0,2.0,1.0,8.0,8.0,0.0,0.5,0.886859507142915,1.3862943611198906,1.0986122886681096,2.1972245773362196,1.6094379124341003,3.0,3.0,0.0,4.0,0.0,0.0,5.0,4.0,0.0,0.0,0.0,0.4,0.0,0.0,0.0,0.0,0.5479166666666666,0.5145731728297585,0.5079848842796385,4.0,2.449999999999997,1.0,2.0,1.0,2.0,0.0,168.0,0.0,0.0,0.0,7.0,7.0,0.5,0.375,0.125,0.0,0.5,0.25,0.25,0.0,0.125,0.25,0.625,0.0,0.037555184171708084,0.0,0.0,0.25,0.0,4.0,0.0,1.0,0.0,0.9910760598382222,8.75,4.0,3.0,1.0,1.0,1.6094379124341003
fused_rtl_state_pipeline_qd,VerilogEval-Spec-to-RTL,Prob116_m2014_q3,combinational,revolution_qd,grid_quantile,fused_rtl_state_pipeline_2d,3,True,generation_log,d945eed6-4f3b-4aef-b8d4-e51f1bd42530,single_thought_operator,0.46535233160621764,0.46535233160621764,0.46535233160621764,success_pool,whole,warmup_buffered,False,False,warmup:16,False,3.0,7.61e-07,0.0,0.0,0.0,0.4,0.9960569948186528,0.0,,/workspace/exp/useful_bd_push/t63_fused_rtl_native_20260623_133903_UTC/hard_tuning/fused_rtl_state_pipeline_qd/seed_1001/openai_gpt-oss-120b/VerilogEval-Spec-to-RTL/Prob116_m2014_q3/Gen3/Prob116_m2014_q3_sample7_single_thought_operator,/workspace/exp/useful_bd_push/t63_fused_rtl_native_20260623_133903_UTC/hard_tuning/fused_rtl_state_pipeline_qd/seed_1001/openai_gpt-oss-120b/VerilogEval-Spec-to-RTL/Prob116_m2014_q3/Gen3/Prob116_m2014_q3_sample7_single_thought_operator/code.sv,/workspace/exp/useful_bd_push/t63_fused_rtl_native_20260623_133903_UTC/hard_tuning/fused_rtl_state_pipeline_qd/seed_1001/openai_gpt-oss-120b/VerilogEval-Spec-to-RTL/Prob116_m2014_q3/Gen3/Prob116_m2014_q3_sample7_single_thought_operator/code_synthesis_report.metrics.json,/workspace/exp/useful_bd_push/t63_fused_rtl_native_20260623_133903_UTC/hard_tuning/fused_rtl_state_pipeline_qd/seed_1001/openai_gpt-oss-120b/VerilogEval-Spec-to-RTL/Prob116_m2014_q3/Gen3/Prob116_m2014_q3_sample7_single_thought_operator/qd_archive_event.json,/workspace/exp/useful_bd_push/t63_fused_rtl_native_20260623_133903_UTC/hard_tuning/fused_rtl_state_pipeline_qd/seed_1001/openai_gpt-oss-120b/VerilogEval-Spec-to-RTL/Prob116_m2014_q3/Gen3/Prob116_m2014_q3_sample7_single_thought_operator/wave.vcd,True,True,True,True,True,True,True,False,True,,0.0,0.0,0.0,0.0,1.0,7.0,0.0,1.6094379124341003,1.0,1.791759469228055,5.0,0.0,0.0,1.0,0.0,0.8,0.0,0.0,0.0,5.0,4.0,9.0,3.121928094887362,2.0,2.0,1.0,1.1111111111111112,9.0,9.0,0.0,0.2928932188134526,0.8811392547822525,1.6094379124341003,1.0986122886681096,2.302585092994046,1.791759469228055,3.0,3.0,0.0,5.0,0.0,0.0,6.0,5.0,0.0,0.0,0.0,0.4166666666666667,0.0,0.0,0.0,0.0,0.5653241799020056,0.45745163512133125,0.4759463805187953,5.0,2.7259626431820188,0.8050467196080222,3.0,1.0,3.0,0.0,123.0,0.0,0.0,0.0,6.0,6.0,0.4444444444444444,0.4444444444444444,0.1111111111111111,0.0,0.4444444444444444,0.2222222222222222,0.3333333333333333,0.0,0.1111111111111111,0.2222222222222222,0.6666666666666666,0.0,0.034201680379620285,0.0,0.0,0.2,0.0,5.0,0.0,1.0,0.0,0.9940302114769565,10.9,4.0,3.0,1.0,1.0,1.6094379124341003
fused_rtl_state_pipeline_qd,VerilogEval-Spec-to-RTL,Prob116_m2014_q3,combinational,revolution_qd,grid_quantile,fused_rtl_state_pipeline_2d,3,True,generation_log,3565475e-1311-4b3a-a5b8-271871b34600,single_thought_operator,0.4643696027633852,0.4643696027633852,0.4643696027633852,success_pool,whole,warmup_buffered,False,False,warmup:17,False,3.0,1.33e-06,0.0,0.0,0.0,0.4,0.9931088082901555,0.0,,/workspace/exp/useful_bd_push/t63_fused_rtl_native_20260623_133903_UTC/hard_tuning/fused_rtl_state_pipeline_qd/seed_1001/openai_gpt-oss-120b/VerilogEval-Spec-to-RTL/Prob116_m2014_q3/Gen3/Prob116_m2014_q3_sample8_single_thought_operator,/workspace/exp/useful_bd_push/t63_fused_rtl_native_20260623_133903_UTC/hard_tuning/fused_rtl_state_pipeline_qd/seed_1001/openai_gpt-oss-120b/VerilogEval-Spec-to-RTL/Prob116_m2014_q3/Gen3/Prob116_m2014_q3_sample8_single_thought_operator/code.sv,/workspace/exp/useful_bd_push/t63_fused_rtl_native_20260623_133903_UTC/hard_tuning/fused_rtl_state_pipeline_qd/seed_1001/openai_gpt-oss-120b/VerilogEval-Spec-to-RTL/Prob116_m2014_q3/Gen3/Prob116_m2014_q3_sample8_single_thought_operator/code_synthesis_report.metrics.json,/workspace/exp/useful_bd_push/t63_fused_rtl_native_20260623_133903_UTC/hard_tuning/fused_rtl_state_pipeline_qd/seed_1001/openai_gpt-oss-120b/VerilogEval-Spec-to-RTL/Prob116_m2014_q3/Gen3/Prob116_m2014_q3_sample8_single_thought_operator/qd_archive_event.json,/workspace/exp/useful_bd_push/t63_fused_rtl_native_20260623_133903_UTC/hard_tuning/fused_rtl_state_pipeline_qd/seed_1001/openai_gpt-oss-120b/VerilogEval-Spec-to-RTL/Prob116_m2014_q3/Gen3/Prob116_m2014_q3_sample8_single_thought_operator/wave.vcd,True,True,True,True,True,True,True,False,True,,0.0,0.0,0.0,0.0,1.0,7.0,0.0,1.6094379124341003,1.0,1.6094379124341003,4.0,0.0,0.0,1.0,0.0,0.75,0.0,0.0,0.0,4.0,3.0,8.0,3.0,1.0,2.0,2.0,1.0,8.0,8.0,0.0,0.5,0.886859507142915,1.3862943611198906,1.0986122886681096,2.1972245773362196,1.6094379124341003,3.0,3.0,0.0,4.0,0.0,0.0,5.0,4.0,0.0,0.0,0.0,0.4,0.0,0.0,0.0,0.0,0.5479166666666666,0.5145731728297585,0.5079848842796385,4.0,2.449999999999997,1.0,2.0,1.0,2.0,0.0,99.0,0.0,0.0,0.0,3.0,3.0,0.5,0.375,0.125,0.0,0.5,0.25,0.25,0.0,0.125,0.25,0.625,0.0,0.037555184171708084,0.0,0.0,0.25,0.0,4.0,0.0,1.0,0.0,0.9910760598382222,8.75,4.0,3.0,1.0,1.0,1.6094379124341003
fused_rtl_state_pipeline_qd,VerilogEval-Spec-to-RTL,Prob116_m2014_q3,combinational,revolution_qd,grid_quantile,fused_rtl_state_pipeline_2d,3,True,generation_log,493ebf5c-525d-43b7-943b-3258d20b012c,single_thought_operator,0.4643696027633852,0.4643696027633852,0.4643696027633852,success_pool,whole,warmup_buffered,False,False,warmup:18,False,3.0,1.33e-06,0.0,0.0,0.0,0.4,0.9931088082901555,0.0,,/workspace/exp/useful_bd_push/t63_fused_rtl_native_20260623_133903_UTC/hard_tuning/fused_rtl_state_pipeline_qd/seed_1001/openai_gpt-oss-120b/VerilogEval-Spec-to-RTL/Prob116_m2014_q3/Gen3/Prob116_m2014_q3_sample11_single_thought_operator,/workspace/exp/useful_bd_push/t63_fused_rtl_native_20260623_133903_UTC/hard_tuning/fused_rtl_state_pipeline_qd/seed_1001/openai_gpt-oss-120b/VerilogEval-Spec-to-RTL/Prob116_m2014_q3/Gen3/Prob116_m2014_q3_sample11_single_thought_operator/code.sv,/workspace/exp/useful_bd_push/t63_fused_rtl_native_20260623_133903_UTC/hard_tuning/fused_rtl_state_pipeline_qd/seed_1001/openai_gpt-oss-120b/VerilogEval-Spec-to-RTL/Prob116_m2014_q3/Gen3/Prob116_m2014_q3_sample11_single_thought_operator/code_synthesis_report.metrics.json,/workspace/exp/useful_bd_push/t63_fused_rtl_native_20260623_133903_UTC/hard_tuning/fused_rtl_state_pipeline_qd/seed_1001/openai_gpt-oss-120b/VerilogEval-Spec-to-RTL/Prob116_m2014_q3/Gen3/Prob116_m2014_q3_sample11_single_thought_operator/qd_archive_event.json,/workspace/exp/useful_bd_push/t63_fused_rtl_native_20260623_133903_UTC/hard_tuning/fused_rtl_state_pipeline_qd/seed_1001/openai_gpt-oss-120b/VerilogEval-Spec-to-RTL/Prob116_m2014_q3/Gen3/Prob116_m2014_q3_sample11_single_thought_operator/wave.vcd,True,True,True,True,True,True,True,False,True,,0.0,0.0,0.0,0.0,1.0,7.0,0.0,1.6094379124341003,1.0,1.6094379124341003,4.0,0.0,0.0,1.0,0.0,0.75,0.0,0.0,0.0,4.0,3.0,8.0,3.0,1.0,2.0,2.0,1.0,8.0,8.0,0.0,0.5,0.886859507142915,1.3862943611198906,1.0986122886681096,2.1972245773362196,1.6094379124341003,3.0,3.0,0.0,4.0,0.0,0.0,5.0,4.0,0.0,0.0,0.0,0.4,0.0,0.0,0.0,0.0,0.5479166666666666,0.5145731728297585,0.5079848842796385,4.0,2.449999999999997,1.0,2.0,1.0,2.0,0.0,192.0,0.0,0.0,0.0,9.0,7.0,0.5,0.375,0.125,0.0,0.5,0.25,0.25,0.0,0.125,0.25,0.625,0.0,0.037555184171708084,0.0,0.0,0.25,0.0,4.0,0.0,1.0,0.0,0.9910760598382222,8.75,4.0,3.0,1.0,1.0,1.6094379124341003
fused_rtl_state_pipeline_qd,VerilogEval-Spec-to-RTL,Prob135_m2014_q6b,combinational,revolution_qd,grid_quantile,fused_rtl_state_pipeline_2d,0,True,generation_log,116019c9-74d9-4d0e-91c5-9048142add71,initial,0.19614349775784753,0.19614349775784753,0.19614349775784753,initial,whole,warmup_buffered,False,False,warmup:2,True,7.0,2.58e-06,0.0,0.0,0.0,-0.4,0.9884304932735426,0.0,,/workspace/exp/useful_bd_push/t63_fused_rtl_native_20260623_133903_UTC/hard_tuning/fused_rtl_state_pipeline_qd/seed_1001/openai_gpt-oss-120b/VerilogEval-Spec-to-RTL/Prob135_m2014_q6b/Gen0/Prob135_m2014_q6b_sample1_initial,/workspace/exp/useful_bd_push/t63_fused_rtl_native_20260623_133903_UTC/hard_tuning/fused_rtl_state_pipeline_qd/seed_1001/openai_gpt-oss-120b/VerilogEval-Spec-to-RTL/Prob135_m2014_q6b/Gen0/Prob135_m2014_q6b_sample1_initial/code.sv,/workspace/exp/useful_bd_push/t63_fused_rtl_native_20260623_133903_UTC/hard_tuning/fused_rtl_state_pipeline_qd/seed_1001/openai_gpt-oss-120b/VerilogEval-Spec-to-RTL/Prob135_m2014_q6b/Gen0/Prob135_m2014_q6b_sample1_initial/code_synthesis_report.metrics.json,/workspace/exp/useful_bd_push/t63_fused_rtl_native_20260623_133903_UTC/hard_tuning/fused_rtl_state_pipeline_qd/seed_1001/openai_gpt-oss-120b/VerilogEval-Spec-to-RTL/Prob135_m2014_q6b/Gen0/Prob135_m2014_q6b_sample1_initial/qd_archive_event.json,/workspace/exp/useful_bd_push/t63_fused_rtl_native_20260623_133903_UTC/hard_tuning/fused_rtl_state_pipeline_qd/seed_1001/openai_gpt-oss-120b/VerilogEval-Spec-to-RTL/Prob135_m2014_q6b/Gen0/Prob135_m2014_q6b_sample1_initial/wave.vcd,True,True,True,True,True,True,True,False,True,,0.0,0.0,0.0,0.0,1.0,6.0,0.0,1.791759469228055,1.0,2.0794415416798357,7.0,0.0,0.0,1.0,0.0,0.8571428571428571,0.0,2.0,0.0,7.0,6.0,11.0,3.3927474104487847,2.0,3.0,2.0,1.1818181818181819,11.0,11.0,0.0,0.18350341907227383,0.8930011032014432,1.9459101490553132,1.3862943611198906,2.4849066497880004,2.0794415416798357,4.0,4.0,0.0,7.0,0.0,0.0,4.0,7.0,0.0,0.0,0.0,0.4375,0.0,0.0,0.0,0.0,0.5634375078413829,0.43217509725211106,0.4617849058261453,7.0,2.6481108831349327,0.8850000313655317,4.0,0.75,3.0,0.0,296.0,0.0,0.0,0.0,13.0,12.0,0.36363636363636365,0.5454545454545454,0.09090909090909091,0.0,0.36363636363636365,0.2727272727272727,0.2727272727272727,0.09090909090909091,0.09090909090909091,0.09090909090909091,0.45454545454545453,0.36363636363636365,0.054755351295317015,0.0,0.0,0.2857142857142857,0.0,7.0,0.0,1.0,0.0,0.9456603046006401,14.6,5.0,7.0,1.0,1.2,1.9459101490553132
fused_rtl_state_pipeline_qd,VerilogEval-Spec-to-RTL,Prob135_m2014_q6b,combinational,revolution_qd,grid_quantile,fused_rtl_state_pipeline_2d,0,True,generation_log,41dab1f5-1afd-4ce3-8031-573ffd7063bd,initial,0.2636173393124066,0.2636173393124066,0.2636173393124066,initial,whole,warmup_buffered,False,False,warmup:1,True,6.0,2.04e-06,0.0,0.0,0.0,-0.2,0.9908520179372198,0.0,,/workspace/exp/useful_bd_push/t63_fused_rtl_native_20260623_133903_UTC/hard_tuning/fused_rtl_state_pipeline_qd/seed_1001/openai_gpt-oss-120b/VerilogEval-Spec-to-RTL/Prob135_m2014_q6b/Gen0/Prob135_m2014_q6b_sample3_initial,/workspace/exp/useful_bd_push/t63_fused_rtl_native_20260623_133903_UTC/hard_tuning/fused_rtl_state_pipeline_qd/seed_1001/openai_gpt-oss-120b/VerilogEval-Spec-to-RTL/Prob135_m2014_q6b/Gen0/Prob135_m2014_q6b_sample3_initial/code.sv,/workspace/exp/useful_bd_push/t63_fused_rtl_native_20260623_133903_UTC/hard_tuning/fused_rtl_state_pipeline_qd/seed_1001/openai_gpt-oss-120b/VerilogEval-Spec-to-RTL/Prob135_m2014_q6b/Gen0/Prob135_m2014_q6b_sample3_initial/code_synthesis_report.metrics.json,/workspace/exp/useful_bd_push/t63_fused_rtl_native_20260623_133903_UTC/hard_tuning/fused_rtl_state_pipeline_qd/seed_1001/openai_gpt-oss-120b/VerilogEval-Spec-to-RTL/Prob135_m2014_q6b/Gen0/Prob135_m2014_q6b_sample3_initial/qd_archive_event.json,/workspace/exp/useful_bd_push/t63_fused_rtl_native_20260623_133903_UTC/hard_tuning/fused_rtl_state_pipeline_qd/seed_1001/openai_gpt-oss-120b/VerilogEval-Spec-to-RTL/Prob135_m2014_q6b/Gen0/Prob135_m2014_q6b_sample3_initial/wave.vcd,True,True,True,True,True,True,True,False,True,,0.0,0.0,0.0,0.0,1.0,8.0,0.0,1.791759469228055,1.0,2.70805020110221,14.0,0.0,0.0,1.0,0.0,1.2142857142857142,0.0,2.0,0.0,14.0,17.0,18.0,4.056020968057881,3.0,5.0,2.0,1.4444444444444444,18.0,18.0,0.0,0.2008258514188655,0.9335682238926486,2.8903717578961645,1.791759469228055,2.9444389791664403,2.70805020110221,6.0,6.0,0.0,19.0,0.0,0.0,5.0,19.0,0.0,0.0,0.0,0.4666666666666667,0.0,0.2857142857142857,1.0,0.0,0.8348851659467206,0.4027090935107159,0.4187732653905871,14.0,3.10004166667803,0.9020406637868822,6.0,1.0,6.0,0.0,580.0,0.0,0.0,0.0,16.0,15.0,0.2222222222222222,0.6111111111111112,0.1111111111111111,0.05555555555555555,0.2222222222222222,0.16666666666666666,0.4444444444444444,0.16666666666666666,0.05555555555555555,0.05555555555555555,0.16666666666666666,0.7222222222222222,0.012885152985585877,0.0,0.0,0.21428571428571427,0.0,14.0,0.0,1.0,0.0,0.7382848661434506,38.75,5.0,7.0,1.0,1.2,1.9459101490553132
fused_rtl_state_pipeline_qd,VerilogEval-Spec-to-RTL,Prob135_m2014_q6b,combinational,revolution_qd,grid_quantile,fused_rtl_state_pipeline_2d,0,True,generation_log,c9144783-3e76-4d81-84f1-8390dcbbf20c,initial,0.19491778774289983,0.19491778774289983,0.19491778774289983,initial,whole,warmup_buffered,False,False,warmup:6,False,7.0,3.4e-06,0.0,0.0,0.0,-0.4,0.9847533632286996,0.0,,/workspace/exp/useful_bd_push/t63_fused_rtl_native_20260623_133903_UTC/hard_tuning/fused_rtl_state_pipeline_qd/seed_1001/openai_gpt-oss-120b/VerilogEval-Spec-to-RTL/Prob135_m2014_q6b/Gen0/Prob135_m2014_q6b_sample4_initial,/workspace/exp/useful_bd_push/t63_fused_rtl_native_20260623_133903_UTC/hard_tuning/fused_rtl_state_pipeline_qd/seed_1001/openai_gpt-oss-120b/VerilogEval-Spec-to-RTL/Prob135_m2014_q6b/Gen0/Prob135_m2014_q6b_sample4_initial/code.sv,/workspace/exp/useful_bd_push/t63_fused_rtl_native_20260623_133903_UTC/hard_tuning/fused_rtl_state_pipeline_qd/seed_1001/openai_gpt-oss-120b/VerilogEval-Spec-to-RTL/Prob135_m2014_q6b/Gen0/Prob135_m2014_q6b_sample4_initial/code_synthesis_report.metrics.json,/workspace/exp/useful_bd_push/t63_fused_rtl_native_20260623_133903_UTC/hard_tuning/fused_rtl_state_pipeline_qd/seed_1001/openai_gpt-oss-120b/VerilogEval-Spec-to-RTL/Prob135_m2014_q6b/Gen0/Prob135_m2014_q6b_sample4_initial/qd_archive_event.json,/workspace/exp/useful_bd_push/t63_fused_rtl_native_20260623_133903_UTC/hard_tuning/fused_rtl_state_pipeline_qd/seed_1001/openai_gpt-oss-120b/VerilogEval-Spec-to-RTL/Prob135_m2014_q6b/Gen0/Prob135_m2014_q6b_sample4_initial/wave.vcd,True,True,True,True,True,True,True,False,True,,0.125,0.0,0.0,1.0,1.0,7.0,0.0,2.1972245773362196,1.0,2.4849066497880004,11.0,0.0,0.0,1.0,0.0,1.0,0.0,1.0,0.0,11.0,11.0,15.0,3.821928094887362,2.0,4.0,2.0,1.3333333333333333,15.0,15.0,0.0,0.12403899257993867,0.9179680046249117,2.4849066497880004,1.6094379124341003,2.772588722239781,2.4849066497880004,5.0,5.0,0.0,12.0,0.0,0.0,4.0,12.0,0.0,0.0,0.0,0.4583333333333333,0.0,0.09090909090909091,1.0,0.0,0.7634777338056616,0.49113147362914517,0.493229077584184,11.0,2.643578919593985,0.9434942685559795,5.0,1.0,5.0,0.0,460.0,0.0,0.0,0.0,16.0,14.0,0.26666666666666666,0.6,0.13333333333333333,0.0,0.26666666666666666,0.26666666666666666,0.4,0.06666666666666667,0.06666666666666667,0.06666666666666667,0.2,0.6666666666666666,0.05389674124470656,0.0,0.0,0.2727272727272727,0.0,11.0,0.0,1.0,0.0,0.8112781244591328,24.6,8.0,7.0,1.0,1.25,2.3978952727983707
fused_rtl_state_pipeline_qd,VerilogEval-Spec-to-RTL,Prob135_m2014_q6b,combinational,revolution_qd,grid_quantile,fused_rtl_state_pipeline_2d,0,True,generation_log,07d2f673-95cb-48c3-a6f0-c5e28ec3f047,initial,0.1274289985052317,0.1274289985052317,0.1274289985052317,initial,whole,warmup_buffered,False,False,warmup:7,False,8.0,3.95e-06,0.0,0.0,0.0,-0.6,0.9822869955156951,0.0,,/workspace/exp/useful_bd_push/t63_fused_rtl_native_20260623_133903_UTC/hard_tuning/fused_rtl_state_pipeline_qd/seed_1001/openai_gpt-oss-120b/VerilogEval-Spec-to-RTL/Prob135_m2014_q6b/Gen0/Prob135_m2014_q6b_sample6_initial,/workspace/exp/useful_bd_push/t63_fused_rtl_native_20260623_133903_UTC/hard_tuning/fused_rtl_state_pipeline_qd/seed_1001/openai_gpt-oss-120b/VerilogEval-Spec-to-RTL/Prob135_m2014_q6b/Gen0/Prob135_m2014_q6b_sample6_initial/code.sv,/workspace/exp/useful_bd_push/t63_fused_rtl_native_20260623_133903_UTC/hard_tuning/fused_rtl_state_pipeline_qd/seed_1001/openai_gpt-oss-120b/VerilogEval-Spec-to-RTL/Prob135_m2014_q6b/Gen0/Prob135_m2014_q6b_sample6_initial/code_synthesis_report.metrics.json,/workspace/exp/useful_bd_push/t63_fused_rtl_native_20260623_133903_UTC/hard_tuning/fused_rtl_state_pipeline_qd/seed_1001/openai_gpt-oss-120b/VerilogEval-Spec-to-RTL/Prob135_m2014_q6b/Gen0/Prob135_m2014_q6b_sample6_initial/qd_archive_event.json,/workspace/exp/useful_bd_push/t63_fused_rtl_native_20260623_133903_UTC/hard_tuning/fused_rtl_state_pipeline_qd/seed_1001/openai_gpt-oss-120b/VerilogEval-Spec-to-RTL/Prob135_m2014_q6b/Gen0/Prob135_m2014_q6b_sample6_initial/wave.vcd,True,True,True,True,True,True,True,False,True,,0.16666666666666666,0.0,0.0,1.0,1.0,7.0,0.0,1.9459101490553132,1.0,2.5649493574615367,12.0,0.0,0.0,1.0,0.0,1.0,0.0,2.0,0.0,12.0,12.0,16.0,3.879664004902592,3.0,4.0,3.0,1.375,16.0,16.0,0.0,0.10652286062919768,0.9166290725726464,2.5649493574615367,1.6094379124341003,2.833213344056216,2.5649493574615367,5.0,5.0,0.0,13.0,0.0,0.0,4.0,13.0,0.0,2.0,0.3333333333333333,0.46153846153846156,0.0,0.08333333333333333,1.0,0.0,0.6956572656045255,0.45310335929368345,0.46737601116020594,12.0,2.761800304193188,0.9942957290847687,5.0,0.8,4.0,0.0,544.0,0.0,0.0,0.0,16.0,15.0,0.25,0.625,0.0625,0.0625,0.25,0.3125,0.3125,0.125,0.0625,0.0,0.0625,0.875,0.056190302493621495,0.0,0.0,0.25,0.0,12.0,0.0,1.0,0.0,0.7871265862012691,26.6,6.0,7.0,1.0,1.3333333333333333,2.1972245773362196
fused_rtl_state_pipeline_qd,VerilogEval-Spec-to-RTL,Prob135_m2014_q6b,combinational,revolution_qd,grid_quantile,fused_rtl_state_pipeline_2d,0,True,generation_log,33a5e7f1-95c9-4200-b370-101771ffeda0,initial,0.19614349775784753,0.19614349775784753,0.19614349775784753,initial,whole,warmup_buffered,False,False,warmup:3,False,7.0,2.58e-06,0.0,0.0,0.0,-0.4,0.9884304932735426,0.0,,/workspace/exp/useful_bd_push/t63_fused_rtl_native_20260623_133903_UTC/hard_tuning/fused_rtl_state_pipeline_qd/seed_1001/openai_gpt-oss-120b/VerilogEval-Spec-to-RTL/Prob135_m2014_q6b/Gen0/Prob135_m2014_q6b_sample9_initial,/workspace/exp/useful_bd_push/t63_fused_rtl_native_20260623_133903_UTC/hard_tuning/fused_rtl_state_pipeline_qd/seed_1001/openai_gpt-oss-120b/VerilogEval-Spec-to-RTL/Prob135_m2014_q6b/Gen0/Prob135_m2014_q6b_sample9_initial/code.sv,/workspace/exp/useful_bd_push/t63_fused_rtl_native_20260623_133903_UTC/hard_tuning/fused_rtl_state_pipeline_qd/seed_1001/openai_gpt-oss-120b/VerilogEval-Spec-to-RTL/Prob135_m2014_q6b/Gen0/Prob135_m2014_q6b_sample9_initial/code_synthesis_report.metrics.json,/workspace/exp/useful_bd_push/t63_fused_rtl_native_20260623_133903_UTC/hard_tuning/fused_rtl_state_pipeline_qd/seed_1001/openai_gpt-oss-120b/VerilogEval-Spec-to-RTL/Prob135_m2014_q6b/Gen0/Prob135_m2014_q6b_sample9_initial/qd_archive_event.json,/workspace/exp/useful_bd_push/t63_fused_rtl_native_20260623_133903_UTC/hard_tuning/fused_rtl_state_pipeline_qd/seed_1001/openai_gpt-oss-120b/VerilogEval-Spec-to-RTL/Prob135_m2014_q6b/Gen0/Prob135_m2014_q6b_sample9_initial/wave.vcd,True,True,True,True,True,True,True,False,True,,0.0,0.0,0.0,0.0,1.0,8.0,0.0,1.791759469228055,1.0,2.0794415416798357,7.0,0.0,0.0,1.0,0.0,0.8571428571428571,0.0,1.0,0.0,7.0,6.0,11.0,3.3927474104487847,2.0,3.0,2.0,1.1818181818181819,11.0,11.0,0.0,0.18350341907227383,0.8930011032014432,1.9459101490553132,1.3862943611198906,2.4849066497880004,2.0794415416798357,4.0,4.0,0.0,7.0,0.0,0.0,6.0,7.0,0.0,0.0,0.0,0.4375,0.0,0.0,0.0,0.0,0.5634375078413829,0.43217509725211106,0.4617849058261453,7.0,2.6481108831349327,0.8850000313655317,4.0,0.75,3.0,0.0,262.0,0.0,0.0,0.0,9.0,9.0,0.36363636363636365,0.5454545454545454,0.09090909090909091,0.0,0.36363636363636365,0.2727272727272727,0.2727272727272727,0.09090909090909091,0.09090909090909091,0.09090909090909091,0.45454545454545453,0.36363636363636365,0.054755351295317015,0.0,0.0,0.2857142857142857,0.0,7.0,0.0,1.0,0.0,0.9957274520849255,14.9,5.0,4.0,1.0,1.2,1.9459101490553132
fused_rtl_state_pipeline_qd,VerilogEval-Spec-to-RTL,Prob135_m2014_q6b,combinational,revolution_qd,grid_quantile,fused_rtl_state_pipeline_2d,0,True,generation_log,6fc10c76-0695-4350-9a0c-abd58fda6a89,initial,0.19614349775784753,0.19614349775784753,0.19614349775784753,initial,whole,warmup_buffered,False,False,warmup:4,False,7.0,2.58e-06,0.0,0.0,0.0,-0.4,0.9884304932735426,0.0,,/workspace/exp/useful_bd_push/t63_fused_rtl_native_20260623_133903_UTC/hard_tuning/fused_rtl_state_pipeline_qd/seed_1001/openai_gpt-oss-120b/VerilogEval-Spec-to-RTL/Prob135_m2014_q6b/Gen0/Prob135_m2014_q6b_sample10_initial,/workspace/exp/useful_bd_push/t63_fused_rtl_native_20260623_133903_UTC/hard_tuning/fused_rtl_state_pipeline_qd/seed_1001/openai_gpt-oss-120b/VerilogEval-Spec-to-RTL/Prob135_m2014_q6b/Gen0/Prob135_m2014_q6b_sample10_initial/code.sv,/workspace/exp/useful_bd_push/t63_fused_rtl_native_20260623_133903_UTC/hard_tuning/fused_rtl_state_pipeline_qd/seed_1001/openai_gpt-oss-120b/VerilogEval-Spec-to-RTL/Prob135_m2014_q6b/Gen0/Prob135_m2014_q6b_sample10_initial/code_synthesis_report.metrics.json,/workspace/exp/useful_bd_push/t63_fused_rtl_native_20260623_133903_UTC/hard_tuning/fused_rtl_state_pipeline_qd/seed_1001/openai_gpt-oss-120b/VerilogEval-Spec-to-RTL/Prob135_m2014_q6b/Gen0/Prob135_m2014_q6b_sample10_initial/qd_archive_event.json,/workspace/exp/useful_bd_push/t63_fused_rtl_native_20260623_133903_UTC/hard_tuning/fused_rtl_state_pipeline_qd/seed_1001/openai_gpt-oss-120b/VerilogEval-Spec-to-RTL/Prob135_m2014_q6b/Gen0/Prob135_m2014_q6b_sample10_initial/wave.vcd,True,True,True,True,True,True,True,False,True,,0.0,0.0,0.0,0.0,1.0,8.0,0.0,1.791759469228055,1.0,2.0794415416798357,7.0,0.0,0.0,1.0,0.0,0.8571428571428571,0.0,1.0,0.0,7.0,6.0,11.0,3.3927474104487847,2.0,3.0,2.0,1.1818181818181819,11.0,11.0,0.0,0.18350341907227383,0.8930011032014432,1.9459101490553132,1.3862943611198906,2.4849066497880004,2.0794415416798357,4.0,4.0,0.0,7.0,0.0,0.0,6.0,7.0,0.0,0.0,0.0,0.4375,0.0,0.0,0.0,0.0,0.5634375078413829,0.43217509725211106,0.4617849058261453,7.0,2.6481108831349327,0.8850000313655317,4.0,0.75,3.0,0.0,270.0,0.0,0.0,0.0,9.0,9.0,0.36363636363636365,0.5454545454545454,0.09090909090909091,0.0,0.36363636363636365,0.2727272727272727,0.2727272727272727,0.09090909090909091,0.09090909090909091,0.09090909090909091,0.45454545454545453,0.36363636363636365,0.054755351295317015,0.0,0.0,0.2857142857142857,0.0,7.0,0.0,1.0,0.0,0.9957274520849255,14.9,5.0,4.0,1.0,1.2,1.9459101490553132
fused_rtl_state_pipeline_qd,VerilogEval-Spec-to-RTL,Prob135_m2014_q6b,combinational,revolution_qd,grid_quantile,fused_rtl_state_pipeline_2d,0,True,generation_log,c609aa06-5200-4b62-9d97-63011311338c,initial,0.19614349775784753,0.19614349775784753,0.19614349775784753,initial,whole,warmup_buffered,False,False,warmup:5,False,7.0,2.58e-06,0.0,0.0,0.0,-0.4,0.9884304932735426,0.0,,/workspace/exp/useful_bd_push/t63_fused_rtl_native_20260623_133903_UTC/hard_tuning/fused_rtl_state_pipeline_qd/seed_1001/openai_gpt-oss-120b/VerilogEval-Spec-to-RTL/Prob135_m2014_q6b/Gen0/Prob135_m2014_q6b_sample12_initial,/workspace/exp/useful_bd_push/t63_fused_rtl_native_20260623_133903_UTC/hard_tuning/fused_rtl_state_pipeline_qd/seed_1001/openai_gpt-oss-120b/VerilogEval-Spec-to-RTL/Prob135_m2014_q6b/Gen0/Prob135_m2014_q6b_sample12_initial/code.sv,/workspace/exp/useful_bd_push/t63_fused_rtl_native_20260623_133903_UTC/hard_tuning/fused_rtl_state_pipeline_qd/seed_1001/openai_gpt-oss-120b/VerilogEval-Spec-to-RTL/Prob135_m2014_q6b/Gen0/Prob135_m2014_q6b_sample12_initial/code_synthesis_report.metrics.json,/workspace/exp/useful_bd_push/t63_fused_rtl_native_20260623_133903_UTC/hard_tuning/fused_rtl_state_pipeline_qd/seed_1001/openai_gpt-oss-120b/VerilogEval-Spec-to-RTL/Prob135_m2014_q6b/Gen0/Prob135_m2014_q6b_sample12_initial/qd_archive_event.json,/workspace/exp/useful_bd_push/t63_fused_rtl_native_20260623_133903_UTC/hard_tuning/fused_rtl_state_pipeline_qd/seed_1001/openai_gpt-oss-120b/VerilogEval-Spec-to-RTL/Prob135_m2014_q6b/Gen0/Prob135_m2014_q6b_sample12_initial/wave.vcd,True,True,True,True,True,True,True,False,True,,0.0,0.0,0.0,0.0,1.0,6.0,0.0,1.791759469228055,1.0,2.0794415416798357,7.0,0.0,0.0,1.0,0.0,0.8571428571428571,0.0,2.0,0.0,7.0,6.0,11.0,3.3927474104487847,2.0,3.0,2.0,1.1818181818181819,11.0,11.0,0.0,0.18350341907227383,0.8930011032014432,1.9459101490553132,1.3862943611198906,2.4849066497880004,2.0794415416798357,4.0,4.0,0.0,7.0,0.0,0.0,4.0,7.0,0.0,0.0,0.0,0.4375,0.0,0.0,0.0,0.0,0.5634375078413829,0.43217509725211106,0.4617849058261453,7.0,2.6481108831349327,0.8850000313655317,4.0,0.75,3.0,0.0,288.0,0.0,0.0,0.0,13.0,12.0,0.36363636363636365,0.5454545454545454,0.09090909090909091,0.0,0.36363636363636365,0.2727272727272727,0.2727272727272727,0.09090909090909091,0.09090909090909091,0.09090909090909091,0.45454545454545453,0.36363636363636365,0.054755351295317015,0.0,0.0,0.2857142857142857,0.0,7.0,0.0,1.0,0.0,0.9456603046006401,14.6,5.0,7.0,1.0,1.2,1.9459101490553132
fused_rtl_state_pipeline_qd,VerilogEval-Spec-to-RTL,Prob135_m2014_q6b,combinational,revolution_qd,grid_quantile,fused_rtl_state_pipeline_2d,1,True,generation_log,905e3276-8207-456b-90dc-4d098373baa6,single_thought_operator,0.19614349775784753,0.19614349775784753,0.19614349775784753,success_pool,whole,warmup_buffered,False,False,warmup:8,False,7.0,2.58e-06,0.0,0.0,0.0,-0.4,0.9884304932735426,0.0,,/workspace/exp/useful_bd_push/t63_fused_rtl_native_20260623_133903_UTC/hard_tuning/fused_rtl_state_pipeline_qd/seed_1001/openai_gpt-oss-120b/VerilogEval-Spec-to-RTL/Prob135_m2014_q6b/Gen1/Prob135_m2014_q6b_sample6_single_thought_operator,/workspace/exp/useful_bd_push/t63_fused_rtl_native_20260623_133903_UTC/hard_tuning/fused_rtl_state_pipeline_qd/seed_1001/openai_gpt-oss-120b/VerilogEval-Spec-to-RTL/Prob135_m2014_q6b/Gen1/Prob135_m2014_q6b_sample6_single_thought_operator/code.sv,/workspace/exp/useful_bd_push/t63_fused_rtl_native_20260623_133903_UTC/hard_tuning/fused_rtl_state_pipeline_qd/seed_1001/openai_gpt-oss-120b/VerilogEval-Spec-to-RTL/Prob135_m2014_q6b/Gen1/Prob135_m2014_q6b_sample6_single_thought_operator/code_synthesis_report.metrics.json,/workspace/exp/useful_bd_push/t63_fused_rtl_native_20260623_133903_UTC/hard_tuning/fused_rtl_state_pipeline_qd/seed_1001/openai_gpt-oss-120b/VerilogEval-Spec-to-RTL/Prob135_m2014_q6b/Gen1/Prob135_m2014_q6b_sample6_single_thought_operator/qd_archive_event.json,/workspace/exp/useful_bd_push/t63_fused_rtl_native_20260623_133903_UTC/hard_tuning/fused_rtl_state_pipeline_qd/seed_1001/openai_gpt-oss-120b/VerilogEval-Spec-to-RTL/Prob135_m2014_q6b/Gen1/Prob135_m2014_q6b_sample6_single_thought_operator/wave.vcd,True,True,True,True,True,True,True,False,True,,0.0,0.0,0.0,0.0,1.0,8.0,0.0,1.791759469228055,1.0,2.0794415416798357,7.0,0.0,0.0,1.0,0.0,0.8571428571428571,0.0,1.0,0.0,7.0,6.0,11.0,3.3927474104487847,2.0,3.0,2.0,1.1818181818181819,11.0,11.0,0.0,0.18350341907227383,0.8930011032014432,1.9459101490553132,1.3862943611198906,2.4849066497880004,2.0794415416798357,4.0,4.0,0.0,7.0,0.0,0.0,6.0,7.0,0.0,0.0,0.0,0.4375,0.0,0.0,0.0,0.0,0.5634375078413829,0.43217509725211106,0.4617849058261453,7.0,2.6481108831349327,0.8850000313655317,4.0,0.75,3.0,0.0,185.0,0.0,0.0,0.0,8.0,8.0,0.36363636363636365,0.5454545454545454,0.09090909090909091,0.0,0.36363636363636365,0.2727272727272727,0.2727272727272727,0.09090909090909091,0.09090909090909091,0.09090909090909091,0.45454545454545453,0.36363636363636365,0.054755351295317015,0.0,0.0,0.2857142857142857,0.0,7.0,0.0,1.0,0.0,0.9957274520849255,14.9,5.0,4.0,1.0,1.2,1.9459101490553132
fused_rtl_state_pipeline_qd,VerilogEval-Spec-to-RTL,Prob135_m2014_q6b,combinational,revolution_qd,grid_quantile,fused_rtl_state_pipeline_2d,1,True,generation_log,bdc3a1e4-0ad1-491e-ad8d-20bed9d0a52f,single_thought_operator,0.19614349775784753,0.19614349775784753,0.19614349775784753,success_pool,whole,warmup_buffered,False,False,warmup:9,False,7.0,2.58e-06,0.0,0.0,0.0,-0.4,0.9884304932735426,0.0,,/workspace/exp/useful_bd_push/t63_fused_rtl_native_20260623_133903_UTC/hard_tuning/fused_rtl_state_pipeline_qd/seed_1001/openai_gpt-oss-120b/VerilogEval-Spec-to-RTL/Prob135_m2014_q6b/Gen1/Prob135_m2014_q6b_sample7_single_thought_operator,/workspace/exp/useful_bd_push/t63_fused_rtl_native_20260623_133903_UTC/hard_tuning/fused_rtl_state_pipeline_qd/seed_1001/openai_gpt-oss-120b/VerilogEval-Spec-to-RTL/Prob135_m2014_q6b/Gen1/Prob135_m2014_q6b_sample7_single_thought_operator/code.sv,/workspace/exp/useful_bd_push/t63_fused_rtl_native_20260623_133903_UTC/hard_tuning/fused_rtl_state_pipeline_qd/seed_1001/openai_gpt-oss-120b/VerilogEval-Spec-to-RTL/Prob135_m2014_q6b/Gen1/Prob135_m2014_q6b_sample7_single_thought_operator/code_synthesis_report.metrics.json,/workspace/exp/useful_bd_push/t63_fused_rtl_native_20260623_133903_UTC/hard_tuning/fused_rtl_state_pipeline_qd/seed_1001/openai_gpt-oss-120b/VerilogEval-Spec-to-RTL/Prob135_m2014_q6b/Gen1/Prob135_m2014_q6b_sample7_single_thought_operator/qd_archive_event.json,/workspace/exp/useful_bd_push/t63_fused_rtl_native_20260623_133903_UTC/hard_tuning/fused_rtl_state_pipeline_qd/seed_1001/openai_gpt-oss-120b/VerilogEval-Spec-to-RTL/Prob135_m2014_q6b/Gen1/Prob135_m2014_q6b_sample7_single_thought_operator/wave.vcd,True,True,True,True,True,True,True,False,True,,0.0,0.0,0.0,0.0,1.0,8.0,0.0,1.791759469228055,1.0,2.0794415416798357,7.0,0.0,0.0,1.0,0.0,0.8571428571428571,0.0,0.0,0.0,7.0,6.0,11.0,3.3927474104487847,2.0,3.0,2.0,1.1818181818181819,11.0,11.0,0.0,0.18350341907227383,0.8930011032014432,1.9459101490553132,1.3862943611198906,2.4849066497880004,2.0794415416798357,4.0,4.0,0.0,7.0,0.0,0.0,6.0,7.0,0.0,0.0,0.0,0.4375,0.0,0.0,0.0,0.0,0.5634375078413829,0.43217509725211106,0.4617849058261453,7.0,2.6481108831349327,0.8850000313655317,4.0,0.75,3.0,0.0,155.0,0.0,0.0,0.0,9.0,7.0,0.36363636363636365,0.5454545454545454,0.09090909090909091,0.0,0.36363636363636365,0.2727272727272727,0.2727272727272727,0.09090909090909091,0.09090909090909091,0.09090909090909091,0.45454545454545453,0.36363636363636365,0.054755351295317015,0.0,0.0,0.2857142857142857,0.0,7.0,0.0,1.0,0.0,0.9957274520849255,14.9,5.0,4.0,1.0,1.2,1.9459101490553132
fused_rtl_state_pipeline_qd,VerilogEval-Spec-to-RTL,Prob135_m2014_q6b,combinational,revolution_qd,grid_quantile,fused_rtl_state_pipeline_2d,1,True,generation_log,e908da06-907d-48f9-9fcb-3cf8a01292ae,single_thought_operator,0.19614349775784753,0.19614349775784753,0.19614349775784753,success_pool,whole,warmup_buffered,False,False,warmup:10,False,7.0,2.58e-06,0.0,0.0,0.0,-0.4,0.9884304932735426,0.0,,/workspace/exp/useful_bd_push/t63_fused_rtl_native_20260623_133903_UTC/hard_tuning/fused_rtl_state_pipeline_qd/seed_1001/openai_gpt-oss-120b/VerilogEval-Spec-to-RTL/Prob135_m2014_q6b/Gen1/Prob135_m2014_q6b_sample9_single_thought_operator,/workspace/exp/useful_bd_push/t63_fused_rtl_native_20260623_133903_UTC/hard_tuning/fused_rtl_state_pipeline_qd/seed_1001/openai_gpt-oss-120b/VerilogEval-Spec-to-RTL/Prob135_m2014_q6b/Gen1/Prob135_m2014_q6b_sample9_single_thought_operator/code.sv,/workspace/exp/useful_bd_push/t63_fused_rtl_native_20260623_133903_UTC/hard_tuning/fused_rtl_state_pipeline_qd/seed_1001/openai_gpt-oss-120b/VerilogEval-Spec-to-RTL/Prob135_m2014_q6b/Gen1/Prob135_m2014_q6b_sample9_single_thought_operator/code_synthesis_report.metrics.json,/workspace/exp/useful_bd_push/t63_fused_rtl_native_20260623_133903_UTC/hard_tuning/fused_rtl_state_pipeline_qd/seed_1001/openai_gpt-oss-120b/VerilogEval-Spec-to-RTL/Prob135_m2014_q6b/Gen1/Prob135_m2014_q6b_sample9_single_thought_operator/qd_archive_event.json,/workspace/exp/useful_bd_push/t63_fused_rtl_native_20260623_133903_UTC/hard_tuning/fused_rtl_state_pipeline_qd/seed_1001/openai_gpt-oss-120b/VerilogEval-Spec-to-RTL/Prob135_m2014_q6b/Gen1/Prob135_m2014_q6b_sample9_single_thought_operator/wave.vcd,True,True,True,True,True,True,True,False,True,,0.0,0.0,0.0,0.0,1.0,6.0,0.0,1.791759469228055,1.0,2.0794415416798357,7.0,0.0,0.0,1.0,0.0,0.8571428571428571,0.0,2.0,0.0,7.0,6.0,11.0,3.3927474104487847,2.0,3.0,2.0,1.1818181818181819,11.0,11.0,0.0,0.18350341907227383,0.8930011032014432,1.9459101490553132,1.3862943611198906,2.4849066497880004,2.0794415416798357,4.0,4.0,0.0,7.0,0.0,0.0,4.0,7.0,0.0,0.0,0.0,0.4375,0.0,0.0,0.0,0.0,0.5634375078413829,0.43217509725211106,0.4617849058261453,7.0,2.6481108831349327,0.8850000313655317,4.0,0.75,3.0,0.0,262.0,0.0,0.0,0.0,13.0,12.0,0.36363636363636365,0.5454545454545454,0.09090909090909091,0.0,0.36363636363636365,0.2727272727272727,0.2727272727272727,0.09090909090909091,0.09090909090909091,0.09090909090909091,0.45454545454545453,0.36363636363636365,0.054755351295317015,0.0,0.0,0.2857142857142857,0.0,7.0,0.0,1.0,0.0,0.9456603046006401,14.6,5.0,7.0,1.0,1.2,1.9459101490553132
fused_rtl_state_pipeline_qd,VerilogEval-Spec-to-RTL,Prob135_m2014_q6b,combinational,revolution_qd,grid_quantile,fused_rtl_state_pipeline_2d,1,True,generation_log,145a4927-49f1-4592-8981-cc5adc0b7362,single_thought_operator,0.19614349775784753,0.19614349775784753,0.19614349775784753,success_pool,whole,warmup_buffered,False,False,warmup:11,False,7.0,2.58e-06,0.0,0.0,0.0,-0.4,0.9884304932735426,0.0,,/workspace/exp/useful_bd_push/t63_fused_rtl_native_20260623_133903_UTC/hard_tuning/fused_rtl_state_pipeline_qd/seed_1001/openai_gpt-oss-120b/VerilogEval-Spec-to-RTL/Prob135_m2014_q6b/Gen1/Prob135_m2014_q6b_sample10_single_thought_operator,/workspace/exp/useful_bd_push/t63_fused_rtl_native_20260623_133903_UTC/hard_tuning/fused_rtl_state_pipeline_qd/seed_1001/openai_gpt-oss-120b/VerilogEval-Spec-to-RTL/Prob135_m2014_q6b/Gen1/Prob135_m2014_q6b_sample10_single_thought_operator/code.sv,/workspace/exp/useful_bd_push/t63_fused_rtl_native_20260623_133903_UTC/hard_tuning/fused_rtl_state_pipeline_qd/seed_1001/openai_gpt-oss-120b/VerilogEval-Spec-to-RTL/Prob135_m2014_q6b/Gen1/Prob135_m2014_q6b_sample10_single_thought_operator/code_synthesis_report.metrics.json,/workspace/exp/useful_bd_push/t63_fused_rtl_native_20260623_133903_UTC/hard_tuning/fused_rtl_state_pipeline_qd/seed_1001/openai_gpt-oss-120b/VerilogEval-Spec-to-RTL/Prob135_m2014_q6b/Gen1/Prob135_m2014_q6b_sample10_single_thought_operator/qd_archive_event.json,/workspace/exp/useful_bd_push/t63_fused_rtl_native_20260623_133903_UTC/hard_tuning/fused_rtl_state_pipeline_qd/seed_1001/openai_gpt-oss-120b/VerilogEval-Spec-to-RTL/Prob135_m2014_q6b/Gen1/Prob135_m2014_q6b_sample10_single_thought_operator/wave.vcd,True,True,True,True,True,True,True,False,True,,0.0,0.0,0.0,0.0,1.0,8.0,0.0,1.791759469228055,1.0,2.0794415416798357,7.0,0.0,0.0,1.0,0.0,0.8571428571428571,0.0,1.0,0.0,7.0,6.0,11.0,3.3927474104487847,2.0,3.0,2.0,1.1818181818181819,11.0,11.0,0.0,0.18350341907227383,0.8930011032014432,1.9459101490553132,1.3862943611198906,2.4849066497880004,2.0794415416798357,4.0,4.0,0.0,7.0,0.0,0.0,6.0,7.0,0.0,0.0,0.0,0.4375,0.0,0.0,0.0,0.0,0.5634375078413829,0.43217509725211106,0.4617849058261453,7.0,2.6481108831349327,0.8850000313655317,4.0,0.75,3.0,0.0,185.0,0.0,0.0,0.0,8.0,8.0,0.36363636363636365,0.5454545454545454,0.09090909090909091,0.0,0.36363636363636365,0.2727272727272727,0.2727272727272727,0.09090909090909091,0.09090909090909091,0.09090909090909091,0.45454545454545453,0.36363636363636365,0.054755351295317015,0.0,0.0,0.2857142857142857,0.0,7.0,0.0,1.0,0.0,0.9957274520849255,14.9,5.0,4.0,1.0,1.2,1.9459101490553132
fused_rtl_state_pipeline_qd,VerilogEval-Spec-to-RTL,Prob135_m2014_q6b,combinational,revolution_qd,grid_quantile,fused_rtl_state_pipeline_2d,1,True,generation_log,a470fce7-a9a0-4e41-9a86-e71725b44233,single_thought_operator,0.19614349775784753,0.19614349775784753,0.19614349775784753,success_pool,whole,warmup_buffered,False,False,warmup:12,False,7.0,2.58e-06,0.0,0.0,0.0,-0.4,0.9884304932735426,0.0,,/workspace/exp/useful_bd_push/t63_fused_rtl_native_20260623_133903_UTC/hard_tuning/fused_rtl_state_pipeline_qd/seed_1001/openai_gpt-oss-120b/VerilogEval-Spec-to-RTL/Prob135_m2014_q6b/Gen1/Prob135_m2014_q6b_sample11_single_thought_operator,/workspace/exp/useful_bd_push/t63_fused_rtl_native_20260623_133903_UTC/hard_tuning/fused_rtl_state_pipeline_qd/seed_1001/openai_gpt-oss-120b/VerilogEval-Spec-to-RTL/Prob135_m2014_q6b/Gen1/Prob135_m2014_q6b_sample11_single_thought_operator/code.sv,/workspace/exp/useful_bd_push/t63_fused_rtl_native_20260623_133903_UTC/hard_tuning/fused_rtl_state_pipeline_qd/seed_1001/openai_gpt-oss-120b/VerilogEval-Spec-to-RTL/Prob135_m2014_q6b/Gen1/Prob135_m2014_q6b_sample11_single_thought_operator/code_synthesis_report.metrics.json,/workspace/exp/useful_bd_push/t63_fused_rtl_native_20260623_133903_UTC/hard_tuning/fused_rtl_state_pipeline_qd/seed_1001/openai_gpt-oss-120b/VerilogEval-Spec-to-RTL/Prob135_m2014_q6b/Gen1/Prob135_m2014_q6b_sample11_single_thought_operator/qd_archive_event.json,/workspace/exp/useful_bd_push/t63_fused_rtl_native_20260623_133903_UTC/hard_tuning/fused_rtl_state_pipeline_qd/seed_1001/openai_gpt-oss-120b/VerilogEval-Spec-to-RTL/Prob135_m2014_q6b/Gen1/Prob135_m2014_q6b_sample11_single_thought_operator/wave.vcd,True,True,True,True,True,True,True,False,True,,0.0,0.0,0.0,0.0,1.0,8.0,0.0,1.791759469228055,1.0,2.0794415416798357,7.0,0.0,0.0,1.0,0.0,0.8571428571428571,0.0,0.0,0.0,7.0,6.0,11.0,3.3927474104487847,2.0,3.0,2.0,1.1818181818181819,11.0,11.0,0.0,0.18350341907227383,0.8930011032014432,1.9459101490553132,1.3862943611198906,2.4849066497880004,2.0794415416798357,4.0,4.0,0.0,7.0,0.0,0.0,6.0,7.0,0.0,0.0,0.0,0.4375,0.0,0.0,0.0,0.0,0.5634375078413829,0.43217509725211106,0.4617849058261453,7.0,2.6481108831349327,0.8850000313655317,4.0,0.75,3.0,0.0,124.0,0.0,0.0,0.0,3.0,3.0,0.36363636363636365,0.5454545454545454,0.09090909090909091,0.0,0.36363636363636365,0.2727272727272727,0.2727272727272727,0.09090909090909091,0.09090909090909091,0.09090909090909091,0.45454545454545453,0.36363636363636365,0.054755351295317015,0.0,0.0,0.2857142857142857,0.0,7.0,0.0,1.0,0.0,0.9957274520849255,14.9,5.0,4.0,1.0,1.2,1.9459101490553132
fused_rtl_state_pipeline_qd,VerilogEval-Spec-to-RTL,Prob135_m2014_q6b,combinational,revolution_qd,grid_quantile,fused_rtl_state_pipeline_2d,2,True,generation_log,ddfe1c2c-cbf2-4b9b-bdbc-02cf73e59c02,single_thought_operator,0.19614349775784753,0.19614349775784753,0.19614349775784753,fail_pool,whole,warmup_buffered,False,False,warmup:13,False,7.0,2.58e-06,0.0,0.0,0.0,-0.4,0.9884304932735426,0.0,,/workspace/exp/useful_bd_push/t63_fused_rtl_native_20260623_133903_UTC/hard_tuning/fused_rtl_state_pipeline_qd/seed_1001/openai_gpt-oss-120b/VerilogEval-Spec-to-RTL/Prob135_m2014_q6b/Gen2/Prob135_m2014_q6b_sample1_single_thought_operator,/workspace/exp/useful_bd_push/t63_fused_rtl_native_20260623_133903_UTC/hard_tuning/fused_rtl_state_pipeline_qd/seed_1001/openai_gpt-oss-120b/VerilogEval-Spec-to-RTL/Prob135_m2014_q6b/Gen2/Prob135_m2014_q6b_sample1_single_thought_operator/code.sv,/workspace/exp/useful_bd_push/t63_fused_rtl_native_20260623_133903_UTC/hard_tuning/fused_rtl_state_pipeline_qd/seed_1001/openai_gpt-oss-120b/VerilogEval-Spec-to-RTL/Prob135_m2014_q6b/Gen2/Prob135_m2014_q6b_sample1_single_thought_operator/code_synthesis_report.metrics.json,/workspace/exp/useful_bd_push/t63_fused_rtl_native_20260623_133903_UTC/hard_tuning/fused_rtl_state_pipeline_qd/seed_1001/openai_gpt-oss-120b/VerilogEval-Spec-to-RTL/Prob135_m2014_q6b/Gen2/Prob135_m2014_q6b_sample1_single_thought_operator/qd_archive_event.json,/workspace/exp/useful_bd_push/t63_fused_rtl_native_20260623_133903_UTC/hard_tuning/fused_rtl_state_pipeline_qd/seed_1001/openai_gpt-oss-120b/VerilogEval-Spec-to-RTL/Prob135_m2014_q6b/Gen2/Prob135_m2014_q6b_sample1_single_thought_operator/wave.vcd,True,True,True,True,True,True,True,False,True,,0.0,0.0,0.0,0.0,1.0,8.0,0.0,1.791759469228055,1.0,2.0794415416798357,7.0,0.0,0.0,1.0,0.0,0.8571428571428571,0.0,2.0,0.0,7.0,6.0,11.0,3.3927474104487847,2.0,3.0,2.0,1.1818181818181819,11.0,11.0,0.0,0.18350341907227383,0.8930011032014432,1.9459101490553132,1.3862943611198906,2.4849066497880004,2.0794415416798357,4.0,4.0,0.0,7.0,0.0,0.0,6.0,7.0,0.0,0.0,0.0,0.4375,0.0,0.0,0.0,0.0,0.5634375078413829,0.43217509725211106,0.4617849058261453,7.0,2.6481108831349327,0.8850000313655317,4.0,0.75,3.0,0.0,487.0,0.0,0.0,0.0,14.0,14.0,0.36363636363636365,0.5454545454545454,0.09090909090909091,0.0,0.36363636363636365,0.2727272727272727,0.2727272727272727,0.09090909090909091,0.09090909090909091,0.09090909090909091,0.45454545454545453,0.36363636363636365,0.054755351295317015,0.0,0.0,0.2857142857142857,0.0,7.0,0.0,1.0,0.0,0.9957274520849255,14.9,5.0,4.0,1.0,1.2,1.9459101490553132
fused_rtl_state_pipeline_qd,VerilogEval-Spec-to-RTL,Prob135_m2014_q6b,combinational,revolution_qd,grid_quantile,fused_rtl_state_pipeline_2d,2,True,generation_log,480dd26e-927b-46d6-9793-e429cd52bb03,single_thought_operator,0.19614349775784753,0.19614349775784753,0.19614349775784753,success_pool,whole,warmup_buffered,False,False,warmup:14,False,7.0,2.58e-06,0.0,0.0,0.0,-0.4,0.9884304932735426,0.0,,/workspace/exp/useful_bd_push/t63_fused_rtl_native_20260623_133903_UTC/hard_tuning/fused_rtl_state_pipeline_qd/seed_1001/openai_gpt-oss-120b/VerilogEval-Spec-to-RTL/Prob135_m2014_q6b/Gen2/Prob135_m2014_q6b_sample7_single_thought_operator,/workspace/exp/useful_bd_push/t63_fused_rtl_native_20260623_133903_UTC/hard_tuning/fused_rtl_state_pipeline_qd/seed_1001/openai_gpt-oss-120b/VerilogEval-Spec-to-RTL/Prob135_m2014_q6b/Gen2/Prob135_m2014_q6b_sample7_single_thought_operator/code.sv,/workspace/exp/useful_bd_push/t63_fused_rtl_native_20260623_133903_UTC/hard_tuning/fused_rtl_state_pipeline_qd/seed_1001/openai_gpt-oss-120b/VerilogEval-Spec-to-RTL/Prob135_m2014_q6b/Gen2/Prob135_m2014_q6b_sample7_single_thought_operator/code_synthesis_report.metrics.json,/workspace/exp/useful_bd_push/t63_fused_rtl_native_20260623_133903_UTC/hard_tuning/fused_rtl_state_pipeline_qd/seed_1001/openai_gpt-oss-120b/VerilogEval-Spec-to-RTL/Prob135_m2014_q6b/Gen2/Prob135_m2014_q6b_sample7_single_thought_operator/qd_archive_event.json,/workspace/exp/useful_bd_push/t63_fused_rtl_native_20260623_133903_UTC/hard_tuning/fused_rtl_state_pipeline_qd/seed_1001/openai_gpt-oss-120b/VerilogEval-Spec-to-RTL/Prob135_m2014_q6b/Gen2/Prob135_m2014_q6b_sample7_single_thought_operator/wave.vcd,True,True,True,True,True,True,True,False,True,,0.0,0.0,0.0,0.0,1.0,8.0,0.0,1.791759469228055,1.0,2.0794415416798357,7.0,0.0,0.0,1.0,0.0,0.8571428571428571,0.0,1.0,0.0,7.0,6.0,11.0,3.3927474104487847,2.0,3.0,2.0,1.1818181818181819,11.0,11.0,0.0,0.18350341907227383,0.8930011032014432,1.9459101490553132,1.3862943611198906,2.4849066497880004,2.0794415416798357,4.0,4.0,0.0,7.0,0.0,0.0,6.0,7.0,0.0,0.0,0.0,0.4375,0.0,0.0,0.0,0.0,0.5634375078413829,0.43217509725211106,0.4617849058261453,7.0,2.6481108831349327,0.8850000313655317,4.0,0.75,3.0,0.0,203.0,0.0,0.0,0.0,8.0,8.0,0.36363636363636365,0.5454545454545454,0.09090909090909091,0.0,0.36363636363636365,0.2727272727272727,0.2727272727272727,0.09090909090909091,0.09090909090909091,0.09090909090909091,0.45454545454545453,0.36363636363636365,0.054755351295317015,0.0,0.0,0.2857142857142857,0.0,7.0,0.0,1.0,0.0,0.9957274520849255,14.9,5.0,4.0,1.0,1.2,1.9459101490553132
fused_rtl_state_pipeline_qd,VerilogEval-Spec-to-RTL,Prob135_m2014_q6b,combinational,revolution_qd,grid_quantile,fused_rtl_state_pipeline_2d,2,True,generation_log,f9f7bd98-49ac-42de-981c-a8cce824f3dd,single_thought_operator,0.1274289985052317,0.1274289985052317,0.1274289985052317,success_pool,whole,warmup_buffered,False,False,warmup:15,False,8.0,3.95e-06,0.0,0.0,0.0,-0.6,0.9822869955156951,0.0,,/workspace/exp/useful_bd_push/t63_fused_rtl_native_20260623_133903_UTC/hard_tuning/fused_rtl_state_pipeline_qd/seed_1001/openai_gpt-oss-120b/VerilogEval-Spec-to-RTL/Prob135_m2014_q6b/Gen2/Prob135_m2014_q6b_sample8_single_thought_operator,/workspace/exp/useful_bd_push/t63_fused_rtl_native_20260623_133903_UTC/hard_tuning/fused_rtl_state_pipeline_qd/seed_1001/openai_gpt-oss-120b/VerilogEval-Spec-to-RTL/Prob135_m2014_q6b/Gen2/Prob135_m2014_q6b_sample8_single_thought_operator/code.sv,/workspace/exp/useful_bd_push/t63_fused_rtl_native_20260623_133903_UTC/hard_tuning/fused_rtl_state_pipeline_qd/seed_1001/openai_gpt-oss-120b/VerilogEval-Spec-to-RTL/Prob135_m2014_q6b/Gen2/Prob135_m2014_q6b_sample8_single_thought_operator/code_synthesis_report.metrics.json,/workspace/exp/useful_bd_push/t63_fused_rtl_native_20260623_133903_UTC/hard_tuning/fused_rtl_state_pipeline_qd/seed_1001/openai_gpt-oss-120b/VerilogEval-Spec-to-RTL/Prob135_m2014_q6b/Gen2/Prob135_m2014_q6b_sample8_single_thought_operator/qd_archive_event.json,/workspace/exp/useful_bd_push/t63_fused_rtl_native_20260623_133903_UTC/hard_tuning/fused_rtl_state_pipeline_qd/seed_1001/openai_gpt-oss-120b/VerilogEval-Spec-to-RTL/Prob135_m2014_q6b/Gen2/Prob135_m2014_q6b_sample8_single_thought_operator/wave.vcd,True,True,True,True,True,True,True,False,True,,0.16666666666666666,0.0,0.0,1.0,1.0,9.0,0.0,1.9459101490553132,1.0,2.5649493574615367,12.0,0.0,0.0,1.0,0.0,1.0,0.0,0.0,0.0,12.0,12.0,16.0,3.879664004902592,3.0,4.0,3.0,1.375,16.0,16.0,0.0,0.10652286062919768,0.9166290725726464,2.5649493574615367,1.6094379124341003,2.833213344056216,2.5649493574615367,5.0,5.0,0.0,13.0,0.0,0.0,8.0,13.0,0.0,2.0,0.3333333333333333,0.46153846153846156,0.0,0.08333333333333333,1.0,0.0,0.6956572656045255,0.45310335929368345,0.46737601116020594,12.0,2.761800304193188,0.9942957290847687,5.0,0.8,4.0,0.0,247.0,0.0,0.0,0.0,10.0,10.0,0.25,0.625,0.0625,0.0625,0.25,0.3125,0.3125,0.125,0.0625,0.0,0.0625,0.875,0.056190302493621495,0.0,0.0,0.25,0.0,12.0,0.0,1.0,0.0,0.9587118829771318,27.2,6.0,4.0,1.0,1.3333333333333333,2.1972245773362196
fused_rtl_state_pipeline_qd,VerilogEval-Spec-to-RTL,Prob135_m2014_q6b,combinational,revolution_qd,grid_quantile,fused_rtl_state_pipeline_2d,2,True,generation_log,35d7ec48-5e54-4500-a0d9-b2e19d2b0082,single_thought_operator,0.19614349775784753,0.19614349775784753,0.19614349775784753,success_pool,whole,warmup_buffered,False,False,warmup:16,False,7.0,2.58e-06,0.0,0.0,0.0,-0.4,0.9884304932735426,0.0,,/workspace/exp/useful_bd_push/t63_fused_rtl_native_20260623_133903_UTC/hard_tuning/fused_rtl_state_pipeline_qd/seed_1001/openai_gpt-oss-120b/VerilogEval-Spec-to-RTL/Prob135_m2014_q6b/Gen2/Prob135_m2014_q6b_sample9_single_thought_operator,/workspace/exp/useful_bd_push/t63_fused_rtl_native_20260623_133903_UTC/hard_tuning/fused_rtl_state_pipeline_qd/seed_1001/openai_gpt-oss-120b/VerilogEval-Spec-to-RTL/Prob135_m2014_q6b/Gen2/Prob135_m2014_q6b_sample9_single_thought_operator/code.sv,/workspace/exp/useful_bd_push/t63_fused_rtl_native_20260623_133903_UTC/hard_tuning/fused_rtl_state_pipeline_qd/seed_1001/openai_gpt-oss-120b/VerilogEval-Spec-to-RTL/Prob135_m2014_q6b/Gen2/Prob135_m2014_q6b_sample9_single_thought_operator/code_synthesis_report.metrics.json,/workspace/exp/useful_bd_push/t63_fused_rtl_native_20260623_133903_UTC/hard_tuning/fused_rtl_state_pipeline_qd/seed_1001/openai_gpt-oss-120b/VerilogEval-Spec-to-RTL/Prob135_m2014_q6b/Gen2/Prob135_m2014_q6b_sample9_single_thought_operator/qd_archive_event.json,/workspace/exp/useful_bd_push/t63_fused_rtl_native_20260623_133903_UTC/hard_tuning/fused_rtl_state_pipeline_qd/seed_1001/openai_gpt-oss-120b/VerilogEval-Spec-to-RTL/Prob135_m2014_q6b/Gen2/Prob135_m2014_q6b_sample9_single_thought_operator/wave.vcd,True,True,True,True,True,True,True,False,True,,0.0,0.0,0.0,0.0,1.0,8.0,0.0,1.791759469228055,1.0,2.0794415416798357,7.0,0.0,0.0,1.0,0.0,0.8571428571428571,0.0,0.0,0.0,7.0,6.0,11.0,3.3927474104487847,2.0,3.0,2.0,1.1818181818181819,11.0,11.0,0.0,0.18350341907227383,0.8930011032014432,1.9459101490553132,1.3862943611198906,2.4849066497880004,2.0794415416798357,4.0,4.0,0.0,7.0,0.0,0.0,6.0,7.0,0.0,0.0,0.0,0.4375,0.0,0.0,0.0,0.0,0.5634375078413829,0.43217509725211106,0.4617849058261453,7.0,2.6481108831349327,0.8850000313655317,4.0,0.75,3.0,0.0,206.0,0.0,0.0,0.0,8.0,8.0,0.36363636363636365,0.5454545454545454,0.09090909090909091,0.0,0.36363636363636365,0.2727272727272727,0.2727272727272727,0.09090909090909091,0.09090909090909091,0.09090909090909091,0.45454545454545453,0.36363636363636365,0.054755351295317015,0.0,0.0,0.2857142857142857,0.0,7.0,0.0,1.0,0.0,0.9957274520849255,14.9,5.0,4.0,1.0,1.2,1.9459101490553132
fused_rtl_state_pipeline_qd,VerilogEval-Spec-to-RTL,Prob135_m2014_q6b,combinational,revolution_qd,grid_quantile,fused_rtl_state_pipeline_2d,2,True,generation_log,34a50c36-e8cc-42ec-9104-471c350742fe,single_thought_operator,0.19614349775784753,0.19614349775784753,0.19614349775784753,success_pool,whole,warmup_buffered,False,False,warmup:17,False,7.0,2.58e-06,0.0,0.0,0.0,-0.4,0.9884304932735426,0.0,,/workspace/exp/useful_bd_push/t63_fused_rtl_native_20260623_133903_UTC/hard_tuning/fused_rtl_state_pipeline_qd/seed_1001/openai_gpt-oss-120b/VerilogEval-Spec-to-RTL/Prob135_m2014_q6b/Gen2/Prob135_m2014_q6b_sample11_single_thought_operator,/workspace/exp/useful_bd_push/t63_fused_rtl_native_20260623_133903_UTC/hard_tuning/fused_rtl_state_pipeline_qd/seed_1001/openai_gpt-oss-120b/VerilogEval-Spec-to-RTL/Prob135_m2014_q6b/Gen2/Prob135_m2014_q6b_sample11_single_thought_operator/code.sv,/workspace/exp/useful_bd_push/t63_fused_rtl_native_20260623_133903_UTC/hard_tuning/fused_rtl_state_pipeline_qd/seed_1001/openai_gpt-oss-120b/VerilogEval-Spec-to-RTL/Prob135_m2014_q6b/Gen2/Prob135_m2014_q6b_sample11_single_thought_operator/code_synthesis_report.metrics.json,/workspace/exp/useful_bd_push/t63_fused_rtl_native_20260623_133903_UTC/hard_tuning/fused_rtl_state_pipeline_qd/seed_1001/openai_gpt-oss-120b/VerilogEval-Spec-to-RTL/Prob135_m2014_q6b/Gen2/Prob135_m2014_q6b_sample11_single_thought_operator/qd_archive_event.json,/workspace/exp/useful_bd_push/t63_fused_rtl_native_20260623_133903_UTC/hard_tuning/fused_rtl_state_pipeline_qd/seed_1001/openai_gpt-oss-120b/VerilogEval-Spec-to-RTL/Prob135_m2014_q6b/Gen2/Prob135_m2014_q6b_sample11_single_thought_operator/wave.vcd,True,True,True,True,True,True,True,False,True,,0.0,0.0,0.0,0.0,2.0,8.0,0.0,1.791759469228055,1.0,2.0794415416798357,7.0,0.0,0.0,1.0,0.0,0.8571428571428571,0.0,0.0,0.0,7.0,6.0,11.0,3.3927474104487847,2.0,3.0,2.0,1.1818181818181819,11.0,11.0,0.0,0.18350341907227383,0.8930011032014432,1.9459101490553132,1.3862943611198906,2.4849066497880004,2.0794415416798357,4.0,4.0,0.0,7.0,0.0,0.0,6.0,7.0,0.0,0.0,0.0,0.4375,0.0,0.0,0.0,0.0,0.5634375078413829,0.43217509725211106,0.4617849058261453,7.0,2.6481108831349327,0.8850000313655317,4.0,0.75,3.0,0.0,245.0,0.0,0.0,0.0,10.0,10.0,0.36363636363636365,0.5454545454545454,0.09090909090909091,0.0,0.36363636363636365,0.2727272727272727,0.2727272727272727,0.09090909090909091,0.09090909090909091,0.09090909090909091,0.45454545454545453,0.36363636363636365,0.054755351295317015,0.0,0.0,0.2857142857142857,0.0,7.0,0.0,1.0,0.0,0.9957274520849255,14.9,5.0,5.0,1.0,1.2,1.9459101490553132
fused_rtl_state_pipeline_qd,VerilogEval-Spec-to-RTL,Prob135_m2014_q6b,combinational,revolution_qd,grid_quantile,fused_rtl_state_pipeline_2d,2,True,generation_log,0b3390d9-b8dc-4c21-8cb8-9ebddfd15091,single_thought_operator,0.26278026905829593,0.26278026905829593,0.26278026905829593,success_pool,whole,warmup_buffered,False,False,warmup:18,False,6.0,2.6e-06,0.0,0.0,0.0,-0.2,0.9883408071748878,0.0,,/workspace/exp/useful_bd_push/t63_fused_rtl_native_20260623_133903_UTC/hard_tuning/fused_rtl_state_pipeline_qd/seed_1001/openai_gpt-oss-120b/VerilogEval-Spec-to-RTL/Prob135_m2014_q6b/Gen2/Prob135_m2014_q6b_sample12_single_thought_operator,/workspace/exp/useful_bd_push/t63_fused_rtl_native_20260623_133903_UTC/hard_tuning/fused_rtl_state_pipeline_qd/seed_1001/openai_gpt-oss-120b/VerilogEval-Spec-to-RTL/Prob135_m2014_q6b/Gen2/Prob135_m2014_q6b_sample12_single_thought_operator/code.sv,/workspace/exp/useful_bd_push/t63_fused_rtl_native_20260623_133903_UTC/hard_tuning/fused_rtl_state_pipeline_qd/seed_1001/openai_gpt-oss-120b/VerilogEval-Spec-to-RTL/Prob135_m2014_q6b/Gen2/Prob135_m2014_q6b_sample12_single_thought_operator/code_synthesis_report.metrics.json,/workspace/exp/useful_bd_push/t63_fused_rtl_native_20260623_133903_UTC/hard_tuning/fused_rtl_state_pipeline_qd/seed_1001/openai_gpt-oss-120b/VerilogEval-Spec-to-RTL/Prob135_m2014_q6b/Gen2/Prob135_m2014_q6b_sample12_single_thought_operator/qd_archive_event.json,/workspace/exp/useful_bd_push/t63_fused_rtl_native_20260623_133903_UTC/hard_tuning/fused_rtl_state_pipeline_qd/seed_1001/openai_gpt-oss-120b/VerilogEval-Spec-to-RTL/Prob135_m2014_q6b/Gen2/Prob135_m2014_q6b_sample12_single_thought_operator/wave.vcd,True,True,True,True,True,True,True,False,True,,0.0,0.0,0.0,0.0,1.0,6.0,0.0,1.791759469228055,1.0,2.1972245773362196,8.0,0.0,0.0,1.0,0.0,0.875,0.0,2.0,0.0,8.0,7.0,12.0,3.506890595608518,2.0,3.0,1.0,1.25,12.0,12.0,0.0,0.10830772941048063,0.8980451004777833,2.0794415416798357,1.3862943611198906,2.5649493574615367,2.1972245773362196,4.0,4.0,0.0,8.0,0.0,0.0,4.0,8.0,0.0,0.0,0.0,0.4444444444444444,0.0,0.0,0.0,0.0,0.6418233743649475,0.6475979348840069,0.5947318046165511,8.0,1.9552301207451195,0.7839601641264571,4.0,1.0,4.0,0.0,396.0,0.0,0.0,0.0,14.0,13.0,0.3333333333333333,0.5,0.16666666666666666,0.0,0.3333333333333333,0.3333333333333333,0.3333333333333333,0.0,0.08333333333333333,0.16666666666666666,0.3333333333333333,0.4166666666666667,0.05822618508309365,0.0,0.0,0.25,0.0,8.0,0.0,1.0,0.0,0.9182958340544896,16.6,5.0,7.0,1.0,1.2,1.9459101490553132
fused_rtl_state_pipeline_qd,VerilogEval-Spec-to-RTL,Prob135_m2014_q6b,combinational,revolution_qd,grid_quantile,fused_rtl_state_pipeline_2d,3,True,generation_log,75e993e5-0d31-4be8-8103-0aa482076a58,single_thought_operator,0.19614349775784753,0.19614349775784753,0.19614349775784753,fail_pool,whole,warmup_buffered,False,False,warmup:19,False,7.0,2.58e-06,0.0,0.0,0.0,-0.4,0.9884304932735426,0.0,,/workspace/exp/useful_bd_push/t63_fused_rtl_native_20260623_133903_UTC/hard_tuning/fused_rtl_state_pipeline_qd/seed_1001/openai_gpt-oss-120b/VerilogEval-Spec-to-RTL/Prob135_m2014_q6b/Gen3/Prob135_m2014_q6b_sample1_single_thought_operator,/workspace/exp/useful_bd_push/t63_fused_rtl_native_20260623_133903_UTC/hard_tuning/fused_rtl_state_pipeline_qd/seed_1001/openai_gpt-oss-120b/VerilogEval-Spec-to-RTL/Prob135_m2014_q6b/Gen3/Prob135_m2014_q6b_sample1_single_thought_operator/code.sv,/workspace/exp/useful_bd_push/t63_fused_rtl_native_20260623_133903_UTC/hard_tuning/fused_rtl_state_pipeline_qd/seed_1001/openai_gpt-oss-120b/VerilogEval-Spec-to-RTL/Prob135_m2014_q6b/Gen3/Prob135_m2014_q6b_sample1_single_thought_operator/code_synthesis_report.metrics.json,/workspace/exp/useful_bd_push/t63_fused_rtl_native_20260623_133903_UTC/hard_tuning/fused_rtl_state_pipeline_qd/seed_1001/openai_gpt-oss-120b/VerilogEval-Spec-to-RTL/Prob135_m2014_q6b/Gen3/Prob135_m2014_q6b_sample1_single_thought_operator/qd_archive_event.json,/workspace/exp/useful_bd_push/t63_fused_rtl_native_20260623_133903_UTC/hard_tuning/fused_rtl_state_pipeline_qd/seed_1001/openai_gpt-oss-120b/VerilogEval-Spec-to-RTL/Prob135_m2014_q6b/Gen3/Prob135_m2014_q6b_sample1_single_thought_operator/wave.vcd,True,True,True,True,True,True,True,False,True,,0.0,0.0,0.0,0.0,2.0,8.0,0.0,1.791759469228055,1.0,2.0794415416798357,7.0,0.0,0.0,1.0,0.0,0.8571428571428571,0.0,0.0,0.0,7.0,6.0,11.0,3.3927474104487847,2.0,3.0,2.0,1.1818181818181819,11.0,11.0,0.0,0.18350341907227383,0.8930011032014432,1.9459101490553132,1.3862943611198906,2.4849066497880004,2.0794415416798357,4.0,4.0,0.0,7.0,0.0,0.0,6.0,7.0,0.0,0.0,0.0,0.4375,0.0,0.0,0.0,0.0,0.5634375078413829,0.43217509725211106,0.4617849058261453,7.0,2.6481108831349327,0.8850000313655317,4.0,0.75,3.0,0.0,148.0,0.0,0.0,0.0,5.0,5.0,0.36363636363636365,0.5454545454545454,0.09090909090909091,0.0,0.36363636363636365,0.2727272727272727,0.2727272727272727,0.09090909090909091,0.09090909090909091,0.09090909090909091,0.45454545454545453,0.36363636363636365,0.054755351295317015,0.0,0.0,0.2857142857142857,0.0,7.0,0.0,1.0,0.0,0.9957274520849255,14.9,5.0,5.0,1.0,1.2,1.9459101490553132
fused_rtl_state_pipeline_qd,VerilogEval-Spec-to-RTL,Prob135_m2014_q6b,combinational,revolution_qd,grid_quantile,fused_rtl_state_pipeline_2d,3,True,generation_log,f8491d13-bc47-488a-a51e-480cda63cdff,single_thought_operator,0.19614349775784753,0.19614349775784753,0.19614349775784753,success_pool,whole,warmup_buffered,False,False,warmup:20,False,7.0,2.58e-06,0.0,0.0,0.0,-0.4,0.9884304932735426,0.0,,/workspace/exp/useful_bd_push/t63_fused_rtl_native_20260623_133903_UTC/hard_tuning/fused_rtl_state_pipeline_qd/seed_1001/openai_gpt-oss-120b/VerilogEval-Spec-to-RTL/Prob135_m2014_q6b/Gen3/Prob135_m2014_q6b_sample6_single_thought_operator,/workspace/exp/useful_bd_push/t63_fused_rtl_native_20260623_133903_UTC/hard_tuning/fused_rtl_state_pipeline_qd/seed_1001/openai_gpt-oss-120b/VerilogEval-Spec-to-RTL/Prob135_m2014_q6b/Gen3/Prob135_m2014_q6b_sample6_single_thought_operator/code.sv,/workspace/exp/useful_bd_push/t63_fused_rtl_native_20260623_133903_UTC/hard_tuning/fused_rtl_state_pipeline_qd/seed_1001/openai_gpt-oss-120b/VerilogEval-Spec-to-RTL/Prob135_m2014_q6b/Gen3/Prob135_m2014_q6b_sample6_single_thought_operator/code_synthesis_report.metrics.json,/workspace/exp/useful_bd_push/t63_fused_rtl_native_20260623_133903_UTC/hard_tuning/fused_rtl_state_pipeline_qd/seed_1001/openai_gpt-oss-120b/VerilogEval-Spec-to-RTL/Prob135_m2014_q6b/Gen3/Prob135_m2014_q6b_sample6_single_thought_operator/qd_archive_event.json,/workspace/exp/useful_bd_push/t63_fused_rtl_native_20260623_133903_UTC/hard_tuning/fused_rtl_state_pipeline_qd/seed_1001/openai_gpt-oss-120b/VerilogEval-Spec-to-RTL/Prob135_m2014_q6b/Gen3/Prob135_m2014_q6b_sample6_single_thought_operator/wave.vcd,True,True,True,True,True,True,True,False,True,,0.0,0.0,0.0,0.0,1.0,6.0,0.0,1.791759469228055,1.0,2.0794415416798357,7.0,0.0,0.0,1.0,0.0,0.8571428571428571,0.0,2.0,0.0,7.0,6.0,11.0,3.3927474104487847,2.0,3.0,2.0,1.1818181818181819,11.0,11.0,0.0,0.18350341907227383,0.8930011032014432,1.9459101490553132,1.3862943611198906,2.4849066497880004,2.0794415416798357,4.0,4.0,0.0,7.0,0.0,0.0,4.0,7.0,0.0,0.0,0.0,0.4375,0.0,0.0,0.0,0.0,0.5634375078413829,0.43217509725211106,0.4617849058261453,7.0,2.6481108831349327,0.8850000313655317,4.0,0.75,3.0,0.0,280.0,0.0,0.0,0.0,13.0,12.0,0.36363636363636365,0.5454545454545454,0.09090909090909091,0.0,0.36363636363636365,0.2727272727272727,0.2727272727272727,0.09090909090909091,0.09090909090909091,0.09090909090909091,0.45454545454545453,0.36363636363636365,0.054755351295317015,0.0,0.0,0.2857142857142857,0.0,7.0,0.0,1.0,0.0,0.9456603046006401,14.6,5.0,7.0,1.0,1.2,1.9459101490553132
fused_rtl_state_pipeline_qd,VerilogEval-Spec-to-RTL,Prob135_m2014_q6b,combinational,revolution_qd,grid_quantile,fused_rtl_state_pipeline_2d,3,True,generation_log,1603a65a-ed7d-4532-8aa4-5ec6a02771f0,single_thought_operator,0.19614349775784753,0.19614349775784753,0.19614349775784753,success_pool,whole,warmup_buffered,False,False,warmup:21,False,7.0,2.58e-06,0.0,0.0,0.0,-0.4,0.9884304932735426,0.0,,/workspace/exp/useful_bd_push/t63_fused_rtl_native_20260623_133903_UTC/hard_tuning/fused_rtl_state_pipeline_qd/seed_1001/openai_gpt-oss-120b/VerilogEval-Spec-to-RTL/Prob135_m2014_q6b/Gen3/Prob135_m2014_q6b_sample7_single_thought_operator,/workspace/exp/useful_bd_push/t63_fused_rtl_native_20260623_133903_UTC/hard_tuning/fused_rtl_state_pipeline_qd/seed_1001/openai_gpt-oss-120b/VerilogEval-Spec-to-RTL/Prob135_m2014_q6b/Gen3/Prob135_m2014_q6b_sample7_single_thought_operator/code.sv,/workspace/exp/useful_bd_push/t63_fused_rtl_native_20260623_133903_UTC/hard_tuning/fused_rtl_state_pipeline_qd/seed_1001/openai_gpt-oss-120b/VerilogEval-Spec-to-RTL/Prob135_m2014_q6b/Gen3/Prob135_m2014_q6b_sample7_single_thought_operator/code_synthesis_report.metrics.json,/workspace/exp/useful_bd_push/t63_fused_rtl_native_20260623_133903_UTC/hard_tuning/fused_rtl_state_pipeline_qd/seed_1001/openai_gpt-oss-120b/VerilogEval-Spec-to-RTL/Prob135_m2014_q6b/Gen3/Prob135_m2014_q6b_sample7_single_thought_operator/qd_archive_event.json,/workspace/exp/useful_bd_push/t63_fused_rtl_native_20260623_133903_UTC/hard_tuning/fused_rtl_state_pipeline_qd/seed_1001/openai_gpt-oss-120b/VerilogEval-Spec-to-RTL/Prob135_m2014_q6b/Gen3/Prob135_m2014_q6b_sample7_single_thought_operator/wave.vcd,True,True,True,True,True,True,True,False,True,,0.0,0.0,0.0,0.0,1.0,8.0,0.0,1.791759469228055,1.0,2.0794415416798357,7.0,0.0,0.0,1.0,0.0,0.8571428571428571,0.0,0.0,0.0,7.0,6.0,11.0,3.3927474104487847,2.0,3.0,2.0,1.1818181818181819,11.0,11.0,0.0,0.18350341907227383,0.8930011032014432,1.9459101490553132,1.3862943611198906,2.4849066497880004,2.0794415416798357,4.0,4.0,0.0,7.0,0.0,0.0,6.0,7.0,0.0,0.0,0.0,0.4375,0.0,0.0,0.0,0.0,0.5634375078413829,0.43217509725211106,0.4617849058261453,7.0,2.6481108831349327,0.8850000313655317,4.0,0.75,3.0,0.0,188.0,0.0,0.0,0.0,8.0,8.0,0.36363636363636365,0.5454545454545454,0.09090909090909091,0.0,0.36363636363636365,0.2727272727272727,0.2727272727272727,0.09090909090909091,0.09090909090909091,0.09090909090909091,0.45454545454545453,0.36363636363636365,0.054755351295317015,0.0,0.0,0.2857142857142857,0.0,7.0,0.0,1.0,0.0,0.9957274520849255,14.9,5.0,4.0,1.0,1.2,1.9459101490553132
fused_rtl_state_pipeline_qd,VerilogEval-Spec-to-RTL,Prob135_m2014_q6b,combinational,revolution_qd,grid_quantile,fused_rtl_state_pipeline_2d,3,True,generation_log,6a25f5fa-845b-4b4f-ade8-0070a0b4e3cf,single_thought_operator,0.19614349775784753,0.19614349775784753,0.19614349775784753,success_pool,whole,warmup_buffered,False,False,warmup:22,False,7.0,2.58e-06,0.0,0.0,0.0,-0.4,0.9884304932735426,0.0,,/workspace/exp/useful_bd_push/t63_fused_rtl_native_20260623_133903_UTC/hard_tuning/fused_rtl_state_pipeline_qd/seed_1001/openai_gpt-oss-120b/VerilogEval-Spec-to-RTL/Prob135_m2014_q6b/Gen3/Prob135_m2014_q6b_sample8_single_thought_operator,/workspace/exp/useful_bd_push/t63_fused_rtl_native_20260623_133903_UTC/hard_tuning/fused_rtl_state_pipeline_qd/seed_1001/openai_gpt-oss-120b/VerilogEval-Spec-to-RTL/Prob135_m2014_q6b/Gen3/Prob135_m2014_q6b_sample8_single_thought_operator/code.sv,/workspace/exp/useful_bd_push/t63_fused_rtl_native_20260623_133903_UTC/hard_tuning/fused_rtl_state_pipeline_qd/seed_1001/openai_gpt-oss-120b/VerilogEval-Spec-to-RTL/Prob135_m2014_q6b/Gen3/Prob135_m2014_q6b_sample8_single_thought_operator/code_synthesis_report.metrics.json,/workspace/exp/useful_bd_push/t63_fused_rtl_native_20260623_133903_UTC/hard_tuning/fused_rtl_state_pipeline_qd/seed_1001/openai_gpt-oss-120b/VerilogEval-Spec-to-RTL/Prob135_m2014_q6b/Gen3/Prob135_m2014_q6b_sample8_single_thought_operator/qd_archive_event.json,/workspace/exp/useful_bd_push/t63_fused_rtl_native_20260623_133903_UTC/hard_tuning/fused_rtl_state_pipeline_qd/seed_1001/openai_gpt-oss-120b/VerilogEval-Spec-to-RTL/Prob135_m2014_q6b/Gen3/Prob135_m2014_q6b_sample8_single_thought_operator/wave.vcd,True,True,True,True,True,True,True,False,True,,0.0,0.0,0.0,0.0,1.0,8.0,0.0,1.791759469228055,1.0,2.0794415416798357,7.0,0.0,0.0,1.0,0.0,0.8571428571428571,0.0,1.0,0.0,7.0,6.0,11.0,3.3927474104487847,2.0,3.0,2.0,1.1818181818181819,11.0,11.0,0.0,0.18350341907227383,0.8930011032014432,1.9459101490553132,1.3862943611198906,2.4849066497880004,2.0794415416798357,4.0,4.0,0.0,7.0,0.0,0.0,6.0,7.0,0.0,0.0,0.0,0.4375,0.0,0.0,0.0,0.0,0.5634375078413829,0.43217509725211106,0.4617849058261453,7.0,2.6481108831349327,0.8850000313655317,4.0,0.75,3.0,0.0,234.0,0.0,0.0,0.0,9.0,9.0,0.36363636363636365,0.5454545454545454,0.09090909090909091,0.0,0.36363636363636365,0.2727272727272727,0.2727272727272727,0.09090909090909091,0.09090909090909091,0.09090909090909091,0.45454545454545453,0.36363636363636365,0.054755351295317015,0.0,0.0,0.2857142857142857,0.0,7.0,0.0,1.0,0.0,0.9957274520849255,14.9,5.0,4.0,1.0,1.2,1.9459101490553132
fused_rtl_state_pipeline_qd,VerilogEval-Spec-to-RTL,Prob135_m2014_q6b,combinational,revolution_qd,grid_quantile,fused_rtl_state_pipeline_2d,3,True,generation_log,8ec45e04-fe95-4aed-8817-102b3bdff894,single_thought_operator,0.19614349775784753,0.19614349775784753,0.19614349775784753,success_pool,whole,warmup_buffered,False,False,warmup:23,False,7.0,2.58e-06,0.0,0.0,0.0,-0.4,0.9884304932735426,0.0,,/workspace/exp/useful_bd_push/t63_fused_rtl_native_20260623_133903_UTC/hard_tuning/fused_rtl_state_pipeline_qd/seed_1001/openai_gpt-oss-120b/VerilogEval-Spec-to-RTL/Prob135_m2014_q6b/Gen3/Prob135_m2014_q6b_sample9_single_thought_operator,/workspace/exp/useful_bd_push/t63_fused_rtl_native_20260623_133903_UTC/hard_tuning/fused_rtl_state_pipeline_qd/seed_1001/openai_gpt-oss-120b/VerilogEval-Spec-to-RTL/Prob135_m2014_q6b/Gen3/Prob135_m2014_q6b_sample9_single_thought_operator/code.sv,/workspace/exp/useful_bd_push/t63_fused_rtl_native_20260623_133903_UTC/hard_tuning/fused_rtl_state_pipeline_qd/seed_1001/openai_gpt-oss-120b/VerilogEval-Spec-to-RTL/Prob135_m2014_q6b/Gen3/Prob135_m2014_q6b_sample9_single_thought_operator/code_synthesis_report.metrics.json,/workspace/exp/useful_bd_push/t63_fused_rtl_native_20260623_133903_UTC/hard_tuning/fused_rtl_state_pipeline_qd/seed_1001/openai_gpt-oss-120b/VerilogEval-Spec-to-RTL/Prob135_m2014_q6b/Gen3/Prob135_m2014_q6b_sample9_single_thought_operator/qd_archive_event.json,/workspace/exp/useful_bd_push/t63_fused_rtl_native_20260623_133903_UTC/hard_tuning/fused_rtl_state_pipeline_qd/seed_1001/openai_gpt-oss-120b/VerilogEval-Spec-to-RTL/Prob135_m2014_q6b/Gen3/Prob135_m2014_q6b_sample9_single_thought_operator/wave.vcd,True,True,True,True,True,True,True,False,True,,0.0,0.0,0.0,0.0,1.0,8.0,0.0,1.791759469228055,1.0,2.0794415416798357,7.0,0.0,0.0,1.0,0.0,0.8571428571428571,0.0,1.0,0.0,7.0,6.0,11.0,3.3927474104487847,2.0,3.0,2.0,1.1818181818181819,11.0,11.0,0.0,0.18350341907227383,0.8930011032014432,1.9459101490553132,1.3862943611198906,2.4849066497880004,2.0794415416798357,4.0,4.0,0.0,7.0,0.0,0.0,6.0,7.0,0.0,0.0,0.0,0.4375,0.0,0.0,0.0,0.0,0.5634375078413829,0.43217509725211106,0.4617849058261453,7.0,2.6481108831349327,0.8850000313655317,4.0,0.75,3.0,0.0,275.0,0.0,0.0,0.0,9.0,9.0,0.36363636363636365,0.5454545454545454,0.09090909090909091,0.0,0.36363636363636365,0.2727272727272727,0.2727272727272727,0.09090909090909091,0.09090909090909091,0.09090909090909091,0.45454545454545453,0.36363636363636365,0.054755351295317015,0.0,0.0,0.2857142857142857,0.0,7.0,0.0,1.0,0.0,0.9957274520849255,14.9,5.0,4.0,1.0,1.2,1.9459101490553132
fused_rtl_state_pipeline_qd,VerilogEval-Spec-to-RTL,Prob135_m2014_q6b,combinational,revolution_qd,grid_quantile,fused_rtl_state_pipeline_2d,3,True,generation_log,9a57eff6-5664-44a5-b49b-5431b6c4b821,single_thought_operator,0.19614349775784753,0.19614349775784753,0.19614349775784753,success_pool,whole,warmup_buffered,False,False,warmup:24,False,7.0,2.58e-06,0.0,0.0,0.0,-0.4,0.9884304932735426,0.0,,/workspace/exp/useful_bd_push/t63_fused_rtl_native_20260623_133903_UTC/hard_tuning/fused_rtl_state_pipeline_qd/seed_1001/openai_gpt-oss-120b/VerilogEval-Spec-to-RTL/Prob135_m2014_q6b/Gen3/Prob135_m2014_q6b_sample10_single_thought_operator,/workspace/exp/useful_bd_push/t63_fused_rtl_native_20260623_133903_UTC/hard_tuning/fused_rtl_state_pipeline_qd/seed_1001/openai_gpt-oss-120b/VerilogEval-Spec-to-RTL/Prob135_m2014_q6b/Gen3/Prob135_m2014_q6b_sample10_single_thought_operator/code.sv,/workspace/exp/useful_bd_push/t63_fused_rtl_native_20260623_133903_UTC/hard_tuning/fused_rtl_state_pipeline_qd/seed_1001/openai_gpt-oss-120b/VerilogEval-Spec-to-RTL/Prob135_m2014_q6b/Gen3/Prob135_m2014_q6b_sample10_single_thought_operator/code_synthesis_report.metrics.json,/workspace/exp/useful_bd_push/t63_fused_rtl_native_20260623_133903_UTC/hard_tuning/fused_rtl_state_pipeline_qd/seed_1001/openai_gpt-oss-120b/VerilogEval-Spec-to-RTL/Prob135_m2014_q6b/Gen3/Prob135_m2014_q6b_sample10_single_thought_operator/qd_archive_event.json,/workspace/exp/useful_bd_push/t63_fused_rtl_native_20260623_133903_UTC/hard_tuning/fused_rtl_state_pipeline_qd/seed_1001/openai_gpt-oss-120b/VerilogEval-Spec-to-RTL/Prob135_m2014_q6b/Gen3/Prob135_m2014_q6b_sample10_single_thought_operator/wave.vcd,True,True,True,True,True,True,True,False,True,,0.0,0.0,0.0,0.0,1.0,8.0,0.0,1.791759469228055,1.0,2.0794415416798357,7.0,0.0,0.0,1.0,0.0,0.8571428571428571,0.0,1.0,0.0,7.0,6.0,11.0,3.3927474104487847,2.0,3.0,2.0,1.1818181818181819,11.0,11.0,0.0,0.18350341907227383,0.8930011032014432,1.9459101490553132,1.3862943611198906,2.4849066497880004,2.0794415416798357,4.0,4.0,0.0,7.0,0.0,0.0,6.0,7.0,0.0,0.0,0.0,0.4375,0.0,0.0,0.0,0.0,0.5634375078413829,0.43217509725211106,0.4617849058261453,7.0,2.6481108831349327,0.8850000313655317,4.0,0.75,3.0,0.0,185.0,0.0,0.0,0.0,8.0,8.0,0.36363636363636365,0.5454545454545454,0.09090909090909091,0.0,0.36363636363636365,0.2727272727272727,0.2727272727272727,0.09090909090909091,0.09090909090909091,0.09090909090909091,0.45454545454545453,0.36363636363636365,0.054755351295317015,0.0,0.0,0.2857142857142857,0.0,7.0,0.0,1.0,0.0,0.9957274520849255,14.9,5.0,4.0,1.0,1.2,1.9459101490553132
fused_rtl_state_pipeline_qd,VerilogEval-Spec-to-RTL,Prob135_m2014_q6b,combinational,revolution_qd,grid_quantile,fused_rtl_state_pipeline_2d,3,True,generation_log,11564e64-ac92-4d47-b85c-057afda0a926,single_thought_operator,0.19614349775784753,0.19614349775784753,0.19614349775784753,success_pool,whole,warmup_buffered,False,False,warmup:25,False,7.0,2.58e-06,0.0,0.0,0.0,-0.4,0.9884304932735426,0.0,,/workspace/exp/useful_bd_push/t63_fused_rtl_native_20260623_133903_UTC/hard_tuning/fused_rtl_state_pipeline_qd/seed_1001/openai_gpt-oss-120b/VerilogEval-Spec-to-RTL/Prob135_m2014_q6b/Gen3/Prob135_m2014_q6b_sample12_single_thought_operator,/workspace/exp/useful_bd_push/t63_fused_rtl_native_20260623_133903_UTC/hard_tuning/fused_rtl_state_pipeline_qd/seed_1001/openai_gpt-oss-120b/VerilogEval-Spec-to-RTL/Prob135_m2014_q6b/Gen3/Prob135_m2014_q6b_sample12_single_thought_operator/code.sv,/workspace/exp/useful_bd_push/t63_fused_rtl_native_20260623_133903_UTC/hard_tuning/fused_rtl_state_pipeline_qd/seed_1001/openai_gpt-oss-120b/VerilogEval-Spec-to-RTL/Prob135_m2014_q6b/Gen3/Prob135_m2014_q6b_sample12_single_thought_operator/code_synthesis_report.metrics.json,/workspace/exp/useful_bd_push/t63_fused_rtl_native_20260623_133903_UTC/hard_tuning/fused_rtl_state_pipeline_qd/seed_1001/openai_gpt-oss-120b/VerilogEval-Spec-to-RTL/Prob135_m2014_q6b/Gen3/Prob135_m2014_q6b_sample12_single_thought_operator/qd_archive_event.json,/workspace/exp/useful_bd_push/t63_fused_rtl_native_20260623_133903_UTC/hard_tuning/fused_rtl_state_pipeline_qd/seed_1001/openai_gpt-oss-120b/VerilogEval-Spec-to-RTL/Prob135_m2014_q6b/Gen3/Prob135_m2014_q6b_sample12_single_thought_operator/wave.vcd,True,True,True,True,True,True,True,False,True,,0.0,0.0,0.0,0.0,1.0,8.0,0.0,1.791759469228055,1.0,2.0794415416798357,7.0,0.0,0.0,1.0,0.0,0.8571428571428571,0.0,1.0,0.0,7.0,6.0,11.0,3.3927474104487847,2.0,3.0,2.0,1.1818181818181819,11.0,11.0,0.0,0.18350341907227383,0.8930011032014432,1.9459101490553132,1.3862943611198906,2.4849066497880004,2.0794415416798357,4.0,4.0,0.0,7.0,0.0,0.0,6.0,7.0,0.0,0.0,0.0,0.4375,0.0,0.0,0.0,0.0,0.5634375078413829,0.43217509725211106,0.4617849058261453,7.0,2.6481108831349327,0.8850000313655317,4.0,0.75,3.0,0.0,182.0,0.0,0.0,0.0,10.0,8.0,0.36363636363636365,0.5454545454545454,0.09090909090909091,0.0,0.36363636363636365,0.2727272727272727,0.2727272727272727,0.09090909090909091,0.09090909090909091,0.09090909090909091,0.45454545454545453,0.36363636363636365,0.054755351295317015,0.0,0.0,0.2857142857142857,0.0,7.0,0.0,1.0,0.0,0.9957274520849255,14.9,5.0,4.0,1.0,1.2,1.9459101490553132
fused_rtl_state_pipeline_qd,VerilogEval-Spec-to-RTL,Prob150_review2015_fsmonehot,combinational,revolution_qd,grid_quantile,fused_rtl_state_pipeline_2d,1,True,generation_log,dd7b4692-95aa-4324-ae77-5b60d7699f33,single_thought_operator,0.32968627450980387,0.32968627450980387,0.32968627450980387,fail_pool,whole,warmup_buffered,False,False,warmup:1,True,13.0,3.72e-06,0.0,0.0,0.0,0.0,0.9890588235294117,0.0,,/workspace/exp/useful_bd_push/t63_fused_rtl_native_20260623_133903_UTC/hard_tuning/fused_rtl_state_pipeline_qd/seed_1001/openai_gpt-oss-120b/VerilogEval-Spec-to-RTL/Prob150_review2015_fsmonehot/Gen1/Prob150_review2015_fsmonehot_sample10_single_thought_operator,/workspace/exp/useful_bd_push/t63_fused_rtl_native_20260623_133903_UTC/hard_tuning/fused_rtl_state_pipeline_qd/seed_1001/openai_gpt-oss-120b/VerilogEval-Spec-to-RTL/Prob150_review2015_fsmonehot/Gen1/Prob150_review2015_fsmonehot_sample10_single_thought_operator/code.sv,/workspace/exp/useful_bd_push/t63_fused_rtl_native_20260623_133903_UTC/hard_tuning/fused_rtl_state_pipeline_qd/seed_1001/openai_gpt-oss-120b/VerilogEval-Spec-to-RTL/Prob150_review2015_fsmonehot/Gen1/Prob150_review2015_fsmonehot_sample10_single_thought_operator/code_synthesis_report.metrics.json,/workspace/exp/useful_bd_push/t63_fused_rtl_native_20260623_133903_UTC/hard_tuning/fused_rtl_state_pipeline_qd/seed_1001/openai_gpt-oss-120b/VerilogEval-Spec-to-RTL/Prob150_review2015_fsmonehot/Gen1/Prob150_review2015_fsmonehot_sample10_single_thought_operator/qd_archive_event.json,/workspace/exp/useful_bd_push/t63_fused_rtl_native_20260623_133903_UTC/hard_tuning/fused_rtl_state_pipeline_qd/seed_1001/openai_gpt-oss-120b/VerilogEval-Spec-to-RTL/Prob150_review2015_fsmonehot/Gen1/Prob150_review2015_fsmonehot_sample10_single_thought_operator/wave.vcd,True,True,True,True,True,True,True,False,True,,0.0,0.0,0.0,0.0,8.0,7.0,0.0,2.772588722239781,1.0,2.995732273553991,19.0,0.0,0.0,1.0,0.0,0.8421052631578947,0.0,1.0,0.0,19.0,16.0,32.0,4.815458649899995,3.0,4.0,4.0,1.34375,32.0,31.0,0.0,0.0,0.9548900331531053,2.833213344056216,1.6094379124341003,3.4965075614664802,2.995732273553991,5.0,5.0,0.0,21.0,0.0,0.0,11.0,10.0,0.0,0.0,0.0,0.475,0.0,0.15789473684210525,1.0,0.0,0.8594435711186448,0.8593044335205513,0.8088018854636643,19.0,1.687487960948973,0.8440242844745791,9.0,1.0,9.0,0.0,1768.0,0.0,0.0,0.0,42.0,40.0,0.40625,0.375,0.15625,0.0625,0.40625,0.3125,0.28125,0.0,0.25,0.25,0.25,0.25,0.03149256627957748,0.0,0.0,0.15789473684210525,0.0,19.0,0.0,1.0,0.0,0.9283620723948676,21.65,15.0,23.0,1.0,1.2,2.9444389791664403
fused_rtl_state_pipeline_qd,VerilogEval-Spec-to-RTL,Prob150_review2015_fsmonehot,combinational,revolution_qd,grid_quantile,fused_rtl_state_pipeline_2d,2,True,generation_log,9e09e10b-b00b-48b3-b2c4-e8f676e07ae3,single_thought_operator,0.32968627450980387,0.32968627450980387,0.32968627450980387,success_pool,whole,warmup_buffered,False,False,warmup:2,False,13.0,3.72e-06,0.0,0.0,0.0,0.0,0.9890588235294117,0.0,,/workspace/exp/useful_bd_push/t63_fused_rtl_native_20260623_133903_UTC/hard_tuning/fused_rtl_state_pipeline_qd/seed_1001/openai_gpt-oss-120b/VerilogEval-Spec-to-RTL/Prob150_review2015_fsmonehot/Gen2/Prob150_review2015_fsmonehot_sample9_single_thought_operator,/workspace/exp/useful_bd_push/t63_fused_rtl_native_20260623_133903_UTC/hard_tuning/fused_rtl_state_pipeline_qd/seed_1001/openai_gpt-oss-120b/VerilogEval-Spec-to-RTL/Prob150_review2015_fsmonehot/Gen2/Prob150_review2015_fsmonehot_sample9_single_thought_operator/code.sv,/workspace/exp/useful_bd_push/t63_fused_rtl_native_20260623_133903_UTC/hard_tuning/fused_rtl_state_pipeline_qd/seed_1001/openai_gpt-oss-120b/VerilogEval-Spec-to-RTL/Prob150_review2015_fsmonehot/Gen2/Prob150_review2015_fsmonehot_sample9_single_thought_operator/code_synthesis_report.metrics.json,/workspace/exp/useful_bd_push/t63_fused_rtl_native_20260623_133903_UTC/hard_tuning/fused_rtl_state_pipeline_qd/seed_1001/openai_gpt-oss-120b/VerilogEval-Spec-to-RTL/Prob150_review2015_fsmonehot/Gen2/Prob150_review2015_fsmonehot_sample9_single_thought_operator/qd_archive_event.json,/workspace/exp/useful_bd_push/t63_fused_rtl_native_20260623_133903_UTC/hard_tuning/fused_rtl_state_pipeline_qd/seed_1001/openai_gpt-oss-120b/VerilogEval-Spec-to-RTL/Prob150_review2015_fsmonehot/Gen2/Prob150_review2015_fsmonehot_sample9_single_thought_operator/wave.vcd,True,True,True,True,True,True,True,False,True,,0.0,0.0,0.0,0.0,8.0,7.0,0.0,2.772588722239781,1.0,2.995732273553991,19.0,0.0,0.0,1.0,0.0,0.8421052631578947,0.0,1.0,0.0,19.0,16.0,32.0,4.815458649899995,3.0,4.0,4.0,1.34375,32.0,31.0,0.0,0.0,0.9548900331531053,2.833213344056216,1.6094379124341003,3.4965075614664802,2.995732273553991,5.0,5.0,0.0,27.0,0.0,0.0,11.0,10.0,0.0,0.0,0.0,0.475,0.0,0.15789473684210525,1.0,0.0,0.8594435711186448,0.8593044335205513,0.8088018854636643,19.0,1.687487960948973,0.8440242844745791,9.0,1.0,9.0,0.0,1681.0,0.0,0.0,0.0,56.0,53.0,0.40625,0.375,0.15625,0.0625,0.40625,0.3125,0.28125,0.0,0.25,0.25,0.25,0.25,0.03149256627957748,0.0,0.0,0.15789473684210525,0.0,19.0,0.0,1.0,0.0,0.8680403986166403,21.65,15.0,33.0,1.0,1.2,2.9444389791664403
fused_rtl_state_pipeline_qd,VerilogEval-Spec-to-RTL,Prob150_review2015_fsmonehot,combinational,revolution_qd,grid_quantile,fused_rtl_state_pipeline_2d,3,True,generation_log,e2a9f3dc-c118-44c4-9a23-fdb7bdaf0321,single_thought_operator,0.32968627450980387,0.32968627450980387,0.32968627450980387,fail_pool,whole,warmup_buffered,False,False,warmup:3,False,13.0,3.72e-06,0.0,0.0,0.0,0.0,0.9890588235294117,0.0,,/workspace/exp/useful_bd_push/t63_fused_rtl_native_20260623_133903_UTC/hard_tuning/fused_rtl_state_pipeline_qd/seed_1001/openai_gpt-oss-120b/VerilogEval-Spec-to-RTL/Prob150_review2015_fsmonehot/Gen3/Prob150_review2015_fsmonehot_sample2_single_thought_operator,/workspace/exp/useful_bd_push/t63_fused_rtl_native_20260623_133903_UTC/hard_tuning/fused_rtl_state_pipeline_qd/seed_1001/openai_gpt-oss-120b/VerilogEval-Spec-to-RTL/Prob150_review2015_fsmonehot/Gen3/Prob150_review2015_fsmonehot_sample2_single_thought_operator/code.sv,/workspace/exp/useful_bd_push/t63_fused_rtl_native_20260623_133903_UTC/hard_tuning/fused_rtl_state_pipeline_qd/seed_1001/openai_gpt-oss-120b/VerilogEval-Spec-to-RTL/Prob150_review2015_fsmonehot/Gen3/Prob150_review2015_fsmonehot_sample2_single_thought_operator/code_synthesis_report.metrics.json,/workspace/exp/useful_bd_push/t63_fused_rtl_native_20260623_133903_UTC/hard_tuning/fused_rtl_state_pipeline_qd/seed_1001/openai_gpt-oss-120b/VerilogEval-Spec-to-RTL/Prob150_review2015_fsmonehot/Gen3/Prob150_review2015_fsmonehot_sample2_single_thought_operator/qd_archive_event.json,/workspace/exp/useful_bd_push/t63_fused_rtl_native_20260623_133903_UTC/hard_tuning/fused_rtl_state_pipeline_qd/seed_1001/openai_gpt-oss-120b/VerilogEval-Spec-to-RTL/Prob150_review2015_fsmonehot/Gen3/Prob150_review2015_fsmonehot_sample2_single_thought_operator/wave.vcd,True,True,True,True,True,True,True,False,True,,0.0,0.0,0.0,0.0,8.0,7.0,0.0,2.772588722239781,1.0,2.995732273553991,19.0,0.0,0.0,1.0,0.0,0.8421052631578947,0.0,1.0,0.0,19.0,16.0,32.0,4.815458649899995,3.0,4.0,4.0,1.34375,32.0,31.0,2.0,0.0,0.9548900331531053,2.833213344056216,1.6094379124341003,3.4965075614664802,2.995732273553991,5.0,5.0,0.0,21.0,0.0,0.0,11.0,10.0,0.0,0.0,0.0,0.475,0.0,0.15789473684210525,1.0,0.0,0.8594435711186448,0.8593044335205513,0.8088018854636643,19.0,1.687487960948973,0.8440242844745791,9.0,1.0,9.0,0.0,1269.0,0.0,0.0,0.0,40.0,36.0,0.40625,0.375,0.15625,0.0625,0.40625,0.3125,0.28125,0.0,0.25,0.25,0.25,0.25,0.03149256627957748,0.0,0.0,0.15789473684210525,0.0,19.0,0.0,1.0,0.0,0.9283620723948676,21.65,15.0,23.0,1.0,1.2,2.9444389791664403
fused_rtl_state_pipeline_qd,VerilogEval-Spec-to-RTL,Prob150_review2015_fsmonehot,combinational,revolution_qd,grid_quantile,fused_rtl_state_pipeline_2d,3,True,generation_log,8bd2d3b6-145a-48f7-84ef-93e471393cd8,single_thought_operator,0.32968627450980387,0.32968627450980387,0.32968627450980387,fail_pool,whole,warmup_buffered,False,False,warmup:4,False,13.0,3.72e-06,0.0,0.0,0.0,0.0,0.9890588235294117,0.0,,/workspace/exp/useful_bd_push/t63_fused_rtl_native_20260623_133903_UTC/hard_tuning/fused_rtl_state_pipeline_qd/seed_1001/openai_gpt-oss-120b/VerilogEval-Spec-to-RTL/Prob150_review2015_fsmonehot/Gen3/Prob150_review2015_fsmonehot_sample3_single_thought_operator,/workspace/exp/useful_bd_push/t63_fused_rtl_native_20260623_133903_UTC/hard_tuning/fused_rtl_state_pipeline_qd/seed_1001/openai_gpt-oss-120b/VerilogEval-Spec-to-RTL/Prob150_review2015_fsmonehot/Gen3/Prob150_review2015_fsmonehot_sample3_single_thought_operator/code.sv,/workspace/exp/useful_bd_push/t63_fused_rtl_native_20260623_133903_UTC/hard_tuning/fused_rtl_state_pipeline_qd/seed_1001/openai_gpt-oss-120b/VerilogEval-Spec-to-RTL/Prob150_review2015_fsmonehot/Gen3/Prob150_review2015_fsmonehot_sample3_single_thought_operator/code_synthesis_report.metrics.json,/workspace/exp/useful_bd_push/t63_fused_rtl_native_20260623_133903_UTC/hard_tuning/fused_rtl_state_pipeline_qd/seed_1001/openai_gpt-oss-120b/VerilogEval-Spec-to-RTL/Prob150_review2015_fsmonehot/Gen3/Prob150_review2015_fsmonehot_sample3_single_thought_operator/qd_archive_event.json,/workspace/exp/useful_bd_push/t63_fused_rtl_native_20260623_133903_UTC/hard_tuning/fused_rtl_state_pipeline_qd/seed_1001/openai_gpt-oss-120b/VerilogEval-Spec-to-RTL/Prob150_review2015_fsmonehot/Gen3/Prob150_review2015_fsmonehot_sample3_single_thought_operator/wave.vcd,True,True,True,True,True,True,True,False,True,,0.0,0.0,0.0,0.0,8.0,8.0,0.0,2.772588722239781,1.0,2.995732273553991,19.0,0.0,0.0,1.0,0.0,0.8421052631578947,0.0,1.0,0.0,19.0,16.0,32.0,4.815458649899995,3.0,4.0,4.0,1.34375,32.0,31.0,0.0,0.0,0.9548900331531053,2.833213344056216,1.6094379124341003,3.4965075614664802,2.995732273553991,5.0,5.0,0.0,21.0,0.0,0.0,17.0,10.0,0.0,0.0,0.0,0.475,0.0,0.15789473684210525,1.0,0.0,0.8594435711186448,0.8593044335205513,0.8088018854636643,19.0,1.687487960948973,0.8440242844745791,9.0,1.0,9.0,0.0,1098.0,0.0,0.0,0.0,34.0,30.0,0.40625,0.375,0.15625,0.0625,0.40625,0.3125,0.28125,0.0,0.25,0.25,0.25,0.25,0.03149256627957748,0.0,0.0,0.15789473684210525,0.0,19.0,0.0,1.0,0.0,0.9919924034538556,22.55,15.0,13.0,1.0,1.2,2.9444389791664403
fused_rtl_state_pipeline_qd,VerilogEval-Spec-to-RTL,Prob150_review2015_fsmonehot,combinational,revolution_qd,grid_quantile,fused_rtl_state_pipeline_2d,3,True,generation_log,fc50b330-7d36-4b6b-a78d-73c8d21c17b8,single_thought_operator,0.32968627450980387,0.32968627450980387,0.32968627450980387,success_pool,whole,warmup_buffered,False,False,warmup:5,False,13.0,3.72e-06,0.0,0.0,0.0,0.0,0.9890588235294117,0.0,,/workspace/exp/useful_bd_push/t63_fused_rtl_native_20260623_133903_UTC/hard_tuning/fused_rtl_state_pipeline_qd/seed_1001/openai_gpt-oss-120b/VerilogEval-Spec-to-RTL/Prob150_review2015_fsmonehot/Gen3/Prob150_review2015_fsmonehot_sample7_single_thought_operator,/workspace/exp/useful_bd_push/t63_fused_rtl_native_20260623_133903_UTC/hard_tuning/fused_rtl_state_pipeline_qd/seed_1001/openai_gpt-oss-120b/VerilogEval-Spec-to-RTL/Prob150_review2015_fsmonehot/Gen3/Prob150_review2015_fsmonehot_sample7_single_thought_operator/code.sv,/workspace/exp/useful_bd_push/t63_fused_rtl_native_20260623_133903_UTC/hard_tuning/fused_rtl_state_pipeline_qd/seed_1001/openai_gpt-oss-120b/VerilogEval-Spec-to-RTL/Prob150_review2015_fsmonehot/Gen3/Prob150_review2015_fsmonehot_sample7_single_thought_operator/code_synthesis_report.metrics.json,/workspace/exp/useful_bd_push/t63_fused_rtl_native_20260623_133903_UTC/hard_tuning/fused_rtl_state_pipeline_qd/seed_1001/openai_gpt-oss-120b/VerilogEval-Spec-to-RTL/Prob150_review2015_fsmonehot/Gen3/Prob150_review2015_fsmonehot_sample7_single_thought_operator/qd_archive_event.json,/workspace/exp/useful_bd_push/t63_fused_rtl_native_20260623_133903_UTC/hard_tuning/fused_rtl_state_pipeline_qd/seed_1001/openai_gpt-oss-120b/VerilogEval-Spec-to-RTL/Prob150_review2015_fsmonehot/Gen3/Prob150_review2015_fsmonehot_sample7_single_thought_operator/wave.vcd,True,True,True,True,True,True,True,False,True,,0.0,3.0,0.0,0.0,8.0,7.0,0.0,2.772588722239781,1.0,2.995732273553991,19.0,0.0,0.0,1.0,0.0,0.8421052631578947,0.0,1.0,0.0,19.0,16.0,32.0,4.815458649899995,3.0,4.0,4.0,1.34375,32.0,31.0,0.0,0.0,0.9548900331531053,2.833213344056216,1.6094379124341003,3.4965075614664802,2.995732273553991,5.0,5.0,0.0,19.0,0.0,0.0,11.0,7.0,0.0,0.0,0.0,0.475,0.0,0.15789473684210525,1.0,0.0,0.8594435711186448,0.8593044335205513,0.8088018854636643,19.0,1.687487960948973,0.8440242844745791,9.0,1.0,9.0,0.0,2000.0,0.0,0.0,0.0,56.0,50.0,0.40625,0.375,0.15625,0.0625,0.40625,0.3125,0.28125,0.0,0.25,0.25,0.25,0.25,0.03149256627957748,0.0,0.0,0.0,0.0,19.0,0.0,1.0,0.0,0.9480782435939055,15.65,15.0,33.0,1.0,1.2,2.9444389791664403
fused_rtl_state_pipeline_qd,VerilogEval-Spec-to-RTL,Prob150_review2015_fsmonehot,combinational,revolution_qd,grid_quantile,fused_rtl_state_pipeline_2d,3,True,generation_log,c00c2f6b-9dfb-4789-a8bf-d7730248263c,single_thought_operator,0.32968627450980387,0.32968627450980387,0.32968627450980387,success_pool,whole,warmup_buffered,False,False,warmup:6,False,13.0,3.72e-06,0.0,0.0,0.0,0.0,0.9890588235294117,0.0,,/workspace/exp/useful_bd_push/t63_fused_rtl_native_20260623_133903_UTC/hard_tuning/fused_rtl_state_pipeline_qd/seed_1001/openai_gpt-oss-120b/VerilogEval-Spec-to-RTL/Prob150_review2015_fsmonehot/Gen3/Prob150_review2015_fsmonehot_sample11_single_thought_operator,/workspace/exp/useful_bd_push/t63_fused_rtl_native_20260623_133903_UTC/hard_tuning/fused_rtl_state_pipeline_qd/seed_1001/openai_gpt-oss-120b/VerilogEval-Spec-to-RTL/Prob150_review2015_fsmonehot/Gen3/Prob150_review2015_fsmonehot_sample11_single_thought_operator/code.sv,/workspace/exp/useful_bd_push/t63_fused_rtl_native_20260623_133903_UTC/hard_tuning/fused_rtl_state_pipeline_qd/seed_1001/openai_gpt-oss-120b/VerilogEval-Spec-to-RTL/Prob150_review2015_fsmonehot/Gen3/Prob150_review2015_fsmonehot_sample11_single_thought_operator/code_synthesis_report.metrics.json,/workspace/exp/useful_bd_push/t63_fused_rtl_native_20260623_133903_UTC/hard_tuning/fused_rtl_state_pipeline_qd/seed_1001/openai_gpt-oss-120b/VerilogEval-Spec-to-RTL/Prob150_review2015_fsmonehot/Gen3/Prob150_review2015_fsmonehot_sample11_single_thought_operator/qd_archive_event.json,/workspace/exp/useful_bd_push/t63_fused_rtl_native_20260623_133903_UTC/hard_tuning/fused_rtl_state_pipeline_qd/seed_1001/openai_gpt-oss-120b/VerilogEval-Spec-to-RTL/Prob150_review2015_fsmonehot/Gen3/Prob150_review2015_fsmonehot_sample11_single_thought_operator/wave.vcd,True,True,True,True,True,True,True,False,True,,0.0,0.0,0.0,0.0,8.0,7.0,0.0,2.772588722239781,1.0,2.995732273553991,19.0,0.0,0.0,1.0,0.0,0.8421052631578947,0.0,2.0,0.0,19.0,16.0,32.0,4.815458649899995,3.0,4.0,4.0,1.34375,32.0,31.0,0.0,0.0,0.9548900331531053,2.833213344056216,1.6094379124341003,3.4965075614664802,2.995732273553991,5.0,5.0,0.0,27.0,0.0,0.0,11.0,10.0,0.0,0.0,0.0,0.475,0.0,0.15789473684210525,1.0,0.0,0.8594435711186448,0.8593044335205513,0.8088018854636643,19.0,1.687487960948973,0.8440242844745791,9.0,1.0,9.0,0.0,1803.0,0.0,0.0,0.0,63.0,53.0,0.40625,0.375,0.15625,0.0625,0.40625,0.3125,0.28125,0.0,0.25,0.25,0.25,0.25,0.03149256627957748,0.0,0.0,0.15789473684210525,0.0,19.0,0.0,1.0,0.0,0.8680403986166403,21.65,15.0,33.0,1.0,1.2,2.9444389791664403
fused_rtl_state_pipeline_qd,VerilogEval-Spec-to-RTL,Prob151_review2015_fsm,sequential,revolution_qd,grid_quantile,fused_rtl_state_pipeline_2d,1,True,generation_log,e2286930-f0a0-4e92-b597-96ae2e1e4f24,single_thought_operator,-0.3502764945717966,-0.3502764945717966,-0.3502764945717966,fail_pool,whole,warmup_buffered,False,False,warmup:1,False,93.0,0.0067,0.32,-2.31,-0.31,-0.4090909090909091,-0.49888143176733785,-0.14285714285714277,,/workspace/exp/useful_bd_push/t63_fused_rtl_native_20260623_133903_UTC/hard_tuning/fused_rtl_state_pipeline_qd/seed_1001/openai_gpt-oss-120b/VerilogEval-Spec-to-RTL/Prob151_review2015_fsm/Gen1/Prob151_review2015_fsm_sample5_single_thought_operator,/workspace/exp/useful_bd_push/t63_fused_rtl_native_20260623_133903_UTC/hard_tuning/fused_rtl_state_pipeline_qd/seed_1001/openai_gpt-oss-120b/VerilogEval-Spec-to-RTL/Prob151_review2015_fsm/Gen1/Prob151_review2015_fsm_sample5_single_thought_operator/code.sv,/workspace/exp/useful_bd_push/t63_fused_rtl_native_20260623_133903_UTC/hard_tuning/fused_rtl_state_pipeline_qd/seed_1001/openai_gpt-oss-120b/VerilogEval-Spec-to-RTL/Prob151_review2015_fsm/Gen1/Prob151_review2015_fsm_sample5_single_thought_operator/code_synthesis_report.metrics.json,/workspace/exp/useful_bd_push/t63_fused_rtl_native_20260623_133903_UTC/hard_tuning/fused_rtl_state_pipeline_qd/seed_1001/openai_gpt-oss-120b/VerilogEval-Spec-to-RTL/Prob151_review2015_fsm/Gen1/Prob151_review2015_fsm_sample5_single_thought_operator/qd_archive_event.json,/workspace/exp/useful_bd_push/t63_fused_rtl_native_20260623_133903_UTC/hard_tuning/fused_rtl_state_pipeline_qd/seed_1001/openai_gpt-oss-120b/VerilogEval-Spec-to-RTL/Prob151_review2015_fsm/Gen1/Prob151_review2015_fsm_sample5_single_thought_operator/wave.vcd,True,True,True,True,True,True,True,False,True,,0.019230769230769232,1.0,1.0,1.0,3.0,18.0,1.0,3.970291913552122,0.8269230769230769,3.332204510175204,27.0,18.0,6.0,0.4666666666666667,6.0,1.9,3.0,3.0,1.0,30.0,57.0,55.0,5.426490742340985,7.0,1.0,1.0,1.7818181818181817,55.0,54.0,5.0,0.12319723338741956,0.9629769811504484,4.060443010546419,0.6931471805599453,4.02535169073515,3.4339872044851463,3.0,3.0,0.0,0.0,0.0,1.0,11.0,1.0,0.0,4.0,0.07692307692307693,0.43548387096774194,14.0,0.9,1.0,0.0,0.8777408603145369,0.43763659469434074,0.4452610909748665,30.0,6.604468640207749,0.6334634412581477,10.0,0.9,9.0,0.019230769230769232,2109.0,2.639057329615259,2.639057329615259,0.0,67.0,63.0,0.23636363636363636,0.3090909090909091,0.41818181818181815,0.03636363636363636,0.23636363636363636,0.2909090909090909,0.2727272727272727,0.2,0.23636363636363636,0.0,0.2545454545454545,0.509090909090909,0.5103547618616514,0.17307692307692307,9.0,0.0,0.0,54.0,2.0350579983278143,0.2,0.0,1.5970868671284562,25.65,52.0,25.0,1.0,1.2692307692307692,4.204692619390966
fused_rtl_state_pipeline_qd,VerilogEval-Spec-to-RTL,Prob151_review2015_fsm,sequential,revolution_qd,grid_quantile,fused_rtl_state_pipeline_2d,3,True,generation_log,5ce8bb21-9c6c-4f3c-8d6f-3e9a1588f161,single_thought_operator,-0.3502764945717966,-0.3502764945717966,-0.3502764945717966,fail_pool,whole,warmup_buffered,False,False,warmup:2,False,93.0,0.0067,0.32,-2.31,-0.31,-0.4090909090909091,-0.49888143176733785,-0.14285714285714277,,/workspace/exp/useful_bd_push/t63_fused_rtl_native_20260623_133903_UTC/hard_tuning/fused_rtl_state_pipeline_qd/seed_1001/openai_gpt-oss-120b/VerilogEval-Spec-to-RTL/Prob151_review2015_fsm/Gen3/Prob151_review2015_fsm_sample2_single_thought_operator,/workspace/exp/useful_bd_push/t63_fused_rtl_native_20260623_133903_UTC/hard_tuning/fused_rtl_state_pipeline_qd/seed_1001/openai_gpt-oss-120b/VerilogEval-Spec-to-RTL/Prob151_review2015_fsm/Gen3/Prob151_review2015_fsm_sample2_single_thought_operator/code.sv,/workspace/exp/useful_bd_push/t63_fused_rtl_native_20260623_133903_UTC/hard_tuning/fused_rtl_state_pipeline_qd/seed_1001/openai_gpt-oss-120b/VerilogEval-Spec-to-RTL/Prob151_review2015_fsm/Gen3/Prob151_review2015_fsm_sample2_single_thought_operator/code_synthesis_report.metrics.json,/workspace/exp/useful_bd_push/t63_fused_rtl_native_20260623_133903_UTC/hard_tuning/fused_rtl_state_pipeline_qd/seed_1001/openai_gpt-oss-120b/VerilogEval-Spec-to-RTL/Prob151_review2015_fsm/Gen3/Prob151_review2015_fsm_sample2_single_thought_operator/qd_archive_event.json,/workspace/exp/useful_bd_push/t63_fused_rtl_native_20260623_133903_UTC/hard_tuning/fused_rtl_state_pipeline_qd/seed_1001/openai_gpt-oss-120b/VerilogEval-Spec-to-RTL/Prob151_review2015_fsm/Gen3/Prob151_review2015_fsm_sample2_single_thought_operator/wave.vcd,True,True,True,True,True,True,True,False,True,,0.019230769230769232,1.0,1.0,1.0,3.0,18.0,1.0,3.970291913552122,0.8269230769230769,3.332204510175204,27.0,18.0,6.0,0.4666666666666667,6.0,1.9,3.0,4.0,1.0,30.0,57.0,55.0,5.426490742340985,7.0,1.0,1.0,1.7818181818181817,55.0,54.0,5.0,0.12319723338742077,0.9629769811504483,4.060443010546419,0.6931471805599453,4.02535169073515,3.4339872044851463,3.0,3.0,0.0,0.0,0.0,1.0,11.0,1.0,0.0,4.0,0.07692307692307693,0.43548387096774194,14.0,0.9,1.0,0.0,0.8777408603145369,0.43763659469434074,0.4452610909748665,30.0,6.604468640207749,0.6334634412581477,10.0,0.9,9.0,0.019230769230769232,2386.0,2.639057329615259,2.639057329615259,0.0,77.0,68.0,0.23636363636363636,0.3090909090909091,0.41818181818181815,0.03636363636363636,0.23636363636363636,0.2909090909090909,0.2727272727272727,0.2,0.23636363636363636,0.0,0.2545454545454545,0.509090909090909,0.5103547618616515,0.17307692307692307,9.0,0.0,0.0,54.0,2.0350579983278143,0.2,0.0,1.5970868671284562,25.65,52.0,25.0,1.0,1.2692307692307692,4.204692619390966
fused_rtl_state_pipeline_qd,VerilogEval-Spec-to-RTL,Prob151_review2015_fsm,sequential,revolution_qd,grid_quantile,fused_rtl_state_pipeline_2d,3,True,generation_log,cfa9fbd4-cd55-4fdd-9c3a-9f9f0c4ed69e,single_thought_operator,-0.28839449141462564,-0.28839449141462564,-0.28839449141462564,success_pool,whole,warmup_buffered,False,False,warmup:3,False,89.0,0.00662,0.29000000000000004,-2.21,-0.28,-0.3484848484848485,-0.4809843400447427,-0.03571428571428574,,/workspace/exp/useful_bd_push/t63_fused_rtl_native_20260623_133903_UTC/hard_tuning/fused_rtl_state_pipeline_qd/seed_1001/openai_gpt-oss-120b/VerilogEval-Spec-to-RTL/Prob151_review2015_fsm/Gen3/Prob151_review2015_fsm_sample11_single_thought_operator,/workspace/exp/useful_bd_push/t63_fused_rtl_native_20260623_133903_UTC/hard_tuning/fused_rtl_state_pipeline_qd/seed_1001/openai_gpt-oss-120b/VerilogEval-Spec-to-RTL/Prob151_review2015_fsm/Gen3/Prob151_review2015_fsm_sample11_single_thought_operator/code.sv,/workspace/exp/useful_bd_push/t63_fused_rtl_native_20260623_133903_UTC/hard_tuning/fused_rtl_state_pipeline_qd/seed_1001/openai_gpt-oss-120b/VerilogEval-Spec-to-RTL/Prob151_review2015_fsm/Gen3/Prob151_review2015_fsm_sample11_single_thought_operator/code_synthesis_report.metrics.json,/workspace/exp/useful_bd_push/t63_fused_rtl_native_20260623_133903_UTC/hard_tuning/fused_rtl_state_pipeline_qd/seed_1001/openai_gpt-oss-120b/VerilogEval-Spec-to-RTL/Prob151_review2015_fsm/Gen3/Prob151_review2015_fsm_sample11_single_thought_operator/qd_archive_event.json,/workspace/exp/useful_bd_push/t63_fused_rtl_native_20260623_133903_UTC/hard_tuning/fused_rtl_state_pipeline_qd/seed_1001/openai_gpt-oss-120b/VerilogEval-Spec-to-RTL/Prob151_review2015_fsm/Gen3/Prob151_review2015_fsm_sample11_single_thought_operator/wave.vcd,True,True,True,True,True,True,True,False,True,,0.02127659574468085,1.0,1.0,1.0,3.0,18.0,1.0,3.8712010109078907,0.8085106382978723,3.332204510175204,27.0,19.0,6.0,0.4375,6.0,2.033333333333333,3.0,2.0,3.0,30.0,61.0,55.0,5.407951163380207,8.0,1.0,1.0,1.8727272727272728,55.0,54.0,5.0,0.13267502643803647,0.9652034689037681,4.127134385045092,0.6931471805599453,4.02535169073515,3.4339872044851463,3.0,3.0,0.0,0.0,0.0,1.0,11.0,1.0,0.0,5.0,0.10638297872340426,0.43548387096774194,15.0,0.9,1.0,0.0,0.8712703660624752,0.5452363606181236,0.5394131004750867,30.0,6.964939290767837,0.6975814642499008,12.0,0.75,9.0,0.02127659574468085,2149.0,2.639057329615259,2.639057329615259,0.0,70.0,66.0,0.23636363636363636,0.3090909090909091,0.41818181818181815,0.03636363636363636,0.23636363636363636,0.2909090909090909,0.2545454545454545,0.21818181818181817,0.23636363636363636,0.0,0.2727272727272727,0.4909090909090909,0.4998160230543009,0.19148936170212766,9.0,0.0,0.0,54.0,2.0350579983278143,0.2,0.0,1.580422404419076,26.15,47.0,25.0,1.0,1.297872340425532,4.127134385045092
fused_rtl_state_pipeline_qd,VerilogEval-Spec-to-RTL,Prob153_gshare,sequential,revolution_qd,grid_quantile,fused_rtl_state_pipeline_2d,0,True,generation_log,8a338adc-8f40-4140-adfe-99a89c51cd53,initial,-0.04542996009607201,-0.04542996009607201,-0.04542996009607201,initial,whole,warmup_buffered,False,False,warmup:1,True,3074.0,0.472,0.78,-175.2,-0.77,-0.016198347107438015,-0.08009153318077798,-0.040000000000000036,,/workspace/exp/useful_bd_push/t63_fused_rtl_native_20260623_133903_UTC/hard_tuning/fused_rtl_state_pipeline_qd/seed_1001/openai_gpt-oss-120b/VerilogEval-Spec-to-RTL/Prob153_gshare/Gen0/Prob153_gshare_sample12_initial,/workspace/exp/useful_bd_push/t63_fused_rtl_native_20260623_133903_UTC/hard_tuning/fused_rtl_state_pipeline_qd/seed_1001/openai_gpt-oss-120b/VerilogEval-Spec-to-RTL/Prob153_gshare/Gen0/Prob153_gshare_sample12_initial/code.sv,/workspace/exp/useful_bd_push/t63_fused_rtl_native_20260623_133903_UTC/hard_tuning/fused_rtl_state_pipeline_qd/seed_1001/openai_gpt-oss-120b/VerilogEval-Spec-to-RTL/Prob153_gshare/Gen0/Prob153_gshare_sample12_initial/code_synthesis_report.metrics.json,/workspace/exp/useful_bd_push/t63_fused_rtl_native_20260623_133903_UTC/hard_tuning/fused_rtl_state_pipeline_qd/seed_1001/openai_gpt-oss-120b/VerilogEval-Spec-to-RTL/Prob153_gshare/Gen0/Prob153_gshare_sample12_initial/qd_archive_event.json,/workspace/exp/useful_bd_push/t63_fused_rtl_native_20260623_133903_UTC/hard_tuning/fused_rtl_state_pipeline_qd/seed_1001/openai_gpt-oss-120b/VerilogEval-Spec-to-RTL/Prob153_gshare/Gen0/Prob153_gshare_sample12_initial/wave.vcd,True,True,True,True,True,True,True,False,True,,0.0,1.0,3.0,0.0,2.0,23.0,0.0,7.2633296174768365,0.8155680224403927,7.173958319756794,1304.0,9.0,7.0,0.8888888888888888,10.0,2.3405443126308443,129.0,3.0,0.0,1433.0,3354.0,2272.0,8.370302221912027,391.0,2.0,2.0,3.036531690140845,2272.0,2271.0,7.0,0.04140172876260213,0.9871085612910767,8.118207049405783,1.0986122886681096,7.728855823852543,7.2682230211595655,13.0,13.0,0.0,3.0,0.0,1.0,9.0,2.0,0.0,304.0,0.2131837307152875,0.40585774058577406,8.0,0.9085833914863922,1.0,0.0,0.8983055139572305,0.31169757848705676,0.33084689646342447,1433.0,120.69304260777156,0.5955749970053927,255.0,0.996078431372549,254.0,0.0007012622720897616,2624.0,6.664409020350408,6.81783057145415,0.0,68.0,62.0,0.12764084507042253,0.06073943661971831,0.0030809859154929575,0.8085387323943662,0.12764084507042253,0.11751760563380281,0.0030809859154929575,0.7517605633802817,0.1192781690140845,0.23151408450704225,0.0,0.6492077464788732,0.4185265345081559,0.1844319775596073,263.0,0.0,0.0,2732.0,1.6953593309436585,0.11139674378748929,0.0,2.172908907654882,26.85,1426.0,26.0,1.0,1.1858345021037868,7.433666540166168
fused_rtl_state_pipeline_qd,VerilogEval-Spec-to-RTL,Prob153_gshare,sequential,revolution_qd,grid_quantile,fused_rtl_state_pipeline_2d,1,True,generation_log,0e225725-ab14-4b77-8209-c584c6733112,single_thought_operator,-0.010533124042589414,-0.010533124042589414,-0.010533124042589414,success_pool,whole,warmup_buffered,False,False,warmup:2,True,3027.0,0.468,0.72,-180.87,-0.71,-0.0006611570247933885,-0.07093821510297489,0.040000000000000036,,/workspace/exp/useful_bd_push/t63_fused_rtl_native_20260623_133903_UTC/hard_tuning/fused_rtl_state_pipeline_qd/seed_1001/openai_gpt-oss-120b/VerilogEval-Spec-to-RTL/Prob153_gshare/Gen1/Prob153_gshare_sample7_single_thought_operator,/workspace/exp/useful_bd_push/t63_fused_rtl_native_20260623_133903_UTC/hard_tuning/fused_rtl_state_pipeline_qd/seed_1001/openai_gpt-oss-120b/VerilogEval-Spec-to-RTL/Prob153_gshare/Gen1/Prob153_gshare_sample7_single_thought_operator/code.sv,/workspace/exp/useful_bd_push/t63_fused_rtl_native_20260623_133903_UTC/hard_tuning/fused_rtl_state_pipeline_qd/seed_1001/openai_gpt-oss-120b/VerilogEval-Spec-to-RTL/Prob153_gshare/Gen1/Prob153_gshare_sample7_single_thought_operator/code_synthesis_report.metrics.json,/workspace/exp/useful_bd_push/t63_fused_rtl_native_20260623_133903_UTC/hard_tuning/fused_rtl_state_pipeline_qd/seed_1001/openai_gpt-oss-120b/VerilogEval-Spec-to-RTL/Prob153_gshare/Gen1/Prob153_gshare_sample7_single_thought_operator/qd_archive_event.json,/workspace/exp/useful_bd_push/t63_fused_rtl_native_20260623_133903_UTC/hard_tuning/fused_rtl_state_pipeline_qd/seed_1001/openai_gpt-oss-120b/VerilogEval-Spec-to-RTL/Prob153_gshare/Gen1/Prob153_gshare_sample7_single_thought_operator/wave.vcd,True,True,True,True,True,True,True,False,True,,0.0,2.0,4.0,0.0,0.0,23.0,0.0,7.265429723253953,0.8159552134359692,7.174724309836376,1305.0,10.0,8.0,0.9,10.0,2.3396094839609485,129.0,2.0,0.0,1434.0,3355.0,2273.0,8.371591116190963,391.0,2.0,2.0,3.0360756709194896,2273.0,2272.0,8.0,0.04139797377615741,0.9871185878202042,8.118505067587098,1.0986122886681096,7.729295674310482,7.268920128193722,13.0,13.0,0.0,3.0,0.0,1.0,10.0,2.0,1.0,328.0,0.22953114065780267,0.40557491289198605,9.0,0.9086471408647141,0.996268656716418,0.0,0.89808593510877,0.3102868884428617,0.32962132280481304,1434.0,120.7030777823986,0.5946693218304291,258.0,0.9961240310077519,257.0,0.0006997900629811056,2661.0,6.665683717782408,6.821107472256465,0.0,79.0,69.0,0.12758468983721954,0.061152661680598325,0.0030796304443466782,0.8081830180378354,0.12758468983721954,0.11746590409150902,0.0030796304443466782,0.7518697756269248,0.11922569291684998,0.23185217773867137,0.0,0.6489221293444787,0.4185664966970056,0.18404478656403078,263.0,0.0,0.0,2734.0,1.6949658285639004,0.1113013698630137,0.0,2.1808987483760887,34.0,1429.0,26.0,1.0,1.185444366689993,7.43543801981455
fused_rtl_state_pipeline_qd,VerilogEval-Spec-to-RTL,Prob153_gshare,sequential,revolution_qd,grid_quantile,fused_rtl_state_pipeline_2d,1,True,generation_log,e6d85097-09af-44c1-aebb-fcb2bf6d9888,single_thought_operator,0.03634514481196403,0.03634514481196403,0.03634514481196403,success_pool,whole,warmup_buffered,False,False,warmup:3,True,3047.0,0.392,0.74,-166.91,-0.73,-0.007272727272727273,0.102974828375286,0.013333333333333345,,/workspace/exp/useful_bd_push/t63_fused_rtl_native_20260623_133903_UTC/hard_tuning/fused_rtl_state_pipeline_qd/seed_1001/openai_gpt-oss-120b/VerilogEval-Spec-to-RTL/Prob153_gshare/Gen1/Prob153_gshare_sample9_single_thought_operator,/workspace/exp/useful_bd_push/t63_fused_rtl_native_20260623_133903_UTC/hard_tuning/fused_rtl_state_pipeline_qd/seed_1001/openai_gpt-oss-120b/VerilogEval-Spec-to-RTL/Prob153_gshare/Gen1/Prob153_gshare_sample9_single_thought_operator/code.sv,/workspace/exp/useful_bd_push/t63_fused_rtl_native_20260623_133903_UTC/hard_tuning/fused_rtl_state_pipeline_qd/seed_1001/openai_gpt-oss-120b/VerilogEval-Spec-to-RTL/Prob153_gshare/Gen1/Prob153_gshare_sample9_single_thought_operator/code_synthesis_report.metrics.json,/workspace/exp/useful_bd_push/t63_fused_rtl_native_20260623_133903_UTC/hard_tuning/fused_rtl_state_pipeline_qd/seed_1001/openai_gpt-oss-120b/VerilogEval-Spec-to-RTL/Prob153_gshare/Gen1/Prob153_gshare_sample9_single_thought_operator/qd_archive_event.json,/workspace/exp/useful_bd_push/t63_fused_rtl_native_20260623_133903_UTC/hard_tuning/fused_rtl_state_pipeline_qd/seed_1001/openai_gpt-oss-120b/VerilogEval-Spec-to-RTL/Prob153_gshare/Gen1/Prob153_gshare_sample9_single_thought_operator/wave.vcd,True,True,True,True,True,True,True,False,True,,0.0,2.0,2.0,0.0,2.0,19.0,1.0,7.231287004327616,0.8095582910934106,7.349230824613334,1554.0,9.0,9.0,0.9090909090909091,8.0,2.824123588829471,129.0,2.0,0.0,1683.0,4753.0,2515.0,8.604303361228888,257.0,3.0,3.0,3.2429423459244533,2515.0,2514.0,4.0,0.040325818347214853,0.992514957290591,8.46674164792014,1.3862943611198906,7.830425617820331,7.428927194802272,6.0,7.0,1.0,3.0,0.0,0.0,9.0,2.0,1.0,304.0,0.22013034033309195,0.4970308788598575,10.0,0.6155674390968509,1.0,0.0,0.9473454583449074,0.5410501328240593,0.5388886568953278,1683.0,60.81363744004185,0.7960116676337733,181.0,0.988950276243094,179.0,0.0,2526.0,6.658011045870748,6.816735880594968,0.0,72.0,64.0,0.11530815109343936,0.05765407554671968,0.002783300198807157,0.8242544731610338,0.11530815109343936,0.006759443339960238,0.002783300198807157,0.8751491053677932,0.1077534791252485,0.005566600397614314,0.0,0.8866799204771372,0.47447616863072306,0.19044170890658943,263.0,0.0,0.0,3230.0,1.6237537935737214,0.0916138125440451,4.0,2.11428554559044,29.85,1381.0,28.0,1.0,1.1918899348298335,7.4067107301776405
fused_rtl_state_pipeline_qd,VerilogEval-Spec-to-RTL,Prob153_gshare,sequential,revolution_qd,grid_quantile,fused_rtl_state_pipeline_2d,1,True,generation_log,3252d167-a902-44d9-a4c5-7927984e7013,single_thought_operator,0.10417106366347055,0.10417106366347055,0.10417106366347055,success_pool,whole,warmup_buffered,False,False,warmup:4,True,2817.0,0.313,0.78,-198.13,-0.77,0.0687603305785124,0.2837528604118993,-0.040000000000000036,,/workspace/exp/useful_bd_push/t63_fused_rtl_native_20260623_133903_UTC/hard_tuning/fused_rtl_state_pipeline_qd/seed_1001/openai_gpt-oss-120b/VerilogEval-Spec-to-RTL/Prob153_gshare/Gen1/Prob153_gshare_sample12_single_thought_operator,/workspace/exp/useful_bd_push/t63_fused_rtl_native_20260623_133903_UTC/hard_tuning/fused_rtl_state_pipeline_qd/seed_1001/openai_gpt-oss-120b/VerilogEval-Spec-to-RTL/Prob153_gshare/Gen1/Prob153_gshare_sample12_single_thought_operator/code.sv,/workspace/exp/useful_bd_push/t63_fused_rtl_native_20260623_133903_UTC/hard_tuning/fused_rtl_state_pipeline_qd/seed_1001/openai_gpt-oss-120b/VerilogEval-Spec-to-RTL/Prob153_gshare/Gen1/Prob153_gshare_sample12_single_thought_operator/code_synthesis_report.metrics.json,/workspace/exp/useful_bd_push/t63_fused_rtl_native_20260623_133903_UTC/hard_tuning/fused_rtl_state_pipeline_qd/seed_1001/openai_gpt-oss-120b/VerilogEval-Spec-to-RTL/Prob153_gshare/Gen1/Prob153_gshare_sample12_single_thought_operator/qd_archive_event.json,/workspace/exp/useful_bd_push/t63_fused_rtl_native_20260623_133903_UTC/hard_tuning/fused_rtl_state_pipeline_qd/seed_1001/openai_gpt-oss-120b/VerilogEval-Spec-to-RTL/Prob153_gshare/Gen1/Prob153_gshare_sample12_single_thought_operator/wave.vcd,True,True,True,True,True,True,True,False,True,,0.003912363067292645,1.0,1.0,5.0,2.0,19.0,1.0,7.153833801578843,0.7942097026604069,7.349873704738337,1555.0,11.0,10.0,0.8461538461538461,8.0,2.823040380047506,129.0,1.0,0.0,1684.0,4754.0,2516.0,8.6053954845092,257.0,3.0,3.0,3.242448330683625,2516.0,2515.0,4.0,0.04007755474533205,0.9925161503575026,8.46695197497949,1.3862943611198906,7.830822995135316,7.429520842786462,6.0,7.0,1.0,3.0,0.0,0.0,9.0,2.0,0.0,345.0,0.2699530516431925,0.4967359050445104,12.0,0.6157957244655582,1.0,0.0,0.9550529305075917,0.5194827312570304,0.5186070395813187,1684.0,62.077060176161055,0.8269532950640746,178.0,0.9887640449438202,176.0,0.0,2191.0,6.663132695990803,6.816735880594968,0.0,63.0,56.0,0.11526232114467408,0.05802861685214626,0.0027821939586645467,0.8239268680445151,0.11526232114467408,0.006756756756756757,0.0027821939586645467,0.8751987281399046,0.10771065182829889,0.005961844197138315,0.0,0.8863275039745628,0.4744833484477683,0.20579029733959311,263.0,0.0,0.0,3232.0,1.623605520781615,0.09154929577464789,5.0,2.0122498627495107,27.35,1278.0,26.0,1.0,1.2112676056338028,7.3453648404168685
fused_rtl_state_pipeline_qd,VerilogEval-Spec-to-RTL,Prob153_gshare,sequential,revolution_qd,grid_quantile,fused_rtl_state_pipeline_2d,2,True,generation_log,ba68e7de-fd0b-4dbc-bf4c-44c44eae7cec,single_thought_operator,-0.017736171786515046,-0.017736171786515046,-0.017736171786515046,success_pool,whole,filled_empty,True,False,"3,0",True,3080.0,0.429,0.79,-198.35,-0.78,-0.01818181818181818,0.018306636155606425,-0.05333333333333338,,/workspace/exp/useful_bd_push/t63_fused_rtl_native_20260623_133903_UTC/hard_tuning/fused_rtl_state_pipeline_qd/seed_1001/openai_gpt-oss-120b/VerilogEval-Spec-to-RTL/Prob153_gshare/Gen2/Prob153_gshare_sample2_single_thought_operator,/workspace/exp/useful_bd_push/t63_fused_rtl_native_20260623_133903_UTC/hard_tuning/fused_rtl_state_pipeline_qd/seed_1001/openai_gpt-oss-120b/VerilogEval-Spec-to-RTL/Prob153_gshare/Gen2/Prob153_gshare_sample2_single_thought_operator/code.sv,/workspace/exp/useful_bd_push/t63_fused_rtl_native_20260623_133903_UTC/hard_tuning/fused_rtl_state_pipeline_qd/seed_1001/openai_gpt-oss-120b/VerilogEval-Spec-to-RTL/Prob153_gshare/Gen2/Prob153_gshare_sample2_single_thought_operator/code_synthesis_report.metrics.json,/workspace/exp/useful_bd_push/t63_fused_rtl_native_20260623_133903_UTC/hard_tuning/fused_rtl_state_pipeline_qd/seed_1001/openai_gpt-oss-120b/VerilogEval-Spec-to-RTL/Prob153_gshare/Gen2/Prob153_gshare_sample2_single_thought_operator/qd_archive_event.json,/workspace/exp/useful_bd_push/t63_fused_rtl_native_20260623_133903_UTC/hard_tuning/fused_rtl_state_pipeline_qd/seed_1001/openai_gpt-oss-120b/VerilogEval-Spec-to-RTL/Prob153_gshare/Gen2/Prob153_gshare_sample2_single_thought_operator/wave.vcd,True,True,True,True,True,True,True,False,True,,0.0,1.0,3.0,0.0,2.0,23.0,0.0,7.344072850573066,0.8298835705045278,7.173958319756794,1304.0,10.0,7.0,0.8,10.0,2.3405443126308443,129.0,1.0,0.0,1433.0,3354.0,2272.0,8.370302221912027,391.0,2.0,2.0,3.036531690140845,2272.0,2271.0,7.0,0.04140172876260205,0.9871085612910769,8.118207049405783,1.0986122886681096,7.728855823852543,7.2682230211595655,13.0,13.0,0.0,3.0,0.0,1.0,9.0,2.0,0.0,302.0,0.19534282018111254,0.40585774058577406,9.0,0.9085833914863922,1.0,0.0,0.8966185450677495,0.3042498977365932,0.324486828111721,1433.0,125.97566194043009,0.5888646185180103,251.0,0.9960159362549801,250.0,0.000646830530401035,1780.0,6.665683717782408,6.818924065275521,0.0,58.0,52.0,0.12764084507042253,0.06073943661971831,0.0030809859154929575,0.8085387323943662,0.12764084507042253,0.11751760563380281,0.0030809859154929575,0.7517605633802817,0.1192781690140845,0.23151408450704225,0.0,0.6492077464788732,0.41852653450815597,0.17011642949547218,263.0,0.0,0.0,2732.0,1.6953593309436585,0.11139674378748929,0.0,2.1590667056067314,27.35,1546.0,25.0,1.0,1.1714100905562743,7.502186486602925
fused_rtl_state_pipeline_qd,VerilogEval-Spec-to-RTL,Prob153_gshare,sequential,revolution_qd,grid_quantile,fused_rtl_state_pipeline_2d,2,True,generation_log,77aef560-29c9-496d-b186-d794199c7a3c,single_thought_operator,0.13560291914358902,0.13560291914358902,0.13560291914358902,success_pool,whole,replaced_elite,True,True,"1,3",True,2790.0,0.299,0.74,-186.36,-0.73,0.07768595041322314,0.31578947368421056,0.013333333333333345,,/workspace/exp/useful_bd_push/t63_fused_rtl_native_20260623_133903_UTC/hard_tuning/fused_rtl_state_pipeline_qd/seed_1001/openai_gpt-oss-120b/VerilogEval-Spec-to-RTL/Prob153_gshare/Gen2/Prob153_gshare_sample3_single_thought_operator,/workspace/exp/useful_bd_push/t63_fused_rtl_native_20260623_133903_UTC/hard_tuning/fused_rtl_state_pipeline_qd/seed_1001/openai_gpt-oss-120b/VerilogEval-Spec-to-RTL/Prob153_gshare/Gen2/Prob153_gshare_sample3_single_thought_operator/code.sv,/workspace/exp/useful_bd_push/t63_fused_rtl_native_20260623_133903_UTC/hard_tuning/fused_rtl_state_pipeline_qd/seed_1001/openai_gpt-oss-120b/VerilogEval-Spec-to-RTL/Prob153_gshare/Gen2/Prob153_gshare_sample3_single_thought_operator/code_synthesis_report.metrics.json,/workspace/exp/useful_bd_push/t63_fused_rtl_native_20260623_133903_UTC/hard_tuning/fused_rtl_state_pipeline_qd/seed_1001/openai_gpt-oss-120b/VerilogEval-Spec-to-RTL/Prob153_gshare/Gen2/Prob153_gshare_sample3_single_thought_operator/qd_archive_event.json,/workspace/exp/useful_bd_push/t63_fused_rtl_native_20260623_133903_UTC/hard_tuning/fused_rtl_state_pipeline_qd/seed_1001/openai_gpt-oss-120b/VerilogEval-Spec-to-RTL/Prob153_gshare/Gen2/Prob153_gshare_sample3_single_thought_operator/wave.vcd,True,True,True,True,True,True,True,False,True,,0.0038669760247486465,1.0,1.0,5.0,2.0,19.0,1.0,7.165493475060845,0.7965970610982211,7.349230824613334,1554.0,8.0,9.0,1.0,8.0,2.824123588829471,129.0,1.0,0.0,1683.0,4753.0,2515.0,8.604303361228888,257.0,3.0,3.0,3.2429423459244533,2515.0,2514.0,2.0,0.04032581834721291,0.9925149572905911,8.46674164792014,1.3862943611198906,7.830425617820331,7.428927194802272,6.0,7.0,1.0,3.0,0.0,0.0,8.0,5.0,0.0,319.0,0.24671307037896364,0.4970308788598575,9.0,0.6155674390968509,1.0,0.0,0.9559451175871558,0.4969922395583905,0.4971247460909716,1683.0,66.63934370194572,0.8301975826480888,187.0,0.9893048128342246,185.0,0.0,2011.0,6.476972362889683,6.659293919683638,0.0,58.0,54.0,0.11530815109343936,0.05765407554671968,0.002783300198807157,0.8242544731610338,0.11530815109343936,0.006759443339960238,0.002783300198807157,0.8751491053677932,0.1077534791252485,0.005566600397614314,0.0,0.8866799204771372,0.47447616863072306,0.2034029389017788,263.0,0.0,0.0,3230.0,1.6237537935737214,0.0916138125440451,6.0,2.0550771152950107,30.200000000000003,1293.0,29.0,1.0,1.208816705336427,7.355001921105257
fused_rtl_state_pipeline_qd,VerilogEval-Spec-to-RTL,Prob153_gshare,sequential,revolution_qd,grid_quantile,fused_rtl_state_pipeline_2d,2,True,generation_log,e5f1ef92-dcbe-41af-8136-eb9c5302fe61,single_thought_operator,-0.017736171786515046,-0.017736171786515046,-0.017736171786515046,success_pool,whole,duplicate_objectives,False,False,"3,0",False,3080.0,0.429,0.79,-198.35,-0.78,-0.01818181818181818,0.018306636155606425,-0.05333333333333338,,/workspace/exp/useful_bd_push/t63_fused_rtl_native_20260623_133903_UTC/hard_tuning/fused_rtl_state_pipeline_qd/seed_1001/openai_gpt-oss-120b/VerilogEval-Spec-to-RTL/Prob153_gshare/Gen2/Prob153_gshare_sample4_single_thought_operator,/workspace/exp/useful_bd_push/t63_fused_rtl_native_20260623_133903_UTC/hard_tuning/fused_rtl_state_pipeline_qd/seed_1001/openai_gpt-oss-120b/VerilogEval-Spec-to-RTL/Prob153_gshare/Gen2/Prob153_gshare_sample2_single_thought_operator/code.sv,/workspace/exp/useful_bd_push/t63_fused_rtl_native_20260623_133903_UTC/hard_tuning/fused_rtl_state_pipeline_qd/seed_1001/openai_gpt-oss-120b/VerilogEval-Spec-to-RTL/Prob153_gshare/Gen2/Prob153_gshare_sample4_single_thought_operator/code_synthesis_report.metrics.json,/workspace/exp/useful_bd_push/t63_fused_rtl_native_20260623_133903_UTC/hard_tuning/fused_rtl_state_pipeline_qd/seed_1001/openai_gpt-oss-120b/VerilogEval-Spec-to-RTL/Prob153_gshare/Gen2/Prob153_gshare_sample4_single_thought_operator/qd_archive_event.json,/workspace/exp/useful_bd_push/t63_fused_rtl_native_20260623_133903_UTC/hard_tuning/fused_rtl_state_pipeline_qd/seed_1001/openai_gpt-oss-120b/VerilogEval-Spec-to-RTL/Prob153_gshare/Gen2/Prob153_gshare_sample4_single_thought_operator/wave.vcd,True,True,True,True,True,True,True,False,True,,0.0,1.0,3.0,0.0,2.0,23.0,0.0,7.344072850573066,0.8298835705045278,7.173958319756794,1304.0,10.0,7.0,0.8,10.0,2.3405443126308443,129.0,1.0,0.0,1433.0,3354.0,2272.0,8.370302221912027,391.0,2.0,2.0,3.036531690140845,2272.0,2271.0,7.0,0.04140172876260202,0.9871085612910769,8.118207049405783,1.0986122886681096,7.728855823852543,7.2682230211595655,13.0,13.0,0.0,3.0,0.0,1.0,9.0,2.0,0.0,302.0,0.19534282018111254,0.40585774058577406,9.0,0.9085833914863922,1.0,0.0,0.8962101210819804,0.297391703315129,0.318420393895838,1433.0,128.192943074857,0.5871934255043925,255.0,0.996078431372549,254.0,0.000646830530401035,1772.0,6.665683717782408,6.818924065275521,0.0,57.0,53.0,0.12764084507042253,0.06073943661971831,0.0030809859154929575,0.8085387323943662,0.12764084507042253,0.11751760563380281,0.0030809859154929575,0.7517605633802817,0.1192781690140845,0.23151408450704225,0.0,0.6492077464788732,0.418526534508156,0.17011642949547218,263.0,0.0,0.0,2732.0,1.6953593309436585,0.11139674378748929,0.0,2.1590667056067314,27.35,1546.0,26.0,1.0,1.1714100905562743,7.502186486602925
fused_rtl_state_pipeline_qd,VerilogEval-Spec-to-RTL,Prob153_gshare,sequential,revolution_qd,grid_quantile,fused_rtl_state_pipeline_2d,2,True,generation_log,8639c5bd-d1bb-4588-b3c3-6bd4b9dd3997,single_thought_operator,-0.06434513640671326,-0.06434513640671326,-0.06434513640671326,success_pool,whole,pareto_inserted,True,False,"3,0",True,3317.0,0.485,0.74,-176.25,-0.73,-0.09652892561983471,-0.10983981693363841,0.013333333333333345,,/workspace/exp/useful_bd_push/t63_fused_rtl_native_20260623_133903_UTC/hard_tuning/fused_rtl_state_pipeline_qd/seed_1001/openai_gpt-oss-120b/VerilogEval-Spec-to-RTL/Prob153_gshare/Gen2/Prob153_gshare_sample5_single_thought_operator,/workspace/exp/useful_bd_push/t63_fused_rtl_native_20260623_133903_UTC/hard_tuning/fused_rtl_state_pipeline_qd/seed_1001/openai_gpt-oss-120b/VerilogEval-Spec-to-RTL/Prob153_gshare/Gen2/Prob153_gshare_sample5_single_thought_operator/code.sv,/workspace/exp/useful_bd_push/t63_fused_rtl_native_20260623_133903_UTC/hard_tuning/fused_rtl_state_pipeline_qd/seed_1001/openai_gpt-oss-120b/VerilogEval-Spec-to-RTL/Prob153_gshare/Gen2/Prob153_gshare_sample5_single_thought_operator/code_synthesis_report.metrics.json,/workspace/exp/useful_bd_push/t63_fused_rtl_native_20260623_133903_UTC/hard_tuning/fused_rtl_state_pipeline_qd/seed_1001/openai_gpt-oss-120b/VerilogEval-Spec-to-RTL/Prob153_gshare/Gen2/Prob153_gshare_sample5_single_thought_operator/qd_archive_event.json,/workspace/exp/useful_bd_push/t63_fused_rtl_native_20260623_133903_UTC/hard_tuning/fused_rtl_state_pipeline_qd/seed_1001/openai_gpt-oss-120b/VerilogEval-Spec-to-RTL/Prob153_gshare/Gen2/Prob153_gshare_sample5_single_thought_operator/wave.vcd,True,True,True,True,True,True,True,False,True,,0.0,1.0,3.0,0.0,2.0,23.0,0.0,7.473637108496206,0.8505681818181818,7.173958319756794,1304.0,10.0,7.0,0.8,10.0,2.3405443126308443,129.0,2.0,0.0,1433.0,3354.0,2272.0,8.370302221912027,391.0,2.0,2.0,3.036531690140845,2272.0,2271.0,7.0,0.041401728762603486,0.9871085612910767,8.118207049405783,1.0986122886681096,7.728855823852543,7.2682230211595655,13.0,13.0,0.0,8.0,0.0,1.0,9.0,4.0,0.0,299.0,0.16988636363636364,0.40585774058577406,9.0,0.9085833914863922,1.0,0.0,0.8944552332871893,0.29525820652234497,0.3168676313513065,1433.0,129.22550311808453,0.5802799495421997,244.0,0.9959016393442623,243.0,0.0005681818181818182,2180.0,6.665683717782408,6.818924065275521,0.0,61.0,55.0,0.12764084507042253,0.06073943661971831,0.0030809859154929575,0.8085387323943662,0.12764084507042253,0.11751760563380281,0.0030809859154929575,0.7517605633802817,0.1192781690140845,0.23151408450704225,0.0,0.6492077464788732,0.41852653450815597,0.1494318181818182,263.0,0.0,0.0,2732.0,1.6953593309436585,0.11139674378748929,0.0,2.2322918002662164,31.35,1760.0,25.0,1.0,1.1505681818181819,7.613818684808629
fused_rtl_state_pipeline_qd,VerilogEval-Spec-to-RTL,Prob153_gshare,sequential,revolution_qd,grid_quantile,fused_rtl_state_pipeline_2d,2,True,generation_log,4b209b99-8e94-46bc-84d6-fd058e281c72,single_thought_operator,0.11772595940684144,0.11772595940684144,0.11772595940684144,success_pool,whole,filled_empty,True,False,"0,3",True,2731.0,0.296,0.8,-202.45,-0.79,0.0971900826446281,0.32265446224256294,-0.06666666666666672,,/workspace/exp/useful_bd_push/t63_fused_rtl_native_20260623_133903_UTC/hard_tuning/fused_rtl_state_pipeline_qd/seed_1001/openai_gpt-oss-120b/VerilogEval-Spec-to-RTL/Prob153_gshare/Gen2/Prob153_gshare_sample8_single_thought_operator,/workspace/exp/useful_bd_push/t63_fused_rtl_native_20260623_133903_UTC/hard_tuning/fused_rtl_state_pipeline_qd/seed_1001/openai_gpt-oss-120b/VerilogEval-Spec-to-RTL/Prob153_gshare/Gen2/Prob153_gshare_sample8_single_thought_operator/code.sv,/workspace/exp/useful_bd_push/t63_fused_rtl_native_20260623_133903_UTC/hard_tuning/fused_rtl_state_pipeline_qd/seed_1001/openai_gpt-oss-120b/VerilogEval-Spec-to-RTL/Prob153_gshare/Gen2/Prob153_gshare_sample8_single_thought_operator/code_synthesis_report.metrics.json,/workspace/exp/useful_bd_push/t63_fused_rtl_native_20260623_133903_UTC/hard_tuning/fused_rtl_state_pipeline_qd/seed_1001/openai_gpt-oss-120b/VerilogEval-Spec-to-RTL/Prob153_gshare/Gen2/Prob153_gshare_sample8_single_thought_operator/qd_archive_event.json,/workspace/exp/useful_bd_push/t63_fused_rtl_native_20260623_133903_UTC/hard_tuning/fused_rtl_state_pipeline_qd/seed_1001/openai_gpt-oss-120b/VerilogEval-Spec-to-RTL/Prob153_gshare/Gen2/Prob153_gshare_sample8_single_thought_operator/wave.vcd,True,True,True,True,True,True,True,False,True,,0.004006410256410256,1.0,1.0,5.0,2.0,19.0,1.0,7.130098510125578,0.7892628205128205,7.350516171833998,1556.0,8.0,11.0,1.2,8.0,2.821958456973294,129.0,2.0,0.0,1685.0,4755.0,2523.0,8.610711543712764,257.0,3.0,3.0,3.2366230677764567,2523.0,2522.0,2.0,0.039890953776782916,0.9925102321224155,8.467162257810672,1.3862943611198906,7.8336002236611035,7.430114138561801,6.0,7.0,1.0,3.0,0.0,0.0,8.0,7.0,0.0,273.0,0.21875,0.49644128113879005,9.0,0.6160237388724036,0.996309963099631,0.0,0.9595941020364513,0.5492435034429446,0.5472537754674613,1685.0,56.364409145114614,0.8452335510029486,175.0,0.9885714285714285,173.0,0.0,2173.0,6.476972362889683,6.659293919683638,0.0,60.0,54.0,0.11494252873563218,0.06064209274673008,0.0027744748315497426,0.821640903686088,0.11494252873563218,0.009512485136741973,0.0027744748315497426,0.8727705112960761,0.10741181133571145,0.008719778042013475,0.0,0.8838684106222751,0.47448081800938596,0.2107371794871795,263.0,0.0,0.0,3234.0,1.6234566151830967,0.09148486980999296,8.0,2.0248854940264316,37.2,1248.0,27.0,1.0,1.2163461538461537,7.325807502595773
fused_rtl_state_pipeline_qd,VerilogEval-Spec-to-RTL,Prob153_gshare,sequential,revolution_qd,grid_quantile,fused_rtl_state_pipeline_2d,2,True,generation_log,80e0233b-81cc-41dc-9f5d-9cdd1be4203c,single_thought_operator,-0.017736171786515046,-0.017736171786515046,-0.017736171786515046,success_pool,whole,duplicate_objectives,False,False,"3,0",False,3080.0,0.429,0.79,-198.35,-0.78,-0.01818181818181818,0.018306636155606425,-0.05333333333333338,,/workspace/exp/useful_bd_push/t63_fused_rtl_native_20260623_133903_UTC/hard_tuning/fused_rtl_state_pipeline_qd/seed_1001/openai_gpt-oss-120b/VerilogEval-Spec-to-RTL/Prob153_gshare/Gen2/Prob153_gshare_sample9_single_thought_operator,/workspace/exp/useful_bd_push/t63_fused_rtl_native_20260623_133903_UTC/hard_tuning/fused_rtl_state_pipeline_qd/seed_1001/openai_gpt-oss-120b/VerilogEval-Spec-to-RTL/Prob153_gshare/Gen2/Prob153_gshare_sample2_single_thought_operator/code.sv,/workspace/exp/useful_bd_push/t63_fused_rtl_native_20260623_133903_UTC/hard_tuning/fused_rtl_state_pipeline_qd/seed_1001/openai_gpt-oss-120b/VerilogEval-Spec-to-RTL/Prob153_gshare/Gen2/Prob153_gshare_sample9_single_thought_operator/code_synthesis_report.metrics.json,/workspace/exp/useful_bd_push/t63_fused_rtl_native_20260623_133903_UTC/hard_tuning/fused_rtl_state_pipeline_qd/seed_1001/openai_gpt-oss-120b/VerilogEval-Spec-to-RTL/Prob153_gshare/Gen2/Prob153_gshare_sample9_single_thought_operator/qd_archive_event.json,/workspace/exp/useful_bd_push/t63_fused_rtl_native_20260623_133903_UTC/hard_tuning/fused_rtl_state_pipeline_qd/seed_1001/openai_gpt-oss-120b/VerilogEval-Spec-to-RTL/Prob153_gshare/Gen2/Prob153_gshare_sample9_single_thought_operator/wave.vcd,True,True,True,True,True,True,True,False,True,,0.0,1.0,3.0,0.0,2.0,23.0,0.0,7.344072850573066,0.8298835705045278,7.173958319756794,1304.0,10.0,7.0,0.8,10.0,2.3405443126308443,129.0,2.0,0.0,1433.0,3354.0,2272.0,8.370302221912027,391.0,2.0,2.0,3.036531690140845,2272.0,2271.0,7.0,0.04140172876260202,0.9871085612910769,8.118207049405783,1.0986122886681096,7.728855823852543,7.2682230211595655,13.0,13.0,0.0,3.0,0.0,1.0,9.0,2.0,0.0,302.0,0.19534282018111254,0.40585774058577406,9.0,0.9085833914863922,1.0,0.0,0.8993039368070123,0.30280568306751293,0.3226623744666447,1433.0,125.16707025449739,0.5995779519524587,254.0,0.9960629921259843,253.0,0.000646830530401035,2349.0,6.665683717782408,6.818924065275521,0.0,65.0,58.0,0.12764084507042253,0.06073943661971831,0.0030809859154929575,0.8085387323943662,0.12764084507042253,0.11751760563380281,0.0030809859154929575,0.7517605633802817,0.1192781690140845,0.23151408450704225,0.0,0.6492077464788732,0.418526534508156,0.17011642949547218,263.0,0.0,0.0,2732.0,1.6953593309436585,0.11139674378748929,0.0,2.1590667056067314,27.35,1546.0,25.0,1.0,1.1714100905562743,7.502186486602925
fused_rtl_state_pipeline_qd,VerilogEval-Spec-to-RTL,Prob153_gshare,sequential,revolution_qd,grid_quantile,fused_rtl_state_pipeline_2d,2,True,generation_log,03e6cf59-3c99-43b4-8652-fb22869c2a85,single_thought_operator,-0.027500299437058354,-0.027500299437058354,-0.027500299437058354,success_pool,whole,filled_empty,True,False,"2,3",True,3122.0,0.494,0.6900000000000001,-166.58,-0.68,-0.03206611570247934,-0.13043478260869565,0.07999999999999992,,/workspace/exp/useful_bd_push/t63_fused_rtl_native_20260623_133903_UTC/hard_tuning/fused_rtl_state_pipeline_qd/seed_1001/openai_gpt-oss-120b/VerilogEval-Spec-to-RTL/Prob153_gshare/Gen2/Prob153_gshare_sample10_single_thought_operator,/workspace/exp/useful_bd_push/t63_fused_rtl_native_20260623_133903_UTC/hard_tuning/fused_rtl_state_pipeline_qd/seed_1001/openai_gpt-oss-120b/VerilogEval-Spec-to-RTL/Prob153_gshare/Gen2/Prob153_gshare_sample10_single_thought_operator/code.sv,/workspace/exp/useful_bd_push/t63_fused_rtl_native_20260623_133903_UTC/hard_tuning/fused_rtl_state_pipeline_qd/seed_1001/openai_gpt-oss-120b/VerilogEval-Spec-to-RTL/Prob153_gshare/Gen2/Prob153_gshare_sample10_single_thought_operator/code_synthesis_report.metrics.json,/workspace/exp/useful_bd_push/t63_fused_rtl_native_20260623_133903_UTC/hard_tuning/fused_rtl_state_pipeline_qd/seed_1001/openai_gpt-oss-120b/VerilogEval-Spec-to-RTL/Prob153_gshare/Gen2/Prob153_gshare_sample10_single_thought_operator/qd_archive_event.json,/workspace/exp/useful_bd_push/t63_fused_rtl_native_20260623_133903_UTC/hard_tuning/fused_rtl_state_pipeline_qd/seed_1001/openai_gpt-oss-120b/VerilogEval-Spec-to-RTL/Prob153_gshare/Gen2/Prob153_gshare_sample10_single_thought_operator/wave.vcd,True,True,True,True,True,True,True,False,True,,0.0,1.0,3.0,0.0,2.0,23.0,0.0,7.301147805856032,0.8224172856178258,7.174724309836376,1305.0,8.0,8.0,1.125,10.0,2.3396094839609485,129.0,3.0,0.0,1434.0,3355.0,2273.0,8.371591116190963,391.0,2.0,2.0,3.0360756709194896,2273.0,2272.0,7.0,0.04139797377616088,0.9871185878202041,8.118505067587098,1.0986122886681096,7.729295674310482,7.268920128193722,13.0,13.0,0.0,3.0,0.0,1.0,9.0,5.0,0.0,311.0,0.2099932478055368,0.40557491289198605,7.0,0.9086471408647141,0.996268656716418,0.0,0.8965976578621137,0.31619040941024656,0.335196751584633,1434.0,118.65535919329598,0.5887072337650572,259.0,0.9961389961389961,258.0,0.0006752194463200541,3065.0,6.660575149839686,6.814542897259958,0.0,76.0,66.0,0.12758468983721954,0.061152661680598325,0.0030796304443466782,0.8081830180378354,0.12758468983721954,0.11746590409150902,0.0030796304443466782,0.7518697756269248,0.11922569291684998,0.23185217773867137,0.0,0.6489221293444787,0.41856649669700546,0.1775827143821742,263.0,0.0,0.0,2734.0,1.6949658285639004,0.1113013698630137,3.0,2.178741471118883,33.85,1481.0,28.0,1.0,1.1789331532748144,7.465655310134056
fused_rtl_state_pipeline_qd,VerilogEval-Spec-to-RTL,Prob153_gshare,sequential,revolution_qd,grid_quantile,fused_rtl_state_pipeline_2d,3,True,generation_log,cf528d1a-9ad6-4441-9702-d7eee4de9e1d,single_thought_operator,-0.017736171786515046,-0.017736171786515046,-0.017736171786515046,success_pool,whole,duplicate_objectives,False,False,"3,0",False,3080.0,0.429,0.79,-198.35,-0.78,-0.01818181818181818,0.018306636155606425,-0.05333333333333338,,/workspace/exp/useful_bd_push/t63_fused_rtl_native_20260623_133903_UTC/hard_tuning/fused_rtl_state_pipeline_qd/seed_1001/openai_gpt-oss-120b/VerilogEval-Spec-to-RTL/Prob153_gshare/Gen3/Prob153_gshare_sample1_single_thought_operator,/workspace/exp/useful_bd_push/t63_fused_rtl_native_20260623_133903_UTC/hard_tuning/fused_rtl_state_pipeline_qd/seed_1001/openai_gpt-oss-120b/VerilogEval-Spec-to-RTL/Prob153_gshare/Gen2/Prob153_gshare_sample2_single_thought_operator/code.sv,/workspace/exp/useful_bd_push/t63_fused_rtl_native_20260623_133903_UTC/hard_tuning/fused_rtl_state_pipeline_qd/seed_1001/openai_gpt-oss-120b/VerilogEval-Spec-to-RTL/Prob153_gshare/Gen3/Prob153_gshare_sample1_single_thought_operator/code_synthesis_report.metrics.json,/workspace/exp/useful_bd_push/t63_fused_rtl_native_20260623_133903_UTC/hard_tuning/fused_rtl_state_pipeline_qd/seed_1001/openai_gpt-oss-120b/VerilogEval-Spec-to-RTL/Prob153_gshare/Gen3/Prob153_gshare_sample1_single_thought_operator/qd_archive_event.json,/workspace/exp/useful_bd_push/t63_fused_rtl_native_20260623_133903_UTC/hard_tuning/fused_rtl_state_pipeline_qd/seed_1001/openai_gpt-oss-120b/VerilogEval-Spec-to-RTL/Prob153_gshare/Gen3/Prob153_gshare_sample1_single_thought_operator/wave.vcd,True,True,True,True,True,True,True,False,True,,0.0,1.0,3.0,0.0,2.0,23.0,0.0,7.344072850573066,0.8298835705045278,7.173958319756794,1304.0,10.0,7.0,0.8,10.0,2.3405443126308443,129.0,1.0,0.0,1433.0,3354.0,2272.0,8.370302221912027,391.0,2.0,2.0,3.036531690140845,2272.0,2271.0,7.0,0.04140172876260202,0.9871085612910769,8.118207049405783,1.0986122886681096,7.728855823852543,7.2682230211595655,13.0,13.0,0.0,3.0,0.0,1.0,9.0,2.0,0.0,302.0,0.19534282018111254,0.40585774058577406,9.0,0.9085833914863922,1.0,0.0,0.8945970846715365,0.2973037367805407,0.3186685138500573,1433.0,127.74344707535923,0.5807883386861462,250.0,0.996,249.0,0.000646830530401035,1907.0,6.665683717782408,6.818924065275521,0.0,61.0,54.0,0.12764084507042253,0.06073943661971831,0.0030809859154929575,0.8085387323943662,0.12764084507042253,0.11751760563380281,0.0030809859154929575,0.7517605633802817,0.1192781690140845,0.23151408450704225,0.0,0.6492077464788732,0.418526534508156,0.17011642949547218,263.0,0.0,0.0,2732.0,1.6953593309436585,0.11139674378748929,0.0,2.1590667056067314,27.35,1546.0,26.0,1.0,1.1714100905562743,7.502186486602925
fused_rtl_state_pipeline_qd,VerilogEval-Spec-to-RTL,Prob153_gshare,sequential,revolution_qd,grid_quantile,fused_rtl_state_pipeline_2d,3,True,generation_log,1af45853-d450-41d5-adc0-1072c8ebdb95,single_thought_operator,0.12327603053627602,0.12327603053627602,0.12327603053627602,success_pool,whole,replaced_elite,True,True,"0,3",True,2820.0,0.305,0.75,-189.16,-0.74,0.06776859504132231,0.30205949656750575,0.0,,/workspace/exp/useful_bd_push/t63_fused_rtl_native_20260623_133903_UTC/hard_tuning/fused_rtl_state_pipeline_qd/seed_1001/openai_gpt-oss-120b/VerilogEval-Spec-to-RTL/Prob153_gshare/Gen3/Prob153_gshare_sample2_single_thought_operator,/workspace/exp/useful_bd_push/t63_fused_rtl_native_20260623_133903_UTC/hard_tuning/fused_rtl_state_pipeline_qd/seed_1001/openai_gpt-oss-120b/VerilogEval-Spec-to-RTL/Prob153_gshare/Gen3/Prob153_gshare_sample2_single_thought_operator/code.sv,/workspace/exp/useful_bd_push/t63_fused_rtl_native_20260623_133903_UTC/hard_tuning/fused_rtl_state_pipeline_qd/seed_1001/openai_gpt-oss-120b/VerilogEval-Spec-to-RTL/Prob153_gshare/Gen3/Prob153_gshare_sample2_single_thought_operator/code_synthesis_report.metrics.json,/workspace/exp/useful_bd_push/t63_fused_rtl_native_20260623_133903_UTC/hard_tuning/fused_rtl_state_pipeline_qd/seed_1001/openai_gpt-oss-120b/VerilogEval-Spec-to-RTL/Prob153_gshare/Gen3/Prob153_gshare_sample2_single_thought_operator/qd_archive_event.json,/workspace/exp/useful_bd_push/t63_fused_rtl_native_20260623_133903_UTC/hard_tuning/fused_rtl_state_pipeline_qd/seed_1001/openai_gpt-oss-120b/VerilogEval-Spec-to-RTL/Prob153_gshare/Gen3/Prob153_gshare_sample2_single_thought_operator/wave.vcd,True,True,True,True,True,True,True,False,True,,0.0037678975131876413,1.0,1.0,5.0,2.0,19.0,1.0,7.191429330036379,0.80180859080633,7.349873704738337,1555.0,9.0,10.0,1.0,8.0,2.823040380047506,129.0,1.0,0.0,1684.0,4754.0,2516.0,8.6053954845092,257.0,3.0,3.0,3.242448330683625,2516.0,2515.0,4.0,0.04007755474533404,0.9925161503575026,8.46695197497949,1.3862943611198906,7.830822995135316,7.429520842786462,6.0,7.0,1.0,3.0,0.0,0.0,8.0,2.0,0.0,314.0,0.23662396382818388,0.4967359050445104,10.0,0.6157957244655582,1.0,0.0,0.9564148330296015,0.5219941917858028,0.5210355712644396,1684.0,63.15195541154527,0.8313736178326918,210.0,0.9904761904761905,208.0,0.0,2387.0,6.481577129276431,6.663132695990803,0.0,64.0,55.0,0.11526232114467408,0.05802861685214626,0.0027821939586645467,0.8239268680445151,0.11526232114467408,0.006756756756756757,0.0027821939586645467,0.8751987281399046,0.10771065182829889,0.005961844197138315,0.0,0.8863275039745628,0.4744833484477682,0.19819140919366993,263.0,0.0,0.0,3232.0,1.623605520781615,0.09154929577464789,5.0,2.034728779289523,26.2,1327.0,26.0,1.0,1.2034664657121326,7.37650812632622
fused_rtl_state_pipeline_qd,VerilogEval-Spec-to-RTL,Prob153_gshare,sequential,revolution_qd,grid_quantile,fused_rtl_state_pipeline_2d,3,True,generation_log,d6b9fe9c-94a0-4595-970c-a5e7f7afc874,single_thought_operator,0.125495773209524,0.125495773209524,0.125495773209524,success_pool,whole,filled_empty,True,False,"1,0",True,2755.0,0.294,0.78,-196.85,-0.77,0.08925619834710743,0.3272311212814646,-0.040000000000000036,,/workspace/exp/useful_bd_push/t63_fused_rtl_native_20260623_133903_UTC/hard_tuning/fused_rtl_state_pipeline_qd/seed_1001/openai_gpt-oss-120b/VerilogEval-Spec-to-RTL/Prob153_gshare/Gen3/Prob153_gshare_sample4_single_thought_operator,/workspace/exp/useful_bd_push/t63_fused_rtl_native_20260623_133903_UTC/hard_tuning/fused_rtl_state_pipeline_qd/seed_1001/openai_gpt-oss-120b/VerilogEval-Spec-to-RTL/Prob153_gshare/Gen3/Prob153_gshare_sample4_single_thought_operator/code.sv,/workspace/exp/useful_bd_push/t63_fused_rtl_native_20260623_133903_UTC/hard_tuning/fused_rtl_state_pipeline_qd/seed_1001/openai_gpt-oss-120b/VerilogEval-Spec-to-RTL/Prob153_gshare/Gen3/Prob153_gshare_sample4_single_thought_operator/code_synthesis_report.metrics.json,/workspace/exp/useful_bd_push/t63_fused_rtl_native_20260623_133903_UTC/hard_tuning/fused_rtl_state_pipeline_qd/seed_1001/openai_gpt-oss-120b/VerilogEval-Spec-to-RTL/Prob153_gshare/Gen3/Prob153_gshare_sample4_single_thought_operator/qd_archive_event.json,/workspace/exp/useful_bd_push/t63_fused_rtl_native_20260623_133903_UTC/hard_tuning/fused_rtl_state_pipeline_qd/seed_1001/openai_gpt-oss-120b/VerilogEval-Spec-to-RTL/Prob153_gshare/Gen3/Prob153_gshare_sample4_single_thought_operator/wave.vcd,True,True,True,True,True,True,True,False,True,,0.003943217665615142,1.0,1.0,5.0,2.0,19.0,1.0,7.1459844677143876,0.7925867507886435,7.349230824613334,1554.0,11.0,9.0,0.7692307692307693,8.0,2.824123588829471,129.0,2.0,0.0,1683.0,4753.0,2515.0,8.604303361228888,257.0,3.0,3.0,3.2429423459244533,2515.0,2514.0,4.0,0.040325818347210066,0.992514957290591,8.46674164792014,1.3862943611198906,7.830425617820331,7.428927194802272,6.0,7.0,1.0,3.0,0.0,0.0,9.0,2.0,0.0,300.0,0.23659305993690852,0.4970308788598575,12.0,0.6155674390968509,1.0,0.0,0.956895217638909,0.5393859689329039,0.5376882453139704,1683.0,58.212885819324654,0.8343605315725852,177.0,0.9887005649717514,175.0,0.0,2258.0,6.663132695990803,6.816735880594968,0.0,67.0,59.0,0.11530815109343936,0.05765407554671968,0.002783300198807157,0.8242544731610338,0.11530815109343936,0.006759443339960238,0.002783300198807157,0.8751491053677932,0.1077534791252485,0.005566600397614314,0.0,0.8866799204771372,0.47447616863072295,0.20741324921135645,263.0,0.0,0.0,3230.0,1.6237537935737214,0.0916138125440451,4.0,2.018112745627079,25.85,1268.0,29.0,1.0,1.2129337539432177,7.338888133838879
fused_rtl_state_pipeline_qd,VerilogEval-Spec-to-RTL,Prob153_gshare,sequential,revolution_qd,grid_quantile,fused_rtl_state_pipeline_2d,3,True,generation_log,a491494b-9b26-45c1-bd6a-fe1f97d2acc5,single_thought_operator,0.13560291914358902,0.13560291914358902,0.13560291914358902,success_pool,whole,duplicate_objectives,False,False,"1,3",False,2790.0,0.299,0.74,-186.36,-0.73,0.07768595041322314,0.31578947368421056,0.013333333333333345,,/workspace/exp/useful_bd_push/t63_fused_rtl_native_20260623_133903_UTC/hard_tuning/fused_rtl_state_pipeline_qd/seed_1001/openai_gpt-oss-120b/VerilogEval-Spec-to-RTL/Prob153_gshare/Gen3/Prob153_gshare_sample7_single_thought_operator,/workspace/exp/useful_bd_push/t63_fused_rtl_native_20260623_133903_UTC/hard_tuning/fused_rtl_state_pipeline_qd/seed_1001/openai_gpt-oss-120b/VerilogEval-Spec-to-RTL/Prob153_gshare/Gen2/Prob153_gshare_sample3_single_thought_operator/code.sv,/workspace/exp/useful_bd_push/t63_fused_rtl_native_20260623_133903_UTC/hard_tuning/fused_rtl_state_pipeline_qd/seed_1001/openai_gpt-oss-120b/VerilogEval-Spec-to-RTL/Prob153_gshare/Gen3/Prob153_gshare_sample7_single_thought_operator/code_synthesis_report.metrics.json,/workspace/exp/useful_bd_push/t63_fused_rtl_native_20260623_133903_UTC/hard_tuning/fused_rtl_state_pipeline_qd/seed_1001/openai_gpt-oss-120b/VerilogEval-Spec-to-RTL/Prob153_gshare/Gen3/Prob153_gshare_sample7_single_thought_operator/qd_archive_event.json,/workspace/exp/useful_bd_push/t63_fused_rtl_native_20260623_133903_UTC/hard_tuning/fused_rtl_state_pipeline_qd/seed_1001/openai_gpt-oss-120b/VerilogEval-Spec-to-RTL/Prob153_gshare/Gen3/Prob153_gshare_sample7_single_thought_operator/wave.vcd,True,True,True,True,True,True,True,False,True,,0.0038669760247486465,2.0,2.0,5.0,2.0,19.0,1.0,7.165493475060845,0.7965970610982211,7.349230824613334,1554.0,8.0,9.0,1.0,8.0,2.824123588829471,129.0,4.0,0.0,1683.0,4753.0,2515.0,8.604303361228888,257.0,3.0,3.0,3.2429423459244533,2515.0,2514.0,4.0,0.04032581834721036,0.992514957290591,8.46674164792014,1.3862943611198906,7.830425617820331,7.428927194802272,6.0,7.0,1.0,3.0,0.0,0.0,8.0,2.0,1.0,319.0,0.24671307037896364,0.4970308788598575,9.0,0.6155674390968509,1.0,0.0,0.9626443874617707,0.579372582040252,0.5764075706193975,1683.0,50.15587026326565,0.8639853710761335,179.0,0.9776536312849162,175.0,0.0,2341.0,6.476972362889683,6.664409020350408,0.0,68.0,61.0,0.11530815109343936,0.05765407554671968,0.002783300198807157,0.8242544731610338,0.11530815109343936,0.006759443339960238,0.002783300198807157,0.8751491053677932,0.1077534791252485,0.005566600397614314,0.0,0.8866799204771372,0.47447616863072295,0.2034029389017788,263.0,0.0,0.0,3230.0,1.6237537935737214,0.0916138125440451,4.0,2.130750178437043,29.200000000000003,1293.0,27.0,1.0,1.208816705336427,7.355001921105257
fused_rtl_state_pipeline_qd,VerilogEval-Spec-to-RTL,Prob153_gshare,sequential,revolution_qd,grid_quantile,fused_rtl_state_pipeline_2d,3,True,generation_log,ec244b1c-6912-47fb-85c1-100ae18ea819,single_thought_operator,-0.3017697675738034,-0.3017697675738034,-0.3017697675738034,success_pool,whole,pareto_inserted,True,False,"0,0",False,4123.0,0.674,0.75,-175.49,-0.74,-0.36297520661157023,-0.54233409610984,0.0,,/workspace/exp/useful_bd_push/t63_fused_rtl_native_20260623_133903_UTC/hard_tuning/fused_rtl_state_pipeline_qd/seed_1001/openai_gpt-oss-120b/VerilogEval-Spec-to-RTL/Prob153_gshare/Gen3/Prob153_gshare_sample8_single_thought_operator,/workspace/exp/useful_bd_push/t63_fused_rtl_native_20260623_133903_UTC/hard_tuning/fused_rtl_state_pipeline_qd/seed_1001/openai_gpt-oss-120b/VerilogEval-Spec-to-RTL/Prob153_gshare/Gen3/Prob153_gshare_sample8_single_thought_operator/code.sv,/workspace/exp/useful_bd_push/t63_fused_rtl_native_20260623_133903_UTC/hard_tuning/fused_rtl_state_pipeline_qd/seed_1001/openai_gpt-oss-120b/VerilogEval-Spec-to-RTL/Prob153_gshare/Gen3/Prob153_gshare_sample8_single_thought_operator/code_synthesis_report.metrics.json,/workspace/exp/useful_bd_push/t63_fused_rtl_native_20260623_133903_UTC/hard_tuning/fused_rtl_state_pipeline_qd/seed_1001/openai_gpt-oss-120b/VerilogEval-Spec-to-RTL/Prob153_gshare/Gen3/Prob153_gshare_sample8_single_thought_operator/qd_archive_event.json,/workspace/exp/useful_bd_push/t63_fused_rtl_native_20260623_133903_UTC/hard_tuning/fused_rtl_state_pipeline_qd/seed_1001/openai_gpt-oss-120b/VerilogEval-Spec-to-RTL/Prob153_gshare/Gen3/Prob153_gshare_sample8_single_thought_operator/wave.vcd,True,True,True,True,True,True,True,False,True,,0.0,1.0,1.0,0.0,2.0,22.0,1.0,7.864419904994565,0.898923904688701,7.500529485395295,1808.0,11.0,9.0,0.7692307692307693,10.0,2.4548270521424884,129.0,1.0,0.0,1937.0,4755.0,3277.0,9.289083373445814,771.0,3.0,2.0,2.879462923405554,3277.0,3276.0,8.0,0.04365934922627468,0.9848866094603851,8.467162257810672,1.3862943611198906,8.094988759303774,7.569411792450712,6.0,7.0,1.0,3.0,0.0,0.0,10.0,2.0,0.0,239.0,0.09185242121445042,0.30082559339525283,12.0,0.8002065049044915,1.0,0.0,0.9288261683461633,0.5164406067674672,0.5152704657891125,1937.0,48.68806807923448,0.7229969810769609,156.0,0.9871794871794872,154.0,0.0,1887.0,6.818924065275521,6.951772164398911,0.0,56.0,51.0,0.08849557522123894,0.041806530363137015,0.0021361000915471468,0.8675617943240769,0.08849557522123894,0.08147696063472688,0.0021361000915471468,0.827891364052487,0.08269758925846811,0.0042722001830942935,0.0,0.9130302105584376,0.48033574727258727,0.101076095311299,263.0,0.0,0.0,3738.0,1.481551276164761,0.07770472205618649,0.0,2.0122498627495107,26.0,2602.0,25.0,1.0,1.1018447348193696,7.961370201719511
fused_rtl_state_pipeline_qd,VerilogEval-Spec-to-RTL,Prob153_gshare,sequential,revolution_qd,grid_quantile,fused_rtl_state_pipeline_2d,3,True,generation_log,7de018e5-3bc1-4095-9579-fe33f65ef42f,single_thought_operator,-0.05422933306436536,-0.05422933306436536,-0.05422933306436536,success_pool,whole,pareto_inserted,True,True,"0,0",True,3218.0,0.521,0.68,-156.17,-0.67,-0.06380165289256198,-0.19221967963386732,0.09333333333333327,,/workspace/exp/useful_bd_push/t63_fused_rtl_native_20260623_133903_UTC/hard_tuning/fused_rtl_state_pipeline_qd/seed_1001/openai_gpt-oss-120b/VerilogEval-Spec-to-RTL/Prob153_gshare/Gen3/Prob153_gshare_sample10_single_thought_operator,/workspace/exp/useful_bd_push/t63_fused_rtl_native_20260623_133903_UTC/hard_tuning/fused_rtl_state_pipeline_qd/seed_1001/openai_gpt-oss-120b/VerilogEval-Spec-to-RTL/Prob153_gshare/Gen3/Prob153_gshare_sample10_single_thought_operator/code.sv,/workspace/exp/useful_bd_push/t63_fused_rtl_native_20260623_133903_UTC/hard_tuning/fused_rtl_state_pipeline_qd/seed_1001/openai_gpt-oss-120b/VerilogEval-Spec-to-RTL/Prob153_gshare/Gen3/Prob153_gshare_sample10_single_thought_operator/code_synthesis_report.metrics.json,/workspace/exp/useful_bd_push/t63_fused_rtl_native_20260623_133903_UTC/hard_tuning/fused_rtl_state_pipeline_qd/seed_1001/openai_gpt-oss-120b/VerilogEval-Spec-to-RTL/Prob153_gshare/Gen3/Prob153_gshare_sample10_single_thought_operator/qd_archive_event.json,/workspace/exp/useful_bd_push/t63_fused_rtl_native_20260623_133903_UTC/hard_tuning/fused_rtl_state_pipeline_qd/seed_1001/openai_gpt-oss-120b/VerilogEval-Spec-to-RTL/Prob153_gshare/Gen3/Prob153_gshare_sample10_single_thought_operator/wave.vcd,True,True,True,True,True,True,True,False,True,,0.0,2.0,2.0,0.0,0.0,19.0,1.0,7.359467638255621,0.8324840764331211,7.350516171833998,1556.0,11.0,10.0,0.8461538461538461,8.0,2.821958456973294,129.0,1.0,0.0,1685.0,4755.0,2523.0,8.610711543712725,257.0,3.0,3.0,3.2366230677764567,2523.0,2522.0,5.0,0.03958287193737181,0.992506617810005,8.467162257810672,1.3862943611198906,7.8336002236611035,7.430114138561801,6.0,7.0,1.0,3.0,0.0,0.0,9.0,2.0,1.0,236.0,0.1503184713375796,0.49644128113879005,12.0,0.6160237388724036,1.0,0.0,0.9451453089648983,0.4913310094887649,0.49180654428484494,1685.0,67.58912055624408,0.7865218299189993,202.0,0.9900990099009901,200.0,0.0,2181.0,6.663132695990803,6.818924065275521,0.0,69.0,62.0,0.11494252873563218,0.06064209274673008,0.0027744748315497426,0.821640903686088,0.11494252873563218,0.009512485136741973,0.0027744748315497426,0.8727705112960761,0.10741181133571145,0.008719778042013475,0.0,0.8838684106222751,0.4744649355616254,0.16751592356687897,263.0,0.0,0.0,3234.0,1.6234566151830967,0.09148486980999296,4.0,2.0847904092584475,32.35,1570.0,26.0,1.0,1.1687898089171975,7.515344571180436
fused_rtl_state_pipeline_qd,VerilogEval-Spec-to-RTL,Prob153_gshare,sequential,revolution_qd,grid_quantile,fused_rtl_state_pipeline_2d,3,True,generation_log,0449fcba-6e06-4e56-b7de-0600ebfbbedf,single_thought_operator,-0.04542996009607201,-0.04542996009607201,-0.04542996009607201,success_pool,whole,duplicate_objectives,False,False,"3,1",False,3074.0,0.472,0.78,-175.2,-0.77,-0.016198347107438015,-0.08009153318077798,-0.040000000000000036,,/workspace/exp/useful_bd_push/t63_fused_rtl_native_20260623_133903_UTC/hard_tuning/fused_rtl_state_pipeline_qd/seed_1001/openai_gpt-oss-120b/VerilogEval-Spec-to-RTL/Prob153_gshare/Gen3/Prob153_gshare_sample11_single_thought_operator,/workspace/exp/useful_bd_push/t63_fused_rtl_native_20260623_133903_UTC/hard_tuning/fused_rtl_state_pipeline_qd/seed_1001/openai_gpt-oss-120b/VerilogEval-Spec-to-RTL/Prob153_gshare/Gen0/Prob153_gshare_sample12_initial/code.sv,/workspace/exp/useful_bd_push/t63_fused_rtl_native_20260623_133903_UTC/hard_tuning/fused_rtl_state_pipeline_qd/seed_1001/openai_gpt-oss-120b/VerilogEval-Spec-to-RTL/Prob153_gshare/Gen3/Prob153_gshare_sample11_single_thought_operator/code_synthesis_report.metrics.json,/workspace/exp/useful_bd_push/t63_fused_rtl_native_20260623_133903_UTC/hard_tuning/fused_rtl_state_pipeline_qd/seed_1001/openai_gpt-oss-120b/VerilogEval-Spec-to-RTL/Prob153_gshare/Gen3/Prob153_gshare_sample11_single_thought_operator/qd_archive_event.json,/workspace/exp/useful_bd_push/t63_fused_rtl_native_20260623_133903_UTC/hard_tuning/fused_rtl_state_pipeline_qd/seed_1001/openai_gpt-oss-120b/VerilogEval-Spec-to-RTL/Prob153_gshare/Gen3/Prob153_gshare_sample11_single_thought_operator/wave.vcd,True,True,True,True,True,True,True,False,True,,0.0,1.0,3.0,0.0,2.0,23.0,0.0,7.2633296174768365,0.8155680224403927,7.173958319756794,1304.0,9.0,7.0,0.8888888888888888,10.0,2.3405443126308443,129.0,2.0,0.0,1433.0,3354.0,2272.0,8.370302221912027,391.0,2.0,2.0,3.036531690140845,2272.0,2271.0,7.0,0.04140172876260213,0.9871085612910767,8.118207049405783,1.0986122886681096,7.728855823852543,7.2682230211595655,13.0,13.0,0.0,3.0,0.0,1.0,9.0,2.0,0.0,304.0,0.2131837307152875,0.40585774058577406,8.0,0.9085833914863922,1.0,0.0,0.8956201317098068,0.2996012027024208,0.3205188027698552,1433.0,127.68704246485638,0.5848998816779368,248.0,0.9959677419354839,247.0,0.0007012622720897616,1837.0,6.664409020350408,6.81783057145415,0.0,58.0,52.0,0.12764084507042253,0.06073943661971831,0.0030809859154929575,0.8085387323943662,0.12764084507042253,0.11751760563380281,0.0030809859154929575,0.7517605633802817,0.1192781690140845,0.23151408450704225,0.0,0.6492077464788732,0.4185265345081559,0.1844319775596073,263.0,0.0,0.0,2732.0,1.6953593309436585,0.11139674378748929,0.0,2.172908907654882,26.85,1426.0,25.0,1.0,1.1858345021037868,7.433666540166168
fused_rtl_state_pipeline_qd,VerilogEval-Spec-to-RTL,Prob153_gshare,sequential,revolution_qd,grid_quantile,fused_rtl_state_pipeline_2d,3,True,generation_log,508d2100-91c5-485b-b4cb-1ddd31081956,single_thought_operator,-0.017736171786515046,-0.017736171786515046,-0.017736171786515046,success_pool,whole,duplicate_objectives,False,False,"3,0",False,3080.0,0.429,0.79,-198.35,-0.78,-0.01818181818181818,0.018306636155606425,-0.05333333333333338,,/workspace/exp/useful_bd_push/t63_fused_rtl_native_20260623_133903_UTC/hard_tuning/fused_rtl_state_pipeline_qd/seed_1001/openai_gpt-oss-120b/VerilogEval-Spec-to-RTL/Prob153_gshare/Gen3/Prob153_gshare_sample12_single_thought_operator,/workspace/exp/useful_bd_push/t63_fused_rtl_native_20260623_133903_UTC/hard_tuning/fused_rtl_state_pipeline_qd/seed_1001/openai_gpt-oss-120b/VerilogEval-Spec-to-RTL/Prob153_gshare/Gen2/Prob153_gshare_sample2_single_thought_operator/code.sv,/workspace/exp/useful_bd_push/t63_fused_rtl_native_20260623_133903_UTC/hard_tuning/fused_rtl_state_pipeline_qd/seed_1001/openai_gpt-oss-120b/VerilogEval-Spec-to-RTL/Prob153_gshare/Gen3/Prob153_gshare_sample12_single_thought_operator/code_synthesis_report.metrics.json,/workspace/exp/useful_bd_push/t63_fused_rtl_native_20260623_133903_UTC/hard_tuning/fused_rtl_state_pipeline_qd/seed_1001/openai_gpt-oss-120b/VerilogEval-Spec-to-RTL/Prob153_gshare/Gen3/Prob153_gshare_sample12_single_thought_operator/qd_archive_event.json,/workspace/exp/useful_bd_push/t63_fused_rtl_native_20260623_133903_UTC/hard_tuning/fused_rtl_state_pipeline_qd/seed_1001/openai_gpt-oss-120b/VerilogEval-Spec-to-RTL/Prob153_gshare/Gen3/Prob153_gshare_sample12_single_thought_operator/wave.vcd,True,True,True,True,True,True,True,False,True,,0.0,1.0,3.0,0.0,2.0,23.0,0.0,7.344072850573066,0.8298835705045278,7.173958319756794,1304.0,10.0,7.0,0.8,10.0,2.3405443126308443,129.0,2.0,0.0,1433.0,3354.0,2272.0,8.370302221912027,391.0,2.0,2.0,3.036531690140845,2272.0,2271.0,7.0,0.04140172876260202,0.9871085612910769,8.118207049405783,1.0986122886681096,7.728855823852543,7.2682230211595655,13.0,13.0,0.0,3.0,0.0,1.0,9.0,2.0,0.0,302.0,0.19534282018111254,0.40585774058577406,9.0,0.9085833914863922,1.0,0.0,0.8973082552645275,0.29664353806142363,0.31752656794112877,1433.0,127.17071843053917,0.5916330210581102,250.0,0.996,249.0,0.000646830530401035,2366.0,6.665683717782408,6.818924065275521,0.0,67.0,61.0,0.12764084507042253,0.06073943661971831,0.0030809859154929575,0.8085387323943662,0.12764084507042253,0.11751760563380281,0.0030809859154929575,0.7517605633802817,0.1192781690140845,0.23151408450704225,0.0,0.6492077464788732,0.418526534508156,0.17011642949547218,263.0,0.0,0.0,2732.0,1.6953593309436585,0.11139674378748929,0.0,2.1590667056067314,27.35,1546.0,25.0,1.0,1.1714100905562743,7.502186486602925
