method_name,seed,problem_id,budget_fraction,replay_key,evaluated_count,valid_ppa_count,keyed_valid_count,suppressed_duplicate_count,online_retained_count,online_pareto_size,online_best_fitness,oracle_retained_count,oracle_pareto_size,oracle_best_fitness,baseline_pareto_size,baseline_best_fitness
sr_random_relu_pca_qd,1001,RTLLM/Prob004_adder_8bit,0.25,canonical_netlist,30,9,9,3,6,1,0.38154412826809186,6,1,0.38154412826809186,4,0.38154412826809186
sr_random_relu_pca_qd,1001,RTLLM/Prob004_adder_8bit,0.25,exact_motif_signature,30,9,9,6,3,1,0.38154412826809186,3,1,0.38154412826809186,4,0.38154412826809186
sr_random_relu_pca_qd,1001,RTLLM/Prob004_adder_8bit,0.5,canonical_netlist,60,36,36,21,15,2,0.38154412826809186,15,2,0.38154412826809186,13,0.38154412826809186
sr_random_relu_pca_qd,1001,RTLLM/Prob004_adder_8bit,0.5,exact_motif_signature,60,36,36,28,8,1,0.38154412826809186,8,1,0.38154412826809186,13,0.38154412826809186
sr_random_relu_pca_qd,1001,RTLLM/Prob004_adder_8bit,0.75,canonical_netlist,90,55,55,32,23,2,0.38154412826809186,23,2,0.38154412826809186,18,0.38154412826809186
sr_random_relu_pca_qd,1001,RTLLM/Prob004_adder_8bit,0.75,exact_motif_signature,90,55,55,44,11,1,0.38154412826809186,11,1,0.38154412826809186,18,0.38154412826809186
sr_random_relu_pca_qd,1001,RTLLM/Prob004_adder_8bit,1.0,canonical_netlist,120,72,72,40,32,2,0.38154412826809186,32,2,0.38154412826809186,20,0.38154412826809186
sr_random_relu_pca_qd,1001,RTLLM/Prob004_adder_8bit,1.0,exact_motif_signature,120,72,72,58,14,1,0.38154412826809186,14,1,0.38154412826809186,20,0.38154412826809186
sr_random_relu_pca_qd,1001,RTLLM/Prob015_multi_pipe_8bit,0.25,canonical_netlist,30,10,10,0,10,3,0.0722619038380739,10,3,0.0722619038380739,3,0.0722619038380739
sr_random_relu_pca_qd,1001,RTLLM/Prob015_multi_pipe_8bit,0.25,exact_motif_signature,30,10,10,2,8,3,0.0722619038380739,8,3,0.0722619038380739,3,0.0722619038380739
sr_random_relu_pca_qd,1001,RTLLM/Prob015_multi_pipe_8bit,0.5,canonical_netlist,60,19,19,1,18,7,0.07516895943015156,18,7,0.07516895943015156,8,0.07516895943015156
sr_random_relu_pca_qd,1001,RTLLM/Prob015_multi_pipe_8bit,0.5,exact_motif_signature,60,19,19,3,16,7,0.07516895943015156,16,7,0.07516895943015156,8,0.07516895943015156
sr_random_relu_pca_qd,1001,RTLLM/Prob015_multi_pipe_8bit,0.75,canonical_netlist,90,29,29,3,26,10,0.07516895943015156,26,10,0.07516895943015156,13,0.07516895943015156
sr_random_relu_pca_qd,1001,RTLLM/Prob015_multi_pipe_8bit,0.75,exact_motif_signature,90,29,29,7,22,9,0.07516895943015156,22,9,0.07516895943015156,13,0.07516895943015156
sr_random_relu_pca_qd,1001,RTLLM/Prob015_multi_pipe_8bit,1.0,canonical_netlist,120,44,44,3,41,14,0.10149427797627829,41,14,0.10149427797627829,17,0.10149427797627829
sr_random_relu_pca_qd,1001,RTLLM/Prob015_multi_pipe_8bit,1.0,exact_motif_signature,120,44,44,12,32,12,0.10149427797627829,32,12,0.10149427797627829,17,0.10149427797627829
sr_random_relu_pca_qd,1001,RTLLM/Prob024_fsm,0.25,canonical_netlist,30,5,5,1,4,1,0.4700708998018976,4,1,0.4700708998018976,1,0.4700708998018976
sr_random_relu_pca_qd,1001,RTLLM/Prob024_fsm,0.25,exact_motif_signature,30,5,5,2,3,1,0.4700708998018976,3,1,0.4700708998018976,1,0.4700708998018976
sr_random_relu_pca_qd,1001,RTLLM/Prob024_fsm,0.5,canonical_netlist,60,11,11,5,6,2,0.4700708998018976,6,2,0.4700708998018976,2,0.4700708998018976
sr_random_relu_pca_qd,1001,RTLLM/Prob024_fsm,0.5,exact_motif_signature,60,11,11,7,4,1,0.4700708998018976,4,1,0.4700708998018976,2,0.4700708998018976
sr_random_relu_pca_qd,1001,RTLLM/Prob024_fsm,0.75,canonical_netlist,90,15,15,7,8,2,0.4700708998018976,8,2,0.4700708998018976,2,0.4700708998018976
sr_random_relu_pca_qd,1001,RTLLM/Prob024_fsm,0.75,exact_motif_signature,90,15,15,10,5,1,0.4700708998018976,5,1,0.4700708998018976,2,0.4700708998018976
sr_random_relu_pca_qd,1001,RTLLM/Prob024_fsm,1.0,canonical_netlist,120,18,18,7,11,1,0.6834970284641851,11,1,0.6834970284641851,1,0.6834970284641851
sr_random_relu_pca_qd,1001,RTLLM/Prob024_fsm,1.0,exact_motif_signature,120,18,18,10,8,1,0.6834970284641851,8,1,0.6834970284641851,1,0.6834970284641851
sr_random_relu_pca_qd,1001,RTLLM/Prob037_parallel2serial,0.25,canonical_netlist,30,13,13,7,6,5,-0.0,6,5,-0.0,12,-0.0
sr_random_relu_pca_qd,1001,RTLLM/Prob037_parallel2serial,0.25,exact_motif_signature,30,13,13,10,3,2,-0.0,3,2,-0.0,12,-0.0
sr_random_relu_pca_qd,1001,RTLLM/Prob037_parallel2serial,0.5,canonical_netlist,60,16,16,7,9,8,0.00886109067124523,9,8,0.00886109067124523,15,0.00886109067124523
sr_random_relu_pca_qd,1001,RTLLM/Prob037_parallel2serial,0.5,exact_motif_signature,60,16,16,12,4,3,0.00886109067124523,4,3,0.00886109067124523,15,0.00886109067124523
sr_random_relu_pca_qd,1001,RTLLM/Prob037_parallel2serial,0.75,canonical_netlist,90,23,23,8,15,2,0.06325075627503886,15,2,0.06325075627503886,2,0.06325075627503886
sr_random_relu_pca_qd,1001,RTLLM/Prob037_parallel2serial,0.75,exact_motif_signature,90,23,23,16,7,2,0.06325075627503886,7,2,0.06325075627503886,2,0.06325075627503886
sr_random_relu_pca_qd,1001,RTLLM/Prob037_parallel2serial,1.0,canonical_netlist,120,33,33,14,19,3,0.06325075627503886,19,3,0.06325075627503886,5,0.06325075627503886
sr_random_relu_pca_qd,1001,RTLLM/Prob037_parallel2serial,1.0,exact_motif_signature,120,33,33,24,9,2,0.06325075627503886,9,2,0.06325075627503886,5,0.06325075627503886
sr_random_relu_pca_qd,1001,RTLLM/Prob041_traffic_light,0.25,canonical_netlist,30,7,7,0,7,2,0.40382050351004595,7,2,0.40382050351004595,2,0.40382050351004595
sr_random_relu_pca_qd,1001,RTLLM/Prob041_traffic_light,0.25,exact_motif_signature,30,7,7,0,7,2,0.40382050351004595,7,2,0.40382050351004595,2,0.40382050351004595
sr_random_relu_pca_qd,1001,RTLLM/Prob041_traffic_light,0.5,canonical_netlist,60,18,18,0,18,3,0.4508484628419269,18,3,0.4508484628419269,3,0.4508484628419269
sr_random_relu_pca_qd,1001,RTLLM/Prob041_traffic_light,0.5,exact_motif_signature,60,18,18,0,18,3,0.4508484628419269,18,3,0.4508484628419269,3,0.4508484628419269
sr_random_relu_pca_qd,1001,RTLLM/Prob041_traffic_light,0.75,canonical_netlist,90,29,29,1,28,4,0.4508484628419269,28,4,0.4508484628419269,4,0.4508484628419269
sr_random_relu_pca_qd,1001,RTLLM/Prob041_traffic_light,0.75,exact_motif_signature,90,29,29,4,25,3,0.4508484628419269,25,3,0.4508484628419269,4,0.4508484628419269
sr_random_relu_pca_qd,1001,RTLLM/Prob041_traffic_light,1.0,canonical_netlist,120,41,41,4,37,4,0.4508484628419269,37,4,0.4508484628419269,5,0.4508484628419269
sr_random_relu_pca_qd,1001,RTLLM/Prob041_traffic_light,1.0,exact_motif_signature,120,41,41,8,33,3,0.4508484628419269,33,3,0.4508484628419269,5,0.4508484628419269
sr_random_relu_pca_qd,1001,RTLLM/Prob045_alu,0.25,canonical_netlist,30,12,12,1,11,3,0.38156120638675345,11,3,0.38156120638675345,3,0.38156120638675345
sr_random_relu_pca_qd,1001,RTLLM/Prob045_alu,0.25,exact_motif_signature,30,12,12,1,11,3,0.38156120638675345,11,3,0.38156120638675345,3,0.38156120638675345
sr_random_relu_pca_qd,1001,RTLLM/Prob045_alu,0.5,canonical_netlist,60,22,22,1,21,2,0.40470701097312567,21,2,0.40470701097312567,2,0.40470701097312567
sr_random_relu_pca_qd,1001,RTLLM/Prob045_alu,0.5,exact_motif_signature,60,22,22,1,21,2,0.40470701097312567,21,2,0.40470701097312567,2,0.40470701097312567
sr_random_relu_pca_qd,1001,RTLLM/Prob045_alu,0.75,canonical_netlist,90,42,42,2,40,3,0.4105877192982456,40,3,0.4105877192982456,3,0.4105877192982456
sr_random_relu_pca_qd,1001,RTLLM/Prob045_alu,0.75,exact_motif_signature,90,42,42,2,40,3,0.4105877192982456,40,3,0.4105877192982456,3,0.4105877192982456
sr_random_relu_pca_qd,1001,RTLLM/Prob045_alu,1.0,canonical_netlist,120,68,68,4,64,4,0.4105877192982456,64,4,0.4105877192982456,4,0.4105877192982456
sr_random_relu_pca_qd,1001,RTLLM/Prob045_alu,1.0,exact_motif_signature,120,68,68,6,62,4,0.4105877192982456,62,4,0.4105877192982456,4,0.4105877192982456
sr_random_relu_pca_qd,1001,RTLLM/Prob049_signal_generator,0.25,canonical_netlist,30,18,18,15,3,3,0.23477469440256318,3,3,0.23477469440256318,18,0.23477469440256318
sr_random_relu_pca_qd,1001,RTLLM/Prob049_signal_generator,0.25,exact_motif_signature,30,18,18,17,1,1,0.23477469440256318,1,1,0.23477469440256318,18,0.23477469440256318
sr_random_relu_pca_qd,1001,RTLLM/Prob049_signal_generator,0.5,canonical_netlist,60,29,29,19,10,8,0.25984938304829974,10,8,0.25984938304829974,26,0.25984938304829974
sr_random_relu_pca_qd,1001,RTLLM/Prob049_signal_generator,0.5,exact_motif_signature,60,29,29,26,3,2,0.25984938304829974,3,2,0.25984938304829974,26,0.25984938304829974
sr_random_relu_pca_qd,1001,RTLLM/Prob049_signal_generator,0.75,canonical_netlist,90,42,42,30,12,10,0.25984938304829974,12,10,0.25984938304829974,35,0.25984938304829974
sr_random_relu_pca_qd,1001,RTLLM/Prob049_signal_generator,0.75,exact_motif_signature,90,42,42,39,3,2,0.25984938304829974,3,2,0.25984938304829974,35,0.25984938304829974
sr_random_relu_pca_qd,1001,RTLLM/Prob049_signal_generator,1.0,canonical_netlist,120,53,53,40,13,11,0.25984938304829974,13,11,0.25984938304829974,45,0.25984938304829974
sr_random_relu_pca_qd,1001,RTLLM/Prob049_signal_generator,1.0,exact_motif_signature,120,53,53,50,3,2,0.25984938304829974,3,2,0.25984938304829974,45,0.25984938304829974
sr_random_relu_pca_qd,1001,VerilogEval-Spec-to-RTL/Prob098_circuit7,0.25,canonical_netlist,30,13,13,10,3,2,0.01200564971751411,3,2,0.01200564971751411,3,0.01200564971751411
sr_random_relu_pca_qd,1001,VerilogEval-Spec-to-RTL/Prob098_circuit7,0.25,exact_motif_signature,30,13,13,11,2,1,0.01200564971751411,2,1,0.01200564971751411,3,0.01200564971751411
sr_random_relu_pca_qd,1001,VerilogEval-Spec-to-RTL/Prob098_circuit7,0.5,canonical_netlist,60,20,20,17,3,2,0.01200564971751411,3,2,0.01200564971751411,5,0.01200564971751411
sr_random_relu_pca_qd,1001,VerilogEval-Spec-to-RTL/Prob098_circuit7,0.5,exact_motif_signature,60,20,20,18,2,1,0.01200564971751411,2,1,0.01200564971751411,5,0.01200564971751411
sr_random_relu_pca_qd,1001,VerilogEval-Spec-to-RTL/Prob098_circuit7,0.75,canonical_netlist,90,28,28,25,3,2,0.01200564971751411,3,2,0.01200564971751411,9,0.01200564971751411
sr_random_relu_pca_qd,1001,VerilogEval-Spec-to-RTL/Prob098_circuit7,0.75,exact_motif_signature,90,28,28,26,2,1,0.01200564971751411,2,1,0.01200564971751411,9,0.01200564971751411
sr_random_relu_pca_qd,1001,VerilogEval-Spec-to-RTL/Prob098_circuit7,1.0,canonical_netlist,120,39,39,34,5,2,0.01200564971751411,5,2,0.01200564971751411,13,0.01200564971751411
sr_random_relu_pca_qd,1001,VerilogEval-Spec-to-RTL/Prob098_circuit7,1.0,exact_motif_signature,120,39,39,36,3,1,0.01200564971751411,3,1,0.01200564971751411,13,0.01200564971751411
sr_random_relu_pca_qd,1001,VerilogEval-Spec-to-RTL/Prob116_m2014_q3,0.25,canonical_netlist,30,14,14,5,9,3,0.46535233160621764,9,3,0.46535233160621764,7,0.46535233160621764
sr_random_relu_pca_qd,1001,VerilogEval-Spec-to-RTL/Prob116_m2014_q3,0.25,exact_motif_signature,30,14,14,8,6,1,0.46535233160621764,6,1,0.46535233160621764,7,0.46535233160621764
sr_random_relu_pca_qd,1001,VerilogEval-Spec-to-RTL/Prob116_m2014_q3,0.5,canonical_netlist,60,24,24,13,11,3,0.46535233160621764,11,3,0.46535233160621764,12,0.46535233160621764
sr_random_relu_pca_qd,1001,VerilogEval-Spec-to-RTL/Prob116_m2014_q3,0.5,exact_motif_signature,60,24,24,17,7,1,0.46535233160621764,7,1,0.46535233160621764,12,0.46535233160621764
sr_random_relu_pca_qd,1001,VerilogEval-Spec-to-RTL/Prob116_m2014_q3,0.75,canonical_netlist,90,37,37,25,12,4,0.46535233160621764,12,4,0.46535233160621764,18,0.46535233160621764
sr_random_relu_pca_qd,1001,VerilogEval-Spec-to-RTL/Prob116_m2014_q3,0.75,exact_motif_signature,90,37,37,30,7,1,0.46535233160621764,7,1,0.46535233160621764,18,0.46535233160621764
sr_random_relu_pca_qd,1001,VerilogEval-Spec-to-RTL/Prob116_m2014_q3,1.0,canonical_netlist,120,43,43,29,14,4,0.46535233160621764,14,4,0.46535233160621764,20,0.46535233160621764
sr_random_relu_pca_qd,1001,VerilogEval-Spec-to-RTL/Prob116_m2014_q3,1.0,exact_motif_signature,120,43,43,36,7,1,0.46535233160621764,7,1,0.46535233160621764,20,0.46535233160621764
sr_random_relu_pca_qd,1001,VerilogEval-Spec-to-RTL/Prob135_m2014_q6b,0.25,canonical_netlist,30,20,20,14,6,3,0.2636173393124066,6,3,0.2636173393124066,6,0.2636173393124066
sr_random_relu_pca_qd,1001,VerilogEval-Spec-to-RTL/Prob135_m2014_q6b,0.25,exact_motif_signature,30,20,20,17,3,1,0.2636173393124066,3,1,0.2636173393124066,6,0.2636173393124066
sr_random_relu_pca_qd,1001,VerilogEval-Spec-to-RTL/Prob135_m2014_q6b,0.5,canonical_netlist,60,47,47,39,8,1,0.26414050822122576,8,1,0.26414050822122576,1,0.26414050822122576
sr_random_relu_pca_qd,1001,VerilogEval-Spec-to-RTL/Prob135_m2014_q6b,0.5,exact_motif_signature,60,47,47,43,4,1,0.26414050822122576,4,1,0.26414050822122576,1,0.26414050822122576
sr_random_relu_pca_qd,1001,VerilogEval-Spec-to-RTL/Prob135_m2014_q6b,0.75,canonical_netlist,90,74,74,66,8,1,0.26414050822122576,8,1,0.26414050822122576,1,0.26414050822122576
sr_random_relu_pca_qd,1001,VerilogEval-Spec-to-RTL/Prob135_m2014_q6b,0.75,exact_motif_signature,90,74,74,70,4,1,0.26414050822122576,4,1,0.26414050822122576,1,0.26414050822122576
sr_random_relu_pca_qd,1001,VerilogEval-Spec-to-RTL/Prob135_m2014_q6b,1.0,canonical_netlist,120,99,99,91,8,1,0.26414050822122576,8,1,0.26414050822122576,1,0.26414050822122576
sr_random_relu_pca_qd,1001,VerilogEval-Spec-to-RTL/Prob135_m2014_q6b,1.0,exact_motif_signature,120,99,99,95,4,1,0.26414050822122576,4,1,0.26414050822122576,1,0.26414050822122576
sr_random_relu_pca_qd,1001,VerilogEval-Spec-to-RTL/Prob150_review2015_fsmonehot,0.25,canonical_netlist,30,10,10,6,4,2,0.32968627450980387,4,2,0.32968627450980387,8,0.32968627450980387
sr_random_relu_pca_qd,1001,VerilogEval-Spec-to-RTL/Prob150_review2015_fsmonehot,0.25,exact_motif_signature,30,10,10,9,1,1,0.32968627450980387,1,1,0.32968627450980387,8,0.32968627450980387
sr_random_relu_pca_qd,1001,VerilogEval-Spec-to-RTL/Prob150_review2015_fsmonehot,0.5,canonical_netlist,60,30,30,20,10,1,0.32973529411764707,10,1,0.32973529411764707,1,0.32973529411764707
sr_random_relu_pca_qd,1001,VerilogEval-Spec-to-RTL/Prob150_review2015_fsmonehot,0.5,exact_motif_signature,60,30,30,27,3,1,0.32973529411764707,3,1,0.32973529411764707,1,0.32973529411764707
sr_random_relu_pca_qd,1001,VerilogEval-Spec-to-RTL/Prob150_review2015_fsmonehot,0.75,canonical_netlist,90,40,40,28,12,1,0.32973529411764707,12,1,0.32973529411764707,2,0.32973529411764707
sr_random_relu_pca_qd,1001,VerilogEval-Spec-to-RTL/Prob150_review2015_fsmonehot,0.75,exact_motif_signature,90,40,40,37,3,1,0.32973529411764707,3,1,0.32973529411764707,2,0.32973529411764707
sr_random_relu_pca_qd,1001,VerilogEval-Spec-to-RTL/Prob150_review2015_fsmonehot,1.0,canonical_netlist,120,57,57,43,14,1,0.32973529411764707,14,1,0.32973529411764707,2,0.32973529411764707
sr_random_relu_pca_qd,1001,VerilogEval-Spec-to-RTL/Prob150_review2015_fsmonehot,1.0,exact_motif_signature,120,57,57,53,4,1,0.32973529411764707,4,1,0.32973529411764707,2,0.32973529411764707
sr_random_relu_pca_qd,1001,VerilogEval-Spec-to-RTL/Prob151_review2015_fsm,0.25,canonical_netlist,30,4,4,2,2,1,-0.3812961833096061,2,1,-0.3812961833096061,3,-0.3812961833096061
sr_random_relu_pca_qd,1001,VerilogEval-Spec-to-RTL/Prob151_review2015_fsm,0.25,exact_motif_signature,30,4,4,2,2,1,-0.3812961833096061,2,1,-0.3812961833096061,3,-0.3812961833096061
sr_random_relu_pca_qd,1001,VerilogEval-Spec-to-RTL/Prob151_review2015_fsm,0.5,canonical_netlist,60,9,9,3,6,1,-0.1682379887077873,6,1,-0.1682379887077873,1,-0.1682379887077873
sr_random_relu_pca_qd,1001,VerilogEval-Spec-to-RTL/Prob151_review2015_fsm,0.5,exact_motif_signature,60,9,9,3,6,1,-0.1682379887077873,6,1,-0.1682379887077873,1,-0.1682379887077873
sr_random_relu_pca_qd,1001,VerilogEval-Spec-to-RTL/Prob151_review2015_fsm,0.75,canonical_netlist,90,14,14,5,9,2,-0.1682379887077873,9,2,-0.1682379887077873,3,-0.1682379887077873
sr_random_relu_pca_qd,1001,VerilogEval-Spec-to-RTL/Prob151_review2015_fsm,0.75,exact_motif_signature,90,14,14,5,9,2,-0.1682379887077873,9,2,-0.1682379887077873,3,-0.1682379887077873
sr_random_relu_pca_qd,1001,VerilogEval-Spec-to-RTL/Prob151_review2015_fsm,1.0,canonical_netlist,120,17,17,6,11,3,-0.1682379887077873,11,3,-0.1682379887077873,4,-0.1682379887077873
sr_random_relu_pca_qd,1001,VerilogEval-Spec-to-RTL/Prob151_review2015_fsm,1.0,exact_motif_signature,120,17,17,6,11,3,-0.1682379887077873,11,3,-0.1682379887077873,4,-0.1682379887077873
sr_random_relu_pca_qd,1001,VerilogEval-Spec-to-RTL/Prob153_gshare,0.25,canonical_netlist,30,12,12,4,8,3,0.13560291914358902,8,3,0.13560291914358902,4,0.13560291914358902
sr_random_relu_pca_qd,1001,VerilogEval-Spec-to-RTL/Prob153_gshare,0.25,exact_motif_signature,30,12,12,4,8,3,0.13560291914358902,8,3,0.13560291914358902,4,0.13560291914358902
sr_random_relu_pca_qd,1001,VerilogEval-Spec-to-RTL/Prob153_gshare,0.5,canonical_netlist,60,19,19,8,11,3,0.1796310515178832,11,3,0.1796310515178832,3,0.1796310515178832
sr_random_relu_pca_qd,1001,VerilogEval-Spec-to-RTL/Prob153_gshare,0.5,exact_motif_signature,60,19,19,8,11,3,0.1796310515178832,11,3,0.1796310515178832,3,0.1796310515178832
sr_random_relu_pca_qd,1001,VerilogEval-Spec-to-RTL/Prob153_gshare,0.75,canonical_netlist,90,23,23,8,15,3,0.1796310515178832,15,3,0.1796310515178832,3,0.1796310515178832
sr_random_relu_pca_qd,1001,VerilogEval-Spec-to-RTL/Prob153_gshare,0.75,exact_motif_signature,90,23,23,8,15,3,0.1796310515178832,15,3,0.1796310515178832,3,0.1796310515178832
sr_random_relu_pca_qd,1001,VerilogEval-Spec-to-RTL/Prob153_gshare,1.0,canonical_netlist,120,32,32,10,22,5,0.1796310515178832,22,5,0.1796310515178832,6,0.1796310515178832
sr_random_relu_pca_qd,1001,VerilogEval-Spec-to-RTL/Prob153_gshare,1.0,exact_motif_signature,120,32,32,10,22,5,0.1796310515178832,22,5,0.1796310515178832,6,0.1796310515178832
sr_random_relu_pca_qd,1002,RTLLM/Prob004_adder_8bit,0.25,canonical_netlist,30,10,10,1,9,1,0.38154412826809186,9,1,0.38154412826809186,2,0.38154412826809186
sr_random_relu_pca_qd,1002,RTLLM/Prob004_adder_8bit,0.25,exact_motif_signature,30,10,10,5,5,1,0.38154412826809186,5,1,0.38154412826809186,2,0.38154412826809186
sr_random_relu_pca_qd,1002,RTLLM/Prob004_adder_8bit,0.5,canonical_netlist,60,28,28,9,19,1,0.38154412826809186,19,1,0.38154412826809186,7,0.38154412826809186
sr_random_relu_pca_qd,1002,RTLLM/Prob004_adder_8bit,0.5,exact_motif_signature,60,28,28,17,11,1,0.38154412826809186,11,1,0.38154412826809186,7,0.38154412826809186
sr_random_relu_pca_qd,1002,RTLLM/Prob004_adder_8bit,0.75,canonical_netlist,90,46,46,19,27,1,0.38154412826809186,27,1,0.38154412826809186,11,0.38154412826809186
sr_random_relu_pca_qd,1002,RTLLM/Prob004_adder_8bit,0.75,exact_motif_signature,90,46,46,32,14,1,0.38154412826809186,14,1,0.38154412826809186,11,0.38154412826809186
sr_random_relu_pca_qd,1002,RTLLM/Prob004_adder_8bit,1.0,canonical_netlist,120,65,65,28,37,1,0.38154412826809186,37,1,0.38154412826809186,14,0.38154412826809186
sr_random_relu_pca_qd,1002,RTLLM/Prob004_adder_8bit,1.0,exact_motif_signature,120,65,65,48,17,1,0.38154412826809186,17,1,0.38154412826809186,14,0.38154412826809186
sr_random_relu_pca_qd,1002,RTLLM/Prob015_multi_pipe_8bit,0.25,canonical_netlist,30,9,9,1,8,3,0.023107098236111234,8,3,0.023107098236111234,4,0.023107098236111234
sr_random_relu_pca_qd,1002,RTLLM/Prob015_multi_pipe_8bit,0.25,exact_motif_signature,30,9,9,3,6,3,0.022735902987410406,6,3,0.023107098236111234,4,0.023107098236111234
sr_random_relu_pca_qd,1002,RTLLM/Prob015_multi_pipe_8bit,0.5,canonical_netlist,60,18,18,1,17,7,0.06105036615113211,17,7,0.06105036615113211,7,0.06105036615113211
sr_random_relu_pca_qd,1002,RTLLM/Prob015_multi_pipe_8bit,0.5,exact_motif_signature,60,18,18,4,14,6,0.06105036615113211,14,6,0.06105036615113211,7,0.06105036615113211
sr_random_relu_pca_qd,1002,RTLLM/Prob015_multi_pipe_8bit,0.75,canonical_netlist,90,26,26,3,23,10,0.06105036615113211,23,10,0.06105036615113211,10,0.06105036615113211
sr_random_relu_pca_qd,1002,RTLLM/Prob015_multi_pipe_8bit,0.75,exact_motif_signature,90,26,26,8,18,8,0.06105036615113211,18,8,0.06105036615113211,10,0.06105036615113211
sr_random_relu_pca_qd,1002,RTLLM/Prob015_multi_pipe_8bit,1.0,canonical_netlist,120,36,36,3,33,12,0.06105036615113211,33,12,0.06105036615113211,12,0.06105036615113211
sr_random_relu_pca_qd,1002,RTLLM/Prob015_multi_pipe_8bit,1.0,exact_motif_signature,120,36,36,9,27,10,0.06105036615113211,27,10,0.06105036615113211,12,0.06105036615113211
sr_random_relu_pca_qd,1002,RTLLM/Prob024_fsm,0.25,canonical_netlist,30,5,5,2,3,2,0.4281347096236054,3,2,0.4281347096236054,2,0.4281347096236054
sr_random_relu_pca_qd,1002,RTLLM/Prob024_fsm,0.25,exact_motif_signature,30,5,5,2,3,2,0.4281347096236054,3,2,0.4281347096236054,2,0.4281347096236054
sr_random_relu_pca_qd,1002,RTLLM/Prob024_fsm,0.5,canonical_netlist,60,16,16,7,9,3,0.6834970284641851,9,3,0.6834970284641851,3,0.6834970284641851
sr_random_relu_pca_qd,1002,RTLLM/Prob024_fsm,0.5,exact_motif_signature,60,16,16,10,6,1,0.6834970284641851,6,1,0.6834970284641851,3,0.6834970284641851
sr_random_relu_pca_qd,1002,RTLLM/Prob024_fsm,0.75,canonical_netlist,90,28,28,11,17,3,0.6834970284641851,17,3,0.6834970284641851,4,0.6834970284641851
sr_random_relu_pca_qd,1002,RTLLM/Prob024_fsm,0.75,exact_motif_signature,90,28,28,15,13,1,0.6834970284641851,13,1,0.6834970284641851,4,0.6834970284641851
sr_random_relu_pca_qd,1002,RTLLM/Prob024_fsm,1.0,canonical_netlist,120,36,36,13,23,3,0.6834970284641851,23,3,0.6834970284641851,4,0.6834970284641851
sr_random_relu_pca_qd,1002,RTLLM/Prob024_fsm,1.0,exact_motif_signature,120,36,36,19,17,1,0.6834970284641851,17,1,0.6834970284641851,4,0.6834970284641851
sr_random_relu_pca_qd,1002,RTLLM/Prob037_parallel2serial,0.25,canonical_netlist,30,15,15,6,9,7,0.11000408797318291,9,7,0.11000408797318291,13,0.11000408797318291
sr_random_relu_pca_qd,1002,RTLLM/Prob037_parallel2serial,0.25,exact_motif_signature,30,15,15,11,4,3,0.11000408797318291,4,3,0.11000408797318291,13,0.11000408797318291
sr_random_relu_pca_qd,1002,RTLLM/Prob037_parallel2serial,0.5,canonical_netlist,60,18,18,6,12,2,0.11000408797318291,12,2,0.11000408797318291,2,0.11000408797318291
sr_random_relu_pca_qd,1002,RTLLM/Prob037_parallel2serial,0.5,exact_motif_signature,60,18,18,11,7,2,0.11000408797318291,7,2,0.11000408797318291,2,0.11000408797318291
sr_random_relu_pca_qd,1002,RTLLM/Prob037_parallel2serial,0.75,canonical_netlist,90,21,21,6,15,2,0.11000408797318291,15,2,0.11000408797318291,2,0.11000408797318291
sr_random_relu_pca_qd,1002,RTLLM/Prob037_parallel2serial,0.75,exact_motif_signature,90,21,21,13,8,2,0.11000408797318291,8,2,0.11000408797318291,2,0.11000408797318291
sr_random_relu_pca_qd,1002,RTLLM/Prob037_parallel2serial,1.0,canonical_netlist,120,26,26,8,18,2,0.11000408797318291,18,2,0.11000408797318291,2,0.11000408797318291
sr_random_relu_pca_qd,1002,RTLLM/Prob037_parallel2serial,1.0,exact_motif_signature,120,26,26,16,10,2,0.11000408797318291,10,2,0.11000408797318291,2,0.11000408797318291
sr_random_relu_pca_qd,1002,RTLLM/Prob041_traffic_light,0.25,canonical_netlist,30,8,8,1,7,2,0.4077420721374969,7,2,0.4077420721374969,2,0.4077420721374969
sr_random_relu_pca_qd,1002,RTLLM/Prob041_traffic_light,0.25,exact_motif_signature,30,8,8,1,7,2,0.4077420721374969,7,2,0.4077420721374969,2,0.4077420721374969
sr_random_relu_pca_qd,1002,RTLLM/Prob041_traffic_light,0.5,canonical_netlist,60,15,15,4,11,3,0.4077420721374969,11,3,0.4077420721374969,4,0.4077420721374969
sr_random_relu_pca_qd,1002,RTLLM/Prob041_traffic_light,0.5,exact_motif_signature,60,15,15,4,11,3,0.4077420721374969,11,3,0.4077420721374969,4,0.4077420721374969
sr_random_relu_pca_qd,1002,RTLLM/Prob041_traffic_light,0.75,canonical_netlist,90,30,30,5,25,3,0.4077420721374969,25,3,0.4077420721374969,4,0.4077420721374969
sr_random_relu_pca_qd,1002,RTLLM/Prob041_traffic_light,0.75,exact_motif_signature,90,30,30,5,25,3,0.4077420721374969,25,3,0.4077420721374969,4,0.4077420721374969
sr_random_relu_pca_qd,1002,RTLLM/Prob041_traffic_light,1.0,canonical_netlist,120,45,45,8,37,4,0.4077420721374969,37,4,0.4077420721374969,5,0.4077420721374969
sr_random_relu_pca_qd,1002,RTLLM/Prob041_traffic_light,1.0,exact_motif_signature,120,45,45,8,37,4,0.4077420721374969,37,4,0.4077420721374969,5,0.4077420721374969
sr_random_relu_pca_qd,1002,RTLLM/Prob045_alu,0.25,canonical_netlist,30,11,11,0,11,1,0.3854169459228596,11,1,0.3854169459228596,1,0.3854169459228596
sr_random_relu_pca_qd,1002,RTLLM/Prob045_alu,0.25,exact_motif_signature,30,11,11,0,11,1,0.3854169459228596,11,1,0.3854169459228596,1,0.3854169459228596
sr_random_relu_pca_qd,1002,RTLLM/Prob045_alu,0.5,canonical_netlist,60,20,20,0,20,1,0.3890797030028254,20,1,0.3890797030028254,1,0.3890797030028254
sr_random_relu_pca_qd,1002,RTLLM/Prob045_alu,0.5,exact_motif_signature,60,20,20,1,19,1,0.3890797030028254,19,1,0.3890797030028254,1,0.3890797030028254
sr_random_relu_pca_qd,1002,RTLLM/Prob045_alu,0.75,canonical_netlist,90,34,34,1,33,1,0.4217433471318746,33,1,0.4217433471318746,1,0.4217433471318746
sr_random_relu_pca_qd,1002,RTLLM/Prob045_alu,0.75,exact_motif_signature,90,34,34,2,32,1,0.4217433471318746,32,1,0.4217433471318746,1,0.4217433471318746
sr_random_relu_pca_qd,1002,RTLLM/Prob045_alu,1.0,canonical_netlist,120,53,53,1,52,2,0.4217433471318746,52,2,0.4217433471318746,2,0.4217433471318746
sr_random_relu_pca_qd,1002,RTLLM/Prob045_alu,1.0,exact_motif_signature,120,53,53,4,49,2,0.4217433471318746,49,2,0.4217433471318746,2,0.4217433471318746
sr_random_relu_pca_qd,1002,RTLLM/Prob049_signal_generator,0.25,canonical_netlist,30,19,19,13,6,5,0.23477469440256318,6,5,0.23477469440256318,18,0.23477469440256318
sr_random_relu_pca_qd,1002,RTLLM/Prob049_signal_generator,0.25,exact_motif_signature,30,19,19,16,3,3,0.23477469440256318,3,3,0.23477469440256318,18,0.23477469440256318
sr_random_relu_pca_qd,1002,RTLLM/Prob049_signal_generator,0.5,canonical_netlist,60,31,31,15,16,11,0.25984938304829974,16,11,0.25984938304829974,25,0.25984938304829974
sr_random_relu_pca_qd,1002,RTLLM/Prob049_signal_generator,0.5,exact_motif_signature,60,31,31,25,6,4,0.25984938304829974,6,4,0.25984938304829974,25,0.25984938304829974
sr_random_relu_pca_qd,1002,RTLLM/Prob049_signal_generator,0.75,canonical_netlist,90,45,45,24,21,13,0.25984938304829974,21,13,0.25984938304829974,32,0.25984938304829974
sr_random_relu_pca_qd,1002,RTLLM/Prob049_signal_generator,0.75,exact_motif_signature,90,45,45,38,7,4,0.25984938304829974,7,4,0.25984938304829974,32,0.25984938304829974
sr_random_relu_pca_qd,1002,RTLLM/Prob049_signal_generator,1.0,canonical_netlist,120,55,55,32,23,13,0.25984938304829974,23,13,0.25984938304829974,37,0.25984938304829974
sr_random_relu_pca_qd,1002,RTLLM/Prob049_signal_generator,1.0,exact_motif_signature,120,55,55,47,8,4,0.25984938304829974,8,4,0.25984938304829974,37,0.25984938304829974
sr_random_relu_pca_qd,1002,VerilogEval-Spec-to-RTL/Prob098_circuit7,0.25,canonical_netlist,30,13,13,12,1,1,-0.0,1,1,-0.0,13,-0.0
sr_random_relu_pca_qd,1002,VerilogEval-Spec-to-RTL/Prob098_circuit7,0.25,exact_motif_signature,30,13,13,12,1,1,-0.0,1,1,-0.0,13,-0.0
sr_random_relu_pca_qd,1002,VerilogEval-Spec-to-RTL/Prob098_circuit7,0.5,canonical_netlist,60,28,28,25,3,1,0.01200564971751411,3,1,0.01200564971751411,9,0.01200564971751411
sr_random_relu_pca_qd,1002,VerilogEval-Spec-to-RTL/Prob098_circuit7,0.5,exact_motif_signature,60,28,28,26,2,1,0.01200564971751411,2,1,0.01200564971751411,9,0.01200564971751411
sr_random_relu_pca_qd,1002,VerilogEval-Spec-to-RTL/Prob098_circuit7,0.75,canonical_netlist,90,53,53,48,5,2,0.01200564971751411,5,2,0.01200564971751411,26,0.01200564971751411
sr_random_relu_pca_qd,1002,VerilogEval-Spec-to-RTL/Prob098_circuit7,0.75,exact_motif_signature,90,53,53,50,3,1,0.01200564971751411,3,1,0.01200564971751411,26,0.01200564971751411
sr_random_relu_pca_qd,1002,VerilogEval-Spec-to-RTL/Prob098_circuit7,1.0,canonical_netlist,120,75,75,68,7,3,0.01200564971751411,7,3,0.01200564971751411,40,0.01200564971751411
sr_random_relu_pca_qd,1002,VerilogEval-Spec-to-RTL/Prob098_circuit7,1.0,exact_motif_signature,120,75,75,72,3,1,0.01200564971751411,3,1,0.01200564971751411,40,0.01200564971751411
sr_random_relu_pca_qd,1002,VerilogEval-Spec-to-RTL/Prob116_m2014_q3,0.25,canonical_netlist,30,12,12,6,6,2,0.46535233160621764,6,2,0.46535233160621764,7,0.46535233160621764
sr_random_relu_pca_qd,1002,VerilogEval-Spec-to-RTL/Prob116_m2014_q3,0.25,exact_motif_signature,30,12,12,7,5,1,0.46535233160621764,5,1,0.46535233160621764,7,0.46535233160621764
sr_random_relu_pca_qd,1002,VerilogEval-Spec-to-RTL/Prob116_m2014_q3,0.5,canonical_netlist,60,20,20,12,8,2,0.46535233160621764,8,2,0.46535233160621764,8,0.46535233160621764
sr_random_relu_pca_qd,1002,VerilogEval-Spec-to-RTL/Prob116_m2014_q3,0.5,exact_motif_signature,60,20,20,13,7,1,0.46535233160621764,7,1,0.46535233160621764,8,0.46535233160621764
sr_random_relu_pca_qd,1002,VerilogEval-Spec-to-RTL/Prob116_m2014_q3,0.75,canonical_netlist,90,34,34,24,10,2,0.46535233160621764,10,2,0.46535233160621764,10,0.46535233160621764
sr_random_relu_pca_qd,1002,VerilogEval-Spec-to-RTL/Prob116_m2014_q3,0.75,exact_motif_signature,90,34,34,27,7,1,0.46535233160621764,7,1,0.46535233160621764,10,0.46535233160621764
sr_random_relu_pca_qd,1002,VerilogEval-Spec-to-RTL/Prob116_m2014_q3,1.0,canonical_netlist,120,41,41,30,11,2,0.46535233160621764,11,2,0.46535233160621764,13,0.46535233160621764
sr_random_relu_pca_qd,1002,VerilogEval-Spec-to-RTL/Prob116_m2014_q3,1.0,exact_motif_signature,120,41,41,34,7,1,0.46535233160621764,7,1,0.46535233160621764,13,0.46535233160621764
sr_random_relu_pca_qd,1002,VerilogEval-Spec-to-RTL/Prob135_m2014_q6b,0.25,canonical_netlist,30,17,17,13,4,3,0.2636173393124066,4,3,0.2636173393124066,5,0.2636173393124066
sr_random_relu_pca_qd,1002,VerilogEval-Spec-to-RTL/Prob135_m2014_q6b,0.25,exact_motif_signature,30,17,17,15,2,1,0.2636173393124066,2,1,0.2636173393124066,5,0.2636173393124066
sr_random_relu_pca_qd,1002,VerilogEval-Spec-to-RTL/Prob135_m2014_q6b,0.5,canonical_netlist,60,35,35,29,6,3,0.2636173393124066,6,3,0.2636173393124066,11,0.2636173393124066
sr_random_relu_pca_qd,1002,VerilogEval-Spec-to-RTL/Prob135_m2014_q6b,0.5,exact_motif_signature,60,35,35,32,3,1,0.2636173393124066,3,1,0.2636173393124066,11,0.2636173393124066
sr_random_relu_pca_qd,1002,VerilogEval-Spec-to-RTL/Prob135_m2014_q6b,0.75,canonical_netlist,90,55,55,45,10,2,0.39769805680119585,10,2,0.39769805680119585,2,0.39769805680119585
sr_random_relu_pca_qd,1002,VerilogEval-Spec-to-RTL/Prob135_m2014_q6b,0.75,exact_motif_signature,90,55,55,49,6,2,0.39769805680119585,6,2,0.39769805680119585,2,0.39769805680119585
sr_random_relu_pca_qd,1002,VerilogEval-Spec-to-RTL/Prob135_m2014_q6b,1.0,canonical_netlist,120,75,75,65,10,2,0.39769805680119585,10,2,0.39769805680119585,9,0.39769805680119585
sr_random_relu_pca_qd,1002,VerilogEval-Spec-to-RTL/Prob135_m2014_q6b,1.0,exact_motif_signature,120,75,75,69,6,2,0.39769805680119585,6,2,0.39769805680119585,9,0.39769805680119585
sr_random_relu_pca_qd,1002,VerilogEval-Spec-to-RTL/Prob150_review2015_fsmonehot,0.25,canonical_netlist,30,16,16,11,5,1,0.32968627450980387,5,1,0.32968627450980387,7,0.32968627450980387
sr_random_relu_pca_qd,1002,VerilogEval-Spec-to-RTL/Prob150_review2015_fsmonehot,0.25,exact_motif_signature,30,16,16,15,1,1,0.32968627450980387,1,1,0.32968627450980387,7,0.32968627450980387
sr_random_relu_pca_qd,1002,VerilogEval-Spec-to-RTL/Prob150_review2015_fsmonehot,0.5,canonical_netlist,60,35,35,28,7,1,0.32968627450980387,7,1,0.32968627450980387,7,0.32968627450980387
sr_random_relu_pca_qd,1002,VerilogEval-Spec-to-RTL/Prob150_review2015_fsmonehot,0.5,exact_motif_signature,60,35,35,33,2,1,0.32968627450980387,2,1,0.32968627450980387,7,0.32968627450980387
sr_random_relu_pca_qd,1002,VerilogEval-Spec-to-RTL/Prob150_review2015_fsmonehot,0.75,canonical_netlist,90,57,57,47,10,2,0.32968627450980387,10,2,0.32968627450980387,8,0.32968627450980387
sr_random_relu_pca_qd,1002,VerilogEval-Spec-to-RTL/Prob150_review2015_fsmonehot,0.75,exact_motif_signature,90,57,57,54,3,1,0.32968627450980387,3,1,0.32968627450980387,8,0.32968627450980387
sr_random_relu_pca_qd,1002,VerilogEval-Spec-to-RTL/Prob150_review2015_fsmonehot,1.0,canonical_netlist,120,81,81,69,12,3,0.32968627450980387,12,3,0.32968627450980387,10,0.32968627450980387
sr_random_relu_pca_qd,1002,VerilogEval-Spec-to-RTL/Prob150_review2015_fsmonehot,1.0,exact_motif_signature,120,81,81,78,3,1,0.32968627450980387,3,1,0.32968627450980387,10,0.32968627450980387
sr_random_relu_pca_qd,1002,VerilogEval-Spec-to-RTL/Prob151_review2015_fsm,0.25,canonical_netlist,30,0,0,0,0,0,,0,0,,0,
sr_random_relu_pca_qd,1002,VerilogEval-Spec-to-RTL/Prob151_review2015_fsm,0.25,exact_motif_signature,30,0,0,0,0,0,,0,0,,0,
sr_random_relu_pca_qd,1002,VerilogEval-Spec-to-RTL/Prob151_review2015_fsm,0.5,canonical_netlist,60,4,4,1,3,2,-0.1171349157926339,3,2,-0.1171349157926339,3,-0.1171349157926339
sr_random_relu_pca_qd,1002,VerilogEval-Spec-to-RTL/Prob151_review2015_fsm,0.5,exact_motif_signature,60,4,4,1,3,2,-0.1171349157926339,3,2,-0.1171349157926339,3,-0.1171349157926339
sr_random_relu_pca_qd,1002,VerilogEval-Spec-to-RTL/Prob151_review2015_fsm,0.75,canonical_netlist,90,6,6,2,4,2,-0.1171349157926339,4,2,-0.1171349157926339,4,-0.1171349157926339
sr_random_relu_pca_qd,1002,VerilogEval-Spec-to-RTL/Prob151_review2015_fsm,0.75,exact_motif_signature,90,6,6,2,4,2,-0.1171349157926339,4,2,-0.1171349157926339,4,-0.1171349157926339
sr_random_relu_pca_qd,1002,VerilogEval-Spec-to-RTL/Prob151_review2015_fsm,1.0,canonical_netlist,120,10,10,2,8,3,-0.1171349157926339,8,3,-0.1171349157926339,5,-0.1171349157926339
sr_random_relu_pca_qd,1002,VerilogEval-Spec-to-RTL/Prob151_review2015_fsm,1.0,exact_motif_signature,120,10,10,2,8,3,-0.1171349157926339,8,3,-0.1171349157926339,5,-0.1171349157926339
sr_random_relu_pca_qd,1002,VerilogEval-Spec-to-RTL/Prob153_gshare,0.25,canonical_netlist,30,11,11,3,8,3,0.13124908330233895,8,3,0.13124908330233895,3,0.13124908330233895
sr_random_relu_pca_qd,1002,VerilogEval-Spec-to-RTL/Prob153_gshare,0.25,exact_motif_signature,30,11,11,3,8,3,0.13124908330233895,8,3,0.13124908330233895,3,0.13124908330233895
sr_random_relu_pca_qd,1002,VerilogEval-Spec-to-RTL/Prob153_gshare,0.5,canonical_netlist,60,19,19,5,14,6,0.13560291914358902,14,6,0.13560291914358902,7,0.13560291914358902
sr_random_relu_pca_qd,1002,VerilogEval-Spec-to-RTL/Prob153_gshare,0.5,exact_motif_signature,60,19,19,6,13,5,0.13560291914358902,13,5,0.13560291914358902,7,0.13560291914358902
sr_random_relu_pca_qd,1002,VerilogEval-Spec-to-RTL/Prob153_gshare,0.75,canonical_netlist,90,30,30,9,21,6,0.13560291914358902,21,6,0.13560291914358902,9,0.13560291914358902
sr_random_relu_pca_qd,1002,VerilogEval-Spec-to-RTL/Prob153_gshare,0.75,exact_motif_signature,90,30,30,10,20,5,0.13560291914358902,20,5,0.13560291914358902,9,0.13560291914358902
sr_random_relu_pca_qd,1002,VerilogEval-Spec-to-RTL/Prob153_gshare,1.0,canonical_netlist,120,40,40,12,28,7,0.13560291914358902,28,7,0.13560291914358902,12,0.13560291914358902
sr_random_relu_pca_qd,1002,VerilogEval-Spec-to-RTL/Prob153_gshare,1.0,exact_motif_signature,120,40,40,15,25,6,0.13560291914358902,25,6,0.13560291914358902,12,0.13560291914358902
sr_random_relu_pca_qd,1003,RTLLM/Prob004_adder_8bit,0.25,canonical_netlist,30,10,10,2,8,1,0.38154412826809186,8,1,0.38154412826809186,1,0.38154412826809186
sr_random_relu_pca_qd,1003,RTLLM/Prob004_adder_8bit,0.25,exact_motif_signature,30,10,10,7,3,1,0.38154412826809186,3,1,0.38154412826809186,1,0.38154412826809186
sr_random_relu_pca_qd,1003,RTLLM/Prob004_adder_8bit,0.5,canonical_netlist,60,38,38,20,18,2,0.38154412826809186,18,2,0.38154412826809186,7,0.38154412826809186
sr_random_relu_pca_qd,1003,RTLLM/Prob004_adder_8bit,0.5,exact_motif_signature,60,38,38,29,9,1,0.38154412826809186,9,1,0.38154412826809186,7,0.38154412826809186
sr_random_relu_pca_qd,1003,RTLLM/Prob004_adder_8bit,0.75,canonical_netlist,90,57,57,31,26,2,0.38154412826809186,26,2,0.38154412826809186,11,0.38154412826809186
sr_random_relu_pca_qd,1003,RTLLM/Prob004_adder_8bit,0.75,exact_motif_signature,90,57,57,45,12,1,0.38154412826809186,12,1,0.38154412826809186,11,0.38154412826809186
sr_random_relu_pca_qd,1003,RTLLM/Prob004_adder_8bit,1.0,canonical_netlist,120,80,80,42,38,2,0.38154412826809186,38,2,0.38154412826809186,16,0.38154412826809186
sr_random_relu_pca_qd,1003,RTLLM/Prob004_adder_8bit,1.0,exact_motif_signature,120,80,80,65,15,1,0.38154412826809186,15,1,0.38154412826809186,16,0.38154412826809186
sr_random_relu_pca_qd,1003,RTLLM/Prob015_multi_pipe_8bit,0.25,canonical_netlist,30,9,9,1,8,4,0.027172138886517743,8,4,0.027172138886517743,5,0.027172138886517743
sr_random_relu_pca_qd,1003,RTLLM/Prob015_multi_pipe_8bit,0.25,exact_motif_signature,30,9,9,3,6,4,0.027172138886517743,6,4,0.027172138886517743,5,0.027172138886517743
sr_random_relu_pca_qd,1003,RTLLM/Prob015_multi_pipe_8bit,0.5,canonical_netlist,60,22,22,1,21,7,0.14999405052911494,21,7,0.14999405052911494,7,0.14999405052911494
sr_random_relu_pca_qd,1003,RTLLM/Prob015_multi_pipe_8bit,0.5,exact_motif_signature,60,22,22,7,15,7,0.14999405052911494,15,7,0.14999405052911494,7,0.14999405052911494
sr_random_relu_pca_qd,1003,RTLLM/Prob015_multi_pipe_8bit,0.75,canonical_netlist,90,39,39,1,38,16,0.21133812099450025,38,16,0.21133812099450025,16,0.21133812099450025
sr_random_relu_pca_qd,1003,RTLLM/Prob015_multi_pipe_8bit,0.75,exact_motif_signature,90,39,39,9,30,14,0.21133812099450025,30,14,0.21133812099450025,16,0.21133812099450025
sr_random_relu_pca_qd,1003,RTLLM/Prob015_multi_pipe_8bit,1.0,canonical_netlist,120,58,58,3,55,17,0.21133812099450025,55,17,0.21133812099450025,17,0.21133812099450025
sr_random_relu_pca_qd,1003,RTLLM/Prob015_multi_pipe_8bit,1.0,exact_motif_signature,120,58,58,16,42,17,0.21133812099450025,42,17,0.21133812099450025,17,0.21133812099450025
sr_random_relu_pca_qd,1003,RTLLM/Prob024_fsm,0.25,canonical_netlist,30,5,5,1,4,1,0.6834970284641851,4,1,0.6834970284641851,1,0.6834970284641851
sr_random_relu_pca_qd,1003,RTLLM/Prob024_fsm,0.25,exact_motif_signature,30,5,5,1,4,1,0.6834970284641851,4,1,0.6834970284641851,1,0.6834970284641851
sr_random_relu_pca_qd,1003,RTLLM/Prob024_fsm,0.5,canonical_netlist,60,13,13,5,8,2,0.6834970284641851,8,2,0.6834970284641851,2,0.6834970284641851
sr_random_relu_pca_qd,1003,RTLLM/Prob024_fsm,0.5,exact_motif_signature,60,13,13,6,7,1,0.6834970284641851,7,1,0.6834970284641851,2,0.6834970284641851
sr_random_relu_pca_qd,1003,RTLLM/Prob024_fsm,0.75,canonical_netlist,90,21,21,11,10,2,0.6834970284641851,10,2,0.6834970284641851,3,0.6834970284641851
sr_random_relu_pca_qd,1003,RTLLM/Prob024_fsm,0.75,exact_motif_signature,90,21,21,13,8,1,0.6834970284641851,8,1,0.6834970284641851,3,0.6834970284641851
sr_random_relu_pca_qd,1003,RTLLM/Prob024_fsm,1.0,canonical_netlist,120,29,29,16,13,2,0.6834970284641851,13,2,0.6834970284641851,3,0.6834970284641851
sr_random_relu_pca_qd,1003,RTLLM/Prob024_fsm,1.0,exact_motif_signature,120,29,29,20,9,1,0.6834970284641851,9,1,0.6834970284641851,3,0.6834970284641851
sr_random_relu_pca_qd,1003,RTLLM/Prob037_parallel2serial,0.25,canonical_netlist,30,12,12,5,7,6,-0.0,7,6,-0.0,11,-0.0
sr_random_relu_pca_qd,1003,RTLLM/Prob037_parallel2serial,0.25,exact_motif_signature,30,12,12,8,4,3,-0.0,4,3,-0.0,11,-0.0
sr_random_relu_pca_qd,1003,RTLLM/Prob037_parallel2serial,0.5,canonical_netlist,60,14,14,5,9,8,-0.0,9,8,-0.0,13,-0.0
sr_random_relu_pca_qd,1003,RTLLM/Prob037_parallel2serial,0.5,exact_motif_signature,60,14,14,10,4,3,-0.0,4,3,-0.0,13,-0.0
sr_random_relu_pca_qd,1003,RTLLM/Prob037_parallel2serial,0.75,canonical_netlist,90,17,17,5,12,1,0.06325075627503886,12,1,0.06325075627503886,1,0.06325075627503886
sr_random_relu_pca_qd,1003,RTLLM/Prob037_parallel2serial,0.75,exact_motif_signature,90,17,17,11,6,1,0.06325075627503886,6,1,0.06325075627503886,1,0.06325075627503886
sr_random_relu_pca_qd,1003,RTLLM/Prob037_parallel2serial,1.0,canonical_netlist,120,21,21,7,14,2,0.06325075627503886,14,2,0.06325075627503886,4,0.06325075627503886
sr_random_relu_pca_qd,1003,RTLLM/Prob037_parallel2serial,1.0,exact_motif_signature,120,21,21,13,8,2,0.06325075627503886,8,2,0.06325075627503886,4,0.06325075627503886
sr_random_relu_pca_qd,1003,RTLLM/Prob041_traffic_light,0.25,canonical_netlist,30,8,8,0,8,3,0.3649709513435004,8,3,0.3649709513435004,3,0.3649709513435004
sr_random_relu_pca_qd,1003,RTLLM/Prob041_traffic_light,0.25,exact_motif_signature,30,8,8,0,8,3,0.3649709513435004,8,3,0.3649709513435004,3,0.3649709513435004
sr_random_relu_pca_qd,1003,RTLLM/Prob041_traffic_light,0.5,canonical_netlist,60,25,25,0,25,3,0.43778140885984024,25,3,0.43778140885984024,3,0.43778140885984024
sr_random_relu_pca_qd,1003,RTLLM/Prob041_traffic_light,0.5,exact_motif_signature,60,25,25,0,25,3,0.43778140885984024,25,3,0.43778140885984024,3,0.43778140885984024
sr_random_relu_pca_qd,1003,RTLLM/Prob041_traffic_light,0.75,canonical_netlist,90,40,40,2,38,4,0.43778140885984024,38,4,0.43778140885984024,4,0.43778140885984024
sr_random_relu_pca_qd,1003,RTLLM/Prob041_traffic_light,0.75,exact_motif_signature,90,40,40,2,38,4,0.43778140885984024,38,4,0.43778140885984024,4,0.43778140885984024
sr_random_relu_pca_qd,1003,RTLLM/Prob041_traffic_light,1.0,canonical_netlist,120,62,62,13,49,6,0.43778140885984024,49,6,0.43778140885984024,9,0.43778140885984024
sr_random_relu_pca_qd,1003,RTLLM/Prob041_traffic_light,1.0,exact_motif_signature,120,62,62,16,46,5,0.43778140885984024,46,5,0.43778140885984024,9,0.43778140885984024
sr_random_relu_pca_qd,1003,RTLLM/Prob045_alu,0.25,canonical_netlist,30,7,7,0,7,3,0.38970957355936653,7,3,0.38970957355936653,3,0.38970957355936653
sr_random_relu_pca_qd,1003,RTLLM/Prob045_alu,0.25,exact_motif_signature,30,7,7,0,7,3,0.38970957355936653,7,3,0.38970957355936653,3,0.38970957355936653
sr_random_relu_pca_qd,1003,RTLLM/Prob045_alu,0.5,canonical_netlist,60,18,18,0,18,1,0.4104905381431106,18,1,0.4104905381431106,1,0.4104905381431106
sr_random_relu_pca_qd,1003,RTLLM/Prob045_alu,0.5,exact_motif_signature,60,18,18,0,18,1,0.4104905381431106,18,1,0.4104905381431106,1,0.4104905381431106
sr_random_relu_pca_qd,1003,RTLLM/Prob045_alu,0.75,canonical_netlist,90,40,40,4,36,2,0.4104905381431106,36,2,0.4104905381431106,6,0.4104905381431106
sr_random_relu_pca_qd,1003,RTLLM/Prob045_alu,0.75,exact_motif_signature,90,40,40,5,35,1,0.4104905381431106,35,1,0.4104905381431106,6,0.4104905381431106
sr_random_relu_pca_qd,1003,RTLLM/Prob045_alu,1.0,canonical_netlist,120,63,63,7,56,1,0.41118628030751037,56,1,0.41118628030751037,1,0.41118628030751037
sr_random_relu_pca_qd,1003,RTLLM/Prob045_alu,1.0,exact_motif_signature,120,63,63,8,55,1,0.41118628030751037,55,1,0.41118628030751037,1,0.41118628030751037
sr_random_relu_pca_qd,1003,RTLLM/Prob049_signal_generator,0.25,canonical_netlist,30,21,21,16,5,5,0.23477469440256318,5,5,0.23477469440256318,21,0.23477469440256318
sr_random_relu_pca_qd,1003,RTLLM/Prob049_signal_generator,0.25,exact_motif_signature,30,21,21,17,4,4,0.23477469440256318,4,4,0.23477469440256318,21,0.23477469440256318
sr_random_relu_pca_qd,1003,RTLLM/Prob049_signal_generator,0.5,canonical_netlist,60,33,33,22,11,9,0.25984938304829974,11,9,0.25984938304829974,30,0.25984938304829974
sr_random_relu_pca_qd,1003,RTLLM/Prob049_signal_generator,0.5,exact_motif_signature,60,33,33,27,6,4,0.25984938304829974,6,4,0.25984938304829974,30,0.25984938304829974
sr_random_relu_pca_qd,1003,RTLLM/Prob049_signal_generator,0.75,canonical_netlist,90,47,47,32,15,9,0.25984938304829974,15,9,0.25984938304829974,36,0.25984938304829974
sr_random_relu_pca_qd,1003,RTLLM/Prob049_signal_generator,0.75,exact_motif_signature,90,47,47,39,8,4,0.25984938304829974,8,4,0.25984938304829974,36,0.25984938304829974
sr_random_relu_pca_qd,1003,RTLLM/Prob049_signal_generator,1.0,canonical_netlist,120,58,58,41,17,9,0.25984938304829974,17,9,0.25984938304829974,42,0.25984938304829974
sr_random_relu_pca_qd,1003,RTLLM/Prob049_signal_generator,1.0,exact_motif_signature,120,58,58,49,9,4,0.25984938304829974,9,4,0.25984938304829974,42,0.25984938304829974
sr_random_relu_pca_qd,1003,VerilogEval-Spec-to-RTL/Prob098_circuit7,0.25,canonical_netlist,30,12,12,9,3,2,0.01200564971751411,3,2,0.01200564971751411,3,0.01200564971751411
sr_random_relu_pca_qd,1003,VerilogEval-Spec-to-RTL/Prob098_circuit7,0.25,exact_motif_signature,30,12,12,10,2,1,0.01200564971751411,2,1,0.01200564971751411,3,0.01200564971751411
sr_random_relu_pca_qd,1003,VerilogEval-Spec-to-RTL/Prob098_circuit7,0.5,canonical_netlist,60,15,15,12,3,2,0.01200564971751411,3,2,0.01200564971751411,3,0.01200564971751411
sr_random_relu_pca_qd,1003,VerilogEval-Spec-to-RTL/Prob098_circuit7,0.5,exact_motif_signature,60,15,15,13,2,1,0.01200564971751411,2,1,0.01200564971751411,3,0.01200564971751411
sr_random_relu_pca_qd,1003,VerilogEval-Spec-to-RTL/Prob098_circuit7,0.75,canonical_netlist,90,22,22,17,5,3,0.01200564971751411,5,3,0.01200564971751411,6,0.01200564971751411
sr_random_relu_pca_qd,1003,VerilogEval-Spec-to-RTL/Prob098_circuit7,0.75,exact_motif_signature,90,22,22,19,3,1,0.01200564971751411,3,1,0.01200564971751411,6,0.01200564971751411
sr_random_relu_pca_qd,1003,VerilogEval-Spec-to-RTL/Prob098_circuit7,1.0,canonical_netlist,120,31,31,26,5,3,0.01200564971751411,5,3,0.01200564971751411,12,0.01200564971751411
sr_random_relu_pca_qd,1003,VerilogEval-Spec-to-RTL/Prob098_circuit7,1.0,exact_motif_signature,120,31,31,28,3,1,0.01200564971751411,3,1,0.01200564971751411,12,0.01200564971751411
sr_random_relu_pca_qd,1003,VerilogEval-Spec-to-RTL/Prob116_m2014_q3,0.25,canonical_netlist,30,19,19,10,9,2,0.46535233160621764,9,2,0.46535233160621764,6,0.46535233160621764
sr_random_relu_pca_qd,1003,VerilogEval-Spec-to-RTL/Prob116_m2014_q3,0.25,exact_motif_signature,30,19,19,14,5,1,0.46535233160621764,5,1,0.46535233160621764,6,0.46535233160621764
sr_random_relu_pca_qd,1003,VerilogEval-Spec-to-RTL/Prob116_m2014_q3,0.5,canonical_netlist,60,38,38,25,13,3,0.46535233160621764,13,3,0.46535233160621764,16,0.46535233160621764
sr_random_relu_pca_qd,1003,VerilogEval-Spec-to-RTL/Prob116_m2014_q3,0.5,exact_motif_signature,60,38,38,33,5,1,0.46535233160621764,5,1,0.46535233160621764,16,0.46535233160621764
sr_random_relu_pca_qd,1003,VerilogEval-Spec-to-RTL/Prob116_m2014_q3,0.75,canonical_netlist,90,55,55,41,14,3,0.46535233160621764,14,3,0.46535233160621764,29,0.46535233160621764
sr_random_relu_pca_qd,1003,VerilogEval-Spec-to-RTL/Prob116_m2014_q3,0.75,exact_motif_signature,90,55,55,50,5,1,0.46535233160621764,5,1,0.46535233160621764,29,0.46535233160621764
sr_random_relu_pca_qd,1003,VerilogEval-Spec-to-RTL/Prob116_m2014_q3,1.0,canonical_netlist,120,76,76,60,16,3,0.46535233160621764,16,3,0.46535233160621764,41,0.46535233160621764
sr_random_relu_pca_qd,1003,VerilogEval-Spec-to-RTL/Prob116_m2014_q3,1.0,exact_motif_signature,120,76,76,71,5,1,0.46535233160621764,5,1,0.46535233160621764,41,0.46535233160621764
sr_random_relu_pca_qd,1003,VerilogEval-Spec-to-RTL/Prob135_m2014_q6b,0.25,canonical_netlist,30,20,20,16,4,1,0.2636173393124066,4,1,0.2636173393124066,2,0.2636173393124066
sr_random_relu_pca_qd,1003,VerilogEval-Spec-to-RTL/Prob135_m2014_q6b,0.25,exact_motif_signature,30,20,20,16,4,1,0.2636173393124066,4,1,0.2636173393124066,2,0.2636173393124066
sr_random_relu_pca_qd,1003,VerilogEval-Spec-to-RTL/Prob135_m2014_q6b,0.5,canonical_netlist,60,46,46,39,7,3,0.2636173393124066,7,3,0.2636173393124066,6,0.2636173393124066
sr_random_relu_pca_qd,1003,VerilogEval-Spec-to-RTL/Prob135_m2014_q6b,0.5,exact_motif_signature,60,46,46,42,4,1,0.2636173393124066,4,1,0.2636173393124066,6,0.2636173393124066
sr_random_relu_pca_qd,1003,VerilogEval-Spec-to-RTL/Prob135_m2014_q6b,0.75,canonical_netlist,90,67,67,59,8,4,0.2636173393124066,8,4,0.2636173393124066,9,0.2636173393124066
sr_random_relu_pca_qd,1003,VerilogEval-Spec-to-RTL/Prob135_m2014_q6b,0.75,exact_motif_signature,90,67,67,63,4,1,0.2636173393124066,4,1,0.2636173393124066,9,0.2636173393124066
sr_random_relu_pca_qd,1003,VerilogEval-Spec-to-RTL/Prob135_m2014_q6b,1.0,canonical_netlist,120,87,87,79,8,4,0.2636173393124066,8,4,0.2636173393124066,10,0.2636173393124066
sr_random_relu_pca_qd,1003,VerilogEval-Spec-to-RTL/Prob135_m2014_q6b,1.0,exact_motif_signature,120,87,87,83,4,1,0.2636173393124066,4,1,0.2636173393124066,10,0.2636173393124066
sr_random_relu_pca_qd,1003,VerilogEval-Spec-to-RTL/Prob150_review2015_fsmonehot,0.25,canonical_netlist,30,12,12,7,5,3,0.32968627450980387,5,3,0.32968627450980387,7,0.32968627450980387
sr_random_relu_pca_qd,1003,VerilogEval-Spec-to-RTL/Prob150_review2015_fsmonehot,0.25,exact_motif_signature,30,12,12,11,1,1,0.32968627450980387,1,1,0.32968627450980387,7,0.32968627450980387
sr_random_relu_pca_qd,1003,VerilogEval-Spec-to-RTL/Prob150_review2015_fsmonehot,0.5,canonical_netlist,60,24,24,16,8,4,0.32968627450980387,8,4,0.32968627450980387,14,0.32968627450980387
sr_random_relu_pca_qd,1003,VerilogEval-Spec-to-RTL/Prob150_review2015_fsmonehot,0.5,exact_motif_signature,60,24,24,23,1,1,0.32968627450980387,1,1,0.32968627450980387,14,0.32968627450980387
sr_random_relu_pca_qd,1003,VerilogEval-Spec-to-RTL/Prob150_review2015_fsmonehot,0.75,canonical_netlist,90,37,37,28,9,4,0.32968627450980387,9,4,0.32968627450980387,18,0.32968627450980387
sr_random_relu_pca_qd,1003,VerilogEval-Spec-to-RTL/Prob150_review2015_fsmonehot,0.75,exact_motif_signature,90,37,37,35,2,1,0.32968627450980387,2,1,0.32968627450980387,18,0.32968627450980387
sr_random_relu_pca_qd,1003,VerilogEval-Spec-to-RTL/Prob150_review2015_fsmonehot,1.0,canonical_netlist,120,50,50,38,12,6,0.32968627450980387,12,6,0.32968627450980387,25,0.32968627450980387
sr_random_relu_pca_qd,1003,VerilogEval-Spec-to-RTL/Prob150_review2015_fsmonehot,1.0,exact_motif_signature,120,50,50,48,2,1,0.32968627450980387,2,1,0.32968627450980387,25,0.32968627450980387
sr_random_relu_pca_qd,1003,VerilogEval-Spec-to-RTL/Prob151_review2015_fsm,0.25,canonical_netlist,30,1,1,0,1,1,-0.7344272059037159,1,1,-0.7344272059037159,1,-0.7344272059037159
sr_random_relu_pca_qd,1003,VerilogEval-Spec-to-RTL/Prob151_review2015_fsm,0.25,exact_motif_signature,30,1,1,0,1,1,-0.7344272059037159,1,1,-0.7344272059037159,1,-0.7344272059037159
sr_random_relu_pca_qd,1003,VerilogEval-Spec-to-RTL/Prob151_review2015_fsm,0.5,canonical_netlist,60,2,2,0,2,1,-0.27930309809504444,2,1,-0.27930309809504444,1,-0.27930309809504444
sr_random_relu_pca_qd,1003,VerilogEval-Spec-to-RTL/Prob151_review2015_fsm,0.5,exact_motif_signature,60,2,2,0,2,1,-0.27930309809504444,2,1,-0.27930309809504444,1,-0.27930309809504444
sr_random_relu_pca_qd,1003,VerilogEval-Spec-to-RTL/Prob151_review2015_fsm,0.75,canonical_netlist,90,10,10,2,8,3,-0.23859883591427214,8,3,-0.23859883591427214,5,-0.23859883591427214
sr_random_relu_pca_qd,1003,VerilogEval-Spec-to-RTL/Prob151_review2015_fsm,0.75,exact_motif_signature,90,10,10,2,8,3,-0.23859883591427214,8,3,-0.23859883591427214,5,-0.23859883591427214
sr_random_relu_pca_qd,1003,VerilogEval-Spec-to-RTL/Prob151_review2015_fsm,1.0,canonical_netlist,120,17,17,4,13,3,-0.1422179610099073,13,3,-0.1422179610099073,4,-0.1422179610099073
sr_random_relu_pca_qd,1003,VerilogEval-Spec-to-RTL/Prob151_review2015_fsm,1.0,exact_motif_signature,120,17,17,5,12,2,-0.1422179610099073,12,2,-0.1422179610099073,4,-0.1422179610099073
sr_random_relu_pca_qd,1003,VerilogEval-Spec-to-RTL/Prob153_gshare,0.25,canonical_netlist,30,4,4,2,2,2,-0.007065789999012373,2,2,-0.007065789999012373,4,-0.007065789999012373
sr_random_relu_pca_qd,1003,VerilogEval-Spec-to-RTL/Prob153_gshare,0.25,exact_motif_signature,30,4,4,2,2,2,-0.007065789999012373,2,2,-0.007065789999012373,4,-0.007065789999012373
sr_random_relu_pca_qd,1003,VerilogEval-Spec-to-RTL/Prob153_gshare,0.5,canonical_netlist,60,7,7,3,4,2,0.038260113092649005,4,2,0.038260113092649005,2,0.038260113092649005
sr_random_relu_pca_qd,1003,VerilogEval-Spec-to-RTL/Prob153_gshare,0.5,exact_motif_signature,60,7,7,3,4,2,0.038260113092649005,4,2,0.038260113092649005,2,0.038260113092649005
sr_random_relu_pca_qd,1003,VerilogEval-Spec-to-RTL/Prob153_gshare,0.75,canonical_netlist,90,14,14,6,8,3,0.038260113092649005,8,3,0.038260113092649005,4,0.038260113092649005
sr_random_relu_pca_qd,1003,VerilogEval-Spec-to-RTL/Prob153_gshare,0.75,exact_motif_signature,90,14,14,6,8,3,0.038260113092649005,8,3,0.038260113092649005,4,0.038260113092649005
sr_random_relu_pca_qd,1003,VerilogEval-Spec-to-RTL/Prob153_gshare,1.0,canonical_netlist,120,20,20,6,14,4,0.13560291914358902,14,4,0.13560291914358902,4,0.13560291914358902
sr_random_relu_pca_qd,1003,VerilogEval-Spec-to-RTL/Prob153_gshare,1.0,exact_motif_signature,120,20,20,6,14,4,0.13560291914358902,14,4,0.13560291914358902,4,0.13560291914358902
synthesis_trajectory_nod,1001,RTLLM/Prob004_adder_8bit,0.25,canonical_netlist,30,9,9,2,7,1,0.38154412826809186,7,1,0.38154412826809186,2,0.38154412826809186
synthesis_trajectory_nod,1001,RTLLM/Prob004_adder_8bit,0.25,exact_motif_signature,30,9,9,5,4,1,0.38154412826809186,4,1,0.38154412826809186,2,0.38154412826809186
synthesis_trajectory_nod,1001,RTLLM/Prob004_adder_8bit,0.5,canonical_netlist,60,32,32,13,19,3,0.38154412826809186,19,3,0.38154412826809186,8,0.38154412826809186
synthesis_trajectory_nod,1001,RTLLM/Prob004_adder_8bit,0.5,exact_motif_signature,60,32,32,25,7,1,0.38154412826809186,7,1,0.38154412826809186,8,0.38154412826809186
synthesis_trajectory_nod,1001,RTLLM/Prob004_adder_8bit,0.75,canonical_netlist,90,51,51,22,29,3,0.38154412826809186,29,3,0.38154412826809186,11,0.38154412826809186
synthesis_trajectory_nod,1001,RTLLM/Prob004_adder_8bit,0.75,exact_motif_signature,90,51,51,42,9,1,0.38154412826809186,9,1,0.38154412826809186,11,0.38154412826809186
synthesis_trajectory_nod,1001,RTLLM/Prob004_adder_8bit,1.0,canonical_netlist,120,75,75,38,37,3,0.38154412826809186,37,3,0.38154412826809186,14,0.38154412826809186
synthesis_trajectory_nod,1001,RTLLM/Prob004_adder_8bit,1.0,exact_motif_signature,120,75,75,65,10,1,0.38154412826809186,10,1,0.38154412826809186,14,0.38154412826809186
synthesis_trajectory_nod,1001,RTLLM/Prob015_multi_pipe_8bit,0.25,canonical_netlist,30,12,12,0,12,7,0.08244846963718946,12,7,0.08244846963718946,7,0.08244846963718946
synthesis_trajectory_nod,1001,RTLLM/Prob015_multi_pipe_8bit,0.25,exact_motif_signature,30,12,12,2,10,7,0.08244846963718946,10,7,0.08244846963718946,7,0.08244846963718946
synthesis_trajectory_nod,1001,RTLLM/Prob015_multi_pipe_8bit,0.5,canonical_netlist,60,23,23,0,23,13,0.08244846963718946,23,13,0.08244846963718946,13,0.08244846963718946
synthesis_trajectory_nod,1001,RTLLM/Prob015_multi_pipe_8bit,0.5,exact_motif_signature,60,23,23,4,19,12,0.08244846963718946,19,12,0.08244846963718946,13,0.08244846963718946
synthesis_trajectory_nod,1001,RTLLM/Prob015_multi_pipe_8bit,0.75,canonical_netlist,90,35,35,2,33,13,0.08244846963718946,33,13,0.08244846963718946,14,0.08244846963718946
synthesis_trajectory_nod,1001,RTLLM/Prob015_multi_pipe_8bit,0.75,exact_motif_signature,90,35,35,8,27,12,0.08244846963718946,27,12,0.08244846963718946,14,0.08244846963718946
synthesis_trajectory_nod,1001,RTLLM/Prob015_multi_pipe_8bit,1.0,canonical_netlist,120,46,46,4,42,17,0.08530674695865637,42,17,0.08530674695865637,20,0.08530674695865637
synthesis_trajectory_nod,1001,RTLLM/Prob015_multi_pipe_8bit,1.0,exact_motif_signature,120,46,46,11,35,15,0.08530674695865637,35,15,0.08530674695865637,20,0.08530674695865637
synthesis_trajectory_nod,1001,RTLLM/Prob024_fsm,0.25,canonical_netlist,30,3,3,0,3,1,0.4700708998018976,3,1,0.4700708998018976,1,0.4700708998018976
synthesis_trajectory_nod,1001,RTLLM/Prob024_fsm,0.25,exact_motif_signature,30,3,3,0,3,1,0.4700708998018976,3,1,0.4700708998018976,1,0.4700708998018976
synthesis_trajectory_nod,1001,RTLLM/Prob024_fsm,0.5,canonical_netlist,60,6,6,1,5,1,0.4700708998018976,5,1,0.4700708998018976,1,0.4700708998018976
synthesis_trajectory_nod,1001,RTLLM/Prob024_fsm,0.5,exact_motif_signature,60,6,6,1,5,1,0.4700708998018976,5,1,0.4700708998018976,1,0.4700708998018976
synthesis_trajectory_nod,1001,RTLLM/Prob024_fsm,0.75,canonical_netlist,90,15,15,4,11,1,0.6834970284641851,11,1,0.6834970284641851,2,0.6834970284641851
synthesis_trajectory_nod,1001,RTLLM/Prob024_fsm,0.75,exact_motif_signature,90,15,15,6,9,1,0.6834970284641851,9,1,0.6834970284641851,2,0.6834970284641851
synthesis_trajectory_nod,1001,RTLLM/Prob024_fsm,1.0,canonical_netlist,120,23,23,6,17,1,0.6834970284641851,17,1,0.6834970284641851,2,0.6834970284641851
synthesis_trajectory_nod,1001,RTLLM/Prob024_fsm,1.0,exact_motif_signature,120,23,23,9,14,1,0.6834970284641851,14,1,0.6834970284641851,2,0.6834970284641851
synthesis_trajectory_nod,1001,RTLLM/Prob037_parallel2serial,0.25,canonical_netlist,30,16,16,5,11,9,-0.0,11,9,-0.0,14,-0.0
synthesis_trajectory_nod,1001,RTLLM/Prob037_parallel2serial,0.25,exact_motif_signature,30,16,16,11,5,3,-0.0,5,3,-0.0,14,-0.0
synthesis_trajectory_nod,1001,RTLLM/Prob037_parallel2serial,0.5,canonical_netlist,60,18,18,5,13,1,0.06325075627503886,13,1,0.06325075627503886,1,0.06325075627503886
synthesis_trajectory_nod,1001,RTLLM/Prob037_parallel2serial,0.5,exact_motif_signature,60,18,18,12,6,1,0.06325075627503886,6,1,0.06325075627503886,1,0.06325075627503886
synthesis_trajectory_nod,1001,RTLLM/Prob037_parallel2serial,0.75,canonical_netlist,90,24,24,7,17,1,0.468610906712452,17,1,0.468610906712452,1,0.468610906712452
synthesis_trajectory_nod,1001,RTLLM/Prob037_parallel2serial,0.75,exact_motif_signature,90,24,24,15,9,1,0.468610906712452,9,1,0.468610906712452,1,0.468610906712452
synthesis_trajectory_nod,1001,RTLLM/Prob037_parallel2serial,1.0,canonical_netlist,120,30,30,7,23,1,0.468610906712452,23,1,0.468610906712452,1,0.468610906712452
synthesis_trajectory_nod,1001,RTLLM/Prob037_parallel2serial,1.0,exact_motif_signature,120,30,30,17,13,1,0.468610906712452,13,1,0.468610906712452,1,0.468610906712452
synthesis_trajectory_nod,1001,RTLLM/Prob041_traffic_light,0.25,canonical_netlist,30,8,8,1,7,3,0.3794311304768821,7,3,0.3794311304768821,4,0.3794311304768821
synthesis_trajectory_nod,1001,RTLLM/Prob041_traffic_light,0.25,exact_motif_signature,30,8,8,1,7,3,0.3794311304768821,7,3,0.3794311304768821,4,0.3794311304768821
synthesis_trajectory_nod,1001,RTLLM/Prob041_traffic_light,0.5,canonical_netlist,60,19,19,1,18,3,0.3910929557007988,18,3,0.3910929557007988,3,0.3910929557007988
synthesis_trajectory_nod,1001,RTLLM/Prob041_traffic_light,0.5,exact_motif_signature,60,19,19,1,18,3,0.3910929557007988,18,3,0.3910929557007988,3,0.3910929557007988
synthesis_trajectory_nod,1001,RTLLM/Prob041_traffic_light,0.75,canonical_netlist,90,31,31,4,27,2,0.4371229726458485,27,2,0.4371229726458485,3,0.4371229726458485
synthesis_trajectory_nod,1001,RTLLM/Prob041_traffic_light,0.75,exact_motif_signature,90,31,31,4,27,2,0.4371229726458485,27,2,0.4371229726458485,3,0.4371229726458485
synthesis_trajectory_nod,1001,RTLLM/Prob041_traffic_light,1.0,canonical_netlist,120,43,43,8,35,2,0.4371229726458485,35,2,0.4371229726458485,5,0.4371229726458485
synthesis_trajectory_nod,1001,RTLLM/Prob041_traffic_light,1.0,exact_motif_signature,120,43,43,8,35,2,0.4371229726458485,35,2,0.4371229726458485,5,0.4371229726458485
synthesis_trajectory_nod,1001,RTLLM/Prob045_alu,0.25,canonical_netlist,30,10,10,4,6,3,0.3913831394966818,6,3,0.3913831394966818,5,0.3913831394966818
synthesis_trajectory_nod,1001,RTLLM/Prob045_alu,0.25,exact_motif_signature,30,10,10,4,6,3,0.3913831394966818,6,3,0.3913831394966818,5,0.3913831394966818
synthesis_trajectory_nod,1001,RTLLM/Prob045_alu,0.5,canonical_netlist,60,19,19,4,15,1,0.40603193376700175,15,1,0.40603193376700175,1,0.40603193376700175
synthesis_trajectory_nod,1001,RTLLM/Prob045_alu,0.5,exact_motif_signature,60,19,19,4,15,1,0.40603193376700175,15,1,0.40603193376700175,1,0.40603193376700175
synthesis_trajectory_nod,1001,RTLLM/Prob045_alu,0.75,canonical_netlist,90,33,33,4,29,1,0.4140619620211577,29,1,0.4140619620211577,1,0.4140619620211577
synthesis_trajectory_nod,1001,RTLLM/Prob045_alu,0.75,exact_motif_signature,90,33,33,4,29,1,0.4140619620211577,29,1,0.4140619620211577,1,0.4140619620211577
synthesis_trajectory_nod,1001,RTLLM/Prob045_alu,1.0,canonical_netlist,120,41,41,4,37,1,0.4140619620211577,37,1,0.4140619620211577,1,0.4140619620211577
synthesis_trajectory_nod,1001,RTLLM/Prob045_alu,1.0,exact_motif_signature,120,41,41,4,37,1,0.4140619620211577,37,1,0.4140619620211577,1,0.4140619620211577
synthesis_trajectory_nod,1001,RTLLM/Prob049_signal_generator,0.25,canonical_netlist,30,18,18,14,4,4,0.23477469440256318,4,4,0.23477469440256318,18,0.23477469440256318
synthesis_trajectory_nod,1001,RTLLM/Prob049_signal_generator,0.25,exact_motif_signature,30,18,18,15,3,3,0.23477469440256318,3,3,0.23477469440256318,18,0.23477469440256318
synthesis_trajectory_nod,1001,RTLLM/Prob049_signal_generator,0.5,canonical_netlist,60,39,39,25,14,11,0.25893765003508834,14,11,0.25893765003508834,32,0.25893765003508834
synthesis_trajectory_nod,1001,RTLLM/Prob049_signal_generator,0.5,exact_motif_signature,60,39,39,33,6,4,0.25893765003508834,6,4,0.25893765003508834,32,0.25893765003508834
synthesis_trajectory_nod,1001,RTLLM/Prob049_signal_generator,0.75,canonical_netlist,90,60,60,43,17,4,0.26025712884096003,17,4,0.26025712884096003,12,0.26025712884096003
synthesis_trajectory_nod,1001,RTLLM/Prob049_signal_generator,0.75,exact_motif_signature,90,60,60,52,8,3,0.26025712884096003,8,3,0.26025712884096003,12,0.26025712884096003
synthesis_trajectory_nod,1001,RTLLM/Prob049_signal_generator,1.0,canonical_netlist,120,77,77,57,20,6,0.26025712884096003,20,6,0.26025712884096003,19,0.26025712884096003
synthesis_trajectory_nod,1001,RTLLM/Prob049_signal_generator,1.0,exact_motif_signature,120,77,77,68,9,4,0.26025712884096003,9,4,0.26025712884096003,19,0.26025712884096003
synthesis_trajectory_nod,1001,VerilogEval-Spec-to-RTL/Prob098_circuit7,0.25,canonical_netlist,30,21,21,19,2,1,0.01200564971751411,2,1,0.01200564971751411,5,0.01200564971751411
synthesis_trajectory_nod,1001,VerilogEval-Spec-to-RTL/Prob098_circuit7,0.25,exact_motif_signature,30,21,21,19,2,1,0.01200564971751411,2,1,0.01200564971751411,5,0.01200564971751411
synthesis_trajectory_nod,1001,VerilogEval-Spec-to-RTL/Prob098_circuit7,0.5,canonical_netlist,60,46,46,42,4,3,0.01200564971751411,4,3,0.01200564971751411,15,0.01200564971751411
synthesis_trajectory_nod,1001,VerilogEval-Spec-to-RTL/Prob098_circuit7,0.5,exact_motif_signature,60,46,46,44,2,1,0.01200564971751411,2,1,0.01200564971751411,15,0.01200564971751411
synthesis_trajectory_nod,1001,VerilogEval-Spec-to-RTL/Prob098_circuit7,0.75,canonical_netlist,90,69,69,65,4,3,0.01200564971751411,4,3,0.01200564971751411,24,0.01200564971751411
synthesis_trajectory_nod,1001,VerilogEval-Spec-to-RTL/Prob098_circuit7,0.75,exact_motif_signature,90,69,69,67,2,1,0.01200564971751411,2,1,0.01200564971751411,24,0.01200564971751411
synthesis_trajectory_nod,1001,VerilogEval-Spec-to-RTL/Prob098_circuit7,1.0,canonical_netlist,120,90,90,86,4,3,0.01200564971751411,4,3,0.01200564971751411,35,0.01200564971751411
synthesis_trajectory_nod,1001,VerilogEval-Spec-to-RTL/Prob098_circuit7,1.0,exact_motif_signature,120,90,90,88,2,1,0.01200564971751411,2,1,0.01200564971751411,35,0.01200564971751411
synthesis_trajectory_nod,1001,VerilogEval-Spec-to-RTL/Prob116_m2014_q3,0.25,canonical_netlist,30,13,13,7,6,2,0.46535233160621764,6,2,0.46535233160621764,2,0.46535233160621764
synthesis_trajectory_nod,1001,VerilogEval-Spec-to-RTL/Prob116_m2014_q3,0.25,exact_motif_signature,30,13,13,10,3,1,0.46535233160621764,3,1,0.46535233160621764,2,0.46535233160621764
synthesis_trajectory_nod,1001,VerilogEval-Spec-to-RTL/Prob116_m2014_q3,0.5,canonical_netlist,60,25,25,15,10,3,0.46535233160621764,10,3,0.46535233160621764,10,0.46535233160621764
synthesis_trajectory_nod,1001,VerilogEval-Spec-to-RTL/Prob116_m2014_q3,0.5,exact_motif_signature,60,25,25,20,5,1,0.46535233160621764,5,1,0.46535233160621764,10,0.46535233160621764
synthesis_trajectory_nod,1001,VerilogEval-Spec-to-RTL/Prob116_m2014_q3,0.75,canonical_netlist,90,42,42,29,13,3,0.46535233160621764,13,3,0.46535233160621764,15,0.46535233160621764
synthesis_trajectory_nod,1001,VerilogEval-Spec-to-RTL/Prob116_m2014_q3,0.75,exact_motif_signature,90,42,42,37,5,1,0.46535233160621764,5,1,0.46535233160621764,15,0.46535233160621764
synthesis_trajectory_nod,1001,VerilogEval-Spec-to-RTL/Prob116_m2014_q3,1.0,canonical_netlist,120,55,55,40,15,3,0.46535233160621764,15,3,0.46535233160621764,18,0.46535233160621764
synthesis_trajectory_nod,1001,VerilogEval-Spec-to-RTL/Prob116_m2014_q3,1.0,exact_motif_signature,120,55,55,48,7,1,0.46535233160621764,7,1,0.46535233160621764,18,0.46535233160621764
synthesis_trajectory_nod,1001,VerilogEval-Spec-to-RTL/Prob135_m2014_q6b,0.25,canonical_netlist,30,17,17,14,3,2,0.2636173393124066,3,2,0.2636173393124066,4,0.2636173393124066
synthesis_trajectory_nod,1001,VerilogEval-Spec-to-RTL/Prob135_m2014_q6b,0.25,exact_motif_signature,30,17,17,15,2,1,0.2636173393124066,2,1,0.2636173393124066,4,0.2636173393124066
synthesis_trajectory_nod,1001,VerilogEval-Spec-to-RTL/Prob135_m2014_q6b,0.5,canonical_netlist,60,41,41,33,8,3,0.2636173393124066,8,3,0.2636173393124066,7,0.2636173393124066
synthesis_trajectory_nod,1001,VerilogEval-Spec-to-RTL/Prob135_m2014_q6b,0.5,exact_motif_signature,60,41,41,36,5,1,0.2636173393124066,5,1,0.2636173393124066,7,0.2636173393124066
synthesis_trajectory_nod,1001,VerilogEval-Spec-to-RTL/Prob135_m2014_q6b,0.75,canonical_netlist,90,67,67,59,8,3,0.2636173393124066,8,3,0.2636173393124066,13,0.2636173393124066
synthesis_trajectory_nod,1001,VerilogEval-Spec-to-RTL/Prob135_m2014_q6b,0.75,exact_motif_signature,90,67,67,62,5,1,0.2636173393124066,5,1,0.2636173393124066,13,0.2636173393124066
synthesis_trajectory_nod,1001,VerilogEval-Spec-to-RTL/Prob135_m2014_q6b,1.0,canonical_netlist,120,94,94,85,9,1,0.3977130044843049,9,1,0.3977130044843049,2,0.3977130044843049
synthesis_trajectory_nod,1001,VerilogEval-Spec-to-RTL/Prob135_m2014_q6b,1.0,exact_motif_signature,120,94,94,88,6,1,0.3977130044843049,6,1,0.3977130044843049,2,0.3977130044843049
synthesis_trajectory_nod,1001,VerilogEval-Spec-to-RTL/Prob150_review2015_fsmonehot,0.25,canonical_netlist,30,12,12,7,5,2,0.32968627450980387,5,2,0.32968627450980387,9,0.32968627450980387
synthesis_trajectory_nod,1001,VerilogEval-Spec-to-RTL/Prob150_review2015_fsmonehot,0.25,exact_motif_signature,30,12,12,10,2,1,0.32968627450980387,2,1,0.32968627450980387,9,0.32968627450980387
synthesis_trajectory_nod,1001,VerilogEval-Spec-to-RTL/Prob150_review2015_fsmonehot,0.5,canonical_netlist,60,20,20,10,10,5,0.32968627450980387,10,5,0.32968627450980387,14,0.32968627450980387
synthesis_trajectory_nod,1001,VerilogEval-Spec-to-RTL/Prob150_review2015_fsmonehot,0.5,exact_motif_signature,60,20,20,17,3,1,0.32968627450980387,3,1,0.32968627450980387,14,0.32968627450980387
synthesis_trajectory_nod,1001,VerilogEval-Spec-to-RTL/Prob150_review2015_fsmonehot,0.75,canonical_netlist,90,31,31,19,12,6,0.32968627450980387,12,6,0.32968627450980387,19,0.32968627450980387
synthesis_trajectory_nod,1001,VerilogEval-Spec-to-RTL/Prob150_review2015_fsmonehot,0.75,exact_motif_signature,90,31,31,28,3,1,0.32968627450980387,3,1,0.32968627450980387,19,0.32968627450980387
synthesis_trajectory_nod,1001,VerilogEval-Spec-to-RTL/Prob150_review2015_fsmonehot,1.0,canonical_netlist,120,38,38,26,12,6,0.32968627450980387,12,6,0.32968627450980387,21,0.32968627450980387
synthesis_trajectory_nod,1001,VerilogEval-Spec-to-RTL/Prob150_review2015_fsmonehot,1.0,exact_motif_signature,120,38,38,35,3,1,0.32968627450980387,3,1,0.32968627450980387,21,0.32968627450980387
synthesis_trajectory_nod,1001,VerilogEval-Spec-to-RTL/Prob151_review2015_fsm,0.25,canonical_netlist,30,0,0,0,0,0,,0,0,,0,
synthesis_trajectory_nod,1001,VerilogEval-Spec-to-RTL/Prob151_review2015_fsm,0.25,exact_motif_signature,30,0,0,0,0,0,,0,0,,0,
synthesis_trajectory_nod,1001,VerilogEval-Spec-to-RTL/Prob151_review2015_fsm,0.5,canonical_netlist,60,2,2,0,2,1,-0.1422179610099073,2,1,-0.1422179610099073,1,-0.1422179610099073
synthesis_trajectory_nod,1001,VerilogEval-Spec-to-RTL/Prob151_review2015_fsm,0.5,exact_motif_signature,60,2,2,0,2,1,-0.1422179610099073,2,1,-0.1422179610099073,1,-0.1422179610099073
synthesis_trajectory_nod,1001,VerilogEval-Spec-to-RTL/Prob151_review2015_fsm,0.75,canonical_netlist,90,5,5,0,5,1,-0.1422179610099073,5,1,-0.1422179610099073,1,-0.1422179610099073
synthesis_trajectory_nod,1001,VerilogEval-Spec-to-RTL/Prob151_review2015_fsm,0.75,exact_motif_signature,90,5,5,0,5,1,-0.1422179610099073,5,1,-0.1422179610099073,1,-0.1422179610099073
synthesis_trajectory_nod,1001,VerilogEval-Spec-to-RTL/Prob151_review2015_fsm,1.0,canonical_netlist,120,11,11,0,11,2,-0.1422179610099073,11,2,-0.1422179610099073,2,-0.1422179610099073
synthesis_trajectory_nod,1001,VerilogEval-Spec-to-RTL/Prob151_review2015_fsm,1.0,exact_motif_signature,120,11,11,0,11,2,-0.1422179610099073,11,2,-0.1422179610099073,2,-0.1422179610099073
synthesis_trajectory_nod,1001,VerilogEval-Spec-to-RTL/Prob153_gshare,0.25,canonical_netlist,30,8,8,2,6,1,0.1584042631431856,6,1,0.1584042631431856,1,0.1584042631431856
synthesis_trajectory_nod,1001,VerilogEval-Spec-to-RTL/Prob153_gshare,0.25,exact_motif_signature,30,8,8,2,6,1,0.1584042631431856,6,1,0.1584042631431856,1,0.1584042631431856
synthesis_trajectory_nod,1001,VerilogEval-Spec-to-RTL/Prob153_gshare,0.5,canonical_netlist,60,18,18,4,14,2,0.1584042631431856,14,2,0.1584042631431856,2,0.1584042631431856
synthesis_trajectory_nod,1001,VerilogEval-Spec-to-RTL/Prob153_gshare,0.5,exact_motif_signature,60,18,18,4,14,2,0.1584042631431856,14,2,0.1584042631431856,2,0.1584042631431856
synthesis_trajectory_nod,1001,VerilogEval-Spec-to-RTL/Prob153_gshare,0.75,canonical_netlist,90,25,25,9,16,2,0.1584042631431856,16,2,0.1584042631431856,2,0.1584042631431856
synthesis_trajectory_nod,1001,VerilogEval-Spec-to-RTL/Prob153_gshare,0.75,exact_motif_signature,90,25,25,9,16,2,0.1584042631431856,16,2,0.1584042631431856,2,0.1584042631431856
synthesis_trajectory_nod,1001,VerilogEval-Spec-to-RTL/Prob153_gshare,1.0,canonical_netlist,120,29,29,11,18,2,0.1584042631431856,18,2,0.1584042631431856,2,0.1584042631431856
synthesis_trajectory_nod,1001,VerilogEval-Spec-to-RTL/Prob153_gshare,1.0,exact_motif_signature,120,29,29,11,18,2,0.1584042631431856,18,2,0.1584042631431856,2,0.1584042631431856
synthesis_trajectory_nod,1002,RTLLM/Prob004_adder_8bit,0.25,canonical_netlist,30,9,9,2,7,1,0.38154412826809186,7,1,0.38154412826809186,3,0.38154412826809186
synthesis_trajectory_nod,1002,RTLLM/Prob004_adder_8bit,0.25,exact_motif_signature,30,9,9,6,3,1,0.38154412826809186,3,1,0.38154412826809186,3,0.38154412826809186
synthesis_trajectory_nod,1002,RTLLM/Prob004_adder_8bit,0.5,canonical_netlist,60,25,25,10,15,1,0.38154412826809186,15,1,0.38154412826809186,9,0.38154412826809186
synthesis_trajectory_nod,1002,RTLLM/Prob004_adder_8bit,0.5,exact_motif_signature,60,25,25,20,5,1,0.38154412826809186,5,1,0.38154412826809186,9,0.38154412826809186
synthesis_trajectory_nod,1002,RTLLM/Prob004_adder_8bit,0.75,canonical_netlist,90,39,39,16,23,1,0.38154412826809186,23,1,0.38154412826809186,11,0.38154412826809186
synthesis_trajectory_nod,1002,RTLLM/Prob004_adder_8bit,0.75,exact_motif_signature,90,39,39,30,9,1,0.38154412826809186,9,1,0.38154412826809186,11,0.38154412826809186
synthesis_trajectory_nod,1002,RTLLM/Prob004_adder_8bit,1.0,canonical_netlist,120,61,61,28,33,1,0.38154412826809186,33,1,0.38154412826809186,14,0.38154412826809186
synthesis_trajectory_nod,1002,RTLLM/Prob004_adder_8bit,1.0,exact_motif_signature,120,61,61,51,10,1,0.38154412826809186,10,1,0.38154412826809186,14,0.38154412826809186
synthesis_trajectory_nod,1002,RTLLM/Prob015_multi_pipe_8bit,0.25,canonical_netlist,30,7,7,0,7,2,0.05279453299055512,7,2,0.05279453299055512,2,0.05279453299055512
synthesis_trajectory_nod,1002,RTLLM/Prob015_multi_pipe_8bit,0.25,exact_motif_signature,30,7,7,1,6,2,0.05279453299055512,6,2,0.05279453299055512,2,0.05279453299055512
synthesis_trajectory_nod,1002,RTLLM/Prob015_multi_pipe_8bit,0.5,canonical_netlist,60,21,21,1,20,6,0.05279453299055512,20,6,0.05279453299055512,6,0.05279453299055512
synthesis_trajectory_nod,1002,RTLLM/Prob015_multi_pipe_8bit,0.5,exact_motif_signature,60,21,21,7,14,6,0.05279453299055512,14,6,0.05279453299055512,6,0.05279453299055512
synthesis_trajectory_nod,1002,RTLLM/Prob015_multi_pipe_8bit,0.75,canonical_netlist,90,35,35,1,34,12,0.05279453299055512,34,12,0.05279453299055512,12,0.05279453299055512
synthesis_trajectory_nod,1002,RTLLM/Prob015_multi_pipe_8bit,0.75,exact_motif_signature,90,35,35,12,23,10,0.05279453299055512,23,10,0.05279453299055512,12,0.05279453299055512
synthesis_trajectory_nod,1002,RTLLM/Prob015_multi_pipe_8bit,1.0,canonical_netlist,120,45,45,1,44,16,0.05279453299055512,44,16,0.05279453299055512,16,0.05279453299055512
synthesis_trajectory_nod,1002,RTLLM/Prob015_multi_pipe_8bit,1.0,exact_motif_signature,120,45,45,16,29,12,0.05279453299055512,29,12,0.05279453299055512,16,0.05279453299055512
synthesis_trajectory_nod,1002,RTLLM/Prob024_fsm,0.25,canonical_netlist,30,1,1,0,1,1,0.16895839849859243,1,1,0.16895839849859243,1,0.16895839849859243
synthesis_trajectory_nod,1002,RTLLM/Prob024_fsm,0.25,exact_motif_signature,30,1,1,0,1,1,0.16895839849859243,1,1,0.16895839849859243,1,0.16895839849859243
synthesis_trajectory_nod,1002,RTLLM/Prob024_fsm,0.5,canonical_netlist,60,8,8,3,5,1,0.6834970284641851,5,1,0.6834970284641851,1,0.6834970284641851
synthesis_trajectory_nod,1002,RTLLM/Prob024_fsm,0.5,exact_motif_signature,60,8,8,4,4,1,0.6834970284641851,4,1,0.6834970284641851,1,0.6834970284641851
synthesis_trajectory_nod,1002,RTLLM/Prob024_fsm,0.75,canonical_netlist,90,16,16,5,11,2,0.6834970284641851,11,2,0.6834970284641851,2,0.6834970284641851
synthesis_trajectory_nod,1002,RTLLM/Prob024_fsm,0.75,exact_motif_signature,90,16,16,9,7,1,0.6834970284641851,7,1,0.6834970284641851,2,0.6834970284641851
synthesis_trajectory_nod,1002,RTLLM/Prob024_fsm,1.0,canonical_netlist,120,26,26,12,14,2,0.6834970284641851,14,2,0.6834970284641851,2,0.6834970284641851
synthesis_trajectory_nod,1002,RTLLM/Prob024_fsm,1.0,exact_motif_signature,120,26,26,16,10,1,0.6834970284641851,10,1,0.6834970284641851,2,0.6834970284641851
synthesis_trajectory_nod,1002,RTLLM/Prob037_parallel2serial,0.25,canonical_netlist,30,18,18,8,10,10,-0.0,10,10,-0.0,18,-0.0
synthesis_trajectory_nod,1002,RTLLM/Prob037_parallel2serial,0.25,exact_motif_signature,30,18,18,15,3,3,-0.0,3,3,-0.0,18,-0.0
synthesis_trajectory_nod,1002,RTLLM/Prob037_parallel2serial,0.5,canonical_netlist,60,26,26,11,15,2,0.06325075627503886,15,2,0.06325075627503886,4,0.06325075627503886
synthesis_trajectory_nod,1002,RTLLM/Prob037_parallel2serial,0.5,exact_motif_signature,60,26,26,19,7,2,0.06325075627503886,7,2,0.06325075627503886,4,0.06325075627503886
synthesis_trajectory_nod,1002,RTLLM/Prob037_parallel2serial,0.75,canonical_netlist,90,35,35,18,17,4,0.06325075627503886,17,4,0.06325075627503886,12,0.06325075627503886
synthesis_trajectory_nod,1002,RTLLM/Prob037_parallel2serial,0.75,exact_motif_signature,90,35,35,28,7,2,0.06325075627503886,7,2,0.06325075627503886,12,0.06325075627503886
synthesis_trajectory_nod,1002,RTLLM/Prob037_parallel2serial,1.0,canonical_netlist,120,49,49,28,21,6,0.06325075627503886,21,6,0.06325075627503886,24,0.06325075627503886
synthesis_trajectory_nod,1002,RTLLM/Prob037_parallel2serial,1.0,exact_motif_signature,120,49,49,41,8,2,0.06325075627503886,8,2,0.06325075627503886,24,0.06325075627503886
synthesis_trajectory_nod,1002,RTLLM/Prob041_traffic_light,0.25,canonical_netlist,30,7,7,0,7,1,0.3871713870733478,7,1,0.3871713870733478,1,0.3871713870733478
synthesis_trajectory_nod,1002,RTLLM/Prob041_traffic_light,0.25,exact_motif_signature,30,7,7,0,7,1,0.3871713870733478,7,1,0.3871713870733478,1,0.3871713870733478
synthesis_trajectory_nod,1002,RTLLM/Prob041_traffic_light,0.5,canonical_netlist,60,18,18,0,18,3,0.40382050351004595,18,3,0.40382050351004595,3,0.40382050351004595
synthesis_trajectory_nod,1002,RTLLM/Prob041_traffic_light,0.5,exact_motif_signature,60,18,18,0,18,3,0.40382050351004595,18,3,0.40382050351004595,3,0.40382050351004595
synthesis_trajectory_nod,1002,RTLLM/Prob041_traffic_light,0.75,canonical_netlist,90,30,30,0,30,4,0.4077420721374969,30,4,0.4077420721374969,4,0.4077420721374969
synthesis_trajectory_nod,1002,RTLLM/Prob041_traffic_light,0.75,exact_motif_signature,90,30,30,1,29,4,0.4077420721374969,29,4,0.4077420721374969,4,0.4077420721374969
synthesis_trajectory_nod,1002,RTLLM/Prob041_traffic_light,1.0,canonical_netlist,120,40,40,1,39,3,0.42087509077705154,39,3,0.42087509077705154,3,0.42087509077705154
synthesis_trajectory_nod,1002,RTLLM/Prob041_traffic_light,1.0,exact_motif_signature,120,40,40,4,36,3,0.42087509077705154,36,3,0.42087509077705154,3,0.42087509077705154
synthesis_trajectory_nod,1002,RTLLM/Prob045_alu,0.25,canonical_netlist,30,11,11,0,11,2,0.3888399369209541,11,2,0.3888399369209541,2,0.3888399369209541
synthesis_trajectory_nod,1002,RTLLM/Prob045_alu,0.25,exact_motif_signature,30,11,11,0,11,2,0.3888399369209541,11,2,0.3888399369209541,2,0.3888399369209541
synthesis_trajectory_nod,1002,RTLLM/Prob045_alu,0.5,canonical_netlist,60,18,18,1,17,2,0.3944495696169262,17,2,0.3944495696169262,2,0.3944495696169262
synthesis_trajectory_nod,1002,RTLLM/Prob045_alu,0.5,exact_motif_signature,60,18,18,1,17,2,0.3944495696169262,17,2,0.3944495696169262,2,0.3944495696169262
synthesis_trajectory_nod,1002,RTLLM/Prob045_alu,0.75,canonical_netlist,90,37,37,3,34,1,0.4052032328011039,34,1,0.4052032328011039,1,0.4052032328011039
synthesis_trajectory_nod,1002,RTLLM/Prob045_alu,0.75,exact_motif_signature,90,37,37,4,33,1,0.4052032328011039,33,1,0.4052032328011039,1,0.4052032328011039
synthesis_trajectory_nod,1002,RTLLM/Prob045_alu,1.0,canonical_netlist,120,47,47,5,42,1,0.4052032328011039,42,1,0.4052032328011039,1,0.4052032328011039
synthesis_trajectory_nod,1002,RTLLM/Prob045_alu,1.0,exact_motif_signature,120,47,47,6,41,1,0.4052032328011039,41,1,0.4052032328011039,1,0.4052032328011039
synthesis_trajectory_nod,1002,RTLLM/Prob049_signal_generator,0.25,canonical_netlist,30,25,25,17,8,8,0.23477469440256318,8,8,0.23477469440256318,25,0.23477469440256318
synthesis_trajectory_nod,1002,RTLLM/Prob049_signal_generator,0.25,exact_motif_signature,30,25,25,21,4,4,0.23477469440256318,4,4,0.23477469440256318,25,0.23477469440256318
synthesis_trajectory_nod,1002,RTLLM/Prob049_signal_generator,0.5,canonical_netlist,60,37,37,25,12,12,0.23477469440256318,12,12,0.23477469440256318,37,0.23477469440256318
synthesis_trajectory_nod,1002,RTLLM/Prob049_signal_generator,0.5,exact_motif_signature,60,37,37,31,6,6,0.23477469440256318,6,6,0.23477469440256318,37,0.23477469440256318
synthesis_trajectory_nod,1002,RTLLM/Prob049_signal_generator,0.75,canonical_netlist,90,51,51,36,15,15,0.23477469440256318,15,15,0.23477469440256318,51,0.23477469440256318
synthesis_trajectory_nod,1002,RTLLM/Prob049_signal_generator,0.75,exact_motif_signature,90,51,51,45,6,6,0.23477469440256318,6,6,0.23477469440256318,51,0.23477469440256318
synthesis_trajectory_nod,1002,RTLLM/Prob049_signal_generator,1.0,canonical_netlist,120,67,67,47,20,16,0.25646362727407895,20,16,0.25646362727407895,52,0.25646362727407895
synthesis_trajectory_nod,1002,RTLLM/Prob049_signal_generator,1.0,exact_motif_signature,120,67,67,58,9,6,0.25646362727407895,9,6,0.25646362727407895,52,0.25646362727407895
synthesis_trajectory_nod,1002,VerilogEval-Spec-to-RTL/Prob098_circuit7,0.25,canonical_netlist,30,16,16,12,4,2,0.01200564971751411,4,2,0.01200564971751411,5,0.01200564971751411
synthesis_trajectory_nod,1002,VerilogEval-Spec-to-RTL/Prob098_circuit7,0.25,exact_motif_signature,30,16,16,14,2,1,0.01200564971751411,2,1,0.01200564971751411,5,0.01200564971751411
synthesis_trajectory_nod,1002,VerilogEval-Spec-to-RTL/Prob098_circuit7,0.5,canonical_netlist,60,23,23,18,5,3,0.01200564971751411,5,3,0.01200564971751411,11,0.01200564971751411
synthesis_trajectory_nod,1002,VerilogEval-Spec-to-RTL/Prob098_circuit7,0.5,exact_motif_signature,60,23,23,21,2,1,0.01200564971751411,2,1,0.01200564971751411,11,0.01200564971751411
synthesis_trajectory_nod,1002,VerilogEval-Spec-to-RTL/Prob098_circuit7,0.75,canonical_netlist,90,32,32,27,5,3,0.01200564971751411,5,3,0.01200564971751411,15,0.01200564971751411
synthesis_trajectory_nod,1002,VerilogEval-Spec-to-RTL/Prob098_circuit7,0.75,exact_motif_signature,90,32,32,30,2,1,0.01200564971751411,2,1,0.01200564971751411,15,0.01200564971751411
synthesis_trajectory_nod,1002,VerilogEval-Spec-to-RTL/Prob098_circuit7,1.0,canonical_netlist,120,39,39,34,5,3,0.01200564971751411,5,3,0.01200564971751411,18,0.01200564971751411
synthesis_trajectory_nod,1002,VerilogEval-Spec-to-RTL/Prob098_circuit7,1.0,exact_motif_signature,120,39,39,37,2,1,0.01200564971751411,2,1,0.01200564971751411,18,0.01200564971751411
synthesis_trajectory_nod,1002,VerilogEval-Spec-to-RTL/Prob116_m2014_q3,0.25,canonical_netlist,30,11,11,5,6,2,0.46535233160621764,6,2,0.46535233160621764,6,0.46535233160621764
synthesis_trajectory_nod,1002,VerilogEval-Spec-to-RTL/Prob116_m2014_q3,0.25,exact_motif_signature,30,11,11,7,4,1,0.46535233160621764,4,1,0.46535233160621764,6,0.46535233160621764
synthesis_trajectory_nod,1002,VerilogEval-Spec-to-RTL/Prob116_m2014_q3,0.5,canonical_netlist,60,18,18,10,8,2,0.46535233160621764,8,2,0.46535233160621764,8,0.46535233160621764
synthesis_trajectory_nod,1002,VerilogEval-Spec-to-RTL/Prob116_m2014_q3,0.5,exact_motif_signature,60,18,18,13,5,1,0.46535233160621764,5,1,0.46535233160621764,8,0.46535233160621764
synthesis_trajectory_nod,1002,VerilogEval-Spec-to-RTL/Prob116_m2014_q3,0.75,canonical_netlist,90,35,35,24,11,2,0.46535233160621764,11,2,0.46535233160621764,13,0.46535233160621764
synthesis_trajectory_nod,1002,VerilogEval-Spec-to-RTL/Prob116_m2014_q3,0.75,exact_motif_signature,90,35,35,30,5,1,0.46535233160621764,5,1,0.46535233160621764,13,0.46535233160621764
synthesis_trajectory_nod,1002,VerilogEval-Spec-to-RTL/Prob116_m2014_q3,1.0,canonical_netlist,120,50,50,35,15,3,0.46535233160621764,15,3,0.46535233160621764,16,0.46535233160621764
synthesis_trajectory_nod,1002,VerilogEval-Spec-to-RTL/Prob116_m2014_q3,1.0,exact_motif_signature,120,50,50,45,5,1,0.46535233160621764,5,1,0.46535233160621764,16,0.46535233160621764
synthesis_trajectory_nod,1002,VerilogEval-Spec-to-RTL/Prob135_m2014_q6b,0.25,canonical_netlist,30,15,15,12,3,1,0.2636173393124066,3,1,0.2636173393124066,1,0.2636173393124066
synthesis_trajectory_nod,1002,VerilogEval-Spec-to-RTL/Prob135_m2014_q6b,0.25,exact_motif_signature,30,15,15,13,2,1,0.2636173393124066,2,1,0.2636173393124066,1,0.2636173393124066
synthesis_trajectory_nod,1002,VerilogEval-Spec-to-RTL/Prob135_m2014_q6b,0.5,canonical_netlist,60,36,36,29,7,1,0.33104633781763826,7,1,0.33104633781763826,1,0.33104633781763826
synthesis_trajectory_nod,1002,VerilogEval-Spec-to-RTL/Prob135_m2014_q6b,0.5,exact_motif_signature,60,36,36,31,5,1,0.33104633781763826,5,1,0.33104633781763826,1,0.33104633781763826
synthesis_trajectory_nod,1002,VerilogEval-Spec-to-RTL/Prob135_m2014_q6b,0.75,canonical_netlist,90,61,61,51,10,2,0.33104633781763826,10,2,0.33104633781763826,3,0.33104633781763826
synthesis_trajectory_nod,1002,VerilogEval-Spec-to-RTL/Prob135_m2014_q6b,0.75,exact_motif_signature,90,61,61,54,7,1,0.33104633781763826,7,1,0.33104633781763826,3,0.33104633781763826
synthesis_trajectory_nod,1002,VerilogEval-Spec-to-RTL/Prob135_m2014_q6b,1.0,canonical_netlist,120,86,86,75,11,2,0.33104633781763826,11,2,0.33104633781763826,5,0.33104633781763826
synthesis_trajectory_nod,1002,VerilogEval-Spec-to-RTL/Prob135_m2014_q6b,1.0,exact_motif_signature,120,86,86,79,7,1,0.33104633781763826,7,1,0.33104633781763826,5,0.33104633781763826
synthesis_trajectory_nod,1002,VerilogEval-Spec-to-RTL/Prob150_review2015_fsmonehot,0.25,canonical_netlist,30,4,4,2,2,2,0.32968627450980387,2,2,0.32968627450980387,4,0.32968627450980387
synthesis_trajectory_nod,1002,VerilogEval-Spec-to-RTL/Prob150_review2015_fsmonehot,0.25,exact_motif_signature,30,4,4,3,1,1,0.32968627450980387,1,1,0.32968627450980387,4,0.32968627450980387
synthesis_trajectory_nod,1002,VerilogEval-Spec-to-RTL/Prob150_review2015_fsmonehot,0.5,canonical_netlist,60,21,21,15,6,3,0.32968627450980387,6,3,0.32968627450980387,18,0.32968627450980387
synthesis_trajectory_nod,1002,VerilogEval-Spec-to-RTL/Prob150_review2015_fsmonehot,0.5,exact_motif_signature,60,21,21,17,4,1,0.32968627450980387,4,1,0.32968627450980387,18,0.32968627450980387
synthesis_trajectory_nod,1002,VerilogEval-Spec-to-RTL/Prob150_review2015_fsmonehot,0.75,canonical_netlist,90,39,39,28,11,3,0.32968627450980387,11,3,0.32968627450980387,27,0.32968627450980387
synthesis_trajectory_nod,1002,VerilogEval-Spec-to-RTL/Prob150_review2015_fsmonehot,0.75,exact_motif_signature,90,39,39,33,6,1,0.32968627450980387,6,1,0.32968627450980387,27,0.32968627450980387
synthesis_trajectory_nod,1002,VerilogEval-Spec-to-RTL/Prob150_review2015_fsmonehot,1.0,canonical_netlist,120,51,51,39,12,3,0.32968627450980387,12,3,0.32968627450980387,30,0.32968627450980387
synthesis_trajectory_nod,1002,VerilogEval-Spec-to-RTL/Prob150_review2015_fsmonehot,1.0,exact_motif_signature,120,51,51,45,6,1,0.32968627450980387,6,1,0.32968627450980387,30,0.32968627450980387
synthesis_trajectory_nod,1002,VerilogEval-Spec-to-RTL/Prob151_review2015_fsm,0.25,canonical_netlist,30,2,2,0,2,1,-0.26727727902224546,2,1,-0.26727727902224546,1,-0.26727727902224546
synthesis_trajectory_nod,1002,VerilogEval-Spec-to-RTL/Prob151_review2015_fsm,0.25,exact_motif_signature,30,2,2,0,2,1,-0.26727727902224546,2,1,-0.26727727902224546,1,-0.26727727902224546
synthesis_trajectory_nod,1002,VerilogEval-Spec-to-RTL/Prob151_review2015_fsm,0.5,canonical_netlist,60,5,5,0,5,1,-0.26727727902224546,5,1,-0.26727727902224546,1,-0.26727727902224546
synthesis_trajectory_nod,1002,VerilogEval-Spec-to-RTL/Prob151_review2015_fsm,0.5,exact_motif_signature,60,5,5,0,5,1,-0.26727727902224546,5,1,-0.26727727902224546,1,-0.26727727902224546
synthesis_trajectory_nod,1002,VerilogEval-Spec-to-RTL/Prob151_review2015_fsm,0.75,canonical_netlist,90,12,12,2,10,2,-0.26727727902224546,10,2,-0.26727727902224546,2,-0.26727727902224546
synthesis_trajectory_nod,1002,VerilogEval-Spec-to-RTL/Prob151_review2015_fsm,0.75,exact_motif_signature,90,12,12,2,10,2,-0.26727727902224546,10,2,-0.26727727902224546,2,-0.26727727902224546
synthesis_trajectory_nod,1002,VerilogEval-Spec-to-RTL/Prob151_review2015_fsm,1.0,canonical_netlist,120,21,21,3,18,3,-0.12591398161867956,18,3,-0.12591398161867956,4,-0.12591398161867956
synthesis_trajectory_nod,1002,VerilogEval-Spec-to-RTL/Prob151_review2015_fsm,1.0,exact_motif_signature,120,21,21,3,18,3,-0.12591398161867956,18,3,-0.12591398161867956,4,-0.12591398161867956
synthesis_trajectory_nod,1002,VerilogEval-Spec-to-RTL/Prob153_gshare,0.25,canonical_netlist,30,5,5,1,4,2,0.02721393254366004,4,2,0.02721393254366004,2,0.02721393254366004
synthesis_trajectory_nod,1002,VerilogEval-Spec-to-RTL/Prob153_gshare,0.25,exact_motif_signature,30,5,5,1,4,2,0.02721393254366004,4,2,0.02721393254366004,2,0.02721393254366004
synthesis_trajectory_nod,1002,VerilogEval-Spec-to-RTL/Prob153_gshare,0.5,canonical_netlist,60,10,10,2,8,5,0.032384422548766244,8,5,0.032384422548766244,5,0.032384422548766244
synthesis_trajectory_nod,1002,VerilogEval-Spec-to-RTL/Prob153_gshare,0.5,exact_motif_signature,60,10,10,2,8,5,0.032384422548766244,8,5,0.032384422548766244,5,0.032384422548766244
synthesis_trajectory_nod,1002,VerilogEval-Spec-to-RTL/Prob153_gshare,0.75,canonical_netlist,90,16,16,2,14,3,0.10246689907185018,14,3,0.10246689907185018,3,0.10246689907185018
synthesis_trajectory_nod,1002,VerilogEval-Spec-to-RTL/Prob153_gshare,0.75,exact_motif_signature,90,16,16,2,14,3,0.10246689907185018,14,3,0.10246689907185018,3,0.10246689907185018
synthesis_trajectory_nod,1002,VerilogEval-Spec-to-RTL/Prob153_gshare,1.0,canonical_netlist,120,18,18,2,16,4,0.10246689907185018,16,4,0.10246689907185018,4,0.10246689907185018
synthesis_trajectory_nod,1002,VerilogEval-Spec-to-RTL/Prob153_gshare,1.0,exact_motif_signature,120,18,18,2,16,4,0.10246689907185018,16,4,0.10246689907185018,4,0.10246689907185018
synthesis_trajectory_nod,1003,RTLLM/Prob004_adder_8bit,0.25,canonical_netlist,30,10,10,2,8,1,0.38154412826809186,8,1,0.38154412826809186,1,0.38154412826809186
synthesis_trajectory_nod,1003,RTLLM/Prob004_adder_8bit,0.25,exact_motif_signature,30,10,10,7,3,1,0.38154412826809186,3,1,0.38154412826809186,1,0.38154412826809186
synthesis_trajectory_nod,1003,RTLLM/Prob004_adder_8bit,0.5,canonical_netlist,60,36,36,16,20,1,0.38154412826809186,20,1,0.38154412826809186,9,0.38154412826809186
synthesis_trajectory_nod,1003,RTLLM/Prob004_adder_8bit,0.5,exact_motif_signature,60,36,36,27,9,1,0.38154412826809186,9,1,0.38154412826809186,9,0.38154412826809186
synthesis_trajectory_nod,1003,RTLLM/Prob004_adder_8bit,0.75,canonical_netlist,90,57,57,32,25,1,0.38154412826809186,25,1,0.38154412826809186,17,0.38154412826809186
synthesis_trajectory_nod,1003,RTLLM/Prob004_adder_8bit,0.75,exact_motif_signature,90,57,57,47,10,1,0.38154412826809186,10,1,0.38154412826809186,17,0.38154412826809186
synthesis_trajectory_nod,1003,RTLLM/Prob004_adder_8bit,1.0,canonical_netlist,120,77,77,48,29,1,0.38154412826809186,29,1,0.38154412826809186,24,0.38154412826809186
synthesis_trajectory_nod,1003,RTLLM/Prob004_adder_8bit,1.0,exact_motif_signature,120,77,77,65,12,1,0.38154412826809186,12,1,0.38154412826809186,24,0.38154412826809186
synthesis_trajectory_nod,1003,RTLLM/Prob015_multi_pipe_8bit,0.25,canonical_netlist,30,11,11,0,11,2,0.026800943637816915,11,2,0.026800943637816915,2,0.026800943637816915
synthesis_trajectory_nod,1003,RTLLM/Prob015_multi_pipe_8bit,0.25,exact_motif_signature,30,11,11,3,8,2,0.026800943637816915,8,2,0.026800943637816915,2,0.026800943637816915
synthesis_trajectory_nod,1003,RTLLM/Prob015_multi_pipe_8bit,0.5,canonical_netlist,60,21,21,0,21,8,0.028729071073266083,21,8,0.028729071073266083,8,0.028729071073266083
synthesis_trajectory_nod,1003,RTLLM/Prob015_multi_pipe_8bit,0.5,exact_motif_signature,60,21,21,4,17,8,0.028729071073266083,17,8,0.028729071073266083,8,0.028729071073266083
synthesis_trajectory_nod,1003,RTLLM/Prob015_multi_pipe_8bit,0.75,canonical_netlist,90,31,31,0,31,15,0.03032362165356123,31,15,0.03032362165356123,15,0.03032362165356123
synthesis_trajectory_nod,1003,RTLLM/Prob015_multi_pipe_8bit,0.75,exact_motif_signature,90,31,31,5,26,14,0.03032362165356123,26,14,0.03032362165356123,15,0.03032362165356123
synthesis_trajectory_nod,1003,RTLLM/Prob015_multi_pipe_8bit,1.0,canonical_netlist,120,42,42,1,41,20,0.03032362165356123,41,20,0.03032362165356123,21,0.03032362165356123
synthesis_trajectory_nod,1003,RTLLM/Prob015_multi_pipe_8bit,1.0,exact_motif_signature,120,42,42,11,31,15,0.03032362165356123,31,15,0.03032362165356123,21,0.03032362165356123
synthesis_trajectory_nod,1003,RTLLM/Prob024_fsm,0.25,canonical_netlist,30,1,1,0,1,1,0.16895839849859243,1,1,0.16895839849859243,1,0.16895839849859243
synthesis_trajectory_nod,1003,RTLLM/Prob024_fsm,0.25,exact_motif_signature,30,1,1,0,1,1,0.16895839849859243,1,1,0.16895839849859243,1,0.16895839849859243
synthesis_trajectory_nod,1003,RTLLM/Prob024_fsm,0.5,canonical_netlist,60,3,3,0,3,1,0.46959128349494317,3,1,0.46959128349494317,1,0.46959128349494317
synthesis_trajectory_nod,1003,RTLLM/Prob024_fsm,0.5,exact_motif_signature,60,3,3,0,3,1,0.46959128349494317,3,1,0.46959128349494317,1,0.46959128349494317
synthesis_trajectory_nod,1003,RTLLM/Prob024_fsm,0.75,canonical_netlist,90,6,6,0,6,3,0.5002335522886039,6,3,0.5002335522886039,3,0.5002335522886039
synthesis_trajectory_nod,1003,RTLLM/Prob024_fsm,0.75,exact_motif_signature,90,6,6,2,4,2,0.5002335522886039,4,2,0.5002335522886039,3,0.5002335522886039
synthesis_trajectory_nod,1003,RTLLM/Prob024_fsm,1.0,canonical_netlist,120,16,16,3,13,4,0.5845271608799917,13,4,0.5845271608799917,5,0.5845271608799917
synthesis_trajectory_nod,1003,RTLLM/Prob024_fsm,1.0,exact_motif_signature,120,16,16,6,10,3,0.5845271608799917,10,3,0.5845271608799917,5,0.5845271608799917
synthesis_trajectory_nod,1003,RTLLM/Prob037_parallel2serial,0.25,canonical_netlist,30,16,16,3,13,4,0.06325075627503886,13,4,0.06325075627503886,4,0.06325075627503886
synthesis_trajectory_nod,1003,RTLLM/Prob037_parallel2serial,0.25,exact_motif_signature,30,16,16,8,8,4,0.06325075627503886,8,4,0.06325075627503886,4,0.06325075627503886
synthesis_trajectory_nod,1003,RTLLM/Prob037_parallel2serial,0.5,canonical_netlist,60,24,24,4,20,1,0.51996893140381,20,1,0.51996893140381,1,0.51996893140381
synthesis_trajectory_nod,1003,RTLLM/Prob037_parallel2serial,0.5,exact_motif_signature,60,24,24,12,12,1,0.51996893140381,12,1,0.51996893140381,1,0.51996893140381
synthesis_trajectory_nod,1003,RTLLM/Prob037_parallel2serial,0.75,canonical_netlist,90,29,29,6,23,2,0.51996893140381,23,2,0.51996893140381,4,0.51996893140381
synthesis_trajectory_nod,1003,RTLLM/Prob037_parallel2serial,0.75,exact_motif_signature,90,29,29,15,14,2,0.51996893140381,14,2,0.51996893140381,4,0.51996893140381
synthesis_trajectory_nod,1003,RTLLM/Prob037_parallel2serial,1.0,canonical_netlist,120,31,31,7,24,2,0.51996893140381,24,2,0.51996893140381,5,0.51996893140381
synthesis_trajectory_nod,1003,RTLLM/Prob037_parallel2serial,1.0,exact_motif_signature,120,31,31,16,15,2,0.51996893140381,15,2,0.51996893140381,5,0.51996893140381
synthesis_trajectory_nod,1003,RTLLM/Prob041_traffic_light,0.25,canonical_netlist,30,6,6,0,6,2,0.4077420721374969,6,2,0.4077420721374969,2,0.4077420721374969
synthesis_trajectory_nod,1003,RTLLM/Prob041_traffic_light,0.25,exact_motif_signature,30,6,6,0,6,2,0.4077420721374969,6,2,0.4077420721374969,2,0.4077420721374969
synthesis_trajectory_nod,1003,RTLLM/Prob041_traffic_light,0.5,canonical_netlist,60,17,17,0,17,3,0.4077420721374969,17,3,0.4077420721374969,3,0.4077420721374969
synthesis_trajectory_nod,1003,RTLLM/Prob041_traffic_light,0.5,exact_motif_signature,60,17,17,0,17,3,0.4077420721374969,17,3,0.4077420721374969,3,0.4077420721374969
synthesis_trajectory_nod,1003,RTLLM/Prob041_traffic_light,0.75,canonical_netlist,90,28,28,2,26,5,0.4402977487291213,26,5,0.4402977487291213,5,0.4402977487291213
synthesis_trajectory_nod,1003,RTLLM/Prob041_traffic_light,0.75,exact_motif_signature,90,28,28,4,24,4,0.4402977487291213,24,4,0.4402977487291213,5,0.4402977487291213
synthesis_trajectory_nod,1003,RTLLM/Prob041_traffic_light,1.0,canonical_netlist,120,41,41,4,37,5,0.4402977487291213,37,5,0.4402977487291213,6,0.4402977487291213
synthesis_trajectory_nod,1003,RTLLM/Prob041_traffic_light,1.0,exact_motif_signature,120,41,41,7,34,4,0.4402977487291213,34,4,0.4402977487291213,6,0.4402977487291213
synthesis_trajectory_nod,1003,RTLLM/Prob045_alu,0.25,canonical_netlist,30,13,13,0,13,2,0.39337456468887577,13,2,0.39337456468887577,2,0.39337456468887577
synthesis_trajectory_nod,1003,RTLLM/Prob045_alu,0.25,exact_motif_signature,30,13,13,0,13,2,0.39337456468887577,13,2,0.39337456468887577,2,0.39337456468887577
synthesis_trajectory_nod,1003,RTLLM/Prob045_alu,0.5,canonical_netlist,60,22,22,1,21,3,0.4008213417438728,21,3,0.4008213417438728,3,0.4008213417438728
synthesis_trajectory_nod,1003,RTLLM/Prob045_alu,0.5,exact_motif_signature,60,22,22,1,21,3,0.4008213417438728,21,3,0.4008213417438728,3,0.4008213417438728
synthesis_trajectory_nod,1003,RTLLM/Prob045_alu,0.75,canonical_netlist,90,38,38,2,36,1,0.4163917143044878,36,1,0.4163917143044878,1,0.4163917143044878
synthesis_trajectory_nod,1003,RTLLM/Prob045_alu,0.75,exact_motif_signature,90,38,38,2,36,1,0.4163917143044878,36,1,0.4163917143044878,1,0.4163917143044878
synthesis_trajectory_nod,1003,RTLLM/Prob045_alu,1.0,canonical_netlist,120,52,52,3,49,1,0.4163917143044878,49,1,0.4163917143044878,1,0.4163917143044878
synthesis_trajectory_nod,1003,RTLLM/Prob045_alu,1.0,exact_motif_signature,120,52,52,3,49,1,0.4163917143044878,49,1,0.4163917143044878,1,0.4163917143044878
synthesis_trajectory_nod,1003,RTLLM/Prob049_signal_generator,0.25,canonical_netlist,30,19,19,16,3,3,0.23477469440256318,3,3,0.23477469440256318,19,0.23477469440256318
synthesis_trajectory_nod,1003,RTLLM/Prob049_signal_generator,0.25,exact_motif_signature,30,19,19,17,2,2,0.23477469440256318,2,2,0.23477469440256318,19,0.23477469440256318
synthesis_trajectory_nod,1003,RTLLM/Prob049_signal_generator,0.5,canonical_netlist,60,30,30,19,11,7,0.23477469440256318,11,7,0.23477469440256318,26,0.23477469440256318
synthesis_trajectory_nod,1003,RTLLM/Prob049_signal_generator,0.5,exact_motif_signature,60,30,30,24,6,3,0.23477469440256318,6,3,0.23477469440256318,26,0.23477469440256318
synthesis_trajectory_nod,1003,RTLLM/Prob049_signal_generator,0.75,canonical_netlist,90,49,49,33,16,11,0.25984938304829974,16,11,0.25984938304829974,42,0.25984938304829974
synthesis_trajectory_nod,1003,RTLLM/Prob049_signal_generator,0.75,exact_motif_signature,90,49,49,41,8,4,0.25984938304829974,8,4,0.25984938304829974,42,0.25984938304829974
synthesis_trajectory_nod,1003,RTLLM/Prob049_signal_generator,1.0,canonical_netlist,120,61,61,42,19,14,0.25984938304829974,19,14,0.25984938304829974,53,0.25984938304829974
synthesis_trajectory_nod,1003,RTLLM/Prob049_signal_generator,1.0,exact_motif_signature,120,61,61,53,8,4,0.25984938304829974,8,4,0.25984938304829974,53,0.25984938304829974
synthesis_trajectory_nod,1003,VerilogEval-Spec-to-RTL/Prob098_circuit7,0.25,canonical_netlist,30,17,17,15,2,1,0.01200564971751411,2,1,0.01200564971751411,2,0.01200564971751411
synthesis_trajectory_nod,1003,VerilogEval-Spec-to-RTL/Prob098_circuit7,0.25,exact_motif_signature,30,17,17,15,2,1,0.01200564971751411,2,1,0.01200564971751411,2,0.01200564971751411
synthesis_trajectory_nod,1003,VerilogEval-Spec-to-RTL/Prob098_circuit7,0.5,canonical_netlist,60,34,34,32,2,1,0.01200564971751411,2,1,0.01200564971751411,8,0.01200564971751411
synthesis_trajectory_nod,1003,VerilogEval-Spec-to-RTL/Prob098_circuit7,0.5,exact_motif_signature,60,34,34,32,2,1,0.01200564971751411,2,1,0.01200564971751411,8,0.01200564971751411
synthesis_trajectory_nod,1003,VerilogEval-Spec-to-RTL/Prob098_circuit7,0.75,canonical_netlist,90,52,52,48,4,1,0.01200564971751411,4,1,0.01200564971751411,13,0.01200564971751411
synthesis_trajectory_nod,1003,VerilogEval-Spec-to-RTL/Prob098_circuit7,0.75,exact_motif_signature,90,52,52,49,3,1,0.01200564971751411,3,1,0.01200564971751411,13,0.01200564971751411
synthesis_trajectory_nod,1003,VerilogEval-Spec-to-RTL/Prob098_circuit7,1.0,canonical_netlist,120,70,70,66,4,1,0.01200564971751411,4,1,0.01200564971751411,25,0.01200564971751411
synthesis_trajectory_nod,1003,VerilogEval-Spec-to-RTL/Prob098_circuit7,1.0,exact_motif_signature,120,70,70,67,3,1,0.01200564971751411,3,1,0.01200564971751411,25,0.01200564971751411
synthesis_trajectory_nod,1003,VerilogEval-Spec-to-RTL/Prob116_m2014_q3,0.25,canonical_netlist,30,20,20,12,8,2,0.46535233160621764,8,2,0.46535233160621764,5,0.46535233160621764
synthesis_trajectory_nod,1003,VerilogEval-Spec-to-RTL/Prob116_m2014_q3,0.25,exact_motif_signature,30,20,20,14,6,1,0.46535233160621764,6,1,0.46535233160621764,5,0.46535233160621764
synthesis_trajectory_nod,1003,VerilogEval-Spec-to-RTL/Prob116_m2014_q3,0.5,canonical_netlist,60,40,40,31,9,2,0.46535233160621764,9,2,0.46535233160621764,16,0.46535233160621764
synthesis_trajectory_nod,1003,VerilogEval-Spec-to-RTL/Prob116_m2014_q3,0.5,exact_motif_signature,60,40,40,34,6,1,0.46535233160621764,6,1,0.46535233160621764,16,0.46535233160621764
synthesis_trajectory_nod,1003,VerilogEval-Spec-to-RTL/Prob116_m2014_q3,0.75,canonical_netlist,90,56,56,46,10,2,0.46535233160621764,10,2,0.46535233160621764,19,0.46535233160621764
synthesis_trajectory_nod,1003,VerilogEval-Spec-to-RTL/Prob116_m2014_q3,0.75,exact_motif_signature,90,56,56,50,6,1,0.46535233160621764,6,1,0.46535233160621764,19,0.46535233160621764
synthesis_trajectory_nod,1003,VerilogEval-Spec-to-RTL/Prob116_m2014_q3,1.0,canonical_netlist,120,79,79,67,12,2,0.46535233160621764,12,2,0.46535233160621764,27,0.46535233160621764
synthesis_trajectory_nod,1003,VerilogEval-Spec-to-RTL/Prob116_m2014_q3,1.0,exact_motif_signature,120,79,79,73,6,1,0.46535233160621764,6,1,0.46535233160621764,27,0.46535233160621764
synthesis_trajectory_nod,1003,VerilogEval-Spec-to-RTL/Prob135_m2014_q6b,0.25,canonical_netlist,30,11,11,8,3,2,0.2636173393124066,3,2,0.2636173393124066,4,0.2636173393124066
synthesis_trajectory_nod,1003,VerilogEval-Spec-to-RTL/Prob135_m2014_q6b,0.25,exact_motif_signature,30,11,11,9,2,1,0.2636173393124066,2,1,0.2636173393124066,4,0.2636173393124066
synthesis_trajectory_nod,1003,VerilogEval-Spec-to-RTL/Prob135_m2014_q6b,0.5,canonical_netlist,60,31,31,24,7,1,0.26414050822122576,7,1,0.26414050822122576,1,0.26414050822122576
synthesis_trajectory_nod,1003,VerilogEval-Spec-to-RTL/Prob135_m2014_q6b,0.5,exact_motif_signature,60,31,31,27,4,1,0.26414050822122576,4,1,0.26414050822122576,1,0.26414050822122576
synthesis_trajectory_nod,1003,VerilogEval-Spec-to-RTL/Prob135_m2014_q6b,0.75,canonical_netlist,90,57,57,50,7,1,0.26414050822122576,7,1,0.26414050822122576,10,0.26414050822122576
synthesis_trajectory_nod,1003,VerilogEval-Spec-to-RTL/Prob135_m2014_q6b,0.75,exact_motif_signature,90,57,57,53,4,1,0.26414050822122576,4,1,0.26414050822122576,10,0.26414050822122576
synthesis_trajectory_nod,1003,VerilogEval-Spec-to-RTL/Prob135_m2014_q6b,1.0,canonical_netlist,120,84,84,76,8,1,0.26414050822122576,8,1,0.26414050822122576,17,0.26414050822122576
synthesis_trajectory_nod,1003,VerilogEval-Spec-to-RTL/Prob135_m2014_q6b,1.0,exact_motif_signature,120,84,84,79,5,1,0.26414050822122576,5,1,0.26414050822122576,17,0.26414050822122576
synthesis_trajectory_nod,1003,VerilogEval-Spec-to-RTL/Prob150_review2015_fsmonehot,0.25,canonical_netlist,30,11,11,6,5,3,0.32968627450980387,5,3,0.32968627450980387,8,0.32968627450980387
synthesis_trajectory_nod,1003,VerilogEval-Spec-to-RTL/Prob150_review2015_fsmonehot,0.25,exact_motif_signature,30,11,11,10,1,1,0.32968627450980387,1,1,0.32968627450980387,8,0.32968627450980387
synthesis_trajectory_nod,1003,VerilogEval-Spec-to-RTL/Prob150_review2015_fsmonehot,0.5,canonical_netlist,60,25,25,15,10,3,0.32968627450980387,10,3,0.32968627450980387,17,0.32968627450980387
synthesis_trajectory_nod,1003,VerilogEval-Spec-to-RTL/Prob150_review2015_fsmonehot,0.5,exact_motif_signature,60,25,25,21,4,1,0.32968627450980387,4,1,0.32968627450980387,17,0.32968627450980387
synthesis_trajectory_nod,1003,VerilogEval-Spec-to-RTL/Prob150_review2015_fsmonehot,0.75,canonical_netlist,90,36,36,25,11,3,0.32968627450980387,11,3,0.32968627450980387,21,0.32968627450980387
synthesis_trajectory_nod,1003,VerilogEval-Spec-to-RTL/Prob150_review2015_fsmonehot,0.75,exact_motif_signature,90,36,36,31,5,1,0.32968627450980387,5,1,0.32968627450980387,21,0.32968627450980387
synthesis_trajectory_nod,1003,VerilogEval-Spec-to-RTL/Prob150_review2015_fsmonehot,1.0,canonical_netlist,120,52,52,39,13,3,0.32968627450980387,13,3,0.32968627450980387,30,0.32968627450980387
synthesis_trajectory_nod,1003,VerilogEval-Spec-to-RTL/Prob150_review2015_fsmonehot,1.0,exact_motif_signature,120,52,52,46,6,1,0.32968627450980387,6,1,0.32968627450980387,30,0.32968627450980387
synthesis_trajectory_nod,1003,VerilogEval-Spec-to-RTL/Prob151_review2015_fsm,0.25,canonical_netlist,30,0,0,0,0,0,,0,0,,0,
synthesis_trajectory_nod,1003,VerilogEval-Spec-to-RTL/Prob151_review2015_fsm,0.25,exact_motif_signature,30,0,0,0,0,0,,0,0,,0,
synthesis_trajectory_nod,1003,VerilogEval-Spec-to-RTL/Prob151_review2015_fsm,0.5,canonical_netlist,60,5,5,1,4,1,-0.12617788624500034,4,1,-0.12617788624500034,1,-0.12617788624500034
synthesis_trajectory_nod,1003,VerilogEval-Spec-to-RTL/Prob151_review2015_fsm,0.5,exact_motif_signature,60,5,5,1,4,1,-0.12617788624500034,4,1,-0.12617788624500034,1,-0.12617788624500034
synthesis_trajectory_nod,1003,VerilogEval-Spec-to-RTL/Prob151_review2015_fsm,0.75,canonical_netlist,90,9,9,1,8,2,-0.12617788624500034,8,2,-0.12617788624500034,2,-0.12617788624500034
synthesis_trajectory_nod,1003,VerilogEval-Spec-to-RTL/Prob151_review2015_fsm,0.75,exact_motif_signature,90,9,9,3,6,2,-0.12617788624500034,6,2,-0.12617788624500034,2,-0.12617788624500034
synthesis_trajectory_nod,1003,VerilogEval-Spec-to-RTL/Prob151_review2015_fsm,1.0,canonical_netlist,120,12,12,1,11,3,-0.12617788624500034,11,3,-0.12617788624500034,3,-0.12617788624500034
synthesis_trajectory_nod,1003,VerilogEval-Spec-to-RTL/Prob151_review2015_fsm,1.0,exact_motif_signature,120,12,12,3,9,3,-0.12617788624500034,9,3,-0.12617788624500034,3,-0.12617788624500034
synthesis_trajectory_nod,1003,VerilogEval-Spec-to-RTL/Prob153_gshare,0.25,canonical_netlist,30,10,10,1,9,3,0.13092220310027677,9,3,0.13092220310027677,3,0.13092220310027677
synthesis_trajectory_nod,1003,VerilogEval-Spec-to-RTL/Prob153_gshare,0.25,exact_motif_signature,30,10,10,2,8,2,0.13092220310027677,8,2,0.13092220310027677,3,0.13092220310027677
synthesis_trajectory_nod,1003,VerilogEval-Spec-to-RTL/Prob153_gshare,0.5,canonical_netlist,60,16,16,2,14,3,0.13092220310027677,14,3,0.13092220310027677,4,0.13092220310027677
synthesis_trajectory_nod,1003,VerilogEval-Spec-to-RTL/Prob153_gshare,0.5,exact_motif_signature,60,16,16,3,13,2,0.13092220310027677,13,2,0.13092220310027677,4,0.13092220310027677
synthesis_trajectory_nod,1003,VerilogEval-Spec-to-RTL/Prob153_gshare,0.75,canonical_netlist,90,21,21,2,19,7,0.13560291914358902,19,7,0.13560291914358902,8,0.13560291914358902
synthesis_trajectory_nod,1003,VerilogEval-Spec-to-RTL/Prob153_gshare,0.75,exact_motif_signature,90,21,21,5,16,4,0.13560291914358902,16,4,0.13560291914358902,8,0.13560291914358902
synthesis_trajectory_nod,1003,VerilogEval-Spec-to-RTL/Prob153_gshare,1.0,canonical_netlist,120,27,27,5,22,8,0.13560291914358902,22,8,0.13560291914358902,10,0.13560291914358902
synthesis_trajectory_nod,1003,VerilogEval-Spec-to-RTL/Prob153_gshare,1.0,exact_motif_signature,120,27,27,8,19,5,0.13560291914358902,19,5,0.13560291914358902,10,0.13560291914358902
