backend,benchmark,problem,circuit_type,generation,candidate_id,strategy,source,score_from_run,ppa_score,area,power,eff_clk_period,ref_area,ref_power,ref_eff_clk_period,g_A,g_P,g_T,candidate_dir,report_path
classic_revolution_8x5,RTLLM,Prob015_multi_pipe_8bit,sequential,0,9578b202-895c-4404-8e9c-eac5e9363e44,initial,generation_log,-0.854668671749,-0.854668671749,909,0.159,2.35,980,0.0898,0.82,0.0724489795918,-0.770601336303,-1.86585365854,,
classic_revolution_8x5,RTLLM,Prob015_multi_pipe_8bit,sequential,0,30385121-6f9f-4cf7-b9a4-f7c274a02fae,initial,generation_log,-0.0451593478936,-0.0451593478936,685,0.106,1.03,980,0.0898,0.82,0.301020408163,-0.180400890869,-0.256097560976,,
classic_revolution_8x5,RTLLM,Prob015_multi_pipe_8bit,sequential,1,9f07b5aa-c559-494d-8710-2abeff5ec637,M-E,generation_log,-0.0197264315037,-0.0197264315037,697,0.109,0.93,980,0.0898,0.82,0.288775510204,-0.213808463252,-0.134146341463,,
classic_revolution_8x5,RTLLM,Prob015_multi_pipe_8bit,sequential,1,7e300b92-40f5-4d95-b74c-793104eda26e,M-I,generation_log,-0.0451593478936,-0.0451593478936,685,0.106,1.03,980,0.0898,0.82,0.301020408163,-0.180400890869,-0.256097560976,,
classic_revolution_8x5,RTLLM,Prob015_multi_pipe_8bit,sequential,1,add293ac-3938-4e14-977c-5fa87e780d56,M-E,generation_log,-0.0759603683942,-0.0759603683942,708,0.11,1.05,980,0.0898,0.82,0.277551020408,-0.224944320713,-0.280487804878,,
classic_revolution_8x5,RTLLM,Prob015_multi_pipe_8bit,sequential,2,aa76343b-ccab-4e5f-a6e7-ac5ffa4fb0a4,M-R,generation_log,-0.0451593478936,-0.0451593478936,685,0.106,1.03,980,0.0898,0.82,0.301020408163,-0.180400890869,-0.256097560976,,
classic_revolution_8x5,RTLLM,Prob015_multi_pipe_8bit,sequential,2,93b92fd4-6206-41c2-b8eb-4b6ed488e40b,C-F,generation_log,-0.14176923961,-0.14176923961,850,0.141,0.81,980,0.0898,0.82,0.132653061224,-0.570155902004,0.0121951219512,,
classic_revolution_8x5,RTLLM,Prob015_multi_pipe_8bit,sequential,2,228d1ab4-a2db-4af4-94ef-0a42404663a9,M-R,generation_log,-0.0197264315037,-0.0197264315037,697,0.109,0.93,980,0.0898,0.82,0.288775510204,-0.213808463252,-0.134146341463,,
classic_revolution_8x5,RTLLM,Prob015_multi_pipe_8bit,sequential,3,cbb3601d-7cc5-4356-ac3e-5269904a3f35,M-E,generation_log,-0.309557215249,-0.309557215249,992,0.171,0.83,980,0.0898,0.82,-0.0122448979592,-0.904231625835,-0.0121951219512,,
classic_revolution_8x5,RTLLM,Prob015_multi_pipe_8bit,sequential,3,197d6cd4-22ca-458c-8a6f-a751e9b2fbd8,M-E,generation_log,-0.790055496369,-0.790055496369,1503,0.281,0.58,980,0.0898,0.82,-0.533673469388,-2.12917594655,0.292682926829,,
classic_revolution_8x5,RTLLM,Prob015_multi_pipe_8bit,sequential,3,8e49f26e-bcba-4591-bcfa-15270ce78bb6,C-F,generation_log,-0.128629814683,-0.128629814683,788,0.13,0.93,980,0.0898,0.82,0.195918367347,-0.447661469933,-0.134146341463,,
classic_revolution_8x5,RTLLM,Prob015_multi_pipe_8bit,sequential,3,d65c5618-f567-46da-a79a-ad073e17c052,M-E,generation_log,-0.0368509857091,-0.0368509857091,884,0.114,0.77,980,0.0898,0.82,0.0979591836735,-0.269487750557,0.0609756097561,,
classic_revolution_8x5,RTLLM,Prob015_multi_pipe_8bit,sequential,3,e726a782-e3ac-4c26-944d-5ee0d8d9598e,M-E,generation_log,-0.221227656688,-0.221227656688,1095,0.175,0.49,980,0.0898,0.82,-0.117346938776,-0.948775055679,0.40243902439,,
classic_revolution_8x5,RTLLM,Prob015_multi_pipe_8bit,sequential,4,deecbf24-2123-47f0-a084-6211574e07aa,M-R,generation_log,-0.0451593478936,-0.0451593478936,685,0.106,1.03,980,0.0898,0.82,0.301020408163,-0.180400890869,-0.256097560976,,
classic_revolution_8x5,RTLLM,Prob015_multi_pipe_8bit,sequential,4,0f28a9a0-2736-4141-a82f-5ff47533345e,M-E,generation_log,-0.157562368747,-0.157562368747,647,0.154,0.9,980,0.0898,0.82,0.339795918367,-0.714922048998,-0.0975609756098,,
classic_revolution_8x5,RTLLM,Prob015_multi_pipe_8bit,sequential,4,2fc4541c-4cdf-452e-86ea-461ab3d64c31,M-R,generation_log,-0.165505965546,-0.165505965546,1150,0.121,0.8,980,0.0898,0.82,-0.173469387755,-0.347438752784,0.0243902439024,,
classic_revolution_8x5,RTLLM,Prob015_multi_pipe_8bit,sequential,4,76e5890b-6bdf-4dc7-9150-0040b48062f8,C-F,generation_log,-0.0965718668368,-0.0965718668368,753,0.118,0.99,980,0.0898,0.82,0.231632653061,-0.314031180401,-0.207317073171,,
classic_revolution_8x5,RTLLM,Prob015_multi_pipe_8bit,sequential,4,af1946e5-6477-4938-8837-aa9f91b485d0,C-F,generation_log,-0.0451593478936,-0.0451593478936,685,0.106,1.03,980,0.0898,0.82,0.301020408163,-0.180400890869,-0.256097560976,,
classic_revolution_8x5,RTLLM,Prob015_multi_pipe_8bit,sequential,4,d77d0daf-9181-41cd-87ee-01a9c4439244,C-F,generation_log,-0.0965718668368,-0.0965718668368,753,0.118,0.99,980,0.0898,0.82,0.231632653061,-0.314031180401,-0.207317073171,,
classic_revolution_8x5,RTLLM,Prob015_multi_pipe_8bit,sequential,5,e8630af6-5cdc-4fb4-a294-00528c8cde7c,M-R,generation_log,-0.0197264315037,-0.0197264315037,697,0.109,0.93,980,0.0898,0.82,0.288775510204,-0.213808463252,-0.134146341463,,
classic_revolution_8x5,RTLLM,Prob015_multi_pipe_8bit,sequential,5,40bac0aa-ba6f-4c1f-b077-3132d453e369,M-I,generation_log,-0.0321467279943,-0.0321467279943,760,0.123,0.78,980,0.0898,0.82,0.224489795918,-0.369710467706,0.0487804878049,,
classic_revolution_8x5,RTLLM,Prob015_multi_pipe_8bit,sequential,5,fbc87b93-b222-434d-a4e4-2fed8d35a934,M-R,generation_log,-0.138874785071,-0.138874785071,775,0.123,1.03,980,0.0898,0.82,0.209183673469,-0.369710467706,-0.256097560976,,
classic_revolution_8x5,RTLLM,Prob015_multi_pipe_8bit,sequential,5,65a387a6-ecbe-4d74-a0d9-71e0fa2e4af1,M-I,generation_log,-0.0500763269075,-0.0500763269075,636,0.16,0.59,980,0.0898,0.82,0.351020408163,-0.781737193764,0.280487804878,,
classic_revolution_8x5,RTLLM,Prob015_multi_pipe_8bit,sequential,5,7013c4fe-1691-480f-879b-9e8df9a00fb1,C-F,generation_log,-0.0147684713518,-0.0147684713518,724,0.103,0.95,980,0.0898,0.82,0.261224489796,-0.146993318486,-0.158536585366,,
classic_revolution_8x5,RTLLM,Prob024_fsm,combinational,1,977fa12f-4bc7-4dd6-878d-eb473dc7fc75,M-S,generation_log,0.420803878636,0.236205817954,43,0.00412,0.21,46,0.00695,0,0.0652173913043,0.407194244604,-210000000000,,
classic_revolution_8x5,RTLLM,Prob024_fsm,combinational,1,c5fa9230-5ba2-4ebd-867b-05d1aa67fcdf,M-F,generation_log,0.420803878636,0.236205817954,43,0.00412,0.21,46,0.00695,0,0.0652173913043,0.407194244604,-210000000000,,
classic_revolution_8x5,RTLLM,Prob024_fsm,combinational,1,fe4bc3ce-0097-404c-b733-4d63d4698a3d,M-I,generation_log,0.265517672818,0.0282765092274,34,0.00837,0.26,46,0.00695,0,0.260869565217,-0.204316546763,-260000000000,,
classic_revolution_8x5,RTLLM,Prob024_fsm,combinational,1,70ef141f-5730-4220-afe7-ca88e5f06cef,M-I,generation_log,0.469591283495,0.329386925242,29,0.00494,0.25,46,0.00695,0,0.369565217391,0.289208633094,-250000000000,,
classic_revolution_8x5,RTLLM,Prob024_fsm,combinational,2,46b1be03-269f-420f-951c-ae169bf7196b,M-S,generation_log,0.500233552289,0.340350328433,36,0.00373,0.18,46,0.00695,0,0.217391304348,0.463309352518,-180000000000,,
classic_revolution_8x5,RTLLM,Prob024_fsm,combinational,2,2a19a8f0-6a61-44d0-aa52-6d16e1887b1b,M-F,generation_log,0.500233552289,0.340350328433,36,0.00373,0.18,46,0.00695,0,0.217391304348,0.463309352518,-180000000000,,
classic_revolution_8x5,RTLLM,Prob024_fsm,combinational,2,7e833287-fbce-453c-8ac5-03a57d5966d2,M-S,generation_log,0.420803878636,0.236205817954,43,0.00412,0.21,46,0.00695,0,0.0652173913043,0.407194244604,-210000000000,,
classic_revolution_8x5,RTLLM,Prob024_fsm,combinational,3,a071620a-ee7d-48e3-979e-b801d6370383,M-I,generation_log,0.420803878636,0.236205817954,43,0.00412,0.21,46,0.00695,0,0.0652173913043,0.407194244604,-210000000000,,
classic_revolution_8x5,RTLLM,Prob024_fsm,combinational,3,9d843184-9af2-45d8-85f5-23aff89efedd,M-R,generation_log,0.420803878636,0.236205817954,43,0.00412,0.21,46,0.00695,0,0.0652173913043,0.407194244604,-210000000000,,
classic_revolution_8x5,RTLLM,Prob024_fsm,combinational,4,e7abb82b-5bb7-4611-9815-7772f24b38a9,M-S,generation_log,0.500233552289,0.340350328433,36,0.00373,0.18,46,0.00695,0,0.217391304348,0.463309352518,-180000000000,,
classic_revolution_8x5,RTLLM,Prob041_traffic_light,combinational,0,228810c1-5c79-49cc-aa8f-53ffe894be5b,initial,generation_log,0.0868675865408,0.130301379811,164,0.0251,0,170,0.0324,0,0.0352941176471,0.225308641975,0,,
classic_revolution_8x5,RTLLM,Prob041_traffic_light,combinational,1,0486e42c-ad6d-49a1-bd3f-f2ebb4f3376a,M-I,generation_log,0.389132171387,0.583698257081,140,0.000294,0,170,0.0324,0,0.176470588235,0.990925925926,0,,
classic_revolution_8x5,RTLLM,Prob041_traffic_light,combinational,2,a767d2b8-4a02-4a5d-8333-4aeb36f1b697,M-I,generation_log,0.0488259501331,0.0732389251997,143,0.0328,0,170,0.0324,0,0.158823529412,-0.0123456790123,0,,
classic_revolution_8x5,RTLLM,Prob041_traffic_light,combinational,2,09cfa0cf-9977-4b9a-aaee-c2e4a2bf267b,M-R,generation_log,0.122355361898,0.183533042847,148,0.0247,0,170,0.0324,0,0.129411764706,0.237654320988,0,,
classic_revolution_8x5,RTLLM,Prob041_traffic_light,combinational,2,ae802e04-53ba-4a4c-9fdc-5c716dbb03de,M-I,generation_log,0.34591503268,0.51887254902,114,0.00945,0,170,0.0324,0,0.329411764706,0.708333333333,0,,
classic_revolution_8x5,RTLLM,Prob041_traffic_light,combinational,3,0dd1d0fd-f5d2-4139-819d-419588927249,M-F,generation_log,0.169644153958,0.254466230937,137,0.0222,0,170,0.0324,0,0.194117647059,0.314814814815,0,,
classic_revolution_8x5,RTLLM,Prob041_traffic_light,combinational,3,4206fe76-1007-42d8-a5c7-d421464b9493,M-S,generation_log,0.122355361898,0.183533042847,148,0.0247,0,170,0.0324,0,0.129411764706,0.237654320988,0,,
classic_revolution_8x5,RTLLM,Prob041_traffic_light,combinational,3,c6c15e4f-86f5-46d8-83d0-f78e0b0ec30c,C-F,generation_log,0.420875090777,0.631312636166,124,0.000258,0,170,0.0324,0,0.270588235294,0.992037037037,0,,
classic_revolution_8x5,RTLLM,Prob041_traffic_light,combinational,3,5719cc59-8e5c-4c2b-9600-a67f7482198f,M-S,generation_log,0.420875090777,0.631312636166,124,0.000258,0,170,0.0324,0,0.270588235294,0.992037037037,0,,
classic_revolution_8x5,RTLLM,Prob041_traffic_light,combinational,3,da17e224-18dc-46a8-a371-92dd296c970e,M-S,generation_log,0.420875090777,0.631312636166,124,0.000258,0,170,0.0324,0,0.270588235294,0.992037037037,0,,
classic_revolution_8x5,RTLLM,Prob041_traffic_light,combinational,3,0d15d2ec-26be-4495-8aab-9d47630044fe,M-S,generation_log,0.420875090777,0.631312636166,124,0.000258,0,170,0.0324,0,0.270588235294,0.992037037037,0,,
classic_revolution_8x5,RTLLM,Prob041_traffic_light,combinational,4,3a11f182-04a9-46a7-96ca-4cdbb9ae8214,C-F,generation_log,0.420875090777,0.631312636166,124,0.000258,0,170,0.0324,0,0.270588235294,0.992037037037,0,,
classic_revolution_8x5,RTLLM,Prob041_traffic_light,combinational,4,60e318ba-33d7-4719-a1c1-56dc58add15c,M-I,generation_log,0.34591503268,0.51887254902,114,0.00945,0,170,0.0324,0,0.329411764706,0.708333333333,0,,
classic_revolution_8x5,RTLLM,Prob041_traffic_light,combinational,4,890f3588-0c49-4301-bff7-27fb33232122,M-E,generation_log,0.0938392641007,0.140758896151,151,0.0269,0,170,0.0324,0,0.111764705882,0.16975308642,0,,
classic_revolution_8x5,RTLLM,Prob041_traffic_light,combinational,4,0fbbb4a1-b5e8-47e4-9d8a-ed5e47300c6f,C-F,generation_log,0.308012587751,0.462018881627,121,0.0118,0,170,0.0324,0,0.288235294118,0.635802469136,0,,
classic_revolution_8x5,RTLLM,Prob041_traffic_light,combinational,4,f2b73330-23b7-4bac-aa73-5d9e584f0400,M-S,generation_log,0.364970951344,0.547456427015,151,0.000546,0,170,0.0324,0,0.111764705882,0.983148148148,0,,
classic_revolution_8x5,RTLLM,Prob041_traffic_light,combinational,4,fa9097fd-4c46-4e96-903e-88cc546b4ea6,M-E,generation_log,0.0715323166304,0.107298474946,165,0.0264,0,170,0.0324,0,0.0294117647059,0.185185185185,0,,
classic_revolution_8x5,RTLLM,Prob041_traffic_light,combinational,5,524ff828-3e4b-440b-8d4c-c01eb5f16ef2,C-F,generation_log,0.420875090777,0.631312636166,124,0.000258,0,170,0.0324,0,0.270588235294,0.992037037037,0,,
classic_revolution_8x5,RTLLM,Prob041_traffic_light,combinational,5,ab99d4c7-2c07-446f-beda-1e9a164a6153,M-R,generation_log,0.393053740015,0.589580610022,138,0.000294,0,170,0.0324,0,0.188235294118,0.990925925926,0,,
classic_revolution_8x5,RTLLM,Prob041_traffic_light,combinational,5,5c864b6b-a94f-44b3-a3f0-06751b53b72b,C-F,generation_log,0.160058097313,0.240087145969,123,0.0258,0,170,0.0324,0,0.276470588235,0.203703703704,0,,
classic_revolution_8x5,RTLLM,Prob045_alu,combinational,0,29ccad1b-10d7-4967-b09b-c91fbab649fe,initial,generation_log,0.384404034431,0.576606051646,1864,0.00103,0,2225,0.114,0,0.162247191011,0.990964912281,0,,
classic_revolution_8x5,RTLLM,Prob045_alu,combinational,0,8635989f-2669-44ea-a1be-b0d867939fce,initial,generation_log,0.373591891714,0.560387837571,1935,0.00109,0,2225,0.114,0,0.130337078652,0.990438596491,0,,
classic_revolution_8x5,RTLLM,Prob045_alu,combinational,0,8f81afa7-37e0-48c7-838f-916e5ccecde3,initial,generation_log,0.376617386162,0.564926079243,1915,0.00108,0,2225,0.114,0,0.139325842697,0.990526315789,0,,
classic_revolution_8x5,RTLLM,Prob045_alu,combinational,1,a2b68d78-81ec-41d8-882f-215ee8fb4ec0,M-I,generation_log,0.375864708588,0.563797062882,1921,0.00103,0,2225,0.114,0,0.136629213483,0.990964912281,0,,
classic_revolution_8x5,RTLLM,Prob045_alu,combinational,1,773212b6-7f08-4781-b76d-a81182157964,M-R,generation_log,0.353732505421,0.530598758131,2066,0.00117,0,2225,0.114,0,0.0714606741573,0.989736842105,0,,
classic_revolution_8x5,RTLLM,Prob045_alu,combinational,1,4820495f-a622-431f-86c8-8cab6099e751,C-F,generation_log,0.370113345161,0.555170017741,1959,0.00105,0,2225,0.114,0,0.119550561798,0.990789473684,0,,
classic_revolution_8x5,RTLLM,Prob045_alu,combinational,1,ccb5b02e-38f1-47e2-84e4-13c3269f7709,M-R,generation_log,0.378532098035,0.567798147053,1903,0.00104,0,2225,0.114,0,0.144719101124,0.990877192982,0,,
classic_revolution_8x5,RTLLM,Prob045_alu,combinational,1,e7abbc8a-bed9-487e-9de2-9d4130092b44,M-S,generation_log,0.380538143111,0.570807214666,1890,0.00102,0,2225,0.114,0,0.150561797753,0.991052631579,0,,
classic_revolution_8x5,RTLLM,Prob045_alu,combinational,2,6fe9c9b9-978d-4f3b-ab93-59ea51464395,M-E,generation_log,0.379310401472,0.568965602208,1898,0.00103,0,2225,0.114,0,0.146966292135,0.990964912281,0,,
classic_revolution_8x5,RTLLM,Prob045_alu,combinational,2,62756fba-3a7f-4b05-8140-f1908e947002,M-I,generation_log,0.380763979236,0.571145968855,1889,0.000994,0,2225,0.114,0,0.151011235955,0.991280701754,0,,
classic_revolution_8x5,RTLLM,Prob045_alu,combinational,2,4dd0da5a-4797-4bfa-83c5-b3540d385f05,M-E,generation_log,0.384254221697,0.576381332545,1865,0.00103,0,2225,0.114,0,0.161797752809,0.990964912281,0,,
classic_revolution_8x5,RTLLM,Prob045_alu,combinational,2,8f710d76-cd52-454c-962e-793e22a2a849,M-I,generation_log,0.390125468165,0.585188202247,1827,0.000969,0,2225,0.114,0,0.178876404494,0.9915,0,,
classic_revolution_8x5,RTLLM,Prob045_alu,combinational,2,24ff008f-3493-4008-96bb-b8122e104c08,M-E,generation_log,0.415413890532,0.623120835797,1659,0.000928,0,2225,0.114,0,0.254382022472,0.991859649123,0,,
classic_revolution_8x5,RTLLM,Prob045_alu,combinational,3,e47169b1-e1d0-42c3-815c-b5d372637388,M-R,generation_log,0.384083251199,0.576124876799,1867,0.000986,0,2225,0.114,0,0.160898876404,0.991350877193,0,,
classic_revolution_8x5,RTLLM,Prob045_alu,combinational,3,52e2c15b-d20f-488a-9c49-70953c18943d,M-S,generation_log,0.371790525002,0.557685787502,1948,0.00104,0,2225,0.114,0,0.124494382022,0.990877192982,0,,
classic_revolution_8x5,RTLLM,Prob045_alu,combinational,3,b3a0c754-2fba-4b0b-8494-4087191f9737,M-S,generation_log,0.384702969972,0.577054454958,1863,0.000979,0,2225,0.114,0,0.162696629213,0.991412280702,0,,
classic_revolution_8x5,RTLLM,Prob045_alu,combinational,3,b76aca44-3b5d-4f18-8a00-5db951d4d5eb,M-R,generation_log,0.386293120442,0.579439680662,1851,0.00105,0,2225,0.114,0,0.16808988764,0.990789473684,0,,
classic_revolution_8x5,RTLLM,Prob045_alu,combinational,3,32bf53b5-0363-4c61-828e-3e3317da354c,M-R,generation_log,0.380147184441,0.570220776661,1893,0.001,0,2225,0.114,0,0.149213483146,0.991228070175,0,,
classic_revolution_8x5,RTLLM,Prob045_alu,combinational,3,ce58a920-b70b-4f51-ba90-0b2a53c6776c,M-S,generation_log,0.389608778501,0.584413167751,1830,0.000992,0,2225,0.114,0,0.177528089888,0.991298245614,0,,
classic_revolution_8x5,RTLLM,Prob045_alu,combinational,3,ff3bd414-b6a0-40ff-b2aa-ceb3d9d48491,M-S,generation_log,0.378532098035,0.567798147053,1903,0.00104,0,2225,0.114,0,0.144719101124,0.990877192982,0,,
classic_revolution_8x5,RTLLM,Prob045_alu,combinational,3,f5c8d1aa-641f-4511-be34-79bd811f67ad,M-R,generation_log,0.38251494842,0.57377242263,1877,0.00101,0,2225,0.114,0,0.156404494382,0.991140350877,0,,
classic_revolution_8x5,RTLLM,Prob045_alu,combinational,4,0e92ac5d-a4da-4a68-8733-e22403e3fb7a,C-F,generation_log,0.386920921217,0.580381381825,1848,0.000989,0,2225,0.114,0,0.169438202247,0.991324561404,0,,
classic_revolution_8x5,RTLLM,Prob045_alu,combinational,4,5d82e0b6-96d0-48cb-b790-1e9b0fe73b82,C-F,generation_log,0.413043202576,0.619564803864,1675,0.000919,0,2225,0.114,0,0.247191011236,0.991938596491,0,,
classic_revolution_8x5,RTLLM,Prob045_alu,combinational,4,02a08fa1-e790-433a-bb2b-02517c2da7fc,M-E,generation_log,0.373698009068,0.560547013601,1938,0.0009,0,2225,0.114,0,0.128988764045,0.992105263158,0,,
classic_revolution_8x5,RTLLM,Prob045_alu,combinational,4,36dea8a9-1321-445a-82c2-a55d6ab15b05,M-R,generation_log,0.379697746238,0.569546619357,1896,0.001,0,2225,0.114,0,0.147865168539,0.991228070175,0,,
classic_revolution_8x5,RTLLM,Prob045_alu,combinational,4,9ed1b9f7-8f79-4160-b0d7-28179db261c7,C-F,generation_log,0.38960224062,0.58440336093,1831,0.000943,0,2225,0.114,0,0.177078651685,0.991728070175,0,,
classic_revolution_8x5,RTLLM,Prob045_alu,combinational,4,d2903b03-33d9-4e41-b759-9e464bce50f5,M-I,generation_log,0.399727413102,0.599591119653,1764,0.000913,0,2225,0.114,0,0.207191011236,0.99199122807,0,,
classic_revolution_8x5,RTLLM,Prob045_alu,combinational,4,6c9323c1-85eb-43c7-9de0-d9edf1d0a04a,C-F,generation_log,0.391030192523,0.586545288784,1821,0.000967,0,2225,0.114,0,0.181573033708,0.99151754386,0,,
classic_revolution_8x5,RTLLM,Prob045_alu,combinational,5,fec1bff1-ed2f-43c3-b97b-b0a466119ef3,C-F,generation_log,0.38716275708,0.58074413562,1845,0.00106,0,2225,0.114,0,0.170786516854,0.990701754386,0,,
classic_revolution_8x5,RTLLM,Prob045_alu,combinational,5,8794dc24-2d10-4233-960d-18ade924be04,M-S,generation_log,0.369514094224,0.554271141336,1963,0.00105,0,2225,0.114,0,0.117752808989,0.990789473684,0,,
classic_revolution_8x5,RTLLM,Prob045_alu,combinational,5,88bf23c6-1bb5-4f8f-a288-e9837e711e9c,M-S,generation_log,0.373288652342,0.559932978514,1938,0.00104,0,2225,0.114,0,0.128988764045,0.990877192982,0,,
classic_revolution_8x5,RTLLM,Prob045_alu,combinational,5,90d082de-13da-4c91-bc4d-ea9972b923fc,M-I,generation_log,0.373288652342,0.559932978514,1938,0.00104,0,2225,0.114,0,0.128988764045,0.990877192982,0,,
classic_revolution_8x5,RTLLM,Prob045_alu,combinational,5,055db26b-1876-428b-b221-b7d9977fdd14,C-F,generation_log,0.391116367698,0.586674551547,1819,0.00104,0,2225,0.114,0,0.182471910112,0.990877192982,0,,
classic_revolution_8x5,RTLLM,Prob045_alu,combinational,5,5e06853e-f27d-4b7b-9678-f942bde783a7,C-F,generation_log,0.36825711282,0.552385669229,1971,0.00107,0,2225,0.114,0,0.114157303371,0.990614035088,0,,
classic_revolution_8x5,RTLLM,Prob045_alu,combinational,5,d2ff32c2-2e77-4800-bfab-62a65a20273a,C-F,generation_log,0.391685688941,0.587528533412,1816,0.000999,0,2225,0.114,0,0.183820224719,0.991236842105,0,,
classic_revolution_8x5,RTLLM,Prob045_alu,combinational,5,6d0551dd-bc7f-4688-8651-b6e9ac6e5601,C-F,generation_log,0.378199618897,0.567299428346,1906,0.001,0,2225,0.114,0,0.143370786517,0.991228070175,0,,
classic_revolution_8x5,RTLLM,Prob049_signal_generator,sequential,0,e0f5f45c-43d9-44a8-9c4c-af583e035bbc,initial,generation_log,0.234774694403,0.234774694403,82,0.00252,0.38,94,0.00467,0.43,0.127659574468,0.460385438972,0.116279069767,,
classic_revolution_8x5,RTLLM,Prob049_signal_generator,sequential,0,7357ba0e-a987-43db-9d39-a79e20e01e31,initial,generation_log,0.234774694403,0.234774694403,82,0.00252,0.38,94,0.00467,0.43,0.127659574468,0.460385438972,0.116279069767,,
classic_revolution_8x5,RTLLM,Prob049_signal_generator,sequential,0,48275430-431e-49d2-a494-58f97d156607,initial,generation_log,0.234774694403,0.234774694403,82,0.00252,0.38,94,0.00467,0.43,0.127659574468,0.460385438972,0.116279069767,,
classic_revolution_8x5,RTLLM,Prob049_signal_generator,sequential,0,2b07a26c-1b8b-4de8-bdba-61a269226fe9,initial,generation_log,0.234774694403,0.234774694403,82,0.00252,0.38,94,0.00467,0.43,0.127659574468,0.460385438972,0.116279069767,,
classic_revolution_8x5,RTLLM,Prob049_signal_generator,sequential,0,183ae0e8-a211-41c8-acc4-b8b742128ab1,initial,generation_log,0.234774694403,0.234774694403,82,0.00252,0.38,94,0.00467,0.43,0.127659574468,0.460385438972,0.116279069767,,
classic_revolution_8x5,RTLLM,Prob049_signal_generator,sequential,0,b59be1b6-8b6c-4a6a-86bc-54884096ff02,initial,generation_log,0.234774694403,0.234774694403,82,0.00252,0.38,94,0.00467,0.43,0.127659574468,0.460385438972,0.116279069767,,
classic_revolution_8x5,RTLLM,Prob049_signal_generator,sequential,1,f340ccdd-990b-473f-b9e6-b774e81272a8,M-E,generation_log,0.259849383048,0.259849383048,54,0.00432,0.31,94,0.00467,0.43,0.425531914894,0.0749464668094,0.279069767442,,
classic_revolution_8x5,RTLLM,Prob049_signal_generator,sequential,1,16c12de8-2d44-4247-91e8-8ce33370ecc1,C-F,generation_log,0.234774694403,0.234774694403,82,0.00252,0.38,94,0.00467,0.43,0.127659574468,0.460385438972,0.116279069767,,
classic_revolution_8x5,RTLLM,Prob049_signal_generator,sequential,2,dce11e57-3861-4f33-a0cf-f70378ea705a,C-F,generation_log,0.234774694403,0.234774694403,82,0.00252,0.38,94,0.00467,0.43,0.127659574468,0.460385438972,0.116279069767,,
classic_revolution_8x5,RTLLM,Prob049_signal_generator,sequential,2,c2c790ff-0db3-43b7-9262-56a045b2faee,M-S,generation_log,0.234774694403,0.234774694403,82,0.00252,0.38,94,0.00467,0.43,0.127659574468,0.460385438972,0.116279069767,,
classic_revolution_8x5,RTLLM,Prob049_signal_generator,sequential,3,6f121abf-b02e-4ebf-b3ad-21d5679bc399,C-F,generation_log,0.263803228132,0.263803228132,76,0.00252,0.37,94,0.00467,0.43,0.191489361702,0.460385438972,0.139534883721,,
classic_revolution_8x5,RTLLM,Prob049_signal_generator,sequential,3,d024ffd2-7c64-4db7-b106-de95f7596ff5,C-F,generation_log,0.0474607979527,0.0474607979527,73,0.0057,0.37,94,0.00467,0.43,0.223404255319,-0.220556745182,0.139534883721,,
classic_revolution_8x5,RTLLM,Prob049_signal_generator,sequential,4,9776f3af-7844-4a44-96df-3363e8ffbf69,C-F,generation_log,0.234774694403,0.234774694403,82,0.00252,0.38,94,0.00467,0.43,0.127659574468,0.460385438972,0.116279069767,,
classic_revolution_8x5,RTLLM,Prob049_signal_generator,sequential,4,c2b6cd25-4e41-4016-a936-36697d1b795e,M-E,generation_log,0.259849383048,0.259849383048,54,0.00432,0.31,94,0.00467,0.43,0.425531914894,0.0749464668094,0.279069767442,,
classic_revolution_8x5,RTLLM,Prob049_signal_generator,sequential,4,5069ed15-9c57-47f8-b519-a4f53a045971,M-E,generation_log,0.259849383048,0.259849383048,54,0.00432,0.31,94,0.00467,0.43,0.425531914894,0.0749464668094,0.279069767442,,
classic_revolution_8x5,RTLLM,Prob049_signal_generator,sequential,5,bb6d7d87-a0a5-46f6-8e8b-6fe9b157fac2,M-S,generation_log,0.207437714137,0.207437714137,77,0.00326,0.37,94,0.00467,0.43,0.18085106383,0.301927194861,0.139534883721,,
classic_revolution_8x5,VerilogEval-Spec-to-RTL,Prob116_m2014_q3,combinational,0,e581a4ab-ee8e-4582-8ec4-b8b3ea752d9b,initial,generation_log,0.396908462867,0.595362694301,4,1.79e-06,0,5,0.000193,0,0.2,0.990725388601,0,,
classic_revolution_8x5,VerilogEval-Spec-to-RTL,Prob116_m2014_q3,combinational,0,5963ae67-3eef-41ae-a81d-827a3d3adfa0,initial,generation_log,0.330535405872,0.495803108808,5,1.62e-06,0,5,0.000193,0,0,0.991606217617,0,,
classic_revolution_8x5,VerilogEval-Spec-to-RTL,Prob116_m2014_q3,combinational,0,18facc69-1e69-4b8b-b2ac-d3772e3012d1,initial,generation_log,0.397184801382,0.595777202073,4,1.63e-06,0,5,0.000193,0,0.2,0.991554404145,0,,
classic_revolution_8x5,VerilogEval-Spec-to-RTL,Prob116_m2014_q3,combinational,1,83c5fa80-5ef1-46d4-b6b2-ecb1a2351705,M-F,generation_log,0.464369602763,0.696554404145,3,1.33e-06,0,5,0.000193,0,0.4,0.99310880829,0,,
classic_revolution_8x5,VerilogEval-Spec-to-RTL,Prob116_m2014_q3,combinational,1,b13490d4-57aa-48ce-8b7d-9314ae22dee4,M-I,generation_log,0.396908462867,0.595362694301,4,1.79e-06,0,5,0.000193,0,0.2,0.990725388601,0,,
classic_revolution_8x5,VerilogEval-Spec-to-RTL,Prob116_m2014_q3,combinational,1,c6ab0872-f7b7-4026-ad07-c7f6496134e0,M-S,generation_log,0.396908462867,0.595362694301,4,1.79e-06,0,5,0.000193,0,0.2,0.990725388601,0,,
classic_revolution_8x5,VerilogEval-Spec-to-RTL,Prob116_m2014_q3,combinational,1,f9ad1d33-1b48-487b-9953-f4c459377cd6,M-R,generation_log,0.397184801382,0.595777202073,4,1.63e-06,0,5,0.000193,0,0.2,0.991554404145,0,,
classic_revolution_8x5,VerilogEval-Spec-to-RTL,Prob116_m2014_q3,combinational,2,d0c2a817-1f3f-48d0-9dcf-6e1968566b64,M-F,generation_log,0.465352331606,0.698028497409,3,7.61e-07,0,5,0.000193,0,0.4,0.996056994819,0,,
classic_revolution_8x5,VerilogEval-Spec-to-RTL,Prob116_m2014_q3,combinational,2,63c9c15e-077d-4b72-ad00-64c1360da0fc,C-F,generation_log,0.396908462867,0.595362694301,4,1.79e-06,0,5,0.000193,0,0.2,0.990725388601,0,,
classic_revolution_8x5,VerilogEval-Spec-to-RTL,Prob116_m2014_q3,combinational,2,6ac113eb-7a8c-4891-b48a-306d65f50dfe,M-E,generation_log,0.396908462867,0.595362694301,4,1.79e-06,0,5,0.000193,0,0.2,0.990725388601,0,,
classic_revolution_8x5,VerilogEval-Spec-to-RTL,Prob116_m2014_q3,combinational,2,10768610-48b2-465a-9f81-ded29318330a,C-F,generation_log,0.396908462867,0.595362694301,4,1.79e-06,0,5,0.000193,0,0.2,0.990725388601,0,,
classic_revolution_8x5,VerilogEval-Spec-to-RTL,Prob116_m2014_q3,combinational,2,7954fae9-1048-427b-a93d-cc609cc36ebb,C-F,generation_log,0.396908462867,0.595362694301,4,1.79e-06,0,5,0.000193,0,0.2,0.990725388601,0,,
classic_revolution_8x5,VerilogEval-Spec-to-RTL,Prob116_m2014_q3,combinational,2,dec61105-a70b-4b05-b9f8-d84c6d0d2dc6,C-F,generation_log,0.464369602763,0.696554404145,3,1.33e-06,0,5,0.000193,0,0.4,0.99310880829,0,,
classic_revolution_8x5,VerilogEval-Spec-to-RTL,Prob116_m2014_q3,combinational,2,47a6b5de-6499-448a-b653-749fc233c3a4,C-F,generation_log,0.396908462867,0.595362694301,4,1.79e-06,0,5,0.000193,0,0.2,0.990725388601,0,,
classic_revolution_8x5,VerilogEval-Spec-to-RTL,Prob116_m2014_q3,combinational,2,c11d6ab9-a4d1-48b2-939c-f4e933df38b7,C-F,generation_log,0.464369602763,0.696554404145,3,1.33e-06,0,5,0.000193,0,0.4,0.99310880829,0,,
classic_revolution_8x5,VerilogEval-Spec-to-RTL,Prob116_m2014_q3,combinational,3,e3026518-5869-4876-b156-f1562354f4af,M-E,generation_log,0.464404145078,0.696606217617,3,1.31e-06,0,5,0.000193,0,0.4,0.993212435233,0,,
classic_revolution_8x5,VerilogEval-Spec-to-RTL,Prob116_m2014_q3,combinational,3,edfddab7-b883-4015-8717-d1049c905104,M-S,generation_log,0.464369602763,0.696554404145,3,1.33e-06,0,5,0.000193,0,0.4,0.99310880829,0,,
classic_revolution_8x5,VerilogEval-Spec-to-RTL,Prob116_m2014_q3,combinational,3,99964e42-27bb-4fd8-9453-289af2372222,M-R,generation_log,0.464369602763,0.696554404145,3,1.33e-06,0,5,0.000193,0,0.4,0.99310880829,0,,
classic_revolution_8x5,VerilogEval-Spec-to-RTL,Prob116_m2014_q3,combinational,3,ff3d15be-fed1-420a-a3f2-a9188f794bf5,M-E,generation_log,0.396908462867,0.595362694301,4,1.79e-06,0,5,0.000193,0,0.2,0.990725388601,0,,
classic_revolution_8x5,VerilogEval-Spec-to-RTL,Prob116_m2014_q3,combinational,3,d00f46b6-4c1e-4241-af01-a86596dfccde,M-R,generation_log,0.396908462867,0.595362694301,4,1.79e-06,0,5,0.000193,0,0.2,0.990725388601,0,,
classic_revolution_8x5,VerilogEval-Spec-to-RTL,Prob116_m2014_q3,combinational,3,77dcdee5-2e5c-4f5c-91bd-97f3eb195ed0,M-R,generation_log,0.465352331606,0.698028497409,3,7.61e-07,0,5,0.000193,0,0.4,0.996056994819,0,,
classic_revolution_8x5,VerilogEval-Spec-to-RTL,Prob116_m2014_q3,combinational,4,dbc92daf-3b54-4dd7-ac8e-eb4eca44e8d3,M-I,generation_log,0.465352331606,0.698028497409,3,7.61e-07,0,5,0.000193,0,0.4,0.996056994819,0,,
classic_revolution_8x5,VerilogEval-Spec-to-RTL,Prob116_m2014_q3,combinational,4,a75a5215-7880-476e-a080-881e3495cf3b,M-R,generation_log,0.465352331606,0.698028497409,3,7.61e-07,0,5,0.000193,0,0.4,0.996056994819,0,,
classic_revolution_8x5,VerilogEval-Spec-to-RTL,Prob116_m2014_q3,combinational,4,4c5fbf43-c98a-45d0-ae01-8546ec949b2f,M-R,generation_log,0.465352331606,0.698028497409,3,7.61e-07,0,5,0.000193,0,0.4,0.996056994819,0,,
classic_revolution_8x5,VerilogEval-Spec-to-RTL,Prob116_m2014_q3,combinational,5,6651e006-4428-4af0-8a87-47124adee267,C-F,generation_log,0.465352331606,0.698028497409,3,7.61e-07,0,5,0.000193,0,0.4,0.996056994819,0,,
classic_revolution_8x5,VerilogEval-Spec-to-RTL,Prob116_m2014_q3,combinational,5,a454f604-1179-4243-ae0f-564252f71bf4,C-F,generation_log,0.465352331606,0.698028497409,3,7.61e-07,0,5,0.000193,0,0.4,0.996056994819,0,,
classic_revolution_8x5,VerilogEval-Spec-to-RTL,Prob116_m2014_q3,combinational,5,3ee9136f-dbfa-4b26-9adc-3ec02f121d6d,M-S,generation_log,0.465352331606,0.698028497409,3,7.61e-07,0,5,0.000193,0,0.4,0.996056994819,0,,
classic_revolution_8x5,VerilogEval-Spec-to-RTL,Prob116_m2014_q3,combinational,5,c33f3516-c84e-4ab2-a302-9e96994d6af5,M-R,generation_log,0.465352331606,0.698028497409,3,7.61e-07,0,5,0.000193,0,0.4,0.996056994819,0,,
classic_revolution_8x5,VerilogEval-Spec-to-RTL,Prob116_m2014_q3,combinational,5,329b51d3-4c91-4f82-823f-750e7262532a,M-S,generation_log,0.465352331606,0.698028497409,3,7.61e-07,0,5,0.000193,0,0.4,0.996056994819,0,,
classic_revolution_8x5,VerilogEval-Spec-to-RTL,Prob116_m2014_q3,combinational,5,c9f8e216-192c-498e-83cf-423912b55ee8,M-S,generation_log,0.465352331606,0.698028497409,3,7.61e-07,0,5,0.000193,0,0.4,0.996056994819,0,,
classic_revolution_8x5,VerilogEval-Spec-to-RTL,Prob116_m2014_q3,combinational,5,4164b9c4-6b82-4439-b0aa-fd163862eaa5,M-S,generation_log,0.465352331606,0.698028497409,3,7.61e-07,0,5,0.000193,0,0.4,0.996056994819,0,,
classic_revolution_8x5,VerilogEval-Spec-to-RTL,Prob135_m2014_q6b,combinational,0,f32b0f5f-797f-441d-8043-c499188e436e,initial,generation_log,0.196143497758,0.294215246637,7,2.58e-06,0,5,0.000223,0,-0.4,0.988430493274,0,,
classic_revolution_8x5,VerilogEval-Spec-to-RTL,Prob135_m2014_q6b,combinational,0,b76c7825-4891-4107-b6dd-1ea18b0c0972,initial,generation_log,0.196143497758,0.294215246637,7,2.58e-06,0,5,0.000223,0,-0.4,0.988430493274,0,,
classic_revolution_8x5,VerilogEval-Spec-to-RTL,Prob135_m2014_q6b,combinational,0,e7f9f9bd-2707-4fc3-af37-ebf132fb6682,initial,generation_log,0.196143497758,0.294215246637,7,2.58e-06,0,5,0.000223,0,-0.4,0.988430493274,0,,
classic_revolution_8x5,VerilogEval-Spec-to-RTL,Prob135_m2014_q6b,combinational,1,ddf68436-bf2d-4b92-8d27-58051ed5fffd,M-E,generation_log,0.196143497758,0.294215246637,7,2.58e-06,0,5,0.000223,0,-0.4,0.988430493274,0,,
classic_revolution_8x5,VerilogEval-Spec-to-RTL,Prob135_m2014_q6b,combinational,1,5ff4bc89-85d5-48be-9a93-ac56aa92096f,M-S,generation_log,0.196143497758,0.294215246637,7,2.58e-06,0,5,0.000223,0,-0.4,0.988430493274,0,,
classic_revolution_8x5,VerilogEval-Spec-to-RTL,Prob135_m2014_q6b,combinational,1,beff10ee-0651-4d47-9407-5371545fc070,M-F,generation_log,0.263617339312,0.395426008969,6,2.04e-06,0,5,0.000223,0,-0.2,0.990852017937,0,,
classic_revolution_8x5,VerilogEval-Spec-to-RTL,Prob135_m2014_q6b,combinational,1,e5d02fe2-4819-4d3a-becb-a3dcbf2952ef,M-R,generation_log,0.196143497758,0.294215246637,7,2.58e-06,0,5,0.000223,0,-0.4,0.988430493274,0,,
classic_revolution_8x5,VerilogEval-Spec-to-RTL,Prob135_m2014_q6b,combinational,1,9619b30d-0c9f-4e92-8e8d-72871c0eddb3,M-I,generation_log,0.196143497758,0.294215246637,7,2.58e-06,0,5,0.000223,0,-0.4,0.988430493274,0,,
classic_revolution_8x5,VerilogEval-Spec-to-RTL,Prob135_m2014_q6b,combinational,1,a11e3bf4-c92b-468b-8143-343650ff016d,M-E,generation_log,0.26312406577,0.394686098655,6,2.37e-06,0,5,0.000223,0,-0.2,0.989372197309,0,,
classic_revolution_8x5,VerilogEval-Spec-to-RTL,Prob135_m2014_q6b,combinational,1,c5945933-7443-42e4-aad8-571eee461244,M-R,generation_log,0.196143497758,0.294215246637,7,2.58e-06,0,5,0.000223,0,-0.4,0.988430493274,0,,
classic_revolution_8x5,VerilogEval-Spec-to-RTL,Prob135_m2014_q6b,combinational,2,b799b9c4-8e57-47ad-90bd-ef893c3a74ea,M-I,generation_log,0.196143497758,0.294215246637,7,2.58e-06,0,5,0.000223,0,-0.4,0.988430493274,0,,
classic_revolution_8x5,VerilogEval-Spec-to-RTL,Prob135_m2014_q6b,combinational,2,f7fcf90b-5829-498b-b642-1b0a620e2e29,C-F,generation_log,0.196143497758,0.294215246637,7,2.58e-06,0,5,0.000223,0,-0.4,0.988430493274,0,,
classic_revolution_8x5,VerilogEval-Spec-to-RTL,Prob135_m2014_q6b,combinational,2,77c0d609-2912-4b70-87f4-ea955c639bae,C-F,generation_log,0.196143497758,0.294215246637,7,2.58e-06,0,5,0.000223,0,-0.4,0.988430493274,0,,
classic_revolution_8x5,VerilogEval-Spec-to-RTL,Prob135_m2014_q6b,combinational,2,315cadb4-416b-4a36-9055-f77aea64f339,M-I,generation_log,0.263617339312,0.395426008969,6,2.04e-06,0,5,0.000223,0,-0.2,0.990852017937,0,,
classic_revolution_8x5,VerilogEval-Spec-to-RTL,Prob135_m2014_q6b,combinational,2,e756c2fc-68ae-4b37-be7d-b4c50013ff38,M-I,generation_log,0.263617339312,0.395426008969,6,2.04e-06,0,5,0.000223,0,-0.2,0.990852017937,0,,
classic_revolution_8x5,VerilogEval-Spec-to-RTL,Prob135_m2014_q6b,combinational,2,76f7605a-1184-468f-8f0b-e468c0748293,C-F,generation_log,0.331046337818,0.496569506726,5,1.53e-06,0,5,0.000223,0,0,0.993139013453,0,,
classic_revolution_8x5,VerilogEval-Spec-to-RTL,Prob135_m2014_q6b,combinational,2,6c4f6e7b-dea8-443f-a31f-fcc44ee14610,M-I,generation_log,0.196143497758,0.294215246637,7,2.58e-06,0,5,0.000223,0,-0.4,0.988430493274,0,,
classic_revolution_8x5,VerilogEval-Spec-to-RTL,Prob135_m2014_q6b,combinational,2,9650e766-19af-43d2-8a14-65bfac6646a4,C-F,generation_log,0.196143497758,0.294215246637,7,2.58e-06,0,5,0.000223,0,-0.4,0.988430493274,0,,
classic_revolution_8x5,VerilogEval-Spec-to-RTL,Prob135_m2014_q6b,combinational,3,0eadc1e3-a860-4f96-a1ae-7dbdfc473a96,M-E,generation_log,0.26312406577,0.394686098655,6,2.37e-06,0,5,0.000223,0,-0.2,0.989372197309,0,,
classic_revolution_8x5,VerilogEval-Spec-to-RTL,Prob135_m2014_q6b,combinational,3,fae2183d-a38e-4476-82a1-c76179f07347,M-I,generation_log,0.263617339312,0.395426008969,6,2.04e-06,0,5,0.000223,0,-0.2,0.990852017937,0,,
classic_revolution_8x5,VerilogEval-Spec-to-RTL,Prob135_m2014_q6b,combinational,3,27dac796-8c66-4259-b433-fc7b017cd8a5,M-E,generation_log,0.26312406577,0.394686098655,6,2.37e-06,0,5,0.000223,0,-0.2,0.989372197309,0,,
classic_revolution_8x5,VerilogEval-Spec-to-RTL,Prob135_m2014_q6b,combinational,3,01fa1980-999b-4e13-ba02-2e0cb98c45a2,M-E,generation_log,0.263617339312,0.395426008969,6,2.04e-06,0,5,0.000223,0,-0.2,0.990852017937,0,,
classic_revolution_8x5,VerilogEval-Spec-to-RTL,Prob135_m2014_q6b,combinational,3,705a4db2-927d-4176-b6e7-7b8978c103d7,M-R,generation_log,0.26312406577,0.394686098655,6,2.37e-06,0,5,0.000223,0,-0.2,0.989372197309,0,,
classic_revolution_8x5,VerilogEval-Spec-to-RTL,Prob135_m2014_q6b,combinational,3,777c17da-a3ba-44d2-ade0-71fcce828c16,M-E,generation_log,0.26312406577,0.394686098655,6,2.37e-06,0,5,0.000223,0,-0.2,0.989372197309,0,,
classic_revolution_8x5,VerilogEval-Spec-to-RTL,Prob135_m2014_q6b,combinational,3,ccbfd35e-4b61-470b-af00-ad1ae5bdeaac,M-E,generation_log,0.26312406577,0.394686098655,6,2.37e-06,0,5,0.000223,0,-0.2,0.989372197309,0,,
classic_revolution_8x5,VerilogEval-Spec-to-RTL,Prob135_m2014_q6b,combinational,3,a4d8a421-1d60-48d8-9308-895874748f1a,M-R,generation_log,0.196143497758,0.294215246637,7,2.58e-06,0,5,0.000223,0,-0.4,0.988430493274,0,,
classic_revolution_8x5,VerilogEval-Spec-to-RTL,Prob135_m2014_q6b,combinational,4,82824b3e-f56d-4874-9f7e-b96ebc02a8e6,M-S,generation_log,0.196143497758,0.294215246637,7,2.58e-06,0,5,0.000223,0,-0.4,0.988430493274,0,,
classic_revolution_8x5,VerilogEval-Spec-to-RTL,Prob135_m2014_q6b,combinational,4,b7df6828-775b-4ca6-9188-f89469734ce9,C-F,generation_log,0.263617339312,0.395426008969,6,2.04e-06,0,5,0.000223,0,-0.2,0.990852017937,0,,
classic_revolution_8x5,VerilogEval-Spec-to-RTL,Prob135_m2014_q6b,combinational,4,b7ade635-655f-4e7e-8f4e-9cc8656619c1,C-F,generation_log,0.196143497758,0.294215246637,7,2.58e-06,0,5,0.000223,0,-0.4,0.988430493274,0,,
classic_revolution_8x5,VerilogEval-Spec-to-RTL,Prob135_m2014_q6b,combinational,4,c3903172-3ada-4993-9154-7b05f54b0e2b,M-I,generation_log,0.196143497758,0.294215246637,7,2.58e-06,0,5,0.000223,0,-0.4,0.988430493274,0,,
classic_revolution_8x5,VerilogEval-Spec-to-RTL,Prob135_m2014_q6b,combinational,4,7b15b37d-9bfe-4595-bdc9-93bd726968b6,M-I,generation_log,0.263617339312,0.395426008969,6,2.04e-06,0,5,0.000223,0,-0.2,0.990852017937,0,,
classic_revolution_8x5,VerilogEval-Spec-to-RTL,Prob135_m2014_q6b,combinational,4,69b04af7-14de-4b77-8141-44eb2088d7f8,C-F,generation_log,0.196143497758,0.294215246637,7,2.58e-06,0,5,0.000223,0,-0.4,0.988430493274,0,,
classic_revolution_8x5,VerilogEval-Spec-to-RTL,Prob135_m2014_q6b,combinational,4,4035585f-c6e7-46a4-a7c4-06beb190310c,M-S,generation_log,0.196143497758,0.294215246637,7,2.58e-06,0,5,0.000223,0,-0.4,0.988430493274,0,,
classic_revolution_8x5,VerilogEval-Spec-to-RTL,Prob135_m2014_q6b,combinational,4,46ed9f6b-50af-4f95-b887-354b97e42ef1,M-R,generation_log,0.196143497758,0.294215246637,7,2.58e-06,0,5,0.000223,0,-0.4,0.988430493274,0,,
classic_revolution_8x5,VerilogEval-Spec-to-RTL,Prob135_m2014_q6b,combinational,5,064096c8-ee7e-4b66-8f2c-f5628ad6355b,M-R,generation_log,0.263617339312,0.395426008969,6,2.04e-06,0,5,0.000223,0,-0.2,0.990852017937,0,,
classic_revolution_8x5,VerilogEval-Spec-to-RTL,Prob135_m2014_q6b,combinational,5,70f507ba-9ea9-4623-8641-8e5d3d14b6d3,M-R,generation_log,0.196143497758,0.294215246637,7,2.58e-06,0,5,0.000223,0,-0.4,0.988430493274,0,,
classic_revolution_8x5,VerilogEval-Spec-to-RTL,Prob135_m2014_q6b,combinational,5,d7c12195-66bd-4607-8291-599d3ed5ad27,M-R,generation_log,0.196143497758,0.294215246637,7,2.58e-06,0,5,0.000223,0,-0.4,0.988430493274,0,,
classic_revolution_8x5,VerilogEval-Spec-to-RTL,Prob135_m2014_q6b,combinational,5,8909b564-1184-4471-b40f-68a05242b40d,M-R,generation_log,0.196143497758,0.294215246637,7,2.58e-06,0,5,0.000223,0,-0.4,0.988430493274,0,,
classic_revolution_8x5,VerilogEval-Spec-to-RTL,Prob135_m2014_q6b,combinational,5,d9cc10db-20a7-4340-b41f-88de20487943,M-S,generation_log,0.331046337818,0.496569506726,5,1.53e-06,0,5,0.000223,0,0,0.993139013453,0,,
classic_revolution_8x5,VerilogEval-Spec-to-RTL,Prob135_m2014_q6b,combinational,5,6864b9ed-7093-4a37-8743-5f026e9378a7,M-I,generation_log,0.263617339312,0.395426008969,6,2.04e-06,0,5,0.000223,0,-0.2,0.990852017937,0,,
classic_revolution_8x5,VerilogEval-Spec-to-RTL,Prob135_m2014_q6b,combinational,5,2002bfc4-46ab-488e-8a2a-6dc9193f6bee,M-S,generation_log,0.196143497758,0.294215246637,7,2.58e-06,0,5,0.000223,0,-0.4,0.988430493274,0,,
classic_revolution_8x5,VerilogEval-Spec-to-RTL,Prob153_gshare,sequential,0,8b092328-e7c4-429c-a1df-5e56c611b933,initial,generation_log,-0.0196682027262,-0.0196682027262,2935,0.435,0.82,3025,0.437,0.75,0.0297520661157,0.0045766590389,-0.0933333333333,,
classic_revolution_8x5,VerilogEval-Spec-to-RTL,Prob153_gshare,sequential,0,009b38bf-7615-4b22-8d92-fd9b644f268d,initial,generation_log,0.0336981632426,0.0336981632426,2876,0.426,0.73,3025,0.437,0.75,0.0492561983471,0.025171624714,0.0266666666667,,
classic_revolution_8x5,VerilogEval-Spec-to-RTL,Prob153_gshare,sequential,1,8984032d-438c-46ed-ba67-f3ed4a75d5c4,M-E,generation_log,0.123061696642,0.123061696642,2753,0.28,0.81,3025,0.437,0.75,0.0899173553719,0.359267734554,-0.08,,
classic_revolution_8x5,VerilogEval-Spec-to-RTL,Prob153_gshare,sequential,1,c0ef2604-e8b5-4e64-af13-576551f5d7b4,M-S,generation_log,-0.0177361717865,-0.0177361717865,3080,0.429,0.79,3025,0.437,0.75,-0.0181818181818,0.0183066361556,-0.0533333333333,,
classic_revolution_8x5,VerilogEval-Spec-to-RTL,Prob153_gshare,sequential,2,57d4fcca-2b28-4cba-8fa1-ed5b241001f1,C-F,generation_log,-0.0454299600961,-0.0454299600961,3074,0.472,0.78,3025,0.437,0.75,-0.0161983471074,-0.0800915331808,-0.04,,
classic_revolution_8x5,VerilogEval-Spec-to-RTL,Prob153_gshare,sequential,2,a41a1305-177e-4ccd-bbd7-0318776b3a34,M-R,generation_log,-0.0578227458693,-0.0578227458693,3089,0.556,0.66,3025,0.437,0.75,-0.0211570247934,-0.272311212815,0.12,,
classic_revolution_8x5,VerilogEval-Spec-to-RTL,Prob153_gshare,sequential,3,5ac6574d-9851-469b-aa9c-1118754e54c1,M-R,generation_log,0.0341914674097,0.0341914674097,3115,0.385,0.74,3025,0.437,0.75,-0.0297520661157,0.118993135011,0.0133333333333,,
classic_revolution_8x5,VerilogEval-Spec-to-RTL,Prob153_gshare,sequential,3,4d696a16-25e2-4813-a8cd-a4387803d64a,M-E,generation_log,0.0323844225488,0.0323844225488,3002,0.427,0.7,3025,0.437,0.75,0.00760330578512,0.0228832951945,0.0666666666667,,
classic_revolution_8x5,VerilogEval-Spec-to-RTL,Prob153_gshare,sequential,3,6a4fe970-772f-4778-babb-8966bba98c86,M-S,generation_log,0.11071656864,0.11071656864,2754,0.331,0.75,3025,0.437,0.75,0.0895867768595,0.242562929062,0,,
classic_revolution_8x5,VerilogEval-Spec-to-RTL,Prob153_gshare,sequential,4,0e879240-c200-4a89-9952-95a5ac3f567b,C-F,generation_log,0.135602919144,0.135602919144,2790,0.299,0.74,3025,0.437,0.75,0.0776859504132,0.315789473684,0.0133333333333,,
classic_revolution_8x5,VerilogEval-Spec-to-RTL,Prob153_gshare,sequential,4,1d1040cd-1817-4365-ae71-c7ba48600af8,C-F,generation_log,0.0341914674097,0.0341914674097,3115,0.385,0.74,3025,0.437,0.75,-0.0297520661157,0.118993135011,0.0133333333333,,
classic_revolution_8x5,VerilogEval-Spec-to-RTL,Prob153_gshare,sequential,4,8a8c25c7-07ad-4025-b026-b073097bedd2,M-E,generation_log,-0.058736228522,-0.058736228522,3199,0.518,0.7,3025,0.437,0.75,-0.057520661157,-0.185354691076,0.0666666666667,,
classic_revolution_8x5,VerilogEval-Spec-to-RTL,Prob153_gshare,sequential,5,9db69775-41c4-466e-92b8-7e37a3efad35,M-S,generation_log,-0.0177361717865,-0.0177361717865,3080,0.429,0.79,3025,0.437,0.75,-0.0181818181818,0.0183066361556,-0.0533333333333,,
smooth_qd_v2_8x5,RTLLM,Prob015_multi_pipe_8bit,sequential,0,35ae8de0-dd82-4b36-8751-021a4097ff41,initial,generation_log,-0.0759603683942,-0.0759603683942,708,0.11,1.05,980,0.0898,0.82,0.277551020408,-0.224944320713,-0.280487804878,/workspace/exp/natural_qd_push/p0_v2_anchor_20260703_041511_UTC/live/smooth_qd_v2_8x5/seed_1001/openai_gpt-oss-120b/RTLLM/Prob015_multi_pipe_8bit/Gen0/Prob015_multi_pipe_8bit_sample1_initial,
smooth_qd_v2_8x5,RTLLM,Prob015_multi_pipe_8bit,sequential,0,f3ef0687-fee9-473c-8f41-0e5d0e1ed354,initial,generation_log,-0.0866131916398,-0.0866131916398,811,0.133,0.78,980,0.0898,0.82,0.172448979592,-0.481069042316,0.0487804878049,/workspace/exp/natural_qd_push/p0_v2_anchor_20260703_041511_UTC/live/smooth_qd_v2_8x5/seed_1001/openai_gpt-oss-120b/RTLLM/Prob015_multi_pipe_8bit/Gen0/Prob015_multi_pipe_8bit_sample2_initial,
smooth_qd_v2_8x5,RTLLM,Prob015_multi_pipe_8bit,sequential,0,36e096c8-f37f-4dde-9783-f291e86da76f,initial,generation_log,0.0227359029874,0.0227359029874,623,0.0912,1.05,980,0.0898,0.82,0.364285714286,-0.0155902004454,-0.280487804878,/workspace/exp/natural_qd_push/p0_v2_anchor_20260703_041511_UTC/live/smooth_qd_v2_8x5/seed_1001/openai_gpt-oss-120b/RTLLM/Prob015_multi_pipe_8bit/Gen0/Prob015_multi_pipe_8bit_sample5_initial,
smooth_qd_v2_8x5,RTLLM,Prob015_multi_pipe_8bit,sequential,0,11113e68-8e8e-457c-8f14-bfa5c3f1e1ba,initial,generation_log,-0.0648245109332,-0.0648245109332,708,0.107,1.05,980,0.0898,0.82,0.277551020408,-0.19153674833,-0.280487804878,/workspace/exp/natural_qd_push/p0_v2_anchor_20260703_041511_UTC/live/smooth_qd_v2_8x5/seed_1001/openai_gpt-oss-120b/RTLLM/Prob015_multi_pipe_8bit/Gen0/Prob015_multi_pipe_8bit_sample7_initial,
smooth_qd_v2_8x5,RTLLM,Prob015_multi_pipe_8bit,sequential,0,07b1601a-3034-4946-ac4a-cc927e4e9147,initial,generation_log,-0.0759603683942,-0.0759603683942,708,0.11,1.05,980,0.0898,0.82,0.277551020408,-0.224944320713,-0.280487804878,/workspace/exp/natural_qd_push/p0_v2_anchor_20260703_041511_UTC/live/smooth_qd_v2_8x5/seed_1001/openai_gpt-oss-120b/RTLLM/Prob015_multi_pipe_8bit/Gen0/Prob015_multi_pipe_8bit_sample8_initial,
smooth_qd_v2_8x5,RTLLM,Prob015_multi_pipe_8bit,sequential,1,02db1843-5933-4866-9ab0-e75b73e82979,M-R,generation_log,-0.00173539783668,-0.00173539783668,716,0.0827,1.11,980,0.0898,0.82,0.269387755102,0.0790645879733,-0.353658536585,/workspace/exp/natural_qd_push/p0_v2_anchor_20260703_041511_UTC/live/smooth_qd_v2_8x5/seed_1001/openai_gpt-oss-120b/RTLLM/Prob015_multi_pipe_8bit/Gen1/Prob015_multi_pipe_8bit_sample4_M-R,
smooth_qd_v2_8x5,RTLLM,Prob015_multi_pipe_8bit,sequential,1,a338d902-3543-4ae7-97f1-4dee545b8e69,M-I,generation_log,-0.223610641497,-0.223610641497,1062,0.171,0.56,980,0.0898,0.82,-0.0836734693878,-0.904231625835,0.317073170732,/workspace/exp/natural_qd_push/p0_v2_anchor_20260703_041511_UTC/live/smooth_qd_v2_8x5/seed_1001/openai_gpt-oss-120b/RTLLM/Prob015_multi_pipe_8bit/Gen1/Prob015_multi_pipe_8bit_sample5_M-I,
smooth_qd_v2_8x5,RTLLM,Prob015_multi_pipe_8bit,sequential,1,9e16f81c-b94d-4714-8740-88f3d91f121a,M-E,generation_log,-0.575901686657,-0.575901686657,1364,0.201,0.9,980,0.0898,0.82,-0.391836734694,-1.23830734967,-0.0975609756098,/workspace/exp/natural_qd_push/p0_v2_anchor_20260703_041511_UTC/live/smooth_qd_v2_8x5/seed_1001/openai_gpt-oss-120b/RTLLM/Prob015_multi_pipe_8bit/Gen1/Prob015_multi_pipe_8bit_sample7_M-E,
smooth_qd_v2_8x5,RTLLM,Prob015_multi_pipe_8bit,sequential,2,4a59789e-8f89-4f18-baf0-1141b8a852fe,M-S,generation_log,-0.0340234904326,-0.0340234904326,685,0.103,1.03,980,0.0898,0.82,0.301020408163,-0.146993318486,-0.256097560976,/workspace/exp/natural_qd_push/p0_v2_anchor_20260703_041511_UTC/live/smooth_qd_v2_8x5/seed_1001/openai_gpt-oss-120b/RTLLM/Prob015_multi_pipe_8bit/Gen2/Prob015_multi_pipe_8bit_sample4_M-S,
smooth_qd_v2_8x5,RTLLM,Prob015_multi_pipe_8bit,sequential,2,42a28255-e02e-43e3-983d-b0d29fb16027,C-F,generation_log,0.0267395458373,0.0267395458373,800,0.0969,0.84,980,0.0898,0.82,0.183673469388,-0.0790645879733,-0.0243902439024,/workspace/exp/natural_qd_push/p0_v2_anchor_20260703_041511_UTC/live/smooth_qd_v2_8x5/seed_1001/openai_gpt-oss-120b/RTLLM/Prob015_multi_pipe_8bit/Gen2/Prob015_multi_pipe_8bit_sample5_C-F,
smooth_qd_v2_8x5,RTLLM,Prob015_multi_pipe_8bit,sequential,2,aad04a43-fa49-4869-a354-aa2369abcdf7,C-F,generation_log,-0.0218164325864,-0.0218164325864,911,0.102,0.82,980,0.0898,0.82,0.0704081632653,-0.135857461024,0,/workspace/exp/natural_qd_push/p0_v2_anchor_20260703_041511_UTC/live/smooth_qd_v2_8x5/seed_1001/openai_gpt-oss-120b/RTLLM/Prob015_multi_pipe_8bit/Gen2/Prob015_multi_pipe_8bit_sample6_C-F,
smooth_qd_v2_8x5,RTLLM,Prob015_multi_pipe_8bit,sequential,3,1b858b26-0b41-43f8-a70c-6dd8968320ac,initial,generation_log,-0.223610641497,-0.223610641497,1062,0.171,0.56,980,0.0898,0.82,-0.0836734693878,-0.904231625835,0.317073170732,/workspace/exp/natural_qd_push/p0_v2_anchor_20260703_041511_UTC/live/smooth_qd_v2_8x5/seed_1001/openai_gpt-oss-120b/RTLLM/Prob015_multi_pipe_8bit/Gen3/Prob015_multi_pipe_8bit_sample1_initial,
smooth_qd_v2_8x5,RTLLM,Prob015_multi_pipe_8bit,sequential,3,2f12c9f6-c36a-49d1-b82f-10dd06e6d369,M-R,generation_log,-0.000993007339282,-0.000993007339282,716,0.0825,1.11,980,0.0898,0.82,0.269387755102,0.0812917594655,-0.353658536585,/workspace/exp/natural_qd_push/p0_v2_anchor_20260703_041511_UTC/live/smooth_qd_v2_8x5/seed_1001/openai_gpt-oss-120b/RTLLM/Prob015_multi_pipe_8bit/Gen3/Prob015_multi_pipe_8bit_sample2_M-R,
smooth_qd_v2_8x5,RTLLM,Prob015_multi_pipe_8bit,sequential,3,a318bc95-7042-4d34-8bf3-e652fe08835d,C-F,generation_log,-0.108310875005,-0.108310875005,1079,0.134,0.6,980,0.0898,0.82,-0.101020408163,-0.492204899777,0.268292682927,/workspace/exp/natural_qd_push/p0_v2_anchor_20260703_041511_UTC/live/smooth_qd_v2_8x5/seed_1001/openai_gpt-oss-120b/RTLLM/Prob015_multi_pipe_8bit/Gen3/Prob015_multi_pipe_8bit_sample6_C-F,
smooth_qd_v2_8x5,RTLLM,Prob015_multi_pipe_8bit,sequential,4,83b7f0eb-e5a7-4c6d-addb-7c40014acc93,M-I,generation_log,-0.524512355869,-0.524512355869,1441,0.225,0.49,980,0.0898,0.82,-0.470408163265,-1.50556792873,0.40243902439,/workspace/exp/natural_qd_push/p0_v2_anchor_20260703_041511_UTC/live/smooth_qd_v2_8x5/seed_1001/openai_gpt-oss-120b/RTLLM/Prob015_multi_pipe_8bit/Gen4/Prob015_multi_pipe_8bit_sample5_M-I,
smooth_qd_v2_8x5,RTLLM,Prob015_multi_pipe_8bit,sequential,4,9d0c873e-c391-4c4f-83b3-77dff547eaaa,C-F,generation_log,-0.223610641497,-0.223610641497,1062,0.171,0.56,980,0.0898,0.82,-0.0836734693878,-0.904231625835,0.317073170732,/workspace/exp/natural_qd_push/p0_v2_anchor_20260703_041511_UTC/live/smooth_qd_v2_8x5/seed_1001/openai_gpt-oss-120b/RTLLM/Prob015_multi_pipe_8bit/Gen4/Prob015_multi_pipe_8bit_sample6_C-F,
smooth_qd_v2_8x5,RTLLM,Prob015_multi_pipe_8bit,sequential,5,6dae91c6-46e7-4ecf-9120-7da72cca3f3c,M-R,generation_log,0.0267395458373,0.0267395458373,800,0.0969,0.84,980,0.0898,0.82,0.183673469388,-0.0790645879733,-0.0243902439024,/workspace/exp/natural_qd_push/p0_v2_anchor_20260703_041511_UTC/live/smooth_qd_v2_8x5/seed_1001/openai_gpt-oss-120b/RTLLM/Prob015_multi_pipe_8bit/Gen5/Prob015_multi_pipe_8bit_sample4_M-R,
smooth_qd_v2_8x5,RTLLM,Prob015_multi_pipe_8bit,sequential,5,88a798f3-f880-49c0-a4bd-29c17fae4dd1,C-F,generation_log,-0.301539046821,-0.301539046821,1235,0.163,0.68,980,0.0898,0.82,-0.260204081633,-0.815144766147,0.170731707317,/workspace/exp/natural_qd_push/p0_v2_anchor_20260703_041511_UTC/live/smooth_qd_v2_8x5/seed_1001/openai_gpt-oss-120b/RTLLM/Prob015_multi_pipe_8bit/Gen5/Prob015_multi_pipe_8bit_sample5_C-F,
smooth_qd_v2_8x5,RTLLM,Prob015_multi_pipe_8bit,sequential,5,76017182-738e-451c-90d4-60221116c057,M-E,generation_log,-0.106610194732,-0.106610194732,1074,0.134,0.6,980,0.0898,0.82,-0.0959183673469,-0.492204899777,0.268292682927,/workspace/exp/natural_qd_push/p0_v2_anchor_20260703_041511_UTC/live/smooth_qd_v2_8x5/seed_1001/openai_gpt-oss-120b/RTLLM/Prob015_multi_pipe_8bit/Gen5/Prob015_multi_pipe_8bit_sample6_M-E,
smooth_qd_v2_8x5,RTLLM,Prob024_fsm,combinational,0,1a479bfd-04b7-47ba-892b-60e4778fb4cb,initial,generation_log,0.265517672818,0.0282765092274,34,0.00837,0.26,46,0.00695,0,0.260869565217,-0.204316546763,-260000000000,/workspace/exp/natural_qd_push/p0_v2_anchor_20260703_041511_UTC/live/smooth_qd_v2_8x5/seed_1001/openai_gpt-oss-120b/RTLLM/Prob024_fsm/Gen0/Prob024_fsm_sample5_initial,
smooth_qd_v2_8x5,RTLLM,Prob024_fsm,combinational,2,f59bb4b9-aca4-417f-9935-74e54cf07184,M-E,generation_log,0.683497028464,0.595245542696,24,0.002,0.14,46,0.00695,0,0.478260869565,0.712230215827,-140000000000,/workspace/exp/natural_qd_push/p0_v2_anchor_20260703_041511_UTC/live/smooth_qd_v2_8x5/seed_1001/openai_gpt-oss-120b/RTLLM/Prob024_fsm/Gen2/Prob024_fsm_sample2_M-E,
smooth_qd_v2_8x5,RTLLM,Prob024_fsm,combinational,2,87fe4cd1-5fa3-4a00-969b-6e75551866e8,M-S,generation_log,0.469591283495,0.329386925242,29,0.00494,0.25,46,0.00695,0,0.369565217391,0.289208633094,-250000000000,/workspace/exp/natural_qd_push/p0_v2_anchor_20260703_041511_UTC/live/smooth_qd_v2_8x5/seed_1001/openai_gpt-oss-120b/RTLLM/Prob024_fsm/Gen2/Prob024_fsm_sample3_M-S,
smooth_qd_v2_8x5,RTLLM,Prob024_fsm,combinational,2,825e2cea-eca3-4b59-abbb-69666139bd7c,M-I,generation_log,0.168958398499,-0.116562402252,37,0.00993,0.26,46,0.00695,0,0.195652173913,-0.428776978417,-260000000000,/workspace/exp/natural_qd_push/p0_v2_anchor_20260703_041511_UTC/live/smooth_qd_v2_8x5/seed_1001/openai_gpt-oss-120b/RTLLM/Prob024_fsm/Gen2/Prob024_fsm_sample4_M-I,
smooth_qd_v2_8x5,RTLLM,Prob024_fsm,combinational,4,f4af2c55-5a65-4cae-9aa1-331122b90673,M-E,generation_log,0.491672401209,0.342508601814,36,0.0037,0.21,46,0.00695,0,0.217391304348,0.467625899281,-210000000000,/workspace/exp/natural_qd_push/p0_v2_anchor_20260703_041511_UTC/live/smooth_qd_v2_8x5/seed_1001/openai_gpt-oss-120b/RTLLM/Prob024_fsm/Gen4/Prob024_fsm_sample1_M-E,
smooth_qd_v2_8x5,RTLLM,Prob024_fsm,combinational,4,23f7c5ab-570e-4762-ba24-c6262eb73841,M-F,generation_log,0.353844228965,0.150766343447,50,0.00425,0.24,46,0.00695,0,-0.0869565217391,0.388489208633,-240000000000,/workspace/exp/natural_qd_push/p0_v2_anchor_20260703_041511_UTC/live/smooth_qd_v2_8x5/seed_1001/openai_gpt-oss-120b/RTLLM/Prob024_fsm/Gen4/Prob024_fsm_sample3_M-F,
smooth_qd_v2_8x5,RTLLM,Prob024_fsm,combinational,4,387b2843-f543-444f-a548-5cd1c95bcc61,M-I,generation_log,0.491672401209,0.342508601814,36,0.0037,0.21,46,0.00695,0,0.217391304348,0.467625899281,-210000000000,/workspace/exp/natural_qd_push/p0_v2_anchor_20260703_041511_UTC/live/smooth_qd_v2_8x5/seed_1001/openai_gpt-oss-120b/RTLLM/Prob024_fsm/Gen4/Prob024_fsm_sample4_M-I,
smooth_qd_v2_8x5,RTLLM,Prob024_fsm,combinational,4,0a99d0d7-2d29-4b4b-890a-50a46cbc210f,M-E,generation_log,-0.0849921801689,-0.487488270253,70,0.0101,0.28,46,0.00695,0,-0.521739130435,-0.453237410072,-280000000000,/workspace/exp/natural_qd_push/p0_v2_anchor_20260703_041511_UTC/live/smooth_qd_v2_8x5/seed_1001/openai_gpt-oss-120b/RTLLM/Prob024_fsm/Gen4/Prob024_fsm_sample6_M-E,
smooth_qd_v2_8x5,RTLLM,Prob024_fsm,combinational,4,b26881ad-22fb-43c4-a70f-2f72029c5e30,M-I,generation_log,0.622932957981,0.509399436972,27,0.00274,0.15,46,0.00695,0,0.413043478261,0.605755395683,-150000000000,/workspace/exp/natural_qd_push/p0_v2_anchor_20260703_041511_UTC/live/smooth_qd_v2_8x5/seed_1001/openai_gpt-oss-120b/RTLLM/Prob024_fsm/Gen4/Prob024_fsm_sample8_M-I,
smooth_qd_v2_8x5,RTLLM,Prob024_fsm,combinational,5,77635272-fff1-4e97-b6ec-84561ee6ad13,C-F,generation_log,0.666126576999,0.569189865499,26,0.00206,0.14,46,0.00695,0,0.434782608696,0.703597122302,-140000000000,/workspace/exp/natural_qd_push/p0_v2_anchor_20260703_041511_UTC/live/smooth_qd_v2_8x5/seed_1001/openai_gpt-oss-120b/RTLLM/Prob024_fsm/Gen5/Prob024_fsm_sample1_C-F,
smooth_qd_v2_8x5,RTLLM,Prob024_fsm,combinational,5,9f524dd0-d941-4ec3-b246-d9ca6dfb1401,C-F,generation_log,0.666126576999,0.569189865499,26,0.00206,0.14,46,0.00695,0,0.434782608696,0.703597122302,-140000000000,/workspace/exp/natural_qd_push/p0_v2_anchor_20260703_041511_UTC/live/smooth_qd_v2_8x5/seed_1001/openai_gpt-oss-120b/RTLLM/Prob024_fsm/Gen5/Prob024_fsm_sample2_C-F,
smooth_qd_v2_8x5,RTLLM,Prob024_fsm,combinational,5,8ccb1ae5-3f06-43f5-a02e-84b41d7c7608,M-E,generation_log,0.469591283495,0.329386925242,29,0.00494,0.25,46,0.00695,0,0.369565217391,0.289208633094,-250000000000,/workspace/exp/natural_qd_push/p0_v2_anchor_20260703_041511_UTC/live/smooth_qd_v2_8x5/seed_1001/openai_gpt-oss-120b/RTLLM/Prob024_fsm/Gen5/Prob024_fsm_sample3_M-E,
smooth_qd_v2_8x5,RTLLM,Prob024_fsm,combinational,5,1bed3b32-e41a-48bb-87b2-968478a042e3,C-F,generation_log,0.622932957981,0.509399436972,27,0.00274,0.15,46,0.00695,0,0.413043478261,0.605755395683,-150000000000,/workspace/exp/natural_qd_push/p0_v2_anchor_20260703_041511_UTC/live/smooth_qd_v2_8x5/seed_1001/openai_gpt-oss-120b/RTLLM/Prob024_fsm/Gen5/Prob024_fsm_sample5_C-F,
smooth_qd_v2_8x5,RTLLM,Prob024_fsm,combinational,5,9b46708e-b741-44c7-93de-4b4c41d67ff5,C-F,generation_log,0.631618183714,0.522427275571,26,0.00271,0.15,46,0.00695,0,0.434782608696,0.610071942446,-150000000000,/workspace/exp/natural_qd_push/p0_v2_anchor_20260703_041511_UTC/live/smooth_qd_v2_8x5/seed_1001/openai_gpt-oss-120b/RTLLM/Prob024_fsm/Gen5/Prob024_fsm_sample7_C-F,
smooth_qd_v2_8x5,RTLLM,Prob041_traffic_light,combinational,0,334e83f5-8802-4743-ad53-17b2fcdaf5a2,initial,generation_log,0.0201282982329,0.0301924473493,176,0.0293,0,170,0.0324,0,-0.0352941176471,0.0956790123457,0,/workspace/exp/natural_qd_push/p0_v2_anchor_20260703_041511_UTC/live/smooth_qd_v2_8x5/seed_1001/openai_gpt-oss-120b/RTLLM/Prob041_traffic_light/Gen0/Prob041_traffic_light_sample1_initial,
smooth_qd_v2_8x5,RTLLM,Prob041_traffic_light,combinational,0,2c0f5caf-cdbf-44df-a67f-fefda430d3d8,initial,generation_log,-0.0130234809973,-0.019535221496,163,0.035,0,170,0.0324,0,0.0411764705882,-0.0802469135802,0,/workspace/exp/natural_qd_push/p0_v2_anchor_20260703_041511_UTC/live/smooth_qd_v2_8x5/seed_1001/openai_gpt-oss-120b/RTLLM/Prob041_traffic_light/Gen0/Prob041_traffic_light_sample8_initial,
smooth_qd_v2_8x5,RTLLM,Prob041_traffic_light,combinational,1,72efc077-b62d-4026-9d6b-ba7f81088e4e,M-I,generation_log,0.0316993464052,0.0475490196078,168,0.0297,0,170,0.0324,0,0.0117647058824,0.0833333333333,0,/workspace/exp/natural_qd_push/p0_v2_anchor_20260703_041511_UTC/live/smooth_qd_v2_8x5/seed_1001/openai_gpt-oss-120b/RTLLM/Prob041_traffic_light/Gen1/Prob041_traffic_light_sample3_M-I,
smooth_qd_v2_8x5,RTLLM,Prob041_traffic_light,combinational,1,2207ef73-5b6f-4137-b6ce-e9cabf148b96,M-S,generation_log,0.426757443718,0.640136165577,121,0.000258,0,170,0.0324,0,0.288235294118,0.992037037037,0,/workspace/exp/natural_qd_push/p0_v2_anchor_20260703_041511_UTC/live/smooth_qd_v2_8x5/seed_1001/openai_gpt-oss-120b/RTLLM/Prob041_traffic_light/Gen1/Prob041_traffic_light_sample5_M-S,
smooth_qd_v2_8x5,RTLLM,Prob041_traffic_light,combinational,1,ce333633-5d62-4f56-80ff-99a621bd2624,M-R,generation_log,0.154914064391,0.232371096587,123,0.0263,0,170,0.0324,0,0.276470588235,0.188271604938,0,/workspace/exp/natural_qd_push/p0_v2_anchor_20260703_041511_UTC/live/smooth_qd_v2_8x5/seed_1001/openai_gpt-oss-120b/RTLLM/Prob041_traffic_light/Gen1/Prob041_traffic_light_sample7_M-R,
smooth_qd_v2_8x5,RTLLM,Prob041_traffic_light,combinational,1,78a9a0f2-90f6-4ad4-8a85-94b054a3a998,M-I,generation_log,0.361661825224,0.542492737836,130,0.00487,0,170,0.0324,0,0.235294117647,0.849691358025,0,/workspace/exp/natural_qd_push/p0_v2_anchor_20260703_041511_UTC/live/smooth_qd_v2_8x5/seed_1001/openai_gpt-oss-120b/RTLLM/Prob041_traffic_light/Gen1/Prob041_traffic_light_sample8_M-I,
smooth_qd_v2_8x5,RTLLM,Prob041_traffic_light,combinational,2,2cfe80ff-46bd-4c7f-a0a1-0a5ef2f44d6b,M-S,generation_log,0.389132171387,0.583698257081,140,0.000294,0,170,0.0324,0,0.176470588235,0.990925925926,0,/workspace/exp/natural_qd_push/p0_v2_anchor_20260703_041511_UTC/live/smooth_qd_v2_8x5/seed_1001/openai_gpt-oss-120b/RTLLM/Prob041_traffic_light/Gen2/Prob041_traffic_light_sample1_M-S,
smooth_qd_v2_8x5,RTLLM,Prob041_traffic_light,combinational,2,4aa78443-d3ec-4ce2-a9c0-5a7ee41b2699,M-S,generation_log,0.154914064391,0.232371096587,123,0.0263,0,170,0.0324,0,0.276470588235,0.188271604938,0,/workspace/exp/natural_qd_push/p0_v2_anchor_20260703_041511_UTC/live/smooth_qd_v2_8x5/seed_1001/openai_gpt-oss-120b/RTLLM/Prob041_traffic_light/Gen2/Prob041_traffic_light_sample5_M-S,
smooth_qd_v2_8x5,RTLLM,Prob041_traffic_light,combinational,2,9cef57fc-29b8-4446-8435-cda96834d71d,M-R,generation_log,0.0153594771242,0.0230392156863,148,0.0351,0,170,0.0324,0,0.129411764706,-0.0833333333333,0,/workspace/exp/natural_qd_push/p0_v2_anchor_20260703_041511_UTC/live/smooth_qd_v2_8x5/seed_1001/openai_gpt-oss-120b/RTLLM/Prob041_traffic_light/Gen2/Prob041_traffic_light_sample8_M-R,
smooth_qd_v2_8x5,RTLLM,Prob041_traffic_light,combinational,3,e6f2e736-db96-4a57-b2db-0fb0717eb638,M-S,generation_log,0.0992737835875,0.148910675381,154,0.0258,0,170,0.0324,0,0.0941176470588,0.203703703704,0,/workspace/exp/natural_qd_push/p0_v2_anchor_20260703_041511_UTC/live/smooth_qd_v2_8x5/seed_1001/openai_gpt-oss-120b/RTLLM/Prob041_traffic_light/Gen3/Prob041_traffic_light_sample1_M-S,
smooth_qd_v2_8x5,RTLLM,Prob041_traffic_light,combinational,3,fabf9b9c-f872-4d4f-8002-c41a1cf747fc,M-F,generation_log,0.217828612927,0.32674291939,114,0.0219,0,170,0.0324,0,0.329411764706,0.324074074074,0,/workspace/exp/natural_qd_push/p0_v2_anchor_20260703_041511_UTC/live/smooth_qd_v2_8x5/seed_1001/openai_gpt-oss-120b/RTLLM/Prob041_traffic_light/Gen3/Prob041_traffic_light_sample2_M-F,
smooth_qd_v2_8x5,RTLLM,Prob041_traffic_light,combinational,3,94a90449-db2d-4e67-98cc-3e01823b3957,M-I,generation_log,0.217828612927,0.32674291939,114,0.0219,0,170,0.0324,0,0.329411764706,0.324074074074,0,/workspace/exp/natural_qd_push/p0_v2_anchor_20260703_041511_UTC/live/smooth_qd_v2_8x5/seed_1001/openai_gpt-oss-120b/RTLLM/Prob041_traffic_light/Gen3/Prob041_traffic_light_sample5_M-I,
smooth_qd_v2_8x5,RTLLM,Prob041_traffic_light,combinational,3,adf8b040-00fd-471a-baf7-5e3f1d03af5e,C-F,generation_log,0.192277898814,0.288416848221,137,0.02,0,170,0.0324,0,0.194117647059,0.382716049383,0,/workspace/exp/natural_qd_push/p0_v2_anchor_20260703_041511_UTC/live/smooth_qd_v2_8x5/seed_1001/openai_gpt-oss-120b/RTLLM/Prob041_traffic_light/Gen3/Prob041_traffic_light_sample7_C-F,
smooth_qd_v2_8x5,RTLLM,Prob041_traffic_light,combinational,4,6eab2bc6-f5ff-48c1-b9ef-e1ad294561ac,M-E,generation_log,-0.0739288307916,-0.110893246187,214,0.0312,0,170,0.0324,0,-0.258823529412,0.037037037037,0,/workspace/exp/natural_qd_push/p0_v2_anchor_20260703_041511_UTC/live/smooth_qd_v2_8x5/seed_1001/openai_gpt-oss-120b/RTLLM/Prob041_traffic_light/Gen4/Prob041_traffic_light_sample3_M-E,
smooth_qd_v2_8x5,RTLLM,Prob041_traffic_light,combinational,4,c2917616-3c5a-4ba2-b839-402d48d59ee8,C-F,generation_log,0.426757443718,0.640136165577,121,0.000258,0,170,0.0324,0,0.288235294118,0.992037037037,0,/workspace/exp/natural_qd_push/p0_v2_anchor_20260703_041511_UTC/live/smooth_qd_v2_8x5/seed_1001/openai_gpt-oss-120b/RTLLM/Prob041_traffic_light/Gen4/Prob041_traffic_light_sample4_C-F,
smooth_qd_v2_8x5,RTLLM,Prob041_traffic_light,combinational,4,27c736e7-772c-4727-8313-2cbcf20326cb,C-F,generation_log,0.226894214476,0.340341321714,112,0.0214,0,170,0.0324,0,0.341176470588,0.33950617284,0,/workspace/exp/natural_qd_push/p0_v2_anchor_20260703_041511_UTC/live/smooth_qd_v2_8x5/seed_1001/openai_gpt-oss-120b/RTLLM/Prob041_traffic_light/Gen4/Prob041_traffic_light_sample5_C-F,
smooth_qd_v2_8x5,RTLLM,Prob041_traffic_light,combinational,4,c366c562-fbe3-4a1c-9693-acff6646c5d7,M-R,generation_log,0.467748729121,0.701623093682,100,0.000276,0,170,0.0324,0,0.411764705882,0.991481481481,0,/workspace/exp/natural_qd_push/p0_v2_anchor_20260703_041511_UTC/live/smooth_qd_v2_8x5/seed_1001/openai_gpt-oss-120b/RTLLM/Prob041_traffic_light/Gen4/Prob041_traffic_light_sample6_M-R,
smooth_qd_v2_8x5,RTLLM,Prob041_traffic_light,combinational,5,512f86ae-07f6-4fb1-b338-b3623098e903,M-R,generation_log,0.119886226095,0.179829339143,165,0.0217,0,170,0.0324,0,0.0294117647059,0.33024691358,0,/workspace/exp/natural_qd_push/p0_v2_anchor_20260703_041511_UTC/live/smooth_qd_v2_8x5/seed_1001/openai_gpt-oss-120b/RTLLM/Prob041_traffic_light/Gen5/Prob041_traffic_light_sample3_M-R,
smooth_qd_v2_8x5,RTLLM,Prob041_traffic_light,combinational,5,914df9d9-7760-414e-8143-23a4f7d1c702,M-I,generation_log,0.283514887436,0.425272331155,123,0.0138,0,170,0.0324,0,0.276470588235,0.574074074074,0,/workspace/exp/natural_qd_push/p0_v2_anchor_20260703_041511_UTC/live/smooth_qd_v2_8x5/seed_1001/openai_gpt-oss-120b/RTLLM/Prob041_traffic_light/Gen5/Prob041_traffic_light_sample4_M-I,
smooth_qd_v2_8x5,RTLLM,Prob041_traffic_light,combinational,5,4d237e94-4ea5-40fa-81f8-b78a5de20d80,M-R,generation_log,0.239978213508,0.359967320261,109,0.0207,0,170,0.0324,0,0.358823529412,0.361111111111,0,/workspace/exp/natural_qd_push/p0_v2_anchor_20260703_041511_UTC/live/smooth_qd_v2_8x5/seed_1001/openai_gpt-oss-120b/RTLLM/Prob041_traffic_light/Gen5/Prob041_traffic_light_sample5_M-R,
smooth_qd_v2_8x5,RTLLM,Prob041_traffic_light,combinational,5,67d6fc51-d18b-4127-adbf-73db342f65db,C-F,generation_log,0.420875090777,0.631312636166,124,0.000258,0,170,0.0324,0,0.270588235294,0.992037037037,0,/workspace/exp/natural_qd_push/p0_v2_anchor_20260703_041511_UTC/live/smooth_qd_v2_8x5/seed_1001/openai_gpt-oss-120b/RTLLM/Prob041_traffic_light/Gen5/Prob041_traffic_light_sample6_C-F,
smooth_qd_v2_8x5,RTLLM,Prob045_alu,combinational,0,f62879ed-826a-4c5a-9a09-26ed133b977e,initial,generation_log,0.372155857809,0.558233786714,1944,0.00112,0,2225,0.114,0,0.126292134831,0.990175438596,0,/workspace/exp/natural_qd_push/p0_v2_anchor_20260703_041511_UTC/live/smooth_qd_v2_8x5/seed_1001/openai_gpt-oss-120b/RTLLM/Prob045_alu/Gen0/Prob045_alu_sample6_initial,
smooth_qd_v2_8x5,RTLLM,Prob045_alu,combinational,0,3373697e-0abb-4b78-a64e-41059e1fadca,initial,generation_log,0.372334910309,0.558502365464,1943,0.00111,0,2225,0.114,0,0.126741573034,0.990263157895,0,/workspace/exp/natural_qd_push/p0_v2_anchor_20260703_041511_UTC/live/smooth_qd_v2_8x5/seed_1001/openai_gpt-oss-120b/RTLLM/Prob045_alu/Gen0/Prob045_alu_sample7_initial,
smooth_qd_v2_8x5,RTLLM,Prob045_alu,combinational,0,587b5b5f-3d29-4680-807e-09d7dc29c151,initial,generation_log,0.380454037716,0.570681056574,1889,0.0011,0,2225,0.114,0,0.151011235955,0.990350877193,0,/workspace/exp/natural_qd_push/p0_v2_anchor_20260703_041511_UTC/live/smooth_qd_v2_8x5/seed_1001/openai_gpt-oss-120b/RTLLM/Prob045_alu/Gen0/Prob045_alu_sample8_initial,
smooth_qd_v2_8x5,RTLLM,Prob045_alu,combinational,1,bb6a0e8a-c226-4fae-81cf-810d551b8d6e,M-E,generation_log,0.373288652342,0.559932978514,1938,0.00104,0,2225,0.114,0,0.128988764045,0.990877192982,0,/workspace/exp/natural_qd_push/p0_v2_anchor_20260703_041511_UTC/live/smooth_qd_v2_8x5/seed_1001/openai_gpt-oss-120b/RTLLM/Prob045_alu/Gen1/Prob045_alu_sample4_M-E,
smooth_qd_v2_8x5,RTLLM,Prob045_alu,combinational,1,1e3b1c61-d0b6-4708-9d63-e8afa9c307d6,M-R,generation_log,0.369963532427,0.55494529864,1960,0.00105,0,2225,0.114,0,0.119101123596,0.990789473684,0,/workspace/exp/natural_qd_push/p0_v2_anchor_20260703_041511_UTC/live/smooth_qd_v2_8x5/seed_1001/openai_gpt-oss-120b/RTLLM/Prob045_alu/Gen1/Prob045_alu_sample5_M-R,
smooth_qd_v2_8x5,RTLLM,Prob045_alu,combinational,1,0f108772-b508-42f6-a9ae-086c1b04b6c8,M-E,generation_log,0.384228595834,0.576342893751,1864,0.00109,0,2225,0.114,0,0.162247191011,0.990438596491,0,/workspace/exp/natural_qd_push/p0_v2_anchor_20260703_041511_UTC/live/smooth_qd_v2_8x5/seed_1001/openai_gpt-oss-120b/RTLLM/Prob045_alu/Gen1/Prob045_alu_sample6_M-E,
smooth_qd_v2_8x5,RTLLM,Prob045_alu,combinational,1,d1e514ab-fba2-4078-bf9a-ddf7ec19f6d1,M-I,generation_log,0.385182337867,0.577773506801,1859,0.00102,0,2225,0.114,0,0.164494382022,0.991052631579,0,/workspace/exp/natural_qd_push/p0_v2_anchor_20260703_041511_UTC/live/smooth_qd_v2_8x5/seed_1001/openai_gpt-oss-120b/RTLLM/Prob045_alu/Gen1/Prob045_alu_sample7_M-I,
smooth_qd_v2_8x5,RTLLM,Prob045_alu,combinational,1,457ec3d9-b5ef-4ecf-8730-88d057a69480,M-S,generation_log,0.389152802418,0.583729203627,1834,0.000943,0,2225,0.114,0,0.175730337079,0.991728070175,0,/workspace/exp/natural_qd_push/p0_v2_anchor_20260703_041511_UTC/live/smooth_qd_v2_8x5/seed_1001/openai_gpt-oss-120b/RTLLM/Prob045_alu/Gen1/Prob045_alu_sample8_M-S,
smooth_qd_v2_8x5,RTLLM,Prob045_alu,combinational,2,485296e0-eeb5-4c26-aa71-34392991e7b1,M-R,generation_log,0.389302615152,0.583953922728,1833,0.000943,0,2225,0.114,0,0.176179775281,0.991728070175,0,/workspace/exp/natural_qd_push/p0_v2_anchor_20260703_041511_UTC/live/smooth_qd_v2_8x5/seed_1001/openai_gpt-oss-120b/RTLLM/Prob045_alu/Gen2/Prob045_alu_sample1_M-R,
smooth_qd_v2_8x5,RTLLM,Prob045_alu,combinational,2,9da451b3-2d69-4293-805f-71c6309aff73,M-I,generation_log,0.385153098101,0.577729647152,1859,0.00103,0,2225,0.114,0,0.164494382022,0.990964912281,0,/workspace/exp/natural_qd_push/p0_v2_anchor_20260703_041511_UTC/live/smooth_qd_v2_8x5/seed_1001/openai_gpt-oss-120b/RTLLM/Prob045_alu/Gen2/Prob045_alu_sample2_M-I,
smooth_qd_v2_8x5,RTLLM,Prob045_alu,combinational,2,4ae5b649-7065-4566-b7b2-5343a8b0a670,M-S,generation_log,0.382406071358,0.573609107037,1878,0.000996,0,2225,0.114,0,0.15595505618,0.991263157895,0,/workspace/exp/natural_qd_push/p0_v2_anchor_20260703_041511_UTC/live/smooth_qd_v2_8x5/seed_1001/openai_gpt-oss-120b/RTLLM/Prob045_alu/Gen2/Prob045_alu_sample3_M-S,
smooth_qd_v2_8x5,RTLLM,Prob045_alu,combinational,2,493b180a-8987-40a5-9358-245953e62e3e,M-E,generation_log,0.397695052237,0.596542578356,1777,0.000942,0,2225,0.114,0,0.201348314607,0.991736842105,0,/workspace/exp/natural_qd_push/p0_v2_anchor_20260703_041511_UTC/live/smooth_qd_v2_8x5/seed_1001/openai_gpt-oss-120b/RTLLM/Prob045_alu/Gen2/Prob045_alu_sample5_M-E,
smooth_qd_v2_8x5,RTLLM,Prob045_alu,combinational,2,9cda8e3d-c771-4c0d-8d32-79fa4c3b3b6d,C-F,generation_log,0.383413824824,0.575120737236,1871,0.00101,0,2225,0.114,0,0.159101123596,0.991140350877,0,/workspace/exp/natural_qd_push/p0_v2_anchor_20260703_041511_UTC/live/smooth_qd_v2_8x5/seed_1001/openai_gpt-oss-120b/RTLLM/Prob045_alu/Gen2/Prob045_alu_sample6_C-F,
smooth_qd_v2_8x5,RTLLM,Prob045_alu,combinational,2,280ad241-24d7-4661-b494-368c4564827b,C-F,generation_log,0.389152802418,0.583729203627,1834,0.000943,0,2225,0.114,0,0.175730337079,0.991728070175,0,/workspace/exp/natural_qd_push/p0_v2_anchor_20260703_041511_UTC/live/smooth_qd_v2_8x5/seed_1001/openai_gpt-oss-120b/RTLLM/Prob045_alu/Gen2/Prob045_alu_sample7_C-F,
smooth_qd_v2_8x5,RTLLM,Prob045_alu,combinational,2,01606f86-0390-4392-bb46-568606d5274b,C-F,generation_log,0.37631414679,0.564471220185,1918,0.00103,0,2225,0.114,0,0.13797752809,0.990964912281,0,/workspace/exp/natural_qd_push/p0_v2_anchor_20260703_041511_UTC/live/smooth_qd_v2_8x5/seed_1001/openai_gpt-oss-120b/RTLLM/Prob045_alu/Gen2/Prob045_alu_sample8_C-F,
smooth_qd_v2_8x5,RTLLM,Prob045_alu,combinational,3,1dced6fb-290d-42e8-bc53-1e72f0166e72,C-F,generation_log,0.382406071358,0.573609107037,1878,0.000996,0,2225,0.114,0,0.15595505618,0.991263157895,0,/workspace/exp/natural_qd_push/p0_v2_anchor_20260703_041511_UTC/live/smooth_qd_v2_8x5/seed_1001/openai_gpt-oss-120b/RTLLM/Prob045_alu/Gen3/Prob045_alu_sample1_C-F,
smooth_qd_v2_8x5,RTLLM,Prob045_alu,combinational,3,f209e568-cd77-4b9b-b3f7-b4d3c43fa349,C-F,generation_log,0.374395821013,0.56159373152,1931,0.00102,0,2225,0.114,0,0.132134831461,0.991052631579,0,/workspace/exp/natural_qd_push/p0_v2_anchor_20260703_041511_UTC/live/smooth_qd_v2_8x5/seed_1001/openai_gpt-oss-120b/RTLLM/Prob045_alu/Gen3/Prob045_alu_sample2_C-F,
smooth_qd_v2_8x5,RTLLM,Prob045_alu,combinational,3,02454a11-7947-4041-8018-70405a55e879,C-F,generation_log,0.408545896577,0.612818844865,1705,0.00092,0,2225,0.114,0,0.233707865169,0.991929824561,0,/workspace/exp/natural_qd_push/p0_v2_anchor_20260703_041511_UTC/live/smooth_qd_v2_8x5/seed_1001/openai_gpt-oss-120b/RTLLM/Prob045_alu/Gen3/Prob045_alu_sample3_C-F,
smooth_qd_v2_8x5,RTLLM,Prob045_alu,combinational,3,74e6d508-d4ce-4e18-a832-1afa5485b411,M-R,generation_log,0.382406071358,0.573609107037,1878,0.000996,0,2225,0.114,0,0.15595505618,0.991263157895,0,/workspace/exp/natural_qd_push/p0_v2_anchor_20260703_041511_UTC/live/smooth_qd_v2_8x5/seed_1001/openai_gpt-oss-120b/RTLLM/Prob045_alu/Gen3/Prob045_alu_sample4_M-R,
smooth_qd_v2_8x5,RTLLM,Prob045_alu,combinational,3,f7eb5134-e373-461d-bc4e-40583eddb4da,C-F,generation_log,0.396088737762,0.594133106643,1787,0.000979,0,2225,0.114,0,0.196853932584,0.991412280702,0,/workspace/exp/natural_qd_push/p0_v2_anchor_20260703_041511_UTC/live/smooth_qd_v2_8x5/seed_1001/openai_gpt-oss-120b/RTLLM/Prob045_alu/Gen3/Prob045_alu_sample5_C-F,
smooth_qd_v2_8x5,RTLLM,Prob045_alu,combinational,3,2776af5e-e614-496f-b2c0-f590a7b88c31,M-I,generation_log,0.378554799921,0.567832199882,1904,0.000981,0,2225,0.114,0,0.144269662921,0.991394736842,0,/workspace/exp/natural_qd_push/p0_v2_anchor_20260703_041511_UTC/live/smooth_qd_v2_8x5/seed_1001/openai_gpt-oss-120b/RTLLM/Prob045_alu/Gen3/Prob045_alu_sample6_M-I,
smooth_qd_v2_8x5,RTLLM,Prob045_alu,combinational,3,08f46ad0-863a-45b7-8969-c9ed1c5955fd,M-E,generation_log,0.401555095604,0.602332643406,1751,0.000954,0,2225,0.114,0,0.213033707865,0.991631578947,0,/workspace/exp/natural_qd_push/p0_v2_anchor_20260703_041511_UTC/live/smooth_qd_v2_8x5/seed_1001/openai_gpt-oss-120b/RTLLM/Prob045_alu/Gen3/Prob045_alu_sample7_M-E,
smooth_qd_v2_8x5,RTLLM,Prob045_alu,combinational,3,1730afe1-d421-4b82-8624-0e4388c51d43,M-S,generation_log,0.387550101846,0.58132515277,1843,0.00103,0,2225,0.114,0,0.171685393258,0.990964912281,0,/workspace/exp/natural_qd_push/p0_v2_anchor_20260703_041511_UTC/live/smooth_qd_v2_8x5/seed_1001/openai_gpt-oss-120b/RTLLM/Prob045_alu/Gen3/Prob045_alu_sample8_M-S,
smooth_qd_v2_8x5,RTLLM,Prob045_alu,combinational,4,8575ab6d-8176-461f-a8b0-fd54f06739f0,M-S,generation_log,0.378349431632,0.567524147447,1905,0.001,0,2225,0.114,0,0.143820224719,0.991228070175,0,/workspace/exp/natural_qd_push/p0_v2_anchor_20260703_041511_UTC/live/smooth_qd_v2_8x5/seed_1001/openai_gpt-oss-120b/RTLLM/Prob045_alu/Gen4/Prob045_alu_sample1_M-S,
smooth_qd_v2_8x5,RTLLM,Prob045_alu,combinational,4,c8814f75-dc8e-4fc7-a1de-890b5e682847,C-F,generation_log,0.383331263552,0.574996895328,1872,0.000987,0,2225,0.114,0,0.158651685393,0.991342105263,0,/workspace/exp/natural_qd_push/p0_v2_anchor_20260703_041511_UTC/live/smooth_qd_v2_8x5/seed_1001/openai_gpt-oss-120b/RTLLM/Prob045_alu/Gen4/Prob045_alu_sample3_C-F,
smooth_qd_v2_8x5,RTLLM,Prob045_alu,combinational,4,bd4049ea-3bf8-4211-a0a3-79c5efe8a312,C-F,generation_log,0.398943951639,0.598415927459,1768,0.000976,0,2225,0.114,0,0.205393258427,0.991438596491,0,/workspace/exp/natural_qd_push/p0_v2_anchor_20260703_041511_UTC/live/smooth_qd_v2_8x5/seed_1001/openai_gpt-oss-120b/RTLLM/Prob045_alu/Gen4/Prob045_alu_sample4_C-F,
smooth_qd_v2_8x5,RTLLM,Prob045_alu,combinational,4,a550a921-554f-4197-88fc-390740cc3bb3,C-F,generation_log,0.39060483606,0.58590725409,1823,0.00101,0,2225,0.114,0,0.180674157303,0.991140350877,0,/workspace/exp/natural_qd_push/p0_v2_anchor_20260703_041511_UTC/live/smooth_qd_v2_8x5/seed_1001/openai_gpt-oss-120b/RTLLM/Prob045_alu/Gen4/Prob045_alu_sample5_C-F,
smooth_qd_v2_8x5,RTLLM,Prob045_alu,combinational,4,927a7082-bdcb-44e4-b013-172b64718c0c,C-F,generation_log,0.397107497207,0.595661245811,1781,0.000938,0,2225,0.114,0,0.199550561798,0.991771929825,0,/workspace/exp/natural_qd_push/p0_v2_anchor_20260703_041511_UTC/live/smooth_qd_v2_8x5/seed_1001/openai_gpt-oss-120b/RTLLM/Prob045_alu/Gen4/Prob045_alu_sample6_C-F,
smooth_qd_v2_8x5,RTLLM,Prob045_alu,combinational,4,94b0aecb-19f1-47e3-b6d3-6d194f4cc5a6,C-F,generation_log,0.401070569683,0.601605854524,1754,0.000966,0,2225,0.114,0,0.211685393258,0.991526315789,0,/workspace/exp/natural_qd_push/p0_v2_anchor_20260703_041511_UTC/live/smooth_qd_v2_8x5/seed_1001/openai_gpt-oss-120b/RTLLM/Prob045_alu/Gen4/Prob045_alu_sample7_C-F,
smooth_qd_v2_8x5,RTLLM,Prob045_alu,combinational,5,b70895cd-98b3-471e-a07c-11d417681332,M-R,generation_log,0.395689007162,0.593533510743,1790,0.000962,0,2225,0.114,0,0.195505617978,0.991561403509,0,/workspace/exp/natural_qd_push/p0_v2_anchor_20260703_041511_UTC/live/smooth_qd_v2_8x5/seed_1001/openai_gpt-oss-120b/RTLLM/Prob045_alu/Gen5/Prob045_alu_sample1_M-R,
smooth_qd_v2_8x5,RTLLM,Prob045_alu,combinational,5,88632330-4fa9-49da-a04e-a663d9506c64,M-I,generation_log,0.408545896577,0.612818844865,1705,0.00092,0,2225,0.114,0,0.233707865169,0.991929824561,0,/workspace/exp/natural_qd_push/p0_v2_anchor_20260703_041511_UTC/live/smooth_qd_v2_8x5/seed_1001/openai_gpt-oss-120b/RTLLM/Prob045_alu/Gen5/Prob045_alu_sample2_M-I,
smooth_qd_v2_8x5,RTLLM,Prob045_alu,combinational,5,df5164d5-e42e-48ad-a396-d0e711aed46b,C-F,generation_log,0.408545896577,0.612818844865,1705,0.00092,0,2225,0.114,0,0.233707865169,0.991929824561,0,/workspace/exp/natural_qd_push/p0_v2_anchor_20260703_041511_UTC/live/smooth_qd_v2_8x5/seed_1001/openai_gpt-oss-120b/RTLLM/Prob045_alu/Gen5/Prob045_alu_sample3_C-F,
smooth_qd_v2_8x5,RTLLM,Prob045_alu,combinational,5,a28cdc84-9484-4a32-91da-bd73f2aa6853,M-S,generation_log,0.408545896577,0.612818844865,1705,0.00092,0,2225,0.114,0,0.233707865169,0.991929824561,0,/workspace/exp/natural_qd_push/p0_v2_anchor_20260703_041511_UTC/live/smooth_qd_v2_8x5/seed_1001/openai_gpt-oss-120b/RTLLM/Prob045_alu/Gen5/Prob045_alu_sample4_M-S,
smooth_qd_v2_8x5,RTLLM,Prob045_alu,combinational,5,34f9c310-8681-4e70-a8cf-db2a0e5d4b49,C-F,generation_log,0.399945857152,0.599918785728,1761,0.000992,0,2225,0.114,0,0.208539325843,0.991298245614,0,/workspace/exp/natural_qd_push/p0_v2_anchor_20260703_041511_UTC/live/smooth_qd_v2_8x5/seed_1001/openai_gpt-oss-120b/RTLLM/Prob045_alu/Gen5/Prob045_alu_sample5_C-F,
smooth_qd_v2_8x5,RTLLM,Prob045_alu,combinational,5,3cd01595-e37b-400b-a49b-6c9890a66986,C-F,generation_log,0.401484920166,0.602227380248,1751,0.000978,0,2225,0.114,0,0.213033707865,0.991421052632,0,/workspace/exp/natural_qd_push/p0_v2_anchor_20260703_041511_UTC/live/smooth_qd_v2_8x5/seed_1001/openai_gpt-oss-120b/RTLLM/Prob045_alu/Gen5/Prob045_alu_sample6_C-F,
smooth_qd_v2_8x5,RTLLM,Prob045_alu,combinational,5,88799455-7993-4d17-975a-ea0908ca862c,C-F,generation_log,0.408545896577,0.612818844865,1705,0.00092,0,2225,0.114,0,0.233707865169,0.991929824561,0,/workspace/exp/natural_qd_push/p0_v2_anchor_20260703_041511_UTC/live/smooth_qd_v2_8x5/seed_1001/openai_gpt-oss-120b/RTLLM/Prob045_alu/Gen5/Prob045_alu_sample7_C-F,
smooth_qd_v2_8x5,RTLLM,Prob049_signal_generator,sequential,0,69a59402-bf62-4b30-a867-41fd2922d91c,initial,generation_log,0.234774694403,0.234774694403,82,0.00252,0.38,94,0.00467,0.43,0.127659574468,0.460385438972,0.116279069767,/workspace/exp/natural_qd_push/p0_v2_anchor_20260703_041511_UTC/live/smooth_qd_v2_8x5/seed_1001/openai_gpt-oss-120b/RTLLM/Prob049_signal_generator/Gen0/Prob049_signal_generator_sample2_initial,
smooth_qd_v2_8x5,RTLLM,Prob049_signal_generator,sequential,0,ee5e9e7d-0581-4f82-a135-7e1179540df7,initial,generation_log,0.234774694403,0.234774694403,82,0.00252,0.38,94,0.00467,0.43,0.127659574468,0.460385438972,0.116279069767,/workspace/exp/natural_qd_push/p0_v2_anchor_20260703_041511_UTC/live/smooth_qd_v2_8x5/seed_1001/openai_gpt-oss-120b/RTLLM/Prob049_signal_generator/Gen0/Prob049_signal_generator_sample3_initial,
smooth_qd_v2_8x5,RTLLM,Prob049_signal_generator,sequential,0,88189a0b-f83a-4604-8277-11772f193506,initial,generation_log,0.234774694403,0.234774694403,82,0.00252,0.38,94,0.00467,0.43,0.127659574468,0.460385438972,0.116279069767,/workspace/exp/natural_qd_push/p0_v2_anchor_20260703_041511_UTC/live/smooth_qd_v2_8x5/seed_1001/openai_gpt-oss-120b/RTLLM/Prob049_signal_generator/Gen0/Prob049_signal_generator_sample5_initial,
smooth_qd_v2_8x5,RTLLM,Prob049_signal_generator,sequential,0,f9022dc1-1706-4ec0-9f5c-f93ab0e2d59f,initial,generation_log,0.234774694403,0.234774694403,82,0.00252,0.38,94,0.00467,0.43,0.127659574468,0.460385438972,0.116279069767,/workspace/exp/natural_qd_push/p0_v2_anchor_20260703_041511_UTC/live/smooth_qd_v2_8x5/seed_1001/openai_gpt-oss-120b/RTLLM/Prob049_signal_generator/Gen0/Prob049_signal_generator_sample6_initial,
smooth_qd_v2_8x5,RTLLM,Prob049_signal_generator,sequential,0,20ef5727-3e91-46b0-a773-073791e1d2a6,initial,generation_log,0.234774694403,0.234774694403,82,0.00252,0.38,94,0.00467,0.43,0.127659574468,0.460385438972,0.116279069767,/workspace/exp/natural_qd_push/p0_v2_anchor_20260703_041511_UTC/live/smooth_qd_v2_8x5/seed_1001/openai_gpt-oss-120b/RTLLM/Prob049_signal_generator/Gen0/Prob049_signal_generator_sample7_initial,
smooth_qd_v2_8x5,RTLLM,Prob049_signal_generator,sequential,0,ca5fd27c-6624-42b9-a2e6-c1ea48dd56e2,initial,generation_log,0.234774694403,0.234774694403,82,0.00252,0.38,94,0.00467,0.43,0.127659574468,0.460385438972,0.116279069767,/workspace/exp/natural_qd_push/p0_v2_anchor_20260703_041511_UTC/live/smooth_qd_v2_8x5/seed_1001/openai_gpt-oss-120b/RTLLM/Prob049_signal_generator/Gen0/Prob049_signal_generator_sample8_initial,
smooth_qd_v2_8x5,RTLLM,Prob049_signal_generator,sequential,1,3cff613f-ff8c-4f07-9da8-4850790f8a1e,M-R,generation_log,0.207437714137,0.207437714137,77,0.00326,0.37,94,0.00467,0.43,0.18085106383,0.301927194861,0.139534883721,/workspace/exp/natural_qd_push/p0_v2_anchor_20260703_041511_UTC/live/smooth_qd_v2_8x5/seed_1001/openai_gpt-oss-120b/RTLLM/Prob049_signal_generator/Gen1/Prob049_signal_generator_sample4_M-R,
smooth_qd_v2_8x5,RTLLM,Prob049_signal_generator,sequential,1,ca1123ee-8846-49c2-beb2-8835a31f80fb,M-I,generation_log,0.234774694403,0.234774694403,82,0.00252,0.38,94,0.00467,0.43,0.127659574468,0.460385438972,0.116279069767,/workspace/exp/natural_qd_push/p0_v2_anchor_20260703_041511_UTC/live/smooth_qd_v2_8x5/seed_1001/openai_gpt-oss-120b/RTLLM/Prob049_signal_generator/Gen1/Prob049_signal_generator_sample6_M-I,
smooth_qd_v2_8x5,RTLLM,Prob049_signal_generator,sequential,1,66bca23d-aa5d-4581-a5a1-f3cf0a3a1a9c,M-I,generation_log,0.234774694403,0.234774694403,82,0.00252,0.38,94,0.00467,0.43,0.127659574468,0.460385438972,0.116279069767,/workspace/exp/natural_qd_push/p0_v2_anchor_20260703_041511_UTC/live/smooth_qd_v2_8x5/seed_1001/openai_gpt-oss-120b/RTLLM/Prob049_signal_generator/Gen1/Prob049_signal_generator_sample7_M-I,
smooth_qd_v2_8x5,RTLLM,Prob049_signal_generator,sequential,2,1de951a0-b911-46cb-b1cc-60d433f43dbb,M-S,generation_log,0.234774694403,0.234774694403,82,0.00252,0.38,94,0.00467,0.43,0.127659574468,0.460385438972,0.116279069767,/workspace/exp/natural_qd_push/p0_v2_anchor_20260703_041511_UTC/live/smooth_qd_v2_8x5/seed_1001/openai_gpt-oss-120b/RTLLM/Prob049_signal_generator/Gen2/Prob049_signal_generator_sample4_M-S,
smooth_qd_v2_8x5,RTLLM,Prob049_signal_generator,sequential,2,bf6355ea-49c0-4fc7-8a8e-daebf6c11d43,M-R,generation_log,0.234774694403,0.234774694403,82,0.00252,0.38,94,0.00467,0.43,0.127659574468,0.460385438972,0.116279069767,/workspace/exp/natural_qd_push/p0_v2_anchor_20260703_041511_UTC/live/smooth_qd_v2_8x5/seed_1001/openai_gpt-oss-120b/RTLLM/Prob049_signal_generator/Gen2/Prob049_signal_generator_sample6_M-R,
smooth_qd_v2_8x5,RTLLM,Prob049_signal_generator,sequential,3,0d94f0e5-7d2a-4ec0-abe7-b7b81fec397f,M-R,generation_log,0.234774694403,0.234774694403,82,0.00252,0.38,94,0.00467,0.43,0.127659574468,0.460385438972,0.116279069767,/workspace/exp/natural_qd_push/p0_v2_anchor_20260703_041511_UTC/live/smooth_qd_v2_8x5/seed_1001/openai_gpt-oss-120b/RTLLM/Prob049_signal_generator/Gen3/Prob049_signal_generator_sample1_M-R,
smooth_qd_v2_8x5,RTLLM,Prob049_signal_generator,sequential,3,47c4094e-246f-4edf-8e6c-efbc6c23e667,M-R,generation_log,0.234774694403,0.234774694403,82,0.00252,0.38,94,0.00467,0.43,0.127659574468,0.460385438972,0.116279069767,/workspace/exp/natural_qd_push/p0_v2_anchor_20260703_041511_UTC/live/smooth_qd_v2_8x5/seed_1001/openai_gpt-oss-120b/RTLLM/Prob049_signal_generator/Gen3/Prob049_signal_generator_sample6_M-R,
smooth_qd_v2_8x5,RTLLM,Prob049_signal_generator,sequential,3,77c9d0e4-1d17-4fe5-8ad3-c1a13cf107bb,M-R,generation_log,0.207437714137,0.207437714137,77,0.00326,0.37,94,0.00467,0.43,0.18085106383,0.301927194861,0.139534883721,/workspace/exp/natural_qd_push/p0_v2_anchor_20260703_041511_UTC/live/smooth_qd_v2_8x5/seed_1001/openai_gpt-oss-120b/RTLLM/Prob049_signal_generator/Gen3/Prob049_signal_generator_sample8_M-R,
smooth_qd_v2_8x5,RTLLM,Prob049_signal_generator,sequential,4,1506579f-5592-401c-b96b-807f55867ba1,M-E,generation_log,0.234774694403,0.234774694403,82,0.00252,0.38,94,0.00467,0.43,0.127659574468,0.460385438972,0.116279069767,/workspace/exp/natural_qd_push/p0_v2_anchor_20260703_041511_UTC/live/smooth_qd_v2_8x5/seed_1001/openai_gpt-oss-120b/RTLLM/Prob049_signal_generator/Gen4/Prob049_signal_generator_sample3_M-E,
smooth_qd_v2_8x5,RTLLM,Prob049_signal_generator,sequential,4,8f348683-81ee-4132-aa61-bebdb3142682,M-R,generation_log,0.234774694403,0.234774694403,82,0.00252,0.38,94,0.00467,0.43,0.127659574468,0.460385438972,0.116279069767,/workspace/exp/natural_qd_push/p0_v2_anchor_20260703_041511_UTC/live/smooth_qd_v2_8x5/seed_1001/openai_gpt-oss-120b/RTLLM/Prob049_signal_generator/Gen4/Prob049_signal_generator_sample4_M-R,
smooth_qd_v2_8x5,RTLLM,Prob049_signal_generator,sequential,4,fe133b22-6d60-4564-ae1f-c6a169f547ad,M-S,generation_log,0.207437714137,0.207437714137,77,0.00326,0.37,94,0.00467,0.43,0.18085106383,0.301927194861,0.139534883721,/workspace/exp/natural_qd_push/p0_v2_anchor_20260703_041511_UTC/live/smooth_qd_v2_8x5/seed_1001/openai_gpt-oss-120b/RTLLM/Prob049_signal_generator/Gen4/Prob049_signal_generator_sample7_M-S,
smooth_qd_v2_8x5,RTLLM,Prob049_signal_generator,sequential,5,40ddbace-9a62-44e7-bad4-355fbc932abb,M-R,generation_log,0.234774694403,0.234774694403,82,0.00252,0.38,94,0.00467,0.43,0.127659574468,0.460385438972,0.116279069767,/workspace/exp/natural_qd_push/p0_v2_anchor_20260703_041511_UTC/live/smooth_qd_v2_8x5/seed_1001/openai_gpt-oss-120b/RTLLM/Prob049_signal_generator/Gen5/Prob049_signal_generator_sample4_M-R,
smooth_qd_v2_8x5,RTLLM,Prob049_signal_generator,sequential,5,294e825e-4fad-4a86-aa8d-4a1e9b0db15e,M-S,generation_log,0.234774694403,0.234774694403,82,0.00252,0.38,94,0.00467,0.43,0.127659574468,0.460385438972,0.116279069767,/workspace/exp/natural_qd_push/p0_v2_anchor_20260703_041511_UTC/live/smooth_qd_v2_8x5/seed_1001/openai_gpt-oss-120b/RTLLM/Prob049_signal_generator/Gen5/Prob049_signal_generator_sample5_M-S,
smooth_qd_v2_8x5,RTLLM,Prob049_signal_generator,sequential,5,cfb1a781-d3cb-46d5-95d1-aed94a974253,M-E,generation_log,0.234774694403,0.234774694403,82,0.00252,0.38,94,0.00467,0.43,0.127659574468,0.460385438972,0.116279069767,/workspace/exp/natural_qd_push/p0_v2_anchor_20260703_041511_UTC/live/smooth_qd_v2_8x5/seed_1001/openai_gpt-oss-120b/RTLLM/Prob049_signal_generator/Gen5/Prob049_signal_generator_sample8_M-E,
smooth_qd_v2_8x5,VerilogEval-Spec-to-RTL,Prob116_m2014_q3,combinational,0,0a16e16e-3c37-4a5c-ac6b-7ea9c88126a5,initial,generation_log,0.464369602763,0.696554404145,3,1.33e-06,0,5,0.000193,0,0.4,0.99310880829,0,/workspace/exp/natural_qd_push/p0_v2_anchor_20260703_041511_UTC/live/smooth_qd_v2_8x5/seed_1001/openai_gpt-oss-120b/VerilogEval-Spec-to-RTL/Prob116_m2014_q3/Gen0/Prob116_m2014_q3_sample1_initial,
smooth_qd_v2_8x5,VerilogEval-Spec-to-RTL,Prob116_m2014_q3,combinational,0,2583d77b-3a39-475b-a0d5-12397a759650,initial,generation_log,0.464369602763,0.696554404145,3,1.33e-06,0,5,0.000193,0,0.4,0.99310880829,0,/workspace/exp/natural_qd_push/p0_v2_anchor_20260703_041511_UTC/live/smooth_qd_v2_8x5/seed_1001/openai_gpt-oss-120b/VerilogEval-Spec-to-RTL/Prob116_m2014_q3/Gen0/Prob116_m2014_q3_sample4_initial,
smooth_qd_v2_8x5,VerilogEval-Spec-to-RTL,Prob116_m2014_q3,combinational,0,432052c2-4773-42d4-a919-645d85499616,initial,generation_log,0.330535405872,0.495803108808,5,1.62e-06,0,5,0.000193,0,0,0.991606217617,0,/workspace/exp/natural_qd_push/p0_v2_anchor_20260703_041511_UTC/live/smooth_qd_v2_8x5/seed_1001/openai_gpt-oss-120b/VerilogEval-Spec-to-RTL/Prob116_m2014_q3/Gen0/Prob116_m2014_q3_sample5_initial,
smooth_qd_v2_8x5,VerilogEval-Spec-to-RTL,Prob116_m2014_q3,combinational,0,9d8513f7-7488-4a2a-8eb2-8debce79e0d9,initial,generation_log,0.396908462867,0.595362694301,4,1.79e-06,0,5,0.000193,0,0.2,0.990725388601,0,/workspace/exp/natural_qd_push/p0_v2_anchor_20260703_041511_UTC/live/smooth_qd_v2_8x5/seed_1001/openai_gpt-oss-120b/VerilogEval-Spec-to-RTL/Prob116_m2014_q3/Gen0/Prob116_m2014_q3_sample8_initial,
smooth_qd_v2_8x5,VerilogEval-Spec-to-RTL,Prob116_m2014_q3,combinational,1,f0891a7e-05a3-4cd4-8dc4-18297f804a2a,M-E,generation_log,0.464404145078,0.696606217617,3,1.31e-06,0,5,0.000193,0,0.4,0.993212435233,0,/workspace/exp/natural_qd_push/p0_v2_anchor_20260703_041511_UTC/live/smooth_qd_v2_8x5/seed_1001/openai_gpt-oss-120b/VerilogEval-Spec-to-RTL/Prob116_m2014_q3/Gen1/Prob116_m2014_q3_sample5_M-E,
smooth_qd_v2_8x5,VerilogEval-Spec-to-RTL,Prob116_m2014_q3,combinational,1,1bf8d228-8c16-41d3-9761-d0a272f00ce6,M-R,generation_log,0.396908462867,0.595362694301,4,1.79e-06,0,5,0.000193,0,0.2,0.990725388601,0,/workspace/exp/natural_qd_push/p0_v2_anchor_20260703_041511_UTC/live/smooth_qd_v2_8x5/seed_1001/openai_gpt-oss-120b/VerilogEval-Spec-to-RTL/Prob116_m2014_q3/Gen1/Prob116_m2014_q3_sample6_M-R,
smooth_qd_v2_8x5,VerilogEval-Spec-to-RTL,Prob116_m2014_q3,combinational,1,927981b0-367c-48d2-8797-5c022fc929e7,M-I,generation_log,0.464369602763,0.696554404145,3,1.33e-06,0,5,0.000193,0,0.4,0.99310880829,0,/workspace/exp/natural_qd_push/p0_v2_anchor_20260703_041511_UTC/live/smooth_qd_v2_8x5/seed_1001/openai_gpt-oss-120b/VerilogEval-Spec-to-RTL/Prob116_m2014_q3/Gen1/Prob116_m2014_q3_sample7_M-I,
smooth_qd_v2_8x5,VerilogEval-Spec-to-RTL,Prob116_m2014_q3,combinational,1,fa34b6d6-cb34-4c8f-b17c-0478d14fadf9,M-S,generation_log,0.464369602763,0.696554404145,3,1.33e-06,0,5,0.000193,0,0.4,0.99310880829,0,/workspace/exp/natural_qd_push/p0_v2_anchor_20260703_041511_UTC/live/smooth_qd_v2_8x5/seed_1001/openai_gpt-oss-120b/VerilogEval-Spec-to-RTL/Prob116_m2014_q3/Gen1/Prob116_m2014_q3_sample8_M-S,
smooth_qd_v2_8x5,VerilogEval-Spec-to-RTL,Prob116_m2014_q3,combinational,2,5ced61de-bcdc-44d2-9f2a-ec6bfc510207,initial,generation_log,0.465352331606,0.698028497409,3,7.61e-07,0,5,0.000193,0,0.4,0.996056994819,0,/workspace/exp/natural_qd_push/p0_v2_anchor_20260703_041511_UTC/live/smooth_qd_v2_8x5/seed_1001/openai_gpt-oss-120b/VerilogEval-Spec-to-RTL/Prob116_m2014_q3/Gen2/Prob116_m2014_q3_sample1_initial,
smooth_qd_v2_8x5,VerilogEval-Spec-to-RTL,Prob116_m2014_q3,combinational,2,ac3bb02e-bca8-486e-aead-a09f474ac60c,initial,generation_log,0.330535405872,0.495803108808,5,1.62e-06,0,5,0.000193,0,0,0.991606217617,0,/workspace/exp/natural_qd_push/p0_v2_anchor_20260703_041511_UTC/live/smooth_qd_v2_8x5/seed_1001/openai_gpt-oss-120b/VerilogEval-Spec-to-RTL/Prob116_m2014_q3/Gen2/Prob116_m2014_q3_sample2_initial,
smooth_qd_v2_8x5,VerilogEval-Spec-to-RTL,Prob116_m2014_q3,combinational,2,65229e20-6ee4-4c2f-97f0-07088d656e69,M-F,generation_log,0.397858376511,0.596787564767,4,1.24e-06,0,5,0.000193,0,0.2,0.993575129534,0,/workspace/exp/natural_qd_push/p0_v2_anchor_20260703_041511_UTC/live/smooth_qd_v2_8x5/seed_1001/openai_gpt-oss-120b/VerilogEval-Spec-to-RTL/Prob116_m2014_q3/Gen2/Prob116_m2014_q3_sample2_M-F,
smooth_qd_v2_8x5,VerilogEval-Spec-to-RTL,Prob116_m2014_q3,combinational,2,d426c18b-9b6b-45b7-a066-4568da61ab14,C-F,generation_log,0.464369602763,0.696554404145,3,1.33e-06,0,5,0.000193,0,0.4,0.99310880829,0,/workspace/exp/natural_qd_push/p0_v2_anchor_20260703_041511_UTC/live/smooth_qd_v2_8x5/seed_1001/openai_gpt-oss-120b/VerilogEval-Spec-to-RTL/Prob116_m2014_q3/Gen2/Prob116_m2014_q3_sample4_C-F,
smooth_qd_v2_8x5,VerilogEval-Spec-to-RTL,Prob116_m2014_q3,combinational,2,4a523204-9a3c-43c9-9315-7a582b42ee99,M-R,generation_log,0.396908462867,0.595362694301,4,1.79e-06,0,5,0.000193,0,0.2,0.990725388601,0,/workspace/exp/natural_qd_push/p0_v2_anchor_20260703_041511_UTC/live/smooth_qd_v2_8x5/seed_1001/openai_gpt-oss-120b/VerilogEval-Spec-to-RTL/Prob116_m2014_q3/Gen2/Prob116_m2014_q3_sample6_M-R,
smooth_qd_v2_8x5,VerilogEval-Spec-to-RTL,Prob116_m2014_q3,combinational,3,ad6458c8-7828-4bd6-b9e8-14af297cb62b,M-R,generation_log,0.397858376511,0.596787564767,4,1.24e-06,0,5,0.000193,0,0.2,0.993575129534,0,/workspace/exp/natural_qd_push/p0_v2_anchor_20260703_041511_UTC/live/smooth_qd_v2_8x5/seed_1001/openai_gpt-oss-120b/VerilogEval-Spec-to-RTL/Prob116_m2014_q3/Gen3/Prob116_m2014_q3_sample2_M-R,
smooth_qd_v2_8x5,VerilogEval-Spec-to-RTL,Prob116_m2014_q3,combinational,3,96678ef8-fdc6-460c-afba-433f90dc7ef5,C-F,generation_log,0.397858376511,0.596787564767,4,1.24e-06,0,5,0.000193,0,0.2,0.993575129534,0,/workspace/exp/natural_qd_push/p0_v2_anchor_20260703_041511_UTC/live/smooth_qd_v2_8x5/seed_1001/openai_gpt-oss-120b/VerilogEval-Spec-to-RTL/Prob116_m2014_q3/Gen3/Prob116_m2014_q3_sample3_C-F,
smooth_qd_v2_8x5,VerilogEval-Spec-to-RTL,Prob116_m2014_q3,combinational,3,49a4362b-2ab1-469e-9ef9-2f97bdc9f540,C-F,generation_log,0.464369602763,0.696554404145,3,1.33e-06,0,5,0.000193,0,0.4,0.99310880829,0,/workspace/exp/natural_qd_push/p0_v2_anchor_20260703_041511_UTC/live/smooth_qd_v2_8x5/seed_1001/openai_gpt-oss-120b/VerilogEval-Spec-to-RTL/Prob116_m2014_q3/Gen3/Prob116_m2014_q3_sample4_C-F,
smooth_qd_v2_8x5,VerilogEval-Spec-to-RTL,Prob116_m2014_q3,combinational,3,c52b3db3-d134-4d08-ad64-fcb5e129de45,C-F,generation_log,0.397962003454,0.596943005181,4,1.18e-06,0,5,0.000193,0,0.2,0.993886010363,0,/workspace/exp/natural_qd_push/p0_v2_anchor_20260703_041511_UTC/live/smooth_qd_v2_8x5/seed_1001/openai_gpt-oss-120b/VerilogEval-Spec-to-RTL/Prob116_m2014_q3/Gen3/Prob116_m2014_q3_sample5_C-F,
smooth_qd_v2_8x5,VerilogEval-Spec-to-RTL,Prob116_m2014_q3,combinational,3,da1d20ef-5e35-426a-94e8-88265c932bbe,C-F,generation_log,0.464369602763,0.696554404145,3,1.33e-06,0,5,0.000193,0,0.4,0.99310880829,0,/workspace/exp/natural_qd_push/p0_v2_anchor_20260703_041511_UTC/live/smooth_qd_v2_8x5/seed_1001/openai_gpt-oss-120b/VerilogEval-Spec-to-RTL/Prob116_m2014_q3/Gen3/Prob116_m2014_q3_sample6_C-F,
smooth_qd_v2_8x5,VerilogEval-Spec-to-RTL,Prob116_m2014_q3,combinational,4,6d007af6-37e0-4c2a-b3f4-504b9f88ae49,C-F,generation_log,0.464369602763,0.696554404145,3,1.33e-06,0,5,0.000193,0,0.4,0.99310880829,0,/workspace/exp/natural_qd_push/p0_v2_anchor_20260703_041511_UTC/live/smooth_qd_v2_8x5/seed_1001/openai_gpt-oss-120b/VerilogEval-Spec-to-RTL/Prob116_m2014_q3/Gen4/Prob116_m2014_q3_sample1_C-F,
smooth_qd_v2_8x5,VerilogEval-Spec-to-RTL,Prob116_m2014_q3,combinational,4,3d13b7b1-ec28-40f8-b9e5-7dd251729ffc,C-F,generation_log,0.465352331606,0.698028497409,3,7.61e-07,0,5,0.000193,0,0.4,0.996056994819,0,/workspace/exp/natural_qd_push/p0_v2_anchor_20260703_041511_UTC/live/smooth_qd_v2_8x5/seed_1001/openai_gpt-oss-120b/VerilogEval-Spec-to-RTL/Prob116_m2014_q3/Gen4/Prob116_m2014_q3_sample2_C-F,
smooth_qd_v2_8x5,VerilogEval-Spec-to-RTL,Prob116_m2014_q3,combinational,4,80292c7d-6f90-48c2-bf32-c104b0491462,M-I,generation_log,0.397996545769,0.596994818653,4,1.16e-06,0,5,0.000193,0,0.2,0.993989637306,0,/workspace/exp/natural_qd_push/p0_v2_anchor_20260703_041511_UTC/live/smooth_qd_v2_8x5/seed_1001/openai_gpt-oss-120b/VerilogEval-Spec-to-RTL/Prob116_m2014_q3/Gen4/Prob116_m2014_q3_sample3_M-I,
smooth_qd_v2_8x5,VerilogEval-Spec-to-RTL,Prob116_m2014_q3,combinational,4,ba505c9d-a02f-4749-8397-9c36d443f5bd,C-F,generation_log,0.465352331606,0.698028497409,3,7.61e-07,0,5,0.000193,0,0.4,0.996056994819,0,/workspace/exp/natural_qd_push/p0_v2_anchor_20260703_041511_UTC/live/smooth_qd_v2_8x5/seed_1001/openai_gpt-oss-120b/VerilogEval-Spec-to-RTL/Prob116_m2014_q3/Gen4/Prob116_m2014_q3_sample4_C-F,
smooth_qd_v2_8x5,VerilogEval-Spec-to-RTL,Prob116_m2014_q3,combinational,4,ba92b505-b1ce-441e-90d9-ac91a0b269cc,C-F,generation_log,0.465352331606,0.698028497409,3,7.61e-07,0,5,0.000193,0,0.4,0.996056994819,0,/workspace/exp/natural_qd_push/p0_v2_anchor_20260703_041511_UTC/live/smooth_qd_v2_8x5/seed_1001/openai_gpt-oss-120b/VerilogEval-Spec-to-RTL/Prob116_m2014_q3/Gen4/Prob116_m2014_q3_sample7_C-F,
smooth_qd_v2_8x5,VerilogEval-Spec-to-RTL,Prob116_m2014_q3,combinational,4,cfa16582-c75c-46df-be03-ad8634b7114c,C-F,generation_log,0.465352331606,0.698028497409,3,7.61e-07,0,5,0.000193,0,0.4,0.996056994819,0,/workspace/exp/natural_qd_push/p0_v2_anchor_20260703_041511_UTC/live/smooth_qd_v2_8x5/seed_1001/openai_gpt-oss-120b/VerilogEval-Spec-to-RTL/Prob116_m2014_q3/Gen4/Prob116_m2014_q3_sample8_C-F,
smooth_qd_v2_8x5,VerilogEval-Spec-to-RTL,Prob116_m2014_q3,combinational,5,1aa8755b-8cac-44e9-a698-2c848f77520f,M-R,generation_log,0.465352331606,0.698028497409,3,7.61e-07,0,5,0.000193,0,0.4,0.996056994819,0,/workspace/exp/natural_qd_push/p0_v2_anchor_20260703_041511_UTC/live/smooth_qd_v2_8x5/seed_1001/openai_gpt-oss-120b/VerilogEval-Spec-to-RTL/Prob116_m2014_q3/Gen5/Prob116_m2014_q3_sample1_M-R,
smooth_qd_v2_8x5,VerilogEval-Spec-to-RTL,Prob116_m2014_q3,combinational,5,86b1625b-56be-44b6-aa59-7b458a59c856,M-S,generation_log,0.465352331606,0.698028497409,3,7.61e-07,0,5,0.000193,0,0.4,0.996056994819,0,/workspace/exp/natural_qd_push/p0_v2_anchor_20260703_041511_UTC/live/smooth_qd_v2_8x5/seed_1001/openai_gpt-oss-120b/VerilogEval-Spec-to-RTL/Prob116_m2014_q3/Gen5/Prob116_m2014_q3_sample3_M-S,
smooth_qd_v2_8x5,VerilogEval-Spec-to-RTL,Prob116_m2014_q3,combinational,5,245f6574-643a-4547-8d80-8d8b2b60f259,C-F,generation_log,0.397858376511,0.596787564767,4,1.24e-06,0,5,0.000193,0,0.2,0.993575129534,0,/workspace/exp/natural_qd_push/p0_v2_anchor_20260703_041511_UTC/live/smooth_qd_v2_8x5/seed_1001/openai_gpt-oss-120b/VerilogEval-Spec-to-RTL/Prob116_m2014_q3/Gen5/Prob116_m2014_q3_sample4_C-F,
smooth_qd_v2_8x5,VerilogEval-Spec-to-RTL,Prob116_m2014_q3,combinational,5,cb4b8925-56a8-4ca9-8cc8-dd83419dbd61,C-F,generation_log,0.465352331606,0.698028497409,3,7.61e-07,0,5,0.000193,0,0.4,0.996056994819,0,/workspace/exp/natural_qd_push/p0_v2_anchor_20260703_041511_UTC/live/smooth_qd_v2_8x5/seed_1001/openai_gpt-oss-120b/VerilogEval-Spec-to-RTL/Prob116_m2014_q3/Gen5/Prob116_m2014_q3_sample5_C-F,
smooth_qd_v2_8x5,VerilogEval-Spec-to-RTL,Prob116_m2014_q3,combinational,5,6337f45f-f304-4c2d-9ce8-f8cd0c8b60f0,M-I,generation_log,0.397858376511,0.596787564767,4,1.24e-06,0,5,0.000193,0,0.2,0.993575129534,0,/workspace/exp/natural_qd_push/p0_v2_anchor_20260703_041511_UTC/live/smooth_qd_v2_8x5/seed_1001/openai_gpt-oss-120b/VerilogEval-Spec-to-RTL/Prob116_m2014_q3/Gen5/Prob116_m2014_q3_sample6_M-I,
smooth_qd_v2_8x5,VerilogEval-Spec-to-RTL,Prob116_m2014_q3,combinational,5,3cd94c84-591d-4df8-a715-352575bd9363,C-F,generation_log,0.465352331606,0.698028497409,3,7.61e-07,0,5,0.000193,0,0.4,0.996056994819,0,/workspace/exp/natural_qd_push/p0_v2_anchor_20260703_041511_UTC/live/smooth_qd_v2_8x5/seed_1001/openai_gpt-oss-120b/VerilogEval-Spec-to-RTL/Prob116_m2014_q3/Gen5/Prob116_m2014_q3_sample7_C-F,
smooth_qd_v2_8x5,VerilogEval-Spec-to-RTL,Prob135_m2014_q6b,combinational,0,c05f0d24-406b-46dd-86eb-aea82803510b,initial,generation_log,0.196143497758,0.294215246637,7,2.58e-06,0,5,0.000223,0,-0.4,0.988430493274,0,/workspace/exp/natural_qd_push/p0_v2_anchor_20260703_041511_UTC/live/smooth_qd_v2_8x5/seed_1001/openai_gpt-oss-120b/VerilogEval-Spec-to-RTL/Prob135_m2014_q6b/Gen0/Prob135_m2014_q6b_sample2_initial,
smooth_qd_v2_8x5,VerilogEval-Spec-to-RTL,Prob135_m2014_q6b,combinational,0,e0001ccb-1073-495e-9738-bd338de15618,initial,generation_log,0.196143497758,0.294215246637,7,2.58e-06,0,5,0.000223,0,-0.4,0.988430493274,0,/workspace/exp/natural_qd_push/p0_v2_anchor_20260703_041511_UTC/live/smooth_qd_v2_8x5/seed_1001/openai_gpt-oss-120b/VerilogEval-Spec-to-RTL/Prob135_m2014_q6b/Gen0/Prob135_m2014_q6b_sample4_initial,
smooth_qd_v2_8x5,VerilogEval-Spec-to-RTL,Prob135_m2014_q6b,combinational,0,f5e9e410-4ccf-4feb-a4da-8b7a99ba85e7,initial,generation_log,0.263617339312,0.395426008969,6,2.04e-06,0,5,0.000223,0,-0.2,0.990852017937,0,/workspace/exp/natural_qd_push/p0_v2_anchor_20260703_041511_UTC/live/smooth_qd_v2_8x5/seed_1001/openai_gpt-oss-120b/VerilogEval-Spec-to-RTL/Prob135_m2014_q6b/Gen0/Prob135_m2014_q6b_sample6_initial,
smooth_qd_v2_8x5,VerilogEval-Spec-to-RTL,Prob135_m2014_q6b,combinational,0,52b837d7-e6e4-4912-9be1-dc0264b7feb6,initial,generation_log,0.263617339312,0.395426008969,6,2.04e-06,0,5,0.000223,0,-0.2,0.990852017937,0,/workspace/exp/natural_qd_push/p0_v2_anchor_20260703_041511_UTC/live/smooth_qd_v2_8x5/seed_1001/openai_gpt-oss-120b/VerilogEval-Spec-to-RTL/Prob135_m2014_q6b/Gen0/Prob135_m2014_q6b_sample7_initial,
smooth_qd_v2_8x5,VerilogEval-Spec-to-RTL,Prob135_m2014_q6b,combinational,0,43a0e6fc-3f8d-4f19-be05-aad03c5f6545,initial,generation_log,0.196143497758,0.294215246637,7,2.58e-06,0,5,0.000223,0,-0.4,0.988430493274,0,/workspace/exp/natural_qd_push/p0_v2_anchor_20260703_041511_UTC/live/smooth_qd_v2_8x5/seed_1001/openai_gpt-oss-120b/VerilogEval-Spec-to-RTL/Prob135_m2014_q6b/Gen0/Prob135_m2014_q6b_sample8_initial,
smooth_qd_v2_8x5,VerilogEval-Spec-to-RTL,Prob135_m2014_q6b,combinational,1,392e45e5-6887-40fc-beb3-082f6e70f708,M-S,generation_log,0.196143497758,0.294215246637,7,2.58e-06,0,5,0.000223,0,-0.4,0.988430493274,0,/workspace/exp/natural_qd_push/p0_v2_anchor_20260703_041511_UTC/live/smooth_qd_v2_8x5/seed_1001/openai_gpt-oss-120b/VerilogEval-Spec-to-RTL/Prob135_m2014_q6b/Gen1/Prob135_m2014_q6b_sample2_M-S,
smooth_qd_v2_8x5,VerilogEval-Spec-to-RTL,Prob135_m2014_q6b,combinational,1,e98931bb-8d25-4c2d-9f57-c958dab97f51,M-E,generation_log,0.26312406577,0.394686098655,6,2.37e-06,0,5,0.000223,0,-0.2,0.989372197309,0,/workspace/exp/natural_qd_push/p0_v2_anchor_20260703_041511_UTC/live/smooth_qd_v2_8x5/seed_1001/openai_gpt-oss-120b/VerilogEval-Spec-to-RTL/Prob135_m2014_q6b/Gen1/Prob135_m2014_q6b_sample4_M-E,
smooth_qd_v2_8x5,VerilogEval-Spec-to-RTL,Prob135_m2014_q6b,combinational,1,597bed15-0da1-4b48-8b19-c6bbe9b5bd39,M-S,generation_log,0.263617339312,0.395426008969,6,2.04e-06,0,5,0.000223,0,-0.2,0.990852017937,0,/workspace/exp/natural_qd_push/p0_v2_anchor_20260703_041511_UTC/live/smooth_qd_v2_8x5/seed_1001/openai_gpt-oss-120b/VerilogEval-Spec-to-RTL/Prob135_m2014_q6b/Gen1/Prob135_m2014_q6b_sample5_M-S,
smooth_qd_v2_8x5,VerilogEval-Spec-to-RTL,Prob135_m2014_q6b,combinational,1,4a0d7424-bd35-4423-bb86-112ac77e83f3,M-R,generation_log,0.196143497758,0.294215246637,7,2.58e-06,0,5,0.000223,0,-0.4,0.988430493274,0,/workspace/exp/natural_qd_push/p0_v2_anchor_20260703_041511_UTC/live/smooth_qd_v2_8x5/seed_1001/openai_gpt-oss-120b/VerilogEval-Spec-to-RTL/Prob135_m2014_q6b/Gen1/Prob135_m2014_q6b_sample6_M-R,
smooth_qd_v2_8x5,VerilogEval-Spec-to-RTL,Prob135_m2014_q6b,combinational,1,a9a7342f-9ba3-4819-bacd-e70a54bbfc43,M-I,generation_log,0.196143497758,0.294215246637,7,2.58e-06,0,5,0.000223,0,-0.4,0.988430493274,0,/workspace/exp/natural_qd_push/p0_v2_anchor_20260703_041511_UTC/live/smooth_qd_v2_8x5/seed_1001/openai_gpt-oss-120b/VerilogEval-Spec-to-RTL/Prob135_m2014_q6b/Gen1/Prob135_m2014_q6b_sample7_M-I,
smooth_qd_v2_8x5,VerilogEval-Spec-to-RTL,Prob135_m2014_q6b,combinational,1,74d06303-e484-466c-9023-2601bb4742c4,M-E,generation_log,0.26312406577,0.394686098655,6,2.37e-06,0,5,0.000223,0,-0.2,0.989372197309,0,/workspace/exp/natural_qd_push/p0_v2_anchor_20260703_041511_UTC/live/smooth_qd_v2_8x5/seed_1001/openai_gpt-oss-120b/VerilogEval-Spec-to-RTL/Prob135_m2014_q6b/Gen1/Prob135_m2014_q6b_sample8_M-E,
smooth_qd_v2_8x5,VerilogEval-Spec-to-RTL,Prob135_m2014_q6b,combinational,2,46509943-05a5-46f4-9d55-366601876d5a,M-S,generation_log,0.264140508221,0.396210762332,6,1.69e-06,0,5,0.000223,0,-0.2,0.992421524664,0,/workspace/exp/natural_qd_push/p0_v2_anchor_20260703_041511_UTC/live/smooth_qd_v2_8x5/seed_1001/openai_gpt-oss-120b/VerilogEval-Spec-to-RTL/Prob135_m2014_q6b/Gen2/Prob135_m2014_q6b_sample1_M-S,
smooth_qd_v2_8x5,VerilogEval-Spec-to-RTL,Prob135_m2014_q6b,combinational,2,1d738348-aa2d-497e-91a3-178ce9329f4e,C-F,generation_log,0.263617339312,0.395426008969,6,2.04e-06,0,5,0.000223,0,-0.2,0.990852017937,0,/workspace/exp/natural_qd_push/p0_v2_anchor_20260703_041511_UTC/live/smooth_qd_v2_8x5/seed_1001/openai_gpt-oss-120b/VerilogEval-Spec-to-RTL/Prob135_m2014_q6b/Gen2/Prob135_m2014_q6b_sample2_C-F,
smooth_qd_v2_8x5,VerilogEval-Spec-to-RTL,Prob135_m2014_q6b,combinational,2,b26f08b4-bd56-48d2-a60d-2be89a81a9e3,C-F,generation_log,0.196143497758,0.294215246637,7,2.58e-06,0,5,0.000223,0,-0.4,0.988430493274,0,/workspace/exp/natural_qd_push/p0_v2_anchor_20260703_041511_UTC/live/smooth_qd_v2_8x5/seed_1001/openai_gpt-oss-120b/VerilogEval-Spec-to-RTL/Prob135_m2014_q6b/Gen2/Prob135_m2014_q6b_sample3_C-F,
smooth_qd_v2_8x5,VerilogEval-Spec-to-RTL,Prob135_m2014_q6b,combinational,2,da313537-2f4f-4845-a481-fcba7a9e1011,C-F,generation_log,0.263617339312,0.395426008969,6,2.04e-06,0,5,0.000223,0,-0.2,0.990852017937,0,/workspace/exp/natural_qd_push/p0_v2_anchor_20260703_041511_UTC/live/smooth_qd_v2_8x5/seed_1001/openai_gpt-oss-120b/VerilogEval-Spec-to-RTL/Prob135_m2014_q6b/Gen2/Prob135_m2014_q6b_sample4_C-F,
smooth_qd_v2_8x5,VerilogEval-Spec-to-RTL,Prob135_m2014_q6b,combinational,2,3c524597-85b9-4f14-bbd6-c69993e18a99,M-I,generation_log,0.264140508221,0.396210762332,6,1.69e-06,0,5,0.000223,0,-0.2,0.992421524664,0,/workspace/exp/natural_qd_push/p0_v2_anchor_20260703_041511_UTC/live/smooth_qd_v2_8x5/seed_1001/openai_gpt-oss-120b/VerilogEval-Spec-to-RTL/Prob135_m2014_q6b/Gen2/Prob135_m2014_q6b_sample5_M-I,
smooth_qd_v2_8x5,VerilogEval-Spec-to-RTL,Prob135_m2014_q6b,combinational,2,2ab77b4e-92e1-450c-aabf-7d3471139af3,M-E,generation_log,0.26312406577,0.394686098655,6,2.37e-06,0,5,0.000223,0,-0.2,0.989372197309,0,/workspace/exp/natural_qd_push/p0_v2_anchor_20260703_041511_UTC/live/smooth_qd_v2_8x5/seed_1001/openai_gpt-oss-120b/VerilogEval-Spec-to-RTL/Prob135_m2014_q6b/Gen2/Prob135_m2014_q6b_sample6_M-E,
smooth_qd_v2_8x5,VerilogEval-Spec-to-RTL,Prob135_m2014_q6b,combinational,2,95fb8ac1-6fca-4c88-8b09-0b0d23c26824,C-F,generation_log,0.264140508221,0.396210762332,6,1.69e-06,0,5,0.000223,0,-0.2,0.992421524664,0,/workspace/exp/natural_qd_push/p0_v2_anchor_20260703_041511_UTC/live/smooth_qd_v2_8x5/seed_1001/openai_gpt-oss-120b/VerilogEval-Spec-to-RTL/Prob135_m2014_q6b/Gen2/Prob135_m2014_q6b_sample7_C-F,
smooth_qd_v2_8x5,VerilogEval-Spec-to-RTL,Prob135_m2014_q6b,combinational,2,a71c56e7-f871-4cad-bf13-d18ade25b642,C-F,generation_log,0.263617339312,0.395426008969,6,2.04e-06,0,5,0.000223,0,-0.2,0.990852017937,0,/workspace/exp/natural_qd_push/p0_v2_anchor_20260703_041511_UTC/live/smooth_qd_v2_8x5/seed_1001/openai_gpt-oss-120b/VerilogEval-Spec-to-RTL/Prob135_m2014_q6b/Gen2/Prob135_m2014_q6b_sample8_C-F,
smooth_qd_v2_8x5,VerilogEval-Spec-to-RTL,Prob135_m2014_q6b,combinational,3,e5f6fb45-ff7d-498a-844b-57e572c52c4d,M-E,generation_log,0.263617339312,0.395426008969,6,2.04e-06,0,5,0.000223,0,-0.2,0.990852017937,0,/workspace/exp/natural_qd_push/p0_v2_anchor_20260703_041511_UTC/live/smooth_qd_v2_8x5/seed_1001/openai_gpt-oss-120b/VerilogEval-Spec-to-RTL/Prob135_m2014_q6b/Gen3/Prob135_m2014_q6b_sample1_M-E,
smooth_qd_v2_8x5,VerilogEval-Spec-to-RTL,Prob135_m2014_q6b,combinational,3,6c2aa973-d263-4346-b6d8-d376742e1405,C-F,generation_log,0.196143497758,0.294215246637,7,2.58e-06,0,5,0.000223,0,-0.4,0.988430493274,0,/workspace/exp/natural_qd_push/p0_v2_anchor_20260703_041511_UTC/live/smooth_qd_v2_8x5/seed_1001/openai_gpt-oss-120b/VerilogEval-Spec-to-RTL/Prob135_m2014_q6b/Gen3/Prob135_m2014_q6b_sample2_C-F,
smooth_qd_v2_8x5,VerilogEval-Spec-to-RTL,Prob135_m2014_q6b,combinational,3,82cffff9-2ad8-4a62-9cda-731dfcaf3c03,M-I,generation_log,0.263617339312,0.395426008969,6,2.04e-06,0,5,0.000223,0,-0.2,0.990852017937,0,/workspace/exp/natural_qd_push/p0_v2_anchor_20260703_041511_UTC/live/smooth_qd_v2_8x5/seed_1001/openai_gpt-oss-120b/VerilogEval-Spec-to-RTL/Prob135_m2014_q6b/Gen3/Prob135_m2014_q6b_sample3_M-I,
smooth_qd_v2_8x5,VerilogEval-Spec-to-RTL,Prob135_m2014_q6b,combinational,3,a1567466-b56c-415d-8e5d-fc8f13424bd5,M-S,generation_log,0.196143497758,0.294215246637,7,2.58e-06,0,5,0.000223,0,-0.4,0.988430493274,0,/workspace/exp/natural_qd_push/p0_v2_anchor_20260703_041511_UTC/live/smooth_qd_v2_8x5/seed_1001/openai_gpt-oss-120b/VerilogEval-Spec-to-RTL/Prob135_m2014_q6b/Gen3/Prob135_m2014_q6b_sample4_M-S,
smooth_qd_v2_8x5,VerilogEval-Spec-to-RTL,Prob135_m2014_q6b,combinational,3,aa4e310b-5edb-4802-bd21-ee64adcb72b2,C-F,generation_log,0.196143497758,0.294215246637,7,2.58e-06,0,5,0.000223,0,-0.4,0.988430493274,0,/workspace/exp/natural_qd_push/p0_v2_anchor_20260703_041511_UTC/live/smooth_qd_v2_8x5/seed_1001/openai_gpt-oss-120b/VerilogEval-Spec-to-RTL/Prob135_m2014_q6b/Gen3/Prob135_m2014_q6b_sample5_C-F,
smooth_qd_v2_8x5,VerilogEval-Spec-to-RTL,Prob135_m2014_q6b,combinational,3,6ac0a401-99a4-42ef-9401-340942f395e6,M-R,generation_log,0.263617339312,0.395426008969,6,2.04e-06,0,5,0.000223,0,-0.2,0.990852017937,0,/workspace/exp/natural_qd_push/p0_v2_anchor_20260703_041511_UTC/live/smooth_qd_v2_8x5/seed_1001/openai_gpt-oss-120b/VerilogEval-Spec-to-RTL/Prob135_m2014_q6b/Gen3/Prob135_m2014_q6b_sample6_M-R,
smooth_qd_v2_8x5,VerilogEval-Spec-to-RTL,Prob135_m2014_q6b,combinational,3,f9583a4f-9e04-4ea9-af66-33f6b29a0a62,M-I,generation_log,0.263617339312,0.395426008969,6,2.04e-06,0,5,0.000223,0,-0.2,0.990852017937,0,/workspace/exp/natural_qd_push/p0_v2_anchor_20260703_041511_UTC/live/smooth_qd_v2_8x5/seed_1001/openai_gpt-oss-120b/VerilogEval-Spec-to-RTL/Prob135_m2014_q6b/Gen3/Prob135_m2014_q6b_sample7_M-I,
smooth_qd_v2_8x5,VerilogEval-Spec-to-RTL,Prob135_m2014_q6b,combinational,3,fc392a59-e8c1-4632-9553-18153820b82f,C-F,generation_log,0.264140508221,0.396210762332,6,1.69e-06,0,5,0.000223,0,-0.2,0.992421524664,0,/workspace/exp/natural_qd_push/p0_v2_anchor_20260703_041511_UTC/live/smooth_qd_v2_8x5/seed_1001/openai_gpt-oss-120b/VerilogEval-Spec-to-RTL/Prob135_m2014_q6b/Gen3/Prob135_m2014_q6b_sample8_C-F,
smooth_qd_v2_8x5,VerilogEval-Spec-to-RTL,Prob135_m2014_q6b,combinational,4,0adfe93f-99bd-4768-9e03-e2bbef1b1c92,M-I,generation_log,0.264140508221,0.396210762332,6,1.69e-06,0,5,0.000223,0,-0.2,0.992421524664,0,/workspace/exp/natural_qd_push/p0_v2_anchor_20260703_041511_UTC/live/smooth_qd_v2_8x5/seed_1001/openai_gpt-oss-120b/VerilogEval-Spec-to-RTL/Prob135_m2014_q6b/Gen4/Prob135_m2014_q6b_sample1_M-I,
smooth_qd_v2_8x5,VerilogEval-Spec-to-RTL,Prob135_m2014_q6b,combinational,4,06544197-4b6d-49f8-a290-9a943187ad96,M-S,generation_log,0.263617339312,0.395426008969,6,2.04e-06,0,5,0.000223,0,-0.2,0.990852017937,0,/workspace/exp/natural_qd_push/p0_v2_anchor_20260703_041511_UTC/live/smooth_qd_v2_8x5/seed_1001/openai_gpt-oss-120b/VerilogEval-Spec-to-RTL/Prob135_m2014_q6b/Gen4/Prob135_m2014_q6b_sample2_M-S,
smooth_qd_v2_8x5,VerilogEval-Spec-to-RTL,Prob135_m2014_q6b,combinational,4,49c5c4d3-f9b5-4233-9124-b3c3a056d74c,C-F,generation_log,0.196143497758,0.294215246637,7,2.58e-06,0,5,0.000223,0,-0.4,0.988430493274,0,/workspace/exp/natural_qd_push/p0_v2_anchor_20260703_041511_UTC/live/smooth_qd_v2_8x5/seed_1001/openai_gpt-oss-120b/VerilogEval-Spec-to-RTL/Prob135_m2014_q6b/Gen4/Prob135_m2014_q6b_sample3_C-F,
smooth_qd_v2_8x5,VerilogEval-Spec-to-RTL,Prob135_m2014_q6b,combinational,4,78f501e7-fa4a-4610-91c1-87ea54da7763,C-F,generation_log,0.264140508221,0.396210762332,6,1.69e-06,0,5,0.000223,0,-0.2,0.992421524664,0,/workspace/exp/natural_qd_push/p0_v2_anchor_20260703_041511_UTC/live/smooth_qd_v2_8x5/seed_1001/openai_gpt-oss-120b/VerilogEval-Spec-to-RTL/Prob135_m2014_q6b/Gen4/Prob135_m2014_q6b_sample4_C-F,
smooth_qd_v2_8x5,VerilogEval-Spec-to-RTL,Prob135_m2014_q6b,combinational,4,be41aafc-c887-4884-b652-6af026d1b498,C-F,generation_log,0.196143497758,0.294215246637,7,2.58e-06,0,5,0.000223,0,-0.4,0.988430493274,0,/workspace/exp/natural_qd_push/p0_v2_anchor_20260703_041511_UTC/live/smooth_qd_v2_8x5/seed_1001/openai_gpt-oss-120b/VerilogEval-Spec-to-RTL/Prob135_m2014_q6b/Gen4/Prob135_m2014_q6b_sample5_C-F,
smooth_qd_v2_8x5,VerilogEval-Spec-to-RTL,Prob135_m2014_q6b,combinational,4,2c0d71c1-d60b-402e-89b6-e4d16a94767f,M-E,generation_log,0.196143497758,0.294215246637,7,2.58e-06,0,5,0.000223,0,-0.4,0.988430493274,0,/workspace/exp/natural_qd_push/p0_v2_anchor_20260703_041511_UTC/live/smooth_qd_v2_8x5/seed_1001/openai_gpt-oss-120b/VerilogEval-Spec-to-RTL/Prob135_m2014_q6b/Gen4/Prob135_m2014_q6b_sample6_M-E,
smooth_qd_v2_8x5,VerilogEval-Spec-to-RTL,Prob135_m2014_q6b,combinational,4,0f36da47-6989-4e94-b546-a504c678e815,M-R,generation_log,0.264140508221,0.396210762332,6,1.69e-06,0,5,0.000223,0,-0.2,0.992421524664,0,/workspace/exp/natural_qd_push/p0_v2_anchor_20260703_041511_UTC/live/smooth_qd_v2_8x5/seed_1001/openai_gpt-oss-120b/VerilogEval-Spec-to-RTL/Prob135_m2014_q6b/Gen4/Prob135_m2014_q6b_sample7_M-R,
smooth_qd_v2_8x5,VerilogEval-Spec-to-RTL,Prob135_m2014_q6b,combinational,4,c5d01075-a1a5-474e-a8e8-824c5bcb3999,M-S,generation_log,0.263617339312,0.395426008969,6,2.04e-06,0,5,0.000223,0,-0.2,0.990852017937,0,/workspace/exp/natural_qd_push/p0_v2_anchor_20260703_041511_UTC/live/smooth_qd_v2_8x5/seed_1001/openai_gpt-oss-120b/VerilogEval-Spec-to-RTL/Prob135_m2014_q6b/Gen4/Prob135_m2014_q6b_sample8_M-S,
smooth_qd_v2_8x5,VerilogEval-Spec-to-RTL,Prob135_m2014_q6b,combinational,5,ce118308-0eca-4c92-8c4f-6d8aa0f3d00d,C-F,generation_log,0.196143497758,0.294215246637,7,2.58e-06,0,5,0.000223,0,-0.4,0.988430493274,0,/workspace/exp/natural_qd_push/p0_v2_anchor_20260703_041511_UTC/live/smooth_qd_v2_8x5/seed_1001/openai_gpt-oss-120b/VerilogEval-Spec-to-RTL/Prob135_m2014_q6b/Gen5/Prob135_m2014_q6b_sample1_C-F,
smooth_qd_v2_8x5,VerilogEval-Spec-to-RTL,Prob135_m2014_q6b,combinational,5,f8818376-28ad-4286-86c0-ab1a4383c17d,M-E,generation_log,0.26312406577,0.394686098655,6,2.37e-06,0,5,0.000223,0,-0.2,0.989372197309,0,/workspace/exp/natural_qd_push/p0_v2_anchor_20260703_041511_UTC/live/smooth_qd_v2_8x5/seed_1001/openai_gpt-oss-120b/VerilogEval-Spec-to-RTL/Prob135_m2014_q6b/Gen5/Prob135_m2014_q6b_sample2_M-E,
smooth_qd_v2_8x5,VerilogEval-Spec-to-RTL,Prob135_m2014_q6b,combinational,5,5fa15fa5-9c72-44b9-a583-4b41977c73de,C-F,generation_log,0.263617339312,0.395426008969,6,2.04e-06,0,5,0.000223,0,-0.2,0.990852017937,0,/workspace/exp/natural_qd_push/p0_v2_anchor_20260703_041511_UTC/live/smooth_qd_v2_8x5/seed_1001/openai_gpt-oss-120b/VerilogEval-Spec-to-RTL/Prob135_m2014_q6b/Gen5/Prob135_m2014_q6b_sample3_C-F,
smooth_qd_v2_8x5,VerilogEval-Spec-to-RTL,Prob135_m2014_q6b,combinational,5,2bf5dddf-dc2d-49c1-8329-dc0e654be1bb,C-F,generation_log,0.196143497758,0.294215246637,7,2.58e-06,0,5,0.000223,0,-0.4,0.988430493274,0,/workspace/exp/natural_qd_push/p0_v2_anchor_20260703_041511_UTC/live/smooth_qd_v2_8x5/seed_1001/openai_gpt-oss-120b/VerilogEval-Spec-to-RTL/Prob135_m2014_q6b/Gen5/Prob135_m2014_q6b_sample4_C-F,
smooth_qd_v2_8x5,VerilogEval-Spec-to-RTL,Prob135_m2014_q6b,combinational,5,40a2360f-6d8e-4ec9-a91c-73087987233c,M-I,generation_log,0.264140508221,0.396210762332,6,1.69e-06,0,5,0.000223,0,-0.2,0.992421524664,0,/workspace/exp/natural_qd_push/p0_v2_anchor_20260703_041511_UTC/live/smooth_qd_v2_8x5/seed_1001/openai_gpt-oss-120b/VerilogEval-Spec-to-RTL/Prob135_m2014_q6b/Gen5/Prob135_m2014_q6b_sample5_M-I,
smooth_qd_v2_8x5,VerilogEval-Spec-to-RTL,Prob135_m2014_q6b,combinational,5,8be63547-7dda-4c98-993f-4df6b84003fb,C-F,generation_log,0.264140508221,0.396210762332,6,1.69e-06,0,5,0.000223,0,-0.2,0.992421524664,0,/workspace/exp/natural_qd_push/p0_v2_anchor_20260703_041511_UTC/live/smooth_qd_v2_8x5/seed_1001/openai_gpt-oss-120b/VerilogEval-Spec-to-RTL/Prob135_m2014_q6b/Gen5/Prob135_m2014_q6b_sample6_C-F,
smooth_qd_v2_8x5,VerilogEval-Spec-to-RTL,Prob135_m2014_q6b,combinational,5,74315b26-d323-4787-ac2d-568782dc8567,M-R,generation_log,0.263617339312,0.395426008969,6,2.04e-06,0,5,0.000223,0,-0.2,0.990852017937,0,/workspace/exp/natural_qd_push/p0_v2_anchor_20260703_041511_UTC/live/smooth_qd_v2_8x5/seed_1001/openai_gpt-oss-120b/VerilogEval-Spec-to-RTL/Prob135_m2014_q6b/Gen5/Prob135_m2014_q6b_sample7_M-R,
smooth_qd_v2_8x5,VerilogEval-Spec-to-RTL,Prob135_m2014_q6b,combinational,5,58e5fa9c-4519-451f-a9d8-ca9c146ea528,M-S,generation_log,0.264140508221,0.396210762332,6,1.69e-06,0,5,0.000223,0,-0.2,0.992421524664,0,/workspace/exp/natural_qd_push/p0_v2_anchor_20260703_041511_UTC/live/smooth_qd_v2_8x5/seed_1001/openai_gpt-oss-120b/VerilogEval-Spec-to-RTL/Prob135_m2014_q6b/Gen5/Prob135_m2014_q6b_sample8_M-S,
smooth_qd_v2_8x5,VerilogEval-Spec-to-RTL,Prob153_gshare,sequential,0,fa7f31d8-979a-4f1b-b672-f07a7e6e58d3,initial,generation_log,-0.0177361717865,-0.0177361717865,3080,0.429,0.79,3025,0.437,0.75,-0.0181818181818,0.0183066361556,-0.0533333333333,/workspace/exp/natural_qd_push/p0_v2_anchor_20260703_041511_UTC/live/smooth_qd_v2_8x5/seed_1001/openai_gpt-oss-120b/VerilogEval-Spec-to-RTL/Prob153_gshare/Gen0/Prob153_gshare_sample8_initial,
smooth_qd_v2_8x5,VerilogEval-Spec-to-RTL,Prob153_gshare,sequential,1,e0ab3225-bbe9-457b-ac44-57f1e2330a8d,M-S,generation_log,0.1309222031,0.1309222031,2837,0.31,0.72,3025,0.437,0.75,0.0621487603306,0.29061784897,0.04,/workspace/exp/natural_qd_push/p0_v2_anchor_20260703_041511_UTC/live/smooth_qd_v2_8x5/seed_1001/openai_gpt-oss-120b/VerilogEval-Spec-to-RTL/Prob153_gshare/Gen1/Prob153_gshare_sample8_M-S,
smooth_qd_v2_8x5,VerilogEval-Spec-to-RTL,Prob153_gshare,sequential,2,8a69e151-5ef3-480d-b401-c96a948841e9,M-S,generation_log,-0.0177361717865,-0.0177361717865,3080,0.429,0.79,3025,0.437,0.75,-0.0181818181818,0.0183066361556,-0.0533333333333,/workspace/exp/natural_qd_push/p0_v2_anchor_20260703_041511_UTC/live/smooth_qd_v2_8x5/seed_1001/openai_gpt-oss-120b/VerilogEval-Spec-to-RTL/Prob153_gshare/Gen2/Prob153_gshare_sample5_M-S,
smooth_qd_v2_8x5,VerilogEval-Spec-to-RTL,Prob153_gshare,sequential,2,9028f431-8cf0-46d5-9493-5431e6b47423,M-I,generation_log,0.044478653815,0.044478653815,3124,0.411,0.67,3025,0.437,0.75,-0.0327272727273,0.0594965675057,0.106666666667,/workspace/exp/natural_qd_push/p0_v2_anchor_20260703_041511_UTC/live/smooth_qd_v2_8x5/seed_1001/openai_gpt-oss-120b/VerilogEval-Spec-to-RTL/Prob153_gshare/Gen2/Prob153_gshare_sample6_M-I,
smooth_qd_v2_8x5,VerilogEval-Spec-to-RTL,Prob153_gshare,sequential,4,915e6baa-ac1a-4e11-8147-058c8e588ffd,M-I,generation_log,0.0867044482688,0.0867044482688,2990,0.375,0.67,3025,0.437,0.75,0.0115702479339,0.141876430206,0.106666666667,/workspace/exp/natural_qd_push/p0_v2_anchor_20260703_041511_UTC/live/smooth_qd_v2_8x5/seed_1001/openai_gpt-oss-120b/VerilogEval-Spec-to-RTL/Prob153_gshare/Gen4/Prob153_gshare_sample2_M-I,
smooth_qd_v2_8x5,VerilogEval-Spec-to-RTL,Prob153_gshare,sequential,4,aa7e584e-3bc4-401a-a0da-67a595bc1eb0,M-S,generation_log,-0.0177361717865,-0.0177361717865,3080,0.429,0.79,3025,0.437,0.75,-0.0181818181818,0.0183066361556,-0.0533333333333,/workspace/exp/natural_qd_push/p0_v2_anchor_20260703_041511_UTC/live/smooth_qd_v2_8x5/seed_1001/openai_gpt-oss-120b/VerilogEval-Spec-to-RTL/Prob153_gshare/Gen4/Prob153_gshare_sample5_M-S,
smooth_qd_v2_8x5,VerilogEval-Spec-to-RTL,Prob153_gshare,sequential,4,74eb446c-3cad-4933-9af4-91acebb4edf7,M-I,generation_log,-0.0177361717865,-0.0177361717865,3080,0.429,0.79,3025,0.437,0.75,-0.0181818181818,0.0183066361556,-0.0533333333333,/workspace/exp/natural_qd_push/p0_v2_anchor_20260703_041511_UTC/live/smooth_qd_v2_8x5/seed_1001/openai_gpt-oss-120b/VerilogEval-Spec-to-RTL/Prob153_gshare/Gen4/Prob153_gshare_sample6_M-I,
smooth_qd_v2_8x5,VerilogEval-Spec-to-RTL,Prob153_gshare,sequential,4,7b4b2868-55b3-4893-8f93-8fdbbc2a2cd4,M-R,generation_log,0.0812021189637,0.0812021189637,3002,0.363,0.7,3025,0.437,0.75,0.00760330578512,0.169336384439,0.0666666666667,/workspace/exp/natural_qd_push/p0_v2_anchor_20260703_041511_UTC/live/smooth_qd_v2_8x5/seed_1001/openai_gpt-oss-120b/VerilogEval-Spec-to-RTL/Prob153_gshare/Gen4/Prob153_gshare_sample7_M-R,
smooth_qd_v2_8x5,VerilogEval-Spec-to-RTL,Prob153_gshare,sequential,5,592b2ff2-4f07-4483-90d2-01fef4311a51,C-F,generation_log,0.044478653815,0.044478653815,3124,0.411,0.67,3025,0.437,0.75,-0.0327272727273,0.0594965675057,0.106666666667,/workspace/exp/natural_qd_push/p0_v2_anchor_20260703_041511_UTC/live/smooth_qd_v2_8x5/seed_1001/openai_gpt-oss-120b/VerilogEval-Spec-to-RTL/Prob153_gshare/Gen5/Prob153_gshare_sample2_C-F,
smooth_qd_v2_8x5,VerilogEval-Spec-to-RTL,Prob153_gshare,sequential,5,c4209dea-4b4c-45ec-9fe3-5fb4e247dd77,C-F,generation_log,0.0812021189637,0.0812021189637,3002,0.363,0.7,3025,0.437,0.75,0.00760330578512,0.169336384439,0.0666666666667,/workspace/exp/natural_qd_push/p0_v2_anchor_20260703_041511_UTC/live/smooth_qd_v2_8x5/seed_1001/openai_gpt-oss-120b/VerilogEval-Spec-to-RTL/Prob153_gshare/Gen5/Prob153_gshare_sample3_C-F,
smooth_qd_v2_8x5,VerilogEval-Spec-to-RTL,Prob153_gshare,sequential,5,02840092-22fd-4565-87e6-c2475c513da7,C-F,generation_log,0.0812021189637,0.0812021189637,3002,0.363,0.7,3025,0.437,0.75,0.00760330578512,0.169336384439,0.0666666666667,/workspace/exp/natural_qd_push/p0_v2_anchor_20260703_041511_UTC/live/smooth_qd_v2_8x5/seed_1001/openai_gpt-oss-120b/VerilogEval-Spec-to-RTL/Prob153_gshare/Gen5/Prob153_gshare_sample5_C-F,
smooth_qd_v2_8x5,VerilogEval-Spec-to-RTL,Prob153_gshare,sequential,5,15ce213f-2c53-4c19-bf54-f9ca7d914d37,C-F,generation_log,0.044478653815,0.044478653815,3124,0.411,0.67,3025,0.437,0.75,-0.0327272727273,0.0594965675057,0.106666666667,/workspace/exp/natural_qd_push/p0_v2_anchor_20260703_041511_UTC/live/smooth_qd_v2_8x5/seed_1001/openai_gpt-oss-120b/VerilogEval-Spec-to-RTL/Prob153_gshare/Gen5/Prob153_gshare_sample7_C-F,
smooth_qd_v2_8x5,VerilogEval-Spec-to-RTL,Prob153_gshare,sequential,5,4a4d9a03-ed6d-471d-8eb8-bdd4686b1bc1,M-R,generation_log,0.128003311669,0.128003311669,2837,0.308,0.73,3025,0.437,0.75,0.0621487603306,0.295194508009,0.0266666666667,/workspace/exp/natural_qd_push/p0_v2_anchor_20260703_041511_UTC/live/smooth_qd_v2_8x5/seed_1001/openai_gpt-oss-120b/VerilogEval-Spec-to-RTL/Prob153_gshare/Gen5/Prob153_gshare_sample8_M-R,
curiosity_g10,RTLLM,Prob015_multi_pipe_8bit,sequential,0,b0de4ffa-c52d-4767-b944-936691285e97,initial,generation_log,-0.350819327133,-0.350819327133,1065,0.159,0.98,980,0.0898,0.82,-0.0867346938776,-0.770601336303,-0.19512195122,/workspace/exp/natural_qd_push/n02_curiosity_20260703_070921_UTC/live/curiosity_g10/seed_1001/openai_gpt-oss-120b/RTLLM/Prob015_multi_pipe_8bit/Gen0/Prob015_multi_pipe_8bit_sample2_initial,
curiosity_g10,RTLLM,Prob015_multi_pipe_8bit,sequential,0,459bd93b-dc09-48c9-b3ce-7cac95bb6203,initial,generation_log,0.0268009436378,0.0268009436378,623,0.0912,1.04,980,0.0898,0.82,0.364285714286,-0.0155902004454,-0.268292682927,/workspace/exp/natural_qd_push/n02_curiosity_20260703_070921_UTC/live/curiosity_g10/seed_1001/openai_gpt-oss-120b/RTLLM/Prob015_multi_pipe_8bit/Gen0/Prob015_multi_pipe_8bit_sample3_initial,
curiosity_g10,RTLLM,Prob015_multi_pipe_8bit,sequential,0,b24dae93-db12-4e6c-8865-11e2ec3d7205,initial,generation_log,-0.23410872307,-0.23410872307,1070,0.172,0.57,980,0.0898,0.82,-0.0918367346939,-0.915367483296,0.30487804878,/workspace/exp/natural_qd_push/n02_curiosity_20260703_070921_UTC/live/curiosity_g10/seed_1001/openai_gpt-oss-120b/RTLLM/Prob015_multi_pipe_8bit/Gen0/Prob015_multi_pipe_8bit_sample7_initial,
curiosity_g10,RTLLM,Prob015_multi_pipe_8bit,sequential,0,af700edd-926c-4515-8c72-2d54340b2895,initial,generation_log,-0.904829935668,-0.904829935668,938,0.16,2.44,980,0.0898,0.82,0.0428571428571,-0.781737193764,-1.9756097561,/workspace/exp/natural_qd_push/n02_curiosity_20260703_070921_UTC/live/curiosity_g10/seed_1001/openai_gpt-oss-120b/RTLLM/Prob015_multi_pipe_8bit/Gen0/Prob015_multi_pipe_8bit_sample8_initial,
curiosity_g10,RTLLM,Prob015_multi_pipe_8bit,sequential,1,98852ef8-76fe-4128-89a0-316572846175,M-I,generation_log,-0.478900275412,-0.478900275412,1109,0.161,1.24,980,0.0898,0.82,-0.131632653061,-0.792873051225,-0.512195121951,/workspace/exp/natural_qd_push/n02_curiosity_20260703_070921_UTC/live/curiosity_g10/seed_1001/openai_gpt-oss-120b/RTLLM/Prob015_multi_pipe_8bit/Gen1/Prob015_multi_pipe_8bit_sample6_M-I,
curiosity_g10,RTLLM,Prob015_multi_pipe_8bit,sequential,1,2a02f25b-77aa-4a39-a67e-310889a1a130,M-R,generation_log,-0.474835234762,-0.474835234762,1109,0.161,1.23,980,0.0898,0.82,-0.131632653061,-0.792873051225,-0.5,/workspace/exp/natural_qd_push/n02_curiosity_20260703_070921_UTC/live/curiosity_g10/seed_1001/openai_gpt-oss-120b/RTLLM/Prob015_multi_pipe_8bit/Gen1/Prob015_multi_pipe_8bit_sample7_M-R,
curiosity_g10,RTLLM,Prob015_multi_pipe_8bit,sequential,2,62cd63e4-d147-44d5-9dfc-c47dfabf684c,M-I,generation_log,-0.00037766206488,-0.00037766206488,630,0.0935,1.08,980,0.0898,0.82,0.357142857143,-0.0412026726058,-0.317073170732,/workspace/exp/natural_qd_push/n02_curiosity_20260703_070921_UTC/live/curiosity_g10/seed_1001/openai_gpt-oss-120b/RTLLM/Prob015_multi_pipe_8bit/Gen2/Prob015_multi_pipe_8bit_sample1_M-I,
curiosity_g10,RTLLM,Prob015_multi_pipe_8bit,sequential,2,783b7f85-8374-4d98-a316-8fbbacd783c0,M-R,generation_log,-0.454427570365,-0.454427570365,1302,0.209,0.58,980,0.0898,0.82,-0.328571428571,-1.32739420935,0.292682926829,/workspace/exp/natural_qd_push/n02_curiosity_20260703_070921_UTC/live/curiosity_g10/seed_1001/openai_gpt-oss-120b/RTLLM/Prob015_multi_pipe_8bit/Gen2/Prob015_multi_pipe_8bit_sample5_M-R,
curiosity_g10,RTLLM,Prob015_multi_pipe_8bit,sequential,3,dbed3a11-5142-4c9b-b3ac-552ec9a1f3b7,M-R,generation_log,0.0231070982361,0.0231070982361,623,0.0911,1.05,980,0.0898,0.82,0.364285714286,-0.0144766146993,-0.280487804878,/workspace/exp/natural_qd_push/n02_curiosity_20260703_070921_UTC/live/curiosity_g10/seed_1001/openai_gpt-oss-120b/RTLLM/Prob015_multi_pipe_8bit/Gen3/Prob015_multi_pipe_8bit_sample2_M-R,
curiosity_g10,RTLLM,Prob015_multi_pipe_8bit,sequential,3,ab61913d-c75e-44f7-a64f-8afc2e754fcb,M-E,generation_log,-0.337162667772,-0.337162667772,1347,0.17,0.61,980,0.0898,0.82,-0.374489795918,-0.893095768374,0.256097560976,/workspace/exp/natural_qd_push/n02_curiosity_20260703_070921_UTC/live/curiosity_g10/seed_1001/openai_gpt-oss-120b/RTLLM/Prob015_multi_pipe_8bit/Gen3/Prob015_multi_pipe_8bit_sample3_M-E,
curiosity_g10,RTLLM,Prob015_multi_pipe_8bit,sequential,3,8e62918e-3c44-4a89-8e04-d96e6e4a3164,M-I,generation_log,-0.530579356519,-0.530579356519,1450,0.228,0.47,980,0.0898,0.82,-0.479591836735,-1.53897550111,0.426829268293,/workspace/exp/natural_qd_push/n02_curiosity_20260703_070921_UTC/live/curiosity_g10/seed_1001/openai_gpt-oss-120b/RTLLM/Prob015_multi_pipe_8bit/Gen3/Prob015_multi_pipe_8bit_sample7_M-I,
curiosity_g10,RTLLM,Prob015_multi_pipe_8bit,sequential,3,8f66be4f-e377-4689-858c-84c62c9b64f1,C-F,generation_log,-0.524512355869,-0.524512355869,1441,0.225,0.49,980,0.0898,0.82,-0.470408163265,-1.50556792873,0.40243902439,/workspace/exp/natural_qd_push/n02_curiosity_20260703_070921_UTC/live/curiosity_g10/seed_1001/openai_gpt-oss-120b/RTLLM/Prob015_multi_pipe_8bit/Gen3/Prob015_multi_pipe_8bit_sample8_C-F,
curiosity_g10,RTLLM,Prob015_multi_pipe_8bit,sequential,4,bb1c8c4a-2eca-440d-9f36-b45bc5d3a366,C-F,generation_log,-0.317830952252,-0.317830952252,1127,0.174,0.71,980,0.0898,0.82,-0.15,-0.937639198218,0.134146341463,/workspace/exp/natural_qd_push/n02_curiosity_20260703_070921_UTC/live/curiosity_g10/seed_1001/openai_gpt-oss-120b/RTLLM/Prob015_multi_pipe_8bit/Gen4/Prob015_multi_pipe_8bit_sample2_C-F,
curiosity_g10,RTLLM,Prob015_multi_pipe_8bit,sequential,4,4bad905f-d55d-4e94-b2e5-7d27c8f247df,C-F,generation_log,-0.321049043225,-0.321049043225,1256,0.151,0.82,980,0.0898,0.82,-0.281632653061,-0.681514476615,0,/workspace/exp/natural_qd_push/n02_curiosity_20260703_070921_UTC/live/curiosity_g10/seed_1001/openai_gpt-oss-120b/RTLLM/Prob015_multi_pipe_8bit/Gen4/Prob015_multi_pipe_8bit_sample5_C-F,
curiosity_g10,RTLLM,Prob015_multi_pipe_8bit,sequential,4,7c5c1eda-6c34-4c9f-9c76-a4e8faa3f9b4,C-F,generation_log,-0.303563271145,-0.303563271145,1229,0.163,0.69,980,0.0898,0.82,-0.254081632653,-0.815144766147,0.158536585366,/workspace/exp/natural_qd_push/n02_curiosity_20260703_070921_UTC/live/curiosity_g10/seed_1001/openai_gpt-oss-120b/RTLLM/Prob015_multi_pipe_8bit/Gen4/Prob015_multi_pipe_8bit_sample6_C-F,
curiosity_g10,RTLLM,Prob015_multi_pipe_8bit,sequential,4,98429190-eea4-4105-914c-f88b66fb84a4,C-F,generation_log,-0.00037766206488,-0.00037766206488,630,0.0935,1.08,980,0.0898,0.82,0.357142857143,-0.0412026726058,-0.317073170732,/workspace/exp/natural_qd_push/n02_curiosity_20260703_070921_UTC/live/curiosity_g10/seed_1001/openai_gpt-oss-120b/RTLLM/Prob015_multi_pipe_8bit/Gen4/Prob015_multi_pipe_8bit_sample7_C-F,
curiosity_g10,RTLLM,Prob015_multi_pipe_8bit,sequential,5,4b0c9f77-1fa8-4779-97a7-087b0f305655,C-F,generation_log,-0.155752657954,-0.155752657954,1153,0.14,0.6,980,0.0898,0.82,-0.176530612245,-0.559020044543,0.268292682927,/workspace/exp/natural_qd_push/n02_curiosity_20260703_070921_UTC/live/curiosity_g10/seed_1001/openai_gpt-oss-120b/RTLLM/Prob015_multi_pipe_8bit/Gen5/Prob015_multi_pipe_8bit_sample1_C-F,
curiosity_g10,RTLLM,Prob015_multi_pipe_8bit,sequential,5,8ae76ad5-3fc6-4209-b8fd-ab293b352d49,C-F,generation_log,-0.155752657954,-0.155752657954,1153,0.14,0.6,980,0.0898,0.82,-0.176530612245,-0.559020044543,0.268292682927,/workspace/exp/natural_qd_push/n02_curiosity_20260703_070921_UTC/live/curiosity_g10/seed_1001/openai_gpt-oss-120b/RTLLM/Prob015_multi_pipe_8bit/Gen5/Prob015_multi_pipe_8bit_sample3_C-F,
curiosity_g10,RTLLM,Prob015_multi_pipe_8bit,sequential,5,65dc8010-0c1f-4213-9874-951c1a6ebc3d,C-F,generation_log,-0.0876455356981,-0.0876455356981,1078,0.134,0.55,980,0.0898,0.82,-0.1,-0.492204899777,0.329268292683,/workspace/exp/natural_qd_push/n02_curiosity_20260703_070921_UTC/live/curiosity_g10/seed_1001/openai_gpt-oss-120b/RTLLM/Prob015_multi_pipe_8bit/Gen5/Prob015_multi_pipe_8bit_sample4_C-F,
curiosity_g10,RTLLM,Prob015_multi_pipe_8bit,sequential,5,bd4b681b-31d1-4de0-bb2c-3d2b957ae221,C-F,generation_log,-0.249339848928,-0.249339848928,974,0.14,0.98,980,0.0898,0.82,0.00612244897959,-0.559020044543,-0.19512195122,/workspace/exp/natural_qd_push/n02_curiosity_20260703_070921_UTC/live/curiosity_g10/seed_1001/openai_gpt-oss-120b/RTLLM/Prob015_multi_pipe_8bit/Gen5/Prob015_multi_pipe_8bit_sample7_C-F,
curiosity_g10,RTLLM,Prob015_multi_pipe_8bit,sequential,5,fb31918a-6125-424e-8762-90c14091c7a8,C-F,generation_log,-0.80033305951,-0.80033305951,1686,0.267,0.58,980,0.0898,0.82,-0.720408163265,-1.97327394209,0.292682926829,/workspace/exp/natural_qd_push/n02_curiosity_20260703_070921_UTC/live/curiosity_g10/seed_1001/openai_gpt-oss-120b/RTLLM/Prob015_multi_pipe_8bit/Gen5/Prob015_multi_pipe_8bit_sample8_C-F,
curiosity_g10,RTLLM,Prob024_fsm,combinational,0,58f5eb00-7632-40c2-a0ae-a5b0ea2f5297,initial,generation_log,0.148762381399,-0.146856427901,38,0.0102,0.26,46,0.00695,0,0.173913043478,-0.467625899281,-260000000000,/workspace/exp/natural_qd_push/n02_curiosity_20260703_070921_UTC/live/curiosity_g10/seed_1001/openai_gpt-oss-120b/RTLLM/Prob024_fsm/Gen0/Prob024_fsm_sample3_initial,
curiosity_g10,RTLLM,Prob024_fsm,combinational,0,af748bfd-9de3-4f5e-a7af-b0f5c555adf5,initial,generation_log,0.413395891982,0.250093837973,31,0.00574,0.26,46,0.00695,0,0.326086956522,0.174100719424,-260000000000,/workspace/exp/natural_qd_push/n02_curiosity_20260703_070921_UTC/live/curiosity_g10/seed_1001/openai_gpt-oss-120b/RTLLM/Prob024_fsm/Gen0/Prob024_fsm_sample8_initial,
curiosity_g10,RTLLM,Prob024_fsm,combinational,1,2b25f685-1bb1-43f4-8208-f9a88cdaf625,M-S,generation_log,0.265517672818,0.0282765092274,34,0.00837,0.26,46,0.00695,0,0.260869565217,-0.204316546763,-260000000000,/workspace/exp/natural_qd_push/n02_curiosity_20260703_070921_UTC/live/curiosity_g10/seed_1001/openai_gpt-oss-120b/RTLLM/Prob024_fsm/Gen1/Prob024_fsm_sample1_M-S,
curiosity_g10,RTLLM,Prob024_fsm,combinational,1,dc4bfa3f-77f7-49e3-a145-af11cf4f0a0e,M-R,generation_log,0.148762381399,-0.146856427901,38,0.0102,0.26,46,0.00695,0,0.173913043478,-0.467625899281,-260000000000,/workspace/exp/natural_qd_push/n02_curiosity_20260703_070921_UTC/live/curiosity_g10/seed_1001/openai_gpt-oss-120b/RTLLM/Prob024_fsm/Gen1/Prob024_fsm_sample4_M-R,
curiosity_g10,RTLLM,Prob024_fsm,combinational,1,3df0ded1-3560-4220-a6db-da848f1e6136,M-R,generation_log,0.413395891982,0.250093837973,31,0.00574,0.26,46,0.00695,0,0.326086956522,0.174100719424,-260000000000,/workspace/exp/natural_qd_push/n02_curiosity_20260703_070921_UTC/live/curiosity_g10/seed_1001/openai_gpt-oss-120b/RTLLM/Prob024_fsm/Gen1/Prob024_fsm_sample5_M-R,
curiosity_g10,RTLLM,Prob024_fsm,combinational,1,c4523e20-0f0b-4dd7-b7f0-e5434f57570c,M-S,generation_log,0.500233552289,0.340350328433,36,0.00373,0.18,46,0.00695,0,0.217391304348,0.463309352518,-180000000000,/workspace/exp/natural_qd_push/n02_curiosity_20260703_070921_UTC/live/curiosity_g10/seed_1001/openai_gpt-oss-120b/RTLLM/Prob024_fsm/Gen1/Prob024_fsm_sample6_M-S,
curiosity_g10,RTLLM,Prob024_fsm,combinational,2,1127c63f-4092-408c-ba22-f94d1f21b16e,M-R,generation_log,0.413395891982,0.250093837973,31,0.00574,0.26,46,0.00695,0,0.326086956522,0.174100719424,-260000000000,/workspace/exp/natural_qd_push/n02_curiosity_20260703_070921_UTC/live/curiosity_g10/seed_1001/openai_gpt-oss-120b/RTLLM/Prob024_fsm/Gen2/Prob024_fsm_sample1_M-R,
curiosity_g10,RTLLM,Prob024_fsm,combinational,2,3f493f3f-6685-462f-bbd6-7b1009816828,M-E,generation_log,0.148762381399,-0.146856427901,38,0.0102,0.26,46,0.00695,0,0.173913043478,-0.467625899281,-260000000000,/workspace/exp/natural_qd_push/n02_curiosity_20260703_070921_UTC/live/curiosity_g10/seed_1001/openai_gpt-oss-120b/RTLLM/Prob024_fsm/Gen2/Prob024_fsm_sample2_M-E,
curiosity_g10,RTLLM,Prob024_fsm,combinational,2,3e4dac64-67da-4b1b-91a9-99ca2a942c12,M-S,generation_log,0.470070899802,0.330106349703,29,0.00493,0.25,46,0.00695,0,0.369565217391,0.290647482014,-250000000000,/workspace/exp/natural_qd_push/n02_curiosity_20260703_070921_UTC/live/curiosity_g10/seed_1001/openai_gpt-oss-120b/RTLLM/Prob024_fsm/Gen2/Prob024_fsm_sample3_M-S,
curiosity_g10,RTLLM,Prob024_fsm,combinational,2,8d2acbc8-7a32-47c1-a638-9700c95f505d,M-I,generation_log,0.168958398499,-0.116562402252,37,0.00993,0.26,46,0.00695,0,0.195652173913,-0.428776978417,-260000000000,/workspace/exp/natural_qd_push/n02_curiosity_20260703_070921_UTC/live/curiosity_g10/seed_1001/openai_gpt-oss-120b/RTLLM/Prob024_fsm/Gen2/Prob024_fsm_sample4_M-I,
curiosity_g10,RTLLM,Prob024_fsm,combinational,2,39a1919c-ddc1-4076-85cd-33014a4f831d,M-E,generation_log,0.683497028464,0.595245542696,24,0.002,0.14,46,0.00695,0,0.478260869565,0.712230215827,-140000000000,/workspace/exp/natural_qd_push/n02_curiosity_20260703_070921_UTC/live/curiosity_g10/seed_1001/openai_gpt-oss-120b/RTLLM/Prob024_fsm/Gen2/Prob024_fsm_sample8_M-E,
curiosity_g10,RTLLM,Prob024_fsm,combinational,3,c78a5fd5-3ee4-497b-9014-06289e3aba1d,C-F,generation_log,0.683497028464,0.595245542696,24,0.002,0.14,46,0.00695,0,0.478260869565,0.712230215827,-140000000000,/workspace/exp/natural_qd_push/n02_curiosity_20260703_070921_UTC/live/curiosity_g10/seed_1001/openai_gpt-oss-120b/RTLLM/Prob024_fsm/Gen3/Prob024_fsm_sample3_C-F,
curiosity_g10,RTLLM,Prob024_fsm,combinational,4,fd5c6a67-b234-4648-988a-bb7eef7368b3,C-F,generation_log,-0.243786883537,-0.725680325305,80,0.0119,0.28,46,0.00695,0,-0.739130434783,-0.712230215827,-280000000000,/workspace/exp/natural_qd_push/n02_curiosity_20260703_070921_UTC/live/curiosity_g10/seed_1001/openai_gpt-oss-120b/RTLLM/Prob024_fsm/Gen4/Prob024_fsm_sample4_C-F,
curiosity_g10,RTLLM,Prob024_fsm,combinational,5,5c36f690-1bc2-4b85-be1a-f2793ef7f795,M-I,generation_log,0.148762381399,-0.146856427901,38,0.0102,0.26,46,0.00695,0,0.173913043478,-0.467625899281,-260000000000,/workspace/exp/natural_qd_push/n02_curiosity_20260703_070921_UTC/live/curiosity_g10/seed_1001/openai_gpt-oss-120b/RTLLM/Prob024_fsm/Gen5/Prob024_fsm_sample7_M-I,
curiosity_g10,RTLLM,Prob024_fsm,combinational,5,94f8cb30-8c62-46fd-a38b-a76a9097bf02,C-F,generation_log,0.666126576999,0.569189865499,26,0.00206,0.14,46,0.00695,0,0.434782608696,0.703597122302,-140000000000,/workspace/exp/natural_qd_push/n02_curiosity_20260703_070921_UTC/live/curiosity_g10/seed_1001/openai_gpt-oss-120b/RTLLM/Prob024_fsm/Gen5/Prob024_fsm_sample8_C-F,
curiosity_g10,RTLLM,Prob041_traffic_light,combinational,1,b3df0259-928b-41a8-a558-3949a2c19db2,M-S,generation_log,-0.0869886226095,-0.130482933914,196,0.0359,0,170,0.0324,0,-0.152941176471,-0.108024691358,0,/workspace/exp/natural_qd_push/n02_curiosity_20260703_070921_UTC/live/curiosity_g10/seed_1001/openai_gpt-oss-120b/RTLLM/Prob041_traffic_light/Gen1/Prob041_traffic_light_sample1_M-S,
curiosity_g10,RTLLM,Prob041_traffic_light,combinational,1,5c95a2bd-c2d0-4bf6-a96f-8d3eb8d2ed9a,M-I,generation_log,0.0294843863471,0.0442265795207,177,0.0282,0,170,0.0324,0,-0.0411764705882,0.12962962963,0,/workspace/exp/natural_qd_push/n02_curiosity_20260703_070921_UTC/live/curiosity_g10/seed_1001/openai_gpt-oss-120b/RTLLM/Prob041_traffic_light/Gen1/Prob041_traffic_light_sample4_M-I,
curiosity_g10,RTLLM,Prob041_traffic_light,combinational,1,8364e4d0-8b58-409c-843b-67707ffa29ea,M-I,generation_log,0.0148874364561,0.0223311546841,175,0.03,0,170,0.0324,0,-0.0294117647059,0.0740740740741,0,/workspace/exp/natural_qd_push/n02_curiosity_20260703_070921_UTC/live/curiosity_g10/seed_1001/openai_gpt-oss-120b/RTLLM/Prob041_traffic_light/Gen1/Prob041_traffic_light_sample7_M-I,
curiosity_g10,RTLLM,Prob041_traffic_light,combinational,2,43837a3b-c44a-4360-bc5e-5124a4c6a858,M-E,generation_log,0.0659041394336,0.0988562091503,160,0.0279,0,170,0.0324,0,0.0588235294118,0.138888888889,0,/workspace/exp/natural_qd_push/n02_curiosity_20260703_070921_UTC/live/curiosity_g10/seed_1001/openai_gpt-oss-120b/RTLLM/Prob041_traffic_light/Gen2/Prob041_traffic_light_sample3_M-E,
curiosity_g10,RTLLM,Prob041_traffic_light,combinational,2,efccab49-10fe-41da-8415-51cfe8263d9b,M-S,generation_log,0.131517792302,0.197276688453,147,0.024,0,170,0.0324,0,0.135294117647,0.259259259259,0,/workspace/exp/natural_qd_push/n02_curiosity_20260703_070921_UTC/live/curiosity_g10/seed_1001/openai_gpt-oss-120b/RTLLM/Prob041_traffic_light/Gen2/Prob041_traffic_light_sample5_M-S,
curiosity_g10,RTLLM,Prob041_traffic_light,combinational,2,e61e21ee-f29c-43d9-b59b-0051e63c3e15,M-E,generation_log,0.00133139675623,0.00199709513435,205,0.0256,0,170,0.0324,0,-0.205882352941,0.20987654321,0,/workspace/exp/natural_qd_push/n02_curiosity_20260703_070921_UTC/live/curiosity_g10/seed_1001/openai_gpt-oss-120b/RTLLM/Prob041_traffic_light/Gen2/Prob041_traffic_light_sample7_M-E,
curiosity_g10,RTLLM,Prob041_traffic_light,combinational,2,5d6d71b4-b36e-43f2-8d96-7a1c9f56898c,M-R,generation_log,0.163083999032,0.244625998548,133,0.0236,0,170,0.0324,0,0.217647058824,0.271604938272,0,/workspace/exp/natural_qd_push/n02_curiosity_20260703_070921_UTC/live/curiosity_g10/seed_1001/openai_gpt-oss-120b/RTLLM/Prob041_traffic_light/Gen2/Prob041_traffic_light_sample8_M-R,
curiosity_g10,RTLLM,Prob041_traffic_light,combinational,3,2b08653f-32aa-4bcc-b9ab-884e1a92f1a6,M-R,generation_log,0.407742072137,0.611613108206,130,0.000391,0,170,0.0324,0,0.235294117647,0.987932098765,0,/workspace/exp/natural_qd_push/n02_curiosity_20260703_070921_UTC/live/curiosity_g10/seed_1001/openai_gpt-oss-120b/RTLLM/Prob041_traffic_light/Gen3/Prob041_traffic_light_sample3_M-R,
curiosity_g10,RTLLM,Prob041_traffic_light,combinational,3,56258c4d-cafd-4121-8dbc-e743f183bba6,M-I,generation_log,0.298850157347,0.44827523602,122,0.0125,0,170,0.0324,0,0.282352941176,0.614197530864,0,/workspace/exp/natural_qd_push/n02_curiosity_20260703_070921_UTC/live/curiosity_g10/seed_1001/openai_gpt-oss-120b/RTLLM/Prob041_traffic_light/Gen3/Prob041_traffic_light_sample5_M-I,
curiosity_g10,RTLLM,Prob041_traffic_light,combinational,3,00348f52-003e-4804-8edc-e168878ce6bb,M-R,generation_log,0.22075768579,0.331136528686,123,0.0199,0,170,0.0324,0,0.276470588235,0.385802469136,0,/workspace/exp/natural_qd_push/n02_curiosity_20260703_070921_UTC/live/curiosity_g10/seed_1001/openai_gpt-oss-120b/RTLLM/Prob041_traffic_light/Gen3/Prob041_traffic_light_sample7_M-R,
curiosity_g10,RTLLM,Prob041_traffic_light,combinational,3,e5945544-1cff-4853-b126-578b448cf92b,M-S,generation_log,0.174110384895,0.261165577342,130,0.0231,0,170,0.0324,0,0.235294117647,0.287037037037,0,/workspace/exp/natural_qd_push/n02_curiosity_20260703_070921_UTC/live/curiosity_g10/seed_1001/openai_gpt-oss-120b/RTLLM/Prob041_traffic_light/Gen3/Prob041_traffic_light_sample8_M-S,
curiosity_g10,RTLLM,Prob041_traffic_light,combinational,4,4eb72789-cc67-4d03-b646-f35c5ab7489a,C-F,generation_log,0.420875090777,0.631312636166,124,0.000258,0,170,0.0324,0,0.270588235294,0.992037037037,0,/workspace/exp/natural_qd_push/n02_curiosity_20260703_070921_UTC/live/curiosity_g10/seed_1001/openai_gpt-oss-120b/RTLLM/Prob041_traffic_light/Gen4/Prob041_traffic_light_sample2_C-F,
curiosity_g10,RTLLM,Prob041_traffic_light,combinational,4,2836ffa8-b858-402c-8abc-0f3fcc5983ee,M-S,generation_log,0.139554587267,0.209331880901,145,0.0236,0,170,0.0324,0,0.147058823529,0.271604938272,0,/workspace/exp/natural_qd_push/n02_curiosity_20260703_070921_UTC/live/curiosity_g10/seed_1001/openai_gpt-oss-120b/RTLLM/Prob041_traffic_light/Gen4/Prob041_traffic_light_sample5_M-S,
curiosity_g10,RTLLM,Prob041_traffic_light,combinational,4,d33f4660-2847-4b2c-ab08-0be4ea347a18,M-E,generation_log,0.407742072137,0.611613108206,130,0.000391,0,170,0.0324,0,0.235294117647,0.987932098765,0,/workspace/exp/natural_qd_push/n02_curiosity_20260703_070921_UTC/live/curiosity_g10/seed_1001/openai_gpt-oss-120b/RTLLM/Prob041_traffic_light/Gen4/Prob041_traffic_light_sample6_M-E,
curiosity_g10,RTLLM,Prob041_traffic_light,combinational,5,698f6c43-b8e6-48f4-87e6-352e40de25b2,M-I,generation_log,0.122355361898,0.183533042847,148,0.0247,0,170,0.0324,0,0.129411764706,0.237654320988,0,/workspace/exp/natural_qd_push/n02_curiosity_20260703_070921_UTC/live/curiosity_g10/seed_1001/openai_gpt-oss-120b/RTLLM/Prob041_traffic_light/Gen5/Prob041_traffic_light_sample1_M-I,
curiosity_g10,RTLLM,Prob041_traffic_light,combinational,5,8ad8e694-db61-42da-a9b8-c6c83f6a147d,M-I,generation_log,0.260275962237,0.390413943355,138,0.0132,0,170,0.0324,0,0.188235294118,0.592592592593,0,/workspace/exp/natural_qd_push/n02_curiosity_20260703_070921_UTC/live/curiosity_g10/seed_1001/openai_gpt-oss-120b/RTLLM/Prob041_traffic_light/Gen5/Prob041_traffic_light_sample2_M-I,
curiosity_g10,RTLLM,Prob041_traffic_light,combinational,5,67542d64-a923-466e-8623-050733ef13d7,M-R,generation_log,0.256959573953,0.38543936093,125,0.016,0,170,0.0324,0,0.264705882353,0.506172839506,0,/workspace/exp/natural_qd_push/n02_curiosity_20260703_070921_UTC/live/curiosity_g10/seed_1001/openai_gpt-oss-120b/RTLLM/Prob041_traffic_light/Gen5/Prob041_traffic_light_sample3_M-R,
curiosity_g10,RTLLM,Prob041_traffic_light,combinational,5,c7070242-1583-4a11-a29d-544b19de2385,C-F,generation_log,0.407670055677,0.611505083515,130,0.000398,0,170,0.0324,0,0.235294117647,0.987716049383,0,/workspace/exp/natural_qd_push/n02_curiosity_20260703_070921_UTC/live/curiosity_g10/seed_1001/openai_gpt-oss-120b/RTLLM/Prob041_traffic_light/Gen5/Prob041_traffic_light_sample4_C-F,
curiosity_g10,RTLLM,Prob041_traffic_light,combinational,5,67e6c884-daba-4f7c-b186-c2c161a4488b,C-F,generation_log,0.407670055677,0.611505083515,130,0.000398,0,170,0.0324,0,0.235294117647,0.987716049383,0,/workspace/exp/natural_qd_push/n02_curiosity_20260703_070921_UTC/live/curiosity_g10/seed_1001/openai_gpt-oss-120b/RTLLM/Prob041_traffic_light/Gen5/Prob041_traffic_light_sample5_C-F,
curiosity_g10,RTLLM,Prob041_traffic_light,combinational,5,5a65c921-f9e8-4533-a9ee-e4aac823d81f,M-S,generation_log,0.131517792302,0.197276688453,147,0.024,0,170,0.0324,0,0.135294117647,0.259259259259,0,/workspace/exp/natural_qd_push/n02_curiosity_20260703_070921_UTC/live/curiosity_g10/seed_1001/openai_gpt-oss-120b/RTLLM/Prob041_traffic_light/Gen5/Prob041_traffic_light_sample6_M-S,
curiosity_g10,RTLLM,Prob045_alu,combinational,0,66321104-4a1b-4f4b-8f8f-65abe339ded9,initial,generation_log,0.401435212563,0.602152818845,1751,0.000995,0,2225,0.114,0,0.213033707865,0.991271929825,0,/workspace/exp/natural_qd_push/n02_curiosity_20260703_070921_UTC/live/curiosity_g10/seed_1001/openai_gpt-oss-120b/RTLLM/Prob045_alu/Gen0/Prob045_alu_sample3_initial,
curiosity_g10,RTLLM,Prob045_alu,combinational,0,04faec92-9610-4c80-88a0-9bb0857ecc34,initial,generation_log,0.385905775675,0.578858663513,1853,0.00108,0,2225,0.114,0,0.167191011236,0.990526315789,0,/workspace/exp/natural_qd_push/n02_curiosity_20260703_070921_UTC/live/curiosity_g10/seed_1001/openai_gpt-oss-120b/RTLLM/Prob045_alu/Gen0/Prob045_alu_sample5_initial,
curiosity_g10,RTLLM,Prob045_alu,combinational,0,fdf918dd-44ab-4576-ada9-d6537707f0c8,initial,generation_log,0.3913867534,0.587080130101,1817,0.00105,0,2225,0.114,0,0.183370786517,0.990789473684,0,/workspace/exp/natural_qd_push/n02_curiosity_20260703_070921_UTC/live/curiosity_g10/seed_1001/openai_gpt-oss-120b/RTLLM/Prob045_alu/Gen0/Prob045_alu_sample8_initial,
curiosity_g10,RTLLM,Prob045_alu,combinational,1,d2517690-323c-4ed4-96cb-1082f669e3dd,M-R,generation_log,0.36825711282,0.552385669229,1971,0.00107,0,2225,0.114,0,0.114157303371,0.990614035088,0,/workspace/exp/natural_qd_push/n02_curiosity_20260703_070921_UTC/live/curiosity_g10/seed_1001/openai_gpt-oss-120b/RTLLM/Prob045_alu/Gen1/Prob045_alu_sample5_M-R,
curiosity_g10,RTLLM,Prob045_alu,combinational,1,de7d5a7e-2616-405c-958f-b0d91142159a,M-I,generation_log,0.381016821079,0.571525231618,1887,0.00101,0,2225,0.114,0,0.15191011236,0.991140350877,0,/workspace/exp/natural_qd_push/n02_curiosity_20260703_070921_UTC/live/curiosity_g10/seed_1001/openai_gpt-oss-120b/RTLLM/Prob045_alu/Gen1/Prob045_alu_sample7_M-I,
curiosity_g10,RTLLM,Prob045_alu,combinational,1,7343db45-dc75-41a1-9607-a99a80c34858,M-S,generation_log,0.373171693278,0.559757539917,1938,0.00108,0,2225,0.114,0,0.128988764045,0.990526315789,0,/workspace/exp/natural_qd_push/n02_curiosity_20260703_070921_UTC/live/curiosity_g10/seed_1001/openai_gpt-oss-120b/RTLLM/Prob045_alu/Gen1/Prob045_alu_sample8_M-S,
curiosity_g10,RTLLM,Prob045_alu,combinational,2,c4358edf-7132-4f5e-8370-c0a1d364280f,M-I,generation_log,0.379547933504,0.569321900256,1897,0.001,0,2225,0.114,0,0.147415730337,0.991228070175,0,/workspace/exp/natural_qd_push/n02_curiosity_20260703_070921_UTC/live/curiosity_g10/seed_1001/openai_gpt-oss-120b/RTLLM/Prob045_alu/Gen2/Prob045_alu_sample3_M-I,
curiosity_g10,RTLLM,Prob045_alu,combinational,2,c29fb4d5-a77e-4c22-b4c6-20c3ddeed3be,M-R,generation_log,0.401435212563,0.602152818845,1751,0.000995,0,2225,0.114,0,0.213033707865,0.991271929825,0,/workspace/exp/natural_qd_push/n02_curiosity_20260703_070921_UTC/live/curiosity_g10/seed_1001/openai_gpt-oss-120b/RTLLM/Prob045_alu/Gen2/Prob045_alu_sample5_M-R,
curiosity_g10,RTLLM,Prob045_alu,combinational,2,ab7dbf0d-b909-492f-a117-c55f059ebb87,M-S,generation_log,0.374066955779,0.561100433668,1933,0.00103,0,2225,0.114,0,0.131235955056,0.990964912281,0,/workspace/exp/natural_qd_push/n02_curiosity_20260703_070921_UTC/live/curiosity_g10/seed_1001/openai_gpt-oss-120b/RTLLM/Prob045_alu/Gen2/Prob045_alu_sample6_M-S,
curiosity_g10,RTLLM,Prob045_alu,combinational,2,53f4e3bc-9661-4a13-84ac-782a8f9159f8,M-I,generation_log,0.394350154412,0.591525231618,1798,0.00101,0,2225,0.114,0,0.19191011236,0.991140350877,0,/workspace/exp/natural_qd_push/n02_curiosity_20260703_070921_UTC/live/curiosity_g10/seed_1001/openai_gpt-oss-120b/RTLLM/Prob045_alu/Gen2/Prob045_alu_sample7_M-I,
curiosity_g10,RTLLM,Prob045_alu,combinational,2,d93bff0f-6bc1-4104-913f-3435b90ae231,M-E,generation_log,0.386888757474,0.580333136211,1848,0.001,0,2225,0.114,0,0.169438202247,0.991228070175,0,/workspace/exp/natural_qd_push/n02_curiosity_20260703_070921_UTC/live/curiosity_g10/seed_1001/openai_gpt-oss-120b/RTLLM/Prob045_alu/Gen2/Prob045_alu_sample8_M-E,
curiosity_g10,RTLLM,Prob045_alu,combinational,3,025f0ee5-ad87-47f1-8105-d60fb526c700,C-F,generation_log,0.3784700046,0.567705006899,1904,0.00101,0,2225,0.114,0,0.144269662921,0.991140350877,0,/workspace/exp/natural_qd_push/n02_curiosity_20260703_070921_UTC/live/curiosity_g10/seed_1001/openai_gpt-oss-120b/RTLLM/Prob045_alu/Gen3/Prob045_alu_sample1_C-F,
curiosity_g10,RTLLM,Prob045_alu,combinational,3,11bf25f4-9af1-4736-b94c-54bd2ed9835a,M-I,generation_log,0.372689401406,0.559034102109,1942,0.00104,0,2225,0.114,0,0.127191011236,0.990877192982,0,/workspace/exp/natural_qd_push/n02_curiosity_20260703_070921_UTC/live/curiosity_g10/seed_1001/openai_gpt-oss-120b/RTLLM/Prob045_alu/Gen3/Prob045_alu_sample2_M-I,
curiosity_g10,RTLLM,Prob045_alu,combinational,3,b469cf7d-859c-4277-b375-5b7c28234a54,C-F,generation_log,0.372389775938,0.558584663907,1944,0.00104,0,2225,0.114,0,0.126292134831,0.990877192982,0,/workspace/exp/natural_qd_push/n02_curiosity_20260703_070921_UTC/live/curiosity_g10/seed_1001/openai_gpt-oss-120b/RTLLM/Prob045_alu/Gen3/Prob045_alu_sample3_C-F,
curiosity_g10,RTLLM,Prob045_alu,combinational,3,eaaf8f2f-dd7a-4ca9-97e9-e4085e762376,C-F,generation_log,0.384283461463,0.576425192194,1865,0.00102,0,2225,0.114,0,0.161797752809,0.991052631579,0,/workspace/exp/natural_qd_push/n02_curiosity_20260703_070921_UTC/live/curiosity_g10/seed_1001/openai_gpt-oss-120b/RTLLM/Prob045_alu/Gen3/Prob045_alu_sample4_C-F,
curiosity_g10,RTLLM,Prob045_alu,combinational,3,6a691391-102d-44f9-bb12-74dc553196e2,C-F,generation_log,0.381953709179,0.572930563769,1881,0.000997,0,2225,0.114,0,0.154606741573,0.991254385965,0,/workspace/exp/natural_qd_push/n02_curiosity_20260703_070921_UTC/live/curiosity_g10/seed_1001/openai_gpt-oss-120b/RTLLM/Prob045_alu/Gen3/Prob045_alu_sample5_C-F,
curiosity_g10,RTLLM,Prob045_alu,combinational,3,c176315b-f5a2-4419-87c3-f898657df5cf,C-F,generation_log,0.378769630068,0.568154445102,1902,0.00101,0,2225,0.114,0,0.145168539326,0.991140350877,0,/workspace/exp/natural_qd_push/n02_curiosity_20260703_070921_UTC/live/curiosity_g10/seed_1001/openai_gpt-oss-120b/RTLLM/Prob045_alu/Gen3/Prob045_alu_sample6_C-F,
curiosity_g10,RTLLM,Prob045_alu,combinational,3,cf978af9-3bd5-48e1-b4cc-1db78d14e768,M-S,generation_log,0.37649319929,0.564739798936,1917,0.00102,0,2225,0.114,0,0.138426966292,0.991052631579,0,/workspace/exp/natural_qd_push/n02_curiosity_20260703_070921_UTC/live/curiosity_g10/seed_1001/openai_gpt-oss-120b/RTLLM/Prob045_alu/Gen3/Prob045_alu_sample7_M-S,
curiosity_g10,RTLLM,Prob045_alu,combinational,3,c726ecdf-cf29-47af-9585-7dc1b40f44bd,M-E,generation_log,0.39365595637,0.590483934555,1804,0.00094,0,2225,0.114,0,0.189213483146,0.991754385965,0,/workspace/exp/natural_qd_push/n02_curiosity_20260703_070921_UTC/live/curiosity_g10/seed_1001/openai_gpt-oss-120b/RTLLM/Prob045_alu/Gen3/Prob045_alu_sample8_M-E,
curiosity_g10,RTLLM,Prob045_alu,combinational,4,419a4e1e-3cf7-45db-bc33-f31b6ecab38d,C-F,generation_log,0.386139693804,0.579209540706,1853,0.001,0,2225,0.114,0,0.167191011236,0.991228070175,0,/workspace/exp/natural_qd_push/n02_curiosity_20260703_070921_UTC/live/curiosity_g10/seed_1001/openai_gpt-oss-120b/RTLLM/Prob045_alu/Gen4/Prob045_alu_sample1_C-F,
curiosity_g10,RTLLM,Prob045_alu,combinational,4,d6821a0f-53b7-4d34-bff6-39c09cc11083,C-F,generation_log,0.371162034299,0.556743051449,1952,0.00105,0,2225,0.114,0,0.122696629213,0.990789473684,0,/workspace/exp/natural_qd_push/n02_curiosity_20260703_070921_UTC/live/curiosity_g10/seed_1001/openai_gpt-oss-120b/RTLLM/Prob045_alu/Gen4/Prob045_alu_sample2_C-F,
curiosity_g10,RTLLM,Prob045_alu,combinational,4,ec5568e2-d95d-4723-9b6d-ed376b5aa317,M-I,generation_log,0.392331723504,0.588497585255,1812,0.000983,0,2225,0.114,0,0.185617977528,0.991377192982,0,/workspace/exp/natural_qd_push/n02_curiosity_20260703_070921_UTC/live/curiosity_g10/seed_1001/openai_gpt-oss-120b/RTLLM/Prob045_alu/Gen4/Prob045_alu_sample3_M-I,
curiosity_g10,RTLLM,Prob045_alu,combinational,4,257644e6-a86b-4afa-b468-356fa5bbebe7,C-F,generation_log,0.38251494842,0.57377242263,1877,0.00101,0,2225,0.114,0,0.156404494382,0.991140350877,0,/workspace/exp/natural_qd_push/n02_curiosity_20260703_070921_UTC/live/curiosity_g10/seed_1001/openai_gpt-oss-120b/RTLLM/Prob045_alu/Gen4/Prob045_alu_sample4_C-F,
curiosity_g10,RTLLM,Prob045_alu,combinational,4,77053983-6fda-4f9e-b6ad-cb485e81d058,C-F,generation_log,0.390877455812,0.586316183718,1822,0.000968,0,2225,0.114,0,0.181123595506,0.99150877193,0,/workspace/exp/natural_qd_push/n02_curiosity_20260703_070921_UTC/live/curiosity_g10/seed_1001/openai_gpt-oss-120b/RTLLM/Prob045_alu/Gen4/Prob045_alu_sample5_C-F,
curiosity_g10,RTLLM,Prob045_alu,combinational,4,9be89fc0-b3af-4002-a9a4-db16737cd277,C-F,generation_log,0.385211577633,0.57781736645,1859,0.00101,0,2225,0.114,0,0.164494382022,0.991140350877,0,/workspace/exp/natural_qd_push/n02_curiosity_20260703_070921_UTC/live/curiosity_g10/seed_1001/openai_gpt-oss-120b/RTLLM/Prob045_alu/Gen4/Prob045_alu_sample6_C-F,
curiosity_g10,RTLLM,Prob045_alu,combinational,4,d6ee12dd-e791-4b3d-8c4e-c263f8532a2a,M-E,generation_log,0.385635389973,0.57845308496,1855,0.00107,0,2225,0.114,0,0.166292134831,0.990614035088,0,/workspace/exp/natural_qd_push/n02_curiosity_20260703_070921_UTC/live/curiosity_g10/seed_1001/openai_gpt-oss-120b/RTLLM/Prob045_alu/Gen4/Prob045_alu_sample7_M-E,
curiosity_g10,RTLLM,Prob045_alu,combinational,4,3b339382-b294-4e22-adf7-4432c7615deb,M-R,generation_log,0.371162034299,0.556743051449,1952,0.00105,0,2225,0.114,0,0.122696629213,0.990789473684,0,/workspace/exp/natural_qd_push/n02_curiosity_20260703_070921_UTC/live/curiosity_g10/seed_1001/openai_gpt-oss-120b/RTLLM/Prob045_alu/Gen4/Prob045_alu_sample8_M-R,
curiosity_g10,RTLLM,Prob045_alu,combinational,5,2c2a8cac-28e1-4526-a23e-80bc1f7d900a,C-F,generation_log,0.381953709179,0.572930563769,1881,0.000997,0,2225,0.114,0,0.154606741573,0.991254385965,0,/workspace/exp/natural_qd_push/n02_curiosity_20260703_070921_UTC/live/curiosity_g10/seed_1001/openai_gpt-oss-120b/RTLLM/Prob045_alu/Gen5/Prob045_alu_sample2_C-F,
curiosity_g10,RTLLM,Prob045_alu,combinational,5,dda09284-35dd-4de3-97f6-6a851c19e395,C-F,generation_log,0.395700703069,0.593551054603,1790,0.000958,0,2225,0.114,0,0.195505617978,0.991596491228,0,/workspace/exp/natural_qd_push/n02_curiosity_20260703_070921_UTC/live/curiosity_g10/seed_1001/openai_gpt-oss-120b/RTLLM/Prob045_alu/Gen5/Prob045_alu_sample3_C-F,
curiosity_g10,RTLLM,Prob045_alu,combinational,5,1743961e-f419-4dca-ac78-24b195474d92,C-F,generation_log,0.392331723504,0.588497585255,1812,0.000983,0,2225,0.114,0,0.185617977528,0.991377192982,0,/workspace/exp/natural_qd_push/n02_curiosity_20260703_070921_UTC/live/curiosity_g10/seed_1001/openai_gpt-oss-120b/RTLLM/Prob045_alu/Gen5/Prob045_alu_sample4_C-F,
curiosity_g10,RTLLM,Prob045_alu,combinational,5,3d094290-e7c5-449b-bbdd-48c65066fa3a,C-F,generation_log,0.369963532427,0.55494529864,1960,0.00105,0,2225,0.114,0,0.119101123596,0.990789473684,0,/workspace/exp/natural_qd_push/n02_curiosity_20260703_070921_UTC/live/curiosity_g10/seed_1001/openai_gpt-oss-120b/RTLLM/Prob045_alu/Gen5/Prob045_alu_sample5_C-F,
curiosity_g10,RTLLM,Prob045_alu,combinational,5,972201a2-ae0f-49a5-8b74-4e3e40c1bd44,C-F,generation_log,0.376043761088,0.564065641632,1920,0.00102,0,2225,0.114,0,0.137078651685,0.991052631579,0,/workspace/exp/natural_qd_push/n02_curiosity_20260703_070921_UTC/live/curiosity_g10/seed_1001/openai_gpt-oss-120b/RTLLM/Prob045_alu/Gen5/Prob045_alu_sample6_C-F,
curiosity_g10,RTLLM,Prob045_alu,combinational,5,3ae3fe12-21a6-4a54-95a0-8153e3d5d1b7,M-I,generation_log,0.385211577633,0.57781736645,1859,0.00101,0,2225,0.114,0,0.164494382022,0.991140350877,0,/workspace/exp/natural_qd_push/n02_curiosity_20260703_070921_UTC/live/curiosity_g10/seed_1001/openai_gpt-oss-120b/RTLLM/Prob045_alu/Gen5/Prob045_alu_sample8_M-I,
curiosity_g10,RTLLM,Prob049_signal_generator,sequential,0,83fe4578-1aa7-4a93-a1db-c81a9e33e0ee,initial,generation_log,0.234774694403,0.234774694403,82,0.00252,0.38,94,0.00467,0.43,0.127659574468,0.460385438972,0.116279069767,/workspace/exp/natural_qd_push/n02_curiosity_20260703_070921_UTC/live/curiosity_g10/seed_1001/openai_gpt-oss-120b/RTLLM/Prob049_signal_generator/Gen0/Prob049_signal_generator_sample1_initial,
curiosity_g10,RTLLM,Prob049_signal_generator,sequential,0,b1715624-bfd9-414a-b4d7-f1aedb0940bb,initial,generation_log,0.234774694403,0.234774694403,82,0.00252,0.38,94,0.00467,0.43,0.127659574468,0.460385438972,0.116279069767,/workspace/exp/natural_qd_push/n02_curiosity_20260703_070921_UTC/live/curiosity_g10/seed_1001/openai_gpt-oss-120b/RTLLM/Prob049_signal_generator/Gen0/Prob049_signal_generator_sample2_initial,
curiosity_g10,RTLLM,Prob049_signal_generator,sequential,0,78c00065-fe84-405a-8cc1-9019965a9083,initial,generation_log,0.234774694403,0.234774694403,82,0.00252,0.38,94,0.00467,0.43,0.127659574468,0.460385438972,0.116279069767,/workspace/exp/natural_qd_push/n02_curiosity_20260703_070921_UTC/live/curiosity_g10/seed_1001/openai_gpt-oss-120b/RTLLM/Prob049_signal_generator/Gen0/Prob049_signal_generator_sample3_initial,
curiosity_g10,RTLLM,Prob049_signal_generator,sequential,0,a4fc1e4b-eee7-4028-9a78-002cbdd3ef95,initial,generation_log,0.234774694403,0.234774694403,82,0.00252,0.38,94,0.00467,0.43,0.127659574468,0.460385438972,0.116279069767,/workspace/exp/natural_qd_push/n02_curiosity_20260703_070921_UTC/live/curiosity_g10/seed_1001/openai_gpt-oss-120b/RTLLM/Prob049_signal_generator/Gen0/Prob049_signal_generator_sample4_initial,
curiosity_g10,RTLLM,Prob049_signal_generator,sequential,0,dffecb1c-ad56-4395-be23-625acd68af72,initial,generation_log,0.234774694403,0.234774694403,82,0.00252,0.38,94,0.00467,0.43,0.127659574468,0.460385438972,0.116279069767,/workspace/exp/natural_qd_push/n02_curiosity_20260703_070921_UTC/live/curiosity_g10/seed_1001/openai_gpt-oss-120b/RTLLM/Prob049_signal_generator/Gen0/Prob049_signal_generator_sample5_initial,
curiosity_g10,RTLLM,Prob049_signal_generator,sequential,0,acce2ef5-8c13-4f0a-af85-a280fab21233,initial,generation_log,0.234774694403,0.234774694403,82,0.00252,0.38,94,0.00467,0.43,0.127659574468,0.460385438972,0.116279069767,/workspace/exp/natural_qd_push/n02_curiosity_20260703_070921_UTC/live/curiosity_g10/seed_1001/openai_gpt-oss-120b/RTLLM/Prob049_signal_generator/Gen0/Prob049_signal_generator_sample6_initial,
curiosity_g10,RTLLM,Prob049_signal_generator,sequential,0,ce780eb8-25f4-4d02-b6d5-93f44e7ec8d8,initial,generation_log,0.234774694403,0.234774694403,82,0.00252,0.38,94,0.00467,0.43,0.127659574468,0.460385438972,0.116279069767,/workspace/exp/natural_qd_push/n02_curiosity_20260703_070921_UTC/live/curiosity_g10/seed_1001/openai_gpt-oss-120b/RTLLM/Prob049_signal_generator/Gen0/Prob049_signal_generator_sample7_initial,
curiosity_g10,RTLLM,Prob049_signal_generator,sequential,0,e7cbfa34-5cbc-4930-a562-7949b5ff3a51,initial,generation_log,0.234774694403,0.234774694403,82,0.00252,0.38,94,0.00467,0.43,0.127659574468,0.460385438972,0.116279069767,/workspace/exp/natural_qd_push/n02_curiosity_20260703_070921_UTC/live/curiosity_g10/seed_1001/openai_gpt-oss-120b/RTLLM/Prob049_signal_generator/Gen0/Prob049_signal_generator_sample8_initial,
curiosity_g10,RTLLM,Prob049_signal_generator,sequential,1,3d2bcba0-170d-454b-9e0c-26a01686f74e,M-S,generation_log,0.234774694403,0.234774694403,82,0.00252,0.38,94,0.00467,0.43,0.127659574468,0.460385438972,0.116279069767,/workspace/exp/natural_qd_push/n02_curiosity_20260703_070921_UTC/live/curiosity_g10/seed_1001/openai_gpt-oss-120b/RTLLM/Prob049_signal_generator/Gen1/Prob049_signal_generator_sample4_M-S,
curiosity_g10,RTLLM,Prob049_signal_generator,sequential,1,622d7a45-c9ac-4f30-99f6-6dcfd1bc6e06,M-S,generation_log,0.0474607979527,0.0474607979527,73,0.0057,0.37,94,0.00467,0.43,0.223404255319,-0.220556745182,0.139534883721,/workspace/exp/natural_qd_push/n02_curiosity_20260703_070921_UTC/live/curiosity_g10/seed_1001/openai_gpt-oss-120b/RTLLM/Prob049_signal_generator/Gen1/Prob049_signal_generator_sample8_M-S,
curiosity_g10,RTLLM,Prob049_signal_generator,sequential,2,3006fc0c-008d-45dc-88fc-6e9ac76790aa,M-F,generation_log,0.234774694403,0.234774694403,82,0.00252,0.38,94,0.00467,0.43,0.127659574468,0.460385438972,0.116279069767,/workspace/exp/natural_qd_push/n02_curiosity_20260703_070921_UTC/live/curiosity_g10/seed_1001/openai_gpt-oss-120b/RTLLM/Prob049_signal_generator/Gen2/Prob049_signal_generator_sample3_M-F,
curiosity_g10,RTLLM,Prob049_signal_generator,sequential,2,58a5ca08-31c9-4e45-8ca4-c7f3143c24ce,M-I,generation_log,0.0474607979527,0.0474607979527,73,0.0057,0.37,94,0.00467,0.43,0.223404255319,-0.220556745182,0.139534883721,/workspace/exp/natural_qd_push/n02_curiosity_20260703_070921_UTC/live/curiosity_g10/seed_1001/openai_gpt-oss-120b/RTLLM/Prob049_signal_generator/Gen2/Prob049_signal_generator_sample4_M-I,
curiosity_g10,RTLLM,Prob049_signal_generator,sequential,2,71b0cc03-0ff3-407f-ade6-fc849ed71796,M-R,generation_log,0.207437714137,0.207437714137,77,0.00326,0.37,94,0.00467,0.43,0.18085106383,0.301927194861,0.139534883721,/workspace/exp/natural_qd_push/n02_curiosity_20260703_070921_UTC/live/curiosity_g10/seed_1001/openai_gpt-oss-120b/RTLLM/Prob049_signal_generator/Gen2/Prob049_signal_generator_sample5_M-R,
curiosity_g10,RTLLM,Prob049_signal_generator,sequential,2,476ebf65-3a75-4ec0-b24f-325096958aa4,M-R,generation_log,0.0474607979527,0.0474607979527,73,0.0057,0.37,94,0.00467,0.43,0.223404255319,-0.220556745182,0.139534883721,/workspace/exp/natural_qd_push/n02_curiosity_20260703_070921_UTC/live/curiosity_g10/seed_1001/openai_gpt-oss-120b/RTLLM/Prob049_signal_generator/Gen2/Prob049_signal_generator_sample8_M-R,
curiosity_g10,RTLLM,Prob049_signal_generator,sequential,3,2a2c8638-0264-480e-ae5d-0b6900794d21,M-R,generation_log,0.0517434531989,0.0517434531989,73,0.00564,0.37,94,0.00467,0.43,0.223404255319,-0.207708779443,0.139534883721,/workspace/exp/natural_qd_push/n02_curiosity_20260703_070921_UTC/live/curiosity_g10/seed_1001/openai_gpt-oss-120b/RTLLM/Prob049_signal_generator/Gen3/Prob049_signal_generator_sample5_M-R,
curiosity_g10,RTLLM,Prob049_signal_generator,sequential,3,f34645df-2430-4bfa-963e-305979a51b9c,M-S,generation_log,0.0474607979527,0.0474607979527,73,0.0057,0.37,94,0.00467,0.43,0.223404255319,-0.220556745182,0.139534883721,/workspace/exp/natural_qd_push/n02_curiosity_20260703_070921_UTC/live/curiosity_g10/seed_1001/openai_gpt-oss-120b/RTLLM/Prob049_signal_generator/Gen3/Prob049_signal_generator_sample6_M-S,
curiosity_g10,RTLLM,Prob049_signal_generator,sequential,3,31fbc783-5055-4b54-a21c-f63e3e045572,M-R,generation_log,0.0474607979527,0.0474607979527,73,0.0057,0.37,94,0.00467,0.43,0.223404255319,-0.220556745182,0.139534883721,/workspace/exp/natural_qd_push/n02_curiosity_20260703_070921_UTC/live/curiosity_g10/seed_1001/openai_gpt-oss-120b/RTLLM/Prob049_signal_generator/Gen3/Prob049_signal_generator_sample8_M-R,
curiosity_g10,RTLLM,Prob049_signal_generator,sequential,4,e9382870-7a35-44df-9d21-d26fc8c4aeb1,M-I,generation_log,0.234774694403,0.234774694403,82,0.00252,0.38,94,0.00467,0.43,0.127659574468,0.460385438972,0.116279069767,/workspace/exp/natural_qd_push/n02_curiosity_20260703_070921_UTC/live/curiosity_g10/seed_1001/openai_gpt-oss-120b/RTLLM/Prob049_signal_generator/Gen4/Prob049_signal_generator_sample5_M-I,
curiosity_g10,RTLLM,Prob049_signal_generator,sequential,5,6d56e7e9-0184-467d-8612-51d6c47519ff,M-I,generation_log,0.220590297239,0.220590297239,86,0.00252,0.38,94,0.00467,0.43,0.0851063829787,0.460385438972,0.116279069767,/workspace/exp/natural_qd_push/n02_curiosity_20260703_070921_UTC/live/curiosity_g10/seed_1001/openai_gpt-oss-120b/RTLLM/Prob049_signal_generator/Gen5/Prob049_signal_generator_sample5_M-I,
curiosity_g10,RTLLM,Prob049_signal_generator,sequential,5,3c2be8a2-004a-47b0-90a3-8c462687ebce,M-R,generation_log,0.234774694403,0.234774694403,82,0.00252,0.38,94,0.00467,0.43,0.127659574468,0.460385438972,0.116279069767,/workspace/exp/natural_qd_push/n02_curiosity_20260703_070921_UTC/live/curiosity_g10/seed_1001/openai_gpt-oss-120b/RTLLM/Prob049_signal_generator/Gen5/Prob049_signal_generator_sample6_M-R,
curiosity_g10,RTLLM,Prob049_signal_generator,sequential,5,227b527d-1c78-4655-9238-be39e0b81a2c,M-S,generation_log,0.234774694403,0.234774694403,82,0.00252,0.38,94,0.00467,0.43,0.127659574468,0.460385438972,0.116279069767,/workspace/exp/natural_qd_push/n02_curiosity_20260703_070921_UTC/live/curiosity_g10/seed_1001/openai_gpt-oss-120b/RTLLM/Prob049_signal_generator/Gen5/Prob049_signal_generator_sample8_M-S,
curiosity_g10,VerilogEval-Spec-to-RTL,Prob116_m2014_q3,combinational,0,64cf5050-9e12-4ed7-94a4-6509f524b310,initial,generation_log,0.465352331606,0.698028497409,3,7.61e-07,0,5,0.000193,0,0.4,0.996056994819,0,/workspace/exp/natural_qd_push/n02_curiosity_20260703_070921_UTC/live/curiosity_g10/seed_1001/openai_gpt-oss-120b/VerilogEval-Spec-to-RTL/Prob116_m2014_q3/Gen0/Prob116_m2014_q3_sample1_initial,
curiosity_g10,VerilogEval-Spec-to-RTL,Prob116_m2014_q3,combinational,0,8b30c7e6-4a2e-4be8-87a2-2f642a404661,initial,generation_log,0.396908462867,0.595362694301,4,1.79e-06,0,5,0.000193,0,0.2,0.990725388601,0,/workspace/exp/natural_qd_push/n02_curiosity_20260703_070921_UTC/live/curiosity_g10/seed_1001/openai_gpt-oss-120b/VerilogEval-Spec-to-RTL/Prob116_m2014_q3/Gen0/Prob116_m2014_q3_sample3_initial,
curiosity_g10,VerilogEval-Spec-to-RTL,Prob116_m2014_q3,combinational,0,543711fd-7641-46bc-a26b-841127a7a242,initial,generation_log,0.396908462867,0.595362694301,4,1.79e-06,0,5,0.000193,0,0.2,0.990725388601,0,/workspace/exp/natural_qd_push/n02_curiosity_20260703_070921_UTC/live/curiosity_g10/seed_1001/openai_gpt-oss-120b/VerilogEval-Spec-to-RTL/Prob116_m2014_q3/Gen0/Prob116_m2014_q3_sample4_initial,
curiosity_g10,VerilogEval-Spec-to-RTL,Prob116_m2014_q3,combinational,0,e0b53539-6f97-4dfc-a0f7-10d4827be2e9,initial,generation_log,0.464369602763,0.696554404145,3,1.33e-06,0,5,0.000193,0,0.4,0.99310880829,0,/workspace/exp/natural_qd_push/n02_curiosity_20260703_070921_UTC/live/curiosity_g10/seed_1001/openai_gpt-oss-120b/VerilogEval-Spec-to-RTL/Prob116_m2014_q3/Gen0/Prob116_m2014_q3_sample5_initial,
curiosity_g10,VerilogEval-Spec-to-RTL,Prob116_m2014_q3,combinational,0,77f2f0ea-5cbf-4657-8e3c-8c0f55101326,initial,generation_log,0.396908462867,0.595362694301,4,1.79e-06,0,5,0.000193,0,0.2,0.990725388601,0,/workspace/exp/natural_qd_push/n02_curiosity_20260703_070921_UTC/live/curiosity_g10/seed_1001/openai_gpt-oss-120b/VerilogEval-Spec-to-RTL/Prob116_m2014_q3/Gen0/Prob116_m2014_q3_sample8_initial,
curiosity_g10,VerilogEval-Spec-to-RTL,Prob116_m2014_q3,combinational,1,361a9fd3-2f9b-43f2-8502-5a1f8eaa8223,M-R,generation_log,0.396908462867,0.595362694301,4,1.79e-06,0,5,0.000193,0,0.2,0.990725388601,0,/workspace/exp/natural_qd_push/n02_curiosity_20260703_070921_UTC/live/curiosity_g10/seed_1001/openai_gpt-oss-120b/VerilogEval-Spec-to-RTL/Prob116_m2014_q3/Gen1/Prob116_m2014_q3_sample1_M-R,
curiosity_g10,VerilogEval-Spec-to-RTL,Prob116_m2014_q3,combinational,1,13c33d47-55a4-450f-8cb8-3bec666c998b,M-I,generation_log,0.396908462867,0.595362694301,4,1.79e-06,0,5,0.000193,0,0.2,0.990725388601,0,/workspace/exp/natural_qd_push/n02_curiosity_20260703_070921_UTC/live/curiosity_g10/seed_1001/openai_gpt-oss-120b/VerilogEval-Spec-to-RTL/Prob116_m2014_q3/Gen1/Prob116_m2014_q3_sample4_M-I,
curiosity_g10,VerilogEval-Spec-to-RTL,Prob116_m2014_q3,combinational,1,93b2c33e-18dc-4481-9c1d-dcb0ba075378,M-S,generation_log,0.396839378238,0.595259067358,4,1.83e-06,0,5,0.000193,0,0.2,0.990518134715,0,/workspace/exp/natural_qd_push/n02_curiosity_20260703_070921_UTC/live/curiosity_g10/seed_1001/openai_gpt-oss-120b/VerilogEval-Spec-to-RTL/Prob116_m2014_q3/Gen1/Prob116_m2014_q3_sample6_M-S,
curiosity_g10,VerilogEval-Spec-to-RTL,Prob116_m2014_q3,combinational,1,6c4fe94e-915e-4559-8b0d-1a60aad47047,M-R,generation_log,0.464369602763,0.696554404145,3,1.33e-06,0,5,0.000193,0,0.4,0.99310880829,0,/workspace/exp/natural_qd_push/n02_curiosity_20260703_070921_UTC/live/curiosity_g10/seed_1001/openai_gpt-oss-120b/VerilogEval-Spec-to-RTL/Prob116_m2014_q3/Gen1/Prob116_m2014_q3_sample7_M-R,
curiosity_g10,VerilogEval-Spec-to-RTL,Prob116_m2014_q3,combinational,2,1ada344a-55e8-43d8-95a2-ab7824cb9072,C-F,generation_log,0.396839378238,0.595259067358,4,1.83e-06,0,5,0.000193,0,0.2,0.990518134715,0,/workspace/exp/natural_qd_push/n02_curiosity_20260703_070921_UTC/live/curiosity_g10/seed_1001/openai_gpt-oss-120b/VerilogEval-Spec-to-RTL/Prob116_m2014_q3/Gen2/Prob116_m2014_q3_sample1_C-F,
curiosity_g10,VerilogEval-Spec-to-RTL,Prob116_m2014_q3,combinational,2,65b8da51-c170-47d7-afc5-c0be4f733a5c,C-F,generation_log,0.465352331606,0.698028497409,3,7.61e-07,0,5,0.000193,0,0.4,0.996056994819,0,/workspace/exp/natural_qd_push/n02_curiosity_20260703_070921_UTC/live/curiosity_g10/seed_1001/openai_gpt-oss-120b/VerilogEval-Spec-to-RTL/Prob116_m2014_q3/Gen2/Prob116_m2014_q3_sample2_C-F,
curiosity_g10,VerilogEval-Spec-to-RTL,Prob116_m2014_q3,combinational,2,fe3b5071-f108-4a06-bdc6-1e5c7a685cc1,M-S,generation_log,0.396908462867,0.595362694301,4,1.79e-06,0,5,0.000193,0,0.2,0.990725388601,0,/workspace/exp/natural_qd_push/n02_curiosity_20260703_070921_UTC/live/curiosity_g10/seed_1001/openai_gpt-oss-120b/VerilogEval-Spec-to-RTL/Prob116_m2014_q3/Gen2/Prob116_m2014_q3_sample4_M-S,
curiosity_g10,VerilogEval-Spec-to-RTL,Prob116_m2014_q3,combinational,2,c62671af-c13a-4ae7-9bd6-a24d299f8e1c,M-I,generation_log,0.396908462867,0.595362694301,4,1.79e-06,0,5,0.000193,0,0.2,0.990725388601,0,/workspace/exp/natural_qd_push/n02_curiosity_20260703_070921_UTC/live/curiosity_g10/seed_1001/openai_gpt-oss-120b/VerilogEval-Spec-to-RTL/Prob116_m2014_q3/Gen2/Prob116_m2014_q3_sample5_M-I,
curiosity_g10,VerilogEval-Spec-to-RTL,Prob116_m2014_q3,combinational,2,0e278d93-812c-47a7-a8ef-3a86906e3833,M-R,generation_log,0.396908462867,0.595362694301,4,1.79e-06,0,5,0.000193,0,0.2,0.990725388601,0,/workspace/exp/natural_qd_push/n02_curiosity_20260703_070921_UTC/live/curiosity_g10/seed_1001/openai_gpt-oss-120b/VerilogEval-Spec-to-RTL/Prob116_m2014_q3/Gen2/Prob116_m2014_q3_sample6_M-R,
curiosity_g10,VerilogEval-Spec-to-RTL,Prob116_m2014_q3,combinational,2,c37e7108-2ed4-4331-86e0-1ea51c7128d5,M-R,generation_log,0.396908462867,0.595362694301,4,1.79e-06,0,5,0.000193,0,0.2,0.990725388601,0,/workspace/exp/natural_qd_push/n02_curiosity_20260703_070921_UTC/live/curiosity_g10/seed_1001/openai_gpt-oss-120b/VerilogEval-Spec-to-RTL/Prob116_m2014_q3/Gen2/Prob116_m2014_q3_sample7_M-R,
curiosity_g10,VerilogEval-Spec-to-RTL,Prob116_m2014_q3,combinational,2,36a9ff60-925a-4eed-bf3d-95998daf0aa9,C-F,generation_log,0.465352331606,0.698028497409,3,7.61e-07,0,5,0.000193,0,0.4,0.996056994819,0,/workspace/exp/natural_qd_push/n02_curiosity_20260703_070921_UTC/live/curiosity_g10/seed_1001/openai_gpt-oss-120b/VerilogEval-Spec-to-RTL/Prob116_m2014_q3/Gen2/Prob116_m2014_q3_sample8_C-F,
curiosity_g10,VerilogEval-Spec-to-RTL,Prob116_m2014_q3,combinational,3,b911c229-2f82-4233-bf2f-51e33524eae6,M-R,generation_log,0.465352331606,0.698028497409,3,7.61e-07,0,5,0.000193,0,0.4,0.996056994819,0,/workspace/exp/natural_qd_push/n02_curiosity_20260703_070921_UTC/live/curiosity_g10/seed_1001/openai_gpt-oss-120b/VerilogEval-Spec-to-RTL/Prob116_m2014_q3/Gen3/Prob116_m2014_q3_sample1_M-R,
curiosity_g10,VerilogEval-Spec-to-RTL,Prob116_m2014_q3,combinational,3,07a0afaa-e621-42bc-be71-95b0aac1ca0d,C-F,generation_log,0.465352331606,0.698028497409,3,7.61e-07,0,5,0.000193,0,0.4,0.996056994819,0,/workspace/exp/natural_qd_push/n02_curiosity_20260703_070921_UTC/live/curiosity_g10/seed_1001/openai_gpt-oss-120b/VerilogEval-Spec-to-RTL/Prob116_m2014_q3/Gen3/Prob116_m2014_q3_sample2_C-F,
curiosity_g10,VerilogEval-Spec-to-RTL,Prob116_m2014_q3,combinational,3,622a4903-6a47-45aa-a4e9-f54719e677a1,M-S,generation_log,0.465341968912,0.698012953368,3,7.67e-07,0,5,0.000193,0,0.4,0.996025906736,0,/workspace/exp/natural_qd_push/n02_curiosity_20260703_070921_UTC/live/curiosity_g10/seed_1001/openai_gpt-oss-120b/VerilogEval-Spec-to-RTL/Prob116_m2014_q3/Gen3/Prob116_m2014_q3_sample3_M-S,
curiosity_g10,VerilogEval-Spec-to-RTL,Prob116_m2014_q3,combinational,3,8807ba2e-6e92-4470-89ec-d2bfdc822780,M-I,generation_log,0.396908462867,0.595362694301,4,1.79e-06,0,5,0.000193,0,0.2,0.990725388601,0,/workspace/exp/natural_qd_push/n02_curiosity_20260703_070921_UTC/live/curiosity_g10/seed_1001/openai_gpt-oss-120b/VerilogEval-Spec-to-RTL/Prob116_m2014_q3/Gen3/Prob116_m2014_q3_sample4_M-I,
curiosity_g10,VerilogEval-Spec-to-RTL,Prob116_m2014_q3,combinational,3,2a63575d-d3f5-48ae-bdbc-73f96da42fb0,C-F,generation_log,0.465341968912,0.698012953368,3,7.67e-07,0,5,0.000193,0,0.4,0.996025906736,0,/workspace/exp/natural_qd_push/n02_curiosity_20260703_070921_UTC/live/curiosity_g10/seed_1001/openai_gpt-oss-120b/VerilogEval-Spec-to-RTL/Prob116_m2014_q3/Gen3/Prob116_m2014_q3_sample6_C-F,
curiosity_g10,VerilogEval-Spec-to-RTL,Prob116_m2014_q3,combinational,3,f7d37404-9bf7-4be5-8be3-3a3472c8caaa,C-F,generation_log,0.464369602763,0.696554404145,3,1.33e-06,0,5,0.000193,0,0.4,0.99310880829,0,/workspace/exp/natural_qd_push/n02_curiosity_20260703_070921_UTC/live/curiosity_g10/seed_1001/openai_gpt-oss-120b/VerilogEval-Spec-to-RTL/Prob116_m2014_q3/Gen3/Prob116_m2014_q3_sample7_C-F,
curiosity_g10,VerilogEval-Spec-to-RTL,Prob116_m2014_q3,combinational,4,885ee556-4658-4cbd-a5d1-787b1a8147b3,C-F,generation_log,0.465352331606,0.698028497409,3,7.61e-07,0,5,0.000193,0,0.4,0.996056994819,0,/workspace/exp/natural_qd_push/n02_curiosity_20260703_070921_UTC/live/curiosity_g10/seed_1001/openai_gpt-oss-120b/VerilogEval-Spec-to-RTL/Prob116_m2014_q3/Gen4/Prob116_m2014_q3_sample1_C-F,
curiosity_g10,VerilogEval-Spec-to-RTL,Prob116_m2014_q3,combinational,4,0ac9ed44-b213-4032-98ec-80b422b5245d,M-I,generation_log,0.465352331606,0.698028497409,3,7.61e-07,0,5,0.000193,0,0.4,0.996056994819,0,/workspace/exp/natural_qd_push/n02_curiosity_20260703_070921_UTC/live/curiosity_g10/seed_1001/openai_gpt-oss-120b/VerilogEval-Spec-to-RTL/Prob116_m2014_q3/Gen4/Prob116_m2014_q3_sample2_M-I,
curiosity_g10,VerilogEval-Spec-to-RTL,Prob116_m2014_q3,combinational,4,61d40284-322e-4f60-b406-912b976eb9a2,C-F,generation_log,0.465352331606,0.698028497409,3,7.61e-07,0,5,0.000193,0,0.4,0.996056994819,0,/workspace/exp/natural_qd_push/n02_curiosity_20260703_070921_UTC/live/curiosity_g10/seed_1001/openai_gpt-oss-120b/VerilogEval-Spec-to-RTL/Prob116_m2014_q3/Gen4/Prob116_m2014_q3_sample3_C-F,
curiosity_g10,VerilogEval-Spec-to-RTL,Prob116_m2014_q3,combinational,4,ed99e9c8-cf92-4d19-b875-401338b996df,C-F,generation_log,0.465341968912,0.698012953368,3,7.67e-07,0,5,0.000193,0,0.4,0.996025906736,0,/workspace/exp/natural_qd_push/n02_curiosity_20260703_070921_UTC/live/curiosity_g10/seed_1001/openai_gpt-oss-120b/VerilogEval-Spec-to-RTL/Prob116_m2014_q3/Gen4/Prob116_m2014_q3_sample4_C-F,
curiosity_g10,VerilogEval-Spec-to-RTL,Prob116_m2014_q3,combinational,4,3aff8334-eae4-41ee-b8e5-5ef7bab24f73,C-F,generation_log,0.464369602763,0.696554404145,3,1.33e-06,0,5,0.000193,0,0.4,0.99310880829,0,/workspace/exp/natural_qd_push/n02_curiosity_20260703_070921_UTC/live/curiosity_g10/seed_1001/openai_gpt-oss-120b/VerilogEval-Spec-to-RTL/Prob116_m2014_q3/Gen4/Prob116_m2014_q3_sample5_C-F,
curiosity_g10,VerilogEval-Spec-to-RTL,Prob116_m2014_q3,combinational,4,895a9476-48c5-4967-9872-a3ade844899f,M-S,generation_log,0.396908462867,0.595362694301,4,1.79e-06,0,5,0.000193,0,0.2,0.990725388601,0,/workspace/exp/natural_qd_push/n02_curiosity_20260703_070921_UTC/live/curiosity_g10/seed_1001/openai_gpt-oss-120b/VerilogEval-Spec-to-RTL/Prob116_m2014_q3/Gen4/Prob116_m2014_q3_sample6_M-S,
curiosity_g10,VerilogEval-Spec-to-RTL,Prob116_m2014_q3,combinational,4,bc62001e-4445-4322-a4d2-cddb9e3dff4e,C-F,generation_log,0.465352331606,0.698028497409,3,7.61e-07,0,5,0.000193,0,0.4,0.996056994819,0,/workspace/exp/natural_qd_push/n02_curiosity_20260703_070921_UTC/live/curiosity_g10/seed_1001/openai_gpt-oss-120b/VerilogEval-Spec-to-RTL/Prob116_m2014_q3/Gen4/Prob116_m2014_q3_sample7_C-F,
curiosity_g10,VerilogEval-Spec-to-RTL,Prob116_m2014_q3,combinational,4,0179c778-ae8a-4e4e-85f8-cfe3f8aa9429,C-F,generation_log,0.465352331606,0.698028497409,3,7.61e-07,0,5,0.000193,0,0.4,0.996056994819,0,/workspace/exp/natural_qd_push/n02_curiosity_20260703_070921_UTC/live/curiosity_g10/seed_1001/openai_gpt-oss-120b/VerilogEval-Spec-to-RTL/Prob116_m2014_q3/Gen4/Prob116_m2014_q3_sample8_C-F,
curiosity_g10,VerilogEval-Spec-to-RTL,Prob116_m2014_q3,combinational,5,ba9167c0-1a82-4d35-b31f-4ebdb2ff5930,C-F,generation_log,0.465341968912,0.698012953368,3,7.67e-07,0,5,0.000193,0,0.4,0.996025906736,0,/workspace/exp/natural_qd_push/n02_curiosity_20260703_070921_UTC/live/curiosity_g10/seed_1001/openai_gpt-oss-120b/VerilogEval-Spec-to-RTL/Prob116_m2014_q3/Gen5/Prob116_m2014_q3_sample1_C-F,
curiosity_g10,VerilogEval-Spec-to-RTL,Prob116_m2014_q3,combinational,5,5e4adb57-2f00-40b8-8bff-7f1a285b7011,M-R,generation_log,0.396908462867,0.595362694301,4,1.79e-06,0,5,0.000193,0,0.2,0.990725388601,0,/workspace/exp/natural_qd_push/n02_curiosity_20260703_070921_UTC/live/curiosity_g10/seed_1001/openai_gpt-oss-120b/VerilogEval-Spec-to-RTL/Prob116_m2014_q3/Gen5/Prob116_m2014_q3_sample2_M-R,
curiosity_g10,VerilogEval-Spec-to-RTL,Prob116_m2014_q3,combinational,5,6df4f60d-0bf9-480e-899d-a711451e27c2,C-F,generation_log,0.465341968912,0.698012953368,3,7.67e-07,0,5,0.000193,0,0.4,0.996025906736,0,/workspace/exp/natural_qd_push/n02_curiosity_20260703_070921_UTC/live/curiosity_g10/seed_1001/openai_gpt-oss-120b/VerilogEval-Spec-to-RTL/Prob116_m2014_q3/Gen5/Prob116_m2014_q3_sample3_C-F,
curiosity_g10,VerilogEval-Spec-to-RTL,Prob116_m2014_q3,combinational,5,d6f31429-7bad-4ddc-8d93-6d14d01c5473,M-I,generation_log,0.465352331606,0.698028497409,3,7.61e-07,0,5,0.000193,0,0.4,0.996056994819,0,/workspace/exp/natural_qd_push/n02_curiosity_20260703_070921_UTC/live/curiosity_g10/seed_1001/openai_gpt-oss-120b/VerilogEval-Spec-to-RTL/Prob116_m2014_q3/Gen5/Prob116_m2014_q3_sample4_M-I,
curiosity_g10,VerilogEval-Spec-to-RTL,Prob116_m2014_q3,combinational,5,65de16d0-d7b4-4ff0-afff-e6fb31758919,C-F,generation_log,0.465352331606,0.698028497409,3,7.61e-07,0,5,0.000193,0,0.4,0.996056994819,0,/workspace/exp/natural_qd_push/n02_curiosity_20260703_070921_UTC/live/curiosity_g10/seed_1001/openai_gpt-oss-120b/VerilogEval-Spec-to-RTL/Prob116_m2014_q3/Gen5/Prob116_m2014_q3_sample5_C-F,
curiosity_g10,VerilogEval-Spec-to-RTL,Prob116_m2014_q3,combinational,5,3dd75dc5-fc36-4a1d-917e-2b78aa06f19e,C-F,generation_log,0.465341968912,0.698012953368,3,7.67e-07,0,5,0.000193,0,0.4,0.996025906736,0,/workspace/exp/natural_qd_push/n02_curiosity_20260703_070921_UTC/live/curiosity_g10/seed_1001/openai_gpt-oss-120b/VerilogEval-Spec-to-RTL/Prob116_m2014_q3/Gen5/Prob116_m2014_q3_sample7_C-F,
curiosity_g10,VerilogEval-Spec-to-RTL,Prob135_m2014_q6b,combinational,0,acdc2840-af54-41b3-b813-0f53283259ee,initial,generation_log,0.196143497758,0.294215246637,7,2.58e-06,0,5,0.000223,0,-0.4,0.988430493274,0,/workspace/exp/natural_qd_push/n02_curiosity_20260703_070921_UTC/live/curiosity_g10/seed_1001/openai_gpt-oss-120b/VerilogEval-Spec-to-RTL/Prob135_m2014_q6b/Gen0/Prob135_m2014_q6b_sample1_initial,
curiosity_g10,VerilogEval-Spec-to-RTL,Prob135_m2014_q6b,combinational,0,15085993-c8f1-4916-86c1-a6759b7f7475,initial,generation_log,0.196143497758,0.294215246637,7,2.58e-06,0,5,0.000223,0,-0.4,0.988430493274,0,/workspace/exp/natural_qd_push/n02_curiosity_20260703_070921_UTC/live/curiosity_g10/seed_1001/openai_gpt-oss-120b/VerilogEval-Spec-to-RTL/Prob135_m2014_q6b/Gen0/Prob135_m2014_q6b_sample2_initial,
curiosity_g10,VerilogEval-Spec-to-RTL,Prob135_m2014_q6b,combinational,0,7b722aef-176a-424e-b2ac-77473b00c9ab,initial,generation_log,0.196143497758,0.294215246637,7,2.58e-06,0,5,0.000223,0,-0.4,0.988430493274,0,/workspace/exp/natural_qd_push/n02_curiosity_20260703_070921_UTC/live/curiosity_g10/seed_1001/openai_gpt-oss-120b/VerilogEval-Spec-to-RTL/Prob135_m2014_q6b/Gen0/Prob135_m2014_q6b_sample3_initial,
curiosity_g10,VerilogEval-Spec-to-RTL,Prob135_m2014_q6b,combinational,0,1a7f9139-fa97-427c-9afe-5f9ac3a33df2,initial,generation_log,0.196143497758,0.294215246637,7,2.58e-06,0,5,0.000223,0,-0.4,0.988430493274,0,/workspace/exp/natural_qd_push/n02_curiosity_20260703_070921_UTC/live/curiosity_g10/seed_1001/openai_gpt-oss-120b/VerilogEval-Spec-to-RTL/Prob135_m2014_q6b/Gen0/Prob135_m2014_q6b_sample4_initial,
curiosity_g10,VerilogEval-Spec-to-RTL,Prob135_m2014_q6b,combinational,0,d1840887-d189-48f7-9d8d-c20d69351b7f,initial,generation_log,0.263617339312,0.395426008969,6,2.04e-06,0,5,0.000223,0,-0.2,0.990852017937,0,/workspace/exp/natural_qd_push/n02_curiosity_20260703_070921_UTC/live/curiosity_g10/seed_1001/openai_gpt-oss-120b/VerilogEval-Spec-to-RTL/Prob135_m2014_q6b/Gen0/Prob135_m2014_q6b_sample6_initial,
curiosity_g10,VerilogEval-Spec-to-RTL,Prob135_m2014_q6b,combinational,0,37465c41-a5ec-4ab8-89a3-5919178a9dc1,initial,generation_log,0.196143497758,0.294215246637,7,2.58e-06,0,5,0.000223,0,-0.4,0.988430493274,0,/workspace/exp/natural_qd_push/n02_curiosity_20260703_070921_UTC/live/curiosity_g10/seed_1001/openai_gpt-oss-120b/VerilogEval-Spec-to-RTL/Prob135_m2014_q6b/Gen0/Prob135_m2014_q6b_sample8_initial,
curiosity_g10,VerilogEval-Spec-to-RTL,Prob135_m2014_q6b,combinational,1,cfebed60-bf99-4bda-b97d-03951b431937,M-E,generation_log,0.263617339312,0.395426008969,6,2.04e-06,0,5,0.000223,0,-0.2,0.990852017937,0,/workspace/exp/natural_qd_push/n02_curiosity_20260703_070921_UTC/live/curiosity_g10/seed_1001/openai_gpt-oss-120b/VerilogEval-Spec-to-RTL/Prob135_m2014_q6b/Gen1/Prob135_m2014_q6b_sample1_M-E,
curiosity_g10,VerilogEval-Spec-to-RTL,Prob135_m2014_q6b,combinational,1,ec49bbb1-f3b1-4fd7-9bdc-659e91f36dbf,M-R,generation_log,0.263617339312,0.395426008969,6,2.04e-06,0,5,0.000223,0,-0.2,0.990852017937,0,/workspace/exp/natural_qd_push/n02_curiosity_20260703_070921_UTC/live/curiosity_g10/seed_1001/openai_gpt-oss-120b/VerilogEval-Spec-to-RTL/Prob135_m2014_q6b/Gen1/Prob135_m2014_q6b_sample2_M-R,
curiosity_g10,VerilogEval-Spec-to-RTL,Prob135_m2014_q6b,combinational,1,cbe42505-e0a0-4597-8b7a-ab87bf58111d,M-E,generation_log,0.26312406577,0.394686098655,6,2.37e-06,0,5,0.000223,0,-0.2,0.989372197309,0,/workspace/exp/natural_qd_push/n02_curiosity_20260703_070921_UTC/live/curiosity_g10/seed_1001/openai_gpt-oss-120b/VerilogEval-Spec-to-RTL/Prob135_m2014_q6b/Gen1/Prob135_m2014_q6b_sample3_M-E,
curiosity_g10,VerilogEval-Spec-to-RTL,Prob135_m2014_q6b,combinational,1,71907d2f-38c6-4465-96ad-2d01a49ab226,M-S,generation_log,0.196143497758,0.294215246637,7,2.58e-06,0,5,0.000223,0,-0.4,0.988430493274,0,/workspace/exp/natural_qd_push/n02_curiosity_20260703_070921_UTC/live/curiosity_g10/seed_1001/openai_gpt-oss-120b/VerilogEval-Spec-to-RTL/Prob135_m2014_q6b/Gen1/Prob135_m2014_q6b_sample4_M-S,
curiosity_g10,VerilogEval-Spec-to-RTL,Prob135_m2014_q6b,combinational,1,cbb939da-a9f9-425a-a546-aa88ac38831f,M-R,generation_log,0.196143497758,0.294215246637,7,2.58e-06,0,5,0.000223,0,-0.4,0.988430493274,0,/workspace/exp/natural_qd_push/n02_curiosity_20260703_070921_UTC/live/curiosity_g10/seed_1001/openai_gpt-oss-120b/VerilogEval-Spec-to-RTL/Prob135_m2014_q6b/Gen1/Prob135_m2014_q6b_sample5_M-R,
curiosity_g10,VerilogEval-Spec-to-RTL,Prob135_m2014_q6b,combinational,1,f1f02a96-e879-4147-a639-2b03608c55cc,M-I,generation_log,0.196143497758,0.294215246637,7,2.58e-06,0,5,0.000223,0,-0.4,0.988430493274,0,/workspace/exp/natural_qd_push/n02_curiosity_20260703_070921_UTC/live/curiosity_g10/seed_1001/openai_gpt-oss-120b/VerilogEval-Spec-to-RTL/Prob135_m2014_q6b/Gen1/Prob135_m2014_q6b_sample6_M-I,
curiosity_g10,VerilogEval-Spec-to-RTL,Prob135_m2014_q6b,combinational,1,7aa53e97-5c56-4ae4-8ad0-3c12ff7bc052,M-E,generation_log,0.26312406577,0.394686098655,6,2.37e-06,0,5,0.000223,0,-0.2,0.989372197309,0,/workspace/exp/natural_qd_push/n02_curiosity_20260703_070921_UTC/live/curiosity_g10/seed_1001/openai_gpt-oss-120b/VerilogEval-Spec-to-RTL/Prob135_m2014_q6b/Gen1/Prob135_m2014_q6b_sample7_M-E,
curiosity_g10,VerilogEval-Spec-to-RTL,Prob135_m2014_q6b,combinational,1,4a60d085-e714-49b6-80c6-b36001adbbd0,M-S,generation_log,0.263617339312,0.395426008969,6,2.04e-06,0,5,0.000223,0,-0.2,0.990852017937,0,/workspace/exp/natural_qd_push/n02_curiosity_20260703_070921_UTC/live/curiosity_g10/seed_1001/openai_gpt-oss-120b/VerilogEval-Spec-to-RTL/Prob135_m2014_q6b/Gen1/Prob135_m2014_q6b_sample8_M-S,
curiosity_g10,VerilogEval-Spec-to-RTL,Prob135_m2014_q6b,combinational,2,9eb2f71e-3e6f-4125-9ace-80d602031482,C-F,generation_log,0.196143497758,0.294215246637,7,2.58e-06,0,5,0.000223,0,-0.4,0.988430493274,0,/workspace/exp/natural_qd_push/n02_curiosity_20260703_070921_UTC/live/curiosity_g10/seed_1001/openai_gpt-oss-120b/VerilogEval-Spec-to-RTL/Prob135_m2014_q6b/Gen2/Prob135_m2014_q6b_sample1_C-F,
curiosity_g10,VerilogEval-Spec-to-RTL,Prob135_m2014_q6b,combinational,2,7a8b0fc8-35e0-4f6a-a78c-6cb1a37cc7ef,C-F,generation_log,0.196143497758,0.294215246637,7,2.58e-06,0,5,0.000223,0,-0.4,0.988430493274,0,/workspace/exp/natural_qd_push/n02_curiosity_20260703_070921_UTC/live/curiosity_g10/seed_1001/openai_gpt-oss-120b/VerilogEval-Spec-to-RTL/Prob135_m2014_q6b/Gen2/Prob135_m2014_q6b_sample2_C-F,
curiosity_g10,VerilogEval-Spec-to-RTL,Prob135_m2014_q6b,combinational,2,c64dd82e-4791-4058-86ca-2096e7064d17,C-F,generation_log,0.196143497758,0.294215246637,7,2.58e-06,0,5,0.000223,0,-0.4,0.988430493274,0,/workspace/exp/natural_qd_push/n02_curiosity_20260703_070921_UTC/live/curiosity_g10/seed_1001/openai_gpt-oss-120b/VerilogEval-Spec-to-RTL/Prob135_m2014_q6b/Gen2/Prob135_m2014_q6b_sample3_C-F,
curiosity_g10,VerilogEval-Spec-to-RTL,Prob135_m2014_q6b,combinational,2,216da1a4-5053-4074-8c10-37388c7bcba0,M-E,generation_log,0.194917787743,0.292376681614,7,3.4e-06,0,5,0.000223,0,-0.4,0.984753363229,0,/workspace/exp/natural_qd_push/n02_curiosity_20260703_070921_UTC/live/curiosity_g10/seed_1001/openai_gpt-oss-120b/VerilogEval-Spec-to-RTL/Prob135_m2014_q6b/Gen2/Prob135_m2014_q6b_sample4_M-E,
curiosity_g10,VerilogEval-Spec-to-RTL,Prob135_m2014_q6b,combinational,2,88cde409-494f-4d01-bfb8-9b9ff13934d2,C-F,generation_log,0.263617339312,0.395426008969,6,2.04e-06,0,5,0.000223,0,-0.2,0.990852017937,0,/workspace/exp/natural_qd_push/n02_curiosity_20260703_070921_UTC/live/curiosity_g10/seed_1001/openai_gpt-oss-120b/VerilogEval-Spec-to-RTL/Prob135_m2014_q6b/Gen2/Prob135_m2014_q6b_sample5_C-F,
curiosity_g10,VerilogEval-Spec-to-RTL,Prob135_m2014_q6b,combinational,2,875494a2-8196-466f-aace-058eaef9f160,C-F,generation_log,0.263617339312,0.395426008969,6,2.04e-06,0,5,0.000223,0,-0.2,0.990852017937,0,/workspace/exp/natural_qd_push/n02_curiosity_20260703_070921_UTC/live/curiosity_g10/seed_1001/openai_gpt-oss-120b/VerilogEval-Spec-to-RTL/Prob135_m2014_q6b/Gen2/Prob135_m2014_q6b_sample6_C-F,
curiosity_g10,VerilogEval-Spec-to-RTL,Prob135_m2014_q6b,combinational,2,afb3fb76-2e08-4ec7-8639-d2d6dc9e60f5,C-F,generation_log,0.196143497758,0.294215246637,7,2.58e-06,0,5,0.000223,0,-0.4,0.988430493274,0,/workspace/exp/natural_qd_push/n02_curiosity_20260703_070921_UTC/live/curiosity_g10/seed_1001/openai_gpt-oss-120b/VerilogEval-Spec-to-RTL/Prob135_m2014_q6b/Gen2/Prob135_m2014_q6b_sample7_C-F,
curiosity_g10,VerilogEval-Spec-to-RTL,Prob135_m2014_q6b,combinational,2,8a74fae6-c04b-4933-bded-b8ff6f630033,M-I,generation_log,0.264140508221,0.396210762332,6,1.69e-06,0,5,0.000223,0,-0.2,0.992421524664,0,/workspace/exp/natural_qd_push/n02_curiosity_20260703_070921_UTC/live/curiosity_g10/seed_1001/openai_gpt-oss-120b/VerilogEval-Spec-to-RTL/Prob135_m2014_q6b/Gen2/Prob135_m2014_q6b_sample8_M-I,
curiosity_g10,VerilogEval-Spec-to-RTL,Prob135_m2014_q6b,combinational,3,9ff7f1af-1a63-4e77-904c-a0837cff1c94,M-E,generation_log,0.196143497758,0.294215246637,7,2.58e-06,0,5,0.000223,0,-0.4,0.988430493274,0,/workspace/exp/natural_qd_push/n02_curiosity_20260703_070921_UTC/live/curiosity_g10/seed_1001/openai_gpt-oss-120b/VerilogEval-Spec-to-RTL/Prob135_m2014_q6b/Gen3/Prob135_m2014_q6b_sample1_M-E,
curiosity_g10,VerilogEval-Spec-to-RTL,Prob135_m2014_q6b,combinational,3,52c0f568-5a7e-4c1b-894f-6ea31fccc371,M-I,generation_log,0.196143497758,0.294215246637,7,2.58e-06,0,5,0.000223,0,-0.4,0.988430493274,0,/workspace/exp/natural_qd_push/n02_curiosity_20260703_070921_UTC/live/curiosity_g10/seed_1001/openai_gpt-oss-120b/VerilogEval-Spec-to-RTL/Prob135_m2014_q6b/Gen3/Prob135_m2014_q6b_sample2_M-I,
curiosity_g10,VerilogEval-Spec-to-RTL,Prob135_m2014_q6b,combinational,3,84ab8ad5-19e8-4245-a2de-60e826311a1c,C-F,generation_log,0.263617339312,0.395426008969,6,2.04e-06,0,5,0.000223,0,-0.2,0.990852017937,0,/workspace/exp/natural_qd_push/n02_curiosity_20260703_070921_UTC/live/curiosity_g10/seed_1001/openai_gpt-oss-120b/VerilogEval-Spec-to-RTL/Prob135_m2014_q6b/Gen3/Prob135_m2014_q6b_sample3_C-F,
curiosity_g10,VerilogEval-Spec-to-RTL,Prob135_m2014_q6b,combinational,3,6297b03f-20c8-49a2-b3c8-f2cfff8177f7,M-R,generation_log,0.263617339312,0.395426008969,6,2.04e-06,0,5,0.000223,0,-0.2,0.990852017937,0,/workspace/exp/natural_qd_push/n02_curiosity_20260703_070921_UTC/live/curiosity_g10/seed_1001/openai_gpt-oss-120b/VerilogEval-Spec-to-RTL/Prob135_m2014_q6b/Gen3/Prob135_m2014_q6b_sample4_M-R,
curiosity_g10,VerilogEval-Spec-to-RTL,Prob135_m2014_q6b,combinational,3,8bf1ffa2-f901-4667-ac00-bfbd99fd0809,C-F,generation_log,0.263617339312,0.395426008969,6,2.04e-06,0,5,0.000223,0,-0.2,0.990852017937,0,/workspace/exp/natural_qd_push/n02_curiosity_20260703_070921_UTC/live/curiosity_g10/seed_1001/openai_gpt-oss-120b/VerilogEval-Spec-to-RTL/Prob135_m2014_q6b/Gen3/Prob135_m2014_q6b_sample5_C-F,
curiosity_g10,VerilogEval-Spec-to-RTL,Prob135_m2014_q6b,combinational,3,e7373151-fa98-4979-a52a-a4068f503038,M-S,generation_log,0.196143497758,0.294215246637,7,2.58e-06,0,5,0.000223,0,-0.4,0.988430493274,0,/workspace/exp/natural_qd_push/n02_curiosity_20260703_070921_UTC/live/curiosity_g10/seed_1001/openai_gpt-oss-120b/VerilogEval-Spec-to-RTL/Prob135_m2014_q6b/Gen3/Prob135_m2014_q6b_sample6_M-S,
curiosity_g10,VerilogEval-Spec-to-RTL,Prob135_m2014_q6b,combinational,3,84703524-6328-404e-ace1-ce8974d15e23,C-F,generation_log,0.263617339312,0.395426008969,6,2.04e-06,0,5,0.000223,0,-0.2,0.990852017937,0,/workspace/exp/natural_qd_push/n02_curiosity_20260703_070921_UTC/live/curiosity_g10/seed_1001/openai_gpt-oss-120b/VerilogEval-Spec-to-RTL/Prob135_m2014_q6b/Gen3/Prob135_m2014_q6b_sample8_C-F,
curiosity_g10,VerilogEval-Spec-to-RTL,Prob135_m2014_q6b,combinational,4,e0c81025-4ff0-4289-ba6c-c1beafe7d0ef,M-S,generation_log,0.263617339312,0.395426008969,6,2.04e-06,0,5,0.000223,0,-0.2,0.990852017937,0,/workspace/exp/natural_qd_push/n02_curiosity_20260703_070921_UTC/live/curiosity_g10/seed_1001/openai_gpt-oss-120b/VerilogEval-Spec-to-RTL/Prob135_m2014_q6b/Gen4/Prob135_m2014_q6b_sample1_M-S,
curiosity_g10,VerilogEval-Spec-to-RTL,Prob135_m2014_q6b,combinational,4,d51de975-1060-4dd0-8a50-2e822ebf4741,M-R,generation_log,0.263617339312,0.395426008969,6,2.04e-06,0,5,0.000223,0,-0.2,0.990852017937,0,/workspace/exp/natural_qd_push/n02_curiosity_20260703_070921_UTC/live/curiosity_g10/seed_1001/openai_gpt-oss-120b/VerilogEval-Spec-to-RTL/Prob135_m2014_q6b/Gen4/Prob135_m2014_q6b_sample2_M-R,
curiosity_g10,VerilogEval-Spec-to-RTL,Prob135_m2014_q6b,combinational,4,5aa18e6b-833d-422d-91e0-ca8ad04169f3,C-F,generation_log,0.263617339312,0.395426008969,6,2.04e-06,0,5,0.000223,0,-0.2,0.990852017937,0,/workspace/exp/natural_qd_push/n02_curiosity_20260703_070921_UTC/live/curiosity_g10/seed_1001/openai_gpt-oss-120b/VerilogEval-Spec-to-RTL/Prob135_m2014_q6b/Gen4/Prob135_m2014_q6b_sample3_C-F,
curiosity_g10,VerilogEval-Spec-to-RTL,Prob135_m2014_q6b,combinational,4,31a37a1c-10c1-4d89-aaac-a702c0ef23f4,C-F,generation_log,0.263617339312,0.395426008969,6,2.04e-06,0,5,0.000223,0,-0.2,0.990852017937,0,/workspace/exp/natural_qd_push/n02_curiosity_20260703_070921_UTC/live/curiosity_g10/seed_1001/openai_gpt-oss-120b/VerilogEval-Spec-to-RTL/Prob135_m2014_q6b/Gen4/Prob135_m2014_q6b_sample4_C-F,
curiosity_g10,VerilogEval-Spec-to-RTL,Prob135_m2014_q6b,combinational,4,26d0953e-e211-40fe-bdd7-58006e29cba1,C-F,generation_log,0.263617339312,0.395426008969,6,2.04e-06,0,5,0.000223,0,-0.2,0.990852017937,0,/workspace/exp/natural_qd_push/n02_curiosity_20260703_070921_UTC/live/curiosity_g10/seed_1001/openai_gpt-oss-120b/VerilogEval-Spec-to-RTL/Prob135_m2014_q6b/Gen4/Prob135_m2014_q6b_sample5_C-F,
curiosity_g10,VerilogEval-Spec-to-RTL,Prob135_m2014_q6b,combinational,4,adcc3190-3dd2-4678-a088-9f1974cd8242,C-F,generation_log,0.196143497758,0.294215246637,7,2.58e-06,0,5,0.000223,0,-0.4,0.988430493274,0,/workspace/exp/natural_qd_push/n02_curiosity_20260703_070921_UTC/live/curiosity_g10/seed_1001/openai_gpt-oss-120b/VerilogEval-Spec-to-RTL/Prob135_m2014_q6b/Gen4/Prob135_m2014_q6b_sample6_C-F,
curiosity_g10,VerilogEval-Spec-to-RTL,Prob135_m2014_q6b,combinational,4,a9d0e46d-68ea-44e0-a15b-0bf149b2cec9,M-E,generation_log,0.263617339312,0.395426008969,6,2.04e-06,0,5,0.000223,0,-0.2,0.990852017937,0,/workspace/exp/natural_qd_push/n02_curiosity_20260703_070921_UTC/live/curiosity_g10/seed_1001/openai_gpt-oss-120b/VerilogEval-Spec-to-RTL/Prob135_m2014_q6b/Gen4/Prob135_m2014_q6b_sample7_M-E,
curiosity_g10,VerilogEval-Spec-to-RTL,Prob135_m2014_q6b,combinational,4,f9f3467c-3e86-41fe-b06a-1a3bc64822fa,M-I,generation_log,0.263617339312,0.395426008969,6,2.04e-06,0,5,0.000223,0,-0.2,0.990852017937,0,/workspace/exp/natural_qd_push/n02_curiosity_20260703_070921_UTC/live/curiosity_g10/seed_1001/openai_gpt-oss-120b/VerilogEval-Spec-to-RTL/Prob135_m2014_q6b/Gen4/Prob135_m2014_q6b_sample8_M-I,
curiosity_g10,VerilogEval-Spec-to-RTL,Prob135_m2014_q6b,combinational,5,925a1cb5-0e36-4ae6-a61b-7b5044bc5146,M-E,generation_log,0.26312406577,0.394686098655,6,2.37e-06,0,5,0.000223,0,-0.2,0.989372197309,0,/workspace/exp/natural_qd_push/n02_curiosity_20260703_070921_UTC/live/curiosity_g10/seed_1001/openai_gpt-oss-120b/VerilogEval-Spec-to-RTL/Prob135_m2014_q6b/Gen5/Prob135_m2014_q6b_sample1_M-E,
curiosity_g10,VerilogEval-Spec-to-RTL,Prob135_m2014_q6b,combinational,5,8d0952e0-26de-4d93-90a8-af7ceb705d2b,C-F,generation_log,0.264140508221,0.396210762332,6,1.69e-06,0,5,0.000223,0,-0.2,0.992421524664,0,/workspace/exp/natural_qd_push/n02_curiosity_20260703_070921_UTC/live/curiosity_g10/seed_1001/openai_gpt-oss-120b/VerilogEval-Spec-to-RTL/Prob135_m2014_q6b/Gen5/Prob135_m2014_q6b_sample2_C-F,
curiosity_g10,VerilogEval-Spec-to-RTL,Prob135_m2014_q6b,combinational,5,ae2b86e2-82fb-4308-92f2-2b16d9ef26de,C-F,generation_log,0.196143497758,0.294215246637,7,2.58e-06,0,5,0.000223,0,-0.4,0.988430493274,0,/workspace/exp/natural_qd_push/n02_curiosity_20260703_070921_UTC/live/curiosity_g10/seed_1001/openai_gpt-oss-120b/VerilogEval-Spec-to-RTL/Prob135_m2014_q6b/Gen5/Prob135_m2014_q6b_sample3_C-F,
curiosity_g10,VerilogEval-Spec-to-RTL,Prob135_m2014_q6b,combinational,5,01d4a4af-2c89-4b03-b7e7-ed10ff962b98,M-I,generation_log,0.196143497758,0.294215246637,7,2.58e-06,0,5,0.000223,0,-0.4,0.988430493274,0,/workspace/exp/natural_qd_push/n02_curiosity_20260703_070921_UTC/live/curiosity_g10/seed_1001/openai_gpt-oss-120b/VerilogEval-Spec-to-RTL/Prob135_m2014_q6b/Gen5/Prob135_m2014_q6b_sample4_M-I,
curiosity_g10,VerilogEval-Spec-to-RTL,Prob135_m2014_q6b,combinational,5,e747b293-dc16-4826-bf77-2bccf4f8dfcd,M-R,generation_log,0.263617339312,0.395426008969,6,2.04e-06,0,5,0.000223,0,-0.2,0.990852017937,0,/workspace/exp/natural_qd_push/n02_curiosity_20260703_070921_UTC/live/curiosity_g10/seed_1001/openai_gpt-oss-120b/VerilogEval-Spec-to-RTL/Prob135_m2014_q6b/Gen5/Prob135_m2014_q6b_sample5_M-R,
curiosity_g10,VerilogEval-Spec-to-RTL,Prob135_m2014_q6b,combinational,5,dbc1830f-f35d-4f57-a2e6-9f9ca39a4b2d,M-S,generation_log,0.263617339312,0.395426008969,6,2.04e-06,0,5,0.000223,0,-0.2,0.990852017937,0,/workspace/exp/natural_qd_push/n02_curiosity_20260703_070921_UTC/live/curiosity_g10/seed_1001/openai_gpt-oss-120b/VerilogEval-Spec-to-RTL/Prob135_m2014_q6b/Gen5/Prob135_m2014_q6b_sample6_M-S,
curiosity_g10,VerilogEval-Spec-to-RTL,Prob135_m2014_q6b,combinational,5,7a9e2907-e44b-4bdc-96a0-6938f92a22fa,M-I,generation_log,0.263617339312,0.395426008969,6,2.04e-06,0,5,0.000223,0,-0.2,0.990852017937,0,/workspace/exp/natural_qd_push/n02_curiosity_20260703_070921_UTC/live/curiosity_g10/seed_1001/openai_gpt-oss-120b/VerilogEval-Spec-to-RTL/Prob135_m2014_q6b/Gen5/Prob135_m2014_q6b_sample7_M-I,
curiosity_g10,VerilogEval-Spec-to-RTL,Prob135_m2014_q6b,combinational,5,205e37cd-da51-4f6b-ab2f-10f15fadf644,M-I,generation_log,0.196143497758,0.294215246637,7,2.58e-06,0,5,0.000223,0,-0.4,0.988430493274,0,/workspace/exp/natural_qd_push/n02_curiosity_20260703_070921_UTC/live/curiosity_g10/seed_1001/openai_gpt-oss-120b/VerilogEval-Spec-to-RTL/Prob135_m2014_q6b/Gen5/Prob135_m2014_q6b_sample8_M-I,
